draw,mode,control,target,observed_q5,bootstrap_q5,q5_shift,observed_baseline_q5,bootstrap_baseline_q5,observed_conditioning_movement,bootstrap_conditioning_movement,conditioning_movement_shift,observed_shortfall_z_coefficient,bootstrap_shortfall_z_coefficient,shortfall_z_coefficient_shift,observed_shortfall_raw_coefficient,bootstrap_shortfall_raw_coefficient,support_occupations,occupations_reclassified,shortfall_weighted_mean,shortfall_weighted_sd,fit_iterations,baseline_iterations,shortfall_raw_coefficient_shift
251,fixed_shortfalls_fixed_labels,total,pooled,-0.16377116430786862,-0.17535003861114404,-0.011578874303275422,-0.16416781512267428,-0.17698193026332826,0.0003966508148056658,0.0016318916521842197,0.001235240837378554,0.0011366840378451543,0.004695642210659247,0.0035589581728140925,0.006380345985753297,0.026357211794853022,363,2,0.06170076814319721,0.17815398105106858,5,5,0.019976865809099725
251,fixed_shortfalls_fixed_labels,total,family_month,-0.08757516874077126,-0.059302415616240826,0.028272753124530432,-0.08707653255014933,-0.0578099378169734,-0.0004986361906219317,-0.001492477799267429,-0.0009938416086454974,0.0007879175334437423,0.002241216700279112,0.0014532991668353696,0.004422677106597368,0.012580222384346593,363,2,0.06170076814319721,0.17815398105106858,6,6,0.008157545277749225
251,fixed_shortfalls_fixed_labels,total,family_month_minus_pooled,0.07619599556709736,0.1160476229949032,0.03985162742780585,0.07709128257252496,0.11917199244635486,-0.0008952870054275974,-0.0031243694514516557,-0.0022290824460240583,-0.00034876650440141205,-0.002454425510380135,-0.002105659005978723,-0.001957668879155929,-0.013776989410506429,363,2,0.06170076814319721,0.17815398105106858,6,6,-0.0118193205313505
251,fixed_shortfalls_fixed_labels,young_relative,pooled,-0.16302713404283437,-0.17600746975256404,-0.012980335709729673,-0.16416781512267428,-0.17698193026332826,0.001140681079839917,0.000974460510764219,-0.00016622056907569793,-0.007915802788313398,-0.006575800762293701,0.0013400020260196975,-0.20750767833248854,-0.1723803871636513,363,2,-0.0004626710527536109,0.03814703557923262,5,5,0.03512729116883723
251,fixed_shortfalls_fixed_labels,young_relative,family_month,-0.08095036094304571,-0.052283414127374556,0.028666946815671154,-0.08707653255014933,-0.0578099378169734,0.006126171607103617,0.005526523689598842,-0.0005996479175047753,-0.013489387901370265,-0.013181027567609348,0.00030836033376091705,-0.35361562691686416,-0.345532159117107,363,2,-0.0004626710527536109,0.03814703557923262,6,6,0.00808346779975716
251,fixed_shortfalls_fixed_labels,young_relative,family_month_minus_pooled,0.08207677309978866,0.12372405562518948,0.04164728252540083,0.07709128257252496,0.11917199244635486,0.0049854905272637,0.004552063178834623,-0.0004334273484290774,-0.005573585113056867,-0.006605226805315647,-0.0010316416922587805,-0.1461079485843756,-0.17315177195345569,363,2,-0.0004626710527536109,0.03814703557923262,6,6,-0.027043823369080094
251,regenerated_shortfalls_fixed_labels,total,pooled,-0.16377116430786862,-0.1763728860434573,-0.012601721735588683,-0.16416781512267428,-0.17698193026332826,0.0003966508148056658,0.0006090442198709578,0.00021239340506529203,0.0011366840378451543,0.005808557023360498,0.0046718729855153435,0.006380345985753297,0.027561721506634898,363,2,0.07404488777796119,0.21074725038355138,5,5,0.0211813755208816
251,regenerated_shortfalls_fixed_labels,total,family_month,-0.08757516874077126,-0.061461953869884935,0.026113214870886324,-0.08707653255014933,-0.0578099378169734,-0.0004986361906219317,-0.0036520160529115372,-0.0031533798622896056,0.0007879175334437423,0.004185957403181065,0.0033980398697373224,0.004422677106597368,0.01986245322566626,363,2,0.07404488777796119,0.21074725038355138,6,6,0.01543977611906889
251,regenerated_shortfalls_fixed_labels,total,family_month_minus_pooled,0.07619599556709736,0.11491093217357237,0.038714936606475014,0.07709128257252496,0.11917199244635486,-0.0008952870054275974,-0.004261060272782488,-0.0033657732673548907,-0.00034876650440141205,-0.0016225996201794336,-0.0012738331157780215,-0.001957668879155929,-0.007699268280968642,363,2,0.07404488777796119,0.21074725038355138,6,6,-0.005741599401812713
251,regenerated_shortfalls_fixed_labels,young_relative,pooled,-0.16302713404283437,-0.17810465918669868,-0.015077525143864318,-0.16416781512267428,-0.17698193026332826,0.001140681079839917,-0.0011227289233704252,-0.002263410003210342,-0.007915802788313398,0.016146102347115426,0.024061905135428822,-0.20750767833248854,0.344666982285398,363,2,-4.362864675743447e-05,0.04684551516961323,5,5,0.5521746606178866
251,regenerated_shortfalls_fixed_labels,young_relative,family_month,-0.08095036094304571,-0.06452414419605304,0.01642621674699267,-0.08707653255014933,-0.0578099378169734,0.006126171607103617,-0.006714206379079643,-0.01284037798618326,-0.013489387901370265,0.009931809282706913,0.02342119718407718,-0.35361562691686416,0.21201195561083874,363,2,-4.362864675743447e-05,0.04684551516961323,6,6,0.5656275825277028
251,regenerated_shortfalls_fixed_labels,young_relative,family_month_minus_pooled,0.08207677309978866,0.11358051499064564,0.03150374189085699,0.07709128257252496,0.11917199244635486,0.0049854905272637,-0.005591477455709218,-0.010576967982972918,-0.005573585113056867,-0.0062142930644085125,-0.0006407079513516458,-0.1461079485843756,-0.13265502667455922,363,2,-4.362864675743447e-05,0.04684551516961323,6,6,0.013452921909816368
251,regenerated_shortfalls_and_labels,total,pooled,-0.16377116430786862,-0.17633307645093166,-0.012561912143063042,-0.16416781512267428,-0.17695789732111095,0.0003966508148056658,0.0006248208701792879,0.00022817005537362212,0.0011366840378451543,0.005974871335859766,0.004838187298014612,0.006380345985753297,0.028350886310429882,363,2,0.07404488777796119,0.21074725038355138,5,5,0.021970540324676584
251,regenerated_shortfalls_and_labels,total,family_month,-0.08757516874077126,-0.05982234543212222,0.02775282330864904,-0.08707653255014933,-0.05613017067434698,-0.0004986361906219317,-0.003692174757775238,-0.003193538567153306,0.0007879175334437423,0.004191872144216288,0.003403954610772546,0.004422677106597368,0.019890518792474172,363,2,0.07404488777796119,0.21074725038355138,6,6,0.015467841685876805
251,regenerated_shortfalls_and_labels,total,family_month_minus_pooled,0.07619599556709736,0.11651073101880943,0.040314735451712075,0.07709128257252496,0.12082772664676397,-0.0008952870054275974,-0.00431699562795454,-0.003421708622526942,-0.00034876650440141205,-0.0017829991916434775,-0.0014342326872420655,-0.001957668879155929,-0.008460367517955711,363,2,0.07404488777796119,0.21074725038355138,6,6,-0.006502698638799782
251,regenerated_shortfalls_and_labels,young_relative,pooled,-0.16302713404283437,-0.17808060965410327,-0.015053475611268907,-0.16416781512267428,-0.17695789732111095,0.001140681079839917,-0.001122712332992326,-0.002263393412832243,-0.007915802788313398,0.016165846900424996,0.024081649688738396,-0.20750767833248854,0.3450884645391011,363,2,-4.362864675743447e-05,0.04684551516961323,5,5,0.5525961428715896
251,regenerated_shortfalls_and_labels,young_relative,family_month,-0.08095036094304571,-0.06277514953770112,0.018175211405344588,-0.08707653255014933,-0.05613017067434698,0.006126171607103617,-0.006644978863354141,-0.012771150470457758,-0.013489387901370265,0.010020775554413199,0.023510163455783464,-0.35361562691686416,0.21391109731915736,363,2,-4.362864675743447e-05,0.04684551516961323,6,6,0.5675267242360216
251,regenerated_shortfalls_and_labels,young_relative,family_month_minus_pooled,0.08207677309978866,0.11530546011640215,0.033228687016613495,0.07709128257252496,0.12082772664676397,0.0049854905272637,-0.005522266530361822,-0.010507757057625522,-0.005573585113056867,-0.0061450713460117976,-0.0005714862329549309,-0.1461079485843756,-0.1311773672199437,363,2,-4.362864675743447e-05,0.04684551516961323,6,6,0.0149305813644319
252,fixed_shortfalls_fixed_labels,total,pooled,-0.16377116430786862,-0.18705056117001498,-0.023279396862146362,-0.16416781512267428,-0.1929092543672222,0.0003966508148056658,0.005858693197207221,0.005462042382401555,0.0011366840378451543,0.016178954524285433,0.015042270486440279,0.006380345985753297,0.09081444281420614,363,1,0.06170076814319721,0.17815398105106858,5,5,0.08443409682845285
252,fixed_shortfalls_fixed_labels,total,family_month,-0.08757516874077126,-0.17946698576986767,-0.0918918170290964,-0.08707653255014933,-0.1679986907502541,-0.0004986361906219317,-0.011468295019613578,-0.010969658828991646,0.0007879175334437423,0.017557212211040455,0.016769294677596712,0.004422677106597368,0.09855077112201947,363,1,0.06170076814319721,0.17815398105106858,6,6,0.0941280940154221
252,fixed_shortfalls_fixed_labels,total,family_month_minus_pooled,0.07619599556709736,0.007583575400147313,-0.06861242016695004,0.07709128257252496,0.024910563616968112,-0.0008952870054275974,-0.0173269882168208,-0.0164317012113932,-0.00034876650440141205,0.0013782576867550217,0.0017270241911564337,-0.001957668879155929,0.007736328307813331,363,1,0.06170076814319721,0.17815398105106858,6,6,0.00969399718696926
252,fixed_shortfalls_fixed_labels,young_relative,pooled,-0.16302713404283437,-0.19233263403580086,-0.0293054999929665,-0.16416781512267428,-0.1929092543672222,0.001140681079839917,0.0005766203314213347,-0.0005640607484185822,-0.007915802788313398,-0.0035674646551719703,0.004348338133141429,-0.20750767833248854,-0.09351879119839421,363,1,-0.0004626710527536109,0.03814703557923262,5,5,0.11398888713409433
252,fixed_shortfalls_fixed_labels,young_relative,family_month,-0.08095036094304571,-0.16378386017186747,-0.08283349922882176,-0.08707653255014933,-0.1679986907502541,0.006126171607103617,0.004214830578386619,-0.001911341028716998,-0.013489387901370265,-0.00978553399312957,0.0037038539082406945,-0.35361562691686416,-0.2565214791803337,363,1,-0.0004626710527536109,0.03814703557923262,6,6,0.09709414773653047
252,fixed_shortfalls_fixed_labels,young_relative,family_month_minus_pooled,0.08207677309978866,0.028548773863933397,-0.05352799923585526,0.07709128257252496,0.024910563616968112,0.0049854905272637,0.0036382102469652844,-0.0013472802802984157,-0.005573585113056867,-0.006218069337957601,-0.0006444842249007342,-0.1461079485843756,-0.1630026879819395,363,1,-0.0004626710527536109,0.03814703557923262,6,6,-0.016894739397563918
252,regenerated_shortfalls_fixed_labels,total,pooled,-0.16377116430786862,-0.1894951996355275,-0.02572403532765888,-0.16416781512267428,-0.1929092543672222,0.0003966508148056658,0.0034140547316947045,0.0030174039168890388,0.0011366840378451543,0.012052426130233478,0.010915742092388324,0.006380345985753297,0.05535655145389508,363,1,0.06762105621395065,0.2177235722545254,5,5,0.048976205468141784
252,regenerated_shortfalls_fixed_labels,total,family_month,-0.08757516874077126,-0.17462637175858917,-0.08705120301781791,-0.08707653255014933,-0.1679986907502541,-0.0004986361906219317,-0.006627681008335079,-0.006129044817713147,0.0007879175334437423,0.00882971996662934,0.0080418024331856,0.004422677106597368,0.040554726689433204,363,1,0.06762105621395065,0.2177235722545254,6,6,0.036132049582835835
252,regenerated_shortfalls_fixed_labels,total,family_month_minus_pooled,0.07619599556709736,0.014868827876938329,-0.06132716769015903,0.07709128257252496,0.024910563616968112,-0.0008952870054275974,-0.010041735740029784,-0.009146448734602186,-0.00034876650440141205,-0.0032227061636041377,-0.0028739396592027257,-0.001957668879155929,-0.01480182476446187,363,1,0.06762105621395065,0.2177235722545254,6,6,-0.01284415588530594
252,regenerated_shortfalls_fixed_labels,young_relative,pooled,-0.16302713404283437,-0.19305096972145216,-0.0300238356786178,-0.16416781512267428,-0.1929092543672222,0.001140681079839917,-0.0001417153542299654,-0.0012823964340698824,-0.007915802788313398,-0.013853565803947353,-0.005937763015633955,-0.20750767833248854,-0.28746574688285476,363,1,0.0009868345509090857,0.04819205750309036,5,5,-0.07995806855036622
252,regenerated_shortfalls_fixed_labels,young_relative,family_month,-0.08095036094304571,-0.16173832221398468,-0.08078796127093897,-0.08707653255014933,-0.1679986907502541,0.006126171607103617,0.006260368536269406,0.00013419692916578907,-0.013489387901370265,-0.01808433003915282,-0.004594942137782554,-0.35361562691686416,-0.3752554046482275,363,1,0.0009868345509090857,0.04819205750309036,6,6,-0.02163977773136333
252,regenerated_shortfalls_fixed_labels,young_relative,family_month_minus_pooled,0.08207677309978866,0.031312647507467484,-0.05076412559232117,0.07709128257252496,0.024910563616968112,0.0049854905272637,0.0064020838904993715,0.0014165933632356714,-0.005573585113056867,-0.004230764235205466,0.0013428208778514007,-0.1461079485843756,-0.08778965776537274,363,1,0.0009868345509090857,0.04819205750309036,6,6,0.058318290819002847
252,regenerated_shortfalls_and_labels,total,pooled,-0.16377116430786862,-0.18949519963552738,-0.025724035327658767,-0.16416781512267428,-0.19290925436722212,0.0003966508148056658,0.0034140547316947323,0.0030174039168890665,0.0011366840378451543,0.012052426130233496,0.010915742092388341,0.006380345985753297,0.055356551453895154,363,1,0.06762105621395065,0.2177235722545254,5,5,0.04897620546814186
252,regenerated_shortfalls_and_labels,total,family_month,-0.08757516874077126,-0.17462637175858928,-0.08705120301781802,-0.08707653255014933,-0.16799869075025406,-0.0004986361906219317,-0.006627681008335218,-0.006129044817713286,0.0007879175334437423,0.008829719966629365,0.008041802433185623,0.004422677106597368,0.040554726689433315,363,1,0.06762105621395065,0.2177235722545254,6,6,0.036132049582835946
252,regenerated_shortfalls_and_labels,total,family_month_minus_pooled,0.07619599556709736,0.014868827876938107,-0.06132716769015925,0.07709128257252496,0.024910563616968057,-0.0008952870054275974,-0.01004173574002995,-0.009146448734602353,-0.00034876650440141205,-0.0032227061636041308,-0.0028739396592027187,-0.001957668879155929,-0.01480182476446184,363,1,0.06762105621395065,0.2177235722545254,6,6,-0.01284415588530591
252,regenerated_shortfalls_and_labels,young_relative,pooled,-0.16302713404283437,-0.19305096972145214,-0.030023835678617772,-0.16416781512267428,-0.19290925436722212,0.001140681079839917,-0.0001417153542300209,-0.0012823964340699379,-0.007915802788313398,-0.013853565803947327,-0.005937763015633929,-0.20750767833248854,-0.2874657468828542,363,1,0.0009868345509090857,0.04819205750309036,5,5,-0.07995806855036566
252,regenerated_shortfalls_and_labels,young_relative,family_month,-0.08095036094304571,-0.16173832221398496,-0.08078796127093925,-0.08707653255014933,-0.16799869075025406,0.006126171607103617,0.006260368536269101,0.00013419692916548376,-0.013489387901370265,-0.018084330039152823,-0.004594942137782557,-0.35361562691686416,-0.37525540464822754,363,1,0.0009868345509090857,0.04819205750309036,6,6,-0.021639777731363385
252,regenerated_shortfalls_and_labels,young_relative,family_month_minus_pooled,0.08207677309978866,0.03131264750746718,-0.05076412559232148,0.07709128257252496,0.024910563616968057,0.0049854905272637,0.006402083890499122,0.0014165933632354216,-0.005573585113056867,-0.004230764235205495,0.0013428208778513712,-0.1461079485843756,-0.08778965776537336,363,1,0.0009868345509090857,0.04819205750309036,6,6,0.058318290819002236
253,fixed_shortfalls_fixed_labels,total,pooled,-0.16377116430786862,-0.18021866040550147,-0.016447496097632852,-0.16416781512267428,-0.18474109017817578,0.0003966508148056658,0.004522429772674308,0.004125778957868642,0.0011366840378451543,0.013385397036513483,0.012248712998668329,0.006380345985753297,0.07513386429841555,363,1,0.06170076814319721,0.17815398105106858,5,5,0.06875351831266226
253,fixed_shortfalls_fixed_labels,total,family_month,-0.08757516874077126,-0.03881955753909254,0.04875561120167872,-0.08707653255014933,-0.03200622496712122,-0.0004986361906219317,-0.006813332571971316,-0.006314696381349384,0.0007879175334437423,0.011085898313299003,0.010297980779855262,0.004422677106597368,0.062226497818879414,363,1,0.06170076814319721,0.17815398105106858,7,7,0.057803820712282045
253,fixed_shortfalls_fixed_labels,total,family_month_minus_pooled,0.07619599556709736,0.14139910286640894,0.06520310729931159,0.07709128257252496,0.15273486521105456,-0.0008952870054275974,-0.011335762344645617,-0.01044047533921802,-0.00034876650440141205,-0.00229949872321448,-0.001950732218813068,-0.001957668879155929,-0.012907366479536145,363,1,0.06170076814319721,0.17815398105106858,7,7,-0.010949697600380216
253,fixed_shortfalls_fixed_labels,young_relative,pooled,-0.16302713404283437,-0.18389056625003128,-0.020863432207196914,-0.16416781512267428,-0.18474109017817578,0.001140681079839917,0.0008505239281444976,-0.00029015715169541934,-0.007915802788313398,-0.00568800027624398,0.002227802512069418,-0.20750767833248854,-0.14910726849088496,363,1,-0.0004626710527536109,0.03814703557923262,5,5,0.05840040984160358
253,fixed_shortfalls_fixed_labels,young_relative,family_month,-0.08095036094304571,-0.027251383900812255,0.053698977042233455,-0.08707653255014933,-0.03200622496712122,0.006126171607103617,0.004754841066308968,-0.0013713305407946491,-0.013489387901370265,-0.01045894500099203,0.003030442900378235,-0.35361562691686416,-0.2741745155863675,363,1,-0.0004626710527536109,0.03814703557923262,7,7,0.07944111133049664
253,fixed_shortfalls_fixed_labels,young_relative,family_month_minus_pooled,0.08207677309978866,0.15663918234921903,0.07456240924943038,0.07709128257252496,0.15273486521105456,0.0049854905272637,0.0039043171381644703,-0.0010811733890992298,-0.005573585113056867,-0.00477094472474805,0.0008026403883088168,-0.1461079485843756,-0.12506724709548253,363,1,-0.0004626710527536109,0.03814703557923262,7,7,0.02104070148889306
253,regenerated_shortfalls_fixed_labels,total,pooled,-0.16377116430786862,-0.18435959564706483,-0.020588431339196217,-0.16416781512267428,-0.18474109017817578,0.0003966508148056658,0.000381494531110943,-1.5156283694722772e-05,0.0011366840378451543,0.008194709111675401,0.0070580250738302465,0.006380345985753297,0.0367170593587388,363,1,0.04726963774089943,0.22318533277978944,5,5,0.0303367133729855
253,regenerated_shortfalls_fixed_labels,total,family_month,-0.08757516874077126,-0.036069361835928355,0.0515058069048429,-0.08707653255014933,-0.03200622496712122,-0.0004986361906219317,-0.004063136868807132,-0.0035645006781852007,0.0007879175334437423,0.007002851462664778,0.006214933929221036,0.004422677106597368,0.03137684441644868,363,1,0.04726963774089943,0.22318533277978944,7,7,0.026954167309851312
253,regenerated_shortfalls_fixed_labels,total,family_month_minus_pooled,0.07619599556709736,0.14829023381113648,0.07209423824403913,0.07709128257252496,0.15273486521105456,-0.0008952870054275974,-0.004444631399918075,-0.003549344394490478,-0.00034876650440141205,-0.0011918576490106232,-0.0008430911446092111,-0.001957668879155929,-0.005340214942290114,363,1,0.04726963774089943,0.22318533277978944,7,7,-0.003382546063134185
253,regenerated_shortfalls_fixed_labels,young_relative,pooled,-0.16302713404283437,-0.18503519363757912,-0.02200805959474475,-0.16416781512267428,-0.18474109017817578,0.001140681079839917,-0.0002941034594033387,-0.0014347845392432557,-0.007915802788313398,-0.012353616822219101,-0.004437814033905703,-0.20750767833248854,-0.2435107392437033,363,1,0.0008890334003864,0.050731301874352715,5,5,-0.036003060911214774
253,regenerated_shortfalls_fixed_labels,young_relative,family_month,-0.08095036094304571,-0.03274917103694828,0.04820118990609743,-0.08707653255014933,-0.03200622496712122,0.006126171607103617,-0.0007429460698270551,-0.006869117676930672,-0.013489387901370265,-0.013877513337144452,-0.00038812543577418715,-0.35361562691686416,-0.27354932407441823,363,1,0.0008890334003864,0.050731301874352715,7,7,0.08006630284244592
253,regenerated_shortfalls_fixed_labels,young_relative,family_month_minus_pooled,0.08207677309978866,0.15228602260063084,0.07020924950084219,0.07709128257252496,0.15273486521105456,0.0049854905272637,-0.0004488426104237164,-0.0054343331376874165,-0.005573585113056867,-0.001523896514925351,0.004049688598131516,-0.1461079485843756,-0.03003858483071492,363,1,0.0008890334003864,0.050731301874352715,7,7,0.11606936375366067
253,regenerated_shortfalls_and_labels,total,pooled,-0.16377116430786862,-0.18435034756221783,-0.02057918325434921,-0.16416781512267428,-0.18473613872124406,0.0003966508148056658,0.00038579115902623307,-1.0859655779432709e-05,0.0011366840378451543,0.008320388993153299,0.007183704955308144,0.006380345985753297,0.03728017826943309,363,1,0.04726963774089943,0.22318533277978944,5,5,0.030899832283679794
253,regenerated_shortfalls_and_labels,total,family_month,-0.08757516874077126,-0.03293535522003867,0.05463981352073259,-0.08707653255014933,-0.028824919122023736,-0.0004986361906219317,-0.0041104360980149315,-0.003611799907393,0.0007879175334437423,0.007016505264248785,0.006228587730805043,0.004422677106597368,0.03143802138275713,363,1,0.04726963774089943,0.22318533277978944,7,7,0.02701534427615976
253,regenerated_shortfalls_and_labels,total,family_month_minus_pooled,0.07619599556709736,0.15141499234217914,0.07521899677508179,0.07709128257252496,0.15591121959922033,-0.0008952870054275974,-0.004496227257041185,-0.003600940251613588,-0.00034876650440141205,-0.0013038837289045136,-0.0009551172245031016,-0.001957668879155929,-0.005842156886675964,363,1,0.04726963774089943,0.22318533277978944,7,7,-0.0038844880075200347
253,regenerated_shortfalls_and_labels,young_relative,pooled,-0.16302713404283437,-0.1850288908877136,-0.022001756844879233,-0.16416781512267428,-0.18473613872124406,0.001140681079839917,-0.00029275216646953983,-0.0014334332463094568,-0.007915802788313398,-0.012239952324622345,-0.004324149536308946,-0.20750767833248854,-0.24127021922160194,363,1,0.0008890334003864,0.050731301874352715,5,5,-0.0337625408891134
253,regenerated_shortfalls_and_labels,young_relative,family_month,-0.08095036094304571,-0.029781088942360038,0.051169272000685675,-0.08707653255014933,-0.028824919122023736,0.006126171607103617,-0.0009561698203363021,-0.007082341427439919,-0.013489387901370265,-0.013625514543067267,-0.0001361266416970014,-0.35361562691686416,-0.26858200045435193,363,1,0.0008890334003864,0.050731301874352715,7,7,0.08503362646251222
253,regenerated_shortfalls_and_labels,young_relative,family_month_minus_pooled,0.08207677309978866,0.15524780194535356,0.07317102884556491,0.07709128257252496,0.15591121959922033,0.0049854905272637,-0.0006634176538667658,-0.005648908181130466,-0.005573585113056867,-0.0013855622184449218,0.004188022894611945,-0.1461079485843756,-0.027311781232750007,363,1,0.0008890334003864,0.050731301874352715,7,7,0.11879616735162558
254,fixed_shortfalls_fixed_labels,total,pooled,-0.16377116430786862,-0.11721165853079855,0.04655950577707006,-0.16416781512267428,-0.11524745112391598,0.0003966508148056658,-0.0019642074068825788,-0.0023608582216882446,0.0011366840378451543,-0.005860493194997075,-0.00699717723284223,0.006380345985753297,-0.03289566228282679,363,1,0.06170076814319721,0.17815398105106858,5,5,-0.03927600826858008
254,fixed_shortfalls_fixed_labels,total,family_month,-0.08757516874077126,-0.09631212069163478,-0.00873695195086352,-0.08707653255014933,-0.09983095017376369,-0.0004986361906219317,0.0035188294821289073,0.004017465672750839,0.0007879175334437423,-0.005142168641989843,-0.005930086175433585,0.004422677106597368,-0.028863619053878,363,1,0.06170076814319721,0.17815398105106858,6,6,-0.03328629616047537
254,fixed_shortfalls_fixed_labels,total,family_month_minus_pooled,0.07619599556709736,0.020899537839163776,-0.05529645772793358,0.07709128257252496,0.01541650095015229,-0.0008952870054275974,0.005483036889011486,0.0063783238944390835,-0.00034876650440141205,0.0007183245530072322,0.0010670910574086443,-0.001957668879155929,0.00403204322894879,363,1,0.06170076814319721,0.17815398105106858,6,6,0.005989712108104719
254,fixed_shortfalls_fixed_labels,young_relative,pooled,-0.16302713404283437,-0.11343176418962352,0.04959536985321085,-0.16416781512267428,-0.11524745112391598,0.001140681079839917,0.0018156869342924598,0.0006750058544525428,-0.007915802788313398,-0.01189136188662533,-0.0039755590983119315,-0.20750767833248854,-0.3117244028550158,363,1,-0.0004626710527536109,0.03814703557923262,5,5,-0.10421672452252725
254,fixed_shortfalls_fixed_labels,young_relative,family_month,-0.08095036094304571,-0.0930560630243204,-0.012105702081274691,-0.08707653255014933,-0.09983095017376369,0.006126171607103617,0.006774887149443284,0.0006487155423396673,-0.013489387901370265,-0.014949394479913532,-0.001460006578543267,-0.35361562691686416,-0.39188876023834557,363,1,-0.0004626710527536109,0.03814703557923262,6,6,-0.03827313332148141
254,fixed_shortfalls_fixed_labels,young_relative,family_month_minus_pooled,0.08207677309978866,0.020375701165303114,-0.06170107193448554,0.07709128257252496,0.01541650095015229,0.0049854905272637,0.004959200215150825,-2.629031211287547e-05,-0.005573585113056867,-0.003058032593288202,0.0025155525197686646,-0.1461079485843756,-0.08016435738332982,363,1,-0.0004626710527536109,0.03814703557923262,6,6,0.06594359120104577
254,regenerated_shortfalls_fixed_labels,total,pooled,-0.16377116430786862,-0.117057543736499,0.046713620571369616,-0.16416781512267428,-0.11524745112391598,0.0003966508148056658,-0.0018100926125830252,-0.002206743427388691,0.0011366840378451543,-0.00866310564934307,-0.009799789687188224,0.006380345985753297,-0.03903297773224837,363,1,0.04952833103448966,0.22194324267978566,5,5,-0.045413323718001664
254,regenerated_shortfalls_fixed_labels,total,family_month,-0.08757516874077126,-0.09298137512860266,-0.005406206387831403,-0.08707653255014933,-0.09983095017376369,-0.0004986361906219317,0.006849575045161024,0.007348211235782956,0.0007879175334437423,-0.006625564197547682,-0.007413481730991424,0.004422677106597368,-0.02985251597457682,363,1,0.04952833103448966,0.22194324267978566,6,6,-0.03427519308117419
254,regenerated_shortfalls_fixed_labels,total,family_month_minus_pooled,0.07619599556709736,0.02407616860789634,-0.05211982695920102,0.07709128257252496,0.01541650095015229,-0.0008952870054275974,0.00865966765774405,0.009554954663171647,-0.00034876650440141205,0.002037541451795388,0.0023863079561968,-0.001957668879155929,0.009180461757671548,363,1,0.04952833103448966,0.22194324267978566,6,6,0.011138130636827477
254,regenerated_shortfalls_fixed_labels,young_relative,pooled,-0.16302713404283437,-0.1131260655040436,0.04990106853879077,-0.16416781512267428,-0.11524745112391598,0.001140681079839917,0.002121385619872379,0.000980704540032462,-0.007915802788313398,-0.01108991083772174,-0.003174108049408342,-0.20750767833248854,-0.22783827613645197,363,1,-0.002131093136245082,0.04867448536645358,5,5,-0.02033059780396343
254,regenerated_shortfalls_fixed_labels,young_relative,family_month,-0.08095036094304571,-0.09723440982329265,-0.01628404888024694,-0.08707653255014933,-0.09983095017376369,0.006126171607103617,0.0025965403504710355,-0.0035296312566325816,-0.013489387901370265,-0.009900903848450406,0.003588484052919859,-0.35361562691686416,-0.20341055018681517,363,1,-0.002131093136245082,0.04867448536645358,6,6,0.150205076730049
254,regenerated_shortfalls_fixed_labels,young_relative,family_month_minus_pooled,0.08207677309978866,0.015891655680750946,-0.06618511741903771,0.07709128257252496,0.01541650095015229,0.0049854905272637,0.00047515473059865643,-0.004510335796665044,-0.005573585113056867,0.0011890069892713344,0.006762592102328201,-0.1461079485843756,0.02442772594963679,363,1,-0.002131093136245082,0.04867448536645358,6,6,0.1705356745340124
254,regenerated_shortfalls_and_labels,total,pooled,-0.16377116430786862,-0.11701526668315229,0.046755897624716325,-0.16416781512267428,-0.11523516433264787,0.0003966508148056658,-0.0017801023505044228,-0.0021767531653100886,0.0011366840378451543,-0.008524045992545966,-0.009660730030391121,0.006380345985753297,-0.03840642269449156,363,1,0.04952833103448966,0.22194324267978566,5,5,-0.04478676868024485
254,regenerated_shortfalls_and_labels,total,family_month,-0.08757516874077126,-0.08547054854752427,0.0021046201932469893,-0.08707653255014933,-0.09253068897377423,-0.0004986361906219317,0.007060140426249958,0.00755877661687189,0.0007879175334437423,-0.0067988867163187305,-0.007586804249762473,0.004422677106597368,-0.030633447696932138,363,1,0.04952833103448966,0.22194324267978566,6,6,-0.03505612480352951
254,regenerated_shortfalls_and_labels,total,family_month_minus_pooled,0.07619599556709736,0.03154471813562802,-0.044651277431469336,0.07709128257252496,0.02270447535887364,-0.0008952870054275974,0.008840242776754381,0.009735529782181979,-0.00034876650440141205,0.001725159276227236,0.002073925780628648,-0.001957668879155929,0.007772974997559416,363,1,0.04952833103448966,0.22194324267978566,6,6,0.009730643876715345
254,regenerated_shortfalls_and_labels,young_relative,pooled,-0.16302713404283437,-0.11317940371290305,0.04984773032993131,-0.16416781512267428,-0.11523516433264787,0.001140681079839917,0.0020557606197448147,0.0009150795399048978,-0.007915802788313398,-0.010746557942177591,-0.002830755153864193,-0.20750767833248854,-0.22078421294586736,363,1,-0.002131093136245082,0.04867448536645358,5,5,-0.013276534613378826
254,regenerated_shortfalls_and_labels,young_relative,family_month,-0.08095036094304571,-0.09019986322050082,-0.009249502277455107,-0.08707653255014933,-0.09253068897377423,0.006126171607103617,0.0023308257532734106,-0.0037953458538302065,-0.013489387901370265,-0.009588616535916531,0.003900771365453734,-0.35361562691686416,-0.19699471835659096,363,1,-0.002131093136245082,0.04867448536645358,6,6,0.1566209085602732
254,regenerated_shortfalls_and_labels,young_relative,family_month_minus_pooled,0.08207677309978866,0.022979540492402237,-0.05909723260738642,0.07709128257252496,0.02270447535887364,0.0049854905272637,0.00027506513352859585,-0.004710425393735104,-0.005573585113056867,0.0011579414062610604,0.006731526519317927,-0.1461079485843756,0.023789494589276393,363,1,-0.002131093136245082,0.04867448536645358,6,6,0.169897443173652
255,fixed_shortfalls_fixed_labels,total,pooled,-0.16377116430786862,-0.16986131753476902,-0.006090153226900402,-0.16416781512267428,-0.169043356279142,0.0003966508148056658,-0.0008179612556270255,-0.0012146120704326913,0.0011366840378451543,-0.0024957003348424606,-0.003632384372687615,0.006380345985753297,-0.014008670028693087,363,3,0.06170076814319721,0.17815398105106858,5,5,-0.020389016014446384
255,fixed_shortfalls_fixed_labels,total,family_month,-0.08757516874077126,-0.09803397559454749,-0.010458806853776231,-0.08707653255014933,-0.10025146267380407,-0.0004986361906219317,0.0022174870792565776,0.0027161232698785093,0.0007879175334437423,-0.0032463978407797594,-0.004034315374223501,0.004422677106597368,-0.01822242658640991,363,3,0.06170076814319721,0.17815398105106858,6,6,-0.022645103693007276
255,fixed_shortfalls_fixed_labels,total,family_month_minus_pooled,0.07619599556709736,0.07182734194022153,-0.004368653626875829,0.07709128257252496,0.06879189360533793,-0.0008952870054275974,0.003035448334883603,0.0039307353403112005,-0.00034876650440141205,-0.0007506975059372988,-0.00040193100153588677,-0.001957668879155929,-0.004213756557716823,363,3,0.06170076814319721,0.17815398105106858,6,6,-0.002256087678560894
255,fixed_shortfalls_fixed_labels,young_relative,pooled,-0.16302713404283437,-0.1667553051993707,-0.003728171156536342,-0.16416781512267428,-0.169043356279142,0.001140681079839917,0.002288051079771286,0.0011473699999313691,-0.007915802788313398,-0.01657670222638211,-0.008660899438068711,-0.20750767833248854,-0.4345475860621401,363,3,-0.0004626710527536109,0.03814703557923262,5,5,-0.22703990772965157
255,fixed_shortfalls_fixed_labels,young_relative,family_month,-0.08095036094304571,-0.09035283346579127,-0.009402472522745564,-0.08707653255014933,-0.10025146267380407,0.006126171607103617,0.009898629208012794,0.0037724576009091765,-0.013489387901370265,-0.022571036959681327,-0.009081649058311062,-0.35361562691686416,-0.5916852152980683,363,3,-0.0004626710527536109,0.03814703557923262,6,6,-0.23806958838120412
255,fixed_shortfalls_fixed_labels,young_relative,family_month_minus_pooled,0.08207677309978866,0.07640247173357943,-0.005674301366209222,0.07709128257252496,0.06879189360533793,0.0049854905272637,0.0076105781282415075,0.0026250876009778074,-0.005573585113056867,-0.005994334733299217,-0.0004207496202423503,-0.1461079485843756,-0.1571376292359282,363,3,-0.0004626710527536109,0.03814703557923262,6,6,-0.011029680651552604
255,regenerated_shortfalls_fixed_labels,total,pooled,-0.16377116430786862,-0.16785273529826666,-0.004081570990398048,-0.16416781512267428,-0.169043356279142,0.0003966508148056658,0.0011906209808753287,0.000793970166069663,0.0011366840378451543,0.0036722988057375427,0.0025356147678923884,0.006380345985753297,0.01771364862715517,363,3,0.05665556143795086,0.20731464663400165,5,5,0.011333302641401873
255,regenerated_shortfalls_fixed_labels,total,family_month,-0.08757516874077126,-0.10284004435790114,-0.015264875617129886,-0.08707653255014933,-0.10025146267380407,-0.0004986361906219317,-0.002588581684097077,-0.0020899454934751455,0.0007879175334437423,0.004331865728676011,0.0035439481952322686,0.004422677106597368,0.02089512631649028,363,3,0.05665556143795086,0.20731464663400165,6,6,0.01647244920989291
255,regenerated_shortfalls_fixed_labels,total,family_month_minus_pooled,0.07619599556709736,0.06501269094036552,-0.011183304626731838,0.07709128257252496,0.06879189360533793,-0.0008952870054275974,-0.003779202664972406,-0.0028839156595448084,-0.00034876650440141205,0.0006595669229384682,0.0010083334273398802,-0.001957668879155929,0.003181477689335109,363,3,0.05665556143795086,0.20731464663400165,6,6,0.005139146568491038
255,regenerated_shortfalls_fixed_labels,young_relative,pooled,-0.16302713404283437,-0.17078089188733953,-0.00775375784450516,-0.16416781512267428,-0.169043356279142,0.001140681079839917,-0.0017375356081975324,-0.0028782166880374493,-0.007915802788313398,-0.016394799889212455,-0.008478997100899057,-0.20750767833248854,-0.3299974572208599,363,3,0.0020532435736713792,0.04968159460162078,5,5,-0.12248977888837134
255,regenerated_shortfalls_fixed_labels,young_relative,family_month,-0.08095036094304571,-0.0960055749865295,-0.015055214043483783,-0.08707653255014933,-0.10025146267380407,0.006126171607103617,0.004245887687274574,-0.0018802839198290427,-0.013489387901370265,-0.01951609513524991,-0.006026707233879644,-0.35361562691686416,-0.39282344481377074,363,3,0.0020532435736713792,0.04968159460162078,6,6,-0.03920781789690658
255,regenerated_shortfalls_fixed_labels,young_relative,family_month_minus_pooled,0.08207677309978866,0.07477531690081003,-0.007301456198978623,0.07709128257252496,0.06879189360533793,0.0049854905272637,0.005983423295472107,0.0009979327682084066,-0.005573585113056867,-0.003121295246037454,0.0024522898670194127,-0.1461079485843756,-0.06282598759291086,363,3,0.0020532435736713792,0.04968159460162078,6,6,0.08328196099146473
255,regenerated_shortfalls_and_labels,total,pooled,-0.16377116430786862,-0.16702949783105517,-0.003258333523186552,-0.16416781512267428,-0.16821277815398175,0.0003966508148056658,0.0011832803229265831,0.0007866295081209174,0.0011366840378451543,0.0036601582011231036,0.0025234741632779493,0.006380345985753297,0.017655087378292363,363,3,0.05665556143795086,0.20731464663400165,5,5,0.011274741392539065
255,regenerated_shortfalls_and_labels,total,family_month,-0.08757516874077126,-0.10064252710643298,-0.013067358365661724,-0.08707653255014933,-0.09806338714604007,-0.0004986361906219317,-0.002579139960392912,-0.0020805037697709805,0.0007879175334437423,0.004276555558725719,0.0034886380252819767,0.004422677106597368,0.020628332962290188,363,3,0.05665556143795086,0.20731464663400165,6,6,0.01620565585569282
255,regenerated_shortfalls_and_labels,total,family_month_minus_pooled,0.07619599556709736,0.06638697072462219,-0.009809024842475172,0.07709128257252496,0.07014939100794168,-0.0008952870054275974,-0.0037624202833194953,-0.002867133277891898,-0.00034876650440141205,0.0006163973576026154,0.0009651638620040274,-0.001957668879155929,0.002973245583997827,363,3,0.05665556143795086,0.20731464663400165,6,6,0.0049309144631537564
255,regenerated_shortfalls_and_labels,young_relative,pooled,-0.16302713404283437,-0.16992784599418814,-0.006900711951353777,-0.16416781512267428,-0.16821277815398175,0.001140681079839917,-0.0017150678402063912,-0.002855748920046308,-0.007915802788313398,-0.016403392692758378,-0.00848758990444498,-0.20750767833248854,-0.3301704147037029,363,3,0.0020532435736713792,0.04968159460162078,5,5,-0.12266273637121436
255,regenerated_shortfalls_and_labels,young_relative,family_month,-0.08095036094304571,-0.0937392503345282,-0.012788889391482497,-0.08707653255014933,-0.09806338714604007,0.006126171607103617,0.004324136811511864,-0.0018020347955917532,-0.013489387901370265,-0.019541964798162257,-0.006052576896791992,-0.35361562691686416,-0.3933441540043631,363,3,0.0020532435736713792,0.04968159460162078,6,6,-0.039728527087498966
255,regenerated_shortfalls_and_labels,young_relative,family_month_minus_pooled,0.08207677309978866,0.07618859565965994,-0.00588817744012872,0.07709128257252496,0.07014939100794168,0.0049854905272637,0.006039204651718255,0.001053714124454555,-0.005573585113056867,-0.0031385721054038793,0.0024350130076529874,-0.1461079485843756,-0.06317373930066023,363,3,0.0020532435736713792,0.04968159460162078,6,6,0.08293420928371537
256,fixed_shortfalls_fixed_labels,total,pooled,-0.16377116430786862,-0.15331563099334633,0.010455533314522286,-0.16416781512267428,-0.15700340587208583,0.0003966508148056658,0.0036877748787395026,0.003291124063933837,0.0011366840378451543,0.009667990401211258,0.008531306363366103,0.006380345985753297,0.05426760796571752,363,4,0.06170076814319721,0.17815398105106858,5,5,0.04788726197996423
256,fixed_shortfalls_fixed_labels,total,family_month,-0.08757516874077126,-0.05974773385677044,0.027827434884000822,-0.08707653255014933,-0.05353464057611792,-0.0004986361906219317,-0.006213093280652518,-0.005714457090030586,0.0007879175334437423,0.010150313564204993,0.00936239603076125,0.004422677106597368,0.056974946640655555,363,4,0.06170076814319721,0.17815398105106858,6,6,0.052552269534058185
256,fixed_shortfalls_fixed_labels,total,family_month_minus_pooled,0.07619599556709736,0.0935678971365759,0.017371901569478543,0.07709128257252496,0.10346876529596791,-0.0008952870054275974,-0.009900868159392007,-0.00900558115396441,-0.00034876650440141205,0.0004823231629937346,0.0008310896673951467,-0.001957668879155929,0.0027073386749380283,363,4,0.06170076814319721,0.17815398105106858,6,6,0.004665007554093957
256,fixed_shortfalls_fixed_labels,young_relative,pooled,-0.16302713404283437,-0.15604509702621172,0.006982037016622644,-0.16416781512267428,-0.15700340587208583,0.001140681079839917,0.0009583088458741118,-0.00018237223396580515,-0.007915802788313398,-0.007272878356121533,0.0006429244321918652,-0.20750767833248854,-0.19065382789746613,363,4,-0.0004626710527536109,0.03814703557923262,5,5,0.01685385043502241
256,fixed_shortfalls_fixed_labels,young_relative,family_month,-0.08095036094304571,-0.04608919356593592,0.03486116737710979,-0.08707653255014933,-0.05353464057611792,0.006126171607103617,0.007445447010182002,0.0013192754030783849,-0.013489387901370265,-0.017115899263398047,-0.0036265113620277817,-0.35361562691686416,-0.4486822895542636,363,4,-0.0004626710527536109,0.03814703557923262,6,6,-0.09506666263739944
256,fixed_shortfalls_fixed_labels,young_relative,family_month_minus_pooled,0.08207677309978866,0.10995590346027581,0.027879130360487156,0.07709128257252496,0.10346876529596791,0.0049854905272637,0.006487138164307904,0.001501647637044204,-0.005573585113056867,-0.009843020907276514,-0.004269435794219647,-0.1461079485843756,-0.2580284616567975,363,4,-0.0004626710527536109,0.03814703557923262,6,6,-0.1119205130724219
256,regenerated_shortfalls_fixed_labels,total,pooled,-0.16377116430786862,-0.1499959320554035,0.013775232252465103,-0.16416781512267428,-0.15700340587208583,0.0003966508148056658,0.007007473816682319,0.006610823001876653,0.0011366840378451543,0.013540935222948287,0.012404251185103132,0.006380345985753297,0.06639237832925375,363,4,0.057870488221561024,0.20395315793321855,5,5,0.06001203234350046
256,regenerated_shortfalls_fixed_labels,total,family_month,-0.08757516874077126,-0.058695482796526414,0.028879685944244844,-0.08707653255014933,-0.05353464057611792,-0.0004986361906219317,-0.005160842220408496,-0.004662206029786564,0.0007879175334437423,0.01113771074893717,0.010349793215493428,0.004422677106597368,0.05460916056315268,363,4,0.057870488221561024,0.20395315793321855,6,6,0.05018648345655531
256,regenerated_shortfalls_fixed_labels,total,family_month_minus_pooled,0.07619599556709736,0.09130044925887709,0.015104453691779735,0.07709128257252496,0.10346876529596791,-0.0008952870054275974,-0.012168316037090815,-0.011273029031663218,-0.00034876650440141205,-0.0024032244740111175,-0.0020544579696097054,-0.001957668879155929,-0.011783217766101067,363,4,0.057870488221561024,0.20395315793321855,6,6,-0.009825548886945137
256,regenerated_shortfalls_fixed_labels,young_relative,pooled,-0.16302713404283437,-0.1563734356948279,0.00665369834800647,-0.16416781512267428,-0.15700340587208583,0.001140681079839917,0.000629970177257938,-0.0005107109025819789,-0.007915802788313398,-0.006991539885406632,0.0009242629029067662,-0.20750767833248854,-0.1425633851444706,363,4,-0.0013888207775029418,0.04904162368424094,5,5,0.06494429318801795
256,regenerated_shortfalls_fixed_labels,young_relative,family_month,-0.08095036094304571,-0.050350326870282375,0.030600034072763335,-0.08707653255014933,-0.05353464057611792,0.006126171607103617,0.003184313705835544,-0.002941857901268073,-0.013489387901370265,-0.015517055138802893,-0.0020276672374326277,-0.35361562691686416,-0.316405819650485,363,4,-0.0013888207775029418,0.04904162368424094,6,6,0.03720980726637918
256,regenerated_shortfalls_fixed_labels,young_relative,family_month_minus_pooled,0.08207677309978866,0.10602310882454552,0.023946335724756865,0.07709128257252496,0.10346876529596791,0.0049854905272637,0.002554343528577613,-0.0024311469986860873,-0.005573585113056867,-0.00852551525339626,-0.002951930140339393,-0.1461079485843756,-0.1738424345060144,363,4,-0.0013888207775029418,0.04904162368424094,6,6,-0.027734485921638796
256,regenerated_shortfalls_and_labels,total,pooled,-0.16377116430786862,-0.15045307621818949,0.013318088089679131,-0.16416781512267428,-0.15741064534155114,0.0003966508148056658,0.006957569123361651,0.006560918308555985,0.0011366840378451543,0.013550360430303969,0.012413676392458814,0.006380345985753297,0.0664385909373408,363,4,0.057870488221561024,0.20395315793321855,5,5,0.0600582449515875
256,regenerated_shortfalls_and_labels,total,family_month,-0.08757516874077126,-0.061733326390303704,0.025841842350467555,-0.08707653255014933,-0.056465550043008336,-0.0004986361906219317,-0.005267776347295368,-0.004769140156673436,0.0007879175334437423,0.011047991363627958,0.010260073830184215,0.004422677106597368,0.054169258645386895,363,4,0.057870488221561024,0.20395315793321855,6,6,0.049746581538789525
256,regenerated_shortfalls_and_labels,total,family_month_minus_pooled,0.07619599556709736,0.08871974982788577,0.012523754260788417,0.07709128257252496,0.1009450952985428,-0.0008952870054275974,-0.012225345470657026,-0.011330058465229428,-0.00034876650440141205,-0.002502369066676011,-0.002153602562274599,-0.001957668879155929,-0.012269332291953894,363,4,0.057870488221561024,0.20395315793321855,6,6,-0.010311663412797965
256,regenerated_shortfalls_and_labels,young_relative,pooled,-0.16302713404283437,-0.15685404575873582,0.0061730882840985435,-0.16416781512267428,-0.15741064534155114,0.001140681079839917,0.0005565995828153147,-0.0005840814970246022,-0.007915802788313398,-0.0071675386456653,0.0007482641426480984,-0.20750767833248854,-0.14615214805721288,363,4,-0.0013888207775029418,0.04904162368424094,5,5,0.061355530275275655
256,regenerated_shortfalls_and_labels,young_relative,family_month,-0.08095036094304571,-0.05378318491978017,0.027167176023265537,-0.08707653255014933,-0.056465550043008336,0.006126171607103617,0.002682365123228163,-0.0034438064838754542,-0.013489387901370265,-0.015488218921222735,-0.00199883101985247,-0.35361562691686416,-0.315817824893912,363,4,-0.0013888207775029418,0.04904162368424094,6,6,0.03779780202295213
256,regenerated_shortfalls_and_labels,young_relative,family_month_minus_pooled,0.08207677309978866,0.10307086083895564,0.020994087739166986,0.07709128257252496,0.1009450952985428,0.0049854905272637,0.002125765540412841,-0.002859724986850859,-0.005573585113056867,-0.008320680275557435,-0.0027470951625005683,-0.1461079485843756,-0.16966567683669914,363,4,-0.0013888207775029418,0.04904162368424094,6,6,-0.02355772825232355
257,fixed_shortfalls_fixed_labels,total,pooled,-0.16377116430786862,-0.20982697937456274,-0.04605581506669412,-0.16416781512267428,-0.2138572629811482,0.0003966508148056658,0.004030283606585472,0.003633632791779806,0.0011366840378451543,0.011805448911400314,0.01066876487355516,0.006380345985753297,0.06626542298830938,363,4,0.06170076814319721,0.17815398105106858,5,5,0.05988507700255609
257,fixed_shortfalls_fixed_labels,total,family_month,-0.08757516874077126,-0.12679264385301908,-0.039217475112247824,-0.08707653255014933,-0.11922004563623848,-0.0004986361906219317,-0.007572598216780607,-0.0070739620261586755,0.0007879175334437423,0.011857542392631584,0.011069624859187843,0.004422677106597368,0.06655783004496862,363,4,0.06170076814319721,0.17815398105106858,7,7,0.062135152938371255
257,fixed_shortfalls_fixed_labels,total,family_month_minus_pooled,0.07619599556709736,0.08303433552154366,0.006838339954446299,0.07709128257252496,0.09463721734490974,-0.0008952870054275974,-0.011602881823366079,-0.010707594817938482,-0.00034876650440141205,5.2093481231269695e-05,0.00040085998563268175,-0.001957668879155929,0.00029240705665924404,363,4,0.06170076814319721,0.17815398105106858,7,7,0.002250075935815173
257,fixed_shortfalls_fixed_labels,young_relative,pooled,-0.16302713404283437,-0.21201442249521246,-0.0489872884523781,-0.16416781512267428,-0.2138572629811482,0.001140681079839917,0.0018428404859357483,0.0007021594060958314,-0.007915802788313398,-0.013900882198086785,-0.005985079409773386,-0.20750767833248854,-0.3644026852155839,363,4,-0.0004626710527536109,0.03814703557923262,5,5,-0.15689500688309535
257,fixed_shortfalls_fixed_labels,young_relative,family_month,-0.08095036094304571,-0.11131994140185483,-0.030369580458809123,-0.08707653255014933,-0.11922004563623848,0.006126171607103617,0.007900104234383643,0.0017739326272800254,-0.013489387901370265,-0.018483096941172717,-0.004993709039802452,-0.35361562691686416,-0.48452249724051893,363,4,-0.0004626710527536109,0.03814703557923262,7,7,-0.13090687032365478
257,fixed_shortfalls_fixed_labels,young_relative,family_month_minus_pooled,0.08207677309978866,0.10069448109335763,0.018617707993568974,0.07709128257252496,0.09463721734490974,0.0049854905272637,0.006057263748447894,0.001071773221184194,-0.005573585113056867,-0.0045822147430859324,0.0009913703699709342,-0.1461079485843756,-0.12011981202493506,363,4,-0.0004626710527536109,0.03814703557923262,7,7,0.02598813655944053
257,regenerated_shortfalls_fixed_labels,total,pooled,-0.16377116430786862,-0.21396302294739666,-0.05019185863952805,-0.16416781512267428,-0.2138572629811482,0.0003966508148056658,-0.00010575996624845319,-0.000502410781054119,0.0011366840378451543,-0.00016818092796557914,-0.0013048649658107335,0.006380345985753297,-0.0007803075088017184,363,4,0.04683756180482311,0.21553160269320834,5,5,-0.007160653494555015
257,regenerated_shortfalls_fixed_labels,total,family_month,-0.08757516874077126,-0.11925061208520982,-0.03167544334443856,-0.08707653255014933,-0.11922004563623848,-0.0004986361906219317,-3.0566448971341975e-05,0.0004680697416505897,0.0007879175334437423,0.00013240614796930023,-0.000655511385474442,0.004422677106597368,0.0006143235902057926,363,4,0.04683756180482311,0.21553160269320834,7,7,-0.0038083535163915753
257,regenerated_shortfalls_fixed_labels,total,family_month_minus_pooled,0.07619599556709736,0.09471241086218685,0.01851641529508949,0.07709128257252496,0.09463721734490974,-0.0008952870054275974,7.519351727711121e-05,0.0009704805227047086,-0.00034876650440141205,0.00030058707593487937,0.0006493535803362915,-0.001957668879155929,0.001394631099007511,363,4,0.04683756180482311,0.21553160269320834,7,7,0.0033522999781634404
257,regenerated_shortfalls_fixed_labels,young_relative,pooled,-0.16302713404283437,-0.2115854795923267,-0.04855834554949234,-0.16416781512267428,-0.2138572629811482,0.001140681079839917,0.002271783388821502,0.0011311023089815853,-0.007915802788313398,-0.0173737660792934,-0.009457963290980002,-0.20750767833248854,-0.3524646853475717,363,4,-5.089725673341337e-05,0.04929221792010403,5,5,-0.14495700701508316
257,regenerated_shortfalls_fixed_labels,young_relative,family_month,-0.08095036094304571,-0.11680332008642594,-0.03585295914338023,-0.08707653255014933,-0.11922004563623848,0.006126171607103617,0.0024167255498125373,-0.00370944605729108,-0.013489387901370265,-0.0205577820353752,-0.007068394134004934,-0.35361562691686416,-0.4170593838706257,363,4,-5.089725673341337e-05,0.04929221792010403,7,7,-0.06344375695376153
257,regenerated_shortfalls_fixed_labels,young_relative,family_month_minus_pooled,0.08207677309978866,0.09478215950590077,0.012705386406112115,0.07709128257252496,0.09463721734490974,0.0049854905272637,0.00014494216099103507,-0.004840548366272665,-0.005573585113056867,-0.003184015956081799,0.0023895691569750677,-0.1461079485843756,-0.06459469852305398,363,4,-5.089725673341337e-05,0.04929221792010403,7,7,0.08151325006132161
257,regenerated_shortfalls_and_labels,total,pooled,-0.16377116430786862,-0.21581999740964627,-0.05204883310177766,-0.16416781512267428,-0.21585152026846036,0.0003966508148056658,3.1522858814081456e-05,-0.0003651279559915843,0.0011366840378451543,5.098278594502919e-05,-0.0010857012519001252,0.006380345985753297,0.000236544364297235,363,4,0.04683756180482311,0.21553160269320834,5,5,-0.006143801621456062
257,regenerated_shortfalls_and_labels,total,family_month,-0.08757516874077126,-0.12273282791573135,-0.035157659174960096,-0.08707653255014933,-0.12267906666058218,-0.0004986361906219317,-5.3761255149178955e-05,0.0004448749354727527,0.0007879175334437423,0.00020040631794685196,-0.0005875112154968903,0.004422677106597368,0.0009298233551026575,363,4,0.04683756180482311,0.21553160269320834,7,7,-0.0034928537514947104
257,regenerated_shortfalls_and_labels,total,family_month_minus_pooled,0.07619599556709736,0.09308716949391492,0.016891173926817563,0.07709128257252496,0.09317245360787818,-0.0008952870054275974,-8.528411396326041e-05,0.000810002891464337,-0.00034876650440141205,0.00014942353200182276,0.0004981900364032348,-0.001957668879155929,0.0006932789908054225,363,4,0.04683756180482311,0.21553160269320834,7,7,0.0026509478699613515
257,regenerated_shortfalls_and_labels,young_relative,pooled,-0.16302713404283437,-0.21360835987226548,-0.050581225829431115,-0.16416781512267428,-0.21585152026846036,0.001140681079839917,0.0022431603961948765,0.0011024793163549595,-0.007915802788313398,-0.01729200177503935,-0.009376198986725951,-0.20750767833248854,-0.3508059183513984,363,4,-5.089725673341337e-05,0.04929221792010403,5,5,-0.14329824001890987
257,regenerated_shortfalls_and_labels,young_relative,family_month,-0.08095036094304571,-0.12057436668170428,-0.03962400573865857,-0.08707653255014933,-0.12267906666058218,0.006126171607103617,0.002104699978877897,-0.00402147162822572,-0.013489387901370265,-0.020427565595700786,-0.00693817769433052,-0.35361562691686416,-0.414417659777677,363,4,-5.089725673341337e-05,0.04929221792010403,7,7,-0.06080203286081287
257,regenerated_shortfalls_and_labels,young_relative,family_month_minus_pooled,0.08207677309978866,0.0930339931905612,0.010957220090772546,0.07709128257252496,0.09317245360787818,0.0049854905272637,-0.00013846041731697956,-0.00512395094458068,-0.005573585113056867,-0.0031355638206614356,0.002438021292395431,-0.1461079485843756,-0.06361174142627864,363,4,-5.089725673341337e-05,0.04929221792010403,7,7,0.08249620715809695
258,fixed_shortfalls_fixed_labels,total,pooled,-0.16377116430786862,-0.154930138303424,0.008841026004444613,-0.16416781512267428,-0.15797920468234727,0.0003966508148056658,0.003049066378923271,0.002652415564117605,0.0011366840378451543,0.00847227099177301,0.007335586953927855,0.006380345985753297,0.04755588924697898,363,2,0.06170076814319721,0.17815398105106858,5,5,0.04117554326122569
258,fixed_shortfalls_fixed_labels,total,family_month,-0.08757516874077126,-0.19348344466682063,-0.10590827592604937,-0.08707653255014933,-0.18565048180211918,-0.0004986361906219317,-0.007832962864701448,-0.0073343266740795166,0.0007879175334437423,0.012505044621241421,0.01171712708779768,0.004422677106597368,0.07019233893884638,363,2,0.06170076814319721,0.17815398105106858,6,6,0.06576966183224901
258,fixed_shortfalls_fixed_labels,total,family_month_minus_pooled,0.07619599556709736,-0.03855330636339663,-0.11474930193049399,0.07709128257252496,-0.02767127711977191,-0.0008952870054275974,-0.010882029243624719,-0.009986742238197122,-0.00034876650440141205,0.004032773629468411,0.004381540133869823,-0.001957668879155929,0.022636449691867396,363,2,0.06170076814319721,0.17815398105106858,6,6,0.024594118571023324
258,fixed_shortfalls_fixed_labels,young_relative,pooled,-0.16302713404283437,-0.15635034481958587,0.0066767892232484916,-0.16416781512267428,-0.15797920468234727,0.001140681079839917,0.0016288598627614004,0.0004881787829214834,-0.007915802788313398,-0.012804846650949034,-0.004889043862635636,-0.20750767833248854,-0.3356708183615724,363,2,-0.0004626710527536109,0.03814703557923262,5,5,-0.12816314002908388
258,fixed_shortfalls_fixed_labels,young_relative,family_month,-0.08095036094304571,-0.17663864822721032,-0.0956882872841646,-0.08707653255014933,-0.18565048180211918,0.006126171607103617,0.009011833574908867,0.0028856619678052503,-0.013489387901370265,-0.0193812303892448,-0.005891842487874534,-0.35361562691686416,-0.5080664878661242,363,2,-0.0004626710527536109,0.03814703557923262,6,6,-0.15445086094926003
258,fixed_shortfalls_fixed_labels,young_relative,family_month_minus_pooled,0.08207677309978866,-0.02028830340762444,-0.1023650765074131,0.07709128257252496,-0.02767127711977191,0.0049854905272637,0.007382973712147467,0.002397483184883767,-0.005573585113056867,-0.006576383738295765,-0.001002798625238898,-0.1461079485843756,-0.17239566950455176,363,2,-0.0004626710527536109,0.03814703557923262,6,6,-0.026287720920176172
258,regenerated_shortfalls_fixed_labels,total,pooled,-0.16377116430786862,-0.15604432596474174,0.007726838343126874,-0.16416781512267428,-0.15797920468234727,0.0003966508148056658,0.0019348787176055315,0.0015382279027998658,0.0011366840378451543,0.01020978188012311,0.009073097842277954,0.006380345985753297,0.049221882971079545,363,2,0.07156482223272408,0.2074236348520412,5,5,0.04284153698532625
258,regenerated_shortfalls_fixed_labels,total,family_month,-0.08757516874077126,-0.19593328584199105,-0.10835811710121979,-0.08707653255014933,-0.18565048180211918,-0.0004986361906219317,-0.010282804039871862,-0.00978416784924993,0.0007879175334437423,0.01628427953353103,0.015496362000087287,0.004422677106597368,0.07850734823515595,363,2,0.07156482223272408,0.2074236348520412,6,6,0.07408467112855859
258,regenerated_shortfalls_fixed_labels,total,family_month_minus_pooled,0.07619599556709736,-0.0398889598772493,-0.11608495544434666,0.07709128257252496,-0.02767127711977191,-0.0008952870054275974,-0.012217682757477394,-0.011322395752049796,-0.00034876650440141205,0.006074497653407921,0.006423264157809333,-0.001957668879155929,0.029285465264076407,363,2,0.07156482223272408,0.2074236348520412,6,6,0.031243134143232335
258,regenerated_shortfalls_fixed_labels,young_relative,pooled,-0.16302713404283437,-0.1557522454349249,0.007274888607909452,-0.16416781512267428,-0.15797920468234727,0.001140681079839917,0.002226959247422361,0.001086278167582444,-0.007915802788313398,-0.0057150867496997175,0.002200716038613681,-0.20750767833248854,-0.10966419263245102,363,2,0.0022861311186303216,0.05211442871653032,5,5,0.09784348570003752
258,regenerated_shortfalls_fixed_labels,young_relative,family_month,-0.08095036094304571,-0.17836265775646878,-0.09741229681342307,-0.08707653255014933,-0.18565048180211918,0.006126171607103617,0.007287824045650398,0.0011616524385467814,-0.013489387901370265,-0.012587441797807897,0.0009019461035623677,-0.35361562691686416,-0.24153467874080814,363,2,0.0022861311186303216,0.05211442871653032,6,6,0.11208094817605602
258,regenerated_shortfalls_fixed_labels,young_relative,family_month_minus_pooled,0.08207677309978866,-0.02261041232154387,-0.10468718542133253,0.07709128257252496,-0.02767127711977191,0.0049854905272637,0.0050608647982280375,7.537427096433735e-05,-0.005573585113056867,-0.00687235504810818,-0.0012987699350513133,-0.1461079485843756,-0.13187048610835714,363,2,0.0022861311186303216,0.05211442871653032,6,6,0.014237462476018453
258,regenerated_shortfalls_and_labels,total,pooled,-0.16377116430786862,-0.15605809663634043,0.007713067671528184,-0.16416781512267428,-0.15798040768391575,0.0003966508148056658,0.0019223110475753147,0.001525660232769649,0.0011366840378451543,0.010144718805449324,0.00900803476760417,0.006380345985753297,0.048908210545465194,363,2,0.07156482223272408,0.2074236348520412,5,5,0.0425278645597119
258,regenerated_shortfalls_and_labels,total,family_month,-0.08757516874077126,-0.19626459272879698,-0.10868942398802572,-0.08707653255014933,-0.18591630845257318,-0.0004986361906219317,-0.010348284276223807,-0.009849648085601875,0.0007879175334437423,0.016288437817378106,0.015500520283934362,0.004422677106597368,0.07852739553521432,363,2,0.07156482223272408,0.2074236348520412,6,6,0.07410471842861695
258,regenerated_shortfalls_and_labels,total,family_month_minus_pooled,0.07619599556709736,-0.04020649609245655,-0.11640249165955391,0.07709128257252496,-0.02793590076865743,-0.0008952870054275974,-0.012270595323799122,-0.011375308318371524,-0.00034876650440141205,0.0061437190119287815,0.006492485516330193,-0.001957668879155929,0.02961918498974912,363,2,0.07156482223272408,0.2074236348520412,6,6,0.03157685386890505
258,regenerated_shortfalls_and_labels,young_relative,pooled,-0.16302713404283437,-0.1557361921161003,0.007290941926734074,-0.16416781512267428,-0.15798040768391575,0.001140681079839917,0.002244215567815455,0.0011035344879755382,-0.007915802788313398,-0.005757326180211052,0.0021584766081023466,-0.20750767833248854,-0.11047470579649413,363,2,0.0022861311186303216,0.05211442871653032,5,5,0.09703297253599441
258,regenerated_shortfalls_and_labels,young_relative,family_month,-0.08095036094304571,-0.17850049598430373,-0.09755013504125802,-0.08707653255014933,-0.18591630845257318,0.006126171607103617,0.007415812468269445,0.0012896408611658278,-0.013489387901370265,-0.012599817635238288,0.0008895702661319768,-0.35361562691686416,-0.24177215303986854,363,2,0.0022861311186303216,0.05211442871653032,6,6,0.11184347387699561
258,regenerated_shortfalls_and_labels,young_relative,family_month_minus_pooled,0.08207677309978866,-0.02276430386820344,-0.1048410769679921,0.07709128257252496,-0.02793590076865743,0.0049854905272637,0.00517159690045399,0.00018610637319028955,-0.005573585113056867,-0.006842491455027236,-0.0012689063419703698,-0.1461079485843756,-0.13129744724337442,363,2,0.0022861311186303216,0.05211442871653032,6,6,0.014810501341001175
259,fixed_shortfalls_fixed_labels,total,pooled,-0.16377116430786862,-0.21410498610369347,-0.05033382179582485,-0.16416781512267428,-0.21287208430529583,0.0003966508148056658,-0.0012329017983976343,-0.0016295526132033,0.0011366840378451543,-0.0033508210001190132,-0.0044875050379641675,0.006380345985753297,-0.018808566501573077,363,3,0.06170076814319721,0.17815398105106858,5,5,-0.025188912487326375
259,fixed_shortfalls_fixed_labels,total,family_month,-0.08757516874077126,-0.12411618854597334,-0.03654101980520208,-0.08707653255014933,-0.12766716381054813,-0.0004986361906219317,0.0035509752645747905,0.004049611455196722,0.0007879175334437423,-0.005725985722139015,-0.006513903255582757,0.004422677106597368,-0.03214065545073414,363,3,0.06170076814319721,0.17815398105106858,6,6,-0.03656333255733151
259,fixed_shortfalls_fixed_labels,total,family_month_minus_pooled,0.07619599556709736,0.08998879755772013,0.013792801990622772,0.07709128257252496,0.0852049204947477,-0.0008952870054275974,0.004783877062972425,0.005679164068400022,-0.00034876650440141205,-0.0023751647220200014,-0.0020263982176185894,-0.001957668879155929,-0.013332088949161066,363,3,0.06170076814319721,0.17815398105106858,6,6,-0.011374420070005137
259,fixed_shortfalls_fixed_labels,young_relative,pooled,-0.16302713404283437,-0.21225702244361028,-0.04922988840077591,-0.16416781512267428,-0.21287208430529583,0.001140681079839917,0.0006150618616855563,-0.0005256192181543606,-0.007915802788313398,-0.004376085440047588,0.0035397173482658107,-0.20750767833248854,-0.11471626493645404,363,3,-0.0004626710527536109,0.03814703557923262,5,5,0.0927914133960345
259,fixed_shortfalls_fixed_labels,young_relative,family_month,-0.08095036094304571,-0.12200506920884928,-0.04105470826580357,-0.08707653255014933,-0.12766716381054813,0.006126171607103617,0.00566209460169885,-0.00046407700540476715,-0.013489387901370265,-0.012715296331447964,0.0007740915699223014,-0.35361562691686416,-0.3333233143382238,363,3,-0.0004626710527536109,0.03814703557923262,6,6,0.020292312578640337
259,fixed_shortfalls_fixed_labels,young_relative,family_month_minus_pooled,0.08207677309978866,0.090251953234761,0.008175180134972343,0.07709128257252496,0.0852049204947477,0.0049854905272637,0.005047032740013294,6.154221274959348e-05,-0.005573585113056867,-0.008339210891400377,-0.00276562577834351,-0.1461079485843756,-0.2186070494017698,363,3,-0.0004626710527536109,0.03814703557923262,6,6,-0.07249910081739422
259,regenerated_shortfalls_fixed_labels,total,pooled,-0.16377116430786862,-0.21399188375932796,-0.05022071945145934,-0.16416781512267428,-0.21287208430529583,0.0003966508148056658,-0.0011197994540321221,-0.0015164502688377879,0.0011366840378451543,-0.004658022637231244,-0.005794706675076398,0.006380345985753297,-0.021433812151339465,363,3,0.05932484338594453,0.2173212401201412,5,5,-0.027814158137092763
259,regenerated_shortfalls_fixed_labels,total,family_month,-0.08757516874077126,-0.12292985364181315,-0.03535468490104189,-0.08707653255014933,-0.12766716381054813,-0.0004986361906219317,0.004737310168734979,0.0052359463593569106,0.0007879175334437423,-0.007782963182909186,-0.008570880716352928,0.004422677106597368,-0.03581317306401596,363,3,0.05932484338594453,0.2173212401201412,6,6,-0.04023585017061333
259,regenerated_shortfalls_fixed_labels,total,family_month_minus_pooled,0.07619599556709736,0.0910620301175148,0.014866034550417448,0.07709128257252496,0.0852049204947477,-0.0008952870054275974,0.005857109622767101,0.0067523966281946984,-0.00034876650440141205,-0.0031249405456779417,-0.0027761740412765297,-0.001957668879155929,-0.014379360912676498,363,3,0.05932484338594453,0.2173212401201412,6,6,-0.012421692033520568
259,regenerated_shortfalls_fixed_labels,young_relative,pooled,-0.16302713404283437,-0.21218730416735407,-0.0491601701245197,-0.16416781512267428,-0.21287208430529583,0.001140681079839917,0.0006847801379417651,-0.0004559009418981519,-0.007915802788313398,0.011466652576043627,0.019382455364357024,-0.20750767833248854,0.23202476339362502,363,3,0.0018754646511742335,0.04941995159624707,5,5,0.43953244172611355
259,regenerated_shortfalls_fixed_labels,young_relative,family_month,-0.08095036094304571,-0.12836005619491492,-0.04740969525186921,-0.08707653255014933,-0.12766716381054813,0.006126171607103617,-0.0006928923843667889,-0.006819063991470406,-0.013489387901370265,0.0015152068329648994,0.015004594734335165,-0.35361562691686416,0.030659820255266368,363,3,0.0018754646511742335,0.04941995159624707,6,6,0.3842754471721305
259,regenerated_shortfalls_fixed_labels,young_relative,family_month_minus_pooled,0.08207677309978866,0.08382724797243915,0.0017504748726504954,0.07709128257252496,0.0852049204947477,0.0049854905272637,-0.001377672522308554,-0.006363163049572254,-0.005573585113056867,-0.009951445743078727,-0.00437786063002186,-0.1461079485843756,-0.20136494313835862,363,3,0.0018754646511742335,0.04941995159624707,6,6,-0.05525699455398303
259,regenerated_shortfalls_and_labels,total,pooled,-0.16377116430786862,-0.21463566108865623,-0.05086449678078761,-0.16416781512267428,-0.21348440596897605,0.0003966508148056658,-0.0011512551196801724,-0.0015479059344858381,0.0011366840378451543,-0.0047758578727381835,-0.005912541910583338,0.006380345985753297,-0.02197602898868954,363,3,0.05932484338594453,0.2173212401201412,5,5,-0.02835637497444284
259,regenerated_shortfalls_and_labels,total,family_month,-0.08757516874077126,-0.12112393712016092,-0.033548768379389665,-0.08707653255014933,-0.12620230094256668,-0.0004986361906219317,0.005078363822405757,0.005577000013027689,0.0007879175334437423,-0.008185742838609287,-0.008973660372053029,0.004422677106597368,-0.03766655681738233,363,3,0.05932484338594453,0.2173212401201412,6,6,-0.0420892339239797
259,regenerated_shortfalls_and_labels,total,family_month_minus_pooled,0.07619599556709736,0.0935117239684953,0.017315728401397945,0.07709128257252496,0.08728210502640937,-0.0008952870054275974,0.006229618942085929,0.007124905947513527,-0.00034876650440141205,-0.0034098849658711038,-0.0030611184614696917,-0.001957668879155929,-0.01569052782869279,363,3,0.05932484338594453,0.2173212401201412,6,6,-0.013732858949536861
259,regenerated_shortfalls_and_labels,young_relative,pooled,-0.16302713404283437,-0.2127645854041148,-0.04973745136128044,-0.16416781512267428,-0.21348440596897605,0.001140681079839917,0.000719820564861251,-0.00042086051497866594,-0.007915802788313398,0.01160416526100358,0.01951996804931698,-0.20750767833248854,0.23480729717842935,363,3,0.0018754646511742335,0.04941995159624707,5,5,0.4423149755109179
259,regenerated_shortfalls_and_labels,young_relative,family_month,-0.08095036094304571,-0.12691329521782987,-0.045962934274784165,-0.08707653255014933,-0.12620230094256668,0.006126171607103617,-0.0007109942752631937,-0.006837165882366811,-0.013489387901370265,0.0016295885363829315,0.015118976437753198,-0.35361562691686416,0.0329743045824165,363,3,0.0018754646511742335,0.04941995159624707,6,6,0.38658993149928067
259,regenerated_shortfalls_and_labels,young_relative,family_month_minus_pooled,0.08207677309978866,0.08585129018628493,0.0037745170864962735,0.07709128257252496,0.08728210502640937,0.0049854905272637,-0.0014308148401244447,-0.006416305367388145,-0.005573585113056867,-0.009974576724620647,-0.0044009916115637805,-0.1461079485843756,-0.20183299259601284,363,3,0.0018754646511742335,0.04941995159624707,6,6,-0.05572504401163725
260,fixed_shortfalls_fixed_labels,total,pooled,-0.16377116430786862,-0.14086939132209816,0.022901772985770452,-0.16416781512267428,-0.13925440480675932,0.0003966508148056658,-0.0016149865153388399,-0.0020116373301445056,0.0011366840378451543,-0.004233424653986274,-0.005370108691831429,0.006380345985753297,-0.023762728337643747,363,3,0.06170076814319721,0.17815398105106858,5,5,-0.030143074323397044
260,fixed_shortfalls_fixed_labels,total,family_month,-0.08757516874077126,0.012296764241727766,0.09987193298249902,-0.08707653255014933,0.006348964086942621,-0.0004986361906219317,0.005947800154785145,0.006446436345407077,0.0007879175334437423,-0.009451993772061096,-0.010239911305504838,0.004422677106597368,-0.053055192571597055,363,3,0.06170076814319721,0.17815398105106858,7,7,-0.057477869678194425
260,fixed_shortfalls_fixed_labels,total,family_month_minus_pooled,0.07619599556709736,0.15316615556382593,0.07697015999672857,0.07709128257252496,0.14560336889370196,-0.0008952870054275974,0.007562786670123972,0.00845807367555157,-0.00034876650440141205,-0.005218569118074822,-0.00486980261367341,-0.001957668879155929,-0.02929246423395331,363,3,0.06170076814319721,0.17815398105106858,7,7,-0.02733479535479738
260,fixed_shortfalls_fixed_labels,young_relative,pooled,-0.16302713404283437,-0.13876141024723743,0.02426572379559694,-0.16416781512267428,-0.13925440480675932,0.001140681079839917,0.0004929945595218976,-0.0006476865203180193,-0.007915802788313398,-0.003735122068050171,0.0041806807202632275,-0.20750767833248854,-0.09791382243299619,363,3,-0.0004626710527536109,0.03814703557923262,5,5,0.10959385589949235
260,fixed_shortfalls_fixed_labels,young_relative,family_month,-0.08095036094304571,0.009090535047709706,0.09004089599075542,-0.08707653255014933,0.006348964086942621,0.006126171607103617,0.0027415709607670853,-0.003384600646336532,-0.013489387901370265,-0.006823140441173874,0.0066662474601963916,-0.35361562691686416,-0.17886423774665244,363,3,-0.0004626710527536109,0.03814703557923262,7,7,0.1747513891702117
260,fixed_shortfalls_fixed_labels,young_relative,family_month_minus_pooled,0.08207677309978866,0.14785194529494713,0.06577517219515848,0.07709128257252496,0.14560336889370196,0.0049854905272637,0.002248576401245178,-0.002736914126018522,-0.005573585113056867,-0.0030880183731237026,0.002485566739933164,-0.1461079485843756,-0.08095041531365625,363,3,-0.0004626710527536109,0.03814703557923262,7,7,0.06515753327071934
260,regenerated_shortfalls_fixed_labels,total,pooled,-0.16377116430786862,-0.1420484334843307,0.021722730823537928,-0.16416781512267428,-0.13925440480675932,0.0003966508148056658,-0.002794028677571364,-0.00319067949237703,0.0011366840378451543,-0.0071633630293643415,-0.008300047067209496,0.006380345985753297,-0.03225616698959707,363,3,0.06584182612214301,0.2220773172359443,5,5,-0.03863651297535036
260,regenerated_shortfalls_fixed_labels,total,family_month,-0.08757516874077126,0.01139143023056603,0.09896659897133729,-0.08707653255014933,0.006348964086942621,-0.0004986361906219317,0.00504246614362341,0.0055411023342453415,0.0007879175334437423,-0.011484227871225354,-0.012272145404669095,0.004422677106597368,-0.05171274587680662,363,3,0.06584182612214301,0.2220773172359443,7,7,-0.05613542298340399
260,regenerated_shortfalls_fixed_labels,total,family_month_minus_pooled,0.07619599556709736,0.1534398637148967,0.07724386814779935,0.07709128257252496,0.14560336889370196,-0.0008952870054275974,0.00783649482119475,0.008731781826622348,-0.00034876650440141205,-0.004320864841861012,-0.0039720983374596005,-0.001957668879155929,-0.019456578887209555,363,3,0.06584182612214301,0.2220773172359443,7,7,-0.017498910008053627
260,regenerated_shortfalls_fixed_labels,young_relative,pooled,-0.16302713404283437,-0.13928436526087726,0.023742768781957108,-0.16416781512267428,-0.13925440480675932,0.001140681079839917,-2.9960454117933244e-05,-0.0011706415339578502,-0.007915802788313398,0.007003051526684705,0.014918854314998103,-0.20750767833248854,0.15038380248077354,363,3,-0.004125876069713488,0.04656785778229035,5,5,0.35789148081326205
260,regenerated_shortfalls_fixed_labels,young_relative,family_month,-0.08095036094304571,0.008332463412848773,0.08928282435589448,-0.08707653255014933,0.006348964086942621,0.006126171607103617,0.0019834993259061516,-0.0041426722811974655,-0.013489387901370265,-0.0031542996550721287,0.010335088246298137,-0.35361562691686416,-0.06773555420605372,363,3,-0.004125876069713488,0.04656785778229035,7,7,0.28588007271081045
260,regenerated_shortfalls_fixed_labels,young_relative,family_month_minus_pooled,0.08207677309978866,0.14761682867372602,0.06554005557393737,0.07709128257252496,0.14560336889370196,0.0049854905272637,0.0020134597800240683,-0.002972030747239632,-0.005573585113056867,-0.010157351181756834,-0.004583766068699967,-0.1461079485843756,-0.21811935668682728,363,3,-0.004125876069713488,0.04656785778229035,7,7,-0.07201140810245168
260,regenerated_shortfalls_and_labels,total,pooled,-0.16377116430786862,-0.140814768820539,0.02295639548732961,-0.16416781512267428,-0.13799768858919284,0.0003966508148056658,-0.002817080231346164,-0.00321373104615183,0.0011366840378451543,-0.007211585225290974,-0.008348269263136128,0.006380345985753297,-0.03247330846323707,363,3,0.06584182612214301,0.2220773172359443,5,5,-0.03885365444899037
260,regenerated_shortfalls_and_labels,total,family_month,-0.08757516874077126,0.01596739817593843,0.10354256691670968,-0.08707653255014933,0.010826129167098193,-0.0004986361906219317,0.005141269008840238,0.00563990519946217,0.0007879175334437423,-0.011638765954416113,-0.012426683487859854,0.004422677106597368,-0.05240862101216127,363,3,0.06584182612214301,0.2220773172359443,7,7,-0.05683129811875864
260,regenerated_shortfalls_and_labels,total,family_month_minus_pooled,0.07619599556709736,0.15678216699647743,0.08058617142938007,0.07709128257252496,0.14882381775629103,-0.0008952870054275974,0.007958349240186402,0.008853636245614,-0.00034876650440141205,-0.004427180729125139,-0.004078414224723726,-0.001957668879155929,-0.01993531254892419,363,3,0.06584182612214301,0.2220773172359443,7,7,-0.017977643669768263
260,regenerated_shortfalls_and_labels,young_relative,pooled,-0.16302713404283437,-0.13805025134871676,0.024976882694117603,-0.16416781512267428,-0.13799768858919284,0.001140681079839917,-5.2562759523921976e-05,-0.001193243839363839,-0.007915802788313398,0.007031789126396066,0.014947591914709464,-0.20750767833248854,0.15100091482134356,363,3,-0.004125876069713488,0.04656785778229035,5,5,0.3585085931538321
260,regenerated_shortfalls_and_labels,young_relative,family_month,-0.08095036094304571,0.012864843143819043,0.09381520408686475,-0.08707653255014933,0.010826129167098193,0.006126171607103617,0.0020387139767208493,-0.004087457630382768,-0.013489387901370265,-0.00318923474809332,0.010300153153276946,-0.35361562691686416,-0.06848575176043804,363,3,-0.004125876069713488,0.04656785778229035,7,7,0.2851298751564261
260,regenerated_shortfalls_and_labels,young_relative,family_month_minus_pooled,0.08207677309978866,0.15091509449253582,0.06883832139274716,0.07709128257252496,0.14882381775629103,0.0049854905272637,0.0020912767362447904,-0.0028942137910189097,-0.005573585113056867,-0.010221023874489386,-0.00464743876143252,-0.1461079485843756,-0.21948666658178162,363,3,-0.004125876069713488,0.04656785778229035,7,7,-0.07337871799740603
261,fixed_shortfalls_fixed_labels,total,pooled,-0.16377116430786862,-0.17214607036093266,-0.00837490605306404,-0.16416781512267428,-0.17679400778562948,0.0003966508148056658,0.004647937424696824,0.004251286609891158,0.0011366840378451543,0.012166264287307051,0.011029580249461896,0.006380345985753297,0.0682907236511293,363,2,0.06170076814319721,0.17815398105106858,5,5,0.06191037766537601
261,fixed_shortfalls_fixed_labels,total,family_month,-0.08757516874077126,-0.14238538613114549,-0.05481021739037423,-0.08707653255014933,-0.13531697776215562,-0.0004986361906219317,-0.007068408368989865,-0.006569772178367933,0.0007879175334437423,0.011635164894377667,0.010847247360933926,0.004422677106597368,0.06530959805519249,363,2,0.06170076814319721,0.17815398105106858,6,6,0.060886920948595116
261,fixed_shortfalls_fixed_labels,total,family_month_minus_pooled,0.07619599556709736,0.02976068422978717,-0.04643531133731019,0.07709128257252496,0.04147703002347386,-0.0008952870054275974,-0.011716345793686689,-0.010821058788259091,-0.00034876650440141205,-0.0005310993929293836,-0.00018233288852797158,-0.001957668879155929,-0.0029811255959368193,363,2,0.06170076814319721,0.17815398105106858,6,6,-0.0010234567167808901
261,fixed_shortfalls_fixed_labels,young_relative,pooled,-0.16302713404283437,-0.17488942373869337,-0.011862289695859007,-0.16416781512267428,-0.17679400778562948,0.001140681079839917,0.0019045840469361086,0.0007639029670961917,-0.007915802788313398,-0.011756830743263676,-0.003841027954950277,-0.20750767833248854,-0.3081977554676394,363,2,-0.0004626710527536109,0.03814703557923262,5,5,-0.10069007713515085
261,fixed_shortfalls_fixed_labels,young_relative,family_month,-0.08095036094304571,-0.12724913322769857,-0.04629877228465286,-0.08707653255014933,-0.13531697776215562,0.006126171607103617,0.008067844534457053,0.0019416729273534356,-0.013489387901370265,-0.016095514311635903,-0.0026061264102656377,-0.35361562691686416,-0.421933554396514,363,2,-0.0004626710527536109,0.03814703557923262,6,6,-0.06831792747964982
261,fixed_shortfalls_fixed_labels,young_relative,family_month_minus_pooled,0.08207677309978866,0.047640290510994804,-0.03443648258879385,0.07709128257252496,0.04147703002347386,0.0049854905272637,0.006163260487520944,0.001177769960257244,-0.005573585113056867,-0.004338683568372227,0.0012349015446846395,-0.1461079485843756,-0.1137357989288746,363,2,-0.0004626710527536109,0.03814703557923262,6,6,0.03237214965550099
261,regenerated_shortfalls_fixed_labels,total,pooled,-0.16377116430786862,-0.17241410339330562,-0.008642939085437007,-0.16416781512267428,-0.17679400778562948,0.0003966508148056658,0.004379904392323858,0.003983253577518192,0.0011366840378451543,0.009586666998506414,0.008449982960661259,0.006380345985753297,0.04530583197833513,363,2,0.056701840692972134,0.2115989615440828,5,5,0.03892548599258184
261,regenerated_shortfalls_fixed_labels,total,family_month,-0.08757516874077126,-0.13849546779118221,-0.050920299050410955,-0.08707653255014933,-0.13531697776215562,-0.0004986361906219317,-0.0031784900290265927,-0.002679853838404661,0.0007879175334437423,0.007906683806725079,0.007118766273281336,0.004422677106597368,0.03736636394162012,363,2,0.056701840692972134,0.2115989615440828,6,6,0.03294368683502275
261,regenerated_shortfalls_fixed_labels,total,family_month_minus_pooled,0.07619599556709736,0.03391863560212341,-0.04227735996497395,0.07709128257252496,0.04147703002347386,-0.0008952870054275974,-0.007558394421350451,-0.006663107415922853,-0.00034876650440141205,-0.001679983191781335,-0.001331216687379923,-0.001957668879155929,-0.007939468036715015,363,2,0.056701840692972134,0.2115989615440828,6,6,-0.005981799157559085
261,regenerated_shortfalls_fixed_labels,young_relative,pooled,-0.16302713404283437,-0.1628122772775895,0.00021485676524485298,-0.16416781512267428,-0.17679400778562948,0.001140681079839917,0.013981730508039969,0.012841049428200052,-0.007915802788313398,-0.019646037949553663,-0.011730235161240265,-0.20750767833248854,-0.4067670016755075,363,2,-0.0014515813446474694,0.04829801303603778,5,5,-0.19925932334301896
261,regenerated_shortfalls_fixed_labels,young_relative,family_month,-0.08095036094304571,-0.11982152827672683,-0.03887116733368112,-0.08707653255014933,-0.13531697776215562,0.006126171607103617,0.015495449485428789,0.009369277878325172,-0.013489387901370265,-0.02196844866521114,-0.008479060763840876,-0.35361562691686416,-0.4548520173867046,363,2,-0.0014515813446474694,0.04829801303603778,6,6,-0.10123639046984045
261,regenerated_shortfalls_fixed_labels,young_relative,family_month_minus_pooled,0.08207677309978866,0.04299074900086268,-0.039086024098925976,0.07709128257252496,0.04147703002347386,0.0049854905272637,0.0015137189773888199,-0.0034717715498748802,-0.005573585113056867,-0.002322410715657478,0.0032511743973993885,-0.1461079485843756,-0.04808501571119708,363,2,-0.0014515813446474694,0.04829801303603778,6,6,0.09802293287317851
261,regenerated_shortfalls_and_labels,total,pooled,-0.16377116430786862,-0.17239850222383396,-0.008627337915965344,-0.16416781512267428,-0.1768451738184481,0.0003966508148056658,0.004446671594614149,0.004050020779808483,0.0011366840378451543,0.009732496055721424,0.00859581201787627,0.006380345985753297,0.045995008598819775,363,2,0.056701840692972134,0.2115989615440828,5,5,0.03961466261306648
261,regenerated_shortfalls_and_labels,total,family_month,-0.08757516874077126,-0.13907322241497133,-0.05149805367420007,-0.08707653255014933,-0.13591223404341346,-0.0004986361906219317,-0.0031609883715578713,-0.0026623521809359396,0.0007879175334437423,0.008086530856353418,0.007298613322909676,0.004422677106597368,0.0382163069106969,363,2,0.056701840692972134,0.2115989615440828,6,6,0.03379362980409953
261,regenerated_shortfalls_and_labels,total,family_month_minus_pooled,0.07619599556709736,0.03332527980886263,-0.04287071575823473,0.07709128257252496,0.04093293977503465,-0.0008952870054275974,-0.00760765996617202,-0.006712372960744423,-0.00034876650440141205,-0.0016459651993680057,-0.0012971986949665937,-0.001957668879155929,-0.007778701688122882,363,2,0.056701840692972134,0.2115989615440828,6,6,-0.005821032808966953
261,regenerated_shortfalls_and_labels,young_relative,pooled,-0.16302713404283437,-0.16293162455106058,9.550949177378198e-05,-0.16416781512267428,-0.1768451738184481,0.001140681079839917,0.013913549267387526,0.012772868187547609,-0.007915802788313398,-0.019552445827858284,-0.011636643039544885,-0.20750767833248854,-0.4048291968712903,363,2,-0.0014515813446474694,0.04829801303603778,5,5,-0.19732151853880178
261,regenerated_shortfalls_and_labels,young_relative,family_month,-0.08095036094304571,-0.12059890419686374,-0.03964854325381803,-0.08707653255014933,-0.13591223404341346,0.006126171607103617,0.01531332984654972,0.009187158239446103,-0.013489387901370265,-0.021891608683262915,-0.00840222078189265,-0.35361562691686416,-0.4532610620426226,363,2,-0.0014515813446474694,0.04829801303603778,6,6,-0.09964543512575846
261,regenerated_shortfalls_and_labels,young_relative,family_month_minus_pooled,0.08207677309978866,0.04233272035419684,-0.03974405274559181,0.07709128257252496,0.04093293977503465,0.0049854905272637,0.0013997805791621937,-0.0035857099481015065,-0.005573585113056867,-0.0023391628554046313,0.0032344222576522353,-0.1461079485843756,-0.0484318651713323,363,2,-0.0014515813446474694,0.04829801303603778,6,6,0.09767608341304329
262,fixed_shortfalls_fixed_labels,total,pooled,-0.16377116430786862,-0.15411175758734447,0.00965940672052415,-0.16416781512267428,-0.15659527178316685,0.0003966508148056658,0.0024835141958223783,0.0020868633810167125,0.0011366840378451543,0.007437207174440716,0.006300523136595562,0.006380345985753297,0.04174594993927646,363,5,0.06170076814319721,0.17815398105106858,5,5,0.035365603953523166
262,fixed_shortfalls_fixed_labels,total,family_month,-0.08757516874077126,-0.021295586442425657,0.0662795822983456,-0.08707653255014933,-0.01988346553637046,-0.0004986361906219317,-0.0014121209060551955,-0.0009134847154332638,0.0007879175334437423,0.0020702131850213385,0.0012822956515775963,0.004422677106597368,0.011620358819980022,363,5,0.06170076814319721,0.17815398105106858,6,6,0.007197681713382654
262,fixed_shortfalls_fixed_labels,total,family_month_minus_pooled,0.07619599556709736,0.1328161711449188,0.05662017557782145,0.07709128257252496,0.13671180624679638,-0.0008952870054275974,-0.0038956351018775703,-0.003000348096449973,-0.00034876650440141205,-0.005366993989419377,-0.005018227485017965,-0.001957668879155929,-0.030125591119296434,363,5,0.06170076814319721,0.17815398105106858,6,6,-0.028167922240140506
262,fixed_shortfalls_fixed_labels,young_relative,pooled,-0.16302713404283437,-0.15486526499555847,0.008161869047275894,-0.16416781512267428,-0.15659527178316685,0.001140681079839917,0.0017300067876083736,0.0005893257077684566,-0.007915802788313398,-0.010927079184433024,-0.003011276396119625,-0.20750767833248854,-0.2864463520825131,363,5,-0.0004626710527536109,0.03814703557923262,5,5,-0.07893867375002458
262,fixed_shortfalls_fixed_labels,young_relative,family_month,-0.08095036094304571,-0.01132201432684914,0.06962834661619657,-0.08707653255014933,-0.01988346553637046,0.006126171607103617,0.008561451209521322,0.0024352796024177045,-0.013489387901370265,-0.01821199306522959,-0.004722605163859323,-0.35361562691686416,-0.47741568351760105,363,5,-0.0004626710527536109,0.03814703557923262,6,6,-0.1238000566007369
262,fixed_shortfalls_fixed_labels,young_relative,family_month_minus_pooled,0.08207677309978866,0.14354325066870932,0.061466477568920666,0.07709128257252496,0.13671180624679638,0.0049854905272637,0.006831444421912941,0.001845953894649241,-0.005573585113056867,-0.007284913880796565,-0.001711328767739698,-0.1461079485843756,-0.19096933143508787,363,5,-0.0004626710527536109,0.03814703557923262,6,6,-0.044861382850712284
262,regenerated_shortfalls_fixed_labels,total,pooled,-0.16377116430786862,-0.15487954942956894,0.008891614878299675,-0.16416781512267428,-0.15659527178316685,0.0003966508148056658,0.0017157223535979038,0.001319071538792238,0.0011366840378451543,0.004002019577172261,0.002865335539327107,0.006380345985753297,0.019371261889484157,363,5,0.06762960072213221,0.2065957086329409,5,5,0.01299091590373086
262,regenerated_shortfalls_fixed_labels,total,family_month,-0.08757516874077126,-0.018571620115999107,0.06900354862477215,-0.08707653255014933,-0.01988346553637046,-0.0004986361906219317,0.0013118454203713548,0.0018104816109932864,0.0007879175334437423,-0.0038400461828917345,-0.004627963716335477,0.004422677106597368,-0.018587250472440132,363,5,0.06762960072213221,0.2065957086329409,6,6,-0.023009927579037498
262,regenerated_shortfalls_fixed_labels,total,family_month_minus_pooled,0.07619599556709736,0.13630792931356983,0.06011193374647247,0.07709128257252496,0.13671180624679638,-0.0008952870054275974,-0.00040387693322654905,0.0004914100722010484,-0.00034876650440141205,-0.007842065760063997,-0.007493299255662585,-0.001957668879155929,-0.03795851236192429,363,5,0.06762960072213221,0.2065957086329409,6,6,-0.03600084348276836
262,regenerated_shortfalls_fixed_labels,young_relative,pooled,-0.16302713404283437,-0.1566589956811018,0.006368138361732556,-0.16416781512267428,-0.15659527178316685,0.001140681079839917,-6.372389793496414e-05,-0.001204404977774881,-0.007915802788313398,-0.005319243063267649,0.002596559725045749,-0.20750767833248854,-0.10812766368720864,363,5,0.002093955139019915,0.04919409965848461,5,5,0.0993800146452799
262,regenerated_shortfalls_fixed_labels,young_relative,family_month,-0.08095036094304571,-0.015047013516539498,0.0659033474265062,-0.08707653255014933,-0.01988346553637046,0.006126171607103617,0.004836452019830963,-0.001289719587272654,-0.013489387901370265,-0.012202942765335352,0.0012864451360349131,-0.35361562691686416,-0.24805704037782272,363,5,0.002093955139019915,0.04919409965848461,6,6,0.10555858653904143
262,regenerated_shortfalls_fixed_labels,young_relative,family_month_minus_pooled,0.08207677309978866,0.1416119821645623,0.05953520906477365,0.07709128257252496,0.13671180624679638,0.0049854905272637,0.004900175917765925,-8.53146094977747e-05,-0.005573585113056867,-0.006883699702067703,-0.001310114589010836,-0.1461079485843756,-0.1399293766906141,363,5,0.002093955139019915,0.04919409965848461,6,6,0.006178571893761503
262,regenerated_shortfalls_and_labels,total,pooled,-0.16377116430786862,-0.15325834206681654,0.010512822241052072,-0.16416781512267428,-0.15471272907719985,0.0003966508148056658,0.0014543870103833068,0.001057736195577641,0.0011366840378451543,0.003465671802777717,0.002328987764932563,0.006380345985753297,0.016775139356525477,363,5,0.06762960072213221,0.2065957086329409,5,5,0.01039479337077218
262,regenerated_shortfalls_and_labels,total,family_month,-0.08757516874077126,-0.01837708281514444,0.06919808592562682,-0.08707653255014933,-0.01973468909512845,-0.0004986361906219317,0.001357606279984009,0.0018562424706059406,0.0007879175334437423,-0.004020511496552365,-0.0048084290299961075,0.004422677106597368,-0.019460769650814082,363,5,0.06762960072213221,0.2065957086329409,6,6,-0.02388344675741145
262,regenerated_shortfalls_and_labels,total,family_month_minus_pooled,0.07619599556709736,0.1348812592516721,0.058685263684574746,0.07709128257252496,0.1349780399820714,-0.0008952870054275974,-9.678073039928736e-05,0.0007985062750283101,-0.00034876650440141205,-0.007486183299330082,-0.00713741679492867,-0.001957668879155929,-0.036235909007339556,363,5,0.06762960072213221,0.2065957086329409,6,6,-0.034278240128183625
262,regenerated_shortfalls_and_labels,young_relative,pooled,-0.16302713404283437,-0.15478939765640565,0.008237736386428718,-0.16416781512267428,-0.15471272907719985,0.001140681079839917,-7.66685792057964e-05,-0.0012173496590457134,-0.007915802788313398,-0.005302871136818701,0.0026129316514946974,-0.20750767833248854,-0.10779486104293615,363,5,0.002093955139019915,0.04919409965848461,5,5,0.09971281728955239
262,regenerated_shortfalls_and_labels,young_relative,family_month,-0.08095036094304571,-0.015285311107019259,0.06566504983602645,-0.08707653255014933,-0.01973468909512845,0.006126171607103617,0.004449377988109191,-0.0016767936189944262,-0.013489387901370265,-0.012279455647153567,0.0012099322542166984,-0.35361562691686416,-0.2496123667756912,363,5,0.002093955139019915,0.04919409965848461,6,6,0.10400326014117295
262,regenerated_shortfalls_and_labels,young_relative,family_month_minus_pooled,0.08207677309978866,0.1395040865493864,0.05742731344959774,0.07709128257252496,0.1349780399820714,0.0049854905272637,0.004526046567315006,-0.0004594439599486938,-0.005573585113056867,-0.006976584510334866,-0.001402999397277999,-0.1461079485843756,-0.14181750573275506,363,5,0.002093955139019915,0.04919409965848461,6,6,0.0042904428516205295
263,fixed_shortfalls_fixed_labels,total,pooled,-0.16377116430786862,-0.15294019155054298,0.010830972757325641,-0.16416781512267428,-0.15379710490429616,0.0003966508148056658,0.0008569133537531803,0.00046026253894751457,0.0011366840378451543,0.0026805250403030773,0.001543841002457923,0.006380345985753297,0.015046113617493025,363,1,0.06170076814319721,0.17815398105106858,5,5,0.008665767631739728
263,fixed_shortfalls_fixed_labels,total,family_month,-0.08757516874077126,-0.05091790512207984,0.03665726361869142,-0.08707653255014933,-0.04929507857392086,-0.0004986361906219317,-0.0016228265481589774,-0.0011241903575370457,0.0007879175334437423,0.0025836162025338893,0.001795698669090147,0.004422677106597368,0.014502152504766564,363,1,0.06170076814319721,0.17815398105106858,6,6,0.010079475398169196
263,fixed_shortfalls_fixed_labels,total,family_month_minus_pooled,0.07619599556709736,0.10202228642846314,0.025826290861365786,0.07709128257252496,0.1045020263303753,-0.0008952870054275974,-0.0024797399019121508,-0.0015844528964845533,-0.00034876650440141205,-9.690883776918794e-05,0.0002518576666322241,-0.001957668879155929,-0.00054396111272646,363,1,0.06170076814319721,0.17815398105106858,6,6,0.001413707766429469
263,fixed_shortfalls_fixed_labels,young_relative,pooled,-0.16302713404283437,-0.15338780843446684,0.009639325608367527,-0.16416781512267428,-0.15379710490429616,0.001140681079839917,0.0004092964698293178,-0.0007313846100105992,-0.007915802788313398,-0.002695451734013313,0.005220351054300085,-0.20750767833248854,-0.07065953338404954,363,1,-0.0004626710527536109,0.03814703557923262,5,5,0.136848144948439
263,fixed_shortfalls_fixed_labels,young_relative,family_month,-0.08095036094304571,-0.04394031136733714,0.03701004957570857,-0.08707653255014933,-0.04929507857392086,0.006126171607103617,0.005354767206583719,-0.0007714044005198983,-0.013489387901370265,-0.010911454664941365,0.0025779332364289,-0.35361562691686416,-0.2860367653543595,363,1,-0.0004626710527536109,0.03814703557923262,6,6,0.06757886156250464
263,fixed_shortfalls_fixed_labels,young_relative,family_month_minus_pooled,0.08207677309978866,0.1094474970671297,0.02737072396734104,0.07709128257252496,0.1045020263303753,0.0049854905272637,0.004945470736754401,-4.001979050929916e-05,-0.005573585113056867,-0.008216002930928052,-0.002642417817871185,-0.1461079485843756,-0.21537723197030995,363,1,-0.0004626710527536109,0.03814703557923262,6,6,-0.06926928338593435
263,regenerated_shortfalls_fixed_labels,total,pooled,-0.16377116430786862,-0.15419903154620168,0.009572132761666935,-0.16416781512267428,-0.15379710490429616,0.0003966508148056658,-0.00040192664190552563,-0.0007985774567111914,0.0011366840378451543,-0.0017819253835285646,-0.002918609421373719,0.006380345985753297,-0.008029117804321438,363,1,0.047627177387109774,0.22193289810363667,5,5,-0.014409463790074736
263,regenerated_shortfalls_fixed_labels,total,family_month,-0.08757516874077126,-0.0477978289596973,0.03977733978107396,-0.08707653255014933,-0.04929507857392086,-0.0004986361906219317,0.00149724961422356,0.0019958858048454917,0.0007879175334437423,-0.005330986699046724,-0.006118904232490467,0.004422677106597368,-0.024020714119442073,363,1,0.047627177387109774,0.22193289810363667,6,6,-0.028443391226039443
263,regenerated_shortfalls_fixed_labels,total,family_month_minus_pooled,0.07619599556709736,0.10640120258650437,0.030205207019407015,0.07709128257252496,0.1045020263303753,-0.0008952870054275974,0.0018991762561290787,0.002794463261556676,-0.00034876650440141205,-0.00354906131551816,-0.0032002948111167478,-0.001957668879155929,-0.015991596315120635,363,1,0.047627177387109774,0.22193289810363667,6,6,-0.014033927435964705
263,regenerated_shortfalls_fixed_labels,young_relative,pooled,-0.16302713404283437,-0.15312739920413726,0.009899734838697105,-0.16416781512267428,-0.15379710490429616,0.001140681079839917,0.0006697057001588957,-0.0004709753796810212,-0.007915802788313398,-0.0021807654078525654,0.005735037380460833,-0.20750767833248854,-0.045766901542604,363,1,-1.5821808557369743e-05,0.04764940020732036,5,5,0.16174077678988452
263,regenerated_shortfalls_fixed_labels,young_relative,family_month,-0.08095036094304571,-0.045825901893247534,0.035124459049798176,-0.08707653255014933,-0.04929507857392086,0.006126171607103617,0.0034691766806733276,-0.0026569949264302894,-0.013489387901370265,-0.008534117461771372,0.004955270439598893,-0.35361562691686416,-0.17910230610752323,363,1,-1.5821808557369743e-05,0.04764940020732036,6,6,0.17451332080934093
263,regenerated_shortfalls_fixed_labels,young_relative,family_month_minus_pooled,0.08207677309978866,0.10730149731088973,0.02522472421110107,0.07709128257252496,0.1045020263303753,0.0049854905272637,0.002799470980514432,-0.0021860195467492682,-0.005573585113056867,-0.0063533520539188065,-0.0007797669408619399,-0.1461079485843756,-0.13333540456491924,363,1,-1.5821808557369743e-05,0.04764940020732036,6,6,0.01277254401945635
263,regenerated_shortfalls_and_labels,total,pooled,-0.16377116430786862,-0.15419818179021796,0.009572982517650652,-0.16416781512267428,-0.1537900914107983,0.0003966508148056658,-0.0004080903794196622,-0.000804741194225328,0.0011366840378451543,-0.0018090503693866276,-0.002945734407231782,0.006380345985753297,-0.008151339368090664,363,1,0.047627177387109774,0.22193289810363667,5,5,-0.01453168535384396
263,regenerated_shortfalls_and_labels,total,family_month,-0.08757516874077126,-0.047922895479654955,0.039652273261116304,-0.08707653255014933,-0.049462159497055,-0.0004986361906219317,0.0015392640174000452,0.002037900208021977,0.0007879175334437423,-0.005372116672656088,-0.00616003420609983,0.004422677106597368,-0.024206040287670438,363,1,0.047627177387109774,0.22193289810363667,6,6,-0.028628717394267804
263,regenerated_shortfalls_and_labels,total,family_month_minus_pooled,0.07619599556709736,0.10627528631056302,0.03007929074346566,0.07709128257252496,0.1043279319137433,-0.0008952870054275974,0.0019473543968197143,0.0028426414022473118,-0.00034876650440141205,-0.00356306630326946,-0.003214299798868048,-0.001957668879155929,-0.016054700919579775,363,1,0.047627177387109774,0.22193289810363667,6,6,-0.014097032040423845
263,regenerated_shortfalls_and_labels,young_relative,pooled,-0.16302713404283437,-0.15312088812869887,0.009906245914135497,-0.16416781512267428,-0.1537900914107983,0.001140681079839917,0.0006692032820994342,-0.0004714777977404827,-0.007915802788313398,-0.0021792568901309035,0.0057365458981824945,-0.20750767833248854,-0.0457352428498377,363,1,-1.5821808557369743e-05,0.04764940020732036,5,5,0.16177243548265083
263,regenerated_shortfalls_and_labels,young_relative,family_month,-0.08095036094304571,-0.04598057941111956,0.03496978153192615,-0.08707653255014933,-0.049462159497055,0.006126171607103617,0.0034815800859354373,-0.0026445915211681797,-0.013489387901370265,-0.00853640447788663,0.004952983423483635,-0.35361562691686416,-0.17915030285260938,363,1,-1.5821808557369743e-05,0.04764940020732036,6,6,0.17446532406425477
263,regenerated_shortfalls_and_labels,young_relative,family_month_minus_pooled,0.08207677309978866,0.1071403087175793,0.02506353561779065,0.07709128257252496,0.1043279319137433,0.0049854905272637,0.002812376803836003,-0.002173113723427697,-0.005573585113056867,-0.0063571475877557265,-0.0007835624746988599,-0.1461079485843756,-0.13341506000277167,363,1,-1.5821808557369743e-05,0.04764940020732036,6,6,0.012692888581603917
264,fixed_shortfalls_fixed_labels,total,pooled,-0.16377116430786862,-0.16198877332719988,0.0017823909806687355,-0.16416781512267428,-0.16228312876959966,0.0003966508148056658,0.0002943554423997796,-0.00010229537240588615,0.0011366840378451543,0.0008129888321622013,-0.000323695205682953,0.006380345985753297,0.004563405360720817,363,3,0.06170076814319721,0.17815398105106858,5,5,-0.0018169406250324793
264,fixed_shortfalls_fixed_labels,total,family_month,-0.08757516874077126,-0.13594691458670577,-0.04837174584593451,-0.08707653255014933,-0.13425274085421024,-0.0004986361906219317,-0.0016941737324955297,-0.001195537541873598,0.0007879175334437423,0.002835909084313292,0.00204799155086955,0.004422677106597368,0.01591830318683907,363,3,0.06170076814319721,0.17815398105106858,7,7,0.011495626080241702
264,fixed_shortfalls_fixed_labels,total,family_month_minus_pooled,0.07619599556709736,0.02604185874049411,-0.050154136826603246,0.07709128257252496,0.02803038791538942,-0.0008952870054275974,-0.0019885291748953093,-0.001093242169467712,-0.00034876650440141205,0.002022920252151091,0.002371686756552503,-0.001957668879155929,0.011354897826118251,363,3,0.06170076814319721,0.17815398105106858,7,7,0.01331256670527418
264,fixed_shortfalls_fixed_labels,young_relative,pooled,-0.16302713404283437,-0.16232361081307914,0.0007035232297552263,-0.16416781512267428,-0.16228312876959966,0.001140681079839917,-4.048204347947837e-05,-0.0011811631233193953,-0.007915802788313398,0.0002936089667935104,0.008209411755106909,-0.20750767833248854,0.007696770203379897,363,3,-0.0004626710527536109,0.03814703557923262,5,5,0.21520444853586843
264,fixed_shortfalls_fixed_labels,young_relative,family_month,-0.08095036094304571,-0.1321695964643913,-0.051219235521345594,-0.08707653255014933,-0.13425274085421024,0.006126171607103617,0.002083144389818936,-0.004043027217284681,-0.013489387901370265,-0.004905040385322752,0.008584347516047513,-0.35361562691686416,-0.12858247858171903,363,3,-0.0004626710527536109,0.03814703557923262,7,7,0.22503314833514512
264,fixed_shortfalls_fixed_labels,young_relative,family_month_minus_pooled,0.08207677309978866,0.030154014348687835,-0.05192275875110082,0.07709128257252496,0.02803038791538942,0.0049854905272637,0.0021236264332984145,-0.0028618640939652856,-0.005573585113056867,-0.005198649352116263,0.0003749357609406038,-0.1461079485843756,-0.13627924878509892,363,3,-0.0004626710527536109,0.03814703557923262,7,7,0.009828699799276669
264,regenerated_shortfalls_fixed_labels,total,pooled,-0.16377116430786862,-0.16837478232421044,-0.0046036180163418206,-0.16416781512267428,-0.16228312876959966,0.0003966508148056658,-0.006091653554610776,-0.006488304369416442,0.0011366840378451543,-0.013503540767447718,-0.014640224805292873,0.006380345985753297,-0.06402479043208013,363,3,0.04847791611471765,0.21091112796023553,5,5,-0.07040513641783343
264,regenerated_shortfalls_fixed_labels,total,family_month,-0.08757516874077126,-0.12821297055328523,-0.040637801812513974,-0.08707653255014933,-0.13425274085421024,-0.0004986361906219317,0.006039770300925007,0.006538406491546939,0.0007879175334437423,-0.01552724619534238,-0.016315163728786122,0.004422677106597368,-0.0736198528048735,363,3,0.04847791611471765,0.21091112796023553,7,7,-0.07804252991147087
264,regenerated_shortfalls_fixed_labels,total,family_month_minus_pooled,0.07619599556709736,0.040161811770925204,-0.03603418379617215,0.07709128257252496,0.02803038791538942,-0.0008952870054275974,0.012131423855535783,0.01302671086096338,-0.00034876650440141205,-0.0020237054278946613,-0.0016749389234932493,-0.001957668879155929,-0.009595062372793358,363,3,0.04847791611471765,0.21091112796023553,7,7,-0.007637393493637429
264,regenerated_shortfalls_fixed_labels,young_relative,pooled,-0.16302713404283437,-0.1605324230325635,0.002494711010270878,-0.16416781512267428,-0.16228312876959966,0.001140681079839917,0.0017507057370361734,0.0006100246571962564,-0.007915802788313398,-0.009134632076446762,-0.0012188292881333638,-0.20750767833248854,-0.1783239248659391,363,3,-0.0009543604981584863,0.051224938455756985,5,5,0.029183753466549445
264,regenerated_shortfalls_fixed_labels,young_relative,family_month,-0.08095036094304571,-0.12662543245159327,-0.04567507150854756,-0.08707653255014933,-0.13425274085421024,0.006126171607103617,0.007627308402616967,0.0015011367955133498,-0.013489387901370265,-0.011587060452706823,0.001902327448663442,-0.35361562691686416,-0.2261995973448475,363,3,-0.0009543604981584863,0.051224938455756985,7,7,0.12741602957201667
264,regenerated_shortfalls_fixed_labels,young_relative,family_month_minus_pooled,0.08207677309978866,0.033906990580970214,-0.04816978251881844,0.07709128257252496,0.02803038791538942,0.0049854905272637,0.0058766026655807935,0.0008911121383170933,-0.005573585113056867,-0.002452428376260061,0.003121156736796806,-0.1461079485843756,-0.04787567247890839,363,3,-0.0009543604981584863,0.051224938455756985,7,7,0.0982322761054672
264,regenerated_shortfalls_and_labels,total,pooled,-0.16377116430786862,-0.1689349241000804,-0.005163759792211786,-0.16416781512267428,-0.1628088996470461,0.0003966508148056658,-0.006126024453034312,-0.006522675267839978,0.0011366840378451543,-0.013529893000268602,-0.014666577038113757,0.006380345985753297,-0.06414973515678832,363,3,0.04847791611471765,0.21091112796023553,5,5,-0.07053008114254161
264,regenerated_shortfalls_and_labels,total,family_month,-0.08757516874077126,-0.12672365425908932,-0.039148485518318066,-0.08707653255014933,-0.13290288044532803,-0.0004986361906219317,0.006179226186238701,0.006677862376860633,0.0007879175334437423,-0.015669529953815525,-0.016457447487259268,0.004422677106597368,-0.07429446755777536,363,3,0.04847791611471765,0.21091112796023553,7,7,-0.07871714466437273
264,regenerated_shortfalls_and_labels,total,family_month_minus_pooled,0.07619599556709736,0.04221126984099108,-0.03398472572610628,0.07709128257252496,0.029906019201718065,-0.0008952870054275974,0.012305250639273013,0.01320053764470061,-0.00034876650440141205,-0.0021396369535469223,-0.0017908704491455102,-0.001957668879155929,-0.010144732400987027,363,3,0.04847791611471765,0.21091112796023553,7,7,-0.008187063521831097
264,regenerated_shortfalls_and_labels,young_relative,pooled,-0.16302713404283437,-0.1610673045313396,0.0019598295114947595,-0.16416781512267428,-0.1628088996470461,0.001140681079839917,0.0017415951157064846,0.0006009140358665677,-0.007915802788313398,-0.009106973765101604,-0.001191170976788206,-0.20750767833248854,-0.1777839864652508,363,3,-0.0009543604981584863,0.051224938455756985,5,5,0.02972369186723775
264,regenerated_shortfalls_and_labels,young_relative,family_month,-0.08095036094304571,-0.12525226702245992,-0.04430190607941421,-0.08707653255014933,-0.13290288044532803,0.006126171607103617,0.007650613422868102,0.0015244418157644851,-0.013489387901370265,-0.01155014831553353,0.0019392395858367356,-0.35361562691686416,-0.22547900814970037,363,3,-0.0009543604981584863,0.051224938455756985,7,7,0.12813661876716378
264,regenerated_shortfalls_and_labels,young_relative,family_month_minus_pooled,0.08207677309978866,0.03581503750887968,-0.04626173559090897,0.07709128257252496,0.029906019201718065,0.0049854905272637,0.005909018307161618,0.0009235277798979175,-0.005573585113056867,-0.002443174550431925,0.0031304105626249416,-0.1461079485843756,-0.04769502168444959,363,3,-0.0009543604981584863,0.051224938455756985,7,7,0.098412926899926
265,fixed_shortfalls_fixed_labels,total,pooled,-0.16377116430786862,-0.1830876566345721,-0.019316492326703488,-0.16416781512267428,-0.18356126404157266,0.0003966508148056658,0.00047360740700055914,7.695659219489337e-05,0.0011366840378451543,0.0014887502204070215,0.00035206618256186715,0.006380345985753297,0.008356536360421073,363,1,0.06170076814319721,0.17815398105106858,5,5,0.001976190374667776
265,fixed_shortfalls_fixed_labels,total,family_month,-0.08757516874077126,-0.12624620515245316,-0.0386710364116819,-0.08707653255014933,-0.1246501385706683,-0.0004986361906219317,-0.0015960665817848635,-0.0010974303911629318,0.0007879175334437423,0.0025089752012851406,0.0017210576678413983,0.004422677106597368,0.01408318347130246,363,1,0.06170076814319721,0.17815398105106858,7,7,0.009660506364705092
265,fixed_shortfalls_fixed_labels,total,family_month_minus_pooled,0.07619599556709736,0.05684145148211894,-0.019354544084978414,0.07709128257252496,0.058911125470904366,-0.0008952870054275974,-0.0020696739887854226,-0.0011743869833578252,-0.00034876650440141205,0.001020224980878119,0.0013689914852795311,-0.001957668879155929,0.005726647110881386,363,1,0.06170076814319721,0.17815398105106858,7,7,0.007684315990037315
265,fixed_shortfalls_fixed_labels,young_relative,pooled,-0.16302713404283437,-0.18227640116370888,-0.01924926712087452,-0.16416781512267428,-0.18356126404157266,0.001140681079839917,0.0012848628778637794,0.00014418179802386244,-0.007915802788313398,-0.008633493620875876,-0.0007176908325624773,-0.20750767833248854,-0.22632148186046674,363,1,-0.0004626710527536109,0.03814703557923262,5,5,-0.018813803527978207
265,fixed_shortfalls_fixed_labels,young_relative,family_month,-0.08095036094304571,-0.11911581059504579,-0.03816544965200008,-0.08707653255014933,-0.1246501385706683,0.006126171607103617,0.005534327975622505,-0.0005918436314811121,-0.013489387901370265,-0.012294012030747325,0.0011953758706229403,-0.35361562691686416,-0.3222796173823852,363,1,-0.0004626710527536109,0.03814703557923262,7,7,0.03133600953447896
265,fixed_shortfalls_fixed_labels,young_relative,family_month_minus_pooled,0.08207677309978866,0.06316059056866309,-0.018916182531125564,0.07709128257252496,0.058911125470904366,0.0049854905272637,0.004249465097758726,-0.0007360254295049745,-0.005573585113056867,-0.003660518409871449,0.0019130667031854176,-0.1461079485843756,-0.09595813552191845,363,1,-0.0004626710527536109,0.03814703557923262,7,7,0.05014981306245714
265,regenerated_shortfalls_fixed_labels,total,pooled,-0.16377116430786862,-0.18861754218901283,-0.024846377881144216,-0.16416781512267428,-0.18356126404157266,0.0003966508148056658,-0.005056278147440169,-0.005452928962245834,0.0011366840378451543,-0.007465941956859671,-0.008602625994704825,0.006380345985753297,-0.03434041992595516,363,1,0.06078724074039127,0.21740974551149175,5,5,-0.04072076591170845
265,regenerated_shortfalls_fixed_labels,total,family_month,-0.08757516874077126,-0.12296931934963339,-0.03539415060886213,-0.08707653255014933,-0.1246501385706683,-0.0004986361906219317,0.0016808192210349127,0.0021794554116568443,0.0007879175334437423,-0.009904505660571291,-0.010692423194015033,0.004422677106597368,-0.0455568614795502,363,1,0.06078724074039127,0.21740974551149175,7,7,-0.04997953858614757
265,regenerated_shortfalls_fixed_labels,total,family_month_minus_pooled,0.07619599556709736,0.06564822283937945,-0.01054777272771791,0.07709128257252496,0.058911125470904366,-0.0008952870054275974,0.006737097368475081,0.007632384373902679,-0.00034876650440141205,-0.0024385637037116206,-0.0020897971993102085,-0.001957668879155929,-0.011216441553595049,363,1,0.06078724074039127,0.21740974551149175,7,7,-0.00925877267443912
265,regenerated_shortfalls_fixed_labels,young_relative,pooled,-0.16302713404283437,-0.18245314158931883,-0.019426007546484464,-0.16416781512267428,-0.18356126404157266,0.001140681079839917,0.0011081224522538347,-3.25586275860823e-05,-0.007915802788313398,-0.015283142211422109,-0.00736733942310871,-0.20750767833248854,-0.29848310954519186,363,1,0.002242221687884426,0.05120270367964712,5,5,-0.09097543121270332
265,regenerated_shortfalls_fixed_labels,young_relative,family_month,-0.08095036094304571,-0.10876713480126193,-0.027816773858216223,-0.08707653255014933,-0.1246501385706683,0.006126171607103617,0.015883003769406365,0.009756832162302748,-0.013489387901370265,-0.02084666205878697,-0.007357274157416705,-0.35361562691686416,-0.4071398688087918,363,1,0.002242221687884426,0.05120270367964712,7,7,-0.05352424189192767
265,regenerated_shortfalls_fixed_labels,young_relative,family_month_minus_pooled,0.08207677309978866,0.0736860067880569,-0.00839076631173176,0.07709128257252496,0.058911125470904366,0.0049854905272637,0.01477488131715253,0.00978939078988883,-0.005573585113056867,-0.005563519847364862,1.006526569200493e-05,-0.1461079485843756,-0.10865675926359998,363,1,0.002242221687884426,0.05120270367964712,7,7,0.03745118932077561
265,regenerated_shortfalls_and_labels,total,pooled,-0.16377116430786862,-0.1885509471391374,-0.024779782831268776,-0.16416781512267428,-0.18355926450893553,0.0003966508148056658,-0.00499168263020186,-0.005388333445007526,0.0011366840378451543,-0.007372064105511921,-0.008508748143357074,0.006380345985753297,-0.03390861843919619,363,1,0.06078724074039127,0.21740974551149175,5,5,-0.04028896442494948
265,regenerated_shortfalls_and_labels,total,family_month,-0.08757516874077126,-0.12131759597545401,-0.03374242723468275,-0.08707653255014933,-0.12300913841449398,-0.0004986361906219317,0.0016915424390399753,0.002190178629661907,0.0007879175334437423,-0.009889139441129138,-0.010677056974572881,0.004422677106597368,-0.04548618286573737,363,1,0.06078724074039127,0.21740974551149175,7,7,-0.04990885997233474
265,regenerated_shortfalls_and_labels,total,family_month_minus_pooled,0.07619599556709736,0.06723335116368338,-0.008962644403413975,0.07709128257252496,0.06055012609444155,-0.0008952870054275974,0.0066832250692418355,0.007578512074669433,-0.00034876650440141205,-0.0025170753356172177,-0.0021683088312158057,-0.001957668879155929,-0.01157756442654118,363,1,0.06078724074039127,0.21740974551149175,7,7,-0.00961989554738525
265,regenerated_shortfalls_and_labels,young_relative,pooled,-0.16302713404283437,-0.18245323392788346,-0.019426099885049092,-0.16416781512267428,-0.18355926450893553,0.001140681079839917,0.0011060305810520754,-3.4650498787841544e-05,-0.007915802788313398,-0.015295690003481738,-0.00737988721516834,-0.20750767833248854,-0.29872817066809926,363,1,0.002242221687884426,0.05120270367964712,5,5,-0.09122049233561072
265,regenerated_shortfalls_and_labels,young_relative,family_month,-0.08095036094304571,-0.10741232431528416,-0.026461963372238453,-0.08707653255014933,-0.12300913841449398,0.006126171607103617,0.015596814099209821,0.009470642492106204,-0.013489387901370265,-0.020876391188910128,-0.007387003287539863,-0.35361562691686416,-0.4077204852213383,363,1,0.002242221687884426,0.05120270367964712,7,7,-0.054104858304474146
265,regenerated_shortfalls_and_labels,young_relative,family_month_minus_pooled,0.08207677309978866,0.0750409096125993,-0.007035863487189362,0.07709128257252496,0.06055012609444155,0.0049854905272637,0.014490783518157746,0.009505292990894046,-0.005573585113056867,-0.00558070118542839,-7.116072371523424e-06,-0.1461079485843756,-0.10899231455323906,363,1,0.002242221687884426,0.05120270367964712,7,7,0.03711563403113653
266,fixed_shortfalls_fixed_labels,total,pooled,-0.16377116430786862,-0.1765739301254494,-0.012802765817580775,-0.16416781512267428,-0.17493903858017412,0.0003966508148056658,-0.0016348915452752688,-0.0020315423600809346,0.0011366840378451543,-0.004401317812884634,-0.005538001850729788,0.006380345985753297,-0.02470513309283264,363,1,0.06170076814319721,0.17815398105106858,5,5,-0.03108547907858594
266,fixed_shortfalls_fixed_labels,total,family_month,-0.08757516874077126,-0.038945510849075014,0.048629657891696244,-0.08707653255014933,-0.04258339155159255,-0.0004986361906219317,0.0036378807025175333,0.004136516893139465,0.0007879175334437423,-0.005961468614663466,-0.006749386148107208,0.004422677106597368,-0.033462449615170746,363,1,0.06170076814319721,0.17815398105106858,7,7,-0.037885126721768116
266,fixed_shortfalls_fixed_labels,total,family_month_minus_pooled,0.07619599556709736,0.13762841927637437,0.06143242370927701,0.07709128257252496,0.13235564702858157,-0.0008952870054275974,0.005272772247792795,0.006168059253220393,-0.00034876650440141205,-0.0015601508017788323,-0.0012113842973774202,-0.001957668879155929,-0.008757316522338103,363,1,0.06170076814319721,0.17815398105106858,7,7,-0.006799647643182173
266,fixed_shortfalls_fixed_labels,young_relative,pooled,-0.16302713404283437,-0.17262565632316326,-0.009598522280328897,-0.16416781512267428,-0.17493903858017412,0.001140681079839917,0.0023133822570108598,0.0011727011771709428,-0.007915802788313398,-0.01680618522263895,-0.008890382434325552,-0.20750767833248854,-0.440563335196308,363,1,-0.0004626710527536109,0.03814703557923262,5,5,-0.2330556568638195
266,fixed_shortfalls_fixed_labels,young_relative,family_month,-0.08095036094304571,-0.03185855658748544,0.04909180435556027,-0.08707653255014933,-0.04258339155159255,0.006126171607103617,0.01072483496410711,0.004598663357003492,-0.013489387901370265,-0.02435075086967091,-0.010861362968300644,-0.35361562691686416,-0.6383392706647838,363,1,-0.0004626710527536109,0.03814703557923262,7,7,-0.28472364374791964
266,fixed_shortfalls_fixed_labels,young_relative,family_month_minus_pooled,0.08207677309978866,0.14076709973567783,0.058690326635889176,0.07709128257252496,0.13235564702858157,0.0049854905272637,0.008411452707096256,0.0034259621798325562,-0.005573585113056867,-0.007544565647031959,-0.0019709805339750922,-0.1461079485843756,-0.19777593546847572,363,1,-0.0004626710527536109,0.03814703557923262,7,7,-0.051667986884100126
266,regenerated_shortfalls_fixed_labels,total,pooled,-0.16377116430786862,-0.17226343452288811,-0.008492270215019498,-0.16416781512267428,-0.17493903858017412,0.0003966508148056658,0.0026756040572860074,0.0022789532424803416,0.0011366840378451543,0.007711962982725465,0.0065752789448803115,0.006380345985753297,0.03642045931930983,363,1,0.05466313783847969,0.2117480978235946,5,5,0.030040113333556533
266,regenerated_shortfalls_fixed_labels,total,family_month,-0.08757516874077126,-0.046011226831040246,0.04156394190973101,-0.08707653255014933,-0.04258339155159255,-0.0004986361906219317,-0.0034278352794476982,-0.0029291990888257666,0.0007879175334437423,0.008489199371486126,0.007701281838042384,0.004422677106597368,0.04009103013788771,363,1,0.05466313783847969,0.2117480978235946,7,7,0.03566835303129034
266,regenerated_shortfalls_fixed_labels,total,family_month_minus_pooled,0.07619599556709736,0.12625220769184786,0.050056212124750504,0.07709128257252496,0.13235564702858157,-0.0008952870054275974,-0.0061034393367337125,-0.005208152331306115,-0.00034876650440141205,0.0007772363887606605,0.0011260028931620726,-0.001957668879155929,0.0036705708185778793,363,1,0.05466313783847969,0.2117480978235946,7,7,0.005628239697733808
266,regenerated_shortfalls_fixed_labels,young_relative,pooled,-0.16302713404283437,-0.17140441338794715,-0.008377279345112787,-0.16416781512267428,-0.17493903858017412,0.001140681079839917,0.00353462519222697,0.002393944112387053,-0.007915802788313398,-0.014029899632765616,-0.006114096844452218,-0.20750767833248854,-0.277311099987128,363,1,0.0019463543260830184,0.050592636333045615,5,5,-0.06980342165463946
266,regenerated_shortfalls_fixed_labels,young_relative,family_month,-0.08095036094304571,-0.025976504509698378,0.05497385643334733,-0.08707653255014933,-0.04258339155159255,0.006126171607103617,0.01660688704189417,0.010480715434790552,-0.013489387901370265,-0.019245716482786553,-0.005756328581416288,-0.35361562691686416,-0.3804054873933466,363,1,0.0019463543260830184,0.050592636333045615,7,7,-0.026789860476482463
266,regenerated_shortfalls_fixed_labels,young_relative,family_month_minus_pooled,0.08207677309978866,0.14542790887824877,0.06335113577846012,0.07709128257252496,0.13235564702858157,0.0049854905272637,0.0130722618496672,0.0080867713224035,-0.005573585113056867,-0.005215816850020937,0.00035776826303592947,-0.1461079485843756,-0.10309438740621864,363,1,0.0019463543260830184,0.050592636333045615,7,7,0.04301356117815695
266,regenerated_shortfalls_and_labels,total,pooled,-0.16377116430786862,-0.17226132844745418,-0.00849016413958556,-0.16416781512267428,-0.17492696288898713,0.0003966508148056658,0.002665634441532949,0.0022689836267272834,0.0011366840378451543,0.007684077050637032,0.006547393012791877,0.006380345985753297,0.03628876542276458,363,1,0.05466313783847969,0.2117480978235946,5,5,0.029908419437011283
266,regenerated_shortfalls_and_labels,total,family_month,-0.08757516874077126,-0.04515408407910261,0.04242108466166865,-0.08707653255014933,-0.0416832012289978,-0.0004986361906219317,-0.0034708828501048075,-0.002972246659482876,0.0007879175334437423,0.008368776108863435,0.007580858575419693,0.004422677106597368,0.03952232012887023,363,1,0.05466313783847969,0.2117480978235946,7,7,0.03509964302227286
266,regenerated_shortfalls_and_labels,total,family_month_minus_pooled,0.07619599556709736,0.12710724436835158,0.05091124880125422,0.07709128257252496,0.13324376165998933,-0.0008952870054275974,-0.00613651729163775,-0.005241230286210152,-0.00034876650440141205,0.0006846990582264033,0.0010334655626278153,-0.001957668879155929,0.003233554706105647,363,1,0.05466313783847969,0.2117480978235946,7,7,0.005191223585261576
266,regenerated_shortfalls_and_labels,young_relative,pooled,-0.16302713404283437,-0.1714008948538851,-0.008373760811050734,-0.16416781512267428,-0.17492696288898713,0.001140681079839917,0.0035260680351020257,0.0023853869552621088,-0.007915802788313398,-0.013997801003222508,-0.0060819982149091095,-0.20750767833248854,-0.276676647389485,363,1,0.0019463543260830184,0.050592636333045615,5,5,-0.06916896905699646
266,regenerated_shortfalls_and_labels,young_relative,family_month,-0.08095036094304571,-0.02530799511267902,0.05564236583036669,-0.08707653255014933,-0.0416832012289978,0.006126171607103617,0.016375206116318784,0.010249034509215167,-0.013489387901370265,-0.019179400656661065,-0.0056900127552908,-0.35361562691686416,-0.37909470719029614,363,1,0.0019463543260830184,0.050592636333045615,7,7,-0.025479080273431987
266,regenerated_shortfalls_and_labels,young_relative,family_month_minus_pooled,0.08207677309978866,0.1460928997412061,0.06401612664141744,0.07709128257252496,0.13324376165998933,0.0049854905272637,0.012849138081216765,0.007863647553953065,-0.005573585113056867,-0.005181599653438557,0.00039198545961830963,-0.1461079485843756,-0.10241805980081116,363,1,0.0019463543260830184,0.050592636333045615,7,7,0.04368988878356443
267,fixed_shortfalls_fixed_labels,total,pooled,-0.16377116430786862,-0.08785394918051008,0.07591721512735854,-0.16416781512267428,-0.09008127504364563,0.0003966508148056658,0.0022273258631355514,0.0018306750483298856,0.0011366840378451543,0.006451863107281289,0.005315179069436135,0.006380345985753297,0.036215093646612566,363,1,0.06170076814319721,0.17815398105106858,5,5,0.02983474766085927
267,fixed_shortfalls_fixed_labels,total,family_month,-0.08757516874077126,0.04253756547279606,0.1301127342135673,-0.08707653255014933,0.04222077956633908,-0.0004986361906219317,0.0003167859064569789,0.0008154220970789106,0.0007879175334437423,-0.0004787742213932644,-0.0012666917548370066,0.004422677106597368,-0.002687418033369806,363,1,0.06170076814319721,0.17815398105106858,6,6,-0.007110095139967174
267,fixed_shortfalls_fixed_labels,total,family_month_minus_pooled,0.07619599556709736,0.13039151465330615,0.05419551908620879,0.07709128257252496,0.1323020546099847,-0.0008952870054275974,-0.0019105399566785586,-0.0010152529512509612,-0.00034876650440141205,-0.006930637328674554,-0.006581870824273141,-0.001957668879155929,-0.03890251167998237,363,1,0.06170076814319721,0.17815398105106858,6,6,-0.03694484280082644
267,fixed_shortfalls_fixed_labels,young_relative,pooled,-0.16302713404283437,-0.08670964115005857,0.0763174928927758,-0.16416781512267428,-0.09008127504364563,0.001140681079839917,0.0033716338935870643,0.0022309528137471474,-0.007915802788313398,-0.025629928370212322,-0.017714125581898922,-0.20750767833248854,-0.6718720860229921,363,1,-0.0004626710527536109,0.03814703557923262,5,5,-0.4643644076905036
267,fixed_shortfalls_fixed_labels,young_relative,family_month,-0.08095036094304571,0.05449783835644878,0.13544819929949448,-0.08707653255014933,0.04222077956633908,0.006126171607103617,0.0122770587901097,0.006150887183006083,-0.013489387901370265,-0.030143577874088476,-0.01665418997271821,-0.35361562691686416,-0.7901945044059661,363,1,-0.0004626710527536109,0.03814703557923262,6,6,-0.4365788774891019
267,fixed_shortfalls_fixed_labels,young_relative,family_month_minus_pooled,0.08207677309978866,0.14120747950650736,0.059130706406718705,0.07709128257252496,0.1323020546099847,0.0049854905272637,0.008905424896522657,0.003919934369258957,-0.005573585113056867,-0.004513649503876154,0.0010599356091807125,-0.1461079485843756,-0.11832241838297392,363,1,-0.0004626710527536109,0.03814703557923262,6,6,0.027785530201401676
267,regenerated_shortfalls_fixed_labels,total,pooled,-0.16377116430786862,-0.08784916080376698,0.07592200350410164,-0.16416781512267428,-0.09008127504364563,0.0003966508148056658,0.002232114239878652,0.0018354634250729862,0.0011366840378451543,0.007067974801653502,0.005931290763808347,0.006380345985753297,0.03136699356924287,363,1,0.06920391495490136,0.22533159851775067,5,5,0.024986647583489573
267,regenerated_shortfalls_fixed_labels,total,family_month,-0.08757516874077126,0.04200696399965461,0.12958213274042588,-0.08707653255014933,0.04222077956633908,-0.0004986361906219317,-0.00021381556668446933,0.0002848206239374623,0.0007879175334437423,0.0014331855364233016,0.0006452680029795594,0.004422677106597368,0.0063603398096445905,363,1,0.06920391495490136,0.22533159851775067,6,6,0.0019376627030472226
267,regenerated_shortfalls_fixed_labels,total,family_month_minus_pooled,0.07619599556709736,0.1298561248034216,0.05366012923632424,0.07709128257252496,0.1323020546099847,-0.0008952870054275974,-0.0024459298065631074,-0.00155064280113551,-0.00034876650440141205,-0.0056347892652302,-0.0052860227608287885,-0.001957668879155929,-0.02500665375959828,363,1,0.06920391495490136,0.22533159851775067,6,6,-0.023048984880442352
267,regenerated_shortfalls_fixed_labels,young_relative,pooled,-0.16302713404283437,-0.08622360908798624,0.07680352495484813,-0.16416781512267428,-0.09008127504364563,0.001140681079839917,0.003857665955659395,0.002716984875819478,-0.007915802788313398,-0.021107489755489414,-0.013191686967176016,-0.20750767833248854,-0.44082722821577836,363,1,0.0008168885019835554,0.047881547246799404,5,5,-0.23331954988328982
267,regenerated_shortfalls_fixed_labels,young_relative,family_month,-0.08095036094304571,0.061158183843296264,0.14210854478634197,-0.08707653255014933,0.04222077956633908,0.006126171607103617,0.018937404276957184,0.012811232669853567,-0.013489387901370265,-0.024795329049711625,-0.01130594114834136,-0.35361562691686416,-0.5178472809557976,363,1,0.0008168885019835554,0.047881547246799404,6,6,-0.16423165403893342
267,regenerated_shortfalls_fixed_labels,young_relative,family_month_minus_pooled,0.08207677309978866,0.1473817929312825,0.06530501983149385,0.07709128257252496,0.1323020546099847,0.0049854905272637,0.015079738321297803,0.010094247794034103,-0.005573585113056867,-0.003687839294222211,0.0018857458188346558,-0.1461079485843756,-0.07702005274001919,363,1,0.0008168885019835554,0.047881547246799404,6,6,0.0690878958443564
267,regenerated_shortfalls_and_labels,total,pooled,-0.16377116430786862,-0.08785079774914398,0.07592036655872464,-0.16416781512267428,-0.09008205987027194,0.0003966508148056658,0.0022312621211279665,0.0018346113063223007,0.0011366840378451543,0.0070695423798031315,0.005932858341957977,0.006380345985753297,0.03137395033056681,363,1,0.06920391495490136,0.22533159851775067,5,5,0.02499360434481351
267,regenerated_shortfalls_and_labels,total,family_month,-0.08757516874077126,0.043223493298058004,0.13079866203882926,-0.08707653255014933,0.043449429291371654,-0.0004986361906219317,-0.0002259359933136501,0.00027270019730828154,0.0007879175334437423,0.0014135830564905494,0.0006256655230468071,0.004422677106597368,0.006273345885748879,363,1,0.06920391495490136,0.22533159851775067,6,6,0.0018506687791515113
267,regenerated_shortfalls_and_labels,total,family_month_minus_pooled,0.07619599556709736,0.13107429104720197,0.054878295480104616,0.07709128257252496,0.1335314891616436,-0.0008952870054275974,-0.0024571981144416166,-0.0015619111090140192,-0.00034876650440141205,-0.005655959323312582,-0.00530719281891117,-0.001957668879155929,-0.02510060444481793,363,1,0.06920391495490136,0.22533159851775067,6,6,-0.023142935565662003
267,regenerated_shortfalls_and_labels,young_relative,pooled,-0.16302713404283437,-0.08622099961062585,0.07680613443220852,-0.16416781512267428,-0.09008205987027194,0.001140681079839917,0.0038610602596460958,0.002720379179806179,-0.007915802788313398,-0.021120768568431217,-0.013204965780117818,-0.20750767833248854,-0.4411045545284257,363,1,0.0008168885019835554,0.047881547246799404,5,5,-0.23359687619593714
267,regenerated_shortfalls_and_labels,young_relative,family_month,-0.08095036094304571,0.06180495305231266,0.14275531399535837,-0.08707653255014933,0.043449429291371654,0.006126171607103617,0.018355523760941003,0.012229352153837386,-0.013489387901370265,-0.024648636882590943,-0.011159248981220678,-0.35361562691686416,-0.514783633777385,363,1,0.0008168885019835554,0.047881547246799404,6,6,-0.16116800686052085
267,regenerated_shortfalls_and_labels,young_relative,family_month_minus_pooled,0.08207677309978866,0.1480259526629385,0.06594917956314984,0.07709128257252496,0.1335314891616436,0.0049854905272637,0.014494463501294907,0.009508972974031207,-0.005573585113056867,-0.003527868314159726,0.0020457167988971407,-0.1461079485843756,-0.07367907924895938,363,1,0.0008168885019835554,0.047881547246799404,6,6,0.07242886933541622
268,fixed_shortfalls_fixed_labels,total,pooled,-0.16377116430786862,-0.1478853798358081,0.015885784472060516,-0.16416781512267428,-0.14746563689144215,0.0003966508148056658,-0.0004197429443659473,-0.000816393759171613,0.0011366840378451543,-0.001259754758816234,-0.0023964387966613886,0.006380345985753297,-0.007071156936173771,363,5,0.06170076814319721,0.17815398105106858,5,5,-0.013451502921927067
268,fixed_shortfalls_fixed_labels,total,family_month,-0.08757516874077126,-0.0010281098142244296,0.08654705892654684,-0.08707653255014933,-0.005218826713055449,-0.0004986361906219317,0.00419071689883102,0.004689353089452951,0.0007879175334437423,-0.00594250095466499,-0.006730418488108732,0.004422677106597368,-0.0333559818287841,363,5,0.06170076814319721,0.17815398105106858,7,7,-0.037778658935381466
268,fixed_shortfalls_fixed_labels,total,family_month_minus_pooled,0.07619599556709736,0.14685727002158366,0.0706612744544863,0.07709128257252496,0.1422468101783867,-0.0008952870054275974,0.004610459843196968,0.005505746848624565,-0.00034876650440141205,-0.004682746195848756,-0.004333979691447344,-0.001957668879155929,-0.026284824892610328,363,5,0.06170076814319721,0.17815398105106858,7,7,-0.0243271560134544
268,fixed_shortfalls_fixed_labels,young_relative,pooled,-0.16302713404283437,-0.1451977848383282,0.017829349204506156,-0.16416781512267428,-0.14746563689144215,0.001140681079839917,0.0022678520531139446,0.0011271709732740276,-0.007915802788313398,-0.013682054529137512,-0.005766251740824114,-0.20750767833248854,-0.35866625863284823,363,5,-0.0004626710527536109,0.03814703557923262,5,5,-0.1511585803003597
268,fixed_shortfalls_fixed_labels,young_relative,family_month,-0.08095036094304571,0.004507873657977037,0.08545823460102275,-0.08707653255014933,-0.005218826713055449,0.006126171607103617,0.009726700371032487,0.0036005287639288702,-0.013489387901370265,-0.021098646546714655,-0.00760925864534439,-0.35361562691686416,-0.5530874477229584,363,5,-0.0004626710527536109,0.03814703557923262,7,7,-0.1994718208060942
268,fixed_shortfalls_fixed_labels,young_relative,family_month_minus_pooled,0.08207677309978866,0.14970565849630524,0.06762888539651658,0.07709128257252496,0.1422468101783867,0.0049854905272637,0.007458848317918543,0.0024733577906548426,-0.005573585113056867,-0.0074165920175771425,-0.0018430069045202759,-0.1461079485843756,-0.19442118909011008,363,5,-0.0004626710527536109,0.03814703557923262,7,7,-0.04831324050573449
268,regenerated_shortfalls_fixed_labels,total,pooled,-0.16377116430786862,-0.15042803196624757,0.013343132341621045,-0.16416781512267428,-0.14746563689144215,0.0003966508148056658,-0.0029623950748054184,-0.003359045889611084,0.0011366840378451543,-0.01669378441885604,-0.017830468456701193,0.006380345985753297,-0.07927255240835734,363,5,0.06950391408265859,0.21058719457979871,5,5,-0.08565289839411064
268,regenerated_shortfalls_fixed_labels,total,family_month,-0.08757516874077126,-0.0010548870284292076,0.08652028171234205,-0.08707653255014933,-0.005218826713055449,-0.0004986361906219317,0.004163939684626241,0.004662575875248173,0.0007879175334437423,-0.019607277826044812,-0.020395195359488555,0.004422677106597368,-0.09310764533982593,363,5,0.06950391408265859,0.21058719457979871,7,7,-0.0975303224464233
268,regenerated_shortfalls_fixed_labels,total,family_month_minus_pooled,0.07619599556709736,0.14937314493781836,0.073177149370721,0.07709128257252496,0.1422468101783867,-0.0008952870054275974,0.007126334759431668,0.008021621764859266,-0.00034876650440141205,-0.002913493407188772,-0.00256472690278736,-0.001957668879155929,-0.013835092931468581,363,5,0.06950391408265859,0.21058719457979871,7,7,-0.011877424052312652
268,regenerated_shortfalls_fixed_labels,young_relative,pooled,-0.16302713404283437,-0.14498010791332128,0.01804702612951309,-0.16416781512267428,-0.14746563689144215,0.001140681079839917,0.0024855289781208767,0.0013448478982809597,-0.007915802788313398,-0.018949668160140855,-0.011033865371827456,-0.20750767833248854,-0.3837298906192334,363,5,-0.0017036726642290587,0.04938283053624349,5,5,-0.17622221228674487
268,regenerated_shortfalls_fixed_labels,young_relative,family_month,-0.08095036094304571,-0.0020713168362351503,0.07887904410681056,-0.08707653255014933,-0.005218826713055449,0.006126171607103617,0.003147509876820299,-0.0029786617302833183,-0.013489387901370265,-0.02589371129983092,-0.012404323398460655,-0.35361562691686416,-0.5243464381983284,363,5,-0.0017036726642290587,0.04938283053624349,7,7,-0.17073081128146422
268,regenerated_shortfalls_fixed_labels,young_relative,family_month_minus_pooled,0.08207677309978866,0.14290879107708612,0.06083201797729747,0.07709128257252496,0.1422468101783867,0.0049854905272637,0.0006619808986994269,-0.004323509628564273,-0.005573585113056867,-0.0069440431396900655,-0.0013704580266331989,-0.1461079485843756,-0.14061654757909495,363,5,-0.0017036726642290587,0.04938283053624349,7,7,0.005491401005280644
268,regenerated_shortfalls_and_labels,total,pooled,-0.16377116430786862,-0.15574718011407318,0.008023984193795436,-0.16416781512267428,-0.15260334401537906,0.0003966508148056658,-0.0031438360986941194,-0.003540486913499785,0.0011366840378451543,-0.01676723793676177,-0.017903921974606923,0.006380345985753297,-0.07962135575346244,363,5,0.06950391408265859,0.21058719457979871,5,5,-0.08600170173921573
268,regenerated_shortfalls_and_labels,total,family_month,-0.08757516874077126,-0.014765389501460176,0.07280977923931109,-0.08707653255014933,-0.018680062399256136,-0.0004986361906219317,0.00391467289779596,0.004413309088417892,0.0007879175334437423,-0.019705341331263802,-0.020493258864707545,0.004422677106597368,-0.09357331233071141,363,5,0.06950391408265859,0.21058719457979871,7,7,-0.09799598943730878
268,regenerated_shortfalls_and_labels,total,family_month_minus_pooled,0.07619599556709736,0.140981790612613,0.06478579504551565,0.07709128257252496,0.13392328161612294,-0.0008952870054275974,0.007058508996490076,0.007953796001917673,-0.00034876650440141205,-0.0029381033945020327,-0.0025893368901006206,-0.001957668879155929,-0.013951956577248976,363,5,0.06950391408265859,0.21058719457979871,7,7,-0.011994287698093046
268,regenerated_shortfalls_and_labels,young_relative,pooled,-0.16302713404283437,-0.1503274200314541,0.012699714011380259,-0.16416781512267428,-0.15260334401537906,0.001140681079839917,0.0022759239839249545,0.0011352429040850376,-0.007915802788313398,-0.019049663066181714,-0.011133860277868316,-0.20750767833248854,-0.38575478277213404,363,5,-0.0017036726642290587,0.04938283053624349,5,5,-0.1782471044396455
268,regenerated_shortfalls_and_labels,young_relative,family_month,-0.08095036094304571,-0.016583172548778304,0.0643671883942674,-0.08707653255014933,-0.018680062399256136,0.006126171607103617,0.0020968898504778316,-0.0040292817566257855,-0.013489387901370265,-0.02584333825804856,-0.012353950356678293,-0.35361562691686416,-0.5233263864670816,363,5,-0.0017036726642290587,0.04938283053624349,7,7,-0.16971075955021747
268,regenerated_shortfalls_and_labels,young_relative,family_month_minus_pooled,0.08207677309978866,0.1337442474826758,0.051667474382887144,0.07709128257252496,0.13392328161612294,0.0049854905272637,-0.0001790341334471368,-0.005164524660710837,-0.005573585113056867,-0.006793675191866844,-0.0012200900788099777,-0.1461079485843756,-0.13757160369494756,363,5,-0.0017036726642290587,0.04938283053624349,7,7,0.008536344889428032
269,fixed_shortfalls_fixed_labels,total,pooled,-0.16377116430786862,-0.16174470191282328,0.0020264623950453364,-0.16416781512267428,-0.16521131842738268,0.0003966508148056658,0.003466616514559401,0.003069965699753735,0.0011366840378451543,0.00986775102948295,0.008731066991637795,0.006380345985753297,0.055388888708887835,363,1,0.06170076814319721,0.17815398105106858,5,5,0.04900854272313454
269,fixed_shortfalls_fixed_labels,total,family_month,-0.08757516874077126,-0.07175621127663212,0.01581895746413914,-0.08707653255014933,-0.0666050241089066,-0.0004986361906219317,-0.0051511871677255155,-0.004652550977103584,0.0007879175334437423,0.008423606196719882,0.00763568866327614,0.004422677106597368,0.04728272782355181,363,1,0.06170076814319721,0.17815398105106858,6,6,0.04286005071695444
269,fixed_shortfalls_fixed_labels,total,family_month_minus_pooled,0.07619599556709736,0.08998849063619116,0.013792495069093802,0.07709128257252496,0.09860629431847608,-0.0008952870054275974,-0.008617803682284916,-0.007722516676857319,-0.00034876650440141205,-0.0014441448327630682,-0.0010953783283616562,-0.001957668879155929,-0.00810616088533603,363,1,0.06170076814319721,0.17815398105106858,6,6,-0.0061484920061801
269,fixed_shortfalls_fixed_labels,young_relative,pooled,-0.16302713404283437,-0.1652659858863224,-0.0022388518434880433,-0.16416781512267428,-0.16521131842738268,0.001140681079839917,-5.46674589397278e-05,-0.0011953485387796448,-0.007915802788313398,0.00042497703395607595,0.008340779822269474,-0.20750767833248854,0.011140499582815155,363,1,-0.0004626710527536109,0.03814703557923262,5,5,0.2186481779153037
269,fixed_shortfalls_fixed_labels,young_relative,family_month,-0.08095036094304571,-0.06371857799381324,0.01723178294923247,-0.08707653255014933,-0.0666050241089066,0.006126171607103617,0.0028864461150933662,-0.003239725492010251,-0.013489387901370265,-0.006410654448197308,0.007078733453172957,-0.35361562691686416,-0.16805118276837455,363,1,-0.0004626710527536109,0.03814703557923262,6,6,0.1855644441484896
269,fixed_shortfalls_fixed_labels,young_relative,family_month_minus_pooled,0.08207677309978866,0.10154740789250917,0.019470634792720515,0.07709128257252496,0.09860629431847608,0.0049854905272637,0.002941113574033094,-0.002044376953230606,-0.005573585113056867,-0.006835631482153384,-0.0012620463690965174,-0.1461079485843756,-0.1791916823511897,363,1,-0.0004626710527536109,0.03814703557923262,6,6,-0.033083733766814116
269,regenerated_shortfalls_fixed_labels,total,pooled,-0.16377116430786862,-0.16324678255695071,0.0005243817509179016,-0.16416781512267428,-0.16521131842738268,0.0003966508148056658,0.001964535870431966,0.0015678850556263002,0.0011366840378451543,0.004363630173976649,0.003226946136131495,0.006380345985753297,0.020005436325189432,363,1,0.05118811060993191,0.21812221953301136,5,5,0.013625090339436135
269,regenerated_shortfalls_fixed_labels,total,family_month,-0.08757516874077126,-0.06699787938296564,0.020577289357805617,-0.08707653255014933,-0.0666050241089066,-0.0004986361906219317,-0.00039285527405903686,0.00010578091656289479,0.0007879175334437423,0.0049367552879338505,0.004148837754490108,0.004422677106597368,0.02263297750455315,363,1,0.05118811060993191,0.21812221953301136,6,6,0.018210300397955785
269,regenerated_shortfalls_fixed_labels,total,family_month_minus_pooled,0.07619599556709736,0.09624890317398507,0.020052907606887715,0.07709128257252496,0.09860629431847608,-0.0008952870054275974,-0.002357391144491003,-0.0014621041390634054,-0.00034876650440141205,0.0005731251139572012,0.0009218916183586132,-0.001957668879155929,0.002627541179363721,363,1,0.05118811060993191,0.21812221953301136,6,6,0.00458521005851965
269,regenerated_shortfalls_fixed_labels,young_relative,pooled,-0.16302713404283437,-0.1659603332912488,-0.0029331992484144254,-0.16416781512267428,-0.16521131842738268,0.001140681079839917,-0.0007490148638661098,-0.0018896959437060268,-0.007915802788313398,0.010126550849588288,0.018042353637901687,-0.20750767833248854,0.21570974782331467,363,1,-0.0003592166510566395,0.046945263029479906,5,5,0.4232174261558032
269,regenerated_shortfalls_fixed_labels,young_relative,family_month,-0.08095036094304571,-0.07039590257351,0.01055445836953571,-0.08707653255014933,-0.0666050241089066,0.006126171607103617,-0.003790878464603395,-0.009917050071707012,-0.013489387901370265,0.008023738461537507,0.021513126362907774,-0.35361562691686416,0.17091689222188175,363,1,-0.0003592166510566395,0.046945263029479906,6,6,0.5245325191387459
269,regenerated_shortfalls_fixed_labels,young_relative,family_month_minus_pooled,0.08207677309978866,0.09556443071773879,0.013487657617950136,0.07709128257252496,0.09860629431847608,0.0049854905272637,-0.003041863600737285,-0.008027354128000985,-0.005573585113056867,-0.0021028123880507815,0.003470772725006085,-0.1461079485843756,-0.04479285560143294,363,1,-0.0003592166510566395,0.046945263029479906,6,6,0.10131509298294265
269,regenerated_shortfalls_and_labels,total,pooled,-0.16377116430786862,-0.16323361736870295,0.0005375469391656618,-0.16416781512267428,-0.1652220367983446,0.0003966508148056658,0.001988419429641647,0.001591768614835981,0.0011366840378451543,0.004419511781964371,0.0032828277441192166,0.006380345985753297,0.020261630343879327,363,1,0.05118811060993191,0.21812221953301136,5,5,0.01388128435812603
269,regenerated_shortfalls_and_labels,total,family_month,-0.08757516874077126,-0.0621499790473566,0.02542518969341466,-0.08707653255014933,-0.06171488716861868,-0.0004986361906219317,-0.00043509187873792127,6.354431188401038e-05,0.0007879175334437423,0.0048013757591706735,0.004013458225726931,0.004422677106597368,0.02201231845820282,363,1,0.05118811060993191,0.21812221953301136,6,6,0.01758964135160545
269,regenerated_shortfalls_and_labels,total,family_month_minus_pooled,0.07619599556709736,0.10108363832134636,0.024887642754248998,0.07709128257252496,0.10350714962972593,-0.0008952870054275974,-0.002423511308379575,-0.0015282243029519776,-0.00034876650440141205,0.0003818639772063025,0.0007306304816077146,-0.001957668879155929,0.0017506881143234923,363,1,0.05118811060993191,0.21812221953301136,6,6,0.0037083569934794215
269,regenerated_shortfalls_and_labels,young_relative,pooled,-0.16302713404283437,-0.16597301447051055,-0.002945880427676184,-0.16416781512267428,-0.1652220367983446,0.001140681079839917,-0.0007509776721659478,-0.0018916587520058648,-0.007915802788313398,0.010116418550129968,0.018032221338443365,-0.20750767833248854,0.215493915622056,363,1,-0.0003592166510566395,0.046945263029479906,5,5,0.4230015939545445
269,regenerated_shortfalls_and_labels,young_relative,family_month,-0.08095036094304571,-0.06557685501823615,0.015373505924809558,-0.08707653255014933,-0.06171488716861868,0.006126171607103617,-0.0038619678496174745,-0.009988139456721092,-0.013489387901370265,0.007985090920716028,0.021474478822086293,-0.35361562691686416,0.17009364535249666,363,1,-0.0003592166510566395,0.046945263029479906,6,6,0.5237092722693608
269,regenerated_shortfalls_and_labels,young_relative,family_month_minus_pooled,0.08207677309978866,0.1003961594522744,0.018319386352485742,0.07709128257252496,0.10350714962972593,0.0049854905272637,-0.0031109901774515336,-0.008096480704715234,-0.005573585113056867,-0.00213132762941394,0.0034422574836429267,-0.1461079485843756,-0.04540027026955935,363,1,-0.0003592166510566395,0.046945263029479906,6,6,0.10070767831481625
270,fixed_shortfalls_fixed_labels,total,pooled,-0.16377116430786862,-0.11771214984582368,0.04605901446204494,-0.16416781512267428,-0.11899782981395966,0.0003966508148056658,0.001285679968135986,0.0008890291533303202,0.0011366840378451543,0.003749231584641275,0.0026125475467961208,0.006380345985753297,0.021044893650546837,363,2,0.06170076814319721,0.17815398105106858,5,5,0.01466454766479354
270,fixed_shortfalls_fixed_labels,total,family_month,-0.08757516874077126,0.012617916833020642,0.1001930855737919,-0.08707653255014933,0.0126261933844186,-0.0004986361906219317,-8.276551397958312e-06,0.0004903596392239733,0.0007879175334437423,1.378148362615455e-05,-0.0007741360498175877,0.004422677106597368,7.735714658099068e-05,363,2,0.06170076814319721,0.17815398105106858,7,7,-0.004345319960016377
270,fixed_shortfalls_fixed_labels,total,family_month_minus_pooled,0.07619599556709736,0.1303300666788443,0.05413407111174695,0.07709128257252496,0.13162402319837826,-0.0008952870054275974,-0.0012939565195339564,-0.000398669514106359,-0.00034876650440141205,-0.0037354501010151207,-0.0033866835966137087,-0.001957668879155929,-0.02096753650396585,363,2,0.06170076814319721,0.17815398105106858,7,7,-0.019009867624809922
270,fixed_shortfalls_fixed_labels,young_relative,pooled,-0.16302713404283437,-0.11658219266779968,0.04644494137503469,-0.16416781512267428,-0.11899782981395966,0.001140681079839917,0.002415637146159985,0.0012749560663200682,-0.007915802788313398,-0.016063911862692588,-0.00814810907437919,-0.20750767833248854,-0.42110511652543287,363,2,-0.0004626710527536109,0.03814703557923262,5,5,-0.21359743819294433
270,fixed_shortfalls_fixed_labels,young_relative,family_month,-0.08095036094304571,0.023219482790787865,0.10416984373383358,-0.08707653255014933,0.0126261933844186,0.006126171607103617,0.010593289406369265,0.004467117799265648,-0.013489387901370265,-0.022311143971796715,-0.00882175607042645,-0.35361562691686416,-0.5848722877943097,363,2,-0.0004626710527536109,0.03814703557923262,7,7,-0.2312566608774455
270,fixed_shortfalls_fixed_labels,young_relative,family_month_minus_pooled,0.08207677309978866,0.13980167545858754,0.05772490235879889,0.07709128257252496,0.13162402319837826,0.0049854905272637,0.008177652260209278,0.003192161732945578,-0.005573585113056867,-0.006247232109104127,-0.0006736469960472603,-0.1461079485843756,-0.16376717126887683,363,2,-0.0004626710527536109,0.03814703557923262,7,7,-0.017659222684501236
270,regenerated_shortfalls_fixed_labels,total,pooled,-0.16377116430786862,-0.11824905571503558,0.04552210859283304,-0.16416781512267428,-0.11899782981395966,0.0003966508148056658,0.0007487740989240849,0.0003521232841184191,0.0011366840378451543,0.009516223117492,0.008379539079646845,0.006380345985753297,0.04331699577449578,363,2,0.06525392009332273,0.21968797575511853,5,5,0.03693664978874248
270,regenerated_shortfalls_fixed_labels,total,family_month,-0.08757516874077126,0.009621908645605545,0.0971970773863768,-0.08707653255014933,0.0126261933844186,-0.0004986361906219317,-0.0030042847388130553,-0.0025056485481911236,0.0007879175334437423,0.0028408462684536536,0.0020529287350099113,0.004422677106597368,0.01293127791217979,363,2,0.06525392009332273,0.21968797575511853,7,7,0.008508600805582422
270,regenerated_shortfalls_fixed_labels,total,family_month_minus_pooled,0.07619599556709736,0.12787096436064113,0.051674968793543774,0.07709128257252496,0.13162402319837826,-0.0008952870054275974,-0.0037530588377371332,-0.002857771832309536,-0.00034876650440141205,-0.006675376849038346,-0.0063266103446369334,-0.001957668879155929,-0.030385717862315986,363,2,0.06525392009332273,0.21968797575511853,7,7,-0.028428048983160058
270,regenerated_shortfalls_fixed_labels,young_relative,pooled,-0.16302713404283437,-0.11997976475713919,0.04304736928569518,-0.16416781512267428,-0.11899782981395966,0.001140681079839917,-0.0009819349431795243,-0.0021226160230194413,-0.007915802788313398,-0.012263008926798644,-0.004347206138485245,-0.20750767833248854,-0.24143009580351724,363,2,0.00014764507679303231,0.05079320739191784,5,5,-0.0339224174710287
270,regenerated_shortfalls_fixed_labels,young_relative,family_month,-0.08095036094304571,0.010160578105733188,0.0911109390487789,-0.08707653255014933,0.0126261933844186,0.006126171607103617,-0.0024656152786854124,-0.00859178688578903,-0.013489387901370265,-0.014407671589264115,-0.0009182836878938502,-0.35361562691686416,-0.2836535105589069,363,2,0.00014764507679303231,0.05079320739191784,7,7,0.06996211635795724
270,regenerated_shortfalls_fixed_labels,young_relative,family_month_minus_pooled,0.08207677309978866,0.13014034286287238,0.04806356976308372,0.07709128257252496,0.13162402319837826,0.0049854905272637,-0.001483680335505888,-0.006469170862769588,-0.005573585113056867,-0.0021446626624654717,0.003428922450591395,-0.1461079485843756,-0.042223414755389675,363,2,0.00014764507679303231,0.05079320739191784,7,7,0.10388453382898591
270,regenerated_shortfalls_and_labels,total,pooled,-0.16377116430786862,-0.11821312337703907,0.045558040930829546,-0.16416781512267428,-0.11897066723763325,0.0003966508148056658,0.0007575438605941787,0.0003608930457885129,0.0011366840378451543,0.009624142608273566,0.008487458570428411,0.006380345985753297,0.04380823563598852,363,2,0.06525392009332273,0.21968797575511853,5,5,0.037427889650235226
270,regenerated_shortfalls_and_labels,total,family_month,-0.08757516874077126,0.012087422920092973,0.09966259166086423,-0.08707653255014933,0.015042034140240896,-0.0004986361906219317,-0.0029546112201479235,-0.002455975029525992,0.0007879175334437423,0.002839544330808482,0.0020516267973647397,0.004422677106597368,0.012925351608563507,363,2,0.06525392009332273,0.21968797575511853,7,7,0.008502674501966139
270,regenerated_shortfalls_and_labels,total,family_month_minus_pooled,0.07619599556709736,0.13030054629713203,0.05410455073003467,0.07709128257252496,0.13401270137787413,-0.0008952870054275974,-0.003712155080742102,-0.0028168680753145048,-0.00034876650440141205,-0.006784598277465083,-0.006435831773063672,-0.001957668879155929,-0.030882884027425013,363,2,0.06525392009332273,0.21968797575511853,7,7,-0.028925215148269085
270,regenerated_shortfalls_and_labels,young_relative,pooled,-0.16302713404283437,-0.11996484464392584,0.04306228939890852,-0.16416781512267428,-0.11897066723763325,0.001140681079839917,-0.0009941774062925957,-0.0021348584861325126,-0.007915802788313398,-0.012353540718492956,-0.004437737930179557,-0.20750767833248854,-0.24321245601156186,363,2,0.00014764507679303231,0.05079320739191784,5,5,-0.03570477767907332
270,regenerated_shortfalls_and_labels,young_relative,family_month,-0.08095036094304571,0.012178841796434714,0.09312920273948043,-0.08707653255014933,0.015042034140240896,0.006126171607103617,-0.002863192343806182,-0.008989363950909799,-0.013489387901370265,-0.014354460433527675,-0.0008650725321574099,-0.35361562691686416,-0.28260590678531833,363,2,0.00014764507679303231,0.05079320739191784,7,7,0.07100972013154583
270,regenerated_shortfalls_and_labels,young_relative,family_month_minus_pooled,0.08207677309978866,0.13214368644036056,0.05006691334057191,0.07709128257252496,0.13401270137787413,0.0049854905272637,-0.001869014937513569,-0.006854505464777269,-0.005573585113056867,-0.0020009197150347192,0.0035726653980221474,-0.1461079485843756,-0.03939345077375648,363,2,0.00014764507679303231,0.05079320739191784,7,7,0.10671449781061912
271,fixed_shortfalls_fixed_labels,total,pooled,-0.16377116430786862,-0.2052899262825467,-0.041518761974678076,-0.16416781512267428,-0.2019946067711015,0.0003966508148056658,-0.0032953195114451828,-0.0036919703262508485,0.0011366840378451543,-0.009735299875679945,-0.0108719839135251,0.006380345985753297,-0.05464542424617096,363,2,0.06170076814319721,0.17815398105106858,5,5,-0.06102577023192425
271,fixed_shortfalls_fixed_labels,total,family_month,-0.08757516874077126,-0.10415331952302899,-0.01657815078225773,-0.08707653255014933,-0.10935933030924111,-0.0004986361906219317,0.00520601078621212,0.005704646976834052,0.0007879175334437423,-0.00880783114899346,-0.009595748682437202,0.004422677106597368,-0.049439429290489216,363,2,0.06170076814319721,0.17815398105106858,6,6,-0.053862106397086586
271,fixed_shortfalls_fixed_labels,total,family_month_minus_pooled,0.07619599556709736,0.1011366067595177,0.024940611192420345,0.07709128257252496,0.0926352764618604,-0.0008952870054275974,0.008501330297657303,0.0093966173030849,-0.00034876650440141205,0.0009274687266864843,0.0012762352310878963,-0.001957668879155929,0.005205994955681746,363,2,0.06170076814319721,0.17815398105106858,6,6,0.007163663834837675
271,fixed_shortfalls_fixed_labels,young_relative,pooled,-0.16302713404283437,-0.20093656025914916,-0.037909426216314795,-0.16416781512267428,-0.2019946067711015,0.001140681079839917,0.0010580465119523486,-8.26345678875684e-05,-0.007915802788313398,-0.007069832410861894,0.0008459703774515047,-0.20750767833248854,-0.18533110904981395,363,2,-0.0004626710527536109,0.03814703557923262,5,5,0.022176569282674585
271,fixed_shortfalls_fixed_labels,young_relative,family_month,-0.08095036094304571,-0.10295470452562933,-0.022004343582583616,-0.08707653255014933,-0.10935933030924111,0.006126171607103617,0.006404625783611784,0.0002784541765081666,-0.013489387901370265,-0.014093604871007498,-0.0006042169696372328,-0.35361562691686416,-0.3694547861192156,363,2,-0.0004626710527536109,0.03814703557923262,6,6,-0.01583915920235146
271,fixed_shortfalls_fixed_labels,young_relative,family_month_minus_pooled,0.08207677309978866,0.09798185573351983,0.01590508263373118,0.07709128257252496,0.0926352764618604,0.0049854905272637,0.005346579271659435,0.000361088744395735,-0.005573585113056867,-0.007023772460145604,-0.0014501873470887374,-0.1461079485843756,-0.1841236770694017,363,2,-0.0004626710527536109,0.03814703557923262,6,6,-0.0380157284850261
271,regenerated_shortfalls_fixed_labels,total,pooled,-0.16377116430786862,-0.20211763688649584,-0.03834647257862722,-0.16416781512267428,-0.2019946067711015,0.0003966508148056658,-0.00012303011539432918,-0.000519680930199995,0.0011366840378451543,-0.0045591275547457845,-0.005695811592590938,0.006380345985753297,-0.01989707867978756,363,2,0.05386425470170752,0.22913552427056402,5,5,-0.02627742466554086
271,regenerated_shortfalls_fixed_labels,total,family_month,-0.08757516874077126,-0.10720258319064628,-0.019627414449875022,-0.08707653255014933,-0.10935933030924111,-0.0004986361906219317,0.002156747118594829,0.0026553833092167606,0.0007879175334437423,-0.0026365073157431727,-0.003424424849186915,0.004422677106597368,-0.011506322837265407,363,2,0.05386425470170752,0.22913552427056402,6,6,-0.015928999943862775
271,regenerated_shortfalls_fixed_labels,total,family_month_minus_pooled,0.07619599556709736,0.09491505369584956,0.0187190581287522,0.07709128257252496,0.0926352764618604,-0.0008952870054275974,0.002279777233989158,0.0031750642394167555,-0.00034876650440141205,0.0019226202390026119,0.002271386743404024,-0.001957668879155929,0.008390755842522154,363,2,0.05386425470170752,0.22913552427056402,6,6,0.010348424721678084
271,regenerated_shortfalls_fixed_labels,young_relative,pooled,-0.16302713404283437,-0.20293454312236106,-0.039907409079526696,-0.16416781512267428,-0.2019946067711015,0.001140681079839917,-0.0009399363512595516,-0.0020806174310994685,-0.007915802788313398,-0.014527029281098221,-0.006611226492784823,-0.20750767833248854,-0.295347323536444,363,2,0.003030472602802945,0.049186256733779674,5,5,-0.08783964520395546
271,regenerated_shortfalls_fixed_labels,young_relative,family_month,-0.08095036094304571,-0.10652951025648745,-0.02557914931344174,-0.08707653255014933,-0.10935933030924111,0.006126171607103617,0.0028298200527536593,-0.0032963515543499577,-0.013489387901370265,-0.017783862801528175,-0.0042944749001579095,-0.35361562691686416,-0.36156162274724885,363,2,0.003030472602802945,0.049186256733779674,6,6,-0.007945995830384689
271,regenerated_shortfalls_fixed_labels,young_relative,family_month_minus_pooled,0.08207677309978866,0.09640503286587361,0.014328259766084955,0.07709128257252496,0.0926352764618604,0.0049854905272637,0.003769756404013211,-0.0012157341232504892,-0.005573585113056867,-0.0032568335204299532,0.0023167515926269134,-0.1461079485843756,-0.06621429921080488,363,2,0.003030472602802945,0.049186256733779674,6,6,0.07989364937357071
271,regenerated_shortfalls_and_labels,total,pooled,-0.16377116430786862,-0.20210610788813832,-0.038334943580269704,-0.16416781512267428,-0.20198215924886864,0.0003966508148056658,-0.00012394863926967759,-0.0005205994540753434,0.0011366840378451543,-0.0045960670985368025,-0.005732751136381957,0.006380345985753297,-0.020058291324176126,363,2,0.05386425470170752,0.22913552427056402,5,5,-0.026438637309929423
271,regenerated_shortfalls_and_labels,total,family_month,-0.08757516874077126,-0.10709098265136238,-0.019515813910591123,-0.08707653255014933,-0.10931043626233444,-0.0004986361906219317,0.002219453610972061,0.0027180898015939925,0.0007879175334437423,-0.002700004510611526,-0.003487922044055268,0.004422677106597368,-0.011783439164253515,363,2,0.05386425470170752,0.22913552427056402,6,6,-0.016206116270850883
271,regenerated_shortfalls_and_labels,total,family_month_minus_pooled,0.07619599556709736,0.09501512523677594,0.01881912966967858,0.07709128257252496,0.0926717229865342,-0.0008952870054275974,0.0023434022502417384,0.003238689255669336,-0.00034876650440141205,0.0018960625879252766,0.0022448290923266887,-0.001957668879155929,0.00827485215992261,363,2,0.05386425470170752,0.22913552427056402,6,6,0.01023252103907854
271,regenerated_shortfalls_and_labels,young_relative,pooled,-0.16302713404283437,-0.20291797289439836,-0.039890838851564,-0.16416781512267428,-0.20198215924886864,0.001140681079839917,-0.0009358136455297206,-0.0020764947253696375,-0.007915802788313398,-0.014453124328996652,-0.006537321540683254,-0.20750767833248854,-0.2938447706485188,363,2,0.003030472602802945,0.049186256733779674,5,5,-0.08633709231603029
271,regenerated_shortfalls_and_labels,young_relative,family_month,-0.08095036094304571,-0.10665705117668478,-0.02570669023363907,-0.08707653255014933,-0.10931043626233444,0.006126171607103617,0.002653385085649662,-0.003472786521453955,-0.013489387901370265,-0.017708327841585093,-0.0042189399402148275,-0.35361562691686416,-0.36002593036163155,363,2,0.003030472602802945,0.049186256733779674,6,6,-0.006410303444767396
271,regenerated_shortfalls_and_labels,young_relative,family_month_minus_pooled,0.08207677309978866,0.09626092171771358,0.014184148617924927,0.07709128257252496,0.0926717229865342,0.0049854905272637,0.0035891987311793827,-0.0013962917960843174,-0.005573585113056867,-0.0032552035125884404,0.0023183816004684263,-0.1461079485843756,-0.06618115971311275,363,2,0.003030472602802945,0.049186256733779674,6,6,0.07992678887126284
272,fixed_shortfalls_fixed_labels,total,pooled,-0.16377116430786862,-0.11205297938710221,0.05171818492076641,-0.16416781512267428,-0.11399523773341269,0.0003966508148056658,0.0019422583463104826,0.0015456075315048168,0.0011366840378451543,0.005219784372101656,0.004083100334256502,0.006380345985753297,0.029299285602859375,363,2,0.06170076814319721,0.17815398105106858,5,5,0.022918939617106077
272,fixed_shortfalls_fixed_labels,total,family_month,-0.08757516874077126,-0.07242772547773335,0.015147443263037907,-0.08707653255014933,-0.06825359829850043,-0.0004986361906219317,-0.00417412717923292,-0.0036754909886109882,0.0007879175334437423,0.006740157453271268,0.005952239919827526,0.004422677106597368,0.0378333249333293,363,2,0.06170076814319721,0.17815398105106858,6,6,0.03341064782673193
272,fixed_shortfalls_fixed_labels,total,family_month_minus_pooled,0.07619599556709736,0.03962525390936886,-0.0365707416577285,0.07709128257252496,0.04574163943491226,-0.0008952870054275974,-0.006116385525543402,-0.005221098520115805,-0.00034876650440141205,0.001520373081169612,0.001869139585571024,-0.001957668879155929,0.008534039330469919,363,2,0.06170076814319721,0.17815398105106858,6,6,0.010491708209625849
272,fixed_shortfalls_fixed_labels,young_relative,pooled,-0.16302713404283437,-0.11263984681630661,0.05038728722652776,-0.16416781512267428,-0.11399523773341269,0.001140681079839917,0.0013553909171060835,0.00021470983726616655,-0.007915802788313398,-0.011048873779310558,-0.0031330709909971593,-0.20750767833248854,-0.2896391190440392,363,2,-0.0004626710527536109,0.03814703557923262,5,5,-0.08213144071155068
272,fixed_shortfalls_fixed_labels,young_relative,family_month,-0.08095036094304571,-0.06268121968264867,0.01826914126039704,-0.08707653255014933,-0.06825359829850043,0.006126171607103617,0.005572378615851761,-0.0005537929912518558,-0.013489387901370265,-0.012681165683274686,0.0008082222180955789,-0.35361562691686416,-0.3324286013505688,363,2,-0.0004626710527536109,0.03814703557923262,6,6,0.02118702556629537
272,fixed_shortfalls_fixed_labels,young_relative,family_month_minus_pooled,0.08207677309978866,0.04995862713365794,-0.03211814596613072,0.07709128257252496,0.04574163943491226,0.0049854905272637,0.004216987698745678,-0.0007685028285180223,-0.005573585113056867,-0.0016322919039641285,0.003941293209092738,-0.1461079485843756,-0.042789482306529576,363,2,-0.0004626710527536109,0.03814703557923262,6,6,0.10331846627784602
272,regenerated_shortfalls_fixed_labels,total,pooled,-0.16377116430786862,-0.11257927795162243,0.05119188635624619,-0.16416781512267428,-0.11399523773341269,0.0003966508148056658,0.0014159597817902658,0.0010193089669846,0.0011366840378451543,0.014409431520894403,0.013272747483049248,0.006380345985753297,0.06729703586671691,363,2,0.06414292145637644,0.21411688249438746,5,5,0.06091668988096362
272,regenerated_shortfalls_fixed_labels,total,family_month,-0.08757516874077126,-0.07928062234069899,0.008294546400072267,-0.08707653255014933,-0.06825359829850043,-0.0004986361906219317,-0.01102702404219856,-0.010528387851576629,0.0007879175334437423,0.01221445494068498,0.011426537407241238,0.004422677106597368,0.057045735013469344,363,2,0.06414292145637644,0.21411688249438746,6,6,0.052623057906871974
272,regenerated_shortfalls_fixed_labels,total,family_month_minus_pooled,0.07619599556709736,0.03329865561092343,-0.042897339956173924,0.07709128257252496,0.04574163943491226,-0.0008952870054275974,-0.012442983823988826,-0.011547696818561229,-0.00034876650440141205,-0.0021949765802094234,-0.0018462100758080114,-0.001957668879155929,-0.010251300853247568,363,2,0.06414292145637644,0.21411688249438746,6,6,-0.008293631974091638
272,regenerated_shortfalls_fixed_labels,young_relative,pooled,-0.16302713404283437,-0.10756734110997981,0.05545979293285455,-0.16416781512267428,-0.11399523773341269,0.001140681079839917,0.006427896623432877,0.00528721554359296,-0.007915802788313398,-0.020433186114808086,-0.012517383326494687,-0.20750767833248854,-0.416045695171083,363,2,-0.0005393338053072877,0.04911284109406712,5,5,-0.20853801683859444
272,regenerated_shortfalls_fixed_labels,young_relative,family_month,-0.08095036094304571,-0.054833192520021945,0.026117168423023765,-0.08707653255014933,-0.06825359829850043,0.006126171607103617,0.013420405778478486,0.007294234171374869,-0.013489387901370265,-0.021701382518063313,-0.008211994616693048,-0.35361562691686416,-0.4418677892508414,363,2,-0.0005393338053072877,0.04911284109406712,6,6,-0.08825216233397726
272,regenerated_shortfalls_fixed_labels,young_relative,family_month_minus_pooled,0.08207677309978866,0.05273414858995787,-0.029342624509830786,0.07709128257252496,0.04574163943491226,0.0049854905272637,0.006992509155045609,0.002007018627781909,-0.005573585113056867,-0.001268196403255227,0.00430538870980164,-0.1461079485843756,-0.02582209407975843,363,2,-0.0005393338053072877,0.04911284109406712,6,6,0.12028585450461717
272,regenerated_shortfalls_and_labels,total,pooled,-0.16377116430786862,-0.11321603842856327,0.05055512587930534,-0.16416781512267428,-0.11467872564569516,0.0003966508148056658,0.001462687217131886,0.0010660364023262203,0.0011366840378451543,0.01439002647760316,0.013253342439758006,0.006380345985753297,0.06720640759366725,363,2,0.06414292145637644,0.21411688249438746,5,5,0.060826061607913956
272,regenerated_shortfalls_and_labels,total,family_month,-0.08757516874077126,-0.08089546041943595,0.006679708321335312,-0.08707653255014933,-0.06996705285550853,-0.0004986361906219317,-0.01092840756392742,-0.010429771373305488,0.0007879175334437423,0.01221753220070932,0.011429614667265577,0.004422677106597368,0.057060106883582956,363,2,0.06414292145637644,0.21411688249438746,6,6,0.052637429776985586
272,regenerated_shortfalls_and_labels,total,family_month_minus_pooled,0.07619599556709736,0.032320578009127326,-0.04387541755797003,0.07709128257252496,0.04471167279018663,-0.0008952870054275974,-0.012391094781059306,-0.011495807775631708,-0.00034876650440141205,-0.00217249427689384,-0.001823727772492428,-0.001957668879155929,-0.010146300710084299,363,2,0.06414292145637644,0.21411688249438746,6,6,-0.00818863183092837
272,regenerated_shortfalls_and_labels,young_relative,pooled,-0.16302713404283437,-0.10830968819470194,0.05471744584813243,-0.16416781512267428,-0.11467872564569516,0.001140681079839917,0.006369037450993223,0.005228356371153306,-0.007915802788313398,-0.020451689863945247,-0.012535887075631849,-0.20750767833248854,-0.41642245507185355,363,2,-0.0005393338053072877,0.04911284109406712,5,5,-0.208914776739365
272,regenerated_shortfalls_and_labels,young_relative,family_month,-0.08095036094304571,-0.05672205644930392,0.02422830449374179,-0.08707653255014933,-0.06996705285550853,0.006126171607103617,0.013244996406204607,0.0071188247991009895,-0.013489387901370265,-0.021723238405367256,-0.00823385050399699,-0.35361562691686416,-0.44231280295432646,363,2,-0.0005393338053072877,0.04911284109406712,6,6,-0.0886971760374623
272,regenerated_shortfalls_and_labels,young_relative,family_month_minus_pooled,0.08207677309978866,0.051587631745398016,-0.03048914135439064,0.07709128257252496,0.04471167279018663,0.0049854905272637,0.006875958955211384,0.0018904684279476835,-0.005573585113056867,-0.0012715485414220087,0.004302036571634858,-0.1461079485843756,-0.0258903478824729,363,2,-0.0005393338053072877,0.04911284109406712,6,6,0.12021760070190268
273,fixed_shortfalls_fixed_labels,total,pooled,-0.16377116430786862,-0.18430147471252312,-0.0205303104046545,-0.16416781512267428,-0.18224241416752487,0.0003966508148056658,-0.0020590605449982424,-0.002455711359803908,0.0011366840378451543,-0.005581984086410022,-0.006718668124255176,0.006380345985753297,-0.03133235672578051,363,1,0.06170076814319721,0.17815398105106858,5,5,-0.037712702711533805
273,fixed_shortfalls_fixed_labels,total,family_month,-0.08757516874077126,-0.09524242000686818,-0.007667251266096922,-0.08707653255014933,-0.1025599667697697,-0.0004986361906219317,0.007317546762901514,0.007816182953523446,0.0007879175334437423,-0.010981076837476572,-0.011768994370920313,0.004422677106597368,-0.061638122104769585,363,1,0.06170076814319721,0.17815398105106858,7,7,-0.06606079921136696
273,fixed_shortfalls_fixed_labels,total,family_month_minus_pooled,0.07619599556709736,0.08905905470565494,0.012863059138557578,0.07709128257252496,0.07968244739775518,-0.0008952870054275974,0.009376607307899756,0.010271894313327354,-0.00034876650440141205,-0.0053990927510665495,-0.005050326246665137,-0.001957668879155929,-0.03030576537898907,363,1,0.06170076814319721,0.17815398105106858,7,7,-0.028348096499833143
273,fixed_shortfalls_fixed_labels,young_relative,pooled,-0.16302713404283437,-0.18201735821567985,-0.018990224172845488,-0.16416781512267428,-0.18224241416752487,0.001140681079839917,0.00022505595184502125,-0.0009156251279948957,-0.007915802788313398,-0.0016445205106199886,0.0062712822776934095,-0.20750767833248854,-0.04311004736408066,363,1,-0.0004626710527536109,0.03814703557923262,5,5,0.16439763096840787
273,fixed_shortfalls_fixed_labels,young_relative,family_month,-0.08095036094304571,-0.10036546516679004,-0.01941510422374433,-0.08707653255014933,-0.1025599667697697,0.006126171607103617,0.002194501602979654,-0.003931670004123963,-0.013489387901370265,-0.005223889438085711,0.008265498463284554,-0.35361562691686416,-0.13694090140334822,363,1,-0.0004626710527536109,0.03814703557923262,7,7,0.21667472551351594
273,fixed_shortfalls_fixed_labels,young_relative,family_month_minus_pooled,0.08207677309978866,0.08165189304888981,-0.0004248800508988432,0.07709128257252496,0.07968244739775518,0.0049854905272637,0.0019694456511346325,-0.0030160448761290676,-0.005573585113056867,-0.003579368927465722,0.0019942161855911445,-0.1461079485843756,-0.09383085403926755,363,1,-0.0004626710527536109,0.03814703557923262,7,7,0.05227709454510804
273,regenerated_shortfalls_fixed_labels,total,pooled,-0.16377116430786862,-0.18698081593293947,-0.023209651625070854,-0.16416781512267428,-0.18224241416752487,0.0003966508148056658,-0.004738401765414596,-0.005135052580220262,0.0011366840378451543,-0.010757188607622101,-0.011893872645467256,0.006380345985753297,-0.04847599358249334,363,1,0.06498285001459558,0.22190754253063852,5,5,-0.054856339568246634
273,regenerated_shortfalls_fixed_labels,total,family_month,-0.08757516874077126,-0.09090046357734421,-0.003325294836572956,-0.08707653255014933,-0.1025599667697697,-0.0004986361906219317,0.01165950319242548,0.012158139383047412,0.0007879175334437423,-0.017614117681871766,-0.01840203521531551,0.004422677106597368,-0.0793759305384575,363,1,0.06498285001459558,0.22190754253063852,7,7,-0.08379860764505487
273,regenerated_shortfalls_fixed_labels,total,family_month_minus_pooled,0.07619599556709736,0.09608035235559526,0.019884356788497898,0.07709128257252496,0.07968244739775518,-0.0008952870054275974,0.016397904957840076,0.017293191963267673,-0.00034876650440141205,-0.006856929074249665,-0.006508162569848253,-0.001957668879155929,-0.030899936955964154,363,1,0.06498285001459558,0.22190754253063852,7,7,-0.028942268076808227
273,regenerated_shortfalls_fixed_labels,young_relative,pooled,-0.16302713404283437,-0.18227793754129856,-0.019250803498464197,-0.16416781512267428,-0.18224241416752487,0.001140681079839917,-3.5523373773688194e-05,-0.0011762044536136051,-0.007915802788313398,-0.013279709312199031,-0.005363906523885633,-0.20750767833248854,-0.26941597578079657,363,1,0.003155449258572398,0.04929072700203839,5,5,-0.06190829744830803
273,regenerated_shortfalls_fixed_labels,young_relative,family_month,-0.08095036094304571,-0.10817577254992529,-0.02722541160687958,-0.08707653255014933,-0.1025599667697697,0.006126171607103617,-0.005615805780155594,-0.011741977387259211,-0.013489387901370265,-0.016723731741869956,-0.0032343438404996913,-0.35361562691686416,-0.339287585293241,363,1,0.003155449258572398,0.04929072700203839,7,7,0.014328041623623167
273,regenerated_shortfalls_fixed_labels,young_relative,family_month_minus_pooled,0.08207677309978866,0.07410216499137327,-0.007974608108415382,0.07709128257252496,0.07968244739775518,0.0049854905272637,-0.005580282406381906,-0.010565772933645606,-0.005573585113056867,-0.0034440224296709253,0.0021295626833859414,-0.1461079485843756,-0.0698716095124444,363,1,0.003155449258572398,0.04929072700203839,7,7,0.0762363390719312
273,regenerated_shortfalls_and_labels,total,pooled,-0.16377116430786862,-0.18696970714824598,-0.023198542840377367,-0.16416781512267428,-0.18222208501752082,0.0003966508148056658,-0.00474762213072516,-0.005144272945530826,0.0011366840378451543,-0.010779127466517113,-0.011915811504362267,0.006380345985753297,-0.048574858445962245,363,1,0.06498285001459558,0.22190754253063852,5,5,-0.05495520443171554
273,regenerated_shortfalls_and_labels,total,family_month,-0.08757516874077126,-0.09005249330983725,-0.0024773245690659917,-0.08707653255014933,-0.10181997480325473,-0.0004986361906219317,0.011767481493417484,0.012266117684039415,0.0007879175334437423,-0.017693596104996115,-0.018481513638439858,0.004422677106597368,-0.07973409061818248,363,1,0.06498285001459558,0.22190754253063852,7,7,-0.08415676772477985
273,regenerated_shortfalls_and_labels,total,family_month_minus_pooled,0.07619599556709736,0.09691721383840873,0.020721218271311376,0.07709128257252496,0.08040211021426609,-0.0008952870054275974,0.016515103624142644,0.01741039062957024,-0.00034876650440141205,-0.006914468638479002,-0.006565702134077591,-0.001957668879155929,-0.031159232172220237,363,1,0.06498285001459558,0.22190754253063852,7,7,-0.02920156329306431
273,regenerated_shortfalls_and_labels,young_relative,pooled,-0.16302713404283437,-0.18225733792173618,-0.019230203878901814,-0.16416781512267428,-0.18222208501752082,0.001140681079839917,-3.5252904215354874e-05,-0.0011759339840552718,-0.007915802788313398,-0.013301164344537047,-0.005385361556223649,-0.20750767833248854,-0.2698512510068473,363,1,0.003155449258572398,0.04929072700203839,5,5,-0.06234357267435878
273,regenerated_shortfalls_and_labels,young_relative,family_month,-0.08095036094304571,-0.10743385324479159,-0.026483492301745876,-0.08707653255014933,-0.10181997480325473,0.006126171607103617,-0.0056138784415368514,-0.011740050048640469,-0.013489387901370265,-0.016730322966976085,-0.0032409350656058197,-0.35361562691686416,-0.33942130669495324,363,1,0.003155449258572398,0.04929072700203839,7,7,0.014194320221910917
273,regenerated_shortfalls_and_labels,young_relative,family_month_minus_pooled,0.08207677309978866,0.0748234846769446,-0.007253288422844062,0.07709128257252496,0.08040211021426609,0.0049854905272637,-0.005578625537321497,-0.010564116064585197,-0.005573585113056867,-0.0034291586224390377,0.002144426490617829,-0.1461079485843756,-0.06957005568810594,363,1,0.003155449258572398,0.04929072700203839,7,7,0.07653789289626965
274,fixed_shortfalls_fixed_labels,total,pooled,-0.16377116430786862,-0.15060885020976086,0.013162314098107752,-0.16416781512267428,-0.14868194796232598,0.0003966508148056658,-0.0019269022474348863,-0.002323553062240552,0.0011366840378451543,-0.005433459054206324,-0.006570143092051478,0.006380345985753297,-0.030498667625332494,363,3,0.06170076814319721,0.17815398105106858,5,5,-0.03687901361108579
274,fixed_shortfalls_fixed_labels,total,family_month,-0.08757516874077126,-0.15532828737677995,-0.06775311863600869,-0.08707653255014933,-0.15638685093542282,-0.0004986361906219317,0.0010585635586428666,0.0015571997492647982,0.0007879175334437423,-0.0016939062915583795,-0.0024818238250021215,0.004422677106597368,-0.009508102381797542,363,3,0.06170076814319721,0.17815398105106858,7,7,-0.01393077948839491
274,fixed_shortfalls_fixed_labels,total,family_month_minus_pooled,0.07619599556709736,-0.004719437167019086,-0.08091543273411644,0.07709128257252496,-0.007704902973096839,-0.0008952870054275974,0.002985465806077753,0.0038807528115053502,-0.00034876650440141205,0.003739552762647945,0.004088319267049357,-0.001957668879155929,0.020990565243534955,363,3,0.06170076814319721,0.17815398105106858,7,7,0.022948234122690883
274,fixed_shortfalls_fixed_labels,young_relative,pooled,-0.16302713404283437,-0.14802242957491188,0.015004704467922486,-0.16416781512267428,-0.14868194796232598,0.001140681079839917,0.0006595183874140986,-0.00048116269242581833,-0.007915802788313398,-0.004963409494390394,0.002952393293923004,-0.20750767833248854,-0.1301125872305656,363,3,-0.0004626710527536109,0.03814703557923262,5,5,0.07739509110192294
274,fixed_shortfalls_fixed_labels,young_relative,family_month,-0.08095036094304571,-0.15186285945185524,-0.07091249850880953,-0.08707653255014933,-0.15638685093542282,0.006126171607103617,0.00452399148356758,-0.0016021801235360372,-0.013489387901370265,-0.01083716770425441,0.002652220197115855,-0.35361562691686416,-0.28408938046431587,363,3,-0.0004626710527536109,0.03814703557923262,7,7,0.06952624645254829
274,fixed_shortfalls_fixed_labels,young_relative,family_month_minus_pooled,0.08207677309978866,-0.0038404298769433576,-0.08591720297673201,0.07709128257252496,-0.007704902973096839,0.0049854905272637,0.0038644730961534812,-0.001121017431110219,-0.005573585113056867,-0.005873758209864016,-0.00030017309680714904,-0.1461079485843756,-0.15397679323375024,363,3,-0.0004626710527536109,0.03814703557923262,7,7,-0.007868844649374651
274,regenerated_shortfalls_fixed_labels,total,pooled,-0.16377116430786862,-0.14835664121749928,0.015414523090369336,-0.16416781512267428,-0.14868194796232598,0.0003966508148056658,0.00032530674482669775,-7.134406997896803e-05,0.0011366840378451543,0.0006120736858977022,-0.0005246103519474521,0.006380345985753297,0.002770765429093046,363,3,0.061796285398914366,0.22090418751112115,5,5,-0.0036095805566602507
274,regenerated_shortfalls_fixed_labels,total,family_month,-0.08757516874077126,-0.15790583655592508,-0.07033066781515382,-0.08707653255014933,-0.15638685093542282,-0.0004986361906219317,-0.0015189856205022612,-0.0010203494298803295,0.0007879175334437423,0.005148972983786244,0.004361055450342502,0.004422677106597368,0.023308625525838098,363,3,0.061796285398914366,0.22090418751112115,7,7,0.018885948419240732
274,regenerated_shortfalls_fixed_labels,total,family_month_minus_pooled,0.07619599556709736,-0.009549195338425798,-0.08574519090552316,0.07709128257252496,-0.007704902973096839,-0.0008952870054275974,-0.001844292365328959,-0.0009490053599013615,-0.00034876650440141205,0.0045368992978885424,0.004885665802289954,-0.001957668879155929,0.020537860096745054,363,3,0.061796285398914366,0.22090418751112115,7,7,0.022495528975900982
274,regenerated_shortfalls_fixed_labels,young_relative,pooled,-0.16302713404283437,-0.1428289961901212,0.020198137852713155,-0.16416781512267428,-0.14868194796232598,0.001140681079839917,0.0058529517722047675,0.0047122706923648505,-0.007915802788313398,-0.018232355281087267,-0.010316552492773868,-0.20750767833248854,-0.3974621120939396,363,3,0.0025293886832473394,0.04587193276117366,5,5,-0.18995443376145107
274,regenerated_shortfalls_fixed_labels,young_relative,family_month,-0.08095036094304571,-0.16057625628734615,-0.07962589534430044,-0.08707653255014933,-0.15638685093542282,0.006126171607103617,-0.004189405351923331,-0.010315576959026948,-0.013489387901370265,-0.02319512979906329,-0.009705741897693024,-0.35361562691686416,-0.5056497165668985,363,3,0.0025293886832473394,0.04587193276117366,7,7,-0.15203408965003434
274,regenerated_shortfalls_fixed_labels,young_relative,family_month_minus_pooled,0.08207677309978866,-0.017747260097224937,-0.09982403319701359,0.07709128257252496,-0.007704902973096839,0.0049854905272637,-0.010042357124128098,-0.015027847651391799,-0.005573585113056867,-0.004962774517976023,0.0006108105950808438,-0.1461079485843756,-0.10818760447295893,363,3,0.0025293886832473394,0.04587193276117366,7,7,0.03792034411141666
274,regenerated_shortfalls_and_labels,total,pooled,-0.16377116430786862,-0.1470436101231156,0.016727554184753024,-0.16416781512267428,-0.14740900775902746,0.0003966508148056658,0.00036539763591186825,-3.125317889379753e-05,0.0011366840378451543,0.000694647279596985,-0.00044203675824816937,0.006380345985753297,0.003144563656413321,363,3,0.061796285398914366,0.22090418751112115,5,5,-0.003235782329339976
274,regenerated_shortfalls_and_labels,total,family_month,-0.08757516874077126,-0.15487874795549517,-0.06730357921472391,-0.08707653255014933,-0.15325846394932507,-0.0004986361906219317,-0.0016202840061700918,-0.0011216478155481602,0.0007879175334437423,0.005215410826955663,0.004427493293511921,0.004422677106597368,0.023609379639727743,363,3,0.061796285398914366,0.22090418751112115,7,7,0.019186702533130373
274,regenerated_shortfalls_and_labels,total,family_month_minus_pooled,0.07619599556709736,-0.007835137832379574,-0.08403113339947693,0.07709128257252496,-0.005849456190297614,-0.0008952870054275974,-0.00198568164208196,-0.0010903946366543626,-0.00034876650440141205,0.004520763547358678,0.00486953005176009,-0.001957668879155929,0.02046481598331442,363,3,0.061796285398914366,0.22090418751112115,7,7,0.022422484862470348
274,regenerated_shortfalls_and_labels,young_relative,pooled,-0.16302713404283437,-0.14155395164778733,0.02147318239504703,-0.16416781512267428,-0.14740900775902746,0.001140681079839917,0.005855056111240126,0.004714375031400209,-0.007915802788313398,-0.018217477990271857,-0.010301675201958458,-0.20750767833248854,-0.39713778979226405,363,3,0.0025293886832473394,0.04587193276117366,5,5,-0.1896301114597755
274,regenerated_shortfalls_and_labels,young_relative,family_month,-0.08095036094304571,-0.1571670288951937,-0.076216667952148,-0.08707653255014933,-0.15325846394932507,0.006126171607103617,-0.003908564945868637,-0.010034736552972254,-0.013489387901370265,-0.023073466961841333,-0.009584079060471068,-0.35361562691686416,-0.5029974882891981,363,3,0.0025293886832473394,0.04587193276117366,7,7,-0.14938186137233395
274,regenerated_shortfalls_and_labels,young_relative,family_month_minus_pooled,0.08207677309978866,-0.015613077247406376,-0.09768985034719503,0.07709128257252496,-0.005849456190297614,0.0049854905272637,-0.009763621057108762,-0.014749111584372462,-0.005573585113056867,-0.004855988971569476,0.0007175961414873904,-0.1461079485843756,-0.10585969849693407,363,3,0.0025293886832473394,0.04587193276117366,7,7,0.040248250087441526
275,fixed_shortfalls_fixed_labels,total,pooled,-0.16377116430786862,-0.19123980833068266,-0.027468644022814043,-0.16416781512267428,-0.1927251780035645,0.0003966508148056658,0.0014853696728818477,0.001088718858076182,0.0011366840378451543,0.0041896923065193985,0.003053008268674244,0.006380345985753297,0.02351725334343444,363,2,0.06170076814319721,0.17815398105106858,5,5,0.01713690735768114
275,fixed_shortfalls_fixed_labels,total,family_month,-0.08757516874077126,-0.07074557271656587,0.01682959602420539,-0.08707653255014933,-0.07041671904270969,-0.0004986361906219317,-0.00032885367385618314,0.00016978251676574851,0.0007879175334437423,0.0005412669873022684,-0.0002466505461414739,0.004422677106597368,0.0030381975418619016,363,2,0.06170076814319721,0.17815398105106858,6,6,-0.0013844795647354664
275,fixed_shortfalls_fixed_labels,total,family_month_minus_pooled,0.07619599556709736,0.12049423561411679,0.04429824004701943,0.07709128257252496,0.12230845896085482,-0.0008952870054275974,-0.0018142233467380309,-0.0009189363413104334,-0.00034876650440141205,-0.00364842531921713,-0.003299658814815718,-0.001957668879155929,-0.020479055801572537,363,2,0.06170076814319721,0.17815398105106858,6,6,-0.01852138692241661
275,fixed_shortfalls_fixed_labels,young_relative,pooled,-0.16302713404283437,-0.19312978913701812,-0.03010265509418375,-0.16416781512267428,-0.1927251780035645,0.001140681079839917,-0.00040461113345360844,-0.0015452922132935254,-0.007915802788313398,0.0031313394306512984,0.011047142218964696,-0.20750767833248854,0.0820860489708933,363,2,-0.0004626710527536109,0.03814703557923262,5,5,0.28959372730338184
275,fixed_shortfalls_fixed_labels,young_relative,family_month,-0.08095036094304571,-0.06980523201324994,0.011145128929795772,-0.08707653255014933,-0.07041671904270969,0.006126171607103617,0.000611487029459748,-0.005514684577643869,-0.013489387901370265,-0.001353443203425321,0.012135944697944944,-0.35361562691686416,-0.03547964298861902,363,2,-0.0004626710527536109,0.03814703557923262,6,6,0.31813598392824516
275,fixed_shortfalls_fixed_labels,young_relative,family_month_minus_pooled,0.08207677309978866,0.12332455712376818,0.04124778402397952,0.07709128257252496,0.12230845896085482,0.0049854905272637,0.0010160981629133564,-0.003969392364350344,-0.005573585113056867,-0.004484782634076619,0.0010888024789802477,-0.1461079485843756,-0.11756569195951232,363,2,-0.0004626710527536109,0.03814703557923262,6,6,0.028542256624863274
275,regenerated_shortfalls_fixed_labels,total,pooled,-0.16377116430786862,-0.19448597313699242,-0.030714808829123807,-0.16416781512267428,-0.1927251780035645,0.0003966508148056658,-0.001760795133427917,-0.002157445948233583,0.0011366840378451543,-0.00869386503381487,-0.009830549071660024,0.006380345985753297,-0.03968193827197702,363,2,0.07110753235548595,0.2190887192613368,5,5,-0.04606228425773031
275,regenerated_shortfalls_fixed_labels,total,family_month,-0.08757516874077126,-0.06663828762509172,0.02093688111567954,-0.08707653255014933,-0.07041671904270969,-0.0004986361906219317,0.0037784314176179667,0.004277067608239898,0.0007879175334437423,-0.007774589564907068,-0.00856250709835081,0.004422677106597368,-0.03548603319750691,363,2,0.07110753235548595,0.2190887192613368,6,6,-0.039908710304104277
275,regenerated_shortfalls_fixed_labels,total,family_month_minus_pooled,0.07619599556709736,0.1278476855119007,0.05165168994480335,0.07709128257252496,0.12230845896085482,-0.0008952870054275974,0.005539226551045884,0.006434513556473481,-0.00034876650440141205,0.0009192754689078013,0.0012680419733092133,-0.001957668879155929,0.004195905074470114,363,2,0.07110753235548595,0.2190887192613368,6,6,0.0061535739536260434
275,regenerated_shortfalls_fixed_labels,young_relative,pooled,-0.16302713404283437,-0.19219758824087452,-0.029170454198040152,-0.16416781512267428,-0.1927251780035645,0.001140681079839917,0.0005275897626899895,-0.0006130913171499275,-0.007915802788313398,0.008393423397985668,0.016309226186299066,-0.20750767833248854,0.16428409952877812,363,2,6.0489164837240615e-05,0.05109090546231084,5,5,0.37179177786126666
275,regenerated_shortfalls_fixed_labels,young_relative,family_month,-0.08095036094304571,-0.07139296485616645,0.009557396086879263,-0.08707653255014933,-0.07041671904270969,0.006126171607103617,-0.0009762458134567609,-0.007102417420560378,-0.013489387901370265,0.003878396264246869,0.017367784165617135,-0.35361562691686416,0.07591167604394712,363,2,6.0489164837240615e-05,0.05109090546231084,6,6,0.42952730296081126
275,regenerated_shortfalls_fixed_labels,young_relative,family_month_minus_pooled,0.08207677309978866,0.12080462338470807,0.038727850284919416,0.07709128257252496,0.12230845896085482,0.0049854905272637,-0.0015038355761467503,-0.0064893261034104505,-0.005573585113056867,-0.004515027133738799,0.0010585579793180675,-0.1461079485843756,-0.088372423484831,363,2,6.0489164837240615e-05,0.05109090546231084,6,6,0.05773552509954459
275,regenerated_shortfalls_and_labels,total,pooled,-0.16377116430786862,-0.19445807480520888,-0.030686910497340264,-0.16416781512267428,-0.19271968349736743,0.0003966508148056658,-0.0017383913078414526,-0.0021350421226471183,0.0011366840378451543,-0.008578337788153517,-0.009715021825998671,0.006380345985753297,-0.039154630220467765,363,2,0.07110753235548595,0.2190887192613368,5,5,-0.04553497620622106
275,regenerated_shortfalls_and_labels,total,family_month,-0.08757516874077126,-0.06442942076335392,0.023145747977417336,-0.08707653255014933,-0.06801858251504903,-0.0004986361906219317,0.0035891617516951024,0.004087797942317034,0.0007879175334437423,-0.007615126774758251,-0.008403044308201994,0.004422677106597368,-0.03475818746137567,363,2,0.07110753235548595,0.2190887192613368,6,6,-0.03918086456797304
275,regenerated_shortfalls_and_labels,total,family_month_minus_pooled,0.07619599556709736,0.13002865404185496,0.0538326584747576,0.07709128257252496,0.1247011009823184,-0.0008952870054275974,0.005327553059536555,0.006222840064964152,-0.00034876650440141205,0.0009632110133952652,0.0013119775177966773,-0.001957668879155929,0.004396442759092096,363,2,0.07110753235548595,0.2190887192613368,6,6,0.006354111638248025
275,regenerated_shortfalls_and_labels,young_relative,pooled,-0.16302713404283437,-0.19217958971538154,-0.02915245567254718,-0.16416781512267428,-0.19271968349736743,0.001140681079839917,0.0005400937819858842,-0.0006005872978540328,-0.007915802788313398,0.008581400796596724,0.016497203584910122,-0.20750767833248854,0.1679633727166398,363,2,6.0489164837240615e-05,0.05109090546231084,5,5,0.37547105104912837
275,regenerated_shortfalls_and_labels,young_relative,family_month,-0.08095036094304571,-0.0689811607523784,0.011969200190667315,-0.08707653255014933,-0.06801858251504903,0.006126171607103617,-0.0009625782373293701,-0.007088749844432987,-0.013489387901370265,0.004135283391348409,0.017624671292718674,-0.35361562691686416,0.08093971625535115,363,2,6.0489164837240615e-05,0.05109090546231084,6,6,0.43455534317221534
275,regenerated_shortfalls_and_labels,young_relative,family_month_minus_pooled,0.08207677309978866,0.12319842896300315,0.04112165586321449,0.07709128257252496,0.1247011009823184,0.0049854905272637,-0.0015026720193152543,-0.006488162546578954,-0.005573585113056867,-0.004446117405248314,0.0011274677078085523,-0.1461079485843756,-0.08702365646128865,363,2,6.0489164837240615e-05,0.05109090546231084,6,6,0.05908429212308694
276,fixed_shortfalls_fixed_labels,total,pooled,-0.16377116430786862,-0.21471248175580768,-0.05094131744793906,-0.16416781512267428,-0.20963234760525634,0.0003966508148056658,-0.005080134150551335,-0.005476784965357001,0.0011366840378451543,-0.015279717157013685,-0.016416401194858838,0.006380345985753297,-0.08576691391832378,363,1,0.06170076814319721,0.17815398105106858,5,5,-0.09214725990407707
276,fixed_shortfalls_fixed_labels,total,family_month,-0.08757516874077126,-0.11814699015551476,-0.030571821414743502,-0.08707653255014933,-0.12945752446661468,-0.0004986361906219317,0.01131053431109992,0.011809170501721852,0.0007879175334437423,-0.017006079943262142,-0.017793997476705885,0.004422677106597368,-0.09545719855896613,363,1,0.06170076814319721,0.17815398105106858,6,6,-0.0998798756655635
276,fixed_shortfalls_fixed_labels,total,family_month_minus_pooled,0.07619599556709736,0.09656549160029292,0.020369496033195558,0.07709128257252496,0.08017482313864166,-0.0008952870054275974,0.016390668461651256,0.017285955467078853,-0.00034876650440141205,-0.0017263627862484573,-0.0013775962818470453,-0.001957668879155929,-0.009690284640642345,363,1,0.06170076814319721,0.17815398105106858,6,6,-0.0077326157614864156
276,fixed_shortfalls_fixed_labels,young_relative,pooled,-0.16302713404283437,-0.20812075544280426,-0.04509362139996989,-0.16416781512267428,-0.20963234760525634,0.001140681079839917,0.0015115921624520856,0.00037091108261216865,-0.007915802788313398,-0.010954595227288207,-0.003038792438974808,-0.20750767833248854,-0.2871676674465348,363,1,-0.0004626710527536109,0.03814703557923262,5,5,-0.07965998911404629
276,fixed_shortfalls_fixed_labels,young_relative,family_month,-0.08095036094304571,-0.1218977330563643,-0.040947372113318586,-0.08707653255014933,-0.12945752446661468,0.006126171607103617,0.0075597914102503855,0.0014336198031467684,-0.013489387901370265,-0.017554611676900683,-0.004065223775530417,-0.35361562691686416,-0.4601828532767425,363,1,-0.0004626710527536109,0.03814703557923262,6,6,-0.10656722635987836
276,fixed_shortfalls_fixed_labels,young_relative,family_month_minus_pooled,0.08207677309978866,0.08622302238643996,0.0041462492866513045,0.07709128257252496,0.08017482313864166,0.0049854905272637,0.0060481992477983,0.0010627087205345997,-0.005573585113056867,-0.006600016449612476,-0.0010264313365556093,-0.1461079485843756,-0.17301518583020767,363,1,-0.0004626710527536109,0.03814703557923262,6,6,-0.026907237245832077
276,regenerated_shortfalls_fixed_labels,total,pooled,-0.16377116430786862,-0.2122847035708707,-0.04851353926300209,-0.16416781512267428,-0.20963234760525634,0.0003966508148056658,-0.0026523559656143614,-0.003049006780420027,0.0011366840378451543,-0.024603131571394165,-0.025739815609239318,0.006380345985753297,-0.11251752304080496,363,1,0.07154641871485352,0.21866044422673375,5,5,-0.11889786902655826
276,regenerated_shortfalls_fixed_labels,total,family_month,-0.08757516874077126,-0.11618037854984692,-0.02860520980907566,-0.08707653255014933,-0.12945752446661468,-0.0004986361906219317,0.013277145916767763,0.013775782107389695,0.0007879175334437423,-0.02264803578475374,-0.023435953318197485,0.004422677106597368,-0.10357628177719012,363,1,0.07154641871485352,0.21866044422673375,6,6,-0.1079989588837875
276,regenerated_shortfalls_fixed_labels,total,family_month_minus_pooled,0.07619599556709736,0.09610432502102378,0.019908329453926427,0.07709128257252496,0.08017482313864166,-0.0008952870054275974,0.015929501882382124,0.016824788887809722,-0.00034876650440141205,0.0019550957866404234,0.0023038622910418354,-0.001957668879155929,0.00894124126361484,363,1,0.07154641871485352,0.21866044422673375,6,6,0.01089891014277077
276,regenerated_shortfalls_fixed_labels,young_relative,pooled,-0.16302713404283437,-0.20882650641286207,-0.04579937237002771,-0.16416781512267428,-0.20963234760525634,0.001140681079839917,0.0008058411923942688,-0.0003348398874456482,-0.007915802788313398,-0.006551517077929138,0.0013642857103842608,-0.20750767833248854,-0.14224167522780773,363,1,0.0012992899765435588,0.046059054545276756,5,5,0.06526600310468081
276,regenerated_shortfalls_fixed_labels,young_relative,family_month,-0.08095036094304571,-0.12636144171111713,-0.04541108076807142,-0.08707653255014933,-0.12945752446661468,0.006126171607103617,0.0030960827554975534,-0.0030300888516060637,-0.013489387901370265,-0.014718551426183628,-0.001229163524813363,-0.35361562691686416,-0.31955826213747107,363,1,0.0012992899765435588,0.046059054545276756,6,6,0.034057364779393084
276,regenerated_shortfalls_fixed_labels,young_relative,family_month_minus_pooled,0.08207677309978866,0.08246506470174494,0.0003882916019562893,0.07709128257252496,0.08017482313864166,0.0049854905272637,0.0022902415631032846,-0.0026952489641604155,-0.005573585113056867,-0.008167034348254491,-0.0025934492351976247,-0.1461079485843756,-0.17731658690966337,363,1,0.0012992899765435588,0.046059054545276756,6,6,-0.03120863832528778
276,regenerated_shortfalls_and_labels,total,pooled,-0.16377116430786862,-0.21230029898243016,-0.04852913467456155,-0.16416781512267428,-0.20963709271459785,0.0003966508148056658,-0.002663206267832313,-0.003059857082637979,0.0011366840378451543,-0.024684314685544044,-0.025820998723389197,0.006380345985753297,-0.11288879784744398,363,1,0.07154641871485352,0.21866044422673375,5,5,-0.11926914383319727
276,regenerated_shortfalls_and_labels,total,family_month,-0.08757516874077126,-0.11834658952731643,-0.03077142078654517,-0.08707653255014933,-0.13156100723783598,-0.0004986361906219317,0.013214417710519552,0.013713053901141484,0.0007879175334437423,-0.02262791637002045,-0.023415833903464193,0.004422677106597368,-0.1034842696402696,363,1,0.07154641871485352,0.21866044422673375,6,6,-0.10790694674686697
276,regenerated_shortfalls_and_labels,total,family_month_minus_pooled,0.07619599556709736,0.09395370945511373,0.017757713888016377,0.07709128257252496,0.07807608547676187,-0.0008952870054275974,0.015877623978351865,0.016772910983779463,-0.00034876650440141205,0.0020563983155235943,0.0024051648199250064,-0.001957668879155929,0.009404528207174363,363,1,0.07154641871485352,0.21866044422673375,6,6,0.011362197086330293
276,regenerated_shortfalls_and_labels,young_relative,pooled,-0.16302713404283437,-0.2088516876815288,-0.04582455363869445,-0.16416781512267428,-0.20963709271459785,0.001140681079839917,0.0007854050330690365,-0.0003552760467708804,-0.007915802788313398,-0.006389797408150123,0.0015260053801632754,-0.20750767833248854,-0.13873053781138417,363,1,0.0012992899765435588,0.046059054545276756,5,5,0.06877714052110437
276,regenerated_shortfalls_and_labels,young_relative,family_month,-0.08095036094304571,-0.12875197390780724,-0.04780161296476153,-0.08707653255014933,-0.13156100723783598,0.006126171607103617,0.002809033330028743,-0.003317138277074874,-0.013489387901370265,-0.01443334809000103,-0.0009439601886307644,-0.35361562691686416,-0.3133661390251254,363,1,0.0012992899765435588,0.046059054545276756,6,6,0.04024948789173877
276,regenerated_shortfalls_and_labels,young_relative,family_month_minus_pooled,0.08207677309978866,0.08009971377372158,-0.0019770593260670793,0.07709128257252496,0.07807608547676187,0.0049854905272637,0.0020236282969597064,-0.0029618622303039938,-0.005573585113056867,-0.008043550681850906,-0.002469965568794039,-0.1461079485843756,-0.1746356012137412,363,1,0.0012992899765435588,0.046059054545276756,6,6,-0.028527652629365602
277,fixed_shortfalls_fixed_labels,total,pooled,-0.16377116430786862,-0.14913481411272997,0.014636350195138648,-0.16416781512267428,-0.1527937925019257,0.0003966508148056658,0.0036589783891957384,0.0032623275743900726,0.0011366840378451543,0.011254885744987338,0.010118201707142184,0.006380345985753297,0.06317504486055284,363,1,0.06170076814319721,0.17815398105106858,5,5,0.05679469887479954
277,fixed_shortfalls_fixed_labels,total,family_month,-0.08757516874077126,-0.1474314003781755,-0.05985623163740425,-0.08707653255014933,-0.13675441170684463,-0.0004986361906219317,-0.010676988671330878,-0.010178352480708946,0.0007879175334437423,0.015123403836804264,0.014335486303360522,0.004422677106597368,0.0848895082084586,363,1,0.06170076814319721,0.17815398105106858,6,6,0.08046683110186123
277,fixed_shortfalls_fixed_labels,total,family_month_minus_pooled,0.07619599556709736,0.0017034137345544598,-0.0744925818325429,0.07709128257252496,0.016039380795081076,-0.0008952870054275974,-0.014335967060526617,-0.013440680055099019,-0.00034876650440141205,0.003868518091816925,0.004217284596218337,-0.001957668879155929,0.021714463347905756,363,1,0.06170076814319721,0.17815398105106858,6,6,0.023672132227061684
277,fixed_shortfalls_fixed_labels,young_relative,pooled,-0.16302713404283437,-0.15164496905837943,0.011382164984454934,-0.16416781512267428,-0.1527937925019257,0.001140681079839917,0.0011488234435462763,8.142363706359346e-06,-0.007915802788313398,-0.008717385167013524,-0.0008015823787001254,-0.20750767833248854,-0.22852064478004414,363,1,-0.0004626710527536109,0.03814703557923262,5,5,-0.021012966447555598
277,fixed_shortfalls_fixed_labels,young_relative,family_month,-0.08095036094304571,-0.13219468741192225,-0.05124432646887654,-0.08707653255014933,-0.13675441170684463,0.006126171607103617,0.004559724294922379,-0.0015664473121812378,-0.013489387901370265,-0.010908877517905247,0.002580510383465018,-0.35361562691686416,-0.28596920710253243,363,1,-0.0004626710527536109,0.03814703557923262,6,6,0.06764641981433173
277,fixed_shortfalls_fixed_labels,young_relative,family_month_minus_pooled,0.08207677309978866,0.01945028164645718,-0.06262649145333148,0.07709128257252496,0.016039380795081076,0.0049854905272637,0.003410900851376103,-0.0015745896758875971,-0.005573585113056867,-0.0021914923508917234,0.0033820927621651432,-0.1461079485843756,-0.05744856232248829,363,1,-0.0004626710527536109,0.03814703557923262,6,6,0.0886593862618873
277,regenerated_shortfalls_fixed_labels,total,pooled,-0.16377116430786862,-0.15334876693341515,0.010422397374453468,-0.16416781512267428,-0.1527937925019257,0.0003966508148056658,-0.0005549744314894411,-0.0009516252462951069,0.0011366840378451543,-0.0023846651055859877,-0.003521349143431142,0.006380345985753297,-0.011399351734965714,363,1,0.05706618338070811,0.20919304544936565,5,5,-0.01777969772071901
277,regenerated_shortfalls_fixed_labels,total,family_month,-0.08757516874077126,-0.13576207476677116,-0.0481869060259999,-0.08707653255014933,-0.13675441170684463,-0.0004986361906219317,0.0009923369400734738,0.0014909731306954055,0.0007879175334437423,-0.0011542420691178648,-0.001942159602561607,0.004422677106597368,-0.005517592932587448,363,1,0.05706618338070811,0.20919304544936565,6,6,-0.009940270039184816
277,regenerated_shortfalls_fixed_labels,total,family_month_minus_pooled,0.07619599556709736,0.01758669216664399,-0.058609303400453366,0.07709128257252496,0.016039380795081076,-0.0008952870054275974,0.001547311371562915,0.0024425983769905124,-0.00034876650440141205,0.0012304230364681228,0.0015791895408695349,-0.001957668879155929,0.0058817588023782645,363,1,0.05706618338070811,0.20919304544936565,6,6,0.007839427681534193
277,regenerated_shortfalls_fixed_labels,young_relative,pooled,-0.16302713404283437,-0.15433326203416317,0.008693872008671194,-0.16416781512267428,-0.1527937925019257,0.001140681079839917,-0.001539469532237464,-0.002680150612077381,-0.007915802788313398,0.007728053477198882,0.01564385626551228,-0.20750767833248854,0.15989913962945967,363,1,-0.001187313335174265,0.04833080087302154,5,5,0.3674068179619482
277,regenerated_shortfalls_fixed_labels,young_relative,family_month,-0.08095036094304571,-0.13715564818757106,-0.05620528724452535,-0.08707653255014933,-0.13675441170684463,0.006126171607103617,-0.00040123648072643014,-0.006527408087830047,-0.013489387901370265,0.0023540791893121166,0.01584346709068238,-0.35361562691686416,0.04870763874774055,363,1,-0.001187313335174265,0.04833080087302154,6,6,0.4023232656646047
277,regenerated_shortfalls_fixed_labels,young_relative,family_month_minus_pooled,0.08207677309978866,0.01717761384659211,-0.06489915925319654,0.07709128257252496,0.016039380795081076,0.0049854905272637,0.001138233051511034,-0.003847257475752666,-0.005573585113056867,-0.005373974287886766,0.0001996108251701009,-0.1461079485843756,-0.11119150088171913,363,1,-0.001187313335174265,0.04833080087302154,6,6,0.034916447702656464
277,regenerated_shortfalls_and_labels,total,pooled,-0.16377116430786862,-0.15334947296013324,0.010421691347735379,-0.16416781512267428,-0.15279383481160114,0.0003966508148056658,-0.0005556381485321005,-0.0009522889633377662,0.0011366840378451543,-0.0023876672341394127,-0.003524351271984567,0.006380345985753297,-0.01141370273094159,363,1,0.05706618338070811,0.20919304544936565,5,5,-0.017794048716694887
277,regenerated_shortfalls_and_labels,total,family_month,-0.08757516874077126,-0.13583243638538445,-0.04825726764461319,-0.08707653255014933,-0.1368215903540402,-0.0004986361906219317,0.0009891539686557593,0.001487790159277691,0.0007879175334437423,-0.0011531797859220926,-0.001941097319365835,0.004422677106597368,-0.005512514928232713,363,1,0.05706618338070811,0.20919304544936565,6,6,-0.009935192034830082
277,regenerated_shortfalls_and_labels,total,family_month_minus_pooled,0.07619599556709736,0.01751703657474879,-0.05867895899234857,0.07709128257252496,0.01597224445756093,-0.0008952870054275974,0.0015447921171878598,0.0024400791226154572,-0.00034876650440141205,0.00123448744821732,0.0015832539526187321,-0.001957668879155929,0.0059011878027088755,363,1,0.05706618338070811,0.20919304544936565,6,6,0.007858856681864805
277,regenerated_shortfalls_and_labels,young_relative,pooled,-0.16302713404283437,-0.1543330562443036,0.008694077798530764,-0.16416781512267428,-0.15279383481160114,0.001140681079839917,-0.0015392214327024645,-0.0026799025125423814,-0.007915802788313398,0.007727549013694304,0.015643351802007703,-0.20750767833248854,0.15988870190661075,363,1,-0.001187313335174265,0.04833080087302154,5,5,0.36739638023909926
277,regenerated_shortfalls_and_labels,young_relative,family_month,-0.08095036094304571,-0.13722130890306988,-0.05627094796002417,-0.08707653255014933,-0.1368215903540402,0.006126171607103617,-0.0003997185490296762,-0.006525890156133293,-0.013489387901370265,0.0023553346574705213,0.015844722558840785,-0.35361562691686416,0.048733615312078954,363,1,-0.001187313335174265,0.04833080087302154,6,6,0.4023492422289431
277,regenerated_shortfalls_and_labels,young_relative,family_month_minus_pooled,0.08207677309978866,0.01711174734123372,-0.06496502575855494,0.07709128257252496,0.01597224445756093,0.0049854905272637,0.0011395028836727883,-0.003845987643590912,-0.005573585113056867,-0.005372214356223782,0.00020137075683308425,-0.1461079485843756,-0.11115508659453181,363,1,-0.001187313335174265,0.04833080087302154,6,6,0.03495286198984378
278,fixed_shortfalls_fixed_labels,total,pooled,-0.16377116430786862,-0.19834813548571775,-0.034576971177849136,-0.16416781512267428,-0.19961716749592873,0.0003966508148056658,0.0012690320102109742,0.0008723811954053085,0.0011366840378451543,0.003412603297106135,0.0022759192592609807,0.006380345985753297,0.019155358061450772,363,5,0.06170076814319721,0.17815398105106858,5,5,0.012775012075697475
278,fixed_shortfalls_fixed_labels,total,family_month,-0.08757516874077126,-0.15246354389322986,-0.0648883751524586,-0.08707653255014933,-0.15113790994590798,-0.0004986361906219317,-0.0013256339473218803,-0.0008269977566999487,0.0007879175334437423,0.0021906466115206745,0.0014027290780769322,0.004422677106597368,0.012296366315231072,363,5,0.06170076814319721,0.17815398105106858,7,7,0.007873689208633704
278,fixed_shortfalls_fixed_labels,total,family_month_minus_pooled,0.07619599556709736,0.045884591592487894,-0.030311403974609463,0.07709128257252496,0.04847925755002075,-0.0008952870054275974,-0.0025946659575328546,-0.0016993789521052571,-0.00034876650440141205,-0.0012219566855854605,-0.0008731901811840485,-0.001957668879155929,-0.0068589917462197015,363,5,0.06170076814319721,0.17815398105106858,7,7,-0.004901322867063773
278,fixed_shortfalls_fixed_labels,young_relative,pooled,-0.16302713404283437,-0.19776791544224268,-0.03474078139940831,-0.16416781512267428,-0.19961716749592873,0.001140681079839917,0.0018492520536860513,0.0007085709738461343,-0.007915802788313398,-0.013191645275511163,-0.005275842487197764,-0.20750767833248854,-0.34581049550001575,363,5,-0.0004626710527536109,0.03814703557923262,5,5,-0.1383028171675272
278,fixed_shortfalls_fixed_labels,young_relative,family_month,-0.08095036094304571,-0.14223060910719573,-0.06128024816415002,-0.08707653255014933,-0.15113790994590798,0.006126171607103617,0.008907300838712245,0.0027811292316086283,-0.013489387901370265,-0.019343547836755275,-0.00585415993538501,-0.35361562691686416,-0.5070786639915467,363,5,-0.0004626710527536109,0.03814703557923262,7,7,-0.1534630370746825
278,fixed_shortfalls_fixed_labels,young_relative,family_month_minus_pooled,0.08207677309978866,0.05553730633504694,-0.026539466764741712,0.07709128257252496,0.04847925755002075,0.0049854905272637,0.007058048785026194,0.002072558257762494,-0.005573585113056867,-0.006151902561244113,-0.0005783174481872461,-0.1461079485843756,-0.16126816849153094,363,5,-0.0004626710527536109,0.03814703557923262,7,7,-0.015160219907155353
278,regenerated_shortfalls_fixed_labels,total,pooled,-0.16377116430786862,-0.20018811401450354,-0.03641694970663492,-0.16416781512267428,-0.19961716749592873,0.0003966508148056658,-0.0005709465185748108,-0.0009675973333804766,0.0011366840378451543,-0.003662072888499345,-0.004798756926344499,0.006380345985753297,-0.017389570834852857,363,5,0.07801507877875612,0.21059018208544145,5,5,-0.023769916820606155
278,regenerated_shortfalls_fixed_labels,total,family_month,-0.08757516874077126,-0.14874802197408984,-0.061172853233318586,-0.08707653255014933,-0.15113790994590798,-0.0004986361906219317,0.002389887971818133,0.002888524162440065,0.0007879175334437423,-0.003675656568507667,-0.004463574101951409,0.004422677106597368,-0.017454073746972523,363,5,0.07801507877875612,0.21059018208544145,7,7,-0.02187675085356989
278,regenerated_shortfalls_fixed_labels,total,family_month_minus_pooled,0.07619599556709736,0.05144009204041369,-0.024755903526683665,0.07709128257252496,0.04847925755002075,-0.0008952870054275974,0.002960834490392944,0.0038561214958205414,-0.00034876650440141205,-1.3583680008321958e-05,0.0003351828243930901,-0.001957668879155929,-6.450291211966727e-05,363,5,0.07801507877875612,0.21059018208544145,7,7,0.0018931659670362619
278,regenerated_shortfalls_fixed_labels,young_relative,pooled,-0.16302713404283437,-0.19952327559768743,-0.03649614155485306,-0.16416781512267428,-0.19961716749592873,0.001140681079839917,9.389189824129951e-05,-0.0010467891815986174,-0.007915802788313398,-0.0037125702057899486,0.00420323258252345,-0.20750767833248854,-0.07832513945796399,363,5,0.0005703815006423598,0.04739947137639548,5,5,0.12918253887452455
278,regenerated_shortfalls_fixed_labels,young_relative,family_month,-0.08095036094304571,-0.15150307482043013,-0.07055271387738442,-0.08707653255014933,-0.15113790994590798,0.006126171607103617,-0.0003651648745221503,-0.006491336481625767,-0.013489387901370265,0.0036342709617528967,0.017123658863123163,-0.35361562691686416,0.07667323824971456,363,5,0.0005703815006423598,0.04739947137639548,7,7,0.4302888651665787
278,regenerated_shortfalls_fixed_labels,young_relative,family_month_minus_pooled,0.08207677309978866,0.0480202007772573,-0.034056572322531356,0.07709128257252496,0.04847925755002075,0.0049854905272637,-0.0004590567727634498,-0.00544454730002715,-0.005573585113056867,0.007346841167542846,0.012920426280599712,-0.1461079485843756,0.15499837770767858,363,5,0.0005703815006423598,0.04739947137639548,7,7,0.30110632629205414
278,regenerated_shortfalls_and_labels,total,pooled,-0.16377116430786862,-0.2005971926865089,-0.036826028378640296,-0.16416781512267428,-0.20004205481208048,0.0003966508148056658,-0.0005551378744284297,-0.0009517886892340954,0.0011366840378451543,-0.003636179068190884,-0.004772863106036038,0.006380345985753297,-0.017266612489634486,363,5,0.07801507877875612,0.21059018208544145,5,5,-0.023646958475387784
278,regenerated_shortfalls_and_labels,total,family_month,-0.08757516874077126,-0.1496679223979614,-0.062092753657190136,-0.08707653255014933,-0.1520783576319789,-0.0004986361906219317,0.002410435234017516,0.002909071424639448,0.0007879175334437423,-0.0036173898578756255,-0.004405307391319368,0.004422677106597368,-0.01717739080736425,363,5,0.07801507877875612,0.21059018208544145,7,7,-0.021600067913961615
278,regenerated_shortfalls_and_labels,total,family_month_minus_pooled,0.07619599556709736,0.05092927028854752,-0.02526672527854984,0.07709128257252496,0.04796369718010157,-0.0008952870054275974,0.002965573108445946,0.0038608601138735432,-0.00034876650440141205,1.8789210315258657e-05,0.0003675557147166707,-0.001957668879155929,8.92216822702372e-05,363,5,0.07801507877875612,0.21059018208544145,7,7,0.0020468905614261664
278,regenerated_shortfalls_and_labels,young_relative,pooled,-0.16302713404283437,-0.20000728841457088,-0.03698015437173652,-0.16416781512267428,-0.20004205481208048,0.001140681079839917,3.47663975096002e-05,-0.0011059146823303168,-0.007915802788313398,-0.0040631673558365585,0.00385263543247684,-0.20750767833248854,-0.08572178629527881,363,5,0.0005703815006423598,0.04739947137639548,5,5,0.12178589203720973
278,regenerated_shortfalls_and_labels,young_relative,family_month,-0.08095036094304571,-0.15226099337035848,-0.07131063242731277,-0.08707653255014933,-0.1520783576319789,0.006126171607103617,-0.00018263573837956626,-0.006308807345483183,-0.013489387901370265,0.0033046027757480923,0.016793990677118356,-0.35361562691686416,0.06971813566245287,363,5,0.0005703815006423598,0.04739947137639548,7,7,0.42333376257931704
278,regenerated_shortfalls_and_labels,young_relative,family_month_minus_pooled,0.08207677309978866,0.047746295044212406,-0.03433047805557625,0.07709128257252496,0.04796369718010157,0.0049854905272637,-0.00021740213588916646,-0.005202892663152867,-0.005573585113056867,0.00736777013158465,0.012941355244641517,-0.1461079485843756,0.15543992195773168,363,5,0.0005703815006423598,0.04739947137639548,7,7,0.3015478705421073
279,fixed_shortfalls_fixed_labels,total,pooled,-0.16377116430786862,-0.12596227274572205,0.03780889156214656,-0.16416781512267428,-0.12738150061452694,0.0003966508148056658,0.0014192278688048843,0.0010225770539992185,0.0011366840378451543,0.004206721156105649,0.003070037118260495,0.006380345985753297,0.023612838350773508,363,2,0.06170076814319721,0.17815398105106858,5,5,0.01723249236502021
279,fixed_shortfalls_fixed_labels,total,family_month,-0.08757516874077126,-0.052473698581211696,0.03510147015955956,-0.08707653255014933,-0.05147508624389418,-0.0004986361906219317,-0.000998612337317517,-0.0004999761466955854,0.0007879175334437423,0.001577854765730283,0.0007899372322865408,0.004422677106597368,0.008856691028857696,363,2,0.06170076814319721,0.17815398105106858,7,7,0.004434013922260328
279,fixed_shortfalls_fixed_labels,total,family_month_minus_pooled,0.07619599556709736,0.07348857416451035,-0.002707421402587007,0.07709128257252496,0.07590641437063275,-0.0008952870054275974,-0.0024178402061224014,-0.001522553200694804,-0.00034876650440141205,-0.0026288663903753662,-0.002280099885973954,-0.001957668879155929,-0.014756147321915814,363,2,0.06170076814319721,0.17815398105106858,7,7,-0.012798478442759885
279,fixed_shortfalls_fixed_labels,young_relative,pooled,-0.16302713404283437,-0.12576067936240515,0.03726645468042922,-0.16416781512267428,-0.12738150061452694,0.001140681079839917,0.0016208212521217902,0.0004801401722818732,-0.007915802788313398,-0.012246535859400944,-0.004330733071087545,-0.20750767833248854,-0.32103506008912525,363,2,-0.0004626710527536109,0.03814703557923262,5,5,-0.11352738175663671
279,fixed_shortfalls_fixed_labels,young_relative,family_month,-0.08095036094304571,-0.043172648610656644,0.037777712332389066,-0.08707653255014933,-0.05147508624389418,0.006126171607103617,0.008302437633237535,0.0021762660261339176,-0.013489387901370265,-0.017856907954890592,-0.004367520053520327,-0.35361562691686416,-0.4681073557551076,363,2,-0.0004626710527536109,0.03814703557923262,7,7,-0.11449172883824343
279,fixed_shortfalls_fixed_labels,young_relative,family_month_minus_pooled,0.08207677309978866,0.0825880307517485,0.0005112576519598483,0.07709128257252496,0.07590641437063275,0.0049854905272637,0.006681616381115751,0.0016961258538520513,-0.005573585113056867,-0.005610372095489648,-3.678698243278142e-05,-0.1461079485843756,-0.14707229566598234,363,2,-0.0004626710527536109,0.03814703557923262,7,7,-0.0009643470816067534
279,regenerated_shortfalls_fixed_labels,total,pooled,-0.16377116430786862,-0.12239135547074508,0.04137980883712354,-0.16416781512267428,-0.12738150061452694,0.0003966508148056658,0.004990145143781863,0.004593494328976197,0.0011366840378451543,0.011807411742981262,0.010670727705136107,0.006380345985753297,0.05564631020307165,363,2,0.07197618769419378,0.21218678650735587,5,5,0.04926596421731835
279,regenerated_shortfalls_fixed_labels,total,family_month,-0.08757516874077126,-0.054664821353787564,0.032910347386983695,-0.08707653255014933,-0.05147508624389418,-0.0004986361906219317,-0.003189735109893385,-0.0026910989192714535,0.0007879175334437423,0.00872405285986929,0.007936135326425547,0.004422677106597368,0.04111496763521066,363,2,0.07197618769419378,0.21218678650735587,7,7,0.03669229052861329
279,regenerated_shortfalls_fixed_labels,total,family_month_minus_pooled,0.07619599556709736,0.0677265341169575,-0.008469461450139854,0.07709128257252496,0.07590641437063275,-0.0008952870054275974,-0.008179880253675248,-0.0072845932482476505,-0.00034876650440141205,-0.003083358883111972,-0.00273459237871056,-0.001957668879155929,-0.014531342567860988,363,2,0.07197618769419378,0.21218678650735587,7,7,-0.012573673688705059
279,regenerated_shortfalls_fixed_labels,young_relative,pooled,-0.16302713404283437,-0.1226712577095897,0.04035587633324467,-0.16416781512267428,-0.12738150061452694,0.001140681079839917,0.00471024290493724,0.0035695618250973227,-0.007915802788313398,-0.016864393613327786,-0.008948590825014388,-0.20750767833248854,-0.345134467933022,363,2,0.00016922414542254357,0.04886325528228768,5,5,-0.13762678960053346
279,regenerated_shortfalls_fixed_labels,young_relative,family_month,-0.08095036094304571,-0.031137979631972745,0.04981238131107296,-0.08707653255014933,-0.05147508624389418,0.006126171607103617,0.020337106611921434,0.014210935004817817,-0.013489387901370265,-0.02430597399583558,-0.010816586094465314,-0.35361562691686416,-0.49742846348278785,363,2,0.00016922414542254357,0.04886325528228768,7,7,-0.1438128365659237
279,regenerated_shortfalls_fixed_labels,young_relative,family_month_minus_pooled,0.08207677309978866,0.09153327807761695,0.009456504977828295,0.07709128257252496,0.07590641437063275,0.0049854905272637,0.015626863706984198,0.010641373179720498,-0.005573585113056867,-0.0074415803825077925,-0.0018679952694509259,-0.1461079485843756,-0.15229399554976586,363,2,0.00016922414542254357,0.04886325528228768,7,7,-0.006186046965390268
279,regenerated_shortfalls_and_labels,total,pooled,-0.16377116430786862,-0.12244988581373008,0.04132127849413854,-0.16416781512267428,-0.12737528041289417,0.0003966508148056658,0.004925394599164093,0.004528743784358427,0.0011366840378451543,0.011653966083293235,0.01051728204544808,0.006380345985753297,0.0549231470777245,363,2,0.07197618769419378,0.21218678650735587,5,5,0.048542801091971205
279,regenerated_shortfalls_and_labels,total,family_month,-0.08757516874077126,-0.056020361472148984,0.031554807268622274,-0.08707653255014933,-0.05281721079349507,-0.0004986361906219317,-0.0032031506786539127,-0.002704514488031981,0.0007879175334437423,0.008615457540121779,0.007827540006678037,0.004422677106597368,0.04060317648395654,363,2,0.07197618769419378,0.21218678650735587,7,7,0.03618049937735917
279,regenerated_shortfalls_and_labels,total,family_month_minus_pooled,0.07619599556709736,0.06642952434158109,-0.009766471225516271,0.07709128257252496,0.07455806961939909,-0.0008952870054275974,-0.008128545277818006,-0.007233258272390408,-0.00034876650440141205,-0.0030385085431714563,-0.002689742038770044,-0.001957668879155929,-0.01431997059376796,363,2,0.07197618769419378,0.21218678650735587,7,7,-0.01236230171461203
279,regenerated_shortfalls_and_labels,young_relative,pooled,-0.16302713404283437,-0.12270489882329891,0.04032223521953546,-0.16416781512267428,-0.12737528041289417,0.001140681079839917,0.004670381589595263,0.0035297005097553458,-0.007915802788313398,-0.01672819932233379,-0.008812396534020392,-0.20750767833248854,-0.3423472141938434,363,2,0.00016922414542254357,0.04886325528228768,5,5,-0.13483953586135486
279,regenerated_shortfalls_and_labels,young_relative,family_month,-0.08095036094304571,-0.032917790860351875,0.048032570082693835,-0.08707653255014933,-0.05281721079349507,0.006126171607103617,0.019899419933143196,0.013773248326039579,-0.013489387901370265,-0.024149552912192795,-0.01066016501082253,-0.35361562691686416,-0.4942272628517795,363,2,0.00016922414542254357,0.04886325528228768,7,7,-0.14061163593491532
279,regenerated_shortfalls_and_labels,young_relative,family_month_minus_pooled,0.08207677309978866,0.08978710796294703,0.007710334863158377,0.07709128257252496,0.07455806961939909,0.0049854905272637,0.01522903834354794,0.01024354781628424,-0.005573585113056867,-0.007421353589859004,-0.0018477684768021373,-0.1461079485843756,-0.15188004865793606,363,2,0.00016922414542254357,0.04886325528228768,7,7,-0.0057721000735604655
280,fixed_shortfalls_fixed_labels,total,pooled,-0.16377116430786862,-0.141820170575324,0.02195099373254461,-0.16416781512267428,-0.13763494560237335,0.0003966508148056658,-0.004185224972950652,-0.004581875787756318,0.0011366840378451543,-0.01247922358052739,-0.013615907618372544,0.006380345985753297,-0.0700474022915613,363,1,0.06170076814319721,0.17815398105106858,5,5,-0.07642774827731459
280,fixed_shortfalls_fixed_labels,total,family_month,-0.08757516874077126,-0.06837281445672004,0.019202354284051218,-0.08707653255014933,-0.07572748395590936,-0.0004986361906219317,0.007354669499189323,0.007853305689811255,0.0007879175334437423,-0.010605989952656122,-0.011393907486099863,0.004422677106597368,-0.05953271372373021,363,1,0.06170076814319721,0.17815398105106858,7,7,-0.06395539083032757
280,fixed_shortfalls_fixed_labels,total,family_month_minus_pooled,0.07619599556709736,0.07344735611860397,-0.0027486394484933924,0.07709128257252496,0.06190746164646399,-0.0008952870054275974,0.011539894472139975,0.012435181477567572,-0.00034876650440141205,0.0018732336278712673,0.0022220001322726794,-0.001957668879155929,0.010514688567831089,363,1,0.06170076814319721,0.17815398105106858,7,7,0.012472357446987018
280,fixed_shortfalls_fixed_labels,young_relative,pooled,-0.16302713404283437,-0.13630908797863137,0.026718046064203,-0.16416781512267428,-0.13763494560237335,0.001140681079839917,0.0013258576237419883,0.0001851765439020714,-0.007915802788313398,-0.00963767382066455,-0.001721871032351151,-0.20750767833248854,-0.2526454198687809,363,1,-0.0004626710527536109,0.03814703557923262,5,5,-0.04513774153629238
280,fixed_shortfalls_fixed_labels,young_relative,family_month,-0.08095036094304571,-0.06967592716704743,0.01127443377599828,-0.08707653255014933,-0.07572748395590936,0.006126171607103617,0.006051556788861934,-7.461481824168337e-05,-0.013489387901370265,-0.014788520352213348,-0.001299132450843083,-0.35361562691686416,-0.3876715484614031,363,1,-0.0004626710527536109,0.03814703557923262,7,7,-0.03405592154453896
280,fixed_shortfalls_fixed_labels,young_relative,family_month_minus_pooled,0.08207677309978866,0.06663316081158394,-0.01544361228820472,0.07709128257252496,0.06190746164646399,0.0049854905272637,0.004725699165119945,-0.00025979136214375476,-0.005573585113056867,-0.005150846531548799,0.000422738581508068,-0.1461079485843756,-0.1350261285926222,363,1,-0.0004626710527536109,0.03814703557923262,7,7,0.011081819991753394
280,regenerated_shortfalls_fixed_labels,total,pooled,-0.16377116430786862,-0.14084233274786812,0.0229288315600005,-0.16416781512267428,-0.13763494560237335,0.0003966508148056658,-0.003207387145494761,-0.003604037960300427,0.0011366840378451543,-0.016820166664456224,-0.017956850702301377,0.006380345985753297,-0.08116705089902543,363,1,0.06972727929872372,0.20722899844397552,5,5,-0.08754739688477872
280,regenerated_shortfalls_fixed_labels,total,family_month,-0.08757516874077126,-0.06771354877010335,0.019861619970667904,-0.08707653255014933,-0.07572748395590936,-0.0004986361906219317,0.00801393518580601,0.008512571376427941,0.0007879175334437423,-0.017447778534639923,-0.018235696068083666,0.004422677106597368,-0.08419564185345875,363,1,0.06972727929872372,0.20722899844397552,7,7,-0.08861831896005612
280,regenerated_shortfalls_fixed_labels,total,family_month_minus_pooled,0.07619599556709736,0.07312878397776476,-0.003067211589332597,0.07709128257252496,0.06190746164646399,-0.0008952870054275974,0.01122132233130077,0.012116609336728368,-0.00034876650440141205,-0.0006276118701836995,-0.0002788453657822875,-0.001957668879155929,-0.003028590954433314,363,1,0.06972727929872372,0.20722899844397552,7,7,-0.0010709220752773848
280,regenerated_shortfalls_fixed_labels,young_relative,pooled,-0.16302713404283437,-0.13755288749734335,0.02547424654549102,-0.16416781512267428,-0.13763494560237335,0.001140681079839917,8.205810503000843e-05,-0.0010586229748099085,-0.007915802788313398,-0.0006840135877910589,0.00723178920052234,-0.20750767833248854,-0.012424253211124617,363,1,0.0023293741513073537,0.05505470438888,5,5,0.19508342512136392
280,regenerated_shortfalls_fixed_labels,young_relative,family_month,-0.08095036094304571,-0.07279827460731077,0.008152086335734943,-0.08707653255014933,-0.07572748395590936,0.006126171607103617,0.0029292093485985965,-0.0031969622585050206,-0.013489387901370265,-0.007027858314452373,0.0064615295869178925,-0.35361562691686416,-0.12765227590381661,363,1,0.0023293741513073537,0.05505470438888,7,7,0.22596335101304754
280,regenerated_shortfalls_fixed_labels,young_relative,family_month_minus_pooled,0.08207677309978866,0.06475461289003258,-0.017322160209756077,0.07709128257252496,0.06190746164646399,0.0049854905272637,0.002847151243568588,-0.002138339283695112,-0.005573585113056867,-0.006343844726661314,-0.0007702596136044473,-0.1461079485843756,-0.11522802269269199,363,1,0.0023293741513073537,0.05505470438888,7,7,0.030879925891683604
280,regenerated_shortfalls_and_labels,total,pooled,-0.16377116430786862,-0.14084233274786823,0.02292883156000039,-0.16416781512267428,-0.13763494560237335,0.0003966508148056658,-0.003207387145494872,-0.003604037960300538,0.0011366840378451543,-0.01682016666445625,-0.017956850702301404,0.006380345985753297,-0.08116705089902557,363,1,0.06972727929872372,0.20722899844397552,5,5,-0.08754739688477886
280,regenerated_shortfalls_and_labels,total,family_month,-0.08757516874077126,-0.06771354877010359,0.01986161997066767,-0.08707653255014933,-0.07572748395590938,-0.0004986361906219317,0.008013935185805787,0.008512571376427719,0.0007879175334437423,-0.017447778534639947,-0.01823569606808369,0.004422677106597368,-0.08419564185345886,363,1,0.06972727929872372,0.20722899844397552,7,7,-0.08861831896005623
280,regenerated_shortfalls_and_labels,total,family_month_minus_pooled,0.07619599556709736,0.07312878397776464,-0.0030672115893327218,0.07709128257252496,0.06190746164646398,-0.0008952870054275974,0.01122132233130066,0.012116609336728257,-0.00034876650440141205,-0.0006276118701836961,-0.000278845365782284,-0.001957668879155929,-0.003028590954433297,363,1,0.06972727929872372,0.20722899844397552,7,7,-0.0010709220752773679
280,regenerated_shortfalls_and_labels,young_relative,pooled,-0.16302713404283437,-0.1375528874973434,0.025474246545490964,-0.16416781512267428,-0.13763494560237335,0.001140681079839917,8.205810502995292e-05,-0.001058622974809964,-0.007915802788313398,-0.0006840135877910554,0.007231789200522343,-0.20750767833248854,-0.012424253211124555,363,1,0.0023293741513073537,0.05505470438888,5,5,0.19508342512136398
280,regenerated_shortfalls_and_labels,young_relative,family_month,-0.08095036094304571,-0.07279827460731085,0.00815208633573486,-0.08707653255014933,-0.07572748395590938,0.006126171607103617,0.002929209348598527,-0.00319696225850509,-0.013489387901370265,-0.007027858314452361,0.006461529586917904,-0.35361562691686416,-0.1276522759038164,363,1,0.0023293741513073537,0.05505470438888,7,7,0.22596335101304776
280,regenerated_shortfalls_and_labels,young_relative,family_month_minus_pooled,0.08207677309978866,0.06475461289003255,-0.017322160209756104,0.07709128257252496,0.06190746164646398,0.0049854905272637,0.002847151243568574,-0.002138339283695126,-0.005573585113056867,-0.006343844726661306,-0.0007702596136044395,-0.1461079485843756,-0.11522802269269185,363,1,0.0023293741513073537,0.05505470438888,7,7,0.030879925891683743
281,fixed_shortfalls_fixed_labels,total,pooled,-0.16377116430786862,-0.12636053075637754,0.037410633551491074,-0.16416781512267428,-0.12578443379101642,0.0003966508148056658,-0.0005760969653611225,-0.0009727477801667883,0.0011366840378451543,-0.0016470338936293782,-0.0027837179314745327,0.006380345985753297,-0.009245001901794432,363,5,0.06170076814319721,0.17815398105106858,5,5,-0.015625347887547728
281,fixed_shortfalls_fixed_labels,total,family_month,-0.08757516874077126,-0.11370406758337301,-0.02612889884260175,-0.08707653255014933,-0.11459361218737484,-0.0004986361906219317,0.0008895446040018268,0.0013881807946237584,0.0007879175334437423,-0.0014012371018185274,-0.0021891546352622695,0.004422677106597368,-0.007865314564128976,363,5,0.06170076814319721,0.17815398105106858,6,6,-0.012287991670726344
281,fixed_shortfalls_fixed_labels,total,family_month_minus_pooled,0.07619599556709736,0.012656463173004534,-0.06353953239409282,0.07709128257252496,0.011190821603641585,-0.0008952870054275974,0.0014656415693629493,0.0023609285747905467,-0.00034876650440141205,0.0002457967918108508,0.0005945632962122628,-0.001957668879155929,0.0013796873376654552,363,5,0.06170076814319721,0.17815398105106858,6,6,0.0033373562168213843
281,fixed_shortfalls_fixed_labels,young_relative,pooled,-0.16302713404283437,-0.12507776578203655,0.03794936826079781,-0.16416781512267428,-0.12578443379101642,0.001140681079839917,0.000706668008979866,-0.0004340130708600509,-0.007915802788313398,-0.004713059673054874,0.003202743115258524,-0.20750767833248854,-0.12354982769934239,363,5,-0.0004626710527536109,0.03814703557923262,5,5,0.08395785063314615
281,fixed_shortfalls_fixed_labels,young_relative,family_month,-0.08095036094304571,-0.10941663445567143,-0.02846627351262572,-0.08707653255014933,-0.11459361218737484,0.006126171607103617,0.0051769777317034055,-0.0009491938754002116,-0.013489387901370265,-0.011215295189950191,0.002274092711420074,-0.35361562691686416,-0.2940017492750036,363,5,-0.0004626710527536109,0.03814703557923262,6,6,0.059613877641860546
281,fixed_shortfalls_fixed_labels,young_relative,family_month_minus_pooled,0.08207677309978866,0.015661131326365124,-0.06641564177342353,0.07709128257252496,0.011190821603641585,0.0049854905272637,0.0044703097227235394,-0.0005151808045401607,-0.005573585113056867,-0.006502235516895317,-0.0009286504038384501,-0.1461079485843756,-0.17045192157566122,363,5,-0.0004626710527536109,0.03814703557923262,6,6,-0.02434397299128563
281,regenerated_shortfalls_fixed_labels,total,pooled,-0.16377116430786862,-0.12560329857349847,0.03816786573437014,-0.16416781512267428,-0.12578443379101642,0.0003966508148056658,0.00018113521751794703,-0.00021551559728771874,0.0011366840378451543,0.00809743189994258,0.0069607478620974245,0.006380345985753297,0.038030404691266444,363,5,0.07608604201159573,0.2129199509097553,5,5,0.03165005870551315
281,regenerated_shortfalls_fixed_labels,total,family_month,-0.08757516874077126,-0.12050935971986224,-0.03293419097909098,-0.08707653255014933,-0.11459361218737484,-0.0004986361906219317,-0.0059157475324874,-0.005417111341865469,0.0007879175334437423,0.005647779342140666,0.004859861808696924,0.004422677106597368,0.02652536466408655,363,5,0.07608604201159573,0.2129199509097553,6,6,0.022102687557489183
281,regenerated_shortfalls_fixed_labels,total,family_month_minus_pooled,0.07619599556709736,0.005093938853636237,-0.07110205671346112,0.07709128257252496,0.011190821603641585,-0.0008952870054275974,-0.006096882750005347,-0.00520159574457775,-0.00034876650440141205,-0.0024496525578019132,-0.002100886053400501,-0.001957668879155929,-0.011505040027179897,363,5,0.07608604201159573,0.2129199509097553,6,6,-0.009547371148023967
281,regenerated_shortfalls_fixed_labels,young_relative,pooled,-0.16302713404283437,-0.125076721901237,0.03795041214159736,-0.16416781512267428,-0.12578443379101642,0.001140681079839917,0.0007077118897794166,-0.0004329691900605004,-0.007915802788313398,0.01002356183206341,0.017939364620376808,-0.20750767833248854,0.23498238198479393,363,5,0.001328907706346853,0.042656652585605546,5,5,0.44249006031728244
281,regenerated_shortfalls_fixed_labels,young_relative,family_month,-0.08095036094304571,-0.11488400863925133,-0.03393364769620562,-0.08707653255014933,-0.11459361218737484,0.006126171607103617,-0.0002903964518764929,-0.00641656805898011,-0.013489387901370265,0.0035361799514231876,0.017025567852793452,-0.35361562691686416,0.08289867434690525,363,5,0.001328907706346853,0.042656652585605546,6,6,0.4365143012637694
281,regenerated_shortfalls_fixed_labels,young_relative,family_month_minus_pooled,0.08207677309978866,0.010192713261985675,-0.07188405983780298,0.07709128257252496,0.011190821603641585,0.0049854905272637,-0.0009981083416559094,-0.00598359886891961,-0.005573585113056867,-0.006487381880640223,-0.000913796767583356,-0.1461079485843756,-0.1520837076378887,363,5,0.001328907706346853,0.042656652585605546,6,6,-0.005975759053513108
281,regenerated_shortfalls_and_labels,total,pooled,-0.16377116430786862,-0.1254411914822799,0.038329972825588726,-0.16416781512267428,-0.1256307947922669,0.0003966508148056658,0.0001896033099870187,-0.0002070475048186471,0.0011366840378451543,0.008060720226325395,0.00692403618848024,0.006380345985753297,0.037857984617617524,363,5,0.07608604201159573,0.2129199509097553,5,5,0.03147763863186423
281,regenerated_shortfalls_and_labels,total,family_month,-0.08757516874077126,-0.12292114011597885,-0.03534597137520759,-0.08707653255014933,-0.11685468096375536,-0.0004986361906219317,-0.006066459152223494,-0.005567822961601562,0.0007879175334437423,0.005734917498652115,0.004946999965208373,0.004422677106597368,0.02693461779484827,363,5,0.07608604201159573,0.2129199509097553,6,6,0.022511940688250902
281,regenerated_shortfalls_and_labels,total,family_month_minus_pooled,0.07619599556709736,0.0025200513663010404,-0.07367594420079632,0.07709128257252496,0.008776113828511553,-0.0008952870054275974,-0.006256062462210513,-0.005360775456782915,-0.00034876650440141205,-0.0023258027276732793,-0.0019770362232718673,-0.001957668879155929,-0.010923366822769254,363,5,0.07608604201159573,0.2129199509097553,6,6,-0.008965697943613325
281,regenerated_shortfalls_and_labels,young_relative,pooled,-0.16302713404283437,-0.12485982635320488,0.03816730768962949,-0.16416781512267428,-0.1256307947922669,0.001140681079839917,0.0007709684390620336,-0.00036971264077788335,-0.007915802788313398,0.009971781669451648,0.017887584457765046,-0.20750767833248854,0.23376849951926648,363,5,0.001328907706346853,0.042656652585605546,5,5,0.441276177851755
281,regenerated_shortfalls_and_labels,young_relative,family_month,-0.08095036094304571,-0.11708830020785144,-0.03613793926480573,-0.08707653255014933,-0.11685468096375536,0.006126171607103617,-0.00023361924409608104,-0.006359790851199698,-0.013489387901370265,0.0034172981655980804,0.016906686066968345,-0.35361562691686416,0.08011172838140715,363,5,0.001328907706346853,0.042656652585605546,6,6,0.43372735529827133
281,regenerated_shortfalls_and_labels,young_relative,family_month_minus_pooled,0.08207677309978866,0.0077715261453534384,-0.07430524695443522,0.07709128257252496,0.008776113828511553,0.0049854905272637,-0.0010045876831581146,-0.005990078210421815,-0.005573585113056867,-0.006554483503853567,-0.0009808983907967006,-0.1461079485843756,-0.15365677113785933,363,5,0.001328907706346853,0.042656652585605546,6,6,-0.007548822553483742
282,fixed_shortfalls_fixed_labels,total,pooled,-0.16377116430786862,-0.15421262456788581,0.009558539739982802,-0.16416781512267428,-0.15231819302074306,0.0003966508148056658,-0.0018944315471427497,-0.0022910823619484155,0.0011366840378451543,-0.00543338774399494,-0.006570071781840095,0.006380345985753297,-0.03049826735242833,363,4,0.06170076814319721,0.17815398105106858,5,5,-0.036878613338181626
282,fixed_shortfalls_fixed_labels,total,family_month,-0.08757516874077126,-0.0038208625338172243,0.08375430620695404,-0.08707653255014933,-0.009446126812594392,-0.0004986361906219317,0.005625264278777168,0.006123900469399099,0.0007879175334437423,-0.009538501765528479,-0.010326419298972222,0.004422677106597368,-0.053540772478130744,363,4,0.06170076814319721,0.17815398105106858,7,7,-0.05796344958472811
282,fixed_shortfalls_fixed_labels,total,family_month_minus_pooled,0.07619599556709736,0.1503917620340686,0.07419576646697124,0.07709128257252496,0.14287206620814868,-0.0008952870054275974,0.007519695825919909,0.008414982831347506,-0.00034876650440141205,-0.004105114021533539,-0.0037563475171321268,-0.001957668879155929,-0.023042505125702415,363,4,0.06170076814319721,0.17815398105106858,7,7,-0.021084836246546487
282,fixed_shortfalls_fixed_labels,young_relative,pooled,-0.16302713404283437,-0.14984739606547673,0.013179737977357636,-0.16416781512267428,-0.15231819302074306,0.001140681079839917,0.0024707969552663356,0.0013301158754264186,-0.007915802788313398,-0.016112666296567227,-0.008196863508253828,-0.20750767833248854,-0.42238318264864116,363,4,-0.0004626710527536109,0.03814703557923262,5,5,-0.21487550431615263
282,fixed_shortfalls_fixed_labels,young_relative,family_month,-0.08095036094304571,0.0008507069219351659,0.08180106786498087,-0.08707653255014933,-0.009446126812594392,0.006126171607103617,0.010296833734529557,0.00417066212742594,-0.013489387901370265,-0.022371238477324876,-0.00888185057595461,-0.35361562691686416,-0.5864476266015243,363,4,-0.0004626710527536109,0.03814703557923262,7,7,-0.23283199968466012
282,fixed_shortfalls_fixed_labels,young_relative,family_month_minus_pooled,0.08207677309978866,0.1506981029874119,0.06862132988762325,0.07709128257252496,0.14287206620814868,0.0049854905272637,0.007826036779263218,0.002840546251999518,-0.005573585113056867,-0.006258572180757649,-0.0006849870677007822,-0.1461079485843756,-0.1640644439528831,363,4,-0.0004626710527536109,0.03814703557923262,7,7,-0.01795649536850752
282,regenerated_shortfalls_fixed_labels,total,pooled,-0.16377116430786862,-0.1536747051347826,0.01009645917308602,-0.16416781512267428,-0.15231819302074306,0.0003966508148056658,-0.001356512114039532,-0.0017531629288451978,0.0011366840378451543,-0.0025701012406484326,-0.003706785278493587,0.006380345985753297,-0.011999356330395786,363,4,0.06466937517976808,0.21418659217062025,5,5,-0.018379702316149084
282,regenerated_shortfalls_fixed_labels,total,family_month,-0.08757516874077126,-0.007906861041160396,0.07966830769961086,-0.08707653255014933,-0.009446126812594392,-0.0004986361906219317,0.0015392657714339963,0.002037901962055928,0.0007879175334437423,-0.007407252028495013,-0.008195169561938755,0.004422677106597368,-0.03458317326695419,363,4,0.06466937517976808,0.21418659217062025,7,7,-0.03900585037355156
282,regenerated_shortfalls_fixed_labels,total,family_month_minus_pooled,0.07619599556709736,0.1457678440936222,0.06957184852652484,0.07709128257252496,0.14287206620814868,-0.0008952870054275974,0.002895777885473516,0.0037910648909011135,-0.00034876650440141205,-0.004837150787846581,-0.004488384283445168,-0.001957668879155929,-0.0225838169365584,363,4,0.06466937517976808,0.21418659217062025,7,7,-0.020626148057402472
282,regenerated_shortfalls_fixed_labels,young_relative,pooled,-0.16302713404283437,-0.14915997898540484,0.013867155057429525,-0.16416781512267428,-0.15231819302074306,0.001140681079839917,0.003158214035338225,0.002017532955498308,-0.007915802788313398,-0.006106236937418596,0.0018095658508948025,-0.20750767833248854,-0.120246063855884,363,4,0.0007400541045810665,0.05078117937180028,5,5,0.08726161447660453
282,regenerated_shortfalls_fixed_labels,young_relative,family_month,-0.08095036094304571,0.0013233190484436721,0.08227367999148938,-0.08707653255014933,-0.009446126812594392,0.006126171607103617,0.010769445861038065,0.0046432742539344474,-0.013489387901370265,-0.014136500112122892,-0.0006471122107526272,-0.35361562691686416,-0.27838069708111485,363,4,0.0007400541045810665,0.05078117937180028,7,7,0.07523492983574931
282,regenerated_shortfalls_fixed_labels,young_relative,family_month_minus_pooled,0.08207677309978866,0.15048329803384852,0.06840652493405987,0.07709128257252496,0.14287206620814868,0.0049854905272637,0.007611231825699838,0.002625741298436138,-0.005573585113056867,-0.008030263174704295,-0.002456678061647429,-0.1461079485843756,-0.15813463322523083,363,4,0.0007400541045810665,0.05078117937180028,7,7,-0.01202668464085524
282,regenerated_shortfalls_and_labels,total,pooled,-0.16377116430786862,-0.15701809441845813,0.00675306988941049,-0.16416781512267428,-0.1556194284263783,0.0003966508148056658,-0.0013986659920798283,-0.0017953168068854941,0.0011366840378451543,-0.0026349143547846014,-0.0037715983926297557,0.006380345985753297,-0.012301957503883522,363,4,0.06466937517976808,0.21418659217062025,5,5,-0.018682303489636818
282,regenerated_shortfalls_and_labels,total,family_month,-0.08757516874077126,-0.015754744049893837,0.07182042469087742,-0.08707653255014933,-0.017368696087470527,-0.0004986361906219317,0.0016139520375766901,0.0021125882281986218,0.0007879175334437423,-0.007676441245937603,-0.008464358779381346,0.004422677106597368,-0.03583997097177109,363,4,0.06466937517976808,0.21418659217062025,7,7,-0.04026264807836846
282,regenerated_shortfalls_and_labels,total,family_month_minus_pooled,0.07619599556709736,0.1412633503685643,0.06506735480146694,0.07709128257252496,0.13825073233890778,-0.0008952870054275974,0.003012618029656522,0.003907905035084119,-0.00034876650440141205,-0.005041526891153001,-0.00469276038675159,-0.001957668879155929,-0.02353801346788757,363,4,0.06466937517976808,0.21418659217062025,7,7,-0.02158034458873164
282,regenerated_shortfalls_and_labels,young_relative,pooled,-0.16302713404283437,-0.15262986150508173,0.010397272537752633,-0.16416781512267428,-0.1556194284263783,0.001140681079839917,0.002989566921296566,0.001848885841456649,-0.007915802788313398,-0.005841566321577493,0.0020742364667359053,-0.20750767833248854,-0.1150340814026352,363,4,0.0007400541045810665,0.05078117937180028,5,5,0.09247359692985334
282,regenerated_shortfalls_and_labels,young_relative,family_month,-0.08095036094304571,-0.007286352810589304,0.07366400813245641,-0.08707653255014933,-0.017368696087470527,0.006126171607103617,0.010082343276881223,0.003956171669777606,-0.013489387901370265,-0.013770042957634267,-0.0002806550562640016,-0.35361562691686416,-0.2711643000020796,363,4,0.0007400541045810665,0.05078117937180028,7,7,0.08245132691478457
282,regenerated_shortfalls_and_labels,young_relative,family_month_minus_pooled,0.08207677309978866,0.14534350869449242,0.06326673559470376,0.07709128257252496,0.13825073233890778,0.0049854905272637,0.00709277635558464,0.00210728582832094,-0.005573585113056867,-0.007928476636056773,-0.002354891522999907,-0.1461079485843756,-0.15613021859944437,363,4,0.0007400541045810665,0.05078117937180028,7,7,-0.01002227001506878
283,fixed_shortfalls_fixed_labels,total,pooled,-0.16377116430786862,-0.12268667239235946,0.041084491915509155,-0.16416781512267428,-0.11811600232925801,0.0003966508148056658,-0.0045706700631014535,-0.004967320877907119,0.0011366840378451543,-0.012978232906620776,-0.01411491694446593,0.006380345985753297,-0.0728484024328399,363,4,0.06170076814319721,0.17815398105106858,5,5,-0.07922874841859319
283,fixed_shortfalls_fixed_labels,total,family_month,-0.08757516874077126,0.03971305580267467,0.12728822454344593,-0.08707653255014933,0.029770254817495366,-0.0004986361906219317,0.009942800985179301,0.010441437175801233,0.0007879175334437423,-0.016167398800633975,-0.01695531633407772,0.004422677106597368,-0.09074957912952572,363,4,0.06170076814319721,0.17815398105106858,6,6,-0.09517225623612309
283,fixed_shortfalls_fixed_labels,total,family_month_minus_pooled,0.07619599556709736,0.16239972819503412,0.08620373262793676,0.07709128257252496,0.14788625714675338,-0.0008952870054275974,0.01451347104828074,0.015408758053708338,-0.00034876650440141205,-0.0031891658940131993,-0.0028403993896117872,-0.001957668879155929,-0.01790117669668584,363,4,0.06170076814319721,0.17815398105106858,6,6,-0.01594350781752991
283,fixed_shortfalls_fixed_labels,young_relative,pooled,-0.16302713404283437,-0.11762169929807989,0.045405434744754475,-0.16416781512267428,-0.11811600232925801,0.001140681079839917,0.0004943030311781171,-0.0006463780486617998,-0.007915802788313398,-0.0037423218682043585,0.0041734809201090396,-0.20750767833248854,-0.0981025605628368,363,4,-0.0004626710527536109,0.03814703557923262,5,5,0.10940511776965174
283,fixed_shortfalls_fixed_labels,young_relative,family_month,-0.08095036094304571,0.035290265237936186,0.1162406261809819,-0.08707653255014933,0.029770254817495366,0.006126171607103617,0.00552001042044082,-0.0006061611866627972,-0.013489387901370265,-0.013473652086781363,1.5735814588902636e-05,-0.35361562691686416,-0.35320312265932574,363,4,-0.0004626710527536109,0.03814703557923262,6,6,0.00041250425753841524
283,fixed_shortfalls_fixed_labels,young_relative,family_month_minus_pooled,0.08207677309978866,0.15291196453601608,0.07083519143622742,0.07709128257252496,0.14788625714675338,0.0049854905272637,0.005025707389262696,4.021686199899566e-05,-0.005573585113056867,-0.009731330218577004,-0.004157745105520137,-0.1461079485843756,-0.2551005620964889,363,4,-0.0004626710527536109,0.03814703557923262,6,6,-0.10899261351211331
283,regenerated_shortfalls_fixed_labels,total,pooled,-0.16377116430786862,-0.1197989321432376,0.04397223216463102,-0.16416781512267428,-0.11811600232925801,0.0003966508148056658,-0.0016829298139795917,-0.0020795806287852575,0.0011366840378451543,-0.0055550486962311066,-0.00669173273407626,0.006380345985753297,-0.025729410358370532,363,4,0.054056583643085,0.21590268175049282,5,5,-0.03210975634412383
283,regenerated_shortfalls_fixed_labels,total,family_month,-0.08757516874077126,0.03498335815582693,0.12255852689659819,-0.08707653255014933,0.029770254817495366,-0.0004986361906219317,0.005213103338331561,0.0057117395289534925,0.0007879175334437423,-0.0070321959001893005,-0.007820113433633043,0.004422677106597368,-0.03257113734379656,363,4,0.054056583643085,0.21590268175049282,6,6,-0.03699381445039393
283,regenerated_shortfalls_fixed_labels,total,family_month_minus_pooled,0.07619599556709736,0.15478229029906454,0.07858629473196718,0.07709128257252496,0.14788625714675338,-0.0008952870054275974,0.0068960331523111595,0.007791320157738757,-0.00034876650440141205,-0.001477147203958194,-0.0011283806995567819,-0.001957668879155929,-0.006841726985426026,363,4,0.054056583643085,0.21590268175049282,6,6,-0.004884058106270097
283,regenerated_shortfalls_fixed_labels,young_relative,pooled,-0.16302713404283437,-0.11467714679169688,0.04834998725113748,-0.16416781512267428,-0.11811600232925801,0.001140681079839917,0.003438855537561125,0.002298174457721208,-0.007915802788313398,-0.01288548503142995,-0.004969682243116551,-0.20750767833248854,-0.2651800509989269,363,4,0.0009183898889638189,0.048591456947423596,5,5,-0.05767237266643835
283,regenerated_shortfalls_fixed_labels,young_relative,family_month,-0.08095036094304571,0.04104714159968243,0.12199750254272815,-0.08707653255014933,0.029770254817495366,0.006126171607103617,0.011276886782187065,0.005150715175083448,-0.013489387901370265,-0.01957021131419035,-0.006080823412820086,-0.35361562691686416,-0.4027500417483983,363,4,0.0009183898889638189,0.048591456947423596,6,6,-0.049134414831534134
283,regenerated_shortfalls_fixed_labels,young_relative,family_month_minus_pooled,0.08207677309978866,0.1557242883913793,0.07364751529159065,0.07709128257252496,0.14788625714675338,0.0049854905272637,0.007838031244625926,0.002852540717362226,-0.005573585113056867,-0.006684726282760402,-0.0011111411697035355,-0.1461079485843756,-0.1375699907494714,363,4,0.0009183898889638189,0.048591456947423596,6,6,0.008537957834904186
283,regenerated_shortfalls_and_labels,total,pooled,-0.16377116430786862,-0.12057710737811457,0.043194056929754046,-0.16416781512267428,-0.11885741241610893,0.0003966508148056658,-0.0017196949620056357,-0.0021163457768113014,0.0011366840378451543,-0.005572098534988405,-0.00670878257283356,0.006380345985753297,-0.025808380376802272,363,4,0.054056583643085,0.21590268175049282,5,5,-0.03218872636255557
283,regenerated_shortfalls_and_labels,total,family_month,-0.08757516874077126,0.03549909055315019,0.12307425929392145,-0.08707653255014933,0.030238604770799985,-0.0004986361906219317,0.005260485782350204,0.005759121972972136,0.0007879175334437423,-0.0071522922281764415,-0.007940209761620184,0.004422677106597368,-0.03312738948023797,363,4,0.054056583643085,0.21590268175049282,6,6,-0.03755006658683534
283,regenerated_shortfalls_and_labels,total,family_month_minus_pooled,0.07619599556709736,0.15607619793126476,0.0798802023641674,0.07709128257252496,0.14909601718690893,-0.0008952870054275974,0.0069801807443558295,0.007875467749783427,-0.00034876650440141205,-0.0015801936931880362,-0.0012314271887866241,-0.001957668879155929,-0.007319009103435693,363,4,0.054056583643085,0.21590268175049282,6,6,-0.005361340224279764
283,regenerated_shortfalls_and_labels,young_relative,pooled,-0.16302713404283437,-0.11552211772772059,0.04750501631511378,-0.16416781512267428,-0.11885741241610893,0.001140681079839917,0.003335294688388349,0.002194613608548432,-0.007915802788313398,-0.012830202341729597,-0.004914399553416198,-0.20750767833248854,-0.2640423471066528,363,4,0.0009183898889638189,0.048591456947423596,5,5,-0.05653466877416427
283,regenerated_shortfalls_and_labels,young_relative,family_month,-0.08095036094304571,0.041084904926821424,0.12203526586986713,-0.08707653255014933,0.030238604770799985,0.006126171607103617,0.010846300156021439,0.0047201285489178214,-0.013489387901370265,-0.019411051872760262,-0.005921663971389997,-0.35361562691686416,-0.3994745803519166,363,4,0.0009183898889638189,0.048591456947423596,6,6,-0.04585895343505242
283,regenerated_shortfalls_and_labels,young_relative,family_month_minus_pooled,0.08207677309978866,0.15660702265454202,0.07453024955475336,0.07709128257252496,0.14909601718690893,0.0049854905272637,0.007511005467633086,0.002525514940369386,-0.005573585113056867,-0.006580849531030665,-0.0010072644179737987,-0.1461079485843756,-0.13543223324526377,363,4,0.0009183898889638189,0.048591456947423596,6,6,0.010675715339111824
284,fixed_shortfalls_fixed_labels,total,pooled,-0.16377116430786862,-0.17790406024267327,-0.014132895934804657,-0.16416781512267428,-0.18198545434330388,0.0003966508148056658,0.004081394100630603,0.0036847432858249374,0.0011366840378451543,0.01227139674698989,0.011134712709144736,0.006380345985753297,0.06888084495553452,363,1,0.06170076814319721,0.17815398105106858,5,5,0.06250049896978123
284,fixed_shortfalls_fixed_labels,total,family_month,-0.08757516874077126,-0.04662061495628716,0.0409545537844841,-0.08707653255014933,-0.040243329499388025,-0.0004986361906219317,-0.006377285456899133,-0.005878649266277201,0.0007879175334437423,0.009846599459299008,0.009058681925855266,0.004422677106597368,0.05527016236856609,363,1,0.06170076814319721,0.17815398105106858,6,6,0.05084748526196872
284,fixed_shortfalls_fixed_labels,total,family_month_minus_pooled,0.07619599556709736,0.1312834452863861,0.05508744971928875,0.07709128257252496,0.14174212484391585,-0.0008952870054275974,-0.010458679557529743,-0.009563392552102146,-0.00034876650440141205,-0.0024247972876908826,-0.0020760307832894706,-0.001957668879155929,-0.01361068258696843,363,1,0.06170076814319721,0.17815398105106858,6,6,-0.0116530137078125
284,fixed_shortfalls_fixed_labels,young_relative,pooled,-0.16302713404283437,-0.17918970052566385,-0.016162566482829488,-0.16416781512267428,-0.18198545434330388,0.001140681079839917,0.002795753817640023,0.0016550727378001062,-0.007915802788313398,-0.02057186008304913,-0.012656057294735732,-0.20750767833248854,-0.5392780794282354,363,1,-0.0004626710527536109,0.03814703557923262,5,5,-0.33177040109574685
284,fixed_shortfalls_fixed_labels,young_relative,family_month,-0.08095036094304571,-0.02825964222511941,0.0526907187179263,-0.08707653255014933,-0.040243329499388025,0.006126171607103617,0.011983687274268615,0.0058575156671649975,-0.013489387901370265,-0.026071550101267382,-0.012582162199897117,-0.35361562691686416,-0.6834489156337177,363,1,-0.0004626710527536109,0.03814703557923262,6,6,-0.3298332887168535
284,fixed_shortfalls_fixed_labels,young_relative,family_month_minus_pooled,0.08207677309978866,0.15093005830054446,0.0688532852007558,0.07709128257252496,0.14174212484391585,0.0049854905272637,0.009187933456628605,0.004202442929364905,-0.005573585113056867,-0.005499690018218251,7.38950948386153e-05,-0.1461079485843756,-0.14417083620548227,363,1,-0.0004626710527536109,0.03814703557923262,6,6,0.0019371123788933242
284,regenerated_shortfalls_fixed_labels,total,pooled,-0.16377116430786862,-0.18101114445388797,-0.01723998014601935,-0.16416781512267428,-0.18198545434330388,0.0003966508148056658,0.0009743098894159086,0.0005776590746102428,0.0011366840378451543,0.005946231168372554,0.0048095471305274005,0.006380345985753297,0.028376244053306902,363,1,0.0722906388621646,0.20954962035152055,5,5,0.021995898067553605
284,regenerated_shortfalls_fixed_labels,total,family_month,-0.08757516874077126,-0.0415771288192283,0.04599803992154296,-0.08707653255014933,-0.040243329499388025,-0.0004986361906219317,-0.0013337993198402759,-0.0008351631292183442,0.0007879175334437423,0.006657642241527759,0.0058697247080840165,0.004422677106597368,0.031771196866687376,363,1,0.0722906388621646,0.20954962035152055,6,6,0.027348519760090007
284,regenerated_shortfalls_fixed_labels,total,family_month_minus_pooled,0.07619599556709736,0.13943401563465968,0.06323802006756232,0.07709128257252496,0.14174212484391585,-0.0008952870054275974,-0.0023081092092561706,-0.0014128222038285732,-0.00034876650440141205,0.0007114110731552045,0.0010601775775566165,-0.001957668879155929,0.0033949528133804716,363,1,0.0722906388621646,0.20954962035152055,6,6,0.005352621692536401
284,regenerated_shortfalls_fixed_labels,young_relative,pooled,-0.16302713404283437,-0.17369987426148592,-0.010672740218651555,-0.16416781512267428,-0.18198545434330388,0.001140681079839917,0.008285580081817956,0.007144899001978039,-0.007915802788313398,-0.027367734922848826,-0.01945193213453543,-0.20750767833248854,-0.5424079731764833,363,1,0.005926558390901315,0.05045599673355868,5,5,-0.33490029484399475
284,regenerated_shortfalls_fixed_labels,young_relative,family_month,-0.08095036094304571,-0.01602384628875927,0.06492651465428644,-0.08707653255014933,-0.040243329499388025,0.006126171607103617,0.024219483210628754,0.018093311603525137,-0.013489387901370265,-0.03162932129197482,-0.018139933390604556,-0.35361562691686416,-0.6268694177026912,363,1,0.005926558390901315,0.05045599673355868,6,6,-0.27325379078582707
284,regenerated_shortfalls_fixed_labels,young_relative,family_month_minus_pooled,0.08207677309978866,0.15767602797272665,0.07559925487293799,0.07709128257252496,0.14174212484391585,0.0049854905272637,0.015933903128810795,0.010948412601547095,-0.005573585113056867,-0.004261586369125995,0.0013119987439308717,-0.1461079485843756,-0.08446144452620792,363,1,0.005926558390901315,0.05045599673355868,6,6,0.06164650405816767
284,regenerated_shortfalls_and_labels,total,pooled,-0.16377116430786862,-0.18107132215301447,-0.017300157845145853,-0.16416781512267428,-0.1820328186410145,0.0003966508148056658,0.0009614964880000354,0.0005648456731943696,0.0011366840378451543,0.005878774187231032,0.004742090149385878,0.006380345985753297,0.028054329935646546,363,1,0.0722906388621646,0.20954962035152055,5,5,0.021673983949893248
284,regenerated_shortfalls_and_labels,total,family_month,-0.08757516874077126,-0.039708328120476734,0.047866840620294525,-0.08707653255014933,-0.0383434743161762,-0.0004986361906219317,-0.001364853804300535,-0.0008662176136786034,0.0007879175334437423,0.006447404757650867,0.005659487224207125,0.004422677106597368,0.0307679142860546,363,1,0.0722906388621646,0.20954962035152055,6,6,0.026345237179457234
284,regenerated_shortfalls_and_labels,total,family_month_minus_pooled,0.07619599556709736,0.14136299403253774,0.06516699846544038,0.07709128257252496,0.14368934432483832,-0.0008952870054275974,-0.0023263502923005774,-0.00143106328687298,-0.00034876650440141205,0.0005686305704198352,0.0009173970748212472,-0.001957668879155929,0.0027135843504080535,363,1,0.0722906388621646,0.20954962035152055,6,6,0.004671253229563983
284,regenerated_shortfalls_and_labels,young_relative,pooled,-0.16302713404283437,-0.17372968696910823,-0.010702552926273867,-0.16416781512267428,-0.1820328186410145,0.001140681079839917,0.008303131671906272,0.007162450592066355,-0.007915802788313398,-0.027403832912380383,-0.019488030124066982,-0.20750767833248854,-0.5431234082460188,363,1,0.005926558390901315,0.05045599673355868,5,5,-0.3356157299135303
284,regenerated_shortfalls_and_labels,young_relative,family_month,-0.08095036094304571,-0.013569471576630826,0.06738088936641488,-0.08707653255014933,-0.0383434743161762,0.006126171607103617,0.024774002739545373,0.018647831132441756,-0.013489387901370265,-0.03181251171505559,-0.018323123813685328,-0.35361562691686416,-0.630500114447186,363,1,0.005926558390901315,0.05045599673355868,6,6,-0.27688448753032185
284,regenerated_shortfalls_and_labels,young_relative,family_month_minus_pooled,0.08207677309978866,0.1601602153924774,0.07808344229268875,0.07709128257252496,0.14368934432483832,0.0049854905272637,0.016470871067639087,0.011485380540375387,-0.005573585113056867,-0.00440867880267521,0.0011649063103816564,-0.1461079485843756,-0.08737670620116722,363,1,0.005926558390901315,0.05045599673355868,6,6,0.05873124238320837
285,fixed_shortfalls_fixed_labels,total,pooled,-0.16377116430786862,-0.147443992042905,0.016327172264963608,-0.16416781512267428,-0.14458039022388589,0.0003966508148056658,-0.0028636018190191237,-0.0032602526338247895,0.0011366840378451543,-0.008799224073289088,-0.009935908111134243,0.006380345985753297,-0.049391116725967264,363,2,0.06170076814319721,0.17815398105106858,5,5,-0.05577146271172056
285,fixed_shortfalls_fixed_labels,total,family_month,-0.08757516874077126,-0.06666225803298907,0.020912910707782187,-0.08707653255014933,-0.07336321765579666,-0.0004986361906219317,0.00670095962280759,0.007199595813429521,0.0007879175334437423,-0.009833514239485912,-0.010621431772929655,0.004422677106597368,-0.05519671343559308,363,2,0.06170076814319721,0.17815398105106858,6,6,-0.05961939054219045
285,fixed_shortfalls_fixed_labels,total,family_month_minus_pooled,0.07619599556709736,0.08078173400991594,0.004585738442818579,0.07709128257252496,0.07121717256808922,-0.0008952870054275974,0.009564561441826713,0.01045984844725431,-0.00034876650440141205,-0.0010342901661968239,-0.0006855236617954118,-0.001957668879155929,-0.005805596709625817,363,2,0.06170076814319721,0.17815398105106858,6,6,-0.003847927830469888
285,fixed_shortfalls_fixed_labels,young_relative,pooled,-0.16302713404283437,-0.14652699554469956,0.01650013849813481,-0.16416781512267428,-0.14458039022388589,0.001140681079839917,-0.0019466053208136713,-0.0030872864006535883,-0.007915802788313398,0.012903906751469461,0.02081970953978286,-0.20750767833248854,0.3382676151772693,363,2,-0.0004626710527536109,0.03814703557923262,5,5,0.5457752935097578
285,fixed_shortfalls_fixed_labels,young_relative,family_month,-0.08095036094304571,-0.07656030090476793,0.004390060038277785,-0.08707653255014933,-0.07336321765579666,0.006126171607103617,-0.0031970832489712636,-0.00932325485607488,-0.013489387901370265,0.007051693680118369,0.020541081581488634,-0.35361562691686416,0.18485561389093458,363,2,-0.0004626710527536109,0.03814703557923262,6,6,0.5384712408077987
285,fixed_shortfalls_fixed_labels,young_relative,family_month_minus_pooled,0.08207677309978866,0.06996669463993163,-0.012110078459857024,0.07709128257252496,0.07121717256808922,0.0049854905272637,-0.0012504779281575923,-0.006235968455421292,-0.005573585113056867,-0.005852213071351092,-0.00027862795829422526,-0.1461079485843756,-0.15341200128633473,363,2,-0.0004626710527536109,0.03814703557923262,6,6,-0.007304052701959135
285,regenerated_shortfalls_fixed_labels,total,pooled,-0.16377116430786862,-0.14704392283550946,0.016727241472359156,-0.16416781512267428,-0.14458039022388589,0.0003966508148056658,-0.0024635326116235756,-0.0028601834264292414,0.0011366840378451543,-0.00957297197579032,-0.010709656013635474,0.006380345985753297,-0.04463291968156705,363,2,0.05859851261377035,0.21448231583523003,5,5,-0.05101326566732035
285,regenerated_shortfalls_fixed_labels,total,family_month,-0.08757516874077126,-0.06636674723055776,0.0212084215102135,-0.08707653255014933,-0.07336321765579666,-0.0004986361906219317,0.006996470425238904,0.007495106615860836,0.0007879175334437423,-0.011662928413646415,-0.012450845947090158,0.004422677106597368,-0.054377109684912814,363,2,0.05859851261377035,0.21448231583523003,6,6,-0.058799786791510184
285,regenerated_shortfalls_fixed_labels,total,family_month_minus_pooled,0.07619599556709736,0.0806771756049517,0.004481180037854346,0.07709128257252496,0.07121717256808922,-0.0008952870054275974,0.00946000303686248,0.010355290042290077,-0.00034876650440141205,-0.0020899564378560956,-0.0017411899334546835,-0.001957668879155929,-0.009744190003345756,363,2,0.05859851261377035,0.21448231583523003,6,6,-0.007786521124189826
285,regenerated_shortfalls_fixed_labels,young_relative,pooled,-0.16302713404283437,-0.14277586673093307,0.0202512673119013,-0.16416781512267428,-0.14458039022388589,0.001140681079839917,0.0018045234929528198,0.0006638424131129028,-0.007915802788313398,-0.012352922334557082,-0.004437119546243684,-0.20750767833248854,-0.26283018674848685,363,2,0.0006563129410638226,0.04699963306109168,5,5,-0.05532250841599831
285,regenerated_shortfalls_fixed_labels,young_relative,family_month,-0.08095036094304571,-0.05775115045354265,0.02319921048950306,-0.08707653255014933,-0.07336321765579666,0.006126171607103617,0.015612067202254012,0.009485895595150395,-0.013489387901370265,-0.018841643698038257,-0.005352255796667992,-0.35361562691686416,-0.40088916595470575,363,2,0.0006563129410638226,0.04699963306109168,6,6,-0.047273539037841594
285,regenerated_shortfalls_fixed_labels,young_relative,family_month_minus_pooled,0.08207677309978866,0.08502471627739042,0.002947943177601761,0.07709128257252496,0.07121717256808922,0.0049854905272637,0.013807543709301193,0.008822053182037493,-0.005573585113056867,-0.006488721363481175,-0.0009151362504243084,-0.1461079485843756,-0.1380589792062189,363,2,0.0006563129410638226,0.04699963306109168,6,6,0.00804896937815669
285,regenerated_shortfalls_and_labels,total,pooled,-0.16377116430786862,-0.14702521183129358,0.016745952476575038,-0.16416781512267428,-0.14458849285687456,0.0003966508148056658,-0.002436718974419022,-0.002833369789224688,0.0011366840378451543,-0.009473017082764061,-0.010609701120609216,0.006380345985753297,-0.0441668910831858,363,2,0.05859851261377035,0.21448231583523003,5,5,-0.05054723706893909
285,regenerated_shortfalls_and_labels,total,family_month,-0.08757516874077126,-0.061794872049675605,0.025780296691095654,-0.08707653255014933,-0.06896856670575412,-0.0004986361906219317,0.007173694656078512,0.007672330846700444,0.0007879175334437423,-0.011826360401154345,-0.012614277934598087,0.004422677106597368,-0.05513909319330369,363,2,0.05859851261377035,0.21448231583523003,6,6,-0.05956177029990106
285,regenerated_shortfalls_and_labels,total,family_month_minus_pooled,0.07619599556709736,0.08523033978161798,0.009034344214520623,0.07709128257252496,0.07561992615112044,-0.0008952870054275974,0.009610413630497541,0.010505700635925139,-0.00034876650440141205,-0.0023533433183902837,-0.0020045768139888716,-0.001957668879155929,-0.010972202110117894,363,2,0.05859851261377035,0.21448231583523003,6,6,-0.009014533230961965
285,regenerated_shortfalls_and_labels,young_relative,pooled,-0.16302713404283437,-0.14276172848793967,0.0202654055548947,-0.16416781512267428,-0.14458849285687456,0.001140681079839917,0.0018267643689348911,0.0006860832890949742,-0.007915802788313398,-0.012503470170630054,-0.004587667382316656,-0.20750767833248854,-0.26603335720467497,363,2,0.0006563129410638226,0.04699963306109168,5,5,-0.05852567887218643
285,regenerated_shortfalls_and_labels,young_relative,family_month,-0.08095036094304571,-0.05302422104235811,0.027926139900687597,-0.08707653255014933,-0.06896856670575412,0.006126171607103617,0.015944345663396003,0.009818174056292386,-0.013489387901370265,-0.01909149851166771,-0.005602110610297445,-0.35361562691686416,-0.4062052673230863,363,2,0.0006563129410638226,0.04699963306109168,6,6,-0.05258964040622216
285,regenerated_shortfalls_and_labels,young_relative,family_month_minus_pooled,0.08207677309978866,0.08973750744558155,0.007660734345792897,0.07709128257252496,0.07561992615112044,0.0049854905272637,0.014117581294461112,0.009132090767197412,-0.005573585113056867,-0.006588028341037656,-0.001014443227980789,-0.1461079485843756,-0.14017191011841132,363,2,0.0006563129410638226,0.04699963306109168,6,6,0.005936038465964272
286,fixed_shortfalls_fixed_labels,total,pooled,-0.16377116430786862,-0.14568405460419062,0.018087109703677995,-0.16416781512267428,-0.1457796683732696,0.0003966508148056658,9.561376907898933e-05,-0.00030103704572667644,0.0011366840378451543,0.00027147767078950386,-0.0008652063670556505,0.006380345985753297,0.0015238372400540612,363,1,0.06170076814319721,0.17815398105106858,5,5,-0.004856508745699236
286,fixed_shortfalls_fixed_labels,total,family_month,-0.08757516874077126,0.03332937619074017,0.12090454493151143,-0.08707653255014933,0.029115011670683748,-0.0004986361906219317,0.00421436452005642,0.004713000710678351,0.0007879175334437423,-0.006977165247500418,-0.0077650827809441604,0.004422677106597368,-0.03916367855681196,363,1,0.06170076814319721,0.17815398105106858,7,7,-0.04358635566340933
286,fixed_shortfalls_fixed_labels,total,family_month_minus_pooled,0.07619599556709736,0.1790134307949308,0.10281743522783343,0.07709128257252496,0.17489468004395337,-0.0008952870054275974,0.0041187507509774235,0.005014037756405021,-0.00034876650440141205,-0.007248642918289922,-0.0068998764138885095,-0.001957668879155929,-0.04068751579686602,363,1,0.06170076814319721,0.17815398105106858,7,7,-0.03872984691771009
286,fixed_shortfalls_fixed_labels,young_relative,pooled,-0.16302713404283437,-0.14390545486129797,0.0191216791815364,-0.16416781512267428,-0.1457796683732696,0.001140681079839917,0.0018742135119716452,0.0007335324321317283,-0.007915802788313398,-0.012957442764042376,-0.005041639975728977,-0.20750767833248854,-0.3396710273103489,363,1,-0.0004626710527536109,0.03814703557923262,5,5,-0.1321633489778604
286,fixed_shortfalls_fixed_labels,young_relative,family_month,-0.08095036094304571,0.037726761928778114,0.11867712287182383,-0.08707653255014933,0.029115011670683748,0.006126171607103617,0.008611750258094367,0.0024855786509907496,-0.013489387901370265,-0.019803302058530304,-0.006313914157160039,-0.35361562691686416,-0.5191308251829478,363,1,-0.0004626710527536109,0.03814703557923262,7,7,-0.16551519826608369
286,fixed_shortfalls_fixed_labels,young_relative,family_month_minus_pooled,0.08207677309978866,0.18163221679007607,0.09955544369028742,0.07709128257252496,0.17489468004395337,0.0049854905272637,0.006737536746122708,0.0017520462188590075,-0.005573585113056867,-0.006845859294487928,-0.0012722741814310615,-0.1461079485843756,-0.17945979787259897,363,1,-0.0004626710527536109,0.03814703557923262,7,7,-0.03335184928822338
286,regenerated_shortfalls_fixed_labels,total,pooled,-0.16377116430786862,-0.14740390858246888,0.016367255725399737,-0.16416781512267428,-0.1457796683732696,0.0003966508148056658,-0.001624240209199268,-0.002020891024004934,0.0011366840378451543,-0.005550015702972584,-0.006686699740817738,0.006380345985753297,-0.025990470487234674,363,1,0.06486242919963943,0.21354040919338096,5,5,-0.03237081647298797
286,regenerated_shortfalls_fixed_labels,total,family_month,-0.08757516874077126,0.039094963779748616,0.12667013252051987,-0.08707653255014933,0.029115011670683748,-0.0004986361906219317,0.009979952109064869,0.0104785882996868,0.0007879175334437423,-0.01567735851207156,-0.016465276045515304,0.004422677106597368,-0.07341635511185256,363,1,0.06486242919963943,0.21354040919338096,7,7,-0.07783903221844993
286,regenerated_shortfalls_fixed_labels,total,family_month_minus_pooled,0.07619599556709736,0.1864988723622175,0.11030287679512013,0.07709128257252496,0.17489468004395337,-0.0008952870054275974,0.011604192318264123,0.01249947932369172,-0.00034876650440141205,-0.010127342809098976,-0.009778576304697565,-0.001957668879155929,-0.04742588462461788,363,1,0.06486242919963943,0.21354040919338096,7,7,-0.04546821574546195
286,regenerated_shortfalls_fixed_labels,young_relative,pooled,-0.16302713404283437,-0.14135915546801567,0.021667978574818697,-0.16416781512267428,-0.1457796683732696,0.001140681079839917,0.004420512905253943,0.0032798318254140257,-0.007915802788313398,-0.013372605532232575,-0.0054568027439191764,-0.20750767833248854,-0.26046955374092023,363,1,-0.0003027155233823529,0.0513403787128757,5,5,-0.0529618754084317
286,regenerated_shortfalls_fixed_labels,young_relative,family_month,-0.08095036094304571,0.03611254848259973,0.11706290942564544,-0.08707653255014933,0.029115011670683748,0.006126171607103617,0.0069975368119159845,0.0008713652048123674,-0.013489387901370265,-0.013255638871573274,0.00023374902979699137,-0.35361562691686416,-0.2581912951150257,363,1,-0.0003027155233823529,0.0513403787128757,7,7,0.09542433180183846
286,regenerated_shortfalls_fixed_labels,young_relative,family_month_minus_pooled,0.08207677309978866,0.1774717039506154,0.09539493085082675,0.07709128257252496,0.17489468004395337,0.0049854905272637,0.002577023906662035,-0.0024084666206016653,-0.005573585113056867,0.00011696666065930117,0.005690551773716168,-0.1461079485843756,0.0022782586258945337,363,1,-0.0003027155233823529,0.0513403787128757,7,7,0.14838620721027013
286,regenerated_shortfalls_and_labels,total,pooled,-0.16377116430786862,-0.14740390858246868,0.016367255725399932,-0.16416781512267428,-0.14577966837326967,0.0003966508148056658,-0.0016242402091990182,-0.002020891024004684,0.0011366840378451543,-0.0055500157029725996,-0.0066866997408177534,0.006380345985753297,-0.025990470487234747,363,1,0.06486242919963943,0.21354040919338096,5,5,-0.03237081647298804
286,regenerated_shortfalls_and_labels,total,family_month,-0.08757516874077126,0.03909496377974838,0.12667013252051965,-0.08707653255014933,0.029115011670683474,-0.0004986361906219317,0.009979952109064907,0.010478588299686838,0.0007879175334437423,-0.01567735851207154,-0.016465276045515283,0.004422677106597368,-0.07341635511185246,363,1,0.06486242919963943,0.21354040919338096,7,7,-0.07783903221844983
286,regenerated_shortfalls_and_labels,total,family_month_minus_pooled,0.07619599556709736,0.18649887236221707,0.11030287679511971,0.07709128257252496,0.17489468004395314,-0.0008952870054275974,0.011604192318263928,0.012499479323691526,-0.00034876650440141205,-0.010127342809098942,-0.00977857630469753,-0.001957668879155929,-0.04742588462461771,363,1,0.06486242919963943,0.21354040919338096,7,7,-0.04546821574546178
286,regenerated_shortfalls_and_labels,young_relative,pooled,-0.16302713404283437,-0.14135915546801583,0.02166797857481853,-0.16416781512267428,-0.14577966837326967,0.001140681079839917,0.004420512905253832,0.0032798318254139147,-0.007915802788313398,-0.013372605532232573,-0.005456802743919175,-0.20750767833248854,-0.2604695537409202,363,1,-0.0003027155233823529,0.0513403787128757,5,5,-0.05296187540843164
286,regenerated_shortfalls_and_labels,young_relative,family_month,-0.08095036094304571,0.03611254848259961,0.11706290942564532,-0.08707653255014933,0.029115011670683474,0.006126171607103617,0.006997536811916134,0.0008713652048125166,-0.013489387901370265,-0.01325563887157329,0.00023374902979697576,-0.35361562691686416,-0.25819129511502603,363,1,-0.0003027155233823529,0.0513403787128757,7,7,0.09542433180183812
286,regenerated_shortfalls_and_labels,young_relative,family_month_minus_pooled,0.08207677309978866,0.17747170395061546,0.0953949308508268,0.07709128257252496,0.17489468004395314,0.0049854905272637,0.0025770239066623124,-0.0024084666206013877,-0.005573585113056867,0.00011696666065928382,0.0056905517737161505,-0.1461079485843756,0.002278258625894196,363,1,-0.0003027155233823529,0.0513403787128757,7,7,0.1483862072102698
287,fixed_shortfalls_fixed_labels,total,pooled,-0.16377116430786862,-0.1411600226269411,0.02261114168092751,-0.16416781512267428,-0.14373389964258412,0.0003966508148056658,0.002573877015643017,0.002177226200837351,0.0011366840378451543,0.007526209176113101,0.0063895251382679475,0.006380345985753297,0.0422455290177079,363,1,0.06170076814319721,0.17815398105106858,5,5,0.03586518303195461
287,fixed_shortfalls_fixed_labels,total,family_month,-0.08757516874077126,-0.1187979128334126,-0.031222744092641336,-0.08707653255014933,-0.11306553985402416,-0.0004986361906219317,-0.005732372979388431,-0.005233736788766499,0.0007879175334437423,0.008438114236118911,0.007650196702675169,0.004422677106597368,0.04736416321620166,363,1,0.06170076814319721,0.17815398105106858,6,6,0.04294148610960429
287,fixed_shortfalls_fixed_labels,total,family_month_minus_pooled,0.07619599556709736,0.022362109793528512,-0.053833885773568846,0.07709128257252496,0.03066835978855996,-0.0008952870054275974,-0.008306249995031448,-0.00741096298960385,-0.00034876650440141205,0.0009119050600058095,0.0012606715644072216,-0.001957668879155929,0.0051186341984937635,363,1,0.06170076814319721,0.17815398105106858,6,6,0.007076303077649693
287,fixed_shortfalls_fixed_labels,young_relative,pooled,-0.16302713404283437,-0.1408088881649067,0.022218245877927673,-0.16416781512267428,-0.14373389964258412,0.001140681079839917,0.0029250114776774305,0.0017843303978375136,-0.007915802788313398,-0.019324798604490916,-0.011408995816177518,-0.20750767833248854,-0.5065871649279978,363,1,-0.0004626710527536109,0.03814703557923262,5,5,-0.2990794865955093
287,fixed_shortfalls_fixed_labels,young_relative,family_month,-0.08095036094304571,-0.10204433810949778,-0.021093977166452074,-0.08707653255014933,-0.11306553985402416,0.006126171607103617,0.01102120174452638,0.004895030137422762,-0.013489387901370265,-0.024761625629652333,-0.011272237728282068,-0.35361562691686416,-0.649110088206504,363,1,-0.0004626710527536109,0.03814703557923262,6,6,-0.2954944612896398
287,fixed_shortfalls_fixed_labels,young_relative,family_month_minus_pooled,0.08207677309978866,0.03876455005540891,-0.04331222304437975,0.07709128257252496,0.03066835978855996,0.0049854905272637,0.008096190266848949,0.0031106997395852487,-0.005573585113056867,-0.005436827025161416,0.0001367580878954503,-0.1461079485843756,-0.14252292327850616,363,1,-0.0004626710527536109,0.03814703557923262,6,6,0.0035850253058694326
287,regenerated_shortfalls_fixed_labels,total,pooled,-0.16377116430786862,-0.13933248673427762,0.024438677573591,-0.16416781512267428,-0.14373389964258412,0.0003966508148056658,0.004401412908306507,0.004004762093500841,0.0011366840378451543,0.009513180582780705,0.00837649654493555,0.006380345985753297,0.04384349087134249,363,1,0.06668649180203594,0.2169804546516807,5,5,0.037463144885589196
287,regenerated_shortfalls_fixed_labels,total,family_month,-0.08757516874077126,-0.11470550489714638,-0.027130336156375126,-0.08707653255014933,-0.11306553985402416,-0.0004986361906219317,-0.0016399650431222212,-0.0011413288525002896,0.0007879175334437423,0.006283829668391263,0.0054959121349475205,0.004422677106597368,0.028960348887086217,363,1,0.06668649180203594,0.2169804546516807,6,6,0.02453767178048885
287,regenerated_shortfalls_fixed_labels,total,family_month_minus_pooled,0.07619599556709736,0.02462698183713123,-0.051569013729966126,0.07709128257252496,0.03066835978855996,-0.0008952870054275974,-0.006041377951428728,-0.005146090946001131,-0.00034876650440141205,-0.0032293509143894424,-0.0028805844099880303,-0.001957668879155929,-0.01488314198425627,363,1,0.06668649180203594,0.2169804546516807,6,6,-0.01292547310510034
287,regenerated_shortfalls_fixed_labels,young_relative,pooled,-0.16302713404283437,-0.14431313521642922,0.018713998826405148,-0.16416781512267428,-0.14373389964258412,0.001140681079839917,-0.0005792355738450938,-0.0017199166536850108,-0.007915802788313398,-0.012499179597847007,-0.004583376809533609,-0.20750767833248854,-0.2680258650654575,363,1,-0.004881187573818861,0.04663422910618886,5,5,-0.060518186732968965
287,regenerated_shortfalls_fixed_labels,young_relative,family_month,-0.08095036094304571,-0.11519459638198842,-0.03424423543894271,-0.08707653255014933,-0.11306553985402416,0.006126171607103617,-0.00212905652796426,-0.008255228135067877,-0.013489387901370265,-0.017892026787929678,-0.004402638886559413,-0.35361562691686416,-0.3836672575242637,363,1,-0.004881187573818861,0.04663422910618886,6,6,-0.03005163060739957
287,regenerated_shortfalls_fixed_labels,young_relative,family_month_minus_pooled,0.08207677309978866,0.029118538834440794,-0.05295823426534786,0.07709128257252496,0.03066835978855996,0.0049854905272637,-0.001549820954119166,-0.006535311481382866,-0.005573585113056867,-0.005392847190082671,0.0001807379229741956,-0.1461079485843756,-0.11564139245880624,363,1,-0.004881187573818861,0.04663422910618886,6,6,0.030466556125569352
287,regenerated_shortfalls_and_labels,total,pooled,-0.16377116430786862,-0.13919504123849502,0.024576123069373595,-0.16416781512267428,-0.1436976336194739,0.0003966508148056658,0.004502592380978887,0.004105941566173221,0.0011366840378451543,0.00973607322055695,0.008599389182711796,0.006380345985753297,0.04487073840907143,363,1,0.06668649180203594,0.2169804546516807,5,5,0.038490392423318136
287,regenerated_shortfalls_and_labels,total,family_month,-0.08757516874077126,-0.10907375009322091,-0.021498581352449656,-0.08707653255014933,-0.1073832637617637,-0.0004986361906219317,-0.0016904863314572138,-0.0011918501408352822,0.0007879175334437423,0.006232758836987422,0.0054448413035436795,0.004422677106597368,0.028724978233605817,363,1,0.06668649180203594,0.2169804546516807,6,6,0.02430230112700845
287,regenerated_shortfalls_and_labels,total,family_month_minus_pooled,0.07619599556709736,0.030121291145274107,-0.04607470442182325,0.07709128257252496,0.03631436985771021,-0.0008952870054275974,-0.006193078712436101,-0.0052977917070085034,-0.00034876650440141205,-0.003503314383569529,-0.003154547879168117,-0.001957668879155929,-0.016145760175465616,363,1,0.06668649180203594,0.2169804546516807,6,6,-0.014188091296309687
287,regenerated_shortfalls_and_labels,young_relative,pooled,-0.16302713404283437,-0.1442768523668465,0.018750281675987857,-0.16416781512267428,-0.1436976336194739,0.001140681079839917,-0.0005792187473726007,-0.0017198998272125177,-0.007915802788313398,-0.012469830345055263,-0.004554027556741865,-0.20750767833248854,-0.2673965150503664,363,1,-0.004881187573818861,0.04663422910618886,5,5,-0.05988883671787784
287,regenerated_shortfalls_and_labels,young_relative,family_month,-0.08095036094304571,-0.1097199572454209,-0.02876959630237519,-0.08707653255014933,-0.1073832637617637,0.006126171607103617,-0.0023366934836571984,-0.008462865090760816,-0.013489387901370265,-0.017613066353194033,-0.004123678451823768,-0.35361562691686416,-0.3776853759732589,363,1,-0.004881187573818861,0.04663422910618886,6,6,-0.02406974905639475
287,regenerated_shortfalls_and_labels,young_relative,family_month_minus_pooled,0.08207677309978866,0.03455689512142561,-0.047519877978363045,0.07709128257252496,0.03631436985771021,0.0049854905272637,-0.0017574747362845977,-0.006742965263548298,-0.005573585113056867,-0.00514323600813877,0.0004303491049180968,-0.1461079485843756,-0.11028886092289251,363,1,-0.004881187573818861,0.04663422910618886,6,6,0.035819087661483076
288,fixed_shortfalls_fixed_labels,total,pooled,-0.16377116430786862,-0.16781698022283204,-0.004045815914963419,-0.16416781512267428,-0.1650153423654137,0.0003966508148056658,-0.0028016378574183265,-0.0031982886722239923,0.0011366840378451543,-0.00886487670509711,-0.010001560742942265,0.006380345985753297,-0.04975963294671454,363,1,0.06170076814319721,0.17815398105106858,5,5,-0.05613997893246783
288,fixed_shortfalls_fixed_labels,total,family_month,-0.08757516874077126,-0.13477161335782703,-0.04719644461705577,-0.08707653255014933,-0.14141408049503787,-0.0004986361906219317,0.006642467137210839,0.007141103327832771,0.0007879175334437423,-0.009792646396863794,-0.010580563930307537,0.004422677106597368,-0.05496731725605779,363,1,0.06170076814319721,0.17815398105106858,7,7,-0.05938999436265516
288,fixed_shortfalls_fixed_labels,total,family_month_minus_pooled,0.07619599556709736,0.033045366865005005,-0.04315062870209235,0.07709128257252496,0.02360126187037584,-0.0008952870054275974,0.009444104994629166,0.010339392000056763,-0.00034876650440141205,-0.000927769691766684,-0.000579003187365272,-0.001957668879155929,-0.005207684309343247,363,1,0.06170076814319721,0.17815398105106858,7,7,-0.003250015430187318
288,fixed_shortfalls_fixed_labels,young_relative,pooled,-0.16302713404283437,-0.16270876306419763,0.00031837097863673947,-0.16416781512267428,-0.1650153423654137,0.001140681079839917,0.002306579301216083,0.001165898221376166,-0.007915802788313398,-0.019975281628976153,-0.012059478840662755,-0.20750767833248854,-0.523639158998,363,1,-0.0004626710527536109,0.03814703557923262,5,5,-0.31613148066551144
288,fixed_shortfalls_fixed_labels,young_relative,family_month,-0.08095036094304571,-0.12973738080572947,-0.04878701986268376,-0.08707653255014933,-0.14141408049503787,0.006126171607103617,0.0116766996893084,0.005550528082204784,-0.013489387901370265,-0.028518292308448146,-0.015028904407077881,-0.35361562691686416,-0.7475886887518358,363,1,-0.0004626710527536109,0.03814703557923262,7,7,-0.39397306183497166
288,fixed_shortfalls_fixed_labels,young_relative,family_month_minus_pooled,0.08207677309978866,0.03297138225846816,-0.0491053908413205,0.07709128257252496,0.02360126187037584,0.0049854905272637,0.009370120388092318,0.004384629860828618,-0.005573585113056867,-0.008543010679471993,-0.002969425566415126,-0.1461079485843756,-0.2239495297538359,363,1,-0.0004626710527536109,0.03814703557923262,7,7,-0.0778415811694603
288,regenerated_shortfalls_fixed_labels,total,pooled,-0.16377116430786862,-0.16701870626298515,-0.003247541955116534,-0.16416781512267428,-0.1650153423654137,0.0003966508148056658,-0.002003363897571442,-0.0024000147123771076,0.0011366840378451543,-0.011756257639774658,-0.012892941677619812,0.006380345985753297,-0.05594062772548049,363,1,0.07072278982751735,0.21015598354502876,5,5,-0.06232097371123378
288,regenerated_shortfalls_fixed_labels,total,family_month,-0.08757516874077126,-0.1294607542037424,-0.04188558546297114,-0.08707653255014933,-0.14141408049503787,-0.0004986361906219317,0.011953326291295474,0.012451962481917406,0.0007879175334437423,-0.014964745641981813,-0.015752663175425556,0.004422677106597368,-0.07120780188861676,363,1,0.07072278982751735,0.21015598354502876,7,7,-0.07563047899521413
288,regenerated_shortfalls_fixed_labels,total,family_month_minus_pooled,0.07619599556709736,0.037557952059242755,-0.0386380435078546,0.07709128257252496,0.02360126187037584,-0.0008952870054275974,0.013956690188866916,0.014851977194294513,-0.00034876650440141205,-0.0032084880022071553,-0.002859721497805743,-0.001957668879155929,-0.015267174163136275,363,1,0.07072278982751735,0.21015598354502876,7,7,-0.013309505283980345
288,regenerated_shortfalls_fixed_labels,young_relative,pooled,-0.16302713404283437,-0.17335050975803068,-0.010323375715196315,-0.16416781512267428,-0.1650153423654137,0.001140681079839917,-0.008335167392616971,-0.009475848472456888,-0.007915802788313398,-0.027948372555999915,-0.02003256976768652,-0.20750767833248854,-0.5764014000400253,363,1,0.00010140384025245501,0.04848769026941847,5,5,-0.36889372170753676
288,regenerated_shortfalls_fixed_labels,young_relative,family_month,-0.08095036094304571,-0.14109115885321954,-0.060140797910173835,-0.08707653255014933,-0.14141408049503787,0.006126171607103617,0.0003229216418183245,-0.005803249965285293,-0.013489387901370265,-0.02712300591514696,-0.013633618013776695,-0.35361562691686416,-0.5593792107737009,363,1,0.00010140384025245501,0.04848769026941847,7,7,-0.20576358385683674
288,regenerated_shortfalls_fixed_labels,young_relative,family_month_minus_pooled,0.08207677309978866,0.032259350904811135,-0.04981742219497752,0.07709128257252496,0.02360126187037584,0.0049854905272637,0.008658089034435296,0.0036725985071715955,-0.005573585113056867,0.000825366640852955,0.006398951753909822,-0.1461079485843756,0.01702218926632436,363,1,0.00010140384025245501,0.04848769026941847,7,7,0.16313013785069996
288,regenerated_shortfalls_and_labels,total,pooled,-0.16377116430786862,-0.16701185183078482,-0.0032406875229162024,-0.16416781512267428,-0.16500529780228512,0.0003966508148056658,-0.0020065540284996963,-0.002403204843305362,0.0011366840378451543,-0.01177179673756706,-0.012908480775412215,0.006380345985753297,-0.05601456850760946,363,1,0.07072278982751735,0.21015598354502876,5,5,-0.062394914493362756
288,regenerated_shortfalls_and_labels,total,family_month,-0.08757516874077126,-0.1295457154397706,-0.04197054669899933,-0.08707653255014933,-0.1415515151526866,-0.0004986361906219317,0.012005799712916015,0.012504435903537947,0.0007879175334437423,-0.014993309157786674,-0.015781226691230416,0.004422677106597368,-0.07134371767518176,363,1,0.07072278982751735,0.21015598354502876,7,7,-0.07576639478177913
288,regenerated_shortfalls_and_labels,total,family_month_minus_pooled,0.07619599556709736,0.03746613639101423,-0.038729859176083126,0.07709128257252496,0.02345378264959852,-0.0008952870054275974,0.014012353741415712,0.01490764074684331,-0.00034876650440141205,-0.0032215124202196136,-0.0028727459158182016,-0.001957668879155929,-0.01532914916757229,363,1,0.07072278982751735,0.21015598354502876,7,7,-0.01337148028841636
288,regenerated_shortfalls_and_labels,young_relative,pooled,-0.16302713404283437,-0.17335165814766246,-0.010324524104828092,-0.16416781512267428,-0.16500529780228512,0.001140681079839917,-0.008346360345377335,-0.009487041425217252,-0.007915802788313398,-0.027989470022658825,-0.02007366723434543,-0.20750767833248854,-0.5772489856113436,363,1,0.00010140384025245501,0.04848769026941847,5,5,-0.3697413072788551
288,regenerated_shortfalls_and_labels,young_relative,family_month,-0.08095036094304571,-0.1411403291641833,-0.06018996822113758,-0.08707653255014933,-0.1415515151526866,0.006126171607103617,0.00041118598850331534,-0.005714985618600302,-0.013489387901370265,-0.02718808553321611,-0.013698697631845846,-0.35361562691686416,-0.5607213992282868,363,1,0.00010140384025245501,0.04848769026941847,7,7,-0.20710577231142263
288,regenerated_shortfalls_and_labels,young_relative,family_month_minus_pooled,0.08207677309978866,0.03221132898347917,-0.049865444116309485,0.07709128257252496,0.02345378264959852,0.0049854905272637,0.00875754633388065,0.00377205580661695,-0.005573585113056867,0.0008013844894427143,0.006374969602499581,-0.1461079485843756,0.016527586383056757,363,1,0.00010140384025245501,0.04848769026941847,7,7,0.16263553496743235
289,fixed_shortfalls_fixed_labels,total,pooled,-0.16377116430786862,-0.13072227268726871,0.0330488916205999,-0.16416781512267428,-0.13041592045817108,0.0003966508148056658,-0.0003063522290976395,-0.0007030030439033053,0.0011366840378451543,-0.000879516959248554,-0.002016200997093708,0.006380345985753297,-0.004936835843126272,363,1,0.06170076814319721,0.17815398105106858,5,5,-0.011317181828879568
289,fixed_shortfalls_fixed_labels,total,family_month,-0.08757516874077126,-0.019051412581097604,0.06852375615967365,-0.08707653255014933,-0.021368066665540125,-0.0004986361906219317,0.0023166540844425203,0.002815290275064452,0.0007879175334437423,-0.0034985566124752883,-0.0042864741459190305,0.004422677106597368,-0.019637824492243102,363,1,0.06170076814319721,0.17815398105106858,6,6,-0.02406050159884047
289,fixed_shortfalls_fixed_labels,total,family_month_minus_pooled,0.07619599556709736,0.11167086010617111,0.03547486453907375,0.07709128257252496,0.10904785379263095,-0.0008952870054275974,0.0026230063135401632,0.0035182933189677607,-0.00034876650440141205,-0.002619039653226734,-0.002270273148825322,-0.001957668879155929,-0.01470098864911683,363,1,0.06170076814319721,0.17815398105106858,6,6,-0.0127433197699609
289,fixed_shortfalls_fixed_labels,young_relative,pooled,-0.16302713404283437,-0.12902400278411372,0.03400313125872065,-0.16416781512267428,-0.13041592045817108,0.001140681079839917,0.001391917674057358,0.00025123659421744104,-0.007915802788313398,-0.008567222502346955,-0.0006514197140335565,-0.20750767833248854,-0.22458422711648346,363,1,-0.0004626710527536109,0.03814703557923262,5,5,-0.01707654878399492
289,fixed_shortfalls_fixed_labels,young_relative,family_month,-0.08095036094304571,-0.01589249936991615,0.06505786157312957,-0.08707653255014933,-0.021368066665540125,0.006126171607103617,0.005475567295623974,-0.0006506043114796432,-0.013489387901370265,-0.01238150815824012,0.001107879743130145,-0.35361562691686416,-0.3245732720835759,363,1,-0.0004626710527536109,0.03814703557923262,6,6,0.029042354833288264
289,fixed_shortfalls_fixed_labels,young_relative,family_month_minus_pooled,0.08207677309978866,0.11313150341419756,0.031054730314408904,0.07709128257252496,0.10904785379263095,0.0049854905272637,0.004083649621566612,-0.0009018409056970877,-0.005573585113056867,-0.003814285655893165,0.0017592994571637016,-0.1461079485843756,-0.09998904496709242,363,1,-0.0004626710527536109,0.03814703557923262,6,6,0.04611890361728317
289,regenerated_shortfalls_fixed_labels,total,pooled,-0.16377116430786862,-0.1295102899859382,0.034260874321930423,-0.16416781512267428,-0.13041592045817108,0.0003966508148056658,0.0009056304722328823,0.0005089796574272165,0.0011366840378451543,0.0023249515881945586,0.0011882675503494043,0.006380345985753297,0.011127459370054302,363,1,0.056789679814935934,0.20893822308184376,5,5,0.004747113384301006
289,regenerated_shortfalls_fixed_labels,total,family_month,-0.08757516874077126,-0.02213976079380132,0.06543540794696993,-0.08707653255014933,-0.021368066665540125,-0.0004986361906219317,-0.0007716941282611967,-0.000273057937639265,0.0007879175334437423,0.0017501095095661604,0.0009621919761224182,0.004422677106597368,0.008376205577667904,363,1,0.056789679814935934,0.20893822308184376,6,6,0.003953528471070536
289,regenerated_shortfalls_fixed_labels,total,family_month_minus_pooled,0.07619599556709736,0.10737052919213687,0.03117453362503951,0.07709128257252496,0.10904785379263095,-0.0008952870054275974,-0.001677324600494079,-0.0007820375950664815,-0.00034876650440141205,-0.0005748420786283982,-0.00022607557422698612,-0.001957668879155929,-0.0027512537923863995,363,1,0.056789679814935934,0.20893822308184376,6,6,-0.0007935849132304704
289,regenerated_shortfalls_fixed_labels,young_relative,pooled,-0.16302713404283437,-0.12443672157624959,0.038590412466584775,-0.16416781512267428,-0.13041592045817108,0.001140681079839917,0.005979198881921485,0.004838517802081568,-0.007915802788313398,-0.01718246664701655,-0.00926666385870315,-0.20750767833248854,-0.35662509657470964,363,1,0.0019658524355357265,0.048180755678861716,5,5,-0.1491174182422211
289,regenerated_shortfalls_fixed_labels,young_relative,family_month,-0.08095036094304571,-0.009387046279860823,0.07156331466318488,-0.08707653255014933,-0.021368066665540125,0.006126171607103617,0.011981020385679301,0.005854848778575684,-0.013489387901370265,-0.01999739499947288,-0.006508007098102616,-0.35361562691686416,-0.4150494262223935,363,1,0.0019658524355357265,0.048180755678861716,6,6,-0.061433799305529335
289,regenerated_shortfalls_fixed_labels,young_relative,family_month_minus_pooled,0.08207677309978866,0.11504967529638876,0.03297290219660011,0.07709128257252496,0.10904785379263095,0.0049854905272637,0.006001821503757818,0.0010163309764941175,-0.005573585113056867,-0.0028149283524563327,0.002758656760600534,-0.1461079485843756,-0.058424329647683855,363,1,0.0019658524355357265,0.048180755678861716,6,6,0.08768361893669174
289,regenerated_shortfalls_and_labels,total,pooled,-0.16377116430786862,-0.12949984547737983,0.034271318830488784,-0.16416781512267428,-0.13042661399342362,0.0003966508148056658,0.0009267685160437855,0.0005301177012381197,0.0011366840378451543,0.0023796098734397996,0.0012429258355946453,0.006380345985753297,0.011389059590631611,363,1,0.056789679814935934,0.20893822308184376,5,5,0.005008713604878315
289,regenerated_shortfalls_and_labels,total,family_month,-0.08757516874077126,-0.020825239971131008,0.06674992876964025,-0.08707653255014933,-0.020038226212722842,-0.0004986361906219317,-0.0007870137584081657,-0.0002883775677862341,0.0007879175334437423,0.0017953918201403616,0.0010074742866966193,0.004422677106597368,0.008592931411296073,363,1,0.056789679814935934,0.20893822308184376,6,6,0.0041702543046987055
289,regenerated_shortfalls_and_labels,total,family_month_minus_pooled,0.07619599556709736,0.10867460550624883,0.03247860993915147,0.07709128257252496,0.11038838778070077,-0.0008952870054275974,-0.0017137822744519443,-0.0008184952690243469,-0.00034876650440141205,-0.0005842180532994381,-0.000235451548898026,-0.001957668879155929,-0.002796128179335537,363,1,0.056789679814935934,0.20893822308184376,6,6,-0.0008384593001796079
289,regenerated_shortfalls_and_labels,young_relative,pooled,-0.16302713404283437,-0.12446809799190718,0.038559036050927184,-0.16416781512267428,-0.13042661399342362,0.001140681079839917,0.005958516001516437,0.00481783492167652,-0.007915802788313398,-0.017127281069792763,-0.009211478281479364,-0.20750767833248854,-0.35547971027999037,363,1,0.0019658524355357265,0.048180755678861716,5,5,-0.14797203194750183
289,regenerated_shortfalls_and_labels,young_relative,family_month,-0.08095036094304571,-0.00822488784961295,0.07272547309343276,-0.08707653255014933,-0.020038226212722842,0.006126171607103617,0.011813338363109892,0.005687166756006275,-0.013489387901370265,-0.01992063713328911,-0.006431249231918845,-0.35361562691686416,-0.41345630330220967,363,1,0.0019658524355357265,0.048180755678861716,6,6,-0.059840676385345515
289,regenerated_shortfalls_and_labels,young_relative,family_month_minus_pooled,0.08207677309978866,0.11624321014229423,0.034166437042505576,0.07709128257252496,0.11038838778070077,0.0049854905272637,0.005854822361593459,0.000869331834329759,-0.005573585113056867,-0.0027933560634963474,0.0027802290495605193,-0.1461079485843756,-0.05797659302221931,363,1,0.0019658524355357265,0.048180755678861716,6,6,0.08813135556215629
290,fixed_shortfalls_fixed_labels,total,pooled,-0.16377116430786862,-0.15625110313661095,0.007520061171257669,-0.16416781512267428,-0.1576277585361819,0.0003966508148056658,0.001376655399570964,0.0009800045847652983,0.0011366840378451543,0.003994023673932902,0.0028573396360877476,0.006380345985753297,0.02241894147056977,363,1,0.06170076814319721,0.17815398105106858,5,5,0.01603859548481647
290,fixed_shortfalls_fixed_labels,total,family_month,-0.08757516874077126,-0.05275322195565272,0.03482194678511854,-0.08707653255014933,-0.052157390966478825,-0.0004986361906219317,-0.0005958309891738942,-9.71947985519625e-05,0.0007879175334437423,0.0009892453196590914,0.00020132778621534918,0.004422677106597368,0.005552754498231056,363,1,0.06170076814319721,0.17815398105106858,6,6,0.0011300773916336883
290,fixed_shortfalls_fixed_labels,total,family_month_minus_pooled,0.07619599556709736,0.10349788118095823,0.027301885613860877,0.07709128257252496,0.10547036756970309,-0.0008952870054275974,-0.0019724863887448513,-0.0010771993833172538,-0.00034876650440141205,-0.0030047783542738104,-0.0026560118498723984,-0.001957668879155929,-0.01686618697233871,363,1,0.06170076814319721,0.17815398105106858,6,6,-0.014908518093182782
290,fixed_shortfalls_fixed_labels,young_relative,pooled,-0.16302713404283437,-0.15750192740967217,0.005525206633162194,-0.16416781512267428,-0.1576277585361819,0.001140681079839917,0.00012583112650974004,-0.001014849953330177,-0.007915802788313398,-0.0010432774317410101,0.006872525356572389,-0.20750767833248854,-0.02734884679503049,363,1,-0.0004626710527536109,0.03814703557923262,5,5,0.18015883153745804
290,fixed_shortfalls_fixed_labels,young_relative,family_month,-0.08095036094304571,-0.048691902610736006,0.032258458332309704,-0.08707653255014933,-0.052157390966478825,0.006126171607103617,0.00346548835574282,-0.0026606832513607973,-0.013489387901370265,-0.00795835025429107,0.005531037647079195,-0.35361562691686416,-0.20862303278484956,363,1,-0.0004626710527536109,0.03814703557923262,6,6,0.1449925941320146
290,fixed_shortfalls_fixed_labels,young_relative,family_month_minus_pooled,0.08207677309978866,0.10881002479893617,0.026733251699147517,0.07709128257252496,0.10547036756970309,0.0049854905272637,0.0033396572292330867,-0.0016458332980306134,-0.005573585113056867,-0.006915072822550061,-0.001341487709493194,-0.1461079485843756,-0.1812741859898191,363,1,-0.0004626710527536109,0.03814703557923262,6,6,-0.0351662374054435
290,regenerated_shortfalls_fixed_labels,total,pooled,-0.16377116430786862,-0.15783686543099243,0.005934298876876187,-0.16416781512267428,-0.1576277585361819,0.0003966508148056658,-0.00020910689481051792,-0.0006057577096161837,0.0011366840378451543,-0.0006756684902237881,-0.0018123525280689425,0.006380345985753297,-0.003211358323653055,363,1,0.06338943095843386,0.21039959485280574,5,5,-0.00959170430940635
290,regenerated_shortfalls_fixed_labels,total,family_month,-0.08757516874077126,-0.05150088777464869,0.03607428096612257,-0.08707653255014933,-0.052157390966478825,-0.0004986361906219317,0.0006565031918301378,0.0011551393824520695,0.0007879175334437423,-0.0015055340142090745,-0.0022934515476528165,0.004422677106597368,-0.007155593694286041,363,1,0.06338943095843386,0.21039959485280574,6,6,-0.01157827080088341
290,regenerated_shortfalls_fixed_labels,total,family_month_minus_pooled,0.07619599556709736,0.10633597765634374,0.030139982089246384,0.07709128257252496,0.10547036756970309,-0.0008952870054275974,0.0008656100866406558,0.0017608970920682532,-0.00034876650440141205,-0.0008298655239852863,-0.00048109901958387426,-0.001957668879155929,-0.003944235370632986,363,1,0.06338943095843386,0.21039959485280574,6,6,-0.001986566491477057
290,regenerated_shortfalls_fixed_labels,young_relative,pooled,-0.16302713404283437,-0.1591658901213225,0.0038612439215118532,-0.16416781512267428,-0.1576277585361819,0.001140681079839917,-0.0015381315851406008,-0.0026788126649805177,-0.007915802788313398,0.01410562991439738,0.02202143270271078,-0.20750767833248854,0.29031289300803576,363,1,0.002946986564717036,0.048587679893386415,5,5,0.49782057134052426
290,regenerated_shortfalls_fixed_labels,young_relative,family_month,-0.08095036094304571,-0.05906521676463626,0.02188514417840945,-0.08707653255014933,-0.052157390966478825,0.006126171607103617,-0.006907825798157435,-0.013033997405261052,-0.013489387901370265,0.012494011364230359,0.025983399265600622,-0.35361562691686416,0.25714360907220435,363,1,0.002946986564717036,0.048587679893386415,6,6,0.6107592359890686
290,regenerated_shortfalls_fixed_labels,young_relative,family_month_minus_pooled,0.08207677309978866,0.10010067335668625,0.018023900256897596,0.07709128257252496,0.10547036756970309,0.0049854905272637,-0.005369694213016835,-0.010355184740280535,-0.005573585113056867,-0.0016116185501670217,0.003961966562889845,-0.1461079485843756,-0.03316928393583143,363,1,0.002946986564717036,0.048587679893386415,6,6,0.11293866464854416
290,regenerated_shortfalls_and_labels,total,pooled,-0.16377116430786862,-0.1578238526141621,0.00594731169370652,-0.16416781512267428,-0.15762848852810288,0.0003966508148056658,-0.00019536408605921873,-0.0005920149008648845,0.0011366840378451543,-0.0006312070225368702,-0.0017678910603820246,0.006380345985753297,-0.0030000391539653807,363,1,0.06338943095843386,0.21039959485280574,5,5,-0.009380385139718677
290,regenerated_shortfalls_and_labels,total,family_month,-0.08757516874077126,-0.04803890712764189,0.03953626161312937,-0.08707653255014933,-0.04873796691340184,-0.0004986361906219317,0.000699059785759952,0.0011976959763818837,0.0007879175334437423,-0.001613946849287692,-0.0024018643827314343,0.004422677106597368,-0.007670864815195102,363,1,0.06338943095843386,0.21039959485280574,6,6,-0.01209354192179247
290,regenerated_shortfalls_and_labels,total,family_month_minus_pooled,0.07619599556709736,0.10978494548652021,0.03358894991942285,0.07709128257252496,0.10889052161470103,-0.0008952870054275974,0.0008944238718191777,0.0017897108772467751,-0.00034876650440141205,-0.0009827398267508217,-0.0006339733223494097,-0.001957668879155929,-0.004670825661229721,363,1,0.06338943095843386,0.21039959485280574,6,6,-0.002713156782073792
290,regenerated_shortfalls_and_labels,young_relative,pooled,-0.16302713404283437,-0.15917070588138896,0.0038564281614454077,-0.16416781512267428,-0.15762848852810288,0.001140681079839917,-0.0015422173532860795,-0.0026828984331259964,-0.007915802788313398,0.014156076687025697,0.022071879475339097,-0.20750767833248854,0.29135115564455205,363,1,0.002946986564717036,0.048587679893386415,5,5,0.49885883397704056
290,regenerated_shortfalls_and_labels,young_relative,family_month,-0.08095036094304571,-0.055640061933289485,0.025310299009756225,-0.08707653255014933,-0.04873796691340184,0.006126171607103617,-0.006902095019887644,-0.013028266626991261,-0.013489387901370265,0.01260624210919534,0.026095630010565606,-0.35361562691686416,0.2594534692098204,363,1,0.002946986564717036,0.048587679893386415,6,6,0.6130690961266845
290,regenerated_shortfalls_and_labels,young_relative,family_month_minus_pooled,0.08207677309978866,0.10353064394809947,0.02145387084831081,0.07709128257252496,0.10889052161470103,0.0049854905272637,-0.005359877666601565,-0.010345368193865265,-0.005573585113056867,-0.0015498345778303564,0.00402375053522651,-0.1461079485843756,-0.03189768643473167,363,1,0.002946986564717036,0.048587679893386415,6,6,0.11421026214964392
291,fixed_shortfalls_fixed_labels,total,pooled,-0.16377116430786862,-0.14409689005794507,0.019674274249923546,-0.16416781512267428,-0.14557628728118682,0.0003966508148056658,0.0014793972232417518,0.001082746408436086,0.0011366840378451543,0.004080828354738059,0.002944144316892905,0.006380345985753297,0.02290618671927557,363,5,0.06170076814319721,0.17815398105106858,5,5,0.016525840733522274
291,fixed_shortfalls_fixed_labels,total,family_month,-0.08757516874077126,0.002367806940004692,0.08994297568077594,-0.08707653255014933,0.003832297565051694,-0.0004986361906219317,-0.0014644906250470022,-0.0009658544344250705,0.0007879175334437423,0.0022828867839657166,0.0014949692505219743,0.004422677106597368,0.012814121640713253,363,5,0.06170076814319721,0.17815398105106858,6,6,0.008391444534115885
291,fixed_shortfalls_fixed_labels,total,family_month_minus_pooled,0.07619599556709736,0.14646469699794976,0.0702687014308524,0.07709128257252496,0.1494085848462385,-0.0008952870054275974,-0.002943887848288751,-0.0020486008428611535,-0.00034876650440141205,-0.0017979415707723425,-0.0014491750663709305,-0.001957668879155929,-0.01009206507856232,363,5,0.06170076814319721,0.17815398105106858,6,6,-0.008134396199406391
291,fixed_shortfalls_fixed_labels,young_relative,pooled,-0.16302713404283437,-0.14466770934031567,0.018359424702518695,-0.16416781512267428,-0.14557628728118682,0.001140681079839917,0.0009085779408711525,-0.00023210313896876444,-0.007915802788313398,-0.006630684942307333,0.0012851178460060652,-0.20750767833248854,-0.17381914063899373,363,5,-0.0004626710527536109,0.03814703557923262,5,5,0.03368853769349481
291,fixed_shortfalls_fixed_labels,young_relative,family_month,-0.08095036094304571,0.010513474836195018,0.09146383577924072,-0.08707653255014933,0.003832297565051694,0.006126171607103617,0.006681177271143324,0.0005550056640397068,-0.013489387901370265,-0.014607935212344611,-0.0011185473109743462,-0.35361562691686416,-0.38293762517937885,363,5,-0.0004626710527536109,0.03814703557923262,6,6,-0.029321998262514692
291,fixed_shortfalls_fixed_labels,young_relative,family_month_minus_pooled,0.08207677309978866,0.1551811841765107,0.07310441107672204,0.07709128257252496,0.1494085848462385,0.0049854905272637,0.005772599330272188,0.0007871088030084877,-0.005573585113056867,-0.007977250270037279,-0.0024036651569804123,-0.1461079485843756,-0.20911848454038515,363,5,-0.0004626710527536109,0.03814703557923262,6,6,-0.06301053595600956
291,regenerated_shortfalls_fixed_labels,total,pooled,-0.16377116430786862,-0.14437304966841683,0.01939811463945179,-0.16416781512267428,-0.14557628728118682,0.0003966508148056658,0.0012032376127699973,0.0008065867979643315,0.0011366840378451543,0.00445725894622368,0.0033205749083785254,0.006380345985753297,0.02046491396370932,363,5,0.053684996756815255,0.21780003346839333,5,5,0.014084567977956021
291,regenerated_shortfalls_fixed_labels,total,family_month,-0.08757516874077126,0.0005306484747248708,0.08810581721549612,-0.08707653255014933,0.003832297565051694,-0.0004986361906219317,-0.003301649090326823,-0.0028030128997048914,0.0007879175334437423,0.0039588874139521646,0.0031709698805084223,0.004422677106597368,0.01817670709645079,363,5,0.053684996756815255,0.21780003346839333,6,6,0.01375402998985342
291,regenerated_shortfalls_fixed_labels,total,family_month_minus_pooled,0.07619599556709736,0.1449036981431417,0.06870770257604433,0.07709128257252496,0.1494085848462385,-0.0008952870054275974,-0.0045048867030968165,-0.003609599697669219,-0.00034876650440141205,-0.0004983715322715151,-0.00014960502787010306,-0.001957668879155929,-0.0022882068672585294,363,5,0.053684996756815255,0.21780003346839333,6,6,-0.0003305379881026003
291,regenerated_shortfalls_fixed_labels,young_relative,pooled,-0.16302713404283437,-0.147931603602952,0.015095530439882376,-0.16416781512267428,-0.14557628728118682,0.001140681079839917,-0.0023553163217651663,-0.003495997401605083,-0.007915802788313398,-0.01778128036135065,-0.009865477573037252,-0.20750767833248854,-0.3739449138301237,363,5,0.0005044465829123595,0.04755053405921804,5,5,-0.16643723549763514
291,regenerated_shortfalls_fixed_labels,young_relative,family_month,-0.08095036094304571,-0.002429440898700954,0.07852092004434476,-0.08707653255014933,0.003832297565051694,0.006126171607103617,-0.0062617384637526485,-0.012387910070856266,-0.013489387901370265,-0.025731321081839804,-0.012241933180469539,-0.35361562691686416,-0.541136321409025,363,5,0.0005044465829123595,0.04755053405921804,6,6,-0.18752069449216086
291,regenerated_shortfalls_fixed_labels,young_relative,family_month_minus_pooled,0.08207677309978866,0.14550216270425104,0.06342538960446238,0.07709128257252496,0.1494085848462385,0.0049854905272637,-0.00390642214198747,-0.00889191266925117,-0.005573585113056867,-0.007950040720489153,-0.0023764556074322863,-0.1461079485843756,-0.16719140757890133,363,5,0.0005044465829123595,0.04755053405921804,6,6,-0.02108345899452574
291,regenerated_shortfalls_and_labels,total,pooled,-0.16377116430786862,-0.14528644770666055,0.018484716601208068,-0.16416781512267428,-0.146488526945395,0.0003966508148056658,0.0012020792387344437,0.0008054284239287779,0.0011366840378451543,0.004414190915152248,0.003277506877307094,0.006380345985753297,0.02026717280460302,363,5,0.053684996756815255,0.21780003346839333,5,5,0.013886826818849722
291,regenerated_shortfalls_and_labels,total,family_month,-0.08757516874077126,-0.005530667475274732,0.08204450126549653,-0.08707653255014933,-0.0022531844922516267,-0.0004986361906219317,-0.0032774829830231056,-0.002778846792401174,0.0007879175334437423,0.004101917488692058,0.003313999955248316,0.004422677106597368,0.018833410736308814,363,5,0.053684996756815255,0.21780003346839333,6,6,0.014410733629711446
291,regenerated_shortfalls_and_labels,total,family_month_minus_pooled,0.07619599556709736,0.13975578023138582,0.06355978466428847,0.07709128257252496,0.14423534245314337,-0.0008952870054275974,-0.004479562221757549,-0.003584275216329952,-0.00034876650440141205,-0.00031227342646019014,3.649307794122191e-05,-0.001957668879155929,-0.0014337620682942024,363,5,0.053684996756815255,0.21780003346839333,6,6,0.0005239068108617267
291,regenerated_shortfalls_and_labels,young_relative,pooled,-0.16302713404283437,-0.14905518346628327,0.013971950576551095,-0.16416781512267428,-0.146488526945395,0.001140681079839917,-0.0025666565208882774,-0.0037073376007281944,-0.007915802788313398,-0.0178915042199565,-0.009975701431643101,-0.20750767833248854,-0.37626295001597554,363,5,0.0005044465829123595,0.04755053405921804,5,5,-0.168755271683487
291,regenerated_shortfalls_and_labels,young_relative,family_month,-0.08095036094304571,-0.010158354682529973,0.07079200626051574,-0.08707653255014933,-0.0022531844922516267,0.006126171607103617,-0.007905170190278346,-0.014031341797381964,-0.013489387901370265,-0.025805845357518422,-0.012316457456148157,-0.35361562691686416,-0.5427035861549017,363,5,0.0005044465829123595,0.04755053405921804,6,6,-0.1890879592380375
291,regenerated_shortfalls_and_labels,young_relative,family_month_minus_pooled,0.08207677309978866,0.13889682878375328,0.05682005568396463,0.07709128257252496,0.14423534245314337,0.0049854905272637,-0.005338513669390088,-0.010324004196653788,-0.005573585113056867,-0.007914341137561922,-0.0023407560245050554,-0.1461079485843756,-0.1664406361389261,363,5,0.0005044465829123595,0.04755053405921804,6,6,-0.020332687554550505
292,fixed_shortfalls_fixed_labels,total,pooled,-0.16377116430786862,-0.19604029650527982,-0.032269132197411204,-0.16416781512267428,-0.1957793542637436,0.0003966508148056658,-0.0002609422415362217,-0.0006575930563418875,0.0011366840378451543,-0.000748666250725775,-0.0018853502885709294,0.006380345985753297,-0.004202354874748304,363,1,0.06170076814319721,0.17815398105106858,5,5,-0.010582700860501601
292,fixed_shortfalls_fixed_labels,total,family_month,-0.08757516874077126,-0.10596477785906924,-0.018389609118297984,-0.08707653255014933,-0.10737365339981056,-0.0004986361906219317,0.0014088755407413167,0.0019075117313632484,0.0007879175334437423,-0.0021950698086396995,-0.0029829873420834417,0.004422677106597368,-0.01232119425953481,363,1,0.06170076814319721,0.17815398105106858,7,7,-0.016743871366132177
292,fixed_shortfalls_fixed_labels,total,family_month_minus_pooled,0.07619599556709736,0.09007551864621058,0.01387952307911322,0.07709128257252496,0.08840570086393304,-0.0008952870054275974,0.0016698177822775384,0.002565104787705136,-0.00034876650440141205,-0.0014464035579139244,-0.0010976370535125124,-0.001957668879155929,-0.008118839384786506,363,1,0.06170076814319721,0.17815398105106858,7,7,-0.006161170505630576
292,fixed_shortfalls_fixed_labels,young_relative,pooled,-0.16302713404283437,-0.19493729893727546,-0.031910164894441095,-0.16416781512267428,-0.1957793542637436,0.001140681079839917,0.0008420553264681385,-0.00029862575337177844,-0.007915802788313398,-0.008119241003556994,-0.00020343821524359575,-0.20750767833248854,-0.21284068028544625,363,1,-0.0004626710527536109,0.03814703557923262,5,5,-0.005333001952957717
292,fixed_shortfalls_fixed_labels,young_relative,family_month,-0.08095036094304571,-0.10275994650501062,-0.02180958556196491,-0.08707653255014933,-0.10737365339981056,0.006126171607103617,0.004613706894799938,-0.0015124647123036794,-0.013489387901370265,-0.011445897184828996,0.0020434907165412693,-0.35361562691686416,-0.3000468322382613,363,1,-0.0004626710527536109,0.03814703557923262,7,7,0.05356879467860287
292,fixed_shortfalls_fixed_labels,young_relative,family_month_minus_pooled,0.08207677309978866,0.09217735243226484,0.010100579332476184,0.07709128257252496,0.08840570086393304,0.0049854905272637,0.003771651568331799,-0.001213838958931901,-0.005573585113056867,-0.0033266561812720016,0.002246928931784865,-0.1461079485843756,-0.08720615195281503,363,1,-0.0004626710527536109,0.03814703557923262,7,7,0.05890179663156056
292,regenerated_shortfalls_fixed_labels,total,pooled,-0.16377116430786862,-0.1958423020828615,-0.032071137774992875,-0.16416781512267428,-0.1957793542637436,0.0003966508148056658,-6.294781911789227e-05,-0.00045959863392355804,0.0011366840378451543,-0.000463432339273722,-0.0016001163771188764,0.006380345985753297,-0.0021448668418061027,363,1,0.05690760561461322,0.21606578564265788,5,5,-0.0085252128275594
292,regenerated_shortfalls_fixed_labels,total,family_month,-0.08757516874077126,-0.10386552788577412,-0.01629035914500286,-0.08707653255014933,-0.10737365339981056,-0.0004986361906219317,0.0035081255140364392,0.004006761704658371,0.0007879175334437423,-0.0046958960616868065,-0.005483813595130549,0.004422677106597368,-0.0217336402786749,363,1,0.05690760561461322,0.21606578564265788,7,7,-0.02615631738527227
292,regenerated_shortfalls_fixed_labels,total,family_month_minus_pooled,0.07619599556709736,0.09197677419708737,0.015780778629990014,0.07709128257252496,0.08840570086393304,-0.0008952870054275974,0.0035710733331543315,0.004466360338581929,-0.00034876650440141205,-0.004232463722413085,-0.0038836972180116727,-0.001957668879155929,-0.0195887734368688,363,1,0.05690760561461322,0.21606578564265788,7,7,-0.01763110455771287
292,regenerated_shortfalls_fixed_labels,young_relative,pooled,-0.16302713404283437,-0.19512254170923127,-0.0320954076663969,-0.16416781512267428,-0.1957793542637436,0.001140681079839917,0.0006568125545123316,-0.0004838685253275854,-0.007915802788313398,-0.024300582817955805,-0.016384780029642408,-0.20750767833248854,-0.49538752114313134,363,1,0.0010508677473473548,0.04905368379462002,5,5,-0.2878798428106428
292,regenerated_shortfalls_fixed_labels,young_relative,family_month,-0.08095036094304571,-0.10186237223269523,-0.02091201128964952,-0.08707653255014933,-0.10737365339981056,0.006126171607103617,0.005511281167115328,-0.0006148904399882887,-0.013489387901370265,-0.022537244486131328,-0.009047856584761062,-0.35361562691686416,-0.45944040778856055,363,1,0.0010508677473473548,0.04905368379462002,7,7,-0.10582478087169639
292,regenerated_shortfalls_fixed_labels,young_relative,family_month_minus_pooled,0.08207677309978866,0.09326016947653604,0.011183396376747382,0.07709128257252496,0.08840570086393304,0.0049854905272637,0.004854468612602997,-0.00013102191466070334,-0.005573585113056867,0.0017633383318244773,0.007336923444881344,-0.1461079485843756,0.03594711335457077,363,1,0.0010508677473473548,0.04905368379462002,7,7,0.18205506193894636
292,regenerated_shortfalls_and_labels,total,pooled,-0.16377116430786862,-0.19584187505282896,-0.032070710744960346,-0.16416781512267428,-0.19577286399110658,0.0003966508148056658,-6.901106172238491e-05,-0.0004656618765280507,0.0011366840378451543,-0.0005081340848108263,-0.0016448181226559806,0.006380345985753297,-0.0023517563565163798,363,1,0.05690760561461322,0.21606578564265788,5,5,-0.008732102342269676
292,regenerated_shortfalls_and_labels,total,family_month,-0.08757516874077126,-0.10384031269637987,-0.016265143955608616,-0.08707653255014933,-0.1074212280779045,-0.0004986361906219317,0.0035809153815246214,0.004079551572146553,0.0007879175334437423,-0.004746905127644948,-0.00553482266108869,0.004422677106597368,-0.02196972146018368,363,1,0.05690760561461322,0.21606578564265788,7,7,-0.02639239856678105
292,regenerated_shortfalls_and_labels,total,family_month_minus_pooled,0.07619599556709736,0.09200156235644909,0.01580556678935173,0.07709128257252496,0.08835163591320208,-0.0008952870054275974,0.0036499264432470063,0.004545213448674604,-0.00034876650440141205,-0.004238771042834121,-0.0038900045384327093,-0.001957668879155929,-0.019617965103667298,363,1,0.05690760561461322,0.21606578564265788,7,7,-0.01766029622451137
292,regenerated_shortfalls_and_labels,young_relative,pooled,-0.16302713404283437,-0.1951154370815758,-0.03208830303874144,-0.16416781512267428,-0.19577286399110658,0.001140681079839917,0.0006574269095307728,-0.0004832541703091442,-0.007915802788313398,-0.024287523119687338,-0.01637172033137394,-0.20750767833248854,-0.49512128837000985,363,1,0.0010508677473473548,0.04905368379462002,5,5,-0.2876136100375213
292,regenerated_shortfalls_and_labels,young_relative,family_month,-0.08095036094304571,-0.10201653952535705,-0.021066178582311343,-0.08707653255014933,-0.1074212280779045,0.006126171607103617,0.005404688552547443,-0.000721483054556174,-0.013489387901370265,-0.022529570557378916,-0.009040182656008651,-0.35361562691686416,-0.45928396839076646,363,1,0.0010508677473473548,0.04905368379462002,7,7,-0.1056683414739023
292,regenerated_shortfalls_and_labels,young_relative,family_month_minus_pooled,0.08207677309978866,0.09309889755621875,0.011022124456430096,0.07709128257252496,0.08835163591320208,0.0049854905272637,0.00474726164301667,-0.00023822888424702982,-0.005573585113056867,0.0017579525623084222,0.007331537675365289,-0.1461079485843756,0.03583731997924335,363,1,0.0010508677473473548,0.04905368379462002,7,7,0.18194526856361895
293,fixed_shortfalls_fixed_labels,total,pooled,-0.16377116430786862,-0.12699371058093725,0.036777453726931364,-0.16416781512267428,-0.1276023084456808,0.0003966508148056658,0.000608597864743543,0.00021194704993787727,0.0011366840378451543,0.0017888550512171555,0.0006521710133720012,0.006380345985753297,0.010041061337295475,363,3,0.06170076814319721,0.17815398105106858,5,5,0.0036607153515421783
293,fixed_shortfalls_fixed_labels,total,family_month,-0.08757516874077126,0.00024441024293118973,0.08781957898370245,-0.08707653255014933,-0.0012820254786007216,-0.0004986361906219317,0.0015264357215319113,0.0020250719121538427,0.0007879175334437423,-0.0023793482490631025,-0.0031672657825068447,0.004422677106597368,-0.013355571596129824,363,3,0.06170076814319721,0.17815398105106858,7,7,-0.017778248702727192
293,fixed_shortfalls_fixed_labels,total,family_month_minus_pooled,0.07619599556709736,0.12723812082386846,0.0510421252567711,0.07709128257252496,0.12632028296708006,-0.0008952870054275974,0.0009178378567883949,0.0018131248622159923,-0.00034876650440141205,-0.004168203300280258,-0.0038194367958788457,-0.001957668879155929,-0.0233966329334253,363,3,0.06170076814319721,0.17815398105106858,7,7,-0.02143896405426937
293,fixed_shortfalls_fixed_labels,young_relative,pooled,-0.16302713404283437,-0.12691789804828865,0.03610923599454571,-0.16416781512267428,-0.1276023084456808,0.001140681079839917,0.0006844103973921434,-0.0004562706824477736,-0.007915802788313398,-0.005158490302191658,0.0027573124861217406,-0.20750767833248854,-0.13522650512324363,363,3,-0.0004626710527536109,0.03814703557923262,5,5,0.0722811732092449
293,fixed_shortfalls_fixed_labels,young_relative,family_month,-0.08095036094304571,0.004050780431551222,0.08500114137459694,-0.08707653255014933,-0.0012820254786007216,0.006126171607103617,0.005332805910151944,-0.0007933656969516733,-0.013489387901370265,-0.011908907667874885,0.0015804802334953797,-0.35361562691686416,-0.3121843542243197,363,3,-0.0004626710527536109,0.03814703557923262,7,7,0.04143127269254443
293,fixed_shortfalls_fixed_labels,young_relative,family_month_minus_pooled,0.08207677309978866,0.13096867847983987,0.04889190538005121,0.07709128257252496,0.12632028296708006,0.0049854905272637,0.0046483955127598064,-0.0003370950145038937,-0.005573585113056867,-0.0067504173656832275,-0.0011768322526263609,-0.1461079485843756,-0.1769578491010761,363,3,-0.0004626710527536109,0.03814703557923262,7,7,-0.0308499005167005
293,regenerated_shortfalls_fixed_labels,total,pooled,-0.16377116430786862,-0.12688995231588235,0.03688121199198627,-0.16416781512267428,-0.1276023084456808,0.0003966508148056658,0.0007123561297984471,0.0003157053149927813,0.0011366840378451543,0.0035324053562327934,0.002395721318387639,0.006380345985753297,0.016770003322526938,363,3,0.07177927959937662,0.21063832178779338,5,5,0.01038965733677364
293,regenerated_shortfalls_fixed_labels,total,family_month,-0.08757516874077126,-0.0010411027876787366,0.08653406595309253,-0.08707653255014933,-0.0012820254786007216,-0.0004986361906219317,0.00024092269092198496,0.0007395588815439166,0.0007879175334437423,-0.0003009775572850004,-0.0010888950907287425,0.004422677106597368,-0.001428883190534621,363,3,0.07177927959937662,0.21063832178779338,7,7,-0.005851560297131989
293,regenerated_shortfalls_fixed_labels,total,family_month_minus_pooled,0.07619599556709736,0.1258488495282036,0.04965285396110625,0.07709128257252496,0.12632028296708006,-0.0008952870054275974,-0.0004714334388764563,0.00042385356655114115,-0.00034876650440141205,-0.0038333829135177937,-0.0034846164091163817,-0.001957668879155929,-0.01819888651306156,363,3,0.07177927959937662,0.21063832178779338,7,7,-0.01624121763390563
293,regenerated_shortfalls_fixed_labels,young_relative,pooled,-0.16302713404283437,-0.12513117517269962,0.03789595887013475,-0.16416781512267428,-0.1276023084456808,0.001140681079839917,0.0024711332729811797,0.0013304521931412627,-0.007915802788313398,-0.011072081912503447,-0.0031562791241900486,-0.20750767833248854,-0.22373913575293283,363,3,0.0002550846779678412,0.04948656780693903,5,5,-0.016231457420444295
293,regenerated_shortfalls_fixed_labels,young_relative,family_month,-0.08095036094304571,0.00943098109285157,0.09038134203589727,-0.08707653255014933,-0.0012820254786007216,0.006126171607103617,0.010713006571452292,0.004586834964348675,-0.013489387901370265,-0.01946687122006973,-0.005977483318699465,-0.35361562691686416,-0.3933768713970112,363,3,0.0002550846779678412,0.04948656780693903,7,7,-0.03976124448014706
293,regenerated_shortfalls_fixed_labels,young_relative,family_month_minus_pooled,0.08207677309978866,0.13456215626555118,0.052485383165762525,0.07709128257252496,0.12632028296708006,0.0049854905272637,0.00824187329847112,0.0032563827712074195,-0.005573585113056867,-0.008394789307566283,-0.0028212041945094163,-0.1461079485843756,-0.16963773564407839,363,3,0.0002550846779678412,0.04948656780693903,7,7,-0.023529787059702795
293,regenerated_shortfalls_and_labels,total,pooled,-0.16377116430786862,-0.12563078384550178,0.03814038046236684,-0.16416781512267428,-0.12635167312582118,0.0003966508148056658,0.0007208892803194089,0.00032423846551374313,0.0011366840378451543,0.00357006055324415,0.0024333765153989957,0.006380345985753297,0.01694877039915268,363,3,0.07177927959937662,0.21063832178779338,5,5,0.010568424413399384
293,regenerated_shortfalls_and_labels,total,family_month,-0.08757516874077126,0.0035778887830499573,0.09115305752382122,-0.08707653255014933,0.0032843664794188366,-0.0004986361906219317,0.00029352230363112073,0.0007921584942530524,0.0007879175334437423,-0.0003662440528327485,-0.0011541615862764908,0.004422677106597368,-0.0017387341948238621,363,3,0.07177927959937662,0.21063832178779338,7,7,-0.00616141130142123
293,regenerated_shortfalls_and_labels,total,family_month_minus_pooled,0.07619599556709736,0.12920867262855174,0.05301267706145438,0.07709128257252496,0.12963603960524003,-0.0008952870054275974,-0.00042736697668829815,0.0004679200287392993,-0.00034876650440141205,-0.003936304606076899,-0.0035875381016754865,-0.001957668879155929,-0.018687504593976546,363,3,0.07177927959937662,0.21063832178779338,7,7,-0.016729835714820618
293,regenerated_shortfalls_and_labels,young_relative,pooled,-0.16302713404283437,-0.12386632356257457,0.039160810480259794,-0.16416781512267428,-0.12635167312582118,0.001140681079839917,0.002485349563246614,0.0013446684834066969,-0.007915802788313398,-0.010976339064446311,-0.0030605362761329125,-0.20750767833248854,-0.22180441180055335,363,3,0.0002550846779678412,0.04948656780693903,5,5,-0.014296733468064815
293,regenerated_shortfalls_and_labels,young_relative,family_month,-0.08095036094304571,0.014054708968254946,0.09500506991130066,-0.08707653255014933,0.0032843664794188366,0.006126171607103617,0.01077034248883611,0.004644170881732492,-0.013489387901370265,-0.019410613973065302,-0.005921226071695037,-0.35361562691686416,-0.39224005287235814,363,3,0.0002550846779678412,0.04948656780693903,7,7,-0.03862442595549398
293,regenerated_shortfalls_and_labels,young_relative,family_month_minus_pooled,0.08207677309978866,0.13792103253082952,0.05584425943104086,0.07709128257252496,0.12963603960524003,0.0049854905272637,0.008284992925589485,0.003299502398325785,-0.005573585113056867,-0.008434274908618991,-0.0028606897955621245,-0.1461079485843756,-0.1704356410718048,363,3,0.0002550846779678412,0.04948656780693903,7,7,-0.02432769248742922
294,fixed_shortfalls_fixed_labels,total,pooled,-0.16377116430786862,-0.1482212428031307,0.015549921504737912,-0.16416781512267428,-0.1530515839977607,0.0003966508148056658,0.0048303411946299946,0.004433690379824329,0.0011366840378451543,0.014789845411556639,0.013653161373711484,0.006380345985753297,0.08301720413038127,363,1,0.06170076814319721,0.17815398105106858,5,5,0.07663685814462798
294,fixed_shortfalls_fixed_labels,total,family_month,-0.08757516874077126,-0.052259631397860926,0.03531553734291033,-0.08707653255014933,-0.0417037132474593,-0.0004986361906219317,-0.010555918150401626,-0.010057281959779694,0.0007879175334437423,0.015106475785366072,0.014318558251922329,0.004422677106597368,0.08479448899340475,363,1,0.06170076814319721,0.17815398105106858,7,7,0.08037181188680738
294,fixed_shortfalls_fixed_labels,total,family_month_minus_pooled,0.07619599556709736,0.09596161140526978,0.01976561583817242,0.07709128257252496,0.11134787075030139,-0.0008952870054275974,-0.015386259345031614,-0.014490972339604016,-0.00034876650440141205,0.0003166303738094331,0.0006653968782108451,-0.001957668879155929,0.0017772848630234633,363,1,0.06170076814319721,0.17815398105106858,7,7,0.0037349537421793927
294,fixed_shortfalls_fixed_labels,young_relative,pooled,-0.16302713404283437,-0.15385733420219655,0.009169799840637816,-0.16416781512267428,-0.1530515839977607,0.001140681079839917,-0.0008057502044358511,-0.001946431284275768,-0.007915802788313398,0.005577474362250641,0.013493277150564038,-0.20750767833248854,0.14620990275026868,363,1,-0.0004626710527536109,0.03814703557923262,5,5,0.3537175810827572
294,fixed_shortfalls_fixed_labels,young_relative,family_month,-0.08095036094304571,-0.040737939133838025,0.040212421809207685,-0.08707653255014933,-0.0417037132474593,0.006126171607103617,0.0009657741136212747,-0.005160397493482342,-0.013489387901370265,-0.0022601549627101446,0.01122923293866012,-0.35361562691686416,-0.05924850852475102,363,1,-0.0004626710527536109,0.03814703557923262,7,7,0.29436711839211316
294,fixed_shortfalls_fixed_labels,young_relative,family_month_minus_pooled,0.08207677309978866,0.11311939506835852,0.03104262196856987,0.07709128257252496,0.11134787075030139,0.0049854905272637,0.0017715243180571327,-0.0032139662092065674,-0.005573585113056867,-0.007837629324960786,-0.0022640442119039195,-0.1461079485843756,-0.2054584112750197,363,1,-0.0004626710527536109,0.03814703557923262,7,7,-0.05935046269064412
294,regenerated_shortfalls_fixed_labels,total,pooled,-0.16377116430786862,-0.14511956950033475,0.018651594807533867,-0.16416781512267428,-0.1530515839977607,0.0003966508148056658,0.007932014497425949,0.007535363682620283,0.0011366840378451543,0.0184670159199689,0.017330331882123746,0.006380345985753297,0.08762176379760621,363,1,0.06394674016978064,0.21075832212902124,5,5,0.08124141781185291
294,regenerated_shortfalls_fixed_labels,total,family_month,-0.08757516874077126,-0.05281646704401003,0.03475870169676123,-0.08707653255014933,-0.0417037132474593,-0.0004986361906219317,-0.011112753796550731,-0.0106141176059288,0.0007879175334437423,0.018020418788505285,0.017232501255061542,0.004422677106597368,0.08550276262625403,363,1,0.06394674016978064,0.21075832212902124,7,7,0.08108008551965666
294,regenerated_shortfalls_fixed_labels,total,family_month_minus_pooled,0.07619599556709736,0.09230310245632473,0.01610710688922737,0.07709128257252496,0.11134787075030139,-0.0008952870054275974,-0.019044768293976666,-0.01814948128854907,-0.00034876650440141205,-0.00044659713146361427,-9.783062706220222e-05,-0.001957668879155929,-0.0021190011713521713,363,1,0.06394674016978064,0.21075832212902124,7,7,-0.00016133229219624217
294,regenerated_shortfalls_fixed_labels,young_relative,pooled,-0.16302713404283437,-0.15058254969875387,0.012444584344080495,-0.16416781512267428,-0.1530515839977607,0.001140681079839917,0.002469034299006828,0.0013283532191669112,-0.007915802788313398,-0.0051279310847115595,0.002787871703601839,-0.20750767833248854,-0.1029481813610472,363,1,-0.0004959834821777462,0.049810798179401636,5,5,0.10455949697144133
294,regenerated_shortfalls_fixed_labels,young_relative,family_month,-0.08095036094304571,-0.03147957013732598,0.04947079080571973,-0.08707653255014933,-0.0417037132474593,0.006126171607103617,0.010224143110133317,0.0040979715030297,-0.013489387901370265,-0.011407894576392673,0.002081493324977592,-0.35361562691686416,-0.22902452868362594,363,1,-0.0004959834821777462,0.049810798179401636,7,7,0.12459109823323822
294,regenerated_shortfalls_fixed_labels,young_relative,family_month_minus_pooled,0.08207677309978866,0.11910297956142789,0.03702620646163923,0.07709128257252496,0.11134787075030139,0.0049854905272637,0.007755108811126496,0.002769618283862796,-0.005573585113056867,-0.006279963491681114,-0.0007063783786242471,-0.1461079485843756,-0.12607634732257875,363,1,-0.0004959834821777462,0.049810798179401636,7,7,0.020031601261796844
294,regenerated_shortfalls_and_labels,total,pooled,-0.16377116430786862,-0.1450474308909755,0.018723733416893124,-0.16416781512267428,-0.15301594424755077,0.0003966508148056658,0.00796851335657528,0.007571862541769614,0.0011366840378451543,0.018558912875142067,0.017422228837296914,0.006380345985753297,0.08805779381646786,363,1,0.06394674016978064,0.21075832212902124,5,5,0.08167744783071457
294,regenerated_shortfalls_and_labels,total,family_month,-0.08757516874077126,-0.049078267738116146,0.03849690100265511,-0.08707653255014933,-0.03782536714225884,-0.0004986361906219317,-0.011252900595857304,-0.010754264405235373,0.0007879175334437423,0.017944000121876243,0.0171560825884325,0.004422677106597368,0.08514017354385348,363,1,0.06394674016978064,0.21075832212902124,7,7,0.0807174964372561
294,regenerated_shortfalls_and_labels,total,family_month_minus_pooled,0.07619599556709736,0.09596916315285935,0.01977316758576199,0.07709128257252496,0.11519057710529193,-0.0008952870054275974,-0.019221413952432584,-0.018326126947004986,-0.00034876650440141205,-0.0006149127532658234,-0.0002661462488644114,-0.001957668879155929,-0.002917620272614376,363,1,0.06394674016978064,0.21075832212902124,7,7,-0.0009599513934584469
294,regenerated_shortfalls_and_labels,young_relative,pooled,-0.16302713404283437,-0.15051565556286367,0.012511478479970695,-0.16416781512267428,-0.15301594424755077,0.001140681079839917,0.002500288684687102,0.001359607604847185,-0.007915802788313398,-0.005193783644741754,0.002722019143571644,-0.20750767833248854,-0.10427023526174994,363,1,-0.0004959834821777462,0.049810798179401636,5,5,0.1032374430707386
294,regenerated_shortfalls_and_labels,young_relative,family_month,-0.08095036094304571,-0.02757892617638418,0.05337143476666153,-0.08707653255014933,-0.03782536714225884,0.006126171607103617,0.01024644096587466,0.0041202693587710434,-0.013489387901370265,-0.011425163326878028,0.0020642245744922367,-0.35361562691686416,-0.22937121556913137,363,1,-0.0004959834821777462,0.049810798179401636,7,7,0.12424441134773279
294,regenerated_shortfalls_and_labels,young_relative,family_month_minus_pooled,0.08207677309978866,0.12293672938647948,0.04085995628669083,0.07709128257252496,0.11519057710529193,0.0049854905272637,0.007746152281187552,0.0027606617539238515,-0.005573585113056867,-0.006231379682136274,-0.0006577945690794075,-0.1461079485843756,-0.12510098030738143,363,1,-0.0004959834821777462,0.049810798179401636,7,7,0.021006968276994165
295,fixed_shortfalls_fixed_labels,total,pooled,-0.16377116430786862,-0.15804550428071618,0.0057256600271524405,-0.16416781512267428,-0.15706892036442688,0.0003966508148056658,-0.0009765839162892975,-0.0013732347310949633,0.0011366840378451543,-0.002923663242788155,-0.004060347280633309,0.006380345985753297,-0.016410877969379054,363,3,0.06170076814319721,0.17815398105106858,5,5,-0.02279122395513235
295,fixed_shortfalls_fixed_labels,total,family_month,-0.08757516874077126,-0.10025164060044423,-0.012676471859672966,-0.08707653255014933,-0.10423253487618121,-0.0004986361906219317,0.0039808942757369875,0.004479530466358919,0.0007879175334437423,-0.006058085902204439,-0.006846003435648181,0.004422677106597368,-0.0340047742209469,363,3,0.06170076814319721,0.17815398105106858,6,6,-0.03842745132754427
295,fixed_shortfalls_fixed_labels,total,family_month_minus_pooled,0.07619599556709736,0.05779386368027195,-0.018402131886825407,0.07709128257252496,0.052836385488245666,-0.0008952870054275974,0.004957478192026285,0.0058527651974538825,-0.00034876650440141205,-0.003134422659416284,-0.002785656155014872,-0.001957668879155929,-0.017593896251567844,363,3,0.06170076814319721,0.17815398105106858,6,6,-0.015636227372411916
295,fixed_shortfalls_fixed_labels,young_relative,pooled,-0.16302713404283437,-0.1544327303344401,0.00859440370839426,-0.16416781512267428,-0.15706892036442688,0.001140681079839917,0.0026361900299867735,0.0014955089501468566,-0.007915802788313398,-0.021438932813868924,-0.013523130025555526,-0.20750767833248854,-0.5620078333305761,363,3,-0.0004626710527536109,0.03814703557923262,5,5,-0.3545001549980876
295,fixed_shortfalls_fixed_labels,young_relative,family_month,-0.08095036094304571,-0.09284736000023965,-0.011896999057193935,-0.08707653255014933,-0.10423253487618121,0.006126171607103617,0.011385174875941567,0.00525900326883795,-0.013489387901370265,-0.026552214924059375,-0.01306282702268911,-0.35361562691686416,-0.6960492347802378,363,3,-0.0004626710527536109,0.03814703557923262,6,6,-0.3424336078633737
295,fixed_shortfalls_fixed_labels,young_relative,family_month_minus_pooled,0.08207677309978866,0.06158537033420046,-0.020491402765588196,0.07709128257252496,0.052836385488245666,0.0049854905272637,0.008748984845954794,0.0037634943186910935,-0.005573585113056867,-0.005113282110190451,0.0004603030028664159,-0.1461079485843756,-0.13404140144966176,363,3,-0.0004626710527536109,0.03814703557923262,6,6,0.012066547134713834
295,regenerated_shortfalls_fixed_labels,total,pooled,-0.16377116430786862,-0.1589356900294231,0.004835474278445523,-0.16416781512267428,-0.15706892036442688,0.0003966508148056658,-0.001866769664996215,-0.002263420479801881,0.0011366840378451543,-0.009295714155926265,-0.01043239819377142,0.006380345985753297,-0.04312988642557603,363,3,0.06426339403040914,0.21552837084249554,5,5,-0.049510232411329326
295,regenerated_shortfalls_fixed_labels,total,family_month,-0.08757516874077126,-0.09631943024360881,-0.008744261502837553,-0.08707653255014933,-0.10423253487618121,-0.0004986361906219317,0.007913104632572401,0.008411740823194333,0.0007879175334437423,-0.010357028961632523,-0.011144946495076264,0.004422677106597368,-0.04805413283247644,363,3,0.06426339403040914,0.21552837084249554,6,6,-0.05247680993907381
295,regenerated_shortfalls_fixed_labels,total,family_month_minus_pooled,0.07619599556709736,0.06261625978581428,-0.013579735781283075,0.07709128257252496,0.052836385488245666,-0.0008952870054275974,0.009779874297568616,0.010675161302996214,-0.00034876650440141205,-0.0010613148057062576,-0.0007125483013048456,-0.001957668879155929,-0.004924246406900409,363,3,0.06426339403040914,0.21552837084249554,6,6,-0.0029665775277444803
295,regenerated_shortfalls_fixed_labels,young_relative,pooled,-0.16302713404283437,-0.15494335754433813,0.008083776498496231,-0.16416781512267428,-0.15706892036442688,0.001140681079839917,0.0021255628200887444,0.0009848817402488275,-0.007915802788313398,-0.02445169254225138,-0.01653588975393798,-0.20750767833248854,-0.4707744576103135,363,3,-0.00015481547452345104,0.05193929310942231,5,5,-0.26326677927782494
295,regenerated_shortfalls_fixed_labels,young_relative,family_month,-0.08095036094304571,-0.08309786022871025,-0.0021474992856645447,-0.08707653255014933,-0.10423253487618121,0.006126171607103617,0.021134674647470958,0.01500850304036734,-0.013489387901370265,-0.03387186980711644,-0.020382481905746177,-0.35361562691686416,-0.6521434501574251,363,3,-0.00015481547452345104,0.05193929310942231,6,6,-0.298527823240561
295,regenerated_shortfalls_fixed_labels,young_relative,family_month_minus_pooled,0.08207677309978866,0.07184549731562788,-0.010231275784160776,0.07709128257252496,0.052836385488245666,0.0049854905272637,0.019009111827382213,0.014023621300118513,-0.005573585113056867,-0.009420177264865062,-0.0038465921518081956,-0.1461079485843756,-0.18136899254711164,363,3,-0.00015481547452345104,0.05193929310942231,6,6,-0.03526104396273605
295,regenerated_shortfalls_and_labels,total,pooled,-0.16377116430786862,-0.1593985102494284,0.0043726540584402285,-0.16416781512267428,-0.15745990667300377,0.0003966508148056658,-0.0019386035764246135,-0.0023352543912302792,0.0011366840378451543,-0.00955969955775368,-0.010696383595598834,0.006380345985753297,-0.044354715439016354,363,3,0.06426339403040914,0.21552837084249554,5,5,-0.05073506142476965
295,regenerated_shortfalls_and_labels,total,family_month,-0.08757516874077126,-0.09838888472286904,-0.01081371598209778,-0.08707653255014933,-0.10638702009166481,-0.0004986361906219317,0.007998135368795775,0.008496771559417707,0.0007879175334437423,-0.01046775834831938,-0.01125567588176312,0.004422677106597368,-0.048567890655885106,363,3,0.06426339403040914,0.21552837084249554,6,6,-0.052990567762482475
295,regenerated_shortfalls_and_labels,total,family_month_minus_pooled,0.07619599556709736,0.06100962552655935,-0.015186370040538008,0.07709128257252496,0.05107288658133896,-0.0008952870054275974,0.009936738945220389,0.010832025950647986,-0.00034876650440141205,-0.0009080587905656995,-0.0005592922861642874,-0.001957668879155929,-0.00421317521686875,363,3,0.06426339403040914,0.21552837084249554,6,6,-0.002255506337712821
295,regenerated_shortfalls_and_labels,young_relative,pooled,-0.16302713404283437,-0.15538586076985333,0.007641273272981031,-0.16416781512267428,-0.15745990667300377,0.001140681079839917,0.00207404590315044,0.000933364823310523,-0.007915802788313398,-0.024385318641084175,-0.016469515852770775,-0.20750767833248854,-0.4694965445469344,363,3,-0.00015481547452345104,0.05193929310942231,5,5,-0.26198886621444584
295,regenerated_shortfalls_and_labels,young_relative,family_month,-0.08095036094304571,-0.08562117170611962,-0.004670810763073907,-0.08707653255014933,-0.10638702009166481,0.006126171607103617,0.020765848385545196,0.01463967677844158,-0.013489387901370265,-0.03376754880135395,-0.020278160899983685,-0.35361562691686416,-0.650134932145008,363,3,-0.00015481547452345104,0.05193929310942231,6,6,-0.2965193052281438
295,regenerated_shortfalls_and_labels,young_relative,family_month_minus_pooled,0.08207677309978866,0.06976468906373372,-0.012312084036054938,0.07709128257252496,0.05107288658133896,0.0049854905272637,0.018691802482394757,0.013706311955131056,-0.005573585113056867,-0.009382230160269775,-0.0038086450472129083,-0.1461079485843756,-0.1806383875980735,363,3,-0.00015481547452345104,0.05193929310942231,6,6,-0.0345304390136979
296,fixed_shortfalls_fixed_labels,total,pooled,-0.16377116430786862,-0.11186776657923506,0.05190339772863356,-0.16416781512267428,-0.1156150208546147,0.0003966508148056658,0.003747254275379641,0.0033506034605739754,0.0011366840378451543,0.011025931505910557,0.009889247468065403,0.006380345985753297,0.06188989682329876,363,1,0.06170076814319721,0.17815398105106858,5,5,0.05550955083754547
296,fixed_shortfalls_fixed_labels,total,family_month,-0.08757516874077126,-0.03136442778618783,0.05621074095458343,-0.08707653255014933,-0.024041438853560644,-0.0004986361906219317,-0.007322988932627186,-0.006824352742005255,0.0007879175334437423,0.012569420784407556,0.011781503250963814,0.004422677106597368,0.07055369018559557,363,1,0.06170076814319721,0.17815398105106858,6,6,0.0661310130789982
296,fixed_shortfalls_fixed_labels,total,family_month_minus_pooled,0.07619599556709736,0.08050333879304722,0.004307343225949861,0.07709128257252496,0.09157358200105406,-0.0008952870054275974,-0.011070243208006841,-0.010174956202579244,-0.00034876650440141205,0.0015434892784969984,0.0018922557828984104,-0.001957668879155929,0.008663793362296803,363,1,0.06170076814319721,0.17815398105106858,6,6,0.010621462241452733
296,fixed_shortfalls_fixed_labels,young_relative,pooled,-0.16302713404283437,-0.11638171007313533,0.046645423969699035,-0.16416781512267428,-0.1156150208546147,0.001140681079839917,-0.0007666892185206331,-0.00190737029836055,-0.007915802788313398,0.004725791356317997,0.012641594144631396,-0.20750767833248854,0.12388358058655373,363,1,-0.0004626710527536109,0.03814703557923262,5,5,0.33139125891904225
296,fixed_shortfalls_fixed_labels,young_relative,family_month,-0.08095036094304571,-0.023903180224194947,0.05704718071885076,-0.08707653255014933,-0.024041438853560644,0.006126171607103617,0.0001382586293656972,-0.00598791297773792,-0.013489387901370265,-0.00029352211328927087,0.013195865788080994,-0.35361562691686416,-0.007694493394633928,363,1,-0.0004626710527536109,0.03814703557923262,6,6,0.34592113352223025
296,fixed_shortfalls_fixed_labels,young_relative,family_month_minus_pooled,0.08207677309978866,0.09247852984894038,0.010401756749151725,0.07709128257252496,0.09157358200105406,0.0049854905272637,0.0009049478478863199,-0.00408054267937738,-0.005573585113056867,-0.005019313469607268,0.0005542716434495986,-0.1461079485843756,-0.13157807398118768,363,1,-0.0004626710527536109,0.03814703557923262,6,6,0.014529874603187914
296,regenerated_shortfalls_fixed_labels,total,pooled,-0.16377116430786862,-0.1156329666983179,0.04813819760955072,-0.16416781512267428,-0.1156150208546147,0.0003966508148056658,-1.7945843703195963e-05,-0.00041459665850886174,0.0011366840378451543,-5.7695216077773576e-05,-0.0011943792539229278,0.006380345985753297,-0.0002644724828693175,363,1,0.0480045457577709,0.21815205669726415,5,5,-0.006644818468622614
296,regenerated_shortfalls_fixed_labels,total,family_month,-0.08757516874077126,-0.02599548201537819,0.061579686725393074,-0.08707653255014933,-0.024041438853560644,-0.0004986361906219317,-0.0019540431618175445,-0.0014554069711956129,0.0007879175334437423,0.004496014987276234,0.003708097453832492,0.004422677106597368,0.020609546640742805,363,1,0.0480045457577709,0.21815205669726415,6,6,0.016186869534145436
296,regenerated_shortfalls_fixed_labels,total,family_month_minus_pooled,0.07619599556709736,0.08963748468293971,0.01344148911584235,0.07709128257252496,0.09157358200105406,-0.0008952870054275974,-0.001936097318114352,-0.0010408103126867546,-0.00034876650440141205,0.004553710203354008,0.00490247670775542,-0.001957668879155929,0.020874019123612125,363,1,0.0480045457577709,0.21815205669726415,6,6,0.022831688002768052
296,regenerated_shortfalls_fixed_labels,young_relative,pooled,-0.16302713404283437,-0.11829626359130127,0.044730870451533095,-0.16416781512267428,-0.1156150208546147,0.001140681079839917,-0.002681242736686573,-0.00382192381652649,-0.007915802788313398,0.009374883319698763,0.01729068610801216,-0.20750767833248854,0.19172314597287152,363,1,0.00010201527772111553,0.048898025703298716,5,5,0.39923082430536005
296,regenerated_shortfalls_fixed_labels,young_relative,family_month,-0.08095036094304571,-0.02609869646982603,0.05485166447321968,-0.08707653255014933,-0.024041438853560644,0.006126171607103617,-0.0020572576162653858,-0.008183429223369003,-0.013489387901370265,0.002461136626782686,0.015950524528152953,-0.35361562691686416,0.050332024481239024,363,1,0.00010201527772111553,0.048898025703298716,6,6,0.4039476513981032
296,regenerated_shortfalls_fixed_labels,young_relative,family_month_minus_pooled,0.08207677309978866,0.09219756712147524,0.010120794021686585,0.07709128257252496,0.09157358200105406,0.0049854905272637,0.0006239851204211805,-0.00436150540684252,-0.005573585113056867,-0.006913746692916077,-0.0013401615798592104,-0.1461079485843756,-0.1413911214916325,363,1,0.00010201527772111553,0.048898025703298716,6,6,0.004716827092743098
296,regenerated_shortfalls_and_labels,total,pooled,-0.16377116430786862,-0.11562951499898011,0.04814164930888851,-0.16416781512267428,-0.11560889880082269,0.0003966508148056658,-2.0616198157422105e-05,-0.0004172670129630879,0.0011366840378451543,-6.62801058519789e-05,-0.0012029641436971331,0.006380345985753297,-0.0003038252623213069,363,1,0.0480045457577709,0.21815205669726415,5,5,-0.006684171248074603
296,regenerated_shortfalls_and_labels,total,family_month,-0.08757516874077126,-0.02594952283664203,0.06162564590412923,-0.08707653255014933,-0.02399660275138714,-0.0004986361906219317,-0.0019529200852548903,-0.0014542838946329587,0.0007879175334437423,0.00447075820286645,0.003682840669422708,0.004422677106597368,0.020493770586223026,363,1,0.0480045457577709,0.21815205669726415,6,6,0.01607109347962566
296,regenerated_shortfalls_and_labels,total,family_month_minus_pooled,0.07619599556709736,0.08967999216233807,0.013483996595240716,0.07709128257252496,0.09161229604943555,-0.0008952870054275974,-0.0019323038870974751,-0.0010370168816698777,-0.00034876650440141205,0.0045370383087184295,0.004885804813119841,-0.001957668879155929,0.020797595848544338,363,1,0.0480045457577709,0.21815205669726415,6,6,0.022755264727700265
296,regenerated_shortfalls_and_labels,young_relative,pooled,-0.16302713404283437,-0.11830256161380416,0.044724572429030204,-0.16416781512267428,-0.11560889880082269,0.001140681079839917,-0.0026936628129814733,-0.00383434389282139,-0.007915802788313398,0.009422072846204428,0.017337875634517826,-0.20750767833248854,0.1926882059282979,363,1,0.00010201527772111553,0.048898025703298716,5,5,0.40019588426078645
296,regenerated_shortfalls_and_labels,young_relative,family_month,-0.08095036094304571,-0.02610859138628112,0.05484176955676459,-0.08707653255014933,-0.02399660275138714,0.006126171607103617,-0.00211198863489398,-0.008238160241997597,-0.013489387901370265,0.0025523061919300967,0.016041694093300363,-0.35361562691686416,0.05219650804343037,363,1,0.00010201527772111553,0.048898025703298716,6,6,0.40581213496029456
296,regenerated_shortfalls_and_labels,young_relative,family_month_minus_pooled,0.08207677309978866,0.09219397022752304,0.010117197127734387,0.07709128257252496,0.09161229604943555,0.0049854905272637,0.0005816741780874934,-0.004403816349176207,-0.005573585113056867,-0.006869766654274331,-0.0012961815412174645,-0.1461079485843756,-0.14049169788486754,363,1,0.00010201527772111553,0.048898025703298716,6,6,0.005616250699508052
297,fixed_shortfalls_fixed_labels,total,pooled,-0.16377116430786862,-0.16711489925904002,-0.0033437349511714065,-0.16416781512267428,-0.1737908030883271,0.0003966508148056658,0.0066759038292870665,0.006279253014481401,0.0011366840378451543,0.018821952585413953,0.0176852685475688,0.006380345985753297,0.10564991292570981,363,2,0.06170076814319721,0.17815398105106858,5,5,0.09926956693995652
297,fixed_shortfalls_fixed_labels,total,family_month,-0.08757516874077126,-0.05182386774559688,0.03575130099517438,-0.08707653255014933,-0.04166721731876054,-0.0004986361906219317,-0.01015665042683634,-0.009658014236214409,0.0007879175334437423,0.01717356553584396,0.016385648002400218,0.004422677106597368,0.09639731559476679,363,2,0.06170076814319721,0.17815398105106858,7,7,0.09197463848816942
297,fixed_shortfalls_fixed_labels,total,family_month_minus_pooled,0.07619599556709736,0.11529103151344314,0.03909503594634578,0.07709128257252496,0.13212358576956656,-0.0008952870054275974,-0.016832554256123428,-0.01593726725069583,-0.00034876650440141205,-0.0016483870495699916,-0.0012996205451685796,-0.001957668879155929,-0.009252597330943026,363,2,0.06170076814319721,0.17815398105106858,7,7,-0.0072949284517870965
297,fixed_shortfalls_fixed_labels,young_relative,pooled,-0.16302713404283437,-0.1729376072631353,-0.009910473220300947,-0.16416781512267428,-0.1737908030883271,0.001140681079839917,0.0008531958251917771,-0.0002874852546481399,-0.007915802788313398,-0.0054699847499701275,0.002445818038343271,-0.20750767833248854,-0.14339213170598258,363,2,-0.0004626710527536109,0.03814703557923262,5,5,0.06411554662650595
297,fixed_shortfalls_fixed_labels,young_relative,family_month,-0.08095036094304571,-0.035931605899022945,0.045018755044022765,-0.08707653255014933,-0.04166721731876054,0.006126171607103617,0.0057356114197375935,-0.0003905601873660236,-0.013489387901370265,-0.012229587091989756,0.001259800809380509,-0.35361562691686416,-0.32059075905357076,363,2,-0.0004626710527536109,0.03814703557923262,7,7,0.033024867863293395
297,fixed_shortfalls_fixed_labels,young_relative,family_month_minus_pooled,0.08207677309978866,0.13700600136411237,0.05492922826432371,0.07709128257252496,0.13212358576956656,0.0049854905272637,0.0048824155945458025,-0.00010307493271789758,-0.005573585113056867,-0.006759602342019629,-0.001186017228962762,-0.1461079485843756,-0.17719862734758818,363,2,-0.0004626710527536109,0.03814703557923262,7,7,-0.031090678763212587
297,regenerated_shortfalls_fixed_labels,total,pooled,-0.16377116430786862,-0.16334108660404348,0.000430077703825138,-0.16416781512267428,-0.1737908030883271,0.0003966508148056658,0.010449716484283611,0.010053065669477945,0.0011366840378451543,0.0229294971042282,0.021792813066383046,0.006380345985753297,0.1117448205302946,363,2,0.06534767826846506,0.20519516694746398,5,5,0.1053644745445413
297,regenerated_shortfalls_fixed_labels,total,family_month,-0.08757516874077126,-0.050328561931286445,0.037246606809484814,-0.08707653255014933,-0.04166721731876054,-0.0004986361906219317,-0.008661344612525906,-0.008162708421903975,0.0007879175334437423,0.023806162335007344,0.0230182448015636,0.004422677106597368,0.11601716886978349,363,2,0.06534767826846506,0.20519516694746398,7,7,0.11159449176318612
297,regenerated_shortfalls_fixed_labels,total,family_month_minus_pooled,0.07619599556709736,0.11301252467275703,0.036816529105659676,0.07709128257252496,0.13212358576956656,-0.0008952870054275974,-0.01911106109680953,-0.018215774091381934,-0.00034876650440141205,0.0008766652307791445,0.0012254317351805565,-0.001957668879155929,0.004272348339488896,363,2,0.06534767826846506,0.20519516694746398,7,7,0.006230017218644825
297,regenerated_shortfalls_fixed_labels,young_relative,pooled,-0.16302713404283437,-0.17379025971802092,-0.010763125675186558,-0.16416781512267428,-0.1737908030883271,0.001140681079839917,5.433703061663575e-07,-0.0011401377095337506,-0.007915802788313398,-0.0011283075728841666,0.006787495215429232,-0.20750767833248854,-0.022836798766161653,363,2,0.0004716078204301465,0.04940743159483598,5,5,0.18467087956632688
297,regenerated_shortfalls_fixed_labels,young_relative,family_month,-0.08095036094304571,-0.041769505014020256,0.039180855929025454,-0.08707653255014933,-0.04166721731876054,0.006126171607103617,-0.00010228769525971737,-0.0062284593023633344,-0.013489387901370265,-0.007057190639715902,0.006432197261654363,-0.35361562691686416,-0.14283662218243123,363,2,0.0004716078204301465,0.04940743159483598,7,7,0.21077900473443292
297,regenerated_shortfalls_fixed_labels,young_relative,family_month_minus_pooled,0.08207677309978866,0.13202075470400065,0.049943981604212,0.07709128257252496,0.13212358576956656,0.0049854905272637,-0.00010283106556591148,-0.005088321592829612,-0.005573585113056867,-0.005928883066831736,-0.00035529795377486906,-0.1461079485843756,-0.11999982341626957,363,2,0.0004716078204301465,0.04940743159483598,7,7,0.026108125168106025
297,regenerated_shortfalls_and_labels,total,pooled,-0.16377116430786862,-0.16335345668014384,0.0004177076277247782,-0.16416781512267428,-0.17378815835948555,0.0003966508148056658,0.010434701679341712,0.010038050864536047,0.0011366840378451543,0.022898775404692567,0.021762091366847414,0.006380345985753297,0.11159510111929356,363,2,0.06534767826846506,0.20519516694746398,5,5,0.10521475513354027
297,regenerated_shortfalls_and_labels,total,family_month,-0.08757516874077126,-0.04903968788323005,0.03853548085754121,-0.08707653255014933,-0.04009507295992545,-0.0004986361906219317,-0.008944614923304603,-0.008445978732682671,0.0007879175334437423,0.02365722631449176,0.022869308781048016,0.004422677106597368,0.1152913427076414,363,2,0.06534767826846506,0.20519516694746398,7,7,0.11086866560104403
297,regenerated_shortfalls_and_labels,total,family_month_minus_pooled,0.07619599556709736,0.1143137687969138,0.03811777322981644,0.07709128257252496,0.1336930853995601,-0.0008952870054275974,-0.0193793166026463,-0.018484029597218704,-0.00034876650440141205,0.0007584509097991916,0.0011072174142006037,-0.001957668879155929,0.003696241588347826,363,2,0.06534767826846506,0.20519516694746398,7,7,0.005653910467503755
297,regenerated_shortfalls_and_labels,young_relative,pooled,-0.16302713404283437,-0.17378784389898064,-0.010760709856146272,-0.16416781512267428,-0.17378815835948555,0.001140681079839917,3.1446050491323874e-07,-0.0011403666193350037,-0.007915802788313398,-0.001059160141348074,0.006856642646965325,-0.20750767833248854,-0.021437263730559444,363,2,0.0004716078204301465,0.04940743159483598,5,5,0.18607041460192908
297,regenerated_shortfalls_and_labels,young_relative,family_month,-0.08095036094304571,-0.040352122569663834,0.040598238373381876,-0.08707653255014933,-0.04009507295992545,0.006126171607103617,-0.00025704960973838703,-0.006383221216842004,-0.013489387901370265,-0.006910839348208762,0.006578548553161503,-0.35361562691686416,-0.13987449104581823,363,2,0.0004716078204301465,0.04940743159483598,7,7,0.21374113587104593
297,regenerated_shortfalls_and_labels,young_relative,family_month_minus_pooled,0.08207677309978866,0.1334357213293168,0.05135894822952815,0.07709128257252496,0.1336930853995601,0.0049854905272637,-0.00025736407024329333,-0.0052428545975069935,-0.005573585113056867,-0.0058516792068606886,-0.0002780940938038219,-0.1461079485843756,-0.1184372273152588,363,2,0.0004716078204301465,0.04940743159483598,7,7,0.027670721269116794
298,fixed_shortfalls_fixed_labels,total,pooled,-0.16377116430786862,-0.12522155834923612,0.038549605958632494,-0.16416781512267428,-0.12829799587003776,0.0003966508148056658,0.0030764375208016392,0.0026797867059959735,0.0011366840378451543,0.009166641045625675,0.00802995700778052,0.006380345985753297,0.05145347295381526,363,2,0.06170076814319721,0.17815398105106858,5,5,0.04507312696806197
298,fixed_shortfalls_fixed_labels,total,family_month,-0.08757516874077126,-0.03045041591651747,0.05712475282425379,-0.08707653255014933,-0.025625514364486478,-0.0004986361906219317,-0.004824901552030993,-0.004326265361409062,0.0007879175334437423,0.008582489653202898,0.007794572119759156,0.004422677106597368,0.04817456002143838,363,2,0.06170076814319721,0.17815398105106858,6,6,0.04375188291484101
298,fixed_shortfalls_fixed_labels,total,family_month_minus_pooled,0.07619599556709736,0.09477114243271866,0.018575146865621298,0.07709128257252496,0.10267248150555128,-0.0008952870054275974,-0.007901339072832622,-0.007006052067405025,-0.00034876650440141205,-0.0005841513924227763,-0.00023538488802136428,-0.001957668879155929,-0.0032789129323768907,363,2,0.06170076814319721,0.17815398105106858,6,6,-0.0013212440532209616
298,fixed_shortfalls_fixed_labels,young_relative,pooled,-0.16302713404283437,-0.12360572765258007,0.03942140639025429,-0.16416781512267428,-0.12829799587003776,0.001140681079839917,0.00469226821745769,0.0035515871376177732,-0.007915802788313398,-0.031725499266731794,-0.023809696478418393,-0.20750767833248854,-0.831663556158562,363,2,-0.0004626710527536109,0.03814703557923262,5,5,-0.6241558778260735
298,fixed_shortfalls_fixed_labels,young_relative,family_month,-0.08095036094304571,-0.008073018526298614,0.07287734241674709,-0.08707653255014933,-0.025625514364486478,0.006126171607103617,0.017552495838187864,0.011426324231084247,-0.013489387901370265,-0.03689569028532,-0.023406302383949733,-0.35361562691686416,-0.9671967880357691,363,2,-0.0004626710527536109,0.03814703557923262,6,6,-0.613581161118905
298,fixed_shortfalls_fixed_labels,young_relative,family_month_minus_pooled,0.08207677309978866,0.11553270912628145,0.0334559360264928,0.07709128257252496,0.10267248150555128,0.0049854905272637,0.012860227620730177,0.007874737093466477,-0.005573585113056867,-0.005170191018588205,0.0004033940944686617,-0.1461079485843756,-0.13553323187720712,363,2,-0.0004626710527536109,0.03814703557923262,6,6,0.010574716707168474
298,regenerated_shortfalls_fixed_labels,total,pooled,-0.16377116430786862,-0.12620232496959832,0.03756883933827029,-0.16416781512267428,-0.12829799587003776,0.0003966508148056658,0.002095670900439439,0.0016990200856337734,0.0011366840378451543,0.010951612195648275,0.00981492815780312,0.006380345985753297,0.0502091978580233,363,2,0.06566589887170668,0.21811964068050202,5,5,0.04382885187227001
298,regenerated_shortfalls_fixed_labels,total,family_month,-0.08757516874077126,-0.03136406853243877,0.05621110020833249,-0.08707653255014933,-0.025625514364486478,-0.0004986361906219317,-0.005738554167952291,-0.005239917977330359,0.0007879175334437423,0.00834252150100353,0.007554603967559788,0.004422677106597368,0.038247456647994005,363,2,0.06566589887170668,0.21811964068050202,6,6,0.033824779541396635
298,regenerated_shortfalls_fixed_labels,total,family_month_minus_pooled,0.07619599556709736,0.09483825643715955,0.018642260870062197,0.07709128257252496,0.10267248150555128,-0.0008952870054275974,-0.007834225068391723,-0.006938938062964126,-0.00034876650440141205,-0.002609090694644744,-0.002260324190243332,-0.001957668879155929,-0.0119617412100293,363,2,0.06566589887170668,0.21811964068050202,6,6,-0.01000407233087337
298,regenerated_shortfalls_fixed_labels,young_relative,pooled,-0.16302713404283437,-0.1289099879412041,0.034117146101630275,-0.16416781512267428,-0.12829799587003776,0.001140681079839917,-0.0006119920711663285,-0.0017526731510062454,-0.007915802788313398,-0.012341022623446414,-0.004425219835133016,-0.20750767833248854,-0.24138768861862347,363,2,0.0031092173874013584,0.051125319166315936,5,5,-0.03388001028613494
298,regenerated_shortfalls_fixed_labels,young_relative,family_month,-0.08095036094304571,-0.021744538284689353,0.05920582265835636,-0.08707653255014933,-0.025625514364486478,0.006126171607103617,0.003880976079797125,-0.002245195527306492,-0.013489387901370265,-0.023609273810136066,-0.0101198859087658,-0.35361562691686416,-0.46179220384586084,363,2,0.0031092173874013584,0.051125319166315936,6,6,-0.10817657692899668
298,regenerated_shortfalls_fixed_labels,young_relative,family_month_minus_pooled,0.08207677309978866,0.10716544965651474,0.025088676556726086,0.07709128257252496,0.10267248150555128,0.0049854905272637,0.004492968150963464,-0.0004925223763002362,-0.005573585113056867,-0.011268251186689652,-0.005694666073632785,-0.1461079485843756,-0.22040451522723736,363,2,0.0031092173874013584,0.051125319166315936,6,6,-0.07429656664286177
298,regenerated_shortfalls_and_labels,total,pooled,-0.16377116430786862,-0.12627003398844838,0.037501130319420234,-0.16416781512267428,-0.12832855670133855,0.0003966508148056658,0.0020585227128901706,0.0016618718980845049,0.0011366840378451543,0.010770975083721414,0.009634291045876259,0.006380345985753297,0.049381041753587686,363,2,0.06566589887170668,0.21811964068050202,5,5,0.04300069576783439
298,regenerated_shortfalls_and_labels,total,family_month,-0.08757516874077126,-0.031797761356931666,0.05577740738383959,-0.08707653255014933,-0.025998312315813836,-0.0004986361906219317,-0.0057994490411178296,-0.005300812850495898,0.0007879175334437423,0.008192264383963768,0.007404346850520026,0.004422677106597368,0.03755858187921582,363,2,0.06566589887170668,0.21811964068050202,6,6,0.03313590477261845
298,regenerated_shortfalls_and_labels,total,family_month_minus_pooled,0.07619599556709736,0.09447227263151672,0.018276277064419366,0.07709128257252496,0.10233024438552471,-0.0008952870054275974,-0.007857971754007986,-0.006962684748580389,-0.00034876650440141205,-0.0025787106997576456,-0.0022299441953562336,-0.001957668879155929,-0.01182245987437187,363,2,0.06566589887170668,0.21811964068050202,6,6,-0.009864790995215941
298,regenerated_shortfalls_and_labels,young_relative,pooled,-0.16302713404283437,-0.12894141990127805,0.03408571414155631,-0.16416781512267428,-0.12832855670133855,0.001140681079839917,-0.0006128631999395007,-0.0017535442797794176,-0.007915802788313398,-0.012362253361401515,-0.004446450573088116,-0.20750767833248854,-0.24180295718420514,363,2,0.0031092173874013584,0.051125319166315936,5,5,-0.0342952788517166
298,regenerated_shortfalls_and_labels,young_relative,family_month,-0.08095036094304571,-0.021728011730113784,0.05922234921293193,-0.08707653255014933,-0.025998312315813836,0.006126171607103617,0.004270300585700052,-0.001855871021403565,-0.013489387901370265,-0.02372166159187168,-0.010232273690501417,-0.35361562691686416,-0.46399048414157906,363,2,0.0031092173874013584,0.051125319166315936,6,6,-0.1103748572247149
298,regenerated_shortfalls_and_labels,young_relative,family_month_minus_pooled,0.08207677309978866,0.10721340817116427,0.025136635071375618,0.07709128257252496,0.10233024438552471,0.0049854905272637,0.004883163785639563,-0.00010232674162413691,-0.005573585113056867,-0.011359408230470167,-0.0057858231174133,-0.1461079485843756,-0.2221875269573739,363,2,0.0031092173874013584,0.051125319166315936,6,6,-0.07607957837299831
299,fixed_shortfalls_fixed_labels,total,pooled,-0.16377116430786862,-0.14781436455650285,0.01595679975136577,-0.16416781512267428,-0.14818157957662054,0.0003966508148056658,0.00036721502011768936,-2.9435794687976413e-05,0.0011366840378451543,0.0010667135660780585,-6.99704717670958e-05,0.006380345985753297,0.0059875932032766675,363,1,0.06170076814319721,0.17815398105106858,5,5,-0.0003927527824766292
299,fixed_shortfalls_fixed_labels,total,family_month,-0.08757516874077126,-0.05996865796302395,0.027606510777747312,-0.08707653255014933,-0.062249090037457516,-0.0004986361906219317,0.0022804320744335693,0.002779068265055501,0.0007879175334437423,-0.003444158627576846,-0.004232076161020589,0.004422677106597368,-0.019332481975744137,363,1,0.06170076814319721,0.17815398105106858,6,6,-0.023755159082341507
299,fixed_shortfalls_fixed_labels,total,family_month_minus_pooled,0.07619599556709736,0.0878457065934789,0.011649711026381543,0.07709128257252496,0.08593248953916302,-0.0008952870054275974,0.00191321705431588,0.0028085040597434774,-0.00034876650440141205,-0.004510872193654905,-0.004162105689253492,-0.001957668879155929,-0.025320075179020806,363,1,0.06170076814319721,0.17815398105106858,6,6,-0.023362406299864878
299,fixed_shortfalls_fixed_labels,young_relative,pooled,-0.16302713404283437,-0.1467230550457404,0.016304078997093963,-0.16416781512267428,-0.14818157957662054,0.001140681079839917,0.0014585245308801342,0.0003178434510402173,-0.007915802788313398,-0.009894206371079677,-0.001978403582766278,-0.20750767833248854,-0.25937025566584565,363,1,-0.0004626710527536109,0.03814703557923262,5,5,-0.05186257733335711
299,fixed_shortfalls_fixed_labels,young_relative,family_month,-0.08095036094304571,-0.056840841942893926,0.024109519000151784,-0.08707653255014933,-0.062249090037457516,0.006126171607103617,0.0054082480945635905,-0.0007179235125400266,-0.013489387901370265,-0.012283472342934702,0.0012059155584355635,-0.35361562691686416,-0.322003326245929,363,1,-0.0004626710527536109,0.03814703557923262,6,6,0.03161230067093518
299,fixed_shortfalls_fixed_labels,young_relative,family_month_minus_pooled,0.08207677309978866,0.08988221310284647,0.007805440003057815,0.07709128257252496,0.08593248953916302,0.0049854905272637,0.003949723563683449,-0.0010357669635802508,-0.005573585113056867,-0.002389265971855025,0.0031843191412018416,-0.1461079485843756,-0.06263307058008329,363,1,-0.0004626710527536109,0.03814703557923262,6,6,0.0834748780042923
299,regenerated_shortfalls_fixed_labels,total,pooled,-0.16377116430786862,-0.14899070869038647,0.014780455617482147,-0.16416781512267428,-0.14818157957662054,0.0003966508148056658,-0.0008091291137659329,-0.0012057799285715987,0.0011366840378451543,-0.002905229309275786,-0.004041913347120941,0.006380345985753297,-0.01367843980624232,363,1,0.07683071522724477,0.2123947870099885,5,5,-0.020058785791995618
299,regenerated_shortfalls_fixed_labels,total,family_month,-0.08757516874077126,-0.05955146771919746,0.028023701021573796,-0.08707653255014933,-0.062249090037457516,-0.0004986361906219317,0.002697622318260054,0.0031962585088819856,0.0007879175334437423,-0.00911015102246661,-0.009898068555910352,0.004422677106597368,-0.04289253587960319,363,1,0.07683071522724477,0.2123947870099885,6,6,-0.04731521298620056
299,regenerated_shortfalls_fixed_labels,total,family_month_minus_pooled,0.07619599556709736,0.08943924097118901,0.01324324540409165,0.07709128257252496,0.08593248953916302,-0.0008952870054275974,0.003506751432025987,0.004402038437453584,-0.00034876650440141205,-0.0062049217131908245,-0.005856155208789413,-0.001957668879155929,-0.029214096073360875,363,1,0.07683071522724477,0.2123947870099885,6,6,-0.027256427194204947
299,regenerated_shortfalls_fixed_labels,young_relative,pooled,-0.16302713404283437,-0.14881451668087786,0.014212617361956503,-0.16416781512267428,-0.14818157957662054,0.001140681079839917,-0.0006329371042573251,-0.001773618184097242,-0.007915802788313398,-0.010398715505846276,-0.002482912717532877,-0.20750767833248854,-0.20663644328093736,363,1,0.0016317365345154904,0.050323724802543476,5,5,0.000871235051551178
299,regenerated_shortfalls_fixed_labels,young_relative,family_month,-0.08095036094304571,-0.06345873862328942,0.01749162231975629,-0.08707653255014933,-0.062249090037457516,0.006126171607103617,-0.0012096485858319045,-0.007335820192935522,-0.013489387901370265,-0.014277430206534518,-0.0007880423051642525,-0.35361562691686416,-0.28371171376036347,363,1,0.0016317365345154904,0.050323724802543476,6,6,0.06990391315650069
299,regenerated_shortfalls_fixed_labels,young_relative,family_month_minus_pooled,0.08207677309978866,0.08535577805758844,0.003279004957799786,0.07709128257252496,0.08593248953916302,0.0049854905272637,-0.0005767114815745794,-0.0055622020088382795,-0.005573585113056867,-0.003878714700688242,0.0016948704123686247,-0.1461079485843756,-0.0770752704794261,363,1,0.0016317365345154904,0.050323724802543476,6,6,0.0690326781049495
299,regenerated_shortfalls_and_labels,total,pooled,-0.16377116430786862,-0.14895915993545594,0.014812004372412674,-0.16416781512267428,-0.14816003416908013,0.0003966508148056658,-0.0007991257663758078,-0.0011957765811814736,0.0011366840378451543,-0.002868958853326082,-0.004005642891171236,0.006380345985753297,-0.013507670756491593,363,1,0.07683071522724477,0.2123947870099885,5,5,-0.01988801674224489
299,regenerated_shortfalls_and_labels,total,family_month,-0.08757516874077126,-0.05896333207065335,0.028611836670117907,-0.08707653255014933,-0.06166780430584488,-0.0004986361906219317,0.0027044722351915254,0.003203108425813457,0.0007879175334437423,-0.009109214441117638,-0.00989713197456138,0.004422677106597368,-0.04288812625466768,363,1,0.07683071522724477,0.2123947870099885,6,6,-0.04731080336126505
299,regenerated_shortfalls_and_labels,total,family_month_minus_pooled,0.07619599556709736,0.08999582786480259,0.013799832297705233,0.07709128257252496,0.08649222986323526,-0.0008952870054275974,0.0035035980015673263,0.004398885006994924,-0.00034876650440141205,-0.006240255587791556,-0.0058914890833901435,-0.001957668879155929,-0.029380455498176087,363,1,0.07683071522724477,0.2123947870099885,6,6,-0.02742278661902016
299,regenerated_shortfalls_and_labels,young_relative,pooled,-0.16302713404283437,-0.14879519539092226,0.014231938651912107,-0.16416781512267428,-0.14816003416908013,0.001140681079839917,-0.0006351612218421232,-0.0017758423016820402,-0.007915802788313398,-0.010440821309218494,-0.0025250185209050955,-0.20750767833248854,-0.2074731421448913,363,1,0.0016317365345154904,0.050323724802543476,5,5,3.453618759724497e-05
299,regenerated_shortfalls_and_labels,young_relative,family_month,-0.08095036094304571,-0.06281880549159648,0.018131555451449233,-0.08707653255014933,-0.06166780430584488,0.006126171607103617,-0.0011510011857516003,-0.007277172792855217,-0.013489387901370265,-0.014327179939248827,-0.0008377920378785618,-0.35361562691686416,-0.28470030776665994,363,1,0.0016317365345154904,0.050323724802543476,6,6,0.06891531915020421
299,regenerated_shortfalls_and_labels,young_relative,family_month_minus_pooled,0.08207677309978866,0.08597638989932578,0.0038996167995371256,0.07709128257252496,0.08649222986323526,0.0049854905272637,-0.0005158399639094841,-0.005501330491173184,-0.005573585113056867,-0.003886358630030333,0.0016872264830265337,-0.1461079485843756,-0.07722716562176866,363,1,0.0016317365345154904,0.050323724802543476,6,6,0.06888078296260693
300,fixed_shortfalls_fixed_labels,total,pooled,-0.16377116430786862,-0.1640152025261519,-0.00024403821828328232,-0.16416781512267428,-0.16555398302085908,0.0003966508148056658,0.0015387804947071815,0.0011421296799015157,0.0011366840378451543,0.004251877625643346,0.003115193587798192,0.006380345985753297,0.023866307115666015,363,1,0.06170076814319721,0.17815398105106858,5,5,0.017485961129912717
300,fixed_shortfalls_fixed_labels,total,family_month,-0.08757516874077126,-0.15216523072646831,-0.06459006198569706,-0.08707653255014933,-0.1472204199143482,-0.0004986361906219317,-0.004944810812120115,-0.004446174621498183,0.0007879175334437423,0.008327496440338785,0.0075395789068950425,0.004422677106597368,0.04674325205200816,363,1,0.06170076814319721,0.17815398105106858,6,6,0.04232057494541079
300,fixed_shortfalls_fixed_labels,total,family_month_minus_pooled,0.07619599556709736,0.011849971799683584,-0.06434602376741377,0.07709128257252496,0.01833356310651088,-0.0008952870054275974,-0.0064835913068272966,-0.005588304301399699,-0.00034876650440141205,0.004075618814695438,0.004424385319096851,-0.001957668879155929,0.022876944936342146,363,1,0.06170076814319721,0.17815398105106858,6,6,0.024834613815498074
300,fixed_shortfalls_fixed_labels,young_relative,pooled,-0.16302713404283437,-0.16537980672800665,-0.00235267268517228,-0.16416781512267428,-0.16555398302085908,0.001140681079839917,0.00017417629285243486,-0.0009665047869874821,-0.007915802788313398,-0.0011176159034179364,0.006798186884895462,-0.20750767833248854,-0.029297582012542286,363,1,-0.0004626710527536109,0.03814703557923262,5,5,0.17821009631994625
300,fixed_shortfalls_fixed_labels,young_relative,family_month,-0.08095036094304571,-0.1447087892286086,-0.0637584282855629,-0.08707653255014933,-0.1472204199143482,0.006126171607103617,0.002511630685739591,-0.003614540921364026,-0.013489387901370265,-0.005117580445750848,0.008371807455619417,-0.35361562691686416,-0.13415407955151504,363,1,-0.0004626710527536109,0.03814703557923262,6,6,0.21946154736534912
300,fixed_shortfalls_fixed_labels,young_relative,family_month_minus_pooled,0.08207677309978866,0.020671017499398037,-0.06140575560039062,0.07709128257252496,0.01833356310651088,0.0049854905272637,0.002337454392887156,-0.002648036134376544,-0.005573585113056867,-0.003999964542332911,0.0015736205707239555,-0.1461079485843756,-0.10485649753897275,363,1,-0.0004626710527536109,0.03814703557923262,6,6,0.04125145104540284
300,regenerated_shortfalls_fixed_labels,total,pooled,-0.16377116430786862,-0.1633157940589799,0.0004553702488887257,-0.16416781512267428,-0.16555398302085908,0.0003966508148056658,0.0022381889618791895,0.0018415381470735237,0.0011366840378451543,0.01245483646433575,0.011318152426490596,0.006380345985753297,0.057345764004801666,363,1,0.061593517459038495,0.2171884302263875,5,5,0.05096541801904837
300,regenerated_shortfalls_fixed_labels,total,family_month,-0.08757516874077126,-0.15138285474900462,-0.06380768600823336,-0.08707653255014933,-0.1472204199143482,-0.0004986361906219317,-0.00416243483465642,-0.0036637986440344883,0.0007879175334437423,0.013750652109651621,0.01296273457620788,0.004422677106597368,0.06331208386799682,363,1,0.061593517459038495,0.2171884302263875,6,6,0.05888940676139945
300,regenerated_shortfalls_fixed_labels,total,family_month_minus_pooled,0.07619599556709736,0.011932939309975271,-0.06426305625712209,0.07709128257252496,0.01833356310651088,-0.0008952870054275974,-0.006400623796535609,-0.005505336791108012,-0.00034876650440141205,0.0012958156453158707,0.0016445821497172827,-0.001957668879155929,0.0059663198631951546,363,1,0.061593517459038495,0.2171884302263875,6,6,0.007923988742351083
300,regenerated_shortfalls_fixed_labels,young_relative,pooled,-0.16302713404283437,-0.16239369817085297,0.0006334358719813915,-0.16416781512267428,-0.16555398302085908,0.001140681079839917,0.0031602848500061065,0.0020196037701661895,-0.007915802788313398,-0.011859846215753256,-0.003944043427439857,-0.20750767833248854,-0.21946397806856036,363,1,-0.003850938297790759,0.05404005851041418,5,5,-0.011956299736071818
300,regenerated_shortfalls_fixed_labels,young_relative,family_month,-0.08095036094304571,-0.14316160471106473,-0.06221124376801902,-0.08707653255014933,-0.1472204199143482,0.006126171607103617,0.004058815203283467,-0.0020673564038201503,-0.013489387901370265,-0.017803763405957747,-0.004314375504587482,-0.35361562691686416,-0.32945492467456794,363,1,-0.003850938297790759,0.05404005851041418,6,6,0.024160702242296217
300,regenerated_shortfalls_fixed_labels,young_relative,family_month_minus_pooled,0.08207677309978866,0.01923209345978824,-0.06284467964000041,0.07709128257252496,0.01833356310651088,0.0049854905272637,0.0008985303532773603,-0.00408696017398634,-0.005573585113056867,-0.005943917190204491,-0.00037033207714762435,-0.1461079485843756,-0.10999094660600757,363,1,-0.003850938297790759,0.05404005851041418,6,6,0.03611700197836802
300,regenerated_shortfalls_and_labels,total,pooled,-0.16377116430786862,-0.1633157940589799,0.0004553702488887257,-0.16416781512267428,-0.16555398302085902,0.0003966508148056658,0.002238188961879134,0.0018415381470734682,0.0011366840378451543,0.012454836464335732,0.011318152426490577,0.006380345985753297,0.057345764004801576,363,1,0.061593517459038495,0.2171884302263875,5,5,0.05096541801904828
300,regenerated_shortfalls_and_labels,total,family_month,-0.08757516874077126,-0.15138285474900454,-0.06380768600823328,-0.08707653255014933,-0.14722041991434842,-0.0004986361906219317,-0.004162434834656115,-0.003663798644034183,0.0007879175334437423,0.013750652109651592,0.012962734576207849,0.004422677106597368,0.06331208386799668,363,1,0.061593517459038495,0.2171884302263875,6,6,0.05888940676139931
300,regenerated_shortfalls_and_labels,total,family_month_minus_pooled,0.07619599556709736,0.011932939309975354,-0.064263056257122,0.07709128257252496,0.018333563106510603,-0.0008952870054275974,-0.006400623796535249,-0.005505336791107651,-0.00034876650440141205,0.0012958156453158603,0.0016445821497172723,-0.001957668879155929,0.005966319863195107,363,1,0.061593517459038495,0.2171884302263875,6,6,0.007923988742351036
300,regenerated_shortfalls_and_labels,young_relative,pooled,-0.16302713404283437,-0.1623936981708529,0.0006334358719814748,-0.16416781512267428,-0.16555398302085902,0.001140681079839917,0.0031602848500061342,0.0020196037701662173,-0.007915802788313398,-0.011859846215753264,-0.003944043427439866,-0.20750767833248854,-0.21946397806856052,363,1,-0.003850938297790759,0.05404005851041418,5,5,-0.011956299736071985
300,regenerated_shortfalls_and_labels,young_relative,family_month,-0.08095036094304571,-0.14316160471106476,-0.06221124376801905,-0.08707653255014933,-0.14722041991434842,0.006126171607103617,0.004058815203283661,-0.002067356403819956,-0.013489387901370265,-0.017803763405957747,-0.004314375504587482,-0.35361562691686416,-0.32945492467456794,363,1,-0.003850938297790759,0.05404005851041418,6,6,0.024160702242296217
300,regenerated_shortfalls_and_labels,young_relative,family_month_minus_pooled,0.08207677309978866,0.01923209345978813,-0.06284467964000053,0.07709128257252496,0.018333563106510603,0.0049854905272637,0.0008985303532775268,-0.004086960173986173,-0.005573585113056867,-0.005943917190204482,-0.0003703320771476157,-0.1461079485843756,-0.10999094660600742,363,1,-0.003850938297790759,0.05404005851041418,6,6,0.036117001978368174
