analysis_status,target,deletion_order,deleted_census2018,deleted_occupation,frozen_full_estimate,leave_one_out_estimate,signed_movement,absolute_movement,relative_absolute_movement,deleted_full_sample_stock_weight,deleted_full_sample_stock_weight_share,sign_changed,crossed_or_reached_zero,treatment_recomputed_after_deletion
POST-OUTCOME FIXED-TREATMENT LOCO INFLUENCE AUDIT,joint_F_G_between_family_G,1,0010,Chief executives,0.030893508600474132,0.030807689141477967,-8.581945899616486e-05,8.581945899616486e-05,0.002777912347412937,163889050.09179997,0.013211304092874273,False,False,False
POST-OUTCOME FIXED-TREATMENT LOCO INFLUENCE AUDIT,joint_F_G_between_family_G,2,0020,General and operations managers,0.030893508600474132,0.0309230533733567,2.9544772882566378e-05,2.9544772882566378e-05,0.0009563424234084226,123561351.71779999,0.009960437202827648,False,False,False
POST-OUTCOME FIXED-TREATMENT LOCO INFLUENCE AUDIT,joint_F_G_between_family_G,3,0040,Advertising and promotions managers,0.030893508600474132,0.03141039470459809,0.0005168861041239571,0.0005168861041239571,0.016731220490638098,5935331.3099,0.00047845458121286664,False,False,False
POST-OUTCOME FIXED-TREATMENT LOCO INFLUENCE AUDIT,joint_F_G_between_family_G,4,0051,Marketing managers,0.030893508600474132,0.03018339211923676,-0.0007101164812373731,0.0007101164812373731,0.022985944731006524,61531214.76749831,0.0049601092265898076,False,False,False
POST-OUTCOME FIXED-TREATMENT LOCO INFLUENCE AUDIT,joint_F_G_between_family_G,5,0052,Sales managers,0.030893508600474132,0.03349863477197109,0.0026051261714969583,0.0026051261714969583,0.08432600534912944,56615257.53080169,0.004563827681695953,False,False,False
POST-OUTCOME FIXED-TREATMENT LOCO INFLUENCE AUDIT,joint_F_G_between_family_G,6,0101,Administrative services managers,0.030893508600474132,0.03062563670680384,-0.0002678718936702934,0.0002678718936702934,0.008670814867113614,7573779.980804389,0.0006105320056640967,False,False,False
POST-OUTCOME FIXED-TREATMENT LOCO INFLUENCE AUDIT,joint_F_G_between_family_G,7,0110,Computer and information systems managers,0.030893508600474132,0.03135032399317448,0.00045681539270034724,0.00045681539270034724,0.014786776037906435,73196787.07419997,0.005900485798880159,False,False,False
POST-OUTCOME FIXED-TREATMENT LOCO INFLUENCE AUDIT,joint_F_G_between_family_G,8,0120,Financial managers,0.030893508600474132,0.03208386389384628,0.0011903552933721466,0.0011903552933721466,0.03853091951342418,136513322.969,0.011004512024824132,False,False,False
POST-OUTCOME FIXED-TREATMENT LOCO INFLUENCE AUDIT,joint_F_G_between_family_G,9,0135,Compensation and benefits managers,0.030893508600474132,0.030862309454545392,-3.119914592874043e-05,3.119914592874043e-05,0.0010098932540236498,1882403.4917,0.00015174293182129638,False,False,False
POST-OUTCOME FIXED-TREATMENT LOCO INFLUENCE AUDIT,joint_F_G_between_family_G,10,0136,Human resources managers,0.030893508600474132,0.030709920917178023,-0.0001835876832961096,0.0001835876832961096,0.005942597380903898,31748562.348400004,0.002559291859104364,False,False,False
POST-OUTCOME FIXED-TREATMENT LOCO INFLUENCE AUDIT,joint_F_G_between_family_G,11,0137,Training and development managers,0.030893508600474132,0.03068411944180913,-0.00020938915866500207,0.00020938915866500207,0.006777772035313222,6074327.791900001,0.0004896592638351233,False,False,False
POST-OUTCOME FIXED-TREATMENT LOCO INFLUENCE AUDIT,joint_F_G_between_family_G,12,0140,Industrial production managers,0.030893508600474132,0.03092931332630083,3.580472582669775e-05,3.580472582669775e-05,0.0011589724653724906,29841071.7746,0.0024055266257916597,False,False,False
POST-OUTCOME FIXED-TREATMENT LOCO INFLUENCE AUDIT,joint_F_G_between_family_G,13,0150,Purchasing managers,0.030893508600474132,0.0311294785967023,0.00023596999622816847,0.00023596999622816847,0.00763817406691537,23339541.333599996,0.001881430014840422,False,False,False
POST-OUTCOME FIXED-TREATMENT LOCO INFLUENCE AUDIT,joint_F_G_between_family_G,14,0160,"Transportation, storage, and distribution managers",0.030893508600474132,0.03109792919758513,0.00020442059711099636,0.00020442059711099636,0.0066169433765078745,35421040.4427,0.0028553349739496806,False,False,False
POST-OUTCOME FIXED-TREATMENT LOCO INFLUENCE AUDIT,joint_F_G_between_family_G,15,0205,"Farmers, ranchers, and other agricultural managers",0.030893508600474132,0.030824269522490053,-6.923907798407972e-05,6.923907798407972e-05,0.0022412176900818924,68734878.5469,0.005540805696056144,False,False,False
POST-OUTCOME FIXED-TREATMENT LOCO INFLUENCE AUDIT,joint_F_G_between_family_G,16,0220,Construction managers,0.030893508600474132,0.029456901870841698,-0.0014366067296324343,0.0014366067296324343,0.04650189618185311,110207595.66039999,0.00888397399825386,False,False,False
POST-OUTCOME FIXED-TREATMENT LOCO INFLUENCE AUDIT,joint_F_G_between_family_G,17,0300,Architectural and engineering managers,0.030893508600474132,0.031076302549998987,0.00018279394952485511,0.00018279394952485511,0.005916904806404855,18525990.7127,0.0014934035970685646,False,False,False
POST-OUTCOME FIXED-TREATMENT LOCO INFLUENCE AUDIT,joint_F_G_between_family_G,18,0310,Food service managers,0.030893508600474132,0.03082302671405033,-7.048188642380313e-05,7.048188642380313e-05,0.002281446479106663,114701500.5035,0.009246233364656796,False,False,False
POST-OUTCOME FIXED-TREATMENT LOCO INFLUENCE AUDIT,joint_F_G_between_family_G,19,0335,Entertainment and recreation managers,0.030893508600474132,0.030057139242207535,-0.000836369358266597,0.000836369358266597,0.02707265688345159,6668857.184041919,0.0005375850318308436,False,False,False
POST-OUTCOME FIXED-TREATMENT LOCO INFLUENCE AUDIT,joint_F_G_between_family_G,20,0340,Lodging managers,0.030893508600474132,0.030889613583698777,-3.8950167753556975e-06,3.8950167753556975e-06,0.00012607880916756472,12956252.5859,0.00104441994581417,False,False,False
POST-OUTCOME FIXED-TREATMENT LOCO INFLUENCE AUDIT,joint_F_G_between_family_G,21,0350,Medical and health services managers,0.030893508600474132,0.030139612870093164,-0.0007538957303809685,0.0007538957303809685,0.024403046611850304,78936084.21919999,0.006363137817544547,False,False,False
POST-OUTCOME FIXED-TREATMENT LOCO INFLUENCE AUDIT,joint_F_G_between_family_G,22,0360,Natural sciences managers,0.030893508600474132,0.030632413348031528,-0.0002610952524426044,0.0002610952524426044,0.008451460007964174,2949020.3623999995,0.00023772426993701897,False,False,False
POST-OUTCOME FIXED-TREATMENT LOCO INFLUENCE AUDIT,joint_F_G_between_family_G,23,0410,"Property, real estate, and community association managers",0.030893508600474132,0.03150692056522154,0.0006134119647474047,0.0006134119647474047,0.01985569113176062,73106308.22850001,0.005893192184426692,False,False,False
POST-OUTCOME FIXED-TREATMENT LOCO INFLUENCE AUDIT,joint_F_G_between_family_G,24,0420,Social and community service managers,0.030893508600474132,0.030699365152803332,-0.00019414344767080052,0.00019414344767080052,0.006284279658278145,44291662.7407,0.003570407082832279,False,False,False
POST-OUTCOME FIXED-TREATMENT LOCO INFLUENCE AUDIT,joint_F_G_between_family_G,25,0425,Emergency management directors,0.030893508600474132,0.030924054443501,3.054584302686694e-05,3.054584302686694e-05,0.0009887463227921656,1553896.591,0.00012526157410200784,False,False,False
POST-OUTCOME FIXED-TREATMENT LOCO INFLUENCE AUDIT,joint_F_G_between_family_G,26,0426,"Personal service managers, all other",0.030893508600474132,0.03089349755486779,-1.1045606342768854e-08,1.1045606342768854e-08,3.575380992044178e-07,902018.6224884,7.27128646633486e-05,False,False,False
POST-OUTCOME FIXED-TREATMENT LOCO INFLUENCE AUDIT,joint_F_G_between_family_G,27,0440,"Managers, all other",0.030893508600474132,0.0310465738441076,0.0001530652436334684,0.0001530652436334684,0.004954608607683987,506074266.7158818,0.04079528819903996,False,False,False
POST-OUTCOME FIXED-TREATMENT LOCO INFLUENCE AUDIT,joint_F_G_between_family_G,28,0500,"Agents and business managers of artists, performers, and athletes",0.030893508600474132,0.03093924885288126,4.5740252407128895e-05,4.5740252407128895e-05,0.0014805781045674723,4691638.657699999,0.000378198939868408,False,False,False
POST-OUTCOME FIXED-TREATMENT LOCO INFLUENCE AUDIT,joint_F_G_between_family_G,29,0540,"Claims adjusters, appraisers, examiners, and investigators",0.030893508600474132,0.03107635622524034,0.0001828476247662074,0.0001828476247662074,0.005918642234226551,36657139.0862,0.0029549784526257767,False,False,False
POST-OUTCOME FIXED-TREATMENT LOCO INFLUENCE AUDIT,joint_F_G_between_family_G,30,0565,Compliance officers,0.030893508600474132,0.031114909829256188,0.00022140122878205534,0.00022140122878205534,0.007166593851326341,30322621.922500003,0.0024443449936833034,False,False,False
POST-OUTCOME FIXED-TREATMENT LOCO INFLUENCE AUDIT,joint_F_G_between_family_G,31,0600,Cost estimators,0.030893508600474132,0.03038635457982665,-0.000507154020647483,0.000507154020647483,0.016416200154089962,13025471.362699999,0.0010499997591618547,False,False,False
POST-OUTCOME FIXED-TREATMENT LOCO INFLUENCE AUDIT,joint_F_G_between_family_G,32,0630,Human resources workers,0.030893508600474132,0.029483799661944362,-0.0014097089385297704,0.0014097089385297704,0.04563123459884822,88405612.52579999,0.007126488499023864,False,False,False
POST-OUTCOME FIXED-TREATMENT LOCO INFLUENCE AUDIT,joint_F_G_between_family_G,33,0640,"Compensation, benefits, and job analysis specialists",0.030893508600474132,0.03068409357982537,-0.00020941502064876147,0.00020941502064876147,0.006778609168579431,6283316.2752,0.0005065060904122395,False,False,False
POST-OUTCOME FIXED-TREATMENT LOCO INFLUENCE AUDIT,joint_F_G_between_family_G,34,0650,Training and development specialists,0.030893508600474132,0.03097505144955756,8.154284908342899e-05,8.154284908342899e-05,0.002639481650918003,14932616.4718,0.00120373714412714,False,False,False
POST-OUTCOME FIXED-TREATMENT LOCO INFLUENCE AUDIT,joint_F_G_between_family_G,35,0700,Logisticians,0.030893508600474132,0.0311809151082774,0.00028740650780326865,0.00028740650780326865,0.009303135863268626,16883913.954600003,0.001361033707909108,False,False,False
POST-OUTCOME FIXED-TREATMENT LOCO INFLUENCE AUDIT,joint_F_G_between_family_G,36,0710,Management analysts,0.030893508600474132,0.030481872208637375,-0.00041163639183675743,0.00041163639183675743,0.01332436523025552,99046493.2692,0.007984263385377307,False,False,False
POST-OUTCOME FIXED-TREATMENT LOCO INFLUENCE AUDIT,joint_F_G_between_family_G,37,0725,"Meeting, convention, and event planners",0.030893508600474132,0.030872656477782198,-2.085212269193476e-05,2.085212269193476e-05,0.0006749677727318656,15007647.706200002,0.0012097855070505137,False,False,False
POST-OUTCOME FIXED-TREATMENT LOCO INFLUENCE AUDIT,joint_F_G_between_family_G,38,0726,Fundraisers,0.030893508600474132,0.030779367528441487,-0.00011414107203264537,0.00011414107203264537,0.003694661992224917,8744234.067799998,0.0007048837934216376,False,False,False
POST-OUTCOME FIXED-TREATMENT LOCO INFLUENCE AUDIT,joint_F_G_between_family_G,39,0735,Market research analysts and marketing specialists,0.030893508600474132,0.032317351119661615,0.0014238425191874828,0.0014238425191874828,0.04608872814030682,46146842.50759999,0.003719955475685461,False,False,False
POST-OUTCOME FIXED-TREATMENT LOCO INFLUENCE AUDIT,joint_F_G_between_family_G,40,0750,"Business operations specialists, all other",0.030893508600474132,0.03094057664520167,4.706804472753845e-05,4.706804472753845e-05,0.0015235577588884185,45352892.68859909,0.0036559541742719253,False,False,False
POST-OUTCOME FIXED-TREATMENT LOCO INFLUENCE AUDIT,joint_F_G_between_family_G,41,0800,Accountants and auditors,0.030893508600474132,0.03042317159563036,-0.00047033700484377244,0.00047033700484377244,0.01522446061165594,176276378.56960005,0.014209862345099607,False,False,False
POST-OUTCOME FIXED-TREATMENT LOCO INFLUENCE AUDIT,joint_F_G_between_family_G,42,0810,Property appraisers and assessors,0.030893508600474132,0.030934096848838886,4.05882483647535e-05,4.05882483647535e-05,0.0013138115482334881,7951568.490599999,0.0006409860163677279,False,False,False
POST-OUTCOME FIXED-TREATMENT LOCO INFLUENCE AUDIT,joint_F_G_between_family_G,43,0820,Budget analysts,0.030893508600474132,0.03071018338271003,-0.00018332521776410343,0.00018332521776410343,0.005934101565961009,5510425.741099998,0.00044420240465178353,False,False,False
POST-OUTCOME FIXED-TREATMENT LOCO INFLUENCE AUDIT,joint_F_G_between_family_G,44,0830,Credit analysts,0.030893508600474132,0.031000743948722438,0.00010723534824830586,0.00010723534824830586,0.0034711288262887718,3762474.5718,0.00030329784498667834,False,False,False
POST-OUTCOME FIXED-TREATMENT LOCO INFLUENCE AUDIT,joint_F_G_between_family_G,45,0850,Personal financial advisors,0.030893508600474132,0.031627855291631896,0.0007343466911577633,0.0007343466911577633,0.02377025868620481,53451588.3097,0.004308800295144932,False,False,False
POST-OUTCOME FIXED-TREATMENT LOCO INFLUENCE AUDIT,joint_F_G_between_family_G,46,0860,Insurance underwriters,0.030893508600474132,0.031032157458552673,0.0001386488580785404,0.0001386488580785404,0.004487960881089839,11761017.061799997,0.000948070494995789,False,False,False
POST-OUTCOME FIXED-TREATMENT LOCO INFLUENCE AUDIT,joint_F_G_between_family_G,47,0900,Financial examiners,0.030893508600474132,0.03093001336228774,3.650476181360843e-05,3.650476181360843e-05,0.001181632111965689,2008110.8465,0.00016187636105310528,False,False,False
POST-OUTCOME FIXED-TREATMENT LOCO INFLUENCE AUDIT,joint_F_G_between_family_G,48,0910,Credit counselors and loan officers,0.030893508600474132,0.03138744168541126,0.0004939330849371253,0.0004939330849371253,0.01598824825385954,37976448.82170001,0.0030613296829161292,False,False,False
POST-OUTCOME FIXED-TREATMENT LOCO INFLUENCE AUDIT,joint_F_G_between_family_G,49,0930,"Tax examiners and collectors, and revenue agents",0.030893508600474132,0.030902506418785818,8.997818311685946e-06,8.997818311685946e-06,0.00029125271681015386,5730081.7777,0.0004619091562238542,False,False,False
POST-OUTCOME FIXED-TREATMENT LOCO INFLUENCE AUDIT,joint_F_G_between_family_G,50,0940,Tax preparers,0.030893508600474132,0.03090981704134031,1.63084408661765e-05,1.63084408661765e-05,0.0005278921561510889,9633229.187500002,0.0007765468170150946,False,False,False
POST-OUTCOME FIXED-TREATMENT LOCO INFLUENCE AUDIT,joint_F_G_between_family_G,51,0960,Other financial specialists,0.030893508600474132,0.031164862727559552,0.00027135412708542,0.00027135412708542,0.008783532184533272,9161469.56049839,0.0007385176754246824,False,False,False
POST-OUTCOME FIXED-TREATMENT LOCO INFLUENCE AUDIT,joint_F_G_between_family_G,52,1005,Computer and information research scientists,0.030893508600474132,0.03096403083254582,7.05222320716882e-05,7.05222320716882e-05,0.0022827524378569897,3411889.3920000005,0.00027503672920012383,False,False,False
POST-OUTCOME FIXED-TREATMENT LOCO INFLUENCE AUDIT,joint_F_G_between_family_G,53,1006,Computer systems analysts,0.030893508600474132,0.030886808221770198,-6.70037870393464e-06,6.70037870393464e-06,0.00021688629771989728,57701141.0617,0.0046513621297149385,False,False,False
POST-OUTCOME FIXED-TREATMENT LOCO INFLUENCE AUDIT,joint_F_G_between_family_G,54,1007,Information security analysts,0.030893508600474132,0.03095490041292661,6.139181245247774e-05,6.139181245247774e-05,0.001987207514899604,18811900.115900002,0.0015164511165127964,False,False,False
POST-OUTCOME FIXED-TREATMENT LOCO INFLUENCE AUDIT,joint_F_G_between_family_G,55,1010,Computer programmers,0.030893508600474132,0.03540985434567183,0.004516345745197697,0.004516345745197697,0.14619076789252688,42655463.287499994,0.0034385109706715714,False,False,False
POST-OUTCOME FIXED-TREATMENT LOCO INFLUENCE AUDIT,joint_F_G_between_family_G,56,1031,Web developers,0.030893508600474132,0.03185776964351458,0.0009642610430404507,0.0009642610430404507,0.031212416029225372,9690938.968286278,0.0007811988756039604,False,False,False
POST-OUTCOME FIXED-TREATMENT LOCO INFLUENCE AUDIT,joint_F_G_between_family_G,57,1032,Web and digital interface designers,0.030893508600474132,0.031315512662392526,0.00042200406191839415,0.00042200406191839415,0.013659959034627666,7690093.575356871,0.0006199081919737214,False,False,False
POST-OUTCOME FIXED-TREATMENT LOCO INFLUENCE AUDIT,joint_F_G_between_family_G,58,1050,Computer support specialists,0.030893508600474132,0.030030448227527175,-0.0008630603729469569,0.0008630603729469569,0.027936625266762716,64361328.04389999,0.00518824824558394,False,False,False
POST-OUTCOME FIXED-TREATMENT LOCO INFLUENCE AUDIT,joint_F_G_between_family_G,59,1065,Database administrators and architects,0.030893508600474132,0.029928906713537,-0.0009646018869371338,0.0009646018869371338,0.03122344889380191,13147653.703592902,0.0010598490325538917,False,False,False
POST-OUTCOME FIXED-TREATMENT LOCO INFLUENCE AUDIT,joint_F_G_between_family_G,60,1105,Network and computer systems administrators,0.030893508600474132,0.03062799421258228,-0.000265514387891852,0.000265514387891852,0.008594504150550807,20453484.163000003,0.001648781287613925,False,False,False
POST-OUTCOME FIXED-TREATMENT LOCO INFLUENCE AUDIT,joint_F_G_between_family_G,61,1106,Computer network architects,0.030893508600474132,0.03099947059636958,0.00010596199589544761,0.00010596199589544761,0.003429911353410385,11361917.1873,0.0009158985481665527,False,False,False
POST-OUTCOME FIXED-TREATMENT LOCO INFLUENCE AUDIT,joint_F_G_between_family_G,62,1108,"Computer occupations, all other",0.030893508600474132,0.028384296377385827,-0.002509212223088305,0.002509212223088305,0.08122134185334311,96642372.4296887,0.007790464156758867,False,False,False
POST-OUTCOME FIXED-TREATMENT LOCO INFLUENCE AUDIT,joint_F_G_between_family_G,63,1200,Actuaries,0.030893508600474132,0.030237095482748014,-0.0006564131177261186,0.0006564131177261186,0.021247606615845648,3437671.3406,0.0002771150447609905,False,False,False
POST-OUTCOME FIXED-TREATMENT LOCO INFLUENCE AUDIT,joint_F_G_between_family_G,64,1220,Operations research analysts,0.030893508600474132,0.03100836302432103,0.00011485442384689612,0.00011485442384689612,0.0037177526622901424,15767367.009999998,0.0012710274432390905,False,False,False
POST-OUTCOME FIXED-TREATMENT LOCO INFLUENCE AUDIT,joint_F_G_between_family_G,65,1240,Other mathematical science occupations,0.030893508600474132,0.030855820139147665,-3.768846132646761e-05,3.768846132646761e-05,0.0012199475887918147,31955189.192799997,0.0025759483109758603,False,False,False
POST-OUTCOME FIXED-TREATMENT LOCO INFLUENCE AUDIT,joint_F_G_between_family_G,66,1305,"Architects, except landscape and naval",0.030893508600474132,0.030774517629541344,-0.0001189909709327884,0.0001189909709327884,0.0038516496287819574,20368537.751485754,0.0016419336496937313,False,False,False
POST-OUTCOME FIXED-TREATMENT LOCO INFLUENCE AUDIT,joint_F_G_between_family_G,67,1306,Landscape architects,0.030893508600474132,0.030783450152123436,-0.00011005844835069653,0.00011005844835069653,0.003562510486394136,3058596.62921425,0.0002465573517166383,False,False,False
POST-OUTCOME FIXED-TREATMENT LOCO INFLUENCE AUDIT,joint_F_G_between_family_G,68,1310,"Surveyors, cartographers, and photogrammetrists",0.030893508600474132,0.03092937979188526,3.587119141112635e-05,3.587119141112635e-05,0.0011611239071296624,4355476.4026,0.0003511004743261107,False,False,False
POST-OUTCOME FIXED-TREATMENT LOCO INFLUENCE AUDIT,joint_F_G_between_family_G,69,1320,Aerospace engineers,0.030893508600474132,0.0303604373105648,-0.0005330712899093322,0.0005330712899093322,0.01725512297108108,15994458.954799999,0.001289333612797792,False,False,False
POST-OUTCOME FIXED-TREATMENT LOCO INFLUENCE AUDIT,joint_F_G_between_family_G,70,1340,Bioengineers and biomedical engineers,0.030893508600474132,0.030895416919719133,1.908319245000345e-06,1.908319245000345e-06,6.177088105075438e-05,2609204.9492,0.00021033131868910924,False,False,False
POST-OUTCOME FIXED-TREATMENT LOCO INFLUENCE AUDIT,joint_F_G_between_family_G,71,1350,Chemical engineers,0.030893508600474132,0.031194281596932827,0.00030077299645869457,0.00030077299645869457,0.00973579920456424,8023596.7612,0.0006467923065722743,False,False,False
POST-OUTCOME FIXED-TREATMENT LOCO INFLUENCE AUDIT,joint_F_G_between_family_G,72,1360,Civil engineers,0.030893508600474132,0.029225716342167442,-0.0016677922583066898,0.0016677922583066898,0.05398520057644387,49024846.9927,0.003951955065725277,False,False,False
POST-OUTCOME FIXED-TREATMENT LOCO INFLUENCE AUDIT,joint_F_G_between_family_G,73,1400,Computer hardware engineers,0.030893508600474132,0.030529741903678378,-0.0003637666967957545,0.0003637666967957545,0.01177485864425809,8618146.867899999,0.0006947197443947817,False,False,False
POST-OUTCOME FIXED-TREATMENT LOCO INFLUENCE AUDIT,joint_F_G_between_family_G,74,1410,Electrical and electronics engineers,0.030893508600474132,0.03109539434739698,0.00020188574692284883,0.00020188574692284883,0.0065348921527077835,28381398.206400003,0.0022878604890057106,False,False,False
POST-OUTCOME FIXED-TREATMENT LOCO INFLUENCE AUDIT,joint_F_G_between_family_G,75,1420,Environmental engineers,0.030893508600474132,0.030735886818312037,-0.00015762178216209566,0.00015762178216209566,0.005102100386217595,3730685.3385,0.0003007352745906063,False,False,False
POST-OUTCOME FIXED-TREATMENT LOCO INFLUENCE AUDIT,joint_F_G_between_family_G,76,1430,"Industrial engineers, including health and safety",0.030893508600474132,0.030306266784863523,-0.0005872418156106091,0.0005872418156106091,0.019008582780448462,25815687.334100004,0.0020810352829937016,False,False,False
POST-OUTCOME FIXED-TREATMENT LOCO INFLUENCE AUDIT,joint_F_G_between_family_G,77,1440,Marine engineers and naval architects,0.030893508600474132,0.030765281286816003,-0.00012822731365812884,0.00012822731365812884,0.004150623204259839,1517351.7397999999,0.00012231564731823792,False,False,False
POST-OUTCOME FIXED-TREATMENT LOCO INFLUENCE AUDIT,joint_F_G_between_family_G,78,1450,Materials engineers,0.030893508600474132,0.030688663521362746,-0.00020484507911138622,0.00020484507911138622,0.00663068354457617,4925663.4491,0.0003970639749804247,False,False,False
POST-OUTCOME FIXED-TREATMENT LOCO INFLUENCE AUDIT,joint_F_G_between_family_G,79,1460,Mechanical engineers,0.030893508600474132,0.03141317987413943,0.0005196712736652946,0.0005196712736652946,0.016821374366565767,38835216.0955,0.003130556001531225,False,False,False
POST-OUTCOME FIXED-TREATMENT LOCO INFLUENCE AUDIT,joint_F_G_between_family_G,80,1520,Petroleum engineers,0.030893508600474132,0.031030560107044542,0.00013705150657040976,0.00013705150657040976,0.004436255795442619,2644448.7005,0.00021317236216051335,False,False,False
POST-OUTCOME FIXED-TREATMENT LOCO INFLUENCE AUDIT,joint_F_G_between_family_G,81,1530,"Engineers, all other",0.030893508600474132,0.030800972939640535,-9.25356608335974e-05,9.25356608335974e-05,0.002995310828248794,65320035.782800004,0.0052655308917869985,False,False,False
POST-OUTCOME FIXED-TREATMENT LOCO INFLUENCE AUDIT,joint_F_G_between_family_G,82,1541,Architectural and civil drafters,0.030893508600474132,0.030906593749855694,1.3085149381562161e-05,1.3085149381562161e-05,0.00042355659730281784,3950892.12560198,0.0003184864228588373,False,False,False
POST-OUTCOME FIXED-TREATMENT LOCO INFLUENCE AUDIT,joint_F_G_between_family_G,83,1551,Electrical and electronic engineering technologists and technicians,0.030893508600474132,0.030932461587359447,3.895298688531487e-05,3.895298688531487e-05,0.0012608793448833794,9581727.23296832,0.0007723951791703801,False,False,False
POST-OUTCOME FIXED-TREATMENT LOCO INFLUENCE AUDIT,joint_F_G_between_family_G,84,1560,Surveying and mapping technicians,0.030893508600474132,0.031007576440545807,0.00011406784007167436,0.00011406784007167436,0.0036922915278688588,6021298.2161,0.00048538448250337775,False,False,False
POST-OUTCOME FIXED-TREATMENT LOCO INFLUENCE AUDIT,joint_F_G_between_family_G,85,1600,Agricultural and food scientists,0.030893508600474132,0.030926905505351862,3.339690487772981e-05,3.339690487772981e-05,0.0010810330839928378,3036192.3712999998,0.00024475131608390653,False,False,False
POST-OUTCOME FIXED-TREATMENT LOCO INFLUENCE AUDIT,joint_F_G_between_family_G,86,1610,Biological scientists,0.030893508600474132,0.030785090697169674,-0.00010841790330445855,0.00010841790330445855,0.0035094072578986586,10644590.545,0.0008580739381633984,False,False,False
POST-OUTCOME FIXED-TREATMENT LOCO INFLUENCE AUDIT,joint_F_G_between_family_G,87,1640,Conservation scientists and foresters,0.030893508600474132,0.03094954083275627,5.6032232282138966e-05,5.6032232282138966e-05,0.0018137218729917593,2511741.4436999997,0.000202474661954588,False,False,False
POST-OUTCOME FIXED-TREATMENT LOCO INFLUENCE AUDIT,joint_F_G_between_family_G,88,1650,Medical scientists,0.030893508600474132,0.03183967259743609,0.0009461639969619608,0.0009461639969619608,0.030626628046625942,15021247.8293,0.001210881830214715,False,False,False
POST-OUTCOME FIXED-TREATMENT LOCO INFLUENCE AUDIT,joint_F_G_between_family_G,89,1700,Astronomers and physicists,0.030893508600474132,0.030875054985660677,-1.8453614813455227e-05,1.8453614813455227e-05,0.0005973298485485722,2022142.8628,0.00016300749967567725,False,False,False
POST-OUTCOME FIXED-TREATMENT LOCO INFLUENCE AUDIT,joint_F_G_between_family_G,90,1710,Atmospheric and space scientists,0.030893508600474132,0.030937954416603256,4.444581612912321e-05,4.444581612912321e-05,0.0014386781606424946,1168553.7367,9.419859811110507e-05,False,False,False
POST-OUTCOME FIXED-TREATMENT LOCO INFLUENCE AUDIT,joint_F_G_between_family_G,91,1720,Chemists and materials scientists,0.030893508600474132,0.030712541537735023,-0.00018096706273910967,0.00018096706273910967,0.005857769833768001,9803292.955599999,0.0007902558729544062,False,False,False
POST-OUTCOME FIXED-TREATMENT LOCO INFLUENCE AUDIT,joint_F_G_between_family_G,92,1745,"Environmental scientists and specialists, including health",0.030893508600474132,0.030631138620134748,-0.00026236998033938447,0.00026236998033938447,0.008492722006180864,4757849.96898312,0.00038353631760816115,False,False,False
POST-OUTCOME FIXED-TREATMENT LOCO INFLUENCE AUDIT,joint_F_G_between_family_G,93,1750,"Geoscientists and hydrologists, except geographers",0.030893508600474132,0.030992235435550228,9.872683507609545e-05,9.872683507609545e-05,0.003195714554564393,4598532.00361688,0.0003706934944498571,False,False,False
POST-OUTCOME FIXED-TREATMENT LOCO INFLUENCE AUDIT,joint_F_G_between_family_G,94,1760,"Physical scientists, all other",0.030893508600474132,0.03330900424920911,0.0024154956487349756,0.0024154956487349756,0.07818780572880299,38703306.8778,0.0031199226322688386,False,False,False
POST-OUTCOME FIXED-TREATMENT LOCO INFLUENCE AUDIT,joint_F_G_between_family_G,95,1800,Economists,0.030893508600474132,0.030888594326346917,-4.914274127215679e-06,4.914274127215679e-06,0.0001590714149942897,2921246.5148,0.0002354853848725976,False,False,False
POST-OUTCOME FIXED-TREATMENT LOCO INFLUENCE AUDIT,joint_F_G_between_family_G,96,1821,Clinical and counseling psychologists,0.030893508600474132,0.03105183666454718,0.0001583280640730482,0.0001583280640730482,0.005124962208747578,1986389.6862170696,0.0001601253907864089,False,False,False
POST-OUTCOME FIXED-TREATMENT LOCO INFLUENCE AUDIT,joint_F_G_between_family_G,97,1822,School psychologists,0.030893508600474132,0.031180772657806468,0.0002872640573323357,0.0002872640573323357,0.009298524846994134,4846910.66326573,0.0003907156130780599,False,False,False
POST-OUTCOME FIXED-TREATMENT LOCO INFLUENCE AUDIT,joint_F_G_between_family_G,98,1825,Other psychologists,0.030893508600474132,0.03062100746256253,-0.00027250113791160366,0.00027250113791160366,0.00882066007573583,12905119.7490172,0.0010402980630110686,False,False,False
POST-OUTCOME FIXED-TREATMENT LOCO INFLUENCE AUDIT,joint_F_G_between_family_G,99,1840,Urban and regional planners,0.030893508600474132,0.031158982154953736,0.0002654735544796033,0.0002654735544796033,0.008593182403229168,3642562.918499999,0.00029363161460009514,False,False,False
POST-OUTCOME FIXED-TREATMENT LOCO INFLUENCE AUDIT,joint_F_G_between_family_G,100,1860,Miscellaneous social scientists and related workers,0.030893508600474132,0.03106373679944187,0.00017022819896773608,0.00017022819896773608,0.005510160764489002,5239147.0459,0.0004223342851270329,False,False,False
POST-OUTCOME FIXED-TREATMENT LOCO INFLUENCE AUDIT,joint_F_G_between_family_G,101,1900,Agricultural and food science technicians,0.030893508600474132,0.030877655206860866,-1.585339361326668e-05,1.585339361326668e-05,0.0005131626134890801,3850678.1928,0.00031040805069273937,False,False,False
POST-OUTCOME FIXED-TREATMENT LOCO INFLUENCE AUDIT,joint_F_G_between_family_G,102,1910,Biological technicians,0.030893508600474132,0.030883658774546185,-9.849825927946837e-06,9.849825927946837e-06,0.00031883157252639375,2352643.5749000004,0.0001896495810595089,False,False,False
POST-OUTCOME FIXED-TREATMENT LOCO INFLUENCE AUDIT,joint_F_G_between_family_G,103,1920,Chemical technicians,0.030893508600474132,0.030872552821341458,-2.095577913267463e-05,2.095577913267463e-05,0.0006783230549719112,6218448.614799999,0.000501277026073544,False,False,False
POST-OUTCOME FIXED-TREATMENT LOCO INFLUENCE AUDIT,joint_F_G_between_family_G,104,1970,"Other life, physical, and social science technicians",0.030893508600474132,0.030980963685303252,8.74550848291196e-05,8.74550848291196e-05,0.0028308563446165966,25477480.78704693,0.002053772024485483,False,False,False
POST-OUTCOME FIXED-TREATMENT LOCO INFLUENCE AUDIT,joint_F_G_between_family_G,105,1980,Occupational health and safety specialists and technicians,0.030893508600474132,0.031367487562507144,0.0004739789620330122,0.0004739789620330122,0.015342348069384967,7257526.54102532,0.0005850384149635681,False,False,False
POST-OUTCOME FIXED-TREATMENT LOCO INFLUENCE AUDIT,joint_F_G_between_family_G,106,2002,"Educational, guidance, and career counselors and advisors",0.030893508600474132,0.03111359495786453,0.00022008635739039634,0.00022008635739039634,0.00712403243790246,37755221.382116765,0.003043496258557485,False,False,False
POST-OUTCOME FIXED-TREATMENT LOCO INFLUENCE AUDIT,joint_F_G_between_family_G,107,2003,Marriage and family therapists,0.030893508600474132,0.030925656643998628,3.214804352449571e-05,3.214804352449571e-05,0.0010406083666392727,3774914.0073693004,0.0003043006036576066,False,False,False
POST-OUTCOME FIXED-TREATMENT LOCO INFLUENCE AUDIT,joint_F_G_between_family_G,108,2005,Rehabilitation counselors,0.030893508600474132,0.03102879928763271,0.00013529068715857628,0.00013529068715857628,0.004379259374783347,2315758.5551624,0.0001866762328586855,False,False,False
POST-OUTCOME FIXED-TREATMENT LOCO INFLUENCE AUDIT,joint_F_G_between_family_G,109,2011,"Child, family, and school social workers",0.030893508600474132,0.03076987040149599,-0.00012363819897814182,0.00012363819897814182,0.0040020769598259325,9083543.658023462,0.0007322359696381684,False,False,False
POST-OUTCOME FIXED-TREATMENT LOCO INFLUENCE AUDIT,joint_F_G_between_family_G,110,2012,Healthcare social workers,0.030893508600474132,0.030911059209554,1.7550609079867996e-05,1.7550609079867996e-05,0.0005681002215332266,9311173.45211329,0.0007505854959099637,False,False,False
POST-OUTCOME FIXED-TREATMENT LOCO INFLUENCE AUDIT,joint_F_G_between_family_G,111,2013,Mental health and substance abuse social workers,0.030893508600474132,0.030796284188534327,-9.72244119398051e-05,9.72244119398051e-05,0.003147082230029158,2782328.32975292,0.00022428701386697434,False,False,False
POST-OUTCOME FIXED-TREATMENT LOCO INFLUENCE AUDIT,joint_F_G_between_family_G,112,2015,Probation officers and correctional treatment specialists,0.030893508600474132,0.03091439533031175,2.0886729837618634e-05,2.0886729837618634e-05,0.0006760879804146971,9015925.8345,0.0007267852111636615,False,False,False
POST-OUTCOME FIXED-TREATMENT LOCO INFLUENCE AUDIT,joint_F_G_between_family_G,113,2016,Social and human service assistants,0.030893508600474132,0.03088626901187884,-7.239588595293195e-06,7.239588595293195e-06,0.00023434012267490028,22244468.4702,0.001793154803079,False,False,False
POST-OUTCOME FIXED-TREATMENT LOCO INFLUENCE AUDIT,joint_F_G_between_family_G,114,2040,Clergy,0.030893508600474132,0.031518551691649695,0.0006250430911755624,0.0006250430911755624,0.020232182082612966,36498125.4148,0.0029421601589898505,False,False,False
POST-OUTCOME FIXED-TREATMENT LOCO INFLUENCE AUDIT,joint_F_G_between_family_G,115,2050,"Directors, religious activities and education",0.030893508600474132,0.030891385557871954,-2.1230426021784377e-06,2.1230426021784377e-06,6.872131714252277e-05,6861000.7501,0.0005530739682744967,False,False,False
POST-OUTCOME FIXED-TREATMENT LOCO INFLUENCE AUDIT,joint_F_G_between_family_G,116,2100,Lawyers,0.030893508600474132,0.03066311160847856,-0.00023039699199557326,0.00023039699199557326,0.00745778004613038,115976127.9793,0.009348982701348261,False,False,False
POST-OUTCOME FIXED-TREATMENT LOCO INFLUENCE AUDIT,joint_F_G_between_family_G,117,2105,Judicial law clerks,0.030893508600474132,0.030854955956969573,-3.855264350455939e-05,3.855264350455939e-05,0.0012479205260605367,1706941.9707000002,0.00013759875617789125,False,False,False
POST-OUTCOME FIXED-TREATMENT LOCO INFLUENCE AUDIT,joint_F_G_between_family_G,118,2145,Paralegals and legal assistants,0.030893508600474132,0.030227662154321662,-0.0006658464461524703,0.0006658464461524703,0.02155295647261805,44390500.05459999,0.0035783744840035244,False,False,False
POST-OUTCOME FIXED-TREATMENT LOCO INFLUENCE AUDIT,joint_F_G_between_family_G,119,2170,"Title examiners, abstractors, and searchers",0.030893508600474132,0.030866819949042047,-2.6688651432085764e-05,2.6688651432085764e-05,0.0008638918867142259,9657175.97804208,0.0007784771981584507,False,False,False
POST-OUTCOME FIXED-TREATMENT LOCO INFLUENCE AUDIT,joint_F_G_between_family_G,120,2300,Preschool and kindergarten teachers,0.030893508600474132,0.030179374381159224,-0.0007141342193149082,0.0007141342193149082,0.023115995937863405,63386703.8802,0.005109682556200228,False,False,False
POST-OUTCOME FIXED-TREATMENT LOCO INFLUENCE AUDIT,joint_F_G_between_family_G,121,2310,Elementary and middle school teachers,0.030893508600474132,0.029200344307444236,-0.001693164293029896,0.001693164293029896,0.05480647455510801,352375505.67820007,0.02840543622522327,False,False,False
POST-OUTCOME FIXED-TREATMENT LOCO INFLUENCE AUDIT,joint_F_G_between_family_G,122,2320,Secondary school teachers,0.030893508600474132,0.03041009834157974,-0.0004834102588943921,0.0004834102588943921,0.015647632165903393,97805013.1318,0.00788418609765572,False,False,False
POST-OUTCOME FIXED-TREATMENT LOCO INFLUENCE AUDIT,joint_F_G_between_family_G,123,2330,Special education teachers,0.030893508600474132,0.03077013815198508,-0.00012337044848905257,0.00012337044848905257,0.00399341007473522,36486901.833900005,0.0029412554119051747,False,False,False
POST-OUTCOME FIXED-TREATMENT LOCO INFLUENCE AUDIT,joint_F_G_between_family_G,124,2400,"Archivists, curators, and museum technicians",0.030893508600474132,0.030904816467801285,1.1307867327153137e-05,1.1307867327153137e-05,0.00036602729309223207,5888564.773600001,0.0004746846714349794,False,False,False
POST-OUTCOME FIXED-TREATMENT LOCO INFLUENCE AUDIT,joint_F_G_between_family_G,125,2440,Library technicians,0.030893508600474132,0.030507421662927803,-0.00038608693754632953,0.00038608693754632953,0.012497348311560965,2643117.3089,0.0002130650369958093,False,False,False
POST-OUTCOME FIXED-TREATMENT LOCO INFLUENCE AUDIT,joint_F_G_between_family_G,126,2631,Commercial and industrial designers,0.030893508600474132,0.031012735011402757,0.00011922641092862452,0.00011922641092862452,0.0038592706471285917,1750436.0335694707,0.00014110486772397261,False,False,False
POST-OUTCOME FIXED-TREATMENT LOCO INFLUENCE AUDIT,joint_F_G_between_family_G,127,2632,Fashion designers,0.030893508600474132,0.031016564828852827,0.0001230562283786943,0.0001230562283786943,0.003983239002409902,3399369.3626386453,0.0002740274737614479,False,False,False
POST-OUTCOME FIXED-TREATMENT LOCO INFLUENCE AUDIT,joint_F_G_between_family_G,128,2633,Floral designers,0.030893508600474132,0.030881469150688987,-1.203944978514504e-05,1.203944978514504e-05,0.0003897080755974822,5805937.379742183,0.00046802397246792897,False,False,False
POST-OUTCOME FIXED-TREATMENT LOCO INFLUENCE AUDIT,joint_F_G_between_family_G,129,2634,Graphic designers,0.030893508600474132,0.03131494498512659,0.00042143638465245645,0.00042143638465245645,0.013641583741834638,31086341.3573062,0.002505909385503325,False,False,False
POST-OUTCOME FIXED-TREATMENT LOCO INFLUENCE AUDIT,joint_F_G_between_family_G,130,2635,Interior designers,0.030893508600474132,0.030198963234564804,-0.0006945453659093284,0.0006945453659093284,0.022481919256612665,11256977.55884928,0.000907439231683364,False,False,False
POST-OUTCOME FIXED-TREATMENT LOCO INFLUENCE AUDIT,joint_F_G_between_family_G,131,2636,Merchandise displayers and window trimmers,0.030893508600474132,0.030907302874258073,1.3794273783940963e-05,1.3794273783940963e-05,0.0004465104291757026,2346788.600143905,0.0001891776041219676,False,False,False
POST-OUTCOME FIXED-TREATMENT LOCO INFLUENCE AUDIT,joint_F_G_between_family_G,132,2700,Actors,0.030893508600474132,0.03079678338588519,-9.672521458894273e-05,9.672521458894273e-05,0.003130923581384934,3970492.1782000004,0.0003200664079460883,False,False,False
POST-OUTCOME FIXED-TREATMENT LOCO INFLUENCE AUDIT,joint_F_G_between_family_G,133,2710,Producers and directors,0.030893508600474132,0.030935864533231484,4.235593275735139e-05,4.235593275735139e-05,0.0013710301832373076,19180570.944399998,0.0015461701393685464,False,False,False
POST-OUTCOME FIXED-TREATMENT LOCO INFLUENCE AUDIT,joint_F_G_between_family_G,134,2721,Athletes and sports competitors,0.030893508600474132,0.030916000677476314,2.2492077002181365e-05,2.2492077002181365e-05,0.0007280518795406804,3110559.7900124006,0.000250746167983172,False,False,False
POST-OUTCOME FIXED-TREATMENT LOCO INFLUENCE AUDIT,joint_F_G_between_family_G,135,2722,Coaches and scouts,0.030893508600474132,0.03113232018109517,0.00023881158062103933,0.00023881158062103933,0.007730154049817903,22168218.806512758,0.0017870082210261582,False,False,False
POST-OUTCOME FIXED-TREATMENT LOCO INFLUENCE AUDIT,joint_F_G_between_family_G,136,2723,"Umpires, referees, and other sports officials",0.030893508600474132,0.03088153879452262,-1.1969805951510953e-05,1.1969805951510953e-05,0.00038745375626668866,2069554.55267484,0.00016682941610110476,False,False,False
POST-OUTCOME FIXED-TREATMENT LOCO INFLUENCE AUDIT,joint_F_G_between_family_G,137,2740,Dancers and choreographers,0.030893508600474132,0.03079566952135614,-9.783907911799228e-05,9.783907911799228e-05,0.00316697855149061,1528476.8542,0.00012321245689352127,False,False,False
POST-OUTCOME FIXED-TREATMENT LOCO INFLUENCE AUDIT,joint_F_G_between_family_G,138,2751,Music directors and composers,0.030893508600474132,0.0315377282286834,0.0006442196282092673,0.0006442196282092673,0.02085291238818307,4332255.77170192,0.0003492286298322224,False,False,False
POST-OUTCOME FIXED-TREATMENT LOCO INFLUENCE AUDIT,joint_F_G_between_family_G,139,2752,Musicians and singers,0.030893508600474132,0.03059585692543277,-0.00029765167504136256,0.00029765167504136256,0.009634764341295777,12777976.91239808,0.0010300489177700355,False,False,False
POST-OUTCOME FIXED-TREATMENT LOCO INFLUENCE AUDIT,joint_F_G_between_family_G,140,2805,Broadcast announcers and radio disc jockeys,0.030893508600474132,0.03110263960884652,0.0002091310083723874,0.0002091310083723874,0.006769415901474454,2782845.53450915,0.0002243287063980434,False,False,False
POST-OUTCOME FIXED-TREATMENT LOCO INFLUENCE AUDIT,joint_F_G_between_family_G,141,2810,"News analysts, reporters, and journalists",0.030893508600474132,0.030304645311906592,-0.0005888632885675399,0.0005888632885675399,0.019061068659533945,7765463.031100001,0.0006259838193483335,False,False,False
POST-OUTCOME FIXED-TREATMENT LOCO INFLUENCE AUDIT,joint_F_G_between_family_G,142,2825,Public relations specialists,0.030893508600474132,0.030898154396391295,4.645795917163076e-06,4.645795917163076e-06,0.00015038097411479431,13210104.538299998,0.0010648832735096305,False,False,False
POST-OUTCOME FIXED-TREATMENT LOCO INFLUENCE AUDIT,joint_F_G_between_family_G,143,2830,Editors,0.030893508600474132,0.030872753528469615,-2.0755072004517705e-05,2.0755072004517705e-05,0.0006718263138360131,12172124.2502,0.0009812103666203835,False,False,False
POST-OUTCOME FIXED-TREATMENT LOCO INFLUENCE AUDIT,joint_F_G_between_family_G,144,2840,Technical writers,0.030893508600474132,0.030490779971628718,-0.00040272862884541474,0.00040272862884541474,0.013036027537488375,6364895.9709,0.0005130823331026032,False,False,False
POST-OUTCOME FIXED-TREATMENT LOCO INFLUENCE AUDIT,joint_F_G_between_family_G,145,2850,Writers and authors,0.030893508600474132,0.03159482094348464,0.000701312343010508,0.000701312343010508,0.022700961295142263,22745590.7624,0.0018335509063346115,False,False,False
POST-OUTCOME FIXED-TREATMENT LOCO INFLUENCE AUDIT,joint_F_G_between_family_G,146,2861,Interpreters and translators,0.030893508600474132,0.030668432162925325,-0.00022507643754880735,0.00022507643754880735,0.00728555763800014,9336842.184060289,0.0007526546849329054,False,False,False
POST-OUTCOME FIXED-TREATMENT LOCO INFLUENCE AUDIT,joint_F_G_between_family_G,147,2862,Court reporters and simultaneous captioners,0.030893508600474132,0.03062332813769451,-0.000270180462779622,0.000270180462779622,0.0087455415399297,2825072.5478940797,0.00022773267947891546,False,False,False
POST-OUTCOME FIXED-TREATMENT LOCO INFLUENCE AUDIT,joint_F_G_between_family_G,148,2910,Photographers,0.030893508600474132,0.030951317802346116,5.780920187198335e-05,5.780920187198335e-05,0.0018712410629557349,19933908.238100003,0.0016068976136323786,False,False,False
POST-OUTCOME FIXED-TREATMENT LOCO INFLUENCE AUDIT,joint_F_G_between_family_G,149,2920,"Television, video, and film camera operators and editors",0.030893508600474132,0.030919629249939136,2.6120649465003615e-05,2.6120649465003615e-05,0.0008455060835855573,10459357.4858,0.0008431420664381438,False,False,False
POST-OUTCOME FIXED-TREATMENT LOCO INFLUENCE AUDIT,joint_F_G_between_family_G,150,3000,Chiropractors,0.030893508600474132,0.0307601953896899,-0.0001333132107842333,0.0001333132107842333,0.00431524992865936,5573872.799299999,0.0004493169524462151,False,False,False
POST-OUTCOME FIXED-TREATMENT LOCO INFLUENCE AUDIT,joint_F_G_between_family_G,151,3030,Dietitians and nutritionists,0.030893508600474132,0.030670435568688655,-0.00022307303178547774,0.00022307303178547774,0.007220708876752645,12300577.713999998,0.000991565163179972,False,False,False
POST-OUTCOME FIXED-TREATMENT LOCO INFLUENCE AUDIT,joint_F_G_between_family_G,152,3040,Optometrists,0.030893508600474132,0.030892336892954248,-1.1717075198841576e-06,1.1717075198841576e-06,3.792730489233505e-05,4245136.1147,0.00034220580383820644,False,False,False
POST-OUTCOME FIXED-TREATMENT LOCO INFLUENCE AUDIT,joint_F_G_between_family_G,153,3050,Pharmacists,0.030893508600474132,0.031047614362831308,0.00015410576235717552,0.00015410576235717552,0.004988289428375591,35185848.4153,0.0028363758464639787,False,False,False
POST-OUTCOME FIXED-TREATMENT LOCO INFLUENCE AUDIT,joint_F_G_between_family_G,154,3070,Radiologists,0.030893508600474132,0.030893515594474407,6.994000274762602e-09,6.994000274762602e-09,2.2639061057167404e-07,800470.03206834,6.452690405468878e-05,False,False,False
POST-OUTCOME FIXED-TREATMENT LOCO INFLUENCE AUDIT,joint_F_G_between_family_G,155,3110,Physician assistants,0.030893508600474132,0.031048731728429785,0.0001552231279556525,0.0001552231279556525,0.005024457725506459,15948698.407499999,0.0012856447970685044,False,False,False
POST-OUTCOME FIXED-TREATMENT LOCO INFLUENCE AUDIT,joint_F_G_between_family_G,156,3140,Audiologists,0.030893508600474132,0.030909408052755397,1.5899452281264298e-05,1.5899452281264298e-05,0.0005146534984705585,1766265.0133,0.00014238086184672105,False,False,False
POST-OUTCOME FIXED-TREATMENT LOCO INFLUENCE AUDIT,joint_F_G_between_family_G,157,3150,Occupational therapists,0.030893508600474132,0.031042917103826003,0.00014940850335187078,0.00014940850335187078,0.004836242632200661,14406007.3173,0.001161286512591391,False,False,False
POST-OUTCOME FIXED-TREATMENT LOCO INFLUENCE AUDIT,joint_F_G_between_family_G,158,3160,Physical therapists,0.030893508600474132,0.030925774060744177,3.226546027004437e-05,3.226546027004437e-05,0.001044409059757919,31258937.666699998,0.002519822592806876,False,False,False
POST-OUTCOME FIXED-TREATMENT LOCO INFLUENCE AUDIT,joint_F_G_between_family_G,159,3200,Radiation therapists,0.030893508600474132,0.03089863647896156,5.127878487429238e-06,5.127878487429238e-06,0.00016598562998281584,1336101.9675,0.00010770487339967383,False,False,False
POST-OUTCOME FIXED-TREATMENT LOCO INFLUENCE AUDIT,joint_F_G_between_family_G,160,3210,Recreational therapists,0.030893508600474132,0.03087517335448176,-1.8335245992373572e-05,1.8335245992373572e-05,0.0005934983374498348,1453245.4704,0.00011714795967328102,False,False,False
POST-OUTCOME FIXED-TREATMENT LOCO INFLUENCE AUDIT,joint_F_G_between_family_G,161,3220,Respiratory therapists,0.030893508600474132,0.030901872219653674,8.363619179541787e-06,8.363619179541787e-06,0.0002707241604604738,10650683.653900001,0.0008585651113961667,False,False,False
POST-OUTCOME FIXED-TREATMENT LOCO INFLUENCE AUDIT,joint_F_G_between_family_G,162,3230,Speech-language pathologists,0.030893508600474132,0.030975391102100475,8.188250162634303e-05,8.188250162634303e-05,0.0026504759522551075,19110404.8168,0.0015405139588719008,False,False,False
POST-OUTCOME FIXED-TREATMENT LOCO INFLUENCE AUDIT,joint_F_G_between_family_G,163,3250,Veterinarians,0.030893508600474132,0.030918253006968984,2.4744406494851823e-05,2.4744406494851823e-05,0.0008009581176050707,9223157.647900002,0.0007434904303531782,False,False,False
POST-OUTCOME FIXED-TREATMENT LOCO INFLUENCE AUDIT,joint_F_G_between_family_G,164,3255,Registered nurses,0.030893508600474132,0.03021316129756731,-0.0006803473029068224,0.0006803473029068224,0.022022338469395508,345289598.2755,0.02783423224656464,False,False,False
POST-OUTCOME FIXED-TREATMENT LOCO INFLUENCE AUDIT,joint_F_G_between_family_G,165,3258,Nurse practitioners,0.030893508600474132,0.030869404708117873,-2.4103892356259343e-05,2.4103892356259343e-05,0.0007802251491722573,27230898.947600003,0.0021951172852460975,False,False,False
POST-OUTCOME FIXED-TREATMENT LOCO INFLUENCE AUDIT,joint_F_G_between_family_G,166,3261,Acupuncturists,0.030893508600474132,0.030946626703152562,5.311810267842956e-05,5.311810267842956e-05,0.0017193936553264895,2104631.7117125,0.00016965703035904978,False,False,False
POST-OUTCOME FIXED-TREATMENT LOCO INFLUENCE AUDIT,joint_F_G_between_family_G,167,3270,"Healthcare diagnosing or treating practitioners, all other",0.030893508600474132,0.030895146912714107,1.6383122399751815e-06,1.6383122399751815e-06,5.3030954209909254e-05,1301139.4795874998,0.00010488650292649849,False,False,False
POST-OUTCOME FIXED-TREATMENT LOCO INFLUENCE AUDIT,joint_F_G_between_family_G,168,3310,Dental hygienists,0.030893508600474132,0.030877679256236086,-1.5829344238046245e-05,1.5829344238046245e-05,0.0005123841530192303,20258517.324400004,0.0016330647635915568,False,False,False
POST-OUTCOME FIXED-TREATMENT LOCO INFLUENCE AUDIT,joint_F_G_between_family_G,169,3321,Cardiovascular technologists and technicians,0.030893508600474132,0.030896667623752355,3.159023278222206e-06,3.159023278222206e-06,0.0001022552445912124,4771818.762860759,0.0003846623597911184,False,False,False
POST-OUTCOME FIXED-TREATMENT LOCO INFLUENCE AUDIT,joint_F_G_between_family_G,170,3322,Diagnostic medical sonographers,0.030893508600474132,0.030927149760512515,3.364116003838277e-05,3.364116003838277e-05,0.00108893944269789,9901756.685240556,0.000798193159024899,False,False,False
POST-OUTCOME FIXED-TREATMENT LOCO INFLUENCE AUDIT,joint_F_G_between_family_G,171,3323,Radiologic technologists and technicians,0.030893508600474132,0.031170860983960522,0.00027735238348639,0.00027735238348639,0.008977691303154003,24306064.042260237,0.0019593426356630246,False,False,False
POST-OUTCOME FIXED-TREATMENT LOCO INFLUENCE AUDIT,joint_F_G_between_family_G,172,3324,Magnetic resonance imaging technologists,0.030893508600474132,0.030896061921908538,2.5533214344057586e-06,2.5533214344057586e-06,8.264912436545236e-05,4836634.15155789,0.0003898872104415798,False,False,False
POST-OUTCOME FIXED-TREATMENT LOCO INFLUENCE AUDIT,joint_F_G_between_family_G,173,3330,Nuclear medicine technologists and medical dosimetrists,0.030893508600474132,0.03089953674684346,6.028146369328052e-06,6.028146369328052e-06,0.00019512663476609892,3293112.062778285,0.0002654619381154933,False,False,False
POST-OUTCOME FIXED-TREATMENT LOCO INFLUENCE AUDIT,joint_F_G_between_family_G,174,3421,Pharmacy technicians,0.030893508600474132,0.031533606702992205,0.0006400981025180726,0.0006400981025180726,0.02071950165311585,35334440.43467765,0.0028483540375186765,False,False,False
POST-OUTCOME FIXED-TREATMENT LOCO INFLUENCE AUDIT,joint_F_G_between_family_G,175,3422,Psychiatric technicians,0.030893508600474132,0.030167718224803738,-0.0007257903756703946,0.0007257903756703946,0.02349329708893135,8599326.71619727,0.000693202628107394,False,False,False
POST-OUTCOME FIXED-TREATMENT LOCO INFLUENCE AUDIT,joint_F_G_between_family_G,176,3423,Surgical technologists,0.030893508600474132,0.032154498889636986,0.0012609902891628534,0.0012609902891628534,0.04081732202937612,10593739.284380535,0.0008539747535798436,False,False,False
POST-OUTCOME FIXED-TREATMENT LOCO INFLUENCE AUDIT,joint_F_G_between_family_G,177,3424,Veterinary technologists and technicians,0.030893508600474132,0.03047703327023811,-0.00041647533023602204,0.00041647533023602204,0.013480998083514226,12999681.675706852,0.0010479208197993063,False,False,False
POST-OUTCOME FIXED-TREATMENT LOCO INFLUENCE AUDIT,joint_F_G_between_family_G,178,3430,Dietetic technicians and ophthalmic medical technicians,0.030893508600474132,0.030890087248362407,-3.4213521117251733e-06,3.4213521117251733e-06,0.00011074663470476334,4364605.591385154,0.000351836389807312,False,False,False
POST-OUTCOME FIXED-TREATMENT LOCO INFLUENCE AUDIT,joint_F_G_between_family_G,179,3500,Licensed practical and licensed vocational nurses,0.030893508600474132,0.030893674195760026,1.655952858933829e-07,1.655952858933829e-07,5.360196798457572e-06,58953827.0837,0.004752342738000025,False,False,False
POST-OUTCOME FIXED-TREATMENT LOCO INFLUENCE AUDIT,joint_F_G_between_family_G,180,3520,"Opticians, dispensing",0.030893508600474132,0.030867627360235197,-2.5881240238934816e-05,2.5881240238934816e-05,0.000837756584195089,4787206.8434999995,0.0003859028124791827,False,False,False
POST-OUTCOME FIXED-TREATMENT LOCO INFLUENCE AUDIT,joint_F_G_between_family_G,181,3601,Home health aides,0.030893508600474132,0.033511028641645624,0.0026175200411714915,0.0026175200411714915,0.08472718573413573,53926562.3460587,0.004347088554348581,False,False,False
POST-OUTCOME FIXED-TREATMENT LOCO INFLUENCE AUDIT,joint_F_G_between_family_G,182,3602,Personal care aides,0.030893508600474132,0.03039312990275837,-0.0005003786977157629,0.0005003786977157629,0.016196887967204976,136914965.6572,0.011036888951089294,False,False,False
POST-OUTCOME FIXED-TREATMENT LOCO INFLUENCE AUDIT,joint_F_G_between_family_G,183,3603,Nursing assistants,0.030893508600474132,0.030805828255814703,-8.768034465942917e-05,8.768034465942917e-05,0.00283814783854248,128183213.34725654,0.01033301132799181,False,False,False
POST-OUTCOME FIXED-TREATMENT LOCO INFLUENCE AUDIT,joint_F_G_between_family_G,184,3605,Orderlies and psychiatric aides,0.030893508600474132,0.030871531163382097,-2.197743709203559e-05,2.197743709203559e-05,0.0007113933666860453,5646881.1909847595,0.00045520225145392044,False,False,False
POST-OUTCOME FIXED-TREATMENT LOCO INFLUENCE AUDIT,joint_F_G_between_family_G,185,3610,Occupational therapy assistants and aides,0.030893508600474132,0.030904206191242296,1.069759076816404e-05,1.069759076816404e-05,0.00034627309272342927,3346660.5036,0.0002697785458144134,False,False,False
POST-OUTCOME FIXED-TREATMENT LOCO INFLUENCE AUDIT,joint_F_G_between_family_G,186,3620,Physical therapist assistants and aides,0.030893508600474132,0.03090009343511088,6.584834636749054e-06,6.584834636749054e-06,0.00021314622181334218,9183252.474700002,0.0007402736237530501,False,False,False
POST-OUTCOME FIXED-TREATMENT LOCO INFLUENCE AUDIT,joint_F_G_between_family_G,187,3630,Massage therapists,0.030893508600474132,0.030543123044846077,-0.00035038555562805565,0.00035038555562805565,0.011341721011988848,16363782.897400003,0.0013191052840091076,False,False,False
POST-OUTCOME FIXED-TREATMENT LOCO INFLUENCE AUDIT,joint_F_G_between_family_G,188,3640,Dental assistants,0.030893508600474132,0.03121335398232839,0.0003198453818542592,0.0003198453818542592,0.010353158198721088,29201135.9606,0.0023539405885674557,False,False,False
POST-OUTCOME FIXED-TREATMENT LOCO INFLUENCE AUDIT,joint_F_G_between_family_G,189,3645,Medical assistants,0.030893508600474132,0.03104892019543616,0.0001554115949620287,0.0001554115949620287,0.005030558262962839,58867724.158199996,0.0047454018720213065,False,False,False
POST-OUTCOME FIXED-TREATMENT LOCO INFLUENCE AUDIT,joint_F_G_between_family_G,190,3646,Medical transcriptionists,0.030893508600474132,0.03264691450390205,0.0017534059034279188,0.0017534059034279188,0.056756450881108686,3920540.8137999997,0.0003160397651375984,False,False,False
POST-OUTCOME FIXED-TREATMENT LOCO INFLUENCE AUDIT,joint_F_G_between_family_G,191,3647,Pharmacy aides,0.030893508600474132,0.03063902823468983,-0.0002544803657843035,0.0002544803657843035,0.008237341024463564,3664334.309699999,0.0002953866340446951,False,False,False
POST-OUTCOME FIXED-TREATMENT LOCO INFLUENCE AUDIT,joint_F_G_between_family_G,192,3648,Veterinary assistants and laboratory animal caretakers,0.030893508600474132,0.030810144552860623,-8.336404761350932e-05,8.336404761350932e-05,0.002698432498930533,5713958.7185,0.0004606094559822621,False,False,False
POST-OUTCOME FIXED-TREATMENT LOCO INFLUENCE AUDIT,joint_F_G_between_family_G,193,3649,Phlebotomists,0.030893508600474132,0.030865711708683647,-2.779689179048528e-05,2.779689179048528e-05,0.0008997648065800681,11679084.050099999,0.0009414657710547606,False,False,False
POST-OUTCOME FIXED-TREATMENT LOCO INFLUENCE AUDIT,joint_F_G_between_family_G,194,3655,Other healthcare support workers,0.030893508600474132,0.030761510573507553,-0.0001319980269665795,0.0001319980269665795,0.004272678402237345,19109071.259999998,0.0015404064591676798,False,False,False
POST-OUTCOME FIXED-TREATMENT LOCO INFLUENCE AUDIT,joint_F_G_between_family_G,195,3700,First-line supervisors of correctional officers,0.030893508600474132,0.030930589274820657,3.70806743465249e-05,3.70806743465249e-05,0.001200273974253472,4962334.1998,0.0004000200506824945,False,False,False
POST-OUTCOME FIXED-TREATMENT LOCO INFLUENCE AUDIT,joint_F_G_between_family_G,196,3710,First-line supervisors of police and detectives,0.030893508600474132,0.03089373578659241,2.2718611827898805e-07,2.2718611827898805e-07,7.353846441239159e-06,10036658.909100002,0.0008090677983080839,False,False,False
POST-OUTCOME FIXED-TREATMENT LOCO INFLUENCE AUDIT,joint_F_G_between_family_G,197,3720,First-line supervisors of firefighting and prevention workers,0.030893508600474132,0.03078704010828011,-0.00010646849219402357,0.00010646849219402357,0.0034463062635879944,5193626.4661,0.00041866481348213106,False,False,False
POST-OUTCOME FIXED-TREATMENT LOCO INFLUENCE AUDIT,joint_F_G_between_family_G,198,3740,Firefighters,0.030893508600474132,0.03130863866431686,0.0004151300638427259,0.0004151300638427259,0.013437452806391657,32308670.462500002,0.0026044428842406774,False,False,False
POST-OUTCOME FIXED-TREATMENT LOCO INFLUENCE AUDIT,joint_F_G_between_family_G,199,3750,Fire inspectors,0.030893508600474132,0.03082237462990071,-7.113397057342125e-05,7.113397057342125e-05,0.002302553960229999,2592303.4361,0.0002089688662917787,False,False,False
POST-OUTCOME FIXED-TREATMENT LOCO INFLUENCE AUDIT,joint_F_G_between_family_G,200,3801,Bailiffs,0.030893508600474132,0.030886630415279673,-6.878185194458819e-06,6.878185194458819e-06,0.00022264176217113964,2240944.5350507,0.00018064537985445827,False,False,False
POST-OUTCOME FIXED-TREATMENT LOCO INFLUENCE AUDIT,joint_F_G_between_family_G,201,3802,Correctional officers and jailers,0.030893508600474132,0.029835622689393142,-0.00105788591108099,0.00105788591108099,0.03424298368831937,32824670.962349303,0.002646038338676259,False,False,False
POST-OUTCOME FIXED-TREATMENT LOCO INFLUENCE AUDIT,joint_F_G_between_family_G,202,3820,Detectives and criminal investigators,0.030893508600474132,0.030804323948950156,-8.918465152397623e-05,8.918465152397623e-05,0.002886841137966682,15800225.378899999,0.0012736761980112403,False,False,False
POST-OUTCOME FIXED-TREATMENT LOCO INFLUENCE AUDIT,joint_F_G_between_family_G,203,3840,Parking enforcement workers,0.030893508600474132,0.030834451629363744,-5.905697111038832e-05,5.905697111038832e-05,0.0019116304293608775,1475025.4367,0.0001189036703675628,False,False,False
POST-OUTCOME FIXED-TREATMENT LOCO INFLUENCE AUDIT,joint_F_G_between_family_G,204,3870,Police officers,0.030893508600474132,0.029615046720601054,-0.0012784618798730787,0.0012784618798730787,0.04138286448478881,75506887.18879999,0.006086705897671808,False,False,False
POST-OUTCOME FIXED-TREATMENT LOCO INFLUENCE AUDIT,joint_F_G_between_family_G,205,3900,Animal control workers,0.030893508600474132,0.03123816367086172,0.0003446550703875874,0.0003446550703875874,0.011156229447577147,948390.1529,7.645093251581624e-05,False,False,False
POST-OUTCOME FIXED-TREATMENT LOCO INFLUENCE AUDIT,joint_F_G_between_family_G,206,3910,Private detectives and investigators,0.030893508600474132,0.030844769656275625,-4.8738944198507134e-05,4.8738944198507134e-05,0.0015776435376381665,11381610.5933,0.000917486058589883,False,False,False
POST-OUTCOME FIXED-TREATMENT LOCO INFLUENCE AUDIT,joint_F_G_between_family_G,207,3930,Security guards and gambling surveillance officers,0.030893508600474132,0.03137645964382575,0.00048295104335161973,0.00048295104335161973,0.015632767698784713,82838962.94070002,0.006677753819031307,False,False,False
POST-OUTCOME FIXED-TREATMENT LOCO INFLUENCE AUDIT,joint_F_G_between_family_G,208,3940,Crossing guards and flaggers,0.030893508600474132,0.03084268745534492,-5.082114512921371e-05,5.082114512921371e-05,0.001645042840114112,3835250.4263999998,0.0003091643988851899,False,False,False
POST-OUTCOME FIXED-TREATMENT LOCO INFLUENCE AUDIT,joint_F_G_between_family_G,209,3945,Transportation security screeners,0.030893508600474132,0.03081970727524849,-7.380132522564337e-05,7.380132522564337e-05,0.00238889425542655,4413954.0007,0.000355814427642011,False,False,False
POST-OUTCOME FIXED-TREATMENT LOCO INFLUENCE AUDIT,joint_F_G_between_family_G,210,3960,Other protective service workers,0.030893508600474132,0.030991020354605592,9.751175413146018e-05,9.751175413146018e-05,0.003156383284026329,4396770.4773752,0.0003544292420429501,False,False,False
POST-OUTCOME FIXED-TREATMENT LOCO INFLUENCE AUDIT,joint_F_G_between_family_G,211,4000,Chefs and head cooks,0.030893508600474132,0.030863167188075698,-3.0341412398434547e-05,3.0341412398434547e-05,0.0009821290547092113,46075472.827999994,0.0037142022753363325,False,False,False
POST-OUTCOME FIXED-TREATMENT LOCO INFLUENCE AUDIT,joint_F_G_between_family_G,212,4010,First-line supervisors of food preparation and serving workers,0.030893508600474132,0.031417027647884,0.0005235190474098643,0.0005235190474098643,0.01694592395380529,46940051.0389,0.0037838970209576857,False,False,False
POST-OUTCOME FIXED-TREATMENT LOCO INFLUENCE AUDIT,joint_F_G_between_family_G,213,4030,Food preparation workers,0.030893508600474132,0.0306934323789987,-0.00020007622147543216,0.00020007622147543216,0.006476319153738385,66576580.9251,0.005366822588651741,False,False,False
POST-OUTCOME FIXED-TREATMENT LOCO INFLUENCE AUDIT,joint_F_G_between_family_G,214,4040,Bartenders,0.030893508600474132,0.030726443798711534,-0.00016706480176259877,0.00016706480176259877,0.00540776393912198,41044734.357700005,0.003308668069691561,False,False,False
POST-OUTCOME FIXED-TREATMENT LOCO INFLUENCE AUDIT,joint_F_G_between_family_G,215,4055,Fast food and counter workers,0.030893508600474132,0.02743044972437466,-0.0034630588760994722,0.0034630588760994722,0.11209665178808223,35678723.6057,0.002876107140388499,False,False,False
POST-OUTCOME FIXED-TREATMENT LOCO INFLUENCE AUDIT,joint_F_G_between_family_G,216,4110,Waiters and waitresses,0.030893508600474132,0.03014519569787192,-0.0007483129026022127,0.0007483129026022127,0.024222334610149398,127667839.8756,0.010291466419093741,False,False,False
POST-OUTCOME FIXED-TREATMENT LOCO INFLUENCE AUDIT,joint_F_G_between_family_G,217,4120,"Food servers, nonrestaurant",0.030893508600474132,0.0308886954373617,-4.813163112432628e-06,4.813163112432628e-06,0.00015579852630784574,14666952.1296,0.0011823216047151313,False,False,False
POST-OUTCOME FIXED-TREATMENT LOCO INFLUENCE AUDIT,joint_F_G_between_family_G,218,4130,Dining room and cafeteria attendants and bartender helpers,0.030893508600474132,0.030678268899602113,-0.00021523970087201916,0.00021523970087201916,0.006967149754842537,18078127.886500005,0.0014573008068851571,False,False,False
POST-OUTCOME FIXED-TREATMENT LOCO INFLUENCE AUDIT,joint_F_G_between_family_G,219,4140,Dishwashers,0.030893508600474132,0.030930141047177975,3.66324467038423e-05,3.66324467038423e-05,0.0011857651773253134,17470025.354799997,0.0014082808909027561,False,False,False
POST-OUTCOME FIXED-TREATMENT LOCO INFLUENCE AUDIT,joint_F_G_between_family_G,220,4150,"Hosts and hostesses, restaurant, lounge, and coffee shop",0.030893508600474132,0.030788382679813212,-0.00010512592066092008,0.00010512592066092008,0.0034028482170945997,11021712.369699998,0.0008884742065363041,False,False,False
POST-OUTCOME FIXED-TREATMENT LOCO INFLUENCE AUDIT,joint_F_G_between_family_G,221,4200,First-line supervisors of housekeeping and janitorial workers,0.030893508600474132,0.030615984517082098,-0.0002775240833920341,0.0002775240833920341,0.008983249101973961,33933577.4643,0.002735428697578395,False,False,False
POST-OUTCOME FIXED-TREATMENT LOCO INFLUENCE AUDIT,joint_F_G_between_family_G,222,4210,"First-line supervisors of landscaping, lawn service, and groundskeeping workers",0.030893508600474132,0.030350200343634046,-0.0005433082568400867,0.0005433082568400867,0.017586486011231122,27003127.672000006,0.0021767563539704087,False,False,False
POST-OUTCOME FIXED-TREATMENT LOCO INFLUENCE AUDIT,joint_F_G_between_family_G,223,4230,Maids and housekeeping cleaners,0.030893508600474132,0.030910235366150708,1.6726765676575855e-05,1.6726765676575855e-05,0.0005414330205381446,135885852.44079998,0.01095393083009072,False,False,False
POST-OUTCOME FIXED-TREATMENT LOCO INFLUENCE AUDIT,joint_F_G_between_family_G,224,4240,Pest control workers,0.030893508600474132,0.030890908457081256,-2.60014339287587e-06,2.60014339287587e-06,8.416471649438887e-05,10027727.575499998,0.0008083478321841821,False,False,False
POST-OUTCOME FIXED-TREATMENT LOCO INFLUENCE AUDIT,joint_F_G_between_family_G,225,4251,Landscaping and groundskeeping workers,0.030893508600474132,0.0308617839102647,-3.172469020943161e-05,3.172469020943161e-05,0.0010269047332792988,104494046.30693966,0.008423397541706405,False,False,False
POST-OUTCOME FIXED-TREATMENT LOCO INFLUENCE AUDIT,joint_F_G_between_family_G,226,4252,Tree trimmers and pruners,0.030893508600474132,0.030933807040703906,4.0298440229773885e-05,4.0298440229773885e-05,0.0013044306734766738,9205794.550122188,0.0007420907690298103,False,False,False
POST-OUTCOME FIXED-TREATMENT LOCO INFLUENCE AUDIT,joint_F_G_between_family_G,227,4330,Supervisors of personal care and service workers,0.030893508600474132,0.030886541723888935,-6.966876585197401e-06,6.966876585197401e-06,0.0002255126368226909,20100473.28819214,0.0016203246334776916,False,False,False
POST-OUTCOME FIXED-TREATMENT LOCO INFLUENCE AUDIT,joint_F_G_between_family_G,228,4340,Animal trainers,0.030893508600474132,0.03088743831864073,-6.070281833400748e-06,6.070281833400748e-06,0.00019649052854124783,5633051.1576000005,0.0004540873949302033,False,False,False
POST-OUTCOME FIXED-TREATMENT LOCO INFLUENCE AUDIT,joint_F_G_between_family_G,229,4350,Animal caretakers,0.030893508600474132,0.03253205961036182,0.0016385510098876864,0.0016385510098876864,0.053038683015193,25720693.361700002,0.002073377698453041,False,False,False
POST-OUTCOME FIXED-TREATMENT LOCO INFLUENCE AUDIT,joint_F_G_between_family_G,230,4420,"Ushers, lobby attendants, and ticket takers",0.030893508600474132,0.030939298939215366,4.5790338741233394e-05,4.5790338741233394e-05,0.0014821993621187668,1949762.1051999999,0.000157172795047207,False,False,False
POST-OUTCOME FIXED-TREATMENT LOCO INFLUENCE AUDIT,joint_F_G_between_family_G,231,4461,"Embalmers, crematory operators and funeral attendants",0.030893508600474132,0.03091670727888258,2.3198678408446055e-05,2.3198678408446055e-05,0.0007509240438973648,1428906.9909485998,0.00011518600399039365,False,False,False
POST-OUTCOME FIXED-TREATMENT LOCO INFLUENCE AUDIT,joint_F_G_between_family_G,232,4465,"Morticians, undertakers, and funeral arrangers",0.030893508600474132,0.03060613404417992,-0.00028737455629421205,0.00028737455629421205,0.0093021016165772,2998527.6498000002,0.0002417151151355748,False,False,False
POST-OUTCOME FIXED-TREATMENT LOCO INFLUENCE AUDIT,joint_F_G_between_family_G,233,4500,Barbers,0.030893508600474132,0.03093791228853852,4.44036880643886e-05,4.44036880643886e-05,0.001437314506378441,12291821.8315,0.0009908593403916638,False,False,False
POST-OUTCOME FIXED-TREATMENT LOCO INFLUENCE AUDIT,joint_F_G_between_family_G,234,4510,"Hairdressers, hairstylists, and cosmetologists",0.030893508600474132,0.031958508887427226,0.0010650002869530932,0.0010650002869530932,0.03447327076785148,70896851.5809,0.005715085083097372,False,False,False
POST-OUTCOME FIXED-TREATMENT LOCO INFLUENCE AUDIT,joint_F_G_between_family_G,235,4521,Manicurists and pedicurists,0.030893508600474132,0.03237960410849205,0.0014860955080179157,0.0014860955080179157,0.0481038112969502,29008302.97527058,0.002338396077162351,False,False,False
POST-OUTCOME FIXED-TREATMENT LOCO INFLUENCE AUDIT,joint_F_G_between_family_G,236,4522,Skincare specialists,0.030893508600474132,0.030498906151586826,-0.00039460244888730664,0.00039460244888730664,0.012772989108826913,9385591.2323254,0.0007565844075135648,False,False,False
POST-OUTCOME FIXED-TREATMENT LOCO INFLUENCE AUDIT,joint_F_G_between_family_G,237,4525,Other personal appearance workers,0.030893508600474132,0.030927224662235943,3.371606176181055e-05,3.371606176181055e-05,0.0010913639560283903,2792627.7227053014,0.00022511726098958378,False,False,False
POST-OUTCOME FIXED-TREATMENT LOCO INFLUENCE AUDIT,joint_F_G_between_family_G,238,4530,"Baggage porters, bellhops, and concierges",0.030893508600474132,0.03087679458712839,-1.6714013345742185e-05,1.6714013345742185e-05,0.0005410202370308198,7490341.210200001,0.000603805900588909,False,False,False
POST-OUTCOME FIXED-TREATMENT LOCO INFLUENCE AUDIT,joint_F_G_between_family_G,239,4600,Childcare workers,0.030893508600474132,0.03156047448910223,0.0006669658886280967,0.0006669658886280967,0.021589191996724533,87748555.89209999,0.007073522330819285,False,False,False
POST-OUTCOME FIXED-TREATMENT LOCO INFLUENCE AUDIT,joint_F_G_between_family_G,240,4621,Exercise trainers and group fitness instructors,0.030893508600474132,0.030606501939110315,-0.00028700666136381725,0.00028700666136381725,0.009290193130067863,21483578.9514412,0.0017318185343790922,False,False,False
POST-OUTCOME FIXED-TREATMENT LOCO INFLUENCE AUDIT,joint_F_G_between_family_G,241,4622,Recreation workers,0.030893508600474132,0.030800438370357522,-9.307023011661045e-05,9.307023011661045e-05,0.0030126144401475354,15121050.909658799,0.0012189270830445234,False,False,False
POST-OUTCOME FIXED-TREATMENT LOCO INFLUENCE AUDIT,joint_F_G_between_family_G,242,4640,Residential advisors,0.030893508600474132,0.031001027087651376,0.00010751848717724388,0.00010751848717724388,0.0034802938237838664,2775621.6421,0.00022374637927308886,False,False,False
POST-OUTCOME FIXED-TREATMENT LOCO INFLUENCE AUDIT,joint_F_G_between_family_G,243,4700,First-Line supervisors of retail sales workers,0.030893508600474132,0.02961965163741678,-0.001273856963057353,0.001273856963057353,0.04123380673692086,305992165.941,0.02466641640804813,False,False,False
POST-OUTCOME FIXED-TREATMENT LOCO INFLUENCE AUDIT,joint_F_G_between_family_G,244,4710,First-Line supervisors of non-retail sales workers,0.030893508600474132,0.03051477685643536,-0.00037873174403877177,0.00037873174403877177,0.012259266143469352,117000514.7968,0.009431559821339764,False,False,False
POST-OUTCOME FIXED-TREATMENT LOCO INFLUENCE AUDIT,joint_F_G_between_family_G,245,4720,Cashiers,0.030893508600474132,0.03316010317332594,0.002266594572851808,0.002266594572851808,0.07336798814806751,173495830.11279997,0.013985718809047738,False,False,False
POST-OUTCOME FIXED-TREATMENT LOCO INFLUENCE AUDIT,joint_F_G_between_family_G,246,4740,Counter and rental clerks,0.030893508600474132,0.031655315999551924,0.0007618073990777914,0.0007618073990777914,0.024659141469807015,7475893.990200001,0.0006026412918697192,False,False,False
POST-OUTCOME FIXED-TREATMENT LOCO INFLUENCE AUDIT,joint_F_G_between_family_G,247,4750,Parts salespersons,0.030893508600474132,0.031157893576244766,0.0002643849757706339,0.0002643849757706339,0.008557945916397993,11176160.7078,0.0009009244828673662,False,False,False
POST-OUTCOME FIXED-TREATMENT LOCO INFLUENCE AUDIT,joint_F_G_between_family_G,248,4760,Retail salespersons,0.030893508600474132,0.031011735953998226,0.00011822735352409394,0.00011822735352409394,0.0038269318986409806,228812358.4479,0.018444854283856785,False,False,False
POST-OUTCOME FIXED-TREATMENT LOCO INFLUENCE AUDIT,joint_F_G_between_family_G,249,4800,Advertising sales agents,0.030893508600474132,0.031030576324826167,0.00013706772435203435,0.00013706772435203435,0.004436780753026243,15391254.927499998,0.0012407085714649943,False,False,False
POST-OUTCOME FIXED-TREATMENT LOCO INFLUENCE AUDIT,joint_F_G_between_family_G,250,4810,Insurance sales agents,0.030893508600474132,0.031070860423336573,0.00017735182286244058,0.00017735182286244058,0.005740747195665523,59125760.14389999,0.004766202479945251,False,False,False
POST-OUTCOME FIXED-TREATMENT LOCO INFLUENCE AUDIT,joint_F_G_between_family_G,251,4820,"Securities, commodities, and financial services sales agents",0.030893508600474132,0.030890345267570913,-3.1633329032193513e-06,3.1633329032193513e-06,0.00010239474396154545,23122950.633800004,0.0018639703639537803,False,False,False
POST-OUTCOME FIXED-TREATMENT LOCO INFLUENCE AUDIT,joint_F_G_between_family_G,252,4830,Travel agents,0.030893508600474132,0.030973368893707696,7.986029323356347e-05,7.986029323356347e-05,0.0025850185638136886,6958153.8108,0.0005609055996601337,False,False,False
POST-OUTCOME FIXED-TREATMENT LOCO INFLUENCE AUDIT,joint_F_G_between_family_G,253,4850,"Sales representatives, wholesale and manufacturing",0.030893508600474132,0.03253522036352395,0.0016417117630498183,0.0016417117630498183,0.05314099425484558,119133359.4162,0.009603491129953493,False,False,False
POST-OUTCOME FIXED-TREATMENT LOCO INFLUENCE AUDIT,joint_F_G_between_family_G,254,4900,"Models, demonstrators, and product promoters",0.030893508600474132,0.030911003379833,1.749477935886895e-05,1.749477935886895e-05,0.0005662930548005303,3245010.1121,0.00026158437889164466,False,False,False
POST-OUTCOME FIXED-TREATMENT LOCO INFLUENCE AUDIT,joint_F_G_between_family_G,255,4920,Real estate brokers and sales agents,0.030893508600474132,0.030876807924529563,-1.6700675944569116e-05,1.6700675944569116e-05,0.0005405885152297918,98938699.83330001,0.007975574019857812,False,False,False
POST-OUTCOME FIXED-TREATMENT LOCO INFLUENCE AUDIT,joint_F_G_between_family_G,256,4930,Sales engineers,0.030893508600474132,0.03101688534297991,0.00012337674250577704,0.00012337674250577704,0.003993613807396533,4252809.0244,0.0003428243268162034,False,False,False
POST-OUTCOME FIXED-TREATMENT LOCO INFLUENCE AUDIT,joint_F_G_between_family_G,257,4940,Telemarketers,0.030893508600474132,0.03179210539479828,0.0008985967943241462,0.0008985967943241462,0.029086912915755873,3543014.7935999995,0.000285606914053032,False,False,False
POST-OUTCOME FIXED-TREATMENT LOCO INFLUENCE AUDIT,joint_F_G_between_family_G,258,4950,"Door-to-door sales workers, news and street vendors, and related workers",0.030893508600474132,0.030576138567053462,-0.00031737003342066986,0.00031737003342066986,0.010273033002661247,12082550.5947,0.000973989720696461,False,False,False
POST-OUTCOME FIXED-TREATMENT LOCO INFLUENCE AUDIT,joint_F_G_between_family_G,259,5000,First-Line supervisors of office and administrative support workers,0.030893508600474132,0.03161572734424774,0.0007222187437736054,0.0007222187437736054,0.023377686008850457,130810605.30960001,0.010544808724866404,False,False,False
POST-OUTCOME FIXED-TREATMENT LOCO INFLUENCE AUDIT,joint_F_G_between_family_G,260,5010,"Switchboard operators, including answering service",0.030893508600474132,0.030968363450225914,7.485484975178203e-05,7.485484975178203e-05,0.0024229960643134332,1464785.0644,0.00011807818097456329,False,False,False
POST-OUTCOME FIXED-TREATMENT LOCO INFLUENCE AUDIT,joint_F_G_between_family_G,261,5020,Telephone operators,0.030893508600474132,0.030529900885647023,-0.00036360771482710913,0.00036360771482710913,0.011769712515642485,2430039.0006,0.00019588852444070133,False,False,False
POST-OUTCOME FIXED-TREATMENT LOCO INFLUENCE AUDIT,joint_F_G_between_family_G,262,5100,Bill and account collectors,0.030893508600474132,0.02940590669026886,-0.0014876019102052739,0.0014876019102052739,0.04815257242042243,10903897.3404,0.0008789769876682874,False,False,False
POST-OUTCOME FIXED-TREATMENT LOCO INFLUENCE AUDIT,joint_F_G_between_family_G,263,5110,Billing and posting clerks,0.030893508600474132,0.030746213556594338,-0.0001472950438797943,0.0001472950438797943,0.004767831513884238,45447892.688999996,0.0036636122447373807,False,False,False
POST-OUTCOME FIXED-TREATMENT LOCO INFLUENCE AUDIT,joint_F_G_between_family_G,264,5120,"Bookkeeping, accounting, and auditing clerks",0.030893508600474132,0.03599317622412187,0.005099667623647736,0.005099667623647736,0.16507246520938934,106672546.905,0.008599009236638814,False,False,False
POST-OUTCOME FIXED-TREATMENT LOCO INFLUENCE AUDIT,joint_F_G_between_family_G,265,5130,Gambling cage workers,0.030893508600474132,0.03089354371074154,3.511026740871115e-08,3.511026740871115e-08,1.1364933605557609e-06,363555.36209999997,2.9306658624281287e-05,False,False,False
POST-OUTCOME FIXED-TREATMENT LOCO INFLUENCE AUDIT,joint_F_G_between_family_G,266,5140,Payroll and timekeeping clerks,0.030893508600474132,0.0337622757477549,0.0028687671472807687,0.0028687671472807687,0.09285986853680779,13994555.063900001,0.0011281188248397022,False,False,False
POST-OUTCOME FIXED-TREATMENT LOCO INFLUENCE AUDIT,joint_F_G_between_family_G,267,5150,Procurement clerks,0.030893508600474132,0.030903482370878022,9.973770403889914e-06,9.973770403889914e-06,0.0003228435634448087,3715127.9359,0.0002994811726446328,False,False,False
POST-OUTCOME FIXED-TREATMENT LOCO INFLUENCE AUDIT,joint_F_G_between_family_G,268,5160,Tellers,0.030893508600474132,0.03101029457278776,0.00011678597231362664,0.00011678597231362664,0.0037802754560495046,22906262.9295,0.0018465028934114185,False,False,False
POST-OUTCOME FIXED-TREATMENT LOCO INFLUENCE AUDIT,joint_F_G_between_family_G,269,5200,Brokerage clerks,0.030893508600474132,0.03089347674627175,-3.185420238346892e-08,3.185420238346892e-08,1.0310969464627285e-06,140971.8487,1.1363919436149975e-05,False,False,False
POST-OUTCOME FIXED-TREATMENT LOCO INFLUENCE AUDIT,joint_F_G_between_family_G,270,5220,"Court, municipal, and license clerks",0.030893508600474132,0.03134943021454273,0.0004559216140685961,0.0004559216140685961,0.014757845085345823,8040814.084100001,0.0006481802167979404,False,False,False
POST-OUTCOME FIXED-TREATMENT LOCO INFLUENCE AUDIT,joint_F_G_between_family_G,271,5230,"Credit authorizers, checkers, and clerks",0.030893508600474132,0.030882626327527696,-1.0882272946436539e-05,1.0882272946436539e-05,0.00035225111809636037,4254071.596899999,0.00034292610438601325,False,False,False
POST-OUTCOME FIXED-TREATMENT LOCO INFLUENCE AUDIT,joint_F_G_between_family_G,272,5240,Customer service representatives,0.030893508600474132,0.03196131568802158,0.001067807087547449,0.001067807087547449,0.034564124824949825,228261075.1092,0.01840041463505279,False,False,False
POST-OUTCOME FIXED-TREATMENT LOCO INFLUENCE AUDIT,joint_F_G_between_family_G,273,5250,"Eligibility interviewers, government programs",0.030893508600474132,0.031019840698158975,0.0001263320976848427,0.0001263320976848427,0.004089276466412877,7681991.7288,0.0006192550918519214,False,False,False
POST-OUTCOME FIXED-TREATMENT LOCO INFLUENCE AUDIT,joint_F_G_between_family_G,274,5260,File clerks,0.030893508600474132,0.03012022408769026,-0.0007732845127838735,0.0007732845127838735,0.025030647142876016,13437590.4411,0.0010832212005221396,False,False,False
POST-OUTCOME FIXED-TREATMENT LOCO INFLUENCE AUDIT,joint_F_G_between_family_G,275,5300,"Hotel, motel, and resort desk clerks",0.030893508600474132,0.030889762134719653,-3.746465754479039e-06,3.746465754479039e-06,0.000121270322608211,9741016.4771,0.0007852356870735557,False,False,False
POST-OUTCOME FIXED-TREATMENT LOCO INFLUENCE AUDIT,joint_F_G_between_family_G,276,5310,"Interviewers, except eligibility and loan",0.030893508600474132,0.030320317769409966,-0.0005731908310641666,0.0005731908310641666,0.018553762813957934,16246697.303399999,0.0013096668658453413,False,False,False
POST-OUTCOME FIXED-TREATMENT LOCO INFLUENCE AUDIT,joint_F_G_between_family_G,277,5320,"Library assistants, clerical",0.030893508600474132,0.03140248848371886,0.0005089798832447305,0.0005089798832447305,0.01647530197450344,6627608.1337,0.0005342598935906492,False,False,False
POST-OUTCOME FIXED-TREATMENT LOCO INFLUENCE AUDIT,joint_F_G_between_family_G,278,5330,Loan interviewers and clerks,0.030893508600474132,0.030930726389094217,3.721778862008501e-05,3.721778862008501e-05,0.0012047122617698989,12775854.791299999,0.0010298778508980697,False,False,False
POST-OUTCOME FIXED-TREATMENT LOCO INFLUENCE AUDIT,joint_F_G_between_family_G,279,5340,New accounts clerks,0.030893508600474132,0.03090164668554471,8.138085070576867e-06,8.138085070576867e-06,0.0002634237883375917,1846238.2814,0.0001488276083717528,False,False,False
POST-OUTCOME FIXED-TREATMENT LOCO INFLUENCE AUDIT,joint_F_G_between_family_G,280,5350,Order clerks,0.030893508600474132,0.0325745301174032,0.0016810215169290703,0.0016810215169290703,0.054413421883174225,9872327.156399997,0.0007958208073967405,False,False,False
POST-OUTCOME FIXED-TREATMENT LOCO INFLUENCE AUDIT,joint_F_G_between_family_G,281,5360,"Human resources assistants, except payroll and timekeeping",0.030893508600474132,0.030853450961817772,-4.005763865636003e-05,4.005763865636003e-05,0.001296636104833533,7601459.439199999,0.0006127632818950934,False,False,False
POST-OUTCOME FIXED-TREATMENT LOCO INFLUENCE AUDIT,joint_F_G_between_family_G,282,5400,Receptionists and information clerks,0.030893508600474132,0.030672157941896365,-0.00022135065857776734,0.00022135065857776734,0.007164956931255461,109318493.98640002,0.008812302385183202,False,False,False
POST-OUTCOME FIXED-TREATMENT LOCO INFLUENCE AUDIT,joint_F_G_between_family_G,283,5410,Reservation and transportation ticket agents and travel clerks,0.030893508600474132,0.0310228592463372,0.0001293506458630682,0.0001293506458630682,0.004186984636024249,11594632.134300003,0.0009346579950609733,False,False,False
POST-OUTCOME FIXED-TREATMENT LOCO INFLUENCE AUDIT,joint_F_G_between_family_G,284,5500,Cargo and freight agents,0.030893508600474132,0.030958126233755396,6.461763328126369e-05,6.461763328126369e-05,0.0020916249467459965,2123814.4747,0.0001712033772017915,False,False,False
POST-OUTCOME FIXED-TREATMENT LOCO INFLUENCE AUDIT,joint_F_G_between_family_G,285,5510,Couriers and messengers,0.030893508600474132,0.02665648009963449,-0.004237028500839641,0.004237028500839641,0.1371494754977301,67076305.8961,0.005407106052074012,False,False,False
POST-OUTCOME FIXED-TREATMENT LOCO INFLUENCE AUDIT,joint_F_G_between_family_G,286,5521,Public safety telecommunicators,0.030893508600474132,0.03084918116579906,-4.432743467507397e-05,4.432743467507397e-05,0.0014348462406239498,8890281.72196498,0.0007166568799710059,False,False,False
POST-OUTCOME FIXED-TREATMENT LOCO INFLUENCE AUDIT,joint_F_G_between_family_G,287,5522,"Dispatchers, except police, fire, and ambulance",0.030893508600474132,0.031021197278880558,0.0001276886784064256,0.0001276886784064256,0.004133187979965018,18561889.791435022,0.0014962974673152758,False,False,False
POST-OUTCOME FIXED-TREATMENT LOCO INFLUENCE AUDIT,joint_F_G_between_family_G,288,5530,"Meter readers, utilities",0.030893508600474132,0.030519703371438882,-0.00037380522903525046,0.00037380522903525046,0.012099798500372131,1967666.2185,0.0001586160683176731,False,False,False
POST-OUTCOME FIXED-TREATMENT LOCO INFLUENCE AUDIT,joint_F_G_between_family_G,289,5540,Postal service clerks,0.030893508600474132,0.030762662009076014,-0.0001308465913981184,0.0001308465913981184,0.004235407285403325,10183734.062400002,0.0008209237128653043,False,False,False
POST-OUTCOME FIXED-TREATMENT LOCO INFLUENCE AUDIT,joint_F_G_between_family_G,290,5550,Postal service mail carriers,0.030893508600474132,0.030942726264108312,4.9217663634179565e-05,4.9217663634179565e-05,0.001593139331329437,32142933.355599996,0.00259108260594568,False,False,False
POST-OUTCOME FIXED-TREATMENT LOCO INFLUENCE AUDIT,joint_F_G_between_family_G,291,5600,"Production, planning, and expediting clerks",0.030893508600474132,0.03116339802099078,0.00026988942051664813,0.00026988942051664813,0.008736120717363455,23896915.7081,0.001926360669761971,False,False,False
POST-OUTCOME FIXED-TREATMENT LOCO INFLUENCE AUDIT,joint_F_G_between_family_G,292,5610,"Shipping, receiving, and inventory clerks",0.030893508600474132,0.030079257070873375,-0.0008142515296007576,0.0008142515296007576,0.026356719145466726,58563005.4203,0.00472083810826199,False,False,False
POST-OUTCOME FIXED-TREATMENT LOCO INFLUENCE AUDIT,joint_F_G_between_family_G,293,5630,"Weighers, measurers, checkers, and samplers, recordkeeping",0.030893508600474132,0.030897690028017868,4.181427543735461e-06,4.181427543735461e-06,0.0001353497136829349,6149528.559,0.0004957212930043631,False,False,False
POST-OUTCOME FIXED-TREATMENT LOCO INFLUENCE AUDIT,joint_F_G_between_family_G,294,5710,Executive secretaries and executive administrative assistants,0.030893508600474132,0.030529045416359087,-0.000364463184115045,0.000364463184115045,0.01179740342310784,21274138.4998368,0.0017149352740639904,False,False,False
POST-OUTCOME FIXED-TREATMENT LOCO INFLUENCE AUDIT,joint_F_G_between_family_G,295,5720,Legal secretaries and administrative assistants,0.030893508600474132,0.030823828058825206,-6.968054164892615e-05,6.968054164892615e-05,0.0022555075420555093,5197807.144740799,0.0004190018232872843,False,False,False
POST-OUTCOME FIXED-TREATMENT LOCO INFLUENCE AUDIT,joint_F_G_between_family_G,296,5730,Medical secretaries and administrative assistants,0.030893508600474132,0.031058852647238226,0.0001653440467640939,0.0001653440467640939,0.0053520643738586655,8652858.517060801,0.00069751789443819,False,False,False
POST-OUTCOME FIXED-TREATMENT LOCO INFLUENCE AUDIT,joint_F_G_between_family_G,297,5740,"Secretaries and administrative assistants, except legal, medical, and executive",0.030893508600474132,0.03304863427818352,0.002155125677709386,0.002155125677709386,0.0697598225433129,190792704.04926157,0.015380041744611196,False,False,False
POST-OUTCOME FIXED-TREATMENT LOCO INFLUENCE AUDIT,joint_F_G_between_family_G,298,5810,Data entry keyers,0.030893508600474132,0.02862466567912498,-0.0022688429213491533,0.0022688429213491533,0.07344076552426074,22907000.8792,0.0018465623804722472,False,False,False
POST-OUTCOME FIXED-TREATMENT LOCO INFLUENCE AUDIT,joint_F_G_between_family_G,299,5820,Word processors and typists,0.030893508600474132,0.03064748968245174,-0.00024601891802239137,0.00024601891802239137,0.007963450225223549,4836528.3924,0.00038987868506178965,False,False,False
POST-OUTCOME FIXED-TREATMENT LOCO INFLUENCE AUDIT,joint_F_G_between_family_G,300,5840,Insurance claims and policy processing clerks,0.030893508600474132,0.027672059355809353,-0.0032214492446647792,0.0032214492446647792,0.10427592690508901,27934504.961099997,0.0022518358579678055,False,False,False
POST-OUTCOME FIXED-TREATMENT LOCO INFLUENCE AUDIT,joint_F_G_between_family_G,301,5850,"Mail clerks and mail machine operators, except postal service",0.030893508600474132,0.030863143988608524,-3.0364611865608265e-05,3.0364611865608265e-05,0.0009828800042848565,5063956.6843,0.00040821196798661514,False,False,False
POST-OUTCOME FIXED-TREATMENT LOCO INFLUENCE AUDIT,joint_F_G_between_family_G,302,5860,"Office clerks, general",0.030893508600474132,0.03191932995489633,0.0010258213544221996,0.0010258213544221996,0.03320507772970973,119468677.6626,0.009630521558884518,False,False,False
POST-OUTCOME FIXED-TREATMENT LOCO INFLUENCE AUDIT,joint_F_G_between_family_G,303,5900,"Office machine operators, except computer",0.030893508600474132,0.031005619771741887,0.000112111171267755,0.000112111171267755,0.003628955607393664,2297704.1344999997,0.0001852208431211891,False,False,False
POST-OUTCOME FIXED-TREATMENT LOCO INFLUENCE AUDIT,joint_F_G_between_family_G,304,5910,Proofreaders and copy markers,0.030893508600474132,0.031385676120175454,0.0004921675197013219,0.0004921675197013219,0.015931098214392148,883604.8137,7.122850419341283e-05,False,False,False
POST-OUTCOME FIXED-TREATMENT LOCO INFLUENCE AUDIT,joint_F_G_between_family_G,305,5920,Statistical assistants,0.030893508600474132,0.031048897314027837,0.00015538871355370507,0.00015538871355370507,0.005029817608716683,3657831.4852000005,0.00029486243311800745,False,False,False
POST-OUTCOME FIXED-TREATMENT LOCO INFLUENCE AUDIT,joint_F_G_between_family_G,306,6005,"First-line supervisors of farming, fishing, and forestry workers",0.030893508600474132,0.03089495970732519,1.4511068510587866e-06,1.4511068510587866e-06,4.697125437660765e-05,5433284.0905,0.00043798391840311725,False,False,False
POST-OUTCOME FIXED-TREATMENT LOCO INFLUENCE AUDIT,joint_F_G_between_family_G,307,6010,Agricultural inspectors,0.030893508600474132,0.031026291285790337,0.00013278268531620452,0.00013278268531620452,0.004298077212057638,1549919.4792,0.00012494097407795665,False,False,False
POST-OUTCOME FIXED-TREATMENT LOCO INFLUENCE AUDIT,joint_F_G_between_family_G,308,6040,"Graders and sorters, agricultural products",0.030893508600474132,0.03051241531573035,-0.0003810932847437831,0.0003810932847437831,0.012335707467617788,5890548.508700002,0.0004748445828362057,False,False,False
POST-OUTCOME FIXED-TREATMENT LOCO INFLUENCE AUDIT,joint_F_G_between_family_G,309,6120,Forest and conservation workers,0.030893508600474132,0.03056093087714819,-0.0003325777233259414,0.0003325777233259414,0.01076529466519828,1687509.7943000002,0.0001360323038037822,False,False,False
POST-OUTCOME FIXED-TREATMENT LOCO INFLUENCE AUDIT,joint_F_G_between_family_G,310,6200,First-line supervisors of construction trades and extraction workers,0.030893508600474132,0.030835294063759604,-5.8214536714527865e-05,5.8214536714527865e-05,0.0018843614517010357,71537912.9583,0.005766761853414145,False,False,False
POST-OUTCOME FIXED-TREATMENT LOCO INFLUENCE AUDIT,joint_F_G_between_family_G,311,6210,Boilermakers,0.030893508600474132,0.030882988415314304,-1.0520185159828416e-05,1.0520185159828416e-05,0.0003405306045318193,1629486.3432,0.0001313549598532819,False,False,False
POST-OUTCOME FIXED-TREATMENT LOCO INFLUENCE AUDIT,joint_F_G_between_family_G,312,6220,"Brickmasons, blockmasons, and stonemasons",0.030893508600474132,0.030896492348765472,2.9837482913401547e-06,2.9837482913401547e-06,9.658172303855323e-05,13027021.780499998,0.001050124740306204,False,False,False
POST-OUTCOME FIXED-TREATMENT LOCO INFLUENCE AUDIT,joint_F_G_between_family_G,313,6230,Carpenters,0.030893508600474132,0.03111701920477914,0.0002235106043050085,0.0002235106043050085,0.007234872775233377,124178587.2517,0.010010193341695455,False,False,False
POST-OUTCOME FIXED-TREATMENT LOCO INFLUENCE AUDIT,joint_F_G_between_family_G,314,6240,"Carpet, floor, and tile installers and finishers",0.030893508600474132,0.030877912135238193,-1.5596465235939716e-05,1.5596465235939716e-05,0.000504846032143476,14500176.246199999,0.0011688775893295947,False,False,False
POST-OUTCOME FIXED-TREATMENT LOCO INFLUENCE AUDIT,joint_F_G_between_family_G,315,6250,"Cement masons, concrete finishers, and terrazzo workers",0.030893508600474132,0.030948633189248946,5.512458877481377e-05,5.512458877481377e-05,0.0017843421246743,5803959.462499999,0.0004678645300515968,False,False,False
POST-OUTCOME FIXED-TREATMENT LOCO INFLUENCE AUDIT,joint_F_G_between_family_G,316,6260,Construction laborers,0.030893508600474132,0.03096602110711185,7.251250663771816e-05,7.251250663771816e-05,0.002347176151970168,204354638.40659997,0.01647328646585424,False,False,False
POST-OUTCOME FIXED-TREATMENT LOCO INFLUENCE AUDIT,joint_F_G_between_family_G,317,6305,Construction equipment operators,0.030893508600474132,0.030236707469848866,-0.0006568011306252661,0.0006568011306252661,0.021260166306108264,37432852.083900005,0.003017509660755115,False,False,False
POST-OUTCOME FIXED-TREATMENT LOCO INFLUENCE AUDIT,joint_F_G_between_family_G,318,6330,"Drywall installers, ceiling tile installers, and tapers",0.030893508600474132,0.030893626045594164,1.1744512003197816e-07,1.1744512003197816e-07,3.80161157966291e-06,15093130.693100002,0.0012166763989927788,False,False,False
POST-OUTCOME FIXED-TREATMENT LOCO INFLUENCE AUDIT,joint_F_G_between_family_G,319,6355,Electricians,0.030893508600474132,0.03059504843311472,-0.00029846016735941144,0.00029846016735941144,0.0096609346390274,91439980.32190001,0.007371092733787854,False,False,False
POST-OUTCOME FIXED-TREATMENT LOCO INFLUENCE AUDIT,joint_F_G_between_family_G,320,6360,Glaziers,0.030893508600474132,0.030906589921542885,1.3081321068753038e-05,1.3081321068753038e-05,0.0004234326776516499,3872469.1693,0.00031216464893320093,False,False,False
POST-OUTCOME FIXED-TREATMENT LOCO INFLUENCE AUDIT,joint_F_G_between_family_G,321,6400,Insulation workers,0.030893508600474132,0.030866377635977306,-2.7130964496826365e-05,2.7130964496826365e-05,0.0008782092331335256,5411850.466499999,0.0004362561268007025,False,False,False
POST-OUTCOME FIXED-TREATMENT LOCO INFLUENCE AUDIT,joint_F_G_between_family_G,322,6410,Painters and paperhangers,0.030893508600474132,0.031165325412889577,0.00027181681241544506,0.00027181681241544506,0.008798508966096309,54922008.67380001,0.004427332744772279,False,False,False
POST-OUTCOME FIXED-TREATMENT LOCO INFLUENCE AUDIT,joint_F_G_between_family_G,323,6441,Pipelayers,0.030893508600474132,0.03072834910324162,-0.00016515949723251364,0.00016515949723251364,0.0053460906421609515,5043857.494626249,0.00040659174682692483,False,False,False
POST-OUTCOME FIXED-TREATMENT LOCO INFLUENCE AUDIT,joint_F_G_between_family_G,324,6442,"Plumbers, pipefitters, and steamfitters",0.030893508600474132,0.03015462944991097,-0.0007388791505631639,0.0007388791505631639,0.023916971041347636,58656971.79017374,0.0047284128564603,False,False,False
POST-OUTCOME FIXED-TREATMENT LOCO INFLUENCE AUDIT,joint_F_G_between_family_G,325,6460,Plasterers and stucco masons,0.030893508600474132,0.030791038125431405,-0.00010247047504272772,0.00010247047504272772,0.0033168934085122032,2285283.1444,0.00018421957136292483,False,False,False
POST-OUTCOME FIXED-TREATMENT LOCO INFLUENCE AUDIT,joint_F_G_between_family_G,326,6500,Reinforcing iron and rebar workers,0.030893508600474132,0.030893374826655277,-1.3377381885559814e-07,1.3377381885559814e-07,4.330159470897555e-06,199764.4368,1.6103264495268503e-05,False,False,False
POST-OUTCOME FIXED-TREATMENT LOCO INFLUENCE AUDIT,joint_F_G_between_family_G,327,6515,Roofers,0.030893508600474132,0.03095561314660703,6.210454613289618e-05,6.210454613289618e-05,0.0020102781764303403,21984621.8674,0.001772208239015274,False,False,False
POST-OUTCOME FIXED-TREATMENT LOCO INFLUENCE AUDIT,joint_F_G_between_family_G,328,6520,Sheet metal workers,0.030893508600474132,0.030913503419410758,1.999481893662572e-05,1.999481893662572e-05,0.0006472174849158717,13553177.427599998,0.0010925388140355199,False,False,False
POST-OUTCOME FIXED-TREATMENT LOCO INFLUENCE AUDIT,joint_F_G_between_family_G,329,6530,Structural iron and steel workers,0.030893508600474132,0.030899485635627187,5.977035153054838e-06,5.977035153054838e-06,0.00019347220253782075,4985410.348999999,0.0004018802483235387,False,False,False
POST-OUTCOME FIXED-TREATMENT LOCO INFLUENCE AUDIT,joint_F_G_between_family_G,330,6660,Construction and building inspectors,0.030893508600474132,0.03044535577660898,-0.00044815282386515345,0.00044815282386515345,0.014506375098433317,10076300.3013,0.0008122633411874021,False,False,False
POST-OUTCOME FIXED-TREATMENT LOCO INFLUENCE AUDIT,joint_F_G_between_family_G,331,6700,Elevator and escalator installers and repairers,0.030893508600474132,0.03089244284481172,-1.0657556624125986e-06,1.0657556624125986e-06,3.44977217121995e-05,3516140.3828000003,0.00028344053372929013,False,False,False
POST-OUTCOME FIXED-TREATMENT LOCO INFLUENCE AUDIT,joint_F_G_between_family_G,332,6710,Fence erectors,0.030893508600474132,0.030718828381546,-0.00017468021892813254,0.00017468021892813254,0.0056542693543539975,3754233.8848,0.0003026335527607474,False,False,False
POST-OUTCOME FIXED-TREATMENT LOCO INFLUENCE AUDIT,joint_F_G_between_family_G,333,6720,Hazardous materials removal workers,0.030893508600474132,0.03088432877501066,-9.179825463473401e-06,9.179825463473401e-06,0.00029714415355634017,2985994.1704,0.00024070477547223287,False,False,False
POST-OUTCOME FIXED-TREATMENT LOCO INFLUENCE AUDIT,joint_F_G_between_family_G,334,6730,Highway maintenance workers,0.030893508600474132,0.031000572040852378,0.00010706344037824528,0.00010706344037824528,0.0034655642958146275,9135292.900100002,0.0007364075416453646,False,False,False
POST-OUTCOME FIXED-TREATMENT LOCO INFLUENCE AUDIT,joint_F_G_between_family_G,335,6740,Rail-track laying and maintenance equipment operators,0.030893508600474132,0.031008844590859345,0.00011533599038521247,0.00011533599038521247,0.003733340614586016,1278398.5896,0.00010305333095558785,False,False,False
POST-OUTCOME FIXED-TREATMENT LOCO INFLUENCE AUDIT,joint_F_G_between_family_G,336,6800,"Derrick, rotary drill, and service unit operators, oil and gas",0.030893508600474132,0.030893303806467206,-2.0479400692635652e-07,2.0479400692635652e-07,6.629030375760346e-06,2958164.1501,0.00023846136225525333,False,False,False
POST-OUTCOME FIXED-TREATMENT LOCO INFLUENCE AUDIT,joint_F_G_between_family_G,337,6821,"Excavating and loading machine and dragline operators, surface mining",0.030893508600474132,0.030893536532730255,2.793225612265915e-08,2.793225612265915e-08,9.041464497894702e-07,342838.05010884,2.76366098409803e-05,False,False,False
POST-OUTCOME FIXED-TREATMENT LOCO INFLUENCE AUDIT,joint_F_G_between_family_G,338,6825,"Earth drillers, except oil and gas",0.030893508600474132,0.030883000568700466,-1.0508031773666382e-05,1.0508031773666382e-05,0.00034013720842005987,2874674.9646616704,0.00023173119317638984,False,False,False
POST-OUTCOME FIXED-TREATMENT LOCO INFLUENCE AUDIT,joint_F_G_between_family_G,339,7000,"First-line supervisors of mechanics, installers, and repairers",0.030893508600474132,0.030891358012364045,-2.150588110087781e-06,2.150588110087781e-06,6.961294483899363e-05,26636654.502,0.0021472144871523525,False,False,False
POST-OUTCOME FIXED-TREATMENT LOCO INFLUENCE AUDIT,joint_F_G_between_family_G,340,7010,"Computer, automated teller, and office machine repairers",0.030893508600474132,0.031172037930246747,0.00027852932977261505,0.00027852932977261505,0.009015788183034036,16558350.486299999,0.0013347896240070232,False,False,False
POST-OUTCOME FIXED-TREATMENT LOCO INFLUENCE AUDIT,joint_F_G_between_family_G,341,7020,Radio and telecommunications equipment installers and repairers,0.030893508600474132,0.031230137495506235,0.0003366288950321025,0.0003366288950321025,0.010896428093859697,12900462.173,0.001039922609903833,False,False,False
POST-OUTCOME FIXED-TREATMENT LOCO INFLUENCE AUDIT,joint_F_G_between_family_G,342,7030,Avionics technicians,0.030893508600474132,0.03087061129524722,-2.2897305226910608e-05,2.2897305226910608e-05,0.00074116881714624,1111129.7714999998,8.956957947898237e-05,False,False,False
POST-OUTCOME FIXED-TREATMENT LOCO INFLUENCE AUDIT,joint_F_G_between_family_G,343,7040,"Electric motor, power tool, and related repairers",0.030893508600474132,0.030726532463310446,-0.0001669761371636859,0.0001669761371636859,0.005404893931701991,2101661.2624,0.00016941757867427933,False,False,False
POST-OUTCOME FIXED-TREATMENT LOCO INFLUENCE AUDIT,joint_F_G_between_family_G,344,7100,"Electrical and electronics repairers, industrial and utility",0.030893508600474132,0.0308960268745817,2.5182741075664705e-06,2.5182741075664705e-06,8.151466834452795e-05,1999326.027,0.00016116820561654313,False,False,False
POST-OUTCOME FIXED-TREATMENT LOCO INFLUENCE AUDIT,joint_F_G_between_family_G,345,7110,"Electronic equipment installers and repairers, motor vehicles",0.030893508600474132,0.030893583262407844,7.466193371191698e-08,7.466193371191698e-08,2.416751514937061e-06,228337.88970000003,1.8406606756596358e-05,False,False,False
POST-OUTCOME FIXED-TREATMENT LOCO INFLUENCE AUDIT,joint_F_G_between_family_G,346,7120,Audiovisual equipment installers and repairers,0.030893508600474132,0.030935078549951305,4.156994947717221e-05,4.156994947717221e-05,0.0013455884863959487,3077006.6521,0.000248041407000162,False,False,False
POST-OUTCOME FIXED-TREATMENT LOCO INFLUENCE AUDIT,joint_F_G_between_family_G,347,7130,Security and fire alarm systems installers,0.030893508600474132,0.030875257070725675,-1.8251529748457285e-05,1.8251529748457285e-05,0.0005907885046173478,6176076.4438000005,0.0004978613516533024,False,False,False
POST-OUTCOME FIXED-TREATMENT LOCO INFLUENCE AUDIT,joint_F_G_between_family_G,348,7140,Aircraft mechanics and service technicians,0.030893508600474132,0.030663268414059818,-0.00023024018641431415,0.00023024018641431415,0.007452704365563081,15411964.381899998,0.0012423779868379107,False,False,False
POST-OUTCOME FIXED-TREATMENT LOCO INFLUENCE AUDIT,joint_F_G_between_family_G,349,7150,Automotive body and related repairers,0.030893508600474132,0.030825887381662906,-6.762121881122643e-05,6.762121881122643e-05,0.002188848786511372,12898514.0545,0.0010397655696018845,False,False,False
POST-OUTCOME FIXED-TREATMENT LOCO INFLUENCE AUDIT,joint_F_G_between_family_G,350,7160,Automotive glass installers and repairers,0.030893508600474132,0.030882041544749633,-1.1467055724499048e-05,1.1467055724499048e-05,0.0003711801036520358,2188247.3498000004,0.00017639739294626912,False,False,False
POST-OUTCOME FIXED-TREATMENT LOCO INFLUENCE AUDIT,joint_F_G_between_family_G,351,7200,Automotive service technicians and mechanics,0.030893508600474132,0.030976797846947724,8.328924647359182e-05,8.328924647359182e-05,0.0026960112414137886,85354521.076,0.006880536149334255,False,False,False
POST-OUTCOME FIXED-TREATMENT LOCO INFLUENCE AUDIT,joint_F_G_between_family_G,352,7210,Bus and truck mechanics and diesel engine specialists,0.030893508600474132,0.030440892096017073,-0.0004526165044570589,0.0004526165044570589,0.014650861134306786,34990989.983399995,0.002820668061243126,False,False,False
POST-OUTCOME FIXED-TREATMENT LOCO INFLUENCE AUDIT,joint_F_G_between_family_G,353,7220,Heavy vehicle and mobile equipment service technicians and mechanics,0.030893508600474132,0.03089132188671906,-2.1867137550736493e-06,2.1867137550736493e-06,7.078230521994155e-05,20487641.739899997,0.0016515347731899828,False,False,False
POST-OUTCOME FIXED-TREATMENT LOCO INFLUENCE AUDIT,joint_F_G_between_family_G,354,7240,Small engine mechanics,0.030893508600474132,0.030847982517873546,-4.552608260058669e-05,4.552608260058669e-05,0.0014736455864999415,4090293.4076,0.00032972373692210616,False,False,False
POST-OUTCOME FIXED-TREATMENT LOCO INFLUENCE AUDIT,joint_F_G_between_family_G,355,7260,"Miscellaneous vehicle and mobile equipment mechanics, installers, and repairers",0.030893508600474132,0.0308593559590832,-3.415264139093252e-05,3.415264139093252e-05,0.0011054957153817217,7438558.798999999,0.0005996316547766214,False,False,False
POST-OUTCOME FIXED-TREATMENT LOCO INFLUENCE AUDIT,joint_F_G_between_family_G,356,7300,Control and valve installers and repairers,0.030893508600474132,0.030891335838415003,-2.1727620591292796e-06,2.1727620591292796e-06,7.033069915198733e-05,2395988.0089,0.0001931436308327351,False,False,False
POST-OUTCOME FIXED-TREATMENT LOCO INFLUENCE AUDIT,joint_F_G_between_family_G,357,7315,"Heating, air conditioning, and refrigeration mechanics and installers",0.030893508600474132,0.030539701010218533,-0.000353807590255599,0.000353807590255599,0.011452489739225314,48442276.92140001,0.003904993353743661,False,False,False
POST-OUTCOME FIXED-TREATMENT LOCO INFLUENCE AUDIT,joint_F_G_between_family_G,358,7320,Home appliance repairers,0.030893508600474132,0.030899441416094943,5.932815620810633e-06,5.932815620810633e-06,0.0001920408490189936,4219145.7509,0.0003401106876638562,False,False,False
POST-OUTCOME FIXED-TREATMENT LOCO INFLUENCE AUDIT,joint_F_G_between_family_G,359,7330,Industrial and refractory machinery mechanics,0.030893508600474132,0.03132431593273512,0.0004308073322609844,0.0004308073322609844,0.013944914377720524,40317999.51359999,0.003250085052614368,False,False,False
POST-OUTCOME FIXED-TREATMENT LOCO INFLUENCE AUDIT,joint_F_G_between_family_G,360,7340,"Maintenance and repair workers, general",0.030893508600474132,0.030546588782767538,-0.0003469198177065945,0.0003469198177065945,0.01122953764148596,61076538.656600006,0.0049234572088895515,False,False,False
POST-OUTCOME FIXED-TREATMENT LOCO INFLUENCE AUDIT,joint_F_G_between_family_G,361,7350,"Maintenance workers, machinery",0.030893508600474132,0.030894965467374757,1.456866900624576e-06,1.456866900624576e-06,4.7157702916340716e-05,2980051.7053000005,0.00024022574582715643,False,False,False
POST-OUTCOME FIXED-TREATMENT LOCO INFLUENCE AUDIT,joint_F_G_between_family_G,362,7360,Millwrights,0.030893508600474132,0.03075701783546673,-0.0001364907650074007,0.0001364907650074007,0.00441810500621823,4545091.303699999,0.00036638557188186077,False,False,False
POST-OUTCOME FIXED-TREATMENT LOCO INFLUENCE AUDIT,joint_F_G_between_family_G,363,7410,Electrical power-line installers and repairers,0.030893508600474132,0.03020518633952038,-0.0006883222609537533,0.0006883222609537533,0.0222804819567561,13119090.7542,0.0010575465369935865,False,False,False
POST-OUTCOME FIXED-TREATMENT LOCO INFLUENCE AUDIT,joint_F_G_between_family_G,364,7420,Telecommunications line installers and repairers,0.030893508600474132,0.03056537956913334,-0.000328129031340791,0.000328129031340791,0.010621293799427984,15346975.804399999,0.0012371391752184957,False,False,False
POST-OUTCOME FIXED-TREATMENT LOCO INFLUENCE AUDIT,joint_F_G_between_family_G,365,7510,"Coin, vending, and amusement machine servicers and repairers",0.030893508600474132,0.030889252913603827,-4.2556868703053086e-06,4.2556868703053086e-06,0.00013775343310277148,3331663.6464000004,0.000268569630143747,False,False,False
POST-OUTCOME FIXED-TREATMENT LOCO INFLUENCE AUDIT,joint_F_G_between_family_G,366,7540,Locksmiths and safe repairers,0.030893508600474132,0.030882642526428885,-1.0866074045247365e-05,1.0866074045247365e-05,0.00035172677165845124,2971788.6429000003,0.00023955964989186577,False,False,False
POST-OUTCOME FIXED-TREATMENT LOCO INFLUENCE AUDIT,joint_F_G_between_family_G,367,7550,Manufactured building and mobile home installers,0.030893508600474132,0.030893485655683253,-2.29447908797753e-08,2.29447908797753e-08,7.427058925713332e-07,168257.5183,1.3563451853119737e-05,False,False,False
POST-OUTCOME FIXED-TREATMENT LOCO INFLUENCE AUDIT,joint_F_G_between_family_G,368,7560,Riggers,0.030893508600474132,0.030832008390269876,-6.150021020425583e-05,6.150021020425583e-05,0.001990716269867514,1106420.6544999997,8.918997158778356e-05,False,False,False
POST-OUTCOME FIXED-TREATMENT LOCO INFLUENCE AUDIT,joint_F_G_between_family_G,369,7610,"Helpers--installation, maintenance, and repair workers",0.030893508600474132,0.030846374295082055,-4.713430539207697e-05,4.713430539207697e-05,0.0015257025675404698,1287149.81,0.00010375877792610482,False,False,False
POST-OUTCOME FIXED-TREATMENT LOCO INFLUENCE AUDIT,joint_F_G_between_family_G,370,7700,First-line supervisors of production and operating workers,0.030893508600474132,0.030784399426876604,-0.00010910917359752831,0.00010910917359752831,0.003531783165472302,80607458.7697,0.006497869438890686,False,False,False
POST-OUTCOME FIXED-TREATMENT LOCO INFLUENCE AUDIT,joint_F_G_between_family_G,371,7710,"Aircraft structure, surfaces, rigging, and systems assemblers",0.030893508600474132,0.030893462037658286,-4.6562815846085126e-08,4.6562815846085126e-08,1.50720387406468e-06,140542.2783,1.1329291221632173e-05,False,False,False
POST-OUTCOME FIXED-TREATMENT LOCO INFLUENCE AUDIT,joint_F_G_between_family_G,372,7720,"Electrical, electronics, and electromechanical assemblers",0.030893508600474132,0.030903947030794094,1.0438430319961722e-05,1.0438430319961722e-05,0.00033788426089620394,11051376.577300001,0.0008908654759167677,False,False,False
POST-OUTCOME FIXED-TREATMENT LOCO INFLUENCE AUDIT,joint_F_G_between_family_G,373,7730,Engine and other machine assemblers,0.030893508600474132,0.030944977462780177,5.146886230604497e-05,5.146886230604497e-05,0.0016660089655616216,1115420.8651,8.991548997397174e-05,False,False,False
POST-OUTCOME FIXED-TREATMENT LOCO INFLUENCE AUDIT,joint_F_G_between_family_G,374,7740,Structural metal fabricators and fitters,0.030893508600474132,0.030836493646451038,-5.701495402309423e-05,5.701495402309423e-05,0.0018455318481442797,2192751.1317,0.00017676044851475003,False,False,False
POST-OUTCOME FIXED-TREATMENT LOCO INFLUENCE AUDIT,joint_F_G_between_family_G,375,7800,Bakers,0.030893508600474132,0.03142975043241404,0.0005362418319399091,0.0005362418319399091,0.01735775106915759,21543473.7475,0.0017366467298190577,False,False,False
POST-OUTCOME FIXED-TREATMENT LOCO INFLUENCE AUDIT,joint_F_G_between_family_G,376,7810,"Butchers and other meat, poultry, and fish processing workers",0.030893508600474132,0.030949867889225827,5.635928875169505e-05,5.635928875169505e-05,0.0018243084487603355,24572161.302300002,0.0019807930731309143,False,False,False
POST-OUTCOME FIXED-TREATMENT LOCO INFLUENCE AUDIT,joint_F_G_between_family_G,377,7830,"Food and tobacco roasting, baking, and drying machine operators and tenders",0.030893508600474132,0.030842321743455636,-5.118685701849604e-05,5.118685701849604e-05,0.0016568806631989499,1025785.2087,8.268984607890078e-05,False,False,False
POST-OUTCOME FIXED-TREATMENT LOCO INFLUENCE AUDIT,joint_F_G_between_family_G,378,7840,Food batchmakers,0.030893508600474132,0.031751648793960155,0.0008581401934860226,0.0008581401934860226,0.027777362700488233,8202041.0847,0.0006611769297065546,False,False,False
POST-OUTCOME FIXED-TREATMENT LOCO INFLUENCE AUDIT,joint_F_G_between_family_G,379,7850,Food cooking machine operators and tenders,0.030893508600474132,0.03091599499025979,2.2486389785657257e-05,2.2486389785657257e-05,0.0007278677885525813,944362.794,7.612628200933492e-05,False,False,False
POST-OUTCOME FIXED-TREATMENT LOCO INFLUENCE AUDIT,joint_F_G_between_family_G,380,7925,"Forming machine setters, operators, and tenders, metal and plastic",0.030893508600474132,0.030939807789120036,4.62991886459041e-05,4.62991886459041e-05,0.0014986704567830644,2299035.0541000003,0.00018532813023737485,False,False,False
POST-OUTCOME FIXED-TREATMENT LOCO INFLUENCE AUDIT,joint_F_G_between_family_G,381,7950,"Cutting, punching, and press machine setters, operators, and tenders, metal and plastic",0.030893508600474132,0.030954987793738013,6.14791932638803e-05,6.14791932638803e-05,0.0019900359670683944,6439841.536199999,0.0005191237901312213,False,False,False
POST-OUTCOME FIXED-TREATMENT LOCO INFLUENCE AUDIT,joint_F_G_between_family_G,382,8000,"Grinding, lapping, polishing, and buffing machine tool setters, operators, and tenders, metal and plastic",0.030893508600474132,0.031208191408463183,0.0003146828079890508,0.0003146828079890508,0.010186049505047843,3521929.3216,0.00028390718742469563,False,False,False
POST-OUTCOME FIXED-TREATMENT LOCO INFLUENCE AUDIT,joint_F_G_between_family_G,383,8030,Machinists,0.030893508600474132,0.03057797422595013,-0.00031553437452400135,0.00031553437452400135,0.010213614083288641,32185441.0124,0.002594509202048018,False,False,False
POST-OUTCOME FIXED-TREATMENT LOCO INFLUENCE AUDIT,joint_F_G_between_family_G,384,8040,"Metal furnace operators, tenders, pourers, and casters",0.030893508600474132,0.030959137706240633,6.56291057665008e-05,6.56291057665008e-05,0.002124365562204015,1820364.011,0.00014674185063355013,False,False,False
POST-OUTCOME FIXED-TREATMENT LOCO INFLUENCE AUDIT,joint_F_G_between_family_G,385,8100,"Molders and molding machine setters, operators, and tenders, metal and plastic",0.030893508600474132,0.03084298271997361,-5.052588050052237e-05,5.052588050052237e-05,0.0016354853426958093,3469436.869,0.0002796757042750225,False,False,False
POST-OUTCOME FIXED-TREATMENT LOCO INFLUENCE AUDIT,joint_F_G_between_family_G,386,8130,Tool and die makers,0.030893508600474132,0.030907293560086337,1.3784959612204994e-05,1.3784959612204994e-05,0.00044620893633277485,4062581.6353,0.00032748985582631166,False,False,False
POST-OUTCOME FIXED-TREATMENT LOCO INFLUENCE AUDIT,joint_F_G_between_family_G,387,8140,"Welding, soldering, and brazing workers",0.030893508600474132,0.03094016630647123,4.665770599709615e-05,4.665770599709615e-05,0.0015102753979967195,56097385.6572,0.004522081373449818,False,False,False
POST-OUTCOME FIXED-TREATMENT LOCO INFLUENCE AUDIT,joint_F_G_between_family_G,388,8250,Prepress technicians and workers,0.030893508600474132,0.030965981855937134,7.247325546300143e-05,7.247325546300143e-05,0.0023459056205059584,1573104.1207000003,0.00012680991742084141,False,False,False
POST-OUTCOME FIXED-TREATMENT LOCO INFLUENCE AUDIT,joint_F_G_between_family_G,389,8255,Printing press operators,0.030893508600474132,0.03083102648878199,-6.248211169214077e-05,6.248211169214077e-05,0.0020224996940354594,14222633.7242,0.0011465045347857348,False,False,False
POST-OUTCOME FIXED-TREATMENT LOCO INFLUENCE AUDIT,joint_F_G_between_family_G,390,8300,Laundry and dry-cleaning workers,0.030893508600474132,0.030531442326199146,-0.00036206627427498583,0.00036206627427498583,0.011719817226245034,11841194.691199997,0.000954533715344286,False,False,False
POST-OUTCOME FIXED-TREATMENT LOCO INFLUENCE AUDIT,joint_F_G_between_family_G,391,8310,"Pressers, textile, garment, and related materials",0.030893508600474132,0.03083433048444559,-5.917811602854095e-05,5.917811602854095e-05,0.0019155518006663938,2508855.6802999997,0.00020224203690858198,False,False,False
POST-OUTCOME FIXED-TREATMENT LOCO INFLUENCE AUDIT,joint_F_G_between_family_G,392,8320,Sewing machine operators,0.030893508600474132,0.03085074222308257,-4.276637739156208e-05,4.276637739156208e-05,0.0013843159721555788,13061985.5048,0.0010529432104461431,False,False,False
POST-OUTCOME FIXED-TREATMENT LOCO INFLUENCE AUDIT,joint_F_G_between_family_G,393,8335,Shoe and leather workers,0.030893508600474132,0.030892032514733804,-1.4760857403282868e-06,1.4760857403282868e-06,4.777980252801823e-05,989517.0514000001,7.97662239411795e-05,False,False,False
POST-OUTCOME FIXED-TREATMENT LOCO INFLUENCE AUDIT,joint_F_G_between_family_G,394,8350,"Tailors, dressmakers, and sewers",0.030893508600474132,0.03088210994249246,-1.1398657981671889e-05,1.1398657981671889e-05,0.0003689661193580631,5624918.265999999,0.00045343179222812025,False,False,False
POST-OUTCOME FIXED-TREATMENT LOCO INFLUENCE AUDIT,joint_F_G_between_family_G,395,8365,"Textile machine setters, operators, and tenders",0.030893508600474132,0.030892839791462574,-6.688090115579415e-07,6.688090115579415e-07,2.1648852521324724e-05,1428005.8833,0.00011511336456049032,False,False,False
POST-OUTCOME FIXED-TREATMENT LOCO INFLUENCE AUDIT,joint_F_G_between_family_G,396,8450,Upholsterers,0.030893508600474132,0.030766350325156438,-0.00012715827531769447,0.00012715827531769447,0.004116019224690553,2283342.0799,0.00018406309969285888,False,False,False
POST-OUTCOME FIXED-TREATMENT LOCO INFLUENCE AUDIT,joint_F_G_between_family_G,397,8500,Cabinetmakers and bench carpenters,0.030893508600474132,0.030943177410890924,4.966881041679194e-05,4.966881041679194e-05,0.001607742618655806,5271617.132199999,0.00042495173994656395,False,False,False
POST-OUTCOME FIXED-TREATMENT LOCO INFLUENCE AUDIT,joint_F_G_between_family_G,398,8510,Furniture finishers,0.030893508600474132,0.03090881579008886,1.5307189614729294e-05,1.5307189614729294e-05,0.0004954823944630999,1329588.7197,0.0001071798322375593,False,False,False
POST-OUTCOME FIXED-TREATMENT LOCO INFLUENCE AUDIT,joint_F_G_between_family_G,399,8530,"Sawing machine setters, operators, and tenders, wood",0.030893508600474132,0.03082552150628312,-6.798709419101115e-05,6.798709419101115e-05,0.0022006919016627244,2341450.7643,0.0001887473144077239,False,False,False
POST-OUTCOME FIXED-TREATMENT LOCO INFLUENCE AUDIT,joint_F_G_between_family_G,400,8540,"Woodworking machine setters, operators, and tenders, except sawing",0.030893508600474132,0.030916689524702848,2.318092422871551e-05,2.318092422871551e-05,0.0007503493542445919,1595568.2244000002,0.00012862077729822996,False,False,False
POST-OUTCOME FIXED-TREATMENT LOCO INFLUENCE AUDIT,joint_F_G_between_family_G,401,8600,"Power plant operators, distributors, and dispatchers",0.030893508600474132,0.03069664230325081,-0.00019686629722332274,0.00019686629722332274,0.006372416282309268,3986977.414,0.0003213953037025439,False,False,False
POST-OUTCOME FIXED-TREATMENT LOCO INFLUENCE AUDIT,joint_F_G_between_family_G,402,8610,Stationary engineers and boiler operators,0.030893508600474132,0.030883859982037333,-9.648618436799289e-06,9.648618436799289e-06,0.0003123186350109553,8018134.540599999,0.0006463519900451571,False,False,False
POST-OUTCOME FIXED-TREATMENT LOCO INFLUENCE AUDIT,joint_F_G_between_family_G,403,8620,Water and wastewater treatment plant and system operators,0.030893508600474132,0.03046977481746163,-0.0004237337830125011,0.0004237337830125011,0.013715948825767169,10564925.745,0.000851652057642958,False,False,False
POST-OUTCOME FIXED-TREATMENT LOCO INFLUENCE AUDIT,joint_F_G_between_family_G,404,8630,Miscellaneous plant and system operators,0.030893508600474132,0.030998514110167633,0.00010500550969350098,0.00010500550969350098,0.003398950603230914,4378222.1003,0.00035293403385282083,False,False,False
POST-OUTCOME FIXED-TREATMENT LOCO INFLUENCE AUDIT,joint_F_G_between_family_G,405,8640,"Chemical processing machine setters, operators, and tenders",0.030893508600474132,0.030732234494018466,-0.00016127410645566664,0.00016127410645566664,0.0052203234194380735,6252680.064100001,0.0005040364665974156,False,False,False
POST-OUTCOME FIXED-TREATMENT LOCO INFLUENCE AUDIT,joint_F_G_between_family_G,406,8650,"Crushing, grinding, polishing, mixing, and blending workers",0.030893508600474132,0.031064336692424675,0.00017082809195054227,0.00017082809195054227,0.00552957885618471,7671213.242700001,0.0006183862244233279,False,False,False
POST-OUTCOME FIXED-TREATMENT LOCO INFLUENCE AUDIT,joint_F_G_between_family_G,407,8710,Cutting workers,0.030893508600474132,0.03097532446193501,8.18158614608773e-05,8.18158614608773e-05,0.0026483188594390228,5242613.767899999,0.00042261374198227604,False,False,False
POST-OUTCOME FIXED-TREATMENT LOCO INFLUENCE AUDIT,joint_F_G_between_family_G,408,8720,"Extruding, forming, pressing, and compacting machine setters, operators, and tenders",0.030893508600474132,0.030918963566349527,2.5454965875394697e-05,2.5454965875394697e-05,0.0008239583986586759,1865533.3747999999,0.00015038301031144934,False,False,False
POST-OUTCOME FIXED-TREATMENT LOCO INFLUENCE AUDIT,joint_F_G_between_family_G,409,8730,"Furnace, kiln, oven, drier, and kettle operators and tenders",0.030893508600474132,0.03093139461147767,3.788601100353922e-05,3.788601100353922e-05,0.0012263421255738422,1359281.1579,0.0001095733773224771,False,False,False
POST-OUTCOME FIXED-TREATMENT LOCO INFLUENCE AUDIT,joint_F_G_between_family_G,410,8740,"Inspectors, testers, sorters, samplers, and weighers",0.030893508600474132,0.031954765928701515,0.0010612573282273823,0.0010612573282273823,0.03435211396516791,76832348.95960002,0.006193553051326736,False,False,False
POST-OUTCOME FIXED-TREATMENT LOCO INFLUENCE AUDIT,joint_F_G_between_family_G,411,8750,Jewelers and precious stone and metal workers,0.030893508600474132,0.03107773810582265,0.00018422950534851754,0.00018422950534851754,0.005963372685538544,4115644.8361,0.0003317673477119341,False,False,False
POST-OUTCOME FIXED-TREATMENT LOCO INFLUENCE AUDIT,joint_F_G_between_family_G,412,8760,Dental and ophthalmic laboratory technicians and medical appliance technicians,0.030893508600474132,0.03131714274478916,0.0004236341443150278,0.0004236341443150278,0.013712723594901945,7721937.1519,0.000622475143047514,False,False,False
POST-OUTCOME FIXED-TREATMENT LOCO INFLUENCE AUDIT,joint_F_G_between_family_G,413,8800,Packaging and filling machine operators and tenders,0.030893508600474132,0.03041871657090694,-0.00047479202956719063,0.00047479202956719063,0.015368666463475239,25673048.0797,0.002069536951870275,False,False,False
POST-OUTCOME FIXED-TREATMENT LOCO INFLUENCE AUDIT,joint_F_G_between_family_G,414,8810,Painting workers,0.030893508600474132,0.03046545292880354,-0.0004280556716705908,0.0004280556716705908,0.013855845161725052,15878962.534000002,0.0012800232999003005,False,False,False
POST-OUTCOME FIXED-TREATMENT LOCO INFLUENCE AUDIT,joint_F_G_between_family_G,415,8830,Photographic process workers and processing machine operators,0.030893508600474132,0.03089916923414161,5.660633667477211e-06,5.660633667477211e-06,0.00018323052071173086,2017490.1151000003,0.0001626324357852118,False,False,False
POST-OUTCOME FIXED-TREATMENT LOCO INFLUENCE AUDIT,joint_F_G_between_family_G,416,8850,Adhesive bonding machine operators and tenders,0.030893508600474132,0.030894160483267506,6.518827933739424e-07,6.518827933739424e-07,2.1100963370794916e-05,816490.2437,6.581831362341536e-05,False,False,False
POST-OUTCOME FIXED-TREATMENT LOCO INFLUENCE AUDIT,joint_F_G_between_family_G,417,8910,Etchers and engravers,0.030893508600474132,0.030971732239297216,7.82236388230835e-05,7.82236388230835e-05,0.0025320412723170904,557451.4763,4.493687019539006e-05,False,False,False
POST-OUTCOME FIXED-TREATMENT LOCO INFLUENCE AUDIT,joint_F_G_between_family_G,418,8920,"Molders, shapers, and casters, except metal and plastic",0.030893508600474132,0.030891694949017254,-1.8136514568778406e-06,1.8136514568778406e-06,5.870655484077991e-05,2819960.3468000004,0.00022732057846789626,False,False,False
POST-OUTCOME FIXED-TREATMENT LOCO INFLUENCE AUDIT,joint_F_G_between_family_G,419,8930,"Paper goods machine setters, operators, and tenders",0.030893508600474132,0.031085806801342146,0.00019229820086801366,0.00019229820086801366,0.006224550385483325,1829820.5060999999,0.00014750415069172298,False,False,False
POST-OUTCOME FIXED-TREATMENT LOCO INFLUENCE AUDIT,joint_F_G_between_family_G,420,8940,Tire builders,0.030893508600474132,0.030894094013746,5.854132718689786e-07,5.854132718689786e-07,1.894939417337641e-05,850864.8956,6.858929789041321e-05,False,False,False
POST-OUTCOME FIXED-TREATMENT LOCO INFLUENCE AUDIT,joint_F_G_between_family_G,421,8950,Helpers--production workers,0.030893508600474132,0.030919302391690197,2.5793791216064538e-05,2.5793791216064538e-05,0.000834925924071592,4578290.857799999,0.0003690618300255089,False,False,False
POST-OUTCOME FIXED-TREATMENT LOCO INFLUENCE AUDIT,joint_F_G_between_family_G,422,9030,Aircraft pilots and flight engineers,0.030893508600474132,0.0308165321232551,-7.697647721903109e-05,7.697647721903109e-05,0.002491671574586051,17193977.6269,0.0013860283336062736,False,False,False
POST-OUTCOME FIXED-TREATMENT LOCO INFLUENCE AUDIT,joint_F_G_between_family_G,423,9040,Air traffic controllers and airfield operations specialists,0.030893508600474132,0.030814585185441865,-7.892341503226707e-05,7.892341503226707e-05,0.0025546925100976008,3647752.1557,0.00029404992558927266,False,False,False
POST-OUTCOME FIXED-TREATMENT LOCO INFLUENCE AUDIT,joint_F_G_between_family_G,424,9050,Flight attendants,0.030893508600474132,0.031123001491099013,0.00022949289062488068,0.00022949289062488068,0.007428514954153138,10865461.289400002,0.0008758786088711332,False,False,False
POST-OUTCOME FIXED-TREATMENT LOCO INFLUENCE AUDIT,joint_F_G_between_family_G,425,9110,"Ambulance drivers and attendants, except emergency medical technicians",0.030893508600474132,0.031003086491364323,0.00010957789089019107,0.00010957789089019107,0.003546955197199885,1251391.2592,0.00010087623581438548,False,False,False
POST-OUTCOME FIXED-TREATMENT LOCO INFLUENCE AUDIT,joint_F_G_between_family_G,426,9122,"Bus drivers, transit and intercity",0.030893508600474132,0.03092271664604296,2.9208045568829277e-05,2.9208045568829277e-05,0.0009454428095739509,22328923.940340117,0.0017999628655926503,False,False,False
POST-OUTCOME FIXED-TREATMENT LOCO INFLUENCE AUDIT,joint_F_G_between_family_G,427,9130,Driver/sales workers and truck drivers,0.030893508600474132,0.025127659608323315,-0.005765848992150817,0.005765848992150817,0.18663626287052182,343819414.8974999,0.02771571890068724,False,False,False
POST-OUTCOME FIXED-TREATMENT LOCO INFLUENCE AUDIT,joint_F_G_between_family_G,428,9210,Locomotive engineers and operators,0.030893508600474132,0.030935347629117312,4.1839028643179954e-05,4.1839028643179954e-05,0.0013542983797747673,4395863.026137389,0.0003543560912482786,False,False,False
POST-OUTCOME FIXED-TREATMENT LOCO INFLUENCE AUDIT,joint_F_G_between_family_G,429,9240,Railroad conductors and yardmasters,0.030893508600474132,0.03098803849958555,9.452989911141671e-05,9.452989911141671e-05,0.003059862844777881,5062184.8339,0.00040806913687966586,False,False,False
POST-OUTCOME FIXED-TREATMENT LOCO INFLUENCE AUDIT,joint_F_G_between_family_G,430,9300,Sailors and marine oilers,0.030893508600474132,0.03095147410539015,5.796550491601882e-05,5.796550491601882e-05,0.0018763004767651805,2076487.5148000002,0.00016738829096704953,False,False,False
POST-OUTCOME FIXED-TREATMENT LOCO INFLUENCE AUDIT,joint_F_G_between_family_G,431,9310,Ship and boat captains and operators,0.030893508600474132,0.030884833135503987,-8.675464970145375e-06,8.675464970145375e-06,0.00028081837781326755,3901688.9679000005,0.00031452009394078944,False,False,False
POST-OUTCOME FIXED-TREATMENT LOCO INFLUENCE AUDIT,joint_F_G_between_family_G,432,9350,Parking attendants,0.030893508600474132,0.031049092733978503,0.00015558413350437103,0.00015558413350437103,0.005036143207831798,5750158.778999999,0.00046352758875060776,False,False,False
POST-OUTCOME FIXED-TREATMENT LOCO INFLUENCE AUDIT,joint_F_G_between_family_G,433,9410,Transportation inspectors,0.030893508600474132,0.031047600881203986,0.00015409228072985406,0.00015409228072985406,0.004987853038080924,3882156.0349,0.00031294551944942344,False,False,False
POST-OUTCOME FIXED-TREATMENT LOCO INFLUENCE AUDIT,joint_F_G_between_family_G,434,9415,Passenger attendants,0.030893508600474132,0.030896222615545046,2.7140150709141497e-06,2.7140150709141497e-06,8.785065840247414e-05,2671401.5552000003,0.00021534506594647897,False,False,False
POST-OUTCOME FIXED-TREATMENT LOCO INFLUENCE AUDIT,joint_F_G_between_family_G,435,9510,Crane and tower operators,0.030893508600474132,0.03086439037387752,-2.911822659661112e-05,2.911822659661112e-05,0.0009425354359447613,5916504.9982,0.00047693696836028976,False,False,False
POST-OUTCOME FIXED-TREATMENT LOCO INFLUENCE AUDIT,joint_F_G_between_family_G,436,9570,"Conveyor, dredge, and hoist and winch operators",0.030893508600474132,0.030958773616285847,6.52650158117149e-05,6.52650158117149e-05,0.0021125802399379542,2675560.4515989,0.00021568031985749893,False,False,False
POST-OUTCOME FIXED-TREATMENT LOCO INFLUENCE AUDIT,joint_F_G_between_family_G,437,9600,Industrial truck and tractor operators,0.030893508600474132,0.03103435390708318,0.00014084530660904773,0.00014084530660904773,0.0045590582937829905,61465442.0219,0.004954807202185885,False,False,False
POST-OUTCOME FIXED-TREATMENT LOCO INFLUENCE AUDIT,joint_F_G_between_family_G,438,9610,Cleaners of vehicles and equipment,0.030893508600474132,0.030489741219792817,-0.00040376738068131565,0.00040376738068131565,0.013069651165329889,28124023.565100003,0.0022671131928922476,False,False,False
POST-OUTCOME FIXED-TREATMENT LOCO INFLUENCE AUDIT,joint_F_G_between_family_G,439,9620,"Laborers and freight, stock, and material movers, hand",0.030893508600474132,0.030645139096511807,-0.000248369503962325,0.000248369503962325,0.008039536951737272,188309665.85270002,0.015179880887796041,False,False,False
POST-OUTCOME FIXED-TREATMENT LOCO INFLUENCE AUDIT,joint_F_G_between_family_G,440,9630,Machine feeders and offbearers,0.030893508600474132,0.030899085652922206,5.5770524480733275e-06,5.5770524480733275e-06,0.0001805250585227388,2122411.2681,0.00017109026293889629,False,False,False
POST-OUTCOME FIXED-TREATMENT LOCO INFLUENCE AUDIT,joint_F_G_between_family_G,441,9640,"Packers and packagers, hand",0.030893508600474132,0.030757289844953586,-0.00013621875552054588,0.00013621875552054588,0.004409300260523186,55677709.6437,0.004488250757971065,False,False,False
POST-OUTCOME FIXED-TREATMENT LOCO INFLUENCE AUDIT,joint_F_G_between_family_G,442,9645,Stockers and order fillers,0.030893508600474132,0.02992290529296565,-0.0009706033075084809,0.0009706033075084809,0.03141771043427501,131234642.18769999,0.010578990875168904,False,False,False
POST-OUTCOME FIXED-TREATMENT LOCO INFLUENCE AUDIT,joint_F_G_between_family_G,443,9650,Pumping station operators,0.030893508600474132,0.030909093935222117,1.558533474798479e-05,1.558533474798479e-05,0.000504485746489332,1831480.1794,0.00014763793906043246,False,False,False
POST-OUTCOME FIXED-TREATMENT LOCO INFLUENCE AUDIT,joint_F_G_between_family_G,444,9720,Refuse and recyclable material collectors,0.030893508600474132,0.030690316682341373,-0.0002031919181327592,0.0002031919181327592,0.006577171947690031,9954648.7303,0.0008024568538292982,False,False,False
