draw,mode,control,target,observed_q5,bootstrap_q5,q5_shift,observed_baseline_q5,bootstrap_baseline_q5,observed_conditioning_movement,bootstrap_conditioning_movement,conditioning_movement_shift,observed_shortfall_z_coefficient,bootstrap_shortfall_z_coefficient,shortfall_z_coefficient_shift,observed_shortfall_raw_coefficient,bootstrap_shortfall_raw_coefficient,support_occupations,occupations_reclassified,shortfall_weighted_mean,shortfall_weighted_sd,fit_iterations,baseline_iterations,shortfall_raw_coefficient_shift
301,fixed_shortfalls_fixed_labels,total,pooled,-0.16377116430786862,-0.14429532085950728,0.01947584344836134,-0.16416781512267428,-0.14057251200862655,0.0003966508148056658,-0.003722808850880721,-0.004119459665686387,0.0011366840378451543,-0.010391511987373987,-0.011528196025219142,0.006380345985753297,-0.05832882277491861,363,4,0.06170076814319721,0.17815398105106858,5,5,-0.06470916876067191
301,fixed_shortfalls_fixed_labels,total,family_month,-0.08757516874077126,-0.005274221634210628,0.08230094710656063,-0.08707653255014933,-0.014048845267152749,-0.0004986361906219317,0.008774623632942121,0.009273259823564053,0.0007879175334437423,-0.014265846976589959,-0.0150537645100337,0.004422677106597368,-0.08007593707659327,363,4,0.06170076814319721,0.17815398105106858,6,6,-0.08449861418319064
301,fixed_shortfalls_fixed_labels,total,family_month_minus_pooled,0.07619599556709736,0.13902109922529665,0.0628251036581993,0.07709128257252496,0.1265236667414738,-0.0008952870054275974,0.012497432483822846,0.013392719489250443,-0.00034876650440141205,-0.0038743349892159714,-0.0035255684848145593,-0.001957668879155929,-0.02174711430167467,363,4,0.06170076814319721,0.17815398105106858,6,6,-0.01978944542251874
301,fixed_shortfalls_fixed_labels,young_relative,pooled,-0.16302713404283437,-0.14175845539025542,0.02126867865257895,-0.16416781512267428,-0.14057251200862655,0.001140681079839917,-0.0011859433816288623,-0.002326624461468779,-0.007915802788313398,0.008107197400618143,0.01602300018893154,-0.20750767833248854,0.21252496498133472,363,4,-0.0004626710527536109,0.03814703557923262,5,5,0.4200326433138233
301,fixed_shortfalls_fixed_labels,young_relative,family_month,-0.08095036094304571,-0.014696448561105972,0.06625391238193974,-0.08707653255014933,-0.014048845267152749,0.006126171607103617,-0.0006476032939532229,-0.00677377490105684,-0.013489387901370265,0.0013810796917234738,0.014870467593093739,-0.35361562691686416,0.03620411575245282,363,4,-0.0004626710527536109,0.03814703557923262,6,6,0.38981974266931696
301,fixed_shortfalls_fixed_labels,young_relative,family_month_minus_pooled,0.08207677309978866,0.12706200682914945,0.04498523372936079,0.07709128257252496,0.1265236667414738,0.0049854905272637,0.0005383400876756428,-0.004447150439588057,-0.005573585113056867,-0.006726117708894669,-0.0011525325958378022,-0.1461079485843756,-0.1763208492288819,363,4,-0.0004626710527536109,0.03814703557923262,6,6,-0.030212900644506296
301,regenerated_shortfalls_fixed_labels,total,pooled,-0.16377116430786862,-0.14016013513640868,0.023611029171459935,-0.16416781512267428,-0.14057251200862655,0.0003966508148056658,0.00041237687221787334,1.572605741220756e-05,0.0011366840378451543,0.0009617827950547161,-0.00017490124279043824,0.006380345985753297,0.004441638382859726,363,4,0.04703627980040987,0.21653784305499385,5,5,-0.0019387076028935706
301,regenerated_shortfalls_fixed_labels,total,family_month,-0.08757516874077126,-0.00925804278529612,0.07831712595547513,-0.08707653255014933,-0.014048845267152749,-0.0004986361906219317,0.004790802481856628,0.005289438672478559,0.0007879175334437423,-0.009452826797421042,-0.010240744330864783,0.004422677106597368,-0.04365438698408167,363,4,0.04703627980040987,0.21653784305499385,6,6,-0.048077064090679036
301,regenerated_shortfalls_fixed_labels,total,family_month_minus_pooled,0.07619599556709736,0.13090209235111255,0.054706096784015196,0.07709128257252496,0.1265236667414738,-0.0008952870054275974,0.0043784256096387475,0.005273712615066345,-0.00034876650440141205,-0.010414609592475758,-0.010065843088074346,-0.001957668879155929,-0.04809602536694139,363,4,0.04703627980040987,0.21653784305499385,6,6,-0.046138356487785456
301,regenerated_shortfalls_fixed_labels,young_relative,pooled,-0.16302713404283437,-0.14076147390520907,0.022265660137625293,-0.16416781512267428,-0.14057251200862655,0.001140681079839917,-0.00018896189658251794,-0.001329642976422435,-0.007915802788313398,0.004061861481793003,0.011977664270106402,-0.20750767833248854,0.08252209563585247,363,4,-0.001897347751826234,0.04922150183530107,5,5,0.290029773968341
301,regenerated_shortfalls_fixed_labels,young_relative,family_month,-0.08095036094304571,-0.01434926053652253,0.06660110040652317,-0.08707653255014933,-0.014048845267152749,0.006126171607103617,-0.00030041526936978175,-0.006426586876473399,-0.013489387901370265,0.000627977835252146,0.01411736573662241,-0.35361562691686416,0.012758201433052736,363,4,-0.001897347751826234,0.04922150183530107,6,6,0.3663738283499169
301,regenerated_shortfalls_fixed_labels,young_relative,family_month_minus_pooled,0.08207677309978866,0.12641221336868655,0.044335440268897894,0.07709128257252496,0.1265236667414738,0.0049854905272637,-0.00011145337278725687,-0.005096943900050957,-0.005573585113056867,-0.003433883646540857,0.0021397014665160098,-0.1461079485843756,-0.06976389420279973,363,4,-0.001897347751826234,0.04922150183530107,6,6,0.07634405438157586
301,regenerated_shortfalls_and_labels,total,pooled,-0.16377116430786862,-0.13992452050227638,0.023846643805592233,-0.16416781512267428,-0.14022058103436238,0.0003966508148056658,0.000296060532086001,-0.00010059028271966475,0.0011366840378451543,0.0006936986327587513,-0.000442985405086403,0.006380345985753297,0.003203590757956213,363,4,0.04703627980040987,0.21653784305499385,5,5,-0.0031767552277970836
301,regenerated_shortfalls_and_labels,total,family_month,-0.08757516874077126,-0.01554606928288729,0.07202909945788397,-0.08707653255014933,-0.020316746026666627,-0.0004986361906219317,0.004770676743779338,0.00526931293440127,0.0007879175334437423,-0.00940249486479957,-0.010190412398243313,0.004422677106597368,-0.043421947554966776,363,4,0.04703627980040987,0.21653784305499385,6,6,-0.047844624661564146
301,regenerated_shortfalls_and_labels,total,family_month_minus_pooled,0.07619599556709736,0.12437845121938909,0.048182455652291734,0.07709128257252496,0.11990383500769576,-0.0008952870054275974,0.00447461621169333,0.005369903217120928,-0.00034876650440141205,-0.01009619349755832,-0.00974742699315691,-0.001957668879155929,-0.04662553831292299,363,4,0.04703627980040987,0.21653784305499385,6,6,-0.044667869433767056
301,regenerated_shortfalls_and_labels,young_relative,pooled,-0.16302713404283437,-0.1404068902192131,0.022620243823621267,-0.16416781512267428,-0.14022058103436238,0.001140681079839917,-0.00018630918485071368,-0.0013269902646906306,-0.007915802788313398,0.00402130416084691,0.011937106949160309,-0.20750767833248854,0.08169811994567949,363,4,-0.001897347751826234,0.04922150183530107,5,5,0.28920579827816806
301,regenerated_shortfalls_and_labels,young_relative,family_month,-0.08095036094304571,-0.020665674164729652,0.060284686778316054,-0.08707653255014933,-0.020316746026666627,0.006126171607103617,-0.00034892813806302464,-0.006475099745166642,-0.013489387901370265,0.0007595057416680042,0.014248893643038269,-0.35361562691686416,0.015430365050813947,363,4,-0.001897347751826234,0.04922150183530107,6,6,0.3690459919676781
301,regenerated_shortfalls_and_labels,young_relative,family_month_minus_pooled,0.08207677309978866,0.11974121605448344,0.03766444295469479,0.07709128257252496,0.11990383500769576,0.0049854905272637,-0.0001626189532123179,-0.005148109480476018,-0.005573585113056867,-0.003261798419178906,0.0023117866938779604,-0.1461079485843756,-0.06626775489486555,363,4,-0.001897347751826234,0.04922150183530107,6,6,0.07984019368951004
302,fixed_shortfalls_fixed_labels,total,pooled,-0.16377116430786862,-0.11863798026245957,0.045133184045409044,-0.16416781512267428,-0.12374642530005972,0.0003966508148056658,0.005108445037600148,0.004711794222794483,0.0011366840378451543,0.014882090729888794,0.01374540669204364,0.006380345985753297,0.08353498834035475,363,1,0.06170076814319721,0.17815398105106858,5,5,0.07715464235460145
302,fixed_shortfalls_fixed_labels,total,family_month,-0.08757516874077126,-0.03376700625305782,0.05380816248771344,-0.08707653255014933,-0.02613727012337332,-0.0004986361906219317,-0.007629736129684501,-0.007131099939062569,0.0007879175334437423,0.011523452691441097,0.010735535157997356,0.004422677106597368,0.06468254385029909,363,1,0.06170076814319721,0.17815398105106858,6,6,0.06025986674370172
302,fixed_shortfalls_fixed_labels,total,family_month_minus_pooled,0.07619599556709736,0.08487097400940175,0.008674978442304387,0.07709128257252496,0.0976091551766864,-0.0008952870054275974,-0.01273818116728466,-0.011842894161857062,-0.00034876650440141205,-0.003358638038447697,-0.003009871534046285,-0.001957668879155929,-0.018852444490055652,363,1,0.06170076814319721,0.17815398105106858,6,6,-0.016894775610899724
302,fixed_shortfalls_fixed_labels,young_relative,pooled,-0.16302713404283437,-0.12162603106143591,0.04140110298139846,-0.16416781512267428,-0.12374642530005972,0.001140681079839917,0.002120394238623813,0.0009797131587838959,-0.007915802788313398,-0.013966377731943572,-0.0060505749436301735,-0.20750767833248854,-0.3661196085062745,363,1,-0.0004626710527536109,0.03814703557923262,5,5,-0.15861193017378597
302,fixed_shortfalls_fixed_labels,young_relative,family_month,-0.08095036094304571,-0.019365367095001293,0.06158499384804442,-0.08707653255014933,-0.02613727012337332,0.006126171607103617,0.006771903028372026,0.0006457314212684091,-0.013489387901370265,-0.014408188103465608,-0.0009188002020953431,-0.35361562691686416,-0.3777013832055006,363,1,-0.0004626710527536109,0.03814703557923262,6,6,-0.024085756288636462
302,fixed_shortfalls_fixed_labels,young_relative,family_month_minus_pooled,0.08207677309978866,0.10226066396643461,0.02018389086664596,0.07709128257252496,0.0976091551766864,0.0049854905272637,0.00465150878974821,-0.0003339817375154902,-0.005573585113056867,-0.00044181037152203617,0.0051317747415348305,-0.1461079485843756,-0.01158177469922615,363,1,-0.0004626710527536109,0.03814703557923262,6,6,0.13452617388514945
302,regenerated_shortfalls_fixed_labels,total,pooled,-0.16377116430786862,-0.12238989444702583,0.041381269860842784,-0.16416781512267428,-0.12374642530005972,0.0003966508148056658,0.0013565308530338882,0.0009598800382282224,0.0011366840378451543,0.0031313703460799504,0.001994686308234796,0.006380345985753297,0.015083960383108143,363,1,0.05459784463641674,0.20759603357130485,5,5,0.008703614397354845
302,regenerated_shortfalls_fixed_labels,total,family_month,-0.08757516874077126,-0.024941458438500944,0.06263371030227032,-0.08707653255014933,-0.02613727012337332,-0.0004986361906219317,0.0011958116848723756,0.0016944478754943072,0.0007879175334437423,-0.0023720142997204364,-0.0031599318331641786,0.004422677106597368,-0.011426106072039664,363,1,0.05459784463641674,0.20759603357130485,6,6,-0.015848783178637034
302,regenerated_shortfalls_fixed_labels,total,family_month_minus_pooled,0.07619599556709736,0.09744843600852489,0.02125244044142753,0.07709128257252496,0.0976091551766864,-0.0008952870054275974,-0.0001607191681615161,0.0007345678372660813,-0.00034876650440141205,-0.005503384645800387,-0.0051546181413989756,-0.001957668879155929,-0.02651006645514781,363,1,0.05459784463641674,0.20759603357130485,6,6,-0.024552397575991883
302,regenerated_shortfalls_fixed_labels,young_relative,pooled,-0.16302713404283437,-0.1229463018663608,0.04008083217647357,-0.16416781512267428,-0.12374642530005972,0.001140681079839917,0.0008001234336989238,-0.00034055764614099315,-0.007915802788313398,-0.013225938167659535,-0.005310135379346137,-0.20750767833248854,-0.26492386638946863,363,1,0.001606532620865113,0.049923543499157154,5,5,-0.057416188056980094
302,regenerated_shortfalls_fixed_labels,young_relative,family_month,-0.08095036094304571,-0.014979323771198138,0.06597103717184757,-0.08707653255014933,-0.02613727012337332,0.006126171607103617,0.011157946352175182,0.0050317747450715645,-0.013489387901370265,-0.019114436028290754,-0.0056250481269204886,-0.35361562691686416,-0.3828741849747396,363,1,0.001606532620865113,0.049923543499157154,6,6,-0.029258558057875417
302,regenerated_shortfalls_fixed_labels,young_relative,family_month_minus_pooled,0.08207677309978866,0.10796697809516266,0.025890204995374005,0.07709128257252496,0.0976091551766864,0.0049854905272637,0.010357822918476256,0.005372332391212556,-0.005573585113056867,-0.0058884978606312186,-0.0003149127475743519,-0.1461079485843756,-0.11795031858527094,363,1,0.001606532620865113,0.049923543499157154,6,6,0.02815762999910465
302,regenerated_shortfalls_and_labels,total,pooled,-0.16377116430786862,-0.12246213585052793,0.04130902845734069,-0.16416781512267428,-0.12375312404880748,0.0003966508148056658,0.0012909881982795524,0.0008943373834738866,0.0011366840378451543,0.0029802074929529284,0.001843523455107774,0.006380345985753297,0.014355801706246426,363,1,0.05459784463641674,0.20759603357130485,5,5,0.00797545572049313
302,regenerated_shortfalls_and_labels,total,family_month,-0.08757516874077126,-0.026474622719494717,0.06110054602127654,-0.08707653255014933,-0.02778854126685893,-0.0004986361906219317,0.0013139185473642137,0.0018125547379861454,0.0007879175334437423,-0.0025410351660867065,-0.003328952699530449,0.004422677106597368,-0.012240287650842398,363,1,0.05459784463641674,0.20759603357130485,6,6,-0.016662964757439766
302,regenerated_shortfalls_and_labels,total,family_month_minus_pooled,0.07619599556709736,0.09598751313103321,0.01979151756393585,0.07709128257252496,0.09596458278194855,-0.0008952870054275974,2.293034908465441e-05,0.0009182173545122518,-0.00034876650440141205,-0.0055212426590396345,-0.005172476154638223,-0.001957668879155929,-0.02659608935708882,363,1,0.05459784463641674,0.20759603357130485,6,6,-0.024638420477932892
302,regenerated_shortfalls_and_labels,young_relative,pooled,-0.16302713404283437,-0.1229527424600741,0.04007439158276027,-0.16416781512267428,-0.12375312404880748,0.001140681079839917,0.0008003815887333843,-0.0003402994911065327,-0.007915802788313398,-0.013225666900417696,-0.005309864112104297,-0.20750767833248854,-0.264918432735869,363,1,0.001606532620865113,0.049923543499157154,5,5,-0.057410754403380476
302,regenerated_shortfalls_and_labels,young_relative,family_month,-0.08095036094304571,-0.01661660897177187,0.06433375197127383,-0.08707653255014933,-0.02778854126685893,0.006126171607103617,0.011171932295087061,0.005045760687983444,-0.013489387901370265,-0.019097882250162904,-0.005608494348792639,-0.35361562691686416,-0.38254260237928284,363,1,0.001606532620865113,0.049923543499157154,6,6,-0.02892697546241868
302,regenerated_shortfalls_and_labels,young_relative,family_month_minus_pooled,0.08207677309978866,0.10633613348830223,0.024259360388513576,0.07709128257252496,0.09596458278194855,0.0049854905272637,0.010371550706353677,0.005386060179089977,-0.005573585113056867,-0.0058722153497452086,-0.0002986302366883419,-0.1461079485843756,-0.11762416964341378,363,1,0.001606532620865113,0.049923543499157154,6,6,0.02848377894096181
303,fixed_shortfalls_fixed_labels,total,pooled,-0.16377116430786862,-0.16848838429970636,-0.0047172199918377455,-0.16416781512267428,-0.16967806770368016,0.0003966508148056658,0.0011896834039737958,0.00079303258916813,0.0011366840378451543,0.0030469828953226708,0.0019102988574775165,0.006380345985753297,0.017103086202992234,363,4,0.06170076814319721,0.17815398105106858,5,5,0.010722740217238937
303,fixed_shortfalls_fixed_labels,total,family_month,-0.08757516874077126,-0.13860983053701842,-0.05103466179624716,-0.08707653255014933,-0.1348068927800287,-0.0004986361906219317,-0.003802937756989727,-0.0033043015663677955,0.0007879175334437423,0.00634874925913732,0.005560831725693578,0.004422677106597368,0.03563630305470089,363,4,0.06170076814319721,0.17815398105106858,7,7,0.03121362594810352
303,fixed_shortfalls_fixed_labels,total,family_month_minus_pooled,0.07619599556709736,0.029878553762687943,-0.046317441804409415,0.07709128257252496,0.034871174923651466,-0.0008952870054275974,-0.004992621160963523,-0.0040973341555359255,-0.00034876650440141205,0.0033017663638146492,0.0036505328682160613,-0.001957668879155929,0.018533216851708657,363,4,0.06170076814319721,0.17815398105106858,7,7,0.020490885730864584
303,fixed_shortfalls_fixed_labels,young_relative,pooled,-0.16302713404283437,-0.1685767671904082,-0.00554963314757384,-0.16416781512267428,-0.16967806770368016,0.001140681079839917,0.0011013005132719522,-3.9380566567964737e-05,-0.007915802788313398,-0.009216611834308955,-0.0013008090459955563,-0.20750767833248854,-0.24160755074049606,363,4,-0.0004626710527536109,0.03814703557923262,5,5,-0.03409987240800752
303,fixed_shortfalls_fixed_labels,young_relative,family_month,-0.08095036094304571,-0.12679448725711617,-0.04584412631407046,-0.08707653255014933,-0.1348068927800287,0.006126171607103617,0.008012405522912519,0.001886233915808902,-0.013489387901370265,-0.017534324522083686,-0.004044936620713421,-0.35361562691686416,-0.45965103856272993,363,4,-0.0004626710527536109,0.03814703557923262,7,7,-0.10603541164586577
303,fixed_shortfalls_fixed_labels,young_relative,family_month_minus_pooled,0.08207677309978866,0.04178227993329203,-0.04029449316649662,0.07709128257252496,0.034871174923651466,0.0049854905272637,0.006911105009640567,0.0019256144823768667,-0.005573585113056867,-0.008317712687774731,-0.0027441275747178643,-0.1461079485843756,-0.21804348782223387,363,4,-0.0004626710527536109,0.03814703557923262,7,7,-0.07193553923785828
303,regenerated_shortfalls_fixed_labels,total,pooled,-0.16377116430786862,-0.1687392455566704,-0.00496808124880177,-0.16416781512267428,-0.16967806770368016,0.0003966508148056658,0.0009388221470097713,0.0005421713322041055,0.0011366840378451543,0.004468778345538414,0.00333209430769326,0.006380345985753297,0.021726933633422475,363,4,0.07153853455784104,0.20567920079914573,5,5,0.015346587647669177
303,regenerated_shortfalls_fixed_labels,total,family_month,-0.08757516874077126,-0.14090028794187523,-0.05332511920110397,-0.08707653255014933,-0.1348068927800287,-0.0004986361906219317,-0.006093395161846538,-0.005594758971224606,0.0007879175334437423,0.006827137343387192,0.00603921980994345,0.004422677106597368,0.03319313434154276,363,4,0.07153853455784104,0.20567920079914573,7,7,0.02877045723494539
303,regenerated_shortfalls_fixed_labels,total,family_month_minus_pooled,0.07619599556709736,0.027838957614795157,-0.0483570379523022,0.07709128257252496,0.034871174923651466,-0.0008952870054275974,-0.007032217308856309,-0.0061369303034287115,-0.00034876650440141205,0.002358358997848778,0.00270712550225019,-0.001957668879155929,0.01146620070812028,363,4,0.07153853455784104,0.20567920079914573,7,7,0.01342386958727621
303,regenerated_shortfalls_fixed_labels,young_relative,pooled,-0.16302713404283437,-0.16648071683489618,-0.0034535827920618156,-0.16416781512267428,-0.16967806770368016,0.001140681079839917,0.003197350868783977,0.00205666978894406,-0.007915802788313398,-0.016349763886960064,-0.008433961098646666,-0.20750767833248854,-0.3208984196396592,363,4,0.0014343290555472862,0.050949966987433024,5,5,-0.11339074130717067
303,regenerated_shortfalls_fixed_labels,young_relative,family_month,-0.08095036094304571,-0.11491026966337178,-0.033959908720326074,-0.08707653255014933,-0.1348068927800287,0.006126171607103617,0.01989662311665691,0.013770451509553291,-0.013489387901370265,-0.027126318848218544,-0.013636930946848279,-0.35361562691686416,-0.5324109209905737,363,4,0.0014343290555472862,0.050949966987433024,7,7,-0.1787952940737096
303,regenerated_shortfalls_fixed_labels,young_relative,family_month_minus_pooled,0.08207677309978866,0.0515704471715244,-0.030506325928264258,0.07709128257252496,0.034871174923651466,0.0049854905272637,0.01669927224787293,0.011713781720609232,-0.005573585113056867,-0.01077655496125848,-0.005202969848201613,-0.1461079485843756,-0.21151250135091457,363,4,0.0014343290555472862,0.050949966987433024,7,7,-0.06540455276653898
303,regenerated_shortfalls_and_labels,total,pooled,-0.16377116430786862,-0.16870743609845568,-0.00493627179058706,-0.16416781512267428,-0.16963189961002237,0.0003966508148056658,0.0009244635115666922,0.0005278126967610264,0.0011366840378451543,0.0043375666259678,0.003200882588122646,0.006380345985753297,0.021088990083171385,363,4,0.07153853455784104,0.20567920079914573,5,5,0.014708644097418087
303,regenerated_shortfalls_and_labels,total,family_month,-0.08757516874077126,-0.14535451699757823,-0.05777934825680697,-0.08707653255014933,-0.13933202008083664,-0.0004986361906219317,-0.006022496916741588,-0.005523860726119656,0.0007879175334437423,0.006801168274653427,0.006013250741209685,0.004422677106597368,0.03306687427911124,363,4,0.07153853455784104,0.20567920079914573,7,7,0.028644197172513867
303,regenerated_shortfalls_and_labels,total,family_month_minus_pooled,0.07619599556709736,0.023352919100877445,-0.05284307646621991,0.07709128257252496,0.030299879529185725,-0.0008952870054275974,-0.00694696042830828,-0.006051673422880682,-0.00034876650440141205,0.002463601648685627,0.002812368153087039,-0.001957668879155929,0.011977884195939852,363,4,0.07153853455784104,0.20567920079914573,7,7,0.013935553075095782
303,regenerated_shortfalls_and_labels,young_relative,pooled,-0.16302713404283437,-0.16652177121409273,-0.0034946371712583635,-0.16416781512267428,-0.16963189961002237,0.001140681079839917,0.00311012839592964,0.001969447316089723,-0.007915802788313398,-0.016485573095102218,-0.00856977030678882,-0.20750767833248854,-0.32356396029007123,363,4,0.0014343290555472862,0.050949966987433024,5,5,-0.11605628195758269
303,regenerated_shortfalls_and_labels,young_relative,family_month,-0.08095036094304571,-0.11986586481254116,-0.03891550386949545,-0.08707653255014933,-0.13933202008083664,0.006126171607103617,0.019466155268295482,0.013339983661191865,-0.013489387901370265,-0.027182045190226756,-0.013692657288856491,-0.35361562691686416,-0.5335046673716451,363,4,0.0014343290555472862,0.050949966987433024,7,7,-0.179889040454781
303,regenerated_shortfalls_and_labels,young_relative,family_month_minus_pooled,0.08207677309978866,0.04665590640155157,-0.03542086669823709,0.07709128257252496,0.030299879529185725,0.0049854905272637,0.016356026872365842,0.011370536345102142,-0.005573585113056867,-0.010696472095124539,-0.005122886982067672,-0.1461079485843756,-0.20994070708157395,363,4,0.0014343290555472862,0.050949966987433024,7,7,-0.06383275849719836
304,fixed_shortfalls_fixed_labels,total,pooled,-0.16377116430786862,-0.1646147911680303,-0.0008436268601616781,-0.16416781512267428,-0.16373867122351954,0.0003966508148056658,-0.0008761199445107559,-0.0012727707593164217,0.0011366840378451543,-0.002449756789078131,-0.0035864408269232853,0.006380345985753297,-0.013750783309051611,363,4,0.06170076814319721,0.17815398105106858,5,5,-0.020131129294804907
304,fixed_shortfalls_fixed_labels,total,family_month,-0.08757516874077126,-0.09255152314781004,-0.00497635440703878,-0.08707653255014933,-0.0950922279631224,-0.0004986361906219317,0.002540704815312364,0.0030393410059342957,0.0007879175334437423,-0.004050504312565724,-0.004838421846009466,0.004422677106597368,-0.022735974176207884,363,4,0.06170076814319721,0.17815398105106858,6,6,-0.02715865128280525
304,fixed_shortfalls_fixed_labels,total,family_month_minus_pooled,0.07619599556709736,0.07206326802022026,-0.004132727546877102,0.07709128257252496,0.06864644326039714,-0.0008952870054275974,0.00341682475982312,0.004312111765250717,-0.00034876650440141205,-0.0016007475234875931,-0.001251981019086181,-0.001957668879155929,-0.008985190867156273,363,4,0.06170076814319721,0.17815398105106858,6,6,-0.007027521988000343
304,fixed_shortfalls_fixed_labels,young_relative,pooled,-0.16302713404283437,-0.16252428497678104,0.0005028490660533291,-0.16416781512267428,-0.16373867122351954,0.001140681079839917,0.0012143862467385025,7.370516689858553e-05,-0.007915802788313398,-0.008183509219145398,-0.0002677064308319998,-0.20750767833248854,-0.21452543021719173,363,4,-0.0004626710527536109,0.03814703557923262,5,5,-0.007017751884703188
304,fixed_shortfalls_fixed_labels,young_relative,family_month,-0.08095036094304571,-0.09029091701674608,-0.009340556073700365,-0.08707653255014933,-0.0950922279631224,0.006126171607103617,0.004801310946376328,-0.0013248606607272895,-0.013489387901370265,-0.010942381655977391,0.0025470062453928737,-0.35361562691686416,-0.28684749653088276,363,4,-0.0004626710527536109,0.03814703557923262,6,6,0.0667681303859814
304,fixed_shortfalls_fixed_labels,young_relative,family_month_minus_pooled,0.08207677309978866,0.07223336796003496,-0.009843405139753694,0.07709128257252496,0.06864644326039714,0.0049854905272637,0.003586924699637825,-0.001398565827625875,-0.005573585113056867,-0.002758872436831993,0.0028147126762248734,-0.1461079485843756,-0.07232206631369104,363,4,-0.0004626710527536109,0.03814703557923262,6,6,0.07378588227068456
304,regenerated_shortfalls_fixed_labels,total,pooled,-0.16377116430786862,-0.16520386010104676,-0.0014326957931781459,-0.16416781512267428,-0.16373867122351954,0.0003966508148056658,-0.0014651888775272237,-0.0018618396923328895,0.0011366840378451543,-0.005033437645912485,-0.00617012168375764,0.006380345985753297,-0.02346983297225521,363,4,0.0635059673234089,0.21446414432785899,5,5,-0.029850178958008507
304,regenerated_shortfalls_fixed_labels,total,family_month,-0.08757516874077126,-0.09290849602775518,-0.0053333272869839216,-0.08707653255014933,-0.0950922279631224,-0.0004986361906219317,0.0021837319353672224,0.002682368125989154,0.0007879175334437423,-0.007969099141313454,-0.008757016674757197,0.004422677106597368,-0.03715818868598757,363,4,0.0635059673234089,0.21446414432785899,6,6,-0.04158086579258494
304,regenerated_shortfalls_fixed_labels,total,family_month_minus_pooled,0.07619599556709736,0.07229536407329158,-0.0039006314938057757,0.07709128257252496,0.06864644326039714,-0.0008952870054275974,0.003648920812894446,0.004544207818322044,-0.00034876650440141205,-0.0029356614954009694,-0.0025868949909995573,-0.001957668879155929,-0.013688355713732357,363,4,0.0635059673234089,0.21446414432785899,6,6,-0.011730686834576428
304,regenerated_shortfalls_fixed_labels,young_relative,pooled,-0.16302713404283437,-0.16472519021173385,-0.001698056168899481,-0.16416781512267428,-0.16373867122351954,0.001140681079839917,-0.0009865189882143077,-0.0021272000680542247,-0.007915802788313398,0.0033327363243441507,0.011248539112657548,-0.20750767833248854,0.06979314446900829,363,4,0.0008207880279538322,0.047751628755229036,5,5,0.2773008228014968
304,regenerated_shortfalls_fixed_labels,young_relative,family_month,-0.08095036094304571,-0.09277562746277025,-0.011825266519724542,-0.08707653255014933,-0.0950922279631224,0.006126171607103617,0.0023166005003521506,-0.0038095711067514665,-0.013489387901370265,-0.0026600227424036613,0.010829365158966604,-0.35361562691686416,-0.0557053824496484,363,4,0.0008207880279538322,0.047751628755229036,6,6,0.29791024446721576
304,regenerated_shortfalls_fixed_labels,young_relative,family_month_minus_pooled,0.08207677309978866,0.0719495627489636,-0.010127210350825061,0.07709128257252496,0.06864644326039714,0.0049854905272637,0.0033031194885664583,-0.0016823710386972418,-0.005573585113056867,-0.005992759066747812,-0.0004191739536909458,-0.1461079485843756,-0.1254985269186567,363,4,0.0008207880279538322,0.047751628755229036,6,6,0.020609421665718886
304,regenerated_shortfalls_and_labels,total,pooled,-0.16377116430786862,-0.16625070105206133,-0.002479536744192712,-0.16416781512267428,-0.16475529787027565,0.0003966508148056658,-0.001495403181785676,-0.0018920539965913419,0.0011366840378451543,-0.005028129623289585,-0.006164813661134739,0.006380345985753297,-0.023445082808820964,363,4,0.0635059673234089,0.21446414432785899,5,5,-0.02982542879457426
304,regenerated_shortfalls_and_labels,total,family_month,-0.08757516874077126,-0.09244203626931081,-0.004866867528539556,-0.08707653255014933,-0.09459972525405791,-0.0004986361906219317,0.0021576889847470943,0.002656325175369026,0.0007879175334437423,-0.008208728078827601,-0.008996645612271342,0.004422677106597368,-0.03827552668327917,363,4,0.0635059673234089,0.21446414432785899,6,6,-0.042698203789876536
304,regenerated_shortfalls_and_labels,total,family_month_minus_pooled,0.07619599556709736,0.07380866478275051,-0.0023873307843468444,0.07709128257252496,0.07015557261621774,-0.0008952870054275974,0.0036530921665327704,0.004548379171960368,-0.00034876650440141205,-0.003180598455538016,-0.002831831951136604,-0.001957668879155929,-0.0148304438744582,363,4,0.0635059673234089,0.21446414432785899,6,6,-0.012872774995302271
304,regenerated_shortfalls_and_labels,young_relative,pooled,-0.16302713404283437,-0.16572004135234367,-0.0026929073095093015,-0.16416781512267428,-0.16475529787027565,0.001140681079839917,-0.0009647434820680145,-0.0021054245619079315,-0.007915802788313398,0.003391682574394554,0.011307485362707953,-0.20750767833248854,0.07102757880322874,363,4,0.0008207880279538322,0.047751628755229036,5,5,0.27853525713571725
304,regenerated_shortfalls_and_labels,young_relative,family_month,-0.08095036094304571,-0.09243774321305967,-0.01148738227001396,-0.08707653255014933,-0.09459972525405791,0.006126171607103617,0.0021619820409982393,-0.003964189566105378,-0.013489387901370265,-0.0026335669740121703,0.010855820927358095,-0.35361562691686416,-0.0551513538420149,363,4,0.0008207880279538322,0.047751628755229036,6,6,0.29846427307484924
304,regenerated_shortfalls_and_labels,young_relative,family_month_minus_pooled,0.08207677309978866,0.073282298139284,-0.008794474960504658,0.07709128257252496,0.07015557261621774,0.0049854905272637,0.003126725523066254,-0.0018587650041974463,-0.005573585113056867,-0.006025249548406724,-0.0004516644353498578,-0.1461079485843756,-0.12617893264524366,363,4,0.0008207880279538322,0.047751628755229036,6,6,0.019929015939131933
305,fixed_shortfalls_fixed_labels,total,pooled,-0.16377116430786862,-0.09814896548538683,0.06562219882248178,-0.16416781512267428,-0.10113528450792302,0.0003966508148056658,0.0029863190225361824,0.0025896682077305166,0.0011366840378451543,0.00865988735497553,0.007523203317130375,0.006380345985753297,0.04860900275078971,363,1,0.06170076814319721,0.17815398105106858,5,5,0.04222865676503641
305,fixed_shortfalls_fixed_labels,total,family_month,-0.08757516874077126,-0.05579680913430069,0.03177835960647057,-0.08707653255014933,-0.048517768057978576,-0.0004986361906219317,-0.007279041076322115,-0.006780404885700184,0.0007879175334437423,0.010819587808714249,0.010031670275270507,0.004422677106597368,0.06073166451224443,363,1,0.06170076814319721,0.17815398105106858,6,6,0.05630898740564706
305,fixed_shortfalls_fixed_labels,total,family_month_minus_pooled,0.07619599556709736,0.04235215635108614,-0.033843839216011216,0.07709128257252496,0.05261751644994444,-0.0008952870054275974,-0.010265360098858298,-0.0093700730934307,-0.00034876650440141205,0.002159700453738719,0.002508466958140131,-0.001957668879155929,0.012122661761454726,363,1,0.06170076814319721,0.17815398105106858,6,6,0.014080330640610655
305,fixed_shortfalls_fixed_labels,young_relative,pooled,-0.16302713404283437,-0.10054418664779737,0.062482947395037,-0.16416781512267428,-0.10113528450792302,0.001140681079839917,0.00059109786012565,-0.0005495832197142669,-0.007915802788313398,-0.00466767285370388,0.003248129934609519,-0.20750767833248854,-0.12236004142468614,363,1,-0.0004626710527536109,0.03814703557923262,5,5,0.0851476369078024
305,fixed_shortfalls_fixed_labels,young_relative,family_month,-0.08095036094304571,-0.04434556666576499,0.03660479427728072,-0.08707653255014933,-0.048517768057978576,0.006126171607103617,0.004172201392213588,-0.0019539702148900287,-0.013489387901370265,-0.009355780382275336,0.0041336075190949294,-0.35361562691686416,-0.24525576470661994,363,1,-0.0004626710527536109,0.03814703557923262,6,6,0.10835986221024421
305,fixed_shortfalls_fixed_labels,young_relative,family_month_minus_pooled,0.08207677309978866,0.05619861998203238,-0.025878153117756278,0.07709128257252496,0.05261751644994444,0.0049854905272637,0.0035811035320879384,-0.0014043869951757618,-0.005573585113056867,-0.004688107528571456,0.0008854775844854106,-0.1461079485843756,-0.12289572328193381,363,1,-0.0004626710527536109,0.03814703557923262,6,6,0.023212225302441783
305,regenerated_shortfalls_fixed_labels,total,pooled,-0.16377116430786862,-0.09593395175635946,0.06783721255150915,-0.16416781512267428,-0.10113528450792302,0.0003966508148056658,0.0052013327515635505,0.004804681936757885,0.0011366840378451543,0.012212316549388804,0.01107563251154365,0.006380345985753297,0.056435898938173114,363,1,0.06556519087090751,0.21639270002180158,5,5,0.05005555295241982
305,regenerated_shortfalls_fixed_labels,total,family_month,-0.08757516874077126,-0.054536725723665115,0.033038443017106144,-0.08707653255014933,-0.048517768057978576,-0.0004986361906219317,-0.006018957665686539,-0.005520321475064607,0.0007879175334437423,0.015535224744093443,0.0147473072106497,0.004422677106597368,0.07179181526238301,363,1,0.06556519087090751,0.21639270002180158,6,6,0.06736913815578564
305,regenerated_shortfalls_fixed_labels,total,family_month_minus_pooled,0.07619599556709736,0.04139722603269435,-0.03479876953440301,0.07709128257252496,0.05261751644994444,-0.0008952870054275974,-0.01122029041725009,-0.010325003411822492,-0.00034876650440141205,0.003322908194704639,0.003671674699106051,-0.001957668879155929,0.015355916324209901,363,1,0.06556519087090751,0.21639270002180158,6,6,0.01731358520336583
305,regenerated_shortfalls_fixed_labels,young_relative,pooled,-0.16302713404283437,-0.10037348214263564,0.06265365190019873,-0.16416781512267428,-0.10113528450792302,0.001140681079839917,0.0007618023652873757,-0.0003788787145525413,-0.007915802788313398,-0.008985105930920978,-0.0010693031426075791,-0.20750767833248854,-0.17093824826049536,363,1,-0.000247699307977041,0.05256346091267087,5,5,0.036569430071993175
305,regenerated_shortfalls_fixed_labels,young_relative,family_month,-0.08095036094304571,-0.044523643973090866,0.036426716969954843,-0.08707653255014933,-0.048517768057978576,0.006126171607103617,0.00399412408488771,-0.0021320475222159074,-0.013489387901370265,-0.019039357214528686,-0.005549969313158421,-0.35361562691686416,-0.36221658322995026,363,1,-0.000247699307977041,0.05256346091267087,6,6,-0.008600956313086106
305,regenerated_shortfalls_fixed_labels,young_relative,family_month_minus_pooled,0.08207677309978866,0.05584983816954477,-0.026226934930243882,0.07709128257252496,0.05261751644994444,0.0049854905272637,0.003232321719600334,-0.0017531688076633661,-0.005573585113056867,-0.010054251283607709,-0.004480666170550842,-0.1461079485843756,-0.1912783349694549,363,1,-0.000247699307977041,0.05256346091267087,6,6,-0.04517038638507931
305,regenerated_shortfalls_and_labels,total,pooled,-0.16377116430786862,-0.09597937663189396,0.06779178767597466,-0.16416781512267428,-0.10115457945107098,0.0003966508148056658,0.005175202819177022,0.004778552004371356,0.0011366840378451543,0.012151045614226362,0.011014361576381207,0.006380345985753297,0.05615275197824207,363,1,0.06556519087090751,0.21639270002180158,5,5,0.04977240599248878
305,regenerated_shortfalls_and_labels,total,family_month,-0.08757516874077126,-0.05644448367881261,0.03113068506195865,-0.08707653255014933,-0.050406192191086406,-0.0004986361906219317,-0.006038291487726201,-0.005539655297104269,0.0007879175334437423,0.015561990406978006,0.014774072873534265,0.004422677106597368,0.07191550549260735,363,1,0.06556519087090751,0.21639270002180158,6,6,0.06749282838600998
305,regenerated_shortfalls_and_labels,total,family_month_minus_pooled,0.07619599556709736,0.03953489295308135,-0.036661102614016006,0.07709128257252496,0.050748387259984575,-0.0008952870054275974,-0.011213494306903223,-0.010318207301475625,-0.00034876650440141205,0.0034109447927516447,0.0037597112971530567,-0.001957668879155929,0.01576275351436528,363,1,0.06556519087090751,0.21639270002180158,6,6,0.017720422393521208
305,regenerated_shortfalls_and_labels,young_relative,pooled,-0.16302713404283437,-0.10040006489608787,0.0626270691467465,-0.16416781512267428,-0.10115457945107098,0.001140681079839917,0.0007545145549831128,-0.00038616652485680414,-0.007915802788313398,-0.00889633870311795,-0.000980535914804551,-0.20750767833248854,-0.16924948526312528,363,1,-0.000247699307977041,0.05256346091267087,5,5,0.03825819306936326
305,regenerated_shortfalls_and_labels,young_relative,family_month,-0.08095036094304571,-0.046443554393303464,0.034506806549742246,-0.08707653255014933,-0.050406192191086406,0.006126171607103617,0.003962637797782942,-0.002163533809320675,-0.013489387901370265,-0.018961397039894214,-0.005472009138523949,-0.35361562691686416,-0.3607334203392115,363,1,-0.000247699307977041,0.05256346091267087,6,6,-0.007117793422347363
305,regenerated_shortfalls_and_labels,young_relative,family_month_minus_pooled,0.08207677309978866,0.053956510502784404,-0.02812026259700425,0.07709128257252496,0.050748387259984575,0.0049854905272637,0.003208123242799829,-0.001777367284463871,-0.005573585113056867,-0.010065058336776265,-0.004491473223719398,-0.1461079485843756,-0.19148393507608624,363,1,-0.000247699307977041,0.05256346091267087,6,6,-0.04537598649171065
306,fixed_shortfalls_fixed_labels,total,pooled,-0.16377116430786862,-0.1570365926106781,0.006734571697190522,-0.16416781512267428,-0.1569957186740288,0.0003966508148056658,-4.087393664928274e-05,-0.0004375247514549485,0.0011366840378451543,-0.00011134501613672287,-0.0012480290539818772,0.006380345985753297,-0.0006249931406517677,363,3,0.06170076814319721,0.17815398105106858,5,5,-0.0070053391264050646
306,fixed_shortfalls_fixed_labels,total,family_month,-0.08757516874077126,-0.11496885694440384,-0.027393688203632582,-0.08707653255014933,-0.11526935289135615,-0.0004986361906219317,0.0003004959469523061,0.0007991321375742377,0.0007879175334437423,-0.0004586920832106259,-0.0012466096166543683,0.004422677106597368,-0.0025746945451594477,363,3,0.06170076814319721,0.17815398105106858,6,6,-0.006997371651756816
306,fixed_shortfalls_fixed_labels,total,family_month_minus_pooled,0.07619599556709736,0.04206773566627425,-0.034128259900823105,0.07709128257252496,0.041726365782672664,-0.0008952870054275974,0.0003413698836015888,0.0012366568890291862,-0.00034876650440141205,-0.00034734706707390304,1.4194373275090125e-06,-0.001957668879155929,-0.00194970140450768,363,3,0.06170076814319721,0.17815398105106858,6,6,7.96747464824909e-06
306,fixed_shortfalls_fixed_labels,young_relative,pooled,-0.16302713404283437,-0.15601801042896732,0.0070091236138670465,-0.16416781512267428,-0.1569957186740288,0.001140681079839917,0.0009777082450614927,-0.00016297283477842428,-0.007915802788313398,-0.007556611254924889,0.0003591915333885096,-0.20750767833248854,-0.19809170333116877,363,3,-0.0004626710527536109,0.03814703557923262,5,5,0.00941597500131977
306,fixed_shortfalls_fixed_labels,young_relative,family_month,-0.08095036094304571,-0.10891781016668843,-0.02796744922364272,-0.08707653255014933,-0.11526935289135615,0.006126171607103617,0.006351542724667716,0.00022537111756409933,-0.013489387901370265,-0.01393576304754619,-0.0004463751461759244,-0.35361562691686416,-0.3653170642473951,363,3,-0.0004626710527536109,0.03814703557923262,6,6,-0.011701437330530917
306,fixed_shortfalls_fixed_labels,young_relative,family_month_minus_pooled,0.08207677309978866,0.04710020026227889,-0.03497657283750977,0.07709128257252496,0.041726365782672664,0.0049854905272637,0.005373834479606224,0.0003883439523425236,-0.005573585113056867,-0.006379151792621301,-0.000805566679564434,-0.1461079485843756,-0.16722536091622628,363,3,-0.0004626710527536109,0.03814703557923262,6,6,-0.021117412331850688
306,regenerated_shortfalls_fixed_labels,total,pooled,-0.16377116430786862,-0.15618663945482814,0.007584524853040481,-0.16416781512267428,-0.1569957186740288,0.0003966508148056658,0.0008090792192006757,0.00041242840439500994,0.0011366840378451543,0.0028399642488721242,0.00170328021102697,0.006380345985753297,0.013807225709485251,363,3,0.048706023962980086,0.20568681273321499,5,5,0.0074268797237319545
306,regenerated_shortfalls_fixed_labels,total,family_month,-0.08757516874077126,-0.11822870367781536,-0.030653534937044105,-0.08707653255014933,-0.11526935289135615,-0.0004986361906219317,-0.0029593507864592167,-0.002460714595837285,0.0007879175334437423,0.004819615702903221,0.004031698169459479,0.004422677106597368,0.02343181674536655,363,3,0.048706023962980086,0.20568681273321499,6,6,0.019009139638769185
306,regenerated_shortfalls_fixed_labels,total,family_month_minus_pooled,0.07619599556709736,0.03795793577701277,-0.038238059790084586,0.07709128257252496,0.041726365782672664,-0.0008952870054275974,-0.0037684300056598924,-0.002873143000232295,-0.00034876650440141205,0.001979651454031097,0.002328417958432509,-0.001957668879155929,0.009624591035881301,363,3,0.048706023962980086,0.20568681273321499,6,6,0.011582259915037231
306,regenerated_shortfalls_fixed_labels,young_relative,pooled,-0.16302713404283437,-0.1511587716673183,0.011868362375516056,-0.16416781512267428,-0.1569957186740288,0.001140681079839917,0.005836947006710502,0.004696265926870585,-0.007915802788313398,-0.018707854416077734,-0.010792051627764336,-0.20750767833248854,-0.39092912596383655,363,3,8.321026910640178e-05,0.04785484931559776,5,5,-0.18342144763134802
306,regenerated_shortfalls_fixed_labels,young_relative,family_month,-0.08095036094304571,-0.09628568434483231,-0.015335323401786602,-0.08707653255014933,-0.11526935289135615,0.006126171607103617,0.018983668546523835,0.012857496939420218,-0.013489387901370265,-0.030513351035904246,-0.01702396313453398,-0.35361562691686416,-0.6376229676259529,363,3,8.321026910640178e-05,0.04785484931559776,6,6,-0.2840073407090888
306,regenerated_shortfalls_fixed_labels,young_relative,family_month_minus_pooled,0.08207677309978866,0.054873087322486,-0.027203685777302658,0.07709128257252496,0.041726365782672664,0.0049854905272637,0.013146721539813333,0.008161231012549633,-0.005573585113056867,-0.011805496619826512,-0.006231911506769645,-0.1461079485843756,-0.24669384166211636,363,3,8.321026910640178e-05,0.04785484931559776,6,6,-0.10058589307774077
306,regenerated_shortfalls_and_labels,total,pooled,-0.16377116430786862,-0.15647455656644532,0.007296607741423294,-0.16416781512267428,-0.1572836444378058,0.0003966508148056658,0.0008090878713604699,0.0004124370565548041,0.0011366840378451543,0.0027922873982805384,0.001655603360435384,0.006380345985753297,0.013575432285502233,363,3,0.048706023962980086,0.20568681273321499,5,5,0.0071950862997489365
306,regenerated_shortfalls_and_labels,total,family_month,-0.08757516874077126,-0.11842941907601058,-0.030854250335239322,-0.08707653255014933,-0.11555879158428814,-0.0004986361906219317,-0.002870627491722441,-0.0023719913011005095,0.0007879175334437423,0.004780450611116943,0.003992533077673201,0.004422677106597368,0.023241405453238276,363,3,0.048706023962980086,0.20568681273321499,6,6,0.01881872834664091
306,regenerated_shortfalls_and_labels,total,family_month_minus_pooled,0.07619599556709736,0.03804513749043474,-0.038150858076662617,0.07709128257252496,0.04172485285351765,-0.0008952870054275974,-0.003679715363082911,-0.0027844283576553136,-0.00034876650440141205,0.0019881632128364046,0.0023369297172378166,-0.001957668879155929,0.009665973167736043,363,3,0.048706023962980086,0.20568681273321499,6,6,0.011623642046891973
306,regenerated_shortfalls_and_labels,young_relative,pooled,-0.16302713404283437,-0.15150200276259904,0.011525131280235329,-0.16416781512267428,-0.1572836444378058,0.001140681079839917,0.005781641675206756,0.004640960595366839,-0.007915802788313398,-0.018716701358740016,-0.010800898570426617,-0.20750767833248854,-0.3911139963121671,363,3,8.321026910640178e-05,0.04785484931559776,5,5,-0.18360631797967855
306,regenerated_shortfalls_and_labels,young_relative,family_month,-0.08095036094304571,-0.09677046326104902,-0.015820102318003307,-0.08707653255014933,-0.11555879158428814,0.006126171607103617,0.018788328323239123,0.012662156716135506,-0.013489387901370265,-0.030486855247314728,-0.016997467345944463,-0.35361562691686416,-0.6370692977478015,363,3,8.321026910640178e-05,0.04785484931559776,6,6,-0.28345367083093737
306,regenerated_shortfalls_and_labels,young_relative,family_month_minus_pooled,0.08207677309978866,0.05473153950155002,-0.027345233598238636,0.07709128257252496,0.04172485285351765,0.0049854905272637,0.013006686648032367,0.008021196120768667,-0.005573585113056867,-0.011770153888574712,-0.006196568775517846,-0.1461079485843756,-0.24595530143563446,363,3,8.321026910640178e-05,0.04785484931559776,6,6,-0.09984735285125887
307,fixed_shortfalls_fixed_labels,total,pooled,-0.16377116430786862,-0.13779022799987958,0.025980936307989033,-0.16416781512267428,-0.13664194681140135,0.0003966508148056658,-0.001148281188478234,-0.0015449320032838998,0.0011366840378451543,-0.0034718695323829015,-0.004608553570228055,0.006380345985753297,-0.019488026660418413,363,3,0.06170076814319721,0.17815398105106858,5,5,-0.02586837264617171
307,fixed_shortfalls_fixed_labels,total,family_month,-0.08757516874077126,0.0038683310988084072,0.09144349983957967,-0.08707653255014933,0.0002952069222520756,-0.0004986361906219317,0.0035731241765563316,0.004071760367178263,0.0007879175334437423,-0.005596647414110592,-0.006384564947554334,0.004422677106597368,-0.03141466377058557,363,3,0.06170076814319721,0.17815398105106858,7,7,-0.03583734087718294
307,fixed_shortfalls_fixed_labels,total,family_month_minus_pooled,0.07619599556709736,0.141658559098688,0.06546256353159063,0.07709128257252496,0.13693715373365342,-0.0008952870054275974,0.00472140536503457,0.005616692370462167,-0.00034876650440141205,-0.0021247778817276904,-0.0017760113773262784,-0.001957668879155929,-0.011926637110167154,363,3,0.06170076814319721,0.17815398105106858,7,7,-0.009968968231011224
307,fixed_shortfalls_fixed_labels,young_relative,pooled,-0.16302713404283437,-0.13554602582647826,0.027481108216356104,-0.16416781512267428,-0.13664194681140135,0.001140681079839917,0.0010959209849230878,-4.4760094916829196e-05,-0.007915802788313398,-0.0069770903694001485,0.00093871241891325,-0.20750767833248854,-0.18289993608831037,363,3,-0.0004626710527536109,0.03814703557923262,5,5,0.024607742244178166
307,fixed_shortfalls_fixed_labels,young_relative,family_month,-0.08095036094304571,0.00598281743071529,0.086933178373761,-0.08707653255014933,0.0002952069222520756,0.006126171607103617,0.005687610508463215,-0.0004385610986404019,-0.013489387901370265,-0.012552107856963018,0.0009372800444072474,-0.35361562691686416,-0.32904543344899984,363,3,-0.0004626710527536109,0.03814703557923262,7,7,0.02457019346786432
307,fixed_shortfalls_fixed_labels,young_relative,family_month_minus_pooled,0.08207677309978866,0.14152884325719356,0.059452070157404904,0.07709128257252496,0.13693715373365342,0.0049854905272637,0.004591689523540138,-0.0003938010037235623,-0.005573585113056867,-0.005575017487562869,-1.4323745060025941e-06,-0.1461079485843756,-0.1461454973606895,363,3,-0.0004626710527536109,0.03814703557923262,7,7,-3.754877631390041e-05
307,regenerated_shortfalls_fixed_labels,total,pooled,-0.16377116430786862,-0.13538868647814348,0.02838247782972514,-0.16416781512267428,-0.13664194681140135,0.0003966508148056658,0.0012532603332578718,0.000856609518452206,0.0011366840378451543,0.003436166004815915,0.0022994819669707608,0.006380345985753297,0.0169042516927135,363,3,0.056890219910475166,0.2032722931058261,5,5,0.010523905706960202
307,regenerated_shortfalls_fixed_labels,total,family_month,-0.08757516874077126,-0.00018114849926542944,0.08739402024150583,-0.08707653255014933,0.0002952069222520756,-0.0004986361906219317,-0.00047635542151750507,2.2280769104426586e-05,0.0007879175334437423,0.000987144794794201,0.0001992272613504588,0.004422677106597368,0.004856268307458317,363,3,0.056890219910475166,0.2032722931058261,7,7,0.00043359120086094907
307,regenerated_shortfalls_fixed_labels,total,family_month_minus_pooled,0.07619599556709736,0.13520753797887805,0.05901154241178069,0.07709128257252496,0.13693715373365342,-0.0008952870054275974,-0.001729615754775371,-0.0008343287493477736,-0.00034876650440141205,-0.002449021210021714,-0.002100254705620302,-0.001957668879155929,-0.01204798338525518,363,3,0.056890219910475166,0.2032722931058261,7,7,-0.01009031450609925
307,regenerated_shortfalls_fixed_labels,young_relative,pooled,-0.16302713404283437,-0.13664684892891876,0.026380285113915602,-0.16416781512267428,-0.13664194681140135,0.001140681079839917,-4.90211751741354e-06,-0.0011455831973573305,-0.007915802788313398,5.124657261662838e-05,0.007967049360930028,-0.20750767833248854,0.00103965778334557,363,3,0.0035586025717547543,0.049291770270520466,5,5,0.20854733611583412
307,regenerated_shortfalls_fixed_labels,young_relative,family_month,-0.08095036094304571,0.0022875771769937177,0.08323793812003943,-0.08707653255014933,0.0002952069222520756,0.006126171607103617,0.001992370254741642,-0.004133801352361975,-0.013489387901370265,-0.0036719724968366186,0.009817415404533646,-0.35361562691686416,-0.07449463625843208,363,3,0.0035586025717547543,0.049291770270520466,7,7,0.2791209906584321
307,regenerated_shortfalls_fixed_labels,young_relative,family_month_minus_pooled,0.08207677309978866,0.13893442610591247,0.05685765300612382,0.07709128257252496,0.13693715373365342,0.0049854905272637,0.0019972723722590513,-0.002988218155004649,-0.005573585113056867,-0.003723219069453247,0.0018503660436036198,-0.1461079485843756,-0.07553429404177765,363,3,0.0035586025717547543,0.049291770270520466,7,7,0.07057365454259794
307,regenerated_shortfalls_and_labels,total,pooled,-0.16377116430786862,-0.13385382759465012,0.0299173367132185,-0.16416781512267428,-0.13509555209794824,0.0003966508148056658,0.001241724503298125,0.0008450736884924592,0.0011366840378451543,0.0034841983649370723,0.002347514327091918,0.006380345985753297,0.017140547350066815,363,3,0.056890219910475166,0.2032722931058261,5,5,0.010760201364313517
307,regenerated_shortfalls_and_labels,total,family_month,-0.08757516874077126,0.003349810011553148,0.0909249787523244,-0.08707653255014933,0.00381171307551471,-0.0004986361906219317,-0.0004619030639615618,3.673312666036986e-05,0.0007879175334437423,0.0009182565623743093,0.00013033902893056708,0.004422677106597368,0.004517371985842918,363,3,0.056890219910475166,0.2032722931058261,7,7,9.469487924554983e-05
307,regenerated_shortfalls_and_labels,total,family_month_minus_pooled,0.07619599556709736,0.13720363760620327,0.061007642039105914,0.07709128257252496,0.13890726517346294,-0.0008952870054275974,-0.001703627567259669,-0.0008083405618320716,-0.00034876650440141205,-0.002565941802562763,-0.002217175298161351,-0.001957668879155929,-0.012623175364223898,363,3,0.056890219910475166,0.2032722931058261,7,7,-0.010665506485067968
307,regenerated_shortfalls_and_labels,young_relative,pooled,-0.16302713404283437,-0.13510274216119034,0.02792439188164403,-0.16416781512267428,-0.13509555209794824,0.001140681079839917,-7.190063242096256e-06,-0.0011478711430820132,-0.007915802788313398,7.146965963614332e-05,0.007987272447949542,-0.20750767833248854,0.0014499308757609504,363,3,0.0035586025717547543,0.049291770270520466,5,5,0.2089576092082495
307,regenerated_shortfalls_and_labels,young_relative,family_month,-0.08095036094304571,0.0058216435398981674,0.08677200448294388,-0.08707653255014933,0.00381171307551471,0.006126171607103617,0.0020099304643834575,-0.00411624114272016,-0.013489387901370265,-0.0037044376547610194,0.009784950246609246,-0.35361562691686416,-0.07515326867812866,363,3,0.0035586025717547543,0.049291770270520466,7,7,0.2784623582387355
307,regenerated_shortfalls_and_labels,young_relative,family_month_minus_pooled,0.08207677309978866,0.1409243857010885,0.05884761260129985,0.07709128257252496,0.13890726517346294,0.0049854905272637,0.0020171205276255655,-0.0029683699996381346,-0.005573585113056867,-0.0037759073143971626,0.001797677798659704,-0.1461079485843756,-0.07660319955388961,363,3,0.0035586025717547543,0.049291770270520466,7,7,0.06950474903048598
308,fixed_shortfalls_fixed_labels,total,pooled,-0.16377116430786862,-0.1984832805928778,-0.03471211628500917,-0.16416781512267428,-0.1971994813531341,0.0003966508148056658,-0.0012837992397436992,-0.001680450054549365,0.0011366840378451543,-0.003941651311845791,-0.005078335349690946,0.006380345985753297,-0.022124969021690852,363,4,0.06170076814319721,0.17815398105106858,5,5,-0.02850531500744415
308,fixed_shortfalls_fixed_labels,total,family_month,-0.08757516874077126,-0.17169939116285524,-0.08412422242208398,-0.08707653255014933,-0.17265139979958766,-0.0004986361906219317,0.000952008636732421,0.0014506448273543526,0.0007879175334437423,-0.0013968200557444004,-0.0021847375891881427,0.004422677106597368,-0.00784052114638963,363,4,0.06170076814319721,0.17815398105106858,6,6,-0.012263198252986997
308,fixed_shortfalls_fixed_labels,total,family_month_minus_pooled,0.07619599556709736,0.02678388943002255,-0.04941210613707481,0.07709128257252496,0.02454808155354643,-0.0008952870054275974,0.0022358078764761202,0.0031310948819037177,-0.00034876650440141205,0.002544831256101391,0.002893597760502803,-0.001957668879155929,0.014284447875301223,363,4,0.06170076814319721,0.17815398105106858,6,6,0.01624211675445715
308,fixed_shortfalls_fixed_labels,young_relative,pooled,-0.16302713404283437,-0.19706546103023595,-0.034038326987401585,-0.16416781512267428,-0.1971994813531341,0.001140681079839917,0.00013402032289813737,-0.0010066607569417796,-0.007915802788313398,-0.001003094952909237,0.006912707835404161,-0.20750767833248854,-0.02629548895944421,363,4,-0.0004626710527536109,0.03814703557923262,5,5,0.18121218937304434
308,fixed_shortfalls_fixed_labels,young_relative,family_month,-0.08095036094304571,-0.16920340866883482,-0.08825304772578911,-0.08707653255014933,-0.17265139979958766,0.006126171607103617,0.0034479911307528366,-0.0026781804763507805,-0.013489387901370265,-0.008150071532398813,0.0053393163689714526,-0.35361562691686416,-0.21364888276759675,363,4,-0.0004626710527536109,0.03814703557923262,6,6,0.1399667441492674
308,fixed_shortfalls_fixed_labels,young_relative,family_month_minus_pooled,0.08207677309978866,0.02786205236140113,-0.054214720738387526,0.07709128257252496,0.02454808155354643,0.0049854905272637,0.0033139708078546992,-0.001671519719409001,-0.005573585113056867,-0.0071469765794895754,-0.0015733914664327088,-0.1461079485843756,-0.18735339380815252,363,4,-0.0004626710527536109,0.03814703557923262,6,6,-0.04124544522377693
308,regenerated_shortfalls_fixed_labels,total,pooled,-0.16377116430786862,-0.19718158294602517,-0.03341041863815655,-0.16416781512267428,-0.1971994813531341,0.0003966508148056658,1.7898407108918324e-05,-0.00037875240769674745,0.0011366840378451543,0.00010996301267860764,-0.0010267210251665468,0.006380345985753297,0.0005089793785494411,363,4,0.06115286277329213,0.21604610582062328,5,5,-0.005871366607203855
308,regenerated_shortfalls_fixed_labels,total,family_month,-0.08757516874077126,-0.17250446705278624,-0.08492929831201498,-0.08707653255014933,-0.17265139979958766,-0.0004986361906219317,0.00014693274680141477,0.0006455689374233464,0.0007879175334437423,-0.00015917516681942652,-0.0009470927002631688,0.004422677106597368,-0.000736764804044119,363,4,0.06115286277329213,0.21604610582062328,6,6,-0.0051594419106414866
308,regenerated_shortfalls_fixed_labels,total,family_month_minus_pooled,0.07619599556709736,0.024677115893238927,-0.05151887967385843,0.07709128257252496,0.02454808155354643,-0.0008952870054275974,0.00012903433969249645,0.0010243213451200939,-0.00034876650440141205,-0.00026913817949803415,7.96283249033779e-05,-0.001957668879155929,-0.00124574418259356,363,4,0.06115286277329213,0.21604610582062328,6,6,0.000711924696562369
308,regenerated_shortfalls_fixed_labels,young_relative,pooled,-0.16302713404283437,-0.197554830034441,-0.03452769599160663,-0.16416781512267428,-0.1971994813531341,0.001140681079839917,-0.0003553486813069051,-0.001496029761146822,-0.007915802788313398,0.0035665476825518885,0.011482350470865287,-0.20750767833248854,0.07356001728654349,363,4,0.001398923743894069,0.048484867379229475,5,5,0.281067695619032
308,regenerated_shortfalls_fixed_labels,young_relative,family_month,-0.08095036094304571,-0.17048185135978386,-0.08953149041673815,-0.08707653255014933,-0.17265139979958766,0.006126171607103617,0.002169548439803798,-0.003956623167299819,-0.013489387901370265,-0.003939895168643763,0.009549492732726502,-0.35361562691686416,-0.08126030618641193,363,4,0.001398923743894069,0.048484867379229475,6,6,0.2723553207304522
308,regenerated_shortfalls_fixed_labels,young_relative,family_month_minus_pooled,0.08207677309978866,0.027072978674657133,-0.05500379442513152,0.07709128257252496,0.02454808155354643,0.0049854905272637,0.002524897121110703,-0.002460593406152997,-0.005573585113056867,-0.007506442851195651,-0.001932857738138784,-0.1461079485843756,-0.1548203234729554,363,4,0.001398923743894069,0.048484867379229475,6,6,-0.008712374888579816
308,regenerated_shortfalls_and_labels,total,pooled,-0.16377116430786862,-0.19773173680249073,-0.033960572494622115,-0.16416781512267428,-0.1976984349516687,0.0003966508148056658,-3.330185082203729e-05,-0.00042995266562770307,0.0011366840378451543,-0.00019267584442527136,-0.0013293598822704256,0.006380345985753297,-0.0008918274351366668,363,4,0.06115286277329213,0.21604610582062328,5,5,-0.007272173420889963
308,regenerated_shortfalls_and_labels,total,family_month,-0.08757516874077126,-0.17750652988225038,-0.08993136114147912,-0.08707653255014933,-0.17790713933063632,-0.0004986361906219317,0.0004006094483859357,0.0008992456390078674,0.0007879175334437423,-0.0004386842227835761,-0.0012266017562273183,0.004422677106597368,-0.0020305120572170956,363,4,0.06115286277329213,0.21604610582062328,6,6,-0.0064531891638144635
308,regenerated_shortfalls_and_labels,total,family_month_minus_pooled,0.07619599556709736,0.02022520692024035,-0.055970788646857006,0.07709128257252496,0.01979129562103238,-0.0008952870054275974,0.000433911299207973,0.0013291983046355704,-0.00034876650440141205,-0.00024600837835830474,0.00010275812604310732,-0.001957668879155929,-0.0011386846220804287,363,4,0.06115286277329213,0.21604610582062328,6,6,0.0008189842570755005
308,regenerated_shortfalls_and_labels,young_relative,pooled,-0.16302713404283437,-0.19802775003951822,-0.03500061599668386,-0.16416781512267428,-0.1976984349516687,0.001140681079839917,-0.0003293150878495299,-0.0014699961676894469,-0.007915802788313398,0.0035026920636933787,0.011418494852006777,-0.20750767833248854,0.07224299566082558,363,4,0.001398923743894069,0.048484867379229475,5,5,0.2797506739933141
308,regenerated_shortfalls_and_labels,young_relative,family_month,-0.08095036094304571,-0.17592254128045315,-0.09497218033740744,-0.08707653255014933,-0.17790713933063632,0.006126171607103617,0.0019845980501831673,-0.00414157355692045,-0.013489387901370265,-0.003733516728547326,0.00975587117282294,-0.35361562691686416,-0.07700375251818745,363,4,0.001398923743894069,0.048484867379229475,6,6,0.27661187439867674
308,regenerated_shortfalls_and_labels,young_relative,family_month_minus_pooled,0.08207677309978866,0.022105208759065076,-0.05997156434072358,0.07709128257252496,0.01979129562103238,0.0049854905272637,0.002313913138032697,-0.002671577389231003,-0.005573585113056867,-0.0072362087922407045,-0.0016626236791838379,-0.1461079485843756,-0.149246748179013,363,4,0.001398923743894069,0.048484867379229475,6,6,-0.0031387995946374203
309,fixed_shortfalls_fixed_labels,total,pooled,-0.16377116430786862,-0.12461231388105574,0.03915885042681287,-0.16416781512267428,-0.12614536351200714,0.0003966508148056658,0.001533049630951397,0.0011363988161457311,0.0011366840378451543,0.004437949311983379,0.003301265274138225,0.006380345985753297,0.02491075016006082,363,5,0.06170076814319721,0.17815398105106858,5,5,0.018530404174307524
309,fixed_shortfalls_fixed_labels,total,family_month,-0.08757516874077126,-0.051646857380796087,0.03592831135997517,-0.08707653255014933,-0.04748383132319127,-0.0004986361906219317,-0.004163026057604817,-0.0036643898669828853,0.0007879175334437423,0.0066757133033992,0.005887795769955457,0.004422677106597368,0.03747159206891694,363,5,0.06170076814319721,0.17815398105106858,7,7,0.03304891496231957
309,fixed_shortfalls_fixed_labels,total,family_month_minus_pooled,0.07619599556709736,0.07296545650025965,-0.0032305390668377065,0.07709128257252496,0.07866153218881587,-0.0008952870054275974,-0.005696075688556221,-0.004800788683128623,-0.00034876650440141205,0.0022377639914158204,0.0025865304958172324,-0.001957668879155929,0.012560841908856115,363,5,0.06170076814319721,0.17815398105106858,7,7,0.014518510788012045
309,fixed_shortfalls_fixed_labels,young_relative,pooled,-0.16302713404283437,-0.12458183044485496,0.0384453035979794,-0.16416781512267428,-0.12614536351200714,0.001140681079839917,0.0015635330671521785,0.0004228519873122616,-0.007915802788313398,-0.012308442603577363,-0.004392639815263964,-0.20750767833248854,-0.322657905566799,363,5,-0.0004626710527536109,0.03814703557923262,5,5,-0.11515022723431048
309,fixed_shortfalls_fixed_labels,young_relative,family_month,-0.08095036094304571,-0.03936293479599676,0.04158742614704895,-0.08707653255014933,-0.04748383132319127,0.006126171607103617,0.008120896527194513,0.0019947249200908956,-0.013489387901370265,-0.018196971653839118,-0.004707583752468852,-0.35361562691686416,-0.4770219068803766,363,5,-0.0004626710527536109,0.03814703557923262,7,7,-0.12340627996351244
309,fixed_shortfalls_fixed_labels,young_relative,family_month_minus_pooled,0.08207677309978866,0.0852188956488582,0.003142122549069551,0.07709128257252496,0.07866153218881587,0.0049854905272637,0.006557363460042334,0.001571872932778634,-0.005573585113056867,-0.005888529050261755,-0.00031494393720488817,-0.1461079485843756,-0.15436400131357758,363,5,-0.0004626710527536109,0.03814703557923262,7,7,-0.00825605272920199
309,regenerated_shortfalls_fixed_labels,total,pooled,-0.16377116430786862,-0.12709929775001677,0.036671866557851845,-0.16416781512267428,-0.12614536351200714,0.0003966508148056658,-0.0009539342380096294,-0.0013505850528152952,0.0011366840378451543,-0.002054657646599765,-0.0031913416844449195,0.006380345985753297,-0.009270266549968278,363,5,0.04300741520333401,0.2216395435368356,5,5,-0.015650612535721576
309,regenerated_shortfalls_fixed_labels,total,family_month,-0.08757516874077126,-0.04669792045334745,0.04087724828742381,-0.08707653255014933,-0.04748383132319127,-0.0004986361906219317,0.0007859108698438227,0.0012845470604657544,0.0007879175334437423,-0.0019737231045200854,-0.0027616406379638277,0.004422677106597368,-0.00890510363369369,363,5,0.04300741520333401,0.2216395435368356,7,7,-0.013327780740291058
309,regenerated_shortfalls_fixed_labels,total,family_month_minus_pooled,0.07619599556709736,0.08040137729666932,0.004205381729571966,0.07709128257252496,0.07866153218881587,-0.0008952870054275974,0.0017398451078534521,0.0026351321132810496,-0.00034876650440141205,8.093454207967971e-05,0.00042970104648109176,-0.001957668879155929,0.0003651629162745894,363,5,0.04300741520333401,0.2216395435368356,7,7,0.0023228317954305184
309,regenerated_shortfalls_fixed_labels,young_relative,pooled,-0.16302713404283437,-0.1254882230369789,0.03753891100585546,-0.16416781512267428,-0.12614536351200714,0.001140681079839917,0.0006571404750282395,-0.0004835406048116775,-0.007915802788313398,-0.008254263486580277,-0.00033846069826687884,-0.20750767833248854,-0.16620466491351793,363,5,-0.002797843595878044,0.049663247965243684,5,5,0.04130301341897061
309,regenerated_shortfalls_fixed_labels,young_relative,family_month,-0.08095036094304571,-0.03920063054546681,0.0417497303975789,-0.08707653255014933,-0.04748383132319127,0.006126171607103617,0.008283200777724459,0.0021570291706208417,-0.013489387901370265,-0.015644635243383682,-0.0021552473420134166,-0.35361562691686416,-0.31501433926215255,363,5,-0.002797843595878044,0.049663247965243684,7,7,0.0386012876547116
309,regenerated_shortfalls_fixed_labels,young_relative,family_month_minus_pooled,0.08207677309978866,0.08628759249151209,0.004210819391723436,0.07709128257252496,0.07866153218881587,0.0049854905272637,0.007626060302696219,0.002640569775432519,-0.005573585113056867,-0.007390371756803404,-0.0018167866437465378,-0.1461079485843756,-0.14880967434863462,363,5,-0.002797843595878044,0.049663247965243684,7,7,-0.002701725764259033
309,regenerated_shortfalls_and_labels,total,pooled,-0.16377116430786862,-0.12643896302093943,0.037332201286929184,-0.16416781512267428,-0.12558486622055812,0.0003966508148056658,-0.0008540968003813154,-0.0012507476151869812,0.0011366840378451543,-0.0018640768795491806,-0.003000760917394335,0.006380345985753297,-0.008410398477649718,363,5,0.04300741520333401,0.2216395435368356,5,5,-0.014790744463403015
309,regenerated_shortfalls_and_labels,total,family_month,-0.08757516874077126,-0.04294042807372055,0.044634740667050705,-0.08707653255014933,-0.04377856303240955,-0.0004986361906219317,0.0008381349586889936,0.0013367711493109252,0.0007879175334437423,-0.001982029481410681,-0.0027699470148544233,0.004422677106597368,-0.008942580596324301,363,5,0.04300741520333401,0.2216395435368356,7,7,-0.013365257702921669
309,regenerated_shortfalls_and_labels,total,family_month_minus_pooled,0.07619599556709736,0.08349853494721887,0.007302539380121514,0.07709128257252496,0.08180630318814858,-0.0008952870054275974,0.001692231759070295,0.0025875187644978925,-0.00034876650440141205,-0.00011795260186150047,0.00023081390253991158,-0.001957668879155929,-0.0005321821186745822,363,5,0.04300741520333401,0.2216395435368356,7,7,0.0014254867604813468
309,regenerated_shortfalls_and_labels,young_relative,pooled,-0.16302713404283437,-0.1250576169489472,0.037969517093887156,-0.16416781512267428,-0.12558486622055812,0.001140681079839917,0.0005272492716109078,-0.0006134318082290091,-0.007915802788313398,-0.008463695305325154,-0.0005478925170117558,-0.20750767833248854,-0.1704217032129752,363,5,-0.002797843595878044,0.049663247965243684,5,5,0.03708597511951334
309,regenerated_shortfalls_and_labels,young_relative,family_month,-0.08095036094304571,-0.03621379419001958,0.04473656675302613,-0.08707653255014933,-0.04377856303240955,0.006126171607103617,0.00756476884238997,0.0014385972352863527,-0.013489387901370265,-0.01565145057569024,-0.002162062674319974,-0.35361562691686416,-0.31515157016399226,363,5,-0.002797843595878044,0.049663247965243684,7,7,0.0384640567528719
309,regenerated_shortfalls_and_labels,young_relative,family_month_minus_pooled,0.08207677309978866,0.08884382275892763,0.006767049659138977,0.07709128257252496,0.08180630318814858,0.0049854905272637,0.007037519570779055,0.002052029043515355,-0.005573585113056867,-0.007187755270365085,-0.0016141701573082184,-0.1461079485843756,-0.14472986695101703,363,5,-0.002797843595878044,0.049663247965243684,7,7,0.0013780816333585633
310,fixed_shortfalls_fixed_labels,total,pooled,-0.16377116430786862,-0.20605650078388163,-0.042285336476013013,-0.16416781512267428,-0.2068883087509124,0.0003966508148056658,0.0008318079670307787,0.000435157152225113,0.0011366840378451543,0.0023800814421385164,0.001243397404293362,0.006380345985753297,0.013359687098186463,363,5,0.06170076814319721,0.17815398105106858,5,5,0.006979341112433166
310,fixed_shortfalls_fixed_labels,total,family_month,-0.08757516874077126,-0.19724655148618395,-0.10967138274541269,-0.08707653255014933,-0.19699398984855845,-0.0004986361906219317,-0.00025256163762549244,0.0002460745529964392,0.0007879175334437423,0.0003755126838948027,-0.00041240484954893956,0.004422677106597368,0.0021077984431184865,363,5,0.06170076814319721,0.17815398105106858,7,7,-0.0023148786634788815
310,fixed_shortfalls_fixed_labels,total,family_month_minus_pooled,0.07619599556709736,0.008809949297697683,-0.06738604626939967,0.07709128257252496,0.009894318902353955,-0.0008952870054275974,-0.0010843696046562712,-0.00018908259922867376,-0.00034876650440141205,-0.0020045687582437135,-0.0016558022538423014,-0.001957668879155929,-0.011251888655067974,363,5,0.06170076814319721,0.17815398105106858,7,7,-0.009294219775912044
310,fixed_shortfalls_fixed_labels,young_relative,pooled,-0.16302713404283437,-0.20524311577117768,-0.042215981728343316,-0.16416781512267428,-0.2068883087509124,0.001140681079839917,0.0016451929797347276,0.0005045118998948106,-0.007915802788313398,-0.012972105730835551,-0.005056302942522153,-0.20750767833248854,-0.3400554075530212,363,5,-0.0004626710527536109,0.03814703557923262,5,5,-0.13254772922053268
310,fixed_shortfalls_fixed_labels,young_relative,family_month,-0.08095036094304571,-0.1897579774204408,-0.10880761647739508,-0.08707653255014933,-0.19699398984855845,0.006126171607103617,0.007236012428117666,0.0011098408210140492,-0.013489387901370265,-0.016119218542452494,-0.0026298306410822286,-0.35361562691686416,-0.422554945559855,363,5,-0.0004626710527536109,0.03814703557923262,7,7,-0.06893931864299085
310,fixed_shortfalls_fixed_labels,young_relative,family_month_minus_pooled,0.08207677309978866,0.015485138350736893,-0.06659163474905176,0.07709128257252496,0.009894318902353955,0.0049854905272637,0.005590819448382939,0.0006053289211192386,-0.005573585113056867,-0.0031471128116169426,0.002426472301439924,-0.1461079485843756,-0.0824995380068338,363,5,-0.0004626710527536109,0.03814703557923262,7,7,0.0636084105775418
310,regenerated_shortfalls_fixed_labels,total,pooled,-0.16377116430786862,-0.20172977023957162,-0.037958605931703,-0.16416781512267428,-0.2068883087509124,0.0003966508148056658,0.005158538511340793,0.0047618876965351276,0.0011366840378451543,0.013740268354472117,0.012603584316626962,0.006380345985753297,0.0635221856620752,363,5,0.06760976112410187,0.21630660549949404,5,5,0.0571418396763219
310,regenerated_shortfalls_fixed_labels,total,family_month,-0.08757516874077126,-0.20526429930327822,-0.11768913056250696,-0.08707653255014933,-0.19699398984855845,-0.0004986361906219317,-0.008270309454719765,-0.007771673264097834,0.0007879175334437423,0.013348613386613011,0.012560695853169268,0.004422677106597368,0.06171153837761203,363,5,0.06760976112410187,0.21630660549949404,7,7,0.05728886127101466
310,regenerated_shortfalls_fixed_labels,total,family_month_minus_pooled,0.07619599556709736,-0.003534529063706604,-0.07973052463080396,0.07709128257252496,0.009894318902353955,-0.0008952870054275974,-0.013428847966060559,-0.012533560960632961,-0.00034876650440141205,-0.0003916549678591053,-4.288846345769327e-05,-0.001957668879155929,-0.0018106472844631712,363,5,0.06760976112410187,0.21630660549949404,7,7,0.00014702159469275793
310,regenerated_shortfalls_fixed_labels,young_relative,pooled,-0.16302713404283437,-0.2073994871348976,-0.04437235309206322,-0.16416781512267428,-0.2068883087509124,0.001140681079839917,-0.000511178383985178,-0.001651859463825095,-0.007915802788313398,-0.006565042012115449,0.0013507607761979491,-0.20750767833248854,-0.13074545016104896,363,5,0.003544895500182828,0.050212393655219324,5,5,0.07676222817143957
310,regenerated_shortfalls_fixed_labels,young_relative,family_month,-0.08095036094304571,-0.1956649228773606,-0.11471456193431488,-0.08707653255014933,-0.19699398984855845,0.006126171607103617,0.001329066971197862,-0.004797104635905755,-0.013489387901370265,-0.009987068385724144,0.0035023195156461216,-0.35361562691686416,-0.19889648070354515,363,5,0.003544895500182828,0.050212393655219324,7,7,0.154719146213319
310,regenerated_shortfalls_fixed_labels,young_relative,family_month_minus_pooled,0.08207677309978866,0.011734564257536995,-0.07034220884225166,0.07709128257252496,0.009894318902353955,0.0049854905272637,0.00184024535518304,-0.00314524517208066,-0.005573585113056867,-0.003422026373608694,0.0021515587394481724,-0.1461079485843756,-0.06815103054249619,363,5,0.003544895500182828,0.050212393655219324,7,7,0.0779569180418794
310,regenerated_shortfalls_and_labels,total,pooled,-0.16377116430786862,-0.19949580385562446,-0.03572463954775584,-0.16416781512267428,-0.20451989889277566,0.0003966508148056658,0.005024095037151205,0.004627444222345539,0.0011366840378451543,0.013917223596533974,0.01278053955868882,0.006380345985753297,0.06434026165958454,363,5,0.06760976112410187,0.21630660549949404,5,5,0.05795991567383124
310,regenerated_shortfalls_and_labels,total,family_month,-0.08757516874077126,-0.20126226150569354,-0.11368709276492228,-0.08707653255014933,-0.19218489841188857,-0.0004986361906219317,-0.009077363093804969,-0.008578726903183037,0.0007879175334437423,0.013666051396732269,0.012878133863288527,0.004422677106597368,0.06317907566980997,363,5,0.06760976112410187,0.21630660549949404,7,7,0.0587563985632126
310,regenerated_shortfalls_and_labels,total,family_month_minus_pooled,0.07619599556709736,-0.001766457650069081,-0.07796245321716644,0.07709128257252496,0.012335000480887093,-0.0008952870054275974,-0.014101458130956174,-0.013206171125528576,-0.00034876650440141205,-0.0002511721998017056,9.759430459970646e-05,-0.001957668879155929,-0.0011611859897745615,363,5,0.06760976112410187,0.21630660549949404,7,7,0.0007964828893813676
310,regenerated_shortfalls_and_labels,young_relative,pooled,-0.16302713404283437,-0.20517654082319053,-0.04214940678035617,-0.16416781512267428,-0.20451989889277566,0.001140681079839917,-0.0006566419304148696,-0.0017973230102547866,-0.007915802788313398,-0.006983328545345563,0.0009324742429678351,-0.20750767833248854,-0.13907579457964522,363,5,0.003544895500182828,0.050212393655219324,5,5,0.06843188375284331
310,regenerated_shortfalls_and_labels,young_relative,family_month,-0.08095036094304571,-0.19116653040199572,-0.11021616945895,-0.08707653255014933,-0.19218489841188857,0.006126171607103617,0.001018368009892856,-0.005107803597210761,-0.013489387901370265,-0.01044731410571291,0.0030420737956573553,-0.35361562691686416,-0.20806245918983318,363,5,0.003544895500182828,0.050212393655219324,7,7,0.14555316772703097
310,regenerated_shortfalls_and_labels,young_relative,family_month_minus_pooled,0.08207677309978866,0.014010010421194818,-0.06806676267859384,0.07709128257252496,0.012335000480887093,0.0049854905272637,0.0016750099403077257,-0.0033104805869559745,-0.005573585113056867,-0.0034639855603673464,0.00210959955268952,-0.1461079485843756,-0.06898666461018799,363,5,0.003544895500182828,0.050212393655219324,7,7,0.0771212839741876
311,fixed_shortfalls_fixed_labels,total,pooled,-0.16377116430786862,-0.15727392758081016,0.0064972367270584586,-0.16416781512267428,-0.15118842103729863,0.0003966508148056658,-0.006085506543511532,-0.006482157358317198,0.0011366840378451543,-0.016893515921015484,-0.018030199958860637,0.006380345985753297,-0.09482536298850873,363,3,0.06170076814319721,0.17815398105106858,5,5,-0.10120570897426202
311,fixed_shortfalls_fixed_labels,total,family_month,-0.08757516874077126,-0.026564462361688395,0.06101070637908286,-0.08707653255014933,-0.03615104151881761,-0.0004986361906219317,0.009586579157129214,0.010085215347751145,0.0007879175334437423,-0.0164533888524515,-0.017241306385895244,0.004422677106597368,-0.09235487613232211,363,3,0.06170076814319721,0.17815398105106858,6,6,-0.09677755323891948
311,fixed_shortfalls_fixed_labels,total,family_month_minus_pooled,0.07619599556709736,0.13070946521912177,0.054513469652024416,0.07709128257252496,0.11503737951848102,-0.0008952870054275974,0.015672085700640756,0.016567372706068353,-0.00034876650440141205,0.00044012706856398284,0.0007888935729653949,-0.001957668879155929,0.0024704868561866073,363,3,0.06170076814319721,0.17815398105106858,6,6,0.0044281557353425365
311,fixed_shortfalls_fixed_labels,young_relative,pooled,-0.16302713404283437,-0.14888497669405898,0.014142157348775386,-0.16416781512267428,-0.15118842103729863,0.001140681079839917,0.0023034443432396468,0.0011627632633997298,-0.007915802788313398,-0.01461049167950524,-0.0066946888911918415,-0.20750767833248854,-0.3830046413215721,363,3,-0.0004626710527536109,0.03814703557923262,5,5,-0.17549696298908354
311,fixed_shortfalls_fixed_labels,young_relative,family_month,-0.08095036094304571,-0.025870696360802616,0.055079664582243094,-0.08707653255014933,-0.03615104151881761,0.006126171607103617,0.010280345158014993,0.004154173550911376,-0.013489387901370265,-0.024526438942758244,-0.011037051041387979,-0.35361562691686416,-0.6429448204911241,363,3,-0.0004626710527536109,0.03814703557923262,6,6,-0.28932919357425996
311,fixed_shortfalls_fixed_labels,young_relative,family_month_minus_pooled,0.08207677309978866,0.12301428033325637,0.040937507233467715,0.07709128257252496,0.11503737951848102,0.0049854905272637,0.007976900814775353,0.0029914102875116533,-0.005573585113056867,-0.009915947263253004,-0.004342362150196137,-0.1461079485843756,-0.25994017916955203,363,3,-0.0004626710527536109,0.03814703557923262,6,6,-0.11383223058517644
311,regenerated_shortfalls_fixed_labels,total,pooled,-0.16377116430786862,-0.15365490639587856,0.010116257911990056,-0.16416781512267428,-0.15118842103729863,0.0003966508148056658,-0.002466485358579934,-0.0028631361733855998,0.0011366840378451543,-0.00978506918963283,-0.010921753227477985,0.006380345985753297,-0.04490894514516019,363,3,0.0483660034702637,0.21788686325194975,5,5,-0.05128929113091348
311,regenerated_shortfalls_fixed_labels,total,family_month,-0.08757516874077126,-0.02814296124151677,0.059432207499254486,-0.08707653255014933,-0.03615104151881761,-0.0004986361906219317,0.00800808027730084,0.008506716467922771,0.0007879175334437423,-0.01210872970394193,-0.01289664723738567,0.004422677106597368,-0.0555734729630772,363,3,0.0483660034702637,0.21788686325194975,6,6,-0.05999615006967457
311,regenerated_shortfalls_fixed_labels,total,family_month_minus_pooled,0.07619599556709736,0.1255119451543618,0.04931594958726443,0.07709128257252496,0.11503737951848102,-0.0008952870054275974,0.01047456563588077,0.011369852641308367,-0.00034876650440141205,-0.0023236605143090987,-0.0019748940099076867,-0.001957668879155929,-0.010664527817917015,363,3,0.0483660034702637,0.21788686325194975,6,6,-0.008706858938761086
311,regenerated_shortfalls_fixed_labels,young_relative,pooled,-0.16302713404283437,-0.14915857900063545,0.013868555042198916,-0.16416781512267428,-0.15118842103729863,0.001140681079839917,0.0020298420366631764,0.0008891609568232595,-0.007915802788313398,-0.010968320741526984,-0.0030525179532135856,-0.20750767833248854,-0.21597660625413723,363,3,0.0001777539291631159,0.0507847629044633,5,5,-0.008468927921648689
311,regenerated_shortfalls_fixed_labels,young_relative,family_month,-0.08095036094304571,-0.03603209834553901,0.0449182625975067,-0.08707653255014933,-0.03615104151881761,0.006126171607103617,0.00011894317327859616,-0.006007228433825021,-0.013489387901370265,-0.01895100472542497,-0.005461616824054705,-0.35361562691686416,-0.37316320174765316,363,3,0.0001777539291631159,0.0507847629044633,6,6,-0.019547574830789005
311,regenerated_shortfalls_fixed_labels,young_relative,family_month_minus_pooled,0.08207677309978866,0.11312648065509644,0.03104970755530778,0.07709128257252496,0.11503737951848102,0.0049854905272637,-0.0019108988633845803,-0.00689638939064828,-0.005573585113056867,-0.007982683983897986,-0.00240909887084112,-0.1461079485843756,-0.15718659549351593,363,3,0.0001777539291631159,0.0507847629044633,6,6,-0.011078646909140344
311,regenerated_shortfalls_and_labels,total,pooled,-0.16377116430786862,-0.15318428413828714,0.01058688016958148,-0.16416781512267428,-0.1507975623265553,0.0003966508148056658,-0.002386721811731829,-0.0027833726265374947,0.0011366840378451543,-0.009703338294678463,-0.010840022332523618,0.006380345985753297,-0.0445338381114706,363,3,0.0483660034702637,0.21788686325194975,5,5,-0.0509141840972239
311,regenerated_shortfalls_and_labels,total,family_month,-0.08757516874077126,-0.02732481316603316,0.060250355574738096,-0.08707653255014933,-0.03549103144299453,-0.0004986361906219317,0.00816621827696137,0.008664854467583302,0.0007879175334437423,-0.012087884061984805,-0.012875801595428546,0.004422677106597368,-0.0554778011008731,363,3,0.0483660034702637,0.21788686325194975,6,6,-0.05990047820747047
311,regenerated_shortfalls_and_labels,total,family_month_minus_pooled,0.07619599556709736,0.12585947097225397,0.049663475405156615,0.07709128257252496,0.11530653088356077,-0.0008952870054275974,0.010552940088693202,0.0114482270941208,-0.00034876650440141205,-0.002384545767306342,-0.0020357792629049297,-0.001957668879155929,-0.0109439629894025,363,3,0.0483660034702637,0.21788686325194975,6,6,-0.008986294110246571
311,regenerated_shortfalls_and_labels,young_relative,pooled,-0.16302713404283437,-0.1487280400102692,0.014299094032565157,-0.16416781512267428,-0.1507975623265553,0.001140681079839917,0.0020695223162860987,0.0009288412364461818,-0.007915802788313398,-0.01087039830397572,-0.002954595515662321,-0.20750767833248854,-0.21404842087035433,363,3,0.0001777539291631159,0.0507847629044633,5,5,-0.006540742537865796
311,regenerated_shortfalls_and_labels,young_relative,family_month,-0.08095036094304571,-0.034986558287623364,0.045963802655422346,-0.08707653255014933,-0.03549103144299453,0.006126171607103617,0.0005044731553711657,-0.005621698451732451,-0.013489387901370265,-0.018899242959621955,-0.00540985505825169,-0.35361562691686416,-0.37214396363679714,363,3,0.0001777539291631159,0.0507847629044633,6,6,-0.01852833671993298
311,regenerated_shortfalls_and_labels,young_relative,family_month_minus_pooled,0.08207677309978866,0.11374148172264584,0.03166470862285718,0.07709128257252496,0.11530653088356077,0.0049854905272637,-0.001565049160914933,-0.006550539688178633,-0.005573585113056867,-0.008028844655646235,-0.002455259542589369,-0.1461079485843756,-0.1580955427664428,363,3,0.0001777539291631159,0.0507847629044633,6,6,-0.011987594182067213
312,fixed_shortfalls_fixed_labels,total,pooled,-0.16377116430786862,-0.21516143709597607,-0.051390272788107455,-0.16416781512267428,-0.2180956632710334,0.0003966508148056658,0.0029342261750573417,0.002537575360251676,0.0011366840378451543,0.008575270050852197,0.007438586013007042,0.006380345985753297,0.04813403551388537,363,3,0.06170076814319721,0.17815398105106858,5,5,0.041753689528132076
312,fixed_shortfalls_fixed_labels,total,family_month,-0.08757516874077126,-0.13629688381087637,-0.048721715070105115,-0.08707653255014933,-0.13180764444379803,-0.0004986361906219317,-0.004489239367078346,-0.003990603176456414,0.0007879175334437423,0.007289561847638479,0.006501644314194737,0.004422677106597368,0.04091719873242067,363,3,0.06170076814319721,0.17815398105106858,6,6,0.0364945216258233
312,fixed_shortfalls_fixed_labels,total,family_month_minus_pooled,0.07619599556709736,0.0788645532850997,0.00266855771800234,0.07709128257252496,0.08628801882723539,-0.0008952870054275974,-0.007423465542135688,-0.00652817853670809,-0.00034876650440141205,-0.0012857082032137175,-0.0009369416988123055,-0.001957668879155929,-0.007216836781464704,363,3,0.06170076814319721,0.17815398105106858,6,6,-0.005259167902308775
312,fixed_shortfalls_fixed_labels,young_relative,pooled,-0.16302713404283437,-0.21654668044752892,-0.05351954640469456,-0.16416781512267428,-0.2180956632710334,0.001140681079839917,0.0015489828235044911,0.00040830174366457417,-0.007915802788313398,-0.010770710714321164,-0.0028549079260077655,-0.20750767833248854,-0.28234725322102816,363,3,-0.0004626710527536109,0.03814703557923262,5,5,-0.07483957488853962
312,fixed_shortfalls_fixed_labels,young_relative,family_month,-0.08095036094304571,-0.1253713778201318,-0.04442101687708609,-0.08707653255014933,-0.13180764444379803,0.006126171607103617,0.006436266623666226,0.00031009501656260874,-0.013489387901370265,-0.013789054455254808,-0.0002996665538845429,-0.35361562691686416,-0.3614711928693515,363,3,-0.0004626710527536109,0.03814703557923262,6,6,-0.00785556595248732
312,fixed_shortfalls_fixed_labels,young_relative,family_month_minus_pooled,0.08207677309978866,0.09117530262739712,0.009098529527608465,0.07709128257252496,0.08628801882723539,0.0049854905272637,0.004887283800161735,-9.820672710196543e-05,-0.005573585113056867,-0.003018343740933644,0.0025552413721232226,-0.1461079485843756,-0.0791239396483233,363,3,-0.0004626710527536109,0.03814703557923262,6,6,0.06698400893605229
312,regenerated_shortfalls_fixed_labels,total,pooled,-0.16377116430786862,-0.21419495645709843,-0.05042379214922982,-0.16416781512267428,-0.2180956632710334,0.0003966508148056658,0.0039007068139349788,0.003504055999129313,0.0011366840378451543,0.012769505729208727,0.011632821691363572,0.006380345985753297,0.05752538031234842,363,3,0.061531814137186,0.2219803790930804,5,5,0.051145034326595125
312,regenerated_shortfalls_fixed_labels,total,family_month,-0.08757516874077126,-0.13806805093496455,-0.05049288219419329,-0.08707653255014933,-0.13180764444379803,-0.0004986361906219317,-0.00626040649116652,-0.005761770300544589,0.0007879175334437423,0.009163013470302512,0.00837509593685877,0.004422677106597368,0.041278483745900325,363,3,0.061531814137186,0.2219803790930804,6,6,0.036855806639302956
312,regenerated_shortfalls_fixed_labels,total,family_month_minus_pooled,0.07619599556709736,0.07612690552213389,-6.909004496347126e-05,0.07709128257252496,0.08628801882723539,-0.0008952870054275974,-0.010161113305101499,-0.009265826299673902,-0.00034876650440141205,-0.0036064922589062152,-0.003257725754504803,-0.001957668879155929,-0.016246896566448097,363,3,0.061531814137186,0.2219803790930804,6,6,-0.014289227687292167
312,regenerated_shortfalls_fixed_labels,young_relative,pooled,-0.16302713404283437,-0.21330946304652432,-0.05028232900368995,-0.16416781512267428,-0.2180956632710334,0.001140681079839917,0.004786200224509096,0.0036455191446691793,-0.007915802788313398,-0.01211999745057881,-0.004204194662265412,-0.20750767833248854,-0.21815309777872116,363,3,-0.0005730517502436286,0.05555730161059856,5,5,-0.010645419446232623
312,regenerated_shortfalls_fixed_labels,young_relative,family_month,-0.08095036094304571,-0.127094565288558,-0.046144204345512294,-0.08707653255014933,-0.13180764444379803,0.006126171607103617,0.004713079155240024,-0.0014130924518635929,-0.013489387901370265,-0.01138667695524543,0.0021027109461248354,-0.35361562691686416,-0.2049537437050977,363,3,-0.0005730517502436286,0.05555730161059856,6,6,0.14866188321176646
312,regenerated_shortfalls_fixed_labels,young_relative,family_month_minus_pooled,0.08207677309978866,0.08621489775796631,0.004138124658177658,0.07709128257252496,0.08628801882723539,0.0049854905272637,-7.312106926907203e-05,-0.005058611596532772,-0.005573585113056867,0.0007333204953333811,0.006306905608390248,-0.1461079485843756,0.013199354073623455,363,3,-0.0005730517502436286,0.05555730161059856,6,6,0.15930730265799906
312,regenerated_shortfalls_and_labels,total,pooled,-0.16377116430786862,-0.2127431543000847,-0.04897198999221608,-0.16416781512267428,-0.21660476360896477,0.0003966508148056658,0.0038616093088800763,0.0034649584940744105,0.0011366840378451543,0.012749751118542367,0.011613067080697212,0.006380345985753297,0.057436387714232005,363,3,0.061531814137186,0.2219803790930804,5,5,0.05105604172847871
312,regenerated_shortfalls_and_labels,total,family_month,-0.08757516874077126,-0.13530502084464682,-0.047729852103875564,-0.08707653255014933,-0.12899125454879828,-0.0004986361906219317,-0.0063137662958485385,-0.005815130105226607,0.0007879175334437423,0.00907975600595761,0.008291838472513868,0.004422677106597368,0.04090341697339973,363,3,0.061531814137186,0.2219803790930804,6,6,0.03648073986680236
312,regenerated_shortfalls_and_labels,total,family_month_minus_pooled,0.07619599556709736,0.07743813345543787,0.0012421378883405165,0.07709128257252496,0.08761350906016649,-0.0008952870054275974,-0.010175375604728615,-0.009280088599301017,-0.00034876650440141205,-0.0036699951125847563,-0.0033212286081833443,-0.001957668879155929,-0.016532970740832282,363,3,0.061531814137186,0.2219803790930804,6,6,-0.014575301861676352
312,regenerated_shortfalls_and_labels,young_relative,pooled,-0.16302713404283437,-0.21180078224256724,-0.04877364819973287,-0.16416781512267428,-0.21660476360896477,0.001140681079839917,0.004803981366397536,0.003663300286557619,-0.007915802788313398,-0.012170260555958172,-0.004254457767644774,-0.20750767833248854,-0.21905780524150717,363,3,-0.0005730517502436286,0.05555730161059856,5,5,-0.011550126909018632
312,regenerated_shortfalls_and_labels,young_relative,family_month,-0.08095036094304571,-0.1242953281013283,-0.043344967158282594,-0.08707653255014933,-0.12899125454879828,0.006126171607103617,0.004695926447469981,-0.0014302451596336363,-0.013489387901370265,-0.011446375823198589,0.002043012078171676,-0.35361562691686416,-0.20602828955636293,363,3,-0.0005730517502436286,0.05555730161059856,6,6,0.14758733736050123
312,regenerated_shortfalls_and_labels,young_relative,family_month_minus_pooled,0.08207677309978866,0.08750545414123893,0.005428681041450278,0.07709128257252496,0.08761350906016649,0.0049854905272637,-0.00010805491892755537,-0.0050935454461912555,-0.005573585113056867,0.0007238847327595832,0.00629746984581645,-0.1461079485843756,0.013029515685144238,363,3,-0.0005730517502436286,0.05555730161059856,6,6,0.15913746426951983
313,fixed_shortfalls_fixed_labels,total,pooled,-0.16377116430786862,-0.1415283180105916,0.02224284629727702,-0.16416781512267428,-0.14037381049849498,0.0003966508148056658,-0.0011545075120966142,-0.00155115832690228,0.0011366840378451543,-0.0031078906976189824,-0.004244574735464137,0.006380345985753297,-0.01744496911763141,363,1,0.06170076814319721,0.17815398105106858,5,5,-0.023825315103384707
313,fixed_shortfalls_fixed_labels,total,family_month,-0.08757516874077126,0.039815888107224855,0.12739105684799612,-0.08707653255014933,0.034887655171891546,-0.0004986361906219317,0.0049282329353333085,0.00542686912595524,0.0007879175334437423,-0.007529155503397457,-0.008317073036841198,0.004422677106597368,-0.04226206711170374,363,1,0.06170076814319721,0.17815398105106858,7,7,-0.04668474421830111
313,fixed_shortfalls_fixed_labels,total,family_month_minus_pooled,0.07619599556709736,0.18134420611781646,0.1051482105507191,0.07709128257252496,0.17526146567038653,-0.0008952870054275974,0.00608274044742993,0.006978027452857527,-0.00034876650440141205,-0.004421264805778475,-0.004072498301377063,-0.001957668879155929,-0.024817097994072335,363,1,0.06170076814319721,0.17815398105106858,7,7,-0.022859429114916407
313,fixed_shortfalls_fixed_labels,young_relative,pooled,-0.16302713404283437,-0.1405583094711524,0.022468824571681978,-0.16416781512267428,-0.14037381049849498,0.001140681079839917,-0.00018449897265740423,-0.0013251800524973212,-0.007915802788313398,0.0012121158974528134,0.009127918685766212,-0.20750767833248854,0.03177483856996462,363,1,-0.0004626710527536109,0.03814703557923262,5,5,0.23928251690245317
313,fixed_shortfalls_fixed_labels,young_relative,family_month,-0.08095036094304571,0.037712330916025716,0.11866269185907143,-0.08707653255014933,0.034887655171891546,0.006126171607103617,0.0028246757441341697,-0.0033014958629694474,-0.013489387901370265,-0.0062922892084700255,0.00719709869290024,-0.35361562691686416,-0.16494831414621297,363,1,-0.0004626710527536109,0.03814703557923262,7,7,0.18866731277065119
313,fixed_shortfalls_fixed_labels,young_relative,family_month_minus_pooled,0.08207677309978866,0.1782706403871781,0.09619386728738945,0.07709128257252496,0.17526146567038653,0.0049854905272637,0.003009174716791574,-0.0019763158104721262,-0.005573585113056867,-0.007504405105922839,-0.001930819992865972,-0.1461079485843756,-0.19672315271617757,363,1,-0.0004626710527536109,0.03814703557923262,7,7,-0.05061520413180198
313,regenerated_shortfalls_fixed_labels,total,pooled,-0.16377116430786862,-0.1398019357776536,0.02396922853021502,-0.16416781512267428,-0.14037381049849498,0.0003966508148056658,0.0005718747208413866,0.0001752239060357208,0.0011366840378451543,0.0017298352100448351,0.0005931511721996808,0.006380345985753297,0.00794932301711094,363,1,0.05985968865609174,0.21760786501207208,5,5,0.001568977031357644
313,regenerated_shortfalls_fixed_labels,total,family_month,-0.08757516874077126,0.03564139078698008,0.12321655952775135,-0.08707653255014933,0.034887655171891546,-0.0004986361906219317,0.0007537356150885341,0.0012523718057104657,0.0007879175334437423,-0.003589494068922548,-0.00437741160236629,0.004422677106597368,-0.016495240503937744,363,1,0.05985968865609174,0.21760786501207208,7,7,-0.02091791761053511
313,regenerated_shortfalls_fixed_labels,total,family_month_minus_pooled,0.07619599556709736,0.17544332656463368,0.09924733099753633,0.07709128257252496,0.17526146567038653,-0.0008952870054275974,0.00018186089424715446,0.0010771478996747519,-0.00034876650440141205,-0.005319329278967383,-0.004970562774565972,-0.001957668879155929,-0.024444563521048682,363,1,0.05985968865609174,0.21760786501207208,7,7,-0.022486894641892755
313,regenerated_shortfalls_fixed_labels,young_relative,pooled,-0.16302713404283437,-0.14032763297977213,0.022699501063062233,-0.16416781512267428,-0.14037381049849498,0.001140681079839917,4.617751872285081e-05,-0.0010945035611170661,-0.007915802788313398,-0.00032722806969575193,0.007588574718617647,-0.20750767833248854,-0.006749035033162706,363,1,-0.001605879152228536,0.048485163892001255,5,5,0.20075864329932583
313,regenerated_shortfalls_fixed_labels,young_relative,family_month,-0.08095036094304571,0.03508977071342135,0.11604013165646707,-0.08707653255014933,0.034887655171891546,0.006126171607103617,0.00020211554152980288,-0.005924056065573814,-0.013489387901370265,-0.0006917539770773598,0.012797633924292905,-0.35361562691686416,-0.014267332964331395,363,1,-0.001605879152228536,0.048485163892001255,7,7,0.33934829395253274
313,regenerated_shortfalls_fixed_labels,young_relative,family_month_minus_pooled,0.08207677309978866,0.17541740369319347,0.09334063059340482,0.07709128257252496,0.17526146567038653,0.0049854905272637,0.00015593802280694513,-0.004829552504456755,-0.005573585113056867,-0.0003645259073816079,0.005209059205675258,-0.1461079485843756,-0.007518297931168689,363,1,-0.001605879152228536,0.048485163892001255,7,7,0.13858965065320691
313,regenerated_shortfalls_and_labels,total,pooled,-0.16377116430786862,-0.13984165326103032,0.023929511046838298,-0.16416781512267428,-0.14040860971293562,0.0003966508148056658,0.0005669564519052983,0.00017030563709963253,0.0011366840378451543,0.0017154233559083484,0.000578739318063194,0.006380345985753297,0.007883094463581007,363,1,0.05985968865609174,0.21760786501207208,5,5,0.0015027484778277105
313,regenerated_shortfalls_and_labels,total,family_month,-0.08757516874077126,0.03470316972667071,0.12227833846744196,-0.08707653255014933,0.03396216578100022,-0.0004986361906219317,0.0007410039456704903,0.001239640136292422,0.0007879175334437423,-0.003581173342662556,-0.004369090876106298,0.004422677106597368,-0.016457003254289018,363,1,0.05985968865609174,0.21760786501207208,7,7,-0.020879680360886388
313,regenerated_shortfalls_and_labels,total,family_month_minus_pooled,0.07619599556709736,0.17454482298770102,0.09834882742060366,0.07709128257252496,0.17437077549393584,-0.0008952870054275974,0.00017404749376517814,0.0010693344991927756,-0.00034876650440141205,-0.005296596698570904,-0.0049478301941694915,-0.001957668879155929,-0.024340097717870025,363,1,0.05985968865609174,0.21760786501207208,7,7,-0.022382428838714098
313,regenerated_shortfalls_and_labels,young_relative,pooled,-0.16302713404283437,-0.14036972339815534,0.02265741064467902,-0.16416781512267428,-0.14040860971293562,0.001140681079839917,3.888631478027316e-05,-0.0011017947650596438,-0.007915802788313398,-0.0002757129105589828,0.007640089877754415,-0.20750767833248854,-0.005686541787774961,363,1,-0.001605879152228536,0.048485163892001255,5,5,0.20182113654471356
313,regenerated_shortfalls_and_labels,young_relative,family_month,-0.08095036094304571,0.03415328371556143,0.11510364465860715,-0.08707653255014933,0.03396216578100022,0.006126171607103617,0.00019111793456121073,-0.005935053672542406,-0.013489387901370265,-0.000661357547886237,0.012828030353484027,-0.35361562691686416,-0.01364041069056473,363,1,-0.001605879152228536,0.048485163892001255,7,7,0.33997521622629945
313,regenerated_shortfalls_and_labels,young_relative,family_month_minus_pooled,0.08207677309978866,0.17452300711371677,0.09244623401392811,0.07709128257252496,0.17437077549393584,0.0049854905272637,0.0001522316197809237,-0.004833258907482776,-0.005573585113056867,-0.0003856446373272542,0.005187940475729612,-0.1461079485843756,-0.007953868902789771,363,1,-0.001605879152228536,0.048485163892001255,7,7,0.13815407968158583
314,fixed_shortfalls_fixed_labels,total,pooled,-0.16377116430786862,-0.25631543369942744,-0.09254426939155883,-0.16416781512267428,-0.25514595008104435,0.0003966508148056658,-0.0011694836183830937,-0.0015661344331887594,0.0011366840378451543,-0.0037013835893409714,-0.004838067627186126,0.006380345985753297,-0.02077631702364234,363,1,0.06170076814319721,0.17815398105106858,5,5,-0.027156663009395638
314,fixed_shortfalls_fixed_labels,total,family_month,-0.08757516874077126,-0.19980124116758746,-0.1122260724268162,-0.08707653255014933,-0.19974765095991387,-0.0004986361906219317,-5.3590207673592793e-05,0.00044504598294833886,0.0007879175334437423,8.99365756910691e-05,-0.0006979809577526731,0.004422677106597368,0.0005048249562567362,363,1,0.06170076814319721,0.17815398105106858,6,6,-0.003917852150340632
314,fixed_shortfalls_fixed_labels,total,family_month_minus_pooled,0.07619599556709736,0.05651419253183998,-0.019681803035257378,0.07709128257252496,0.05539829912113048,-0.0008952870054275974,0.0011158934107095009,0.0020111804161370983,-0.00034876650440141205,0.0037913201650320405,0.0041400866694334525,-0.001957668879155929,0.02128114197989908,363,1,0.06170076814319721,0.17815398105106858,6,6,0.023238810859055006
314,fixed_shortfalls_fixed_labels,young_relative,pooled,-0.16302713404283437,-0.25471668987388485,-0.09168955583105048,-0.16416781512267428,-0.25514595008104435,0.001140681079839917,0.00042926020715949864,-0.0007114208726804183,-0.007915802788313398,-0.0031664782932531244,0.004749324495060274,-0.20750767833248854,-0.0830071916512686,363,1,-0.0004626710527536109,0.03814703557923262,5,5,0.12450048668121994
314,fixed_shortfalls_fixed_labels,young_relative,family_month,-0.08095036094304571,-0.19655449666534616,-0.11560413572230045,-0.08707653255014933,-0.19974765095991387,0.006126171607103617,0.003193154294567707,-0.00293301731253591,-0.013489387901370265,-0.00715661500821669,0.006332772893153575,-0.35361562691686416,-0.18760605901740832,363,1,-0.0004626710527536109,0.03814703557923262,6,6,0.16600956789945584
314,fixed_shortfalls_fixed_labels,young_relative,family_month_minus_pooled,0.08207677309978866,0.05816219320853869,-0.023914579891249968,0.07709128257252496,0.05539829912113048,0.0049854905272637,0.0027638940874082085,-0.0022215964398554916,-0.005573585113056867,-0.003990136714963566,0.0015834483980933008,-0.1461079485843756,-0.10459886736613971,363,1,-0.0004626710527536109,0.03814703557923262,6,6,0.04150908121823588
314,regenerated_shortfalls_fixed_labels,total,pooled,-0.16377116430786862,-0.2545293168487307,-0.09075815254086209,-0.16416781512267428,-0.25514595008104435,0.0003966508148056658,0.0006166332323136459,0.0002199824175079801,0.0011366840378451543,0.001841527104194921,0.0007048430663497667,0.006380345985753297,0.008512161010014877,363,1,0.06523728210569382,0.21634072734623971,5,5,0.00213181502426158
314,regenerated_shortfalls_fixed_labels,total,family_month,-0.08757516874077126,-0.20242226924540882,-0.11484710050463756,-0.08707653255014933,-0.19974765095991387,-0.0004986361906219317,-0.0026746182854949507,-0.002175982094873019,0.0007879175334437423,0.0042919107306635396,0.0035039931972197973,0.004422677106597368,0.019838662758097352,363,1,0.06523728210569382,0.21634072734623971,6,6,0.015415985651499984
314,regenerated_shortfalls_fixed_labels,total,family_month_minus_pooled,0.07619599556709736,0.05210704760332188,-0.024088947963775476,0.07709128257252496,0.05539829912113048,-0.0008952870054275974,-0.0032912515178085966,-0.002395964512380999,-0.00034876650440141205,0.0024503836264686187,0.0027991501308700308,-0.001957668879155929,0.011326501748082477,363,1,0.06523728210569382,0.21634072734623971,6,6,0.013284170627238407
314,regenerated_shortfalls_fixed_labels,young_relative,pooled,-0.16302713404283437,-0.253110961627006,-0.09008382758417166,-0.16416781512267428,-0.25514595008104435,0.001140681079839917,0.0020349884540383223,0.0008943073741984053,-0.007915802788313398,0.009851463968443577,0.017767266756756973,-0.20750767833248854,0.19486813001140438,363,1,0.001816138728532447,0.05055451585575863,5,5,0.4023758083438929
314,regenerated_shortfalls_fixed_labels,young_relative,family_month,-0.08095036094304571,-0.2013364161511912,-0.12038605520814548,-0.08707653255014933,-0.19974765095991387,0.006126171607103617,-0.0015887651912773193,-0.007714936798380936,-0.013489387901370265,0.005471465349656627,0.018960853251026893,-0.35361562691686416,0.10822901291880091,363,1,0.001816138728532447,0.05055451585575863,6,6,0.46184463983566504
314,regenerated_shortfalls_fixed_labels,young_relative,family_month_minus_pooled,0.08207677309978866,0.05177454547581484,-0.030302227623973818,0.07709128257252496,0.05539829912113048,0.0049854905272637,-0.0036237536453156416,-0.008609244172579342,-0.005573585113056867,-0.00437999861878695,0.0011935864942699166,-0.1461079485843756,-0.08663911709260345,363,1,0.001816138728532447,0.05055451585575863,6,6,0.05946883149177214
314,regenerated_shortfalls_and_labels,total,pooled,-0.16377116430786862,-0.25451141224466617,-0.09074024793679755,-0.16416781512267428,-0.2551461532114258,0.0003966508148056658,0.0006347409667596393,0.00023809015195397354,0.0011366840378451543,0.0018961636556653176,0.0007594796178201633,0.006380345985753297,0.00876470962691471,363,1,0.06523728210569382,0.21634072734623971,5,5,0.0023843636411614135
314,regenerated_shortfalls_and_labels,total,family_month,-0.08757516874077126,-0.19992769677158345,-0.1123525280308122,-0.08707653255014933,-0.19727836195040546,-0.0004986361906219317,-0.00264933482117799,-0.0021506986305560583,0.0007879175334437423,0.004208961262666632,0.00342104372922289,0.004422677106597368,0.019455242266660473,363,1,0.06523728210569382,0.21634072734623971,6,6,0.015032565160063105
314,regenerated_shortfalls_and_labels,total,family_month_minus_pooled,0.07619599556709736,0.05458371547308272,-0.02161228009401464,0.07709128257252496,0.057867791261020346,-0.0008952870054275974,-0.0032840757879376292,-0.002388788782510032,-0.00034876650440141205,0.0023127976070013148,0.002661564111402727,-0.001957668879155929,0.010690532639745764,363,1,0.06523728210569382,0.21634072734623971,6,6,0.012648201518901694
314,regenerated_shortfalls_and_labels,young_relative,pooled,-0.16302713404283437,-0.25305175442263006,-0.0900246203797957,-0.16416781512267428,-0.2551461532114258,0.001140681079839917,0.0020943987887957483,0.0009537177089558313,-0.007915802788313398,0.010117565354248475,0.018033368142561873,-0.20750767833248854,0.20013178215603442,363,1,0.001816138728532447,0.05055451585575863,5,5,0.40763946048852295
314,regenerated_shortfalls_and_labels,young_relative,family_month,-0.08095036094304571,-0.1987029451700557,-0.11775258422701,-0.08707653255014933,-0.19727836195040546,0.006126171607103617,-0.0014245832196502495,-0.0075507548267538666,-0.013489387901370265,0.00566610623530958,0.019155494136679843,-0.35361562691686416,0.11207913159481196,363,1,0.001816138728532447,0.05055451585575863,6,6,0.46569475851167613
314,regenerated_shortfalls_and_labels,young_relative,family_month_minus_pooled,0.08207677309978866,0.05434880925257435,-0.027727963847214307,0.07709128257252496,0.057867791261020346,0.0049854905272637,-0.0035189820084459977,-0.008504472535709698,-0.005573585113056867,-0.004451459118938895,0.0011221259941179718,-0.1461079485843756,-0.08805265056122245,363,1,0.001816138728532447,0.05055451585575863,6,6,0.05805529802315314
315,fixed_shortfalls_fixed_labels,total,pooled,-0.16377116430786862,-0.16523358718635353,-0.0014624228784849147,-0.16416781512267428,-0.16639924754474225,0.0003966508148056658,0.0011656603583887204,0.0007690095435830546,0.0011366840378451543,0.003279960368984149,0.0021432763311389946,0.006380345985753297,0.018410817146117742,363,4,0.06170076814319721,0.17815398105106858,5,5,0.012030471160364445
315,fixed_shortfalls_fixed_labels,total,family_month,-0.08757516874077126,-0.07834636236079916,0.009228806379972102,-0.08707653255014933,-0.0771429067502102,-0.0004986361906219317,-0.0012034556105889604,-0.0007048194199670288,0.0007879175334437423,0.0018531103282282044,0.0010651927947844622,0.004422677106597368,0.010401734035328701,363,4,0.06170076814319721,0.17815398105106858,6,6,0.005979056928731333
315,fixed_shortfalls_fixed_labels,total,family_month_minus_pooled,0.07619599556709736,0.08688722482555437,0.010691229258457016,0.07709128257252496,0.08925634079453205,-0.0008952870054275974,-0.002369115968977681,-0.0014738289635500834,-0.00034876650440141205,-0.0014268500407559445,-0.0010780835363545325,-0.001957668879155929,-0.008009083110789043,363,4,0.06170076814319721,0.17815398105106858,6,6,-0.0060514142316331135
315,fixed_shortfalls_fixed_labels,young_relative,pooled,-0.16302713404283437,-0.16456805547342915,-0.0015409214305947827,-0.16416781512267428,-0.16639924754474225,0.001140681079839917,0.0018311920713131036,0.0006905109914731866,-0.007915802788313398,-0.010721873355623775,-0.0028060705673103765,-0.20750767833248854,-0.28106701327693207,363,4,-0.0004626710527536109,0.03814703557923262,5,5,-0.07355933494444353
315,fixed_shortfalls_fixed_labels,young_relative,family_month,-0.08095036094304571,-0.07042845007486002,0.010521910868185685,-0.08707653255014933,-0.0771429067502102,0.006126171607103617,0.006714456675350172,0.0005882850682465551,-0.013489387901370265,-0.014774722128915434,-0.0012853342275451693,-0.35361562691686416,-0.38730983691322124,363,4,-0.0004626710527536109,0.03814703557923262,6,6,-0.03369420999635708
315,fixed_shortfalls_fixed_labels,young_relative,family_month_minus_pooled,0.08207677309978866,0.09413960539856912,0.012062832298780468,0.07709128257252496,0.08925634079453205,0.0049854905272637,0.004883264604037069,-0.00010222592322663149,-0.005573585113056867,-0.004052848773291659,0.0015207363397652073,-0.1461079485843756,-0.10624282363628916,363,4,-0.0004626710527536109,0.03814703557923262,6,6,0.03986512494808643
315,regenerated_shortfalls_fixed_labels,total,pooled,-0.16377116430786862,-0.16293919910682886,0.0008319652010397582,-0.16416781512267428,-0.16639924754474225,0.0003966508148056658,0.0034600484379133933,0.0030633976231077276,0.0011366840378451543,0.009461509486536526,0.008324825448691371,0.006380345985753297,0.04358798346820469,363,4,0.07084352829681233,0.2170669238102799,5,5,0.03720763748245139
315,regenerated_shortfalls_fixed_labels,total,family_month,-0.08757516874077126,-0.0796213538826156,0.007953814858155661,-0.08707653255014933,-0.0771429067502102,-0.0004986361906219317,-0.002478447132405401,-0.001979810941783469,0.0007879175334437423,0.006019931036305494,0.005232013502861752,0.004422677106597368,0.02773306467256621,363,4,0.07084352829681233,0.2170669238102799,6,6,0.023310387565968843
315,regenerated_shortfalls_fixed_labels,total,family_month_minus_pooled,0.07619599556709736,0.08331784522421326,0.007121849657115903,0.07709128257252496,0.08925634079453205,-0.0008952870054275974,-0.005938495570318794,-0.005043208564891197,-0.00034876650440141205,-0.003441578450231032,-0.00309281194582962,-0.001957668879155929,-0.015854918795638478,363,4,0.07084352829681233,0.2170669238102799,6,6,-0.013897249916482548
315,regenerated_shortfalls_fixed_labels,young_relative,pooled,-0.16302713404283437,-0.16242977512141796,0.0005973589214164077,-0.16416781512267428,-0.16639924754474225,0.001140681079839917,0.003969472423324294,0.002828791343484377,-0.007915802788313398,-0.022659880611759744,-0.014744077823446345,-0.20750767833248854,-0.4507640135193991,363,4,0.0014820671278089083,0.05026994154843852,5,5,-0.24325633518691056
315,regenerated_shortfalls_fixed_labels,young_relative,family_month,-0.08095036094304571,-0.07989444928087268,0.0010559116621730313,-0.08707653255014933,-0.0771429067502102,0.006126171607103617,-0.002751542530662482,-0.008877714137766099,-0.013489387901370265,-0.023351710261064387,-0.009862322359694121,-0.35361562691686416,-0.4645263062134938,363,4,0.0014820671278089083,0.05026994154843852,6,6,-0.11091067929662962
315,regenerated_shortfalls_fixed_labels,young_relative,family_month_minus_pooled,0.08207677309978866,0.08253532584054528,0.00045855274075662367,0.07709128257252496,0.08925634079453205,0.0049854905272637,-0.006721014953986776,-0.011706505481250476,-0.005573585113056867,-0.0006918296493046427,0.004881755463752224,-0.1461079485843756,-0.013762292694094694,363,4,0.0014820671278089083,0.05026994154843852,6,6,0.1323456558902809
315,regenerated_shortfalls_and_labels,total,pooled,-0.16377116430786862,-0.16420140367367256,-0.0004302393658039416,-0.16416781512267428,-0.16765416743509326,0.0003966508148056658,0.003452763761420702,0.003056112946615036,0.0011366840378451543,0.009327036104676343,0.008190352066831188,0.006380345985753297,0.042968481521525256,363,4,0.07084352829681233,0.2170669238102799,5,5,0.03658813553577196
315,regenerated_shortfalls_and_labels,total,family_month,-0.08757516874077126,-0.08629930878238175,0.0012758599583895108,-0.08707653255014933,-0.08381161551712066,-0.0004986361906219317,-0.00248769326526109,-0.0019890570746391584,0.0007879175334437423,0.005936916858241168,0.0051489993247974255,0.004422677106597368,0.02735062880160467,363,4,0.07084352829681233,0.2170669238102799,6,6,0.022927951695007304
315,regenerated_shortfalls_and_labels,total,family_month_minus_pooled,0.07619599556709736,0.07790209489129081,0.0017060993241934524,0.07709128257252496,0.0838425519179726,-0.0008952870054275974,-0.005940457026681792,-0.0050451700212541944,-0.00034876650440141205,-0.003390119246435175,-0.0030413527420337628,-0.001957668879155929,-0.015617852719920588,363,4,0.07084352829681233,0.2170669238102799,6,6,-0.013660183840764659
315,regenerated_shortfalls_and_labels,young_relative,pooled,-0.16302713404283437,-0.16382452857690885,-0.0007973945340744859,-0.16416781512267428,-0.16765416743509326,0.001140681079839917,0.0038296388581844087,0.002688957778344492,-0.007915802788313398,-0.02275398132901096,-0.014838178540697562,-0.20750767833248854,-0.45263592174830647,363,4,0.0014820671278089083,0.05026994154843852,5,5,-0.24512824341581793
315,regenerated_shortfalls_and_labels,young_relative,family_month,-0.08095036094304571,-0.08700549300977264,-0.006055132066726934,-0.08707653255014933,-0.08381161551712066,0.006126171607103617,-0.0031938774926519864,-0.009320049099755603,-0.013489387901370265,-0.023531524861617033,-0.010042136960246768,-0.35361562691686416,-0.4681032867114596,363,4,0.0014820671278089083,0.05026994154843852,6,6,-0.11448765979459546
315,regenerated_shortfalls_and_labels,young_relative,family_month_minus_pooled,0.08207677309978866,0.0768190355671362,-0.005257737532652448,0.07709128257252496,0.0838425519179726,0.0049854905272637,-0.007023516350836395,-0.012009006878100095,-0.005573585113056867,-0.0007775435326060724,0.004796041580450794,-0.1461079485843756,-0.015467364963153103,363,4,0.0014820671278089083,0.05026994154843852,6,6,0.1306405836212225
316,fixed_shortfalls_fixed_labels,total,pooled,-0.16377116430786862,-0.14728647650368792,0.016484687804180692,-0.16416781512267428,-0.15179926055198473,0.0003966508148056658,0.004512784048296803,0.004116133233491137,0.0011366840378451543,0.011868735074574841,0.010732051036729686,0.006380345985753297,0.06662065593231183,363,1,0.06170076814319721,0.17815398105106858,5,5,0.06024030994655853
316,fixed_shortfalls_fixed_labels,total,family_month,-0.08757516874077126,-0.1361361780002272,-0.048561009259455945,-0.08707653255014933,-0.12506046994059689,-0.0004986361906219317,-0.011075708059630318,-0.010577071869008386,0.0007879175334437423,0.018414841062106196,0.017626923528662453,0.004422677106597368,0.1033647463473045,363,1,0.06170076814319721,0.17815398105106858,6,6,0.09894206924070713
316,fixed_shortfalls_fixed_labels,total,family_month_minus_pooled,0.07619599556709736,0.01115029850346072,-0.06504569706363664,0.07709128257252496,0.02673879061138784,-0.0008952870054275974,-0.015588492107927121,-0.014693205102499524,-0.00034876650440141205,0.006546105987531355,0.006894872491932767,-0.001957668879155929,0.03674409041499267,363,1,0.06170076814319721,0.17815398105106858,6,6,0.038701759294148604
316,fixed_shortfalls_fixed_labels,young_relative,pooled,-0.16302713404283437,-0.15026573297853846,0.012761401064295907,-0.16416781512267428,-0.15179926055198473,0.001140681079839917,0.0015335275734462694,0.0003928464936063525,-0.007915802788313398,-0.01218572953849833,-0.004269926750184932,-0.20750767833248854,-0.3194410614997377,363,1,-0.0004626710527536109,0.03814703557923262,5,5,-0.11193338316724918
316,fixed_shortfalls_fixed_labels,young_relative,family_month,-0.08095036094304571,-0.11710489899239662,-0.03615453804935091,-0.08707653255014933,-0.12506046994059689,0.006126171607103617,0.007955570948200263,0.0018293993410966464,-0.013489387901370265,-0.017480969760332827,-0.003991581858962562,-0.35361562691686416,-0.4582523778033627,363,1,-0.0004626710527536109,0.03814703557923262,6,6,-0.10463675088649854
316,fixed_shortfalls_fixed_labels,young_relative,family_month_minus_pooled,0.08207677309978866,0.033160833986141836,-0.04891593911364682,0.07709128257252496,0.02673879061138784,0.0049854905272637,0.006422043374753994,0.0014365528474902939,-0.005573585113056867,-0.005295240221834497,0.00027834489122237,-0.1461079485843756,-0.138811316303625,363,1,-0.0004626710527536109,0.03814703557923262,6,6,0.007296632280750587
316,regenerated_shortfalls_fixed_labels,total,pooled,-0.16377116430786862,-0.14683539455305644,0.016935769754812174,-0.16416781512267428,-0.15179926055198473,0.0003966508148056658,0.004963865998928285,0.004567215184122619,0.0011366840378451543,0.02019388817389563,0.019057204136050478,0.006380345985753297,0.09364320978242546,363,1,0.05990637857631413,0.21564711654817206,5,5,0.08726286379667217
316,regenerated_shortfalls_fixed_labels,total,family_month,-0.08757516874077126,-0.13491271599384266,-0.047337547253071405,-0.08707653255014933,-0.12506046994059689,-0.0004986361906219317,-0.009852246053245778,-0.009353609862623846,0.0007879175334437423,0.023869133382025138,0.023081215848581395,0.004422677106597368,0.11068607716205267,363,1,0.05990637857631413,0.21564711654817206,6,6,0.1062634000554553
316,regenerated_shortfalls_fixed_labels,total,family_month_minus_pooled,0.07619599556709736,0.011922678559213779,-0.06427331700788358,0.07709128257252496,0.02673879061138784,-0.0008952870054275974,-0.014816112052174063,-0.013920825046746466,-0.00034876650440141205,0.0036752452081295073,0.004024011712530919,-0.001957668879155929,0.017042867379627204,363,1,0.05990637857631413,0.21564711654817206,6,6,0.019000536258783132
316,regenerated_shortfalls_fixed_labels,young_relative,pooled,-0.16302713404283437,-0.14952138883587474,0.01350574520695963,-0.16416781512267428,-0.15179926055198473,0.001140681079839917,0.0022778717161099915,0.0011371906362700746,-0.007915802788313398,-0.009699999809423968,-0.0017841970211105694,-0.20750767833248854,-0.2110971888473281,363,1,0.0008465799704326566,0.04595039783518531,5,5,-0.00358951051483955
316,regenerated_shortfalls_fixed_labels,young_relative,family_month,-0.08095036094304571,-0.11290308244794402,-0.03195272150489831,-0.08707653255014933,-0.12506046994059689,0.006126171607103617,0.012157387492652869,0.0060312158855492515,-0.013489387901370265,-0.016733176914046678,-0.0032437890126764124,-0.35361562691686416,-0.36415738932370434,363,1,0.0008465799704326566,0.04595039783518531,6,6,-0.010541762406840183
316,regenerated_shortfalls_fixed_labels,young_relative,family_month_minus_pooled,0.08207677309978866,0.03661830638793072,-0.04545846671185794,0.07709128257252496,0.02673879061138784,0.0049854905272637,0.009879515776542877,0.004894025249279177,-0.005573585113056867,-0.00703317710462271,-0.001459591991565843,-0.1461079485843756,-0.15306020047637628,363,1,0.0008465799704326566,0.04595039783518531,6,6,-0.006952251892000688
316,regenerated_shortfalls_and_labels,total,pooled,-0.16377116430786862,-0.14682530314195977,0.01694586116590885,-0.16416781512267428,-0.15177799976972978,0.0003966508148056658,0.004952696627770009,0.004556045812964343,0.0011366840378451543,0.020159624410012088,0.019022940372166935,0.006380345985753297,0.09348432166728626,363,1,0.05990637857631413,0.21564711654817206,5,5,0.08710397568153297
316,regenerated_shortfalls_and_labels,total,family_month,-0.08757516874077126,-0.1278253448214619,-0.04025017608069065,-0.08707653255014933,-0.11773120800538081,-0.0004986361906219317,-0.010094136816081095,-0.009595500625459163,0.0007879175334437423,0.02351601357279745,0.022728096039353708,0.004422677106597368,0.10904858803221862,363,1,0.05990637857631413,0.21564711654817206,6,6,0.10462591092562125
316,regenerated_shortfalls_and_labels,total,family_month_minus_pooled,0.07619599556709736,0.01899995832049786,-0.057196037246599496,0.07709128257252496,0.034046791764348966,-0.0008952870054275974,-0.015046833443851104,-0.014151546438423507,-0.00034876650440141205,0.003356389162785363,0.003705155667186775,-0.001957668879155929,0.015564266364932359,363,1,0.05990637857631413,0.21564711654817206,6,6,0.017521935244088287
316,regenerated_shortfalls_and_labels,young_relative,pooled,-0.16302713404283437,-0.14948880134493986,0.013538332697894506,-0.16416781512267428,-0.15177799976972978,0.001140681079839917,0.0022891984247899178,0.0011485173449500008,-0.007915802788313398,-0.009747877788275532,-0.0018320749999621334,-0.20750767833248854,-0.21213913801658865,363,1,0.0008465799704326566,0.04595039783518531,5,5,-0.004631459684100114
316,regenerated_shortfalls_and_labels,young_relative,family_month,-0.08095036094304571,-0.10529380461663275,-0.02434344367358704,-0.08707653255014933,-0.11773120800538081,0.006126171607103617,0.012437403388748061,0.006311231781644444,-0.013489387901370265,-0.01695444513238965,-0.0034650572310193847,-0.35361562691686416,-0.3689727604361943,363,1,0.0008465799704326566,0.04595039783518531,6,6,-0.015357133519330157
316,regenerated_shortfalls_and_labels,young_relative,family_month_minus_pooled,0.08207677309978866,0.04419499672830711,-0.037881776371481546,0.07709128257252496,0.034046791764348966,0.0049854905272637,0.010148204963958143,0.005162714436694443,-0.005573585113056867,-0.007206567344114118,-0.0016329822310572513,-0.1461079485843756,-0.15683362241960566,363,1,0.0008465799704326566,0.04595039783518531,6,6,-0.01072567383523007
317,fixed_shortfalls_fixed_labels,total,pooled,-0.16377116430786862,-0.1809963412134569,-0.01722517690558828,-0.16416781512267428,-0.18250812194870128,0.0003966508148056658,0.0015117807352443835,0.0011151299204387177,0.0011366840378451543,0.004337428554276839,0.0032007445164316845,0.006380345985753297,0.024346514900688617,363,1,0.06170076814319721,0.17815398105106858,5,5,0.01796616891493532
317,fixed_shortfalls_fixed_labels,total,family_month,-0.08757516874077126,-0.1693819908776844,-0.08180682213691315,-0.08707653255014933,-0.16540603632557455,-0.0004986361906219317,-0.003975954552109862,-0.00347731836148793,0.0007879175334437423,0.006611707153432698,0.005823789619988955,0.004422677106597368,0.03711231775133571,363,1,0.06170076814319721,0.17815398105106858,6,6,0.03268964064473834
317,fixed_shortfalls_fixed_labels,total,family_month_minus_pooled,0.07619599556709736,0.011614350335772489,-0.06458164523132487,0.07709128257252496,0.017102085623126734,-0.0008952870054275974,-0.005487735287354245,-0.004592448281926648,-0.00034876650440141205,0.002274278599155859,0.002623045103557271,-0.001957668879155929,0.012765802850647089,363,1,0.06170076814319721,0.17815398105106858,6,6,0.014723471729803018
317,fixed_shortfalls_fixed_labels,young_relative,pooled,-0.16302713404283437,-0.1801334711209387,-0.017106337078104328,-0.16416781512267428,-0.18250812194870128,0.001140681079839917,0.0023746508277625866,0.0012339697479226697,-0.007915802788313398,-0.017446538608637097,-0.009530735820323698,-0.20750767833248854,-0.45734978730916254,363,1,-0.0004626710527536109,0.03814703557923262,5,5,-0.249842108976674
317,fixed_shortfalls_fixed_labels,young_relative,family_month,-0.08095036094304571,-0.15580237262322655,-0.07485201168018084,-0.08707653255014933,-0.16540603632557455,0.006126171607103617,0.009603663702347998,0.0034774920952443805,-0.013489387901370265,-0.018949885998827888,-0.005460498097457623,-0.35361562691686416,-0.4967590721294283,363,1,-0.0004626710527536109,0.03814703557923262,6,6,-0.14314344521256417
317,fixed_shortfalls_fixed_labels,young_relative,family_month_minus_pooled,0.08207677309978866,0.024331098497712145,-0.05774567460207651,0.07709128257252496,0.017102085623126734,0.0049854905272637,0.007229012874585411,0.002243522347321711,-0.005573585113056867,-0.0015033473901907915,0.004070237722866075,-0.1461079485843756,-0.039409284820265796,363,1,-0.0004626710527536109,0.03814703557923262,6,6,0.1066986637641098
317,regenerated_shortfalls_fixed_labels,total,pooled,-0.16377116430786862,-0.18096509285820178,-0.017193928550333165,-0.16416781512267428,-0.18250812194870128,0.0003966508148056658,0.001543029090499498,0.0011463782756938323,0.0011366840378451543,0.004223155071069527,0.003086471033224373,0.006380345985753297,0.019185327564554353,363,1,0.07519823404522348,0.2201242098608716,5,5,0.012804981578801056
317,regenerated_shortfalls_fixed_labels,total,family_month,-0.08757516874077126,-0.170104557978688,-0.08252938923791675,-0.08707653255014933,-0.16540603632557455,-0.0004986361906219317,-0.004698521653113463,-0.004199885462491532,0.0007879175334437423,0.006920462776890972,0.00613254524344723,0.004422677106597368,0.03143889888924537,363,1,0.07519823404522348,0.2201242098608716,6,6,0.027016221782648002
317,regenerated_shortfalls_fixed_labels,total,family_month_minus_pooled,0.07619599556709736,0.010860534879513772,-0.06533546068758359,0.07709128257252496,0.017102085623126734,-0.0008952870054275974,-0.006241550743612961,-0.005346263738185364,-0.00034876650440141205,0.002697307705821445,0.003046074210222857,-0.001957668879155929,0.012253571324691022,363,1,0.07519823404522348,0.2201242098608716,6,6,0.014211240203846951
317,regenerated_shortfalls_fixed_labels,young_relative,pooled,-0.16302713404283437,-0.18119933741145736,-0.01817220336862299,-0.16416781512267428,-0.18250812194870128,0.001140681079839917,0.0013087845372439233,0.00016810345740400634,-0.007915802788313398,-0.023358370072777048,-0.01544256728446365,-0.20750767833248854,-0.4764629962713428,363,1,-0.001110588430112593,0.04902452080344682,5,5,-0.2689553179388543
317,regenerated_shortfalls_fixed_labels,young_relative,family_month,-0.08095036094304571,-0.1549134446837067,-0.073963083740661,-0.08707653255014933,-0.16540603632557455,0.006126171607103617,0.010492591641867832,0.004366420034764215,-0.013489387901370265,-0.024806794415151923,-0.011317406513781658,-0.35361562691686416,-0.5060078917366553,363,1,-0.001110588430112593,0.04902452080344682,6,6,-0.15239226481979112
317,regenerated_shortfalls_fixed_labels,young_relative,family_month_minus_pooled,0.08207677309978866,0.026285892727750643,-0.05579088037203801,0.07709128257252496,0.017102085623126734,0.0049854905272637,0.009183807104623909,0.004198316577360209,-0.005573585113056867,-0.0014484243423748752,0.004125160770681991,-0.1461079485843756,-0.02954489546531252,363,1,-0.001110588430112593,0.04902452080344682,6,6,0.11656305311906306
317,regenerated_shortfalls_and_labels,total,pooled,-0.16377116430786862,-0.18099581311463836,-0.017224648806769743,-0.16416781512267428,-0.18253474256398797,0.0003966508148056658,0.0015389294493496075,0.0011422786345439417,0.0011366840378451543,0.004213504533475743,0.0030768204956305883,0.006380345985753297,0.019141486236969877,363,1,0.07519823404522348,0.2201242098608716,5,5,0.01276114025121658
317,regenerated_shortfalls_and_labels,total,family_month,-0.08757516874077126,-0.16895963010015294,-0.08138446135938168,-0.08707653255014933,-0.16427228693564538,-0.0004986361906219317,-0.004687343164507557,-0.004188706973885625,0.0007879175334437423,0.006871401058489445,0.006083483525045703,0.004422677106597368,0.031216016915324666,363,1,0.07519823404522348,0.2201242098608716,6,6,0.0267933398087273
317,regenerated_shortfalls_and_labels,total,family_month_minus_pooled,0.07619599556709736,0.012036183014485419,-0.06415981255261194,0.07709128257252496,0.018262455628342583,-0.0008952870054275974,-0.0062262726138571645,-0.005330985608429567,-0.00034876650440141205,0.0026578965250137025,0.0030066630294151146,-0.001957668879155929,0.01207453067835479,363,1,0.07519823404522348,0.2201242098608716,6,6,0.01403219955751072
317,regenerated_shortfalls_and_labels,young_relative,pooled,-0.16302713404283437,-0.1812396522883832,-0.018212518245548842,-0.16416781512267428,-0.18253474256398797,0.001140681079839917,0.00129509027560476,0.00015440919576484302,-0.007915802788313398,-0.023162484135610353,-0.015246681347296955,-0.20750767833248854,-0.4724673236169979,363,1,-0.001110588430112593,0.04902452080344682,5,5,-0.2649596452845093
317,regenerated_shortfalls_and_labels,young_relative,family_month,-0.08095036094304571,-0.15431853355359165,-0.07336817261054594,-0.08707653255014933,-0.16427228693564538,0.006126171607103617,0.009953753382053732,0.0038275817749501145,-0.013489387901370265,-0.024580222226736816,-0.01109083432536655,-0.35361562691686416,-0.501386282290976,363,1,-0.001110588430112593,0.04902452080344682,6,6,-0.14777065537411188
317,regenerated_shortfalls_and_labels,young_relative,family_month_minus_pooled,0.08207677309978866,0.026921118734791555,-0.0551556543649971,0.07709128257252496,0.018262455628342583,0.0049854905272637,0.008658663106448972,0.0036731725791852715,-0.005573585113056867,-0.0014177380911264623,0.004155847021930404,-0.1461079485843756,-0.028918958673978184,363,1,-0.001110588430112593,0.04902452080344682,6,6,0.1171889899103974
318,fixed_shortfalls_fixed_labels,total,pooled,-0.16377116430786862,-0.17018230658720196,-0.006411142279333343,-0.16416781512267428,-0.17235321441588858,0.0003966508148056658,0.002170907828686619,0.0017742570138809532,0.0011366840378451543,0.006129840439805925,0.0049931564019607706,0.006380345985753297,0.034407541182303304,363,3,0.06170076814319721,0.17815398105106858,5,5,0.028027195196550007
318,fixed_shortfalls_fixed_labels,total,family_month,-0.08757516874077126,-0.006302900873550641,0.08127226786722062,-0.08707653255014933,-0.00376105352388387,-0.0004986361906219317,-0.0025418473496667707,-0.002043211159044839,0.0007879175334437423,0.004171548201858437,0.0033836306684146946,0.004422677106597368,0.023415408273490364,363,3,0.06170076814319721,0.17815398105106858,6,6,0.018992731166892998
318,fixed_shortfalls_fixed_labels,total,family_month_minus_pooled,0.07619599556709736,0.1638794057136513,0.08768341014655395,0.07709128257252496,0.1685921608920047,-0.0008952870054275974,-0.0047127551783534005,-0.003817468172925803,-0.00034876650440141205,-0.0019582922379474885,-0.0016095257335460764,-0.001957668879155929,-0.010992132908812943,363,3,0.06170076814319721,0.17815398105106858,6,6,-0.009034464029657014
318,fixed_shortfalls_fixed_labels,young_relative,pooled,-0.16302713404283437,-0.17136444720049898,-0.008337313157664616,-0.16416781512267428,-0.17235321441588858,0.001140681079839917,0.0009887672153895966,-0.0001519138644503204,-0.007915802788313398,-0.007682110920872269,0.00023369186744112962,-0.20750767833248854,-0.20138159634753994,363,3,-0.0004626710527536109,0.03814703557923262,5,5,0.0061260819849486
318,fixed_shortfalls_fixed_labels,young_relative,family_month,-0.08095036094304571,0.0009999923556309213,0.08195035329867663,-0.08707653255014933,-0.00376105352388387,0.006126171607103617,0.004761045879514791,-0.001365125727588826,-0.013489387901370265,-0.011461188073958135,0.0020281998274121298,-0.35361562691686416,-0.300447673061066,363,3,-0.0004626710527536109,0.03814703557923262,6,6,0.053167953855798145
318,fixed_shortfalls_fixed_labels,young_relative,family_month_minus_pooled,0.08207677309978866,0.1723644395561299,0.09028766645634125,0.07709128257252496,0.1685921608920047,0.0049854905272637,0.0037722786641251893,-0.0012132118631385108,-0.005573585113056867,-0.0037790771530858665,0.0017945079599710001,-0.1461079485843756,-0.09906607671352605,363,3,-0.0004626710527536109,0.03814703557923262,6,6,0.047041871870849544
318,regenerated_shortfalls_fixed_labels,total,pooled,-0.16377116430786862,-0.16648378735177582,-0.0027126230439072085,-0.16416781512267428,-0.17235321441588858,0.0003966508148056658,0.005869427064112753,0.0054727762493070875,0.0011366840378451543,0.01851058399005029,0.017373899952205136,0.006380345985753297,0.0922772673380559,363,3,0.04759646299996446,0.2005974442463401,5,5,0.0858969213523026
318,regenerated_shortfalls_fixed_labels,total,family_month,-0.08757516874077126,-0.011848740104777562,0.0757264286359937,-0.08707653255014933,-0.00376105352388387,-0.0004986361906219317,-0.008087686580893691,-0.007589050390271759,0.0007879175334437423,0.015133401585063473,0.014345484051619731,0.004422677106597368,0.07544164703553835,363,3,0.04759646299996446,0.2005974442463401,6,6,0.07101896992894098
318,regenerated_shortfalls_fixed_labels,total,family_month_minus_pooled,0.07619599556709736,0.15463504724699825,0.0784390516799009,0.07709128257252496,0.1685921608920047,-0.0008952870054275974,-0.013957113645006458,-0.01306182663957886,-0.00034876650440141205,-0.003377182404986816,-0.003028415900585404,-0.001957668879155929,-0.01683562030251755,363,3,0.04759646299996446,0.2005974442463401,6,6,-0.014877951423361622
318,regenerated_shortfalls_fixed_labels,young_relative,pooled,-0.16302713404283437,-0.17221303117768896,-0.009185897134854598,-0.16416781512267428,-0.17235321441588858,0.001140681079839917,0.00014018323819961487,-0.001000497841640302,-0.007915802788313398,0.007288306793631123,0.01520410958194452,-0.20750767833248854,0.14941279747253627,363,3,-0.0030767227287509034,0.04877966892341196,5,5,0.35692047580502484
318,regenerated_shortfalls_fixed_labels,young_relative,family_month,-0.08095036094304571,-0.005340549896960453,0.07560981104608526,-0.08707653255014933,-0.00376105352388387,0.006126171607103617,-0.0015794963730765828,-0.0077056679801802,-0.013489387901370265,0.00548487159782468,0.018974259499194946,-0.35361562691686416,0.11244175532302964,363,3,-0.0030767227287509034,0.04877966892341196,6,6,0.4660573822398938
318,regenerated_shortfalls_fixed_labels,young_relative,family_month_minus_pooled,0.08207677309978866,0.1668724812807285,0.08479570818093986,0.07709128257252496,0.1685921608920047,0.0049854905272637,-0.001719679611276198,-0.006705170138539898,-0.005573585113056867,-0.001803435195806443,0.0037701499172504236,-0.1461079485843756,-0.036971042149506646,363,3,-0.0030767227287509034,0.04877966892341196,6,6,0.10913690643486895
318,regenerated_shortfalls_and_labels,total,pooled,-0.16377116430786862,-0.16594292248108966,-0.0021717581732210445,-0.16416781512267428,-0.171734676893845,0.0003966508148056658,0.00579175441275534,0.005395103597949674,0.0011366840378451543,0.018609653279535673,0.01747296924169052,0.006380345985753297,0.09277113848311258,363,3,0.04759646299996446,0.2005974442463401,5,5,0.08639079249735929
318,regenerated_shortfalls_and_labels,total,family_month,-0.08757516874077126,-0.010861373376661125,0.07671379536411013,-0.08707653255014933,-0.0025209316631332785,-0.0004986361906219317,-0.008340441713527847,-0.007841805522905915,0.0007879175334437423,0.015101107116248853,0.01431318958280511,0.004422677106597368,0.0752806556084743,363,3,0.04759646299996446,0.2005974442463401,6,6,0.07085797850187693
318,regenerated_shortfalls_and_labels,total,family_month_minus_pooled,0.07619599556709736,0.15508154910442853,0.07888555353733118,0.07709128257252496,0.16921374523071173,-0.0008952870054275974,-0.014132196126283192,-0.013236909120855594,-0.00034876650440141205,-0.0035085461632868194,-0.0031597796588854073,-0.001957668879155929,-0.017490482874638284,363,3,0.04759646299996446,0.2005974442463401,6,6,-0.015532813995482354
318,regenerated_shortfalls_and_labels,young_relative,pooled,-0.16302713404283437,-0.17161411413629646,-0.008586980093462093,-0.16416781512267428,-0.171734676893845,0.001140681079839917,0.0001205627575485424,-0.0010201183222913746,-0.007915802788313398,0.007364797168406649,0.015280599956720048,-0.20750767833248854,0.1509808764788867,363,3,-0.0030767227287509034,0.04877966892341196,5,5,0.3584885548113752
318,regenerated_shortfalls_and_labels,young_relative,family_month,-0.08095036094304571,-0.004150784212803771,0.07679957673024194,-0.08707653255014933,-0.0025209316631332785,0.006126171607103617,-0.001629852549670493,-0.00775602415677411,-0.013489387901370265,0.005500098222644012,0.018989486124014278,-0.35361562691686416,0.11275390637192746,363,3,-0.0030767227287509034,0.04877966892341196,6,6,0.4663695332887916
318,regenerated_shortfalls_and_labels,young_relative,family_month_minus_pooled,0.08207677309978866,0.1674633299234927,0.08538655682370404,0.07709128257252496,0.16921374523071173,0.0049854905272637,-0.0017504153072190332,-0.006735905834482733,-0.005573585113056867,-0.0018646989457626372,0.0037088861672942295,-0.1461079485843756,-0.03822697010695923,363,3,-0.0030767227287509034,0.04877966892341196,6,6,0.10788097847741636
319,fixed_shortfalls_fixed_labels,total,pooled,-0.16377116430786862,-0.12101567902938414,0.04275548527848448,-0.16416781512267428,-0.11360769101662853,0.0003966508148056658,-0.007407988012755606,-0.007804638827561272,0.0011366840378451543,-0.020879950422500074,-0.022016634460345227,0.006380345985753297,-0.11720170550954317,363,2,0.06170076814319721,0.17815398105106858,5,5,-0.12358205149529647
319,fixed_shortfalls_fixed_labels,total,family_month,-0.08757516874077126,-0.037833248097248855,0.049741920643522404,-0.08707653255014933,-0.05067946764285595,-0.0004986361906219317,0.012846219545607093,0.013344855736229025,0.0007879175334437423,-0.020461311290543144,-0.021249228823986888,0.004422677106597368,-0.11485183305939048,363,2,0.06170076814319721,0.17815398105106858,7,7,-0.11927451016598785
319,fixed_shortfalls_fixed_labels,total,family_month_minus_pooled,0.07619599556709736,0.08318243093213529,0.00698643536503793,0.07709128257252496,0.06292822337377257,-0.0008952870054275974,0.020254207558362713,0.02114949456379031,-0.00034876650440141205,0.0004186391319569299,0.000767405636358342,-0.001957668879155929,0.002349872450152687,363,2,0.06170076814319721,0.17815398105106858,7,7,0.004307541329308617
319,fixed_shortfalls_fixed_labels,young_relative,pooled,-0.16302713404283437,-0.11208694906840982,0.05094018497442454,-0.16416781512267428,-0.11360769101662853,0.001140681079839917,0.001520741948218704,0.00038006086837878705,-0.007915802788313398,-0.012601419006879893,-0.004685616218566495,-0.20750767833248854,-0.3303380935251532,363,2,-0.0004626710527536109,0.03814703557923262,5,5,-0.12283041519266466
319,fixed_shortfalls_fixed_labels,young_relative,family_month,-0.08095036094304571,-0.04142629975917868,0.03952406118386703,-0.08707653255014933,-0.05067946764285595,0.006126171607103617,0.00925316788367727,0.003126996276573653,-0.013489387901370265,-0.021229566880700157,-0.007740178979329892,-0.35361562691686416,-0.5565194400651569,363,2,-0.0004626710527536109,0.03814703557923262,7,7,-0.2029038131482927
319,fixed_shortfalls_fixed_labels,young_relative,family_month_minus_pooled,0.08207677309978866,0.07066064930923115,-0.011416123790557509,0.07709128257252496,0.06292822337377257,0.0049854905272637,0.007732425935458573,0.0027469354081948727,-0.005573585113056867,-0.008628147873820264,-0.003054562760763397,-0.1461079485843756,-0.22618134654000369,363,2,-0.0004626710527536109,0.03814703557923262,7,7,-0.0800733979556281
319,regenerated_shortfalls_fixed_labels,total,pooled,-0.16377116430786862,-0.11751509554083399,0.04625606876703463,-0.16416781512267428,-0.11360769101662853,0.0003966508148056658,-0.00390740452420546,-0.004304055339011126,0.0011366840378451543,-0.010167929767753724,-0.011304613805598879,0.006380345985753297,-0.04557633342376114,363,2,0.057923241169424225,0.2230967040111369,5,5,-0.051956679409514435
319,regenerated_shortfalls_fixed_labels,total,family_month,-0.08757516874077126,-0.04522436782575614,0.04235080091501512,-0.08707653255014933,-0.05067946764285595,-0.0004986361906219317,0.005455099817099809,0.005953736007721741,0.0007879175334437423,-0.011371859042201095,-0.012159776575644838,0.004422677106597368,-0.05097277923762341,363,2,0.057923241169424225,0.2230967040111369,7,7,-0.05539545634422078
319,regenerated_shortfalls_fixed_labels,total,family_month_minus_pooled,0.07619599556709736,0.07229072771507786,-0.0039052678520195006,0.07709128257252496,0.06292822337377257,-0.0008952870054275974,0.009362504341305283,0.01025779134673288,-0.00034876650440141205,-0.0012039292744473705,-0.0008551627700459584,-0.001957668879155929,-0.005396445813862274,363,2,0.057923241169424225,0.2230967040111369,7,7,-0.003438776934706345
319,regenerated_shortfalls_fixed_labels,young_relative,pooled,-0.16302713404283437,-0.11251041303378942,0.050516721009044946,-0.16416781512267428,-0.11360769101662853,0.001140681079839917,0.0010972779828391094,-4.340309700080758e-05,-0.007915802788313398,-0.031243251848865963,-0.023327449060552563,-0.20750767833248854,-0.575755393533612,363,2,0.004549190709848874,0.05426480098973144,5,5,-0.36824771520112354
319,regenerated_shortfalls_fixed_labels,young_relative,family_month,-0.08095036094304571,-0.03678849200602032,0.04416186893702539,-0.08707653255014933,-0.05067946764285595,0.006126171607103617,0.013890975636835626,0.007764804029732009,-0.013489387901370265,-0.037523388645627036,-0.02403400074425677,-0.35361562691686416,-0.6914867089022885,363,2,0.004549190709848874,0.05426480098973144,7,7,-0.3378710819854243
319,regenerated_shortfalls_fixed_labels,young_relative,family_month_minus_pooled,0.08207677309978866,0.07572192102776909,-0.006354852072019565,0.07709128257252496,0.06292822337377257,0.0049854905272637,0.012793697653996516,0.007808207126732816,-0.005573585113056867,-0.0062801367967610724,-0.0007065516837042058,-0.1461079485843756,-0.11573131536867641,363,2,0.004549190709848874,0.05426480098973144,7,7,0.03037663321569918
319,regenerated_shortfalls_and_labels,total,pooled,-0.16377116430786862,-0.11754836346686648,0.04622280084100214,-0.16416781512267428,-0.11362339971766452,0.0003966508148056658,-0.003924963749201954,-0.00432161456400762,0.0011366840378451543,-0.01021494472152875,-0.011351628759373905,0.006380345985753297,-0.04578707142629424,363,2,0.057923241169424225,0.2230967040111369,5,5,-0.052167417412047536
319,regenerated_shortfalls_and_labels,total,family_month,-0.08757516874077126,-0.04276062865875005,0.04481454008202121,-0.08707653255014933,-0.04853965327811602,-0.0004986361906219317,0.005779024619365969,0.0062776608099879005,0.0007879175334437423,-0.011653474468740387,-0.01244139200218413,0.004422677106597368,-0.05223508128635845,363,2,0.057923241169424225,0.2230967040111369,7,7,-0.056657758392955816
319,regenerated_shortfalls_and_labels,total,family_month_minus_pooled,0.07619599556709736,0.07478773480811643,-0.0014082607589809282,0.07709128257252496,0.0650837464395485,-0.0008952870054275974,0.009703988368567923,0.01059927537399552,-0.00034876650440141205,-0.0014385297472116372,-0.0010897632428102252,-0.001957668879155929,-0.006448009860064209,363,2,0.057923241169424225,0.2230967040111369,7,7,-0.004490340980908281
319,regenerated_shortfalls_and_labels,young_relative,pooled,-0.16302713404283437,-0.11252724935141555,0.05049988469141882,-0.16416781512267428,-0.11362339971766452,0.001140681079839917,0.0010961503662489797,-4.45307135909373e-05,-0.007915802788313398,-0.031167926297417183,-0.023252123509103786,-0.20750767833248854,-0.5743672828232634,363,2,0.004549190709848874,0.05426480098973144,5,5,-0.3668596044907749
319,regenerated_shortfalls_and_labels,young_relative,family_month,-0.08095036094304571,-0.034943197768714164,0.046007163174331546,-0.08707653255014933,-0.04853965327811602,0.006126171607103617,0.013596455509401854,0.007470283902298237,-0.013489387901370265,-0.03741604918552351,-0.023926661284153248,-0.35361562691686416,-0.6895086410176603,363,2,0.004549190709848874,0.05426480098973144,7,7,-0.33589301410079614
319,regenerated_shortfalls_and_labels,young_relative,family_month_minus_pooled,0.08207677309978866,0.07758405158270137,-0.004492721517087281,0.07709128257252496,0.0650837464395485,0.0049854905272637,0.012500305143152868,0.007514814615889168,-0.005573585113056867,-0.00624812288810633,-0.0006745377750494632,-0.1461079485843756,-0.11514135819439689,363,2,0.004549190709848874,0.05426480098973144,7,7,0.030966590389978704
320,fixed_shortfalls_fixed_labels,total,pooled,-0.16377116430786862,-0.14489181891959652,0.0188793453882721,-0.16416781512267428,-0.14636454090238996,0.0003966508148056658,0.0014727219827934401,0.0010760711679877744,0.0011366840378451543,0.004078555860692845,0.002941871822847691,0.006380345985753297,0.022893430933343614,363,1,0.06170076814319721,0.17815398105106858,5,5,0.016513084947590316
320,fixed_shortfalls_fixed_labels,total,family_month,-0.08757516874077126,-0.04804331121411875,0.03953185752665251,-0.08707653255014933,-0.046284036445941416,-0.0004986361906219317,-0.0017592747681773324,-0.0012606385775554008,0.0007879175334437423,0.002803013578564782,0.00201509604512104,0.004422677106597368,0.01573365670543891,363,1,0.06170076814319721,0.17815398105106858,6,6,0.011310979598841543
320,fixed_shortfalls_fixed_labels,total,family_month_minus_pooled,0.07619599556709736,0.09684850770547776,0.020652512138380402,0.07709128257252496,0.10008050445644853,-0.0008952870054275974,-0.0032319967509707725,-0.002336709745543175,-0.00034876650440141205,-0.0012755422821280633,-0.0009267757777266512,-0.001957668879155929,-0.007159774227904701,363,1,0.06170076814319721,0.17815398105106858,6,6,-0.0052021053487487715
320,fixed_shortfalls_fixed_labels,young_relative,pooled,-0.16302713404283437,-0.14491405164828586,0.018113082394548508,-0.16416781512267428,-0.14636454090238996,0.001140681079839917,0.0014504892541040981,0.00030980817426418117,-0.007915802788313398,-0.011602499264288347,-0.0036866964759749484,-0.20750767833248854,-0.3041520550185238,363,1,-0.0004626710527536109,0.03814703557923262,5,5,-0.09664437668603529
320,fixed_shortfalls_fixed_labels,young_relative,family_month,-0.08095036094304571,-0.03825577037605909,0.04269459056698662,-0.08707653255014933,-0.046284036445941416,0.006126171607103617,0.008028266069882328,0.0019020944627787112,-0.013489387901370265,-0.01922927729400571,-0.0057398893926354465,-0.35361562691686416,-0.5040831352167819,363,1,-0.0004626710527536109,0.03814703557923262,6,6,-0.15046750829991778
320,fixed_shortfalls_fixed_labels,young_relative,family_month_minus_pooled,0.08207677309978866,0.10665828127222676,0.024581508172438107,0.07709128257252496,0.10008050445644853,0.0049854905272637,0.00657777681577823,0.00159228628851453,-0.005573585113056867,-0.007626778029717365,-0.002053192916660498,-0.1461079485843756,-0.19993108019825814,363,1,-0.0004626710527536109,0.03814703557923262,6,6,-0.05382313161388255
320,regenerated_shortfalls_fixed_labels,total,pooled,-0.16377116430786862,-0.14434455293553294,0.019426611372335673,-0.16416781512267428,-0.14636454090238996,0.0003966508148056658,0.002019987966857012,0.0016233371520513462,0.0011366840378451543,0.008418681332855643,0.007281997295010488,0.006380345985753297,0.038760107413631256,363,1,0.06350617529102857,0.21719963887135513,5,5,0.03237976142787796
320,regenerated_shortfalls_fixed_labels,total,family_month,-0.08757516874077126,-0.05138832016985681,0.03618684857091445,-0.08707653255014933,-0.046284036445941416,-0.0004986361906219317,-0.005104283723915394,-0.004605647533293462,0.0007879175334437423,0.009100775374641788,0.008312857841198045,0.004422677106597368,0.04190050877585517,363,1,0.06350617529102857,0.21719963887135513,6,6,0.0374778316692578
320,regenerated_shortfalls_fixed_labels,total,family_month_minus_pooled,0.07619599556709736,0.09295623276567613,0.016760237198578776,0.07709128257252496,0.10008050445644853,-0.0008952870054275974,-0.007124271690772399,-0.006228984685344802,-0.00034876650440141205,0.0006820940417861451,0.0010308605461875572,-0.001957668879155929,0.0031404013622239107,363,1,0.06350617529102857,0.21719963887135513,6,6,0.005098070241379839
320,regenerated_shortfalls_fixed_labels,young_relative,pooled,-0.16302713404283437,-0.14711829144854174,0.01590884259429262,-0.16416781512267428,-0.14636454090238996,0.001140681079839917,-0.0007537505461517879,-0.001894431625991705,-0.007915802788313398,-0.0062603719707587865,0.001655430817554612,-0.20750767833248854,-0.1202286087386958,363,1,-0.0007732022826965241,0.052070568198664305,5,5,0.08727906959379274
320,regenerated_shortfalls_fixed_labels,young_relative,family_month,-0.08095036094304571,-0.04265254932828249,0.03829781161476322,-0.08707653255014933,-0.046284036445941416,0.006126171607103617,0.003631487117658927,-0.00249468448944469,-0.013489387901370265,-0.013893646579888078,-0.00040425867851781247,-0.35361562691686416,-0.2668234102397306,363,1,-0.0007732022826965241,0.052070568198664305,6,6,0.08679221667713355
320,regenerated_shortfalls_fixed_labels,young_relative,family_month_minus_pooled,0.08207677309978866,0.10446574212025925,0.022388969020470592,0.07709128257252496,0.10008050445644853,0.0049854905272637,0.004385237663810715,-0.0006002528634529852,-0.005573585113056867,-0.007633274609129291,-0.0020596894960724244,-0.1461079485843756,-0.14659480150103485,363,1,-0.0007732022826965241,0.052070568198664305,6,6,-0.00048685291665925834
320,regenerated_shortfalls_and_labels,total,pooled,-0.16377116430786862,-0.1443344905555959,0.019436673752272704,-0.16416781512267428,-0.14636285713800837,0.0003966508148056658,0.0020283665824124553,0.0016317157676067895,0.0011366840378451543,0.008453509657785846,0.0073168256199406916,0.006380345985753297,0.038920459084155125,363,1,0.06350617529102857,0.21719963887135513,5,5,0.03254011309840183
320,regenerated_shortfalls_and_labels,total,family_month,-0.08757516874077126,-0.05072803460351639,0.03684713413725487,-0.08707653255014933,-0.0456246380458922,-0.0004986361906219317,-0.005103396557624186,-0.004604760367002254,0.0007879175334437423,0.009088284499754138,0.008300366966310396,0.004422677106597368,0.04184300004815857,363,1,0.06350617529102857,0.21719963887135513,6,6,0.0374203229415612
320,regenerated_shortfalls_and_labels,total,family_month_minus_pooled,0.07619599556709736,0.09360645595207953,0.017410460384982174,0.07709128257252496,0.10073821909211617,-0.0008952870054275974,-0.007131763140036634,-0.006236476134609037,-0.00034876650440141205,0.0006347748419682914,0.0009835413463697034,-0.001957668879155929,0.00292254096400345,363,1,0.06350617529102857,0.21719963887135513,6,6,0.004880209843159379
320,regenerated_shortfalls_and_labels,young_relative,pooled,-0.16302713404283437,-0.14712026071840947,0.01590687332442489,-0.16416781512267428,-0.14636285713800837,0.001140681079839917,-0.0007574035804011059,-0.0018980846602410228,-0.007915802788313398,-0.006289685639928236,0.0016261171483851625,-0.20750767833248854,-0.12079156916304933,363,1,-0.0007732022826965241,0.052070568198664305,5,5,0.08671610916943921
320,regenerated_shortfalls_and_labels,young_relative,family_month,-0.08095036094304571,-0.042058195291712286,0.038892165651333424,-0.08707653255014933,-0.0456246380458922,0.006126171607103617,0.003566442754179916,-0.002559728852923701,-0.013489387901370265,-0.013900684243101988,-0.000411296341731723,-0.35361562691686416,-0.26695856649896443,363,1,-0.0007732022826965241,0.052070568198664305,6,6,0.08665706041789972
320,regenerated_shortfalls_and_labels,young_relative,family_month_minus_pooled,0.08207677309978866,0.10506206542669719,0.022985292326908532,0.07709128257252496,0.10073821909211617,0.0049854905272637,0.004323846334581022,-0.0006616441926826783,-0.005573585113056867,-0.007610998603173752,-0.0020374134901168855,-0.1461079485843756,-0.14616699733591512,363,1,-0.0007732022826965241,0.052070568198664305,6,6,-5.904875153953104e-05
321,fixed_shortfalls_fixed_labels,total,pooled,-0.16377116430786862,-0.1863582028063303,-0.022587038498461692,-0.16416781512267428,-0.18561347229812072,0.0003966508148056658,-0.0007447305082095845,-0.0011413813230152503,0.0011366840378451543,-0.0021601097800354276,-0.003296793817880582,0.006380345985753297,-0.012124959359826055,363,0,0.06170076814319721,0.17815398105106858,5,5,-0.018505305345579353
321,fixed_shortfalls_fixed_labels,total,family_month,-0.08757516874077126,-0.08596933906495506,0.0016058296758161977,-0.08707653255014933,-0.08872476028744916,-0.0004986361906219317,0.0027554212224941005,0.003254057413116032,0.0007879175334437423,-0.00436152578137634,-0.005149443314820082,0.004422677106597368,-0.02448177557214447,363,0,0.06170076814319721,0.17815398105106858,7,7,-0.028904452678741838
321,fixed_shortfalls_fixed_labels,total,family_month_minus_pooled,0.07619599556709736,0.10038886374137525,0.02419286817427789,0.07709128257252496,0.09688871201067156,-0.0008952870054275974,0.003500151730703685,0.0043954387361312824,-0.00034876650440141205,-0.0022014160013409125,-0.0018526494969395004,-0.001957668879155929,-0.012356816212318418,363,0,0.06170076814319721,0.17815398105106858,7,7,-0.010399147333162488
321,fixed_shortfalls_fixed_labels,young_relative,pooled,-0.16302713404283437,-0.18467856026876386,-0.0216514262259295,-0.16416781512267428,-0.18561347229812072,0.001140681079839917,0.0009349120293568602,-0.00020576905048305671,-0.007915802788313398,-0.0074803526844682295,0.000435450103845169,-0.20750767833248854,-0.19609263395923113,363,0,-0.0004626710527536109,0.03814703557923262,5,5,0.01141504437325741
321,fixed_shortfalls_fixed_labels,young_relative,family_month,-0.08095036094304571,-0.08413625885160614,-0.0031858979085604283,-0.08707653255014933,-0.08872476028744916,0.006126171607103617,0.004588501435843023,-0.001537670171260594,-0.013489387901370265,-0.010522488799377252,0.0029668991019930133,-0.35361562691686416,-0.27584027538710587,363,0,-0.0004626710527536109,0.03814703557923262,7,7,0.07777535152975829
321,fixed_shortfalls_fixed_labels,young_relative,family_month_minus_pooled,0.08207677309978866,0.10054230141715773,0.01846552831736907,0.07709128257252496,0.09688871201067156,0.0049854905272637,0.003653589406486163,-0.0013319011207775372,-0.005573585113056867,-0.0030421361149090224,0.0025314489981478443,-0.1461079485843756,-0.07974764142787472,363,0,-0.0004626710527536109,0.03814703557923262,7,7,0.06636030715650088
321,regenerated_shortfalls_fixed_labels,total,pooled,-0.16377116430786862,-0.18524638586873507,-0.021475221560866453,-0.16416781512267428,-0.18561347229812072,0.0003966508148056658,0.0003670864293856546,-2.9564385420011163e-05,0.0011366840378451543,0.001310728046058638,0.00017404400821348365,0.006380345985753297,0.0059724395217629345,363,0,0.05491478710322074,0.21946275743479432,5,5,-0.00040790646399036217
321,regenerated_shortfalls_fixed_labels,total,family_month,-0.08757516874077126,-0.08747133799597097,0.00010383074480029009,-0.08707653255014933,-0.08872476028744916,-0.0004986361906219317,0.0012534222914781928,0.0017520584821001245,0.0007879175334437423,-0.0018277288640665631,-0.002615646397510305,0.004422677106597368,-0.008328196024829447,363,0,0.05491478710322074,0.21946275743479432,7,7,-0.012750873131426815
321,regenerated_shortfalls_fixed_labels,total,family_month_minus_pooled,0.07619599556709736,0.0977750478727641,0.021579052305666743,0.07709128257252496,0.09688871201067156,-0.0008952870054275974,0.0008863358620925382,0.0017816228675201357,-0.00034876650440141205,-0.0031384569101252013,-0.0027896904057237893,-0.001957668879155929,-0.014300635546592383,363,0,0.05491478710322074,0.21946275743479432,7,7,-0.012342966667436454
321,regenerated_shortfalls_fixed_labels,young_relative,pooled,-0.16302713404283437,-0.18533472612295765,-0.022307592080123284,-0.16416781512267428,-0.18561347229812072,0.001140681079839917,0.00027874617516307487,-0.0008619349046768421,-0.007915802788313398,-0.01623743290284954,-0.008321630114536143,-0.20750767833248854,-0.33149484177545097,363,0,0.0020116405152006524,0.04898246022738569,5,5,-0.12398716344296243
321,regenerated_shortfalls_fixed_labels,young_relative,family_month,-0.08095036094304571,-0.0840971764389203,-0.0031468154958745886,-0.08707653255014933,-0.08872476028744916,0.006126171607103617,0.004627583848528863,-0.0014985877585747542,-0.013489387901370265,-0.018350527274177086,-0.004861139372806821,-0.35361562691686416,-0.3746346587939953,363,0,0.0020116405152006524,0.04898246022738569,7,7,-0.021019031877131167
321,regenerated_shortfalls_fixed_labels,young_relative,family_month_minus_pooled,0.08207677309978866,0.10123754968403735,0.019160776584248695,0.07709128257252496,0.09688871201067156,0.0049854905272637,0.004348837673365788,-0.0006366528538979122,-0.005573585113056867,-0.0021130943713275445,0.003460490741729322,-0.1461079485843756,-0.04313981701854434,363,0,0.0020116405152006524,0.04898246022738569,7,7,0.10296813156583126
321,regenerated_shortfalls_and_labels,total,pooled,-0.16377116430786862,-0.185246385868735,-0.02147522156086637,-0.16416781512267428,-0.18561347229812072,0.0003966508148056658,0.0003670864293857379,-2.9564385419927897e-05,0.0011366840378451543,0.001310728046058642,0.00017404400821348777,0.006380345985753297,0.0059724395217629535,363,0,0.05491478710322074,0.21946275743479432,5,5,-0.0004079064639903431
321,regenerated_shortfalls_and_labels,total,family_month,-0.08757516874077126,-0.08747133799597111,0.00010383074480015131,-0.08707653255014933,-0.08872476028744938,-0.0004986361906219317,0.001253422291478276,0.0017520584821002078,0.0007879175334437423,-0.0018277288640665855,-0.0026156463975103277,0.004422677106597368,-0.008328196024829548,363,0,0.05491478710322074,0.21946275743479432,7,7,-0.012750873131426916
321,regenerated_shortfalls_and_labels,total,family_month_minus_pooled,0.07619599556709736,0.09777504787276388,0.02157905230566652,0.07709128257252496,0.09688871201067134,-0.0008952870054275974,0.0008863358620925382,0.0017816228675201357,-0.00034876650440141205,-0.0031384569101252273,-0.0027896904057238153,-0.001957668879155929,-0.014300635546592501,363,0,0.05491478710322074,0.21946275743479432,7,7,-0.012342966667436572
321,regenerated_shortfalls_and_labels,young_relative,pooled,-0.16302713404283437,-0.1853347261229577,-0.02230759208012334,-0.16416781512267428,-0.18561347229812072,0.001140681079839917,0.00027874617516301936,-0.0008619349046768976,-0.007915802788313398,-0.016237432902849513,-0.008321630114536115,-0.20750767833248854,-0.3314948417754504,363,0,0.0020116405152006524,0.04898246022738569,5,5,-0.12398716344296187
321,regenerated_shortfalls_and_labels,young_relative,family_month,-0.08095036094304571,-0.08409717643892053,-0.0031468154958748246,-0.08707653255014933,-0.08872476028744938,0.006126171607103617,0.004627583848528849,-0.0014985877585747681,-0.013489387901370265,-0.018350527274177103,-0.004861139372806838,-0.35361562691686416,-0.3746346587939957,363,0,0.0020116405152006524,0.04898246022738569,7,7,-0.021019031877131555
321,regenerated_shortfalls_and_labels,young_relative,family_month_minus_pooled,0.08207677309978866,0.10123754968403717,0.019160776584248515,0.07709128257252496,0.09688871201067134,0.0049854905272637,0.00434883767336583,-0.0006366528538978705,-0.005573585113056867,-0.0021130943713275896,0.003460490741729277,-0.1461079485843756,-0.04313981701854526,363,0,0.0020116405152006524,0.04898246022738569,7,7,0.10296813156583033
322,fixed_shortfalls_fixed_labels,total,pooled,-0.16377116430786862,-0.14842090179924092,0.015350262508627699,-0.16416781512267428,-0.14792001779386302,0.0003966508148056658,-0.0005008840053778996,-0.0008975348201835653,0.0011366840378451543,-0.0013856567396740948,-0.002522340777519249,0.006380345985753297,-0.007777860093268927,363,2,0.06170076814319721,0.17815398105106858,5,5,-0.014158206079022222
322,fixed_shortfalls_fixed_labels,total,family_month,-0.08757516874077126,0.00840400505059323,0.09597917379136449,-0.08707653255014933,0.009046020066314681,-0.0004986361906219317,-0.0006420150157214512,-0.00014337882509951952,0.0007879175334437423,0.0010040127187817911,0.00021609518533804886,0.004422677106597368,0.0056356457086074695,363,2,0.06170076814319721,0.17815398105106858,7,7,0.0012129686020101015
322,fixed_shortfalls_fixed_labels,total,family_month_minus_pooled,0.07619599556709736,0.15682490684983413,0.08062891128273678,0.07709128257252496,0.1569660378601777,-0.0008952870054275974,-0.0001411310103435759,0.0007541559950840215,-0.00034876650440141205,0.0023896694584558857,0.002738435962857298,-0.001957668879155929,0.013413505801876394,363,2,0.06170076814319721,0.17815398105106858,7,7,0.015371174681032324
322,fixed_shortfalls_fixed_labels,young_relative,pooled,-0.16302713404283437,-0.1465918154309738,0.016435318611860567,-0.16416781512267428,-0.14792001779386302,0.001140681079839917,0.0013282023628892192,0.00018752128304930227,-0.007915802788313398,-0.008375801727811709,-0.0004599989394983104,-0.20750767833248854,-0.21956625464159327,363,2,-0.0004626710527536109,0.03814703557923262,5,5,-0.01205857630910473
322,fixed_shortfalls_fixed_labels,young_relative,family_month,-0.08095036094304571,0.015243528023882963,0.09619388896692867,-0.08707653255014933,0.009046020066314681,0.006126171607103617,0.006197507957568281,7.13363504646642e-05,-0.013489387901370265,-0.014172996993381167,-0.0006836090920109023,-0.35361562691686416,-0.3715359995390309,363,2,-0.0004626710527536109,0.03814703557923262,7,7,-0.017920372622166725
322,fixed_shortfalls_fixed_labels,young_relative,family_month_minus_pooled,0.08207677309978866,0.16183534345485676,0.0797585703550681,0.07709128257252496,0.1569660378601777,0.0049854905272637,0.0048693055946790464,-0.00011618493258465368,-0.005573585113056867,-0.0057971952655694586,-0.00022361015251259192,-0.1461079485843756,-0.15196974489743764,363,2,-0.0004626710527536109,0.03814703557923262,7,7,-0.005861796313062051
322,regenerated_shortfalls_fixed_labels,total,pooled,-0.16377116430786862,-0.1478292840129206,0.01594188029494803,-0.16416781512267428,-0.14792001779386302,0.0003966508148056658,9.073378094243134e-05,-0.00030591703386323443,0.0011366840378451543,0.00019668920104008324,-0.0009399948368050711,0.006380345985753297,0.0009460070548981825,363,2,0.05287789726805806,0.20791515245227493,5,5,-0.005434338930855114
322,regenerated_shortfalls_fixed_labels,total,family_month,-0.08757516874077126,0.007713355289926554,0.09528852403069782,-0.08707653255014933,0.009046020066314681,-0.0004986361906219317,-0.0013326647763881273,-0.0008340285857661956,0.0007879175334437423,0.004269750311073949,0.0034818327776302066,0.004422677106597368,0.0205360227992716,363,2,0.05287789726805806,0.20791515245227493,7,7,0.01611334569267423
322,regenerated_shortfalls_fixed_labels,total,family_month_minus_pooled,0.07619599556709736,0.15554263930284715,0.07934664373574979,0.07709128257252496,0.1569660378601777,-0.0008952870054275974,-0.001423398557330563,-0.0005281115519029655,-0.00034876650440141205,0.004073061110033866,0.004421827614435278,-0.001957668879155929,0.01959001574437342,363,2,0.05287789726805806,0.20791515245227493,7,7,0.021547684623529347
322,regenerated_shortfalls_fixed_labels,young_relative,pooled,-0.16302713404283437,-0.13926028106606073,0.02376685297677364,-0.16416781512267428,-0.14792001779386302,0.001140681079839917,0.008659736727802292,0.007519055647962375,-0.007915802788313398,-0.01961441638842801,-0.011698613600114613,-0.20750767833248854,-0.38701988623842326,363,2,-0.002420739839201421,0.050680642225047236,5,5,-0.17951220790593472
322,regenerated_shortfalls_fixed_labels,young_relative,family_month,-0.08095036094304571,0.03208233782014223,0.11303269876318794,-0.08707653255014933,0.009046020066314681,0.006126171607103617,0.023036317753827546,0.01691014614672393,-0.013489387901370265,-0.026602359367493385,-0.01311297146612312,-0.35361562691686416,-0.5249017810264852,363,2,-0.002420739839201421,0.050680642225047236,7,7,-0.17128615410962106
322,regenerated_shortfalls_fixed_labels,young_relative,family_month_minus_pooled,0.08207677309978866,0.17134261888620295,0.08926584578641429,0.07709128257252496,0.1569660378601777,0.0049854905272637,0.014376581026025237,0.009391090498761537,-0.005573585113056867,-0.006987942979065374,-0.0014143578660085077,-0.1461079485843756,-0.13788189478806198,363,2,-0.002420739839201421,0.050680642225047236,7,7,0.00822605379631361
322,regenerated_shortfalls_and_labels,total,pooled,-0.16377116430786862,-0.14788346637696279,0.01588769793090583,-0.16416781512267428,-0.14793366383796233,0.0003966508148056658,5.019746099954592e-05,-0.00034645335380611986,0.0011366840378451543,0.00010880948278217998,-0.0010278745550629743,0.006380345985753297,0.0005233359930664805,363,2,0.05287789726805806,0.20791515245227493,5,5,-0.005857009992686816
322,regenerated_shortfalls_and_labels,total,family_month,-0.08757516874077126,0.005943096404513787,0.09351826514528505,-0.08707653255014933,0.00727568631713145,-0.0004986361906219317,-0.0013325899126176632,-0.0008339537219957316,0.0007879175334437423,0.004243630517575973,0.003455712984132231,0.004422677106597368,0.020410395623041765,363,2,0.05287789726805806,0.20791515245227493,7,7,0.0159877185164444
322,regenerated_shortfalls_and_labels,total,family_month_minus_pooled,0.07619599556709736,0.15382656278147658,0.07763056721437922,0.07709128257252496,0.1552093501550938,-0.0008952870054275974,-0.001382787373617217,-0.0004875003681896195,-0.00034876650440141205,0.004134821034793793,0.004483587539195205,-0.001957668879155929,0.019887059629975282,363,2,0.05287789726805806,0.20791515245227493,7,7,0.02184472850913121
322,regenerated_shortfalls_and_labels,young_relative,pooled,-0.16302713404283437,-0.1392830083295312,0.02374412571330317,-0.16416781512267428,-0.14793366383796233,0.001140681079839917,0.008650655508431138,0.007509974428591221,-0.007915802788313398,-0.01959728445402039,-0.011681481665706992,-0.20750767833248854,-0.3866818491959654,363,2,-0.002420739839201421,0.050680642225047236,5,5,-0.17917417086347684
322,regenerated_shortfalls_and_labels,young_relative,family_month,-0.08095036094304571,0.030063909281962415,0.11101427022500812,-0.08707653255014933,0.00727568631713145,0.006126171607103617,0.022788222964830965,0.01666205135772735,-0.013489387901370265,-0.02654117444515459,-0.013051786543784326,-0.35361562691686416,-0.5236945168788231,363,2,-0.002420739839201421,0.050680642225047236,7,7,-0.1700788899619589
322,regenerated_shortfalls_and_labels,young_relative,family_month_minus_pooled,0.08207677309978866,0.16934691761149362,0.08727014451170496,0.07709128257252496,0.1552093501550938,0.0049854905272637,0.014137567456399824,0.009152076929136124,-0.005573585113056867,-0.006943889991134201,-0.001370304878077334,-0.1461079485843756,-0.13701266768285766,363,2,-0.002420739839201421,0.050680642225047236,7,7,0.009095280901517927
323,fixed_shortfalls_fixed_labels,total,pooled,-0.16377116430786862,-0.1407293980608355,0.023041766247033107,-0.16416781512267428,-0.1379793427333329,0.0003966508148056658,-0.0027500553275026096,-0.0031467061423082754,0.0011366840378451543,-0.0076515461795925,-0.008788230217437654,0.006380345985753297,-0.042949060887947,363,4,0.06170076814319721,0.17815398105106858,5,5,-0.04932940687370029
323,fixed_shortfalls_fixed_labels,total,family_month,-0.08757516874077126,-0.05860238786401831,0.02897278087675295,-0.08707653255014933,-0.06517313777289853,-0.0004986361906219317,0.006570749908880222,0.0070693860995021535,0.0007879175334437423,-0.010069694240654627,-0.010857611774098368,0.004422677106597368,-0.056522420555778136,363,4,0.06170076814319721,0.17815398105106858,6,6,-0.060945097662375505
323,fixed_shortfalls_fixed_labels,total,family_month_minus_pooled,0.07619599556709736,0.0821270101968172,0.005931014629719844,0.07709128257252496,0.07280620496043437,-0.0008952870054275974,0.009320805236382831,0.010216092241810429,-0.00034876650440141205,-0.002418148061062127,-0.002069381556660715,-0.001957668879155929,-0.013573359667831136,363,4,0.06170076814319721,0.17815398105106858,6,6,-0.011615690788675206
323,fixed_shortfalls_fixed_labels,young_relative,pooled,-0.16302713404283437,-0.1371777332668415,0.025849400775992876,-0.16416781512267428,-0.1379793427333329,0.001140681079839917,0.0008016094664914097,-0.0003390716133485072,-0.007915802788313398,-0.004595259899691043,0.0033205428886223555,-0.20750767833248854,-0.12046178241416794,363,4,-0.0004626710527536109,0.03814703557923262,5,5,0.0870458959183206
323,fixed_shortfalls_fixed_labels,young_relative,family_month,-0.08095036094304571,-0.061124084700007034,0.019826276243038676,-0.08707653255014933,-0.06517313777289853,0.006126171607103617,0.004049053072891495,-0.0020771185342121218,-0.013489387901370265,-0.008474913167170441,0.005014474734199824,-0.35361562691686416,-0.22216439727191314,363,4,-0.0004626710527536109,0.03814703557923262,6,6,0.131451229644951
323,fixed_shortfalls_fixed_labels,young_relative,family_month_minus_pooled,0.08207677309978866,0.07605364856683446,-0.006023124532954199,0.07709128257252496,0.07280620496043437,0.0049854905272637,0.0032474436064000856,-0.0017380469208636146,-0.005573585113056867,-0.0038796532674793983,0.0016939318455774684,-0.1461079485843756,-0.10170261485774519,363,4,-0.0004626710527536109,0.03814703557923262,6,6,0.0444053337266304
323,regenerated_shortfalls_fixed_labels,total,pooled,-0.16377116430786862,-0.13722428922950952,0.026546875078359095,-0.16416781512267428,-0.1379793427333329,0.0003966508148056658,0.0007550535038233774,0.00035840268901771166,0.0011366840378451543,0.0018305007956283665,0.0006938167577832121,0.006380345985753297,0.008285924924027587,363,4,0.06418126728913001,0.2209168936976808,5,5,0.0019055789382742905
323,regenerated_shortfalls_fixed_labels,total,family_month,-0.08757516874077126,-0.06465527308621888,0.02291989565455238,-0.08707653255014933,-0.06517313777289853,-0.0004986361906219317,0.0005178646866796505,0.0010165008773015821,0.0007879175334437423,-0.0008800331350681267,-0.001667950668511869,0.004422677106597368,-0.003983548384816735,363,4,0.06418126728913001,0.2209168936976808,6,6,-0.008406225491414104
323,regenerated_shortfalls_fixed_labels,total,family_month_minus_pooled,0.07619599556709736,0.07256901614329064,-0.0036269794238067143,0.07709128257252496,0.07280620496043437,-0.0008952870054275974,-0.00023718881714372697,0.0006580981882838705,-0.00034876650440141205,-0.002710533930696493,-0.002361767426295081,-0.001957668879155929,-0.012269473308844323,363,4,0.06418126728913001,0.2209168936976808,6,6,-0.010311804429688393
323,regenerated_shortfalls_fixed_labels,young_relative,pooled,-0.16302713404283437,-0.1325625366726814,0.030464597370152974,-0.16416781512267428,-0.1379793427333329,0.001140681079839917,0.005416806060651508,0.004276124980811591,-0.007915802788313398,-0.01834953585204185,-0.010433733063728452,-0.20750767833248854,-0.3675951838898823,363,4,0.0003491728221785655,0.049917780907430716,5,5,-0.1600875055573938
323,regenerated_shortfalls_fixed_labels,young_relative,family_month,-0.08095036094304571,-0.053106664718435906,0.027843696224609804,-0.08707653255014933,-0.06517313777289853,0.006126171607103617,0.012066473054462623,0.005940301447359006,-0.013489387901370265,-0.020928557025102466,-0.0074391691237322005,-0.35361562691686416,-0.4192605649660813,363,4,0.0003491728221785655,0.049917780907430716,6,6,-0.06564493804921712
323,regenerated_shortfalls_fixed_labels,young_relative,family_month_minus_pooled,0.08207677309978866,0.07945587195424549,-0.0026209011455431697,0.07709128257252496,0.07280620496043437,0.0049854905272637,0.006649666993811115,0.0016641764665474151,-0.005573585113056867,-0.0025790211730606152,0.0029945639399962514,-0.1461079485843756,-0.05166538107619893,363,4,0.0003491728221785655,0.049917780907430716,6,6,0.09444256750817666
323,regenerated_shortfalls_and_labels,total,pooled,-0.16377116430786862,-0.13689744149596847,0.026873722811900147,-0.16416781512267428,-0.1375393629688696,0.0003966508148056658,0.0006419214729011247,0.0002452706580954589,0.0011366840378451543,0.0015620754474315042,0.00042539140958634987,0.006380345985753297,0.007070873672382724,363,4,0.06418126728913001,0.2209168936976808,5,5,0.0006905276866294276
323,regenerated_shortfalls_and_labels,total,family_month,-0.08757516874077126,-0.06836539519136588,0.01920977354940538,-0.08707653255014933,-0.06882855701221671,-0.0004986361906219317,0.00046316182085083535,0.000961798011472767,0.0007879175334437423,-0.0008084508505205114,-0.0015963683839642535,0.004422677106597368,-0.003659524796808233,363,4,0.06418126728913001,0.2209168936976808,6,6,-0.008082201903405601
323,regenerated_shortfalls_and_labels,total,family_month_minus_pooled,0.07619599556709736,0.06853204630460259,-0.007663949262494765,0.07709128257252496,0.06871080595665288,-0.0008952870054275974,-0.00017875965205028932,0.0007165273533773081,-0.00034876650440141205,-0.0023705262979520155,-0.0020217597935506034,-0.001957668879155929,-0.010730398469190957,363,4,0.06418126728913001,0.2209168936976808,6,6,-0.008772729590035028
323,regenerated_shortfalls_and_labels,young_relative,pooled,-0.16302713404283437,-0.13202984938368686,0.0309972846591475,-0.16416781512267428,-0.1375393629688696,0.001140681079839917,0.005509513585182729,0.004368832505342812,-0.007915802788313398,-0.01859462441667131,-0.01067882162835791,-0.20750767833248854,-0.37250502884240455,363,4,0.0003491728221785655,0.049917780907430716,5,5,-0.164997350509916
323,regenerated_shortfalls_and_labels,young_relative,family_month,-0.08095036094304571,-0.05738243556285762,0.023567925380188093,-0.08707653255014933,-0.06882855701221671,0.006126171607103617,0.011446121449359095,0.005319949842255478,-0.013489387901370265,-0.021074215133889778,-0.007584827232519513,-0.35361562691686416,-0.4221785253829801,363,4,0.0003491728221785655,0.049917780907430716,6,6,-0.06856289846611596
323,regenerated_shortfalls_and_labels,young_relative,family_month_minus_pooled,0.08207677309978866,0.07464741382082925,-0.007429359278959408,0.07709128257252496,0.06871080595665288,0.0049854905272637,0.005936607864176366,0.0009511173369126658,-0.005573585113056867,-0.002479590717218469,0.0030939943958383977,-0.1461079485843756,-0.04967349654057557,363,4,0.0003491728221785655,0.049917780907430716,6,6,0.09643445204380002
324,fixed_shortfalls_fixed_labels,total,pooled,-0.16377116430786862,-0.16104265933147122,0.0027285049763974,-0.16416781512267428,-0.15378394915577057,0.0003966508148056658,-0.00725871017570065,-0.007655360990506316,0.0011366840378451543,-0.02030435530681826,-0.021441039344663414,0.006380345985753297,-0.11397082000091782,363,2,0.06170076814319721,0.17815398105106858,5,5,-0.12035116598667112
324,fixed_shortfalls_fixed_labels,total,family_month,-0.08757516874077126,-0.12210105436408403,-0.03452588562331277,-0.08707653255014933,-0.1337003067519924,-0.0004986361906219317,0.011599252387908376,0.012097888578530308,0.0007879175334437423,-0.019099709202036113,-0.019887626735479856,0.004422677106597368,-0.10720899465368165,363,2,0.06170076814319721,0.17815398105106858,7,7,-0.11163167176027902
324,fixed_shortfalls_fixed_labels,total,family_month_minus_pooled,0.07619599556709736,0.03894160496738719,-0.03725439059971017,0.07709128257252496,0.020083642403778162,-0.0008952870054275974,0.018857962563609026,0.019753249569036624,-0.00034876650440141205,0.0012046461047821484,0.0015534126091835605,-0.001957668879155929,0.006761825347236173,363,2,0.06170076814319721,0.17815398105106858,7,7,0.008719494226392102
324,fixed_shortfalls_fixed_labels,young_relative,pooled,-0.16302713404283437,-0.15212406304567366,0.010903070997160702,-0.16416781512267428,-0.15378394915577057,0.001140681079839917,0.0016598861100969031,0.0005192050302569862,-0.007915802788313398,-0.011203367727635504,-0.003287564939322106,-0.20750767833248854,-0.2936890785226482,363,2,-0.0004626710527536109,0.03814703557923262,5,5,-0.08618140019015966
324,fixed_shortfalls_fixed_labels,young_relative,family_month,-0.08095036094304571,-0.1254430969305312,-0.0444927359874855,-0.08707653255014933,-0.1337003067519924,0.006126171607103617,0.008257209821461192,0.002131038214357575,-0.013489387901370265,-0.01861758868254941,-0.005128200781179145,-0.35361562691686416,-0.4880481117302045,363,2,-0.0004626710527536109,0.03814703557923262,7,7,-0.13443248481334036
324,fixed_shortfalls_fixed_labels,young_relative,family_month_minus_pooled,0.08207677309978866,0.02668096611514245,-0.055395806984646204,0.07709128257252496,0.020083642403778162,0.0049854905272637,0.006597323711364289,0.001611833184100589,-0.005573585113056867,-0.007414220954913906,-0.0018406358418570391,-0.1461079485843756,-0.19435903320755632,363,2,-0.0004626710527536109,0.03814703557923262,7,7,-0.04825108462318073
324,regenerated_shortfalls_fixed_labels,total,pooled,-0.16377116430786862,-0.16078202004434194,0.002989144263526672,-0.16416781512267428,-0.15378394915577057,0.0003966508148056658,-0.006998070888571378,-0.007394721703377044,0.0011366840378451543,-0.02499248277198468,-0.026129166809829834,0.006380345985753297,-0.1132427240296601,363,2,0.06357730491341054,0.2206983537895004,5,5,-0.11962307001541339
324,regenerated_shortfalls_fixed_labels,total,family_month,-0.08757516874077126,-0.12053465915233315,-0.03295949041156189,-0.08707653255014933,-0.1337003067519924,-0.0004986361906219317,0.013165647599659255,0.013664283790281187,0.0007879175334437423,-0.02002205038439658,-0.020809967917840323,0.004422677106597368,-0.0907213399674625,363,2,0.06357730491341054,0.2206983537895004,7,7,-0.09514401707405987
324,regenerated_shortfalls_fixed_labels,total,family_month_minus_pooled,0.07619599556709736,0.040247360892008796,-0.03594863467508856,0.07709128257252496,0.020083642403778162,-0.0008952870054275974,0.020163718488230634,0.02105900549365823,-0.00034876650440141205,0.004970432387588101,0.0053191988919895124,-0.001957668879155929,0.022521384062197596,363,2,0.06357730491341054,0.2206983537895004,7,7,0.024479052941353524
324,regenerated_shortfalls_fixed_labels,young_relative,pooled,-0.16302713404283437,-0.1537477187661441,0.009279415276690267,-0.16416781512267428,-0.15378394915577057,0.001140681079839917,3.6230389626468185e-05,-0.0011044506902134488,-0.007915802788313398,-0.009657462071078341,-0.001741659282764943,-0.20750767833248854,-0.20418462435904872,363,2,-0.000969273809344148,0.047297694923865395,5,5,0.0033230539734398212
324,regenerated_shortfalls_fixed_labels,young_relative,family_month,-0.08095036094304571,-0.1305977227399387,-0.04964736179689298,-0.08707653255014933,-0.1337003067519924,0.006126171607103617,0.0031025840120537107,-0.0030235875950499064,-0.013489387901370265,-0.017737665560633283,-0.004248277659263017,-0.35361562691686416,-0.3750217762025278,363,2,-0.000969273809344148,0.047297694923865395,7,7,-0.021406149285663645
324,regenerated_shortfalls_fixed_labels,young_relative,family_month_minus_pooled,0.08207677309978866,0.023149996026205405,-0.05892677707358325,0.07709128257252496,0.020083642403778162,0.0049854905272637,0.0030663536224272425,-0.0019191369048364576,-0.005573585113056867,-0.008080203489554941,-0.0025066183764980744,-0.1461079485843756,-0.17083715184347906,363,2,-0.000969273809344148,0.047297694923865395,7,7,-0.024729203259103466
324,regenerated_shortfalls_and_labels,total,pooled,-0.16377116430786862,-0.16080754989569565,0.0029636144121729657,-0.16416781512267428,-0.15380897252324566,0.0003966508148056658,-0.006998577372449993,-0.007395228187255659,0.0011366840378451543,-0.025006061771756738,-0.02614274580960189,0.006380345985753297,-0.11330425144723662,363,2,0.06357730491341054,0.2206983537895004,5,5,-0.11968459743298991
324,regenerated_shortfalls_and_labels,total,family_month,-0.08757516874077126,-0.11819584274838142,-0.030620674007610163,-0.08707653255014933,-0.1317848140177413,-0.0004986361906219317,0.013588971269359887,0.014087607459981819,0.0007879175334437423,-0.02019671255841875,-0.020984630091862494,0.004422677106597368,-0.09151274674972043,363,2,0.06357730491341054,0.2206983537895004,7,7,-0.0959354238563178
324,regenerated_shortfalls_and_labels,total,family_month_minus_pooled,0.07619599556709736,0.04261170714731423,-0.03358428841978313,0.07709128257252496,0.02202415850550435,-0.0008952870054275974,0.02058754864180988,0.021482835647237478,-0.00034876650440141205,0.004809349213337987,0.005158115717739399,-0.001957668879155929,0.021791504697516187,363,2,0.06357730491341054,0.2206983537895004,7,7,0.023749173576672115
324,regenerated_shortfalls_and_labels,young_relative,pooled,-0.16302713404283437,-0.15377396224521683,0.009253171797617532,-0.16416781512267428,-0.15380897252324566,0.001140681079839917,3.501027802882417e-05,-0.0011056708018110928,-0.007915802788313398,-0.0094906516666505,-0.0015748488783371012,-0.20750767833248854,-0.20065780545812015,363,2,-0.000969273809344148,0.047297694923865395,5,5,0.00684987287436839
324,regenerated_shortfalls_and_labels,young_relative,family_month,-0.08095036094304571,-0.12885568895003027,-0.04790532800698456,-0.08707653255014933,-0.1317848140177413,0.006126171607103617,0.002929125067711036,-0.003197046539392581,-0.013489387901370265,-0.017641353890097987,-0.004151965988727722,-0.35361562691686416,-0.37298548943019505,363,2,-0.000969273809344148,0.047297694923865395,7,7,-0.019369862513330893
324,regenerated_shortfalls_and_labels,young_relative,family_month_minus_pooled,0.08207677309978866,0.02491827329518656,-0.057158499804602095,0.07709128257252496,0.02202415850550435,0.0049854905272637,0.0028941147896822117,-0.0020913757375814884,-0.005573585113056867,-0.008150702223447487,-0.0025771171103906206,-0.1461079485843756,-0.1723276839720749,363,2,-0.000969273809344148,0.047297694923865395,7,7,-0.02621973538769931
325,fixed_shortfalls_fixed_labels,total,pooled,-0.16377116430786862,-0.15963014411906556,0.004141020188803052,-0.16416781512267428,-0.1598253212966401,0.0003966508148056658,0.00019517717757452924,-0.00020147363723113654,0.0011366840378451543,0.0005544655276758081,-0.0005822185101693462,0.006380345985753297,0.003112282556946444,363,1,0.06170076814319721,0.17815398105106858,5,5,-0.0032680634288068527
325,fixed_shortfalls_fixed_labels,total,family_month,-0.08757516874077126,-0.1300335366094914,-0.04245836786872015,-0.08707653255014933,-0.13233204972363996,-0.0004986361906219317,0.0022985131141485537,0.0027971493047704854,0.0007879175334437423,-0.003691483721173323,-0.004479401254617065,0.004422677106597368,-0.020720747857524126,363,1,0.06170076814319721,0.17815398105106858,6,6,-0.025143424964121495
325,fixed_shortfalls_fixed_labels,total,family_month_minus_pooled,0.07619599556709736,0.029596607509574158,-0.0465993880575232,0.07709128257252496,0.027493271573000133,-0.0008952870054275974,0.0021033359365740245,0.002998622942001622,-0.00034876650440141205,-0.004245949248849131,-0.003897182744447719,-0.001957668879155929,-0.02383303041447057,363,1,0.06170076814319721,0.17815398105106858,6,6,-0.021875361535314643
325,fixed_shortfalls_fixed_labels,young_relative,pooled,-0.16302713404283437,-0.1602176049995872,0.002809529043247161,-0.16416781512267428,-0.1598253212966401,0.001140681079839917,-0.00039228370294711046,-0.0015329647827870274,-0.007915802788313398,0.0030119235631301707,0.01092772635144357,-0.20750767833248854,0.07895563881692218,363,1,-0.0004626710527536109,0.03814703557923262,5,5,0.2864633171494107
325,fixed_shortfalls_fixed_labels,young_relative,family_month,-0.08095036094304571,-0.13162992311921107,-0.05067956217616536,-0.08707653255014933,-0.13233204972363996,0.006126171607103617,0.0007021266044288932,-0.005424045002674724,-0.013489387901370265,-0.0015475518006634469,0.011941836100706819,-0.35361562691686416,-0.040568075006749395,363,1,-0.0004626710527536109,0.03814703557923262,6,6,0.31304755191011474
325,fixed_shortfalls_fixed_labels,young_relative,family_month_minus_pooled,0.08207677309978866,0.028587681880376137,-0.05348909121941252,0.07709128257252496,0.027493271573000133,0.0049854905272637,0.0010944103073760036,-0.0038910802198876965,-0.005573585113056867,-0.004559475363793617,0.0010141097492632496,-0.1461079485843756,-0.11952371382367157,363,1,-0.0004626710527536109,0.03814703557923262,6,6,0.026584234760704026
325,regenerated_shortfalls_fixed_labels,total,pooled,-0.16377116430786862,-0.16085587883096641,0.002915285476902202,-0.16416781512267428,-0.1598253212966401,0.0003966508148056658,-0.0010305575343263207,-0.0014272083491319865,0.0011366840378451543,-0.0032488618120611627,-0.004385545849906317,0.006380345985753297,-0.014308691083454955,363,1,0.05571792727897123,0.2270551368474088,5,5,-0.02068903706920825
325,regenerated_shortfalls_fixed_labels,total,family_month,-0.08757516874077126,-0.1285039260480162,-0.040928757307244934,-0.08707653255014933,-0.13233204972363996,-0.0004986361906219317,0.003828123675623768,0.0043267598662457,0.0007879175334437423,-0.005337910709972268,-0.00612582824341601,0.004422677106597368,-0.0235093148919136,363,1,0.05571792727897123,0.2270551368474088,6,6,-0.027931991998510965
325,regenerated_shortfalls_fixed_labels,total,family_month_minus_pooled,0.07619599556709736,0.03235195278295022,-0.043844042784147136,0.07709128257252496,0.027493271573000133,-0.0008952870054275974,0.004858681209950089,0.005753968215377686,-0.00034876650440141205,-0.0020890488979111053,-0.0017402823935096933,-0.001957668879155929,-0.009200623808458645,363,1,0.05571792727897123,0.2270551368474088,6,6,-0.007242954929302716
325,regenerated_shortfalls_fixed_labels,young_relative,pooled,-0.16302713404283437,-0.15676889553089432,0.006258238511940045,-0.16416781512267428,-0.1598253212966401,0.001140681079839917,0.003056425765745774,0.001915744685905857,-0.007915802788313398,-0.0072460536549408166,0.0006697491333725819,-0.20750767833248854,-0.1449465905766587,363,1,-0.0009188076595983074,0.049991197627436125,5,5,0.06256108775582983
325,regenerated_shortfalls_fixed_labels,young_relative,family_month,-0.08095036094304571,-0.12040556911700785,-0.03945520817396214,-0.08707653255014933,-0.13233204972363996,0.006126171607103617,0.011926480606632109,0.005800308999528492,-0.013489387901370265,-0.013605001932379693,-0.00011561403100942766,-0.35361562691686416,-0.27214794960049143,363,1,-0.0009188076595983074,0.049991197627436125,6,6,0.08146767731637272
325,regenerated_shortfalls_fixed_labels,young_relative,family_month_minus_pooled,0.08207677309978866,0.03636332641388647,-0.04571344668590219,0.07709128257252496,0.027493271573000133,0.0049854905272637,0.008870054840886335,0.003884564313622635,-0.005573585113056867,-0.006358948277438876,-0.0007853631643820096,-0.1461079485843756,-0.1272013590238327,363,1,-0.0009188076595983074,0.049991197627436125,6,6,0.01890658956054289
325,regenerated_shortfalls_and_labels,total,pooled,-0.16377116430786862,-0.16083578894381223,0.002935375364056386,-0.16416781512267428,-0.1598056242717893,0.0003966508148056658,-0.0010301646720229374,-0.0014268154868286032,0.0011366840378451543,-0.0032476772530167326,-0.0043843612908618865,0.006380345985753297,-0.0143034740288625,363,1,0.05571792727897123,0.2270551368474088,5,5,-0.020683820014615797
325,regenerated_shortfalls_and_labels,total,family_month,-0.08757516874077126,-0.1277465720655717,-0.04017140332480043,-0.08707653255014933,-0.13164335564655893,-0.0004986361906219317,0.0038967835809872453,0.004395419771609177,0.0007879175334437423,-0.005405562685239534,-0.006193480218683277,0.004422677106597368,-0.023807268843568662,363,1,0.05571792727897123,0.2270551368474088,6,6,-0.02822994595016603
325,regenerated_shortfalls_and_labels,total,family_month_minus_pooled,0.07619599556709736,0.03308921687824054,-0.04310677868885682,0.07709128257252496,0.028162268625230358,-0.0008952870054275974,0.004926948253010183,0.00582223525843778,-0.00034876650440141205,-0.002157885432222802,-0.0018091189278213898,-0.001957668879155929,-0.009503794814706163,363,1,0.05571792727897123,0.2270551368474088,6,6,-0.0075461259355502335
325,regenerated_shortfalls_and_labels,young_relative,pooled,-0.16302713404283437,-0.15678001222459415,0.00624712181824022,-0.16416781512267428,-0.1598056242717893,0.001140681079839917,0.0030256120471951475,0.0018849309673552306,-0.007915802788313398,-0.007174219989858063,0.0007415827984553359,-0.20750767833248854,-0.14350966430779633,363,1,-0.0009188076595983074,0.049991197627436125,5,5,0.06399801402469221
325,regenerated_shortfalls_and_labels,young_relative,family_month,-0.08095036094304571,-0.11987092091591638,-0.038920559972870666,-0.08707653255014933,-0.13164335564655893,0.006126171607103617,0.011772434730642559,0.0056462631235389416,-0.013489387901370265,-0.013538555487592125,-4.916758622186025e-05,-0.35361562691686416,-0.27081878670900067,363,1,-0.0009188076595983074,0.049991197627436125,6,6,0.08279684020786349
325,regenerated_shortfalls_and_labels,young_relative,family_month_minus_pooled,0.08207677309978866,0.03690909130867777,-0.045167681791110886,0.07709128257252496,0.028162268625230358,0.0049854905272637,0.008746822683447411,0.003761332156183711,-0.005573585113056867,-0.006364335497734063,-0.0007907503846771961,-0.1461079485843756,-0.12730912240120437,363,1,-0.0009188076595983074,0.049991197627436125,6,6,0.01879882618317122
326,fixed_shortfalls_fixed_labels,total,pooled,-0.16377116430786862,-0.15199626120831602,0.011774903099552592,-0.16416781512267428,-0.14861395260752364,0.0003966508148056658,-0.0033823086007923886,-0.0037789594155980544,0.0011366840378451543,-0.009916305146289812,-0.011052989184134967,0.006380345985753297,-0.055661428881834875,363,1,0.06170076814319721,0.17815398105106858,5,5,-0.06204177486758817
326,fixed_shortfalls_fixed_labels,total,family_month,-0.08757516874077126,-0.11631292134002548,-0.02873775259925422,-0.08707653255014933,-0.12468690711105866,-0.0004986361906219317,0.008373985771033182,0.008872621961655114,0.0007879175334437423,-0.012311868093240128,-0.01309978562668387,0.004422677106597368,-0.0691080155526296,363,1,0.06170076814319721,0.17815398105106858,6,6,-0.07353069265922697
326,fixed_shortfalls_fixed_labels,total,family_month_minus_pooled,0.07619599556709736,0.035683339868290545,-0.04051265569880681,0.07709128257252496,0.023927045496464974,-0.0008952870054275974,0.01175629437182557,0.012651581377253168,-0.00034876650440141205,-0.0023955629469503154,-0.0020467964425489034,-0.001957668879155929,-0.013446586670794729,363,1,0.06170076814319721,0.17815398105106858,6,6,-0.0114889177916388
326,fixed_shortfalls_fixed_labels,young_relative,pooled,-0.16302713404283437,-0.14777534449618052,0.015251789546653849,-0.16416781512267428,-0.14861395260752364,0.001140681079839917,0.0008386081113431199,-0.0003020729684967971,-0.007915802788313398,-0.005913524072497786,0.002002278715815612,-0.20750767833248854,-0.1550192297436902,363,1,-0.0004626710527536109,0.03814703557923262,5,5,0.052488448588798337
326,fixed_shortfalls_fixed_labels,young_relative,family_month,-0.08095036094304571,-0.1205661301101924,-0.039615769167146694,-0.08707653255014933,-0.12468690711105866,0.006126171607103617,0.0041207770008662575,-0.0020053946062373595,-0.013489387901370265,-0.009666428800376393,0.003822959100993872,-0.35361562691686416,-0.25339921316556585,363,1,-0.0004626710527536109,0.03814703557923262,6,6,0.1002164137512983
326,fixed_shortfalls_fixed_labels,young_relative,family_month_minus_pooled,0.08207677309978866,0.027209214385988112,-0.05486755871380054,0.07709128257252496,0.023927045496464974,0.0049854905272637,0.0032821688895231377,-0.0017033216377405624,-0.005573585113056867,-0.003752904727878607,0.0018206803851782598,-0.1461079485843756,-0.09837998342187568,363,1,-0.0004626710527536109,0.03814703557923262,6,6,0.047727965162499913
326,regenerated_shortfalls_fixed_labels,total,pooled,-0.16377116430786862,-0.15282515617734455,0.01094600813052407,-0.16416781512267428,-0.14861395260752364,0.0003966508148056658,-0.004211203569820909,-0.004607854384626575,0.0011366840378451543,-0.010996207543239012,-0.012132891581084167,0.006380345985753297,-0.04806975007837689,363,1,0.07397796776003573,0.2287552468092696,5,5,-0.054450096064130184
326,regenerated_shortfalls_fixed_labels,total,family_month,-0.08757516874077126,-0.11433867111094356,-0.026763502370172304,-0.08707653255014933,-0.12468690711105866,-0.0004986361906219317,0.0103482360001151,0.01084687219073703,0.0007879175334437423,-0.01459488075276747,-0.01538279828621121,0.004422677106597368,-0.06380129398708968,363,1,0.07397796776003573,0.2287552468092696,6,6,-0.06822397109368705
326,regenerated_shortfalls_fixed_labels,total,family_month_minus_pooled,0.07619599556709736,0.03848648506640098,-0.037709510500696375,0.07709128257252496,0.023927045496464974,-0.0008952870054275974,0.014559439569936009,0.015454726575363606,-0.00034876650440141205,-0.0035986732095284572,-0.003249906705127045,-0.001957668879155929,-0.015731543908712797,363,1,0.07397796776003573,0.2287552468092696,6,6,-0.013773875029556867
326,regenerated_shortfalls_fixed_labels,young_relative,pooled,-0.16302713404283437,-0.14288218715069126,0.020144946892143106,-0.16416781512267428,-0.14861395260752364,0.001140681079839917,0.005731765456832377,0.00459108437699246,-0.007915802788313398,-0.020777744388548396,-0.012861941600234997,-0.20750767833248854,-0.4021817768187804,363,1,-0.0016693656519996918,0.0516625704747201,5,5,-0.19467409848629189
326,regenerated_shortfalls_fixed_labels,young_relative,family_month,-0.08095036094304571,-0.10434020304490504,-0.023389842101859334,-0.08707653255014933,-0.12468690711105866,0.006126171607103617,0.020346704066153617,0.01422053245905,-0.013489387901370265,-0.02384309040437877,-0.010353702503008506,-0.35361562691686416,-0.46151575860991745,363,1,-0.0016693656519996918,0.0516625704747201,6,6,-0.10790013169305329
326,regenerated_shortfalls_fixed_labels,young_relative,family_month_minus_pooled,0.08207677309978866,0.038541984105786214,-0.04353478899400244,0.07709128257252496,0.023927045496464974,0.0049854905272637,0.01461493860932124,0.00962944808205754,-0.005573585113056867,-0.0030653460158303752,0.0025082390972264914,-0.1461079485843756,-0.05933398179113702,363,1,-0.0016693656519996918,0.0516625704747201,6,6,0.08677396679323857
326,regenerated_shortfalls_and_labels,total,pooled,-0.16377116430786862,-0.15277836388475244,0.010992800423116178,-0.16416781512267428,-0.1486316862431129,0.0003966508148056658,-0.0041466776416395346,-0.0045433284564452,0.0011366840378451543,-0.010832376965310789,-0.011969061003155944,0.006380345985753297,-0.0473535672575963,363,1,0.07397796776003573,0.2287552468092696,5,5,-0.05373391324334959
326,regenerated_shortfalls_and_labels,total,family_month,-0.08757516874077126,-0.11195643875394357,-0.024381270013172307,-0.08707653255014933,-0.12223886799772447,-0.0004986361906219317,0.010282429243780908,0.01078106543440284,0.0007879175334437423,-0.014522146026084445,-0.015310063559528186,0.004422677106597368,-0.06348333526178154,363,1,0.07397796776003573,0.2287552468092696,6,6,-0.06790601236837891
326,regenerated_shortfalls_and_labels,total,family_month_minus_pooled,0.07619599556709736,0.04082192513080887,-0.035374070436288485,0.07709128257252496,0.02639281824538843,-0.0008952870054275974,0.014429106885420442,0.01532439389084804,-0.00034876650440141205,-0.003689769060773656,-0.003341002556372244,-0.001957668879155929,-0.01612976800418525,363,1,0.07397796776003573,0.2287552468092696,6,6,-0.014172099125029319
326,regenerated_shortfalls_and_labels,young_relative,pooled,-0.16302713404283437,-0.142909690794713,0.02011744324812137,-0.16416781512267428,-0.1486316862431129,0.001140681079839917,0.005721995448399908,0.004581314368559991,-0.007915802788313398,-0.020751063907047458,-0.01283526111873406,-0.20750767833248854,-0.4016653394588935,363,1,-0.0016693656519996918,0.0516625704747201,5,5,-0.19415766112640495
326,regenerated_shortfalls_and_labels,young_relative,family_month,-0.08095036094304571,-0.10191892757101984,-0.020968566627974125,-0.08707653255014933,-0.12223886799772447,0.006126171607103617,0.02031994042670464,0.014193768819601021,-0.013489387901370265,-0.023884380386495437,-0.010394992485125171,-0.35361562691686416,-0.46231498291752077,363,1,-0.0016693656519996918,0.0516625704747201,6,6,-0.10869935600065661
326,regenerated_shortfalls_and_labels,young_relative,family_month_minus_pooled,0.08207677309978866,0.04099076322369316,-0.041086009876095494,0.07709128257252496,0.02639281824538843,0.0049854905272637,0.01459794497830473,0.00961245445104103,-0.005573585113056867,-0.0031333164794479784,0.0024402686336088882,-0.1461079485843756,-0.06064964345862727,363,1,-0.0016693656519996918,0.0516625704747201,6,6,0.08545830512574831
327,fixed_shortfalls_fixed_labels,total,pooled,-0.16377116430786862,-0.1428577136746968,0.02091345063317182,-0.16416781512267428,-0.14544189287046086,0.0003966508148056658,0.0025841791957640636,0.002187528380958398,0.0011366840378451543,0.00706068041782977,0.005923996379984616,0.006380345985753297,0.039632459382458574,363,4,0.06170076814319721,0.17815398105106858,5,5,0.03325211339670528
327,fixed_shortfalls_fixed_labels,total,family_month,-0.08757516874077126,-0.09449099511753135,-0.006915826376760095,-0.08707653255014933,-0.09039206555008138,-0.0004986361906219317,-0.004098929567449977,-0.0036002933768280454,0.0007879175334437423,0.006469375256151684,0.005681457722707942,0.004422677106597368,0.03631339147171351,363,4,0.06170076814319721,0.17815398105106858,7,7,0.03189071436511614
327,fixed_shortfalls_fixed_labels,total,family_month_minus_pooled,0.07619599556709736,0.04836671855716544,-0.027829277009931916,0.07709128257252496,0.05504982732037948,-0.0008952870054275974,-0.006683108763214041,-0.005787821757786443,-0.00034876650440141205,-0.0005913051616780853,-0.00024253865727667323,-0.001957668879155929,-0.0033190679107450603,363,4,0.06170076814319721,0.17815398105106858,7,7,-0.0013613990315891312
327,fixed_shortfalls_fixed_labels,young_relative,pooled,-0.16302713404283437,-0.14538699825209006,0.017640135790744305,-0.16416781512267428,-0.14544189287046086,0.001140681079839917,5.489461837079879e-05,-0.0010857864614691182,-0.007915802788313398,-0.0004120724590943289,0.00750373032921907,-0.20750767833248854,-0.010802214453556714,363,4,-0.0004626710527536109,0.03814703557923262,5,5,0.1967054638789318
327,fixed_shortfalls_fixed_labels,young_relative,family_month,-0.08095036094304571,-0.08838074925007011,-0.007430388307024402,-0.08707653255014933,-0.09039206555008138,0.006126171607103617,0.002011316300011265,-0.004114855307092352,-0.013489387901370265,-0.0043782739433882835,0.009111113957981982,-0.35361562691686416,-0.11477363514379689,363,4,-0.0004626710527536109,0.03814703557923262,7,7,0.23884199177306725
327,fixed_shortfalls_fixed_labels,young_relative,family_month_minus_pooled,0.08207677309978866,0.05700624900201995,-0.025070524097768707,0.07709128257252496,0.05504982732037948,0.0049854905272637,0.001956421681640466,-0.003029068845623234,-0.005573585113056867,-0.003966201484293955,0.001607383628762912,-0.1461079485843756,-0.10397142069024017,363,4,-0.0004626710527536109,0.03814703557923262,7,7,0.042136527894135425
327,regenerated_shortfalls_fixed_labels,total,pooled,-0.16377116430786862,-0.1476760434320192,0.01609512087584941,-0.16416781512267428,-0.14544189287046086,0.0003966508148056658,-0.0022341505615583457,-0.0026308013763640115,0.0011366840378451543,-0.0100964216301448,-0.011233105667989955,0.006380345985753297,-0.04532854904790105,363,4,0.047966156198865795,0.22273868990325246,5,5,-0.05170889503365434
327,regenerated_shortfalls_fixed_labels,total,family_month,-0.08757516874077126,-0.08407054058807026,0.0035046281527010004,-0.08707653255014933,-0.09039206555008138,-0.0004986361906219317,0.006321524962011119,0.00682016115263305,0.0007879175334437423,-0.01130731037197574,-0.012095227905419483,0.004422677106597368,-0.05076491370622284,363,4,0.047966156198865795,0.22273868990325246,7,7,-0.05518759081282021
327,regenerated_shortfalls_fixed_labels,total,family_month_minus_pooled,0.07619599556709736,0.06360550284394895,-0.012590492723148411,0.07709128257252496,0.05504982732037948,-0.0008952870054275974,0.008555675523569464,0.009450962528997062,-0.00034876650440141205,-0.001210888741830939,-0.0008621222374295269,-0.001957668879155929,-0.005436364658321793,363,4,0.047966156198865795,0.22273868990325246,7,7,-0.0034786957791658637
327,regenerated_shortfalls_fixed_labels,young_relative,pooled,-0.16302713404283437,-0.14522288882746948,0.01780424521536489,-0.16416781512267428,-0.14544189287046086,0.001140681079839917,0.0002190040429913831,-0.0009216770368485339,-0.007915802788313398,0.002759838791306002,0.0106756415796194,-0.20750767833248854,0.055719864982966195,363,4,0.001836538617579625,0.04953060801833775,5,5,0.2632275433154547
327,regenerated_shortfalls_fixed_labels,young_relative,family_month,-0.08095036094304571,-0.09020358042203831,-0.009253219478992603,-0.08707653255014933,-0.09039206555008138,0.006126171607103617,0.0001884851280430644,-0.005937686479060553,-0.013489387901370265,-0.0007273020881731489,0.012762085813197117,-0.35361562691686416,-0.014683891784729945,363,4,0.001836538617579625,0.04953060801833775,7,7,0.3389317351321342
327,regenerated_shortfalls_fixed_labels,young_relative,family_month_minus_pooled,0.08207677309978866,0.055019308405431164,-0.02705746469435749,0.07709128257252496,0.05504982732037948,0.0049854905272637,-3.051891494831871e-05,-0.005016009442212019,-0.005573585113056867,-0.003487140879479151,0.0020864442335777156,-0.1461079485843756,-0.07040375676769614,363,4,0.001836538617579625,0.04953060801833775,7,7,0.07570419181667945
327,regenerated_shortfalls_and_labels,total,pooled,-0.16377116430786862,-0.14885861390212565,0.014912550405742964,-0.16416781512267428,-0.14657254459859081,0.0003966508148056658,-0.002286069303534838,-0.0026827201183405036,0.0011366840378451543,-0.009980066627176421,-0.011116750665021576,0.006380345985753297,-0.04480616560827985,363,4,0.047966156198865795,0.22273868990325246,5,5,-0.051186511594033146
327,regenerated_shortfalls_and_labels,total,family_month,-0.08757516874077126,-0.08655995513461792,0.0010152136061533368,-0.08707653255014933,-0.09265337457874863,-0.0004986361906219317,0.006093419444130707,0.006592055634752639,0.0007879175334437423,-0.011260807198282043,-0.012048724731725784,0.004422677106597368,-0.050556134648961186,363,4,0.047966156198865795,0.22273868990325246,7,7,-0.054978811755558556
327,regenerated_shortfalls_and_labels,total,family_month_minus_pooled,0.07619599556709736,0.06229865876750773,-0.013897336799589627,0.07709128257252496,0.053919170019842186,-0.0008952870054275974,0.008379488747665545,0.009274775753093142,-0.00034876650440141205,-0.0012807405711056218,-0.0009319740667042098,-0.001957668879155929,-0.005749969040681335,363,4,0.047966156198865795,0.22273868990325246,7,7,-0.0037923001615254056
327,regenerated_shortfalls_and_labels,young_relative,pooled,-0.16302713404283437,-0.14634101402077085,0.016686120022063516,-0.16416781512267428,-0.14657254459859081,0.001140681079839917,0.0002315305778199661,-0.0009091505020199508,-0.007915802788313398,0.002745605019053492,0.01066140780736689,-0.20750767833248854,0.05543249172384448,363,4,0.001836538617579625,0.04953060801833775,5,5,0.262940170056333
327,regenerated_shortfalls_and_labels,young_relative,family_month,-0.08095036094304571,-0.0925060150399133,-0.011555654096867596,-0.08707653255014933,-0.09265337457874863,0.006126171607103617,0.00014735953883532327,-0.005978812068268294,-0.013489387901370265,-0.0006265853440676624,0.012862802557302603,-0.35361562691686416,-0.012650467440974705,363,4,0.001836538617579625,0.04953060801833775,7,7,0.34096515947588946
327,regenerated_shortfalls_and_labels,young_relative,family_month_minus_pooled,0.08207677309978866,0.05383499898085754,-0.028241774118931112,0.07709128257252496,0.053919170019842186,0.0049854905272637,-8.417103898464284e-05,-0.005069661566248343,-0.005573585113056867,-0.0033721903631211544,0.0022013947499357122,-0.1461079485843756,-0.06808295916481917,363,4,0.001836538617579625,0.04953060801833775,7,7,0.07802498941955642
328,fixed_shortfalls_fixed_labels,total,pooled,-0.16377116430786862,-0.1479349441350157,0.01583622017285291,-0.16416781512267428,-0.1470122600703754,0.0003966508148056658,-0.0009226840646403001,-0.0013193348794459658,0.0011366840378451543,-0.002638214118412458,-0.0037748981562576124,0.006380345985753297,-0.014808617258214415,363,2,0.06170076814319721,0.17815398105106858,5,5,-0.021188963243967712
328,fixed_shortfalls_fixed_labels,total,family_month,-0.08757516874077126,-0.09092047640165771,-0.0033453076608864485,-0.08707653255014933,-0.09089139553469607,-0.0004986361906219317,-2.9080866961642138e-05,0.0004695553236602895,0.0007879175334437423,4.978891497225213e-05,-0.0007381286184714902,0.004422677106597368,0.00027947124548387124,363,2,0.06170076814319721,0.17815398105106858,7,7,-0.004143205861113497
328,fixed_shortfalls_fixed_labels,total,family_month_minus_pooled,0.07619599556709736,0.057014467733358,-0.01918152783373936,0.07709128257252496,0.05612086453567934,-0.0008952870054275974,0.0008936031976786579,0.0017888902031062553,-0.00034876650440141205,0.0026880030333847104,0.0030367695377861224,-0.001957668879155929,0.015088088503698287,363,2,0.06170076814319721,0.17815398105106858,7,7,0.017045757382854215
328,fixed_shortfalls_fixed_labels,young_relative,pooled,-0.16302713404283437,-0.14562206185349771,0.01740507218933665,-0.16416781512267428,-0.1470122600703754,0.001140681079839917,0.0013901982168776916,0.00024951713703777467,-0.007915802788313398,-0.009219487558066855,-0.0013036847697534566,-0.20750767833248854,-0.2416829359890281,363,2,-0.0004626710527536109,0.03814703557923262,5,5,-0.03417525765653956
328,fixed_shortfalls_fixed_labels,young_relative,family_month,-0.08095036094304571,-0.08277087152890407,-0.0018205105858583592,-0.08707653255014933,-0.09089139553469607,0.006126171607103617,0.008120524005791996,0.0019943523986883788,-0.013489387901370265,-0.01750066167957367,-0.004011273778203404,-0.35361562691686416,-0.45876858879962584,363,2,-0.0004626710527536109,0.03814703557923262,7,7,-0.10515296188276169
328,fixed_shortfalls_fixed_labels,young_relative,family_month_minus_pooled,0.08207677309978866,0.06285119032459364,-0.01922558277519501,0.07709128257252496,0.05612086453567934,0.0049854905272637,0.006730325788914304,0.001744835261650604,-0.005573585113056867,-0.008281174121506814,-0.002707589008449947,-0.1461079485843756,-0.21708565281059777,363,2,-0.0004626710527536109,0.03814703557923262,7,7,-0.07097770422622218
328,regenerated_shortfalls_fixed_labels,total,pooled,-0.16377116430786862,-0.1471709663092906,0.01660019799857801,-0.16416781512267428,-0.1470122600703754,0.0003966508148056658,-0.00015870623891520164,-0.0005553570537208674,0.0011366840378451543,-0.00041398523862107853,-0.001550669276466233,0.006380345985753297,-0.0019145262673852968,363,2,0.051478333287858655,0.2162337731654451,5,5,-0.008294872253138593
328,regenerated_shortfalls_fixed_labels,total,family_month,-0.08757516874077126,-0.08975090058969179,-0.0021757318489205313,-0.08707653255014933,-0.09089139553469607,-0.0004986361906219317,0.001140494945004275,0.0016391311356262067,0.0007879175334437423,-0.002049855655492352,-0.0028377731889360942,0.004422677106597368,-0.009479812637427195,363,2,0.051478333287858655,0.2162337731654451,7,7,-0.013902489744024563
328,regenerated_shortfalls_fixed_labels,total,family_month_minus_pooled,0.07619599556709736,0.05742006571959882,-0.01877592984749854,0.07709128257252496,0.05612086453567934,-0.0008952870054275974,0.0012992011839194767,0.002194488189347074,-0.00034876650440141205,-0.0016358704168712734,-0.0012871039124698613,-0.001957668879155929,-0.007565286370041898,363,2,0.051478333287858655,0.2162337731654451,7,7,-0.0056076174908859695
328,regenerated_shortfalls_fixed_labels,young_relative,pooled,-0.16302713404283437,-0.14350609916387613,0.019521034878958232,-0.16416781512267428,-0.1470122600703754,0.001140681079839917,0.0035061609064992727,0.0023654798266593557,-0.007915802788313398,-0.0199778188252438,-0.012062016036930403,-0.20750767833248854,-0.4039011393807676,363,2,-0.0007690317579265707,0.04946215020802459,5,5,-0.19639346104827907
328,regenerated_shortfalls_fixed_labels,young_relative,family_month,-0.08095036094304571,-0.08863820017848931,-0.007687839235443597,-0.08707653255014933,-0.09089139553469607,0.006126171607103617,0.002253195356206758,-0.003872976250896859,-0.013489387901370265,-0.02615984177800042,-0.012670453876630156,-0.35361562691686416,-0.5288860607146902,363,2,-0.0007690317579265707,0.04946215020802459,7,7,-0.1752704337978261
328,regenerated_shortfalls_fixed_labels,young_relative,family_month_minus_pooled,0.08207677309978866,0.054867898985386826,-0.02720887411440183,0.07709128257252496,0.05612086453567934,0.0049854905272637,-0.0012529655502925147,-0.006238456077556215,-0.005573585113056867,-0.006182022952756619,-0.0006084378396997523,-0.1461079485843756,-0.12498492133392265,363,2,-0.0007690317579265707,0.04946215020802459,7,7,0.02112302725045294
328,regenerated_shortfalls_and_labels,total,pooled,-0.16377116430786862,-0.14715801854199304,0.01661314576587558,-0.16416781512267428,-0.14701423794798416,0.0003966508148056658,-0.00014378059400887988,-0.0005404314088145457,0.0011366840378451543,-0.00037511322493959315,-0.0015117972627847476,0.006380345985753297,-0.0017347578014678864,363,2,0.051478333287858655,0.2162337731654451,5,5,-0.008115103787221183
328,regenerated_shortfalls_and_labels,total,family_month,-0.08757516874077126,-0.0894237430988755,-0.0018485743581042463,-0.08707653255014933,-0.09058077574334976,-0.0004986361906219317,0.001157032644474254,0.0016556688350961857,0.0007879175334437423,-0.0020523382158040056,-0.002840255749247748,0.004422677106597368,-0.009491293546608548,363,2,0.051478333287858655,0.2162337731654451,7,7,-0.013913970653205916
328,regenerated_shortfalls_and_labels,total,family_month_minus_pooled,0.07619599556709736,0.05773427544311753,-0.018461720123979827,0.07709128257252496,0.056433462204634396,-0.0008952870054275974,0.001300813238483134,0.0021961002439107313,-0.00034876650440141205,-0.0016772249908644124,-0.0013284584864630003,-0.001957668879155929,-0.007756535745140661,363,2,0.051478333287858655,0.2162337731654451,7,7,-0.005798866865984732
328,regenerated_shortfalls_and_labels,young_relative,pooled,-0.16302713404283437,-0.1435058811374751,0.019521252905359276,-0.16416781512267428,-0.14701423794798416,0.001140681079839917,0.0035083568105090668,0.00236767573066915,-0.007915802788313398,-0.019995913928802685,-0.012080111140489286,-0.20750767833248854,-0.40426697676314544,363,2,-0.0007690317579265707,0.04946215020802459,5,5,-0.1967592984306569
328,regenerated_shortfalls_and_labels,young_relative,family_month,-0.08095036094304571,-0.08842139412770458,-0.0074710331846588734,-0.08707653255014933,-0.09058077574334976,0.006126171607103617,0.0021593816156451756,-0.0039667899914584415,-0.013489387901370265,-0.02615741286570275,-0.012668024964332485,-0.35361562691686416,-0.5288369542304906,363,2,-0.0007690317579265707,0.04946215020802459,7,7,-0.17522132731362644
328,regenerated_shortfalls_and_labels,young_relative,family_month_minus_pooled,0.08207677309978866,0.055084487009770505,-0.02699228609001815,0.07709128257252496,0.056433462204634396,0.0049854905272637,-0.0013489751948638912,-0.006334465722127591,-0.005573585113056867,-0.006161498936900066,-0.0005879138238431992,-0.1461079485843756,-0.12456997746734519,363,2,-0.0007690317579265707,0.04946215020802459,7,7,0.021537971117030402
329,fixed_shortfalls_fixed_labels,total,pooled,-0.16377116430786862,-0.180362113786703,-0.016590949478834383,-0.16416781512267428,-0.18429023927540375,0.0003966508148056658,0.003928125488700751,0.0035314746738950853,0.0011366840378451543,0.011455112359760421,0.010318428321915266,0.006380345985753297,0.06429894124272623,363,1,0.06170076814319721,0.17815398105106858,5,5,0.05791859525697293
329,fixed_shortfalls_fixed_labels,total,family_month,-0.08757516874077126,-0.13331236425298787,-0.04573719551221661,-0.08707653255014933,-0.12058602154686761,-0.0004986361906219317,-0.012726342706120261,-0.01222770651549833,0.0007879175334437423,0.020320285758100753,0.01953236822465701,0.004422677106597368,0.11406023956476088,363,1,0.06170076814319721,0.17815398105106858,7,7,0.10963756245816351
329,fixed_shortfalls_fixed_labels,total,family_month_minus_pooled,0.07619599556709736,0.04704974953371513,-0.029146246033382228,0.07709128257252496,0.06370421772853614,-0.0008952870054275974,-0.016654468194821012,-0.015759181189393415,-0.00034876650440141205,0.008865173398340332,0.009213939902741743,-0.001957668879155929,0.04976129832203465,363,1,0.06170076814319721,0.17815398105106858,7,7,0.05171896720119058
329,fixed_shortfalls_fixed_labels,young_relative,pooled,-0.16302713404283437,-0.1833705697910062,-0.020343435748171823,-0.16416781512267428,-0.18429023927540375,0.001140681079839917,0.0009196694843975617,-0.00022101159544235527,-0.007915802788313398,-0.00651250913306944,0.0014032936552439588,-0.20750767833248854,-0.17072123781526216,363,1,-0.0004626710527536109,0.03814703557923262,5,5,0.036786440517226376
329,fixed_shortfalls_fixed_labels,young_relative,family_month,-0.08095036094304571,-0.11467244428174528,-0.03372208333869957,-0.08707653255014933,-0.12058602154686761,0.006126171607103617,0.00591357726512233,-0.00021259434198128702,-0.013489387901370265,-0.014179323930037246,-0.0006899360286669806,-0.35361562691686416,-0.3717018561137295,363,1,-0.0004626710527536109,0.03814703557923262,7,7,-0.018086229196865367
329,fixed_shortfalls_fixed_labels,young_relative,family_month_minus_pooled,0.08207677309978866,0.06869812550926091,-0.013378647590527745,0.07709128257252496,0.06370421772853614,0.0049854905272637,0.004993907780724768,8.417253461068253e-06,-0.005573585113056867,-0.007666814796967806,-0.0020932296839109394,-0.1461079485843756,-0.20098061829846736,363,1,-0.0004626710527536109,0.03814703557923262,7,7,-0.05487266971409177
329,regenerated_shortfalls_fixed_labels,total,pooled,-0.16377116430786862,-0.18511480565359711,-0.021343641345728498,-0.16416781512267428,-0.18429023927540375,0.0003966508148056658,-0.0008245663781933643,-0.00122121719299903,0.0011366840378451543,-0.003931939829267043,-0.0050686238671121975,0.006380345985753297,-0.017735294662506222,363,1,0.060636178112107475,0.2217014097645339,5,5,-0.02411564064825952
329,regenerated_shortfalls_fixed_labels,total,family_month,-0.08757516874077126,-0.12124147005353497,-0.03366630131276371,-0.08707653255014933,-0.12058602154686761,-0.0004986361906219317,-0.0006554485066673638,-0.0001568123160454321,0.0007879175334437423,0.001127293780018559,0.00033937624657481673,0.004422677106597368,0.005084738889192642,363,1,0.060636178112107475,0.2217014097645339,7,7,0.0006620617825952744
329,regenerated_shortfalls_fixed_labels,total,family_month_minus_pooled,0.07619599556709736,0.06387333560006214,-0.012322659967035215,0.07709128257252496,0.06370421772853614,-0.0008952870054275974,0.00016911787152600055,0.001064404876953598,-0.00034876650440141205,0.005059233609285602,0.005408000113687014,-0.001957668879155929,0.022820033551698864,363,1,0.060636178112107475,0.2217014097645339,7,7,0.02477770243085479
329,regenerated_shortfalls_fixed_labels,young_relative,pooled,-0.16302713404283437,-0.18512877050512783,-0.02210163646229346,-0.16416781512267428,-0.18429023927540375,0.001140681079839917,-0.0008385312297240766,-0.0019792123095639935,-0.007915802788313398,-0.009530455160359873,-0.0016146523720464746,-0.20750767833248854,-0.1962278994979784,363,1,0.00037457365766477144,0.04856829831406344,5,5,0.011279778834510146
329,regenerated_shortfalls_fixed_labels,young_relative,family_month,-0.08095036094304571,-0.1089767762999711,-0.02802641535692539,-0.08707653255014933,-0.12058602154686761,0.006126171607103617,0.011609245246896507,0.00548307363979289,-0.013489387901370265,-0.021619021339636925,-0.00812963343826666,-0.35361562691686416,-0.4451261849826211,363,1,0.00037457365766477144,0.04856829831406344,7,7,-0.09151055806575692
329,regenerated_shortfalls_fixed_labels,young_relative,family_month_minus_pooled,0.08207677309978866,0.07615199420515673,-0.00592477889463193,0.07709128257252496,0.06370421772853614,0.0049854905272637,0.012447776476620584,0.007462285949356884,-0.005573585113056867,-0.012088566179277052,-0.006514981066220185,-0.1461079485843756,-0.24889828548464268,363,1,0.00037457365766477144,0.04856829831406344,7,7,-0.10279033690026709
329,regenerated_shortfalls_and_labels,total,pooled,-0.16377116430786862,-0.18510710305145228,-0.021335938743583666,-0.16416781512267428,-0.18427122638442872,0.0003966508148056658,-0.0008358766670235607,-0.0012325274818292264,0.0011366840378451543,-0.003988190081315104,-0.005124874119160258,0.006380345985753297,-0.01798901543093888,363,1,0.060636178112107475,0.2217014097645339,5,5,-0.024369361416692176
329,regenerated_shortfalls_and_labels,total,family_month,-0.08757516874077126,-0.11465282455009664,-0.027077655809325377,-0.08707653255014933,-0.11424245337109021,-0.0004986361906219317,-0.0004103711790064274,8.826501161550426e-05,0.0007879175334437423,0.0006872939862564227,-0.00010062354718731953,0.004422677106597368,0.003100088479303711,363,1,0.060636178112107475,0.2217014097645339,7,7,-0.001322588627293657
329,regenerated_shortfalls_and_labels,total,family_month_minus_pooled,0.07619599556709736,0.07045427850135565,-0.005741717065741711,0.07709128257252496,0.07002877301333851,-0.0008952870054275974,0.0004255054880171333,0.0013207924934447307,-0.00034876650440141205,0.004675484067571527,0.005024250571972939,-0.001957668879155929,0.02108910391024259,363,1,0.060636178112107475,0.2217014097645339,7,7,0.02304677278939852
329,regenerated_shortfalls_and_labels,young_relative,pooled,-0.16302713404283437,-0.1850925567921554,-0.022065422749321023,-0.16416781512267428,-0.18427122638442872,0.001140681079839917,-0.000821330407726667,-0.001962011487566584,-0.007915802788313398,-0.009334748118986552,-0.0014189453306731534,-0.20750767833248854,-0.19219837719295968,363,1,0.00037457365766477144,0.04856829831406344,5,5,0.015309301139528858
329,regenerated_shortfalls_and_labels,young_relative,family_month,-0.08095036094304571,-0.10279352683813606,-0.021843165895090347,-0.08707653255014933,-0.11424245337109021,0.006126171607103617,0.011448926532954151,0.005322754925850534,-0.013489387901370265,-0.02151479090778483,-0.008025403006414564,-0.35361562691686416,-0.44298012602090703,363,1,0.00037457365766477144,0.04856829831406344,7,7,-0.08936449910404287
329,regenerated_shortfalls_and_labels,young_relative,family_month_minus_pooled,0.08207677309978866,0.08229902995401933,0.00022225685423067632,0.07709128257252496,0.07002877301333851,0.0049854905272637,0.012270256940680818,0.007284766413417118,-0.005573585113056867,-0.012180042788798277,-0.00660645767574141,-0.1461079485843756,-0.25078174882794735,363,1,0.00037457365766477144,0.04856829831406344,7,7,-0.10467380024357176
330,fixed_shortfalls_fixed_labels,total,pooled,-0.16377116430786862,-0.1516737867830176,0.012097377524851016,-0.16416781512267428,-0.15305462369179101,0.0003966508148056658,0.001380836908773414,0.0009841860939677483,0.0011366840378451543,0.0039224809234757714,0.002785796885630617,0.006380345985753297,0.02201736329625649,363,2,0.06170076814319721,0.17815398105106858,5,5,0.015637017310503192
330,fixed_shortfalls_fixed_labels,total,family_month,-0.08757516874077126,-0.0495443656704919,0.03803080307027936,-0.08707653255014933,-0.04923082423416268,-0.0004986361906219317,-0.00031354143632921633,0.00018509475429271532,0.0007879175334437423,0.0005047788101751645,-0.0002831387232685778,0.004422677106597368,0.0028333849583213498,363,2,0.06170076814319721,0.17815398105106858,6,6,-0.0015892921482760182
330,fixed_shortfalls_fixed_labels,total,family_month_minus_pooled,0.07619599556709736,0.10212942111252571,0.02593342554542835,0.07709128257252496,0.10382379945762833,-0.0008952870054275974,-0.0016943783451026234,-0.000799091339675026,-0.00034876650440141205,-0.003417702113300607,-0.003068935608899195,-0.001957668879155929,-0.01918397833793514,363,2,0.06170076814319721,0.17815398105106858,6,6,-0.01722630945877921
330,fixed_shortfalls_fixed_labels,young_relative,pooled,-0.16302713404283437,-0.15085078079411438,0.01217635324871999,-0.16416781512267428,-0.15305462369179101,0.001140681079839917,0.002203842897676639,0.001063161817836722,-0.007915802788313398,-0.015105895822312383,-0.007190093033998984,-0.20750767833248854,-0.39599134226136523,363,2,-0.0004626710527536109,0.03814703557923262,5,5,-0.1884836639288767
330,fixed_shortfalls_fixed_labels,young_relative,family_month,-0.08095036094304571,-0.03959664180556727,0.04135371913747844,-0.08707653255014933,-0.04923082423416268,0.006126171607103617,0.009634182428595414,0.003508010821491797,-0.013489387901370265,-0.02042068222137954,-0.006931294320009274,-0.35361562691686416,-0.535315049028256,363,2,-0.0004626710527536109,0.03814703557923262,6,6,-0.18169942211139184
330,fixed_shortfalls_fixed_labels,young_relative,family_month_minus_pooled,0.08207677309978866,0.11125413898854711,0.029177365888758452,0.07709128257252496,0.10382379945762833,0.0049854905272637,0.007430339530918775,0.002444849003655075,-0.005573585113056867,-0.005314786399067156,0.0002587987139897104,-0.1461079485843756,-0.1393237067668908,363,2,-0.0004626710527536109,0.03814703557923262,6,6,0.0067842418174847985
330,regenerated_shortfalls_fixed_labels,total,pooled,-0.16377116430786862,-0.15211425439329437,0.011656909914574243,-0.16416781512267428,-0.15305462369179101,0.0003966508148056658,0.0009403692984966405,0.0005437184836909748,0.0011366840378451543,0.004462729214902972,0.0033260451770578173,0.006380345985753297,0.019893533278790544,363,2,0.03247131675581775,0.2243306481740427,5,5,0.013513187293037247
330,regenerated_shortfalls_fixed_labels,total,family_month,-0.08757516874077126,-0.051162020426740666,0.03641314831403059,-0.08707653255014933,-0.04923082423416268,-0.0004986361906219317,-0.0019311961925779844,-0.0014325600019560528,0.0007879175334437423,0.0028623479895876513,0.002074430456143909,0.004422677106597368,0.012759504833093304,363,2,0.03247131675581775,0.2243306481740427,6,6,0.008336827726495936
330,regenerated_shortfalls_fixed_labels,total,family_month_minus_pooled,0.07619599556709736,0.1009522339665537,0.024756238399456343,0.07709128257252496,0.10382379945762833,-0.0008952870054275974,-0.002871565491074632,-0.0019762784856470345,-0.00034876650440141205,-0.0016003812253153203,-0.0012516147209139083,-0.001957668879155929,-0.007134028445697241,363,2,0.03247131675581775,0.2243306481740427,6,6,-0.005176359566541312
330,regenerated_shortfalls_fixed_labels,young_relative,pooled,-0.16302713404283437,-0.14809422601931782,0.014932908023516545,-0.16416781512267428,-0.15305462369179101,0.001140681079839917,0.0049603976724731935,0.0038197165926332766,-0.007915802788313398,-0.015059685829724823,-0.007143883041411425,-0.20750767833248854,-0.3026922142312612,363,2,-0.0003301962305792592,0.049752471724360266,5,5,-0.09518453589877265
330,regenerated_shortfalls_fixed_labels,young_relative,family_month,-0.08095036094304571,-0.04645933623054996,0.03449102471249575,-0.08707653255014933,-0.04923082423416268,0.006126171607103617,0.0027714880036127237,-0.0033546836034908933,-0.013489387901370265,-0.015598921316719418,-0.002109533415349153,-0.35361562691686416,-0.3135305800109973,363,2,-0.0003301962305792592,0.049752471724360266,6,6,0.04008504690586684
330,regenerated_shortfalls_fixed_labels,young_relative,family_month_minus_pooled,0.08207677309978866,0.10163488978876786,0.019558116688979207,0.07709128257252496,0.10382379945762833,0.0049854905272637,-0.0021889096688604698,-0.00717440019612417,-0.005573585113056867,-0.0005392354869945947,0.005034349626062272,-0.1461079485843756,-0.01083836577973611,363,2,-0.0003301962305792592,0.049752471724360266,6,6,0.1352695828046395
330,regenerated_shortfalls_and_labels,total,pooled,-0.16377116430786862,-0.15207139223649763,0.01169977207137099,-0.16416781512267428,-0.15302113869313924,0.0003966508148056658,0.0009497464566416147,0.000553095641835949,0.0011366840378451543,0.004507553332732887,0.003370869294887733,0.006380345985753297,0.020093346002530103,363,2,0.03247131675581775,0.2243306481740427,5,5,0.013713000016776805
330,regenerated_shortfalls_and_labels,total,family_month,-0.08757516874077126,-0.048850810061832464,0.038724358678938794,-0.08707653255014933,-0.04701531853352795,-0.0004986361906219317,-0.0018354915283045128,-0.0013368553376825812,0.0007879175334437423,0.0027112384208750964,0.0019233208874313542,0.004422677106597368,0.012085902853414989,363,2,0.03247131675581775,0.2243306481740427,6,6,0.007663225746817621
330,regenerated_shortfalls_and_labels,total,family_month_minus_pooled,0.07619599556709736,0.10322058217466516,0.027024586607567805,0.07709128257252496,0.1060058201596113,-0.0008952870054275974,-0.0027852379849461345,-0.001889950979518537,-0.00034876650440141205,-0.001796314911857791,-0.0014475484074563789,-0.001957668879155929,-0.008007443149115114,363,2,0.03247131675581775,0.2243306481740427,6,6,-0.006049774269959184
330,regenerated_shortfalls_and_labels,young_relative,pooled,-0.16302713404283437,-0.14806606375433695,0.014961070288497413,-0.16416781512267428,-0.15302113869313924,0.001140681079839917,0.00495507493880229,0.0038143938589623727,-0.007915802788313398,-0.015046643413271417,-0.007130840624958019,-0.20750767833248854,-0.3024300681307486,363,2,-0.0003301962305792592,0.049752471724360266,5,5,-0.09492238979826004
330,regenerated_shortfalls_and_labels,young_relative,family_month,-0.08095036094304571,-0.04442048548072842,0.03652987546231729,-0.08707653255014933,-0.04701531853352795,0.006126171607103617,0.0025948330527995334,-0.0035313385543040837,-0.013489387901370265,-0.015467724220509085,-0.00197833631913882,-0.35361562691686416,-0.3108935834626209,363,2,-0.0003301962305792592,0.049752471724360266,6,6,0.04272204345424324
330,regenerated_shortfalls_and_labels,young_relative,family_month_minus_pooled,0.08207677309978866,0.10364557827360854,0.021568805173819885,0.07709128257252496,0.1060058201596113,0.0049854905272637,-0.0023602418860027563,-0.007345732413266456,-0.005573585113056867,-0.0004210808072376681,0.0051525043058191985,-0.1461079485843756,-0.008463515331872338,363,2,-0.0003301962305792592,0.049752471724360266,6,6,0.13764443325250325
331,fixed_shortfalls_fixed_labels,total,pooled,-0.16377116430786862,-0.13994803749417367,0.023823126813694945,-0.16416781512267428,-0.1458031921506767,0.0003966508148056658,0.00585515465650302,0.005458503841697354,0.0011366840378451543,0.01582697920200409,0.014690295164158934,0.006380345985753297,0.08883876244936238,363,1,0.06170076814319721,0.17815398105106858,5,5,0.08245841646360909
331,fixed_shortfalls_fixed_labels,total,family_month,-0.08757516874077126,-0.06437015591709018,0.02320501282368108,-0.08707653255014933,-0.056426759244716074,-0.0004986361906219317,-0.007943396672374106,-0.0074447604817521745,0.0007879175334437423,0.013230876955070425,0.012442959421626681,0.004422677106597368,0.07426652425621484,363,1,0.06170076814319721,0.17815398105106858,7,7,0.06984384714961747
331,fixed_shortfalls_fixed_labels,total,family_month_minus_pooled,0.07619599556709736,0.07557788157708349,-0.000618113990013866,0.07709128257252496,0.08937643290596062,-0.0008952870054275974,-0.013798551328877126,-0.012903264323449529,-0.00034876650440141205,-0.002596102246933664,-0.002247335742532252,-0.001957668879155929,-0.014572238193147536,363,1,0.06170076814319721,0.17815398105106858,7,7,-0.012614569313991606
331,fixed_shortfalls_fixed_labels,young_relative,pooled,-0.16302713404283437,-0.1448883534934904,0.018138780549343952,-0.16416781512267428,-0.1458031921506767,0.001140681079839917,0.0009148386571862788,-0.00022584242265363819,-0.007915802788313398,-0.0064129093213249715,0.001502893466988427,-0.20750767833248854,-0.16811029281699102,363,1,-0.0004626710527536109,0.03814703557923262,5,5,0.03939738551549751
331,fixed_shortfalls_fixed_labels,young_relative,family_month,-0.08095036094304571,-0.05141425019309111,0.029536110749954603,-0.08707653255014933,-0.056426759244716074,0.006126171607103617,0.0050125090516249665,-0.0011136625554786506,-0.013489387901370265,-0.011310737930907446,0.002178649970462819,-0.35361562691686416,-0.29650371933658326,363,1,-0.0004626710527536109,0.03814703557923262,7,7,0.057111907580280896
331,fixed_shortfalls_fixed_labels,young_relative,family_month_minus_pooled,0.08207677309978866,0.0934741033003993,0.01139733020061065,0.07709128257252496,0.08937643290596062,0.0049854905272637,0.004097670394438688,-0.0008878201328250124,-0.005573585113056867,-0.004897828609582475,0.000675756503474392,-0.1461079485843756,-0.12839342651959224,363,1,-0.0004626710527536109,0.03814703557923262,7,7,0.017714522064783356
331,regenerated_shortfalls_fixed_labels,total,pooled,-0.16377116430786862,-0.14258018880625753,0.021190975501611087,-0.16416781512267428,-0.1458031921506767,0.0003966508148056658,0.003223003344419162,0.002826352529613496,0.0011366840378451543,0.016623954475717635,0.01548727043787248,0.006380345985753297,0.07665690886929828,363,1,0.0528531244342838,0.21686179003202233,5,5,0.07027656288354499
331,regenerated_shortfalls_fixed_labels,total,family_month,-0.08757516874077126,-0.0648703976399942,0.022704771100777052,-0.08707653255014933,-0.056426759244716074,-0.0004986361906219317,-0.008443638395278133,-0.007945002204656201,0.0007879175334437423,0.015674609194799398,0.014886691661355655,0.004422677106597368,0.07227925764370408,363,1,0.0528531244342838,0.21686179003202233,7,7,0.0678565805371067
331,regenerated_shortfalls_fixed_labels,total,family_month_minus_pooled,0.07619599556709736,0.07770979116626332,0.0015137955991659652,0.07709128257252496,0.08937643290596062,-0.0008952870054275974,-0.011666641739697295,-0.010771354734269697,-0.00034876650440141205,-0.0009493452809182373,-0.0006005787765168253,-0.001957668879155929,-0.004377651225594212,363,1,0.0528531244342838,0.21686179003202233,7,7,-0.0024199823464382832
331,regenerated_shortfalls_fixed_labels,young_relative,pooled,-0.16302713404283437,-0.14542221956208576,0.017604914480748607,-0.16416781512267428,-0.1458031921506767,0.001140681079839917,0.0003809725885909332,-0.0007597084912489838,-0.007915802788313398,-0.0016116922781313015,0.006304110510182097,-0.20750767833248854,-0.03097086158020509,363,1,-0.004515660651884432,0.052038987483687196,5,5,0.17653681675228344
331,regenerated_shortfalls_fixed_labels,young_relative,family_month,-0.08095036094304571,-0.05628690063739063,0.024663460305655083,-0.08707653255014933,-0.056426759244716074,0.006126171607103617,0.00013985860732544653,-0.0059863129997781706,-0.013489387901370265,-0.004603239679344789,0.008886148222025476,-0.35361562691686416,-0.0884575181403708,363,1,-0.004515660651884432,0.052038987483687196,7,7,0.2651581087764934
331,regenerated_shortfalls_fixed_labels,young_relative,family_month_minus_pooled,0.08207677309978866,0.08913531892469513,0.007058545824906476,0.07709128257252496,0.08937643290596062,0.0049854905272637,-0.00024111398126548667,-0.005226604508529187,-0.005573585113056867,-0.0029915474012134876,0.002582037711843379,-0.1461079485843756,-0.0574866565601657,363,1,-0.004515660651884432,0.052038987483687196,7,7,0.08862129202420989
331,regenerated_shortfalls_and_labels,total,pooled,-0.16377116430786862,-0.14260065427520152,0.021170510032667095,-0.16416781512267428,-0.14581154706967217,0.0003966508148056658,0.003210892794470649,0.002814241979664983,0.0011366840378451543,0.016571418105658865,0.01543473406781371,0.006380345985753297,0.07641465148476313,363,1,0.0528531244342838,0.21686179003202233,5,5,0.07003430549900984
331,regenerated_shortfalls_and_labels,total,family_month,-0.08757516874077126,-0.06311570896878026,0.024459459771991002,-0.08707653255014933,-0.054532647118739966,-0.0004986361906219317,-0.008583061850040291,-0.00808442565941836,0.0007879175334437423,0.015559122193433264,0.014771204659989521,0.004422677106597368,0.07174672030114557,363,1,0.0528531244342838,0.21686179003202233,7,7,0.0673240431945482
331,regenerated_shortfalls_and_labels,total,family_month_minus_pooled,0.07619599556709736,0.07948494530642126,0.003288949739323907,0.07709128257252496,0.0912788999509322,-0.0008952870054275974,-0.01179395464451094,-0.010898667639083343,-0.00034876650440141205,-0.0010122959122256005,-0.0006635294078241884,-0.001957668879155929,-0.004667931183617559,363,1,0.0528531244342838,0.21686179003202233,7,7,-0.0027102623044616297
331,regenerated_shortfalls_and_labels,young_relative,pooled,-0.16302713404283437,-0.14542519212863278,0.017601941914201585,-0.16416781512267428,-0.14581154706967217,0.001140681079839917,0.0003863549410393907,-0.0007543261388005262,-0.007915802788313398,-0.001634862856546938,0.00628093993176646,-0.20750767833248854,-0.031416115793171856,363,1,-0.004515660651884432,0.052038987483687196,5,5,0.17609156253931668
331,regenerated_shortfalls_and_labels,young_relative,family_month,-0.08095036094304571,-0.05439123117139318,0.026559129771652527,-0.08707653255014933,-0.054532647118739966,0.006126171607103617,0.00014141594734678326,-0.005984755659756834,-0.013489387901370265,-0.004579590132161843,0.008909797769208423,-0.35361562691686416,-0.08800305989038353,363,1,-0.004515660651884432,0.052038987483687196,7,7,0.2656125670264806
331,regenerated_shortfalls_and_labels,young_relative,family_month_minus_pooled,0.08207677309978866,0.09103396095723959,0.008957187857450935,0.07709128257252496,0.0912788999509322,0.0049854905272637,-0.0002449389936926144,-0.0052304295209563145,-0.005573585113056867,-0.002944727275614905,0.0026288578374419618,-0.1461079485843756,-0.05658694409721166,363,1,-0.004515660651884432,0.052038987483687196,7,7,0.08952100448716394
332,fixed_shortfalls_fixed_labels,total,pooled,-0.16377116430786862,-0.17075574026731502,-0.006984575959446404,-0.16416781512267428,-0.17083568756679812,0.0003966508148056658,7.994729948310186e-05,-0.0003167035153225639,0.0011366840378451543,0.00021805329419589422,-0.0009186307436492602,0.006380345985753297,0.0012239597055840605,363,3,0.06170076814319721,0.17815398105106858,5,5,-0.005156386280169236
332,fixed_shortfalls_fixed_labels,total,family_month,-0.08757516874077126,-0.07901485154169945,0.008560317199071812,-0.08707653255014933,-0.07834543670204167,-0.0004986361906219317,-0.0006694148396577809,-0.00017077864903584927,0.0007879175334437423,0.0011125693848860376,0.0003246518514422954,0.004422677106597368,0.006244987500824441,363,3,0.06170076814319721,0.17815398105106858,7,7,0.0018223103942270735
332,fixed_shortfalls_fixed_labels,total,family_month_minus_pooled,0.07619599556709736,0.09174088872561557,0.015544893158518217,0.07709128257252496,0.09249025086475646,-0.0008952870054275974,-0.0007493621391408828,0.00014592486628671464,-0.00034876650440141205,0.0008945160906901435,0.0012432825950915555,-0.001957668879155929,0.0050210277952403804,363,3,0.06170076814319721,0.17815398105106858,7,7,0.006978696674396309
332,fixed_shortfalls_fixed_labels,young_relative,pooled,-0.16302713404283437,-0.1681980600004381,-0.005170925957603739,-0.16416781512267428,-0.17083568756679812,0.001140681079839917,0.002637627566360018,0.001496946486520101,-0.007915802788313398,-0.019385241800010593,-0.011469439011697195,-0.20750767833248854,-0.5081716444190485,363,3,-0.0004626710527536109,0.03814703557923262,5,5,-0.30066396608656
332,fixed_shortfalls_fixed_labels,young_relative,family_month,-0.08095036094304571,-0.06769655019888673,0.013253810744158975,-0.08707653255014933,-0.07834543670204167,0.006126171607103617,0.01064888650315493,0.004522714896051314,-0.013489387901370265,-0.024817922066103983,-0.011328534164733717,-0.35361562691686416,-0.6505858630759488,363,3,-0.0004626710527536109,0.03814703557923262,7,7,-0.29697023615908463
332,fixed_shortfalls_fixed_labels,young_relative,family_month_minus_pooled,0.08207677309978866,0.10050150980155137,0.018424736701762714,0.07709128257252496,0.09249025086475646,0.0049854905272637,0.008011258936794913,0.0030257684095312126,-0.005573585113056867,-0.005432680266093389,0.0001409048469634775,-0.1461079485843756,-0.14241421865690027,363,3,-0.0004626710527536109,0.03814703557923262,7,7,0.0036937299274753255
332,regenerated_shortfalls_fixed_labels,total,pooled,-0.16377116430786862,-0.1716683522976174,-0.007897187989748783,-0.16416781512267428,-0.17083568756679812,0.0003966508148056658,-0.0008326647308192769,-0.0012293155456249427,0.0011366840378451543,-0.0044697618178942645,-0.005606445855739418,0.006380345985753297,-0.021483768029600437,363,3,0.05867322681016703,0.2080529733767282,5,5,-0.027864114015353734
332,regenerated_shortfalls_fixed_labels,total,family_month,-0.08757516874077126,-0.07588269096596806,0.0116924777748032,-0.08707653255014933,-0.07834543670204167,-0.0004986361906219317,0.002462745736073607,0.002961381926695539,0.0007879175334437423,-0.004309794737488558,-0.0050977122709323,0.004422677106597368,-0.02071489134493009,363,3,0.05867322681016703,0.2080529733767282,7,7,-0.02513756845152746
332,regenerated_shortfalls_fixed_labels,total,family_month_minus_pooled,0.07619599556709736,0.09578566133164934,0.019589665764551983,0.07709128257252496,0.09249025086475646,-0.0008952870054275974,0.003295410466892884,0.0041906974723204815,-0.00034876650440141205,0.00015996708040570684,0.0005087335848071189,-0.001957668879155929,0.0007688766846703474,363,3,0.05867322681016703,0.2080529733767282,7,7,0.0027265455638262764
332,regenerated_shortfalls_fixed_labels,young_relative,pooled,-0.16302713404283437,-0.17209035463929323,-0.009063220596458865,-0.16416781512267428,-0.17083568756679812,0.001140681079839917,-0.0012546670724951081,-0.002395348152335025,-0.007915802788313398,-0.008180435974215656,-0.00026463318590225736,-0.20750767833248854,-0.15795647971541366,363,3,0.0012000156285431741,0.05178917629054628,5,5,0.04955119861707488
332,regenerated_shortfalls_fixed_labels,young_relative,family_month,-0.08095036094304571,-0.08241034763861217,-0.001459986695566462,-0.08707653255014933,-0.07834543670204167,0.006126171607103617,-0.004064910936570507,-0.010191082543674124,-0.013489387901370265,-0.014448942814295419,-0.0009595549129251535,-0.35361562691686416,-0.27899541659504945,363,3,0.0012000156285431741,0.05178917629054628,7,7,0.0746202103218147
332,regenerated_shortfalls_fixed_labels,young_relative,family_month_minus_pooled,0.08207677309978866,0.08968000700068106,0.007603233900892403,0.07709128257252496,0.09249025086475646,0.0049854905272637,-0.0028102438640753985,-0.007795734391339099,-0.005573585113056867,-0.006268506840079763,-0.0006949217270228961,-0.1461079485843756,-0.12103893687963581,363,3,0.0012000156285431741,0.05178917629054628,7,7,0.025069011704739783
332,regenerated_shortfalls_and_labels,total,pooled,-0.16377116430786862,-0.17044492130519925,-0.006673756997330638,-0.16416781512267428,-0.1696183924205766,0.0003966508148056658,-0.000826528884622646,-0.0012231796994283117,0.0011366840378451543,-0.004446688986756615,-0.005583373024601769,0.006380345985753297,-0.021372869200503335,363,3,0.05867322681016703,0.2080529733767282,5,5,-0.027753215186256633
332,regenerated_shortfalls_and_labels,total,family_month,-0.08757516874077126,-0.07239006647122481,0.015185102269546447,-0.08707653255014933,-0.07487338422380674,-0.0004986361906219317,0.002483317752581926,0.0029819539432038578,0.0007879175334437423,-0.004347843662086665,-0.005135761195530407,0.004422677106597368,-0.020897772290972668,363,3,0.05867322681016703,0.2080529733767282,7,7,-0.025320449397570034
332,regenerated_shortfalls_and_labels,total,family_month_minus_pooled,0.07619599556709736,0.09805485483397444,0.021858859266877084,0.07709128257252496,0.09474500819676987,-0.0008952870054275974,0.003309846637204572,0.0042051336426321695,-0.00034876650440141205,9.884532466994996e-05,0.000447611829071362,-0.001957668879155929,0.0004750969095306682,363,3,0.05867322681016703,0.2080529733767282,7,7,0.0024327657886865973
332,regenerated_shortfalls_and_labels,young_relative,pooled,-0.16302713404283437,-0.1708577141401833,-0.007830580097348938,-0.16416781512267428,-0.1696183924205766,0.001140681079839917,-0.0012393217196066952,-0.002380002799446612,-0.007915802788313398,-0.008119038497002865,-0.000203235708689466,-0.20750767833248854,-0.1567709525143564,363,3,0.0012000156285431741,0.05178917629054628,5,5,0.05073672581813213
332,regenerated_shortfalls_and_labels,young_relative,family_month,-0.08095036094304571,-0.07888464697312764,0.002065713969918073,-0.08707653255014933,-0.07487338422380674,0.006126171607103617,-0.0040112627493208985,-0.010137434356424516,-0.013489387901370265,-0.014380836224867292,-0.0008914483234970273,-0.35361562691686416,-0.2776803427841428,363,3,0.0012000156285431741,0.05178917629054628,7,7,0.07593528413272138
332,regenerated_shortfalls_and_labels,young_relative,family_month_minus_pooled,0.08207677309978866,0.09197306716705567,0.009896294067267011,0.07709128257252496,0.09474500819676987,0.0049854905272637,-0.0027719410297142033,-0.007757431556977903,-0.005573585113056867,-0.006261797727864428,-0.0006882126148075613,-0.1461079485843756,-0.12090939026978638,363,3,0.0012000156285431741,0.05178917629054628,7,7,0.02519855831458921
333,fixed_shortfalls_fixed_labels,total,pooled,-0.16377116430786862,-0.1353449367049038,0.028426227602964815,-0.16416781512267428,-0.13203745494626354,0.0003966508148056658,-0.0033074817586402627,-0.0037041325734459285,0.0011366840378451543,-0.009329482153402291,-0.010466166191247446,0.006380345985753297,-0.05236751993057037,363,3,0.06170076814319721,0.17815398105106858,5,5,-0.058747865916323666
333,fixed_shortfalls_fixed_labels,total,family_month,-0.08757516874077126,-0.027092377993145858,0.0604827907476254,-0.08707653255014933,-0.03549545661589335,-0.0004986361906219317,0.008403078622747494,0.008901714813369425,0.0007879175334437423,-0.012800431613873656,-0.013588349147317397,0.004422677106597368,-0.0718503821152577,363,3,0.06170076814319721,0.17815398105106858,6,6,-0.07627305922185507
333,fixed_shortfalls_fixed_labels,total,family_month_minus_pooled,0.07619599556709736,0.10825255871175794,0.032056563144660585,0.07709128257252496,0.0965419983303702,-0.0008952870054275974,0.01171056038138775,0.012605847386815347,-0.00034876650440141205,-0.003470949460471365,-0.003122182956069953,-0.001957668879155929,-0.019482862184687318,363,3,0.06170076814319721,0.17815398105106858,6,6,-0.01752519330553139
333,fixed_shortfalls_fixed_labels,young_relative,pooled,-0.16302713404283437,-0.13260560398728655,0.03042153005554782,-0.16416781512267428,-0.13203745494626354,0.001140681079839917,-0.0005681490410230083,-0.0017088301208629253,-0.007915802788313398,0.004183136811018194,0.012098939599331593,-0.20750767833248854,0.10965824073877731,363,3,-0.0004626710527536109,0.03814703557923262,5,5,0.31716591907126584
333,fixed_shortfalls_fixed_labels,young_relative,family_month,-0.08095036094304571,-0.035909048942821,0.04504131200022471,-0.08707653255014933,-0.03549545661589335,0.006126171607103617,-0.00041359232692764897,-0.006539763934031266,-0.013489387901370265,0.001022821629052856,0.01451220953042312,-0.35361562691686416,0.026812611085556635,363,3,-0.0004626710527536109,0.03814703557923262,6,6,0.3804282380024208
333,fixed_shortfalls_fixed_labels,young_relative,family_month_minus_pooled,0.08207677309978866,0.09669655504446555,0.01461978194467689,0.07709128257252496,0.0965419983303702,0.0049854905272637,0.00015455671409535243,-0.004830933813168348,-0.005573585113056867,-0.003160315181965338,0.0024132699310915285,-0.1461079485843756,-0.08284562965322068,363,3,-0.0004626710527536109,0.03814703557923262,6,6,0.06326231893115492
333,regenerated_shortfalls_fixed_labels,total,pooled,-0.16377116430786862,-0.13570210335573227,0.02806906095213635,-0.16416781512267428,-0.13203745494626354,0.0003966508148056658,-0.0036646484094687293,-0.004061299224274395,0.0011366840378451543,-0.01710797109981804,-0.018244655137663192,0.006380345985753297,-0.0782719956645607,363,3,0.06719851096154165,0.2185707794283829,5,5,-0.08465234165031399
333,regenerated_shortfalls_fixed_labels,total,family_month,-0.08757516874077126,-0.01798442667194409,0.06959074206882718,-0.08707653255014933,-0.03549545661589335,-0.0004986361906219317,0.017511029943949263,0.018009666134571195,0.0007879175334437423,-0.02089269736737341,-0.021680614900817154,0.004422677106597368,-0.09558778818473826,363,3,0.06719851096154165,0.2185707794283829,6,6,-0.10001046529133563
333,regenerated_shortfalls_fixed_labels,total,family_month_minus_pooled,0.07619599556709736,0.11771767668378819,0.04152168111669083,0.07709128257252496,0.0965419983303702,-0.0008952870054275974,0.021175678353417993,0.02207096535884559,-0.00034876650440141205,-0.0037847262675553724,-0.0034359597631539603,-0.001957668879155929,-0.01731579252017756,363,3,0.06719851096154165,0.2185707794283829,6,6,-0.015358123641021631
333,regenerated_shortfalls_fixed_labels,young_relative,pooled,-0.16302713404283437,-0.13209622867461657,0.030930905368217798,-0.16416781512267428,-0.13203745494626354,0.001140681079839917,-5.877372835302874e-05,-0.0011994548081929457,-0.007915802788313398,0.0005205473882225865,0.008436350176535984,-0.20750767833248854,0.010013791065385934,363,3,-0.0004139505205169351,0.051983048659955684,5,5,0.21752146939787448
333,regenerated_shortfalls_fixed_labels,young_relative,family_month,-0.08095036094304571,-0.033439043036760034,0.047511317906285676,-0.08707653255014933,-0.03549545661589335,0.006126171607103617,0.0020564135791333177,-0.004069758027970299,-0.013489387901370265,-0.005435636782489116,0.00805375111888115,-0.35361562691686416,-0.1045655636329843,363,3,-0.0004139505205169351,0.051983048659955684,6,6,0.24905006328387985
333,regenerated_shortfalls_fixed_labels,young_relative,family_month_minus_pooled,0.08207677309978866,0.09865718563785653,0.01658041253806787,0.07709128257252496,0.0965419983303702,0.0049854905272637,0.0021151873074863325,-0.0028703032197773676,-0.005573585113056867,-0.005956184170711702,-0.0003825990576548357,-0.1461079485843756,-0.11457935469837024,363,3,-0.0004139505205169351,0.051983048659955684,6,6,0.031528593886005346
333,regenerated_shortfalls_and_labels,total,pooled,-0.16377116430786862,-0.13596741944966048,0.027803744858208135,-0.16416781512267428,-0.1322480310422564,0.0003966508148056658,-0.003719388407404073,-0.004116039222209739,0.0011366840378451543,-0.017160100761671987,-0.01829678479951714,0.006380345985753297,-0.07851049809379794,363,3,0.06719851096154165,0.2185707794283829,5,5,-0.08489084407955123
333,regenerated_shortfalls_and_labels,total,family_month,-0.08757516874077126,-0.019536749058627206,0.06803841968214405,-0.08707653255014933,-0.036970606500117485,-0.0004986361906219317,0.01743385744149028,0.01793249363211221,0.0007879175334437423,-0.020938353676100366,-0.02172627120954411,0.004422677106597368,-0.09579667387772228,363,3,0.06719851096154165,0.2185707794283829,6,6,-0.10021935098431965
333,regenerated_shortfalls_and_labels,total,family_month_minus_pooled,0.07619599556709736,0.11643067039103328,0.04023467482393592,0.07709128257252496,0.09527742454213892,-0.0008952870054275974,0.02115324584889436,0.022048532854321956,-0.00034876650440141205,-0.0037782529144283795,-0.0034294864100269675,-0.001957668879155929,-0.017286175783924333,363,3,0.06719851096154165,0.2185707794283829,6,6,-0.015328506904768403
333,regenerated_shortfalls_and_labels,young_relative,pooled,-0.16302713404283437,-0.13230008206409624,0.030727051978738124,-0.16416781512267428,-0.1322480310422564,0.001140681079839917,-5.20510218398329e-05,-0.0011927321016797499,-0.007915802788313398,0.00047490435380223583,0.008390707142115634,-0.20750767833248854,0.009135754174573275,363,3,-0.0004139505205169351,0.051983048659955684,5,5,0.2166434325070618
333,regenerated_shortfalls_and_labels,young_relative,family_month,-0.08095036094304571,-0.034928466635298604,0.046021894307747106,-0.08707653255014933,-0.036970606500117485,0.006126171607103617,0.0020421398648188815,-0.0040840317422847355,-0.013489387901370265,-0.0054857939539357005,0.008003593947434565,-0.35361562691686416,-0.10553043915951768,363,3,-0.0004139505205169351,0.051983048659955684,6,6,0.24808518775734648
333,regenerated_shortfalls_and_labels,young_relative,family_month_minus_pooled,0.08207677309978866,0.09737161542879763,0.015294842329008976,0.07709128257252496,0.09527742454213892,0.0049854905272637,0.0020941908866587144,-0.0028912996406049857,-0.005573585113056867,-0.005960698307737936,-0.00038711319468106957,-0.1461079485843756,-0.11466619333409095,363,3,-0.0004139505205169351,0.051983048659955684,6,6,0.03144175525028464
334,fixed_shortfalls_fixed_labels,total,pooled,-0.16377116430786862,-0.13948999229469458,0.024281172013174035,-0.16416781512267428,-0.13294302785678966,0.0003966508148056658,-0.006546964437904923,-0.006943615252710589,0.0011366840378451543,-0.01787465654776943,-0.019011340585614583,0.006380345985753297,-0.1003326248580748,363,1,0.06170076814319721,0.17815398105106858,5,5,-0.1067129708438281
334,fixed_shortfalls_fixed_labels,total,family_month,-0.08757516874077126,-0.11387439733845053,-0.026299228597679275,-0.08707653255014933,-0.12472900708596169,-0.0004986361906219317,0.010854609747511151,0.011353245938133083,0.0007879175334437423,-0.018134243902062964,-0.018922161435506707,0.004422677106597368,-0.101789720303049,363,1,0.06170076814319721,0.17815398105106858,7,7,-0.10621239740964637
334,fixed_shortfalls_fixed_labels,total,family_month_minus_pooled,0.07619599556709736,0.025615594956244048,-0.05058040061085331,0.07709128257252496,0.008214020770827973,-0.0008952870054275974,0.017401574185416074,0.018296861190843672,-0.00034876650440141205,-0.0002595873542935341,8.917915010787794e-05,-0.001957668879155929,-0.001457095444974212,363,1,0.06170076814319721,0.17815398105106858,7,7,0.0005005734341817171
334,fixed_shortfalls_fixed_labels,young_relative,pooled,-0.16302713404283437,-0.13116704604998758,0.031860087992846786,-0.16416781512267428,-0.13294302785678966,0.001140681079839917,0.0017759818068020794,0.0006353007269621624,-0.007915802788313398,-0.01454663723841815,-0.006630834450104751,-0.20750767833248854,-0.38133073822222213,363,1,-0.0004626710527536109,0.03814703557923262,5,5,-0.1738230598897336
334,fixed_shortfalls_fixed_labels,young_relative,family_month,-0.08095036094304571,-0.11636100542785272,-0.035410644484807005,-0.08707653255014933,-0.12472900708596169,0.006126171607103617,0.00836800165810897,0.002241830051005353,-0.013489387901370265,-0.01886655715136635,-0.005377169249996084,-0.35361562691686416,-0.4945746599936947,363,1,-0.0004626710527536109,0.03814703557923262,7,7,-0.14095903307683055
334,fixed_shortfalls_fixed_labels,young_relative,family_month_minus_pooled,0.08207677309978866,0.014806040622134864,-0.06727073247765379,0.07709128257252496,0.008214020770827973,0.0049854905272637,0.006592019851306891,0.0016065293240431905,-0.005573585113056867,-0.0043199199129482,0.0012536652001086668,-0.1461079485843756,-0.11324392177147256,363,1,-0.0004626710527536109,0.03814703557923262,7,7,0.03286402681290303
334,regenerated_shortfalls_fixed_labels,total,pooled,-0.16377116430786862,-0.1337359360623585,0.03003522824551011,-0.16416781512267428,-0.13294302785678966,0.0003966508148056658,-0.0007929082055688486,-0.0011895590203745143,0.0011366840378451543,-0.006345428572329913,-0.0074821126101750676,0.006380345985753297,-0.029665907958783325,363,1,0.06019553732925046,0.21389632102769307,5,5,-0.03604625394453662
334,regenerated_shortfalls_fixed_labels,total,family_month,-0.08757516874077126,-0.12297660247067191,-0.03540143372990065,-0.08707653255014933,-0.12472900708596169,-0.0004986361906219317,0.0017524046152897765,0.002251040805911708,0.0007879175334437423,-0.002631815665632043,-0.0034197331990757853,0.004422677106597368,-0.012304165181463326,363,1,0.06019553732925046,0.21389632102769307,7,7,-0.016726842288060692
334,regenerated_shortfalls_fixed_labels,total,family_month_minus_pooled,0.07619599556709736,0.010759333591686598,-0.06543666197541076,0.07709128257252496,0.008214020770827973,-0.0008952870054275974,0.002545312820858625,0.0034405998262862225,-0.00034876650440141205,0.00371361290669787,0.004062379411099282,-0.001957668879155929,0.01736174277732,363,1,0.06019553732925046,0.21389632102769307,7,7,0.019319411656475927
334,regenerated_shortfalls_fixed_labels,young_relative,pooled,-0.16302713404283437,-0.1269529493658617,0.036074184676972654,-0.16416781512267428,-0.13294302785678966,0.001140681079839917,0.005990078490927947,0.00484939741108803,-0.007915802788313398,-0.01990495960880545,-0.011989156820492052,-0.20750767833248854,-0.39191471115354876,363,1,0.0050826107496904135,0.05078900853253978,5,5,-0.18440703282106022
334,regenerated_shortfalls_fixed_labels,young_relative,family_month,-0.08095036094304571,-0.11328125743248205,-0.03233089648943634,-0.08707653255014933,-0.12472900708596169,0.006126171607103617,0.011447749653479639,0.0053215780463760215,-0.013489387901370265,-0.024287306162560494,-0.01079791826119023,-0.35361562691686416,-0.47820004493688767,363,1,0.0050826107496904135,0.05078900853253978,7,7,-0.12458441802002351
334,regenerated_shortfalls_fixed_labels,young_relative,family_month_minus_pooled,0.08207677309978866,0.013671691933379665,-0.06840508116640899,0.07709128257252496,0.008214020770827973,0.0049854905272637,0.005457671162551692,0.0004721806352879915,-0.005573585113056867,-0.004382346553755044,0.0011912385593018226,-0.1461079485843756,-0.08628533378333894,363,1,0.0050826107496904135,0.05078900853253978,7,7,0.05982261480103665
334,regenerated_shortfalls_and_labels,total,pooled,-0.16377116430786862,-0.13376843859932916,0.030002725708539457,-0.16416781512267428,-0.13296675123566082,0.0003966508148056658,-0.0008016873636683408,-0.0011983381784740066,0.0011366840378451543,-0.006424229025209852,-0.007560913063055006,0.006380345985753297,-0.03003431285935072,363,1,0.06019553732925046,0.21389632102769307,5,5,-0.03641465884510402
334,regenerated_shortfalls_and_labels,total,family_month,-0.08757516874077126,-0.12251119257821942,-0.03493602383744816,-0.08707653255014933,-0.12437789651715626,-0.0004986361906219317,0.0018667039389368423,0.002365340129558774,0.0007879175334437423,-0.002745444936339198,-0.0035333624697829404,0.004422677106597368,-0.012835400455455923,363,1,0.06019553732925046,0.21389632102769307,7,7,-0.01725807756205329
334,regenerated_shortfalls_and_labels,total,family_month_minus_pooled,0.07619599556709736,0.011257246021109737,-0.06493874954598762,0.07709128257252496,0.008588854718504554,-0.0008952870054275974,0.002668391302605183,0.0035636783080327805,-0.00034876650440141205,0.0036787840888706535,0.0040275505932720656,-0.001957668879155929,0.017198912403894796,363,1,0.06019553732925046,0.21389632102769307,7,7,0.019156581283050724
334,regenerated_shortfalls_and_labels,young_relative,pooled,-0.16302713404283437,-0.12700395940518644,0.036023174637647926,-0.16416781512267428,-0.13296675123566082,0.001140681079839917,0.005962791830474379,0.004822110750634462,-0.007915802788313398,-0.019822969548867725,-0.011907166760554326,-0.20750767833248854,-0.39030038430790465,363,1,0.0050826107496904135,0.05078900853253978,5,5,-0.1827927059754161
334,regenerated_shortfalls_and_labels,young_relative,family_month,-0.08095036094304571,-0.11311191481998822,-0.032161553876942514,-0.08707653255014933,-0.12437789651715626,0.006126171607103617,0.01126598169716804,0.005139810090064423,-0.013489387901370265,-0.024240888144317775,-0.01075150024294751,-0.35361562691686416,-0.4772861066737893,363,1,0.0050826107496904135,0.05078900853253978,7,7,-0.12367047975692513
334,regenerated_shortfalls_and_labels,young_relative,family_month_minus_pooled,0.08207677309978866,0.013892044585198216,-0.06818472851459044,0.07709128257252496,0.008588854718504554,0.0049854905272637,0.005303189866693661,0.000317699339429961,-0.005573585113056867,-0.00441791859545005,0.0011556665176068164,-0.1461079485843756,-0.08698572236588462,363,1,0.0050826107496904135,0.05078900853253978,7,7,0.059122226218490975
335,fixed_shortfalls_fixed_labels,total,pooled,-0.16377116430786862,-0.1439970094006956,0.01977415490717302,-0.16416781512267428,-0.14158187554618945,0.0003966508148056658,-0.0024151338545061463,-0.002811784669311812,0.0011366840378451543,-0.006639261943307925,-0.00777594598115308,0.006380345985753297,-0.037266986143883886,363,1,0.06170076814319721,0.17815398105106858,5,5,-0.04364733212963718
335,fixed_shortfalls_fixed_labels,total,family_month,-0.08757516874077126,-0.04190865659226089,0.04566651214851037,-0.08707653255014933,-0.0462547523982883,-0.0004986361906219317,0.004346095806027413,0.004844731996649344,0.0007879175334437423,-0.006953077756173485,-0.007740995289617227,0.004422677106597368,-0.039028472533433625,363,1,0.06170076814319721,0.17815398105106858,7,7,-0.043451149640030995
335,fixed_shortfalls_fixed_labels,total,family_month_minus_pooled,0.07619599556709736,0.1020883528084347,0.025892357241337344,0.07709128257252496,0.09532712314790115,-0.0008952870054275974,0.006761229660533552,0.0076565166659611494,-0.00034876650440141205,-0.00031381581286555986,3.495069153585219e-05,-0.001957668879155929,-0.0017614863895497415,363,1,0.06170076814319721,0.17815398105106858,7,7,0.00019618248960618766
335,fixed_shortfalls_fixed_labels,young_relative,pooled,-0.16302713404283437,-0.1402507240031312,0.022776410039703154,-0.16416781512267428,-0.14158187554618945,0.001140681079839917,0.00133115154305824,0.00019047046321832295,-0.007915802788313398,-0.00915089869028909,-0.0012350959019756923,-0.20750767833248854,-0.23988492293935604,363,1,-0.0004626710527536109,0.03814703557923262,5,5,-0.0323772446068675
335,fixed_shortfalls_fixed_labels,young_relative,family_month,-0.08095036094304571,-0.03791577967546709,0.04303458126757862,-0.08707653255014933,-0.0462547523982883,0.006126171607103617,0.008338972722821213,0.0022128011157175956,-0.013489387901370265,-0.01899638444453964,-0.005506996543169374,-0.35361562691686416,-0.497977998974089,363,1,-0.0004626710527536109,0.03814703557923262,7,7,-0.14436237205722485
335,fixed_shortfalls_fixed_labels,young_relative,family_month_minus_pooled,0.08207677309978866,0.10233494432766413,0.020258171227875474,0.07709128257252496,0.09532712314790115,0.0049854905272637,0.00700782117976298,0.0020223306524992796,-0.005573585113056867,-0.009845485754250548,-0.004271900641193682,-0.1461079485843756,-0.25809307603473297,363,1,-0.0004626710527536109,0.03814703557923262,7,7,-0.11198512745035738
335,regenerated_shortfalls_fixed_labels,total,pooled,-0.16377116430786862,-0.14694122563994375,0.01682993866792487,-0.16416781512267428,-0.14158187554618945,0.0003966508148056658,-0.005359350093754295,-0.005756000908559961,0.0011366840378451543,-0.014309410347947938,-0.015446094385793092,0.006380345985753297,-0.06475702829770588,363,1,0.06364607178707725,0.22097076910576624,5,5,-0.07113737428345918
335,regenerated_shortfalls_fixed_labels,total,family_month,-0.08757516874077126,-0.037625440610595445,0.04994972813017581,-0.08707653255014933,-0.0462547523982883,-0.0004986361906219317,0.008629311787692856,0.009127947978314788,0.0007879175334437423,-0.017786631677790245,-0.018574549211233988,0.004422677106597368,-0.08049314282504393,363,1,0.06364607178707725,0.22097076910576624,7,7,-0.0849158199316413
335,regenerated_shortfalls_fixed_labels,total,family_month_minus_pooled,0.07619599556709736,0.1093157850293483,0.03311978946225094,0.07709128257252496,0.09532712314790115,-0.0008952870054275974,0.01398866188144715,0.014883948886874748,-0.00034876650440141205,-0.003477221329842307,-0.003128454825440895,-0.001957668879155929,-0.015736114527338037,363,1,0.06364607178707725,0.22097076910576624,7,7,-0.013778445648182107
335,regenerated_shortfalls_fixed_labels,young_relative,pooled,-0.16302713404283437,-0.14158933978793384,0.021437794254900527,-0.16416781512267428,-0.14158187554618945,0.001140681079839917,-7.46424174438709e-06,-0.001148145321584304,-0.007915802788313398,0.00016321771850168505,0.008079020506815084,-0.20750767833248854,0.0033962524326600794,363,1,-0.0001671577353922317,0.048058182287070594,5,5,0.21090393076514863
335,regenerated_shortfalls_fixed_labels,young_relative,family_month,-0.08095036094304571,-0.03970923626315175,0.04124112467989396,-0.08707653255014933,-0.0462547523982883,0.006126171607103617,0.006545516135136549,0.00041934452803293193,-0.013489387901370265,-0.012925817869017265,0.0005635700323529998,-0.35361562691686416,-0.26896185527380595,363,1,-0.0001671577353922317,0.048058182287070594,7,7,0.0846537716430582
335,regenerated_shortfalls_fixed_labels,young_relative,family_month_minus_pooled,0.08207677309978866,0.10188010352478208,0.019803330424993423,0.07709128257252496,0.09532712314790115,0.0049854905272637,0.006552980376880929,0.001567489849617229,-0.005573585113056867,-0.01308903558751895,-0.007515450474462084,-0.1461079485843756,-0.272358107706466,363,1,-0.0001671577353922317,0.048058182287070594,7,7,-0.12625015912209042
335,regenerated_shortfalls_and_labels,total,pooled,-0.16377116430786862,-0.14692877654569594,0.016842387762172673,-0.16416781512267428,-0.1415764339925965,0.0003966508148056658,-0.005352342553099437,-0.005748993367905103,0.0011366840378451543,-0.014292333170872267,-0.015429017208717422,0.006380345985753297,-0.06467974578135868,363,1,0.06364607178707725,0.22097076910576624,5,5,-0.07106009176711198
335,regenerated_shortfalls_and_labels,total,family_month,-0.08757516874077126,-0.03671386583917985,0.05086130290159141,-0.08707653255014933,-0.045405961453821815,-0.0004986361906219317,0.008692095614641966,0.009190731805263898,0.0007879175334437423,-0.017835526653590835,-0.018623444187034578,0.004422677106597368,-0.08071441632650504,363,1,0.06364607178707725,0.22097076910576624,7,7,-0.08513709343310241
335,regenerated_shortfalls_and_labels,total,family_month_minus_pooled,0.07619599556709736,0.1102149107065161,0.03401891513941874,0.07709128257252496,0.0961704725387747,-0.0008952870054275974,0.014044438167741397,0.014939725173168994,-0.00034876650440141205,-0.0035431934827185683,-0.0031944269783171562,-0.001957668879155929,-0.016034670545146366,363,1,0.06364607178707725,0.22097076910576624,7,7,-0.014077001665990437
335,regenerated_shortfalls_and_labels,young_relative,pooled,-0.16302713404283437,-0.1415825478488432,0.021444586193991172,-0.16416781512267428,-0.1415764339925965,0.001140681079839917,-6.1138562466867e-06,-0.0011467949360866037,-0.007915802788313398,0.00013344285604453672,0.008049245644357935,-0.20750767833248854,0.0027766937843680724,363,1,-0.0001671577353922317,0.048058182287070594,5,5,0.2102843721168566
335,regenerated_shortfalls_and_labels,young_relative,family_month,-0.08095036094304571,-0.038807370864981365,0.042142990078064345,-0.08707653255014933,-0.045405961453821815,0.006126171607103617,0.00659859058884045,0.00047241898173683294,-0.013489387901370265,-0.012971046097638602,0.0005183418037316631,-0.35361562691686416,-0.2699029692833032,363,1,-0.0001671577353922317,0.048058182287070594,7,7,0.08371265763356095
335,regenerated_shortfalls_and_labels,young_relative,family_month_minus_pooled,0.08207677309978866,0.10277517698386182,0.020698403884073166,0.07709128257252496,0.0961704725387747,0.0049854905272637,0.006604704445087123,0.0016192139178234227,-0.005573585113056867,-0.013104488953683139,-0.007530903840626272,-0.1461079485843756,-0.2726796630676713,363,1,-0.0001671577353922317,0.048058182287070594,7,7,-0.12657171448329568
336,fixed_shortfalls_fixed_labels,total,pooled,-0.16377116430786862,-0.23302887961962634,-0.06925771531175773,-0.16416781512267428,-0.23663087800196914,0.0003966508148056658,0.0036019983823427915,0.0032053475675371257,0.0011366840378451543,0.009652241044646254,0.0085155570068011,0.006380345985753297,0.05417920490858635,363,1,0.06170076814319721,0.17815398105106858,5,5,0.04779885892283305
336,fixed_shortfalls_fixed_labels,total,family_month,-0.08757516874077126,-0.053067493469599034,0.034507675271172225,-0.08707653255014933,-0.04776423638089588,-0.0004986361906219317,-0.005303257088703155,-0.004804620898081223,0.0007879175334437423,0.008641423423835441,0.007853505890391698,0.004422677106597368,0.04850536245585408,363,1,0.06170076814319721,0.17815398105106858,7,7,0.04408268534925671
336,fixed_shortfalls_fixed_labels,total,family_month_minus_pooled,0.07619599556709736,0.17996138615002732,0.10376539058292997,0.07709128257252496,0.18886664162107325,-0.0008952870054275974,-0.008905255471045925,-0.008009968465618328,-0.00034876650440141205,-0.0010108176208108131,-0.0006620511164094011,-0.001957668879155929,-0.005673842452732269,363,1,0.06170076814319721,0.17815398105106858,7,7,-0.00371617357357634
336,fixed_shortfalls_fixed_labels,young_relative,pooled,-0.16302713404283437,-0.2351158634197276,-0.07208872937689323,-0.16416781512267428,-0.23663087800196914,0.001140681079839917,0.0015150145822415417,0.0003743335024016248,-0.007915802788313398,-0.010530343333991868,-0.0026145405456784697,-0.20750767833248854,-0.27604617695967504,363,1,-0.0004626710527536109,0.03814703557923262,5,5,-0.0685384986271865
336,fixed_shortfalls_fixed_labels,young_relative,family_month,-0.08095036094304571,-0.04033970481228931,0.0406106561307564,-0.08707653255014933,-0.04776423638089588,0.006126171607103617,0.00742453156860657,0.0012983599615029526,-0.013489387901370265,-0.016929004955846517,-0.0034396170544762524,-0.35361562691686416,-0.44378297549974566,363,1,-0.0004626710527536109,0.03814703557923262,7,7,-0.0901673485828815
336,fixed_shortfalls_fixed_labels,young_relative,family_month_minus_pooled,0.08207677309978866,0.1947761586074383,0.11269938550764964,0.07709128257252496,0.18886664162107325,0.0049854905272637,0.005909516986365049,0.0009240264591013486,-0.005573585113056867,-0.006398661621854649,-0.0008250765087977827,-0.1461079485843756,-0.16773679854007065,363,1,-0.0004626710527536109,0.03814703557923262,7,7,-0.021628849955695056
336,regenerated_shortfalls_fixed_labels,total,pooled,-0.16377116430786862,-0.2303941428123094,-0.0666229785044408,-0.16416781512267428,-0.23663087800196914,0.0003966508148056658,0.006236735189659726,0.00584008437485406,0.0011366840378451543,0.024820321438387055,0.023683637400541902,0.006380345985753297,0.11297765549913923,363,1,0.060880588349569435,0.2196923040111782,5,5,0.10659730951338593
336,regenerated_shortfalls_fixed_labels,total,family_month,-0.08757516874077126,-0.06746477494246568,0.02011039379830558,-0.08707653255014933,-0.04776423638089588,-0.0004986361906219317,-0.0197005385615698,-0.01920190237094787,0.0007879175334437423,0.023409596892673835,0.022621679359230092,0.004422677106597368,0.10655629016245707,363,1,0.060880588349569435,0.2196923040111782,7,7,0.1021336130558597
336,regenerated_shortfalls_fixed_labels,total,family_month_minus_pooled,0.07619599556709736,0.16292936786984374,0.08673337230274639,0.07709128257252496,0.18886664162107325,-0.0008952870054275974,-0.025937273751229506,-0.02504198674580191,-0.00034876650440141205,-0.0014107245457132198,-0.0010619580413118077,-0.001957668879155929,-0.006421365336682165,363,1,0.060880588349569435,0.2196923040111782,7,7,-0.004463696457526235
336,regenerated_shortfalls_fixed_labels,young_relative,pooled,-0.16302713404283437,-0.2355538108118664,-0.07252667676903204,-0.16416781512267428,-0.23663087800196914,0.001140681079839917,0.0010770671901027262,-6.361388973719073e-05,-0.007915802788313398,-0.005680355417857897,0.002235447370455501,-0.20750767833248854,-0.11109260170892708,363,1,0.0007157744219406626,0.05113171651826964,5,5,0.09641507662356145
336,regenerated_shortfalls_fixed_labels,young_relative,family_month,-0.08095036094304571,-0.04190798810883944,0.03904237283420627,-0.08707653255014933,-0.04776423638089588,0.006126171607103617,0.005856248272056441,-0.0002699233350471758,-0.013489387901370265,-0.011632584767445166,0.001856803133925099,-0.35361562691686416,-0.2275023323984983,363,1,0.0007157744219406626,0.05113171651826964,7,7,0.12611329451836586
336,regenerated_shortfalls_fixed_labels,young_relative,family_month_minus_pooled,0.08207677309978866,0.19364582270302697,0.11156904960323831,0.07709128257252496,0.18886664162107325,0.0049854905272637,0.004779181081953715,-0.00020630944530998507,-0.005573585113056867,-0.005952229349587269,-0.00037864423653040206,-0.1461079485843756,-0.11640973068957121,363,1,0.0007157744219406626,0.05113171651826964,7,7,0.029698217894804382
336,regenerated_shortfalls_and_labels,total,pooled,-0.16377116430786862,-0.23050412423318617,-0.06673295992531755,-0.16416781512267428,-0.2366778649361479,0.0003966508148056658,0.0061737407029617275,0.005777089888156062,0.0011366840378451543,0.02458164928241876,0.023444965244573606,0.006380345985753297,0.11189126261413333,363,1,0.060880588349569435,0.2196923040111782,5,5,0.10551091662838004
336,regenerated_shortfalls_and_labels,total,family_month,-0.08757516874077126,-0.0673538802638979,0.020221288476873364,-0.08707653255014933,-0.047643639340299845,-0.0004986361906219317,-0.01971024092359805,-0.019211604732976117,0.0007879175334437423,0.022885858395406324,0.02209794086196258,0.004422677106597368,0.10417232637444535,363,1,0.060880588349569435,0.2196923040111782,7,7,0.09974964926784798
336,regenerated_shortfalls_and_labels,total,family_month_minus_pooled,0.07619599556709736,0.1631502439692883,0.08695424840219093,0.07709128257252496,0.18903422559584804,-0.0008952870054275974,-0.02588398162655975,-0.02498869462113215,-0.00034876650440141205,-0.0016957908870124348,-0.0013470243826110228,-0.001957668879155929,-0.007718936239687991,363,1,0.060880588349569435,0.2196923040111782,7,7,-0.005761267360532061
336,regenerated_shortfalls_and_labels,young_relative,pooled,-0.16302713404283437,-0.2356518515711475,-0.07262471752831315,-0.16416781512267428,-0.2366778649361479,0.001140681079839917,0.0010260133650003833,-0.00011466771483953364,-0.007915802788313398,-0.005414997888760731,0.0025008048995526673,-0.20750767833248854,-0.10590291618365526,363,1,0.0007157744219406626,0.05113171651826964,5,5,0.10160476214883328
336,regenerated_shortfalls_and_labels,young_relative,family_month,-0.08095036094304571,-0.04217387483742906,0.03877648610561665,-0.08707653255014933,-0.047643639340299845,0.006126171607103617,0.005469764502870789,-0.0006564071042328284,-0.013489387901370265,-0.011232626352085103,0.002256761549285162,-0.35361562691686416,-0.21968021253641318,363,1,0.0007157744219406626,0.05113171651826964,7,7,0.13393541438045098
336,regenerated_shortfalls_and_labels,young_relative,family_month_minus_pooled,0.08207677309978866,0.19347797673371847,0.11140120363392982,0.07709128257252496,0.18903422559584804,0.0049854905272637,0.004443751137870433,-0.000541739389393267,-0.005573585113056867,-0.005817628463324372,-0.00024404335026750532,-0.1461079485843756,-0.1137772963527579,363,1,0.0007157744219406626,0.05113171651826964,7,7,0.032330652231617685
337,fixed_shortfalls_fixed_labels,total,pooled,-0.16377116430786862,-0.17959221457423646,-0.015821050266367848,-0.16416781512267428,-0.18269985331368355,0.0003966508148056658,0.003107638739447083,0.002710987924641417,0.0011366840378451543,0.008908188692259957,0.007771504654414802,0.006380345985753297,0.050002748407325166,363,0,0.06170076814319721,0.17815398105106858,5,5,0.04362240242157187
337,fixed_shortfalls_fixed_labels,total,family_month,-0.08757516874077126,-0.018186271321303942,0.06938889741946731,-0.08707653255014933,-0.015057566108593547,-0.0004986361906219317,-0.003128705212710395,-0.0026300690220884635,0.0007879175334437423,0.005105767508380938,0.0043178499749371956,0.004422677106597368,0.02865929505620954,363,0,0.06170076814319721,0.17815398105106858,6,6,0.02423661794961217
337,fixed_shortfalls_fixed_labels,total,family_month_minus_pooled,0.07619599556709736,0.16140594325293253,0.08520994768583517,0.07709128257252496,0.16764228720509,-0.0008952870054275974,-0.006236343952157469,-0.005341056946729872,-0.00034876650440141205,-0.003802421183879019,-0.003453654679477607,-0.001957668879155929,-0.021343453351115625,363,0,0.06170076814319721,0.17815398105106858,6,6,-0.019385784471959697
337,fixed_shortfalls_fixed_labels,young_relative,pooled,-0.16302713404283437,-0.18103679213294824,-0.018009658090113873,-0.16416781512267428,-0.18269985331368355,0.001140681079839917,0.001663061180735309,0.0005223801008953921,-0.007915802788313398,-0.012920312504264519,-0.00500450971595112,-0.20750767833248854,-0.33869768143395085,363,0,-0.0004626710527536109,0.03814703557923262,5,5,-0.1311900031014623
337,fixed_shortfalls_fixed_labels,young_relative,family_month,-0.08095036094304571,-0.0075751629793672755,0.07337519796367843,-0.08707653255014933,-0.015057566108593547,0.006126171607103617,0.0074824031292262715,0.0013562315221226544,-0.013489387901370265,-0.017456143240968103,-0.003966755339597838,-0.35361562691686416,-0.45760156656763357,363,0,-0.0004626710527536109,0.03814703557923262,6,6,-0.10398593965076941
337,fixed_shortfalls_fixed_labels,young_relative,family_month_minus_pooled,0.08207677309978866,0.17346162915358096,0.0913848560537923,0.07709128257252496,0.16764228720509,0.0049854905272637,0.005819341948490958,0.000833851421227258,-0.005573585113056867,-0.004535830736703585,0.001037754376353282,-0.1461079485843756,-0.11890388513368275,363,0,-0.0004626710527536109,0.03814703557923262,6,6,0.027204063450692845
337,regenerated_shortfalls_fixed_labels,total,pooled,-0.16377116430786862,-0.1816256054373064,-0.017854441129437792,-0.16416781512267428,-0.18269985331368355,0.0003966508148056658,0.001074247876377138,0.0006775970615714721,0.0011366840378451543,0.00499698783503129,0.003860303797186136,0.006380345985753297,0.022978551844294478,363,0,0.05385158949283212,0.21746313122304228,5,5,0.01659820585854118
337,regenerated_shortfalls_fixed_labels,total,family_month,-0.08757516874077126,-0.015498482919766764,0.07207668582100449,-0.08707653255014933,-0.015057566108593547,-0.0004986361906219317,-0.00044091681117321667,5.771937944871498e-05,0.0007879175334437423,0.0010087888482489735,0.00022087131480523123,0.004422677106597368,0.004638895993888286,363,0,0.05385158949283212,0.21746313122304228,6,6,0.00021621888729091848
337,regenerated_shortfalls_fixed_labels,total,family_month_minus_pooled,0.07619599556709736,0.16612712251753964,0.08993112695044228,0.07709128257252496,0.16764228720509,-0.0008952870054275974,-0.0015151646875503633,-0.0006198776821227658,-0.00034876650440141205,-0.0039881989867823165,-0.0036394324823809045,-0.001957668879155929,-0.01833965585040619,363,0,0.05385158949283212,0.21746313122304228,6,6,-0.016381986971250262
337,regenerated_shortfalls_fixed_labels,young_relative,pooled,-0.16302713404283437,-0.18071590890640077,-0.017688774863566403,-0.16416781512267428,-0.18269985331368355,0.001140681079839917,0.0019839444072827783,0.0008432633274428614,-0.007915802788313398,-0.015304564782892391,-0.007388761994578993,-0.20750767833248854,-0.3173008252449797,363,0,0.0004962284815163783,0.048233611655677654,5,5,-0.10979314691249117
337,regenerated_shortfalls_fixed_labels,young_relative,family_month,-0.08095036094304571,-0.005437745685005566,0.07551261525804015,-0.08707653255014933,-0.015057566108593547,0.006126171607103617,0.009619820423587982,0.0034936488164843647,-0.013489387901370265,-0.01586917123939056,-0.0023797833380202957,-0.35361562691686416,-0.32900648934761195,363,0,0.0004962284815163783,0.048233611655677654,6,6,0.024609137569252204
337,regenerated_shortfalls_fixed_labels,young_relative,family_month_minus_pooled,0.08207677309978866,0.1752781632213952,0.09320139012160654,0.07709128257252496,0.16764228720509,0.0049854905272637,0.007635876016305193,0.002650385489041493,-0.005573585113056867,-0.0005646064564981696,0.005008978656558697,-0.1461079485843756,-0.011705664102632234,363,0,0.0004962284815163783,0.048233611655677654,6,6,0.13440228448174335
337,regenerated_shortfalls_and_labels,total,pooled,-0.16377116430786862,-0.1816256054373063,-0.01785444112943768,-0.16416781512267428,-0.18269985331368352,0.0003966508148056658,0.0010742478763772212,0.0006775970615715554,0.0011366840378451543,0.00499698783503128,0.0038603037971861255,0.006380345985753297,0.02297855184429443,363,0,0.05385158949283212,0.21746313122304228,5,5,0.016598205858541132
337,regenerated_shortfalls_and_labels,total,family_month,-0.08757516874077126,-0.015498482919766883,0.07207668582100438,-0.08707653255014933,-0.015057566108593398,-0.0004986361906219317,-0.00044091681117348555,5.77193794484461e-05,0.0007879175334437423,0.0010087888482489696,0.00022087131480522733,0.004422677106597368,0.004638895993888268,363,0,0.05385158949283212,0.21746313122304228,6,6,0.00021621888729090027
337,regenerated_shortfalls_and_labels,total,family_month_minus_pooled,0.07619599556709736,0.16612712251753942,0.08993112695044206,0.07709128257252496,0.1676422872050901,-0.0008952870054275974,-0.0015151646875506963,-0.0006198776821230989,-0.00034876650440141205,-0.0039881989867823105,-0.0036394324823808984,-0.001957668879155929,-0.018339655850406162,363,0,0.05385158949283212,0.21746313122304228,6,6,-0.016381986971250234
337,regenerated_shortfalls_and_labels,young_relative,pooled,-0.16302713404283437,-0.18071590890640077,-0.017688774863566403,-0.16416781512267428,-0.18269985331368352,0.001140681079839917,0.0019839444072827506,0.0008432633274428336,-0.007915802788313398,-0.01530456478289237,-0.007388761994578972,-0.20750767833248854,-0.31730082524497927,363,0,0.0004962284815163783,0.048233611655677654,5,5,-0.10979314691249073
337,regenerated_shortfalls_and_labels,young_relative,family_month,-0.08095036094304571,-0.0054377456850058315,0.07551261525803987,-0.08707653255014933,-0.015057566108593398,0.006126171607103617,0.009619820423587565,0.0034936488164839484,-0.013489387901370265,-0.015869171239390526,-0.002379783338020261,-0.35361562691686416,-0.32900648934761123,363,0,0.0004962284815163783,0.048233611655677654,6,6,0.024609137569252926
337,regenerated_shortfalls_and_labels,young_relative,family_month_minus_pooled,0.08207677309978866,0.17527816322139494,0.09320139012160629,0.07709128257252496,0.1676422872050901,0.0049854905272637,0.007635876016304832,0.002650385489041132,-0.005573585113056867,-0.0005646064564981557,0.005008978656558711,-0.1461079485843756,-0.011705664102631946,363,0,0.0004962284815163783,0.048233611655677654,6,6,0.13440228448174366
338,fixed_shortfalls_fixed_labels,total,pooled,-0.16377116430786862,-0.17453461530575803,-0.010763450997889418,-0.16416781512267428,-0.1734533218544044,0.0003966508148056658,-0.001081293451353632,-0.0014779442661592979,0.0011366840378451543,-0.003127687904744315,-0.0042643719425894695,0.006380345985753297,-0.017556093253104182,363,3,0.06170076814319721,0.17815398105106858,5,5,-0.02393643923885748
338,fixed_shortfalls_fixed_labels,total,family_month,-0.08757516874077126,-0.1555304739206824,-0.06795530517991114,-0.08707653255014933,-0.15826816531402013,-0.0004986361906219317,0.002737691393337738,0.0032363275839596695,0.0007879175334437423,-0.00412231374477658,-0.004910231278220322,0.004422677106597368,-0.023139049267694452,363,3,0.06170076814319721,0.17815398105106858,6,6,-0.02756172637429182
338,fixed_shortfalls_fixed_labels,total,family_month_minus_pooled,0.07619599556709736,0.01900414138507564,-0.05719185418202172,0.07709128257252496,0.01518515654038427,-0.0008952870054275974,0.00381898484469137,0.004714271850118967,-0.00034876650440141205,-0.0009946258400322645,-0.0006458593356308525,-0.001957668879155929,-0.005582956014590271,363,3,0.06170076814319721,0.17815398105106858,6,6,-0.0036252871354343417
338,fixed_shortfalls_fixed_labels,young_relative,pooled,-0.16302713404283437,-0.17247374923558825,-0.009446615192753888,-0.16416781512267428,-0.1734533218544044,0.001140681079839917,0.000979572618816149,-0.00016110846102376786,-0.007915802788313398,-0.006917494423856771,0.000998308364456628,-0.20750767833248854,-0.181337666710403,363,3,-0.0004626710527536109,0.03814703557923262,5,5,0.026170011622085543
338,fixed_shortfalls_fixed_labels,young_relative,family_month,-0.08095036094304571,-0.15432419119744828,-0.07337383025440257,-0.08707653255014933,-0.15826816531402013,0.006126171607103617,0.003943974116571852,-0.002182197490531765,-0.013489387901370265,-0.009043033096782612,0.004446354804587653,-0.35361562691686416,-0.23705729578907753,363,3,-0.0004626710527536109,0.03814703557923262,6,6,0.11655833112778663
338,fixed_shortfalls_fixed_labels,young_relative,family_month_minus_pooled,0.08207677309978866,0.018149558038139973,-0.06392721506164868,0.07709128257252496,0.01518515654038427,0.0049854905272637,0.002964401497755703,-0.002021089029507997,-0.005573585113056867,-0.0021255386729258415,0.003448046440131025,-0.1461079485843756,-0.05571962907867452,363,3,-0.0004626710527536109,0.03814703557923262,6,6,0.09038831950570107
338,regenerated_shortfalls_fixed_labels,total,pooled,-0.16377116430786862,-0.1713082499559245,-0.007537085648055886,-0.16416781512267428,-0.1734533218544044,0.0003966508148056658,0.0021450718984799,0.0017484210836742342,0.0011366840378451543,0.00851134835915723,0.007374664321312075,0.006380345985753297,0.038927195899596465,363,3,0.051363598754216366,0.2186478671905947,5,5,0.03254684991384317
338,regenerated_shortfalls_fixed_labels,total,family_month,-0.08757516874077126,-0.16850309362941937,-0.08092792488864811,-0.08707653255014933,-0.15826816531402013,-0.0004986361906219317,-0.010234928315399239,-0.009736292124777307,0.0007879175334437423,0.011202105959604367,0.010414188426160625,0.004422677106597368,0.05123354782070444,363,3,0.051363598754216366,0.2186478671905947,6,6,0.04681087071410707
338,regenerated_shortfalls_fixed_labels,total,family_month_minus_pooled,0.07619599556709736,0.0028051563265051316,-0.07339083924059223,0.07709128257252496,0.01518515654038427,-0.0008952870054275974,-0.012380000213879139,-0.011484713208451541,-0.00034876650440141205,0.0026907576004471367,0.0030395241048485487,-0.001957668879155929,0.012306351921107976,363,3,0.051363598754216366,0.2186478671905947,6,6,0.014264020800263906
338,regenerated_shortfalls_fixed_labels,young_relative,pooled,-0.16302713404283437,-0.1693038216333246,-0.006276687590490243,-0.16416781512267428,-0.1734533218544044,0.001140681079839917,0.004149500221079794,0.003008819141239877,-0.007915802788313398,-0.011313626295270926,-0.0033978235069575275,-0.20750767833248854,-0.24860373371589234,363,3,0.0025545851228939032,0.04550867409014978,5,5,-0.0410960553834038
338,regenerated_shortfalls_fixed_labels,young_relative,family_month,-0.08095036094304571,-0.1562891249212085,-0.07533876397816279,-0.08707653255014933,-0.15826816531402013,0.006126171607103617,0.001979040392811632,-0.004147131214291985,-0.013489387901370265,-0.006635267359092379,0.006854120542277886,-0.35361562691686416,-0.14580225620171525,363,3,0.0025545851228939032,0.04550867409014978,6,6,0.2078133707151489
338,regenerated_shortfalls_fixed_labels,young_relative,family_month_minus_pooled,0.08207677309978866,0.013014696712116108,-0.06906207638767255,0.07709128257252496,0.01518515654038427,0.0049854905272637,-0.002170459828268162,-0.007155950355531862,-0.005573585113056867,0.004678358936178547,0.010251944049235413,-0.1461079485843756,0.10280147751417709,363,3,0.0025545851228939032,0.04550867409014978,6,6,0.24890942609855268
338,regenerated_shortfalls_and_labels,total,pooled,-0.16377116430786862,-0.17057182613954128,-0.006800661831672661,-0.16416781512267428,-0.17270929778645147,0.0003966508148056658,0.002137471646910194,0.0017408208321045282,0.0011366840378451543,0.008582431428964433,0.007445747391119278,0.006380345985753297,0.03925229886410533,363,3,0.051363598754216366,0.2186478671905947,5,5,0.03287195287835203
338,regenerated_shortfalls_and_labels,total,family_month,-0.08757516874077126,-0.16598853084013426,-0.078413362099363,-0.08707653255014933,-0.15569990104590328,-0.0004986361906219317,-0.01028862979423098,-0.009789993603609048,0.0007879175334437423,0.011201920317469211,0.010414002784025468,0.004422677106597368,0.05123269877453015,363,3,0.051363598754216366,0.2186478671905947,6,6,0.04681002166793278
338,regenerated_shortfalls_and_labels,total,family_month_minus_pooled,0.07619599556709736,0.004583295299407014,-0.07161270026769034,0.07709128257252496,0.01700939674054819,-0.0008952870054275974,-0.012426101441141174,-0.011530814435713577,-0.00034876650440141205,0.002619488888504778,0.00296825539290619,-0.001957668879155929,0.011980399910424818,363,3,0.051363598754216366,0.2186478671905947,6,6,0.013938068789580748
338,regenerated_shortfalls_and_labels,young_relative,pooled,-0.16302713404283437,-0.16854513750173794,-0.005518003458903575,-0.16416781512267428,-0.17270929778645147,0.001140681079839917,0.004164160284713531,0.0030234792048736137,-0.007915802788313398,-0.011268822748999126,-0.0033530199606857276,-0.20750767833248854,-0.24761922807674658,363,3,0.0025545851228939032,0.04550867409014978,5,5,-0.04011154974425804
338,regenerated_shortfalls_and_labels,young_relative,family_month,-0.08095036094304571,-0.15371544484687813,-0.07276508390383242,-0.08707653255014933,-0.15569990104590328,0.006126171607103617,0.001984456199025153,-0.004141715408078464,-0.013489387901370265,-0.006585231387254093,0.006904156514116172,-0.35361562691686416,-0.14470277411750493,363,3,0.0025545851228939032,0.04550867409014978,6,6,0.20891285279935923
338,regenerated_shortfalls_and_labels,young_relative,family_month_minus_pooled,0.08207677309978866,0.01482969265485981,-0.06724708044492884,0.07709128257252496,0.01700939674054819,0.0049854905272637,-0.0021797040856883776,-0.007165194612952078,-0.005573585113056867,0.004683591361745033,0.010257176474801899,-0.1461079485843756,0.10291645395924165,363,3,0.0025545851228939032,0.04550867409014978,6,6,0.24902440254361724
339,fixed_shortfalls_fixed_labels,total,pooled,-0.16377116430786862,-0.1379567659093104,0.025814398398558203,-0.16416781512267428,-0.13945324052003918,0.0003966508148056658,0.0014964746107287707,0.001099823795923105,0.0011366840378451543,0.004396437306785607,0.0032597532689404526,0.006380345985753297,0.02467773821751056,363,4,0.06170076814319721,0.17815398105106858,5,5,0.018297392231757262
339,fixed_shortfalls_fixed_labels,total,family_month,-0.08757516874077126,-0.03953387446079426,0.048041294279977,-0.08707653255014933,-0.03928990511906361,-0.0004986361906219317,-0.00024396934173064738,0.00025466684889128427,0.0007879175334437423,0.00037715284152771216,-0.0004107646919160301,0.004422677106597368,0.0021170048477311305,363,4,0.06170076814319721,0.17815398105106858,6,6,-0.0023056722588662374
339,fixed_shortfalls_fixed_labels,total,family_month_minus_pooled,0.07619599556709736,0.09842289144851615,0.022226895881418796,0.07709128257252496,0.10016333540097558,-0.0008952870054275974,-0.001740443952459425,-0.0008451569470318276,-0.00034876650440141205,-0.004019284465257894,-0.0036705179608564824,-0.001957668879155929,-0.022560733369779425,363,4,0.06170076814319721,0.17815398105106858,6,6,-0.020603064490623497
339,fixed_shortfalls_fixed_labels,young_relative,pooled,-0.16302713404283437,-0.1366371643690858,0.02638996967374857,-0.16416781512267428,-0.13945324052003918,0.001140681079839917,0.0028160761509533894,0.0016753950711134724,-0.007915802788313398,-0.018876611321881342,-0.010960808533567944,-0.20750767833248854,-0.4948382236064979,363,4,-0.0004626710527536109,0.03814703557923262,5,5,-0.28733054527400936
339,fixed_shortfalls_fixed_labels,young_relative,family_month,-0.08095036094304571,-0.02635926446398064,0.05459109647906507,-0.08707653255014933,-0.03928990511906361,0.006126171607103617,0.012930640655082974,0.006804469047979357,-0.013489387901370265,-0.024922619543214557,-0.011433231641844292,-0.35361562691686416,-0.6533304400927687,363,4,-0.0004626710527536109,0.03814703557923262,6,6,-0.2997148131759046
339,fixed_shortfalls_fixed_labels,young_relative,family_month_minus_pooled,0.08207677309978866,0.11027789990510516,0.0282011268053165,0.07709128257252496,0.10016333540097558,0.0049854905272637,0.010114564504129578,0.005129073976865878,-0.005573585113056867,-0.006046008221333214,-0.00047242310827634755,-0.1461079485843756,-0.15849221648627088,363,4,-0.0004626710527536109,0.03814703557923262,6,6,-0.012384267901895285
339,regenerated_shortfalls_fixed_labels,total,pooled,-0.16377116430786862,-0.13915701754568705,0.02461414676218157,-0.16416781512267428,-0.13945324052003918,0.0003966508148056658,0.0002962229743521394,-0.00010042784045352637,0.0011366840378451543,0.0017274327352433917,0.0005907486973982373,0.006380345985753297,0.008149283953702985,363,4,0.06160635277462664,0.21197356050631377,5,5,0.0017689379679496882
339,regenerated_shortfalls_fixed_labels,total,family_month,-0.08757516874077126,-0.03646154803590414,0.05111362070486712,-0.08707653255014933,-0.03928990511906361,-0.0004986361906219317,0.002828357083159476,0.0033269932737814076,0.0007879175334437423,-0.003233262329243504,-0.004021179862687246,0.004422677106597368,-0.015253139691198419,363,4,0.06160635277462664,0.21197356050631377,6,6,-0.019675816797795787
339,regenerated_shortfalls_fixed_labels,total,family_month_minus_pooled,0.07619599556709736,0.10269546950978291,0.02649947394268555,0.07709128257252496,0.10016333540097558,-0.0008952870054275974,0.0025321341088073296,0.003427421114234927,-0.00034876650440141205,-0.004960695064486896,-0.0046119285600854844,-0.001957668879155929,-0.023402423644901405,363,4,0.06160635277462664,0.21197356050631377,6,6,-0.021444754765745477
339,regenerated_shortfalls_fixed_labels,young_relative,pooled,-0.16302713404283437,-0.1353502968284262,0.027676837214408168,-0.16416781512267428,-0.13945324052003918,0.001140681079839917,0.004102943691612987,0.00296226261177307,-0.007915802788313398,-0.013744983170478859,-0.0058291803821654605,-0.20750767833248854,-0.2922744517182184,363,4,0.001802979120177271,0.047027658728551434,5,5,-0.08476677338572988
339,regenerated_shortfalls_fixed_labels,young_relative,family_month,-0.08095036094304571,-0.028216728403240396,0.052733632539805314,-0.08707653255014933,-0.03928990511906361,0.006126171607103617,0.011073176715823217,0.0049470051087196,-0.013489387901370265,-0.01825196306033156,-0.004762575158961294,-0.35361562691686416,-0.3881112424856997,363,4,0.001802979120177271,0.047027658728551434,6,6,-0.03449561556883557
339,regenerated_shortfalls_fixed_labels,young_relative,family_month_minus_pooled,0.08207677309978866,0.1071335684251858,0.025056795325397146,0.07709128257252496,0.10016333540097558,0.0049854905272637,0.006970233024210223,0.0019847424969465233,-0.005573585113056867,-0.0045069798898527,0.001066605223204167,-0.1461079485843756,-0.0958367907674813,363,4,0.001802979120177271,0.047027658728551434,6,6,0.050271157816894285
339,regenerated_shortfalls_and_labels,total,pooled,-0.16377116430786862,-0.13966175897260386,0.02410940533526476,-0.16416781512267428,-0.13992231746693848,0.0003966508148056658,0.00026055849433462286,-0.00013609232047104292,0.0011366840378451543,0.0013906227144219433,0.00025393867657678895,0.006380345985753297,0.006560359278300289,363,4,0.06160635277462664,0.21197356050631377,5,5,0.0001800132925469924
339,regenerated_shortfalls_and_labels,total,family_month,-0.08757516874077126,-0.038355493738054934,0.049219675002716325,-0.08707653255014933,-0.041350429896245364,-0.0004986361906219317,0.0029949361581904296,0.0034935723488123613,0.0007879175334437423,-0.00350487138829202,-0.004292788921735763,0.004422677106597368,-0.01653447429915499,363,4,0.06160635277462664,0.21197356050631377,6,6,-0.020957151405752356
339,regenerated_shortfalls_and_labels,total,family_month_minus_pooled,0.07619599556709736,0.10130626523454891,0.025110269667451557,0.07709128257252496,0.09857188757069311,-0.0008952870054275974,0.0027343776638558,0.0036296646692833973,-0.00034876650440141205,-0.0048954941027139634,-0.004546727598312551,-0.001957668879155929,-0.023094833577455277,363,4,0.06160635277462664,0.21197356050631377,6,6,-0.02113716469829935
339,regenerated_shortfalls_and_labels,young_relative,pooled,-0.16302713404283437,-0.1361157615929587,0.026911372449875653,-0.16416781512267428,-0.13992231746693848,0.001140681079839917,0.0038065558739797667,0.0026658747941398497,-0.007915802788313398,-0.013981030970183059,-0.006065228181869661,-0.20750767833248854,-0.29729379152985336,363,4,0.001802979120177271,0.047027658728551434,5,5,-0.08978611319736482
339,regenerated_shortfalls_and_labels,young_relative,family_month,-0.08095036094304571,-0.03149510693367361,0.0494552540093721,-0.08707653255014933,-0.041350429896245364,0.006126171607103617,0.009855322962571751,0.003729151355468134,-0.013489387901370265,-0.01831593681528064,-0.004826548913910374,-0.35361562691686416,-0.38947158566838597,363,4,0.001802979120177271,0.047027658728551434,6,6,-0.03585595875152181
339,regenerated_shortfalls_and_labels,young_relative,family_month_minus_pooled,0.08207677309978866,0.1046206546592851,0.02254388155949645,0.07709128257252496,0.09857188757069311,0.0049854905272637,0.006048767088591991,0.0010632765613282913,-0.005573585113056867,-0.0043349058450975805,0.0012386792679592862,-0.1461079485843756,-0.09217779413853261,363,4,0.001802979120177271,0.047027658728551434,6,6,0.05393015444584298
340,fixed_shortfalls_fixed_labels,total,pooled,-0.16377116430786862,-0.14365567470063564,0.020115489607232973,-0.16416781512267428,-0.14222926659271168,0.0003966508148056658,-0.0014264081079239654,-0.0018230589227296312,0.0011366840378451543,-0.003934295772539034,-0.005070979810384188,0.006380345985753297,-0.022083681483442412,363,1,0.06170076814319721,0.17815398105106858,5,5,-0.02846402746919571
340,fixed_shortfalls_fixed_labels,total,family_month,-0.08757516874077126,-0.07045436948483684,0.01712079925593442,-0.08707653255014933,-0.07395901556359014,-0.0004986361906219317,0.0035046460787532957,0.004003282269375227,0.0007879175334437423,-0.005726288625161356,-0.0065142061586050985,0.004422677106597368,-0.032142355682300984,363,1,0.06170076814319721,0.17815398105106858,7,7,-0.036565032788898354
340,fixed_shortfalls_fixed_labels,total,family_month_minus_pooled,0.07619599556709736,0.0732013052157988,-0.002994690351298554,0.07709128257252496,0.06827025102912154,-0.0008952870054275974,0.004931054186677261,0.005826341192104859,-0.00034876650440141205,-0.0017919928526223226,-0.0014432263482209106,-0.001957668879155929,-0.010058674198858572,363,1,0.06170076814319721,0.17815398105106858,7,7,-0.008101005319702642
340,fixed_shortfalls_fixed_labels,young_relative,pooled,-0.16302713404283437,-0.1430612993848552,0.01996583465797916,-0.16416781512267428,-0.14222926659271168,0.001140681079839917,-0.0008320327921435278,-0.0019727138719834447,-0.007915802788313398,0.006003892975692724,0.013919695764006122,-0.20750767833248854,0.15738819241202753,363,1,-0.0004626710527536109,0.03814703557923262,5,5,0.36489587074451607
340,fixed_shortfalls_fixed_labels,young_relative,family_month,-0.08095036094304571,-0.07337257328140737,0.007577787661638344,-0.08707653255014933,-0.07395901556359014,0.006126171607103617,0.0005864422821827697,-0.005539729324920847,-0.013489387901370265,-0.001305884272927465,0.0121835036284428,-0.35361562691686416,-0.03423291621743716,363,1,-0.0004626710527536109,0.03814703557923262,7,7,0.319382710699427
340,fixed_shortfalls_fixed_labels,young_relative,family_month_minus_pooled,0.08207677309978866,0.06968872610344784,-0.012388046996340815,0.07709128257252496,0.06827025102912154,0.0049854905272637,0.0014184750743262975,-0.0035670154529374026,-0.005573585113056867,-0.007309777248620189,-0.001736192135563322,-0.1461079485843756,-0.1916211086294647,363,1,-0.0004626710527536109,0.03814703557923262,7,7,-0.045513160045089096
340,regenerated_shortfalls_fixed_labels,total,pooled,-0.16377116430786862,-0.1406794025156299,0.023091761792238708,-0.16416781512267428,-0.14222926659271168,0.0003966508148056658,0.0015498640770817695,0.0011532132622761038,0.0011366840378451543,0.0038914531259009355,0.002754769088055781,0.006380345985753297,0.018354805074610625,363,1,0.06749935318524043,0.21201277322654913,5,5,0.011974459088857328
340,regenerated_shortfalls_fixed_labels,total,family_month,-0.08757516874077126,-0.07340517147486642,0.014169997265904843,-0.08707653255014933,-0.07395901556359014,-0.0004986361906219317,0.0005538440887237206,0.0010524802793456522,0.0007879175334437423,-0.0015812691167906528,-0.002369186650234395,0.004422677106597368,-0.007458367214040289,363,1,0.06749935318524043,0.21201277322654913,7,7,-0.011881044320637657
340,regenerated_shortfalls_fixed_labels,total,family_month_minus_pooled,0.07619599556709736,0.0672742310407635,-0.008921764526333864,0.07709128257252496,0.06827025102912154,-0.0008952870054275974,-0.000996019988358049,-0.00010073298293045152,-0.00034876650440141205,-0.005472722242691588,-0.005123955738290177,-0.001957668879155929,-0.025813172288650914,363,1,0.06749935318524043,0.21201277322654913,7,7,-0.023855503409494987
340,regenerated_shortfalls_fixed_labels,young_relative,pooled,-0.16302713404283437,-0.14278971965467252,0.020237414388161845,-0.16416781512267428,-0.14222926659271168,0.001140681079839917,-0.0005604530619608417,-0.0017011341418007586,-0.007915802788313398,-0.004504874082492496,0.0034109287058209023,-0.20750767833248854,-0.09148270554226381,363,1,-0.0008486488033332702,0.049242903954248525,5,5,0.11602497279022472
340,regenerated_shortfalls_fixed_labels,young_relative,family_month,-0.08095036094304571,-0.07567715246967813,0.005273208473367583,-0.08707653255014933,-0.07395901556359014,0.006126171607103617,-0.0017181369060879914,-0.007844308513191608,-0.013489387901370265,-0.006585390768541027,0.006903997132829238,-0.35361562691686416,-0.13373278665002167,363,1,-0.0008486488033332702,0.049242903954248525,7,7,0.2198828402668425
340,regenerated_shortfalls_fixed_labels,young_relative,family_month_minus_pooled,0.08207677309978866,0.06711256718499439,-0.014964205914794262,0.07709128257252496,0.06827025102912154,0.0049854905272637,-0.0011576838441271498,-0.00614317437139085,-0.005573585113056867,-0.0020805166860485306,0.003493068427008336,-0.1461079485843756,-0.04225008110775787,363,1,-0.0008486488033332702,0.049242903954248525,7,7,0.10385786747661772
340,regenerated_shortfalls_and_labels,total,pooled,-0.16377116430786862,-0.14072244737308948,0.02304871693477914,-0.16416781512267428,-0.14224975649974372,0.0003966508148056658,0.0015273091266542471,0.0011306583118485813,0.0011366840378451543,0.003836010885594221,0.002699326847749067,0.006380345985753297,0.018093300829074104,363,1,0.06749935318524043,0.21201277322654913,5,5,0.011712954843320807
340,regenerated_shortfalls_and_labels,total,family_month,-0.08757516874077126,-0.07437183140356253,0.013203337337208729,-0.08707653255014933,-0.07492405449255689,-0.0004986361906219317,0.000552223088994358,0.0010508592796162897,0.0007879175334437423,-0.00157616990822772,-0.0023640874416714624,0.004422677106597368,-0.007434315792584262,363,1,0.06749935318524043,0.21201277322654913,7,7,-0.011856992899181629
340,regenerated_shortfalls_and_labels,total,family_month_minus_pooled,0.07619599556709736,0.06635061596952695,-0.009845379597570411,0.07709128257252496,0.06732570200718684,-0.0008952870054275974,-0.0009750860376598891,-7.979903223229168e-05,-0.00034876650440141205,-0.005412180793821941,-0.00506341428942053,-0.001957668879155929,-0.025527616621658367,363,1,0.06749935318524043,0.21201277322654913,7,7,-0.02356994774250244
340,regenerated_shortfalls_and_labels,young_relative,pooled,-0.16302713404283437,-0.1428000150390895,0.020227119003744853,-0.16416781512267428,-0.14224975649974372,0.001140681079839917,-0.0005502585393457882,-0.0016909396191857051,-0.007915802788313398,-0.004414747833271078,0.0035010549550423204,-0.20750767833248854,-0.08965246723411785,363,1,-0.0008486488033332702,0.049242903954248525,5,5,0.11785521109837069
340,regenerated_shortfalls_and_labels,young_relative,family_month,-0.08095036094304571,-0.07670131466113347,0.004249046281912236,-0.08707653255014933,-0.07492405449255689,0.006126171607103617,-0.001777260168576586,-0.007903431775680203,-0.013489387901370265,-0.006451089680523942,0.007038298220846323,-0.35361562691686416,-0.1310054680470842,363,1,-0.0008486488033332702,0.049242903954248525,7,7,0.22261015886977994
340,regenerated_shortfalls_and_labels,young_relative,family_month_minus_pooled,0.08207677309978866,0.06609870037795604,-0.015978072721832617,0.07709128257252496,0.06732570200718684,0.0049854905272637,-0.0012270016292307978,-0.006212492156494498,-0.005573585113056867,-0.002036341847252864,0.0035372432658040028,-0.1461079485843756,-0.04135300081296636,363,1,-0.0008486488033332702,0.049242903954248525,7,7,0.10475494777140923
341,fixed_shortfalls_fixed_labels,total,pooled,-0.16377116430786862,-0.21169367892645852,-0.0479225146185899,-0.16416781512267428,-0.2080265024077704,0.0003966508148056658,-0.0036671765186881145,-0.00406382733349378,0.0011366840378451543,-0.01074424710210812,-0.011880931139953275,0.006380345985753297,-0.0603087679473648,363,1,0.06170076814319721,0.17815398105106858,5,5,-0.06668911393311809
341,fixed_shortfalls_fixed_labels,total,family_month,-0.08757516874077126,-0.1595955771555629,-0.07202040841479165,-0.08707653255014933,-0.16463934752576245,-0.0004986361906219317,0.005043770370199541,0.005542406560821472,0.0007879175334437423,-0.008402497186077435,-0.009190414719521176,0.004422677106597368,-0.04716424037512147,363,1,0.06170076814319721,0.17815398105106858,6,6,-0.05158691748171884
341,fixed_shortfalls_fixed_labels,total,family_month_minus_pooled,0.07619599556709736,0.052098101770895605,-0.024097893796201753,0.07709128257252496,0.04338715488200795,-0.0008952870054275974,0.008710946888887655,0.009606233894315253,-0.00034876650440141205,0.002341749916030686,0.002690516420432098,-0.001957668879155929,0.013144527572243325,363,1,0.06170076814319721,0.17815398105106858,6,6,0.015102196451399255
341,fixed_shortfalls_fixed_labels,young_relative,pooled,-0.16302713404283437,-0.2062819912851268,-0.043254857242292444,-0.16416781512267428,-0.2080265024077704,0.001140681079839917,0.0017445111226435939,0.0006038300428036769,-0.007915802788313398,-0.01179411671948707,-0.0038783139311736707,-0.20750767833248854,-0.30917518335049415,363,1,-0.0004626710527536109,0.03814703557923262,5,5,-0.10166750501800562
341,fixed_shortfalls_fixed_labels,young_relative,family_month,-0.08095036094304571,-0.15610189246385597,-0.07515153152081026,-0.08707653255014933,-0.16463934752576245,0.006126171607103617,0.00853745506190648,0.002411283454802862,-0.013489387901370265,-0.019013166286362165,-0.0055237783849918995,-0.35361562691686416,-0.49841792416270997,363,1,-0.0004626710527536109,0.03814703557923262,6,6,-0.1448022972458458
341,fixed_shortfalls_fixed_labels,young_relative,family_month_minus_pooled,0.08207677309978866,0.050180098821270835,-0.03189667427851782,0.07709128257252496,0.04338715488200795,0.0049854905272637,0.006792943939262885,0.0018074534119991853,-0.005573585113056867,-0.007219049566875095,-0.0016454644538182288,-0.1461079485843756,-0.18924274081221584,363,1,-0.0004626710527536109,0.03814703557923262,6,6,-0.04313479222784025
341,regenerated_shortfalls_fixed_labels,total,pooled,-0.16377116430786862,-0.21244231595953328,-0.04867115165166466,-0.16416781512267428,-0.2080265024077704,0.0003966508148056658,-0.004415813551762876,-0.004812464366568542,0.0011366840378451543,-0.01573230944235144,-0.016868993480196593,0.006380345985753297,-0.07254250746860101,363,1,0.06774156151929803,0.21687021845999666,5,5,-0.0789228534543543
341,regenerated_shortfalls_fixed_labels,total,family_month,-0.08757516874077126,-0.1622720018086879,-0.07469683306791663,-0.08707653255014933,-0.16463934752576245,-0.0004986361906219317,0.0023673457170745593,0.002865981907696491,0.0007879175334437423,-0.011034739710538885,-0.011822657243982626,0.004422677106597368,-0.05088176601147439,363,1,0.06774156151929803,0.21687021845999666,6,6,-0.05530444311807176
341,regenerated_shortfalls_fixed_labels,total,family_month_minus_pooled,0.07619599556709736,0.050170314150845385,-0.026025681416251972,0.07709128257252496,0.04338715488200795,-0.0008952870054275974,0.006783159268837435,0.007678446274265033,-0.00034876650440141205,0.004697569731812555,0.005046336236213967,-0.001957668879155929,0.021660741457126615,363,1,0.06774156151929803,0.21687021845999666,6,6,0.023618410336282543
341,regenerated_shortfalls_fixed_labels,young_relative,pooled,-0.16302713404283437,-0.2077270139154651,-0.04469987987263074,-0.16416781512267428,-0.2080265024077704,0.001140681079839917,0.0002994884923052943,-0.0008411925875346227,-0.007915802788313398,-0.0022189617651492406,0.0056968410231641575,-0.20750767833248854,-0.04311338986044543,363,1,0.0006497833393556924,0.05146804211712048,5,5,0.1643942884720431
341,regenerated_shortfalls_fixed_labels,young_relative,family_month,-0.08095036094304571,-0.1561622891291826,-0.07521192818613688,-0.08707653255014933,-0.16463934752576245,0.006126171607103617,0.008477058396579862,0.0023508867894762447,-0.013489387901370265,-0.00919053462694608,0.004298853274424185,-0.35361562691686416,-0.1785677917576918,363,1,0.0006497833393556924,0.05146804211712048,6,6,0.17504783515917235
341,regenerated_shortfalls_fixed_labels,young_relative,family_month_minus_pooled,0.08207677309978866,0.05156472478628252,-0.030512048313506138,0.07709128257252496,0.04338715488200795,0.0049854905272637,0.008177569904274568,0.0031920793770108674,-0.005573585113056867,-0.006971572861796839,-0.0013979877487399726,-0.1461079485843756,-0.13545440189724636,363,1,0.0006497833393556924,0.05146804211712048,6,6,0.010653546687129228
341,regenerated_shortfalls_and_labels,total,pooled,-0.16377116430786862,-0.21248097510816963,-0.04870981080030101,-0.16416781512267428,-0.2080563200472494,0.0003966508148056658,-0.004424655060920241,-0.004821305875725906,0.0011366840378451543,-0.015770669310874175,-0.016907353348719328,0.006380345985753297,-0.072719386842796,363,1,0.06774156151929803,0.21687021845999666,5,5,-0.07909973282854929
341,regenerated_shortfalls_and_labels,total,family_month,-0.08757516874077126,-0.16291572808078322,-0.07534055934001196,-0.08707653255014933,-0.16525270385909197,-0.0004986361906219317,0.002336975778308742,0.0028356119689306736,0.0007879175334437423,-0.011036549749472841,-0.011824467282916584,0.004422677106597368,-0.05089011219633467,363,1,0.06774156151929803,0.21687021845999666,6,6,-0.05531278930293204
341,regenerated_shortfalls_and_labels,total,family_month_minus_pooled,0.07619599556709736,0.049565247027386405,-0.026630748539710952,0.07709128257252496,0.04280361618815742,-0.0008952870054275974,0.0067616308392289826,0.00765691784465658,-0.00034876650440141205,0.004734119561401334,0.005082886065802745,-0.001957668879155929,0.021829274646461325,363,1,0.06774156151929803,0.21687021845999666,6,6,0.023786943525617252
341,regenerated_shortfalls_and_labels,young_relative,pooled,-0.16302713404283437,-0.20776609607355925,-0.04473896203072489,-0.16416781512267428,-0.2080563200472494,0.001140681079839917,0.00029022397369013464,-0.0008504571061497823,-0.007915802788313398,-0.0021519116809676745,0.0057638911073457245,-0.20750767833248854,-0.041810638066837526,363,1,0.0006497833393556924,0.05146804211712048,5,5,0.16569704026565102
341,regenerated_shortfalls_and_labels,young_relative,family_month,-0.08095036094304571,-0.15687542255966766,-0.07592506161662195,-0.08707653255014933,-0.16525270385909197,0.006126171607103617,0.008377281299424305,0.002251109692320688,-0.013489387901370265,-0.009171456192331806,0.004317931709038459,-0.35361562691686416,-0.1781971066912022,363,1,0.0006497833393556924,0.05146804211712048,6,6,0.17541852022566196
341,regenerated_shortfalls_and_labels,young_relative,family_month_minus_pooled,0.08207677309978866,0.05089067351389159,-0.031186099585897062,0.07709128257252496,0.04280361618815742,0.0049854905272637,0.00808705732573417,0.0031015667984704703,-0.005573585113056867,-0.007019544511364132,-0.0014459593983072658,-0.1461079485843756,-0.13638646862436468,363,1,0.0006497833393556924,0.05146804211712048,6,6,0.00972147996001091
342,fixed_shortfalls_fixed_labels,total,pooled,-0.16377116430786862,-0.11814316792699799,0.04562799638087063,-0.16416781512267428,-0.11855658476452362,0.0003966508148056658,0.00041341683752563196,1.676602271996619e-05,0.0011366840378451543,0.001277338637685773,0.00014065459984061862,0.006380345985753297,0.007169857390498719,363,1,0.06170076814319721,0.17815398105106858,5,5,0.0007895114047454226
342,fixed_shortfalls_fixed_labels,total,family_month,-0.08757516874077126,-0.08675269052758999,0.0008224782131812658,-0.08707653255014933,-0.0822221456936744,-0.0004986361906219317,-0.004530544833915587,-0.004031908643293655,0.0007879175334437423,0.00674971348821434,0.005961795954770597,0.004422677106597368,0.03788696412166903,363,1,0.06170076814319721,0.17815398105106858,6,6,0.03346428701507166
342,fixed_shortfalls_fixed_labels,total,family_month_minus_pooled,0.07619599556709736,0.03139047739940799,-0.044805518167689365,0.07709128257252496,0.03633443907084921,-0.0008952870054275974,-0.004943961671441219,-0.004048674666013621,-0.00034876650440141205,0.005472374850528566,0.005821141354929978,-0.001957668879155929,0.03071710673117031,363,1,0.06170076814319721,0.17815398105106858,6,6,0.03267477561032624
342,fixed_shortfalls_fixed_labels,young_relative,pooled,-0.16302713404283437,-0.11836433853668538,0.04466279550614899,-0.16416781512267428,-0.11855658476452362,0.001140681079839917,0.0001922462278382414,-0.0009484348520016755,-0.007915802788313398,-0.001133828066759774,0.006781974721553625,-0.20750767833248854,-0.02972257344623219,363,1,-0.0004626710527536109,0.03814703557923262,5,5,0.17778510488625635
342,fixed_shortfalls_fixed_labels,young_relative,family_month,-0.08095036094304571,-0.08040675145052192,0.0005436094925237861,-0.08707653255014933,-0.0822221456936744,0.006126171607103617,0.0018153942431524822,-0.004310777363951135,-0.013489387901370265,-0.004204943376915406,0.009284444524454859,-0.35361562691686416,-0.11022988583691132,363,1,-0.0004626710527536109,0.03814703557923262,6,6,0.24338574107995284
342,fixed_shortfalls_fixed_labels,young_relative,family_month_minus_pooled,0.08207677309978866,0.03795758708616345,-0.0441191860136252,0.07709128257252496,0.03633443907084921,0.0049854905272637,0.0016231480153142408,-0.0033623425119494593,-0.005573585113056867,-0.003071115310155632,0.0025024698029012344,-0.1461079485843756,-0.08050731239067913,363,1,-0.0004626710527536109,0.03814703557923262,6,6,0.06560063619369647
342,regenerated_shortfalls_fixed_labels,total,pooled,-0.16377116430786862,-0.11892113665591368,0.044850027651954935,-0.16416781512267428,-0.11855658476452362,0.0003966508148056658,-0.0003645518913900636,-0.0007612027061957294,0.0011366840378451543,-0.001379950551332915,-0.0025166345891780694,0.006380345985753297,-0.006280697436007854,363,1,0.06800723938456525,0.2197129483457559,5,5,-0.01266104342176115
342,regenerated_shortfalls_fixed_labels,total,family_month,-0.08757516874077126,-0.08231962033607532,0.005255548404695942,-0.08707653255014933,-0.0822221456936744,-0.0004986361906219317,-9.747464240091042e-05,0.00040116154822102124,0.0007879175334437423,0.00030314166522692817,-0.0004847758682168141,0.004422677106597368,0.0013797168874630135,363,1,0.06800723938456525,0.2197129483457559,6,6,-0.0030429602191343547
342,regenerated_shortfalls_fixed_labels,total,family_month_minus_pooled,0.07619599556709736,0.036601516319838365,-0.03959447924725899,0.07709128257252496,0.03633443907084921,-0.0008952870054275974,0.0002670772489891532,0.0011623642544167506,-0.00034876650440141205,0.0016830922165598432,0.002031858720961255,-0.001957668879155929,0.007660414323470867,363,1,0.06800723938456525,0.2197129483457559,6,6,0.009618083202626797
342,regenerated_shortfalls_fixed_labels,young_relative,pooled,-0.16302713404283437,-0.11857612537910198,0.04445100866373239,-0.16416781512267428,-0.11855658476452362,0.001140681079839917,-1.9540614578358872e-05,-0.0011602216944182758,-0.007915802788313398,0.0001197606665307889,0.008035563454844187,-0.20750767833248854,0.002387578654790957,363,1,-0.0007561123689191183,0.050159883231689587,5,5,0.20989525698727948
342,regenerated_shortfalls_fixed_labels,young_relative,family_month,-0.08095036094304571,-0.08089467591908887,5.568502395683628e-05,-0.08707653255014933,-0.0822221456936744,0.006126171607103617,0.0013274697745855324,-0.004798701832518085,-0.013489387901370265,-0.0057096121183684,0.007779775783001865,-0.35361562691686416,-0.11382825777316065,363,1,-0.0007561123689191183,0.050159883231689587,6,6,0.23978736914370352
342,regenerated_shortfalls_fixed_labels,young_relative,family_month_minus_pooled,0.08207677309978866,0.0376814494600131,-0.04439532363977555,0.07709128257252496,0.03633443907084921,0.0049854905272637,0.0013470103891638913,-0.003638480138099809,-0.005573585113056867,-0.005829372784899189,-0.0002557876718423226,-0.1461079485843756,-0.1162158364279516,363,1,-0.0007561123689191183,0.050159883231689587,6,6,0.029892112156423997
342,regenerated_shortfalls_and_labels,total,pooled,-0.16377116430786862,-0.11889027128404854,0.044880893023820076,-0.16416781512267428,-0.11854916621139135,0.0003966508148056658,-0.00034110507265719403,-0.0007377558874628598,0.0011366840378451543,-0.0012918420277700808,-0.002428526065615235,0.006380345985753297,-0.005879680908642428,363,1,0.06800723938456525,0.2197129483457559,5,5,-0.012260026894395724
342,regenerated_shortfalls_and_labels,total,family_month,-0.08757516874077126,-0.08034637562941079,0.007228793111360474,-0.08707653255014933,-0.08024708730448922,-0.0004986361906219317,-9.928832492156481e-05,0.00039934786570036684,0.0007879175334437423,0.000303847665911881,-0.00048406986753186124,0.004422677106597368,0.001382930174118481,363,1,0.06800723938456525,0.2197129483457559,6,6,-0.003039746932478887
342,regenerated_shortfalls_and_labels,total,family_month_minus_pooled,0.07619599556709736,0.038543895654637755,-0.0376520999124596,0.07709128257252496,0.038302078906902126,-0.0008952870054275974,0.00024181674773562922,0.0011371037531632266,-0.00034876650440141205,0.0015956896936819619,0.001944456198083374,-0.001957668879155929,0.007262611082760909,363,1,0.06800723938456525,0.2197129483457559,6,6,0.009220279961916837
342,regenerated_shortfalls_and_labels,young_relative,pooled,-0.16302713404283437,-0.11856919421930501,0.04445793982352936,-0.16416781512267428,-0.11854916621139135,0.001140681079839917,-2.0028007913661106e-05,-0.001160709087753578,-0.007915802788313398,0.00012276130541507646,0.008038564093728474,-0.20750767833248854,0.002447400143418184,363,1,-0.0007561123689191183,0.050159883231689587,5,5,0.20995507847590672
342,regenerated_shortfalls_and_labels,young_relative,family_month,-0.08095036094304571,-0.07891100003547032,0.002039360907575394,-0.08707653255014933,-0.08024708730448922,0.006126171607103617,0.001336087269018904,-0.004790084338084713,-0.013489387901370265,-0.005693802584830382,0.0077955853165398836,-0.35361562691686416,-0.1135130749513627,363,1,-0.0007561123689191183,0.050159883231689587,6,6,0.24010255196550145
342,regenerated_shortfalls_and_labels,young_relative,family_month_minus_pooled,0.08207677309978866,0.03965819418383469,-0.042418578915953964,0.07709128257252496,0.038302078906902126,0.0049854905272637,0.0013561152769325652,-0.003629375250331135,-0.005573585113056867,-0.005816563890245458,-0.00024297877718859173,-0.1461079485843756,-0.1159604750947809,363,1,-0.0007561123689191183,0.050159883231689587,6,6,0.030147473489594692
343,fixed_shortfalls_fixed_labels,total,pooled,-0.16377116430786862,-0.18162083837729878,-0.017849674069430166,-0.16416781512267428,-0.1820999781497597,0.0003966508148056658,0.0004791397724609181,8.248895765525233e-05,0.0011366840378451543,0.0013425452114322997,0.00020586117358714542,0.006380345985753297,0.00753586983300392,363,2,0.06170076814319721,0.17815398105106858,5,5,0.0011555238472506233
343,fixed_shortfalls_fixed_labels,total,family_month,-0.08757516874077126,-0.06328607666349054,0.02428909207728072,-0.08707653255014933,-0.06295188561030511,-0.0004986361906219317,-0.00033419105318542586,0.0001644451374365058,0.0007879175334437423,0.0005290864012858444,-0.00025883113215789785,0.004422677106597368,0.002969826428600434,363,2,0.06170076814319721,0.17815398105106858,7,7,-0.001452850677996934
343,fixed_shortfalls_fixed_labels,total,family_month_minus_pooled,0.07619599556709736,0.11833476171380825,0.04213876614671089,0.07709128257252496,0.11914809253945459,-0.0008952870054275974,-0.000813330825646344,8.195617978125347e-05,-0.00034876650440141205,-0.0008134588101464553,-0.00046469230574504327,-0.001957668879155929,-0.004566043404403486,363,2,0.06170076814319721,0.17815398105106858,7,7,-0.002608374525247557
343,fixed_shortfalls_fixed_labels,young_relative,pooled,-0.16302713404283437,-0.179554601989608,-0.016527467946773622,-0.16416781512267428,-0.1820999781497597,0.001140681079839917,0.0025453761601517133,0.0014046950803117964,-0.007915802788313398,-0.0193880123603808,-0.011472209572067403,-0.20750767833248854,-0.5082442728770176,363,2,-0.0004626710527536109,0.03814703557923262,5,5,-0.30073659454452906
343,fixed_shortfalls_fixed_labels,young_relative,family_month,-0.08095036094304571,-0.05211571162830149,0.02883464931474422,-0.08707653255014933,-0.06295188561030511,0.006126171607103617,0.010836173982003622,0.004710002374900005,-0.013489387901370265,-0.024531227598979948,-0.011041839697609683,-0.35361562691686416,-0.6430703520337195,363,2,-0.0004626710527536109,0.03814703557923262,7,7,-0.2894547251168554
343,fixed_shortfalls_fixed_labels,young_relative,family_month_minus_pooled,0.08207677309978866,0.1274388903613065,0.045362117261517856,0.07709128257252496,0.11914809253945459,0.0049854905272637,0.008290797821851922,0.0033053072945882223,-0.005573585113056867,-0.005143215238599147,0.00043036987445771967,-0.1461079485843756,-0.13482607915670206,363,2,-0.0004626710527536109,0.03814703557923262,7,7,0.011281869427673535
343,regenerated_shortfalls_fixed_labels,total,pooled,-0.16377116430786862,-0.17661675265203383,-0.012845588344165215,-0.16416781512267428,-0.1820999781497597,0.0003966508148056658,0.005483225497725869,0.005086574682920203,0.0011366840378451543,0.016208398394898477,0.015071714357053323,0.006380345985753297,0.07436837691277112,363,2,0.06005144625986337,0.2179474538473495,5,5,0.06798803092701783
343,regenerated_shortfalls_fixed_labels,total,family_month,-0.08757516874077126,-0.07142508712538781,0.01615008161538345,-0.08707653255014933,-0.06295188561030511,-0.0004986361906219317,-0.008473201515082698,-0.007974565324460767,0.0007879175334437423,0.018986592282972396,0.018198674749528652,0.004422677106597368,0.08711545809693474,363,2,0.06005144625986337,0.2179474538473495,7,7,0.08269278099033738
343,regenerated_shortfalls_fixed_labels,total,family_month_minus_pooled,0.07619599556709736,0.10519166552664602,0.028995669959548664,0.07709128257252496,0.11914809253945459,-0.0008952870054275974,-0.013956427012808567,-0.01306114000738097,-0.00034876650440141205,0.002778193888073918,0.0031269603924753303,-0.001957668879155929,0.012747081184163622,363,2,0.06005144625986337,0.2179474538473495,7,7,0.014704750063319552
343,regenerated_shortfalls_fixed_labels,young_relative,pooled,-0.16302713404283437,-0.1809848329927938,-0.01795769894995944,-0.16416781512267428,-0.1820999781497597,0.001140681079839917,0.0011151451569658966,-2.55359228740204e-05,-0.007915802788313398,-0.026119699583990966,-0.01820389679567757,-0.20750767833248854,-0.5348469619986307,363,2,-0.002079095777846283,0.04883583798697512,5,5,-0.3273392836661422
343,regenerated_shortfalls_fixed_labels,young_relative,family_month,-0.08095036094304571,-0.04223539993165725,0.03871496101138846,-0.08707653255014933,-0.06295188561030511,0.006126171607103617,0.02071648567864786,0.014590314071544243,-0.013489387901370265,-0.029264659302570117,-0.01577527140119985,-0.35361562691686416,-0.5992455645048053,363,2,-0.002079095777846283,0.04883583798697512,7,7,-0.2456299375879411
343,regenerated_shortfalls_fixed_labels,young_relative,family_month_minus_pooled,0.08207677309978866,0.13874943306113655,0.05667265996134789,0.07709128257252496,0.11914809253945459,0.0049854905272637,0.019601340521681956,0.014615849994418256,-0.005573585113056867,-0.0031449597185791503,0.0024286253944777163,-0.1461079485843756,-0.06439860250617455,363,2,-0.002079095777846283,0.04883583798697512,7,7,0.08170934607820105
343,regenerated_shortfalls_and_labels,total,pooled,-0.16377116430786862,-0.1766423619248193,-0.012871197616950686,-0.16416781512267428,-0.18211574905473332,0.0003966508148056658,0.00547338712991402,0.0050767363151083544,0.0011366840378451543,0.01618170083127483,0.015045016793429676,0.006380345985753297,0.07424588149861343,363,2,0.06005144625986337,0.2179474538473495,5,5,0.06786553551286013
343,regenerated_shortfalls_and_labels,total,family_month,-0.08757516874077126,-0.0728380281192596,0.014737140621511657,-0.08707653255014933,-0.06424073192494927,-0.0004986361906219317,-0.008597296194310336,-0.008098660003688404,0.0007879175334437423,0.018971877975232743,0.018183960441789,0.004422677106597368,0.08704794499925957,363,2,0.06005144625986337,0.2179474538473495,7,7,0.0826252678926622
343,regenerated_shortfalls_and_labels,total,family_month_minus_pooled,0.07619599556709736,0.1038043338055597,0.027608338238462343,0.07709128257252496,0.11787501712978406,-0.0008952870054275974,-0.014070683324224356,-0.013175396318796759,-0.00034876650440141205,0.002790177143957913,0.003138943648359325,-0.001957668879155929,0.012802063500646143,363,2,0.06005144625986337,0.2179474538473495,7,7,0.014759732379802073
343,regenerated_shortfalls_and_labels,young_relative,pooled,-0.16302713404283437,-0.18100269628136054,-0.01797556223852617,-0.16416781512267428,-0.18211574905473332,0.001140681079839917,0.0011130527733727857,-2.7628306467131214e-05,-0.007915802788313398,-0.026190273212037905,-0.018274470423724508,-0.20750767833248854,-0.5362920816270839,363,2,-0.002079095777846283,0.04883583798697512,5,5,-0.32878440329459535
343,regenerated_shortfalls_and_labels,young_relative,family_month,-0.08095036094304571,-0.04391914779988608,0.03703121314315963,-0.08707653255014933,-0.06424073192494927,0.006126171607103617,0.020321584125063186,0.014195412517959569,-0.013489387901370265,-0.02927304671199247,-0.015783658810622204,-0.35361562691686416,-0.5994173115202776,363,2,-0.002079095777846283,0.04883583798697512,7,7,-0.2458016846034134
343,regenerated_shortfalls_and_labels,young_relative,family_month_minus_pooled,0.08207677309978866,0.13708354848147447,0.055006775381685816,0.07709128257252496,0.11787501712978406,0.0049854905272637,0.019208531351690414,0.014223040824426714,-0.005573585113056867,-0.0030827734999545643,0.0024908116131023023,-0.1461079485843756,-0.06312522989319366,363,2,-0.002079095777846283,0.04883583798697512,7,7,0.08298271869118193
344,fixed_shortfalls_fixed_labels,total,pooled,-0.16377116430786862,-0.1805151337771489,-0.01674396946928028,-0.16416781512267428,-0.17739579132607167,0.0003966508148056658,-0.0031193424510772283,-0.003515993265882894,0.0011366840378451543,-0.008703574409115566,-0.009840258446960721,0.006380345985753297,-0.04885422350803741,363,2,0.06170076814319721,0.17815398105106858,5,5,-0.05523456949379071
344,fixed_shortfalls_fixed_labels,total,family_month,-0.08757516874077126,-0.1261645638956149,-0.038589395154843636,-0.08707653255014933,-0.1299768167753325,-0.0004986361906219317,0.0038122528797175925,0.004310889070339524,0.0007879175334437423,-0.005694861288201791,-0.0064827788216455335,0.004422677106597368,-0.03196595021117903,363,2,0.06170076814319721,0.17815398105106858,6,6,-0.0363886273177764
344,fixed_shortfalls_fixed_labels,total,family_month_minus_pooled,0.07619599556709736,0.054350569881534,-0.021845425685563358,0.07709128257252496,0.04741897455073918,-0.0008952870054275974,0.006931595330794821,0.007826882336222418,-0.00034876650440141205,0.003008713120913775,0.0033574796253151872,-0.001957668879155929,0.01688827329685838,363,2,0.06170076814319721,0.17815398105106858,6,6,0.018845942176014308
344,fixed_shortfalls_fixed_labels,young_relative,pooled,-0.16302713404283437,-0.17554244419836096,-0.012515310155526593,-0.16416781512267428,-0.17739579132607167,0.001140681079839917,0.0018533471277107083,0.0007126660478707914,-0.007915802788313398,-0.012533438800245843,-0.004617636011932444,-0.20750767833248854,-0.3285560361358483,363,2,-0.0004626710527536109,0.03814703557923262,5,5,-0.12104835780335974
344,fixed_shortfalls_fixed_labels,young_relative,family_month,-0.08095036094304571,-0.1220214975600869,-0.04107113661704119,-0.08707653255014933,-0.1299768167753325,0.006126171607103617,0.007955319215245588,0.0018291476081419705,-0.013489387901370265,-0.01816335246506305,-0.004673964563692786,-0.35361562691686416,-0.4761406014718282,363,2,-0.0004626710527536109,0.03814703557923262,6,6,-0.12252497455496403
344,fixed_shortfalls_fixed_labels,young_relative,family_month_minus_pooled,0.08207677309978866,0.05352094663827406,-0.028555826461514597,0.07709128257252496,0.04741897455073918,0.0049854905272637,0.006101972087534879,0.0011164815602711792,-0.005573585113056867,-0.0056299136648172085,-5.6328551760341863e-05,-0.1461079485843756,-0.14758456533597994,363,2,-0.0004626710527536109,0.03814703557923262,6,6,-0.0014766167516043482
344,regenerated_shortfalls_fixed_labels,total,pooled,-0.16377116430786862,-0.17919143338384186,-0.015420269075973242,-0.16416781512267428,-0.17739579132607167,0.0003966508148056658,-0.0017956420577701915,-0.0021922928725758573,0.0011366840378451543,-0.0062045576232082345,-0.007341241661053389,0.006380345985753297,-0.02841136402610586,363,2,0.05683139450209211,0.21838295470457383,5,5,-0.034791710011859156
344,regenerated_shortfalls_fixed_labels,total,family_month,-0.08757516874077126,-0.12877205174922432,-0.04119688300845306,-0.08707653255014933,-0.1299768167753325,-0.0004986361906219317,0.0012047650261081677,0.0017034012167300994,0.0007879175334437423,-0.0028279547674952533,-0.0036158723009389955,0.004422677106597368,-0.012949521501441725,363,2,0.05683139450209211,0.21838295470457383,6,6,-0.017372198608039093
344,regenerated_shortfalls_fixed_labels,total,family_month_minus_pooled,0.07619599556709736,0.05041938163461754,-0.02577661393247982,0.07709128257252496,0.04741897455073918,-0.0008952870054275974,0.003000407083878359,0.0038956940893059566,-0.00034876650440141205,0.003376602855712981,0.0037253693601143932,-0.001957668879155929,0.015461842524664135,363,2,0.05683139450209211,0.21838295470457383,6,6,0.017419511403820063
344,regenerated_shortfalls_fixed_labels,young_relative,pooled,-0.16302713404283437,-0.1790665158936077,-0.016039381850773332,-0.16416781512267428,-0.17739579132607167,0.001140681079839917,-0.0016707245675360305,-0.0028114056473759474,-0.007915802788313398,-0.022428975289306652,-0.014513172500993253,-0.20750767833248854,-0.4664731598817673,363,2,-0.0007273359443944371,0.04808202747397411,5,5,-0.2589654815492788
344,regenerated_shortfalls_fixed_labels,young_relative,family_month,-0.08095036094304571,-0.12169584110880155,-0.04074548016575584,-0.08707653255014933,-0.1299768167753325,0.006126171607103617,0.008280975666530938,0.0021548040594273205,-0.013489387901370265,-0.0250784022286863,-0.011589014327316034,-0.35361562691686416,-0.5215753899367235,363,2,-0.0007273359443944371,0.04808202747397411,6,6,-0.16795976301985932
344,regenerated_shortfalls_fixed_labels,young_relative,family_month_minus_pooled,0.08207677309978866,0.05737067478480615,-0.024706098314982508,0.07709128257252496,0.04741897455073918,0.0049854905272637,0.009951700234066968,0.004966209706803268,-0.005573585113056867,-0.002649426939379647,0.00292415817367722,-0.1461079485843756,-0.05510223005495622,363,2,-0.0007273359443944371,0.04808202747397411,6,6,0.09100571852941937
344,regenerated_shortfalls_and_labels,total,pooled,-0.16377116430786862,-0.17923390261903963,-0.01546273831117101,-0.16416781512267428,-0.17742136551550333,0.0003966508148056658,-0.0018125371035362936,-0.0022091879183419594,0.0011366840378451543,-0.0062649827155517495,-0.007401666753396903,0.006380345985753297,-0.028688057289209923,363,2,0.05683139450209211,0.21838295470457383,5,5,-0.03506840327496322
344,regenerated_shortfalls_and_labels,total,family_month,-0.08757516874077126,-0.1288031447541823,-0.04122797601341105,-0.08707653255014933,-0.13006960691603944,-0.0004986361906219317,0.0012664621618571348,0.0017650983524790664,0.0007879175334437423,-0.0029214457077758236,-0.003709363241219566,0.004422677106597368,-0.013377626984340077,363,2,0.05683139450209211,0.21838295470457383,6,6,-0.017800304090937445
344,regenerated_shortfalls_and_labels,total,family_month_minus_pooled,0.07619599556709736,0.05043075786485732,-0.02576523770224004,0.07709128257252496,0.04735175859946389,-0.0008952870054275974,0.0030789992653934284,0.003974286270821026,-0.00034876650440141205,0.003343537007775926,0.003692303512177338,-0.001957668879155929,0.015310430304869845,363,2,0.05683139450209211,0.21838295470457383,6,6,0.017268099184025772
344,regenerated_shortfalls_and_labels,young_relative,pooled,-0.16302713404283437,-0.17909089373341242,-0.01606375969057805,-0.16416781512267428,-0.17742136551550333,0.001140681079839917,-0.0016695282179090831,-0.002810209297749,-0.007915802788313398,-0.022408090599610977,-0.014492287811297579,-0.20750767833248854,-0.46603880445224677,363,2,-0.0007273359443944371,0.04808202747397411,5,5,-0.25853112611975826
344,regenerated_shortfalls_and_labels,young_relative,family_month,-0.08095036094304571,-0.12178685479555267,-0.040836493852506955,-0.08707653255014933,-0.13006960691603944,0.006126171607103617,0.008282752120486778,0.0021565805133831606,-0.013489387901370265,-0.025078030711279568,-0.011588642809909303,-0.35361562691686416,-0.5215676631950229,363,2,-0.0007273359443944371,0.04808202747397411,6,6,-0.16795203627815875
344,regenerated_shortfalls_and_labels,young_relative,family_month_minus_pooled,0.08207677309978866,0.05730403893785975,-0.024772734161928905,0.07709128257252496,0.04735175859946389,0.0049854905272637,0.00995228033839586,0.004966789811132161,-0.005573585113056867,-0.00266994011166859,0.0029036450013882765,-0.1461079485843756,-0.055528858742776147,363,2,-0.0007273359443944371,0.04808202747397411,6,6,0.09057908984159944
345,fixed_shortfalls_fixed_labels,total,pooled,-0.16377116430786862,-0.20222132178860439,-0.03845015748073577,-0.16416781512267428,-0.20229581814469577,0.0003966508148056658,7.449635609138583e-05,-0.00032215445871427995,0.0011366840378451543,0.00021609522877660326,-0.000920588809068551,0.006380345985753297,0.001212968845836,363,1,0.06170076814319721,0.17815398105106858,5,5,-0.005167377139917296
345,fixed_shortfalls_fixed_labels,total,family_month,-0.08757516874077126,-0.16218386064223683,-0.07460869190146557,-0.08707653255014933,-0.162590906031689,-0.0004986361906219317,0.00040704538945215973,0.0009056815800740914,0.0007879175334437423,-0.0007336211085727229,-0.0015215386420164652,0.004422677106597368,-0.004117904658905306,363,1,0.06170076814319721,0.17815398105106858,7,7,-0.008540581765502674
345,fixed_shortfalls_fixed_labels,total,family_month_minus_pooled,0.07619599556709736,0.04003746114636755,-0.036158534420729804,0.07709128257252496,0.03970491211300678,-0.0008952870054275974,0.0003325490333607739,0.0012278360387883713,-0.00034876650440141205,-0.0009497163373493262,-0.0006009498329479141,-0.001957668879155929,-0.005330873504741306,363,1,0.06170076814319721,0.17815398105106858,7,7,-0.0033732046255853768
345,fixed_shortfalls_fixed_labels,young_relative,pooled,-0.16302713404283437,-0.20065352805837655,-0.037626394015542186,-0.16416781512267428,-0.20229581814469577,0.001140681079839917,0.0016422900863192202,0.0005016090064793033,-0.007915802788313398,-0.01178245444493561,-0.003866651656622212,-0.20750767833248854,-0.3088694643247723,363,1,-0.0004626710527536109,0.03814703557923262,5,5,-0.10136178599228376
345,fixed_shortfalls_fixed_labels,young_relative,family_month,-0.08095036094304571,-0.1561287755131659,-0.07517841457012019,-0.08707653255014933,-0.162590906031689,0.006126171607103617,0.006462130518523096,0.00033595891141947887,-0.013489387901370265,-0.013556541432131872,-6.715353076160689e-05,-0.35361562691686416,-0.3553760135299242,363,1,-0.0004626710527536109,0.03814703557923262,7,7,-0.0017603866130600498
345,fixed_shortfalls_fixed_labels,young_relative,family_month_minus_pooled,0.08207677309978866,0.044524752545210655,-0.037552020554578,0.07709128257252496,0.03970491211300678,0.0049854905272637,0.004819840432203876,-0.00016565009505982442,-0.005573585113056867,-0.0017740869871962616,0.003799498125860605,-0.1461079485843756,-0.04650654920515188,363,1,-0.0004626710527536109,0.03814703557923262,7,7,0.09960139937922372
345,regenerated_shortfalls_fixed_labels,total,pooled,-0.16377116430786862,-0.20024632408327642,-0.0364751597754078,-0.16416781512267428,-0.20229581814469577,0.0003966508148056658,0.0020494940614193546,0.0016528432466136889,0.0011366840378451543,0.012836468296557348,0.011699784258712194,0.006380345985753297,0.06329949818661441,363,1,0.053560469796893356,0.20278941641391723,5,5,0.05691915220086112
345,regenerated_shortfalls_fixed_labels,total,family_month,-0.08757516874077126,-0.1672117616624844,-0.07963659292171313,-0.08707653255014933,-0.162590906031689,-0.0004986361906219317,-0.004620855630795395,-0.0041222194401734635,0.0007879175334437423,0.012005626981113026,0.011217709447669283,0.004422677106597368,0.059202433703976536,363,1,0.053560469796893356,0.20278941641391723,7,7,0.054779756597379166
345,regenerated_shortfalls_fixed_labels,total,family_month_minus_pooled,0.07619599556709736,0.03303456242079203,-0.04316143314630533,0.07709128257252496,0.03970491211300678,-0.0008952870054275974,-0.00667034969221475,-0.005775062686787152,-0.00034876650440141205,-0.0008308413154443223,-0.0004820748110429102,-0.001957668879155929,-0.004097064482637874,363,1,0.053560469796893356,0.20278941641391723,7,7,-0.002139395603481945
345,regenerated_shortfalls_fixed_labels,young_relative,pooled,-0.16302713404283437,-0.20153279574821698,-0.03850566170538261,-0.16416781512267428,-0.20229581814469577,0.001140681079839917,0.0007630223964787963,-0.00037765868336112063,-0.007915802788313398,-0.009792869232112734,-0.001877066443799336,-0.20750767833248854,-0.19358071631206222,363,1,-0.0007367158566314237,0.05058804109561263,5,5,0.013926962020426314
345,regenerated_shortfalls_fixed_labels,young_relative,family_month,-0.08095036094304571,-0.1577117808726719,-0.07676141992962619,-0.08707653255014933,-0.162590906031689,0.006126171607103617,0.004879125159017089,-0.0012470464480865279,-0.013489387901370265,-0.009682495688757276,0.003806892212612989,-0.35361562691686416,-0.191398905335297,363,1,-0.0007367158566314237,0.05058804109561263,7,7,0.16221672158156716
345,regenerated_shortfalls_fixed_labels,young_relative,family_month_minus_pooled,0.08207677309978866,0.04382101487554507,-0.03825575822424358,0.07709128257252496,0.03970491211300678,0.0049854905272637,0.004116102762538293,-0.0008693877647254072,-0.005573585113056867,0.00011037354335545826,0.005683958656412325,-0.1461079485843756,0.0021818109767652314,363,1,-0.0007367158566314237,0.05058804109561263,7,7,0.14828975956114082
345,regenerated_shortfalls_and_labels,total,pooled,-0.16377116430786862,-0.20019383908380614,-0.036422674775937525,-0.16416781512267428,-0.20229375241475242,0.0003966508148056658,0.002099913330946279,0.0017032625161406134,0.0011366840378451543,0.01317389791038397,0.012037213872538815,0.006380345985753297,0.06496343913478445,363,1,0.053560469796893356,0.20278941641391723,5,5,0.05858309314903115
345,regenerated_shortfalls_and_labels,total,family_month,-0.08757516874077126,-0.16433825816296221,-0.07676308942219096,-0.08707653255014933,-0.15972095743884446,-0.0004986361906219317,-0.004617300724117757,-0.004118664533495825,0.0007879175334437423,0.012328362643198688,0.011540445109754945,0.004422677106597368,0.06079391548735975,363,1,0.053560469796893356,0.20278941641391723,7,7,0.05637123838076238
345,regenerated_shortfalls_and_labels,total,family_month_minus_pooled,0.07619599556709736,0.03585558092084393,-0.04034041464625343,0.07709128257252496,0.04257279497590796,-0.0008952870054275974,-0.006717214055064036,-0.005821927049636438,-0.00034876650440141205,-0.0008455352671852823,-0.0004967687627838702,-0.001957668879155929,-0.0041695236474246986,363,1,0.053560469796893356,0.20278941641391723,7,7,-0.0022118547682687694
345,regenerated_shortfalls_and_labels,young_relative,pooled,-0.16302713404283437,-0.20153781635958087,-0.03851068231674651,-0.16416781512267428,-0.20229375241475242,0.001140681079839917,0.0007559360551715466,-0.00038474502466837035,-0.007915802788313398,-0.009695211199186397,-0.0017794084108729985,-0.20750767833248854,-0.19165025941333075,363,1,-0.0007367158566314237,0.05058804109561263,5,5,0.01585741891915779
345,regenerated_shortfalls_and_labels,young_relative,family_month,-0.08095036094304571,-0.15485509464931643,-0.07390473370627072,-0.08707653255014933,-0.15972095743884446,0.006126171607103617,0.004865862789528025,-0.0012603088175755922,-0.013489387901370265,-0.009638503980031061,0.003850883921339204,-0.35361562691686416,-0.19052929845245548,363,1,-0.0007367158566314237,0.05058804109561263,7,7,0.16308632846440868
345,regenerated_shortfalls_and_labels,young_relative,family_month_minus_pooled,0.08207677309978866,0.04668272171026444,-0.035394051389524214,0.07709128257252496,0.04257279497590796,0.0049854905272637,0.004109926734356478,-0.0008755637929072219,-0.005573585113056867,5.670721915533583e-05,0.0056302923322122025,-0.1461079485843756,0.001120960960875275,363,1,-0.0007367158566314237,0.05058804109561263,7,7,0.14722890954525086
346,fixed_shortfalls_fixed_labels,total,pooled,-0.16377116430786862,-0.11825437880868656,0.04551678549918206,-0.16416781512267428,-0.12039408547531691,0.0003966508148056658,0.0021397066666303532,0.0017430558518246875,0.0011366840378451543,0.005719580255545374,0.00458289621770022,0.006380345985753297,0.032104700786371045,363,3,0.06170076814319721,0.17815398105106858,5,5,0.025724354800617747
346,fixed_shortfalls_fixed_labels,total,family_month,-0.08757516874077126,-0.10267469848339766,-0.015099529742626405,-0.08707653255014933,-0.09788641917897535,-0.0004986361906219317,-0.004788279304422313,-0.0042896431138003815,0.0007879175334437423,0.007253372861405164,0.006465455327961422,0.004422677106597368,0.040714065543817145,363,3,0.06170076814319721,0.17815398105106858,6,6,0.036291388437219775
346,fixed_shortfalls_fixed_labels,total,family_month_minus_pooled,0.07619599556709736,0.015579680325288892,-0.060616315241808466,0.07709128257252496,0.022507666296341558,-0.0008952870054275974,-0.0069279859710526664,-0.006032698965625069,-0.00034876650440141205,0.0015337926058597903,0.0018825591102612023,-0.001957668879155929,0.0086093647574461,363,3,0.06170076814319721,0.17815398105106858,6,6,0.01056703363660203
346,fixed_shortfalls_fixed_labels,young_relative,pooled,-0.16302713404283437,-0.11853345260083457,0.04449368144199979,-0.16416781512267428,-0.12039408547531691,0.001140681079839917,0.0018606328744823347,0.0007199517946424178,-0.007915802788313398,-0.011544360056393343,-0.0036285572680799447,-0.20750767833248854,-0.3026279730810363,363,3,-0.0004626710527536109,0.03814703557923262,5,5,-0.09512029474854775
346,fixed_shortfalls_fixed_labels,young_relative,family_month,-0.08095036094304571,-0.09132403572807035,-0.010373674785024642,-0.08707653255014933,-0.09788641917897535,0.006126171607103617,0.006562383450904999,0.0004362118438013818,-0.013489387901370265,-0.014882480261573112,-0.001393092360202847,-0.35361562691686416,-0.39013464704647155,363,3,-0.0004626710527536109,0.03814703557923262,6,6,-0.036519020129607394
346,fixed_shortfalls_fixed_labels,young_relative,family_month_minus_pooled,0.08207677309978866,0.027209416872764222,-0.05486735622702443,0.07709128257252496,0.022507666296341558,0.0049854905272637,0.004701750576422664,-0.000283739950841036,-0.005573585113056867,-0.003338120205179769,0.0022354649078770977,-0.1461079485843756,-0.0875066739654353,363,3,-0.0004626710527536109,0.03814703557923262,6,6,0.0586012746189403
346,regenerated_shortfalls_fixed_labels,total,pooled,-0.16377116430786862,-0.1186005053287359,0.04517065897913272,-0.16416781512267428,-0.12039408547531691,0.0003966508148056658,0.0017935801465810142,0.0013969293317753484,0.0011366840378451543,0.007000350811984039,0.005863666774138885,0.006380345985753297,0.03221224590028714,363,3,0.06902359580572559,0.21731955088302732,5,5,0.02583189991453384
346,regenerated_shortfalls_fixed_labels,total,family_month,-0.08757516874077126,-0.10454031303279497,-0.016965144292023712,-0.08707653255014933,-0.09788641917897535,-0.0004986361906219317,-0.00665389385381962,-0.0061552576631976885,0.0007879175334437423,0.009423747662629094,0.00863583012918535,0.004422677106597368,0.04336355207958922,363,3,0.06902359580572559,0.21731955088302732,6,6,0.03894087497299185
346,regenerated_shortfalls_fixed_labels,total,family_month_minus_pooled,0.07619599556709736,0.014060192295940924,-0.062135803271156434,0.07709128257252496,0.022507666296341558,-0.0008952870054275974,-0.008447474000400634,-0.007552186994973037,-0.00034876650440141205,0.002423396850645055,0.002772163355046467,-0.001957668879155929,0.011151306179302078,363,3,0.06902359580572559,0.21731955088302732,6,6,0.013108975058458008
346,regenerated_shortfalls_fixed_labels,young_relative,pooled,-0.16302713404283437,-0.11882217708198484,0.04420495696084953,-0.16416781512267428,-0.12039408547531691,0.001140681079839917,0.001571908393332072,0.00043122731349215515,-0.007915802788313398,-0.011239835505093079,-0.00332403271677968,-0.20750767833248854,-0.2368598398267323,363,3,0.0007119854251392502,0.04745352995811887,5,5,-0.029352161494243773
346,regenerated_shortfalls_fixed_labels,young_relative,family_month,-0.08095036094304571,-0.09546734881486271,-0.014516987871817003,-0.08707653255014933,-0.09788641917897535,0.006126171607103617,0.002419070364112638,-0.003707101242990979,-0.013489387901370265,-0.013344499929860976,0.00014488797150928948,-0.35361562691686416,-0.28121195497233714,363,3,0.0007119854251392502,0.04745352995811887,6,6,0.07240367194452701
346,regenerated_shortfalls_fixed_labels,young_relative,family_month_minus_pooled,0.08207677309978866,0.023354828267122124,-0.05872194483266653,0.07709128257252496,0.022507666296341558,0.0049854905272637,0.0008471619707805661,-0.004138328556483134,-0.005573585113056867,-0.002104664424767897,0.0034689206882889696,-0.1461079485843756,-0.044352115145604845,363,3,0.0007119854251392502,0.04745352995811887,6,6,0.10175583343877075
346,regenerated_shortfalls_and_labels,total,pooled,-0.16377116430786862,-0.11939924244333905,0.04437192186452957,-0.16416781512267428,-0.12119977748204641,0.0003966508148056658,0.0018005350387073626,0.0014038842239016969,0.0011366840378451543,0.0069394589012642905,0.005802774863419137,0.006380345985753297,0.031932050628060926,363,3,0.06902359580572559,0.21731955088302732,5,5,0.02555170464230763
346,regenerated_shortfalls_and_labels,total,family_month,-0.08757516874077126,-0.10411450502195431,-0.01653933628118305,-0.08707653255014933,-0.09762568709015249,-0.0004986361906219317,-0.006488817931801824,-0.0059901817411798924,0.0007879175334437423,0.009226381789710497,0.008438464256266754,0.004422677106597368,0.042455369303963895,363,3,0.06902359580572559,0.21731955088302732,6,6,0.038032692197366526
346,regenerated_shortfalls_and_labels,total,family_month_minus_pooled,0.07619599556709736,0.01528473742138474,-0.06091125814571262,0.07709128257252496,0.023574090391893926,-0.0008952870054275974,-0.008289352970509187,-0.007394065965081589,-0.00034876650440141205,0.0022869228884462066,0.0026356893928476187,-0.001957668879155929,0.010523318675902968,363,3,0.06902359580572559,0.21731955088302732,6,6,0.012480987555058897
346,regenerated_shortfalls_and_labels,young_relative,pooled,-0.16302713404283437,-0.11964326397597275,0.04338387006686162,-0.16416781512267428,-0.12119977748204641,0.001140681079839917,0.0015565135060736646,0.0004158324262337476,-0.007915802788313398,-0.011284748237583823,-0.0033689454492704246,-0.20750767833248854,-0.23780629697186742,363,3,0.0007119854251392502,0.04745352995811887,5,5,-0.030298618639378883
346,regenerated_shortfalls_and_labels,young_relative,family_month,-0.08095036094304571,-0.09530197323021396,-0.014351612287168247,-0.08707653255014933,-0.09762568709015249,0.006126171607103617,0.002323713859938528,-0.003802457747165089,-0.013489387901370265,-0.013371243727368145,0.00011814417400212059,-0.35361562691686416,-0.28177553364669017,363,3,0.0007119854251392502,0.04745352995811887,6,6,0.07184009327017399
346,regenerated_shortfalls_and_labels,young_relative,family_month_minus_pooled,0.08207677309978866,0.02434129074575879,-0.057735482354029866,0.07709128257252496,0.023574090391893926,0.0049854905272637,0.0007672003538648636,-0.0042182901733988365,-0.005573585113056867,-0.0020864954897843214,0.003487089623272545,-0.1461079485843756,-0.043969236674822776,363,3,0.0007119854251392502,0.04745352995811887,6,6,0.10213871190955282
347,fixed_shortfalls_fixed_labels,total,pooled,-0.16377116430786862,-0.17579065191035093,-0.01201948760248231,-0.16416781512267428,-0.1763462266924408,0.0003966508148056658,0.0005555747820898682,0.00015892396728420244,0.0011366840378451543,0.0017092515266655462,0.0005725674888203919,0.006380345985753297,0.009594237055952077,363,1,0.06170076814319721,0.17815398105106858,5,5,0.00321389107019878
347,fixed_shortfalls_fixed_labels,total,family_month,-0.08757516874077126,-0.11253475838329609,-0.02495958964252483,-0.08707653255014933,-0.11212583194305722,-0.0004986361906219317,-0.00040892644023886315,8.97097503830685e-05,0.0007879175334437423,0.0005978329729373718,-0.00019008456050637046,0.004422677106597368,0.0033557093106215824,363,1,0.06170076814319721,0.17815398105106858,7,7,-0.0010669677959757855
347,fixed_shortfalls_fixed_labels,total,family_month_minus_pooled,0.07619599556709736,0.06325589352705484,-0.01294010204004252,0.07709128257252496,0.06422039474938357,-0.0008952870054275974,-0.0009645012223287314,-6.921421690113394e-05,-0.00034876650440141205,-0.0011114185537281743,-0.0007626520493267622,-0.001957668879155929,-0.006238527745330493,363,1,0.06170076814319721,0.17815398105106858,7,7,-0.004280858866174565
347,fixed_shortfalls_fixed_labels,young_relative,pooled,-0.16302713404283437,-0.17145737674742462,-0.008430242704590252,-0.16416781512267428,-0.1763462266924408,0.001140681079839917,0.004888849945016177,0.00374816886517626,-0.007915802788313398,-0.030807885080052676,-0.02289208229173928,-0.20750767833248854,-0.807608890501169,363,1,-0.0004626710527536109,0.03814703557923262,5,5,-0.6001012121686805
347,fixed_shortfalls_fixed_labels,young_relative,family_month,-0.08095036094304571,-0.09573240276297944,-0.014782041819933728,-0.08707653255014933,-0.11212583194305722,0.006126171607103617,0.016393429180077787,0.01026725757297417,-0.013489387901370265,-0.034998445658778306,-0.02150905775740804,-0.35361562691686416,-0.9174617405351303,363,1,-0.0004626710527536109,0.03814703557923262,7,7,-0.5638461136182662
347,fixed_shortfalls_fixed_labels,young_relative,family_month_minus_pooled,0.08207677309978866,0.07572497398444518,-0.006351799115343476,0.07709128257252496,0.06422039474938357,0.0049854905272637,0.01150457923506161,0.00651908870779791,-0.005573585113056867,-0.004190560578725629,0.0013830245343312373,-0.1461079485843756,-0.10985285003396135,363,1,-0.0004626710527536109,0.03814703557923262,7,7,0.03625509855041424
347,regenerated_shortfalls_fixed_labels,total,pooled,-0.16377116430786862,-0.17441578807283326,-0.01064462376496464,-0.16416781512267428,-0.1763462266924408,0.0003966508148056658,0.0019304386196075385,0.0015337878048018727,0.0011366840378451543,0.004754386774616323,0.0036177027367711684,0.006380345985753297,0.023101454258153204,363,1,0.06360049003536636,0.20580465287973615,5,5,0.016721108272399907
347,regenerated_shortfalls_fixed_labels,total,family_month,-0.08757516874077126,-0.11644220302692528,-0.028867034286154017,-0.08707653255014933,-0.11212583194305722,-0.0004986361906219317,-0.004316371083868051,-0.003817734893246119,0.0007879175334437423,0.006348976851533699,0.005561059318089956,0.004422677106597368,0.030849530186490885,363,1,0.06360049003536636,0.20580465287973615,7,7,0.026426853079893516
347,regenerated_shortfalls_fixed_labels,total,family_month_minus_pooled,0.07619599556709736,0.05797358504590798,-0.018222410521189378,0.07709128257252496,0.06422039474938357,-0.0008952870054275974,-0.006246809703475589,-0.005351522698047992,-0.00034876650440141205,0.001594590076917376,0.001943356581318788,-0.001957668879155929,0.007748075928337682,363,1,0.06360049003536636,0.20580465287973615,7,7,0.00970574480749361
347,regenerated_shortfalls_fixed_labels,young_relative,pooled,-0.16302713404283437,-0.17399841988759177,-0.0109712858447574,-0.16416781512267428,-0.1763462266924408,0.001140681079839917,0.0023478068048490286,0.0012071257250091116,-0.007915802788313398,-0.029588792758811197,-0.021672989970497797,-0.20750767833248854,-0.56932673518078,363,1,-0.0004494280266615544,0.05197154978048901,5,5,-0.3618190568482915
347,regenerated_shortfalls_fixed_labels,young_relative,family_month,-0.08095036094304571,-0.09935972978108491,-0.018409368838039203,-0.08707653255014933,-0.11212583194305722,0.006126171607103617,0.012766102161972312,0.006639930554868695,-0.013489387901370265,-0.03236387658149145,-0.018874488680121187,-0.35361562691686416,-0.6227229458845461,363,1,-0.0004494280266615544,0.05197154978048901,7,7,-0.269107318967682
347,regenerated_shortfalls_fixed_labels,young_relative,family_month_minus_pooled,0.08207677309978866,0.07463869010650685,-0.007438082993281803,0.07709128257252496,0.06422039474938357,0.0049854905272637,0.010418295357123283,0.005432804829859583,-0.005573585113056867,-0.002775083822680255,0.0027985012903766118,-0.1461079485843756,-0.053396210703765996,363,1,-0.0004494280266615544,0.05197154978048901,7,7,0.0927117378806096
347,regenerated_shortfalls_and_labels,total,pooled,-0.16377116430786862,-0.1744208727918018,-0.010649708483933179,-0.16416781512267428,-0.17632649558071783,0.0003966508148056658,0.0019056227889160393,0.0015089719741103735,0.0011366840378451543,0.00469397656575832,0.003557292527913166,0.006380345985753297,0.02280792246471361,363,1,0.06360049003536636,0.20580465287973615,5,5,0.01642757647896031
347,regenerated_shortfalls_and_labels,total,family_month,-0.08757516874077126,-0.11539984477032567,-0.027824676029554407,-0.08707653255014933,-0.11114108554655751,-0.0004986361906219317,-0.004258759223768158,-0.003760123033146226,0.0007879175334437423,0.006176111172056847,0.0053881936386131046,0.004422677106597368,0.030009579888681692,363,1,0.06360049003536636,0.20580465287973615,7,7,0.025586902782084323
347,regenerated_shortfalls_and_labels,total,family_month_minus_pooled,0.07619599556709736,0.05902102802147613,-0.017174967545621228,0.07709128257252496,0.06518541003416033,-0.0008952870054275974,-0.006164382012684197,-0.0052690950072565995,-0.00034876650440141205,0.0014821346062985265,0.0018309011106999386,-0.001957668879155929,0.007201657423968085,363,1,0.06360049003536636,0.20580465287973615,7,7,0.009159326303124014
347,regenerated_shortfalls_and_labels,young_relative,pooled,-0.16302713404283437,-0.17398357894098754,-0.010956444898153173,-0.16416781512267428,-0.17632649558071783,0.001140681079839917,0.002342916639730297,0.00120223555989038,-0.007915802788313398,-0.02954309801912401,-0.02162729523081061,-0.20750767833248854,-0.5684475091449934,363,1,-0.0004494280266615544,0.05197154978048901,5,5,-0.3609398308125049
347,regenerated_shortfalls_and_labels,young_relative,family_month,-0.08095036094304571,-0.0985896283483106,-0.01763926740526489,-0.08707653255014933,-0.11114108554655751,0.006126171607103617,0.012551457198246907,0.00642528559114329,-0.013489387901370265,-0.03229400672150979,-0.018804618820139524,-0.35361562691686416,-0.6213785591907344,363,1,-0.0004494280266615544,0.05197154978048901,7,7,-0.2677629322738702
347,regenerated_shortfalls_and_labels,young_relative,family_month_minus_pooled,0.08207677309978866,0.07539395059267694,-0.006682822507111719,0.07709128257252496,0.06518541003416033,0.0049854905272637,0.01020854055851661,0.00522305003125291,-0.005573585113056867,-0.002750908702385778,0.002822676410671089,-0.1461079485843756,-0.05293105004574089,363,1,-0.0004494280266615544,0.05197154978048901,7,7,0.0931768985386347
348,fixed_shortfalls_fixed_labels,total,pooled,-0.16377116430786862,-0.168650313381394,-0.0048791490735253795,-0.16416781512267428,-0.16842115904860347,0.0003966508148056658,-0.00022915433279052655,-0.0006258051475961923,0.0011366840378451543,-0.0006419813151819351,-0.0017786653530270894,0.006380345985753297,-0.003603519334198367,363,1,0.06170076814319721,0.17815398105106858,5,5,-0.009983865319951664
348,fixed_shortfalls_fixed_labels,total,family_month,-0.08757516874077126,-0.07879904803462957,0.008776120706141685,-0.08707653255014933,-0.0793974829649466,-0.0004986361906219317,0.0005984349303170267,0.0010970711209389583,0.0007879175334437423,-0.0010355197845585207,-0.001823437318002263,0.004422677106597368,-0.005812498707293466,363,1,0.06170076814319721,0.17815398105106858,6,6,-0.010235175813890834
348,fixed_shortfalls_fixed_labels,total,family_month_minus_pooled,0.07619599556709736,0.08985126534676442,0.013655269779667065,0.07709128257252496,0.08902367608365687,-0.0008952870054275974,0.0008275892631075532,0.0017228762685351506,-0.00034876650440141205,-0.0003935384693765856,-4.4771964975173534e-05,-0.001957668879155929,-0.002208979373095099,363,1,0.06170076814319721,0.17815398105106858,6,6,-0.00025131049393916976
348,fixed_shortfalls_fixed_labels,young_relative,pooled,-0.16302713404283437,-0.16791355090025065,-0.004886416857416281,-0.16416781512267428,-0.16842115904860347,0.001140681079839917,0.0005076081483528228,-0.0006330729314870942,-0.007915802788313398,-0.0036073612321644616,0.004308441556148937,-0.20750767833248854,-0.09456465430116728,363,1,-0.0004626710527536109,0.03814703557923262,5,5,0.11294302403132125
348,fixed_shortfalls_fixed_labels,young_relative,family_month,-0.08095036094304571,-0.07426893916528927,0.0066814217777564355,-0.08707653255014933,-0.0793974829649466,0.006126171607103617,0.005128543799657326,-0.0009976278074462913,-0.013489387901370265,-0.010200005109246077,0.003289382792124188,-0.35361562691686416,-0.26738657288481404,363,1,-0.0004626710527536109,0.03814703557923262,6,6,0.08622905403205011
348,fixed_shortfalls_fixed_labels,young_relative,family_month_minus_pooled,0.08207677309978866,0.09364461173496137,0.011567838635172717,0.07709128257252496,0.08902367608365687,0.0049854905272637,0.004620935651304503,-0.0003645548759591971,-0.005573585113056867,-0.006592643877081616,-0.0010190587640247495,-0.1461079485843756,-0.17282191858364676,363,1,-0.0004626710527536109,0.03814703557923262,6,6,-0.02671396999927117
348,regenerated_shortfalls_fixed_labels,total,pooled,-0.16377116430786862,-0.16735392246660674,-0.003582758158738125,-0.16416781512267428,-0.16842115904860347,0.0003966508148056658,0.0010672365819967278,0.000670585767191062,0.0011366840378451543,0.004355746120138117,0.0032190620822929628,0.006380345985753297,0.019716067293121576,363,1,0.06511591944740139,0.22092367891530396,5,5,0.013335721307368278
348,regenerated_shortfalls_fixed_labels,total,family_month,-0.08757516874077126,-0.08016867333902804,0.007406495401743221,-0.08707653255014933,-0.0793974829649466,-0.0004986361906219317,-0.0007711903740814374,-0.00027255418345950577,0.0007879175334437423,0.0013722539960626544,0.0005843364626189121,0.004422677106597368,0.006211439184790775,363,1,0.06511591944740139,0.22092367891530396,6,6,0.0017887620781934068
348,regenerated_shortfalls_fixed_labels,total,family_month_minus_pooled,0.07619599556709736,0.0871852491275787,0.010989253560481346,0.07709128257252496,0.08902367608365687,-0.0008952870054275974,-0.0018384269560781652,-0.0009431399506505678,-0.00034876650440141205,-0.0029834921240754625,-0.0026347256196740504,-0.001957668879155929,-0.0135046281083308,363,1,0.06511591944740139,0.22092367891530396,6,6,-0.01154695922917487
348,regenerated_shortfalls_fixed_labels,young_relative,pooled,-0.16302713404283437,-0.16827490109528728,-0.005247767052452917,-0.16416781512267428,-0.16842115904860347,0.001140681079839917,0.00014625795331618674,-0.0009944231265237302,-0.007915802788313398,0.00041225199247804135,0.00832805478079144,-0.20750767833248854,0.008763133602378504,363,1,0.0009277244099163822,0.04704390132385374,5,5,0.21627081193486705
348,regenerated_shortfalls_fixed_labels,young_relative,family_month,-0.08095036094304571,-0.07907627244441323,0.0018740884986324785,-0.08707653255014933,-0.0793974829649466,0.006126171607103617,0.00032121052053336874,-0.005804961086570248,-0.013489387901370265,-0.0007425165312699371,0.012746871370100329,-0.35361562691686416,-0.015783481181936797,363,1,0.0009277244099163822,0.04704390132385374,6,6,0.33783214573492737
348,regenerated_shortfalls_fixed_labels,young_relative,family_month_minus_pooled,0.08207677309978866,0.08919862865087405,0.007121855551085396,0.07709128257252496,0.08902367608365687,0.0049854905272637,0.000174952567217182,-0.004810537960046518,-0.005573585113056867,-0.0011547685237479786,0.004418816589308888,-0.1461079485843756,-0.024546614784315305,363,1,0.0009277244099163822,0.04704390132385374,6,6,0.12156133380006029
348,regenerated_shortfalls_and_labels,total,pooled,-0.16377116430786862,-0.16735070779591268,-0.003579543488044068,-0.16416781512267428,-0.16841165829419122,0.0003966508148056658,0.0010609504982785345,0.0006642996834728687,0.0011366840378451543,0.0043303192659065095,0.003193635228061355,0.006380345985753297,0.01960097390722266,363,1,0.06511591944740139,0.22092367891530396,5,5,0.013220627921469361
348,regenerated_shortfalls_and_labels,total,family_month,-0.08757516874077126,-0.08016058273392528,0.007414586006845983,-0.08707653255014933,-0.07940332584451312,-0.0004986361906219317,-0.0007572568894121529,-0.0002586206987902212,0.0007879175334437423,0.0013400287853109437,0.0005521112518672015,0.004422677106597368,0.006065573377603737,363,1,0.06511591944740139,0.22092367891530396,6,6,0.0016428962710063688
348,regenerated_shortfalls_and_labels,total,family_month_minus_pooled,0.07619599556709736,0.08719012506198741,0.010994129494890051,0.07709128257252496,0.0890083324496781,-0.0008952870054275974,-0.0018182073876906873,-0.0009229203822630899,-0.00034876650440141205,-0.0029902904805955656,-0.0026415239761941535,-0.001957668879155929,-0.013535400529618921,363,1,0.06511591944740139,0.22092367891530396,6,6,-0.011577731650462992
348,regenerated_shortfalls_and_labels,young_relative,pooled,-0.16302713404283437,-0.16825956779382528,-0.005232433750990917,-0.16416781512267428,-0.16841165829419122,0.001140681079839917,0.00015209050036593674,-0.0009885905794739802,-0.007915802788313398,0.000428661330269631,0.00834446411858303,-0.20750767833248854,0.009111942636702137,363,1,0.0009277244099163822,0.04704390132385374,5,5,0.21661962096919068
348,regenerated_shortfalls_and_labels,young_relative,family_month,-0.08095036094304571,-0.0790918408702717,0.0018585200727740114,-0.08707653255014933,-0.07940332584451312,0.006126171607103617,0.0003114849742414244,-0.005814686632862193,-0.013489387901370265,-0.0007242180975197449,0.01276516980385052,-0.35361562691686416,-0.0153945161251439,363,1,0.0009277244099163822,0.04704390132385374,6,6,0.33822111079172024
348,regenerated_shortfalls_and_labels,young_relative,family_month_minus_pooled,0.08207677309978866,0.08916772692355358,0.007090953823764928,0.07709128257252496,0.0890083324496781,0.0049854905272637,0.00015939447387548766,-0.0048260960533882125,-0.005573585113056867,-0.0011528794277893759,0.004420705685267491,-0.1461079485843756,-0.024506458761846036,363,1,0.0009277244099163822,0.04704390132385374,6,6,0.12160148982252955
349,fixed_shortfalls_fixed_labels,total,pooled,-0.16377116430786862,-0.1639636473213111,-0.00019248301344249041,-0.16416781512267428,-0.1658529606919573,0.0003966508148056658,0.001889313370646184,0.0014926625558405182,0.0011366840378451543,0.005814961297802501,0.004678277259957347,0.006380345985753297,0.03264008619675817,363,2,0.06170076814319721,0.17815398105106858,5,5,0.026259740211004873
349,fixed_shortfalls_fixed_labels,total,family_month,-0.08757516874077126,-0.09761845288036758,-0.01004328413959632,-0.08707653255014933,-0.09292218905158568,-0.0004986361906219317,-0.004696263828781896,-0.004197627638159965,0.0007879175334437423,0.0069812165042692975,0.006193298970825555,0.004422677106597368,0.039186418754617126,363,2,0.06170076814319721,0.17815398105106858,6,6,0.03476374164801976
349,fixed_shortfalls_fixed_labels,total,family_month_minus_pooled,0.07619599556709736,0.06634519444094353,-0.00985080112615383,0.07709128257252496,0.07293077164037161,-0.0008952870054275974,-0.00658557719942808,-0.005690290194000483,-0.00034876650440141205,0.0011662552064667965,0.0015150217108682086,-0.001957668879155929,0.0065463325578589485,363,2,0.06170076814319721,0.17815398105106858,6,6,0.008504001437014878
349,fixed_shortfalls_fixed_labels,young_relative,pooled,-0.16302713404283437,-0.16701235705282647,-0.0039852230099921004,-0.16416781512267428,-0.1658529606919573,0.001140681079839917,-0.0011593963608691749,-0.002300077440709092,-0.007915802788313398,0.0074149378669468285,0.015330740655260227,-0.20750767833248854,0.1943778265953527,363,2,-0.0004626710527536109,0.03814703557923262,5,5,0.40188550492784125
349,fixed_shortfalls_fixed_labels,young_relative,family_month,-0.08095036094304571,-0.09380421700681896,-0.012853856063773247,-0.08707653255014933,-0.09292218905158568,0.006126171607103617,-0.0008820279552332749,-0.007008199562336892,-0.013489387901370265,0.0018427514040220132,0.015332139305392279,-0.35361562691686416,0.048306542724520736,363,2,-0.0004626710527536109,0.03814703557923262,6,6,0.4019221696413849
349,fixed_shortfalls_fixed_labels,young_relative,family_month_minus_pooled,0.08207677309978866,0.07320814004600751,-0.008868633053781147,0.07709128257252496,0.07293077164037161,0.0049854905272637,0.00027736840563589993,-0.0047081221216278,-0.005573585113056867,-0.0055721864629248155,1.3986501320511699e-06,-0.1461079485843756,-0.14607128387083196,363,2,-0.0004626710527536109,0.03814703557923262,6,6,3.6664713543632654e-05
349,regenerated_shortfalls_fixed_labels,total,pooled,-0.16377116430786862,-0.1669796462486417,-0.0032084819407730836,-0.16416781512267428,-0.1658529606919573,0.0003966508148056658,-0.0011266855566844092,-0.001523336371490075,0.0011366840378451543,-0.005378900382546426,-0.0065155844203915805,0.006380345985753297,-0.025203167220003996,363,2,0.060215149911021316,0.21342160434015375,5,5,-0.031583513205757294
349,regenerated_shortfalls_fixed_labels,total,family_month,-0.08757516874077126,-0.08866859558760073,-0.001093426846829476,-0.08707653255014933,-0.09292218905158568,-0.0004986361906219317,0.004253593463984948,0.004752229654606879,0.0007879175334437423,-0.008831070118306415,-0.009618987651750156,0.004422677106597368,-0.04137851997509753,363,2,0.060215149911021316,0.21342160434015375,6,6,-0.0458011970816949
349,regenerated_shortfalls_fixed_labels,total,family_month_minus_pooled,0.07619599556709736,0.07831105066104097,0.0021150550939436075,0.07709128257252496,0.07293077164037161,-0.0008952870054275974,0.005380279020669357,0.006275566026096954,-0.00034876650440141205,-0.003452169735759989,-0.003103403231358577,-0.001957668879155929,-0.01617535275509354,363,2,0.060215149911021316,0.21342160434015375,6,6,-0.01421768387593761
349,regenerated_shortfalls_fixed_labels,young_relative,pooled,-0.16302713404283437,-0.16675946753555873,-0.0037323334927243657,-0.16416781512267428,-0.1658529606919573,0.001140681079839917,-0.0009065068436014401,-0.002047187923441357,-0.007915802788313398,0.008469262429838743,0.01638506521815214,-0.20750767833248854,0.1643811321878329,363,2,0.000913425865768823,0.05152210790324279,5,5,0.3718888105203214
349,regenerated_shortfalls_fixed_labels,young_relative,family_month,-0.08095036094304571,-0.09468297290409228,-0.013732611961046567,-0.08707653255014933,-0.09292218905158568,0.006126171607103617,-0.001760783852506595,-0.007886955459610212,-0.013489387901370265,0.005800954531810762,0.019290342433181028,-0.35361562691686416,0.1125915605530893,363,2,0.000913425865768823,0.05152210790324279,6,6,0.4662071874699535
349,regenerated_shortfalls_fixed_labels,young_relative,family_month_minus_pooled,0.08207677309978866,0.07207649463146645,-0.010000278468322202,0.07709128257252496,0.07293077164037161,0.0049854905272637,-0.0008542770089051549,-0.005839767536168855,-0.005573585113056867,-0.002668307898027981,0.0029052772150288857,-0.1461079485843756,-0.051789571634743584,363,2,0.000913425865768823,0.05152210790324279,6,6,0.09431837694963201
349,regenerated_shortfalls_and_labels,total,pooled,-0.16377116430786862,-0.16698280637671792,-0.003211642068849302,-0.16416781512267428,-0.16585133968743443,0.0003966508148056658,-0.001131466689283489,-0.0015281175040891548,0.0011366840378451543,-0.0053999739083716285,-0.006536657946216783,0.006380345985753297,-0.02530190851608954,363,2,0.060215149911021316,0.21342160434015375,5,5,-0.03168225450184284
349,regenerated_shortfalls_and_labels,total,family_month,-0.08757516874077126,-0.08882440489808886,-0.0012492361573176042,-0.08707653255014933,-0.09306964453184893,-0.0004986361906219317,0.00424523963376007,0.004743875824382002,0.0007879175334437423,-0.00882517612052999,-0.009613093653973732,0.004422677106597368,-0.04135090328748688,363,2,0.060215149911021316,0.21342160434015375,6,6,-0.04577358039408425
349,regenerated_shortfalls_and_labels,total,family_month_minus_pooled,0.07619599556709736,0.07815840147862906,0.0019624059115316977,0.07709128257252496,0.0727816951555855,-0.0008952870054275974,0.005376706323043559,0.0062719933284711565,-0.00034876650440141205,-0.0034252022121583608,-0.0030764357077569487,-0.001957668879155929,-0.016048994771397346,363,2,0.060215149911021316,0.21342160434015375,6,6,-0.014091325892241416
349,regenerated_shortfalls_and_labels,young_relative,pooled,-0.16302713404283437,-0.16675853879126526,-0.0037314047484308943,-0.16416781512267428,-0.16585133968743443,0.001140681079839917,-0.0009071991038308302,-0.002047880183670747,-0.007915802788313398,0.008481234968631875,0.016397037756945274,-0.20750767833248854,0.16461350891464727,363,2,0.000913425865768823,0.05152210790324279,5,5,0.37212118724713583
349,regenerated_shortfalls_and_labels,young_relative,family_month,-0.08095036094304571,-0.09481180104073375,-0.01386144009768804,-0.08707653255014933,-0.09306964453184893,0.006126171607103617,-0.0017421565088848179,-0.007868328115988435,-0.013489387901370265,0.005831357147504721,0.019320745048874988,-0.35361562691686416,0.11318164929229722,363,2,0.000913425865768823,0.05152210790324279,6,6,0.4667972762091614
349,regenerated_shortfalls_and_labels,young_relative,family_month_minus_pooled,0.08207677309978866,0.07194673775053151,-0.010130035349257147,0.07709128257252496,0.0727816951555855,0.0049854905272637,-0.0008349574050539876,-0.005820447932317688,-0.005573585113056867,-0.0026498778211271543,0.0029237072919297124,-0.1461079485843756,-0.05143185962235003,363,2,0.000913425865768823,0.05152210790324279,6,6,0.09467608896202556
350,fixed_shortfalls_fixed_labels,total,pooled,-0.16377116430786862,-0.1412180796488083,0.022553084659060307,-0.16416781512267428,-0.138779816508303,0.0003966508148056658,-0.002438263140505298,-0.0028349139553109637,0.0011366840378451543,-0.006800596010138654,-0.007937280047983808,0.006380345985753297,-0.038172573916208104,363,1,0.06170076814319721,0.17815398105106858,5,5,-0.0445529199019614
350,fixed_shortfalls_fixed_labels,total,family_month,-0.08757516874077126,-0.0019190152488514393,0.08565615349191982,-0.08707653255014933,-0.010135410506884778,-0.0004986361906219317,0.008216395258033339,0.00871503144865527,0.0007879175334437423,-0.011802641710047366,-0.012590559243491107,0.004422677106597368,-0.06624966582511613,363,1,0.06170076814319721,0.17815398105106858,6,6,-0.0706723429317135
350,fixed_shortfalls_fixed_labels,total,family_month_minus_pooled,0.07619599556709736,0.13929906439995687,0.06310306883285952,0.07709128257252496,0.12864440600141824,-0.0008952870054275974,0.01065465839853863,0.011549945403966227,-0.00034876650440141205,-0.005002045699908712,-0.004653279195507299,-0.001957668879155929,-0.028077091908908027,363,1,0.06170076814319721,0.17815398105106858,6,6,-0.0261194230297521
350,fixed_shortfalls_fixed_labels,young_relative,pooled,-0.16302713404283437,-0.137810360653794,0.025216773389040353,-0.16416781512267428,-0.138779816508303,0.001140681079839917,0.0009694558545089993,-0.00017122522533091766,-0.007915802788313398,-0.006352845189819579,0.0015629575984938198,-0.20750767833248854,-0.1665357502452455,363,1,-0.0004626710527536109,0.03814703557923262,5,5,0.04097192808724304
350,fixed_shortfalls_fixed_labels,young_relative,family_month,-0.08095036094304571,-0.00584811657640184,0.07510224436664387,-0.08707653255014933,-0.010135410506884778,0.006126171607103617,0.004287293930482938,-0.0018388776766206788,-0.013489387901370265,-0.009412958354975307,0.004076429546394958,-0.35361562691686416,-0.24675464848177492,363,1,-0.0004626710527536109,0.03814703557923262,6,6,0.10686097843508924
350,fixed_shortfalls_fixed_labels,young_relative,family_month_minus_pooled,0.08207677309978866,0.13196224407739218,0.04988547097760353,0.07709128257252496,0.12864440600141824,0.0049854905272637,0.003317838075973939,-0.0016676524512897611,-0.005573585113056867,-0.0030601131651557282,0.0025134719479011384,-0.1461079485843756,-0.0802188982365294,363,1,-0.0004626710527536109,0.03814703557923262,6,6,0.06588905034784619
350,regenerated_shortfalls_fixed_labels,total,pooled,-0.16377116430786862,-0.14138791389859634,0.022383250409272276,-0.16416781512267428,-0.138779816508303,0.0003966508148056658,-0.002608097390293329,-0.003004748205098995,0.0011366840378451543,-0.017280453751039565,-0.018417137788884718,0.006380345985753297,-0.08056656792712427,363,1,0.07265946855344134,0.21448665613595996,5,5,-0.08694691391287757
350,regenerated_shortfalls_fixed_labels,total,family_month,-0.08757516874077126,0.0021020957407903947,0.08967726448156166,-0.08707653255014933,-0.010135410506884778,-0.0004986361906219317,0.012237506247675172,0.012736142438297104,0.0007879175334437423,-0.023034848484614158,-0.0238227660180579,0.004422677106597368,-0.10739525199186611,363,1,0.07265946855344134,0.21448665613595996,6,6,-0.11181792909846348
350,regenerated_shortfalls_fixed_labels,total,family_month_minus_pooled,0.07619599556709736,0.14349000963938674,0.06729401407228938,0.07709128257252496,0.12864440600141824,-0.0008952870054275974,0.014845603637968496,0.015740890643396094,-0.00034876650440141205,-0.005754394733574593,-0.005405628229173181,-0.001957668879155929,-0.026828684064741846,363,1,0.07265946855344134,0.21448665613595996,6,6,-0.024871015185585918
350,regenerated_shortfalls_fixed_labels,young_relative,pooled,-0.16302713404283437,-0.13822190513487204,0.02480522890796233,-0.16416781512267428,-0.138779816508303,0.001140681079839917,0.0005579113734309749,-0.0005827697064089421,-0.007915802788313398,-0.0027082827652860275,0.005207520023027371,-0.20750767833248854,-0.0548567605121375,363,1,0.0006230107431861681,0.049370082009979395,5,5,0.15265091782035103
350,regenerated_shortfalls_fixed_labels,young_relative,family_month,-0.08095036094304571,-0.007003039172397378,0.07394732177064833,-0.08707653255014933,-0.010135410506884778,0.006126171607103617,0.0031323713344874006,-0.0029938002726162165,-0.013489387901370265,-0.00640677600118659,0.007082611900183675,-0.35361562691686416,-0.1297704143957379,363,1,0.0006230107431861681,0.049370082009979395,6,6,0.22384521252112627
350,regenerated_shortfalls_fixed_labels,young_relative,family_month_minus_pooled,0.08207677309978866,0.13121886596247465,0.04914209286268599,0.07709128257252496,0.12864440600141824,0.0049854905272637,0.0025744599610564023,-0.002411030566207298,-0.005573585113056867,-0.0036984932359005627,0.001875091877156304,-0.1461079485843756,-0.0749136538836004,363,1,0.0006230107431861681,0.049370082009979395,6,6,0.0711942947007752
350,regenerated_shortfalls_and_labels,total,pooled,-0.16377116430786862,-0.14138042503357473,0.022390739274293886,-0.16416781512267428,-0.1387855214361311,0.0003966508148056658,-0.002594903597443632,-0.0029915544122492976,0.0011366840378451543,-0.01721770326165347,-0.018354387299498624,0.006380345985753297,-0.08027400665307319,363,1,0.07265946855344134,0.21448665613595996,5,5,-0.08665435263882648
350,regenerated_shortfalls_and_labels,total,family_month,-0.08757516874077126,0.005225668042218325,0.09280083678298959,-0.08707653255014933,-0.007353747505956649,-0.0004986361906219317,0.012579415548174974,0.013078051738796906,0.0007879175334437423,-0.023211199517594056,-0.0239991170510378,0.004422677106597368,-0.10821745247816636,363,1,0.07265946855344134,0.21448665613595996,6,6,-0.11264012958476373
350,regenerated_shortfalls_and_labels,total,family_month_minus_pooled,0.07619599556709736,0.14660609307579306,0.0704100975086957,0.07709128257252496,0.13143177393017444,-0.0008952870054275974,0.01517431914561862,0.016069606151046217,-0.00034876650440141205,-0.005993496255940586,-0.005644729751539174,-0.001957668879155929,-0.027943445825093175,363,1,0.07265946855344134,0.21448665613595996,6,6,-0.025985776945937247
350,regenerated_shortfalls_and_labels,young_relative,pooled,-0.16302713404283437,-0.1382506924902034,0.02477644155263098,-0.16416781512267428,-0.1387855214361311,0.001140681079839917,0.0005348289459277122,-0.0006058521339122047,-0.007915802788313398,-0.0025976046170350007,0.005318198171278397,-0.20750767833248854,-0.0526149544679698,363,1,0.0006230107431861681,0.049370082009979395,5,5,0.15489272386451874
350,regenerated_shortfalls_and_labels,young_relative,family_month,-0.08095036094304571,-0.004435041905163369,0.07651531903788233,-0.08707653255014933,-0.007353747505956649,0.006126171607103617,0.0029187056007932794,-0.0032074660063103376,-0.013489387901370265,-0.006135644148797889,0.007353743752572376,-0.35361562691686416,-0.12427858936020532,363,1,0.0006230107431861681,0.049370082009979395,6,6,0.22933703755665885
350,regenerated_shortfalls_and_labels,young_relative,family_month_minus_pooled,0.08207677309978866,0.13381565058504002,0.05173887748525137,0.07709128257252496,0.13143177393017444,0.0049854905272637,0.0023838766548655854,-0.0026016138723981147,-0.005573585113056867,-0.0035380395317628883,0.0020355455812939784,-0.1461079485843756,-0.07166363489223551,363,1,0.0006230107431861681,0.049370082009979395,6,6,0.07444431369214008
