census2018,soc_major_group,occupation,occupation_title_vintage,source_census2010_codes,webb_pct_software,onet_computers_importance,onet_computers_level,rti_autor_dorn,frey_osborne_probability,webb_pct_software_harmonization,rti_autor_dorn_harmonization,onet_computers_importance_covered_weight,onet_computers_importance_partial_sum,onet_computers_level_covered_weight,onet_computers_level_partial_sum,frey_osborne_probability_covered_weight,frey_osborne_probability_partial_sum
0010,11,Chief executives,Census 2018 official,0010,30.0,4.2,3.82,-0.5086509897964162,0.015,single_source_inherited,single_source_inherited,1.0,4.2,1.0,3.82,1.0,0.015
0020,11,General and operations managers,Census 2018 official,0020,50.0,4.15,3.65,-0.5391153401322388,0.16,single_source_inherited,single_source_inherited,1.0,4.15,1.0,3.65,1.0,0.16
0030,11,Legislators,Census 2018 official,0030,,,,,,missing_source_fail_closed,missing_source_fail_closed,0,,0,,0,
0040,11,Advertising and promotions managers,Census 2018 official,0040,68.0,4.61,3.94,0.8974676055485247,0.039,single_source_inherited,single_source_inherited,1.0,4.61,1.0,3.94,1.0,0.039
0051,11,Marketing managers,Census 2018 official,0050,68.0,4.4,3.12,0.8974676055485247,0.014,single_source_inherited,single_source_inherited,1.0,4.4,1.0,3.12,1.0,0.014
0052,11,Sales managers,Census 2018 official,0050,68.0,4.27,3.57,0.8974676055485247,0.013,single_source_inherited,single_source_inherited,1.0,4.27,1.0,3.57,1.0,0.013
0060,11,Public relations and fundraising managers,Census 2018 official,0060,68.0,4.34,3.66,0.8974676055485247,0.015,single_source_inherited,single_source_inherited,1.0,4.34,1.0,3.66,1.0,0.015
0101,11,Administrative services managers,Census 2018 official,0100,50.0,4.15,3.72,-0.5391153401322388,0.73,single_source_inherited,single_source_inherited,1.0,4.15,1.0,3.72,1.0,0.73
0102,11,Facilities managers,Census 2018 official,0100,50.0,4.15,3.72,-0.5391153401322388,0.73,single_source_inherited,single_source_inherited,1.0,4.15,1.0,3.72,1.0,0.73
0110,11,Computer and information systems managers,Census 2018 official,0110,50.0,4.9,6.1,-0.5391153401322388,0.035,single_source_inherited,single_source_inherited,1.0,4.9,1.0,6.1,1.0,0.035
0120,11,Financial managers,Census 2018 official,0120,28.0,4.32,4.385,2.057301156391973,0.069,single_source_inherited,single_source_inherited,1.0,4.32,1.0,4.385,1.0,0.069
0135,11,Compensation and benefits managers,Census 2018 official,0135,21.0,4.05,3.4,0.25072059089049614,0.96,single_source_inherited,single_source_inherited,1.0,4.05,1.0,3.4,1.0,0.96
0136,11,Human resources managers,Census 2018 official,0136,21.0,4.08,2.88,0.25072059089049614,0.0055,single_source_inherited,single_source_inherited,1.0,4.08,1.0,2.88,1.0,0.0055
0137,11,Training and development managers,Census 2018 official,0137,21.0,4.26,3.67,0.25072059089049614,0.0063,single_source_inherited,single_source_inherited,1.0,4.26,1.0,3.67,1.0,0.0063
0140,11,Industrial production managers,Census 2018 official,0140,50.0,3.81,3.72,-0.5391153401322388,0.03,single_source_inherited,single_source_inherited,1.0,3.81,1.0,3.72,1.0,0.03
0150,11,Purchasing managers,Census 2018 official,0150,64.0,3.95,3.62,0.8223642255025514,0.03,single_source_inherited,single_source_inherited,1.0,3.95,1.0,3.62,1.0,0.03
0160,11,"Transportation, storage, and distribution managers",Census 2018 official,0160,72.0,4.05,3.6466666666666665,2.216809074218278,0.59,single_source_inherited,single_source_inherited,1.0,4.05,1.0,3.6466666666666665,1.0,0.59
0205,11,"Farmers, ranchers, and other agricultural managers",Census 2018 official,0205,94.0,3.09,2.8699999999999997,-2.4110773919508417,0.047,single_source_inherited,single_source_inherited,1.0,3.09,1.0,2.8699999999999997,1.0,0.047
0220,11,Construction managers,Census 2018 official,0220,50.0,4.2,3.56,-0.5391153401322388,0.071,single_source_inherited,single_source_inherited,1.0,4.2,1.0,3.56,1.0,0.071
0230,11,Education and childcare administrators,Census 2018 official,0230,26.0,4.011553062744367,3.064829082107615,0.17690622539433298,,single_source_inherited,single_source_inherited,1.0,4.011553062744367,1.0,3.064829082107615,0.9069633215416123,0.0068330217836529514
0300,11,Architectural and engineering managers,Census 2018 official,0300,50.0,4.39,4.08,-0.5391153401322388,0.017,single_source_inherited,single_source_inherited,1.0,4.39,1.0,4.08,1.0,0.017
0310,11,Food service managers,Census 2018 official,0310,50.0,3.61,2.94,-0.5391153401322388,0.083,single_source_inherited,single_source_inherited,1.0,3.61,1.0,2.94,1.0,0.083
0325,11,Funeral home managers,Census 2018 official,0325,,3.94,3.3,,,missing_source_fail_closed,missing_source_fail_closed,1.0,3.94,1.0,3.3,0,
0335,11,Entertainment and recreation managers,Census 2018 official,0330|0430,50.0,4.196313554934244,3.667488868178524,-0.5391153401322388,0.22288257222739982,merge_equal_source_scores,merge_equal_source_scores,1.0,4.196313554934244,1.0,3.667488868178524,1.0,0.22288257222739982
0340,11,Lodging managers,Census 2018 official,0340,50.0,4.27,4.12,-0.5391153401322388,0.0039,single_source_inherited,single_source_inherited,1.0,4.27,1.0,4.12,1.0,0.0039
0350,11,Medical and health services managers,Census 2018 official,0350,71.0,4.5,4.23,-0.16490473255258853,0.0073,single_source_inherited,single_source_inherited,1.0,4.5,1.0,4.23,1.0,0.0073
0360,11,Natural sciences managers,Census 2018 official,0360,50.0,4.09,3.35,-0.5391153401322388,0.018,single_source_inherited,single_source_inherited,1.0,4.09,1.0,3.35,1.0,0.018
0400,11,Postmasters and mail superintendents,Census 2018 official,0400,,4.29,3.66,,0.75,missing_source_fail_closed,missing_source_fail_closed,1.0,4.29,1.0,3.66,1.0,0.75
0410,11,"Property, real estate, and community association managers",Census 2018 official,0410,13.0,4.44,3.8,-1.2907969740408842,0.81,single_source_inherited,single_source_inherited,1.0,4.44,1.0,3.8,1.0,0.81
0420,11,Social and community service managers,Census 2018 official,0420,50.0,4.23,3.75,-0.5391153401322388,0.0067,single_source_inherited,single_source_inherited,1.0,4.23,1.0,3.75,1.0,0.0067
0425,11,Emergency management directors,Census 2018 official,0425,24.0,4.24,3.48,-0.5545545225178077,0.003,single_source_inherited,single_source_inherited,1.0,4.24,1.0,3.48,1.0,0.003
0426,11,"Personal service managers, all other",Census 2018 official,0430,50.0,4.195555555555555,3.5744444444444445,-0.5391153401322388,0.25,single_source_inherited,single_source_inherited,1.0,4.195555555555555,1.0,3.5744444444444445,1.0,0.25
0440,11,"Managers, all other",Census 2018 official,0430,50.0,4.195555555555555,3.5744444444444445,-0.5391153401322388,0.25,single_source_inherited,single_source_inherited,1.0,4.195555555555555,1.0,3.5744444444444445,1.0,0.25
0500,13,"Agents and business managers of artists, performers, and athletes",Census 2018 official,0500,9.0,4.19,3.08,-1.059711609806506,0.24,single_source_inherited,single_source_inherited,1.0,4.19,1.0,3.08,1.0,0.24
0510,13,"Buyers and purchasing agents, farm products",Census 2018 official,0510,59.0,3.61,3.02,5.219188957854288,0.87,single_source_inherited,single_source_inherited,1.0,3.61,1.0,3.02,1.0,0.87
0520,13,"Wholesale and retail buyers, except farm products",Census 2018 official,0520,48.0,4.02,3.56,1.4718204654036993,0.29,single_source_inherited,single_source_inherited,1.0,4.02,1.0,3.56,1.0,0.29
0530,13,"Purchasing agents, except wholesale, retail, and farm products",Census 2018 official,0530,64.0,4.32,3.09,0.8223642255025514,0.77,single_source_inherited,single_source_inherited,1.0,4.32,1.0,3.09,1.0,0.77
0540,13,"Claims adjusters, appraisers, examiners, and investigators",Census 2018 official,0540,44.0,4.598355147287356,3.6448026383948613,3.061313500413353,0.9799999999999999,single_source_inherited,single_source_inherited,1.0,4.598355147287356,1.0,3.6448026383948613,1.0,0.9799999999999999
0565,13,Compliance officers,Census 2018 official,0565,17.0,4.08,3.6750000000000003,0.11107830091416404,0.08,single_source_inherited,single_source_inherited,1.0,4.08,1.0,3.6750000000000003,1.0,0.08
0600,13,Cost estimators,Census 2018 official,0600,50.0,4.71,4.05,-0.5391153401322388,0.57,single_source_inherited,single_source_inherited,1.0,4.71,1.0,4.05,1.0,0.57
0630,13,Human resources workers,Census 2018 official,0630,10.0,4.48945707258906,3.4624616187211212,0.2722563150833839,,single_source_inherited,single_source_inherited,1.0,4.48945707258906,1.0,3.4624616187211212,0.0005465295374372733,0.0005301336513141551
0640,13,"Compensation, benefits, and job analysis specialists",Census 2018 official,0640,10.0,4.52,3.42,0.2722563150833839,0.47,single_source_inherited,single_source_inherited,1.0,4.52,1.0,3.42,1.0,0.47
0650,13,Training and development specialists,Census 2018 official,0650,10.0,4.49,3.5,0.2722563150833839,0.014,single_source_inherited,single_source_inherited,1.0,4.49,1.0,3.5,1.0,0.014
0700,13,Logisticians,Census 2018 official,0700,50.0,4.29,3.75,-0.7744678276841086,0.012,single_source_inherited,single_source_inherited,1.0,4.29,1.0,3.75,1.0,0.012
0705,13,Project management specialists,Census 2018 official,0430|0740|1107,,,,,,merge_ambiguous_fail_closed,merge_ambiguous_fail_closed,0,,0,,0,
0710,13,Management analysts,Census 2018 official,0710,33.0,3.84,3.72,-0.11755102173270382,0.13,single_source_inherited,single_source_inherited,1.0,3.84,1.0,3.72,1.0,0.13
0725,13,"Meeting, convention, and event planners",Census 2018 official,0725,50.0,4.43,3.73,-0.5391153401322388,0.037,single_source_inherited,single_source_inherited,1.0,4.43,1.0,3.73,1.0,0.037
0726,13,Fundraisers,Census 2018 official,0726,11.0,4.1,3.29,1.3274106196793287,,single_source_inherited,single_source_inherited,1.0,4.1,1.0,3.29,0,
0735,13,Market research analysts and marketing specialists,Census 2018 official,0735,49.0,4.61,4.3,1.2114282505582765,0.61,single_source_inherited,single_source_inherited,1.0,4.61,1.0,4.3,1.0,0.61
0750,13,"Business operations specialists, all other",Census 2018 official,0740,24.0,4.301666666666667,3.8266666666666667,-0.5545545225178077,0.23,single_source_inherited,single_source_inherited,1.0,4.301666666666667,1.0,3.8266666666666667,1.0,0.23
0800,13,Accountants and auditors,Census 2018 official,0800,13.0,4.445,4.365,3.8894999916764466,0.94,single_source_inherited,single_source_inherited,1.0,4.445,1.0,4.365,1.0,0.94
0810,13,Property appraisers and assessors,Census 2018 official,0810,60.0,4.205,3.71,2.4985519367069005,0.9,single_source_inherited,single_source_inherited,1.0,4.205,1.0,3.71,1.0,0.9
0820,13,Budget analysts,Census 2018 official,0820,37.0,4.69,3.58,1.7950333823592157,0.94,single_source_inherited,single_source_inherited,1.0,4.69,1.0,3.58,1.0,0.94
0830,13,Credit analysts,Census 2018 official,0830,37.0,4.28,3.4,1.7950333823592157,0.98,single_source_inherited,single_source_inherited,1.0,4.28,1.0,3.4,1.0,0.98
0845,13,Financial and investment analysts,Census 2018 official,0840,37.0,4.85,4.05,1.7950333823592157,0.23,single_source_inherited,single_source_inherited,1.0,4.85,1.0,4.05,1.0,0.23
0850,13,Personal financial advisors,Census 2018 official,0850,37.0,4.5,3.5,1.7950333823592157,0.58,single_source_inherited,single_source_inherited,1.0,4.5,1.0,3.5,1.0,0.58
0860,13,Insurance underwriters,Census 2018 official,0860,21.0,4.41,2.87,3.917564132597036,0.99,single_source_inherited,single_source_inherited,1.0,4.41,1.0,2.87,1.0,0.99
0900,13,Financial examiners,Census 2018 official,0900,17.0,4.28,3.56,0.11107830091416404,0.17,single_source_inherited,single_source_inherited,1.0,4.28,1.0,3.56,1.0,0.17
0910,13,Credit counselors and loan officers,Census 2018 official,0910,37.0,4.321500807754442,3.1497285945072697,1.7950333823592157,0.9009579967689822,single_source_inherited,single_source_inherited,1.0,4.321500807754442,1.0,3.1497285945072697,1.0,0.9009579967689822
0930,13,"Tax examiners and collectors, and revenue agents",Census 2018 official,0930,13.0,4.3,3.73,3.8894999916764466,0.93,single_source_inherited,single_source_inherited,1.0,4.3,1.0,3.73,1.0,0.93
0940,13,Tax preparers,Census 2018 official,0940,37.0,4.58,3.58,1.7950333823592157,0.99,single_source_inherited,single_source_inherited,1.0,4.58,1.0,3.58,1.0,0.99
0960,13,Other financial specialists,Census 2018 official,0840|0950,37.0,,,1.7950333823592157,,merge_equal_source_scores,merge_equal_source_scores,0.9333333333333333,4.118555555555555,0.9333333333333333,3.3614444444444445,0.9333333333333333,0.66
1005,15,Computer and information research scientists,Census 2018 official,1005,70.0,4.97,6.0,-0.9500284867439188,0.015,single_source_inherited,single_source_inherited,1.0,4.97,1.0,6.0,1.0,0.015
1006,15,Computer systems analysts,Census 2018 official,1006,70.0,4.62,4.84,-0.9500284867439188,0.0065,single_source_inherited,single_source_inherited,1.0,4.62,1.0,4.84,1.0,0.0065
1007,15,Information security analysts,Census 2018 official,1007,70.0,4.7,5.26,-0.9500284867439188,,single_source_inherited,single_source_inherited,1.0,4.7,1.0,5.26,0,
1010,15,Computer programmers,Census 2018 official,1010,98.0,4.95,5.99,-0.028230175252688117,0.48,single_source_inherited,single_source_inherited,1.0,4.95,1.0,5.99,1.0,0.48
1021,15,Software developers,Census 2018 official,1020,98.0,,,-0.028230175252688117,,single_source_inherited,single_source_inherited,0,,0,,0,
1022,15,Software quality assurance analysts and testers,Census 2018 official,1020|1107,,,,,,merge_ambiguous_fail_closed,merge_ambiguous_fail_closed,0,,0,,0,
1031,15,Web developers,Census 2018 official,1030,70.0,4.88,4.79,-0.9500284867439188,,single_source_inherited,single_source_inherited,1.0,4.88,1.0,4.79,0,
1032,15,Web and digital interface designers,Census 2018 official,1030|1107,70.0,,,-0.9500284867439188,,merge_equal_source_scores,merge_equal_source_scores,0,,0,,0,
1050,15,Computer support specialists,Census 2018 official,1050,70.0,4.894851115579584,5.125781628156194,-0.9500284867439188,,single_source_inherited,single_source_inherited,1.0,4.894851115579584,1.0,5.125781628156194,0,
1065,15,Database administrators and architects,Census 2018 official,1060|1107,70.0,,,-0.9500284867439188,,merge_equal_source_scores,merge_equal_source_scores,0.9188937128155652,4.471580479176716,0.9188937128155652,5.5508018974111595,0.7285254864126065,0.021855764592378195
1105,15,Network and computer systems administrators,Census 2018 official,1105,70.0,4.86,6.09,-0.9500284867439188,0.03,single_source_inherited,single_source_inherited,1.0,4.86,1.0,6.09,1.0,0.03
1106,15,Computer network architects,Census 2018 official,1106,70.0,4.81,6.32,-0.9500284867439188,,single_source_inherited,single_source_inherited,1.0,4.81,1.0,6.32,0,
1108,15,"Computer occupations, all other",Census 2018 official,1107,70.0,,,-0.9500284867439188,0.78,single_source_inherited,single_source_inherited,0,,0,,1.0,0.78
1200,15,Actuaries,Census 2018 official,1200,39.0,4.62,4.69,,0.21,single_source_inherited,missing_source_fail_closed,1.0,4.62,1.0,4.69,1.0,0.21
1210,15,Mathematicians,Census 2018 official,1210,,4.54,5.62,,0.047,missing_source_fail_closed,missing_source_fail_closed,1.0,4.54,1.0,5.62,1.0,0.047
1220,15,Operations research analysts,Census 2018 official,1220,50.0,4.9,5.4,-0.7744678276841086,0.035,single_source_inherited,single_source_inherited,1.0,4.9,1.0,5.4,1.0,0.035
1230,15,Statisticians,Census 2018 official,1230,,4.75,4.95,,0.22,missing_source_fail_closed,missing_source_fail_closed,1.0,4.75,1.0,4.95,1.0,0.22
1240,15,Other mathematical science occupations,Census 2018 official,1240,62.0,4.815757632987095,5.204606232294618,0.9782354832145645,0.12091778407302486,single_source_inherited,single_source_inherited,1.0,4.815757632987095,1.0,5.204606232294618,1.0,0.12091778407302486
1305,17,"Architects, except landscape and naval",Census 2018 official,1300,67.0,4.3,4.04,1.860563292102153,0.018,single_source_inherited,single_source_inherited,1.0,4.3,1.0,4.04,1.0,0.018
1306,17,Landscape architects,Census 2018 official,1300,67.0,4.39,3.82,1.860563292102153,0.045,single_source_inherited,single_source_inherited,1.0,4.39,1.0,3.82,1.0,0.045
1310,17,"Surveyors, cartographers, and photogrammetrists",Census 2018 official,1310,80.0,4.501294915254237,4.140842372881356,-1.4615338615729054,0.486864406779661,single_source_inherited,single_source_inherited,1.0,4.501294915254237,1.0,4.140842372881356,1.0,0.486864406779661
1320,17,Aerospace engineers,Census 2018 official,1320,20.0,4.88,5.32,-0.5548480372255256,0.017,single_source_inherited,single_source_inherited,1.0,4.88,1.0,5.32,1.0,0.017
1330,17,Agricultural engineers,Census 2018 official,1330,,4.54,4.42,,0.49,missing_source_fail_closed,missing_source_fail_closed,1.0,4.54,1.0,4.42,1.0,0.49
1340,17,Bioengineers and biomedical engineers,Census 2018 official,1340,75.0,4.57,4.87,-0.23840262033545012,0.037,single_source_inherited,single_source_inherited,1.0,4.57,1.0,4.87,1.0,0.037
1350,17,Chemical engineers,Census 2018 official,1350,99.0,4.5,4.73,0.8882243839470751,0.017,single_source_inherited,single_source_inherited,1.0,4.5,1.0,4.73,1.0,0.017
1360,17,Civil engineers,Census 2018 official,1360,45.0,4.09,4.32,-0.8984594104404988,0.019,single_source_inherited,single_source_inherited,1.0,4.09,1.0,4.32,1.0,0.019
1400,17,Computer hardware engineers,Census 2018 official,1400,74.0,4.95,5.32,-1.1951754089952429,0.22,single_source_inherited,single_source_inherited,1.0,4.95,1.0,5.32,1.0,0.22
1410,17,Electrical and electronics engineers,Census 2018 official,1410,74.0,4.512480985026774,4.620701251748013,-1.1951754089952429,0.07258518366929295,single_source_inherited,single_source_inherited,1.0,4.512480985026774,1.0,4.620701251748013,1.0,0.07258518366929295
1420,17,Environmental engineers,Census 2018 official,1420,75.0,4.42,4.31,-0.23840262033545012,0.018,single_source_inherited,single_source_inherited,1.0,4.42,1.0,4.31,1.0,0.018
1430,17,"Industrial engineers, including health and safety",Census 2018 official,1430,62.0,4.1800285125097325,3.8362846411211415,-0.3686934337930805,0.02892781390063759,single_source_inherited,single_source_inherited,1.0,4.1800285125097325,1.0,3.8362846411211415,1.0,0.02892781390063759
1440,17,Marine engineers and naval architects,Census 2018 official,1440,75.0,4.1,3.9050000000000002,-0.23840262033545012,0.01,single_source_inherited,single_source_inherited,1.0,4.1,1.0,3.9050000000000002,1.0,0.01
1450,17,Materials engineers,Census 2018 official,1450,72.0,4.08,4.31,-0.03126408673059666,0.021,single_source_inherited,single_source_inherited,1.0,4.08,1.0,4.31,1.0,0.021
1460,17,Mechanical engineers,Census 2018 official,1460,69.0,4.54,3.99,1.2140458418722089,0.011,single_source_inherited,single_source_inherited,1.0,4.54,1.0,3.99,1.0,0.011
1500,17,"Mining and geological engineers, including mining safety engineers",Census 2018 official,1500,,4.75,4.24,,0.14,missing_source_fail_closed,missing_source_fail_closed,1.0,4.75,1.0,4.24,1.0,0.14
1510,17,Nuclear engineers,Census 2018 official,1510,,4.33,4.41,,0.07,missing_source_fail_closed,missing_source_fail_closed,1.0,4.33,1.0,4.41,1.0,0.07
1520,17,Petroleum engineers,Census 2018 official,1520,70.0,4.52,3.92,0.5630117315852914,0.16,single_source_inherited,single_source_inherited,1.0,4.52,1.0,3.92,1.0,0.16
1530,17,"Engineers, all other",Census 2018 official,1530,75.0,4.384545454545454,4.392727272727273,-0.23840262033545012,0.014,single_source_inherited,single_source_inherited,1.0,4.384545454545454,1.0,4.392727272727273,1.0,0.014
1541,17,Architectural and civil drafters,Census 2018 official,1540,49.0,4.77,4.305,2.8582155221484222,0.52,single_source_inherited,single_source_inherited,1.0,4.77,1.0,4.305,1.0,0.52
1545,17,Other drafters,Census 2018 official,1540,49.0,4.721003237198351,4.381122130665097,2.8582155221484222,0.6005314891112419,single_source_inherited,single_source_inherited,1.0,4.721003237198351,1.0,4.381122130665097,1.0,0.6005314891112419
1551,17,Electrical and electronic engineering technologists and technicians,Census 2018 official,1550,92.0,4.145,4.08,0.5296335375679204,0.84,single_source_inherited,single_source_inherited,1.0,4.145,1.0,4.08,1.0,0.84
1555,17,"Other engineering technologists and technicians, except drafters",Census 2018 official,1550|9820,,4.108297376209622,3.811589342421191,,0.486732760178659,missing_source_fail_closed,missing_source_fail_closed,1.0,4.108297376209622,1.0,3.811589342421191,1.0,0.486732760178659
1560,17,Surveying and mapping technicians,Census 2018 official,1560,80.0,4.525,3.72,-1.4615338615729054,0.96,single_source_inherited,single_source_inherited,1.0,4.525,1.0,3.72,1.0,0.96
1600,19,Agricultural and food scientists,Census 2018 official,1600,17.0,4.330667502350361,3.851444688185522,-0.27558197198445633,0.04820651833281103,single_source_inherited,single_source_inherited,1.0,4.330667502350361,1.0,3.851444688185522,1.0,0.04820651833281103
1610,19,Biological scientists,Census 2018 official,1610,62.0,4.415962029627107,4.077285316987343,0.04016459569711106,0.056736420909245695,single_source_inherited,single_source_inherited,1.0,4.415962029627107,1.0,4.077285316987343,1.0,0.056736420909245695
1640,19,Conservation scientists and foresters,Census 2018 official,1640,64.0,4.023224128965159,3.354430577223089,-1.7573975927674832,0.013658346333853355,single_source_inherited,single_source_inherited,1.0,4.023224128965159,1.0,3.354430577223089,1.0,0.013658346333853355
1650,19,Medical scientists,Census 2018 official,1650,59.0,4.186439647048745,3.5237693823353036,-0.0466915523257696,0.01819990576544162,single_source_inherited,single_source_inherited,1.0,4.186439647048745,1.0,3.5237693823353036,1.0,0.01819990576544162
1660,19,"Life scientists, all other",Census 2018 official,1660,,,,,,missing_source_fail_closed,missing_source_fail_closed,0,,0,,0,
1700,19,Astronomers and physicists,Census 2018 official,1700,75.0,4.620774487471526,4.896273348519362,1.6833883072322164,0.0948123006833713,single_source_inherited,single_source_inherited,1.0,4.620774487471526,1.0,4.896273348519362,1.0,0.0948123006833713
1710,19,Atmospheric and space scientists,Census 2018 official,1710,44.0,4.84,4.53,,0.67,single_source_inherited,missing_source_fail_closed,1.0,4.84,1.0,4.53,1.0,0.67
1720,19,Chemists and materials scientists,Census 2018 official,1720,47.0,4.526971016153054,4.456131286516211,0.8515336751008316,0.0939453545652423,single_source_inherited,single_source_inherited,1.0,4.526971016153054,1.0,4.456131286516211,1.0,0.0939453545652423
1745,19,"Environmental scientists and specialists, including health",Census 2018 official,1740,59.0,4.39,3.3,-0.5789321555893299,0.033,single_source_inherited,single_source_inherited,1.0,4.39,1.0,3.3,1.0,0.033
1750,19,"Geoscientists and hydrologists, except geographers",Census 2018 official,1740,59.0,4.424829747427502,3.6095818521983163,-0.5789321555893299,0.16377390084190835,single_source_inherited,single_source_inherited,1.0,4.424829747427502,1.0,3.6095818521983163,1.0,0.16377390084190835
1760,19,"Physical scientists, all other",Census 2018 official,1760,78.0,4.71,4.64,,0.43,single_source_inherited,missing_source_fail_closed,1.0,4.71,1.0,4.64,1.0,0.43
1800,19,Economists,Census 2018 official,1800,49.0,4.65,4.78,1.2114282505582765,0.43,single_source_inherited,single_source_inherited,1.0,4.65,1.0,4.78,1.0,0.43
1815,19,Survey researchers,Census 2018 official,1815,,4.79,4.26,,0.23,missing_source_fail_closed,missing_source_fail_closed,1.0,4.79,1.0,4.26,1.0,0.23
1821,19,Clinical and counseling psychologists,Census 2018 official,1820,30.0,3.4433333333333334,2.9766666666666666,1.4886885448941414,0.0047,single_source_inherited,single_source_inherited,1.0,3.4433333333333334,1.0,2.9766666666666666,1.0,0.0047
1822,19,School psychologists,Census 2018 official,1820,30.0,3.4433333333333334,2.9766666666666666,1.4886885448941414,0.0047,single_source_inherited,single_source_inherited,1.0,3.4433333333333334,1.0,2.9766666666666666,1.0,0.0047
1825,19,Other psychologists,Census 2018 official,1820,30.0,3.513829913079258,3.0227292598878774,1.4886885448941414,0.004691768245641105,single_source_inherited,single_source_inherited,1.0,3.513829913079258,1.0,3.0227292598878774,1.0,0.004691768245641105
1830,19,Sociologists,Census 2018 official,1830,,4.59,3.68,,0.059,missing_source_fail_closed,missing_source_fail_closed,1.0,4.59,1.0,3.68,1.0,0.059
1840,19,Urban and regional planners,Census 2018 official,1840,24.0,4.08,3.81,,0.13,single_source_inherited,missing_source_fail_closed,1.0,4.08,1.0,3.81,1.0,0.13
1860,19,Miscellaneous social scientists and related workers,Census 2018 official,1860,59.0,4.463532757944292,3.9556679089839157,-1.30961688564081,0.06444007453903491,single_source_inherited,single_source_inherited,1.0,4.463532757944292,1.0,3.9556679089839157,1.0,0.06444007453903491
1900,19,Agricultural and food science technicians,Census 2018 official,1900,91.0,3.5949999999999998,3.1550000000000002,1.081973475123646,0.97,single_source_inherited,single_source_inherited,1.0,3.5949999999999998,1.0,3.1550000000000002,1.0,0.97
1910,19,Biological technicians,Census 2018 official,1910,91.0,4.1,3.64,1.081973475123646,0.3,single_source_inherited,single_source_inherited,1.0,4.1,1.0,3.64,1.0,0.3
1920,19,Chemical technicians,Census 2018 official,1920,59.0,4.54,3.46,0.6355894556984343,0.57,single_source_inherited,single_source_inherited,1.0,4.54,1.0,3.46,1.0,0.57
1935,19,Environmental  science and geoscience technicians,Census 2018 official,1930|1965,,,,,,missing_source_fail_closed,merge_ambiguous_fail_closed,0.9242585875826754,3.855540857691487,0.9242585875826754,2.90999679965863,0.9242585875826754,0.7391892468529977
1940,19,Nuclear technicians,Census 2018 official,1940,,3.69,3.335,,0.85,missing_source_fail_closed,missing_source_fail_closed,1.0,3.69,1.0,3.335,1.0,0.85
1950,19,Social science research assistants,Census 2018 official,1950,,4.73,3.57,,0.65,missing_source_fail_closed,missing_source_fail_closed,1.0,4.73,1.0,3.57,1.0,0.65
1970,19,"Other life, physical, and social science technicians",Census 2018 official,1965,80.0,,,0.21183012494734244,,single_source_inherited,single_source_inherited,0.9898437947016079,4.151982748755507,0.9898437947016079,3.463367854895005,0.9898437947016079,0.5402033815872289
1980,19,Occupational health and safety specialists and technicians,Census 2018 official,3540,39.0,3.9941486454836443,3.5084901241314697,0.5575303397020435,0.1835841986103521,single_source_inherited,single_source_inherited,1.0,3.9941486454836443,1.0,3.5084901241314697,1.0,0.1835841986103521
2001,21,Substance abuse and behavioral disorder counselors,Census 2018 official,2000,17.0,3.64,3.02,0.52110769659604,0.033,single_source_inherited,single_source_inherited,1.0,3.64,1.0,3.02,1.0,0.033
2002,21,"Educational, guidance, and career counselors and advisors",Census 2018 official,2000,17.0,4.23,4.31,0.52110769659604,0.0085,single_source_inherited,single_source_inherited,1.0,4.23,1.0,4.31,1.0,0.0085
2003,21,Marriage and family therapists,Census 2018 official,2000,17.0,2.99,2.9,0.52110769659604,0.014,single_source_inherited,single_source_inherited,1.0,2.99,1.0,2.9,1.0,0.014
2004,21,Mental health counselors,Census 2018 official,2000,17.0,3.36,3.03,0.52110769659604,0.0048,single_source_inherited,single_source_inherited,1.0,3.36,1.0,3.03,1.0,0.0048
2005,21,Rehabilitation counselors,Census 2018 official,2000,17.0,3.26,2.8,0.52110769659604,0.0094,single_source_inherited,single_source_inherited,1.0,3.26,1.0,2.8,1.0,0.0094
2006,21,"Counselors, all other",Census 2018 official,2000,17.0,,,0.52110769659604,,single_source_inherited,single_source_inherited,0,,0,,0,
2011,21,"Child, family, and school social workers",Census 2018 official,2010,20.0,4.41,3.9,0.7828756726665074,0.028,single_source_inherited,single_source_inherited,1.0,4.41,1.0,3.9,1.0,0.028
2012,21,Healthcare social workers,Census 2018 official,2010,20.0,3.96,3.38,0.7828756726665074,0.0035,single_source_inherited,single_source_inherited,1.0,3.96,1.0,3.38,1.0,0.0035
2013,21,Mental health and substance abuse social workers,Census 2018 official,2010,20.0,3.96,3.07,0.7828756726665074,0.0031,single_source_inherited,single_source_inherited,1.0,3.96,1.0,3.07,1.0,0.0031
2014,21,"Social workers, all other",Census 2018 official,2010,20.0,,,0.7828756726665074,,single_source_inherited,single_source_inherited,0,,0,,0,
2015,21,Probation officers and correctional treatment specialists,Census 2018 official,2015,5.0,4.36,3.21,-0.9815610676089954,0.25,single_source_inherited,single_source_inherited,1.0,4.36,1.0,3.21,1.0,0.25
2016,21,Social and human service assistants,Census 2018 official,2016,5.0,3.81,3.41,-0.9815610676089954,0.13,single_source_inherited,single_source_inherited,1.0,3.81,1.0,3.41,1.0,0.13
2025,21,Other community and social service specialists,Census 2018 official,2025,5.0,3.9876348458904114,3.453168302160169,-0.9815610676089954,,single_source_inherited,single_source_inherited,1.0,3.9876348458904114,1.0,3.453168302160169,0.8995488672286618,0.1273326363277134
2040,21,Clergy,Census 2018 official,2040,5.0,3.81,2.47,1.6001848111753236,0.0081,single_source_inherited,single_source_inherited,1.0,3.81,1.0,2.47,1.0,0.0081
2050,21,"Directors, religious activities and education",Census 2018 official,2050,5.0,3.93,3.89,1.6001848111753236,0.025,single_source_inherited,single_source_inherited,1.0,3.93,1.0,3.89,1.0,0.025
2060,21,"Religious workers, all other",Census 2018 official,2060,5.0,,,1.6001848111753236,,single_source_inherited,single_source_inherited,0,,0,,0,
2100,23,Lawyers,Census 2018 official,2100,40.0,4.23,3.18,5.137493569024654,0.035,single_source_inherited,single_source_inherited,1.0,4.23,1.0,3.18,1.0,0.035
2105,23,Judicial law clerks,Census 2018 official,2105,40.0,3.91,2.94,5.137493569024654,0.41,single_source_inherited,single_source_inherited,1.0,3.91,1.0,2.94,1.0,0.41
2110,23,"Judges, magistrates, and other judicial workers",Census 2018 official,2110,,3.8582696629213484,3.1729070480081716,,0.4170132788559755,missing_source_fail_closed,missing_source_fail_closed,1.0,3.8582696629213484,1.0,3.1729070480081716,1.0,0.4170132788559755
2145,23,Paralegals and legal assistants,Census 2018 official,2145,16.0,4.87,3.76,2.0493961276202293,0.94,single_source_inherited,single_source_inherited,1.0,4.87,1.0,3.76,1.0,0.94
2170,23,"Title examiners, abstractors, and searchers",Census 2018 official,2160,16.0,4.54,3.57,2.0493961276202293,0.99,single_source_inherited,single_source_inherited,1.0,4.54,1.0,3.57,1.0,0.99
2180,23,"Legal support workers, all other",Census 2018 official,2160,16.0,,,2.0493961276202293,,single_source_inherited,single_source_inherited,0,,0,,0,
2205,25,Postsecondary teachers,Census 2018 official,2200,1.0,4.3489228409138025,3.8194440067996185,-0.2421867237963724,,single_source_inherited,single_source_inherited,1.0,4.3489228409138025,1.0,3.8194440067996185,0,
2300,25,Preschool and kindergarten teachers,Census 2018 official,2300,30.0,2.5715893832943015,1.996986729117877,-1.6545650882758083,0.04099894223263076,single_source_inherited,single_source_inherited,1.0,2.5715893832943015,1.0,1.996986729117877,1.0,0.04099894223263076
2310,25,Elementary and middle school teachers,Census 2018 official,2310,22.0,3.601804337030293,2.8424515808640956,-1.4860239812483054,0.056678960437013745,single_source_inherited,single_source_inherited,1.0,3.601804337030293,1.0,2.8424515808640956,1.0,0.056678960437013745
2320,25,Secondary school teachers,Census 2018 official,2320,19.0,3.78985659967409,3.4351309071156977,-1.2314343992424028,0.007876371537208039,single_source_inherited,single_source_inherited,1.0,3.78985659967409,1.0,3.4351309071156977,1.0,0.007876371537208039
2330,25,Special education teachers,Census 2018 official,2330,24.0,3.84,3.735,-0.921602601436442,,single_source_inherited,single_source_inherited,1.0,3.84,1.0,3.735,0.3333333333333333,0.00395
2350,25,Tutors,Census 2018 official,2340,37.0,3.73,2.69,-1.154622804044256,,single_source_inherited,single_source_inherited,1.0,3.73,1.0,2.69,0,
2360,25,Other teachers and instructors,Census 2018 official,2340,37.0,3.519409053253181,2.6187073305435775,-1.154622804044256,,single_source_inherited,single_source_inherited,1.0,3.519409053253181,1.0,2.6187073305435775,0.2710134460564607,0.03766988125836396
2400,25,"Archivists, curators, and museum technicians",Census 2018 official,2400,7.0,3.8119565990750623,3.1394983991462113,-1.6083387772579316,0.3981716115261473,single_source_inherited,single_source_inherited,1.0,3.8119565990750623,1.0,3.1394983991462113,1.0,0.3981716115261473
2435,25,Librarians and media collections specialists,Census 2018 official,2430|2550,,,,,,merge_ambiguous_fail_closed,merge_ambiguous_fail_closed,0,,0,,0,
2440,25,Library technicians,Census 2018 official,2440,17.0,4.29,3.0,1.1047858089061355,0.99,single_source_inherited,single_source_inherited,1.0,4.29,1.0,3.0,1.0,0.99
2545,25,Teaching assistants,Census 2018 official,2200|2540,,3.035,2.1325,,,merge_ambiguous_fail_closed,merge_ambiguous_fail_closed,1.0,3.035,1.0,2.1325,0.75,0.42000000000000004
2555,25,Other educational instruction and library workers,Census 2018 official,2550,37.0,3.506666666666667,2.62,-1.154622804044256,,single_source_inherited,single_source_inherited,1.0,3.506666666666667,1.0,2.62,0.8333333333333333,0.28195000000000003
2600,27,Artists and related workers,Census 2018 official,2600,66.0,4.544497885835095,4.56406976744186,2.550762206801769,0.023800872093023253,single_source_inherited,single_source_inherited,1.0,4.544497885835095,1.0,4.56406976744186,1.0,0.023800872093023253
2631,27,Commercial and industrial designers,Census 2018 official,2630,59.0,4.38,3.7,0.83703375342517,0.037,single_source_inherited,single_source_inherited,1.0,4.38,1.0,3.7,1.0,0.037
2632,27,Fashion designers,Census 2018 official,2630,59.0,3.81,3.12,0.83703375342517,0.021,single_source_inherited,single_source_inherited,1.0,3.81,1.0,3.12,1.0,0.021
2633,27,Floral designers,Census 2018 official,2630,59.0,3.01,3.16,0.83703375342517,0.047,single_source_inherited,single_source_inherited,1.0,3.01,1.0,3.16,1.0,0.047
2634,27,Graphic designers,Census 2018 official,2630,59.0,4.35,3.96,0.83703375342517,0.082,single_source_inherited,single_source_inherited,1.0,4.35,1.0,3.96,1.0,0.082
2635,27,Interior designers,Census 2018 official,2630,59.0,4.67,3.81,0.83703375342517,0.022,single_source_inherited,single_source_inherited,1.0,4.67,1.0,3.81,1.0,0.022
2636,27,Merchandise displayers and window trimmers,Census 2018 official,2630,59.0,3.2,2.4,0.83703375342517,0.48,single_source_inherited,single_source_inherited,1.0,3.2,1.0,2.4,1.0,0.48
2640,27,Other designers,Census 2018 official,2630,59.0,3.916702267881372,3.3557294049234345,0.83703375342517,0.18988715836402403,single_source_inherited,single_source_inherited,1.0,3.916702267881372,1.0,3.3557294049234345,1.0,0.18988715836402403
2700,27,Actors,Census 2018 official,2700,32.0,1.97,1.24,-1.400358984606063,0.37,single_source_inherited,single_source_inherited,1.0,1.97,1.0,1.24,1.0,0.37
2710,27,Producers and directors,Census 2018 official,2710,32.0,4.188000000000001,3.582,-1.400358984606063,0.022,single_source_inherited,single_source_inherited,1.0,4.188000000000001,1.0,3.582,1.0,0.022
2721,27,Athletes and sports competitors,Census 2018 official,2720,27.0,2.37,2.69,-2.2316750864744845,0.28,single_source_inherited,single_source_inherited,1.0,2.37,1.0,2.69,1.0,0.28
2722,27,Coaches and scouts,Census 2018 official,2720,27.0,3.64,2.99,-2.2316750864744845,0.013,single_source_inherited,single_source_inherited,1.0,3.64,1.0,2.99,1.0,0.013
2723,27,"Umpires, referees, and other sports officials",Census 2018 official,2720,27.0,2.38,1.94,-2.2316750864744845,0.98,single_source_inherited,single_source_inherited,1.0,2.38,1.0,1.94,1.0,0.98
2740,27,Dancers and choreographers,Census 2018 official,2740,5.0,2.009375,1.5549107142857141,-0.28768207245178123,0.06587499999999999,single_source_inherited,single_source_inherited,1.0,2.009375,1.0,1.5549107142857141,1.0,0.06587499999999999
2751,27,Music directors and composers,Census 2018 official,2750,13.0,3.8899999999999997,3.25,-1.1354974922487253,0.015,single_source_inherited,single_source_inherited,1.0,3.8899999999999997,1.0,3.25,1.0,0.015
2752,27,Musicians and singers,Census 2018 official,2750,13.0,1.8849999999999998,1.24,-1.1354974922487253,0.074,single_source_inherited,single_source_inherited,1.0,1.8849999999999998,1.0,1.24,1.0,0.074
2755,27,"Disc jockeys, except radio",Census 2018 official,2760,1.0,,,-0.31316782241896235,,single_source_inherited,single_source_inherited,0,,0,,0,
2770,27,"Entertainers and performers, sports and related workers, all other",Census 2018 official,2760,1.0,,,-0.31316782241896235,,single_source_inherited,single_source_inherited,0,,0,,0,
2805,27,Broadcast announcers and radio disc jockeys,Census 2018 official,2800,17.0,4.76,4.34,,0.1,single_source_inherited,missing_source_fail_closed,1.0,4.76,1.0,4.34,1.0,0.1
2810,27,"News analysts, reporters, and journalists",Census 2018 official,2810,5.0,,,2.268488573082111,,single_source_inherited,single_source_inherited,0,,0,,0,
2825,27,Public relations specialists,Census 2018 official,2825,68.0,4.54,3.5,0.8974676055485247,0.18,single_source_inherited,single_source_inherited,1.0,4.54,1.0,3.5,1.0,0.18
2830,27,Editors,Census 2018 official,2830,5.0,4.57,3.28,2.268488573082111,0.055,single_source_inherited,single_source_inherited,1.0,4.57,1.0,3.28,1.0,0.055
2840,27,Technical writers,Census 2018 official,2840,38.0,4.61,4.15,-0.32428316448308014,0.89,single_source_inherited,single_source_inherited,1.0,4.61,1.0,4.15,1.0,0.89
2850,27,Writers and authors,Census 2018 official,2850,5.0,4.115,3.3049999999999997,,0.038,single_source_inherited,missing_source_fail_closed,1.0,4.115,1.0,3.3049999999999997,1.0,0.038
2861,27,Interpreters and translators,Census 2018 official,2860,1.0,3.34,3.05,-0.31316782241896235,0.38,single_source_inherited,single_source_inherited,1.0,3.34,1.0,3.05,1.0,0.38
2862,27,Court reporters and simultaneous captioners,Census 2018 official,2160,16.0,4.64,4.21,2.0493961276202293,0.5,single_source_inherited,single_source_inherited,1.0,4.64,1.0,4.21,1.0,0.5
2865,27,"Media and communication workers, all other",Census 2018 official,2800|2860,,3.43,3.08,,0.72,merge_ambiguous_fail_closed,missing_source_fail_closed,1.0,3.43,1.0,3.08,1.0,0.72
2905,27,"Broadcast, sound, and lighting technicians",Census 2018 official,2900|2960,,4.574096468959151,3.839029540733902,,0.5530613893376414,missing_source_fail_closed,missing_source_fail_closed,1.0,4.574096468959151,1.0,3.839029540733902,1.0,0.5530613893376414
2910,27,Photographers,Census 2018 official,2910,84.0,4.5,4.04,3.1065971046200085,0.021,single_source_inherited,single_source_inherited,1.0,4.5,1.0,4.04,1.0,0.021
2920,27,"Television, video, and film camera operators and editors",Census 2018 official,2920,5.0,4.5452929000207,4.021095011384807,2.268488573082111,0.4317387704409025,single_source_inherited,single_source_inherited,1.0,4.5452929000207,1.0,4.021095011384807,1.0,0.4317387704409025
2970,27,"Media and communication equipment workers, all other",Census 2018 official,2960,,,,,,missing_source_fail_closed,missing_source_fail_closed,0,,0,,0,
3000,29,Chiropractors,Census 2018 official,3000,8.0,3.86,3.7,-1.6739764335716714,0.027,single_source_inherited,single_source_inherited,1.0,3.86,1.0,3.7,1.0,0.027
3010,29,Dentists,Census 2018 official,3010,84.0,3.342859763214941,3.2477497081874276,-0.8656032007767024,0.005494830748707688,single_source_inherited,single_source_inherited,1.0,3.342859763214941,1.0,3.2477497081874276,1.0,0.005494830748707688
3030,29,Dietitians and nutritionists,Census 2018 official,3030,24.0,4.13,3.13,,0.0039,single_source_inherited,missing_source_fail_closed,1.0,4.13,1.0,3.13,1.0,0.0039
3040,29,Optometrists,Census 2018 official,3040,66.0,3.39,2.7,,0.14,single_source_inherited,missing_source_fail_closed,1.0,3.39,1.0,2.7,1.0,0.14
3050,29,Pharmacists,Census 2018 official,3050,24.0,4.61,3.8,,0.012,single_source_inherited,missing_source_fail_closed,1.0,4.61,1.0,3.8,1.0,0.012
3065,29,Emergency medicine physicians,Census 2018 official,3060,27.0,3.9525,3.4275,-1.0815224947726143,,single_source_inherited,single_source_inherited,1.0,3.9525,1.0,3.4275,0,
3070,29,Radiologists,Census 2018 official,3060,27.0,3.9525,3.4275,-1.0815224947726143,,single_source_inherited,single_source_inherited,1.0,3.9525,1.0,3.4275,0,
3090,29,Other physicians,Census 2018 official,3060,27.0,3.673710178834122,3.1857974158557987,-1.0815224947726143,,single_source_inherited,single_source_inherited,1.0,3.673710178834122,1.0,3.1857974158557987,0.25595788802041797,0.15053884192056152
3100,29,Surgeons,Census 2018 official,3060,27.0,3.3579139498970485,3.317391472203157,-1.0815224947726143,,single_source_inherited,single_source_inherited,1.0,3.3579139498970485,1.0,3.317391472203157,0,
3110,29,Physician assistants,Census 2018 official,3110,92.0,3.95,3.05,-0.2794786728291738,0.14,single_source_inherited,single_source_inherited,1.0,3.95,1.0,3.05,1.0,0.14
3120,29,Podiatrists,Census 2018 official,3120,1.0,3.41,3.69,0.6467716304525264,0.0046,single_source_inherited,single_source_inherited,1.0,3.41,1.0,3.69,1.0,0.0046
3140,29,Audiologists,Census 2018 official,3140,59.0,4.27,3.7,-0.2794786728291738,0.0033,single_source_inherited,single_source_inherited,1.0,4.27,1.0,3.7,1.0,0.0033
3150,29,Occupational therapists,Census 2018 official,3150,72.0,3.57,2.86,-0.2794786728291738,0.0035,single_source_inherited,single_source_inherited,1.0,3.57,1.0,2.86,1.0,0.0035
3160,29,Physical therapists,Census 2018 official,3160,64.0,3.21,2.58,-0.2794786728291738,0.021,single_source_inherited,single_source_inherited,1.0,3.21,1.0,2.58,1.0,0.021
3200,29,Radiation therapists,Census 2018 official,3200,26.0,4.38,4.3,-0.2794786728291738,0.34,single_source_inherited,single_source_inherited,1.0,4.38,1.0,4.3,1.0,0.34
3210,29,Recreational therapists,Census 2018 official,3210,26.0,3.81,3.27,-0.2794786728291738,0.0028,single_source_inherited,single_source_inherited,1.0,3.81,1.0,3.27,1.0,0.0028
3220,29,Respiratory therapists,Census 2018 official,3220,62.0,3.79,3.67,-0.2794786728291738,0.066,single_source_inherited,single_source_inherited,1.0,3.79,1.0,3.67,1.0,0.066
3230,29,Speech-language pathologists,Census 2018 official,3230,59.0,3.48,3.1,-0.2794786728291738,0.0064,single_source_inherited,single_source_inherited,1.0,3.48,1.0,3.1,1.0,0.0064
3235,29,Exercise physiologists,Census 2018 official,3235,,3.75,3.32,,,missing_source_fail_closed,missing_source_fail_closed,1.0,3.75,1.0,3.32,0,
3245,29,"Therapists, all other",Census 2018 official,3245,26.0,,,-0.2794786728291738,,single_source_inherited,single_source_inherited,0,,0,,0,
3250,29,Veterinarians,Census 2018 official,3250,70.0,3.45,2.99,2.3035934859997154,0.038,single_source_inherited,single_source_inherited,1.0,3.45,1.0,2.99,1.0,0.038
3255,29,Registered nurses,Census 2018 official,3255,43.0,4.12,3.3,-0.12166826816809762,,single_source_inherited,single_source_inherited,1.0,4.12,1.0,3.3,0,
3256,29,Nurse anesthetists,Census 2018 official,3256,43.0,3.58,3.45,-0.12166826816809762,,single_source_inherited,single_source_inherited,1.0,3.58,1.0,3.45,0,
3257,29,Nurse midwives,Census 2018 official,3257,,4.05,3.41,,,missing_source_fail_closed,missing_source_fail_closed,1.0,4.05,1.0,3.41,0,
3258,29,Nurse practitioners,Census 2018 official,3258,43.0,4.41,3.93,-0.12166826816809762,,single_source_inherited,single_source_inherited,1.0,4.41,1.0,3.93,0,
3261,29,Acupuncturists,Census 2018 official,3260,8.0,3.313333333333333,2.61,-1.6739764335716714,0.02,single_source_inherited,single_source_inherited,1.0,3.313333333333333,1.0,2.61,1.0,0.02
3270,29,"Healthcare diagnosing or treating practitioners, all other",Census 2018 official,3260,8.0,3.313333333333333,2.61,-1.6739764335716714,0.02,single_source_inherited,single_source_inherited,1.0,3.313333333333333,1.0,2.61,1.0,0.02
3300,29,Clinical laboratory technologists and technicians,Census 2018 official,3300,87.0,4.41,4.109999999999999,1.6146364461746412,0.685,single_source_inherited,single_source_inherited,1.0,4.41,1.0,4.109999999999999,1.0,0.685
3310,29,Dental hygienists,Census 2018 official,3310,32.0,3.5,3.06,3.020791786980711,0.68,single_source_inherited,single_source_inherited,1.0,3.5,1.0,3.06,1.0,0.68
3321,29,Cardiovascular technologists and technicians,Census 2018 official,3320,87.0,4.3,3.69,-0.026478589926097085,0.23,single_source_inherited,single_source_inherited,1.0,4.3,1.0,3.69,1.0,0.23
3322,29,Diagnostic medical sonographers,Census 2018 official,3320,87.0,3.98,3.52,-0.026478589926097085,0.35,single_source_inherited,single_source_inherited,1.0,3.98,1.0,3.52,1.0,0.35
3323,29,Radiologic technologists and technicians,Census 2018 official,3320,87.0,4.11,3.56,-0.026478589926097085,,single_source_inherited,single_source_inherited,1.0,4.11,1.0,3.56,0,
3324,29,Magnetic resonance imaging technologists,Census 2018 official,3320,87.0,4.52,3.73,-0.026478589926097085,,single_source_inherited,single_source_inherited,1.0,4.52,1.0,3.73,0,
3330,29,Nuclear medicine technologists and medical dosimetrists,Census 2018 official,3320,87.0,4.166949239697348,3.598797962731702,-0.026478589926097085,,single_source_inherited,single_source_inherited,1.0,4.166949239697348,1.0,3.598797962731702,0.3710668723524082,0.10425573593868605
3401,29,Emergency medical technicians,Census 2018 official,3400,39.0,3.86,3.92,0.5575303397020435,0.049,single_source_inherited,single_source_inherited,1.0,3.86,1.0,3.92,1.0,0.049
3402,29,Paramedics,Census 2018 official,3400,39.0,3.86,3.92,0.5575303397020435,0.049,single_source_inherited,single_source_inherited,1.0,3.86,1.0,3.92,1.0,0.049
3421,29,Pharmacy technicians,Census 2018 official,3420,87.0,4.16,3.83,0.7004116062534763,0.92,single_source_inherited,single_source_inherited,1.0,4.16,1.0,3.83,1.0,0.92
3422,29,Psychiatric technicians,Census 2018 official,3420,87.0,4.0,3.57,0.7004116062534763,0.043,single_source_inherited,single_source_inherited,1.0,4.0,1.0,3.57,1.0,0.043
3423,29,Surgical technologists,Census 2018 official,3420,87.0,2.85,2.61,0.7004116062534763,0.34,single_source_inherited,single_source_inherited,1.0,2.85,1.0,2.61,1.0,0.34
3424,29,Veterinary technologists and technicians,Census 2018 official,3420,87.0,4.15,2.97,0.7004116062534763,0.029,single_source_inherited,single_source_inherited,1.0,4.15,1.0,2.97,1.0,0.029
3430,29,Dietetic technicians and ophthalmic medical technicians,Census 2018 official,3420,87.0,3.9347826241302597,3.5109641690727504,0.7004116062534763,,single_source_inherited,single_source_inherited,1.0,3.9347826241302597,1.0,3.5109641690727504,0.9222558811000142,0.5313666871775453
3500,29,Licensed practical and licensed vocational nurses,Census 2018 official,3500,44.0,3.66,3.23,0.21502829470120932,0.058,single_source_inherited,single_source_inherited,1.0,3.66,1.0,3.23,1.0,0.058
3515,29,Medical records specialists,Census 2018 official,3510,32.0,4.35,4.0,,0.91,single_source_inherited,missing_source_fail_closed,1.0,4.35,1.0,4.0,1.0,0.91
3520,29,"Opticians, dispensing",Census 2018 official,3520,63.0,3.63,3.15,3.2059523140635875,0.71,single_source_inherited,single_source_inherited,1.0,3.63,1.0,3.15,1.0,0.71
3545,29,Miscellaneous health technologists and technicians,Census 2018 official,3420|3535,,,,,,merge_ambiguous_fail_closed,merge_ambiguous_fail_closed,0.13088843613014756,0.5292023214175465,0.13088843613014756,0.46871210718034206,0.9333827251960239,0.08713610545162685
3550,29,Other healthcare practitioners and technical occupations,Census 2018 official,3510|3540,,,,,,merge_ambiguous_fail_closed,missing_source_fail_closed,0.704044978916133,2.276575042948618,0.704044978916133,1.9198133687334062,0.49953146962361394,0.2707644619709511
3601,31,Home health aides,Census 2018 official,3600,30.0,1.91,1.14,-0.08208253888210143,0.39,single_source_inherited,single_source_inherited,1.0,1.91,1.0,1.14,1.0,0.39
3602,31,Personal care aides,Census 2018 official,4610,30.0,1.64,0.72,-0.08208253888210143,0.74,single_source_inherited,single_source_inherited,1.0,1.64,1.0,0.72,1.0,0.74
3603,31,Nursing assistants,Census 2018 official,3600,30.0,2.18,1.27,-0.08208253888210143,,single_source_inherited,single_source_inherited,1.0,2.18,1.0,1.27,0,
3605,31,Orderlies and psychiatric aides,Census 2018 official,3600,30.0,2.1943097496301274,1.3025789597821504,-0.08208253888210143,,single_source_inherited,single_source_inherited,1.0,2.1943097496301274,1.0,1.3025789597821504,0.02797452702750995,0.013148027702929676
3610,31,Occupational therapy assistants and aides,Census 2018 official,3610,30.0,3.693120176405733,2.8647342888643883,-0.08208253888210143,0.045983241455347296,single_source_inherited,single_source_inherited,1.0,3.693120176405733,1.0,2.8647342888643883,1.0,0.045983241455347296
3620,31,Physical therapist assistants and aides,Census 2018 official,3620,30.0,3.3558743109151052,2.550862183020948,-0.08208253888210143,0.20245336273428888,single_source_inherited,single_source_inherited,1.0,3.3558743109151052,1.0,2.550862183020948,1.0,0.20245336273428888
3630,31,Massage therapists,Census 2018 official,3630,30.0,2.33,1.93,-0.08208253888210143,0.54,single_source_inherited,single_source_inherited,1.0,2.33,1.0,1.93,1.0,0.54
3640,31,Dental assistants,Census 2018 official,3640,62.0,4.19,3.75,4.7250311988992735,0.51,single_source_inherited,single_source_inherited,1.0,4.19,1.0,3.75,1.0,0.51
3645,31,Medical assistants,Census 2018 official,3645,30.0,4.35,4.22,-0.08208253888210143,0.3,single_source_inherited,single_source_inherited,1.0,4.35,1.0,4.22,1.0,0.3
3646,31,Medical transcriptionists,Census 2018 official,3646,30.0,4.75,3.6,-0.08208253888210143,0.89,single_source_inherited,single_source_inherited,1.0,4.75,1.0,3.6,1.0,0.89
3647,31,Pharmacy aides,Census 2018 official,3647,30.0,4.51,5.09,-0.08208253888210143,0.72,single_source_inherited,single_source_inherited,1.0,4.51,1.0,5.09,1.0,0.72
3648,31,Veterinary assistants and laboratory animal caretakers,Census 2018 official,3648,30.0,3.32,3.29,-0.08208253888210143,0.86,single_source_inherited,single_source_inherited,1.0,3.32,1.0,3.29,1.0,0.86
3649,31,Phlebotomists,Census 2018 official,3649,30.0,4.41,4.14,-0.08208253888210143,,single_source_inherited,single_source_inherited,1.0,4.41,1.0,4.14,0,
3655,31,Other healthcare support workers,Census 2018 official,3655,30.0,4.1706083319582135,3.9717167845038777,-0.08208253888210143,,single_source_inherited,single_source_inherited,1.0,4.1706083319582135,1.0,3.9717167845038777,0.8469427907744254,0.38668168720884477
3700,33,First-line supervisors of correctional officers,Census 2018 official,3700,59.0,4.08,4.09,-0.08593151373562108,0.025,single_source_inherited,single_source_inherited,1.0,4.08,1.0,4.09,1.0,0.025
3710,33,First-line supervisors of police and detectives,Census 2018 official,3710,63.0,4.27,4.12,-1.5926684639287758,0.0044,single_source_inherited,single_source_inherited,1.0,4.27,1.0,4.12,1.0,0.0044
3720,33,First-line supervisors of firefighting and prevention workers,Census 2018 official,3720,25.0,3.44,2.83,-2.108682427129306,0.0036,single_source_inherited,single_source_inherited,1.0,3.44,1.0,2.83,1.0,0.0036
3725,33,First-line supervisors of security workers,Census 2018 official,3730,,,,0.7905190299339863,,missing_source_fail_closed,single_source_inherited,0,,0,,0,
3735,33,"First-line supervisors of protective service workers, all other",Census 2018 official,3730,,,,0.7905190299339863,,missing_source_fail_closed,single_source_inherited,0,,0,,0,
3740,33,Firefighters,Census 2018 official,3740,25.0,3.06,2.925,-2.108682427129306,0.17,single_source_inherited,single_source_inherited,1.0,3.06,1.0,2.925,1.0,0.17
3750,33,Fire inspectors,Census 2018 official,3750,25.0,3.7930224525043177,3.168819804260219,-2.108682427129306,0.41110880829015545,single_source_inherited,single_source_inherited,1.0,3.7930224525043177,1.0,3.168819804260219,1.0,0.41110880829015545
3801,33,Bailiffs,Census 2018 official,3800,59.0,2.81,2.37,-0.08593151373562108,0.36,single_source_inherited,single_source_inherited,1.0,2.81,1.0,2.37,1.0,0.36
3802,33,Correctional officers and jailers,Census 2018 official,3800,59.0,3.3,3.37,-0.08593151373562108,0.6,single_source_inherited,single_source_inherited,1.0,3.3,1.0,3.37,1.0,0.6
3820,33,Detectives and criminal investigators,Census 2018 official,3820,63.0,4.214,4.032,-1.5926684639287758,0.34,single_source_inherited,single_source_inherited,1.0,4.214,1.0,4.032,1.0,0.34
3830,33,Fish and game wardens,Census 2018 official,3830,,3.75,3.14,,0.08,missing_source_fail_closed,missing_source_fail_closed,1.0,3.75,1.0,3.14,1.0,0.08
3840,33,Parking enforcement workers,Census 2018 official,3840,20.0,3.5,3.6,-0.36629509342975264,0.84,single_source_inherited,single_source_inherited,1.0,3.5,1.0,3.6,1.0,0.84
3870,33,Police officers,Census 2018 official,3850,63.0,3.983309565451366,3.6852238515927467,-1.5926684639287758,0.10053296859350942,single_source_inherited,single_source_inherited,1.0,3.983309565451366,1.0,3.6852238515927467,1.0,0.10053296859350942
3900,33,Animal control workers,Census 2018 official,3900,20.0,3.93,3.15,-0.36629509342975264,0.21,single_source_inherited,single_source_inherited,1.0,3.93,1.0,3.15,1.0,0.21
3910,33,Private detectives and investigators,Census 2018 official,3910,67.0,4.34,3.45,1.960435990398878,0.31,single_source_inherited,single_source_inherited,1.0,4.34,1.0,3.45,1.0,0.31
3930,33,Security guards and gambling surveillance officers,Census 2018 official,3930,67.0,2.4587886972587194,2.3855997899258177,1.960435990398878,0.8409480535314033,single_source_inherited,single_source_inherited,1.0,2.4587886972587194,1.0,2.3855997899258177,1.0,0.8409480535314033
3940,33,Crossing guards and flaggers,Census 2018 official,3940,15.0,1.98,1.5,0.02228097455466127,0.49,single_source_inherited,single_source_inherited,1.0,1.98,1.0,1.5,1.0,0.49
3945,33,Transportation security screeners,Census 2018 official,3945,17.0,3.0,2.44,0.11107830091416404,,single_source_inherited,single_source_inherited,1.0,3.0,1.0,2.44,0,
3946,33,School bus monitors,Census 2018 official,3955,20.0,3.91,3.9,-0.36629509342975264,,single_source_inherited,single_source_inherited,1.0,3.91,1.0,3.9,0,
3960,33,Other protective service workers,Census 2018 official,3955,20.0,2.620418714909545,2.1704169681846537,-0.36629509342975264,,single_source_inherited,single_source_inherited,1.0,2.620418714909545,1.0,2.1704169681846537,0.4916032439176544,0.29223331253898943
4000,35,Chefs and head cooks,Census 2018 official,4000,9.0,3.11,2.93,3.37480610119438,0.1,single_source_inherited,single_source_inherited,1.0,3.11,1.0,2.93,1.0,0.1
4010,35,First-line supervisors of food preparation and serving workers,Census 2018 official,4010,67.0,3.12,2.73,0.8345136290831388,0.63,single_source_inherited,single_source_inherited,1.0,3.12,1.0,2.73,1.0,0.63
4020,35,Cooks,Census 2018 official,4020,9.0,2.3215172836469646,2.142166856847937,3.37480610119438,0.8918259821216166,single_source_inherited,single_source_inherited,1.0,2.3215172836469646,1.0,2.142166856847937,1.0,0.8918259821216166
4030,35,Food preparation workers,Census 2018 official,4030,2.0,2.43,2.32,1.0009670039619036,0.87,single_source_inherited,single_source_inherited,1.0,2.43,1.0,2.32,1.0,0.87
4040,35,Bartenders,Census 2018 official,4040,7.0,2.57,2.05,2.4731154930660613,0.77,single_source_inherited,single_source_inherited,1.0,2.57,1.0,2.05,1.0,0.77
4055,35,Fast food and counter workers,Census 2018 official,4050,7.0,,,0.9910087326276849,,single_source_inherited,single_source_inherited,0,,0,,0,
4110,35,Waiters and waitresses,Census 2018 official,4110,16.0,2.7,1.88,-0.6339596268344251,0.94,single_source_inherited,single_source_inherited,1.0,2.7,1.0,1.88,1.0,0.94
4120,35,"Food servers, nonrestaurant",Census 2018 official,4120,7.0,1.46,0.56,0.9910087326276849,0.86,single_source_inherited,single_source_inherited,1.0,1.46,1.0,0.56,1.0,0.86
4130,35,Dining room and cafeteria attendants and bartender helpers,Census 2018 official,4130,7.0,2.65,2.46,0.9910087326276849,0.91,single_source_inherited,single_source_inherited,1.0,2.65,1.0,2.46,1.0,0.91
4140,35,Dishwashers,Census 2018 official,4140,7.0,2.15,1.67,0.9910087326276849,0.77,single_source_inherited,single_source_inherited,1.0,2.15,1.0,1.67,1.0,0.77
4150,35,"Hosts and hostesses, restaurant, lounge, and coffee shop",Census 2018 official,4150,7.0,2.55,1.52,0.9910087326276849,0.97,single_source_inherited,single_source_inherited,1.0,2.55,1.0,1.52,1.0,0.97
4160,35,"Food preparation and serving related workers, all other",Census 2018 official,4160,,,,,,missing_source_fail_closed,missing_source_fail_closed,0,,0,,0,
4200,37,First-line supervisors of housekeeping and janitorial workers,Census 2018 official,4200,37.0,2.38,1.82,-0.19675587053453736,0.94,single_source_inherited,single_source_inherited,1.0,2.38,1.0,1.82,1.0,0.94
4210,37,"First-line supervisors of landscaping, lawn service, and groundskeeping workers",Census 2018 official,4210,15.0,3.1,2.35,-0.6499199568284486,0.57,single_source_inherited,single_source_inherited,1.0,3.1,1.0,2.35,1.0,0.57
4220,37,Janitors and building cleaners,Census 2018 official,4220,80.0,1.7635891685476301,1.2002006441772248,0.44884202889307623,0.6678630561825434,single_source_inherited,single_source_inherited,1.0,1.7635891685476301,1.0,1.2002006441772248,1.0,0.6678630561825434
4230,37,Maids and housekeeping cleaners,Census 2018 official,4230,42.0,1.83,1.06,-0.08459524761073028,0.69,single_source_inherited,single_source_inherited,1.0,1.83,1.0,1.06,1.0,0.69
4240,37,Pest control workers,Census 2018 official,4240,100.0,2.5,1.42,0.35536612068975515,0.66,single_source_inherited,single_source_inherited,1.0,2.5,1.0,1.42,1.0,0.66
4251,37,Landscaping and groundskeeping workers,Census 2018 official,4250,49.0,1.25,0.3,0.09301935957533139,0.95,single_source_inherited,single_source_inherited,1.0,1.25,1.0,0.3,1.0,0.95
4252,37,Tree trimmers and pruners,Census 2018 official,4250,49.0,1.44,1.04,0.09301935957533139,0.77,single_source_inherited,single_source_inherited,1.0,1.44,1.0,1.04,1.0,0.77
4255,37,Other grounds maintenance workers,Census 2018 official,4250,49.0,1.2867989668711401,0.3742561368062571,0.09301935957533139,0.9426793655422364,single_source_inherited,single_source_inherited,1.0,1.2867989668711401,1.0,0.3742561368062571,1.0,0.9426793655422364
4330,39,Supervisors of personal care and service workers,Census 2018 official,4320,15.0,,,-0.4348899895046834,,single_source_inherited,single_source_inherited,0.8958911419423693,3.1087422625400216,0.8958911419423693,2.660796691568837,0.8958911419423693,0.06808772678762007
4340,39,Animal trainers,Census 2018 official,4340,7.0,2.62,2.38,1.4715203068426572,0.1,single_source_inherited,single_source_inherited,1.0,2.62,1.0,2.38,1.0,0.1
4350,39,Animal caretakers,Census 2018 official,4350,7.0,2.93,2.32,1.4715203068426572,0.82,single_source_inherited,single_source_inherited,1.0,2.93,1.0,2.32,1.0,0.82
4400,39,Gambling services workers,Census 2018 official,4400,70.0,1.636340921710161,1.0675485841199335,-0.43263738767471804,0.954905607995558,single_source_inherited,single_source_inherited,1.0,1.636340921710161,1.0,1.0675485841199335,1.0,0.954905607995558
4420,39,"Ushers, lobby attendants, and ticket takers",Census 2018 official,4420,44.0,2.7,1.88,1.0794682593240594,0.96,single_source_inherited,single_source_inherited,1.0,2.7,1.0,1.88,1.0,0.96
4435,39,Other entertainment attendants and related workers,Census 2018 official,4430,70.0,2.8397528785440143,1.8714852049028106,-0.43263738767471804,0.7877090503899963,single_source_inherited,single_source_inherited,1.0,2.8397528785440143,1.0,1.8714852049028106,1.0,0.7877090503899963
4461,39,"Embalmers, crematory operators and funeral attendants",Census 2018 official,4460|4650,21.0,3.5336549134835127,3.3004195233431273,-0.5105797500842162,,merge_equal_source_scores,merge_equal_source_scores,1.0,3.5336549134835127,1.0,3.3004195233431273,0.5968005223636957,0.23211067580803135
4465,39,"Morticians, undertakers, and funeral arrangers",Census 2018 official,4465,2.0,4.36,3.65,,,single_source_inherited,missing_source_fail_closed,1.0,4.36,1.0,3.65,0,
4500,39,Barbers,Census 2018 official,4500,1.0,1.43,0.56,5.436072770973678,0.8,single_source_inherited,single_source_inherited,1.0,1.43,1.0,0.56,1.0,0.8
4510,39,"Hairdressers, hairstylists, and cosmetologists",Census 2018 official,4510,15.0,2.95,2.56,2.6395731870483368,0.11,single_source_inherited,single_source_inherited,1.0,2.95,1.0,2.56,1.0,0.11
4521,39,Manicurists and pedicurists,Census 2018 official,4520,15.0,2.0,1.05,2.6395731870483368,0.95,single_source_inherited,single_source_inherited,1.0,2.0,1.0,1.05,1.0,0.95
4522,39,Skincare specialists,Census 2018 official,4520,15.0,2.19,1.02,2.6395731870483368,0.29,single_source_inherited,single_source_inherited,1.0,2.19,1.0,1.02,1.0,0.29
4525,39,Other personal appearance workers,Census 2018 official,4520,15.0,2.0451127901883486,1.0466392904073587,2.6395731870483368,0.7487582128777922,single_source_inherited,single_source_inherited,0.9999999999999999,2.0451127901883486,0.9999999999999999,1.0466392904073587,0.9999999999999999,0.7487582128777922
4530,39,"Baggage porters, bellhops, and concierges",Census 2018 official,4530,91.0,3.765629506378258,3.164172675171011,-0.6703161220120928,0.4453226104640414,single_source_inherited,single_source_inherited,1.0,3.765629506378258,1.0,3.164172675171011,1.0,0.4453226104640414
4540,39,Tour and travel guides,Census 2018 official,4540,27.0,3.005,2.445,0.6411632452397582,0.48350000000000004,single_source_inherited,single_source_inherited,1.0,3.005,1.0,2.445,1.0,0.48350000000000004
4600,39,Childcare workers,Census 2018 official,4600,38.0,1.81,0.97,0.9159113720974712,0.084,single_source_inherited,single_source_inherited,1.0,1.81,1.0,0.97,1.0,0.084
4621,39,Exercise trainers and group fitness instructors,Census 2018 official,4620,17.0,2.16,1.84,-1.890491627364073,0.085,single_source_inherited,single_source_inherited,1.0,2.16,1.0,1.84,1.0,0.085
4622,39,Recreation workers,Census 2018 official,4620,17.0,3.86,3.2,-1.890491627364073,0.0061,single_source_inherited,single_source_inherited,1.0,3.86,1.0,3.2,1.0,0.0061
4640,39,Residential advisors,Census 2018 official,4640,38.0,3.57,3.33,0.9159113720974712,0.064,single_source_inherited,single_source_inherited,1.0,3.57,1.0,3.33,1.0,0.064
4655,39,"Personal care and service workers, all other",Census 2018 official,4650,21.0,,,-0.5105797500842162,,single_source_inherited,single_source_inherited,0,,0,,0,
4700,41,First-Line supervisors of retail sales workers,Census 2018 official,4700,28.0,3.24,3.06,-0.641108115086422,0.28,single_source_inherited,single_source_inherited,1.0,3.24,1.0,3.06,1.0,0.28
4710,41,First-Line supervisors of non-retail sales workers,Census 2018 official,4710,28.0,4.63,3.48,-0.641108115086422,0.075,single_source_inherited,single_source_inherited,1.0,4.63,1.0,3.48,1.0,0.075
4720,41,Cashiers,Census 2018 official,4720,65.0,2.94431941999958,1.4868905033326638,4.933259375914533,0.9692800966667366,single_source_inherited,single_source_inherited,1.0,2.94431941999958,1.0,1.4868905033326638,1.0,0.9692800966667366
4740,41,Counter and rental clerks,Census 2018 official,4740,2.0,3.7,3.09,0.8554131359043381,0.97,single_source_inherited,single_source_inherited,1.0,3.7,1.0,3.09,1.0,0.97
4750,41,Parts salespersons,Census 2018 official,4750,2.0,4.73,4.69,0.8554131359043381,0.98,single_source_inherited,single_source_inherited,1.0,4.73,1.0,4.69,1.0,0.98
4760,41,Retail salespersons,Census 2018 official,4760,2.0,3.46,2.52,0.8554131359043381,0.92,single_source_inherited,single_source_inherited,1.0,3.46,1.0,2.52,1.0,0.92
4800,41,Advertising sales agents,Census 2018 official,4800,6.0,4.12,3.44,5.857593146324737,0.54,single_source_inherited,single_source_inherited,1.0,4.12,1.0,3.44,1.0,0.54
4810,41,Insurance sales agents,Census 2018 official,4810,14.0,3.88,3.73,4.2211555794116045,0.92,single_source_inherited,single_source_inherited,1.0,3.88,1.0,3.73,1.0,0.92
4820,41,"Securities, commodities, and financial services sales agents",Census 2018 official,4820,20.0,4.333333333333333,4.273333333333333,3.206307566159224,0.016,single_source_inherited,single_source_inherited,1.0,4.333333333333333,1.0,4.273333333333333,1.0,0.016
4830,41,Travel agents,Census 2018 official,4830,15.0,4.6,3.83,2.1590627579674204,0.099,single_source_inherited,single_source_inherited,1.0,4.6,1.0,3.83,1.0,0.099
4840,41,"Sales representatives of services, except advertising, insurance, financial services, and travel",Census 2018 official,4840,2.0,4.58,3.62,0.8554131359043381,,single_source_inherited,single_source_inherited,1.0,4.58,1.0,3.62,0,
4850,41,"Sales representatives, wholesale and manufacturing",Census 2018 official,4850,11.0,3.522382196003049,3.3641464222980813,1.3274106196793287,0.744146422298081,single_source_inherited,single_source_inherited,1.0,3.522382196003049,1.0,3.3641464222980813,1.0,0.744146422298081
4900,41,"Models, demonstrators, and product promoters",Census 2018 official,4900,5.0,1.98485473289597,1.556269915651359,0.5378672933736416,0.5320243673851921,single_source_inherited,single_source_inherited,1.0,1.98485473289597,1.0,1.556269915651359,1.0,0.5320243673851921
4920,41,Real estate brokers and sales agents,Census 2018 official,4920,60.0,4.2920135484446025,3.430326232284517,2.4985519367069005,0.8837570193421873,single_source_inherited,single_source_inherited,1.0,4.2920135484446025,1.0,3.430326232284517,1.0,0.8837570193421873
4930,41,Sales engineers,Census 2018 official,4930,17.0,4.64,4.8,0.20365231792996208,0.0041,single_source_inherited,single_source_inherited,1.0,4.64,1.0,4.8,1.0,0.0041
4940,41,Telemarketers,Census 2018 official,4940,11.0,3.94,2.38,1.3274106196793287,0.99,single_source_inherited,single_source_inherited,1.0,3.94,1.0,2.38,1.0,0.99
4950,41,"Door-to-door sales workers, news and street vendors, and related workers",Census 2018 official,4950,39.0,3.52,2.38,-0.4592122968765464,0.94,single_source_inherited,single_source_inherited,1.0,3.52,1.0,2.38,1.0,0.94
4965,41,"Sales and related workers, all other",Census 2018 official,4965,11.0,,,1.3274106196793287,,single_source_inherited,single_source_inherited,0,,0,,0,
5000,43,First-Line supervisors of office and administrative support workers,Census 2018 official,5000,8.0,4.47,3.83,2.082568351992104,0.014,single_source_inherited,single_source_inherited,1.0,4.47,1.0,3.83,1.0,0.014
5010,43,"Switchboard operators, including answering service",Census 2018 official,5010,83.0,4.44,3.72,4.285622691536821,0.96,single_source_inherited,single_source_inherited,1.0,4.44,1.0,3.72,1.0,0.96
5020,43,Telephone operators,Census 2018 official,5020,83.0,4.44,2.75,4.285622691536821,0.97,single_source_inherited,single_source_inherited,1.0,4.44,1.0,2.75,1.0,0.97
5040,43,"Communications equipment operators, all other",Census 2018 official,2900|5030,,4.21,4.03,,0.98,missing_source_fail_closed,missing_source_fail_closed,1.0,4.21,1.0,4.03,1.0,0.98
5100,43,Bill and account collectors,Census 2018 official,5100,2.0,4.16,2.52,5.102402266836223,0.95,single_source_inherited,single_source_inherited,1.0,4.16,1.0,2.52,1.0,0.95
5110,43,Billing and posting clerks,Census 2018 official,5110,13.0,4.295,3.955,3.9379058132187863,0.96,single_source_inherited,single_source_inherited,1.0,4.295,1.0,3.955,1.0,0.96
5120,43,"Bookkeeping, accounting, and auditing clerks",Census 2018 official,5120,45.0,4.46,3.95,4.748019105013584,0.98,single_source_inherited,single_source_inherited,1.0,4.46,1.0,3.95,1.0,0.98
5130,43,Gambling cage workers,Census 2018 official,5130,65.0,3.76,3.12,4.933259375914533,0.39,single_source_inherited,single_source_inherited,1.0,3.76,1.0,3.12,1.0,0.39
5140,43,Payroll and timekeeping clerks,Census 2018 official,5140,2.0,4.2,3.18,,0.97,single_source_inherited,missing_source_fail_closed,1.0,4.2,1.0,3.18,1.0,0.97
5150,43,Procurement clerks,Census 2018 official,5150,6.0,4.67,3.62,1.8260229389576037,0.98,single_source_inherited,single_source_inherited,1.0,4.67,1.0,3.62,1.0,0.98
5160,43,Tellers,Census 2018 official,5160,20.0,4.28,3.92,7.970400582681182,0.98,single_source_inherited,single_source_inherited,1.0,4.28,1.0,3.92,1.0,0.98
5165,43,"Financial clerks, all other",Census 2018 official,5165,20.0,,,7.970400582681182,,single_source_inherited,single_source_inherited,0,,0,,0,
5200,43,Brokerage clerks,Census 2018 official,5200,39.0,4.19,3.14,3.564691702042053,0.98,single_source_inherited,single_source_inherited,1.0,4.19,1.0,3.14,1.0,0.98
5210,43,Correspondence clerks,Census 2018 official,5210,,4.69,3.55,,0.86,missing_source_fail_closed,missing_source_fail_closed,1.0,4.69,1.0,3.55,1.0,0.86
5220,43,"Court, municipal, and license clerks",Census 2018 official,5220,26.0,4.383333333333333,3.1999999999999997,3.781607984281899,0.46,single_source_inherited,single_source_inherited,1.0,4.383333333333333,1.0,3.1999999999999997,1.0,0.46
5230,43,"Credit authorizers, checkers, and clerks",Census 2018 official,5230,7.0,4.42,4.08,3.757227865507378,0.97,single_source_inherited,single_source_inherited,1.0,4.42,1.0,4.08,1.0,0.97
5240,43,Customer service representatives,Census 2018 official,5240,38.0,4.25,3.53,2.5961553747918753,0.55,single_source_inherited,single_source_inherited,1.0,4.25,1.0,3.53,1.0,0.55
5250,43,"Eligibility interviewers, government programs",Census 2018 official,5250,5.0,4.32,2.91,3.850844751696177,0.7,single_source_inherited,single_source_inherited,1.0,4.32,1.0,2.91,1.0,0.7
5260,43,File clerks,Census 2018 official,5260,17.0,3.88,3.45,5.171381942828969,0.97,single_source_inherited,single_source_inherited,1.0,3.88,1.0,3.45,1.0,0.97
5300,43,"Hotel, motel, and resort desk clerks",Census 2018 official,5300,2.0,4.55,3.47,1.7576585687151876,0.94,single_source_inherited,single_source_inherited,1.0,4.55,1.0,3.47,1.0,0.94
5310,43,"Interviewers, except eligibility and loan",Census 2018 official,5310,7.0,3.66,2.28,3.757227865507378,0.94,single_source_inherited,single_source_inherited,1.0,3.66,1.0,2.28,1.0,0.94
5320,43,"Library assistants, clerical",Census 2018 official,5320,17.0,4.65,3.37,1.1047858089061355,0.95,single_source_inherited,single_source_inherited,1.0,4.65,1.0,3.37,1.0,0.95
5330,43,Loan interviewers and clerks,Census 2018 official,5330,38.0,4.92,4.97,2.5961553747918753,0.92,single_source_inherited,single_source_inherited,1.0,4.92,1.0,4.97,1.0,0.92
5340,43,New accounts clerks,Census 2018 official,5340,7.0,4.82,3.23,3.757227865507378,0.99,single_source_inherited,single_source_inherited,1.0,4.82,1.0,3.23,1.0,0.99
5350,43,Order clerks,Census 2018 official,5350,2.0,4.29,3.79,2.0846223871573533,0.98,single_source_inherited,single_source_inherited,1.0,4.29,1.0,3.79,1.0,0.98
5360,43,"Human resources assistants, except payroll and timekeeping",Census 2018 official,5360,91.0,4.64,4.21,3.725291884134667,0.9,single_source_inherited,single_source_inherited,1.0,4.64,1.0,4.21,1.0,0.9
5400,43,Receptionists and information clerks,Census 2018 official,5400,71.0,4.68,3.27,3.975662087058902,0.96,single_source_inherited,single_source_inherited,1.0,4.68,1.0,3.27,1.0,0.96
5410,43,Reservation and transportation ticket agents and travel clerks,Census 2018 official,5410,15.0,4.83,3.93,2.1590627579674204,0.61,single_source_inherited,single_source_inherited,1.0,4.83,1.0,3.93,1.0,0.61
5420,43,"Information and record clerks, all other",Census 2018 official,5420,39.0,,,3.564691702042053,,single_source_inherited,single_source_inherited,0,,0,,0,
5500,43,Cargo and freight agents,Census 2018 official,5500,79.0,3.58,3.22,2.3322110601175137,0.99,single_source_inherited,single_source_inherited,1.0,3.58,1.0,3.22,1.0,0.99
5510,43,Couriers and messengers,Census 2018 official,5510,30.0,1.82,1.26,2.288351181988545,0.94,single_source_inherited,single_source_inherited,1.0,1.82,1.0,1.26,1.0,0.94
5521,43,Public safety telecommunicators,Census 2018 official,5520,96.0,4.74,4.33,2.656067734004177,0.49,single_source_inherited,single_source_inherited,1.0,4.74,1.0,4.33,1.0,0.49
5522,43,"Dispatchers, except police, fire, and ambulance",Census 2018 official,5520,96.0,4.43,4.41,2.656067734004177,0.96,single_source_inherited,single_source_inherited,1.0,4.43,1.0,4.41,1.0,0.96
5530,43,"Meter readers, utilities",Census 2018 official,5530,44.0,3.41,2.88,,0.85,single_source_inherited,missing_source_fail_closed,1.0,3.41,1.0,2.88,1.0,0.85
5540,43,Postal service clerks,Census 2018 official,5540,21.0,3.66,3.1,4.699136616681621,0.95,single_source_inherited,single_source_inherited,1.0,3.66,1.0,3.1,1.0,0.95
5550,43,Postal service mail carriers,Census 2018 official,5550,1.0,1.74,1.23,1.4161908161161625,0.68,single_source_inherited,single_source_inherited,1.0,1.74,1.0,1.23,1.0,0.68
5560,43,"Postal service mail sorters, processors, and processing machine operators",Census 2018 official,5560,,2.98,1.81,2.117225745340474,0.79,missing_source_fail_closed,single_source_inherited,1.0,2.98,1.0,1.81,1.0,0.79
5600,43,"Production, planning, and expediting clerks",Census 2018 official,5600,72.0,4.29,4.16,2.216809074218278,0.88,single_source_inherited,single_source_inherited,1.0,4.29,1.0,4.16,1.0,0.88
5610,43,"Shipping, receiving, and inventory clerks",Census 2018 official,5610,79.0,3.25,3.16,2.3322110601175137,0.98,single_source_inherited,single_source_inherited,1.0,3.25,1.0,3.16,1.0,0.98
5630,43,"Weighers, measurers, checkers, and samplers, recordkeeping",Census 2018 official,5630,98.0,3.89,3.44,3.0635155182236864,0.95,single_source_inherited,single_source_inherited,1.0,3.89,1.0,3.44,1.0,0.95
5710,43,Executive secretaries and executive administrative assistants,Census 2018 official,5700,33.0,4.41,3.63,5.655856271943247,0.86,single_source_inherited,single_source_inherited,1.0,4.41,1.0,3.63,1.0,0.86
5720,43,Legal secretaries and administrative assistants,Census 2018 official,5700,33.0,4.16,3.48,5.655856271943247,0.98,single_source_inherited,single_source_inherited,1.0,4.16,1.0,3.48,1.0,0.98
5730,43,Medical secretaries and administrative assistants,Census 2018 official,5700,33.0,4.64,3.38,5.655856271943247,0.81,single_source_inherited,single_source_inherited,1.0,4.64,1.0,3.38,1.0,0.81
5740,43,"Secretaries and administrative assistants, except legal, medical, and executive",Census 2018 official,5700,33.0,4.38,2.95,5.655856271943247,0.96,single_source_inherited,single_source_inherited,1.0,4.38,1.0,2.95,1.0,0.96
5810,43,Data entry keyers,Census 2018 official,5810,63.0,4.71,3.81,2.7971603311209865,0.99,single_source_inherited,single_source_inherited,1.0,4.71,1.0,3.81,1.0,0.99
5820,43,Word processors and typists,Census 2018 official,5820,18.0,4.15,3.34,4.871612174864944,0.81,single_source_inherited,single_source_inherited,1.0,4.15,1.0,3.34,1.0,0.81
5830,43,Desktop publishers,Census 2018 official,5830,,4.92,3.89,,0.16,missing_source_fail_closed,missing_source_fail_closed,1.0,4.92,1.0,3.89,1.0,0.16
5840,43,Insurance claims and policy processing clerks,Census 2018 official,5840,44.0,4.48,3.1950000000000003,3.061313500413353,0.98,single_source_inherited,single_source_inherited,1.0,4.48,1.0,3.1950000000000003,1.0,0.98
5850,43,"Mail clerks and mail machine operators, except postal service",Census 2018 official,5850,79.0,3.29,2.56,4.376813124555678,0.94,single_source_inherited,single_source_inherited,1.0,3.29,1.0,2.56,1.0,0.94
5860,43,"Office clerks, general",Census 2018 official,5860,47.0,4.25,2.87,3.916230630786022,0.96,single_source_inherited,single_source_inherited,1.0,4.25,1.0,2.87,1.0,0.96
5900,43,"Office machine operators, except computer",Census 2018 official,5900,91.0,3.99,3.12,2.921260273760761,0.92,single_source_inherited,single_source_inherited,1.0,3.99,1.0,3.12,1.0,0.92
5910,43,Proofreaders and copy markers,Census 2018 official,5910,64.0,4.1,2.61,,0.84,single_source_inherited,missing_source_fail_closed,1.0,4.1,1.0,2.61,1.0,0.84
5920,43,Statistical assistants,Census 2018 official,5920,61.0,4.78,4.36,3.695790030580909,0.66,single_source_inherited,single_source_inherited,1.0,4.78,1.0,4.36,1.0,0.66
5940,43,"Office and administrative support workers, all other",Census 2018 official,5940,26.0,,,3.781607984281899,,single_source_inherited,single_source_inherited,0,,0,,0,
6005,45,"First-line supervisors of farming, fishing, and forestry workers",Census 2018 official,6005,91.0,2.8125,2.5175,-0.6420097007911352,0.57,single_source_inherited,single_source_inherited,1.0,2.8125,1.0,2.5175,1.0,0.57
6010,45,Agricultural inspectors,Census 2018 official,6010,82.0,3.93,3.39,-0.0340672299058542,0.94,single_source_inherited,single_source_inherited,1.0,3.93,1.0,3.39,1.0,0.94
6020,45,Animal breeders,Census 2018 official,6020,,2.97,1.66,,0.95,missing_source_fail_closed,missing_source_fail_closed,1.0,2.97,1.0,1.66,1.0,0.95
6040,45,"Graders and sorters, agricultural products",Census 2018 official,6040,15.0,1.86,1.29,0.5005799702624606,0.41,single_source_inherited,single_source_inherited,1.0,1.86,1.0,1.29,1.0,0.41
6050,45,Miscellaneous agricultural workers,Census 2018 official,6050,97.0,1.8049194121829817,1.2843120407679545,0.09310569185427292,,single_source_inherited,single_source_inherited,1.0,1.8049194121829817,1.0,1.2843120407679545,0,
6115,45,Fishing and hunting workers,Census 2018 official,6100,61.0,,,0.13351942897764296,,single_source_inherited,single_source_inherited,0,,0,,0,
6120,45,Forest and conservation workers,Census 2018 official,6120,91.0,3.98,2.94,-0.6420097007911352,0.87,single_source_inherited,single_source_inherited,1.0,3.98,1.0,2.94,1.0,0.87
6130,45,Logging workers,Census 2018 official,6130,91.0,2.3785154826958106,2.2131997571341833,-0.6420097007911352,0.804016393442623,single_source_inherited,single_source_inherited,1.0,2.3785154826958106,1.0,2.2131997571341833,1.0,0.804016393442623
6200,47,First-line supervisors of construction trades and extraction workers,Census 2018 official,6200,41.0,2.77,2.79,-0.6907341149763129,0.17,single_source_inherited,single_source_inherited,1.0,2.77,1.0,2.79,1.0,0.17
6210,47,Boilermakers,Census 2018 official,6210,24.0,2.17,1.8,,0.68,single_source_inherited,missing_source_fail_closed,1.0,2.17,1.0,1.8,1.0,0.68
6220,47,"Brickmasons, blockmasons, and stonemasons",Census 2018 official,6220,49.0,1.6688452655889146,1.1712471131639723,0.510943587861023,0.8296997690531177,single_source_inherited,single_source_inherited,1.0,1.6688452655889146,1.0,1.1712471131639723,1.0,0.8296997690531177
6230,47,Carpenters,Census 2018 official,6230,82.0,1.67,0.99,-0.29101883462883793,0.72,single_source_inherited,single_source_inherited,1.0,1.67,1.0,0.99,1.0,0.72
6240,47,"Carpet, floor, and tile installers and finishers",Census 2018 official,6240,49.0,1.4641715516210072,0.7315611915300873,0.510943587861023,0.7933975355903816,single_source_inherited,single_source_inherited,1.0,1.4641715516210072,1.0,0.7315611915300873,1.0,0.7933975355903816
6250,47,"Cement masons, concrete finishers, and terrazzo workers",Census 2018 official,6250,37.0,2.004140773620799,1.434838300570704,0.8542203928955091,0.9391629676601141,single_source_inherited,single_source_inherited,1.0,2.004140773620799,1.0,1.434838300570704,1.0,0.9391629676601141
6260,47,Construction laborers,Census 2018 official,6260,68.0,1.62,0.87,0.6651624419666012,0.88,single_source_inherited,single_source_inherited,1.0,1.62,1.0,0.87,1.0,0.88
6305,47,Construction equipment operators,Census 2018 official,6320,99.0,2.457512699324175,1.4438495516586423,0.5282765336792876,0.9372061486814788,single_source_inherited,single_source_inherited,1.0,2.457512699324175,1.0,1.4438495516586423,1.0,0.9372061486814788
6330,47,"Drywall installers, ceiling tile installers, and tapers",Census 2018 official,6330,39.0,1.3308240035826242,0.5990362740707569,0.9513437970455072,0.7678002686968205,single_source_inherited,single_source_inherited,1.0,1.3308240035826242,1.0,0.5990362740707569,1.0,0.7678002686968205
6355,47,Electricians,Census 2018 official,6355,40.0,2.49,1.97,-0.029989977066574802,0.15,single_source_inherited,single_source_inherited,1.0,2.49,1.0,1.97,1.0,0.15
6360,47,Glaziers,Census 2018 official,6360,91.0,2.02,1.42,0.9807314838235092,0.73,single_source_inherited,single_source_inherited,1.0,2.02,1.0,1.42,1.0,0.73
6400,47,Insulation workers,Census 2018 official,6400,66.0,1.589597395922563,0.8923830734966591,0.2819592432726066,0.7388247387356518,single_source_inherited,single_source_inherited,1.0,1.589597395922563,1.0,0.8923830734966591,1.0,0.7388247387356518
6410,47,Painters and paperhangers,Census 2018 official,6420,84.0,2.394705393424455,1.9007074251939415,0.73647246236739,0.7512966383450315,single_source_inherited,single_source_inherited,1.0,2.394705393424455,1.0,1.9007074251939415,1.0,0.7512966383450315
6441,47,Pipelayers,Census 2018 official,6440,74.0,1.82,1.04,0.27632479207572447,0.62,single_source_inherited,single_source_inherited,1.0,1.82,1.0,1.04,1.0,0.62
6442,47,"Plumbers, pipefitters, and steamfitters",Census 2018 official,6440,74.0,1.6099999999999999,0.9099999999999999,0.27632479207572447,0.35,single_source_inherited,single_source_inherited,1.0,1.6099999999999999,1.0,0.9099999999999999,1.0,0.35
6460,47,Plasterers and stucco masons,Census 2018 official,6460,60.0,2.23,2.13,0.1409202653327959,0.84,single_source_inherited,single_source_inherited,1.0,2.23,1.0,2.13,1.0,0.84
6500,47,Reinforcing iron and rebar workers,Census 2018 official,6500,71.0,1.79,1.46,0.14559778731625428,0.9,single_source_inherited,single_source_inherited,1.0,1.79,1.0,1.46,1.0,0.9
6515,47,Roofers,Census 2018 official,6515,70.0,2.16,1.74,0.2310585780908186,0.9,single_source_inherited,single_source_inherited,1.0,2.16,1.0,1.74,1.0,0.9
6520,47,Sheet metal workers,Census 2018 official,6520,24.0,2.12,2.04,0.08286198452622084,0.82,single_source_inherited,single_source_inherited,1.0,2.12,1.0,2.04,1.0,0.82
6530,47,Structural iron and steel workers,Census 2018 official,6530,71.0,1.39,0.58,0.14559778731625428,0.83,single_source_inherited,single_source_inherited,1.0,1.39,1.0,0.58,1.0,0.83
6540,47,Solar photovoltaic installers,Census 2018 official,6540,,2.04,1.6,,,missing_source_fail_closed,missing_source_fail_closed,1.0,2.04,1.0,1.6,0,
6600,47,"Helpers, construction trades",Census 2018 official,6600,44.0,1.59465144766147,0.90471714922049,0.6373519817188762,0.7424465478841871,single_source_inherited,single_source_inherited,1.0,1.59465144766147,1.0,0.90471714922049,1.0,0.7424465478841871
6660,47,Construction and building inspectors,Census 2018 official,6660,85.0,3.5,3.08,-0.5708663472829445,0.63,single_source_inherited,single_source_inherited,1.0,3.5,1.0,3.08,1.0,0.63
6700,47,Elevator and escalator installers and repairers,Census 2018 official,6700,100.0,3.6,3.2,0.518880155387776,0.39,single_source_inherited,single_source_inherited,1.0,3.6,1.0,3.2,1.0,0.39
6710,47,Fence erectors,Census 2018 official,6710,44.0,2.04,1.43,0.5253049885582641,0.92,single_source_inherited,single_source_inherited,1.0,2.04,1.0,1.43,1.0,0.92
6720,47,Hazardous materials removal workers,Census 2018 official,6720,66.0,2.6,2.6,0.2819592432726066,0.53,single_source_inherited,single_source_inherited,1.0,2.6,1.0,2.6,1.0,0.53
6730,47,Highway maintenance workers,Census 2018 official,6730,68.0,3.01,2.89,0.6651624419666012,0.87,single_source_inherited,single_source_inherited,1.0,3.01,1.0,2.89,1.0,0.87
6740,47,Rail-track laying and maintenance equipment operators,Census 2018 official,6740,85.0,2.08,1.64,0.8128648529252303,0.89,single_source_inherited,single_source_inherited,1.0,2.08,1.0,1.64,1.0,0.89
6750,47,Septic tank servicers and sewer pipe cleaners,Census 2018 official,6750,,1.59,0.38,,0.83,missing_source_fail_closed,missing_source_fail_closed,1.0,1.59,1.0,0.38,1.0,0.83
6765,47,Miscellaneous construction and related workers,Census 2018 official,6765,44.0,2.085,1.7425,0.5253049885582641,,single_source_inherited,single_source_inherited,1.0,2.085,1.0,1.7425,0.5,0.415
6800,47,"Derrick, rotary drill, and service unit operators, oil and gas",Census 2018 official,6800,59.0,2.1255739599383667,1.5243547765793528,0.6030521803276436,0.8242141756548537,single_source_inherited,single_source_inherited,1.0,2.1255739599383667,1.0,1.5243547765793528,1.0,0.8242141756548537
6821,47,"Excavating and loading machine and dragline operators, surface mining",Census 2018 official,9520,99.0,1.92,1.47,0.4991163640498184,0.94,single_source_inherited,single_source_inherited,1.0,1.92,1.0,1.47,1.0,0.94
6825,47,"Earth drillers, except oil and gas",Census 2018 official,6820,75.0,1.79,1.48,0.2568883588920474,0.85,single_source_inherited,single_source_inherited,1.0,1.79,1.0,1.48,1.0,0.85
6835,47,"Explosives workers, ordnance handling experts, and blasters",Census 2018 official,6820|6830,,,,,,merge_ambiguous_fail_closed,merge_ambiguous_fail_closed,0,,0,,0,
6850,47,Underground mining machine operators,Census 2018 official,6840|9520,,,,,,merge_ambiguous_fail_closed,merge_ambiguous_fail_closed,0.8160396858205871,1.4207937164117403,0.8160396858205871,0.9415212897891693,0.8160396858205871,0.44334849111202984
6920,47,"Roustabouts, oil and gas",Census 2018 official,6920,,1.67,0.85,,0.68,missing_source_fail_closed,missing_source_fail_closed,1.0,1.67,1.0,0.85,1.0,0.68
6950,47,Other extraction workers,Census 2018 official,6840|6940,,,,,,merge_ambiguous_fail_closed,merge_ambiguous_fail_closed,0.9448159595391964,1.7968833942118574,0.9448159595391964,1.2525889294745716,0.9448159595391964,0.733255408822703
7000,49,"First-line supervisors of mechanics, installers, and repairers",Census 2018 official,7000,70.0,3.59,3.22,-0.1951341923465979,0.003,single_source_inherited,single_source_inherited,1.0,3.59,1.0,3.22,1.0,0.003
7010,49,"Computer, automated teller, and office machine repairers",Census 2018 official,7010,66.0,4.11,3.85,2.0681246854372186,0.74,single_source_inherited,single_source_inherited,1.0,4.11,1.0,3.85,1.0,0.74
7020,49,Radio and telecommunications equipment installers and repairers,Census 2018 official,7020,69.0,4.386383959684769,3.8251412641398166,-0.2580504856616471,0.40186457942422127,single_source_inherited,single_source_inherited,1.0,4.386383959684769,1.0,3.8251412641398166,1.0,0.40186457942422127
7030,49,Avionics technicians,Census 2018 official,7030,30.0,4.15,4.03,0.6779227545965113,0.7,single_source_inherited,single_source_inherited,1.0,4.15,1.0,4.03,1.0,0.7
7040,49,"Electric motor, power tool, and related repairers",Census 2018 official,7040,67.0,2.92,2.65,-0.5405623287565311,0.76,single_source_inherited,single_source_inherited,1.0,2.92,1.0,2.65,1.0,0.76
7050,49,"Electrical and electronics installers and repairers, transportation equipment",Census 2018 official,7050,,3.74,3.77,,0.91,missing_source_fail_closed,missing_source_fail_closed,1.0,3.74,1.0,3.77,1.0,0.91
7100,49,"Electrical and electronics repairers, industrial and utility",Census 2018 official,7100,71.0,3.912076037577736,3.6396608300621884,1.7087456112368407,0.6500829180082036,single_source_inherited,single_source_inherited,1.0,3.912076037577736,1.0,3.6396608300621884,1.0,0.6500829180082036
7110,49,"Electronic equipment installers and repairers, motor vehicles",Census 2018 official,7110,30.0,3.96,3.99,0.6779227545965113,0.61,single_source_inherited,single_source_inherited,1.0,3.96,1.0,3.99,1.0,0.61
7120,49,Audiovisual equipment installers and repairers,Census 2018 official,7120,71.0,3.71,3.64,1.7087456112368407,0.65,single_source_inherited,single_source_inherited,1.0,3.71,1.0,3.64,1.0,0.65
7130,49,Security and fire alarm systems installers,Census 2018 official,7130,40.0,4.01,3.43,-0.029989977066574802,0.82,single_source_inherited,single_source_inherited,1.0,4.01,1.0,3.43,1.0,0.82
7140,49,Aircraft mechanics and service technicians,Census 2018 official,7140,22.0,4.0,3.97,0.12231639614525025,0.71,single_source_inherited,single_source_inherited,1.0,4.0,1.0,3.97,1.0,0.71
7150,49,Automotive body and related repairers,Census 2018 official,7150,17.0,2.83,2.7,2.5471554867590287,0.91,single_source_inherited,single_source_inherited,1.0,2.83,1.0,2.7,1.0,0.91
7160,49,Automotive glass installers and repairers,Census 2018 official,7160,17.0,2.05,1.31,2.5471554867590287,0.55,single_source_inherited,single_source_inherited,1.0,2.05,1.0,1.31,1.0,0.55
7200,49,Automotive service technicians and mechanics,Census 2018 official,7200,24.0,3.66,3.5949999999999998,0.412886352475879,0.59,single_source_inherited,single_source_inherited,1.0,3.66,1.0,3.5949999999999998,1.0,0.59
7210,49,Bus and truck mechanics and diesel engine specialists,Census 2018 official,7210,60.0,3.39,2.83,0.4286017631039043,0.73,single_source_inherited,single_source_inherited,1.0,3.39,1.0,2.83,1.0,0.73
7220,49,Heavy vehicle and mobile equipment service technicians and mechanics,Census 2018 official,7220,78.0,3.236502511572934,3.0710991825076333,0.4853978914775382,0.5142741061755146,single_source_inherited,single_source_inherited,1.0,3.236502511572934,1.0,3.0710991825076333,1.0,0.5142741061755146
7240,49,Small engine mechanics,Census 2018 official,7240,62.0,3.357793956043956,2.8394203296703298,1.3376251772424976,0.8155164835164836,single_source_inherited,single_source_inherited,1.0,3.357793956043956,1.0,2.8394203296703298,1.0,0.8155164835164836
7260,49,"Miscellaneous vehicle and mobile equipment mechanics, installers, and repairers",Census 2018 official,7260,78.0,2.602927321126079,2.301870613858192,0.4853978914775382,0.714351052674034,single_source_inherited,single_source_inherited,1.0,2.602927321126079,1.0,2.301870613858192,1.0,0.714351052674034
7300,49,Control and valve installers and repairers,Census 2018 official,7300,65.0,3.0414903916678893,3.068310107085228,1.2595874641572542,0.7257019216664222,single_source_inherited,single_source_inherited,1.0,3.0414903916678893,1.0,3.068310107085228,1.0,0.7257019216664222
7315,49,"Heating, air conditioning, and refrigeration mechanics and installers",Census 2018 official,7315,47.0,3.34,3.355,0.4734112121459756,0.65,single_source_inherited,single_source_inherited,1.0,3.34,1.0,3.355,1.0,0.65
7320,49,Home appliance repairers,Census 2018 official,7320,61.0,2.93,2.31,1.2832799893626623,0.72,single_source_inherited,single_source_inherited,1.0,2.93,1.0,2.31,1.0,0.72
7330,49,Industrial and refractory machinery mechanics,Census 2018 official,7330,64.0,2.6684606395410606,2.1357070009561245,0.6487909435762339,0.6868175926909593,single_source_inherited,single_source_inherited,1.0,2.6684606395410606,1.0,2.1357070009561245,1.0,0.6868175926909593
7340,49,"Maintenance and repair workers, general",Census 2018 official,7340,91.0,2.26,1.58,0.6356433868154091,0.64,single_source_inherited,single_source_inherited,1.0,2.26,1.0,1.58,1.0,0.64
7350,49,"Maintenance workers, machinery",Census 2018 official,7350,72.0,2.59,2.4,4.211153220544764,0.86,single_source_inherited,single_source_inherited,1.0,2.59,1.0,2.4,1.0,0.86
7360,49,Millwrights,Census 2018 official,7360,33.0,2.5,2.58,0.004113968500162324,0.59,single_source_inherited,single_source_inherited,1.0,2.5,1.0,2.58,1.0,0.59
7410,49,Electrical power-line installers and repairers,Census 2018 official,7410,67.0,2.64,2.96,-0.5405623287565311,0.097,single_source_inherited,single_source_inherited,1.0,2.64,1.0,2.96,1.0,0.097
7420,49,Telecommunications line installers and repairers,Census 2018 official,7420,69.0,3.88,2.89,-0.2580504856616471,0.49,single_source_inherited,single_source_inherited,1.0,3.88,1.0,2.89,1.0,0.49
7430,49,Precision instrument and equipment repairers,Census 2018 official,7430,39.0,3.826076947335226,3.3234847051403347,3.583398934736617,0.3758152002522864,single_source_inherited,single_source_inherited,1.0,3.826076947335226,1.0,3.3234847051403347,1.0,0.3758152002522864
7440,49,Wind turbine service technicians,Census 2018 official,7440,,3.99,3.55,,,missing_source_fail_closed,missing_source_fail_closed,1.0,3.99,1.0,3.55,0,
7510,49,"Coin, vending, and amusement machine servicers and repairers",Census 2018 official,7510,91.0,2.86,2.81,0.6356433868154091,0.94,single_source_inherited,single_source_inherited,1.0,2.86,1.0,2.81,1.0,0.94
7520,49,Commercial divers,Census 2018 official,7520,,2.33,2.05,,0.18,missing_source_fail_closed,missing_source_fail_closed,1.0,2.33,1.0,2.05,1.0,0.18
7540,49,Locksmiths and safe repairers,Census 2018 official,7540,5.0,3.24,3.24,1.2346819780834342,0.77,single_source_inherited,single_source_inherited,1.0,3.24,1.0,3.24,1.0,0.77
7550,49,Manufactured building and mobile home installers,Census 2018 official,7550,91.0,2.16,2.12,0.6356433868154091,0.18,single_source_inherited,single_source_inherited,1.0,2.16,1.0,2.12,1.0,0.18
7560,49,Riggers,Census 2018 official,7560,91.0,1.57,1.0,0.6356433868154091,0.89,single_source_inherited,single_source_inherited,1.0,1.57,1.0,1.0,1.0,0.89
7610,49,"Helpers--installation, maintenance, and repair workers",Census 2018 official,7610,84.0,2.67,2.72,1.0282629784206048,0.79,single_source_inherited,single_source_inherited,1.0,2.67,1.0,2.72,1.0,0.79
7700,51,First-line supervisors of production and operating workers,Census 2018 official,7700,56.0,2.8,3.11,-0.3240235414355599,0.016,single_source_inherited,single_source_inherited,1.0,2.8,1.0,3.11,1.0,0.016
7710,51,"Aircraft structure, surfaces, rigging, and systems assemblers",Census 2018 official,7710,72.0,3.06,3.57,2.837153532753366,0.79,single_source_inherited,single_source_inherited,1.0,3.06,1.0,3.57,1.0,0.79
7720,51,"Electrical, electronics, and electromechanical assemblers",Census 2018 official,7720,72.0,2.723333333333333,2.48,2.837153532753366,0.8833333333333333,single_source_inherited,single_source_inherited,1.0,2.723333333333333,1.0,2.48,1.0,0.8833333333333333
7730,51,Engine and other machine assemblers,Census 2018 official,7730,72.0,2.86,2.12,2.837153532753366,0.82,single_source_inherited,single_source_inherited,1.0,2.86,1.0,2.12,1.0,0.82
7740,51,Structural metal fabricators and fitters,Census 2018 official,7740,71.0,1.85,1.44,0.14559778731625428,0.41,single_source_inherited,single_source_inherited,1.0,1.85,1.0,1.44,1.0,0.41
7750,51,Other assemblers and fabricators,Census 2018 official,7750,72.0,2.713333333333333,2.3355555555555556,2.837153532753366,0.8388888888888888,single_source_inherited,single_source_inherited,1.0,2.713333333333333,1.0,2.3355555555555556,1.0,0.8388888888888888
7800,51,Bakers,Census 2018 official,7800,24.0,2.36,1.45,3.665660441973276,0.89,single_source_inherited,single_source_inherited,1.0,2.36,1.0,1.45,1.0,0.89
7810,51,"Butchers and other meat, poultry, and fish processing workers",Census 2018 official,7810,6.0,2.1105904302019316,1.7386945785776997,,0.8553525570676032,single_source_inherited,missing_source_fail_closed,1.0,2.1105904302019316,1.0,1.7386945785776997,1.0,0.8553525570676032
7830,51,"Food and tobacco roasting, baking, and drying machine operators and tenders",Census 2018 official,7830,93.0,3.38,2.96,2.9261211412777075,0.91,single_source_inherited,single_source_inherited,1.0,3.38,1.0,2.96,1.0,0.91
7840,51,Food batchmakers,Census 2018 official,7840,91.0,3.28,2.31,1.7955423237890784,0.7,single_source_inherited,single_source_inherited,1.0,3.28,1.0,2.31,1.0,0.7
7850,51,Food cooking machine operators and tenders,Census 2018 official,7850,62.0,2.88,2.31,2.008664943952626,0.61,single_source_inherited,single_source_inherited,1.0,2.88,1.0,2.31,1.0,0.61
7855,51,"Food processing workers, all other",Census 2018 official,7855,88.0,,,1.0304586843741,,single_source_inherited,single_source_inherited,0,,0,,0,
7905,51,Computer numerically controlled tool operators and programmers,Census 2018 official,7900|8965,,,,,0.789753866260074,merge_ambiguous_fail_closed,merge_ambiguous_fail_closed,0,,0,,1.0,0.789753866260074
7925,51,"Forming machine setters, operators, and tenders, metal and plastic",Census 2018 official,7920,62.0,3.1116621200311765,2.751162314886984,1.839436430641494,0.8875720966484801,single_source_inherited,single_source_inherited,1.0,3.1116621200311765,1.0,2.751162314886984,1.0,0.8875720966484801
7950,51,"Cutting, punching, and press machine setters, operators, and tenders, metal and plastic",Census 2018 official,7950,72.0,2.86,2.55,1.0079055007907864,0.78,single_source_inherited,single_source_inherited,1.0,2.86,1.0,2.55,1.0,0.78
8000,51,"Grinding, lapping, polishing, and buffing machine tool setters, operators, and tenders, metal and plastic",Census 2018 official,8000,96.0,2.98,3.07,3.8233202315789394,0.95,single_source_inherited,single_source_inherited,1.0,2.98,1.0,3.07,1.0,0.95
8030,51,Machinists,Census 2018 official,8030,93.0,2.84,2.59,1.8784814042446605,0.65,single_source_inherited,single_source_inherited,1.0,2.84,1.0,2.59,1.0,0.65
8040,51,"Metal furnace operators, tenders, pourers, and casters",Census 2018 official,8040,79.0,2.5997150610583444,2.3104070556309364,0.8024030042241593,0.8770284938941655,single_source_inherited,single_source_inherited,1.0,2.5997150610583444,1.0,2.3104070556309364,1.0,0.8770284938941655
8060,51,"Model makers and patternmakers, metal and plastic",Census 2018 official,8060,90.0,3.418131487889273,2.97977508650519,3.920117734979702,0.9191522491349482,single_source_inherited,single_source_inherited,1.0,3.418131487889273,1.0,2.97977508650519,1.0,0.9191522491349482
8100,51,"Molders and molding machine setters, operators, and tenders, metal and plastic",Census 2018 official,8100,85.0,2.5230352901255513,1.6991867435810428,1.8326515502563077,0.9284481393507521,single_source_inherited,single_source_inherited,1.0,2.5230352901255513,1.0,1.6991867435810428,1.0,0.9284481393507521
8130,51,Tool and die makers,Census 2018 official,8130,59.0,3.29,3.52,3.6158502298019943,0.84,single_source_inherited,single_source_inherited,1.0,3.29,1.0,3.52,1.0,0.84
8140,51,"Welding, soldering, and brazing workers",Census 2018 official,8140,61.0,2.16358061649282,1.5172702184386546,1.685879394572486,0.9168618738013938,single_source_inherited,single_source_inherited,1.0,2.16358061649282,1.0,1.5172702184386546,1.0,0.9168618738013938
8225,51,Other metal workers and plastic workers,Census 2018 official,8220,98.0,2.656236991177836,2.2529123045968116,2.290912724280501,0.8425283392663674,single_source_inherited,single_source_inherited,1.0,2.656236991177836,1.0,2.2529123045968116,1.0,0.8425283392663674
8250,51,Prepress technicians and workers,Census 2018 official,8250,91.0,4.6,4.27,2.2764861373033938,0.97,single_source_inherited,single_source_inherited,1.0,4.6,1.0,4.27,1.0,0.97
8255,51,Printing press operators,Census 2018 official,8255,91.0,3.14,2.15,2.2764861373033938,0.83,single_source_inherited,single_source_inherited,1.0,3.14,1.0,2.15,1.0,0.83
8256,51,Print binding and finishing workers,Census 2018 official,8256,,2.83,2.3,1.2987408102977362,0.95,missing_source_fail_closed,single_source_inherited,1.0,2.83,1.0,2.3,1.0,0.95
8300,51,Laundry and dry-cleaning workers,Census 2018 official,8300,66.0,1.99,1.6,2.835641894413735,0.71,single_source_inherited,single_source_inherited,1.0,1.99,1.0,1.6,1.0,0.71
8310,51,"Pressers, textile, garment, and related materials",Census 2018 official,8310,19.0,2.06,1.14,2.9435881837724995,0.81,single_source_inherited,single_source_inherited,1.0,2.06,1.0,1.14,1.0,0.81
8320,51,Sewing machine operators,Census 2018 official,8320,32.0,1.86,1.38,1.6630092355642168,0.89,single_source_inherited,single_source_inherited,1.0,1.86,1.0,1.38,1.0,0.89
8335,51,Shoe and leather workers,Census 2018 official,8330,2.0,1.705958829902492,0.8912026002166847,0.47092824251552967,0.6960021668472374,single_source_inherited,single_source_inherited,1.0,1.705958829902492,1.0,0.8912026002166847,1.0,0.6960021668472374
8350,51,"Tailors, dressmakers, and sewers",Census 2018 official,8350,39.0,1.565027985074627,0.6389552238805971,1.0282801675995117,0.8691744402985074,single_source_inherited,single_source_inherited,1.0,1.565027985074627,1.0,0.6389552238805971,1.0,0.8691744402985074
8365,51,"Textile machine setters, operators, and tenders",Census 2018 official,8420,98.0,2.3172768959435626,1.7376490299823635,3.3704614703892357,0.892747795414462,single_source_inherited,single_source_inherited,1.0,2.3172768959435626,1.0,1.7376490299823635,1.0,0.892747795414462
8450,51,Upholsterers,Census 2018 official,8450,75.0,2.29,2.02,2.7490129808703214,0.39,single_source_inherited,single_source_inherited,1.0,2.29,1.0,2.02,1.0,0.39
8465,51,"Other textile, apparel, and furnishings workers",Census 2018 official,8460,93.0,2.5102296819787986,2.2532022968197882,2.67078928561624,0.5145489840989399,single_source_inherited,single_source_inherited,1.0,2.5102296819787986,1.0,2.2532022968197882,1.0,0.5145489840989399
8500,51,Cabinetmakers and bench carpenters,Census 2018 official,8500,44.0,1.88,1.09,0.1204435054288393,0.92,single_source_inherited,single_source_inherited,1.0,1.88,1.0,1.09,1.0,0.92
8510,51,Furniture finishers,Census 2018 official,8510,7.0,2.55,2.42,3.948618168421273,0.87,single_source_inherited,single_source_inherited,1.0,2.55,1.0,2.42,1.0,0.87
8530,51,"Sawing machine setters, operators, and tenders, wood",Census 2018 official,8530,70.0,1.98,1.16,1.3486650420248818,0.86,single_source_inherited,single_source_inherited,1.0,1.98,1.0,1.16,1.0,0.86
8540,51,"Woodworking machine setters, operators, and tenders, except sawing",Census 2018 official,8540,99.0,2.01,1.4,1.8226332760904969,0.97,single_source_inherited,single_source_inherited,1.0,2.01,1.0,1.4,1.0,0.97
8555,51,Other woodworkers,Census 2018 official,8550,90.0,1.9916343042071196,1.29876213592233,1.7630533535390298,0.9192628550880978,single_source_inherited,single_source_inherited,1.0,1.9916343042071196,1.0,1.29876213592233,1.0,0.9192628550880978
8600,51,"Power plant operators, distributors, and dispatchers",Census 2018 official,8600,100.0,3.7978591160220994,3.7978775322283607,-0.25049441270984607,0.8143968692449355,single_source_inherited,single_source_inherited,1.0,3.7978591160220994,1.0,3.7978775322283607,1.0,0.8143968692449355
8610,51,Stationary engineers and boiler operators,Census 2018 official,8610,63.0,4.03,3.73,0.8024030042241593,0.89,single_source_inherited,single_source_inherited,1.0,4.03,1.0,3.73,1.0,0.89
8620,51,Water and wastewater treatment plant and system operators,Census 2018 official,8620,100.0,3.8,3.47,0.6728204227763745,0.61,single_source_inherited,single_source_inherited,1.0,3.8,1.0,3.47,1.0,0.61
8630,51,Miscellaneous plant and system operators,Census 2018 official,8630,98.0,3.683163005780347,3.442415028901734,0.83979658312854,0.7841537572254336,single_source_inherited,single_source_inherited,1.0,3.683163005780347,1.0,3.442415028901734,1.0,0.7841537572254336
8640,51,"Chemical processing machine setters, operators, and tenders",Census 2018 official,8640,96.0,3.3720511660960013,2.808269268040571,1.6501144696471055,0.7976923573874282,single_source_inherited,single_source_inherited,1.0,3.3720511660960013,1.0,2.808269268040571,1.0,0.7976923573874282
8650,51,"Crushing, grinding, polishing, mixing, and blending workers",Census 2018 official,8650,92.0,2.545225756798358,2.072839917906619,2.6433976034862714,0.8726321190354028,single_source_inherited,single_source_inherited,1.0,2.545225756798358,1.0,2.072839917906619,1.0,0.8726321190354028
8710,51,Cutting workers,Census 2018 official,8710,62.0,2.7282866092404072,2.2996037588097105,2.008664943952626,0.8327110415035239,single_source_inherited,single_source_inherited,1.0,2.7282866092404072,1.0,2.2996037588097105,1.0,0.8327110415035239
8720,51,"Extruding, forming, pressing, and compacting machine setters, operators, and tenders",Census 2018 official,8720,62.0,3.66,3.01,1.839436430641494,0.93,single_source_inherited,single_source_inherited,1.0,3.66,1.0,3.01,1.0,0.93
8730,51,"Furnace, kiln, oven, drier, and kettle operators and tenders",Census 2018 official,8730,79.0,2.79,2.2,0.8024030042241593,0.37,single_source_inherited,single_source_inherited,1.0,2.79,1.0,2.2,1.0,0.37
8740,51,"Inspectors, testers, sorters, samplers, and weighers",Census 2018 official,8740,90.0,3.31,2.78,1.9470178580191515,0.98,single_source_inherited,single_source_inherited,1.0,3.31,1.0,2.78,1.0,0.98
8750,51,Jewelers and precious stone and metal workers,Census 2018 official,8750,39.0,1.9633333333333336,1.6633333333333333,3.583398934736617,0.95,single_source_inherited,single_source_inherited,1.0,1.9633333333333336,1.0,1.6633333333333333,1.0,0.95
8760,51,Dental and ophthalmic laboratory technicians and medical appliance technicians,Census 2018 official,8760,87.0,2.6977434922491956,2.3243521497513893,0.7004116062534763,0.8536501901140684,single_source_inherited,single_source_inherited,1.0,2.6977434922491956,1.0,2.3243521497513893,1.0,0.8536501901140684
8800,51,Packaging and filling machine operators and tenders,Census 2018 official,8800,39.0,2.85,2.09,2.1427548379426566,0.98,single_source_inherited,single_source_inherited,1.0,2.85,1.0,2.09,1.0,0.98
8810,51,Painting workers,Census 2018 official,8810,84.0,,,-0.0956434753403268,,single_source_inherited,single_source_inherited,0.07535291873330789,0.1107687905379626,0.07535291873330789,0.042197634490652426,0.07535291873330789,0.06932468523464326
8830,51,Photographic process workers and processing machine operators,Census 2018 official,8830,74.0,4.39,3.41,2.9118774756398054,0.99,single_source_inherited,single_source_inherited,1.0,4.39,1.0,3.41,1.0,0.99
8850,51,Adhesive bonding machine operators and tenders,Census 2018 official,8850,50.0,2.84,2.18,1.7955423237890784,0.95,single_source_inherited,single_source_inherited,1.0,2.84,1.0,2.18,1.0,0.95
8865,51,Other production equipment operators and tenders,Census 2018 official,8860,99.0,2.533878890392422,2.381785351826793,1.8255303296988261,,single_source_inherited,single_source_inherited,1.0,2.533878890392422,1.0,2.381785351826793,0.6540933694181326,0.47379888362652234
8910,51,Etchers and engravers,Census 2018 official,8910,72.0,3.44,2.96,2.3060805032977516,0.98,single_source_inherited,single_source_inherited,1.0,3.44,1.0,2.96,1.0,0.98
8920,51,"Molders, shapers, and casters, except metal and plastic",Census 2018 official,8920,44.0,2.85,2.275,1.8205859683426415,0.9,single_source_inherited,single_source_inherited,1.0,2.85,1.0,2.275,1.0,0.9
8930,51,"Paper goods machine setters, operators, and tenders",Census 2018 official,8930,75.0,2.33,1.93,1.7955423237890784,0.67,single_source_inherited,single_source_inherited,1.0,2.33,1.0,1.93,1.0,0.67
8940,51,Tire builders,Census 2018 official,8940,88.0,2.73,2.25,1.0304586843741,0.94,single_source_inherited,single_source_inherited,1.0,2.73,1.0,2.25,1.0,0.94
8950,51,Helpers--production workers,Census 2018 official,8950,63.0,2.62,2.55,2.1876371947501876,0.66,single_source_inherited,single_source_inherited,1.0,2.62,1.0,2.55,1.0,0.66
8990,51,Other production workers,Census 2018 official,8965,88.0,,,1.0304586843741,,single_source_inherited,single_source_inherited,0.7508140855736463,2.0089710715638014,0.7508140855736463,1.7138542218856492,0.7350170390003786,0.6166828474062855
9005,53,Supervisors of transportation and material moving workers,Census 2018 official,4320|9000,,,,,,merge_ambiguous_fail_closed,merge_ambiguous_fail_closed,0.8,2.996,0.8,2.694,0.8,0.10880000000000001
9030,53,Aircraft pilots and flight engineers,Census 2018 official,9030,66.0,3.601477272727273,3.818712121212121,-1.4774920554055486,0.3075378787878788,single_source_inherited,single_source_inherited,1.0,3.601477272727273,1.0,3.818712121212121,1.0,0.3075378787878788
9040,53,Air traffic controllers and airfield operations specialists,Census 2018 official,9040,62.0,3.7133924349881795,3.5423581560283686,,0.3335815602836879,single_source_inherited,missing_source_fail_closed,1.0,3.7133924349881795,1.0,3.5423581560283686,1.0,0.3335815602836879
9050,53,Flight attendants,Census 2018 official,9050,7.0,2.54,2.45,-1.7349222124115142,0.35,single_source_inherited,single_source_inherited,1.0,2.54,1.0,2.45,1.0,0.35
9110,53,"Ambulance drivers and attendants, except emergency medical technicians",Census 2018 official,9110,71.0,3.09,2.89,-1.222377839289769,0.25,single_source_inherited,single_source_inherited,1.0,3.09,1.0,2.89,1.0,0.25
9121,53,"Bus drivers, school",Census 2018 official,9120,83.0,1.91,1.37,-1.3853509070172707,0.89,single_source_inherited,single_source_inherited,1.0,1.91,1.0,1.37,1.0,0.89
9122,53,"Bus drivers, transit and intercity",Census 2018 official,9120,83.0,2.48,1.81,-1.3853509070172707,0.67,single_source_inherited,single_source_inherited,1.0,2.48,1.0,1.81,1.0,0.67
9130,53,Driver/sales workers and truck drivers,Census 2018 official,9130,75.0,2.397357070385314,2.2085438639956583,-0.5552696395996557,0.7869413770321607,single_source_inherited,single_source_inherited,1.0,2.397357070385314,1.0,2.2085438639956583,1.0,0.7869413770321607
9141,53,Shuttle drivers and chauffeurs,Census 2018 official,9120|9140,,,,,0.89,merge_ambiguous_fail_closed,merge_ambiguous_fail_closed,0,,0,,1.0,0.89
9142,53,Taxi drivers,Census 2018 official,9140,71.0,2.0,1.54,-1.222377839289769,0.89,single_source_inherited,single_source_inherited,1.0,2.0,1.0,1.54,1.0,0.89
9150,53,"Motor vehicle operators, all other",Census 2018 official,9150,71.0,,,-1.222377839289769,,single_source_inherited,single_source_inherited,0,,0,,0,
9210,53,Locomotive engineers and operators,Census 2018 official,9200,100.0,2.212196132596685,1.7980478821362798,-1.6930139263320054,0.9548664825046039,single_source_inherited,single_source_inherited,1.0,2.212196132596685,1.0,1.7980478821362798,1.0,0.9548664825046039
9240,53,Railroad conductors and yardmasters,Census 2018 official,9240,30.0,3.2,2.67,-2.0950199440410717,0.83,single_source_inherited,single_source_inherited,1.0,3.2,1.0,2.67,1.0,0.83
9265,53,Other rail transportation workers,Census 2018 official,9200|9260,100.0,,,-1.6930139263320054,,merge_equal_source_scores,merge_equal_source_scores,0.8626885912866588,2.2885353449737247,0.8626885912866588,1.842507204610951,0.8626885912866588,0.7646287506357009
9300,53,Sailors and marine oilers,Census 2018 official,9300,64.0,2.28,2.33,-1.3024962639239923,0.83,single_source_inherited,single_source_inherited,1.0,2.28,1.0,2.33,1.0,0.83
9310,53,Ship and boat captains and operators,Census 2018 official,9310,64.0,2.937172692980035,2.8072582574293863,-1.3024962639239923,0.2964697764283743,single_source_inherited,single_source_inherited,1.0,2.937172692980035,1.0,2.8072582574293863,1.0,0.2964697764283743
9330,53,Ship engineers,Census 2018 official,9330,,2.57,2.75,,0.041,missing_source_fail_closed,missing_source_fail_closed,1.0,2.57,1.0,2.75,1.0,0.041
9350,53,Parking attendants,Census 2018 official,9350,100.0,2.16,1.35,,0.87,single_source_inherited,missing_source_fail_closed,1.0,2.16,1.0,1.35,1.0,0.87
9365,53,Transportation service attendants,Census 2018 official,9360|9420,,2.41,2.65,,0.83,merge_ambiguous_fail_closed,merge_ambiguous_fail_closed,1.0,2.41,1.0,2.65,1.0,0.83
9410,53,Transportation inspectors,Census 2018 official,9410,7.0,3.106666666666667,2.2966666666666664,-1.7349222124115142,0.9,single_source_inherited,single_source_inherited,1.0,3.106666666666667,1.0,2.2966666666666664,1.0,0.9
9415,53,Passenger attendants,Census 2018 official,9415,7.0,1.39,0.61,-1.7349222124115142,0.75,single_source_inherited,single_source_inherited,1.0,1.39,1.0,0.61,1.0,0.75
9430,53,Other transportation workers,Census 2018 official,9420,98.0,2.3416595081045153,2.0067174157590633,0.02228097455466127,0.8484522165976377,single_source_inherited,single_source_inherited,1.0,2.3416595081045153,1.0,2.0067174157590633,1.0,0.8484522165976377
9510,53,Crane and tower operators,Census 2018 official,9510,99.0,2.49,2.22,1.9428982446184204,0.9,single_source_inherited,single_source_inherited,1.0,2.49,1.0,2.22,1.0,0.9
9570,53,"Conveyor, dredge, and hoist and winch operators",Census 2018 official,9520|9560,99.0,2.5078518465562336,1.9721372205754142,,0.727440181342633,merge_equal_source_scores,merge_ambiguous_fail_closed,1.0,2.5078518465562336,1.0,1.9721372205754142,1.0,0.727440181342633
9600,53,Industrial truck and tractor operators,Census 2018 official,9600,75.0,2.5,2.19,-0.5552696395996557,0.93,single_source_inherited,single_source_inherited,1.0,2.5,1.0,2.19,1.0,0.93
9610,53,Cleaners of vehicles and equipment,Census 2018 official,9610,39.0,1.32,0.55,2.3264613371066014,0.37,single_source_inherited,single_source_inherited,1.0,1.32,1.0,0.55,1.0,0.37
9620,53,"Laborers and freight, stock, and material movers, hand",Census 2018 official,9620,85.0,1.96,1.5,0.8128648529252303,0.85,single_source_inherited,single_source_inherited,1.0,1.96,1.0,1.5,1.0,0.85
9630,53,Machine feeders and offbearers,Census 2018 official,9630,99.0,2.3,1.83,1.8493067504633776,0.93,single_source_inherited,single_source_inherited,1.0,2.3,1.0,1.83,1.0,0.93
9640,53,"Packers and packagers, hand",Census 2018 official,9640,100.0,2.68,2.82,3.5275196628114696,0.38,single_source_inherited,single_source_inherited,1.0,2.68,1.0,2.82,1.0,0.38
9645,53,Stockers and order fillers,Census 2018 official,5620,6.0,3.2875,2.44,1.8260229389576037,0.64,single_source_inherited,single_source_inherited,1.0,3.2875,1.0,2.44,1.0,0.64
9650,53,Pumping station operators,Census 2018 official,9650,99.0,3.547164128595601,3.3484162436548224,0.06706641648821826,0.8684162436548224,single_source_inherited,single_source_inherited,1.0,3.547164128595601,1.0,3.3484162436548224,1.0,0.8684162436548224
9720,53,Refuse and recyclable material collectors,Census 2018 official,9720,93.0,1.62,1.35,2.348781885855703,0.93,single_source_inherited,single_source_inherited,1.0,1.62,1.0,1.35,1.0,0.93
9760,53,Other material moving workers,Census 2018 official,9520|9750,99.0,2.23484375,1.8583072916666667,,0.8630381944444445,merge_equal_source_scores,merge_ambiguous_fail_closed,1.0,2.23484375,1.0,1.8583072916666667,1.0,0.8630381944444445
9800,55,Military officer special and tactical operations leaders,Census 2018 official,9800,,,,,,missing_source_fail_closed,missing_source_fail_closed,0,,0,,0,
9810,55,First-line enlisted military supervisors,Census 2018 official,9810,,,,,,missing_source_fail_closed,missing_source_fail_closed,0,,0,,0,
9825,55,Military enlisted tactical operations and air/weapons specialists and crew members,Census 2018 official,9820,,,,,,missing_source_fail_closed,missing_source_fail_closed,0,,0,,0,
9830,NO,"Military, rank not Specified",Census 2018 official,9830,,,,,,missing_source_fail_closed,missing_source_fail_closed,0,,0,,0,
9920,NO,"Unemployed, with no work experience in the last 5 years or earlier or never worked",Census 2018 official,9920,,,,,,missing_source_fail_closed,missing_source_fail_closed,0,,0,,0,
