analysis_status,occupation_code,occupation_name,universe_relation,in_frozen_490,in_route_expanded_495,in_raw_route_expanded_539,structurally_touched_by_split_inbound_route,directly_observed_2020_plus,finite_beta,finite_webb,finite_repaired_AIOE,finite_naive_exact_AIOE,pre_young_stock,pre_older_stock
POST-OUTCOME EXPLORATORY -- NOT PART OF CONFIRMATORY YAX v1.1,0010,Chief executives,intersection,True,True,True,False,True,True,True,True,True,611683.383,96530678.79670002
POST-OUTCOME EXPLORATORY -- NOT PART OF CONFIRMATORY YAX v1.1,0020,General and operations managers,intersection,True,True,True,False,True,True,True,True,True,2416750.9284,65181243.58810001
POST-OUTCOME EXPLORATORY -- NOT PART OF CONFIRMATORY YAX v1.1,0040,Advertising and promotions managers,intersection,True,True,True,False,True,True,True,True,True,406590.71059999993,3387745.844
POST-OUTCOME EXPLORATORY -- NOT PART OF CONFIRMATORY YAX v1.1,0051,Marketing managers,intersection,True,True,True,True,True,True,True,True,True,2596248.51403119,34520284.099567115
POST-OUTCOME EXPLORATORY -- NOT PART OF CONFIRMATORY YAX v1.1,0052,Sales managers,intersection,True,True,True,True,True,True,True,True,True,1734337.0054688097,32629243.36043288
POST-OUTCOME EXPLORATORY -- NOT PART OF CONFIRMATORY YAX v1.1,0060,Public relations and fundraising managers,intersection,True,True,True,False,True,True,True,True,False,251771.1973,5479555.4123
POST-OUTCOME EXPLORATORY -- NOT PART OF CONFIRMATORY YAX v1.1,0101,Administrative services managers,intersection,True,True,True,True,True,True,True,True,False,86620.89565410001,3939755.99155029
POST-OUTCOME EXPLORATORY -- NOT PART OF CONFIRMATORY YAX v1.1,0102,Facilities managers,intersection,True,True,True,True,True,True,True,True,False,98741.4130459,7210190.06204971
POST-OUTCOME EXPLORATORY -- NOT PART OF CONFIRMATORY YAX v1.1,0110,Computer and information systems managers,intersection,True,True,True,False,True,True,True,True,True,1007964.1744000001,43325961.819
POST-OUTCOME EXPLORATORY -- NOT PART OF CONFIRMATORY YAX v1.1,0120,Financial managers,intersection,True,True,True,False,True,True,True,True,True,2834157.0297,76768656.99489999
POST-OUTCOME EXPLORATORY -- NOT PART OF CONFIRMATORY YAX v1.1,0135,Compensation and benefits managers,intersection,True,True,True,False,True,True,True,True,True,42855.154599999994,1192939.6324
POST-OUTCOME EXPLORATORY -- NOT PART OF CONFIRMATORY YAX v1.1,0136,Human resources managers,intersection,True,True,True,False,True,True,True,True,True,452408.2118,18734525.3299
POST-OUTCOME EXPLORATORY -- NOT PART OF CONFIRMATORY YAX v1.1,0137,Training and development managers,intersection,True,True,True,False,True,True,True,True,True,123474.46889999999,3401569.2506999997
POST-OUTCOME EXPLORATORY -- NOT PART OF CONFIRMATORY YAX v1.1,0140,Industrial production managers,intersection,True,True,True,False,True,True,True,True,True,517479.61100000003,16785942.9199
POST-OUTCOME EXPLORATORY -- NOT PART OF CONFIRMATORY YAX v1.1,0150,Purchasing managers,intersection,True,True,True,False,True,True,True,True,True,518454.608,13553462.0254
POST-OUTCOME EXPLORATORY -- NOT PART OF CONFIRMATORY YAX v1.1,0160,"Transportation, storage, and distribution managers",intersection,True,True,True,False,True,True,True,True,True,898530.3123999999,18383364.390199997
POST-OUTCOME EXPLORATORY -- NOT PART OF CONFIRMATORY YAX v1.1,0205,"Farmers, ranchers, and other agricultural managers",intersection,True,True,True,False,True,True,True,True,True,1528905.0213000001,42961099.2068
POST-OUTCOME EXPLORATORY -- NOT PART OF CONFIRMATORY YAX v1.1,0220,Construction managers,intersection,True,True,True,False,True,True,True,True,True,2126392.2849,60771445.11980001
POST-OUTCOME EXPLORATORY -- NOT PART OF CONFIRMATORY YAX v1.1,0230,Education and childcare administrators,expanded_495_only,False,True,True,False,True,False,True,True,True,1598353.1101000002,57805513.687400006
POST-OUTCOME EXPLORATORY -- NOT PART OF CONFIRMATORY YAX v1.1,0300,Architectural and engineering managers,intersection,True,True,True,False,True,True,True,True,True,139517.00650000002,10501632.6782
POST-OUTCOME EXPLORATORY -- NOT PART OF CONFIRMATORY YAX v1.1,0310,Food service managers,intersection,True,True,True,False,True,True,True,True,True,7634177.4661,62848541.8729
POST-OUTCOME EXPLORATORY -- NOT PART OF CONFIRMATORY YAX v1.1,0335,Entertainment and recreation managers,intersection,True,True,True,True,True,True,True,True,False,152294.13733936,3871398.7108025597
POST-OUTCOME EXPLORATORY -- NOT PART OF CONFIRMATORY YAX v1.1,0340,Lodging managers,intersection,True,True,True,False,True,True,True,True,True,309614.2652,7824162.7012
POST-OUTCOME EXPLORATORY -- NOT PART OF CONFIRMATORY YAX v1.1,0350,Medical and health services managers,intersection,True,True,True,False,True,True,True,True,True,1080761.3598000002,43547927.6637
POST-OUTCOME EXPLORATORY -- NOT PART OF CONFIRMATORY YAX v1.1,0360,Natural sciences managers,intersection,True,True,True,False,True,True,True,True,True,45455.00460000001,1087620.8831000002
POST-OUTCOME EXPLORATORY -- NOT PART OF CONFIRMATORY YAX v1.1,0410,"Property, real estate, and community association managers",intersection,True,True,True,False,True,True,True,True,True,1787309.2768000003,41855130.2093
POST-OUTCOME EXPLORATORY -- NOT PART OF CONFIRMATORY YAX v1.1,0420,Social and community service managers,intersection,True,True,True,False,True,True,True,True,True,1180298.3457000002,24498272.4454
POST-OUTCOME EXPLORATORY -- NOT PART OF CONFIRMATORY YAX v1.1,0425,Emergency management directors,intersection,True,True,True,False,True,True,True,True,True,28157.606300000003,770086.9027
POST-OUTCOME EXPLORATORY -- NOT PART OF CONFIRMATORY YAX v1.1,0426,"Personal service managers, all other",intersection,True,True,True,True,False,True,True,True,False,26602.5612372,875416.0612512
POST-OUTCOME EXPLORATORY -- NOT PART OF CONFIRMATORY YAX v1.1,0440,"Managers, all other",intersection,True,True,True,True,True,True,True,True,True,8702311.59417606,278359615.5143058
POST-OUTCOME EXPLORATORY -- NOT PART OF CONFIRMATORY YAX v1.1,0500,"Agents and business managers of artists, performers, and athletes",intersection,True,True,True,False,True,True,True,True,True,275008.8577,2385580.9255
POST-OUTCOME EXPLORATORY -- NOT PART OF CONFIRMATORY YAX v1.1,0510,"Buyers and purchasing agents, farm products",intersection,True,True,True,False,True,True,True,True,True,35949.3296,590787.6048
POST-OUTCOME EXPLORATORY -- NOT PART OF CONFIRMATORY YAX v1.1,0520,"Wholesale and retail buyers, except farm products",intersection,True,True,True,False,True,True,True,True,True,886990.6786,10204185.5218
POST-OUTCOME EXPLORATORY -- NOT PART OF CONFIRMATORY YAX v1.1,0530,"Purchasing agents, except wholesale, retail, and farm products",intersection,True,True,True,False,True,True,True,True,True,898200.8372000001,14650597.605299998
POST-OUTCOME EXPLORATORY -- NOT PART OF CONFIRMATORY YAX v1.1,0540,"Claims adjusters, appraisers, examiners, and investigators",intersection,True,True,True,False,True,True,True,True,True,1215190.2283,20645362.6206
POST-OUTCOME EXPLORATORY -- NOT PART OF CONFIRMATORY YAX v1.1,0565,Compliance officers,intersection,True,True,True,False,True,True,True,True,True,614404.5171999999,17269204.176200002
POST-OUTCOME EXPLORATORY -- NOT PART OF CONFIRMATORY YAX v1.1,0600,Cost estimators,intersection,True,True,True,False,True,True,True,True,True,330419.0549,7078238.957100001
POST-OUTCOME EXPLORATORY -- NOT PART OF CONFIRMATORY YAX v1.1,0630,Human resources workers,intersection,True,True,True,False,True,True,True,True,True,4313058.701199999,46258240.312199995
POST-OUTCOME EXPLORATORY -- NOT PART OF CONFIRMATORY YAX v1.1,0640,"Compensation, benefits, and job analysis specialists",intersection,True,True,True,False,True,True,True,True,True,109908.49359999999,3638683.4842
POST-OUTCOME EXPLORATORY -- NOT PART OF CONFIRMATORY YAX v1.1,0650,Training and development specialists,intersection,True,True,True,False,True,True,True,True,True,430453.0159,7916412.350900001
POST-OUTCOME EXPLORATORY -- NOT PART OF CONFIRMATORY YAX v1.1,0700,Logisticians,intersection,True,True,True,False,True,True,True,True,True,749523.4627,8060955.627
POST-OUTCOME EXPLORATORY -- NOT PART OF CONFIRMATORY YAX v1.1,0705,Project management specialists,frozen_490_only,True,False,True,True,True,True,False,True,False,1744494.38115504,44831270.72565485
POST-OUTCOME EXPLORATORY -- NOT PART OF CONFIRMATORY YAX v1.1,0710,Management analysts,intersection,True,True,True,False,True,True,True,True,True,3410706.5823999997,54517125.8716
POST-OUTCOME EXPLORATORY -- NOT PART OF CONFIRMATORY YAX v1.1,0725,"Meeting, convention, and event planners",intersection,True,True,True,False,True,True,True,True,True,1103705.4580000003,6968700.634299999
POST-OUTCOME EXPLORATORY -- NOT PART OF CONFIRMATORY YAX v1.1,0726,Fundraisers,intersection,True,True,True,False,True,True,True,True,True,298417.4009,5126646.097
POST-OUTCOME EXPLORATORY -- NOT PART OF CONFIRMATORY YAX v1.1,0735,Market research analysts and marketing specialists,intersection,True,True,True,False,True,True,True,True,True,3462688.3328,20899154.522200003
POST-OUTCOME EXPLORATORY -- NOT PART OF CONFIRMATORY YAX v1.1,0750,"Business operations specialists, all other",intersection,True,True,True,True,True,True,True,True,True,1572368.6169373,19270360.874361806
POST-OUTCOME EXPLORATORY -- NOT PART OF CONFIRMATORY YAX v1.1,0800,Accountants and auditors,intersection,True,True,True,False,True,True,True,True,True,8021187.5336,101054184.0059
POST-OUTCOME EXPLORATORY -- NOT PART OF CONFIRMATORY YAX v1.1,0810,Property appraisers and assessors,intersection,True,True,True,False,True,True,True,True,False,163685.6232,4903195.3509
POST-OUTCOME EXPLORATORY -- NOT PART OF CONFIRMATORY YAX v1.1,0820,Budget analysts,intersection,True,True,True,False,True,True,True,True,True,50284.1953,3412844.7791000004
POST-OUTCOME EXPLORATORY -- NOT PART OF CONFIRMATORY YAX v1.1,0830,Credit analysts,intersection,True,True,True,False,True,True,True,True,True,287084.39580000006,1893928.0107999998
POST-OUTCOME EXPLORATORY -- NOT PART OF CONFIRMATORY YAX v1.1,0845,Financial and investment analysts,intersection,True,True,True,True,True,True,True,True,True,2311868.3518629703,19242551.047138635
POST-OUTCOME EXPLORATORY -- NOT PART OF CONFIRMATORY YAX v1.1,0850,Personal financial advisors,intersection,True,True,True,False,True,True,True,True,True,2405743.9948,30271061.152099997
POST-OUTCOME EXPLORATORY -- NOT PART OF CONFIRMATORY YAX v1.1,0860,Insurance underwriters,intersection,True,True,True,False,True,True,True,True,True,510040.7034,6407943.4904000005
POST-OUTCOME EXPLORATORY -- NOT PART OF CONFIRMATORY YAX v1.1,0900,Financial examiners,intersection,True,True,True,False,True,True,True,True,True,47881.5484,1147956.9774
POST-OUTCOME EXPLORATORY -- NOT PART OF CONFIRMATORY YAX v1.1,0910,Credit counselors and loan officers,intersection,True,True,True,False,True,True,True,True,True,1660570.6141,22844614.2865
POST-OUTCOME EXPLORATORY -- NOT PART OF CONFIRMATORY YAX v1.1,0930,"Tax examiners and collectors, and revenue agents",intersection,True,True,True,False,True,True,True,True,True,133510.2373,3489078.2536000004
POST-OUTCOME EXPLORATORY -- NOT PART OF CONFIRMATORY YAX v1.1,0940,Tax preparers,intersection,True,True,True,False,True,True,True,True,True,385649.2018,4881017.863600001
POST-OUTCOME EXPLORATORY -- NOT PART OF CONFIRMATORY YAX v1.1,0960,Other financial specialists,intersection,True,True,True,True,True,True,True,True,False,323412.94613703,3837704.2807613597
POST-OUTCOME EXPLORATORY -- NOT PART OF CONFIRMATORY YAX v1.1,1005,Computer and information research scientists,intersection,True,True,True,False,True,True,True,True,False,209287.0289,1808127.4922
POST-OUTCOME EXPLORATORY -- NOT PART OF CONFIRMATORY YAX v1.1,1006,Computer systems analysts,intersection,True,True,True,False,True,True,True,True,False,2997952.7755000005,33085453.3841
POST-OUTCOME EXPLORATORY -- NOT PART OF CONFIRMATORY YAX v1.1,1007,Information security analysts,intersection,True,True,True,False,True,True,True,True,False,655281.2367,7664141.989100001
POST-OUTCOME EXPLORATORY -- NOT PART OF CONFIRMATORY YAX v1.1,1010,Computer programmers,intersection,True,True,True,False,True,True,True,True,False,1523796.6209,26694250.333699998
POST-OUTCOME EXPLORATORY -- NOT PART OF CONFIRMATORY YAX v1.1,1021,Software developers,intersection,True,True,True,True,True,True,True,True,False,9090871.53246736,102504424.57661296
POST-OUTCOME EXPLORATORY -- NOT PART OF CONFIRMATORY YAX v1.1,1022,Software quality assurance analysts and testers,frozen_490_only,True,False,True,True,True,True,False,True,False,569212.2654416,7720481.0916321995
POST-OUTCOME EXPLORATORY -- NOT PART OF CONFIRMATORY YAX v1.1,1031,Web developers,intersection,True,True,True,True,True,True,True,True,False,611123.5998003299,6466995.676085949
POST-OUTCOME EXPLORATORY -- NOT PART OF CONFIRMATORY YAX v1.1,1032,Web and digital interface designers,intersection,True,True,True,True,True,True,True,True,False,394677.95921487,4080620.1563420002
POST-OUTCOME EXPLORATORY -- NOT PART OF CONFIRMATORY YAX v1.1,1050,Computer support specialists,intersection,True,True,True,False,True,True,True,True,False,3229887.0039999997,34964597.2196
POST-OUTCOME EXPLORATORY -- NOT PART OF CONFIRMATORY YAX v1.1,1065,Database administrators and architects,intersection,True,True,True,True,True,True,True,True,False,479188.8045632,7091176.5863296995
POST-OUTCOME EXPLORATORY -- NOT PART OF CONFIRMATORY YAX v1.1,1105,Network and computer systems administrators,intersection,True,True,True,False,True,True,True,True,False,545626.7790999999,12979848.4117
POST-OUTCOME EXPLORATORY -- NOT PART OF CONFIRMATORY YAX v1.1,1106,Computer network architects,intersection,True,True,True,False,True,True,True,True,False,138147.213,6727426.375600001
POST-OUTCOME EXPLORATORY -- NOT PART OF CONFIRMATORY YAX v1.1,1108,"Computer occupations, all other",intersection,True,True,True,True,True,True,True,True,False,3698200.1404676805,46205478.59352103
POST-OUTCOME EXPLORATORY -- NOT PART OF CONFIRMATORY YAX v1.1,1200,Actuaries,intersection,True,True,True,False,True,True,True,True,True,258025.2728,1788853.0952
POST-OUTCOME EXPLORATORY -- NOT PART OF CONFIRMATORY YAX v1.1,1220,Operations research analysts,intersection,True,True,True,False,True,True,True,True,True,597132.5818999999,8513435.965
POST-OUTCOME EXPLORATORY -- NOT PART OF CONFIRMATORY YAX v1.1,1240,Other mathematical science occupations,intersection,True,True,True,False,True,True,True,True,False,1476866.5657000002,10770663.2533
POST-OUTCOME EXPLORATORY -- NOT PART OF CONFIRMATORY YAX v1.1,1305,"Architects, except landscape and naval",intersection,True,True,True,True,True,True,True,True,True,451944.39110897,11335029.303776782
POST-OUTCOME EXPLORATORY -- NOT PART OF CONFIRMATORY YAX v1.1,1306,Landscape architects,intersection,True,True,True,True,True,True,True,True,True,55753.083291029994,1888974.8695232198
POST-OUTCOME EXPLORATORY -- NOT PART OF CONFIRMATORY YAX v1.1,1310,"Surveyors, cartographers, and photogrammetrists",intersection,True,True,True,False,True,True,True,True,True,140425.3211,2573703.5511
POST-OUTCOME EXPLORATORY -- NOT PART OF CONFIRMATORY YAX v1.1,1320,Aerospace engineers,intersection,True,True,True,False,True,True,True,True,True,656831.056,8447747.559199998
POST-OUTCOME EXPLORATORY -- NOT PART OF CONFIRMATORY YAX v1.1,1340,Bioengineers and biomedical engineers,intersection,True,True,True,False,True,True,True,True,True,246309.634,1162277.5724
POST-OUTCOME EXPLORATORY -- NOT PART OF CONFIRMATORY YAX v1.1,1350,Chemical engineers,intersection,True,True,True,False,True,True,True,True,True,523525.09070000006,4163593.0581
POST-OUTCOME EXPLORATORY -- NOT PART OF CONFIRMATORY YAX v1.1,1360,Civil engineers,intersection,True,True,True,False,True,True,True,True,True,2764818.5831,25610255.4722
POST-OUTCOME EXPLORATORY -- NOT PART OF CONFIRMATORY YAX v1.1,1400,Computer hardware engineers,intersection,True,True,True,False,True,True,True,True,True,441242.82369999995,4818096.5095
POST-OUTCOME EXPLORATORY -- NOT PART OF CONFIRMATORY YAX v1.1,1410,Electrical and electronics engineers,intersection,True,True,True,False,True,True,True,True,True,1013398.0434,16560521.654499998
POST-OUTCOME EXPLORATORY -- NOT PART OF CONFIRMATORY YAX v1.1,1420,Environmental engineers,intersection,True,True,True,False,True,True,True,True,True,144855.8231,2014339.5193
POST-OUTCOME EXPLORATORY -- NOT PART OF CONFIRMATORY YAX v1.1,1430,"Industrial engineers, including health and safety",intersection,True,True,True,False,True,True,True,True,True,1132817.4664,13448641.720499998
POST-OUTCOME EXPLORATORY -- NOT PART OF CONFIRMATORY YAX v1.1,1440,Marine engineers and naval architects,intersection,True,True,True,False,True,True,True,True,True,50592.7981,782093.6503999999
POST-OUTCOME EXPLORATORY -- NOT PART OF CONFIRMATORY YAX v1.1,1450,Materials engineers,intersection,True,True,True,False,True,True,True,True,True,186448.26050000003,2549080.5628000004
POST-OUTCOME EXPLORATORY -- NOT PART OF CONFIRMATORY YAX v1.1,1460,Mechanical engineers,intersection,True,True,True,False,True,True,True,True,True,2617756.1029,19933974.212799996
POST-OUTCOME EXPLORATORY -- NOT PART OF CONFIRMATORY YAX v1.1,1500,"Mining and geological engineers, including mining safety engineers",frozen_490_only,True,False,True,False,False,True,False,True,True,20750.9847,253869.26890000002
POST-OUTCOME EXPLORATORY -- NOT PART OF CONFIRMATORY YAX v1.1,1510,Nuclear engineers,frozen_490_only,True,False,True,False,False,True,False,True,True,17626.8997,283339.52509999997
POST-OUTCOME EXPLORATORY -- NOT PART OF CONFIRMATORY YAX v1.1,1520,Petroleum engineers,intersection,True,True,True,False,True,True,True,True,True,153056.5378,1479389.646
POST-OUTCOME EXPLORATORY -- NOT PART OF CONFIRMATORY YAX v1.1,1530,"Engineers, all other",intersection,True,True,True,False,True,True,True,True,True,2716629.6643,35316165.0468
POST-OUTCOME EXPLORATORY -- NOT PART OF CONFIRMATORY YAX v1.1,1541,Architectural and civil drafters,intersection,True,True,True,True,True,True,True,True,True,259637.12708756002,2221643.56301442
POST-OUTCOME EXPLORATORY -- NOT PART OF CONFIRMATORY YAX v1.1,1545,Other drafters,expanded_495_only,False,True,True,True,True,False,True,True,False,486060.88291244,4791721.22638558
POST-OUTCOME EXPLORATORY -- NOT PART OF CONFIRMATORY YAX v1.1,1551,Electrical and electronic engineering technologists and technicians,intersection,True,True,True,True,True,True,True,True,True,415605.16934247996,5863194.85902584
POST-OUTCOME EXPLORATORY -- NOT PART OF CONFIRMATORY YAX v1.1,1555,"Other engineering technologists and technicians, except drafters",frozen_490_only,True,False,True,True,True,True,False,True,False,1545704.7376575202,18047868.422174156
POST-OUTCOME EXPLORATORY -- NOT PART OF CONFIRMATORY YAX v1.1,1560,Surveying and mapping technicians,intersection,True,True,True,False,True,True,True,True,True,441001.9955,3356058.4342
POST-OUTCOME EXPLORATORY -- NOT PART OF CONFIRMATORY YAX v1.1,1600,Agricultural and food scientists,intersection,True,True,True,False,True,True,True,True,True,223116.7586,1711806.3887999998
POST-OUTCOME EXPLORATORY -- NOT PART OF CONFIRMATORY YAX v1.1,1610,Biological scientists,intersection,True,True,True,False,True,True,True,True,True,492711.9178,5728169.246800001
POST-OUTCOME EXPLORATORY -- NOT PART OF CONFIRMATORY YAX v1.1,1640,Conservation scientists and foresters,intersection,True,True,True,False,True,True,True,True,True,132429.7883,1331485.9339
POST-OUTCOME EXPLORATORY -- NOT PART OF CONFIRMATORY YAX v1.1,1650,Medical scientists,intersection,True,True,True,False,True,True,True,True,True,713624.9763,9034124.356
POST-OUTCOME EXPLORATORY -- NOT PART OF CONFIRMATORY YAX v1.1,1700,Astronomers and physicists,intersection,True,True,True,False,True,True,True,True,True,120813.7014,1080270.517
POST-OUTCOME EXPLORATORY -- NOT PART OF CONFIRMATORY YAX v1.1,1710,Atmospheric and space scientists,intersection,True,True,True,False,True,True,True,True,True,31979.3041,648744.747
POST-OUTCOME EXPLORATORY -- NOT PART OF CONFIRMATORY YAX v1.1,1720,Chemists and materials scientists,intersection,True,True,True,False,True,True,True,True,True,532273.9843,5411978.0459
POST-OUTCOME EXPLORATORY -- NOT PART OF CONFIRMATORY YAX v1.1,1745,"Environmental scientists and specialists, including health",intersection,True,True,True,True,True,True,True,True,True,238700.71719312,2264254.35799
POST-OUTCOME EXPLORATORY -- NOT PART OF CONFIRMATORY YAX v1.1,1750,"Geoscientists and hydrologists, except geographers",intersection,True,True,True,True,True,True,True,True,True,183228.18770688,3010908.53431
POST-OUTCOME EXPLORATORY -- NOT PART OF CONFIRMATORY YAX v1.1,1760,"Physical scientists, all other",intersection,True,True,True,False,True,True,True,True,True,2219595.4590999996,19834177.3223
POST-OUTCOME EXPLORATORY -- NOT PART OF CONFIRMATORY YAX v1.1,1800,Economists,intersection,True,True,True,False,True,True,True,True,True,77079.8223,1710291.2639
POST-OUTCOME EXPLORATORY -- NOT PART OF CONFIRMATORY YAX v1.1,1821,Clinical and counseling psychologists,intersection,True,True,True,True,True,True,True,True,False,51647.715162550005,1303133.2304545199
POST-OUTCOME EXPLORATORY -- NOT PART OF CONFIRMATORY YAX v1.1,1822,School psychologists,intersection,True,True,True,True,True,True,True,True,False,108293.48443945,2615533.6750262803
POST-OUTCOME EXPLORATORY -- NOT PART OF CONFIRMATORY YAX v1.1,1825,Other psychologists,intersection,True,True,True,True,True,True,True,True,False,183533.40629800002,7629537.5936192
POST-OUTCOME EXPLORATORY -- NOT PART OF CONFIRMATORY YAX v1.1,1840,Urban and regional planners,intersection,True,True,True,False,True,True,True,True,True,226668.01810000004,1817476.7401999997
POST-OUTCOME EXPLORATORY -- NOT PART OF CONFIRMATORY YAX v1.1,1860,Miscellaneous social scientists and related workers,intersection,True,True,True,False,True,True,True,True,True,316965.3461,2840628.5393000003
POST-OUTCOME EXPLORATORY -- NOT PART OF CONFIRMATORY YAX v1.1,1900,Agricultural and food science technicians,intersection,True,True,True,False,True,True,True,True,False,246392.9866,1787823.9631
POST-OUTCOME EXPLORATORY -- NOT PART OF CONFIRMATORY YAX v1.1,1910,Biological technicians,intersection,True,True,True,False,True,True,True,True,True,170403.2929,1094328.493
POST-OUTCOME EXPLORATORY -- NOT PART OF CONFIRMATORY YAX v1.1,1920,Chemical technicians,intersection,True,True,True,False,True,True,True,True,True,500300.1371,3131704.215
POST-OUTCOME EXPLORATORY -- NOT PART OF CONFIRMATORY YAX v1.1,1935,Environmental  science and geoscience technicians,frozen_490_only,True,False,True,True,True,True,False,True,False,229910.88206676,1571336.5057863102
POST-OUTCOME EXPLORATORY -- NOT PART OF CONFIRMATORY YAX v1.1,1970,"Other life, physical, and social science technicians",intersection,True,True,True,True,True,True,True,True,False,2499599.7119332394,10037365.23711369
POST-OUTCOME EXPLORATORY -- NOT PART OF CONFIRMATORY YAX v1.1,1980,Occupational health and safety specialists and technicians,intersection,True,True,True,True,True,True,True,True,False,410537.95647663996,3961211.8248486803
POST-OUTCOME EXPLORATORY -- NOT PART OF CONFIRMATORY YAX v1.1,2001,Substance abuse and behavioral disorder counselors,intersection,True,True,True,True,True,True,True,True,True,698346.8265296001,5642030.9381994
POST-OUTCOME EXPLORATORY -- NOT PART OF CONFIRMATORY YAX v1.1,2002,"Educational, guidance, and career counselors and advisors",intersection,True,True,True,True,True,True,True,True,True,1739858.4540651997,21604267.06895155
POST-OUTCOME EXPLORATORY -- NOT PART OF CONFIRMATORY YAX v1.1,2003,Marriage and family therapists,intersection,True,True,True,True,True,True,True,True,True,152512.12408032,2275871.32418898
POST-OUTCOME EXPLORATORY -- NOT PART OF CONFIRMATORY YAX v1.1,2004,Mental health counselors,intersection,True,True,True,True,True,True,True,True,True,457406.6203818399,8306793.04295101
POST-OUTCOME EXPLORATORY -- NOT PART OF CONFIRMATORY YAX v1.1,2005,Rehabilitation counselors,intersection,True,True,True,True,True,True,True,True,True,118292.81730175999,1584795.5076606402
POST-OUTCOME EXPLORATORY -- NOT PART OF CONFIRMATORY YAX v1.1,2006,"Counselors, all other",raw_candidate_only_neither_490_nor_495,False,False,True,True,True,False,True,False,False,1204719.45004128,12689214.63744842
POST-OUTCOME EXPLORATORY -- NOT PART OF CONFIRMATORY YAX v1.1,2011,"Child, family, and school social workers",intersection,True,True,True,True,True,True,True,True,True,365406.32610228,5606673.634621181
POST-OUTCOME EXPLORATORY -- NOT PART OF CONFIRMATORY YAX v1.1,2012,Healthcare social workers,intersection,True,True,True,True,True,True,True,True,True,338966.52780922,5499700.311804069
POST-OUTCOME EXPLORATORY -- NOT PART OF CONFIRMATORY YAX v1.1,2013,Mental health and substance abuse social workers,intersection,True,True,True,True,True,True,True,True,True,95174.37001256002,1706948.0063403603
POST-OUTCOME EXPLORATORY -- NOT PART OF CONFIRMATORY YAX v1.1,2014,"Social workers, all other",raw_candidate_only_neither_490_nor_495,False,False,True,True,True,False,True,False,False,2922521.2788759395,36488814.21033439
POST-OUTCOME EXPLORATORY -- NOT PART OF CONFIRMATORY YAX v1.1,2015,Probation officers and correctional treatment specialists,intersection,True,True,True,False,True,True,True,True,True,249629.2048,5866735.0438
POST-OUTCOME EXPLORATORY -- NOT PART OF CONFIRMATORY YAX v1.1,2016,Social and human service assistants,intersection,True,True,True,False,True,True,True,True,True,1380233.2734,11940237.8876
POST-OUTCOME EXPLORATORY -- NOT PART OF CONFIRMATORY YAX v1.1,2025,Other community and social service specialists,expanded_495_only,False,True,True,False,True,False,True,True,False,533494.8973999999,4905931.9984
POST-OUTCOME EXPLORATORY -- NOT PART OF CONFIRMATORY YAX v1.1,2040,Clergy,intersection,True,True,True,False,True,True,True,True,True,855220.3739,21873955.298499998
POST-OUTCOME EXPLORATORY -- NOT PART OF CONFIRMATORY YAX v1.1,2050,"Directors, religious activities and education",intersection,True,True,True,False,True,True,True,True,True,280708.36619999993,3850149.459
POST-OUTCOME EXPLORATORY -- NOT PART OF CONFIRMATORY YAX v1.1,2060,"Religious workers, all other",raw_candidate_only_neither_490_nor_495,False,False,True,False,True,False,True,False,False,375973.4581,3603018.8707000003
POST-OUTCOME EXPLORATORY -- NOT PART OF CONFIRMATORY YAX v1.1,2100,Lawyers,intersection,True,True,True,False,True,True,True,True,True,597048.8616,70582229.6951
POST-OUTCOME EXPLORATORY -- NOT PART OF CONFIRMATORY YAX v1.1,2105,Judicial law clerks,intersection,True,True,True,False,True,True,True,True,True,81320.8811,952592.3668000002
POST-OUTCOME EXPLORATORY -- NOT PART OF CONFIRMATORY YAX v1.1,2145,Paralegals and legal assistants,intersection,True,True,True,False,True,True,True,True,True,2601390.6666000006,24078104.2042
POST-OUTCOME EXPLORATORY -- NOT PART OF CONFIRMATORY YAX v1.1,2170,"Title examiners, abstractors, and searchers",intersection,True,True,True,True,True,True,True,True,True,288771.12649765995,5823914.206044421
POST-OUTCOME EXPLORATORY -- NOT PART OF CONFIRMATORY YAX v1.1,2180,"Legal support workers, all other",raw_candidate_only_neither_490_nor_495,False,False,True,True,True,False,True,False,False,341116.30095693,3379257.9366069096
POST-OUTCOME EXPLORATORY -- NOT PART OF CONFIRMATORY YAX v1.1,2205,Postsecondary teachers,expanded_495_only,False,True,True,True,True,False,True,True,False,4947245.98100684,65488425.14519684
POST-OUTCOME EXPLORATORY -- NOT PART OF CONFIRMATORY YAX v1.1,2300,Preschool and kindergarten teachers,intersection,True,True,True,False,True,True,True,True,True,4616600.2118,34218916.9023
POST-OUTCOME EXPLORATORY -- NOT PART OF CONFIRMATORY YAX v1.1,2310,Elementary and middle school teachers,intersection,True,True,True,False,True,True,True,True,True,13185487.765,199335085.2447
POST-OUTCOME EXPLORATORY -- NOT PART OF CONFIRMATORY YAX v1.1,2320,Secondary school teachers,intersection,True,True,True,False,True,True,True,True,True,3388188.3004999994,59900457.0214
POST-OUTCOME EXPLORATORY -- NOT PART OF CONFIRMATORY YAX v1.1,2330,Special education teachers,intersection,True,True,True,False,True,True,True,True,False,1293830.9111999997,21601882.3644
POST-OUTCOME EXPLORATORY -- NOT PART OF CONFIRMATORY YAX v1.1,2350,Tutors,intersection,True,True,True,True,True,True,True,True,False,1791765.3324431002,8606537.027508698
POST-OUTCOME EXPLORATORY -- NOT PART OF CONFIRMATORY YAX v1.1,2360,Other teachers and instructors,expanded_495_only,False,True,True,True,True,False,True,True,False,3899151.5430569,34802495.9204913
POST-OUTCOME EXPLORATORY -- NOT PART OF CONFIRMATORY YAX v1.1,2400,"Archivists, curators, and museum technicians",intersection,True,True,True,False,True,True,True,True,True,295466.2005,2847409.2424000003
POST-OUTCOME EXPLORATORY -- NOT PART OF CONFIRMATORY YAX v1.1,2435,Librarians and media collections specialists,frozen_490_only,True,False,True,True,True,True,False,True,False,384090.71923883,9708412.17929357
POST-OUTCOME EXPLORATORY -- NOT PART OF CONFIRMATORY YAX v1.1,2440,Library technicians,intersection,True,True,True,False,True,True,True,True,True,213545.77349999998,1500614.2033999998
POST-OUTCOME EXPLORATORY -- NOT PART OF CONFIRMATORY YAX v1.1,2545,Teaching assistants,raw_candidate_only_neither_490_nor_495,False,False,True,True,True,False,False,True,False,8955876.25989316,59669535.02150316
POST-OUTCOME EXPLORATORY -- NOT PART OF CONFIRMATORY YAX v1.1,2555,Other educational instruction and library workers,expanded_495_only,False,True,True,True,True,False,True,True,False,670653.9744611699,8683556.065006431
POST-OUTCOME EXPLORATORY -- NOT PART OF CONFIRMATORY YAX v1.1,2600,Artists and related workers,expanded_495_only,False,True,True,False,True,False,True,True,False,1246899.3657,13775824.1119
POST-OUTCOME EXPLORATORY -- NOT PART OF CONFIRMATORY YAX v1.1,2631,Commercial and industrial designers,intersection,True,True,True,True,True,True,True,True,True,83889.77937396072,987972.2794955099
POST-OUTCOME EXPLORATORY -- NOT PART OF CONFIRMATORY YAX v1.1,2632,Fashion designers,intersection,True,True,True,True,True,True,True,True,True,211150.11085797386,1658618.0877806705
POST-OUTCOME EXPLORATORY -- NOT PART OF CONFIRMATORY YAX v1.1,2633,Floral designers,intersection,True,True,True,True,True,True,True,True,True,427566.635021421,3612377.785420761
POST-OUTCOME EXPLORATORY -- NOT PART OF CONFIRMATORY YAX v1.1,2634,Graphic designers,intersection,True,True,True,True,True,True,True,True,True,1902409.4103983953,17366004.4754078
POST-OUTCOME EXPLORATORY -- NOT PART OF CONFIRMATORY YAX v1.1,2635,Interior designers,intersection,True,True,True,True,True,True,True,True,True,548001.2595374228,6374330.346911858
POST-OUTCOME EXPLORATORY -- NOT PART OF CONFIRMATORY YAX v1.1,2636,Merchandise displayers and window trimmers,intersection,True,True,True,True,True,True,True,True,True,104098.55386194318,1072991.2951819622
POST-OUTCOME EXPLORATORY -- NOT PART OF CONFIRMATORY YAX v1.1,2640,Other designers,expanded_495_only,False,True,True,True,True,False,True,True,False,1921908.2777516954,20920002.553124823
POST-OUTCOME EXPLORATORY -- NOT PART OF CONFIRMATORY YAX v1.1,2700,Actors,intersection,True,True,True,False,True,True,True,True,True,245055.31949999998,1997851.1501999998
POST-OUTCOME EXPLORATORY -- NOT PART OF CONFIRMATORY YAX v1.1,2710,Producers and directors,intersection,True,True,True,False,True,True,True,True,True,731255.2141,10733858.1185
POST-OUTCOME EXPLORATORY -- NOT PART OF CONFIRMATORY YAX v1.1,2721,Athletes and sports competitors,intersection,True,True,True,True,True,True,True,True,True,293049.0468366,1408196.9841758003
POST-OUTCOME EXPLORATORY -- NOT PART OF CONFIRMATORY YAX v1.1,2722,Coaches and scouts,intersection,True,True,True,True,True,True,True,True,True,1940923.34947734,10120157.028535422
POST-OUTCOME EXPLORATORY -- NOT PART OF CONFIRMATORY YAX v1.1,2723,"Umpires, referees, and other sports officials",intersection,True,True,True,True,True,True,True,True,True,294951.91038605996,1382147.0153887798
POST-OUTCOME EXPLORATORY -- NOT PART OF CONFIRMATORY YAX v1.1,2740,Dancers and choreographers,intersection,True,True,True,False,True,True,True,True,True,295035.9067,603015.0739999999
POST-OUTCOME EXPLORATORY -- NOT PART OF CONFIRMATORY YAX v1.1,2751,Music directors and composers,intersection,True,True,True,True,True,True,True,True,True,200080.30180448,2354126.1648974395
POST-OUTCOME EXPLORATORY -- NOT PART OF CONFIRMATORY YAX v1.1,2752,Musicians and singers,intersection,True,True,True,True,True,True,True,True,True,696157.0598955201,6789162.03230256
POST-OUTCOME EXPLORATORY -- NOT PART OF CONFIRMATORY YAX v1.1,2755,"Disc jockeys, except radio",frozen_490_only,True,False,True,True,True,True,True,False,False,21060.4764622,582108.37130584
POST-OUTCOME EXPLORATORY -- NOT PART OF CONFIRMATORY YAX v1.1,2770,"Entertainers and performers, sports and related workers, all other",raw_candidate_only_neither_490_nor_495,False,False,True,True,True,False,True,False,False,279862.1862378,2687265.48699416
POST-OUTCOME EXPLORATORY -- NOT PART OF CONFIRMATORY YAX v1.1,2805,Broadcast announcers and radio disc jockeys,intersection,True,True,True,True,True,True,True,True,True,125945.68794539999,1905271.0454637497
POST-OUTCOME EXPLORATORY -- NOT PART OF CONFIRMATORY YAX v1.1,2810,"News analysts, reporters, and journalists",intersection,True,True,True,False,True,True,True,True,False,817529.1098999999,4175598.3187
POST-OUTCOME EXPLORATORY -- NOT PART OF CONFIRMATORY YAX v1.1,2825,Public relations specialists,intersection,True,True,True,False,True,True,True,True,True,902217.2993000001,7113914.5454
POST-OUTCOME EXPLORATORY -- NOT PART OF CONFIRMATORY YAX v1.1,2830,Editors,intersection,True,True,True,False,True,True,True,True,True,530498.0959,7225546.3089
POST-OUTCOME EXPLORATORY -- NOT PART OF CONFIRMATORY YAX v1.1,2840,Technical writers,intersection,True,True,True,False,True,True,True,True,True,277407.1413,3821192.8167
POST-OUTCOME EXPLORATORY -- NOT PART OF CONFIRMATORY YAX v1.1,2850,Writers and authors,intersection,True,True,True,False,True,True,True,True,True,916329.1208999999,13027137.8494
POST-OUTCOME EXPLORATORY -- NOT PART OF CONFIRMATORY YAX v1.1,2861,Interpreters and translators,intersection,True,True,True,True,True,True,True,True,True,344204.7917231,5370040.001237189
POST-OUTCOME EXPLORATORY -- NOT PART OF CONFIRMATORY YAX v1.1,2862,Court reporters and simultaneous captioners,intersection,True,True,True,True,True,True,True,True,False,65202.885045409996,1887812.9635486698
POST-OUTCOME EXPLORATORY -- NOT PART OF CONFIRMATORY YAX v1.1,2865,"Media and communication workers, all other",raw_candidate_only_neither_490_nor_495,False,False,True,True,True,False,False,True,False,125062.16473149999,1193707.89099906
POST-OUTCOME EXPLORATORY -- NOT PART OF CONFIRMATORY YAX v1.1,2905,"Broadcast, sound, and lighting technicians",frozen_490_only,True,False,True,True,True,True,False,True,False,470643.94113808,5053198.39357248
POST-OUTCOME EXPLORATORY -- NOT PART OF CONFIRMATORY YAX v1.1,2910,Photographers,intersection,True,True,True,False,True,True,True,True,True,1031278.7122999999,10765749.349900002
POST-OUTCOME EXPLORATORY -- NOT PART OF CONFIRMATORY YAX v1.1,2920,"Television, video, and film camera operators and editors",intersection,True,True,True,False,True,True,True,True,True,675100.1875,4617254.336300001
POST-OUTCOME EXPLORATORY -- NOT PART OF CONFIRMATORY YAX v1.1,3000,Chiropractors,intersection,True,True,True,False,True,True,True,True,True,94604.07200000001,3337436.1360000004
POST-OUTCOME EXPLORATORY -- NOT PART OF CONFIRMATORY YAX v1.1,3010,Dentists,expanded_495_only,False,True,True,False,True,False,True,True,False,50520.4591,9215429.0316
POST-OUTCOME EXPLORATORY -- NOT PART OF CONFIRMATORY YAX v1.1,3030,Dietitians and nutritionists,intersection,True,True,True,False,True,True,True,True,True,300229.16790000006,6912162.571599999
POST-OUTCOME EXPLORATORY -- NOT PART OF CONFIRMATORY YAX v1.1,3040,Optometrists,intersection,True,True,True,False,True,True,True,True,True,13360.2829,2618824.7412
POST-OUTCOME EXPLORATORY -- NOT PART OF CONFIRMATORY YAX v1.1,3050,Pharmacists,intersection,True,True,True,False,True,True,True,True,True,1058712.7231,20672954.002000004
POST-OUTCOME EXPLORATORY -- NOT PART OF CONFIRMATORY YAX v1.1,3065,Emergency medicine physicians,intersection,True,True,True,True,False,True,True,True,False,5418.987663559999,616084.1673163299
POST-OUTCOME EXPLORATORY -- NOT PART OF CONFIRMATORY YAX v1.1,3070,Radiologists,intersection,True,True,True,True,False,True,True,True,False,6979.429137360001,793490.60293098
POST-OUTCOME EXPLORATORY -- NOT PART OF CONFIRMATORY YAX v1.1,3090,Other physicians,expanded_495_only,False,True,True,True,True,False,True,True,False,456516.02294536005,58174624.43947497
POST-OUTCOME EXPLORATORY -- NOT PART OF CONFIRMATORY YAX v1.1,3100,Surgeons,expanded_495_only,False,True,True,True,True,False,True,True,False,14668.149853719999,3314026.0079777106
POST-OUTCOME EXPLORATORY -- NOT PART OF CONFIRMATORY YAX v1.1,3110,Physician assistants,intersection,True,True,True,False,True,True,True,True,True,385774.1512,8613001.3805
POST-OUTCOME EXPLORATORY -- NOT PART OF CONFIRMATORY YAX v1.1,3140,Audiologists,intersection,True,True,True,False,True,True,True,True,True,61868.9905,866517.2204999999
POST-OUTCOME EXPLORATORY -- NOT PART OF CONFIRMATORY YAX v1.1,3150,Occupational therapists,intersection,True,True,True,False,True,True,True,True,True,387809.3465,7835985.4364
POST-OUTCOME EXPLORATORY -- NOT PART OF CONFIRMATORY YAX v1.1,3160,Physical therapists,intersection,True,True,True,False,True,True,True,True,True,747372.4563000001,17057541.6823
POST-OUTCOME EXPLORATORY -- NOT PART OF CONFIRMATORY YAX v1.1,3200,Radiation therapists,intersection,True,True,True,False,True,True,True,True,True,24101.1564,843556.6606
POST-OUTCOME EXPLORATORY -- NOT PART OF CONFIRMATORY YAX v1.1,3210,Recreational therapists,intersection,True,True,True,False,True,True,True,True,True,177757.8345,697588.1203
POST-OUTCOME EXPLORATORY -- NOT PART OF CONFIRMATORY YAX v1.1,3220,Respiratory therapists,intersection,True,True,True,False,True,True,True,True,True,236432.9364,6774379.7155
POST-OUTCOME EXPLORATORY -- NOT PART OF CONFIRMATORY YAX v1.1,3230,Speech-language pathologists,intersection,True,True,True,False,True,True,True,True,True,766558.6573999999,10121265.2929
POST-OUTCOME EXPLORATORY -- NOT PART OF CONFIRMATORY YAX v1.1,3245,"Therapists, all other",frozen_490_only,True,False,True,False,True,True,True,False,False,1244935.3366,13469698.8488
POST-OUTCOME EXPLORATORY -- NOT PART OF CONFIRMATORY YAX v1.1,3250,Veterinarians,intersection,True,True,True,False,True,True,True,True,True,43351.5518,5551985.0286
POST-OUTCOME EXPLORATORY -- NOT PART OF CONFIRMATORY YAX v1.1,3255,Registered nurses,intersection,True,True,True,False,True,True,True,True,True,14657776.8162,190691955.4338
POST-OUTCOME EXPLORATORY -- NOT PART OF CONFIRMATORY YAX v1.1,3258,Nurse practitioners,intersection,True,True,True,False,True,True,True,True,True,80024.7364,14570205.741999999
POST-OUTCOME EXPLORATORY -- NOT PART OF CONFIRMATORY YAX v1.1,3261,Acupuncturists,intersection,True,True,True,True,True,True,True,True,False,18077.754015000002,1333370.1102975002
POST-OUTCOME EXPLORATORY -- NOT PART OF CONFIRMATORY YAX v1.1,3270,"Healthcare diagnosing or treating practitioners, all other",intersection,True,True,True,True,True,True,True,True,False,14315.530784999999,747559.5773024999
POST-OUTCOME EXPLORATORY -- NOT PART OF CONFIRMATORY YAX v1.1,3300,Clinical laboratory technologists and technicians,intersection,True,True,True,False,True,True,True,True,True,2205175.2454,18520336.512900002
POST-OUTCOME EXPLORATORY -- NOT PART OF CONFIRMATORY YAX v1.1,3310,Dental hygienists,intersection,True,True,True,False,True,True,True,True,False,814792.0528999999,11417388.959999999
POST-OUTCOME EXPLORATORY -- NOT PART OF CONFIRMATORY YAX v1.1,3321,Cardiovascular technologists and technicians,intersection,True,True,True,True,True,True,True,True,True,144991.74537246997,2356865.843988288
POST-OUTCOME EXPLORATORY -- NOT PART OF CONFIRMATORY YAX v1.1,3322,Diagnostic medical sonographers,intersection,True,True,True,True,True,True,True,True,True,406107.2881498848,4875338.871690672
POST-OUTCOME EXPLORATORY -- NOT PART OF CONFIRMATORY YAX v1.1,3323,Radiologic technologists and technicians,intersection,True,True,True,True,True,True,True,True,True,833527.7442517616,13128154.412508475
POST-OUTCOME EXPLORATORY -- NOT PART OF CONFIRMATORY YAX v1.1,3324,Magnetic resonance imaging technologists,intersection,True,True,True,True,True,True,True,True,True,148479.6821886833,2448389.4697692073
POST-OUTCOME EXPLORATORY -- NOT PART OF CONFIRMATORY YAX v1.1,3330,Nuclear medicine technologists and medical dosimetrists,intersection,True,True,True,True,True,True,True,True,False,72641.78603704367,1535717.4040412416
POST-OUTCOME EXPLORATORY -- NOT PART OF CONFIRMATORY YAX v1.1,3401,Emergency medical technicians,intersection,True,True,True,True,True,True,True,True,False,1532890.30257882,5969258.670346079
POST-OUTCOME EXPLORATORY -- NOT PART OF CONFIRMATORY YAX v1.1,3402,Paramedics,intersection,True,True,True,True,True,True,True,True,False,813637.38672118,5166958.964753919
POST-OUTCOME EXPLORATORY -- NOT PART OF CONFIRMATORY YAX v1.1,3421,Pharmacy technicians,intersection,True,True,True,True,True,True,True,True,True,3444995.368078142,18383549.80259951
POST-OUTCOME EXPLORATORY -- NOT PART OF CONFIRMATORY YAX v1.1,3422,Psychiatric technicians,intersection,True,True,True,True,True,True,True,True,True,724450.919218632,2607461.360278639
POST-OUTCOME EXPLORATORY -- NOT PART OF CONFIRMATORY YAX v1.1,3423,Surgical technologists,intersection,True,True,True,True,True,True,True,True,True,785050.1128072186,5544423.888673315
POST-OUTCOME EXPLORATORY -- NOT PART OF CONFIRMATORY YAX v1.1,3424,Veterinary technologists and technicians,intersection,True,True,True,True,True,True,True,True,True,1564890.1957602294,6006919.824046621
POST-OUTCOME EXPLORATORY -- NOT PART OF CONFIRMATORY YAX v1.1,3430,Dietetic technicians and ophthalmic medical technicians,intersection,True,True,True,True,True,True,True,True,True,404085.1400788171,1738083.8640063368
POST-OUTCOME EXPLORATORY -- NOT PART OF CONFIRMATORY YAX v1.1,3500,Licensed practical and licensed vocational nurses,intersection,True,True,True,False,True,True,True,True,True,3279489.9317,33799557.8252
POST-OUTCOME EXPLORATORY -- NOT PART OF CONFIRMATORY YAX v1.1,3515,Medical records specialists,intersection,True,True,True,True,True,True,True,True,False,493707.7066996,10440919.4827534
POST-OUTCOME EXPLORATORY -- NOT PART OF CONFIRMATORY YAX v1.1,3520,"Opticians, dispensing",intersection,True,True,True,False,True,True,True,True,True,170008.7156,2679504.9045
POST-OUTCOME EXPLORATORY -- NOT PART OF CONFIRMATORY YAX v1.1,3545,Miscellaneous health technologists and technicians,frozen_490_only,True,False,True,True,True,True,False,True,True,1121241.4361573032,8855131.258297287
POST-OUTCOME EXPLORATORY -- NOT PART OF CONFIRMATORY YAX v1.1,3550,Other healthcare practitioners and technical occupations,frozen_490_only,True,False,True,True,True,True,False,True,False,553952.04912376,5097040.95149792
POST-OUTCOME EXPLORATORY -- NOT PART OF CONFIRMATORY YAX v1.1,3601,Home health aides,intersection,True,True,True,True,True,True,True,True,False,2507331.17605875,26604153.89399995
POST-OUTCOME EXPLORATORY -- NOT PART OF CONFIRMATORY YAX v1.1,3602,Personal care aides,intersection,True,True,True,False,True,True,True,True,False,7510938.250799999,69906653.4198
POST-OUTCOME EXPLORATORY -- NOT PART OF CONFIRMATORY YAX v1.1,3603,Nursing assistants,intersection,True,True,True,True,True,True,True,True,False,10146292.12995175,70440446.25490479
POST-OUTCOME EXPLORATORY -- NOT PART OF CONFIRMATORY YAX v1.1,3605,Orderlies and psychiatric aides,intersection,True,True,True,True,True,True,True,True,False,629124.3283895,2654779.6302952603
POST-OUTCOME EXPLORATORY -- NOT PART OF CONFIRMATORY YAX v1.1,3610,Occupational therapy assistants and aides,intersection,True,True,True,False,True,True,True,True,True,207876.7784,1873985.7110000001
POST-OUTCOME EXPLORATORY -- NOT PART OF CONFIRMATORY YAX v1.1,3620,Physical therapist assistants and aides,intersection,True,True,True,False,True,True,True,True,True,869625.1792,4180301.9277999997
POST-OUTCOME EXPLORATORY -- NOT PART OF CONFIRMATORY YAX v1.1,3630,Massage therapists,intersection,True,True,True,False,True,True,True,True,True,595322.6522999998,9340994.4618
POST-OUTCOME EXPLORATORY -- NOT PART OF CONFIRMATORY YAX v1.1,3640,Dental assistants,intersection,True,True,True,False,True,True,True,True,True,2877723.4761000006,15365488.5017
POST-OUTCOME EXPLORATORY -- NOT PART OF CONFIRMATORY YAX v1.1,3645,Medical assistants,intersection,True,True,True,False,True,True,True,True,True,5373883.1176,29039724.433599994
POST-OUTCOME EXPLORATORY -- NOT PART OF CONFIRMATORY YAX v1.1,3646,Medical transcriptionists,intersection,True,True,True,False,True,True,True,True,True,821067.1996,1568966.0005
POST-OUTCOME EXPLORATORY -- NOT PART OF CONFIRMATORY YAX v1.1,3647,Pharmacy aides,intersection,True,True,True,False,True,True,True,True,True,569071.8204999999,1822123.9649
POST-OUTCOME EXPLORATORY -- NOT PART OF CONFIRMATORY YAX v1.1,3648,Veterinary assistants and laboratory animal caretakers,intersection,True,True,True,False,True,True,True,True,True,1121428.1061,2077741.7153999999
POST-OUTCOME EXPLORATORY -- NOT PART OF CONFIRMATORY YAX v1.1,3649,Phlebotomists,intersection,True,True,True,False,True,True,True,True,True,1041634.7744,5723962.7492
POST-OUTCOME EXPLORATORY -- NOT PART OF CONFIRMATORY YAX v1.1,3655,Other healthcare support workers,intersection,True,True,True,False,True,True,True,True,True,1310592.7696,9612225.618700001
POST-OUTCOME EXPLORATORY -- NOT PART OF CONFIRMATORY YAX v1.1,3700,First-line supervisors of correctional officers,intersection,True,True,True,False,True,True,True,True,True,76105.61069999999,2908516.4269999997
POST-OUTCOME EXPLORATORY -- NOT PART OF CONFIRMATORY YAX v1.1,3710,First-line supervisors of police and detectives,intersection,True,True,True,False,True,True,True,True,True,23999.5974,5897071.152
POST-OUTCOME EXPLORATORY -- NOT PART OF CONFIRMATORY YAX v1.1,3720,First-line supervisors of firefighting and prevention workers,intersection,True,True,True,False,True,True,True,True,True,28696.0691,2926276.2654999997
POST-OUTCOME EXPLORATORY -- NOT PART OF CONFIRMATORY YAX v1.1,3725,First-line supervisors of security workers,frozen_490_only,True,False,True,True,True,True,False,False,False,185924.72668646,4017845.17589619
POST-OUTCOME EXPLORATORY -- NOT PART OF CONFIRMATORY YAX v1.1,3735,"First-line supervisors of protective service workers, all other",raw_candidate_only_neither_490_nor_495,False,False,True,True,False,False,False,False,False,24342.88691354,509677.48550381
POST-OUTCOME EXPLORATORY -- NOT PART OF CONFIRMATORY YAX v1.1,3740,Firefighters,intersection,True,True,True,False,True,True,True,True,True,1404746.5832999998,18361110.5002
POST-OUTCOME EXPLORATORY -- NOT PART OF CONFIRMATORY YAX v1.1,3750,Fire inspectors,intersection,True,True,True,False,True,True,True,True,True,71292.01670000001,1610545.1218
POST-OUTCOME EXPLORATORY -- NOT PART OF CONFIRMATORY YAX v1.1,3801,Bailiffs,intersection,True,True,True,True,True,True,True,True,True,113307.78176333,1425436.1242873701
POST-OUTCOME EXPLORATORY -- NOT PART OF CONFIRMATORY YAX v1.1,3802,Correctional officers and jailers,intersection,True,True,True,True,True,True,True,True,True,2188283.48553667,18861543.711512633
POST-OUTCOME EXPLORATORY -- NOT PART OF CONFIRMATORY YAX v1.1,3820,Detectives and criminal investigators,intersection,True,True,True,False,True,True,True,True,True,192205.0877,9388531.478600001
POST-OUTCOME EXPLORATORY -- NOT PART OF CONFIRMATORY YAX v1.1,3840,Parking enforcement workers,intersection,True,True,True,False,True,True,True,True,True,47922.713800000005,754805.2764
POST-OUTCOME EXPLORATORY -- NOT PART OF CONFIRMATORY YAX v1.1,3870,Police officers,intersection,True,True,True,False,True,True,True,True,True,3385146.7889,43791039.684
POST-OUTCOME EXPLORATORY -- NOT PART OF CONFIRMATORY YAX v1.1,3900,Animal control workers,intersection,True,True,True,False,True,True,True,True,True,30477.118499999997,655161.6943999999
POST-OUTCOME EXPLORATORY -- NOT PART OF CONFIRMATORY YAX v1.1,3910,Private detectives and investigators,intersection,True,True,True,False,True,True,True,True,True,272291.09599999996,5664635.3285
POST-OUTCOME EXPLORATORY -- NOT PART OF CONFIRMATORY YAX v1.1,3930,Security guards and gambling surveillance officers,intersection,True,True,True,False,True,True,True,True,True,6583881.1223,43515566.8414
POST-OUTCOME EXPLORATORY -- NOT PART OF CONFIRMATORY YAX v1.1,3940,Crossing guards and flaggers,intersection,True,True,True,False,True,True,True,True,True,68137.7738,2415040.3304
POST-OUTCOME EXPLORATORY -- NOT PART OF CONFIRMATORY YAX v1.1,3945,Transportation security screeners,intersection,True,True,True,False,True,True,True,True,True,378964.6461,2274883.7582
POST-OUTCOME EXPLORATORY -- NOT PART OF CONFIRMATORY YAX v1.1,3946,School bus monitors,intersection,True,True,True,True,True,True,True,True,False,33217.4268776,758513.6580472001
POST-OUTCOME EXPLORATORY -- NOT PART OF CONFIRMATORY YAX v1.1,3960,Other protective service workers,intersection,True,True,True,True,True,True,True,True,False,852224.4074224,1421677.8490527999
POST-OUTCOME EXPLORATORY -- NOT PART OF CONFIRMATORY YAX v1.1,4000,Chefs and head cooks,intersection,True,True,True,False,True,True,True,True,True,2270128.455,24430089.045900002
POST-OUTCOME EXPLORATORY -- NOT PART OF CONFIRMATORY YAX v1.1,4010,First-line supervisors of food preparation and serving workers,intersection,True,True,True,False,True,True,True,True,True,4386182.2765,24485750.886099998
POST-OUTCOME EXPLORATORY -- NOT PART OF CONFIRMATORY YAX v1.1,4020,Cooks,expanded_495_only,False,True,True,False,True,False,True,True,False,14325039.2115,85579198.5121
POST-OUTCOME EXPLORATORY -- NOT PART OF CONFIRMATORY YAX v1.1,4030,Food preparation workers,intersection,True,True,True,False,True,True,True,True,True,8268880.682899999,32438124.586
POST-OUTCOME EXPLORATORY -- NOT PART OF CONFIRMATORY YAX v1.1,4040,Bartenders,intersection,True,True,True,False,True,True,True,True,True,4794376.4222,19978228.146500003
POST-OUTCOME EXPLORATORY -- NOT PART OF CONFIRMATORY YAX v1.1,4055,Fast food and counter workers,intersection,True,True,True,False,True,True,True,True,False,5182191.4224,12757512.5002
POST-OUTCOME EXPLORATORY -- NOT PART OF CONFIRMATORY YAX v1.1,4110,Waiters and waitresses,intersection,True,True,True,False,True,True,True,True,True,23794862.7941,54940719.174899995
POST-OUTCOME EXPLORATORY -- NOT PART OF CONFIRMATORY YAX v1.1,4120,"Food servers, nonrestaurant",intersection,True,True,True,False,True,True,True,True,True,1596401.4446,6978643.999300001
POST-OUTCOME EXPLORATORY -- NOT PART OF CONFIRMATORY YAX v1.1,4130,Dining room and cafeteria attendants and bartender helpers,intersection,True,True,True,False,True,True,True,True,True,2085927.6884,9065783.462399999
POST-OUTCOME EXPLORATORY -- NOT PART OF CONFIRMATORY YAX v1.1,4140,Dishwashers,intersection,True,True,True,False,True,True,True,True,True,1643484.6184,8745272.8594
POST-OUTCOME EXPLORATORY -- NOT PART OF CONFIRMATORY YAX v1.1,4150,"Hosts and hostesses, restaurant, lounge, and coffee shop",intersection,True,True,True,False,True,True,True,True,True,2845426.3617,3819867.6002
POST-OUTCOME EXPLORATORY -- NOT PART OF CONFIRMATORY YAX v1.1,4160,"Food preparation and serving related workers, all other",raw_candidate_only_neither_490_nor_495,False,False,True,False,True,False,False,False,False,8548.4264,69187.4316
POST-OUTCOME EXPLORATORY -- NOT PART OF CONFIRMATORY YAX v1.1,4200,First-line supervisors of housekeeping and janitorial workers,intersection,True,True,True,False,True,True,True,True,True,742694.8332,19712515.3564
POST-OUTCOME EXPLORATORY -- NOT PART OF CONFIRMATORY YAX v1.1,4210,"First-line supervisors of landscaping, lawn service, and groundskeeping workers",intersection,True,True,True,False,True,True,True,True,True,929908.6504000002,15093849.552299999
POST-OUTCOME EXPLORATORY -- NOT PART OF CONFIRMATORY YAX v1.1,4220,Janitors and building cleaners,expanded_495_only,False,True,True,False,True,False,True,True,False,8419164.532399999,115891358.28510001
POST-OUTCOME EXPLORATORY -- NOT PART OF CONFIRMATORY YAX v1.1,4230,Maids and housekeeping cleaners,intersection,True,True,True,False,True,True,True,True,True,4749651.0751,78968798.5389
POST-OUTCOME EXPLORATORY -- NOT PART OF CONFIRMATORY YAX v1.1,4240,Pest control workers,intersection,True,True,True,False,True,True,True,True,True,738139.7629000001,5529056.310199999
POST-OUTCOME EXPLORATORY -- NOT PART OF CONFIRMATORY YAX v1.1,4251,Landscaping and groundskeeping workers,intersection,True,True,True,True,True,True,True,True,True,6653589.264489358,58211675.8288503
POST-OUTCOME EXPLORATORY -- NOT PART OF CONFIRMATORY YAX v1.1,4252,Tree trimmers and pruners,intersection,True,True,True,True,True,True,True,True,True,625846.6610405291,4855860.34158166
POST-OUTCOME EXPLORATORY -- NOT PART OF CONFIRMATORY YAX v1.1,4255,Other grounds maintenance workers,expanded_495_only,False,True,True,True,True,False,True,True,False,292372.9785708673,2353178.8603748023
POST-OUTCOME EXPLORATORY -- NOT PART OF CONFIRMATORY YAX v1.1,4330,Supervisors of personal care and service workers,intersection,True,True,True,True,True,True,True,True,False,909998.7971403401,12844867.019551799
POST-OUTCOME EXPLORATORY -- NOT PART OF CONFIRMATORY YAX v1.1,4340,Animal trainers,intersection,True,True,True,False,True,True,True,True,True,418242.0625,2874750.1731
POST-OUTCOME EXPLORATORY -- NOT PART OF CONFIRMATORY YAX v1.1,4350,Animal caretakers,intersection,True,True,True,False,True,True,True,True,True,2982663.8968,11194533.834700001
POST-OUTCOME EXPLORATORY -- NOT PART OF CONFIRMATORY YAX v1.1,4400,Gambling services workers,expanded_495_only,False,True,True,False,True,False,True,True,False,317356.63570000004,4459896.0286
POST-OUTCOME EXPLORATORY -- NOT PART OF CONFIRMATORY YAX v1.1,4420,"Ushers, lobby attendants, and ticket takers",intersection,True,True,True,False,True,True,True,True,True,280675.2292,718640.6653
POST-OUTCOME EXPLORATORY -- NOT PART OF CONFIRMATORY YAX v1.1,4435,Other entertainment attendants and related workers,expanded_495_only,False,True,True,False,True,False,True,True,False,2159194.84,4783974.275900001
POST-OUTCOME EXPLORATORY -- NOT PART OF CONFIRMATORY YAX v1.1,4461,"Embalmers, crematory operators and funeral attendants",intersection,True,True,True,True,True,True,True,True,False,96844.76104410001,811795.1529045001
POST-OUTCOME EXPLORATORY -- NOT PART OF CONFIRMATORY YAX v1.1,4465,"Morticians, undertakers, and funeral arrangers",intersection,True,True,True,False,True,True,True,True,True,70140.77940000001,1630198.9383999999
POST-OUTCOME EXPLORATORY -- NOT PART OF CONFIRMATORY YAX v1.1,4500,Barbers,intersection,True,True,True,False,True,True,True,True,True,613289.2806999999,6454407.28
POST-OUTCOME EXPLORATORY -- NOT PART OF CONFIRMATORY YAX v1.1,4510,"Hairdressers, hairstylists, and cosmetologists",intersection,True,True,True,False,True,True,True,True,True,4654940.789299999,39249677.51940001
POST-OUTCOME EXPLORATORY -- NOT PART OF CONFIRMATORY YAX v1.1,4521,Manicurists and pedicurists,intersection,True,True,True,True,True,True,True,True,True,1314846.5705695876,15547032.39680099
POST-OUTCOME EXPLORATORY -- NOT PART OF CONFIRMATORY YAX v1.1,4522,Skincare specialists,intersection,True,True,True,True,True,True,True,True,True,482360.2603350308,4625944.084990368
POST-OUTCOME EXPLORATORY -- NOT PART OF CONFIRMATORY YAX v1.1,4525,Other personal appearance workers,intersection,True,True,True,True,True,True,True,True,True,227030.66579548593,1563051.1364098154
POST-OUTCOME EXPLORATORY -- NOT PART OF CONFIRMATORY YAX v1.1,4530,"Baggage porters, bellhops, and concierges",intersection,True,True,True,False,True,True,True,True,True,679521.9369000001,3929567.4516000003
POST-OUTCOME EXPLORATORY -- NOT PART OF CONFIRMATORY YAX v1.1,4540,Tour and travel guides,intersection,True,True,True,False,True,True,True,True,True,408271.8145,2030258.4415
POST-OUTCOME EXPLORATORY -- NOT PART OF CONFIRMATORY YAX v1.1,4600,Childcare workers,intersection,True,True,True,False,True,True,True,True,True,8936896.936400002,46219634.131
POST-OUTCOME EXPLORATORY -- NOT PART OF CONFIRMATORY YAX v1.1,4621,Exercise trainers and group fitness instructors,intersection,True,True,True,True,True,True,True,True,True,1573852.0499306999,10408444.427010499
POST-OUTCOME EXPLORATORY -- NOT PART OF CONFIRMATORY YAX v1.1,4622,Recreation workers,intersection,True,True,True,True,True,True,True,True,True,1723258.0663692998,8933151.039889501
POST-OUTCOME EXPLORATORY -- NOT PART OF CONFIRMATORY YAX v1.1,4640,Residential advisors,intersection,True,True,True,False,True,True,True,True,True,323080.9621,1306844.227
POST-OUTCOME EXPLORATORY -- NOT PART OF CONFIRMATORY YAX v1.1,4655,"Personal care and service workers, all other",raw_candidate_only_neither_490_nor_495,False,False,True,True,True,False,True,False,False,1077263.7422559,6364183.0925955
POST-OUTCOME EXPLORATORY -- NOT PART OF CONFIRMATORY YAX v1.1,4700,First-Line supervisors of retail sales workers,intersection,True,True,True,False,True,True,True,True,True,15163411.62,175333712.8829
POST-OUTCOME EXPLORATORY -- NOT PART OF CONFIRMATORY YAX v1.1,4710,First-Line supervisors of non-retail sales workers,intersection,True,True,True,False,True,True,True,True,True,2887239.7137,70633953.46839999
POST-OUTCOME EXPLORATORY -- NOT PART OF CONFIRMATORY YAX v1.1,4720,Cashiers,intersection,True,True,True,False,True,True,True,True,True,26627386.9576,85746584.2584
POST-OUTCOME EXPLORATORY -- NOT PART OF CONFIRMATORY YAX v1.1,4740,Counter and rental clerks,intersection,True,True,True,False,True,True,True,True,True,796183.3213000001,4299470.1117
POST-OUTCOME EXPLORATORY -- NOT PART OF CONFIRMATORY YAX v1.1,4750,Parts salespersons,intersection,True,True,True,False,True,True,True,True,True,617227.8154,6124496.099299999
POST-OUTCOME EXPLORATORY -- NOT PART OF CONFIRMATORY YAX v1.1,4760,Retail salespersons,intersection,True,True,True,False,True,True,True,True,True,25785756.0457,120153960.3859
POST-OUTCOME EXPLORATORY -- NOT PART OF CONFIRMATORY YAX v1.1,4800,Advertising sales agents,intersection,True,True,True,False,True,True,True,True,True,1205051.8603,9372582.6261
POST-OUTCOME EXPLORATORY -- NOT PART OF CONFIRMATORY YAX v1.1,4810,Insurance sales agents,intersection,True,True,True,False,True,True,True,True,True,2647389.3352,33393193.6802
POST-OUTCOME EXPLORATORY -- NOT PART OF CONFIRMATORY YAX v1.1,4820,"Securities, commodities, and financial services sales agents",intersection,True,True,True,False,True,True,True,True,True,1219936.7628,13449793.7372
POST-OUTCOME EXPLORATORY -- NOT PART OF CONFIRMATORY YAX v1.1,4830,Travel agents,intersection,True,True,True,False,True,True,True,True,True,262060.18930000003,3688641.6209
POST-OUTCOME EXPLORATORY -- NOT PART OF CONFIRMATORY YAX v1.1,4840,"Sales representatives of services, except advertising, insurance, financial services, and travel",intersection,True,True,True,False,True,True,True,True,False,3225541.6342000007,31259815.585500002
POST-OUTCOME EXPLORATORY -- NOT PART OF CONFIRMATORY YAX v1.1,4850,"Sales representatives, wholesale and manufacturing",intersection,True,True,True,False,True,True,True,True,True,4008315.388,71339408.4704
POST-OUTCOME EXPLORATORY -- NOT PART OF CONFIRMATORY YAX v1.1,4900,"Models, demonstrators, and product promoters",intersection,True,True,True,False,True,True,True,True,True,340945.4438,1675867.9540000001
POST-OUTCOME EXPLORATORY -- NOT PART OF CONFIRMATORY YAX v1.1,4920,Real estate brokers and sales agents,intersection,True,True,True,False,True,True,True,True,True,2667522.8789,58869656.146
POST-OUTCOME EXPLORATORY -- NOT PART OF CONFIRMATORY YAX v1.1,4930,Sales engineers,intersection,True,True,True,False,True,True,True,True,True,201993.4894,2168528.2972999997
POST-OUTCOME EXPLORATORY -- NOT PART OF CONFIRMATORY YAX v1.1,4940,Telemarketers,intersection,True,True,True,False,True,True,True,True,True,526863.5277,2131527.09
POST-OUTCOME EXPLORATORY -- NOT PART OF CONFIRMATORY YAX v1.1,4950,"Door-to-door sales workers, news and street vendors, and related workers",intersection,True,True,True,False,True,True,True,True,True,590035.9595,6369133.2502
POST-OUTCOME EXPLORATORY -- NOT PART OF CONFIRMATORY YAX v1.1,4965,"Sales and related workers, all other",raw_candidate_only_neither_490_nor_495,False,False,True,False,True,False,True,False,False,2332533.5103,15830494.516800001
POST-OUTCOME EXPLORATORY -- NOT PART OF CONFIRMATORY YAX v1.1,5000,First-Line supervisors of office and administrative support workers,intersection,True,True,True,False,True,True,True,True,True,3837628.2120000003,77594239.97279999
POST-OUTCOME EXPLORATORY -- NOT PART OF CONFIRMATORY YAX v1.1,5010,"Switchboard operators, including answering service",intersection,True,True,True,False,True,True,True,True,True,95261.3032,874650.3604
POST-OUTCOME EXPLORATORY -- NOT PART OF CONFIRMATORY YAX v1.1,5020,Telephone operators,intersection,True,True,True,False,True,True,True,True,True,329116.52949999995,1485219.7163
POST-OUTCOME EXPLORATORY -- NOT PART OF CONFIRMATORY YAX v1.1,5040,"Communications equipment operators, all other",raw_candidate_only_neither_490_nor_495,False,False,True,True,True,False,False,True,False,162814.32496191998,1087686.92532752
POST-OUTCOME EXPLORATORY -- NOT PART OF CONFIRMATORY YAX v1.1,5100,Bill and account collectors,intersection,True,True,True,False,True,True,True,True,True,858108.7899,5948560.122400002
POST-OUTCOME EXPLORATORY -- NOT PART OF CONFIRMATORY YAX v1.1,5110,Billing and posting clerks,intersection,True,True,True,False,True,True,True,True,True,1982633.5366,26871553.3906
POST-OUTCOME EXPLORATORY -- NOT PART OF CONFIRMATORY YAX v1.1,5120,"Bookkeeping, accounting, and auditing clerks",intersection,True,True,True,False,True,True,True,True,True,3120154.5457,59443093.0785
POST-OUTCOME EXPLORATORY -- NOT PART OF CONFIRMATORY YAX v1.1,5130,Gambling cage workers,intersection,True,True,True,False,False,True,True,True,True,24732.9899,338822.3722
POST-OUTCOME EXPLORATORY -- NOT PART OF CONFIRMATORY YAX v1.1,5140,Payroll and timekeeping clerks,intersection,True,True,True,False,True,True,True,True,True,282246.14699999994,8176906.3997
POST-OUTCOME EXPLORATORY -- NOT PART OF CONFIRMATORY YAX v1.1,5150,Procurement clerks,intersection,True,True,True,False,True,True,True,True,True,143658.14620000002,1812976.1649
POST-OUTCOME EXPLORATORY -- NOT PART OF CONFIRMATORY YAX v1.1,5160,Tellers,intersection,True,True,True,False,True,True,True,True,True,3500742.6703999997,11726667.2391
POST-OUTCOME EXPLORATORY -- NOT PART OF CONFIRMATORY YAX v1.1,5165,"Financial clerks, all other",raw_candidate_only_neither_490_nor_495,False,False,True,False,True,False,True,False,False,823919.9248999999,5927488.7173
POST-OUTCOME EXPLORATORY -- NOT PART OF CONFIRMATORY YAX v1.1,5200,Brokerage clerks,intersection,True,True,True,False,False,True,True,True,True,15287.932,125683.9167
POST-OUTCOME EXPLORATORY -- NOT PART OF CONFIRMATORY YAX v1.1,5220,"Court, municipal, and license clerks",intersection,True,True,True,False,True,True,True,True,True,292694.8803,4790493.735599999
POST-OUTCOME EXPLORATORY -- NOT PART OF CONFIRMATORY YAX v1.1,5230,"Credit authorizers, checkers, and clerks",intersection,True,True,True,False,True,True,True,True,True,287090.8469,2817603.5116
POST-OUTCOME EXPLORATORY -- NOT PART OF CONFIRMATORY YAX v1.1,5240,Customer service representatives,intersection,True,True,True,False,True,True,True,True,True,21356325.940700002,116851362.1648
POST-OUTCOME EXPLORATORY -- NOT PART OF CONFIRMATORY YAX v1.1,5250,"Eligibility interviewers, government programs",intersection,True,True,True,False,True,True,True,True,True,111334.00860000002,4309239.497
POST-OUTCOME EXPLORATORY -- NOT PART OF CONFIRMATORY YAX v1.1,5260,File clerks,intersection,True,True,True,False,True,True,True,True,True,832139.1933000002,7885060.984099999
POST-OUTCOME EXPLORATORY -- NOT PART OF CONFIRMATORY YAX v1.1,5300,"Hotel, motel, and resort desk clerks",intersection,True,True,True,False,True,True,True,True,True,1570893.9694,4810446.495700001
POST-OUTCOME EXPLORATORY -- NOT PART OF CONFIRMATORY YAX v1.1,5310,"Interviewers, except eligibility and loan",intersection,True,True,True,False,True,True,True,True,True,1285638.9726000002,8221290.869
POST-OUTCOME EXPLORATORY -- NOT PART OF CONFIRMATORY YAX v1.1,5320,"Library assistants, clerical",intersection,True,True,True,False,True,True,True,True,True,626437.6912,3725204.0400999994
POST-OUTCOME EXPLORATORY -- NOT PART OF CONFIRMATORY YAX v1.1,5330,Loan interviewers and clerks,intersection,True,True,True,False,True,True,True,True,True,563221.6994,7996232.6829
POST-OUTCOME EXPLORATORY -- NOT PART OF CONFIRMATORY YAX v1.1,5340,New accounts clerks,intersection,True,True,True,False,True,True,True,True,True,69700.6844,1214653.7837
POST-OUTCOME EXPLORATORY -- NOT PART OF CONFIRMATORY YAX v1.1,5350,Order clerks,intersection,True,True,True,False,True,True,True,True,True,757576.8596,5583011.6146
POST-OUTCOME EXPLORATORY -- NOT PART OF CONFIRMATORY YAX v1.1,5360,"Human resources assistants, except payroll and timekeeping",intersection,True,True,True,False,True,True,True,True,True,287565.6288,3299699.6602000003
POST-OUTCOME EXPLORATORY -- NOT PART OF CONFIRMATORY YAX v1.1,5400,Receptionists and information clerks,intersection,True,True,True,False,True,True,True,True,True,11733724.555399999,55350132.32289999
POST-OUTCOME EXPLORATORY -- NOT PART OF CONFIRMATORY YAX v1.1,5410,Reservation and transportation ticket agents and travel clerks,intersection,True,True,True,False,True,True,True,True,True,753181.5848000001,6183100.469699999
POST-OUTCOME EXPLORATORY -- NOT PART OF CONFIRMATORY YAX v1.1,5420,"Information and record clerks, all other",raw_candidate_only_neither_490_nor_495,False,False,True,False,True,False,True,False,False,694034.0242,5851548.5644000005
POST-OUTCOME EXPLORATORY -- NOT PART OF CONFIRMATORY YAX v1.1,5500,Cargo and freight agents,intersection,True,True,True,False,True,True,True,True,True,121058.1698,1162955.8216000001
POST-OUTCOME EXPLORATORY -- NOT PART OF CONFIRMATORY YAX v1.1,5510,Couriers and messengers,intersection,True,True,True,False,True,True,True,True,True,4603389.340600001,26490718.1712
POST-OUTCOME EXPLORATORY -- NOT PART OF CONFIRMATORY YAX v1.1,5521,Public safety telecommunicators,intersection,True,True,True,True,True,True,True,True,True,573216.0327997599,5187095.692865219
POST-OUTCOME EXPLORATORY -- NOT PART OF CONFIRMATORY YAX v1.1,5522,"Dispatchers, except police, fire, and ambulance",intersection,True,True,True,True,True,True,True,True,True,987637.24350024,10587698.94543478
POST-OUTCOME EXPLORATORY -- NOT PART OF CONFIRMATORY YAX v1.1,5530,"Meter readers, utilities",intersection,True,True,True,False,True,True,True,True,True,125193.5258,1190226.1213999998
POST-OUTCOME EXPLORATORY -- NOT PART OF CONFIRMATORY YAX v1.1,5540,Postal service clerks,intersection,True,True,True,False,True,True,True,True,True,445799.1337,6031532.1757000005
POST-OUTCOME EXPLORATORY -- NOT PART OF CONFIRMATORY YAX v1.1,5550,Postal service mail carriers,intersection,True,True,True,False,True,True,True,True,True,880988.3628,18076089.7984
POST-OUTCOME EXPLORATORY -- NOT PART OF CONFIRMATORY YAX v1.1,5560,"Postal service mail sorters, processors, and processing machine operators",frozen_490_only,True,False,True,False,True,True,False,True,True,310644.0854,3624093.7981
POST-OUTCOME EXPLORATORY -- NOT PART OF CONFIRMATORY YAX v1.1,5600,"Production, planning, and expediting clerks",intersection,True,True,True,False,True,True,True,True,True,1180517.408,14384593.247899998
POST-OUTCOME EXPLORATORY -- NOT PART OF CONFIRMATORY YAX v1.1,5610,"Shipping, receiving, and inventory clerks",intersection,True,True,True,False,True,True,True,True,True,3875109.393,31574019.463499997
POST-OUTCOME EXPLORATORY -- NOT PART OF CONFIRMATORY YAX v1.1,5630,"Weighers, measurers, checkers, and samplers, recordkeeping",intersection,True,True,True,False,True,True,True,True,True,350465.6695,2974013.7147999997
POST-OUTCOME EXPLORATORY -- NOT PART OF CONFIRMATORY YAX v1.1,5710,Executive secretaries and executive administrative assistants,intersection,True,True,True,True,True,True,True,True,True,682022.9453009199,11211277.054235877
POST-OUTCOME EXPLORATORY -- NOT PART OF CONFIRMATORY YAX v1.1,5720,Legal secretaries and administrative assistants,intersection,True,True,True,True,True,True,True,True,True,244259.69760102002,3427666.69473978
POST-OUTCOME EXPLORATORY -- NOT PART OF CONFIRMATORY YAX v1.1,5730,Medical secretaries and administrative assistants,intersection,True,True,True,True,True,True,True,True,True,323773.65256402007,4358666.12539678
POST-OUTCOME EXPLORATORY -- NOT PART OF CONFIRMATORY YAX v1.1,5740,"Secretaries and administrative assistants, except legal, medical, and executive",intersection,True,True,True,True,True,True,True,True,True,7685528.08453404,121071628.97522755
POST-OUTCOME EXPLORATORY -- NOT PART OF CONFIRMATORY YAX v1.1,5810,Data entry keyers,intersection,True,True,True,False,True,True,True,True,True,1902301.9926,12670501.1558
POST-OUTCOME EXPLORATORY -- NOT PART OF CONFIRMATORY YAX v1.1,5820,Word processors and typists,intersection,True,True,True,False,True,True,True,True,True,306330.0786999999,2836844.4617
POST-OUTCOME EXPLORATORY -- NOT PART OF CONFIRMATORY YAX v1.1,5840,Insurance claims and policy processing clerks,intersection,True,True,True,False,True,True,True,True,True,1473305.8163,14555526.7529
POST-OUTCOME EXPLORATORY -- NOT PART OF CONFIRMATORY YAX v1.1,5850,"Mail clerks and mail machine operators, except postal service",intersection,True,True,True,False,True,True,True,True,True,318790.2935,2959286.6932999995
POST-OUTCOME EXPLORATORY -- NOT PART OF CONFIRMATORY YAX v1.1,5860,"Office clerks, general",intersection,True,True,True,False,True,True,True,True,True,7184625.5487,64403097.91870001
POST-OUTCOME EXPLORATORY -- NOT PART OF CONFIRMATORY YAX v1.1,5900,"Office machine operators, except computer",intersection,True,True,True,False,True,True,True,True,True,199114.18930000003,1244608.7904
POST-OUTCOME EXPLORATORY -- NOT PART OF CONFIRMATORY YAX v1.1,5910,Proofreaders and copy markers,intersection,True,True,True,False,True,True,True,True,True,16212.6157,490860.0137
POST-OUTCOME EXPLORATORY -- NOT PART OF CONFIRMATORY YAX v1.1,5920,Statistical assistants,intersection,True,True,True,False,True,True,True,True,True,240932.61500000002,2357094.7374000004
POST-OUTCOME EXPLORATORY -- NOT PART OF CONFIRMATORY YAX v1.1,5940,"Office and administrative support workers, all other",raw_candidate_only_neither_490_nor_495,False,False,True,False,True,False,True,False,False,3386850.4486000002,32460658.3544
POST-OUTCOME EXPLORATORY -- NOT PART OF CONFIRMATORY YAX v1.1,6005,"First-line supervisors of farming, fishing, and forestry workers",intersection,True,True,True,False,True,True,True,True,True,201198.55490000002,3010001.4631
POST-OUTCOME EXPLORATORY -- NOT PART OF CONFIRMATORY YAX v1.1,6010,Agricultural inspectors,intersection,True,True,True,False,True,True,True,True,True,74080.0006,849819.4903000001
POST-OUTCOME EXPLORATORY -- NOT PART OF CONFIRMATORY YAX v1.1,6040,"Graders and sorters, agricultural products",intersection,True,True,True,False,True,True,True,True,True,391702.18700000003,3639832.1853
POST-OUTCOME EXPLORATORY -- NOT PART OF CONFIRMATORY YAX v1.1,6050,Miscellaneous agricultural workers,expanded_495_only,False,True,True,False,True,False,True,True,False,4840196.8270000005,39995395.024399996
POST-OUTCOME EXPLORATORY -- NOT PART OF CONFIRMATORY YAX v1.1,6115,Fishing and hunting workers,intersection,True,True,True,False,True,True,True,True,False,175014.1354,1809398.2967
POST-OUTCOME EXPLORATORY -- NOT PART OF CONFIRMATORY YAX v1.1,6120,Forest and conservation workers,intersection,True,True,True,False,True,True,True,True,True,132986.88199999998,968554.6953
POST-OUTCOME EXPLORATORY -- NOT PART OF CONFIRMATORY YAX v1.1,6130,Logging workers,expanded_495_only,False,True,True,False,True,False,True,True,False,314853.04039999994,2915845.4942
POST-OUTCOME EXPLORATORY -- NOT PART OF CONFIRMATORY YAX v1.1,6200,First-line supervisors of construction trades and extraction workers,intersection,True,True,True,False,True,True,True,True,True,1686492.6427,40272473.2879
POST-OUTCOME EXPLORATORY -- NOT PART OF CONFIRMATORY YAX v1.1,6210,Boilermakers,intersection,True,True,True,False,True,True,True,True,True,78787.2947,1062579.9604
POST-OUTCOME EXPLORATORY -- NOT PART OF CONFIRMATORY YAX v1.1,6220,"Brickmasons, blockmasons, and stonemasons",intersection,True,True,True,False,True,True,True,True,True,704093.5334,7596299.332399999
POST-OUTCOME EXPLORATORY -- NOT PART OF CONFIRMATORY YAX v1.1,6230,Carpenters,intersection,True,True,True,False,True,True,True,True,True,6116759.938700001,70783733.71319999
POST-OUTCOME EXPLORATORY -- NOT PART OF CONFIRMATORY YAX v1.1,6240,"Carpet, floor, and tile installers and finishers",intersection,True,True,True,False,True,True,True,True,True,798892.6883,9359562.3682
POST-OUTCOME EXPLORATORY -- NOT PART OF CONFIRMATORY YAX v1.1,6250,"Cement masons, concrete finishers, and terrazzo workers",intersection,True,True,True,False,True,True,True,True,True,299786.6325,3412633.2619
POST-OUTCOME EXPLORATORY -- NOT PART OF CONFIRMATORY YAX v1.1,6260,Construction laborers,intersection,True,True,True,False,True,True,True,True,True,12497191.1043,108377473.93169999
POST-OUTCOME EXPLORATORY -- NOT PART OF CONFIRMATORY YAX v1.1,6305,Construction equipment operators,intersection,True,True,True,False,True,True,True,True,True,1658180.9214,20640918.758500002
POST-OUTCOME EXPLORATORY -- NOT PART OF CONFIRMATORY YAX v1.1,6330,"Drywall installers, ceiling tile installers, and tapers",intersection,True,True,True,False,True,True,True,True,True,801112.5316000001,9154962.288900001
POST-OUTCOME EXPLORATORY -- NOT PART OF CONFIRMATORY YAX v1.1,6355,Electricians,intersection,True,True,True,False,True,True,True,True,True,5112625.5586,48477442.923700005
POST-OUTCOME EXPLORATORY -- NOT PART OF CONFIRMATORY YAX v1.1,6360,Glaziers,intersection,True,True,True,False,True,True,True,True,True,253539.5776,2363737.2569
POST-OUTCOME EXPLORATORY -- NOT PART OF CONFIRMATORY YAX v1.1,6400,Insulation workers,intersection,True,True,True,False,True,True,True,True,True,331903.02839999995,3084626.8285999997
POST-OUTCOME EXPLORATORY -- NOT PART OF CONFIRMATORY YAX v1.1,6410,Painters and paperhangers,intersection,True,True,True,False,True,True,True,True,True,2569202.6865999997,32811348.8841
POST-OUTCOME EXPLORATORY -- NOT PART OF CONFIRMATORY YAX v1.1,6441,Pipelayers,intersection,True,True,True,True,True,True,True,True,True,255477.35021773,2951153.1893085204
POST-OUTCOME EXPLORATORY -- NOT PART OF CONFIRMATORY YAX v1.1,6442,"Plumbers, pipefitters, and steamfitters",intersection,True,True,True,True,True,True,True,True,True,2995830.2646822697,31877339.167691477
POST-OUTCOME EXPLORATORY -- NOT PART OF CONFIRMATORY YAX v1.1,6460,Plasterers and stucco masons,intersection,True,True,True,False,True,True,True,True,True,136216.1286,1258342.5713000002
POST-OUTCOME EXPLORATORY -- NOT PART OF CONFIRMATORY YAX v1.1,6500,Reinforcing iron and rebar workers,intersection,True,True,True,False,False,True,True,True,True,32415.1763,167349.2605
POST-OUTCOME EXPLORATORY -- NOT PART OF CONFIRMATORY YAX v1.1,6515,Roofers,intersection,True,True,True,False,True,True,True,True,True,1531460.1400000001,11221546.883299999
POST-OUTCOME EXPLORATORY -- NOT PART OF CONFIRMATORY YAX v1.1,6520,Sheet metal workers,intersection,True,True,True,False,True,True,True,True,True,684021.1713,7468802.4199
POST-OUTCOME EXPLORATORY -- NOT PART OF CONFIRMATORY YAX v1.1,6530,Structural iron and steel workers,intersection,True,True,True,False,True,True,True,True,True,324803.34770000004,3025165.8516
POST-OUTCOME EXPLORATORY -- NOT PART OF CONFIRMATORY YAX v1.1,6540,Solar photovoltaic installers,frozen_490_only,True,False,True,False,True,True,False,True,True,109919.7722,608823.7725
POST-OUTCOME EXPLORATORY -- NOT PART OF CONFIRMATORY YAX v1.1,6600,"Helpers, construction trades",expanded_495_only,False,True,True,False,True,False,True,True,False,669757.5325000001,2421471.4186999993
POST-OUTCOME EXPLORATORY -- NOT PART OF CONFIRMATORY YAX v1.1,6660,Construction and building inspectors,intersection,True,True,True,False,True,True,True,True,True,172673.6084,5978465.710999999
POST-OUTCOME EXPLORATORY -- NOT PART OF CONFIRMATORY YAX v1.1,6700,Elevator and escalator installers and repairers,intersection,True,True,True,False,True,True,True,True,True,123229.5922,1863103.3758
POST-OUTCOME EXPLORATORY -- NOT PART OF CONFIRMATORY YAX v1.1,6710,Fence erectors,intersection,True,True,True,False,True,True,True,True,True,381074.0594,1973320.8765999998
POST-OUTCOME EXPLORATORY -- NOT PART OF CONFIRMATORY YAX v1.1,6720,Hazardous materials removal workers,intersection,True,True,True,False,True,True,True,True,True,131229.00879999998,1824466.9107000001
POST-OUTCOME EXPLORATORY -- NOT PART OF CONFIRMATORY YAX v1.1,6730,Highway maintenance workers,intersection,True,True,True,False,True,True,True,True,True,470649.62570000003,5730161.064700001
POST-OUTCOME EXPLORATORY -- NOT PART OF CONFIRMATORY YAX v1.1,6740,Rail-track laying and maintenance equipment operators,intersection,True,True,True,False,True,True,True,True,True,100155.6445,591771.4468
POST-OUTCOME EXPLORATORY -- NOT PART OF CONFIRMATORY YAX v1.1,6750,Septic tank servicers and sewer pipe cleaners,frozen_490_only,True,False,True,False,False,True,False,True,True,8157.5352,268547.89729999995
POST-OUTCOME EXPLORATORY -- NOT PART OF CONFIRMATORY YAX v1.1,6765,Miscellaneous construction and related workers,intersection,True,True,True,False,True,True,True,True,True,308625.2106,1988558.9634999998
POST-OUTCOME EXPLORATORY -- NOT PART OF CONFIRMATORY YAX v1.1,6800,"Derrick, rotary drill, and service unit operators, oil and gas",intersection,True,True,True,False,True,True,True,True,True,175626.4976,1683768.5892
POST-OUTCOME EXPLORATORY -- NOT PART OF CONFIRMATORY YAX v1.1,6821,"Excavating and loading machine and dragline operators, surface mining",intersection,True,True,True,True,False,True,True,True,False,37334.82046386,305503.22964498005
POST-OUTCOME EXPLORATORY -- NOT PART OF CONFIRMATORY YAX v1.1,6825,"Earth drillers, except oil and gas",intersection,True,True,True,True,True,True,True,True,False,110227.58656754,1390247.7547941299
POST-OUTCOME EXPLORATORY -- NOT PART OF CONFIRMATORY YAX v1.1,6835,"Explosives workers, ordnance handling experts, and blasters",frozen_490_only,True,False,True,True,True,True,False,True,False,40857.786132459994,531707.16510587
POST-OUTCOME EXPLORATORY -- NOT PART OF CONFIRMATORY YAX v1.1,6850,Underground mining machine operators,raw_candidate_only_neither_490_nor_495,False,False,True,True,True,False,False,True,False,193091.88333696,2273245.47534876
POST-OUTCOME EXPLORATORY -- NOT PART OF CONFIRMATORY YAX v1.1,6920,"Roustabouts, oil and gas",frozen_490_only,True,False,True,False,False,True,False,True,True,26576.424899999998,209106.05409999998
POST-OUTCOME EXPLORATORY -- NOT PART OF CONFIRMATORY YAX v1.1,6950,Other extraction workers,raw_candidate_only_neither_490_nor_495,False,False,True,True,True,False,False,True,False,475719.37611956004,3235914.9702995997
POST-OUTCOME EXPLORATORY -- NOT PART OF CONFIRMATORY YAX v1.1,7000,"First-line supervisors of mechanics, installers, and repairers",intersection,True,True,True,False,True,True,True,True,True,430298.92980000004,15278101.334600002
POST-OUTCOME EXPLORATORY -- NOT PART OF CONFIRMATORY YAX v1.1,7010,"Computer, automated teller, and office machine repairers",intersection,True,True,True,False,True,True,True,True,True,932400.7732,10446699.3536
POST-OUTCOME EXPLORATORY -- NOT PART OF CONFIRMATORY YAX v1.1,7020,Radio and telecommunications equipment installers and repairers,intersection,True,True,True,False,True,True,True,True,True,601127.9247000001,7606566.740200001
POST-OUTCOME EXPLORATORY -- NOT PART OF CONFIRMATORY YAX v1.1,7030,Avionics technicians,intersection,True,True,True,False,True,True,True,True,True,12810.7226,610799.245
POST-OUTCOME EXPLORATORY -- NOT PART OF CONFIRMATORY YAX v1.1,7040,"Electric motor, power tool, and related repairers",intersection,True,True,True,False,True,True,True,True,True,84218.08409999998,1219638.5522
POST-OUTCOME EXPLORATORY -- NOT PART OF CONFIRMATORY YAX v1.1,7100,"Electrical and electronics repairers, industrial and utility",intersection,True,True,True,False,True,True,True,True,True,50732.6389,1128239.0878
POST-OUTCOME EXPLORATORY -- NOT PART OF CONFIRMATORY YAX v1.1,7110,"Electronic equipment installers and repairers, motor vehicles",intersection,True,True,True,False,False,True,True,True,True,53599.187600000005,174738.7021
POST-OUTCOME EXPLORATORY -- NOT PART OF CONFIRMATORY YAX v1.1,7120,Audiovisual equipment installers and repairers,intersection,True,True,True,False,True,True,True,True,True,179287.1458,1789291.0256999999
POST-OUTCOME EXPLORATORY -- NOT PART OF CONFIRMATORY YAX v1.1,7130,Security and fire alarm systems installers,intersection,True,True,True,False,True,True,True,True,True,463389.8937,3524143.7166000004
POST-OUTCOME EXPLORATORY -- NOT PART OF CONFIRMATORY YAX v1.1,7140,Aircraft mechanics and service technicians,intersection,True,True,True,False,True,True,True,True,True,651491.8409999999,8852621.577599999
POST-OUTCOME EXPLORATORY -- NOT PART OF CONFIRMATORY YAX v1.1,7150,Automotive body and related repairers,intersection,True,True,True,False,True,True,True,True,True,692977.0841999999,7413549.669600001
POST-OUTCOME EXPLORATORY -- NOT PART OF CONFIRMATORY YAX v1.1,7160,Automotive glass installers and repairers,intersection,True,True,True,False,True,True,True,True,True,120572.773,1171280.7232000001
POST-OUTCOME EXPLORATORY -- NOT PART OF CONFIRMATORY YAX v1.1,7200,Automotive service technicians and mechanics,intersection,True,True,True,False,True,True,True,True,True,5689777.216,46097452.9403
POST-OUTCOME EXPLORATORY -- NOT PART OF CONFIRMATORY YAX v1.1,7210,Bus and truck mechanics and diesel engine specialists,intersection,True,True,True,False,True,True,True,True,True,2162167.9254,19859220.3987
POST-OUTCOME EXPLORATORY -- NOT PART OF CONFIRMATORY YAX v1.1,7220,Heavy vehicle and mobile equipment service technicians and mechanics,intersection,True,True,True,False,True,True,True,True,True,950472.7200999999,12087314.007399999
POST-OUTCOME EXPLORATORY -- NOT PART OF CONFIRMATORY YAX v1.1,7240,Small engine mechanics,intersection,True,True,True,False,True,True,True,True,True,162104.4908,2551112.8016
POST-OUTCOME EXPLORATORY -- NOT PART OF CONFIRMATORY YAX v1.1,7260,"Miscellaneous vehicle and mobile equipment mechanics, installers, and repairers",intersection,True,True,True,False,True,True,True,True,True,681866.7072,3785696.1909
POST-OUTCOME EXPLORATORY -- NOT PART OF CONFIRMATORY YAX v1.1,7300,Control and valve installers and repairers,intersection,True,True,True,False,True,True,True,True,True,113893.9989,1332496.0222999998
POST-OUTCOME EXPLORATORY -- NOT PART OF CONFIRMATORY YAX v1.1,7315,"Heating, air conditioning, and refrigeration mechanics and installers",intersection,True,True,True,False,True,True,True,True,True,2632174.9574,25485211.055399995
POST-OUTCOME EXPLORATORY -- NOT PART OF CONFIRMATORY YAX v1.1,7320,Home appliance repairers,intersection,True,True,True,False,True,True,True,True,True,200076.9311,2432035.1992
POST-OUTCOME EXPLORATORY -- NOT PART OF CONFIRMATORY YAX v1.1,7330,Industrial and refractory machinery mechanics,intersection,True,True,True,False,True,True,True,True,True,1257237.4121000003,24652884.0226
POST-OUTCOME EXPLORATORY -- NOT PART OF CONFIRMATORY YAX v1.1,7340,"Maintenance and repair workers, general",intersection,True,True,True,False,True,True,True,True,True,2099206.9583000005,32792579.235299997
POST-OUTCOME EXPLORATORY -- NOT PART OF CONFIRMATORY YAX v1.1,7350,"Maintenance workers, machinery",intersection,True,True,True,False,True,True,True,True,True,44058.847599999994,1409310.7898999997
POST-OUTCOME EXPLORATORY -- NOT PART OF CONFIRMATORY YAX v1.1,7360,Millwrights,intersection,True,True,True,False,True,True,True,True,True,80453.9984,2833128.7830000003
POST-OUTCOME EXPLORATORY -- NOT PART OF CONFIRMATORY YAX v1.1,7410,Electrical power-line installers and repairers,intersection,True,True,True,False,True,True,True,True,True,809220.8886,7151918.1326
POST-OUTCOME EXPLORATORY -- NOT PART OF CONFIRMATORY YAX v1.1,7420,Telecommunications line installers and repairers,intersection,True,True,True,False,True,True,True,True,True,751303.9297,9465264.6554
POST-OUTCOME EXPLORATORY -- NOT PART OF CONFIRMATORY YAX v1.1,7430,Precision instrument and equipment repairers,expanded_495_only,False,True,True,False,True,False,True,True,False,321950.44869999995,3614530.3683999996
POST-OUTCOME EXPLORATORY -- NOT PART OF CONFIRMATORY YAX v1.1,7510,"Coin, vending, and amusement machine servicers and repairers",intersection,True,True,True,False,True,True,True,True,True,191394.2305,1724364.5398000001
POST-OUTCOME EXPLORATORY -- NOT PART OF CONFIRMATORY YAX v1.1,7540,Locksmiths and safe repairers,intersection,True,True,True,False,True,True,True,True,True,77881.5267,1627352.8517999998
POST-OUTCOME EXPLORATORY -- NOT PART OF CONFIRMATORY YAX v1.1,7550,Manufactured building and mobile home installers,intersection,True,True,True,False,False,True,True,True,True,19356.089500000002,148901.4288
POST-OUTCOME EXPLORATORY -- NOT PART OF CONFIRMATORY YAX v1.1,7560,Riggers,intersection,True,True,True,False,True,True,True,True,True,62781.232599999996,551416.5438
POST-OUTCOME EXPLORATORY -- NOT PART OF CONFIRMATORY YAX v1.1,7610,"Helpers--installation, maintenance, and repair workers",intersection,True,True,True,False,True,True,True,True,True,118629.0758,702666.5798999999
POST-OUTCOME EXPLORATORY -- NOT PART OF CONFIRMATORY YAX v1.1,7640,,frozen_490_only,True,False,True,False,True,True,False,True,True,561073.2795000001,5120744.1426
POST-OUTCOME EXPLORATORY -- NOT PART OF CONFIRMATORY YAX v1.1,7700,First-line supervisors of production and operating workers,intersection,True,True,True,False,True,True,True,True,True,1996633.6922,48031748.78879999
POST-OUTCOME EXPLORATORY -- NOT PART OF CONFIRMATORY YAX v1.1,7710,"Aircraft structure, surfaces, rigging, and systems assemblers",intersection,True,True,True,False,False,True,True,True,True,15421.7051,125120.5732
POST-OUTCOME EXPLORATORY -- NOT PART OF CONFIRMATORY YAX v1.1,7720,"Electrical, electronics, and electromechanical assemblers",intersection,True,True,True,False,True,True,True,True,True,480478.2920999999,5943753.054099999
POST-OUTCOME EXPLORATORY -- NOT PART OF CONFIRMATORY YAX v1.1,7730,Engine and other machine assemblers,intersection,True,True,True,False,True,True,True,True,True,82087.92069999999,484903.8637
POST-OUTCOME EXPLORATORY -- NOT PART OF CONFIRMATORY YAX v1.1,7740,Structural metal fabricators and fitters,intersection,True,True,True,False,True,True,True,True,True,128987.3211,1276572.1736
POST-OUTCOME EXPLORATORY -- NOT PART OF CONFIRMATORY YAX v1.1,7750,Other assemblers and fabricators,expanded_495_only,False,True,True,False,True,False,True,True,False,6269673.412199999,52586010.7514
POST-OUTCOME EXPLORATORY -- NOT PART OF CONFIRMATORY YAX v1.1,7800,Bakers,intersection,True,True,True,False,True,True,True,True,True,1478759.8209,11280670.3096
POST-OUTCOME EXPLORATORY -- NOT PART OF CONFIRMATORY YAX v1.1,7810,"Butchers and other meat, poultry, and fish processing workers",intersection,True,True,True,False,True,True,True,True,True,1616042.6494,13755043.5533
POST-OUTCOME EXPLORATORY -- NOT PART OF CONFIRMATORY YAX v1.1,7830,"Food and tobacco roasting, baking, and drying machine operators and tenders",intersection,True,True,True,False,True,True,True,True,True,18927.9056,594213.9567999999
POST-OUTCOME EXPLORATORY -- NOT PART OF CONFIRMATORY YAX v1.1,7840,Food batchmakers,intersection,True,True,True,False,True,True,True,True,True,632430.6566,4302089.113
POST-OUTCOME EXPLORATORY -- NOT PART OF CONFIRMATORY YAX v1.1,7850,Food cooking machine operators and tenders,intersection,True,True,True,False,True,True,True,True,True,106079.80900000001,415984.15520000004
POST-OUTCOME EXPLORATORY -- NOT PART OF CONFIRMATORY YAX v1.1,7855,"Food processing workers, all other",raw_candidate_only_neither_490_nor_495,False,False,True,False,True,False,True,False,False,734223.8424999999,8237361.3189
POST-OUTCOME EXPLORATORY -- NOT PART OF CONFIRMATORY YAX v1.1,7905,Computer numerically controlled tool operators and programmers,frozen_490_only,True,False,True,True,True,True,False,True,False,704095.7313978899,7400552.096856221
POST-OUTCOME EXPLORATORY -- NOT PART OF CONFIRMATORY YAX v1.1,7925,"Forming machine setters, operators, and tenders, metal and plastic",intersection,True,True,True,False,True,True,True,True,True,155062.4599,1130034.7097
POST-OUTCOME EXPLORATORY -- NOT PART OF CONFIRMATORY YAX v1.1,7950,"Cutting, punching, and press machine setters, operators, and tenders, metal and plastic",intersection,True,True,True,False,True,True,True,True,True,360035.1006,3826465.4227
POST-OUTCOME EXPLORATORY -- NOT PART OF CONFIRMATORY YAX v1.1,8000,"Grinding, lapping, polishing, and buffing machine tool setters, operators, and tenders, metal and plastic",intersection,True,True,True,False,True,True,True,True,True,270901.4949,1795783.5886
POST-OUTCOME EXPLORATORY -- NOT PART OF CONFIRMATORY YAX v1.1,8025,,frozen_490_only,True,False,True,False,True,True,False,True,True,45778.48720000001,235417.90949999998
POST-OUTCOME EXPLORATORY -- NOT PART OF CONFIRMATORY YAX v1.1,8030,Machinists,intersection,True,True,True,False,True,True,True,True,True,1715003.6432,18712175.054599997
POST-OUTCOME EXPLORATORY -- NOT PART OF CONFIRMATORY YAX v1.1,8040,"Metal furnace operators, tenders, pourers, and casters",intersection,True,True,True,False,True,True,True,True,True,102814.0928,1044773.1142000001
POST-OUTCOME EXPLORATORY -- NOT PART OF CONFIRMATORY YAX v1.1,8100,"Molders and molding machine setters, operators, and tenders, metal and plastic",intersection,True,True,True,False,True,True,True,True,True,100223.77620000001,2141878.2638
POST-OUTCOME EXPLORATORY -- NOT PART OF CONFIRMATORY YAX v1.1,8130,Tool and die makers,intersection,True,True,True,False,True,True,True,True,True,62823.11600000001,2781597.7730000005
POST-OUTCOME EXPLORATORY -- NOT PART OF CONFIRMATORY YAX v1.1,8140,"Welding, soldering, and brazing workers",intersection,True,True,True,False,True,True,True,True,True,3966127.2894999995,30744903.0618
POST-OUTCOME EXPLORATORY -- NOT PART OF CONFIRMATORY YAX v1.1,8225,Other metal workers and plastic workers,expanded_495_only,False,True,True,False,True,False,True,True,False,1695051.2171999998,21676008.379300006
POST-OUTCOME EXPLORATORY -- NOT PART OF CONFIRMATORY YAX v1.1,8250,Prepress technicians and workers,intersection,True,True,True,False,True,True,True,True,True,83697.9401,1012741.1459
POST-OUTCOME EXPLORATORY -- NOT PART OF CONFIRMATORY YAX v1.1,8255,Printing press operators,intersection,True,True,True,False,True,True,True,True,True,732288.4409,8321725.0727
POST-OUTCOME EXPLORATORY -- NOT PART OF CONFIRMATORY YAX v1.1,8256,Print binding and finishing workers,frozen_490_only,True,False,True,False,True,True,False,True,True,29136.855900000002,687746.4495
POST-OUTCOME EXPLORATORY -- NOT PART OF CONFIRMATORY YAX v1.1,8300,Laundry and dry-cleaning workers,intersection,True,True,True,False,True,True,True,True,True,306216.7821,7217320.5926
POST-OUTCOME EXPLORATORY -- NOT PART OF CONFIRMATORY YAX v1.1,8310,"Pressers, textile, garment, and related materials",intersection,True,True,True,False,True,True,True,True,True,88741.2248,1516667.4688
POST-OUTCOME EXPLORATORY -- NOT PART OF CONFIRMATORY YAX v1.1,8320,Sewing machine operators,intersection,True,True,True,False,True,True,True,True,True,455571.02050000004,8641789.5259
POST-OUTCOME EXPLORATORY -- NOT PART OF CONFIRMATORY YAX v1.1,8335,Shoe and leather workers,intersection,True,True,True,False,True,True,True,True,True,3111.4035999999996,555997.1286
POST-OUTCOME EXPLORATORY -- NOT PART OF CONFIRMATORY YAX v1.1,8350,"Tailors, dressmakers, and sewers",intersection,True,True,True,False,True,True,True,True,True,73012.3907,3639906.0699999994
POST-OUTCOME EXPLORATORY -- NOT PART OF CONFIRMATORY YAX v1.1,8365,"Textile machine setters, operators, and tenders",intersection,True,True,True,False,True,True,True,True,True,50225.8949,741547.8674
POST-OUTCOME EXPLORATORY -- NOT PART OF CONFIRMATORY YAX v1.1,8450,Upholsterers,intersection,True,True,True,False,True,True,True,True,True,120085.0538,1458778.9069
POST-OUTCOME EXPLORATORY -- NOT PART OF CONFIRMATORY YAX v1.1,8465,"Other textile, apparel, and furnishings workers",expanded_495_only,False,True,True,False,True,False,True,True,False,184902.97609999997,959246.3037
POST-OUTCOME EXPLORATORY -- NOT PART OF CONFIRMATORY YAX v1.1,8500,Cabinetmakers and bench carpenters,intersection,True,True,True,False,True,True,True,True,True,214453.9914,3261804.9289
POST-OUTCOME EXPLORATORY -- NOT PART OF CONFIRMATORY YAX v1.1,8510,Furniture finishers,intersection,True,True,True,False,True,True,True,True,True,32966.8155,768096.6951
POST-OUTCOME EXPLORATORY -- NOT PART OF CONFIRMATORY YAX v1.1,8530,"Sawing machine setters, operators, and tenders, wood",intersection,True,True,True,False,True,True,True,True,True,222234.8339,1459729.675
POST-OUTCOME EXPLORATORY -- NOT PART OF CONFIRMATORY YAX v1.1,8540,"Woodworking machine setters, operators, and tenders, except sawing",intersection,True,True,True,False,True,True,True,True,True,172472.101,861954.7246
POST-OUTCOME EXPLORATORY -- NOT PART OF CONFIRMATORY YAX v1.1,8555,Other woodworkers,expanded_495_only,False,True,True,False,True,False,True,True,False,82589.06440000002,1293067.8048
POST-OUTCOME EXPLORATORY -- NOT PART OF CONFIRMATORY YAX v1.1,8600,"Power plant operators, distributors, and dispatchers",intersection,True,True,True,False,True,True,True,True,True,107964.8461,2079947.1447
POST-OUTCOME EXPLORATORY -- NOT PART OF CONFIRMATORY YAX v1.1,8610,Stationary engineers and boiler operators,intersection,True,True,True,False,True,True,True,True,True,128269.10029999999,4160402.7479999997
POST-OUTCOME EXPLORATORY -- NOT PART OF CONFIRMATORY YAX v1.1,8620,Water and wastewater treatment plant and system operators,intersection,True,True,True,False,True,True,True,True,True,263156.6762,6179866.962700001
POST-OUTCOME EXPLORATORY -- NOT PART OF CONFIRMATORY YAX v1.1,8630,Miscellaneous plant and system operators,intersection,True,True,True,False,True,True,True,True,True,182965.7806,2437587.0166999996
POST-OUTCOME EXPLORATORY -- NOT PART OF CONFIRMATORY YAX v1.1,8640,"Chemical processing machine setters, operators, and tenders",intersection,True,True,True,False,True,True,True,True,True,217332.3704,3964724.9121000003
POST-OUTCOME EXPLORATORY -- NOT PART OF CONFIRMATORY YAX v1.1,8650,"Crushing, grinding, polishing, mixing, and blending workers",intersection,True,True,True,False,True,True,True,True,True,413780.7711,4295531.5371
POST-OUTCOME EXPLORATORY -- NOT PART OF CONFIRMATORY YAX v1.1,8710,Cutting workers,intersection,True,True,True,False,True,True,True,True,True,336201.2819,3039669.3055999996
POST-OUTCOME EXPLORATORY -- NOT PART OF CONFIRMATORY YAX v1.1,8720,"Extruding, forming, pressing, and compacting machine setters, operators, and tenders",intersection,True,True,True,False,True,True,True,True,True,73705.0293,1206381.4970999998
POST-OUTCOME EXPLORATORY -- NOT PART OF CONFIRMATORY YAX v1.1,8730,"Furnace, kiln, oven, drier, and kettle operators and tenders",intersection,True,True,True,False,True,True,True,True,True,67092.72159999999,802908.4895
POST-OUTCOME EXPLORATORY -- NOT PART OF CONFIRMATORY YAX v1.1,8740,"Inspectors, testers, sorters, samplers, and weighers",intersection,True,True,True,False,True,True,True,True,True,4249311.8337,43771391.759600006
POST-OUTCOME EXPLORATORY -- NOT PART OF CONFIRMATORY YAX v1.1,8750,Jewelers and precious stone and metal workers,intersection,True,True,True,False,True,True,True,True,True,174438.2744,2492269.5459000003
POST-OUTCOME EXPLORATORY -- NOT PART OF CONFIRMATORY YAX v1.1,8760,Dental and ophthalmic laboratory technicians and medical appliance technicians,intersection,True,True,True,False,True,True,True,True,True,469596.38810000004,4512545.5372
POST-OUTCOME EXPLORATORY -- NOT PART OF CONFIRMATORY YAX v1.1,8800,Packaging and filling machine operators and tenders,intersection,True,True,True,False,True,True,True,True,True,1680037.7295000001,14579718.212399999
POST-OUTCOME EXPLORATORY -- NOT PART OF CONFIRMATORY YAX v1.1,8810,Painting workers,intersection,True,True,True,False,True,True,True,True,False,765535.5645,9039562.841200002
POST-OUTCOME EXPLORATORY -- NOT PART OF CONFIRMATORY YAX v1.1,8830,Photographic process workers and processing machine operators,intersection,True,True,True,False,True,True,True,True,True,140122.8098,889863.1684
POST-OUTCOME EXPLORATORY -- NOT PART OF CONFIRMATORY YAX v1.1,8850,Adhesive bonding machine operators and tenders,intersection,True,True,True,False,True,True,True,True,True,39965.7457,452202.7884
POST-OUTCOME EXPLORATORY -- NOT PART OF CONFIRMATORY YAX v1.1,8865,Other production equipment operators and tenders,expanded_495_only,False,True,True,False,False,False,True,True,True,40819.182700000005,163951.4296
POST-OUTCOME EXPLORATORY -- NOT PART OF CONFIRMATORY YAX v1.1,8910,Etchers and engravers,intersection,True,True,True,False,True,True,True,True,True,55655.562600000005,290797.171
POST-OUTCOME EXPLORATORY -- NOT PART OF CONFIRMATORY YAX v1.1,8920,"Molders, shapers, and casters, except metal and plastic",intersection,True,True,True,False,True,True,True,True,True,126713.98929999999,1590018.6993999998
POST-OUTCOME EXPLORATORY -- NOT PART OF CONFIRMATORY YAX v1.1,8930,"Paper goods machine setters, operators, and tenders",intersection,True,True,True,False,True,True,True,True,True,162783.8478,1144678.9354
POST-OUTCOME EXPLORATORY -- NOT PART OF CONFIRMATORY YAX v1.1,8940,Tire builders,intersection,True,True,True,False,True,True,True,True,True,30800.4464,419530.69490000006
POST-OUTCOME EXPLORATORY -- NOT PART OF CONFIRMATORY YAX v1.1,8950,Helpers--production workers,intersection,True,True,True,False,True,True,True,True,True,413741.8801,2195450.6827
POST-OUTCOME EXPLORATORY -- NOT PART OF CONFIRMATORY YAX v1.1,8990,Other production workers,expanded_495_only,False,True,True,True,True,False,True,True,False,6256097.669402109,58912347.26944377
POST-OUTCOME EXPLORATORY -- NOT PART OF CONFIRMATORY YAX v1.1,9005,Supervisors of transportation and material moving workers,raw_candidate_only_neither_490_nor_495,False,False,True,True,True,False,False,True,False,923597.75835966,15563303.5359482
POST-OUTCOME EXPLORATORY -- NOT PART OF CONFIRMATORY YAX v1.1,9030,Aircraft pilots and flight engineers,intersection,True,True,True,False,True,True,True,True,True,352184.68890000007,8833178.297699999
POST-OUTCOME EXPLORATORY -- NOT PART OF CONFIRMATORY YAX v1.1,9040,Air traffic controllers and airfield operations specialists,intersection,True,True,True,False,True,True,True,True,True,123190.15669999999,2025724.1643
POST-OUTCOME EXPLORATORY -- NOT PART OF CONFIRMATORY YAX v1.1,9050,Flight attendants,intersection,True,True,True,False,True,True,True,True,True,363032.48980000004,5830905.3213
POST-OUTCOME EXPLORATORY -- NOT PART OF CONFIRMATORY YAX v1.1,9110,"Ambulance drivers and attendants, except emergency medical technicians",intersection,True,True,True,False,True,True,True,True,True,178126.3097,454952.8116
POST-OUTCOME EXPLORATORY -- NOT PART OF CONFIRMATORY YAX v1.1,9121,"Bus drivers, school",intersection,True,True,True,True,True,True,True,True,False,342775.4782536563,15359607.908712724
POST-OUTCOME EXPLORATORY -- NOT PART OF CONFIRMATORY YAX v1.1,9122,"Bus drivers, transit and intercity",intersection,True,True,True,True,True,True,True,True,False,257795.3155111358,12365991.361028982
POST-OUTCOME EXPLORATORY -- NOT PART OF CONFIRMATORY YAX v1.1,9130,Driver/sales workers and truck drivers,intersection,True,True,True,False,True,True,True,True,True,14097164.2491,193862937.5316
POST-OUTCOME EXPLORATORY -- NOT PART OF CONFIRMATORY YAX v1.1,9141,Shuttle drivers and chauffeurs,frozen_490_only,True,False,True,True,True,True,False,True,False,663998.9791853279,10918797.975173686
POST-OUTCOME EXPLORATORY -- NOT PART OF CONFIRMATORY YAX v1.1,9142,Taxi drivers,intersection,True,True,True,True,True,True,True,True,False,1350709.89964988,21597581.67188461
POST-OUTCOME EXPLORATORY -- NOT PART OF CONFIRMATORY YAX v1.1,9150,"Motor vehicle operators, all other",raw_candidate_only_neither_490_nor_495,False,False,True,False,True,False,True,False,False,492516.7321,5104125.452699999
POST-OUTCOME EXPLORATORY -- NOT PART OF CONFIRMATORY YAX v1.1,9210,Locomotive engineers and operators,intersection,True,True,True,True,True,True,True,True,True,10279.215098150002,2729992.8569392404
POST-OUTCOME EXPLORATORY -- NOT PART OF CONFIRMATORY YAX v1.1,9240,Railroad conductors and yardmasters,intersection,True,True,True,False,True,True,True,True,True,122347.40030000001,2887190.7705
POST-OUTCOME EXPLORATORY -- NOT PART OF CONFIRMATORY YAX v1.1,9265,Other rail transportation workers,expanded_495_only,False,True,True,True,True,False,True,True,False,48865.02940185,860834.08806076
POST-OUTCOME EXPLORATORY -- NOT PART OF CONFIRMATORY YAX v1.1,9300,Sailors and marine oilers,intersection,True,True,True,False,True,True,True,True,True,195213.67359999998,1222982.8235
POST-OUTCOME EXPLORATORY -- NOT PART OF CONFIRMATORY YAX v1.1,9310,Ship and boat captains and operators,intersection,True,True,True,False,True,True,True,True,True,168582.65749999997,2008743.1661
POST-OUTCOME EXPLORATORY -- NOT PART OF CONFIRMATORY YAX v1.1,9350,Parking attendants,intersection,True,True,True,False,True,True,True,True,True,791920.8721,2928222.3059999994
POST-OUTCOME EXPLORATORY -- NOT PART OF CONFIRMATORY YAX v1.1,9365,Transportation service attendants,frozen_490_only,True,False,True,True,True,True,False,True,False,915604.7482844,3953482.9877801593
POST-OUTCOME EXPLORATORY -- NOT PART OF CONFIRMATORY YAX v1.1,9410,Transportation inspectors,intersection,True,True,True,False,True,True,True,True,True,76310.6055,2340510.5821
POST-OUTCOME EXPLORATORY -- NOT PART OF CONFIRMATORY YAX v1.1,9415,Passenger attendants,intersection,True,True,True,False,True,True,True,True,True,155968.02109999998,1422305.7030999998
POST-OUTCOME EXPLORATORY -- NOT PART OF CONFIRMATORY YAX v1.1,9430,Other transportation workers,expanded_495_only,False,True,True,True,True,False,True,True,False,168171.33511559997,1443792.4259198399
POST-OUTCOME EXPLORATORY -- NOT PART OF CONFIRMATORY YAX v1.1,9510,Crane and tower operators,intersection,True,True,True,False,True,True,True,True,True,260488.30450000003,3392050.2726999996
POST-OUTCOME EXPLORATORY -- NOT PART OF CONFIRMATORY YAX v1.1,9570,"Conveyor, dredge, and hoist and winch operators",intersection,True,True,True,True,True,True,True,True,False,201312.15096185,1140888.65033705
POST-OUTCOME EXPLORATORY -- NOT PART OF CONFIRMATORY YAX v1.1,9600,Industrial truck and tractor operators,intersection,True,True,True,False,True,True,True,True,True,3896398.3462,33249169.587800004
POST-OUTCOME EXPLORATORY -- NOT PART OF CONFIRMATORY YAX v1.1,9610,Cleaners of vehicles and equipment,intersection,True,True,True,False,True,True,True,True,True,2653606.1017,13948545.229700001
POST-OUTCOME EXPLORATORY -- NOT PART OF CONFIRMATORY YAX v1.1,9620,"Laborers and freight, stock, and material movers, hand",intersection,True,True,True,False,True,True,True,True,True,17535079.288599998,95553698.511
POST-OUTCOME EXPLORATORY -- NOT PART OF CONFIRMATORY YAX v1.1,9630,Machine feeders and offbearers,intersection,True,True,True,False,True,True,True,True,True,194996.27730000002,1050713.4305
POST-OUTCOME EXPLORATORY -- NOT PART OF CONFIRMATORY YAX v1.1,9640,"Packers and packagers, hand",intersection,True,True,True,False,True,True,True,True,True,5495995.6894,28500115.1005
POST-OUTCOME EXPLORATORY -- NOT PART OF CONFIRMATORY YAX v1.1,9645,Stockers and order fillers,intersection,True,True,True,False,True,True,True,True,False,15414460.203399999,63409975.58969999
POST-OUTCOME EXPLORATORY -- NOT PART OF CONFIRMATORY YAX v1.1,9650,Pumping station operators,intersection,True,True,True,False,True,True,True,True,True,63413.2245,1066515.5636
POST-OUTCOME EXPLORATORY -- NOT PART OF CONFIRMATORY YAX v1.1,9720,Refuse and recyclable material collectors,intersection,True,True,True,False,True,True,True,True,True,579496.1795,5024324.4442
POST-OUTCOME EXPLORATORY -- NOT PART OF CONFIRMATORY YAX v1.1,9760,Other material moving workers,expanded_495_only,False,True,True,True,True,False,True,True,False,514015.93701776996,3034198.70486961
