analysis_status,true_Q5_post_effect,effect_label,replicate,replicate_seed,model,coefficient,occupation_cluster_SE,normal_95_CI_covers_true_effect,normal_two_sided_5pct_rejects_zero,iterations
POST-OUTCOME EXPLORATORY -- NOT PART OF CONFIRMATORY YAX v1.1,0.0,null,1,2026090562,baseline,-0.02339021175318817,0.01775970658856397,True,False,5
POST-OUTCOME EXPLORATORY -- NOT PART OF CONFIRMATORY YAX v1.1,0.0,null,1,2026090562,SOC2_post,-0.023534789177405237,0.022864702349626974,True,False,5
POST-OUTCOME EXPLORATORY -- NOT PART OF CONFIRMATORY YAX v1.1,0.0,null,2,2026090563,baseline,0.004380198436840932,0.01782424820687827,True,False,5
POST-OUTCOME EXPLORATORY -- NOT PART OF CONFIRMATORY YAX v1.1,0.0,null,2,2026090563,SOC2_post,-0.024287195104978516,0.02008676924765354,True,False,5
POST-OUTCOME EXPLORATORY -- NOT PART OF CONFIRMATORY YAX v1.1,0.0,null,3,2026090564,baseline,0.027729883859237737,0.019195308214627844,True,False,5
POST-OUTCOME EXPLORATORY -- NOT PART OF CONFIRMATORY YAX v1.1,0.0,null,3,2026090564,SOC2_post,-0.02771998093162847,0.019591147679504636,True,False,5
POST-OUTCOME EXPLORATORY -- NOT PART OF CONFIRMATORY YAX v1.1,0.0,null,4,2026090565,baseline,0.037328836114275864,0.020979964833103514,True,False,5
POST-OUTCOME EXPLORATORY -- NOT PART OF CONFIRMATORY YAX v1.1,0.0,null,4,2026090565,SOC2_post,0.018138543132900524,0.020962103056908925,True,False,5
POST-OUTCOME EXPLORATORY -- NOT PART OF CONFIRMATORY YAX v1.1,0.0,null,5,2026090566,baseline,0.04507111710437529,0.015634473247080338,False,True,5
POST-OUTCOME EXPLORATORY -- NOT PART OF CONFIRMATORY YAX v1.1,0.0,null,5,2026090566,SOC2_post,0.017952691528940724,0.021488541665099736,True,False,5
POST-OUTCOME EXPLORATORY -- NOT PART OF CONFIRMATORY YAX v1.1,0.0,null,6,2026090567,baseline,-0.007631562387452435,0.016647973882209278,True,False,5
POST-OUTCOME EXPLORATORY -- NOT PART OF CONFIRMATORY YAX v1.1,0.0,null,6,2026090567,SOC2_post,0.02812048510558954,0.020872474619787855,True,False,5
POST-OUTCOME EXPLORATORY -- NOT PART OF CONFIRMATORY YAX v1.1,0.0,null,7,2026090568,baseline,-0.008515179073232062,0.01673011384598607,True,False,5
POST-OUTCOME EXPLORATORY -- NOT PART OF CONFIRMATORY YAX v1.1,0.0,null,7,2026090568,SOC2_post,0.010275569555607723,0.01992626497473388,True,False,5
POST-OUTCOME EXPLORATORY -- NOT PART OF CONFIRMATORY YAX v1.1,0.0,null,8,2026090569,baseline,0.014083068287696014,0.017632326020745163,True,False,5
POST-OUTCOME EXPLORATORY -- NOT PART OF CONFIRMATORY YAX v1.1,0.0,null,8,2026090569,SOC2_post,-0.006358287607524952,0.020929533203164416,True,False,5
POST-OUTCOME EXPLORATORY -- NOT PART OF CONFIRMATORY YAX v1.1,0.0,null,9,2026090570,baseline,-0.003677721665629459,0.01550527367200683,True,False,5
POST-OUTCOME EXPLORATORY -- NOT PART OF CONFIRMATORY YAX v1.1,0.0,null,9,2026090570,SOC2_post,-0.026681290971068996,0.0188973332445178,True,False,5
POST-OUTCOME EXPLORATORY -- NOT PART OF CONFIRMATORY YAX v1.1,0.0,null,11,2026090572,baseline,0.0010490944675633647,0.01962779552309651,True,False,5
POST-OUTCOME EXPLORATORY -- NOT PART OF CONFIRMATORY YAX v1.1,0.0,null,11,2026090572,SOC2_post,0.028977850705074908,0.024228520547722603,True,False,5
POST-OUTCOME EXPLORATORY -- NOT PART OF CONFIRMATORY YAX v1.1,0.0,null,12,2026090573,baseline,-0.019552621804760136,0.016578416119044325,True,False,5
POST-OUTCOME EXPLORATORY -- NOT PART OF CONFIRMATORY YAX v1.1,0.0,null,12,2026090573,SOC2_post,-0.017648729582749226,0.020612140739151467,True,False,5
POST-OUTCOME EXPLORATORY -- NOT PART OF CONFIRMATORY YAX v1.1,0.0,null,13,2026090574,baseline,0.022421288239628676,0.02020459221879183,True,False,5
POST-OUTCOME EXPLORATORY -- NOT PART OF CONFIRMATORY YAX v1.1,0.0,null,13,2026090574,SOC2_post,-0.00038639559392030507,0.019130802761158715,True,False,5
POST-OUTCOME EXPLORATORY -- NOT PART OF CONFIRMATORY YAX v1.1,0.0,null,14,2026090575,baseline,0.0051636775571418,0.01660616614860309,True,False,5
POST-OUTCOME EXPLORATORY -- NOT PART OF CONFIRMATORY YAX v1.1,0.0,null,14,2026090575,SOC2_post,0.02464016612677865,0.0226746637888699,True,False,5
POST-OUTCOME EXPLORATORY -- NOT PART OF CONFIRMATORY YAX v1.1,0.0,null,15,2026090576,baseline,0.04548530790858339,0.016655809412889987,False,True,5
POST-OUTCOME EXPLORATORY -- NOT PART OF CONFIRMATORY YAX v1.1,0.0,null,15,2026090576,SOC2_post,0.010584176033340968,0.023292474165898098,True,False,5
POST-OUTCOME EXPLORATORY -- NOT PART OF CONFIRMATORY YAX v1.1,0.0,null,16,2026090577,baseline,0.025854144199867993,0.015318655250279424,True,False,5
POST-OUTCOME EXPLORATORY -- NOT PART OF CONFIRMATORY YAX v1.1,0.0,null,16,2026090577,SOC2_post,-0.00028891245974425515,0.021068640228867692,True,False,5
POST-OUTCOME EXPLORATORY -- NOT PART OF CONFIRMATORY YAX v1.1,0.0,null,17,2026090578,baseline,-0.031842527277645485,0.019032231830740525,True,False,5
POST-OUTCOME EXPLORATORY -- NOT PART OF CONFIRMATORY YAX v1.1,0.0,null,17,2026090578,SOC2_post,0.013958376387976654,0.02498289169698521,True,False,5
POST-OUTCOME EXPLORATORY -- NOT PART OF CONFIRMATORY YAX v1.1,0.0,null,18,2026090579,baseline,-0.03853634140717581,0.017833128056283384,False,True,5
POST-OUTCOME EXPLORATORY -- NOT PART OF CONFIRMATORY YAX v1.1,0.0,null,18,2026090579,SOC2_post,-0.005769915615083505,0.020217485390730094,True,False,5
POST-OUTCOME EXPLORATORY -- NOT PART OF CONFIRMATORY YAX v1.1,0.0,null,19,2026090580,baseline,-0.033019700989441896,0.01742454015144537,True,False,5
POST-OUTCOME EXPLORATORY -- NOT PART OF CONFIRMATORY YAX v1.1,0.0,null,19,2026090580,SOC2_post,-0.021696512927305577,0.020580641725937418,True,False,5
POST-OUTCOME EXPLORATORY -- NOT PART OF CONFIRMATORY YAX v1.1,0.0,null,20,2026090581,baseline,-0.012658619609911279,0.017871146011690566,True,False,5
POST-OUTCOME EXPLORATORY -- NOT PART OF CONFIRMATORY YAX v1.1,0.0,null,20,2026090581,SOC2_post,-0.01870676094763237,0.02336320025564405,True,False,5
POST-OUTCOME EXPLORATORY -- NOT PART OF CONFIRMATORY YAX v1.1,0.0,null,21,2026090582,baseline,-0.005782931027397739,0.01932570429273137,True,False,5
POST-OUTCOME EXPLORATORY -- NOT PART OF CONFIRMATORY YAX v1.1,0.0,null,21,2026090582,SOC2_post,0.012744472284215035,0.0194682083122826,True,False,5
POST-OUTCOME EXPLORATORY -- NOT PART OF CONFIRMATORY YAX v1.1,0.0,null,22,2026090583,baseline,-0.03764634672567828,0.014028444367030038,False,True,5
POST-OUTCOME EXPLORATORY -- NOT PART OF CONFIRMATORY YAX v1.1,0.0,null,22,2026090583,SOC2_post,-0.0107093743464312,0.024970353832054818,True,False,5
POST-OUTCOME EXPLORATORY -- NOT PART OF CONFIRMATORY YAX v1.1,0.0,null,23,2026090584,baseline,0.010892413537888852,0.017444708207622044,True,False,5
POST-OUTCOME EXPLORATORY -- NOT PART OF CONFIRMATORY YAX v1.1,0.0,null,23,2026090584,SOC2_post,-0.047719102883147,0.0195906677171554,False,True,5
POST-OUTCOME EXPLORATORY -- NOT PART OF CONFIRMATORY YAX v1.1,0.0,null,24,2026090585,baseline,-0.001765889922289162,0.017049879418531474,True,False,5
POST-OUTCOME EXPLORATORY -- NOT PART OF CONFIRMATORY YAX v1.1,0.0,null,24,2026090585,SOC2_post,-0.0007723655503347691,0.019223410574692904,True,False,5
POST-OUTCOME EXPLORATORY -- NOT PART OF CONFIRMATORY YAX v1.1,0.0,null,25,2026090586,baseline,0.018364212576726314,0.015367560137154259,True,False,5
POST-OUTCOME EXPLORATORY -- NOT PART OF CONFIRMATORY YAX v1.1,0.0,null,25,2026090586,SOC2_post,0.014343905986930526,0.021077895193525667,True,False,5
POST-OUTCOME EXPLORATORY -- NOT PART OF CONFIRMATORY YAX v1.1,0.0,null,26,2026090587,baseline,0.027420361884239793,0.019841602015891163,True,False,5
POST-OUTCOME EXPLORATORY -- NOT PART OF CONFIRMATORY YAX v1.1,0.0,null,26,2026090587,SOC2_post,-0.012529304363413468,0.023735252536057842,True,False,5
POST-OUTCOME EXPLORATORY -- NOT PART OF CONFIRMATORY YAX v1.1,0.0,null,27,2026090588,baseline,0.00015919445277079818,0.019638014618095386,True,False,5
POST-OUTCOME EXPLORATORY -- NOT PART OF CONFIRMATORY YAX v1.1,0.0,null,27,2026090588,SOC2_post,-0.021908948750260667,0.020953026180153874,True,False,5
POST-OUTCOME EXPLORATORY -- NOT PART OF CONFIRMATORY YAX v1.1,0.0,null,28,2026090589,baseline,0.06046193890069677,0.01589118567697437,False,True,5
POST-OUTCOME EXPLORATORY -- NOT PART OF CONFIRMATORY YAX v1.1,0.0,null,28,2026090589,SOC2_post,0.011630526326666966,0.02294370003183553,True,False,5
POST-OUTCOME EXPLORATORY -- NOT PART OF CONFIRMATORY YAX v1.1,0.0,null,29,2026090590,baseline,-0.017412729807104014,0.018391385453334814,True,False,5
POST-OUTCOME EXPLORATORY -- NOT PART OF CONFIRMATORY YAX v1.1,0.0,null,29,2026090590,SOC2_post,-0.019173557949746716,0.01905758732604642,True,False,5
POST-OUTCOME EXPLORATORY -- NOT PART OF CONFIRMATORY YAX v1.1,0.0,null,30,2026090591,baseline,0.003432188631682924,0.019111537545490796,True,False,5
POST-OUTCOME EXPLORATORY -- NOT PART OF CONFIRMATORY YAX v1.1,0.0,null,30,2026090591,SOC2_post,0.041632244105728536,0.0207998263464632,False,True,5
POST-OUTCOME EXPLORATORY -- NOT PART OF CONFIRMATORY YAX v1.1,0.0,null,31,2026090592,baseline,0.0016954159872125964,0.014961698401494075,True,False,5
POST-OUTCOME EXPLORATORY -- NOT PART OF CONFIRMATORY YAX v1.1,0.0,null,31,2026090592,SOC2_post,0.012062130573154792,0.020420294162939653,True,False,5
POST-OUTCOME EXPLORATORY -- NOT PART OF CONFIRMATORY YAX v1.1,0.0,null,32,2026090593,baseline,-0.02309525569187607,0.01845408546154961,True,False,5
POST-OUTCOME EXPLORATORY -- NOT PART OF CONFIRMATORY YAX v1.1,0.0,null,32,2026090593,SOC2_post,-0.045644893911067366,0.019005713987280976,False,True,5
POST-OUTCOME EXPLORATORY -- NOT PART OF CONFIRMATORY YAX v1.1,0.0,null,33,2026090594,baseline,-0.024994707329500786,0.015108957356759285,True,False,5
POST-OUTCOME EXPLORATORY -- NOT PART OF CONFIRMATORY YAX v1.1,0.0,null,33,2026090594,SOC2_post,0.028421221370575872,0.021545758228709386,True,False,5
POST-OUTCOME EXPLORATORY -- NOT PART OF CONFIRMATORY YAX v1.1,0.0,null,34,2026090595,baseline,0.01196853026212778,0.02116387448895463,True,False,5
POST-OUTCOME EXPLORATORY -- NOT PART OF CONFIRMATORY YAX v1.1,0.0,null,34,2026090595,SOC2_post,-0.01676365463247451,0.02177549029417837,True,False,5
POST-OUTCOME EXPLORATORY -- NOT PART OF CONFIRMATORY YAX v1.1,0.0,null,35,2026090596,baseline,-0.021913956458331704,0.015860946551322374,True,False,5
POST-OUTCOME EXPLORATORY -- NOT PART OF CONFIRMATORY YAX v1.1,0.0,null,35,2026090596,SOC2_post,-0.01188829922527323,0.021052262853250264,True,False,5
POST-OUTCOME EXPLORATORY -- NOT PART OF CONFIRMATORY YAX v1.1,0.0,null,36,2026090597,baseline,0.05517188113740365,0.017564715464207136,False,True,5
POST-OUTCOME EXPLORATORY -- NOT PART OF CONFIRMATORY YAX v1.1,0.0,null,36,2026090597,SOC2_post,-0.011748617477322455,0.02774127423059332,True,False,5
POST-OUTCOME EXPLORATORY -- NOT PART OF CONFIRMATORY YAX v1.1,0.0,null,37,2026090598,baseline,-0.04926010424738711,0.014105248626380254,False,True,5
POST-OUTCOME EXPLORATORY -- NOT PART OF CONFIRMATORY YAX v1.1,0.0,null,37,2026090598,SOC2_post,0.00020807976465185988,0.0174691347368514,True,False,5
POST-OUTCOME EXPLORATORY -- NOT PART OF CONFIRMATORY YAX v1.1,0.0,null,38,2026090599,baseline,0.005953230886515549,0.022931563893155264,True,False,5
POST-OUTCOME EXPLORATORY -- NOT PART OF CONFIRMATORY YAX v1.1,0.0,null,38,2026090599,SOC2_post,0.04014000981098203,0.020453453325684844,False,True,5
POST-OUTCOME EXPLORATORY -- NOT PART OF CONFIRMATORY YAX v1.1,0.0,null,39,2026090600,baseline,-0.00872747076917204,0.01507662448526072,True,False,5
POST-OUTCOME EXPLORATORY -- NOT PART OF CONFIRMATORY YAX v1.1,0.0,null,39,2026090600,SOC2_post,-0.006540986107113421,0.02244779215253211,True,False,5
POST-OUTCOME EXPLORATORY -- NOT PART OF CONFIRMATORY YAX v1.1,0.0,null,40,2026090601,baseline,0.007115139429980196,0.02017406855872022,True,False,5
POST-OUTCOME EXPLORATORY -- NOT PART OF CONFIRMATORY YAX v1.1,0.0,null,40,2026090601,SOC2_post,0.014893757260464234,0.020012356909148692,True,False,5
POST-OUTCOME EXPLORATORY -- NOT PART OF CONFIRMATORY YAX v1.1,0.0,null,41,2026090602,baseline,0.03708252196419389,0.01530383928143006,False,True,5
POST-OUTCOME EXPLORATORY -- NOT PART OF CONFIRMATORY YAX v1.1,0.0,null,41,2026090602,SOC2_post,0.041502305074462155,0.03232620962161263,True,False,5
POST-OUTCOME EXPLORATORY -- NOT PART OF CONFIRMATORY YAX v1.1,0.0,null,42,2026090603,baseline,-0.03219940668951411,0.01853505144470122,True,False,5
POST-OUTCOME EXPLORATORY -- NOT PART OF CONFIRMATORY YAX v1.1,0.0,null,42,2026090603,SOC2_post,-0.008713969159750876,0.022742845788251892,True,False,5
POST-OUTCOME EXPLORATORY -- NOT PART OF CONFIRMATORY YAX v1.1,0.0,null,43,2026090604,baseline,0.00943384557477998,0.021113307484153625,True,False,5
POST-OUTCOME EXPLORATORY -- NOT PART OF CONFIRMATORY YAX v1.1,0.0,null,43,2026090604,SOC2_post,0.0029540509034033068,0.02260258868442749,True,False,5
POST-OUTCOME EXPLORATORY -- NOT PART OF CONFIRMATORY YAX v1.1,0.0,null,44,2026090605,baseline,0.059967160854228915,0.014577008829395532,False,True,5
POST-OUTCOME EXPLORATORY -- NOT PART OF CONFIRMATORY YAX v1.1,0.0,null,44,2026090605,SOC2_post,0.011175829892642104,0.01967802218274727,True,False,5
POST-OUTCOME EXPLORATORY -- NOT PART OF CONFIRMATORY YAX v1.1,0.0,null,45,2026090606,baseline,0.006719731874213926,0.019750475436459445,True,False,5
POST-OUTCOME EXPLORATORY -- NOT PART OF CONFIRMATORY YAX v1.1,0.0,null,45,2026090606,SOC2_post,-0.025240482630940517,0.02522001555217122,True,False,5
POST-OUTCOME EXPLORATORY -- NOT PART OF CONFIRMATORY YAX v1.1,0.0,null,46,2026090607,baseline,0.005651005310264529,0.017817604681710703,True,False,5
POST-OUTCOME EXPLORATORY -- NOT PART OF CONFIRMATORY YAX v1.1,0.0,null,46,2026090607,SOC2_post,0.013172030838781285,0.02092272498502204,True,False,5
POST-OUTCOME EXPLORATORY -- NOT PART OF CONFIRMATORY YAX v1.1,0.0,null,47,2026090608,baseline,0.02885852930714681,0.01974918775446911,True,False,5
POST-OUTCOME EXPLORATORY -- NOT PART OF CONFIRMATORY YAX v1.1,0.0,null,47,2026090608,SOC2_post,-0.009766832910294504,0.01989849267184093,True,False,5
POST-OUTCOME EXPLORATORY -- NOT PART OF CONFIRMATORY YAX v1.1,0.0,null,48,2026090609,baseline,-0.015730349327932425,0.017089763621477898,True,False,5
POST-OUTCOME EXPLORATORY -- NOT PART OF CONFIRMATORY YAX v1.1,0.0,null,48,2026090609,SOC2_post,-0.025138921601072162,0.021833709384768887,True,False,5
POST-OUTCOME EXPLORATORY -- NOT PART OF CONFIRMATORY YAX v1.1,0.0,null,49,2026090610,baseline,0.04031580807242242,0.019598240173061197,False,True,5
POST-OUTCOME EXPLORATORY -- NOT PART OF CONFIRMATORY YAX v1.1,0.0,null,49,2026090610,SOC2_post,0.007236738358352153,0.021050612417389498,True,False,5
POST-OUTCOME EXPLORATORY -- NOT PART OF CONFIRMATORY YAX v1.1,0.0,null,50,2026090611,baseline,0.006830925421944355,0.01652906262811834,True,False,5
POST-OUTCOME EXPLORATORY -- NOT PART OF CONFIRMATORY YAX v1.1,0.0,null,50,2026090611,SOC2_post,-0.0742667054951898,0.021481102921841144,False,True,5
POST-OUTCOME EXPLORATORY -- NOT PART OF CONFIRMATORY YAX v1.1,0.0,null,51,2026090612,baseline,0.028991838053398503,0.019278350366676907,True,False,5
POST-OUTCOME EXPLORATORY -- NOT PART OF CONFIRMATORY YAX v1.1,0.0,null,51,2026090612,SOC2_post,0.01799281385195352,0.018457304676137376,True,False,5
POST-OUTCOME EXPLORATORY -- NOT PART OF CONFIRMATORY YAX v1.1,0.0,null,52,2026090613,baseline,0.00570788662821981,0.015519216090368519,True,False,5
POST-OUTCOME EXPLORATORY -- NOT PART OF CONFIRMATORY YAX v1.1,0.0,null,52,2026090613,SOC2_post,-0.01364061901226762,0.022370259594094426,True,False,5
POST-OUTCOME EXPLORATORY -- NOT PART OF CONFIRMATORY YAX v1.1,0.0,null,53,2026090614,baseline,-0.014076662020060754,0.016760221333749433,True,False,5
POST-OUTCOME EXPLORATORY -- NOT PART OF CONFIRMATORY YAX v1.1,0.0,null,53,2026090614,SOC2_post,-0.03374240846853877,0.017666589159336176,True,False,5
POST-OUTCOME EXPLORATORY -- NOT PART OF CONFIRMATORY YAX v1.1,0.0,null,54,2026090615,baseline,-0.008373248224737928,0.018641727015223715,True,False,5
POST-OUTCOME EXPLORATORY -- NOT PART OF CONFIRMATORY YAX v1.1,0.0,null,54,2026090615,SOC2_post,-0.011508186992571626,0.019764758912906164,True,False,5
POST-OUTCOME EXPLORATORY -- NOT PART OF CONFIRMATORY YAX v1.1,0.0,null,55,2026090616,baseline,-0.004748094715236594,0.017590370412739177,True,False,5
POST-OUTCOME EXPLORATORY -- NOT PART OF CONFIRMATORY YAX v1.1,0.0,null,55,2026090616,SOC2_post,0.01103761482373235,0.018103238489629598,True,False,5
POST-OUTCOME EXPLORATORY -- NOT PART OF CONFIRMATORY YAX v1.1,0.0,null,56,2026090617,baseline,0.038544669201376724,0.01665047525413454,False,True,5
POST-OUTCOME EXPLORATORY -- NOT PART OF CONFIRMATORY YAX v1.1,0.0,null,56,2026090617,SOC2_post,-0.025846227586359603,0.019872855690247687,True,False,5
POST-OUTCOME EXPLORATORY -- NOT PART OF CONFIRMATORY YAX v1.1,0.0,null,57,2026090618,baseline,0.03993465924893723,0.014006302003626389,False,True,5
POST-OUTCOME EXPLORATORY -- NOT PART OF CONFIRMATORY YAX v1.1,0.0,null,57,2026090618,SOC2_post,-0.007723860808466275,0.019734982499584674,True,False,5
POST-OUTCOME EXPLORATORY -- NOT PART OF CONFIRMATORY YAX v1.1,0.0,null,58,2026090619,baseline,0.013246151990094563,0.0194965788703884,True,False,4
POST-OUTCOME EXPLORATORY -- NOT PART OF CONFIRMATORY YAX v1.1,0.0,null,58,2026090619,SOC2_post,0.0056454348506673035,0.023380896086581813,True,False,5
POST-OUTCOME EXPLORATORY -- NOT PART OF CONFIRMATORY YAX v1.1,0.0,null,59,2026090620,baseline,0.041732011367945035,0.02101378369485508,False,True,5
POST-OUTCOME EXPLORATORY -- NOT PART OF CONFIRMATORY YAX v1.1,0.0,null,59,2026090620,SOC2_post,0.04007762456360841,0.023703684332477038,True,False,5
POST-OUTCOME EXPLORATORY -- NOT PART OF CONFIRMATORY YAX v1.1,0.0,null,60,2026090621,baseline,0.030285969568653023,0.018322331466822703,True,False,5
POST-OUTCOME EXPLORATORY -- NOT PART OF CONFIRMATORY YAX v1.1,0.0,null,60,2026090621,SOC2_post,-0.005501095527959536,0.020812852556032078,True,False,5
POST-OUTCOME EXPLORATORY -- NOT PART OF CONFIRMATORY YAX v1.1,0.0,null,61,2026090622,baseline,-0.07911264172109732,0.015577107005482536,False,True,5
POST-OUTCOME EXPLORATORY -- NOT PART OF CONFIRMATORY YAX v1.1,0.0,null,61,2026090622,SOC2_post,-0.008409257655116084,0.023566686448773046,True,False,5
POST-OUTCOME EXPLORATORY -- NOT PART OF CONFIRMATORY YAX v1.1,0.0,null,62,2026090623,baseline,-0.04322001230442932,0.0161621692632053,False,True,5
POST-OUTCOME EXPLORATORY -- NOT PART OF CONFIRMATORY YAX v1.1,0.0,null,62,2026090623,SOC2_post,0.01786556733840726,0.022616440434628723,True,False,5
POST-OUTCOME EXPLORATORY -- NOT PART OF CONFIRMATORY YAX v1.1,0.0,null,63,2026090624,baseline,0.01967449678664379,0.02080597924533559,True,False,5
POST-OUTCOME EXPLORATORY -- NOT PART OF CONFIRMATORY YAX v1.1,0.0,null,63,2026090624,SOC2_post,-0.022305802976063688,0.020520379175547207,True,False,5
POST-OUTCOME EXPLORATORY -- NOT PART OF CONFIRMATORY YAX v1.1,0.0,null,64,2026090625,baseline,-0.03531172047440318,0.014821034533691655,False,True,5
POST-OUTCOME EXPLORATORY -- NOT PART OF CONFIRMATORY YAX v1.1,0.0,null,64,2026090625,SOC2_post,0.01299677888933606,0.02052626157509679,True,False,5
POST-OUTCOME EXPLORATORY -- NOT PART OF CONFIRMATORY YAX v1.1,0.0,null,65,2026090626,baseline,-0.009485210784191974,0.018163998654426736,True,False,5
POST-OUTCOME EXPLORATORY -- NOT PART OF CONFIRMATORY YAX v1.1,0.0,null,65,2026090626,SOC2_post,-0.0014678848022662133,0.019940908440266213,True,False,5
POST-OUTCOME EXPLORATORY -- NOT PART OF CONFIRMATORY YAX v1.1,0.0,null,66,2026090627,baseline,-0.0560157205292994,0.017229609250498008,False,True,5
POST-OUTCOME EXPLORATORY -- NOT PART OF CONFIRMATORY YAX v1.1,0.0,null,66,2026090627,SOC2_post,0.0028056948593905783,0.021283007177024502,True,False,5
POST-OUTCOME EXPLORATORY -- NOT PART OF CONFIRMATORY YAX v1.1,0.0,null,67,2026090628,baseline,0.016152851523982187,0.020996769926084888,True,False,5
POST-OUTCOME EXPLORATORY -- NOT PART OF CONFIRMATORY YAX v1.1,0.0,null,67,2026090628,SOC2_post,0.013779318899457195,0.02012011192751804,True,False,5
POST-OUTCOME EXPLORATORY -- NOT PART OF CONFIRMATORY YAX v1.1,0.0,null,68,2026090629,baseline,-0.03634025816228975,0.02006840852800043,True,False,5
POST-OUTCOME EXPLORATORY -- NOT PART OF CONFIRMATORY YAX v1.1,0.0,null,68,2026090629,SOC2_post,-0.026330010486376832,0.021984057572385873,True,False,5
POST-OUTCOME EXPLORATORY -- NOT PART OF CONFIRMATORY YAX v1.1,0.0,null,69,2026090630,baseline,-0.015593736642301322,0.01853422888885481,True,False,5
POST-OUTCOME EXPLORATORY -- NOT PART OF CONFIRMATORY YAX v1.1,0.0,null,69,2026090630,SOC2_post,-0.02670810569212822,0.01965863273875163,True,False,5
POST-OUTCOME EXPLORATORY -- NOT PART OF CONFIRMATORY YAX v1.1,0.0,null,70,2026090631,baseline,0.03623970949875298,0.014837495550981444,False,True,5
POST-OUTCOME EXPLORATORY -- NOT PART OF CONFIRMATORY YAX v1.1,0.0,null,70,2026090631,SOC2_post,-0.036554489321070284,0.019671304398840413,True,False,5
POST-OUTCOME EXPLORATORY -- NOT PART OF CONFIRMATORY YAX v1.1,0.0,null,71,2026090632,baseline,-0.04988493574352401,0.01723890758410835,False,True,5
POST-OUTCOME EXPLORATORY -- NOT PART OF CONFIRMATORY YAX v1.1,0.0,null,71,2026090632,SOC2_post,-0.0261090819928746,0.025003463632487077,True,False,5
POST-OUTCOME EXPLORATORY -- NOT PART OF CONFIRMATORY YAX v1.1,0.0,null,72,2026090633,baseline,0.023108783127454662,0.018145422079542003,True,False,5
POST-OUTCOME EXPLORATORY -- NOT PART OF CONFIRMATORY YAX v1.1,0.0,null,72,2026090633,SOC2_post,0.050192253510042154,0.020534740985797363,False,True,5
POST-OUTCOME EXPLORATORY -- NOT PART OF CONFIRMATORY YAX v1.1,0.0,null,73,2026090634,baseline,-0.014725063436629101,0.01814930443612623,True,False,5
POST-OUTCOME EXPLORATORY -- NOT PART OF CONFIRMATORY YAX v1.1,0.0,null,73,2026090634,SOC2_post,-0.013181713326307331,0.02304139842507262,True,False,5
POST-OUTCOME EXPLORATORY -- NOT PART OF CONFIRMATORY YAX v1.1,0.0,null,74,2026090635,baseline,0.020355083951011158,0.020367177942826494,True,False,5
POST-OUTCOME EXPLORATORY -- NOT PART OF CONFIRMATORY YAX v1.1,0.0,null,74,2026090635,SOC2_post,-0.00978361625650711,0.02204072082823561,True,False,5
POST-OUTCOME EXPLORATORY -- NOT PART OF CONFIRMATORY YAX v1.1,0.0,null,75,2026090636,baseline,-0.003994806299049503,0.015397851981099506,True,False,5
POST-OUTCOME EXPLORATORY -- NOT PART OF CONFIRMATORY YAX v1.1,0.0,null,75,2026090636,SOC2_post,0.003972016916063993,0.0202102249699842,True,False,5
POST-OUTCOME EXPLORATORY -- NOT PART OF CONFIRMATORY YAX v1.1,0.0,null,76,2026090637,baseline,0.0968115931060472,0.016618573969414695,False,True,5
POST-OUTCOME EXPLORATORY -- NOT PART OF CONFIRMATORY YAX v1.1,0.0,null,76,2026090637,SOC2_post,0.005636826353538171,0.021642781323434692,True,False,5
POST-OUTCOME EXPLORATORY -- NOT PART OF CONFIRMATORY YAX v1.1,0.0,null,77,2026090638,baseline,-0.025717953742698516,0.015640854497852047,True,False,5
POST-OUTCOME EXPLORATORY -- NOT PART OF CONFIRMATORY YAX v1.1,0.0,null,77,2026090638,SOC2_post,0.0032002334189086368,0.021638561831832662,True,False,5
POST-OUTCOME EXPLORATORY -- NOT PART OF CONFIRMATORY YAX v1.1,0.0,null,78,2026090639,baseline,0.022248055912958985,0.016923780305077876,True,False,5
POST-OUTCOME EXPLORATORY -- NOT PART OF CONFIRMATORY YAX v1.1,0.0,null,78,2026090639,SOC2_post,0.0034374300986606847,0.01918180101908638,True,False,5
POST-OUTCOME EXPLORATORY -- NOT PART OF CONFIRMATORY YAX v1.1,0.0,null,79,2026090640,baseline,0.019743626917469167,0.017712592953897526,True,False,5
POST-OUTCOME EXPLORATORY -- NOT PART OF CONFIRMATORY YAX v1.1,0.0,null,79,2026090640,SOC2_post,-0.033244372040343986,0.01985150705184148,True,False,5
POST-OUTCOME EXPLORATORY -- NOT PART OF CONFIRMATORY YAX v1.1,0.0,null,80,2026090641,baseline,0.022056072011287387,0.01920018146538664,True,False,5
POST-OUTCOME EXPLORATORY -- NOT PART OF CONFIRMATORY YAX v1.1,0.0,null,80,2026090641,SOC2_post,-0.008912870523982586,0.026357499313076235,True,False,5
POST-OUTCOME EXPLORATORY -- NOT PART OF CONFIRMATORY YAX v1.1,0.0,null,81,2026090642,baseline,0.03677530114227678,0.01834453988862671,False,True,5
POST-OUTCOME EXPLORATORY -- NOT PART OF CONFIRMATORY YAX v1.1,0.0,null,81,2026090642,SOC2_post,0.01775647607850626,0.021606077787865666,True,False,5
POST-OUTCOME EXPLORATORY -- NOT PART OF CONFIRMATORY YAX v1.1,0.0,null,82,2026090643,baseline,-0.0004579599387586447,0.02294163866704959,True,False,5
POST-OUTCOME EXPLORATORY -- NOT PART OF CONFIRMATORY YAX v1.1,0.0,null,82,2026090643,SOC2_post,-0.05156410779013632,0.024170810552641954,False,True,5
POST-OUTCOME EXPLORATORY -- NOT PART OF CONFIRMATORY YAX v1.1,0.0,null,83,2026090644,baseline,-0.04688068230897564,0.0165368815944981,False,True,5
POST-OUTCOME EXPLORATORY -- NOT PART OF CONFIRMATORY YAX v1.1,0.0,null,83,2026090644,SOC2_post,0.0260850798401066,0.02554310718694708,True,False,5
POST-OUTCOME EXPLORATORY -- NOT PART OF CONFIRMATORY YAX v1.1,0.0,null,84,2026090645,baseline,-0.00854641329676653,0.02118084679742841,True,False,5
POST-OUTCOME EXPLORATORY -- NOT PART OF CONFIRMATORY YAX v1.1,0.0,null,84,2026090645,SOC2_post,0.004021715077411866,0.02200299039827362,True,False,5
POST-OUTCOME EXPLORATORY -- NOT PART OF CONFIRMATORY YAX v1.1,0.0,null,85,2026090646,baseline,0.016352788969400563,0.021872420866627395,True,False,5
POST-OUTCOME EXPLORATORY -- NOT PART OF CONFIRMATORY YAX v1.1,0.0,null,85,2026090646,SOC2_post,-0.008274821123343358,0.022865029238665648,True,False,5
POST-OUTCOME EXPLORATORY -- NOT PART OF CONFIRMATORY YAX v1.1,0.0,null,86,2026090647,baseline,0.06623197648454825,0.019710728113805552,False,True,5
POST-OUTCOME EXPLORATORY -- NOT PART OF CONFIRMATORY YAX v1.1,0.0,null,86,2026090647,SOC2_post,0.047682797963225734,0.02294899274064547,False,True,5
POST-OUTCOME EXPLORATORY -- NOT PART OF CONFIRMATORY YAX v1.1,0.0,null,87,2026090648,baseline,0.03080862244733838,0.018645321833508508,True,False,5
POST-OUTCOME EXPLORATORY -- NOT PART OF CONFIRMATORY YAX v1.1,0.0,null,87,2026090648,SOC2_post,0.016943456063981264,0.020971044935968627,True,False,5
POST-OUTCOME EXPLORATORY -- NOT PART OF CONFIRMATORY YAX v1.1,0.0,null,88,2026090649,baseline,0.03260639184504327,0.018124331521076575,True,False,5
POST-OUTCOME EXPLORATORY -- NOT PART OF CONFIRMATORY YAX v1.1,0.0,null,88,2026090649,SOC2_post,0.007242444889473083,0.021549496029289312,True,False,5
POST-OUTCOME EXPLORATORY -- NOT PART OF CONFIRMATORY YAX v1.1,0.0,null,89,2026090650,baseline,-0.04716492968652406,0.013505104905409676,False,True,5
POST-OUTCOME EXPLORATORY -- NOT PART OF CONFIRMATORY YAX v1.1,0.0,null,89,2026090650,SOC2_post,-0.021071479341093297,0.02117396456725341,True,False,5
POST-OUTCOME EXPLORATORY -- NOT PART OF CONFIRMATORY YAX v1.1,0.0,null,90,2026090651,baseline,-0.018672527775041196,0.018358294661921744,True,False,5
POST-OUTCOME EXPLORATORY -- NOT PART OF CONFIRMATORY YAX v1.1,0.0,null,90,2026090651,SOC2_post,-0.06462879914573601,0.02437374580906049,False,True,5
POST-OUTCOME EXPLORATORY -- NOT PART OF CONFIRMATORY YAX v1.1,0.0,null,91,2026090652,baseline,-0.053548600088890445,0.013093096177843731,False,True,5
POST-OUTCOME EXPLORATORY -- NOT PART OF CONFIRMATORY YAX v1.1,0.0,null,91,2026090652,SOC2_post,0.02353706495132816,0.02295422674056456,True,False,5
POST-OUTCOME EXPLORATORY -- NOT PART OF CONFIRMATORY YAX v1.1,0.0,null,92,2026090653,baseline,-0.010972386741844305,0.01617339094114823,True,False,5
POST-OUTCOME EXPLORATORY -- NOT PART OF CONFIRMATORY YAX v1.1,0.0,null,92,2026090653,SOC2_post,-0.028468040383901428,0.02470574933382839,True,False,5
POST-OUTCOME EXPLORATORY -- NOT PART OF CONFIRMATORY YAX v1.1,0.0,null,93,2026090654,baseline,-0.050440009567088925,0.015338031866218658,False,True,5
POST-OUTCOME EXPLORATORY -- NOT PART OF CONFIRMATORY YAX v1.1,0.0,null,93,2026090654,SOC2_post,-0.05128590717580327,0.01984205818262596,False,True,5
POST-OUTCOME EXPLORATORY -- NOT PART OF CONFIRMATORY YAX v1.1,0.0,null,94,2026090655,baseline,-0.03618778299324513,0.01920969951860788,True,False,5
POST-OUTCOME EXPLORATORY -- NOT PART OF CONFIRMATORY YAX v1.1,0.0,null,94,2026090655,SOC2_post,-0.003741390686363499,0.021930199169834783,True,False,5
POST-OUTCOME EXPLORATORY -- NOT PART OF CONFIRMATORY YAX v1.1,0.0,null,95,2026090656,baseline,-0.04987906883694135,0.014813288363635475,False,True,5
POST-OUTCOME EXPLORATORY -- NOT PART OF CONFIRMATORY YAX v1.1,0.0,null,95,2026090656,SOC2_post,-0.021584983783847857,0.02294440823629528,True,False,5
POST-OUTCOME EXPLORATORY -- NOT PART OF CONFIRMATORY YAX v1.1,0.0,null,96,2026090657,baseline,-0.007224149168088672,0.020038780201859438,True,False,5
POST-OUTCOME EXPLORATORY -- NOT PART OF CONFIRMATORY YAX v1.1,0.0,null,96,2026090657,SOC2_post,-0.031025875077235546,0.0233104144772968,True,False,5
POST-OUTCOME EXPLORATORY -- NOT PART OF CONFIRMATORY YAX v1.1,0.0,null,97,2026090658,baseline,-0.007309337460939415,0.01686090029070918,True,False,5
POST-OUTCOME EXPLORATORY -- NOT PART OF CONFIRMATORY YAX v1.1,0.0,null,97,2026090658,SOC2_post,-0.020743659771988932,0.0201485608154922,True,False,5
POST-OUTCOME EXPLORATORY -- NOT PART OF CONFIRMATORY YAX v1.1,0.0,null,98,2026090659,baseline,0.027082853265897017,0.0194312379131665,True,False,5
POST-OUTCOME EXPLORATORY -- NOT PART OF CONFIRMATORY YAX v1.1,0.0,null,98,2026090659,SOC2_post,0.045455380078915496,0.0209459739475205,False,True,5
POST-OUTCOME EXPLORATORY -- NOT PART OF CONFIRMATORY YAX v1.1,0.0,null,99,2026090660,baseline,-0.015765567866494915,0.018057021935481577,True,False,5
POST-OUTCOME EXPLORATORY -- NOT PART OF CONFIRMATORY YAX v1.1,0.0,null,99,2026090660,SOC2_post,-0.03484379655485118,0.018120180744779273,True,False,5
POST-OUTCOME EXPLORATORY -- NOT PART OF CONFIRMATORY YAX v1.1,0.0,null,100,2026090661,baseline,0.06607369663448695,0.01515491582806056,False,True,5
POST-OUTCOME EXPLORATORY -- NOT PART OF CONFIRMATORY YAX v1.1,0.0,null,100,2026090661,SOC2_post,0.008770539346127863,0.020188068352173186,True,False,5
POST-OUTCOME EXPLORATORY -- NOT PART OF CONFIRMATORY YAX v1.1,0.0,null,101,2026090662,baseline,0.03164650557178218,0.017074629554816236,True,False,5
POST-OUTCOME EXPLORATORY -- NOT PART OF CONFIRMATORY YAX v1.1,0.0,null,101,2026090662,SOC2_post,0.03558553704451087,0.02030992810216687,True,False,5
POST-OUTCOME EXPLORATORY -- NOT PART OF CONFIRMATORY YAX v1.1,0.0,null,102,2026090663,baseline,-0.005758374857690931,0.01957938919048114,True,False,5
POST-OUTCOME EXPLORATORY -- NOT PART OF CONFIRMATORY YAX v1.1,0.0,null,102,2026090663,SOC2_post,-0.04469487737406076,0.01991885396363602,False,True,5
POST-OUTCOME EXPLORATORY -- NOT PART OF CONFIRMATORY YAX v1.1,0.0,null,103,2026090664,baseline,-0.06274355162768419,0.01733540164423085,False,True,5
POST-OUTCOME EXPLORATORY -- NOT PART OF CONFIRMATORY YAX v1.1,0.0,null,103,2026090664,SOC2_post,-0.004713973926957288,0.0205365978498173,True,False,5
POST-OUTCOME EXPLORATORY -- NOT PART OF CONFIRMATORY YAX v1.1,0.0,null,104,2026090665,baseline,0.05296915952613032,0.016315907764792262,False,True,5
POST-OUTCOME EXPLORATORY -- NOT PART OF CONFIRMATORY YAX v1.1,0.0,null,104,2026090665,SOC2_post,0.05669393276713128,0.021426443874032742,False,True,5
POST-OUTCOME EXPLORATORY -- NOT PART OF CONFIRMATORY YAX v1.1,0.0,null,105,2026090666,baseline,-0.04609664851849755,0.01367589444980087,False,True,5
POST-OUTCOME EXPLORATORY -- NOT PART OF CONFIRMATORY YAX v1.1,0.0,null,105,2026090666,SOC2_post,-0.03527932891088224,0.01902667738381811,True,False,5
POST-OUTCOME EXPLORATORY -- NOT PART OF CONFIRMATORY YAX v1.1,0.0,null,106,2026090667,baseline,-0.051202319382681806,0.014936122722127987,False,True,5
POST-OUTCOME EXPLORATORY -- NOT PART OF CONFIRMATORY YAX v1.1,0.0,null,106,2026090667,SOC2_post,-0.007837963504898071,0.02119162995863666,True,False,5
POST-OUTCOME EXPLORATORY -- NOT PART OF CONFIRMATORY YAX v1.1,0.0,null,107,2026090668,baseline,-1.9084923707682794e-05,0.01882380148779227,True,False,5
POST-OUTCOME EXPLORATORY -- NOT PART OF CONFIRMATORY YAX v1.1,0.0,null,107,2026090668,SOC2_post,-0.01946491525428522,0.01861263893846176,True,False,5
POST-OUTCOME EXPLORATORY -- NOT PART OF CONFIRMATORY YAX v1.1,0.0,null,108,2026090669,baseline,0.018270324062666862,0.01449077814213192,True,False,5
POST-OUTCOME EXPLORATORY -- NOT PART OF CONFIRMATORY YAX v1.1,0.0,null,108,2026090669,SOC2_post,-0.023032709917049143,0.023389228064704504,True,False,5
POST-OUTCOME EXPLORATORY -- NOT PART OF CONFIRMATORY YAX v1.1,0.0,null,109,2026090670,baseline,-0.019361705626046794,0.021578172181747225,True,False,5
POST-OUTCOME EXPLORATORY -- NOT PART OF CONFIRMATORY YAX v1.1,0.0,null,109,2026090670,SOC2_post,0.0043623618960565705,0.02308258352005834,True,False,5
POST-OUTCOME EXPLORATORY -- NOT PART OF CONFIRMATORY YAX v1.1,0.0,null,110,2026090671,baseline,-0.002497811528692704,0.01937543012627916,True,False,5
POST-OUTCOME EXPLORATORY -- NOT PART OF CONFIRMATORY YAX v1.1,0.0,null,110,2026090671,SOC2_post,0.0030241661744448284,0.024890274672639805,True,False,5
POST-OUTCOME EXPLORATORY -- NOT PART OF CONFIRMATORY YAX v1.1,0.0,null,112,2026090673,baseline,-0.04987207467017477,0.019946574205383413,False,True,5
POST-OUTCOME EXPLORATORY -- NOT PART OF CONFIRMATORY YAX v1.1,0.0,null,112,2026090673,SOC2_post,-0.04538499023407463,0.020099168358456716,False,True,5
POST-OUTCOME EXPLORATORY -- NOT PART OF CONFIRMATORY YAX v1.1,0.0,null,113,2026090674,baseline,0.027789852344317793,0.017236070529490922,True,False,5
POST-OUTCOME EXPLORATORY -- NOT PART OF CONFIRMATORY YAX v1.1,0.0,null,113,2026090674,SOC2_post,0.03872689577968626,0.021720059973933458,True,False,5
POST-OUTCOME EXPLORATORY -- NOT PART OF CONFIRMATORY YAX v1.1,0.0,null,114,2026090675,baseline,0.012017295585690391,0.02049321368654357,True,False,5
POST-OUTCOME EXPLORATORY -- NOT PART OF CONFIRMATORY YAX v1.1,0.0,null,114,2026090675,SOC2_post,0.012650565724774193,0.023451372735405544,True,False,5
POST-OUTCOME EXPLORATORY -- NOT PART OF CONFIRMATORY YAX v1.1,0.0,null,115,2026090676,baseline,0.03640155833181846,0.015653937034600024,False,True,5
POST-OUTCOME EXPLORATORY -- NOT PART OF CONFIRMATORY YAX v1.1,0.0,null,115,2026090676,SOC2_post,-0.02258927528172413,0.019664218846191392,True,False,5
POST-OUTCOME EXPLORATORY -- NOT PART OF CONFIRMATORY YAX v1.1,0.0,null,116,2026090677,baseline,0.051305788975352984,0.019225766813085115,False,True,5
POST-OUTCOME EXPLORATORY -- NOT PART OF CONFIRMATORY YAX v1.1,0.0,null,116,2026090677,SOC2_post,0.03162396952210772,0.019770499930238026,True,False,5
POST-OUTCOME EXPLORATORY -- NOT PART OF CONFIRMATORY YAX v1.1,0.0,null,117,2026090678,baseline,-0.08739186175526867,0.015633738669173846,False,True,5
POST-OUTCOME EXPLORATORY -- NOT PART OF CONFIRMATORY YAX v1.1,0.0,null,117,2026090678,SOC2_post,0.0035834566543678924,0.023029372049121383,True,False,5
POST-OUTCOME EXPLORATORY -- NOT PART OF CONFIRMATORY YAX v1.1,0.0,null,118,2026090679,baseline,0.004965396946692474,0.016460571375950247,True,False,5
POST-OUTCOME EXPLORATORY -- NOT PART OF CONFIRMATORY YAX v1.1,0.0,null,118,2026090679,SOC2_post,0.04184649996989145,0.02290655200381493,True,False,5
POST-OUTCOME EXPLORATORY -- NOT PART OF CONFIRMATORY YAX v1.1,0.0,null,119,2026090680,baseline,0.02254272013453507,0.020631242818906794,True,False,5
POST-OUTCOME EXPLORATORY -- NOT PART OF CONFIRMATORY YAX v1.1,0.0,null,119,2026090680,SOC2_post,0.01380282108616579,0.022314760087329046,True,False,5
POST-OUTCOME EXPLORATORY -- NOT PART OF CONFIRMATORY YAX v1.1,0.0,null,120,2026090681,baseline,-0.019184257631285197,0.017561691593599285,True,False,5
POST-OUTCOME EXPLORATORY -- NOT PART OF CONFIRMATORY YAX v1.1,0.0,null,120,2026090681,SOC2_post,-0.025317608982171422,0.022492429860794288,True,False,5
POST-OUTCOME EXPLORATORY -- NOT PART OF CONFIRMATORY YAX v1.1,0.0,null,121,2026090682,baseline,0.027159155559220344,0.016360659026061913,True,False,5
POST-OUTCOME EXPLORATORY -- NOT PART OF CONFIRMATORY YAX v1.1,0.0,null,121,2026090682,SOC2_post,0.003417587779196932,0.01846043007886908,True,False,5
POST-OUTCOME EXPLORATORY -- NOT PART OF CONFIRMATORY YAX v1.1,0.0,null,122,2026090683,baseline,0.0037721991765902983,0.019107230975655157,True,False,5
POST-OUTCOME EXPLORATORY -- NOT PART OF CONFIRMATORY YAX v1.1,0.0,null,122,2026090683,SOC2_post,-0.04024326347659293,0.022283338378456013,True,False,5
POST-OUTCOME EXPLORATORY -- NOT PART OF CONFIRMATORY YAX v1.1,0.0,null,123,2026090684,baseline,-0.015883355602704922,0.018874342195187962,True,False,5
POST-OUTCOME EXPLORATORY -- NOT PART OF CONFIRMATORY YAX v1.1,0.0,null,123,2026090684,SOC2_post,-0.0011505912637743802,0.024219732975917944,True,False,5
POST-OUTCOME EXPLORATORY -- NOT PART OF CONFIRMATORY YAX v1.1,0.0,null,124,2026090685,baseline,-0.005524426949389255,0.018206407608125325,True,False,5
POST-OUTCOME EXPLORATORY -- NOT PART OF CONFIRMATORY YAX v1.1,0.0,null,124,2026090685,SOC2_post,-0.04961075392411126,0.018002517419479343,False,True,5
POST-OUTCOME EXPLORATORY -- NOT PART OF CONFIRMATORY YAX v1.1,0.0,null,125,2026090686,baseline,-0.03914763587251389,0.01896811458349731,False,True,5
POST-OUTCOME EXPLORATORY -- NOT PART OF CONFIRMATORY YAX v1.1,0.0,null,125,2026090686,SOC2_post,0.005699314427058227,0.022854293651412595,True,False,5
POST-OUTCOME EXPLORATORY -- NOT PART OF CONFIRMATORY YAX v1.1,0.0,null,126,2026090687,baseline,-0.03171540636568701,0.017511025135289203,True,False,5
POST-OUTCOME EXPLORATORY -- NOT PART OF CONFIRMATORY YAX v1.1,0.0,null,126,2026090687,SOC2_post,-0.00882688327608489,0.022770063550198467,True,False,5
POST-OUTCOME EXPLORATORY -- NOT PART OF CONFIRMATORY YAX v1.1,0.0,null,127,2026090688,baseline,-0.020996058745898237,0.017507996071832222,True,False,5
POST-OUTCOME EXPLORATORY -- NOT PART OF CONFIRMATORY YAX v1.1,0.0,null,127,2026090688,SOC2_post,0.031219789163606515,0.02812928465553759,True,False,5
POST-OUTCOME EXPLORATORY -- NOT PART OF CONFIRMATORY YAX v1.1,0.0,null,128,2026090689,baseline,-0.006758163756084833,0.020202399910788055,True,False,5
POST-OUTCOME EXPLORATORY -- NOT PART OF CONFIRMATORY YAX v1.1,0.0,null,128,2026090689,SOC2_post,-0.013213096472114678,0.024730171601923485,True,False,5
POST-OUTCOME EXPLORATORY -- NOT PART OF CONFIRMATORY YAX v1.1,0.0,null,129,2026090690,baseline,0.04531430303261953,0.017900833054673073,False,True,5
POST-OUTCOME EXPLORATORY -- NOT PART OF CONFIRMATORY YAX v1.1,0.0,null,129,2026090690,SOC2_post,-0.004062933304648894,0.018520944877751813,True,False,5
POST-OUTCOME EXPLORATORY -- NOT PART OF CONFIRMATORY YAX v1.1,0.0,null,130,2026090691,baseline,0.024175730516693313,0.018133326846058912,True,False,5
POST-OUTCOME EXPLORATORY -- NOT PART OF CONFIRMATORY YAX v1.1,0.0,null,130,2026090691,SOC2_post,0.038748047229993365,0.01985126588019365,True,False,5
POST-OUTCOME EXPLORATORY -- NOT PART OF CONFIRMATORY YAX v1.1,0.0,null,131,2026090692,baseline,0.0199929982180665,0.01963928219411789,True,False,5
POST-OUTCOME EXPLORATORY -- NOT PART OF CONFIRMATORY YAX v1.1,0.0,null,131,2026090692,SOC2_post,-0.0024036943066113358,0.0200642090866261,True,False,5
POST-OUTCOME EXPLORATORY -- NOT PART OF CONFIRMATORY YAX v1.1,0.0,null,132,2026090693,baseline,0.030888130270728033,0.017291772034106985,True,False,5
POST-OUTCOME EXPLORATORY -- NOT PART OF CONFIRMATORY YAX v1.1,0.0,null,132,2026090693,SOC2_post,0.030393308382603967,0.031427007240520076,True,False,5
POST-OUTCOME EXPLORATORY -- NOT PART OF CONFIRMATORY YAX v1.1,0.0,null,133,2026090694,baseline,0.011168883162341664,0.017898206163548973,True,False,5
POST-OUTCOME EXPLORATORY -- NOT PART OF CONFIRMATORY YAX v1.1,0.0,null,133,2026090694,SOC2_post,0.03470760705442684,0.02322490955816898,True,False,5
POST-OUTCOME EXPLORATORY -- NOT PART OF CONFIRMATORY YAX v1.1,0.0,null,134,2026090695,baseline,-0.0005751158590999807,0.019397088643161472,True,False,5
POST-OUTCOME EXPLORATORY -- NOT PART OF CONFIRMATORY YAX v1.1,0.0,null,134,2026090695,SOC2_post,-0.04563315249100787,0.02193423651712268,False,True,5
POST-OUTCOME EXPLORATORY -- NOT PART OF CONFIRMATORY YAX v1.1,0.0,null,135,2026090696,baseline,0.02461448470635357,0.019913377777677436,True,False,5
POST-OUTCOME EXPLORATORY -- NOT PART OF CONFIRMATORY YAX v1.1,0.0,null,135,2026090696,SOC2_post,0.029635447012846733,0.02582240709705556,True,False,5
POST-OUTCOME EXPLORATORY -- NOT PART OF CONFIRMATORY YAX v1.1,0.0,null,136,2026090697,baseline,-0.00211286470502196,0.015964662691069494,True,False,5
POST-OUTCOME EXPLORATORY -- NOT PART OF CONFIRMATORY YAX v1.1,0.0,null,136,2026090697,SOC2_post,-0.017539259121870668,0.01876211148060998,True,False,5
POST-OUTCOME EXPLORATORY -- NOT PART OF CONFIRMATORY YAX v1.1,0.0,null,137,2026090698,baseline,0.033832352543352456,0.019255957523462822,True,False,5
POST-OUTCOME EXPLORATORY -- NOT PART OF CONFIRMATORY YAX v1.1,0.0,null,137,2026090698,SOC2_post,0.013877510619176027,0.022444437367348875,True,False,5
POST-OUTCOME EXPLORATORY -- NOT PART OF CONFIRMATORY YAX v1.1,0.0,null,138,2026090699,baseline,-0.02357074087647997,0.01569547736058057,True,False,5
POST-OUTCOME EXPLORATORY -- NOT PART OF CONFIRMATORY YAX v1.1,0.0,null,138,2026090699,SOC2_post,-0.006698703635293908,0.019068094386598133,True,False,5
POST-OUTCOME EXPLORATORY -- NOT PART OF CONFIRMATORY YAX v1.1,0.0,null,140,2026090701,baseline,0.010756371170460941,0.018296030250088007,True,False,5
POST-OUTCOME EXPLORATORY -- NOT PART OF CONFIRMATORY YAX v1.1,0.0,null,140,2026090701,SOC2_post,-0.00933846968469471,0.023133025420426695,True,False,5
POST-OUTCOME EXPLORATORY -- NOT PART OF CONFIRMATORY YAX v1.1,0.0,null,141,2026090702,baseline,-0.018618274454950103,0.01657262306960875,True,False,5
POST-OUTCOME EXPLORATORY -- NOT PART OF CONFIRMATORY YAX v1.1,0.0,null,141,2026090702,SOC2_post,0.0010996085110037055,0.022165885537435724,True,False,5
POST-OUTCOME EXPLORATORY -- NOT PART OF CONFIRMATORY YAX v1.1,0.0,null,142,2026090703,baseline,-0.047737181228525986,0.013524553497207338,False,True,5
POST-OUTCOME EXPLORATORY -- NOT PART OF CONFIRMATORY YAX v1.1,0.0,null,142,2026090703,SOC2_post,-0.011059228569254198,0.019383489094489156,True,False,5
POST-OUTCOME EXPLORATORY -- NOT PART OF CONFIRMATORY YAX v1.1,0.0,null,143,2026090704,baseline,-0.029361890100066193,0.0163255214333867,True,False,5
POST-OUTCOME EXPLORATORY -- NOT PART OF CONFIRMATORY YAX v1.1,0.0,null,143,2026090704,SOC2_post,0.006353127165841804,0.02421874888934474,True,False,5
POST-OUTCOME EXPLORATORY -- NOT PART OF CONFIRMATORY YAX v1.1,0.0,null,144,2026090705,baseline,-0.0076429741082891115,0.02098037601172667,True,False,5
POST-OUTCOME EXPLORATORY -- NOT PART OF CONFIRMATORY YAX v1.1,0.0,null,144,2026090705,SOC2_post,0.004970968667648753,0.026175484637213864,True,False,5
POST-OUTCOME EXPLORATORY -- NOT PART OF CONFIRMATORY YAX v1.1,0.0,null,145,2026090706,baseline,-0.034922148158113904,0.015987626897174662,False,True,5
POST-OUTCOME EXPLORATORY -- NOT PART OF CONFIRMATORY YAX v1.1,0.0,null,145,2026090706,SOC2_post,-0.01333544124710732,0.020497498303993923,True,False,5
POST-OUTCOME EXPLORATORY -- NOT PART OF CONFIRMATORY YAX v1.1,0.0,null,146,2026090707,baseline,0.0271087809839888,0.016674611029870497,True,False,5
POST-OUTCOME EXPLORATORY -- NOT PART OF CONFIRMATORY YAX v1.1,0.0,null,146,2026090707,SOC2_post,0.026010141672234467,0.02251769397768361,True,False,5
POST-OUTCOME EXPLORATORY -- NOT PART OF CONFIRMATORY YAX v1.1,0.0,null,147,2026090708,baseline,0.02515967629712033,0.01669085515470304,True,False,5
POST-OUTCOME EXPLORATORY -- NOT PART OF CONFIRMATORY YAX v1.1,0.0,null,147,2026090708,SOC2_post,0.02309247588874178,0.019597615668884166,True,False,5
POST-OUTCOME EXPLORATORY -- NOT PART OF CONFIRMATORY YAX v1.1,0.0,null,148,2026090709,baseline,0.02044452805530523,0.01932509327988078,True,False,5
POST-OUTCOME EXPLORATORY -- NOT PART OF CONFIRMATORY YAX v1.1,0.0,null,148,2026090709,SOC2_post,-0.03478904801228551,0.02222587464510466,True,False,5
POST-OUTCOME EXPLORATORY -- NOT PART OF CONFIRMATORY YAX v1.1,0.0,null,149,2026090710,baseline,-0.05088574332251228,0.015155933997174176,False,True,5
POST-OUTCOME EXPLORATORY -- NOT PART OF CONFIRMATORY YAX v1.1,0.0,null,149,2026090710,SOC2_post,0.013649407287669465,0.020289736150987267,True,False,5
POST-OUTCOME EXPLORATORY -- NOT PART OF CONFIRMATORY YAX v1.1,0.0,null,150,2026090711,baseline,0.008056218874912058,0.01853542939181234,True,False,5
POST-OUTCOME EXPLORATORY -- NOT PART OF CONFIRMATORY YAX v1.1,0.0,null,150,2026090711,SOC2_post,0.01707018777873067,0.021343487723732988,True,False,5
POST-OUTCOME EXPLORATORY -- NOT PART OF CONFIRMATORY YAX v1.1,0.0,null,151,2026090712,baseline,0.026882644865422998,0.01815917714702218,True,False,5
POST-OUTCOME EXPLORATORY -- NOT PART OF CONFIRMATORY YAX v1.1,0.0,null,151,2026090712,SOC2_post,-0.02724909430364505,0.020132205261710834,True,False,5
POST-OUTCOME EXPLORATORY -- NOT PART OF CONFIRMATORY YAX v1.1,0.0,null,152,2026090713,baseline,0.00976562739901563,0.017675077587269744,True,False,5
POST-OUTCOME EXPLORATORY -- NOT PART OF CONFIRMATORY YAX v1.1,0.0,null,152,2026090713,SOC2_post,-0.05903343437240408,0.02474740372944146,False,True,5
POST-OUTCOME EXPLORATORY -- NOT PART OF CONFIRMATORY YAX v1.1,0.0,null,153,2026090714,baseline,0.02086934904326357,0.017047512073217114,True,False,5
POST-OUTCOME EXPLORATORY -- NOT PART OF CONFIRMATORY YAX v1.1,0.0,null,153,2026090714,SOC2_post,0.009360461320358036,0.02374016069456494,True,False,5
POST-OUTCOME EXPLORATORY -- NOT PART OF CONFIRMATORY YAX v1.1,0.0,null,154,2026090715,baseline,-0.0009596865266695376,0.01756573319394317,True,False,5
POST-OUTCOME EXPLORATORY -- NOT PART OF CONFIRMATORY YAX v1.1,0.0,null,154,2026090715,SOC2_post,-0.004477337459478298,0.021785714261078535,True,False,5
POST-OUTCOME EXPLORATORY -- NOT PART OF CONFIRMATORY YAX v1.1,0.0,null,155,2026090716,baseline,-0.047993769100078326,0.01964621008137862,False,True,5
POST-OUTCOME EXPLORATORY -- NOT PART OF CONFIRMATORY YAX v1.1,0.0,null,155,2026090716,SOC2_post,0.003966816305689446,0.020354958992950464,True,False,5
POST-OUTCOME EXPLORATORY -- NOT PART OF CONFIRMATORY YAX v1.1,0.0,null,156,2026090717,baseline,-0.07023852516930948,0.017537702458332378,False,True,5
POST-OUTCOME EXPLORATORY -- NOT PART OF CONFIRMATORY YAX v1.1,0.0,null,156,2026090717,SOC2_post,-0.0382619270561088,0.020245250091760474,True,False,5
POST-OUTCOME EXPLORATORY -- NOT PART OF CONFIRMATORY YAX v1.1,0.0,null,157,2026090718,baseline,-0.04213940774463287,0.017199309261089472,False,True,5
POST-OUTCOME EXPLORATORY -- NOT PART OF CONFIRMATORY YAX v1.1,0.0,null,157,2026090718,SOC2_post,-0.003916922728272362,0.024348466560266763,True,False,5
POST-OUTCOME EXPLORATORY -- NOT PART OF CONFIRMATORY YAX v1.1,0.0,null,158,2026090719,baseline,0.0165367473898482,0.01765330882526838,True,False,5
POST-OUTCOME EXPLORATORY -- NOT PART OF CONFIRMATORY YAX v1.1,0.0,null,158,2026090719,SOC2_post,-0.003055178941797479,0.024227808837150817,True,False,5
POST-OUTCOME EXPLORATORY -- NOT PART OF CONFIRMATORY YAX v1.1,0.0,null,159,2026090720,baseline,0.03181323979577267,0.021376919215728967,True,False,5
POST-OUTCOME EXPLORATORY -- NOT PART OF CONFIRMATORY YAX v1.1,0.0,null,159,2026090720,SOC2_post,0.0373955534573508,0.01952402358370752,True,False,5
POST-OUTCOME EXPLORATORY -- NOT PART OF CONFIRMATORY YAX v1.1,0.0,null,160,2026090721,baseline,0.020594750088604705,0.019624679115462125,True,False,5
POST-OUTCOME EXPLORATORY -- NOT PART OF CONFIRMATORY YAX v1.1,0.0,null,160,2026090721,SOC2_post,-0.013991205664879743,0.01919480433724394,True,False,5
POST-OUTCOME EXPLORATORY -- NOT PART OF CONFIRMATORY YAX v1.1,0.0,null,161,2026090722,baseline,-0.05049202509407565,0.013608766849255218,False,True,5
POST-OUTCOME EXPLORATORY -- NOT PART OF CONFIRMATORY YAX v1.1,0.0,null,161,2026090722,SOC2_post,-0.005791906764220717,0.02486696894652303,True,False,5
POST-OUTCOME EXPLORATORY -- NOT PART OF CONFIRMATORY YAX v1.1,0.0,null,162,2026090723,baseline,-0.025695684490325523,0.01620263758259411,True,False,5
POST-OUTCOME EXPLORATORY -- NOT PART OF CONFIRMATORY YAX v1.1,0.0,null,162,2026090723,SOC2_post,-0.015578078230242985,0.022331417193699046,True,False,5
POST-OUTCOME EXPLORATORY -- NOT PART OF CONFIRMATORY YAX v1.1,0.0,null,163,2026090724,baseline,-0.02840418651464674,0.015380043849406413,True,False,5
POST-OUTCOME EXPLORATORY -- NOT PART OF CONFIRMATORY YAX v1.1,0.0,null,163,2026090724,SOC2_post,-0.027055411863257387,0.022156251529298523,True,False,5
POST-OUTCOME EXPLORATORY -- NOT PART OF CONFIRMATORY YAX v1.1,0.0,null,164,2026090725,baseline,-0.06503386808387834,0.015742068081716867,False,True,5
POST-OUTCOME EXPLORATORY -- NOT PART OF CONFIRMATORY YAX v1.1,0.0,null,164,2026090725,SOC2_post,-0.010559211854861977,0.02083866138929666,True,False,5
POST-OUTCOME EXPLORATORY -- NOT PART OF CONFIRMATORY YAX v1.1,0.0,null,165,2026090726,baseline,0.0031704188587180363,0.018199860019534272,True,False,5
POST-OUTCOME EXPLORATORY -- NOT PART OF CONFIRMATORY YAX v1.1,0.0,null,165,2026090726,SOC2_post,0.046491854442983524,0.022234320099000372,False,True,5
POST-OUTCOME EXPLORATORY -- NOT PART OF CONFIRMATORY YAX v1.1,0.0,null,166,2026090727,baseline,0.001180359681933355,0.015847263542955757,True,False,5
POST-OUTCOME EXPLORATORY -- NOT PART OF CONFIRMATORY YAX v1.1,0.0,null,166,2026090727,SOC2_post,-0.00897400307370852,0.01941725024272614,True,False,5
POST-OUTCOME EXPLORATORY -- NOT PART OF CONFIRMATORY YAX v1.1,0.0,null,167,2026090728,baseline,0.006483235988919526,0.016118577477567262,True,False,5
POST-OUTCOME EXPLORATORY -- NOT PART OF CONFIRMATORY YAX v1.1,0.0,null,167,2026090728,SOC2_post,0.015169220461662336,0.02006006400227544,True,False,5
POST-OUTCOME EXPLORATORY -- NOT PART OF CONFIRMATORY YAX v1.1,0.0,null,168,2026090729,baseline,0.014899439332504748,0.01995627786315111,True,False,5
POST-OUTCOME EXPLORATORY -- NOT PART OF CONFIRMATORY YAX v1.1,0.0,null,168,2026090729,SOC2_post,-0.060043305422356266,0.023980926197498285,False,True,5
POST-OUTCOME EXPLORATORY -- NOT PART OF CONFIRMATORY YAX v1.1,0.0,null,169,2026090730,baseline,-0.01177820832710221,0.018706430679610277,True,False,5
POST-OUTCOME EXPLORATORY -- NOT PART OF CONFIRMATORY YAX v1.1,0.0,null,169,2026090730,SOC2_post,-0.0008400103839432622,0.021981244637823565,True,False,5
POST-OUTCOME EXPLORATORY -- NOT PART OF CONFIRMATORY YAX v1.1,0.0,null,170,2026090731,baseline,-0.014237754562663314,0.017864371034645873,True,False,5
POST-OUTCOME EXPLORATORY -- NOT PART OF CONFIRMATORY YAX v1.1,0.0,null,170,2026090731,SOC2_post,0.009308926432453969,0.022417165386003707,True,False,5
POST-OUTCOME EXPLORATORY -- NOT PART OF CONFIRMATORY YAX v1.1,0.0,null,172,2026090733,baseline,0.02218448365829944,0.016713556774649706,True,False,5
POST-OUTCOME EXPLORATORY -- NOT PART OF CONFIRMATORY YAX v1.1,0.0,null,172,2026090733,SOC2_post,-0.022098502113718634,0.018533418886960792,True,False,5
POST-OUTCOME EXPLORATORY -- NOT PART OF CONFIRMATORY YAX v1.1,0.0,null,173,2026090734,baseline,0.04173006773660783,0.01473669626494252,False,True,5
POST-OUTCOME EXPLORATORY -- NOT PART OF CONFIRMATORY YAX v1.1,0.0,null,173,2026090734,SOC2_post,0.019558004071991042,0.018050664496825384,True,False,5
POST-OUTCOME EXPLORATORY -- NOT PART OF CONFIRMATORY YAX v1.1,0.0,null,174,2026090735,baseline,0.013398712402552991,0.01980248493500215,True,False,5
POST-OUTCOME EXPLORATORY -- NOT PART OF CONFIRMATORY YAX v1.1,0.0,null,174,2026090735,SOC2_post,0.05136949588102945,0.02433895794781703,False,True,5
POST-OUTCOME EXPLORATORY -- NOT PART OF CONFIRMATORY YAX v1.1,0.0,null,175,2026090736,baseline,-0.005655845056561296,0.016725757316219204,True,False,5
POST-OUTCOME EXPLORATORY -- NOT PART OF CONFIRMATORY YAX v1.1,0.0,null,175,2026090736,SOC2_post,0.009096858741241652,0.01836506678295204,True,False,5
POST-OUTCOME EXPLORATORY -- NOT PART OF CONFIRMATORY YAX v1.1,0.0,null,176,2026090737,baseline,0.011729293566585787,0.01897899775745904,True,False,5
POST-OUTCOME EXPLORATORY -- NOT PART OF CONFIRMATORY YAX v1.1,0.0,null,176,2026090737,SOC2_post,-0.005552449392947974,0.020866596643380482,True,False,5
POST-OUTCOME EXPLORATORY -- NOT PART OF CONFIRMATORY YAX v1.1,0.0,null,177,2026090738,baseline,0.0016544720672198592,0.015234138092955162,True,False,5
POST-OUTCOME EXPLORATORY -- NOT PART OF CONFIRMATORY YAX v1.1,0.0,null,177,2026090738,SOC2_post,0.005093742027774259,0.01993005872361046,True,False,5
POST-OUTCOME EXPLORATORY -- NOT PART OF CONFIRMATORY YAX v1.1,0.0,null,178,2026090739,baseline,-0.015299972548232971,0.01978387988180246,True,False,5
POST-OUTCOME EXPLORATORY -- NOT PART OF CONFIRMATORY YAX v1.1,0.0,null,178,2026090739,SOC2_post,0.02532434366073796,0.01951956049310844,True,False,5
POST-OUTCOME EXPLORATORY -- NOT PART OF CONFIRMATORY YAX v1.1,0.0,null,179,2026090740,baseline,0.015692832040919195,0.017818524283619994,True,False,5
POST-OUTCOME EXPLORATORY -- NOT PART OF CONFIRMATORY YAX v1.1,0.0,null,179,2026090740,SOC2_post,-0.035297015032243056,0.020445230486675885,True,False,5
POST-OUTCOME EXPLORATORY -- NOT PART OF CONFIRMATORY YAX v1.1,0.0,null,180,2026090741,baseline,-0.012668212816199077,0.018437694935039634,True,False,5
POST-OUTCOME EXPLORATORY -- NOT PART OF CONFIRMATORY YAX v1.1,0.0,null,180,2026090741,SOC2_post,0.02493269205726161,0.02156583093171976,True,False,5
POST-OUTCOME EXPLORATORY -- NOT PART OF CONFIRMATORY YAX v1.1,0.0,null,181,2026090742,baseline,-0.029757153089609845,0.014158385911691123,False,True,5
POST-OUTCOME EXPLORATORY -- NOT PART OF CONFIRMATORY YAX v1.1,0.0,null,181,2026090742,SOC2_post,0.02186521433166079,0.021569626268008082,True,False,5
POST-OUTCOME EXPLORATORY -- NOT PART OF CONFIRMATORY YAX v1.1,0.0,null,182,2026090743,baseline,0.02841694721648673,0.01559889860450416,True,False,5
POST-OUTCOME EXPLORATORY -- NOT PART OF CONFIRMATORY YAX v1.1,0.0,null,182,2026090743,SOC2_post,0.008677142274705766,0.022436613598554745,True,False,5
POST-OUTCOME EXPLORATORY -- NOT PART OF CONFIRMATORY YAX v1.1,0.0,null,183,2026090744,baseline,0.04395536558513501,0.014821711489314071,False,True,5
POST-OUTCOME EXPLORATORY -- NOT PART OF CONFIRMATORY YAX v1.1,0.0,null,183,2026090744,SOC2_post,-0.019921074303162416,0.022535547161378552,True,False,5
POST-OUTCOME EXPLORATORY -- NOT PART OF CONFIRMATORY YAX v1.1,0.0,null,184,2026090745,baseline,-0.02662029273167842,0.017542254413317672,True,False,5
POST-OUTCOME EXPLORATORY -- NOT PART OF CONFIRMATORY YAX v1.1,0.0,null,184,2026090745,SOC2_post,0.022236805734092414,0.020080794404944053,True,False,5
POST-OUTCOME EXPLORATORY -- NOT PART OF CONFIRMATORY YAX v1.1,0.0,null,185,2026090746,baseline,-0.013758143922698965,0.01842832017047379,True,False,5
POST-OUTCOME EXPLORATORY -- NOT PART OF CONFIRMATORY YAX v1.1,0.0,null,185,2026090746,SOC2_post,0.00076701934675741,0.02183445619634284,True,False,5
POST-OUTCOME EXPLORATORY -- NOT PART OF CONFIRMATORY YAX v1.1,0.0,null,186,2026090747,baseline,-0.008436027527853808,0.01827873994935571,True,False,5
POST-OUTCOME EXPLORATORY -- NOT PART OF CONFIRMATORY YAX v1.1,0.0,null,186,2026090747,SOC2_post,-0.001597515025447788,0.020892465716627433,True,False,5
POST-OUTCOME EXPLORATORY -- NOT PART OF CONFIRMATORY YAX v1.1,0.0,null,187,2026090748,baseline,-0.04811833309480439,0.016188461982404846,False,True,5
POST-OUTCOME EXPLORATORY -- NOT PART OF CONFIRMATORY YAX v1.1,0.0,null,187,2026090748,SOC2_post,0.0008755491277455654,0.019857657947786295,True,False,5
POST-OUTCOME EXPLORATORY -- NOT PART OF CONFIRMATORY YAX v1.1,0.0,null,188,2026090749,baseline,0.03492777710914513,0.01987788008987566,True,False,5
POST-OUTCOME EXPLORATORY -- NOT PART OF CONFIRMATORY YAX v1.1,0.0,null,188,2026090749,SOC2_post,0.009799203295769342,0.02362329721017013,True,False,5
POST-OUTCOME EXPLORATORY -- NOT PART OF CONFIRMATORY YAX v1.1,0.0,null,189,2026090750,baseline,-0.008765263360175843,0.0197274950153664,True,False,5
POST-OUTCOME EXPLORATORY -- NOT PART OF CONFIRMATORY YAX v1.1,0.0,null,189,2026090750,SOC2_post,0.02697987093331545,0.01866697198523156,True,False,5
POST-OUTCOME EXPLORATORY -- NOT PART OF CONFIRMATORY YAX v1.1,0.0,null,190,2026090751,baseline,-0.001377320523159932,0.01647894327453755,True,False,5
POST-OUTCOME EXPLORATORY -- NOT PART OF CONFIRMATORY YAX v1.1,0.0,null,190,2026090751,SOC2_post,0.011163387330997292,0.02089036445410222,True,False,5
POST-OUTCOME EXPLORATORY -- NOT PART OF CONFIRMATORY YAX v1.1,0.0,null,191,2026090752,baseline,-0.01092696007108899,0.014976224768367664,True,False,5
POST-OUTCOME EXPLORATORY -- NOT PART OF CONFIRMATORY YAX v1.1,0.0,null,191,2026090752,SOC2_post,0.01170342260869732,0.025603452601987337,True,False,5
POST-OUTCOME EXPLORATORY -- NOT PART OF CONFIRMATORY YAX v1.1,0.0,null,192,2026090753,baseline,0.05810551637025308,0.015668973949862636,False,True,5
POST-OUTCOME EXPLORATORY -- NOT PART OF CONFIRMATORY YAX v1.1,0.0,null,192,2026090753,SOC2_post,-0.01589203637094657,0.020270938092842583,True,False,5
POST-OUTCOME EXPLORATORY -- NOT PART OF CONFIRMATORY YAX v1.1,0.0,null,193,2026090754,baseline,-0.006172884933297353,0.017094310953116105,True,False,5
POST-OUTCOME EXPLORATORY -- NOT PART OF CONFIRMATORY YAX v1.1,0.0,null,193,2026090754,SOC2_post,-0.022774463840065994,0.019734377817990773,True,False,5
POST-OUTCOME EXPLORATORY -- NOT PART OF CONFIRMATORY YAX v1.1,0.0,null,194,2026090755,baseline,0.03247050644537247,0.017835708536942017,True,False,5
POST-OUTCOME EXPLORATORY -- NOT PART OF CONFIRMATORY YAX v1.1,0.0,null,194,2026090755,SOC2_post,0.035808921985335695,0.022015190387936114,True,False,5
POST-OUTCOME EXPLORATORY -- NOT PART OF CONFIRMATORY YAX v1.1,0.0,null,195,2026090756,baseline,0.054664220093277725,0.020383094245780286,False,True,5
POST-OUTCOME EXPLORATORY -- NOT PART OF CONFIRMATORY YAX v1.1,0.0,null,195,2026090756,SOC2_post,0.035626726515446225,0.021459372456814924,True,False,5
POST-OUTCOME EXPLORATORY -- NOT PART OF CONFIRMATORY YAX v1.1,0.0,null,196,2026090757,baseline,-0.013297936242472608,0.01853212456587561,True,False,5
POST-OUTCOME EXPLORATORY -- NOT PART OF CONFIRMATORY YAX v1.1,0.0,null,196,2026090757,SOC2_post,-0.05748974934003971,0.020370187400780497,False,True,5
POST-OUTCOME EXPLORATORY -- NOT PART OF CONFIRMATORY YAX v1.1,0.0,null,197,2026090758,baseline,-0.0014379485896093137,0.017354574433009775,True,False,5
POST-OUTCOME EXPLORATORY -- NOT PART OF CONFIRMATORY YAX v1.1,0.0,null,197,2026090758,SOC2_post,0.037618505440822736,0.02125933742607003,True,False,5
POST-OUTCOME EXPLORATORY -- NOT PART OF CONFIRMATORY YAX v1.1,0.0,null,198,2026090759,baseline,-0.01768123198714475,0.01755148016736465,True,False,5
POST-OUTCOME EXPLORATORY -- NOT PART OF CONFIRMATORY YAX v1.1,0.0,null,198,2026090759,SOC2_post,-0.04939457935079993,0.018481443297538966,False,True,5
POST-OUTCOME EXPLORATORY -- NOT PART OF CONFIRMATORY YAX v1.1,0.0,null,199,2026090760,baseline,0.03459337496936436,0.01902195124368466,True,False,5
POST-OUTCOME EXPLORATORY -- NOT PART OF CONFIRMATORY YAX v1.1,0.0,null,199,2026090760,SOC2_post,0.01665173095028959,0.02118461867788884,True,False,5
POST-OUTCOME EXPLORATORY -- NOT PART OF CONFIRMATORY YAX v1.1,-0.05,local_minus_0.05,1,2026090562,baseline,-0.05646130991317305,0.01764232790054562,True,True,5
POST-OUTCOME EXPLORATORY -- NOT PART OF CONFIRMATORY YAX v1.1,-0.05,local_minus_0.05,1,2026090562,SOC2_post,-0.0388956767362373,0.020653243064792853,True,False,5
POST-OUTCOME EXPLORATORY -- NOT PART OF CONFIRMATORY YAX v1.1,-0.05,local_minus_0.05,3,2026090564,baseline,-0.05002592720772644,0.016790503290396063,True,True,5
POST-OUTCOME EXPLORATORY -- NOT PART OF CONFIRMATORY YAX v1.1,-0.05,local_minus_0.05,3,2026090564,SOC2_post,-0.06152979080024346,0.022021056593713142,True,True,5
POST-OUTCOME EXPLORATORY -- NOT PART OF CONFIRMATORY YAX v1.1,-0.05,local_minus_0.05,4,2026090565,baseline,-0.010302070691434764,0.020933523009435354,True,False,5
POST-OUTCOME EXPLORATORY -- NOT PART OF CONFIRMATORY YAX v1.1,-0.05,local_minus_0.05,4,2026090565,SOC2_post,-0.0510112905975718,0.02079623927181113,True,True,5
POST-OUTCOME EXPLORATORY -- NOT PART OF CONFIRMATORY YAX v1.1,-0.05,local_minus_0.05,5,2026090566,baseline,-0.013619216571867989,0.014852053978785312,False,False,5
POST-OUTCOME EXPLORATORY -- NOT PART OF CONFIRMATORY YAX v1.1,-0.05,local_minus_0.05,5,2026090566,SOC2_post,-0.03476859364869673,0.022164503341642088,True,False,5
POST-OUTCOME EXPLORATORY -- NOT PART OF CONFIRMATORY YAX v1.1,-0.05,local_minus_0.05,6,2026090567,baseline,-0.055015532042659666,0.016349573909876996,True,True,5
POST-OUTCOME EXPLORATORY -- NOT PART OF CONFIRMATORY YAX v1.1,-0.05,local_minus_0.05,6,2026090567,SOC2_post,-0.02288553581309542,0.020730710883551627,True,False,5
POST-OUTCOME EXPLORATORY -- NOT PART OF CONFIRMATORY YAX v1.1,-0.05,local_minus_0.05,7,2026090568,baseline,-0.045211462422487504,0.01898375739524466,True,True,5
POST-OUTCOME EXPLORATORY -- NOT PART OF CONFIRMATORY YAX v1.1,-0.05,local_minus_0.05,7,2026090568,SOC2_post,-0.010347287877600695,0.02111413631634534,True,False,5
POST-OUTCOME EXPLORATORY -- NOT PART OF CONFIRMATORY YAX v1.1,-0.05,local_minus_0.05,8,2026090569,baseline,-0.03829970082464292,0.02054616144684689,True,False,5
POST-OUTCOME EXPLORATORY -- NOT PART OF CONFIRMATORY YAX v1.1,-0.05,local_minus_0.05,8,2026090569,SOC2_post,-0.04199544339611784,0.022660533492738513,True,False,5
POST-OUTCOME EXPLORATORY -- NOT PART OF CONFIRMATORY YAX v1.1,-0.05,local_minus_0.05,9,2026090570,baseline,-0.037422076461667717,0.017611246719166078,True,True,5
POST-OUTCOME EXPLORATORY -- NOT PART OF CONFIRMATORY YAX v1.1,-0.05,local_minus_0.05,9,2026090570,SOC2_post,-0.022389985659834563,0.0192604457320872,True,False,5
POST-OUTCOME EXPLORATORY -- NOT PART OF CONFIRMATORY YAX v1.1,-0.05,local_minus_0.05,10,2026090571,baseline,-0.03505420101496942,0.017877899695670624,True,True,5
POST-OUTCOME EXPLORATORY -- NOT PART OF CONFIRMATORY YAX v1.1,-0.05,local_minus_0.05,10,2026090571,SOC2_post,-0.04471982322895364,0.022537914084204778,True,True,5
POST-OUTCOME EXPLORATORY -- NOT PART OF CONFIRMATORY YAX v1.1,-0.05,local_minus_0.05,11,2026090572,baseline,-0.06692672315704312,0.014611609799483616,True,True,5
POST-OUTCOME EXPLORATORY -- NOT PART OF CONFIRMATORY YAX v1.1,-0.05,local_minus_0.05,11,2026090572,SOC2_post,-0.09271031507553426,0.02453105010106154,True,True,5
POST-OUTCOME EXPLORATORY -- NOT PART OF CONFIRMATORY YAX v1.1,-0.05,local_minus_0.05,12,2026090573,baseline,-0.07729676067070781,0.017000344876623698,True,True,5
POST-OUTCOME EXPLORATORY -- NOT PART OF CONFIRMATORY YAX v1.1,-0.05,local_minus_0.05,12,2026090573,SOC2_post,-0.07509601053939725,0.0202456875176517,True,True,5
POST-OUTCOME EXPLORATORY -- NOT PART OF CONFIRMATORY YAX v1.1,-0.05,local_minus_0.05,13,2026090574,baseline,-0.02217737103045118,0.019607462126135386,True,False,5
POST-OUTCOME EXPLORATORY -- NOT PART OF CONFIRMATORY YAX v1.1,-0.05,local_minus_0.05,13,2026090574,SOC2_post,-0.03176820832858328,0.018591498629794843,True,False,5
POST-OUTCOME EXPLORATORY -- NOT PART OF CONFIRMATORY YAX v1.1,-0.05,local_minus_0.05,14,2026090575,baseline,-0.06539023117362633,0.018680971142784723,True,True,5
POST-OUTCOME EXPLORATORY -- NOT PART OF CONFIRMATORY YAX v1.1,-0.05,local_minus_0.05,14,2026090575,SOC2_post,-0.0341787001902138,0.022501166041906107,True,False,5
POST-OUTCOME EXPLORATORY -- NOT PART OF CONFIRMATORY YAX v1.1,-0.05,local_minus_0.05,15,2026090576,baseline,-0.003231796727622391,0.018373155202024358,False,False,5
POST-OUTCOME EXPLORATORY -- NOT PART OF CONFIRMATORY YAX v1.1,-0.05,local_minus_0.05,15,2026090576,SOC2_post,-0.04505121779290948,0.023562407591906,True,False,5
POST-OUTCOME EXPLORATORY -- NOT PART OF CONFIRMATORY YAX v1.1,-0.05,local_minus_0.05,16,2026090577,baseline,-0.04201186983491383,0.014832730898830629,True,True,4
POST-OUTCOME EXPLORATORY -- NOT PART OF CONFIRMATORY YAX v1.1,-0.05,local_minus_0.05,16,2026090577,SOC2_post,-0.05864747269121072,0.02018901995057689,True,True,5
POST-OUTCOME EXPLORATORY -- NOT PART OF CONFIRMATORY YAX v1.1,-0.05,local_minus_0.05,17,2026090578,baseline,-0.07851737348343318,0.017992152649424546,True,True,5
POST-OUTCOME EXPLORATORY -- NOT PART OF CONFIRMATORY YAX v1.1,-0.05,local_minus_0.05,17,2026090578,SOC2_post,-0.06096877727596079,0.020433933550821765,True,True,5
POST-OUTCOME EXPLORATORY -- NOT PART OF CONFIRMATORY YAX v1.1,-0.05,local_minus_0.05,18,2026090579,baseline,-0.09968095319344485,0.015571387230723,False,True,5
POST-OUTCOME EXPLORATORY -- NOT PART OF CONFIRMATORY YAX v1.1,-0.05,local_minus_0.05,18,2026090579,SOC2_post,-0.07633971441351396,0.019981369303125777,True,True,5
POST-OUTCOME EXPLORATORY -- NOT PART OF CONFIRMATORY YAX v1.1,-0.05,local_minus_0.05,19,2026090580,baseline,-0.09855610158525725,0.015278735515823996,False,True,5
POST-OUTCOME EXPLORATORY -- NOT PART OF CONFIRMATORY YAX v1.1,-0.05,local_minus_0.05,19,2026090580,SOC2_post,-0.0879254117842758,0.019914219068987417,True,True,5
POST-OUTCOME EXPLORATORY -- NOT PART OF CONFIRMATORY YAX v1.1,-0.05,local_minus_0.05,20,2026090581,baseline,-0.06348253154978278,0.019912273355452523,True,True,5
POST-OUTCOME EXPLORATORY -- NOT PART OF CONFIRMATORY YAX v1.1,-0.05,local_minus_0.05,20,2026090581,SOC2_post,-0.060030565036196935,0.02191901627416648,True,True,5
POST-OUTCOME EXPLORATORY -- NOT PART OF CONFIRMATORY YAX v1.1,-0.05,local_minus_0.05,21,2026090582,baseline,-0.030901480570998462,0.02083413508957535,True,False,5
POST-OUTCOME EXPLORATORY -- NOT PART OF CONFIRMATORY YAX v1.1,-0.05,local_minus_0.05,21,2026090582,SOC2_post,-0.05076220408673013,0.021661978310773797,True,True,5
POST-OUTCOME EXPLORATORY -- NOT PART OF CONFIRMATORY YAX v1.1,-0.05,local_minus_0.05,22,2026090583,baseline,-0.06782209680179195,0.014208977239424455,True,True,5
POST-OUTCOME EXPLORATORY -- NOT PART OF CONFIRMATORY YAX v1.1,-0.05,local_minus_0.05,22,2026090583,SOC2_post,-0.03591823126876293,0.021667460722467054,True,False,5
POST-OUTCOME EXPLORATORY -- NOT PART OF CONFIRMATORY YAX v1.1,-0.05,local_minus_0.05,23,2026090584,baseline,-0.03327392905460264,0.018013755424419645,True,False,5
POST-OUTCOME EXPLORATORY -- NOT PART OF CONFIRMATORY YAX v1.1,-0.05,local_minus_0.05,23,2026090584,SOC2_post,-0.04775969598725608,0.020547125320502783,True,True,5
POST-OUTCOME EXPLORATORY -- NOT PART OF CONFIRMATORY YAX v1.1,-0.05,local_minus_0.05,24,2026090585,baseline,-0.06381820747160051,0.016676803511827574,True,True,5
POST-OUTCOME EXPLORATORY -- NOT PART OF CONFIRMATORY YAX v1.1,-0.05,local_minus_0.05,24,2026090585,SOC2_post,-0.05751239578861594,0.019157876133753613,True,True,5
POST-OUTCOME EXPLORATORY -- NOT PART OF CONFIRMATORY YAX v1.1,-0.05,local_minus_0.05,25,2026090586,baseline,-0.03063121925975306,0.017062699195011553,True,False,4
POST-OUTCOME EXPLORATORY -- NOT PART OF CONFIRMATORY YAX v1.1,-0.05,local_minus_0.05,25,2026090586,SOC2_post,-0.054414688914869495,0.022145422413690632,True,True,5
POST-OUTCOME EXPLORATORY -- NOT PART OF CONFIRMATORY YAX v1.1,-0.05,local_minus_0.05,26,2026090587,baseline,-0.04370408153005571,0.01654852185809866,True,True,5
POST-OUTCOME EXPLORATORY -- NOT PART OF CONFIRMATORY YAX v1.1,-0.05,local_minus_0.05,26,2026090587,SOC2_post,-0.08027491058466879,0.020968488706062098,True,True,5
POST-OUTCOME EXPLORATORY -- NOT PART OF CONFIRMATORY YAX v1.1,-0.05,local_minus_0.05,27,2026090588,baseline,-0.04850001865885151,0.018249089447807613,True,True,5
POST-OUTCOME EXPLORATORY -- NOT PART OF CONFIRMATORY YAX v1.1,-0.05,local_minus_0.05,27,2026090588,SOC2_post,-0.07231231178541035,0.020974531276010164,True,True,5
POST-OUTCOME EXPLORATORY -- NOT PART OF CONFIRMATORY YAX v1.1,-0.05,local_minus_0.05,28,2026090589,baseline,0.009101210763340788,0.016345933157350095,False,False,5
POST-OUTCOME EXPLORATORY -- NOT PART OF CONFIRMATORY YAX v1.1,-0.05,local_minus_0.05,28,2026090589,SOC2_post,-0.041292030122128696,0.0228193938343971,True,False,5
POST-OUTCOME EXPLORATORY -- NOT PART OF CONFIRMATORY YAX v1.1,-0.05,local_minus_0.05,29,2026090590,baseline,-0.07650059003093396,0.017419699672926788,True,True,5
POST-OUTCOME EXPLORATORY -- NOT PART OF CONFIRMATORY YAX v1.1,-0.05,local_minus_0.05,29,2026090590,SOC2_post,-0.0830274696300188,0.021024523483237332,True,True,5
POST-OUTCOME EXPLORATORY -- NOT PART OF CONFIRMATORY YAX v1.1,-0.05,local_minus_0.05,30,2026090591,baseline,-0.060546231818126045,0.01861028767022878,True,True,5
POST-OUTCOME EXPLORATORY -- NOT PART OF CONFIRMATORY YAX v1.1,-0.05,local_minus_0.05,30,2026090591,SOC2_post,-0.016091835304892235,0.021091058788400254,True,False,5
POST-OUTCOME EXPLORATORY -- NOT PART OF CONFIRMATORY YAX v1.1,-0.05,local_minus_0.05,31,2026090592,baseline,-0.05390449628998299,0.01667524734099455,True,True,5
POST-OUTCOME EXPLORATORY -- NOT PART OF CONFIRMATORY YAX v1.1,-0.05,local_minus_0.05,31,2026090592,SOC2_post,-0.05267389509439317,0.02212068236971083,True,True,5
POST-OUTCOME EXPLORATORY -- NOT PART OF CONFIRMATORY YAX v1.1,-0.05,local_minus_0.05,32,2026090593,baseline,-0.05788201538615347,0.01963708395685099,True,True,5
POST-OUTCOME EXPLORATORY -- NOT PART OF CONFIRMATORY YAX v1.1,-0.05,local_minus_0.05,32,2026090593,SOC2_post,-0.035008436487207195,0.021286128174088478,True,False,5
POST-OUTCOME EXPLORATORY -- NOT PART OF CONFIRMATORY YAX v1.1,-0.05,local_minus_0.05,33,2026090594,baseline,-0.08866631755696705,0.014655713992618748,False,True,5
POST-OUTCOME EXPLORATORY -- NOT PART OF CONFIRMATORY YAX v1.1,-0.05,local_minus_0.05,33,2026090594,SOC2_post,-0.03856738803428814,0.021279491999391723,True,False,5
POST-OUTCOME EXPLORATORY -- NOT PART OF CONFIRMATORY YAX v1.1,-0.05,local_minus_0.05,34,2026090595,baseline,-0.027355314338397045,0.016508885509697386,True,False,5
POST-OUTCOME EXPLORATORY -- NOT PART OF CONFIRMATORY YAX v1.1,-0.05,local_minus_0.05,34,2026090595,SOC2_post,-0.04820701050438829,0.019748622818104987,True,True,5
POST-OUTCOME EXPLORATORY -- NOT PART OF CONFIRMATORY YAX v1.1,-0.05,local_minus_0.05,35,2026090596,baseline,-0.07373545021688314,0.01547256398488366,True,True,5
POST-OUTCOME EXPLORATORY -- NOT PART OF CONFIRMATORY YAX v1.1,-0.05,local_minus_0.05,35,2026090596,SOC2_post,-0.04586271980161501,0.0205661764838029,True,True,5
POST-OUTCOME EXPLORATORY -- NOT PART OF CONFIRMATORY YAX v1.1,-0.05,local_minus_0.05,36,2026090597,baseline,-0.004834708112681796,0.015114457826790932,False,False,5
POST-OUTCOME EXPLORATORY -- NOT PART OF CONFIRMATORY YAX v1.1,-0.05,local_minus_0.05,36,2026090597,SOC2_post,-0.025087300813480685,0.017222729839618898,True,False,5
POST-OUTCOME EXPLORATORY -- NOT PART OF CONFIRMATORY YAX v1.1,-0.05,local_minus_0.05,37,2026090598,baseline,-0.10098079451259012,0.014895040644244477,False,True,5
POST-OUTCOME EXPLORATORY -- NOT PART OF CONFIRMATORY YAX v1.1,-0.05,local_minus_0.05,37,2026090598,SOC2_post,-0.07329826975499083,0.021467092209406593,True,True,5
POST-OUTCOME EXPLORATORY -- NOT PART OF CONFIRMATORY YAX v1.1,-0.05,local_minus_0.05,38,2026090599,baseline,-0.043840851210994104,0.01848003059740202,True,True,5
POST-OUTCOME EXPLORATORY -- NOT PART OF CONFIRMATORY YAX v1.1,-0.05,local_minus_0.05,38,2026090599,SOC2_post,-0.026287193675271017,0.02071667213210809,True,False,5
POST-OUTCOME EXPLORATORY -- NOT PART OF CONFIRMATORY YAX v1.1,-0.05,local_minus_0.05,39,2026090600,baseline,-0.07954640905913145,0.017424662096600912,True,True,5
POST-OUTCOME EXPLORATORY -- NOT PART OF CONFIRMATORY YAX v1.1,-0.05,local_minus_0.05,39,2026090600,SOC2_post,-0.0482903666085871,0.019372499243031353,True,True,5
POST-OUTCOME EXPLORATORY -- NOT PART OF CONFIRMATORY YAX v1.1,-0.05,local_minus_0.05,40,2026090601,baseline,-0.03636039992063961,0.01847919772228795,True,True,5
POST-OUTCOME EXPLORATORY -- NOT PART OF CONFIRMATORY YAX v1.1,-0.05,local_minus_0.05,40,2026090601,SOC2_post,-0.04930212463661693,0.022712944083238353,True,True,5
POST-OUTCOME EXPLORATORY -- NOT PART OF CONFIRMATORY YAX v1.1,-0.05,local_minus_0.05,41,2026090602,baseline,-0.02225822708129012,0.014188350872663544,True,False,5
POST-OUTCOME EXPLORATORY -- NOT PART OF CONFIRMATORY YAX v1.1,-0.05,local_minus_0.05,41,2026090602,SOC2_post,-0.03145025563399041,0.03187887461277501,True,False,5
POST-OUTCOME EXPLORATORY -- NOT PART OF CONFIRMATORY YAX v1.1,-0.05,local_minus_0.05,42,2026090603,baseline,-0.07907807073222102,0.017511594245728453,True,True,5
POST-OUTCOME EXPLORATORY -- NOT PART OF CONFIRMATORY YAX v1.1,-0.05,local_minus_0.05,42,2026090603,SOC2_post,-0.0610174629767585,0.02282894492289319,True,True,5
POST-OUTCOME EXPLORATORY -- NOT PART OF CONFIRMATORY YAX v1.1,-0.05,local_minus_0.05,43,2026090604,baseline,-0.03840825548361391,0.0210435971974936,True,False,5
POST-OUTCOME EXPLORATORY -- NOT PART OF CONFIRMATORY YAX v1.1,-0.05,local_minus_0.05,43,2026090604,SOC2_post,-0.04696114740475358,0.023451522776495204,True,True,5
POST-OUTCOME EXPLORATORY -- NOT PART OF CONFIRMATORY YAX v1.1,-0.05,local_minus_0.05,44,2026090605,baseline,0.025708000882094382,0.015488916777486868,False,False,5
POST-OUTCOME EXPLORATORY -- NOT PART OF CONFIRMATORY YAX v1.1,-0.05,local_minus_0.05,44,2026090605,SOC2_post,-0.025985776185874807,0.021078603382014463,True,False,5
POST-OUTCOME EXPLORATORY -- NOT PART OF CONFIRMATORY YAX v1.1,-0.05,local_minus_0.05,45,2026090606,baseline,-0.02922133206859011,0.019080296783592434,True,False,5
POST-OUTCOME EXPLORATORY -- NOT PART OF CONFIRMATORY YAX v1.1,-0.05,local_minus_0.05,45,2026090606,SOC2_post,-0.0927452574999648,0.024470660712278897,True,True,5
POST-OUTCOME EXPLORATORY -- NOT PART OF CONFIRMATORY YAX v1.1,-0.05,local_minus_0.05,46,2026090607,baseline,-0.06560049198915678,0.01895644513699208,True,True,5
POST-OUTCOME EXPLORATORY -- NOT PART OF CONFIRMATORY YAX v1.1,-0.05,local_minus_0.05,46,2026090607,SOC2_post,-0.04102651444312821,0.020427819429027775,True,True,5
POST-OUTCOME EXPLORATORY -- NOT PART OF CONFIRMATORY YAX v1.1,-0.05,local_minus_0.05,47,2026090608,baseline,-0.036170495871824415,0.01620322382067949,True,True,5
POST-OUTCOME EXPLORATORY -- NOT PART OF CONFIRMATORY YAX v1.1,-0.05,local_minus_0.05,47,2026090608,SOC2_post,-0.03791195716358583,0.01971606607806711,True,False,5
POST-OUTCOME EXPLORATORY -- NOT PART OF CONFIRMATORY YAX v1.1,-0.05,local_minus_0.05,48,2026090609,baseline,-0.06091769384817021,0.015099364103745386,True,True,5
POST-OUTCOME EXPLORATORY -- NOT PART OF CONFIRMATORY YAX v1.1,-0.05,local_minus_0.05,48,2026090609,SOC2_post,-0.03236226148708757,0.018836629031910718,True,False,5
POST-OUTCOME EXPLORATORY -- NOT PART OF CONFIRMATORY YAX v1.1,-0.05,local_minus_0.05,49,2026090610,baseline,-0.00641120131973321,0.016207632215323686,False,False,5
POST-OUTCOME EXPLORATORY -- NOT PART OF CONFIRMATORY YAX v1.1,-0.05,local_minus_0.05,49,2026090610,SOC2_post,-0.04129907558223718,0.019619789238664514,True,True,5
POST-OUTCOME EXPLORATORY -- NOT PART OF CONFIRMATORY YAX v1.1,-0.05,local_minus_0.05,50,2026090611,baseline,-0.02339635566341212,0.016295168799412667,True,False,5
POST-OUTCOME EXPLORATORY -- NOT PART OF CONFIRMATORY YAX v1.1,-0.05,local_minus_0.05,50,2026090611,SOC2_post,-0.07231319840541146,0.01903035774864429,True,True,5
POST-OUTCOME EXPLORATORY -- NOT PART OF CONFIRMATORY YAX v1.1,-0.05,local_minus_0.05,51,2026090612,baseline,-0.02985726705010919,0.017958344988233645,True,False,5
POST-OUTCOME EXPLORATORY -- NOT PART OF CONFIRMATORY YAX v1.1,-0.05,local_minus_0.05,51,2026090612,SOC2_post,-0.03289624144263856,0.021723786045286055,True,False,5
POST-OUTCOME EXPLORATORY -- NOT PART OF CONFIRMATORY YAX v1.1,-0.05,local_minus_0.05,52,2026090613,baseline,-0.04454474134742981,0.017755311545915187,True,True,5
POST-OUTCOME EXPLORATORY -- NOT PART OF CONFIRMATORY YAX v1.1,-0.05,local_minus_0.05,52,2026090613,SOC2_post,-0.047510636591341415,0.02072341867986787,True,True,5
POST-OUTCOME EXPLORATORY -- NOT PART OF CONFIRMATORY YAX v1.1,-0.05,local_minus_0.05,53,2026090614,baseline,-0.058908490654185665,0.018108213550800466,True,True,5
POST-OUTCOME EXPLORATORY -- NOT PART OF CONFIRMATORY YAX v1.1,-0.05,local_minus_0.05,53,2026090614,SOC2_post,-0.08075265855994533,0.017532075031561182,True,True,5
POST-OUTCOME EXPLORATORY -- NOT PART OF CONFIRMATORY YAX v1.1,-0.05,local_minus_0.05,54,2026090615,baseline,-0.055205884888296225,0.018331366057682822,True,True,5
POST-OUTCOME EXPLORATORY -- NOT PART OF CONFIRMATORY YAX v1.1,-0.05,local_minus_0.05,54,2026090615,SOC2_post,-0.07182923904693775,0.019277990421301655,True,True,5
POST-OUTCOME EXPLORATORY -- NOT PART OF CONFIRMATORY YAX v1.1,-0.05,local_minus_0.05,55,2026090616,baseline,-0.043025894587580625,0.019693613651912755,True,True,5
POST-OUTCOME EXPLORATORY -- NOT PART OF CONFIRMATORY YAX v1.1,-0.05,local_minus_0.05,55,2026090616,SOC2_post,-0.03390140399260812,0.018883303072825958,True,False,5
POST-OUTCOME EXPLORATORY -- NOT PART OF CONFIRMATORY YAX v1.1,-0.05,local_minus_0.05,56,2026090617,baseline,-0.016885559923711393,0.01679512498475388,False,False,4
POST-OUTCOME EXPLORATORY -- NOT PART OF CONFIRMATORY YAX v1.1,-0.05,local_minus_0.05,56,2026090617,SOC2_post,-0.061274828943634015,0.022172943208835234,True,True,5
POST-OUTCOME EXPLORATORY -- NOT PART OF CONFIRMATORY YAX v1.1,-0.05,local_minus_0.05,57,2026090618,baseline,-0.013103394968802713,0.01431720880771746,False,False,5
POST-OUTCOME EXPLORATORY -- NOT PART OF CONFIRMATORY YAX v1.1,-0.05,local_minus_0.05,57,2026090618,SOC2_post,-0.04727422433486425,0.019415547390535956,True,True,5
POST-OUTCOME EXPLORATORY -- NOT PART OF CONFIRMATORY YAX v1.1,-0.05,local_minus_0.05,58,2026090619,baseline,-0.05597863635633622,0.021465094842990827,True,True,5
POST-OUTCOME EXPLORATORY -- NOT PART OF CONFIRMATORY YAX v1.1,-0.05,local_minus_0.05,58,2026090619,SOC2_post,-0.05354057615091397,0.020839535109234853,True,True,5
POST-OUTCOME EXPLORATORY -- NOT PART OF CONFIRMATORY YAX v1.1,-0.05,local_minus_0.05,59,2026090620,baseline,-0.03213378223193211,0.014818776568020092,True,True,5
POST-OUTCOME EXPLORATORY -- NOT PART OF CONFIRMATORY YAX v1.1,-0.05,local_minus_0.05,59,2026090620,SOC2_post,-0.06804511115707626,0.025016100941940483,True,True,5
POST-OUTCOME EXPLORATORY -- NOT PART OF CONFIRMATORY YAX v1.1,-0.05,local_minus_0.05,60,2026090621,baseline,-0.02651704068560606,0.016538697980506518,True,False,5
POST-OUTCOME EXPLORATORY -- NOT PART OF CONFIRMATORY YAX v1.1,-0.05,local_minus_0.05,60,2026090621,SOC2_post,-0.07029034105225525,0.02406152608290539,True,True,5
POST-OUTCOME EXPLORATORY -- NOT PART OF CONFIRMATORY YAX v1.1,-0.05,local_minus_0.05,61,2026090622,baseline,-0.10672993675634089,0.013486907461149833,False,True,5
POST-OUTCOME EXPLORATORY -- NOT PART OF CONFIRMATORY YAX v1.1,-0.05,local_minus_0.05,61,2026090622,SOC2_post,-0.0438749387080808,0.026494300056767662,True,False,5
POST-OUTCOME EXPLORATORY -- NOT PART OF CONFIRMATORY YAX v1.1,-0.05,local_minus_0.05,62,2026090623,baseline,-0.1304555702674654,0.01759145739249742,False,True,5
POST-OUTCOME EXPLORATORY -- NOT PART OF CONFIRMATORY YAX v1.1,-0.05,local_minus_0.05,62,2026090623,SOC2_post,-0.04110491969247734,0.0250956854569163,True,False,5
POST-OUTCOME EXPLORATORY -- NOT PART OF CONFIRMATORY YAX v1.1,-0.05,local_minus_0.05,63,2026090624,baseline,0.005664570731189846,0.016768104780434077,False,False,5
POST-OUTCOME EXPLORATORY -- NOT PART OF CONFIRMATORY YAX v1.1,-0.05,local_minus_0.05,63,2026090624,SOC2_post,-0.03901985849142056,0.025161621116051486,True,False,5
POST-OUTCOME EXPLORATORY -- NOT PART OF CONFIRMATORY YAX v1.1,-0.05,local_minus_0.05,64,2026090625,baseline,-0.11606910692043891,0.014866952734921115,False,True,5
POST-OUTCOME EXPLORATORY -- NOT PART OF CONFIRMATORY YAX v1.1,-0.05,local_minus_0.05,64,2026090625,SOC2_post,-0.07349495645476854,0.024477310795286405,True,True,5
POST-OUTCOME EXPLORATORY -- NOT PART OF CONFIRMATORY YAX v1.1,-0.05,local_minus_0.05,65,2026090626,baseline,-0.08250874786509528,0.02127254142648343,True,True,5
POST-OUTCOME EXPLORATORY -- NOT PART OF CONFIRMATORY YAX v1.1,-0.05,local_minus_0.05,65,2026090626,SOC2_post,-0.0828884293589271,0.0223568125493945,True,True,5
POST-OUTCOME EXPLORATORY -- NOT PART OF CONFIRMATORY YAX v1.1,-0.05,local_minus_0.05,66,2026090627,baseline,-0.09898345799627623,0.01485377968608994,False,True,5
POST-OUTCOME EXPLORATORY -- NOT PART OF CONFIRMATORY YAX v1.1,-0.05,local_minus_0.05,66,2026090627,SOC2_post,-0.02110306350663832,0.021393201595585727,True,False,5
POST-OUTCOME EXPLORATORY -- NOT PART OF CONFIRMATORY YAX v1.1,-0.05,local_minus_0.05,67,2026090628,baseline,-0.013259451559009925,0.018949353127307843,True,False,5
POST-OUTCOME EXPLORATORY -- NOT PART OF CONFIRMATORY YAX v1.1,-0.05,local_minus_0.05,67,2026090628,SOC2_post,0.00033259821855243074,0.020237773340396142,False,False,5
POST-OUTCOME EXPLORATORY -- NOT PART OF CONFIRMATORY YAX v1.1,-0.05,local_minus_0.05,68,2026090629,baseline,-0.049732868268435246,0.018713552491578644,True,True,5
POST-OUTCOME EXPLORATORY -- NOT PART OF CONFIRMATORY YAX v1.1,-0.05,local_minus_0.05,68,2026090629,SOC2_post,-0.01592286305639305,0.021821054229633433,True,False,5
POST-OUTCOME EXPLORATORY -- NOT PART OF CONFIRMATORY YAX v1.1,-0.05,local_minus_0.05,69,2026090630,baseline,-0.05708283094182221,0.017756724357541807,True,True,5
POST-OUTCOME EXPLORATORY -- NOT PART OF CONFIRMATORY YAX v1.1,-0.05,local_minus_0.05,69,2026090630,SOC2_post,-0.07755845409524134,0.021658693367810164,True,True,5
POST-OUTCOME EXPLORATORY -- NOT PART OF CONFIRMATORY YAX v1.1,-0.05,local_minus_0.05,70,2026090631,baseline,0.014554214575745815,0.014043255106392214,False,False,5
POST-OUTCOME EXPLORATORY -- NOT PART OF CONFIRMATORY YAX v1.1,-0.05,local_minus_0.05,70,2026090631,SOC2_post,-0.0017117606598892536,0.019840660812842793,False,False,5
POST-OUTCOME EXPLORATORY -- NOT PART OF CONFIRMATORY YAX v1.1,-0.05,local_minus_0.05,71,2026090632,baseline,-0.10616858598378023,0.017004274712949467,False,True,5
POST-OUTCOME EXPLORATORY -- NOT PART OF CONFIRMATORY YAX v1.1,-0.05,local_minus_0.05,71,2026090632,SOC2_post,-0.09275116347823119,0.024824653577011958,True,True,5
POST-OUTCOME EXPLORATORY -- NOT PART OF CONFIRMATORY YAX v1.1,-0.05,local_minus_0.05,72,2026090633,baseline,-0.0572795180033478,0.021040970788178466,True,True,5
POST-OUTCOME EXPLORATORY -- NOT PART OF CONFIRMATORY YAX v1.1,-0.05,local_minus_0.05,72,2026090633,SOC2_post,-0.04764282406352172,0.02514345660763958,True,False,5
POST-OUTCOME EXPLORATORY -- NOT PART OF CONFIRMATORY YAX v1.1,-0.05,local_minus_0.05,73,2026090634,baseline,-0.04601895246372285,0.018981801133590326,True,True,5
POST-OUTCOME EXPLORATORY -- NOT PART OF CONFIRMATORY YAX v1.1,-0.05,local_minus_0.05,73,2026090634,SOC2_post,-0.0638369085248284,0.02157945047419422,True,True,5
POST-OUTCOME EXPLORATORY -- NOT PART OF CONFIRMATORY YAX v1.1,-0.05,local_minus_0.05,74,2026090635,baseline,-0.032166883708313554,0.020453714424431925,True,False,5
POST-OUTCOME EXPLORATORY -- NOT PART OF CONFIRMATORY YAX v1.1,-0.05,local_minus_0.05,74,2026090635,SOC2_post,-0.07197990845722395,0.021822250864529966,True,True,5
POST-OUTCOME EXPLORATORY -- NOT PART OF CONFIRMATORY YAX v1.1,-0.05,local_minus_0.05,75,2026090636,baseline,-0.044864257929466134,0.014647119820865053,True,True,5
POST-OUTCOME EXPLORATORY -- NOT PART OF CONFIRMATORY YAX v1.1,-0.05,local_minus_0.05,75,2026090636,SOC2_post,-0.03754327147397467,0.021924892981011225,True,False,5
POST-OUTCOME EXPLORATORY -- NOT PART OF CONFIRMATORY YAX v1.1,-0.05,local_minus_0.05,76,2026090637,baseline,0.05033229004319153,0.015498907427393755,False,True,5
POST-OUTCOME EXPLORATORY -- NOT PART OF CONFIRMATORY YAX v1.1,-0.05,local_minus_0.05,76,2026090637,SOC2_post,-0.04043079158342274,0.02027568450878393,True,True,5
POST-OUTCOME EXPLORATORY -- NOT PART OF CONFIRMATORY YAX v1.1,-0.05,local_minus_0.05,77,2026090638,baseline,-0.07999293098177848,0.015712637582490734,True,True,5
POST-OUTCOME EXPLORATORY -- NOT PART OF CONFIRMATORY YAX v1.1,-0.05,local_minus_0.05,77,2026090638,SOC2_post,-0.052499481570368364,0.021264262519001896,True,True,5
POST-OUTCOME EXPLORATORY -- NOT PART OF CONFIRMATORY YAX v1.1,-0.05,local_minus_0.05,78,2026090639,baseline,-0.019386924972197815,0.017259894727698392,True,False,5
POST-OUTCOME EXPLORATORY -- NOT PART OF CONFIRMATORY YAX v1.1,-0.05,local_minus_0.05,78,2026090639,SOC2_post,-0.03593899977372405,0.019505711399082963,True,False,5
POST-OUTCOME EXPLORATORY -- NOT PART OF CONFIRMATORY YAX v1.1,-0.05,local_minus_0.05,79,2026090640,baseline,-0.039508897096820594,0.017468476780186273,True,True,5
POST-OUTCOME EXPLORATORY -- NOT PART OF CONFIRMATORY YAX v1.1,-0.05,local_minus_0.05,79,2026090640,SOC2_post,-0.1141027187790378,0.019911844903515347,False,True,5
POST-OUTCOME EXPLORATORY -- NOT PART OF CONFIRMATORY YAX v1.1,-0.05,local_minus_0.05,80,2026090641,baseline,-0.025869250519230978,0.01943641766701811,True,False,5
POST-OUTCOME EXPLORATORY -- NOT PART OF CONFIRMATORY YAX v1.1,-0.05,local_minus_0.05,80,2026090641,SOC2_post,-0.05607848751340686,0.026608765443037155,True,True,5
POST-OUTCOME EXPLORATORY -- NOT PART OF CONFIRMATORY YAX v1.1,-0.05,local_minus_0.05,81,2026090642,baseline,-0.010001917605396114,0.018893955722705535,False,False,5
POST-OUTCOME EXPLORATORY -- NOT PART OF CONFIRMATORY YAX v1.1,-0.05,local_minus_0.05,81,2026090642,SOC2_post,-0.04874753185241979,0.020765782074708354,True,True,5
POST-OUTCOME EXPLORATORY -- NOT PART OF CONFIRMATORY YAX v1.1,-0.05,local_minus_0.05,82,2026090643,baseline,-0.051760525314582306,0.021224416091239002,True,True,5
POST-OUTCOME EXPLORATORY -- NOT PART OF CONFIRMATORY YAX v1.1,-0.05,local_minus_0.05,82,2026090643,SOC2_post,-0.11302768561109437,0.024012969221059267,False,True,5
POST-OUTCOME EXPLORATORY -- NOT PART OF CONFIRMATORY YAX v1.1,-0.05,local_minus_0.05,83,2026090644,baseline,-0.08273399399009226,0.015698620023363124,False,True,5
POST-OUTCOME EXPLORATORY -- NOT PART OF CONFIRMATORY YAX v1.1,-0.05,local_minus_0.05,83,2026090644,SOC2_post,-0.018329413999405696,0.023860301015115083,True,False,5
POST-OUTCOME EXPLORATORY -- NOT PART OF CONFIRMATORY YAX v1.1,-0.05,local_minus_0.05,84,2026090645,baseline,-0.0587366630592115,0.017954494360366533,True,True,5
POST-OUTCOME EXPLORATORY -- NOT PART OF CONFIRMATORY YAX v1.1,-0.05,local_minus_0.05,84,2026090645,SOC2_post,-0.0641748232244804,0.02036541965988472,True,True,5
POST-OUTCOME EXPLORATORY -- NOT PART OF CONFIRMATORY YAX v1.1,-0.05,local_minus_0.05,85,2026090646,baseline,-0.03414529808088029,0.02141817260903283,True,False,5
POST-OUTCOME EXPLORATORY -- NOT PART OF CONFIRMATORY YAX v1.1,-0.05,local_minus_0.05,85,2026090646,SOC2_post,-0.057760382657585214,0.022206894483523424,True,True,5
POST-OUTCOME EXPLORATORY -- NOT PART OF CONFIRMATORY YAX v1.1,-0.05,local_minus_0.05,86,2026090647,baseline,-0.007981460464823311,0.01584265355078227,False,False,5
POST-OUTCOME EXPLORATORY -- NOT PART OF CONFIRMATORY YAX v1.1,-0.05,local_minus_0.05,86,2026090647,SOC2_post,-0.050232429415164544,0.018850721832017987,True,True,5
POST-OUTCOME EXPLORATORY -- NOT PART OF CONFIRMATORY YAX v1.1,-0.05,local_minus_0.05,87,2026090648,baseline,-0.016824304617924828,0.01843744703481091,True,False,5
POST-OUTCOME EXPLORATORY -- NOT PART OF CONFIRMATORY YAX v1.1,-0.05,local_minus_0.05,87,2026090648,SOC2_post,-0.029961240101533306,0.021136058425381965,True,False,5
POST-OUTCOME EXPLORATORY -- NOT PART OF CONFIRMATORY YAX v1.1,-0.05,local_minus_0.05,88,2026090649,baseline,-0.022559427356838347,0.018118378020575403,True,False,5
POST-OUTCOME EXPLORATORY -- NOT PART OF CONFIRMATORY YAX v1.1,-0.05,local_minus_0.05,88,2026090649,SOC2_post,-0.06681373902470782,0.019573623283521965,True,True,5
POST-OUTCOME EXPLORATORY -- NOT PART OF CONFIRMATORY YAX v1.1,-0.05,local_minus_0.05,89,2026090650,baseline,-0.11701955003394623,0.014996818678077058,False,True,5
POST-OUTCOME EXPLORATORY -- NOT PART OF CONFIRMATORY YAX v1.1,-0.05,local_minus_0.05,89,2026090650,SOC2_post,-0.13548036011859682,0.0237732880636005,False,True,5
POST-OUTCOME EXPLORATORY -- NOT PART OF CONFIRMATORY YAX v1.1,-0.05,local_minus_0.05,90,2026090651,baseline,-0.08189793602183565,0.017129839590086574,True,True,5
POST-OUTCOME EXPLORATORY -- NOT PART OF CONFIRMATORY YAX v1.1,-0.05,local_minus_0.05,90,2026090651,SOC2_post,-0.12316897529692113,0.022175007148001056,False,True,5
POST-OUTCOME EXPLORATORY -- NOT PART OF CONFIRMATORY YAX v1.1,-0.05,local_minus_0.05,91,2026090652,baseline,-0.12408836212751573,0.014827642016064993,False,True,5
POST-OUTCOME EXPLORATORY -- NOT PART OF CONFIRMATORY YAX v1.1,-0.05,local_minus_0.05,91,2026090652,SOC2_post,-0.03384002243526089,0.023420617906218008,True,False,5
POST-OUTCOME EXPLORATORY -- NOT PART OF CONFIRMATORY YAX v1.1,-0.05,local_minus_0.05,92,2026090653,baseline,-0.07002385559835601,0.01553623690298424,True,True,5
POST-OUTCOME EXPLORATORY -- NOT PART OF CONFIRMATORY YAX v1.1,-0.05,local_minus_0.05,92,2026090653,SOC2_post,-0.08590946324381651,0.02449810612223513,True,True,5
POST-OUTCOME EXPLORATORY -- NOT PART OF CONFIRMATORY YAX v1.1,-0.05,local_minus_0.05,93,2026090654,baseline,-0.10345272030278946,0.0165302503319355,False,True,5
POST-OUTCOME EXPLORATORY -- NOT PART OF CONFIRMATORY YAX v1.1,-0.05,local_minus_0.05,93,2026090654,SOC2_post,-0.08449493770317544,0.02227909928086636,True,True,5
POST-OUTCOME EXPLORATORY -- NOT PART OF CONFIRMATORY YAX v1.1,-0.05,local_minus_0.05,94,2026090655,baseline,-0.04280100673924218,0.018698701056198568,True,True,5
POST-OUTCOME EXPLORATORY -- NOT PART OF CONFIRMATORY YAX v1.1,-0.05,local_minus_0.05,94,2026090655,SOC2_post,-0.016126188502931297,0.02006967120537612,True,False,5
POST-OUTCOME EXPLORATORY -- NOT PART OF CONFIRMATORY YAX v1.1,-0.05,local_minus_0.05,95,2026090656,baseline,-0.08325929996869452,0.015257001240493324,False,True,5
POST-OUTCOME EXPLORATORY -- NOT PART OF CONFIRMATORY YAX v1.1,-0.05,local_minus_0.05,95,2026090656,SOC2_post,-0.04033653738528615,0.023135309823072735,True,False,5
POST-OUTCOME EXPLORATORY -- NOT PART OF CONFIRMATORY YAX v1.1,-0.05,local_minus_0.05,96,2026090657,baseline,-0.03502756331514191,0.017196607579728018,True,True,5
POST-OUTCOME EXPLORATORY -- NOT PART OF CONFIRMATORY YAX v1.1,-0.05,local_minus_0.05,96,2026090657,SOC2_post,-0.0753748041291692,0.023870339878565093,True,True,5
POST-OUTCOME EXPLORATORY -- NOT PART OF CONFIRMATORY YAX v1.1,-0.05,local_minus_0.05,97,2026090658,baseline,-0.04339103655406685,0.018812916081197138,True,True,5
POST-OUTCOME EXPLORATORY -- NOT PART OF CONFIRMATORY YAX v1.1,-0.05,local_minus_0.05,97,2026090658,SOC2_post,-0.04383350943434664,0.020824429780087316,True,True,5
POST-OUTCOME EXPLORATORY -- NOT PART OF CONFIRMATORY YAX v1.1,-0.05,local_minus_0.05,98,2026090659,baseline,-0.028926396372076252,0.016541174781203254,True,False,5
POST-OUTCOME EXPLORATORY -- NOT PART OF CONFIRMATORY YAX v1.1,-0.05,local_minus_0.05,98,2026090659,SOC2_post,-0.06026760800735181,0.022087646926749353,True,True,5
POST-OUTCOME EXPLORATORY -- NOT PART OF CONFIRMATORY YAX v1.1,-0.05,local_minus_0.05,99,2026090660,baseline,-0.06134963575467196,0.017805899978886198,True,True,5
POST-OUTCOME EXPLORATORY -- NOT PART OF CONFIRMATORY YAX v1.1,-0.05,local_minus_0.05,99,2026090660,SOC2_post,-0.07538928202299196,0.01830059609173876,True,True,5
POST-OUTCOME EXPLORATORY -- NOT PART OF CONFIRMATORY YAX v1.1,-0.05,local_minus_0.05,100,2026090661,baseline,0.013692837697254245,0.0156647025243075,False,False,5
POST-OUTCOME EXPLORATORY -- NOT PART OF CONFIRMATORY YAX v1.1,-0.05,local_minus_0.05,100,2026090661,SOC2_post,-0.04693155620739484,0.020334404133718037,True,True,5
POST-OUTCOME EXPLORATORY -- NOT PART OF CONFIRMATORY YAX v1.1,-0.05,local_minus_0.05,101,2026090662,baseline,-0.07008744753658999,0.016692415829889642,True,True,5
POST-OUTCOME EXPLORATORY -- NOT PART OF CONFIRMATORY YAX v1.1,-0.05,local_minus_0.05,101,2026090662,SOC2_post,-0.06772907687537749,0.022437907069263525,True,True,5
POST-OUTCOME EXPLORATORY -- NOT PART OF CONFIRMATORY YAX v1.1,-0.05,local_minus_0.05,102,2026090663,baseline,-0.04912407699210648,0.020686223249311995,True,True,5
POST-OUTCOME EXPLORATORY -- NOT PART OF CONFIRMATORY YAX v1.1,-0.05,local_minus_0.05,102,2026090663,SOC2_post,-0.08696763737161166,0.02174677569088925,True,True,5
POST-OUTCOME EXPLORATORY -- NOT PART OF CONFIRMATORY YAX v1.1,-0.05,local_minus_0.05,103,2026090664,baseline,-0.11607418111953062,0.017037128935408843,False,True,5
POST-OUTCOME EXPLORATORY -- NOT PART OF CONFIRMATORY YAX v1.1,-0.05,local_minus_0.05,103,2026090664,SOC2_post,-0.04603125079356566,0.019768744331142913,True,True,5
POST-OUTCOME EXPLORATORY -- NOT PART OF CONFIRMATORY YAX v1.1,-0.05,local_minus_0.05,104,2026090665,baseline,-0.0003141195771667715,0.015867791262887496,False,False,4
POST-OUTCOME EXPLORATORY -- NOT PART OF CONFIRMATORY YAX v1.1,-0.05,local_minus_0.05,104,2026090665,SOC2_post,-0.0012137503282068092,0.0215931035136397,False,False,5
POST-OUTCOME EXPLORATORY -- NOT PART OF CONFIRMATORY YAX v1.1,-0.05,local_minus_0.05,105,2026090666,baseline,-0.09861762992048084,0.014337609759454346,False,True,5
POST-OUTCOME EXPLORATORY -- NOT PART OF CONFIRMATORY YAX v1.1,-0.05,local_minus_0.05,105,2026090666,SOC2_post,-0.09077003790458057,0.018535159542463188,False,True,5
POST-OUTCOME EXPLORATORY -- NOT PART OF CONFIRMATORY YAX v1.1,-0.05,local_minus_0.05,106,2026090667,baseline,-0.0939556018394027,0.015664059791381666,False,True,5
POST-OUTCOME EXPLORATORY -- NOT PART OF CONFIRMATORY YAX v1.1,-0.05,local_minus_0.05,106,2026090667,SOC2_post,-0.057194524432309136,0.02085413926638901,True,True,5
POST-OUTCOME EXPLORATORY -- NOT PART OF CONFIRMATORY YAX v1.1,-0.05,local_minus_0.05,107,2026090668,baseline,-0.07553183320575393,0.020457596220873134,True,True,5
POST-OUTCOME EXPLORATORY -- NOT PART OF CONFIRMATORY YAX v1.1,-0.05,local_minus_0.05,107,2026090668,SOC2_post,-0.10043378964964048,0.022684038637720418,False,True,5
POST-OUTCOME EXPLORATORY -- NOT PART OF CONFIRMATORY YAX v1.1,-0.05,local_minus_0.05,108,2026090669,baseline,-0.02952575677795277,0.013277436184680445,True,True,5
POST-OUTCOME EXPLORATORY -- NOT PART OF CONFIRMATORY YAX v1.1,-0.05,local_minus_0.05,108,2026090669,SOC2_post,-0.050565431311352646,0.02308058494347808,True,True,5
POST-OUTCOME EXPLORATORY -- NOT PART OF CONFIRMATORY YAX v1.1,-0.05,local_minus_0.05,109,2026090670,baseline,-0.06345987127906766,0.02249050769783138,True,True,5
POST-OUTCOME EXPLORATORY -- NOT PART OF CONFIRMATORY YAX v1.1,-0.05,local_minus_0.05,109,2026090670,SOC2_post,-0.031147089221465186,0.022370810072997602,True,False,5
POST-OUTCOME EXPLORATORY -- NOT PART OF CONFIRMATORY YAX v1.1,-0.05,local_minus_0.05,110,2026090671,baseline,-0.069997690491063,0.01862632121500172,True,True,5
POST-OUTCOME EXPLORATORY -- NOT PART OF CONFIRMATORY YAX v1.1,-0.05,local_minus_0.05,110,2026090671,SOC2_post,-0.03565721625299567,0.023280961646001314,True,False,5
POST-OUTCOME EXPLORATORY -- NOT PART OF CONFIRMATORY YAX v1.1,-0.05,local_minus_0.05,112,2026090673,baseline,-0.0979401708156225,0.01822947926437935,False,True,5
POST-OUTCOME EXPLORATORY -- NOT PART OF CONFIRMATORY YAX v1.1,-0.05,local_minus_0.05,112,2026090673,SOC2_post,-0.049773473265138535,0.024960470217019616,True,True,5
POST-OUTCOME EXPLORATORY -- NOT PART OF CONFIRMATORY YAX v1.1,-0.05,local_minus_0.05,113,2026090674,baseline,-0.021534945635418093,0.017441769223783963,True,False,5
POST-OUTCOME EXPLORATORY -- NOT PART OF CONFIRMATORY YAX v1.1,-0.05,local_minus_0.05,113,2026090674,SOC2_post,-0.019319884822961132,0.021693273697770073,True,False,5
POST-OUTCOME EXPLORATORY -- NOT PART OF CONFIRMATORY YAX v1.1,-0.05,local_minus_0.05,114,2026090675,baseline,-0.03932484708439947,0.01836721815928873,True,True,5
POST-OUTCOME EXPLORATORY -- NOT PART OF CONFIRMATORY YAX v1.1,-0.05,local_minus_0.05,114,2026090675,SOC2_post,-0.05275359555702425,0.02406844100741056,True,True,5
POST-OUTCOME EXPLORATORY -- NOT PART OF CONFIRMATORY YAX v1.1,-0.05,local_minus_0.05,115,2026090676,baseline,-0.015136478054153774,0.014273374746715877,False,False,5
POST-OUTCOME EXPLORATORY -- NOT PART OF CONFIRMATORY YAX v1.1,-0.05,local_minus_0.05,115,2026090676,SOC2_post,-0.09163549861703923,0.022910080631510763,True,True,5
POST-OUTCOME EXPLORATORY -- NOT PART OF CONFIRMATORY YAX v1.1,-0.05,local_minus_0.05,116,2026090677,baseline,-0.035093107776530366,0.018544988048987982,True,False,5
POST-OUTCOME EXPLORATORY -- NOT PART OF CONFIRMATORY YAX v1.1,-0.05,local_minus_0.05,116,2026090677,SOC2_post,-0.07006234902925265,0.018516799838326943,True,True,5
POST-OUTCOME EXPLORATORY -- NOT PART OF CONFIRMATORY YAX v1.1,-0.05,local_minus_0.05,117,2026090678,baseline,-0.12987538290153464,0.013564629600297725,False,True,5
POST-OUTCOME EXPLORATORY -- NOT PART OF CONFIRMATORY YAX v1.1,-0.05,local_minus_0.05,117,2026090678,SOC2_post,-0.04974837857637595,0.023553809355988654,True,True,5
POST-OUTCOME EXPLORATORY -- NOT PART OF CONFIRMATORY YAX v1.1,-0.05,local_minus_0.05,118,2026090679,baseline,-0.032031506166532595,0.01997910019447853,True,False,5
POST-OUTCOME EXPLORATORY -- NOT PART OF CONFIRMATORY YAX v1.1,-0.05,local_minus_0.05,118,2026090679,SOC2_post,-0.046498744258985605,0.02127894791048681,True,True,5
POST-OUTCOME EXPLORATORY -- NOT PART OF CONFIRMATORY YAX v1.1,-0.05,local_minus_0.05,119,2026090680,baseline,-0.015364168554499093,0.02029654462701837,True,False,5
POST-OUTCOME EXPLORATORY -- NOT PART OF CONFIRMATORY YAX v1.1,-0.05,local_minus_0.05,119,2026090680,SOC2_post,-0.03382738523217051,0.022305479879167152,True,False,5
POST-OUTCOME EXPLORATORY -- NOT PART OF CONFIRMATORY YAX v1.1,-0.05,local_minus_0.05,120,2026090681,baseline,-0.06871320233309704,0.016104689448267585,True,True,5
POST-OUTCOME EXPLORATORY -- NOT PART OF CONFIRMATORY YAX v1.1,-0.05,local_minus_0.05,120,2026090681,SOC2_post,-0.019364911587839238,0.022101629758696922,True,False,5
POST-OUTCOME EXPLORATORY -- NOT PART OF CONFIRMATORY YAX v1.1,-0.05,local_minus_0.05,121,2026090682,baseline,-0.04259730275552177,0.017351053623117403,True,True,5
POST-OUTCOME EXPLORATORY -- NOT PART OF CONFIRMATORY YAX v1.1,-0.05,local_minus_0.05,121,2026090682,SOC2_post,-0.07282847948729085,0.02017068817254014,True,True,5
POST-OUTCOME EXPLORATORY -- NOT PART OF CONFIRMATORY YAX v1.1,-0.05,local_minus_0.05,122,2026090683,baseline,-0.028036908968818722,0.017798105494833853,True,False,5
POST-OUTCOME EXPLORATORY -- NOT PART OF CONFIRMATORY YAX v1.1,-0.05,local_minus_0.05,122,2026090683,SOC2_post,-0.03110743625298363,0.02151701373413577,True,False,5
POST-OUTCOME EXPLORATORY -- NOT PART OF CONFIRMATORY YAX v1.1,-0.05,local_minus_0.05,123,2026090684,baseline,-0.075488052080695,0.018974723508706538,True,True,5
POST-OUTCOME EXPLORATORY -- NOT PART OF CONFIRMATORY YAX v1.1,-0.05,local_minus_0.05,123,2026090684,SOC2_post,-0.054568602714264974,0.024314607333747986,True,True,5
POST-OUTCOME EXPLORATORY -- NOT PART OF CONFIRMATORY YAX v1.1,-0.05,local_minus_0.05,124,2026090685,baseline,-0.07303191466935859,0.015865830552439397,True,True,5
POST-OUTCOME EXPLORATORY -- NOT PART OF CONFIRMATORY YAX v1.1,-0.05,local_minus_0.05,124,2026090685,SOC2_post,-0.05258669897412859,0.020981948134450208,True,True,5
POST-OUTCOME EXPLORATORY -- NOT PART OF CONFIRMATORY YAX v1.1,-0.05,local_minus_0.05,125,2026090686,baseline,-0.07836255485084724,0.01749394588509752,True,True,5
POST-OUTCOME EXPLORATORY -- NOT PART OF CONFIRMATORY YAX v1.1,-0.05,local_minus_0.05,125,2026090686,SOC2_post,-0.018851677348962877,0.022833425785350935,True,False,5
POST-OUTCOME EXPLORATORY -- NOT PART OF CONFIRMATORY YAX v1.1,-0.05,local_minus_0.05,126,2026090687,baseline,-0.08482606987894757,0.016937082483776487,False,True,5
POST-OUTCOME EXPLORATORY -- NOT PART OF CONFIRMATORY YAX v1.1,-0.05,local_minus_0.05,126,2026090687,SOC2_post,-0.047920115963036344,0.0198477059685795,True,True,5
POST-OUTCOME EXPLORATORY -- NOT PART OF CONFIRMATORY YAX v1.1,-0.05,local_minus_0.05,127,2026090688,baseline,-0.07289900536552668,0.01706225642381456,True,True,5
POST-OUTCOME EXPLORATORY -- NOT PART OF CONFIRMATORY YAX v1.1,-0.05,local_minus_0.05,127,2026090688,SOC2_post,-0.032142013895056026,0.028181237374819826,True,False,5
POST-OUTCOME EXPLORATORY -- NOT PART OF CONFIRMATORY YAX v1.1,-0.05,local_minus_0.05,128,2026090689,baseline,-0.04956714317808744,0.01840553309185786,True,True,5
POST-OUTCOME EXPLORATORY -- NOT PART OF CONFIRMATORY YAX v1.1,-0.05,local_minus_0.05,128,2026090689,SOC2_post,-0.03624974492661604,0.019471532480886546,True,False,5
POST-OUTCOME EXPLORATORY -- NOT PART OF CONFIRMATORY YAX v1.1,-0.05,local_minus_0.05,129,2026090690,baseline,-0.009676845061198376,0.020238832079314314,False,False,5
POST-OUTCOME EXPLORATORY -- NOT PART OF CONFIRMATORY YAX v1.1,-0.05,local_minus_0.05,129,2026090690,SOC2_post,-0.056397159519798346,0.028119005528061243,True,True,5
POST-OUTCOME EXPLORATORY -- NOT PART OF CONFIRMATORY YAX v1.1,-0.05,local_minus_0.05,130,2026090691,baseline,-0.011909107092197951,0.01743041200689405,False,False,5
POST-OUTCOME EXPLORATORY -- NOT PART OF CONFIRMATORY YAX v1.1,-0.05,local_minus_0.05,130,2026090691,SOC2_post,-0.0002628300245678475,0.0203793602229609,False,False,5
POST-OUTCOME EXPLORATORY -- NOT PART OF CONFIRMATORY YAX v1.1,-0.05,local_minus_0.05,131,2026090692,baseline,-0.028011805891688574,0.019664968005269363,True,False,5
POST-OUTCOME EXPLORATORY -- NOT PART OF CONFIRMATORY YAX v1.1,-0.05,local_minus_0.05,131,2026090692,SOC2_post,-0.05453112257662408,0.02025006702007692,True,True,5
POST-OUTCOME EXPLORATORY -- NOT PART OF CONFIRMATORY YAX v1.1,-0.05,local_minus_0.05,132,2026090693,baseline,-0.04007357364625692,0.01755948749140379,True,True,5
POST-OUTCOME EXPLORATORY -- NOT PART OF CONFIRMATORY YAX v1.1,-0.05,local_minus_0.05,132,2026090693,SOC2_post,-0.0640787131790848,0.024945085493161247,True,True,5
POST-OUTCOME EXPLORATORY -- NOT PART OF CONFIRMATORY YAX v1.1,-0.05,local_minus_0.05,133,2026090694,baseline,-0.03621447317842064,0.021374755415502957,True,False,5
POST-OUTCOME EXPLORATORY -- NOT PART OF CONFIRMATORY YAX v1.1,-0.05,local_minus_0.05,133,2026090694,SOC2_post,-0.02946087122185805,0.022032797005309485,True,False,5
POST-OUTCOME EXPLORATORY -- NOT PART OF CONFIRMATORY YAX v1.1,-0.05,local_minus_0.05,134,2026090695,baseline,-0.05243227637494422,0.019585370885175302,True,True,5
POST-OUTCOME EXPLORATORY -- NOT PART OF CONFIRMATORY YAX v1.1,-0.05,local_minus_0.05,134,2026090695,SOC2_post,-0.08728204667655559,0.022036352099477737,True,True,5
POST-OUTCOME EXPLORATORY -- NOT PART OF CONFIRMATORY YAX v1.1,-0.05,local_minus_0.05,135,2026090696,baseline,-0.025028645214355442,0.02072485913679157,True,False,5
POST-OUTCOME EXPLORATORY -- NOT PART OF CONFIRMATORY YAX v1.1,-0.05,local_minus_0.05,135,2026090696,SOC2_post,-0.025776362787883336,0.02569792749605607,True,False,5
POST-OUTCOME EXPLORATORY -- NOT PART OF CONFIRMATORY YAX v1.1,-0.05,local_minus_0.05,136,2026090697,baseline,-0.05385039929031469,0.016266687141271326,True,True,5
POST-OUTCOME EXPLORATORY -- NOT PART OF CONFIRMATORY YAX v1.1,-0.05,local_minus_0.05,136,2026090697,SOC2_post,-0.07151194593838148,0.019066525121342767,True,True,5
POST-OUTCOME EXPLORATORY -- NOT PART OF CONFIRMATORY YAX v1.1,-0.05,local_minus_0.05,137,2026090698,baseline,-0.0281694231447626,0.019321775506584902,True,False,5
POST-OUTCOME EXPLORATORY -- NOT PART OF CONFIRMATORY YAX v1.1,-0.05,local_minus_0.05,137,2026090698,SOC2_post,-0.06154715711356532,0.018809005514526068,True,True,5
POST-OUTCOME EXPLORATORY -- NOT PART OF CONFIRMATORY YAX v1.1,-0.05,local_minus_0.05,138,2026090699,baseline,-0.0637118407674223,0.019179849309532558,True,True,5
POST-OUTCOME EXPLORATORY -- NOT PART OF CONFIRMATORY YAX v1.1,-0.05,local_minus_0.05,138,2026090699,SOC2_post,-0.059609953691257135,0.02440566266722786,True,True,5
POST-OUTCOME EXPLORATORY -- NOT PART OF CONFIRMATORY YAX v1.1,-0.05,local_minus_0.05,139,2026090700,baseline,-0.015835332134050036,0.015918866778971173,False,False,5
POST-OUTCOME EXPLORATORY -- NOT PART OF CONFIRMATORY YAX v1.1,-0.05,local_minus_0.05,139,2026090700,SOC2_post,-0.05312935952422017,0.018406151890883595,True,True,5
POST-OUTCOME EXPLORATORY -- NOT PART OF CONFIRMATORY YAX v1.1,-0.05,local_minus_0.05,140,2026090701,baseline,-0.014740012922503525,0.01791085886867847,False,False,5
POST-OUTCOME EXPLORATORY -- NOT PART OF CONFIRMATORY YAX v1.1,-0.05,local_minus_0.05,140,2026090701,SOC2_post,-0.02862283538996764,0.019835145943258477,True,False,5
POST-OUTCOME EXPLORATORY -- NOT PART OF CONFIRMATORY YAX v1.1,-0.05,local_minus_0.05,141,2026090702,baseline,-0.08155032603788255,0.019923091967580103,True,True,5
POST-OUTCOME EXPLORATORY -- NOT PART OF CONFIRMATORY YAX v1.1,-0.05,local_minus_0.05,141,2026090702,SOC2_post,-0.052387439765911654,0.022614719974902577,True,True,5
POST-OUTCOME EXPLORATORY -- NOT PART OF CONFIRMATORY YAX v1.1,-0.05,local_minus_0.05,142,2026090703,baseline,-0.07804100758522788,0.013298771801733833,False,True,5
POST-OUTCOME EXPLORATORY -- NOT PART OF CONFIRMATORY YAX v1.1,-0.05,local_minus_0.05,142,2026090703,SOC2_post,-0.05966654622219009,0.02216534798275071,True,True,5
POST-OUTCOME EXPLORATORY -- NOT PART OF CONFIRMATORY YAX v1.1,-0.05,local_minus_0.05,143,2026090704,baseline,-0.08080669037691546,0.015469303045063318,False,True,5
POST-OUTCOME EXPLORATORY -- NOT PART OF CONFIRMATORY YAX v1.1,-0.05,local_minus_0.05,143,2026090704,SOC2_post,-0.04934884450898626,0.02325040011519435,True,True,5
POST-OUTCOME EXPLORATORY -- NOT PART OF CONFIRMATORY YAX v1.1,-0.05,local_minus_0.05,144,2026090705,baseline,-0.0627201817455251,0.01817356862260352,True,True,5
POST-OUTCOME EXPLORATORY -- NOT PART OF CONFIRMATORY YAX v1.1,-0.05,local_minus_0.05,144,2026090705,SOC2_post,-0.00955578102925935,0.02537236649365904,True,False,5
POST-OUTCOME EXPLORATORY -- NOT PART OF CONFIRMATORY YAX v1.1,-0.05,local_minus_0.05,145,2026090706,baseline,-0.1006918693118164,0.01566984081776737,False,True,5
POST-OUTCOME EXPLORATORY -- NOT PART OF CONFIRMATORY YAX v1.1,-0.05,local_minus_0.05,145,2026090706,SOC2_post,-0.08036836604301185,0.020724106630091697,True,True,5
POST-OUTCOME EXPLORATORY -- NOT PART OF CONFIRMATORY YAX v1.1,-0.05,local_minus_0.05,146,2026090707,baseline,-0.040692453544094,0.016715811583422287,True,True,5
POST-OUTCOME EXPLORATORY -- NOT PART OF CONFIRMATORY YAX v1.1,-0.05,local_minus_0.05,146,2026090707,SOC2_post,-0.02749821613397424,0.022377558843680867,True,False,5
POST-OUTCOME EXPLORATORY -- NOT PART OF CONFIRMATORY YAX v1.1,-0.05,local_minus_0.05,147,2026090708,baseline,-0.04953597052122282,0.015465328074172143,True,True,5
POST-OUTCOME EXPLORATORY -- NOT PART OF CONFIRMATORY YAX v1.1,-0.05,local_minus_0.05,147,2026090708,SOC2_post,-0.03536243048397809,0.02022404137427401,True,False,5
POST-OUTCOME EXPLORATORY -- NOT PART OF CONFIRMATORY YAX v1.1,-0.05,local_minus_0.05,148,2026090709,baseline,-0.02930495100099796,0.019625301290171804,True,False,5
POST-OUTCOME EXPLORATORY -- NOT PART OF CONFIRMATORY YAX v1.1,-0.05,local_minus_0.05,148,2026090709,SOC2_post,-0.06807743104089711,0.025588177640176773,True,True,5
POST-OUTCOME EXPLORATORY -- NOT PART OF CONFIRMATORY YAX v1.1,-0.05,local_minus_0.05,149,2026090710,baseline,-0.11753278398945839,0.013296084871452878,False,True,5
POST-OUTCOME EXPLORATORY -- NOT PART OF CONFIRMATORY YAX v1.1,-0.05,local_minus_0.05,149,2026090710,SOC2_post,-0.08005460646625975,0.021738633652359698,True,True,5
POST-OUTCOME EXPLORATORY -- NOT PART OF CONFIRMATORY YAX v1.1,-0.05,local_minus_0.05,150,2026090711,baseline,-0.05505084323559012,0.019522762067136903,True,True,5
POST-OUTCOME EXPLORATORY -- NOT PART OF CONFIRMATORY YAX v1.1,-0.05,local_minus_0.05,150,2026090711,SOC2_post,-0.08202948999515319,0.02421051466078904,True,True,5
POST-OUTCOME EXPLORATORY -- NOT PART OF CONFIRMATORY YAX v1.1,-0.05,local_minus_0.05,151,2026090712,baseline,-0.013728391420508187,0.017311223057575775,False,False,5
POST-OUTCOME EXPLORATORY -- NOT PART OF CONFIRMATORY YAX v1.1,-0.05,local_minus_0.05,151,2026090712,SOC2_post,-0.07057324728011591,0.02149024810829199,True,True,5
POST-OUTCOME EXPLORATORY -- NOT PART OF CONFIRMATORY YAX v1.1,-0.05,local_minus_0.05,152,2026090713,baseline,-0.032226319040856294,0.018775100830975482,True,False,5
POST-OUTCOME EXPLORATORY -- NOT PART OF CONFIRMATORY YAX v1.1,-0.05,local_minus_0.05,152,2026090713,SOC2_post,-0.10373289990707713,0.0251643045504897,False,True,5
POST-OUTCOME EXPLORATORY -- NOT PART OF CONFIRMATORY YAX v1.1,-0.05,local_minus_0.05,153,2026090714,baseline,-0.018188298469246838,0.018798166885455415,True,False,5
POST-OUTCOME EXPLORATORY -- NOT PART OF CONFIRMATORY YAX v1.1,-0.05,local_minus_0.05,153,2026090714,SOC2_post,-0.012966553091382605,0.02192799090120492,True,False,5
POST-OUTCOME EXPLORATORY -- NOT PART OF CONFIRMATORY YAX v1.1,-0.05,local_minus_0.05,154,2026090715,baseline,-0.04139087189940047,0.01862620556599363,True,True,5
POST-OUTCOME EXPLORATORY -- NOT PART OF CONFIRMATORY YAX v1.1,-0.05,local_minus_0.05,154,2026090715,SOC2_post,-0.07430752588209989,0.018873463985753756,True,True,5
POST-OUTCOME EXPLORATORY -- NOT PART OF CONFIRMATORY YAX v1.1,-0.05,local_minus_0.05,155,2026090716,baseline,-0.08620204546053346,0.02014425245436046,True,True,5
POST-OUTCOME EXPLORATORY -- NOT PART OF CONFIRMATORY YAX v1.1,-0.05,local_minus_0.05,155,2026090716,SOC2_post,-0.017180152944156694,0.0197727123701216,True,False,5
POST-OUTCOME EXPLORATORY -- NOT PART OF CONFIRMATORY YAX v1.1,-0.05,local_minus_0.05,156,2026090717,baseline,-0.10843461757946009,0.01548108436219494,False,True,5
POST-OUTCOME EXPLORATORY -- NOT PART OF CONFIRMATORY YAX v1.1,-0.05,local_minus_0.05,156,2026090717,SOC2_post,-0.05606999511803845,0.023860901437212517,True,True,5
POST-OUTCOME EXPLORATORY -- NOT PART OF CONFIRMATORY YAX v1.1,-0.05,local_minus_0.05,157,2026090718,baseline,-0.10119972098658467,0.015879675149722036,False,True,5
POST-OUTCOME EXPLORATORY -- NOT PART OF CONFIRMATORY YAX v1.1,-0.05,local_minus_0.05,157,2026090718,SOC2_post,-0.06150040189926013,0.019778516815017785,True,True,5
POST-OUTCOME EXPLORATORY -- NOT PART OF CONFIRMATORY YAX v1.1,-0.05,local_minus_0.05,158,2026090719,baseline,-0.0423270675625293,0.01785253475917293,True,True,5
POST-OUTCOME EXPLORATORY -- NOT PART OF CONFIRMATORY YAX v1.1,-0.05,local_minus_0.05,158,2026090719,SOC2_post,-0.017770432740314573,0.023096473697793923,True,False,5
POST-OUTCOME EXPLORATORY -- NOT PART OF CONFIRMATORY YAX v1.1,-0.05,local_minus_0.05,159,2026090720,baseline,-0.01801413261112978,0.01783399755314508,True,False,5
POST-OUTCOME EXPLORATORY -- NOT PART OF CONFIRMATORY YAX v1.1,-0.05,local_minus_0.05,159,2026090720,SOC2_post,-0.011311757685217165,0.020486551969976355,True,False,5
POST-OUTCOME EXPLORATORY -- NOT PART OF CONFIRMATORY YAX v1.1,-0.05,local_minus_0.05,160,2026090721,baseline,-0.026408707693987232,0.018585946522894067,True,False,5
POST-OUTCOME EXPLORATORY -- NOT PART OF CONFIRMATORY YAX v1.1,-0.05,local_minus_0.05,160,2026090721,SOC2_post,-0.06284084508852925,0.019397899438299566,True,True,5
POST-OUTCOME EXPLORATORY -- NOT PART OF CONFIRMATORY YAX v1.1,-0.05,local_minus_0.05,161,2026090722,baseline,-0.10110100298836407,0.01737568625817998,False,True,5
POST-OUTCOME EXPLORATORY -- NOT PART OF CONFIRMATORY YAX v1.1,-0.05,local_minus_0.05,161,2026090722,SOC2_post,-0.04482857539880288,0.021589924840791336,True,True,5
POST-OUTCOME EXPLORATORY -- NOT PART OF CONFIRMATORY YAX v1.1,-0.05,local_minus_0.05,162,2026090723,baseline,-0.05464770286427787,0.020041061476634005,True,True,5
POST-OUTCOME EXPLORATORY -- NOT PART OF CONFIRMATORY YAX v1.1,-0.05,local_minus_0.05,162,2026090723,SOC2_post,-0.03477525722358671,0.019477038153435752,True,False,5
POST-OUTCOME EXPLORATORY -- NOT PART OF CONFIRMATORY YAX v1.1,-0.05,local_minus_0.05,163,2026090724,baseline,-0.08482763654427912,0.01763460819114772,False,True,5
POST-OUTCOME EXPLORATORY -- NOT PART OF CONFIRMATORY YAX v1.1,-0.05,local_minus_0.05,163,2026090724,SOC2_post,-0.06634375135229795,0.019248127129988062,True,True,5
POST-OUTCOME EXPLORATORY -- NOT PART OF CONFIRMATORY YAX v1.1,-0.05,local_minus_0.05,164,2026090725,baseline,-0.10144374996670052,0.012960576300259796,False,True,5
POST-OUTCOME EXPLORATORY -- NOT PART OF CONFIRMATORY YAX v1.1,-0.05,local_minus_0.05,164,2026090725,SOC2_post,-0.04442282059428618,0.02671022957518716,True,False,5
POST-OUTCOME EXPLORATORY -- NOT PART OF CONFIRMATORY YAX v1.1,-0.05,local_minus_0.05,165,2026090726,baseline,-0.07010505755736832,0.018235996785938763,True,True,5
POST-OUTCOME EXPLORATORY -- NOT PART OF CONFIRMATORY YAX v1.1,-0.05,local_minus_0.05,165,2026090726,SOC2_post,-0.001760764995926282,0.02180926748119379,False,False,5
POST-OUTCOME EXPLORATORY -- NOT PART OF CONFIRMATORY YAX v1.1,-0.05,local_minus_0.05,166,2026090727,baseline,-0.05068293764403291,0.015132699162465112,True,True,5
POST-OUTCOME EXPLORATORY -- NOT PART OF CONFIRMATORY YAX v1.1,-0.05,local_minus_0.05,166,2026090727,SOC2_post,-0.04413184162470268,0.019960415531724562,True,True,5
POST-OUTCOME EXPLORATORY -- NOT PART OF CONFIRMATORY YAX v1.1,-0.05,local_minus_0.05,168,2026090729,baseline,-0.051385054851509314,0.017631171326963523,True,True,5
POST-OUTCOME EXPLORATORY -- NOT PART OF CONFIRMATORY YAX v1.1,-0.05,local_minus_0.05,168,2026090729,SOC2_post,-0.10280669275441258,0.023508694598103706,False,True,5
POST-OUTCOME EXPLORATORY -- NOT PART OF CONFIRMATORY YAX v1.1,-0.05,local_minus_0.05,169,2026090730,baseline,-0.07178890160511138,0.019573355558566027,True,True,5
POST-OUTCOME EXPLORATORY -- NOT PART OF CONFIRMATORY YAX v1.1,-0.05,local_minus_0.05,169,2026090730,SOC2_post,-0.06454163654941006,0.018491564086977552,True,True,5
POST-OUTCOME EXPLORATORY -- NOT PART OF CONFIRMATORY YAX v1.1,-0.05,local_minus_0.05,170,2026090731,baseline,-0.05056587704603773,0.018834237132485297,True,True,5
POST-OUTCOME EXPLORATORY -- NOT PART OF CONFIRMATORY YAX v1.1,-0.05,local_minus_0.05,170,2026090731,SOC2_post,-0.01630175443755943,0.023221792261081172,True,False,5
POST-OUTCOME EXPLORATORY -- NOT PART OF CONFIRMATORY YAX v1.1,-0.05,local_minus_0.05,171,2026090732,baseline,-0.07447396388962643,0.016033163890584016,True,True,5
POST-OUTCOME EXPLORATORY -- NOT PART OF CONFIRMATORY YAX v1.1,-0.05,local_minus_0.05,171,2026090732,SOC2_post,-0.041203537607653606,0.02459832464806615,True,False,5
POST-OUTCOME EXPLORATORY -- NOT PART OF CONFIRMATORY YAX v1.1,-0.05,local_minus_0.05,172,2026090733,baseline,0.002847946949054643,0.017641353520092027,False,False,5
POST-OUTCOME EXPLORATORY -- NOT PART OF CONFIRMATORY YAX v1.1,-0.05,local_minus_0.05,172,2026090733,SOC2_post,-0.03986716308154635,0.019740823741130155,True,True,5
POST-OUTCOME EXPLORATORY -- NOT PART OF CONFIRMATORY YAX v1.1,-0.05,local_minus_0.05,173,2026090734,baseline,0.0033307792576378267,0.015600611708914087,False,False,5
POST-OUTCOME EXPLORATORY -- NOT PART OF CONFIRMATORY YAX v1.1,-0.05,local_minus_0.05,173,2026090734,SOC2_post,-0.03310299291074317,0.01805389435041868,True,False,5
POST-OUTCOME EXPLORATORY -- NOT PART OF CONFIRMATORY YAX v1.1,-0.05,local_minus_0.05,174,2026090735,baseline,-0.03236862477392585,0.019420291477476984,True,False,5
POST-OUTCOME EXPLORATORY -- NOT PART OF CONFIRMATORY YAX v1.1,-0.05,local_minus_0.05,174,2026090735,SOC2_post,-0.0014887187339664874,0.024155526266224067,False,False,5
POST-OUTCOME EXPLORATORY -- NOT PART OF CONFIRMATORY YAX v1.1,-0.05,local_minus_0.05,175,2026090736,baseline,-0.055854063309879305,0.016131499067217312,True,True,5
POST-OUTCOME EXPLORATORY -- NOT PART OF CONFIRMATORY YAX v1.1,-0.05,local_minus_0.05,175,2026090736,SOC2_post,-0.041396358462209355,0.018863340136536448,True,True,5
POST-OUTCOME EXPLORATORY -- NOT PART OF CONFIRMATORY YAX v1.1,-0.05,local_minus_0.05,176,2026090737,baseline,-0.04154406105240996,0.015549217530066897,True,True,5
POST-OUTCOME EXPLORATORY -- NOT PART OF CONFIRMATORY YAX v1.1,-0.05,local_minus_0.05,176,2026090737,SOC2_post,-0.05136263971538927,0.019801622622640614,True,True,5
POST-OUTCOME EXPLORATORY -- NOT PART OF CONFIRMATORY YAX v1.1,-0.05,local_minus_0.05,177,2026090738,baseline,-0.045184525399587123,0.015256831398246453,True,True,5
POST-OUTCOME EXPLORATORY -- NOT PART OF CONFIRMATORY YAX v1.1,-0.05,local_minus_0.05,177,2026090738,SOC2_post,-0.040018796268100204,0.019574960397036444,True,True,5
POST-OUTCOME EXPLORATORY -- NOT PART OF CONFIRMATORY YAX v1.1,-0.05,local_minus_0.05,178,2026090739,baseline,-0.10378941918230734,0.019370101564247805,False,True,5
POST-OUTCOME EXPLORATORY -- NOT PART OF CONFIRMATORY YAX v1.1,-0.05,local_minus_0.05,178,2026090739,SOC2_post,-0.07387298896869358,0.02210949650842581,True,True,5
POST-OUTCOME EXPLORATORY -- NOT PART OF CONFIRMATORY YAX v1.1,-0.05,local_minus_0.05,179,2026090740,baseline,-0.024815242617234674,0.016279201458526932,True,False,5
POST-OUTCOME EXPLORATORY -- NOT PART OF CONFIRMATORY YAX v1.1,-0.05,local_minus_0.05,179,2026090740,SOC2_post,-0.05747940254466829,0.021372414164723273,True,True,5
POST-OUTCOME EXPLORATORY -- NOT PART OF CONFIRMATORY YAX v1.1,-0.05,local_minus_0.05,180,2026090741,baseline,-0.054417343883964055,0.018021247331966795,True,True,5
POST-OUTCOME EXPLORATORY -- NOT PART OF CONFIRMATORY YAX v1.1,-0.05,local_minus_0.05,180,2026090741,SOC2_post,-0.011208964595202164,0.023598194611985496,True,False,5
POST-OUTCOME EXPLORATORY -- NOT PART OF CONFIRMATORY YAX v1.1,-0.05,local_minus_0.05,181,2026090742,baseline,-0.0908339564281915,0.015645323096251818,False,True,5
POST-OUTCOME EXPLORATORY -- NOT PART OF CONFIRMATORY YAX v1.1,-0.05,local_minus_0.05,181,2026090742,SOC2_post,-0.05186791302379238,0.02122840901138291,True,True,5
POST-OUTCOME EXPLORATORY -- NOT PART OF CONFIRMATORY YAX v1.1,-0.05,local_minus_0.05,182,2026090743,baseline,-0.021250936131343504,0.015226190798827045,True,False,5
POST-OUTCOME EXPLORATORY -- NOT PART OF CONFIRMATORY YAX v1.1,-0.05,local_minus_0.05,182,2026090743,SOC2_post,-0.04254602281704638,0.024271125989271485,True,False,5
POST-OUTCOME EXPLORATORY -- NOT PART OF CONFIRMATORY YAX v1.1,-0.05,local_minus_0.05,183,2026090744,baseline,-0.0011373717494468955,0.014208461468822176,False,False,5
POST-OUTCOME EXPLORATORY -- NOT PART OF CONFIRMATORY YAX v1.1,-0.05,local_minus_0.05,183,2026090744,SOC2_post,-0.05539437983201982,0.02308150299452023,True,True,5
POST-OUTCOME EXPLORATORY -- NOT PART OF CONFIRMATORY YAX v1.1,-0.05,local_minus_0.05,184,2026090745,baseline,-0.06184058859472362,0.017246148166532027,True,True,5
POST-OUTCOME EXPLORATORY -- NOT PART OF CONFIRMATORY YAX v1.1,-0.05,local_minus_0.05,184,2026090745,SOC2_post,-0.011409037374897507,0.021204438288541693,True,False,5
POST-OUTCOME EXPLORATORY -- NOT PART OF CONFIRMATORY YAX v1.1,-0.05,local_minus_0.05,185,2026090746,baseline,-0.05151508855022278,0.016512936879983408,True,True,5
POST-OUTCOME EXPLORATORY -- NOT PART OF CONFIRMATORY YAX v1.1,-0.05,local_minus_0.05,185,2026090746,SOC2_post,0.00740999622873614,0.02023724289158487,False,False,5
POST-OUTCOME EXPLORATORY -- NOT PART OF CONFIRMATORY YAX v1.1,-0.05,local_minus_0.05,186,2026090747,baseline,-0.04769106670622626,0.016154079285989578,True,True,5
POST-OUTCOME EXPLORATORY -- NOT PART OF CONFIRMATORY YAX v1.1,-0.05,local_minus_0.05,186,2026090747,SOC2_post,-0.06446368412483014,0.022784768239044188,True,True,5
POST-OUTCOME EXPLORATORY -- NOT PART OF CONFIRMATORY YAX v1.1,-0.05,local_minus_0.05,187,2026090748,baseline,-0.10428925045672571,0.016526776385498026,False,True,5
POST-OUTCOME EXPLORATORY -- NOT PART OF CONFIRMATORY YAX v1.1,-0.05,local_minus_0.05,187,2026090748,SOC2_post,-0.0529109578885773,0.019260191690273192,True,True,5
POST-OUTCOME EXPLORATORY -- NOT PART OF CONFIRMATORY YAX v1.1,-0.05,local_minus_0.05,188,2026090749,baseline,-0.045165415318344206,0.0160334802264526,True,True,5
POST-OUTCOME EXPLORATORY -- NOT PART OF CONFIRMATORY YAX v1.1,-0.05,local_minus_0.05,188,2026090749,SOC2_post,-0.050591493072860275,0.01891057700790965,True,True,5
POST-OUTCOME EXPLORATORY -- NOT PART OF CONFIRMATORY YAX v1.1,-0.05,local_minus_0.05,189,2026090750,baseline,-0.07037751026860206,0.015475789581756463,True,True,5
POST-OUTCOME EXPLORATORY -- NOT PART OF CONFIRMATORY YAX v1.1,-0.05,local_minus_0.05,189,2026090750,SOC2_post,-0.07456844498980601,0.022817016288739396,True,True,5
POST-OUTCOME EXPLORATORY -- NOT PART OF CONFIRMATORY YAX v1.1,-0.05,local_minus_0.05,190,2026090751,baseline,-0.05879796292161708,0.017359807126255466,True,True,5
POST-OUTCOME EXPLORATORY -- NOT PART OF CONFIRMATORY YAX v1.1,-0.05,local_minus_0.05,190,2026090751,SOC2_post,-0.07131856999271224,0.02090941497768055,True,True,5
POST-OUTCOME EXPLORATORY -- NOT PART OF CONFIRMATORY YAX v1.1,-0.05,local_minus_0.05,191,2026090752,baseline,-0.028035629898117507,0.019218938149826354,True,False,5
POST-OUTCOME EXPLORATORY -- NOT PART OF CONFIRMATORY YAX v1.1,-0.05,local_minus_0.05,191,2026090752,SOC2_post,-0.018857908423755843,0.025365521137018465,True,False,5
POST-OUTCOME EXPLORATORY -- NOT PART OF CONFIRMATORY YAX v1.1,-0.05,local_minus_0.05,192,2026090753,baseline,0.005136043652370389,0.016048796998298965,False,False,5
POST-OUTCOME EXPLORATORY -- NOT PART OF CONFIRMATORY YAX v1.1,-0.05,local_minus_0.05,192,2026090753,SOC2_post,-0.06467423068481608,0.019459580482623196,True,True,5
POST-OUTCOME EXPLORATORY -- NOT PART OF CONFIRMATORY YAX v1.1,-0.05,local_minus_0.05,193,2026090754,baseline,-0.06999796709880536,0.01542772435067027,True,True,5
POST-OUTCOME EXPLORATORY -- NOT PART OF CONFIRMATORY YAX v1.1,-0.05,local_minus_0.05,193,2026090754,SOC2_post,-0.06348633735814857,0.02030064252709089,True,True,5
POST-OUTCOME EXPLORATORY -- NOT PART OF CONFIRMATORY YAX v1.1,-0.05,local_minus_0.05,194,2026090755,baseline,-0.061660642637353956,0.019216864352901018,True,True,5
POST-OUTCOME EXPLORATORY -- NOT PART OF CONFIRMATORY YAX v1.1,-0.05,local_minus_0.05,194,2026090755,SOC2_post,-0.059979424784279915,0.019179136121348986,True,True,5
POST-OUTCOME EXPLORATORY -- NOT PART OF CONFIRMATORY YAX v1.1,-0.05,local_minus_0.05,195,2026090756,baseline,0.020507391171905434,0.018873100561471363,False,False,5
POST-OUTCOME EXPLORATORY -- NOT PART OF CONFIRMATORY YAX v1.1,-0.05,local_minus_0.05,195,2026090756,SOC2_post,-0.0131868193377828,0.020114427767313946,True,False,5
POST-OUTCOME EXPLORATORY -- NOT PART OF CONFIRMATORY YAX v1.1,-0.05,local_minus_0.05,196,2026090757,baseline,-0.07560182010865636,0.017165136410887245,True,True,5
POST-OUTCOME EXPLORATORY -- NOT PART OF CONFIRMATORY YAX v1.1,-0.05,local_minus_0.05,196,2026090757,SOC2_post,-0.08332190896999647,0.020737203396559694,True,True,5
POST-OUTCOME EXPLORATORY -- NOT PART OF CONFIRMATORY YAX v1.1,-0.05,local_minus_0.05,197,2026090758,baseline,-0.06982212225985461,0.021199179439289863,True,True,5
POST-OUTCOME EXPLORATORY -- NOT PART OF CONFIRMATORY YAX v1.1,-0.05,local_minus_0.05,197,2026090758,SOC2_post,-0.041218625196800966,0.022343304093086498,True,False,5
POST-OUTCOME EXPLORATORY -- NOT PART OF CONFIRMATORY YAX v1.1,-0.05,local_minus_0.05,198,2026090759,baseline,-0.052708628798546965,0.017046437951918597,True,True,5
POST-OUTCOME EXPLORATORY -- NOT PART OF CONFIRMATORY YAX v1.1,-0.05,local_minus_0.05,198,2026090759,SOC2_post,-0.07959658781623667,0.018375696395825834,True,True,5
POST-OUTCOME EXPLORATORY -- NOT PART OF CONFIRMATORY YAX v1.1,-0.05,local_minus_0.05,199,2026090760,baseline,-0.011815288659039745,0.01953311059836233,True,False,5
POST-OUTCOME EXPLORATORY -- NOT PART OF CONFIRMATORY YAX v1.1,-0.05,local_minus_0.05,199,2026090760,SOC2_post,-0.06329349837096969,0.02047731004699033,True,True,5
POST-OUTCOME EXPLORATORY -- NOT PART OF CONFIRMATORY YAX v1.1,-0.1321094507921903,observed_checkpoint,1,2026090562,baseline,-0.1365778798383886,0.01686801474012654,True,True,5
POST-OUTCOME EXPLORATORY -- NOT PART OF CONFIRMATORY YAX v1.1,-0.1321094507921903,observed_checkpoint,1,2026090562,SOC2_post,-0.1502832671832191,0.020001951355777293,True,True,5
POST-OUTCOME EXPLORATORY -- NOT PART OF CONFIRMATORY YAX v1.1,-0.1321094507921903,observed_checkpoint,2,2026090563,baseline,-0.08672721836644902,0.015315064405203149,False,True,5
POST-OUTCOME EXPLORATORY -- NOT PART OF CONFIRMATORY YAX v1.1,-0.1321094507921903,observed_checkpoint,2,2026090563,SOC2_post,-0.15528962998223522,0.020253421522137837,True,True,5
POST-OUTCOME EXPLORATORY -- NOT PART OF CONFIRMATORY YAX v1.1,-0.1321094507921903,observed_checkpoint,3,2026090564,baseline,-0.12636536064980722,0.019186541267528497,True,True,5
POST-OUTCOME EXPLORATORY -- NOT PART OF CONFIRMATORY YAX v1.1,-0.1321094507921903,observed_checkpoint,3,2026090564,SOC2_post,-0.16707585635425024,0.02044326668275375,True,True,5
POST-OUTCOME EXPLORATORY -- NOT PART OF CONFIRMATORY YAX v1.1,-0.1321094507921903,observed_checkpoint,4,2026090565,baseline,-0.12314944357847443,0.015495888477005518,True,True,5
POST-OUTCOME EXPLORATORY -- NOT PART OF CONFIRMATORY YAX v1.1,-0.1321094507921903,observed_checkpoint,4,2026090565,SOC2_post,-0.15632831795413488,0.021215125773802433,True,True,5
POST-OUTCOME EXPLORATORY -- NOT PART OF CONFIRMATORY YAX v1.1,-0.1321094507921903,observed_checkpoint,5,2026090566,baseline,-0.08289384915754916,0.015387961236601383,False,True,5
POST-OUTCOME EXPLORATORY -- NOT PART OF CONFIRMATORY YAX v1.1,-0.1321094507921903,observed_checkpoint,5,2026090566,SOC2_post,-0.13822396149052865,0.023125846456578326,True,True,5
POST-OUTCOME EXPLORATORY -- NOT PART OF CONFIRMATORY YAX v1.1,-0.1321094507921903,observed_checkpoint,6,2026090567,baseline,-0.15370483297552362,0.017514774682497194,True,True,5
POST-OUTCOME EXPLORATORY -- NOT PART OF CONFIRMATORY YAX v1.1,-0.1321094507921903,observed_checkpoint,6,2026090567,SOC2_post,-0.1104877017832923,0.022039706868282542,True,True,5
POST-OUTCOME EXPLORATORY -- NOT PART OF CONFIRMATORY YAX v1.1,-0.1321094507921903,observed_checkpoint,7,2026090568,baseline,-0.14330624564921923,0.01731803239641395,True,True,5
POST-OUTCOME EXPLORATORY -- NOT PART OF CONFIRMATORY YAX v1.1,-0.1321094507921903,observed_checkpoint,7,2026090568,SOC2_post,-0.14909463021554312,0.021667717210136283,True,True,5
POST-OUTCOME EXPLORATORY -- NOT PART OF CONFIRMATORY YAX v1.1,-0.1321094507921903,observed_checkpoint,8,2026090569,baseline,-0.10389973400043458,0.020116160294334457,True,True,5
POST-OUTCOME EXPLORATORY -- NOT PART OF CONFIRMATORY YAX v1.1,-0.1321094507921903,observed_checkpoint,8,2026090569,SOC2_post,-0.12832031457785592,0.020308401205956148,True,True,5
POST-OUTCOME EXPLORATORY -- NOT PART OF CONFIRMATORY YAX v1.1,-0.1321094507921903,observed_checkpoint,9,2026090570,baseline,-0.12453492619083979,0.0177949494837435,True,True,5
POST-OUTCOME EXPLORATORY -- NOT PART OF CONFIRMATORY YAX v1.1,-0.1321094507921903,observed_checkpoint,9,2026090570,SOC2_post,-0.1605570602814645,0.019449971175724966,True,True,5
POST-OUTCOME EXPLORATORY -- NOT PART OF CONFIRMATORY YAX v1.1,-0.1321094507921903,observed_checkpoint,11,2026090572,baseline,-0.13711969033790042,0.020854593082925827,True,True,5
POST-OUTCOME EXPLORATORY -- NOT PART OF CONFIRMATORY YAX v1.1,-0.1321094507921903,observed_checkpoint,11,2026090572,SOC2_post,-0.11440987776737922,0.025436597899848857,True,True,5
POST-OUTCOME EXPLORATORY -- NOT PART OF CONFIRMATORY YAX v1.1,-0.1321094507921903,observed_checkpoint,12,2026090573,baseline,-0.16351028594215344,0.01942825800415472,True,True,5
POST-OUTCOME EXPLORATORY -- NOT PART OF CONFIRMATORY YAX v1.1,-0.1321094507921903,observed_checkpoint,12,2026090573,SOC2_post,-0.13762546698177508,0.023254027567179956,True,True,5
POST-OUTCOME EXPLORATORY -- NOT PART OF CONFIRMATORY YAX v1.1,-0.1321094507921903,observed_checkpoint,13,2026090574,baseline,-0.1237509370389913,0.018544121331128784,True,True,5
POST-OUTCOME EXPLORATORY -- NOT PART OF CONFIRMATORY YAX v1.1,-0.1321094507921903,observed_checkpoint,13,2026090574,SOC2_post,-0.1460466666104628,0.01967098577378678,True,True,5
POST-OUTCOME EXPLORATORY -- NOT PART OF CONFIRMATORY YAX v1.1,-0.1321094507921903,observed_checkpoint,14,2026090575,baseline,-0.1489770059461118,0.01689547987300226,True,True,5
POST-OUTCOME EXPLORATORY -- NOT PART OF CONFIRMATORY YAX v1.1,-0.1321094507921903,observed_checkpoint,14,2026090575,SOC2_post,-0.12028363234245877,0.02206655759008608,True,True,5
POST-OUTCOME EXPLORATORY -- NOT PART OF CONFIRMATORY YAX v1.1,-0.1321094507921903,observed_checkpoint,15,2026090576,baseline,-0.08504745325243099,0.016688002230334887,False,True,5
POST-OUTCOME EXPLORATORY -- NOT PART OF CONFIRMATORY YAX v1.1,-0.1321094507921903,observed_checkpoint,15,2026090576,SOC2_post,-0.12875928207371307,0.018620679585131996,True,True,5
POST-OUTCOME EXPLORATORY -- NOT PART OF CONFIRMATORY YAX v1.1,-0.1321094507921903,observed_checkpoint,16,2026090577,baseline,-0.10184552786959401,0.01564141103620702,True,True,5
POST-OUTCOME EXPLORATORY -- NOT PART OF CONFIRMATORY YAX v1.1,-0.1321094507921903,observed_checkpoint,16,2026090577,SOC2_post,-0.12001991200241133,0.02261537413758613,True,True,5
POST-OUTCOME EXPLORATORY -- NOT PART OF CONFIRMATORY YAX v1.1,-0.1321094507921903,observed_checkpoint,17,2026090578,baseline,-0.1561896916882531,0.018476195099000302,True,True,5
POST-OUTCOME EXPLORATORY -- NOT PART OF CONFIRMATORY YAX v1.1,-0.1321094507921903,observed_checkpoint,17,2026090578,SOC2_post,-0.16592217261355421,0.021283232591898314,True,True,5
POST-OUTCOME EXPLORATORY -- NOT PART OF CONFIRMATORY YAX v1.1,-0.1321094507921903,observed_checkpoint,18,2026090579,baseline,-0.14403377233065465,0.019462768217639224,True,True,5
POST-OUTCOME EXPLORATORY -- NOT PART OF CONFIRMATORY YAX v1.1,-0.1321094507921903,observed_checkpoint,18,2026090579,SOC2_post,-0.0727439541556264,0.019708418240347518,False,True,5
POST-OUTCOME EXPLORATORY -- NOT PART OF CONFIRMATORY YAX v1.1,-0.1321094507921903,observed_checkpoint,19,2026090580,baseline,-0.14827575212358607,0.016516140602468615,True,True,5
POST-OUTCOME EXPLORATORY -- NOT PART OF CONFIRMATORY YAX v1.1,-0.1321094507921903,observed_checkpoint,19,2026090580,SOC2_post,-0.14485847105391575,0.019701749574590588,True,True,5
POST-OUTCOME EXPLORATORY -- NOT PART OF CONFIRMATORY YAX v1.1,-0.1321094507921903,observed_checkpoint,20,2026090581,baseline,-0.1411394749838563,0.015422268253186882,True,True,5
POST-OUTCOME EXPLORATORY -- NOT PART OF CONFIRMATORY YAX v1.1,-0.1321094507921903,observed_checkpoint,20,2026090581,SOC2_post,-0.12900911853815078,0.020138923708308217,True,True,5
POST-OUTCOME EXPLORATORY -- NOT PART OF CONFIRMATORY YAX v1.1,-0.1321094507921903,observed_checkpoint,21,2026090582,baseline,-0.13235784066320197,0.017938516334453126,True,True,5
POST-OUTCOME EXPLORATORY -- NOT PART OF CONFIRMATORY YAX v1.1,-0.1321094507921903,observed_checkpoint,21,2026090582,SOC2_post,-0.11508178543849677,0.02070365809339993,True,True,5
POST-OUTCOME EXPLORATORY -- NOT PART OF CONFIRMATORY YAX v1.1,-0.1321094507921903,observed_checkpoint,22,2026090583,baseline,-0.13828094924163076,0.015366110128885488,True,True,5
POST-OUTCOME EXPLORATORY -- NOT PART OF CONFIRMATORY YAX v1.1,-0.1321094507921903,observed_checkpoint,22,2026090583,SOC2_post,-0.10097149011533951,0.02009062644192042,True,True,5
POST-OUTCOME EXPLORATORY -- NOT PART OF CONFIRMATORY YAX v1.1,-0.1321094507921903,observed_checkpoint,23,2026090584,baseline,-0.12542604729652715,0.021761610547672533,True,True,5
POST-OUTCOME EXPLORATORY -- NOT PART OF CONFIRMATORY YAX v1.1,-0.1321094507921903,observed_checkpoint,23,2026090584,SOC2_post,-0.14391338078887672,0.01975450961207861,True,True,5
POST-OUTCOME EXPLORATORY -- NOT PART OF CONFIRMATORY YAX v1.1,-0.1321094507921903,observed_checkpoint,24,2026090585,baseline,-0.12722301875813333,0.018025548672156926,True,True,5
POST-OUTCOME EXPLORATORY -- NOT PART OF CONFIRMATORY YAX v1.1,-0.1321094507921903,observed_checkpoint,24,2026090585,SOC2_post,-0.12687090621410282,0.024386087947278635,True,True,5
POST-OUTCOME EXPLORATORY -- NOT PART OF CONFIRMATORY YAX v1.1,-0.1321094507921903,observed_checkpoint,25,2026090586,baseline,-0.0918504083004556,0.018806307443762323,False,True,5
POST-OUTCOME EXPLORATORY -- NOT PART OF CONFIRMATORY YAX v1.1,-0.1321094507921903,observed_checkpoint,25,2026090586,SOC2_post,-0.12646950164051585,0.02179221168009011,True,True,5
POST-OUTCOME EXPLORATORY -- NOT PART OF CONFIRMATORY YAX v1.1,-0.1321094507921903,observed_checkpoint,26,2026090587,baseline,-0.09623680286528792,0.018981209660963297,True,True,4
POST-OUTCOME EXPLORATORY -- NOT PART OF CONFIRMATORY YAX v1.1,-0.1321094507921903,observed_checkpoint,26,2026090587,SOC2_post,-0.13551518742475,0.020898571495724428,True,True,5
POST-OUTCOME EXPLORATORY -- NOT PART OF CONFIRMATORY YAX v1.1,-0.1321094507921903,observed_checkpoint,27,2026090588,baseline,-0.16664197928430888,0.01635186619951138,False,True,5
POST-OUTCOME EXPLORATORY -- NOT PART OF CONFIRMATORY YAX v1.1,-0.1321094507921903,observed_checkpoint,27,2026090588,SOC2_post,-0.17375295565836588,0.019517080464528987,False,True,5
POST-OUTCOME EXPLORATORY -- NOT PART OF CONFIRMATORY YAX v1.1,-0.1321094507921903,observed_checkpoint,28,2026090589,baseline,-0.0746802758466965,0.014768549038811498,False,True,5
POST-OUTCOME EXPLORATORY -- NOT PART OF CONFIRMATORY YAX v1.1,-0.1321094507921903,observed_checkpoint,28,2026090589,SOC2_post,-0.10161455669515172,0.022400946748237147,True,True,5
POST-OUTCOME EXPLORATORY -- NOT PART OF CONFIRMATORY YAX v1.1,-0.1321094507921903,observed_checkpoint,29,2026090590,baseline,-0.13818255628229162,0.018644765582063128,True,True,5
POST-OUTCOME EXPLORATORY -- NOT PART OF CONFIRMATORY YAX v1.1,-0.1321094507921903,observed_checkpoint,29,2026090590,SOC2_post,-0.09823077506896721,0.024329392441493663,True,True,5
POST-OUTCOME EXPLORATORY -- NOT PART OF CONFIRMATORY YAX v1.1,-0.1321094507921903,observed_checkpoint,30,2026090591,baseline,-0.15688804679641458,0.02040047134215597,True,True,5
POST-OUTCOME EXPLORATORY -- NOT PART OF CONFIRMATORY YAX v1.1,-0.1321094507921903,observed_checkpoint,30,2026090591,SOC2_post,-0.14901762274651698,0.021753245042202978,True,True,5
POST-OUTCOME EXPLORATORY -- NOT PART OF CONFIRMATORY YAX v1.1,-0.1321094507921903,observed_checkpoint,31,2026090592,baseline,-0.1494719124664658,0.01616986020757196,True,True,5
POST-OUTCOME EXPLORATORY -- NOT PART OF CONFIRMATORY YAX v1.1,-0.1321094507921903,observed_checkpoint,31,2026090592,SOC2_post,-0.14199626759536663,0.019057512466303134,True,True,5
POST-OUTCOME EXPLORATORY -- NOT PART OF CONFIRMATORY YAX v1.1,-0.1321094507921903,observed_checkpoint,32,2026090593,baseline,-0.14948376514631165,0.019444574570208477,True,True,5
POST-OUTCOME EXPLORATORY -- NOT PART OF CONFIRMATORY YAX v1.1,-0.1321094507921903,observed_checkpoint,32,2026090593,SOC2_post,-0.1388914608437488,0.01980172377512861,True,True,5
POST-OUTCOME EXPLORATORY -- NOT PART OF CONFIRMATORY YAX v1.1,-0.1321094507921903,observed_checkpoint,33,2026090594,baseline,-0.18532020648341124,0.015454511476740629,False,True,5
POST-OUTCOME EXPLORATORY -- NOT PART OF CONFIRMATORY YAX v1.1,-0.1321094507921903,observed_checkpoint,33,2026090594,SOC2_post,-0.1960102545402813,0.02289198605759887,False,True,5
POST-OUTCOME EXPLORATORY -- NOT PART OF CONFIRMATORY YAX v1.1,-0.1321094507921903,observed_checkpoint,34,2026090595,baseline,-0.10618235597764662,0.01862721636726022,True,True,5
POST-OUTCOME EXPLORATORY -- NOT PART OF CONFIRMATORY YAX v1.1,-0.1321094507921903,observed_checkpoint,34,2026090595,SOC2_post,-0.13948597760775194,0.02158608587283366,True,True,5
POST-OUTCOME EXPLORATORY -- NOT PART OF CONFIRMATORY YAX v1.1,-0.1321094507921903,observed_checkpoint,35,2026090596,baseline,-0.16685888045003405,0.015030588328810908,False,True,5
POST-OUTCOME EXPLORATORY -- NOT PART OF CONFIRMATORY YAX v1.1,-0.1321094507921903,observed_checkpoint,35,2026090596,SOC2_post,-0.14970111081942608,0.020261459777326424,True,True,5
POST-OUTCOME EXPLORATORY -- NOT PART OF CONFIRMATORY YAX v1.1,-0.1321094507921903,observed_checkpoint,36,2026090597,baseline,-0.08781723136288938,0.016480341082876528,False,True,5
POST-OUTCOME EXPLORATORY -- NOT PART OF CONFIRMATORY YAX v1.1,-0.1321094507921903,observed_checkpoint,36,2026090597,SOC2_post,-0.13953994905594974,0.024219931211245178,True,True,5
POST-OUTCOME EXPLORATORY -- NOT PART OF CONFIRMATORY YAX v1.1,-0.1321094507921903,observed_checkpoint,37,2026090598,baseline,-0.17491011771290843,0.014369834558556647,False,True,5
POST-OUTCOME EXPLORATORY -- NOT PART OF CONFIRMATORY YAX v1.1,-0.1321094507921903,observed_checkpoint,37,2026090598,SOC2_post,-0.12276339726926055,0.018092487622347733,True,True,5
POST-OUTCOME EXPLORATORY -- NOT PART OF CONFIRMATORY YAX v1.1,-0.1321094507921903,observed_checkpoint,38,2026090599,baseline,-0.11806677009891554,0.020276624415514203,True,True,5
POST-OUTCOME EXPLORATORY -- NOT PART OF CONFIRMATORY YAX v1.1,-0.1321094507921903,observed_checkpoint,38,2026090599,SOC2_post,-0.09328363291455619,0.019407509281355605,False,True,5
POST-OUTCOME EXPLORATORY -- NOT PART OF CONFIRMATORY YAX v1.1,-0.1321094507921903,observed_checkpoint,39,2026090600,baseline,-0.14976762616097422,0.019333510816668304,True,True,5
POST-OUTCOME EXPLORATORY -- NOT PART OF CONFIRMATORY YAX v1.1,-0.1321094507921903,observed_checkpoint,39,2026090600,SOC2_post,-0.1376008069580449,0.022827884225166878,True,True,5
POST-OUTCOME EXPLORATORY -- NOT PART OF CONFIRMATORY YAX v1.1,-0.1321094507921903,observed_checkpoint,40,2026090601,baseline,-0.11201878390493092,0.019896763496079457,True,True,5
POST-OUTCOME EXPLORATORY -- NOT PART OF CONFIRMATORY YAX v1.1,-0.1321094507921903,observed_checkpoint,40,2026090601,SOC2_post,-0.1246283075768949,0.01879731809382032,True,True,5
POST-OUTCOME EXPLORATORY -- NOT PART OF CONFIRMATORY YAX v1.1,-0.1321094507921903,observed_checkpoint,41,2026090602,baseline,-0.11263291571003917,0.015685460265360468,True,True,5
POST-OUTCOME EXPLORATORY -- NOT PART OF CONFIRMATORY YAX v1.1,-0.1321094507921903,observed_checkpoint,41,2026090602,SOC2_post,-0.16191514394167403,0.02103640567468388,True,True,5
POST-OUTCOME EXPLORATORY -- NOT PART OF CONFIRMATORY YAX v1.1,-0.1321094507921903,observed_checkpoint,42,2026090603,baseline,-0.17807459611334547,0.019196468177312517,False,True,5
POST-OUTCOME EXPLORATORY -- NOT PART OF CONFIRMATORY YAX v1.1,-0.1321094507921903,observed_checkpoint,42,2026090603,SOC2_post,-0.1615041177412908,0.019522443421455826,True,True,5
POST-OUTCOME EXPLORATORY -- NOT PART OF CONFIRMATORY YAX v1.1,-0.1321094507921903,observed_checkpoint,43,2026090604,baseline,-0.1316169385591074,0.018347312401253917,True,True,5
POST-OUTCOME EXPLORATORY -- NOT PART OF CONFIRMATORY YAX v1.1,-0.1321094507921903,observed_checkpoint,43,2026090604,SOC2_post,-0.15405264824528486,0.021458253966664315,True,True,5
POST-OUTCOME EXPLORATORY -- NOT PART OF CONFIRMATORY YAX v1.1,-0.1321094507921903,observed_checkpoint,44,2026090605,baseline,-0.06941996671508047,0.015415752188234376,False,True,5
POST-OUTCOME EXPLORATORY -- NOT PART OF CONFIRMATORY YAX v1.1,-0.1321094507921903,observed_checkpoint,44,2026090605,SOC2_post,-0.11421235616101216,0.019744292467539594,True,True,5
POST-OUTCOME EXPLORATORY -- NOT PART OF CONFIRMATORY YAX v1.1,-0.1321094507921903,observed_checkpoint,45,2026090606,baseline,-0.11245059610090175,0.021064110385762398,True,True,5
POST-OUTCOME EXPLORATORY -- NOT PART OF CONFIRMATORY YAX v1.1,-0.1321094507921903,observed_checkpoint,45,2026090606,SOC2_post,-0.16181952257823445,0.024042560804996872,True,True,5
POST-OUTCOME EXPLORATORY -- NOT PART OF CONFIRMATORY YAX v1.1,-0.1321094507921903,observed_checkpoint,46,2026090607,baseline,-0.13761594736839858,0.01983453891832556,True,True,5
POST-OUTCOME EXPLORATORY -- NOT PART OF CONFIRMATORY YAX v1.1,-0.1321094507921903,observed_checkpoint,46,2026090607,SOC2_post,-0.13055794660105305,0.01987151232574568,True,True,5
POST-OUTCOME EXPLORATORY -- NOT PART OF CONFIRMATORY YAX v1.1,-0.1321094507921903,observed_checkpoint,47,2026090608,baseline,-0.10789396464320367,0.01970771966221972,True,True,5
POST-OUTCOME EXPLORATORY -- NOT PART OF CONFIRMATORY YAX v1.1,-0.1321094507921903,observed_checkpoint,47,2026090608,SOC2_post,-0.13234597925732983,0.01927568390246504,True,True,5
POST-OUTCOME EXPLORATORY -- NOT PART OF CONFIRMATORY YAX v1.1,-0.1321094507921903,observed_checkpoint,48,2026090609,baseline,-0.1680366214439603,0.01763887702788293,False,True,5
POST-OUTCOME EXPLORATORY -- NOT PART OF CONFIRMATORY YAX v1.1,-0.1321094507921903,observed_checkpoint,48,2026090609,SOC2_post,-0.12875234559896936,0.02446148633489816,True,True,5
POST-OUTCOME EXPLORATORY -- NOT PART OF CONFIRMATORY YAX v1.1,-0.1321094507921903,observed_checkpoint,49,2026090610,baseline,-0.09628821573548296,0.019577254658622072,True,True,5
POST-OUTCOME EXPLORATORY -- NOT PART OF CONFIRMATORY YAX v1.1,-0.1321094507921903,observed_checkpoint,49,2026090610,SOC2_post,-0.14694077597799501,0.019848875648887945,True,True,5
POST-OUTCOME EXPLORATORY -- NOT PART OF CONFIRMATORY YAX v1.1,-0.1321094507921903,observed_checkpoint,50,2026090611,baseline,-0.14787424029466276,0.01587509236153278,True,True,5
POST-OUTCOME EXPLORATORY -- NOT PART OF CONFIRMATORY YAX v1.1,-0.1321094507921903,observed_checkpoint,50,2026090611,SOC2_post,-0.21436247222786917,0.02185340609506249,False,True,5
POST-OUTCOME EXPLORATORY -- NOT PART OF CONFIRMATORY YAX v1.1,-0.1321094507921903,observed_checkpoint,51,2026090612,baseline,-0.13556834253031036,0.02189770518583878,True,True,5
POST-OUTCOME EXPLORATORY -- NOT PART OF CONFIRMATORY YAX v1.1,-0.1321094507921903,observed_checkpoint,51,2026090612,SOC2_post,-0.14704113857128698,0.02306665051831928,True,True,5
POST-OUTCOME EXPLORATORY -- NOT PART OF CONFIRMATORY YAX v1.1,-0.1321094507921903,observed_checkpoint,52,2026090613,baseline,-0.10948112086397802,0.017053043284065192,True,True,5
POST-OUTCOME EXPLORATORY -- NOT PART OF CONFIRMATORY YAX v1.1,-0.1321094507921903,observed_checkpoint,52,2026090613,SOC2_post,-0.12942248813067214,0.02155783526159942,True,True,5
POST-OUTCOME EXPLORATORY -- NOT PART OF CONFIRMATORY YAX v1.1,-0.1321094507921903,observed_checkpoint,53,2026090614,baseline,-0.15503517428038627,0.018996517393525134,True,True,5
POST-OUTCOME EXPLORATORY -- NOT PART OF CONFIRMATORY YAX v1.1,-0.1321094507921903,observed_checkpoint,53,2026090614,SOC2_post,-0.13996753484660523,0.02222528264574691,True,True,5
POST-OUTCOME EXPLORATORY -- NOT PART OF CONFIRMATORY YAX v1.1,-0.1321094507921903,observed_checkpoint,54,2026090615,baseline,-0.13142172883116518,0.02179076011533891,True,True,5
POST-OUTCOME EXPLORATORY -- NOT PART OF CONFIRMATORY YAX v1.1,-0.1321094507921903,observed_checkpoint,54,2026090615,SOC2_post,-0.18421086643650814,0.023971658737013624,False,True,5
POST-OUTCOME EXPLORATORY -- NOT PART OF CONFIRMATORY YAX v1.1,-0.1321094507921903,observed_checkpoint,55,2026090616,baseline,-0.1182236386333814,0.01383612654057317,True,True,5
POST-OUTCOME EXPLORATORY -- NOT PART OF CONFIRMATORY YAX v1.1,-0.1321094507921903,observed_checkpoint,55,2026090616,SOC2_post,-0.1327009820420538,0.020627859556582508,True,True,5
POST-OUTCOME EXPLORATORY -- NOT PART OF CONFIRMATORY YAX v1.1,-0.1321094507921903,observed_checkpoint,56,2026090617,baseline,-0.08323187361612709,0.01547077254426131,False,True,5
POST-OUTCOME EXPLORATORY -- NOT PART OF CONFIRMATORY YAX v1.1,-0.1321094507921903,observed_checkpoint,56,2026090617,SOC2_post,-0.14803789053243646,0.020853904592026754,True,True,5
POST-OUTCOME EXPLORATORY -- NOT PART OF CONFIRMATORY YAX v1.1,-0.1321094507921903,observed_checkpoint,57,2026090618,baseline,-0.09303892300051218,0.017190157896463838,False,True,5
POST-OUTCOME EXPLORATORY -- NOT PART OF CONFIRMATORY YAX v1.1,-0.1321094507921903,observed_checkpoint,57,2026090618,SOC2_post,-0.13735313424987833,0.020233437203381176,True,True,5
POST-OUTCOME EXPLORATORY -- NOT PART OF CONFIRMATORY YAX v1.1,-0.1321094507921903,observed_checkpoint,58,2026090619,baseline,-0.11963829573622542,0.019901355438959212,True,True,5
POST-OUTCOME EXPLORATORY -- NOT PART OF CONFIRMATORY YAX v1.1,-0.1321094507921903,observed_checkpoint,58,2026090619,SOC2_post,-0.12854038534404624,0.02315793477906,True,True,5
POST-OUTCOME EXPLORATORY -- NOT PART OF CONFIRMATORY YAX v1.1,-0.1321094507921903,observed_checkpoint,59,2026090620,baseline,-0.08801676525178728,0.018832333457062263,False,True,5
POST-OUTCOME EXPLORATORY -- NOT PART OF CONFIRMATORY YAX v1.1,-0.1321094507921903,observed_checkpoint,59,2026090620,SOC2_post,-0.11260208249245439,0.02539461892691931,True,True,5
POST-OUTCOME EXPLORATORY -- NOT PART OF CONFIRMATORY YAX v1.1,-0.1321094507921903,observed_checkpoint,60,2026090621,baseline,-0.11876502847596952,0.019224833889555624,True,True,5
POST-OUTCOME EXPLORATORY -- NOT PART OF CONFIRMATORY YAX v1.1,-0.1321094507921903,observed_checkpoint,60,2026090621,SOC2_post,-0.13999631485448222,0.022403093151048964,True,True,5
POST-OUTCOME EXPLORATORY -- NOT PART OF CONFIRMATORY YAX v1.1,-0.1321094507921903,observed_checkpoint,61,2026090622,baseline,-0.20496340178327507,0.01695625989341918,False,True,5
POST-OUTCOME EXPLORATORY -- NOT PART OF CONFIRMATORY YAX v1.1,-0.1321094507921903,observed_checkpoint,61,2026090622,SOC2_post,-0.14768361917825323,0.0238650739620139,True,True,5
POST-OUTCOME EXPLORATORY -- NOT PART OF CONFIRMATORY YAX v1.1,-0.1321094507921903,observed_checkpoint,62,2026090623,baseline,-0.18048364882496062,0.016313723772836634,False,True,5
POST-OUTCOME EXPLORATORY -- NOT PART OF CONFIRMATORY YAX v1.1,-0.1321094507921903,observed_checkpoint,62,2026090623,SOC2_post,-0.12177585908375395,0.022792305044081324,True,True,5
POST-OUTCOME EXPLORATORY -- NOT PART OF CONFIRMATORY YAX v1.1,-0.1321094507921903,observed_checkpoint,63,2026090624,baseline,-0.10671895340934187,0.01791931403837003,True,True,5
POST-OUTCOME EXPLORATORY -- NOT PART OF CONFIRMATORY YAX v1.1,-0.1321094507921903,observed_checkpoint,63,2026090624,SOC2_post,-0.1320350712105677,0.02157308137457223,True,True,5
POST-OUTCOME EXPLORATORY -- NOT PART OF CONFIRMATORY YAX v1.1,-0.1321094507921903,observed_checkpoint,64,2026090625,baseline,-0.1606541451779688,0.01328736128771107,False,True,5
POST-OUTCOME EXPLORATORY -- NOT PART OF CONFIRMATORY YAX v1.1,-0.1321094507921903,observed_checkpoint,64,2026090625,SOC2_post,-0.11965739864504582,0.017704984690957243,True,True,5
POST-OUTCOME EXPLORATORY -- NOT PART OF CONFIRMATORY YAX v1.1,-0.1321094507921903,observed_checkpoint,65,2026090626,baseline,-0.13736195428399853,0.017645154466593916,True,True,5
POST-OUTCOME EXPLORATORY -- NOT PART OF CONFIRMATORY YAX v1.1,-0.1321094507921903,observed_checkpoint,65,2026090626,SOC2_post,-0.12169672510201206,0.02106360642752465,True,True,5
POST-OUTCOME EXPLORATORY -- NOT PART OF CONFIRMATORY YAX v1.1,-0.1321094507921903,observed_checkpoint,66,2026090627,baseline,-0.15988073825483698,0.017226193691293946,True,True,5
POST-OUTCOME EXPLORATORY -- NOT PART OF CONFIRMATORY YAX v1.1,-0.1321094507921903,observed_checkpoint,66,2026090627,SOC2_post,-0.10358332618690858,0.019843045130873708,True,True,5
POST-OUTCOME EXPLORATORY -- NOT PART OF CONFIRMATORY YAX v1.1,-0.1321094507921903,observed_checkpoint,67,2026090628,baseline,-0.11991386426866524,0.020330619162757878,True,True,5
POST-OUTCOME EXPLORATORY -- NOT PART OF CONFIRMATORY YAX v1.1,-0.1321094507921903,observed_checkpoint,67,2026090628,SOC2_post,-0.1326461312345128,0.023857527276350092,True,True,5
POST-OUTCOME EXPLORATORY -- NOT PART OF CONFIRMATORY YAX v1.1,-0.1321094507921903,observed_checkpoint,68,2026090629,baseline,-0.145205282508579,0.02226290395943375,True,True,5
POST-OUTCOME EXPLORATORY -- NOT PART OF CONFIRMATORY YAX v1.1,-0.1321094507921903,observed_checkpoint,68,2026090629,SOC2_post,-0.11070130837367706,0.02772622266675773,True,True,5
POST-OUTCOME EXPLORATORY -- NOT PART OF CONFIRMATORY YAX v1.1,-0.1321094507921903,observed_checkpoint,69,2026090630,baseline,-0.13250220751011993,0.018388829981574806,True,True,5
POST-OUTCOME EXPLORATORY -- NOT PART OF CONFIRMATORY YAX v1.1,-0.1321094507921903,observed_checkpoint,69,2026090630,SOC2_post,-0.15047378942340736,0.019811016220209074,True,True,5
POST-OUTCOME EXPLORATORY -- NOT PART OF CONFIRMATORY YAX v1.1,-0.1321094507921903,observed_checkpoint,70,2026090631,baseline,-0.0769556330236081,0.013081027902417422,False,True,5
POST-OUTCOME EXPLORATORY -- NOT PART OF CONFIRMATORY YAX v1.1,-0.1321094507921903,observed_checkpoint,70,2026090631,SOC2_post,-0.16727439036592823,0.019593289328216853,True,True,5
POST-OUTCOME EXPLORATORY -- NOT PART OF CONFIRMATORY YAX v1.1,-0.1321094507921903,observed_checkpoint,71,2026090632,baseline,-0.19540215215593296,0.016704210830893275,False,True,5
POST-OUTCOME EXPLORATORY -- NOT PART OF CONFIRMATORY YAX v1.1,-0.1321094507921903,observed_checkpoint,71,2026090632,SOC2_post,-0.16753922858524883,0.01993223346764113,True,True,5
POST-OUTCOME EXPLORATORY -- NOT PART OF CONFIRMATORY YAX v1.1,-0.1321094507921903,observed_checkpoint,72,2026090633,baseline,-0.13438109751797933,0.01886920883598805,True,True,5
POST-OUTCOME EXPLORATORY -- NOT PART OF CONFIRMATORY YAX v1.1,-0.1321094507921903,observed_checkpoint,72,2026090633,SOC2_post,-0.11119509479858783,0.020838568212967784,True,True,5
POST-OUTCOME EXPLORATORY -- NOT PART OF CONFIRMATORY YAX v1.1,-0.1321094507921903,observed_checkpoint,73,2026090634,baseline,-0.1524033281348449,0.01951807916926082,True,True,5
POST-OUTCOME EXPLORATORY -- NOT PART OF CONFIRMATORY YAX v1.1,-0.1321094507921903,observed_checkpoint,73,2026090634,SOC2_post,-0.15454579992641027,0.026338641819669373,True,True,5
POST-OUTCOME EXPLORATORY -- NOT PART OF CONFIRMATORY YAX v1.1,-0.1321094507921903,observed_checkpoint,74,2026090635,baseline,-0.10306142054190304,0.016777581429679857,True,True,5
POST-OUTCOME EXPLORATORY -- NOT PART OF CONFIRMATORY YAX v1.1,-0.1321094507921903,observed_checkpoint,74,2026090635,SOC2_post,-0.1560348021246459,0.02162119545440108,True,True,5
POST-OUTCOME EXPLORATORY -- NOT PART OF CONFIRMATORY YAX v1.1,-0.1321094507921903,observed_checkpoint,75,2026090636,baseline,-0.12917283425284729,0.01742189678670966,True,True,5
POST-OUTCOME EXPLORATORY -- NOT PART OF CONFIRMATORY YAX v1.1,-0.1321094507921903,observed_checkpoint,75,2026090636,SOC2_post,-0.1352503864259289,0.024186971457342166,True,True,5
POST-OUTCOME EXPLORATORY -- NOT PART OF CONFIRMATORY YAX v1.1,-0.1321094507921903,observed_checkpoint,76,2026090637,baseline,-0.061855292546343574,0.016861005407196084,False,True,5
POST-OUTCOME EXPLORATORY -- NOT PART OF CONFIRMATORY YAX v1.1,-0.1321094507921903,observed_checkpoint,76,2026090637,SOC2_post,-0.14328735964822784,0.022889605632545086,True,True,5
POST-OUTCOME EXPLORATORY -- NOT PART OF CONFIRMATORY YAX v1.1,-0.1321094507921903,observed_checkpoint,77,2026090638,baseline,-0.16620526358458368,0.019175022657295603,True,True,5
POST-OUTCOME EXPLORATORY -- NOT PART OF CONFIRMATORY YAX v1.1,-0.1321094507921903,observed_checkpoint,77,2026090638,SOC2_post,-0.15788101538722318,0.018245424916120478,True,True,5
POST-OUTCOME EXPLORATORY -- NOT PART OF CONFIRMATORY YAX v1.1,-0.1321094507921903,observed_checkpoint,78,2026090639,baseline,-0.10471919373484365,0.021555509475608005,True,True,5
POST-OUTCOME EXPLORATORY -- NOT PART OF CONFIRMATORY YAX v1.1,-0.1321094507921903,observed_checkpoint,78,2026090639,SOC2_post,-0.14726779544109583,0.01985838664488576,True,True,5
POST-OUTCOME EXPLORATORY -- NOT PART OF CONFIRMATORY YAX v1.1,-0.1321094507921903,observed_checkpoint,79,2026090640,baseline,-0.1089906512684737,0.016892474578305516,True,True,5
POST-OUTCOME EXPLORATORY -- NOT PART OF CONFIRMATORY YAX v1.1,-0.1321094507921903,observed_checkpoint,79,2026090640,SOC2_post,-0.16166987365620702,0.017326709197636722,True,True,5
POST-OUTCOME EXPLORATORY -- NOT PART OF CONFIRMATORY YAX v1.1,-0.1321094507921903,observed_checkpoint,80,2026090641,baseline,-0.0864963542795827,0.021404929682584162,False,True,5
POST-OUTCOME EXPLORATORY -- NOT PART OF CONFIRMATORY YAX v1.1,-0.1321094507921903,observed_checkpoint,80,2026090641,SOC2_post,-0.13714078632884322,0.020642168480895028,True,True,5
POST-OUTCOME EXPLORATORY -- NOT PART OF CONFIRMATORY YAX v1.1,-0.1321094507921903,observed_checkpoint,81,2026090642,baseline,-0.08956734212112227,0.01986442493848613,False,True,5
POST-OUTCOME EXPLORATORY -- NOT PART OF CONFIRMATORY YAX v1.1,-0.1321094507921903,observed_checkpoint,81,2026090642,SOC2_post,-0.13189341241457836,0.022648654527841733,True,True,5
POST-OUTCOME EXPLORATORY -- NOT PART OF CONFIRMATORY YAX v1.1,-0.1321094507921903,observed_checkpoint,82,2026090643,baseline,-0.13673708221960346,0.016702763339286705,True,True,5
POST-OUTCOME EXPLORATORY -- NOT PART OF CONFIRMATORY YAX v1.1,-0.1321094507921903,observed_checkpoint,82,2026090643,SOC2_post,-0.1501446110833189,0.023673074540656914,True,True,5
POST-OUTCOME EXPLORATORY -- NOT PART OF CONFIRMATORY YAX v1.1,-0.1321094507921903,observed_checkpoint,83,2026090644,baseline,-0.17348214170013304,0.014171198558378712,False,True,5
POST-OUTCOME EXPLORATORY -- NOT PART OF CONFIRMATORY YAX v1.1,-0.1321094507921903,observed_checkpoint,83,2026090644,SOC2_post,-0.1425649060307114,0.02125082521767739,True,True,5
POST-OUTCOME EXPLORATORY -- NOT PART OF CONFIRMATORY YAX v1.1,-0.1321094507921903,observed_checkpoint,84,2026090645,baseline,-0.15552990378518886,0.020880611275252776,True,True,5
POST-OUTCOME EXPLORATORY -- NOT PART OF CONFIRMATORY YAX v1.1,-0.1321094507921903,observed_checkpoint,84,2026090645,SOC2_post,-0.15828050045946113,0.024333141338269495,True,True,5
POST-OUTCOME EXPLORATORY -- NOT PART OF CONFIRMATORY YAX v1.1,-0.1321094507921903,observed_checkpoint,85,2026090646,baseline,-0.10713106182882598,0.019101467390497034,True,True,5
POST-OUTCOME EXPLORATORY -- NOT PART OF CONFIRMATORY YAX v1.1,-0.1321094507921903,observed_checkpoint,85,2026090646,SOC2_post,-0.11353744274687627,0.022634200092132913,True,True,5
POST-OUTCOME EXPLORATORY -- NOT PART OF CONFIRMATORY YAX v1.1,-0.1321094507921903,observed_checkpoint,86,2026090647,baseline,-0.09603036827417906,0.015890388239346808,False,True,5
POST-OUTCOME EXPLORATORY -- NOT PART OF CONFIRMATORY YAX v1.1,-0.1321094507921903,observed_checkpoint,86,2026090647,SOC2_post,-0.1358625425914687,0.018661730769991405,True,True,5
POST-OUTCOME EXPLORATORY -- NOT PART OF CONFIRMATORY YAX v1.1,-0.1321094507921903,observed_checkpoint,87,2026090648,baseline,-0.10998986691843393,0.018739775746363093,True,True,5
POST-OUTCOME EXPLORATORY -- NOT PART OF CONFIRMATORY YAX v1.1,-0.1321094507921903,observed_checkpoint,87,2026090648,SOC2_post,-0.1301404644334917,0.02083775186222679,True,True,5
POST-OUTCOME EXPLORATORY -- NOT PART OF CONFIRMATORY YAX v1.1,-0.1321094507921903,observed_checkpoint,88,2026090649,baseline,-0.09702559831294612,0.01650340539968027,False,True,5
POST-OUTCOME EXPLORATORY -- NOT PART OF CONFIRMATORY YAX v1.1,-0.1321094507921903,observed_checkpoint,88,2026090649,SOC2_post,-0.13628873926100926,0.02140826863589094,True,True,5
POST-OUTCOME EXPLORATORY -- NOT PART OF CONFIRMATORY YAX v1.1,-0.1321094507921903,observed_checkpoint,89,2026090650,baseline,-0.1828959434267993,0.01385233393215552,False,True,5
POST-OUTCOME EXPLORATORY -- NOT PART OF CONFIRMATORY YAX v1.1,-0.1321094507921903,observed_checkpoint,89,2026090650,SOC2_post,-0.1205794658550662,0.022362227450519696,True,True,5
POST-OUTCOME EXPLORATORY -- NOT PART OF CONFIRMATORY YAX v1.1,-0.1321094507921903,observed_checkpoint,90,2026090651,baseline,-0.12553806449585173,0.019465777181915316,True,True,5
POST-OUTCOME EXPLORATORY -- NOT PART OF CONFIRMATORY YAX v1.1,-0.1321094507921903,observed_checkpoint,90,2026090651,SOC2_post,-0.10086785884933672,0.02212059613618173,True,True,5
POST-OUTCOME EXPLORATORY -- NOT PART OF CONFIRMATORY YAX v1.1,-0.1321094507921903,observed_checkpoint,91,2026090652,baseline,-0.20711581217293074,0.013324273040704292,False,True,5
POST-OUTCOME EXPLORATORY -- NOT PART OF CONFIRMATORY YAX v1.1,-0.1321094507921903,observed_checkpoint,91,2026090652,SOC2_post,-0.14124464503151474,0.02203756433098578,True,True,5
POST-OUTCOME EXPLORATORY -- NOT PART OF CONFIRMATORY YAX v1.1,-0.1321094507921903,observed_checkpoint,92,2026090653,baseline,-0.14679169297900263,0.016585552414862106,True,True,5
POST-OUTCOME EXPLORATORY -- NOT PART OF CONFIRMATORY YAX v1.1,-0.1321094507921903,observed_checkpoint,92,2026090653,SOC2_post,-0.14064074819454306,0.02352767166389504,True,True,5
POST-OUTCOME EXPLORATORY -- NOT PART OF CONFIRMATORY YAX v1.1,-0.1321094507921903,observed_checkpoint,93,2026090654,baseline,-0.1811430580492163,0.016977509053533252,False,True,5
POST-OUTCOME EXPLORATORY -- NOT PART OF CONFIRMATORY YAX v1.1,-0.1321094507921903,observed_checkpoint,93,2026090654,SOC2_post,-0.11582895455017538,0.01842410282176142,True,True,5
POST-OUTCOME EXPLORATORY -- NOT PART OF CONFIRMATORY YAX v1.1,-0.1321094507921903,observed_checkpoint,94,2026090655,baseline,-0.17075577019564586,0.019366593408794586,False,True,5
POST-OUTCOME EXPLORATORY -- NOT PART OF CONFIRMATORY YAX v1.1,-0.1321094507921903,observed_checkpoint,94,2026090655,SOC2_post,-0.1195061007801308,0.020726911629606173,True,True,5
POST-OUTCOME EXPLORATORY -- NOT PART OF CONFIRMATORY YAX v1.1,-0.1321094507921903,observed_checkpoint,95,2026090656,baseline,-0.189817378675119,0.015881125633411555,False,True,5
POST-OUTCOME EXPLORATORY -- NOT PART OF CONFIRMATORY YAX v1.1,-0.1321094507921903,observed_checkpoint,95,2026090656,SOC2_post,-0.1598629415595771,0.023349918217866115,True,True,5
POST-OUTCOME EXPLORATORY -- NOT PART OF CONFIRMATORY YAX v1.1,-0.1321094507921903,observed_checkpoint,96,2026090657,baseline,-0.1472662006230403,0.01954400567216478,True,True,5
POST-OUTCOME EXPLORATORY -- NOT PART OF CONFIRMATORY YAX v1.1,-0.1321094507921903,observed_checkpoint,96,2026090657,SOC2_post,-0.15431033440232667,0.023190199918718398,True,True,5
POST-OUTCOME EXPLORATORY -- NOT PART OF CONFIRMATORY YAX v1.1,-0.1321094507921903,observed_checkpoint,97,2026090658,baseline,-0.11793091800109907,0.018824330637578424,True,True,5
POST-OUTCOME EXPLORATORY -- NOT PART OF CONFIRMATORY YAX v1.1,-0.1321094507921903,observed_checkpoint,97,2026090658,SOC2_post,-0.10825344063337841,0.023949377138197753,True,True,5
POST-OUTCOME EXPLORATORY -- NOT PART OF CONFIRMATORY YAX v1.1,-0.1321094507921903,observed_checkpoint,98,2026090659,baseline,-0.10333938404320758,0.01998169995511458,True,True,5
POST-OUTCOME EXPLORATORY -- NOT PART OF CONFIRMATORY YAX v1.1,-0.1321094507921903,observed_checkpoint,98,2026090659,SOC2_post,-0.14085057022065034,0.02090065742146678,True,True,5
POST-OUTCOME EXPLORATORY -- NOT PART OF CONFIRMATORY YAX v1.1,-0.1321094507921903,observed_checkpoint,99,2026090660,baseline,-0.1157395123952644,0.019095999903310915,True,True,5
POST-OUTCOME EXPLORATORY -- NOT PART OF CONFIRMATORY YAX v1.1,-0.1321094507921903,observed_checkpoint,99,2026090660,SOC2_post,-0.10864216099135342,0.022277157884411137,True,True,5
POST-OUTCOME EXPLORATORY -- NOT PART OF CONFIRMATORY YAX v1.1,-0.1321094507921903,observed_checkpoint,100,2026090661,baseline,-0.07113947226578372,0.01622262164996327,False,True,5
POST-OUTCOME EXPLORATORY -- NOT PART OF CONFIRMATORY YAX v1.1,-0.1321094507921903,observed_checkpoint,100,2026090661,SOC2_post,-0.1287302548775952,0.020311732920973536,True,True,5
POST-OUTCOME EXPLORATORY -- NOT PART OF CONFIRMATORY YAX v1.1,-0.1321094507921903,observed_checkpoint,101,2026090662,baseline,-0.10912214623096687,0.019357743878986873,True,True,5
POST-OUTCOME EXPLORATORY -- NOT PART OF CONFIRMATORY YAX v1.1,-0.1321094507921903,observed_checkpoint,101,2026090662,SOC2_post,-0.08090147779217098,0.021061217687543397,False,True,5
POST-OUTCOME EXPLORATORY -- NOT PART OF CONFIRMATORY YAX v1.1,-0.1321094507921903,observed_checkpoint,102,2026090663,baseline,-0.10104448312913487,0.01726148460458504,True,True,5
POST-OUTCOME EXPLORATORY -- NOT PART OF CONFIRMATORY YAX v1.1,-0.1321094507921903,observed_checkpoint,102,2026090663,SOC2_post,-0.15075775794341956,0.021894540452116296,True,True,5
POST-OUTCOME EXPLORATORY -- NOT PART OF CONFIRMATORY YAX v1.1,-0.1321094507921903,observed_checkpoint,103,2026090664,baseline,-0.17176811777569903,0.014404718101239156,False,True,5
POST-OUTCOME EXPLORATORY -- NOT PART OF CONFIRMATORY YAX v1.1,-0.1321094507921903,observed_checkpoint,103,2026090664,SOC2_post,-0.07522443036379768,0.022513384709947713,False,True,5
POST-OUTCOME EXPLORATORY -- NOT PART OF CONFIRMATORY YAX v1.1,-0.1321094507921903,observed_checkpoint,104,2026090665,baseline,-0.10673929916592302,0.017232907017422302,True,True,5
POST-OUTCOME EXPLORATORY -- NOT PART OF CONFIRMATORY YAX v1.1,-0.1321094507921903,observed_checkpoint,104,2026090665,SOC2_post,-0.09963424447011518,0.02228393602327611,True,True,5
POST-OUTCOME EXPLORATORY -- NOT PART OF CONFIRMATORY YAX v1.1,-0.1321094507921903,observed_checkpoint,105,2026090666,baseline,-0.18243393943703748,0.017999697357998213,False,True,5
POST-OUTCOME EXPLORATORY -- NOT PART OF CONFIRMATORY YAX v1.1,-0.1321094507921903,observed_checkpoint,105,2026090666,SOC2_post,-0.13112097351918087,0.02086846420452462,True,True,5
POST-OUTCOME EXPLORATORY -- NOT PART OF CONFIRMATORY YAX v1.1,-0.1321094507921903,observed_checkpoint,106,2026090667,baseline,-0.1632019908365251,0.015663223213728684,False,True,5
POST-OUTCOME EXPLORATORY -- NOT PART OF CONFIRMATORY YAX v1.1,-0.1321094507921903,observed_checkpoint,106,2026090667,SOC2_post,-0.11065909134564056,0.022637372111635367,True,True,5
POST-OUTCOME EXPLORATORY -- NOT PART OF CONFIRMATORY YAX v1.1,-0.1321094507921903,observed_checkpoint,107,2026090668,baseline,-0.1217007042250295,0.017539723144801313,True,True,5
POST-OUTCOME EXPLORATORY -- NOT PART OF CONFIRMATORY YAX v1.1,-0.1321094507921903,observed_checkpoint,107,2026090668,SOC2_post,-0.07162678580103772,0.021162603728249987,False,True,5
POST-OUTCOME EXPLORATORY -- NOT PART OF CONFIRMATORY YAX v1.1,-0.1321094507921903,observed_checkpoint,108,2026090669,baseline,-0.08877789261717184,0.01520629614935209,False,True,5
POST-OUTCOME EXPLORATORY -- NOT PART OF CONFIRMATORY YAX v1.1,-0.1321094507921903,observed_checkpoint,108,2026090669,SOC2_post,-0.10429755594040135,0.019091920757001613,True,True,5
POST-OUTCOME EXPLORATORY -- NOT PART OF CONFIRMATORY YAX v1.1,-0.1321094507921903,observed_checkpoint,109,2026090670,baseline,-0.14496083543606603,0.020534961815199995,True,True,5
POST-OUTCOME EXPLORATORY -- NOT PART OF CONFIRMATORY YAX v1.1,-0.1321094507921903,observed_checkpoint,109,2026090670,SOC2_post,-0.1258853541713297,0.025603185531244257,True,True,5
POST-OUTCOME EXPLORATORY -- NOT PART OF CONFIRMATORY YAX v1.1,-0.1321094507921903,observed_checkpoint,110,2026090671,baseline,-0.13234113515199056,0.018610469561467523,True,True,5
POST-OUTCOME EXPLORATORY -- NOT PART OF CONFIRMATORY YAX v1.1,-0.1321094507921903,observed_checkpoint,110,2026090671,SOC2_post,-0.12474937878190363,0.025179512358643286,True,True,5
POST-OUTCOME EXPLORATORY -- NOT PART OF CONFIRMATORY YAX v1.1,-0.1321094507921903,observed_checkpoint,111,2026090672,baseline,-0.09728342200535013,0.017269482724489204,False,True,5
POST-OUTCOME EXPLORATORY -- NOT PART OF CONFIRMATORY YAX v1.1,-0.1321094507921903,observed_checkpoint,111,2026090672,SOC2_post,-0.1445826759025664,0.018722485692415525,True,True,5
POST-OUTCOME EXPLORATORY -- NOT PART OF CONFIRMATORY YAX v1.1,-0.1321094507921903,observed_checkpoint,112,2026090673,baseline,-0.17027943271959162,0.01622533297664414,False,True,5
POST-OUTCOME EXPLORATORY -- NOT PART OF CONFIRMATORY YAX v1.1,-0.1321094507921903,observed_checkpoint,112,2026090673,SOC2_post,-0.1766634117825071,0.020423850962133037,False,True,5
POST-OUTCOME EXPLORATORY -- NOT PART OF CONFIRMATORY YAX v1.1,-0.1321094507921903,observed_checkpoint,113,2026090674,baseline,-0.11171693358446441,0.017090105570198123,True,True,5
POST-OUTCOME EXPLORATORY -- NOT PART OF CONFIRMATORY YAX v1.1,-0.1321094507921903,observed_checkpoint,113,2026090674,SOC2_post,-0.12813186108204927,0.022447225366787123,True,True,5
POST-OUTCOME EXPLORATORY -- NOT PART OF CONFIRMATORY YAX v1.1,-0.1321094507921903,observed_checkpoint,114,2026090675,baseline,-0.13147018100114724,0.01824042853570216,True,True,5
POST-OUTCOME EXPLORATORY -- NOT PART OF CONFIRMATORY YAX v1.1,-0.1321094507921903,observed_checkpoint,114,2026090675,SOC2_post,-0.1161405371277173,0.023217040931212157,True,True,5
POST-OUTCOME EXPLORATORY -- NOT PART OF CONFIRMATORY YAX v1.1,-0.1321094507921903,observed_checkpoint,115,2026090676,baseline,-0.08618084908569541,0.01651136141436703,False,True,5
POST-OUTCOME EXPLORATORY -- NOT PART OF CONFIRMATORY YAX v1.1,-0.1321094507921903,observed_checkpoint,115,2026090676,SOC2_post,-0.14146032633361805,0.022543924388267564,True,True,5
POST-OUTCOME EXPLORATORY -- NOT PART OF CONFIRMATORY YAX v1.1,-0.1321094507921903,observed_checkpoint,116,2026090677,baseline,-0.08654171931634683,0.019744954328809416,False,True,5
POST-OUTCOME EXPLORATORY -- NOT PART OF CONFIRMATORY YAX v1.1,-0.1321094507921903,observed_checkpoint,116,2026090677,SOC2_post,-0.09671847466660988,0.020313587090960906,True,True,5
POST-OUTCOME EXPLORATORY -- NOT PART OF CONFIRMATORY YAX v1.1,-0.1321094507921903,observed_checkpoint,117,2026090678,baseline,-0.19942518387033256,0.015413157136809031,False,True,5
POST-OUTCOME EXPLORATORY -- NOT PART OF CONFIRMATORY YAX v1.1,-0.1321094507921903,observed_checkpoint,117,2026090678,SOC2_post,-0.10238916848903057,0.02084286572729033,True,True,5
POST-OUTCOME EXPLORATORY -- NOT PART OF CONFIRMATORY YAX v1.1,-0.1321094507921903,observed_checkpoint,118,2026090679,baseline,-0.11504391987111795,0.018615844800861866,True,True,5
POST-OUTCOME EXPLORATORY -- NOT PART OF CONFIRMATORY YAX v1.1,-0.1321094507921903,observed_checkpoint,118,2026090679,SOC2_post,-0.12513781964175608,0.022004418626296637,True,True,5
POST-OUTCOME EXPLORATORY -- NOT PART OF CONFIRMATORY YAX v1.1,-0.1321094507921903,observed_checkpoint,119,2026090680,baseline,-0.1226650901502432,0.019568798844658033,True,True,5
POST-OUTCOME EXPLORATORY -- NOT PART OF CONFIRMATORY YAX v1.1,-0.1321094507921903,observed_checkpoint,119,2026090680,SOC2_post,-0.17261716009859718,0.019558822299787986,False,True,5
POST-OUTCOME EXPLORATORY -- NOT PART OF CONFIRMATORY YAX v1.1,-0.1321094507921903,observed_checkpoint,120,2026090681,baseline,-0.15327414801377182,0.017445423854933726,True,True,5
POST-OUTCOME EXPLORATORY -- NOT PART OF CONFIRMATORY YAX v1.1,-0.1321094507921903,observed_checkpoint,120,2026090681,SOC2_post,-0.15351284679928467,0.024231121732718536,True,True,5
POST-OUTCOME EXPLORATORY -- NOT PART OF CONFIRMATORY YAX v1.1,-0.1321094507921903,observed_checkpoint,121,2026090682,baseline,-0.10030674059843347,0.018580269014129406,True,True,5
POST-OUTCOME EXPLORATORY -- NOT PART OF CONFIRMATORY YAX v1.1,-0.1321094507921903,observed_checkpoint,121,2026090682,SOC2_post,-0.12621819779574417,0.020460266009372164,True,True,5
POST-OUTCOME EXPLORATORY -- NOT PART OF CONFIRMATORY YAX v1.1,-0.1321094507921903,observed_checkpoint,122,2026090683,baseline,-0.12677642656180388,0.019444750094251315,True,True,5
POST-OUTCOME EXPLORATORY -- NOT PART OF CONFIRMATORY YAX v1.1,-0.1321094507921903,observed_checkpoint,122,2026090683,SOC2_post,-0.16178118789626517,0.02221622486585642,True,True,5
POST-OUTCOME EXPLORATORY -- NOT PART OF CONFIRMATORY YAX v1.1,-0.1321094507921903,observed_checkpoint,123,2026090684,baseline,-0.1250080871914743,0.017485812649839966,True,True,5
POST-OUTCOME EXPLORATORY -- NOT PART OF CONFIRMATORY YAX v1.1,-0.1321094507921903,observed_checkpoint,123,2026090684,SOC2_post,-0.057487651993490436,0.02767828593180628,False,True,5
POST-OUTCOME EXPLORATORY -- NOT PART OF CONFIRMATORY YAX v1.1,-0.1321094507921903,observed_checkpoint,124,2026090685,baseline,-0.13983120330876975,0.01668249916942789,True,True,5
POST-OUTCOME EXPLORATORY -- NOT PART OF CONFIRMATORY YAX v1.1,-0.1321094507921903,observed_checkpoint,124,2026090685,SOC2_post,-0.17345942993315658,0.020073981807385635,False,True,5
POST-OUTCOME EXPLORATORY -- NOT PART OF CONFIRMATORY YAX v1.1,-0.1321094507921903,observed_checkpoint,125,2026090686,baseline,-0.16456200909997643,0.01608634329692515,False,True,5
POST-OUTCOME EXPLORATORY -- NOT PART OF CONFIRMATORY YAX v1.1,-0.1321094507921903,observed_checkpoint,125,2026090686,SOC2_post,-0.102240066372451,0.01976129271294025,True,True,5
POST-OUTCOME EXPLORATORY -- NOT PART OF CONFIRMATORY YAX v1.1,-0.1321094507921903,observed_checkpoint,126,2026090687,baseline,-0.1742352192248114,0.019840618830972816,False,True,5
POST-OUTCOME EXPLORATORY -- NOT PART OF CONFIRMATORY YAX v1.1,-0.1321094507921903,observed_checkpoint,126,2026090687,SOC2_post,-0.14662130800400228,0.02105070559457553,True,True,5
POST-OUTCOME EXPLORATORY -- NOT PART OF CONFIRMATORY YAX v1.1,-0.1321094507921903,observed_checkpoint,127,2026090688,baseline,-0.13775736894575075,0.017099755139438576,True,True,5
POST-OUTCOME EXPLORATORY -- NOT PART OF CONFIRMATORY YAX v1.1,-0.1321094507921903,observed_checkpoint,127,2026090688,SOC2_post,-0.09718782733535294,0.021429807191389493,True,True,5
POST-OUTCOME EXPLORATORY -- NOT PART OF CONFIRMATORY YAX v1.1,-0.1321094507921903,observed_checkpoint,128,2026090689,baseline,-0.1527164437148176,0.019495199352575075,True,True,5
POST-OUTCOME EXPLORATORY -- NOT PART OF CONFIRMATORY YAX v1.1,-0.1321094507921903,observed_checkpoint,128,2026090689,SOC2_post,-0.1559387529453376,0.02484663904249701,True,True,5
POST-OUTCOME EXPLORATORY -- NOT PART OF CONFIRMATORY YAX v1.1,-0.1321094507921903,observed_checkpoint,129,2026090690,baseline,-0.09061424230544401,0.015794171494636494,False,True,5
POST-OUTCOME EXPLORATORY -- NOT PART OF CONFIRMATORY YAX v1.1,-0.1321094507921903,observed_checkpoint,129,2026090690,SOC2_post,-0.14208700676187477,0.019508568030936844,True,True,5
POST-OUTCOME EXPLORATORY -- NOT PART OF CONFIRMATORY YAX v1.1,-0.1321094507921903,observed_checkpoint,130,2026090691,baseline,-0.10839277073483776,0.019172846174052193,True,True,5
POST-OUTCOME EXPLORATORY -- NOT PART OF CONFIRMATORY YAX v1.1,-0.1321094507921903,observed_checkpoint,130,2026090691,SOC2_post,-0.13844171142093506,0.018244295210023513,True,True,5
POST-OUTCOME EXPLORATORY -- NOT PART OF CONFIRMATORY YAX v1.1,-0.1321094507921903,observed_checkpoint,131,2026090692,baseline,-0.10404608655979301,0.01806547276243388,True,True,5
POST-OUTCOME EXPLORATORY -- NOT PART OF CONFIRMATORY YAX v1.1,-0.1321094507921903,observed_checkpoint,131,2026090692,SOC2_post,-0.10612157747820081,0.02360772029295289,True,True,5
POST-OUTCOME EXPLORATORY -- NOT PART OF CONFIRMATORY YAX v1.1,-0.1321094507921903,observed_checkpoint,132,2026090693,baseline,-0.09094059123104513,0.018641678113179832,False,True,5
POST-OUTCOME EXPLORATORY -- NOT PART OF CONFIRMATORY YAX v1.1,-0.1321094507921903,observed_checkpoint,132,2026090693,SOC2_post,-0.08972255309873121,0.03170716101018507,True,True,5
POST-OUTCOME EXPLORATORY -- NOT PART OF CONFIRMATORY YAX v1.1,-0.1321094507921903,observed_checkpoint,133,2026090694,baseline,-0.12405621625972217,0.01733912687099752,True,True,5
POST-OUTCOME EXPLORATORY -- NOT PART OF CONFIRMATORY YAX v1.1,-0.1321094507921903,observed_checkpoint,133,2026090694,SOC2_post,-0.13166058896157018,0.020517167157443093,True,True,5
POST-OUTCOME EXPLORATORY -- NOT PART OF CONFIRMATORY YAX v1.1,-0.1321094507921903,observed_checkpoint,134,2026090695,baseline,-0.13779876163501525,0.015039382679026068,True,True,5
POST-OUTCOME EXPLORATORY -- NOT PART OF CONFIRMATORY YAX v1.1,-0.1321094507921903,observed_checkpoint,134,2026090695,SOC2_post,-0.12947319541571992,0.023967661184755233,True,True,5
POST-OUTCOME EXPLORATORY -- NOT PART OF CONFIRMATORY YAX v1.1,-0.1321094507921903,observed_checkpoint,135,2026090696,baseline,-0.12239356838262347,0.01777901206811388,True,True,5
POST-OUTCOME EXPLORATORY -- NOT PART OF CONFIRMATORY YAX v1.1,-0.1321094507921903,observed_checkpoint,135,2026090696,SOC2_post,-0.14636573186266047,0.019459744807199534,True,True,5
POST-OUTCOME EXPLORATORY -- NOT PART OF CONFIRMATORY YAX v1.1,-0.1321094507921903,observed_checkpoint,136,2026090697,baseline,-0.1322969918437281,0.01650943021240311,True,True,5
POST-OUTCOME EXPLORATORY -- NOT PART OF CONFIRMATORY YAX v1.1,-0.1321094507921903,observed_checkpoint,136,2026090697,SOC2_post,-0.14663957597414237,0.020243390992652745,True,True,5
POST-OUTCOME EXPLORATORY -- NOT PART OF CONFIRMATORY YAX v1.1,-0.1321094507921903,observed_checkpoint,137,2026090698,baseline,-0.1127604508370461,0.019004883394804398,True,True,5
POST-OUTCOME EXPLORATORY -- NOT PART OF CONFIRMATORY YAX v1.1,-0.1321094507921903,observed_checkpoint,137,2026090698,SOC2_post,-0.14749662095768287,0.023634051565463436,True,True,5
POST-OUTCOME EXPLORATORY -- NOT PART OF CONFIRMATORY YAX v1.1,-0.1321094507921903,observed_checkpoint,138,2026090699,baseline,-0.1367502127814808,0.01889371473940329,True,True,5
POST-OUTCOME EXPLORATORY -- NOT PART OF CONFIRMATORY YAX v1.1,-0.1321094507921903,observed_checkpoint,138,2026090699,SOC2_post,-0.1398101807681643,0.025360979146098413,True,True,5
POST-OUTCOME EXPLORATORY -- NOT PART OF CONFIRMATORY YAX v1.1,-0.1321094507921903,observed_checkpoint,140,2026090701,baseline,-0.10324057821945334,0.019046124597567566,True,True,5
POST-OUTCOME EXPLORATORY -- NOT PART OF CONFIRMATORY YAX v1.1,-0.1321094507921903,observed_checkpoint,140,2026090701,SOC2_post,-0.1179851445151123,0.02053213483024832,True,True,5
POST-OUTCOME EXPLORATORY -- NOT PART OF CONFIRMATORY YAX v1.1,-0.1321094507921903,observed_checkpoint,141,2026090702,baseline,-0.15331626925565892,0.0185785012114051,True,True,5
POST-OUTCOME EXPLORATORY -- NOT PART OF CONFIRMATORY YAX v1.1,-0.1321094507921903,observed_checkpoint,141,2026090702,SOC2_post,-0.1320954340207661,0.023205078855549212,True,True,5
POST-OUTCOME EXPLORATORY -- NOT PART OF CONFIRMATORY YAX v1.1,-0.1321094507921903,observed_checkpoint,142,2026090703,baseline,-0.17025176886351362,0.012875478187268505,False,True,5
POST-OUTCOME EXPLORATORY -- NOT PART OF CONFIRMATORY YAX v1.1,-0.1321094507921903,observed_checkpoint,142,2026090703,SOC2_post,-0.12632513590762515,0.01904925947270254,True,True,5
POST-OUTCOME EXPLORATORY -- NOT PART OF CONFIRMATORY YAX v1.1,-0.1321094507921903,observed_checkpoint,143,2026090704,baseline,-0.16270445427300992,0.016741036896399365,True,True,5
POST-OUTCOME EXPLORATORY -- NOT PART OF CONFIRMATORY YAX v1.1,-0.1321094507921903,observed_checkpoint,143,2026090704,SOC2_post,-0.14353449598015078,0.025559883458783208,True,True,5
POST-OUTCOME EXPLORATORY -- NOT PART OF CONFIRMATORY YAX v1.1,-0.1321094507921903,observed_checkpoint,144,2026090705,baseline,-0.16579773203752335,0.019011810026697645,True,True,5
POST-OUTCOME EXPLORATORY -- NOT PART OF CONFIRMATORY YAX v1.1,-0.1321094507921903,observed_checkpoint,144,2026090705,SOC2_post,-0.18063780090589776,0.020545529748306365,False,True,5
POST-OUTCOME EXPLORATORY -- NOT PART OF CONFIRMATORY YAX v1.1,-0.1321094507921903,observed_checkpoint,145,2026090706,baseline,-0.17536433487527228,0.01645876373328994,False,True,5
POST-OUTCOME EXPLORATORY -- NOT PART OF CONFIRMATORY YAX v1.1,-0.1321094507921903,observed_checkpoint,145,2026090706,SOC2_post,-0.14545627275749973,0.02091277883403442,True,True,5
POST-OUTCOME EXPLORATORY -- NOT PART OF CONFIRMATORY YAX v1.1,-0.1321094507921903,observed_checkpoint,146,2026090707,baseline,-0.11414288639825466,0.014199606664336013,True,True,5
POST-OUTCOME EXPLORATORY -- NOT PART OF CONFIRMATORY YAX v1.1,-0.1321094507921903,observed_checkpoint,146,2026090707,SOC2_post,-0.15801420859875848,0.021734957055459487,True,True,5
POST-OUTCOME EXPLORATORY -- NOT PART OF CONFIRMATORY YAX v1.1,-0.1321094507921903,observed_checkpoint,147,2026090708,baseline,-0.1086319094365289,0.015871506793534204,True,True,5
POST-OUTCOME EXPLORATORY -- NOT PART OF CONFIRMATORY YAX v1.1,-0.1321094507921903,observed_checkpoint,147,2026090708,SOC2_post,-0.10320576324908713,0.019732403824965973,True,True,5
POST-OUTCOME EXPLORATORY -- NOT PART OF CONFIRMATORY YAX v1.1,-0.1321094507921903,observed_checkpoint,148,2026090709,baseline,-0.10519181958920779,0.021103076916312094,True,True,5
POST-OUTCOME EXPLORATORY -- NOT PART OF CONFIRMATORY YAX v1.1,-0.1321094507921903,observed_checkpoint,148,2026090709,SOC2_post,-0.18636632540301257,0.021772949758852012,False,True,5
POST-OUTCOME EXPLORATORY -- NOT PART OF CONFIRMATORY YAX v1.1,-0.1321094507921903,observed_checkpoint,149,2026090710,baseline,-0.17871947533101346,0.014007969021566072,False,True,5
POST-OUTCOME EXPLORATORY -- NOT PART OF CONFIRMATORY YAX v1.1,-0.1321094507921903,observed_checkpoint,149,2026090710,SOC2_post,-0.11464825314884541,0.020436435370341982,True,True,5
POST-OUTCOME EXPLORATORY -- NOT PART OF CONFIRMATORY YAX v1.1,-0.1321094507921903,observed_checkpoint,150,2026090711,baseline,-0.12501431134912064,0.019368635630980353,True,True,5
POST-OUTCOME EXPLORATORY -- NOT PART OF CONFIRMATORY YAX v1.1,-0.1321094507921903,observed_checkpoint,150,2026090711,SOC2_post,-0.11743674281873273,0.02156753414716418,True,True,5
POST-OUTCOME EXPLORATORY -- NOT PART OF CONFIRMATORY YAX v1.1,-0.1321094507921903,observed_checkpoint,151,2026090712,baseline,-0.08588552111113186,0.01454593554239963,False,True,5
POST-OUTCOME EXPLORATORY -- NOT PART OF CONFIRMATORY YAX v1.1,-0.1321094507921903,observed_checkpoint,151,2026090712,SOC2_post,-0.10020056154125014,0.02215780440586832,True,True,5
POST-OUTCOME EXPLORATORY -- NOT PART OF CONFIRMATORY YAX v1.1,-0.1321094507921903,observed_checkpoint,152,2026090713,baseline,-0.09511290134862022,0.0187430954180554,False,True,5
POST-OUTCOME EXPLORATORY -- NOT PART OF CONFIRMATORY YAX v1.1,-0.1321094507921903,observed_checkpoint,152,2026090713,SOC2_post,-0.1428518358203251,0.021243954882403826,True,True,5
POST-OUTCOME EXPLORATORY -- NOT PART OF CONFIRMATORY YAX v1.1,-0.1321094507921903,observed_checkpoint,153,2026090714,baseline,-0.12973245561272725,0.01970573430171189,True,True,5
POST-OUTCOME EXPLORATORY -- NOT PART OF CONFIRMATORY YAX v1.1,-0.1321094507921903,observed_checkpoint,153,2026090714,SOC2_post,-0.0973845128979903,0.02260042313747392,True,True,5
POST-OUTCOME EXPLORATORY -- NOT PART OF CONFIRMATORY YAX v1.1,-0.1321094507921903,observed_checkpoint,154,2026090715,baseline,-0.10650976960107113,0.018664772780835226,True,True,5
POST-OUTCOME EXPLORATORY -- NOT PART OF CONFIRMATORY YAX v1.1,-0.1321094507921903,observed_checkpoint,154,2026090715,SOC2_post,-0.1374271237364109,0.021111531017836124,True,True,5
POST-OUTCOME EXPLORATORY -- NOT PART OF CONFIRMATORY YAX v1.1,-0.1321094507921903,observed_checkpoint,155,2026090716,baseline,-0.18386089893604368,0.01767480922662434,False,True,5
POST-OUTCOME EXPLORATORY -- NOT PART OF CONFIRMATORY YAX v1.1,-0.1321094507921903,observed_checkpoint,155,2026090716,SOC2_post,-0.13259740587580024,0.018380684820215293,True,True,5
POST-OUTCOME EXPLORATORY -- NOT PART OF CONFIRMATORY YAX v1.1,-0.1321094507921903,observed_checkpoint,156,2026090717,baseline,-0.1710354865308152,0.014604543329061345,False,True,5
POST-OUTCOME EXPLORATORY -- NOT PART OF CONFIRMATORY YAX v1.1,-0.1321094507921903,observed_checkpoint,156,2026090717,SOC2_post,-0.12437433940066757,0.020487029101773517,True,True,5
POST-OUTCOME EXPLORATORY -- NOT PART OF CONFIRMATORY YAX v1.1,-0.1321094507921903,observed_checkpoint,157,2026090718,baseline,-0.17082393393374107,0.015514524113265038,False,True,5
POST-OUTCOME EXPLORATORY -- NOT PART OF CONFIRMATORY YAX v1.1,-0.1321094507921903,observed_checkpoint,157,2026090718,SOC2_post,-0.13401861210206167,0.026216254200389356,True,True,5
POST-OUTCOME EXPLORATORY -- NOT PART OF CONFIRMATORY YAX v1.1,-0.1321094507921903,observed_checkpoint,158,2026090719,baseline,-0.1111274304585265,0.01816986268363939,True,True,5
POST-OUTCOME EXPLORATORY -- NOT PART OF CONFIRMATORY YAX v1.1,-0.1321094507921903,observed_checkpoint,158,2026090719,SOC2_post,-0.09788893964214464,0.0248601084044671,True,True,5
POST-OUTCOME EXPLORATORY -- NOT PART OF CONFIRMATORY YAX v1.1,-0.1321094507921903,observed_checkpoint,159,2026090720,baseline,-0.09649445986338244,0.022168995040775245,True,True,5
POST-OUTCOME EXPLORATORY -- NOT PART OF CONFIRMATORY YAX v1.1,-0.1321094507921903,observed_checkpoint,159,2026090720,SOC2_post,-0.11765991274822425,0.021865961307615228,True,True,5
POST-OUTCOME EXPLORATORY -- NOT PART OF CONFIRMATORY YAX v1.1,-0.1321094507921903,observed_checkpoint,160,2026090721,baseline,-0.12298892917896677,0.017668405053631212,True,True,5
POST-OUTCOME EXPLORATORY -- NOT PART OF CONFIRMATORY YAX v1.1,-0.1321094507921903,observed_checkpoint,160,2026090721,SOC2_post,-0.1441701809995378,0.019510650454090964,True,True,5
POST-OUTCOME EXPLORATORY -- NOT PART OF CONFIRMATORY YAX v1.1,-0.1321094507921903,observed_checkpoint,161,2026090722,baseline,-0.17120542244052173,0.016520202354290685,False,True,5
POST-OUTCOME EXPLORATORY -- NOT PART OF CONFIRMATORY YAX v1.1,-0.1321094507921903,observed_checkpoint,161,2026090722,SOC2_post,-0.13377819875073493,0.019970558781753717,True,True,5
POST-OUTCOME EXPLORATORY -- NOT PART OF CONFIRMATORY YAX v1.1,-0.1321094507921903,observed_checkpoint,162,2026090723,baseline,-0.12744877941888338,0.018987336814206977,True,True,5
POST-OUTCOME EXPLORATORY -- NOT PART OF CONFIRMATORY YAX v1.1,-0.1321094507921903,observed_checkpoint,162,2026090723,SOC2_post,-0.13130100839662096,0.022674877003286485,True,True,5
POST-OUTCOME EXPLORATORY -- NOT PART OF CONFIRMATORY YAX v1.1,-0.1321094507921903,observed_checkpoint,163,2026090724,baseline,-0.14661218343736415,0.020132078711947193,True,True,5
POST-OUTCOME EXPLORATORY -- NOT PART OF CONFIRMATORY YAX v1.1,-0.1321094507921903,observed_checkpoint,163,2026090724,SOC2_post,-0.11363447874351636,0.025825141500146535,True,True,5
POST-OUTCOME EXPLORATORY -- NOT PART OF CONFIRMATORY YAX v1.1,-0.1321094507921903,observed_checkpoint,164,2026090725,baseline,-0.19993048746773232,0.01471122992147657,False,True,5
POST-OUTCOME EXPLORATORY -- NOT PART OF CONFIRMATORY YAX v1.1,-0.1321094507921903,observed_checkpoint,164,2026090725,SOC2_post,-0.14876990819889857,0.02240889379504022,True,True,5
POST-OUTCOME EXPLORATORY -- NOT PART OF CONFIRMATORY YAX v1.1,-0.1321094507921903,observed_checkpoint,165,2026090726,baseline,-0.145056628422007,0.018039563361255413,True,True,5
POST-OUTCOME EXPLORATORY -- NOT PART OF CONFIRMATORY YAX v1.1,-0.1321094507921903,observed_checkpoint,165,2026090726,SOC2_post,-0.10556546657663127,0.021816085062912216,True,True,5
POST-OUTCOME EXPLORATORY -- NOT PART OF CONFIRMATORY YAX v1.1,-0.1321094507921903,observed_checkpoint,166,2026090727,baseline,-0.1305916446956737,0.014913450758459732,True,True,5
POST-OUTCOME EXPLORATORY -- NOT PART OF CONFIRMATORY YAX v1.1,-0.1321094507921903,observed_checkpoint,166,2026090727,SOC2_post,-0.12034387792036304,0.023686038256810017,True,True,5
POST-OUTCOME EXPLORATORY -- NOT PART OF CONFIRMATORY YAX v1.1,-0.1321094507921903,observed_checkpoint,167,2026090728,baseline,-0.14959114291681228,0.015588716279710731,True,True,5
POST-OUTCOME EXPLORATORY -- NOT PART OF CONFIRMATORY YAX v1.1,-0.1321094507921903,observed_checkpoint,167,2026090728,SOC2_post,-0.13100163918287205,0.019682346186366807,True,True,5
POST-OUTCOME EXPLORATORY -- NOT PART OF CONFIRMATORY YAX v1.1,-0.1321094507921903,observed_checkpoint,168,2026090729,baseline,-0.12976681453617359,0.01996793597464561,True,True,5
POST-OUTCOME EXPLORATORY -- NOT PART OF CONFIRMATORY YAX v1.1,-0.1321094507921903,observed_checkpoint,168,2026090729,SOC2_post,-0.17754494774699292,0.023794770195424482,True,True,5
POST-OUTCOME EXPLORATORY -- NOT PART OF CONFIRMATORY YAX v1.1,-0.1321094507921903,observed_checkpoint,169,2026090730,baseline,-0.14649710951821743,0.01812044473358428,True,True,5
POST-OUTCOME EXPLORATORY -- NOT PART OF CONFIRMATORY YAX v1.1,-0.1321094507921903,observed_checkpoint,169,2026090730,SOC2_post,-0.14467000367775884,0.019680451801058374,True,True,5
POST-OUTCOME EXPLORATORY -- NOT PART OF CONFIRMATORY YAX v1.1,-0.1321094507921903,observed_checkpoint,170,2026090731,baseline,-0.16740132965827462,0.021882287095416713,True,True,5
POST-OUTCOME EXPLORATORY -- NOT PART OF CONFIRMATORY YAX v1.1,-0.1321094507921903,observed_checkpoint,170,2026090731,SOC2_post,-0.1512760998420385,0.020084541138272197,True,True,5
POST-OUTCOME EXPLORATORY -- NOT PART OF CONFIRMATORY YAX v1.1,-0.1321094507921903,observed_checkpoint,172,2026090733,baseline,-0.0824849537871484,0.01423199027753379,False,True,5
POST-OUTCOME EXPLORATORY -- NOT PART OF CONFIRMATORY YAX v1.1,-0.1321094507921903,observed_checkpoint,172,2026090733,SOC2_post,-0.0711630936966545,0.0186025359873979,False,True,5
POST-OUTCOME EXPLORATORY -- NOT PART OF CONFIRMATORY YAX v1.1,-0.1321094507921903,observed_checkpoint,173,2026090734,baseline,-0.06052569815985218,0.015736805809980395,False,True,5
POST-OUTCOME EXPLORATORY -- NOT PART OF CONFIRMATORY YAX v1.1,-0.1321094507921903,observed_checkpoint,173,2026090734,SOC2_post,-0.09773653242816942,0.01968752557017033,True,True,5
POST-OUTCOME EXPLORATORY -- NOT PART OF CONFIRMATORY YAX v1.1,-0.1321094507921903,observed_checkpoint,174,2026090735,baseline,-0.1278165032386873,0.016417515718420792,True,True,5
POST-OUTCOME EXPLORATORY -- NOT PART OF CONFIRMATORY YAX v1.1,-0.1321094507921903,observed_checkpoint,174,2026090735,SOC2_post,-0.12269153454891865,0.021591647750043904,True,True,5
POST-OUTCOME EXPLORATORY -- NOT PART OF CONFIRMATORY YAX v1.1,-0.1321094507921903,observed_checkpoint,175,2026090736,baseline,-0.15256893737053448,0.016931420113260865,True,True,5
POST-OUTCOME EXPLORATORY -- NOT PART OF CONFIRMATORY YAX v1.1,-0.1321094507921903,observed_checkpoint,175,2026090736,SOC2_post,-0.13744708241674022,0.02404532725573522,True,True,5
POST-OUTCOME EXPLORATORY -- NOT PART OF CONFIRMATORY YAX v1.1,-0.1321094507921903,observed_checkpoint,176,2026090737,baseline,-0.135163533011172,0.018118925722490978,True,True,5
POST-OUTCOME EXPLORATORY -- NOT PART OF CONFIRMATORY YAX v1.1,-0.1321094507921903,observed_checkpoint,176,2026090737,SOC2_post,-0.12367203288713798,0.020810483073252888,True,True,5
POST-OUTCOME EXPLORATORY -- NOT PART OF CONFIRMATORY YAX v1.1,-0.1321094507921903,observed_checkpoint,177,2026090738,baseline,-0.11383547821724786,0.017765696204722597,True,True,5
POST-OUTCOME EXPLORATORY -- NOT PART OF CONFIRMATORY YAX v1.1,-0.1321094507921903,observed_checkpoint,177,2026090738,SOC2_post,-0.14259312365474322,0.019980227481372254,True,True,5
POST-OUTCOME EXPLORATORY -- NOT PART OF CONFIRMATORY YAX v1.1,-0.1321094507921903,observed_checkpoint,178,2026090739,baseline,-0.1483971575242033,0.020371739556327588,True,True,5
POST-OUTCOME EXPLORATORY -- NOT PART OF CONFIRMATORY YAX v1.1,-0.1321094507921903,observed_checkpoint,178,2026090739,SOC2_post,-0.11539753659972951,0.020133409044244648,True,True,5
POST-OUTCOME EXPLORATORY -- NOT PART OF CONFIRMATORY YAX v1.1,-0.1321094507921903,observed_checkpoint,179,2026090740,baseline,-0.11910292025759317,0.018990759584492964,True,True,5
POST-OUTCOME EXPLORATORY -- NOT PART OF CONFIRMATORY YAX v1.1,-0.1321094507921903,observed_checkpoint,179,2026090740,SOC2_post,-0.1697795923491078,0.02257414322567221,True,True,5
POST-OUTCOME EXPLORATORY -- NOT PART OF CONFIRMATORY YAX v1.1,-0.1321094507921903,observed_checkpoint,180,2026090741,baseline,-0.13982500907774123,0.017888239679282162,True,True,5
POST-OUTCOME EXPLORATORY -- NOT PART OF CONFIRMATORY YAX v1.1,-0.1321094507921903,observed_checkpoint,180,2026090741,SOC2_post,-0.12135627282836559,0.02277764865340966,True,True,5
POST-OUTCOME EXPLORATORY -- NOT PART OF CONFIRMATORY YAX v1.1,-0.1321094507921903,observed_checkpoint,181,2026090742,baseline,-0.1542012388650544,0.013844728131040438,True,True,5
POST-OUTCOME EXPLORATORY -- NOT PART OF CONFIRMATORY YAX v1.1,-0.1321094507921903,observed_checkpoint,181,2026090742,SOC2_post,-0.12877374376152087,0.01969614984519727,True,True,5
POST-OUTCOME EXPLORATORY -- NOT PART OF CONFIRMATORY YAX v1.1,-0.1321094507921903,observed_checkpoint,182,2026090743,baseline,-0.11026872181096299,0.016929908417553777,True,True,5
POST-OUTCOME EXPLORATORY -- NOT PART OF CONFIRMATORY YAX v1.1,-0.1321094507921903,observed_checkpoint,182,2026090743,SOC2_post,-0.1220206495854498,0.022143428904470148,True,True,5
POST-OUTCOME EXPLORATORY -- NOT PART OF CONFIRMATORY YAX v1.1,-0.1321094507921903,observed_checkpoint,183,2026090744,baseline,-0.10186410170134869,0.01628624740636805,True,True,5
POST-OUTCOME EXPLORATORY -- NOT PART OF CONFIRMATORY YAX v1.1,-0.1321094507921903,observed_checkpoint,183,2026090744,SOC2_post,-0.13611825066934466,0.018062492820921993,True,True,5
POST-OUTCOME EXPLORATORY -- NOT PART OF CONFIRMATORY YAX v1.1,-0.1321094507921903,observed_checkpoint,184,2026090745,baseline,-0.15540638019328104,0.018738193363973515,True,True,5
POST-OUTCOME EXPLORATORY -- NOT PART OF CONFIRMATORY YAX v1.1,-0.1321094507921903,observed_checkpoint,184,2026090745,SOC2_post,-0.12395328955778744,0.02275415548968689,True,True,5
POST-OUTCOME EXPLORATORY -- NOT PART OF CONFIRMATORY YAX v1.1,-0.1321094507921903,observed_checkpoint,185,2026090746,baseline,-0.13275208961321414,0.017638639069797592,True,True,5
POST-OUTCOME EXPLORATORY -- NOT PART OF CONFIRMATORY YAX v1.1,-0.1321094507921903,observed_checkpoint,185,2026090746,SOC2_post,-0.12648884873913618,0.020239859494749074,True,True,5
POST-OUTCOME EXPLORATORY -- NOT PART OF CONFIRMATORY YAX v1.1,-0.1321094507921903,observed_checkpoint,186,2026090747,baseline,-0.1425476076353361,0.01835238593252179,True,True,5
POST-OUTCOME EXPLORATORY -- NOT PART OF CONFIRMATORY YAX v1.1,-0.1321094507921903,observed_checkpoint,186,2026090747,SOC2_post,-0.14025603219599092,0.02118023905817268,True,True,5
POST-OUTCOME EXPLORATORY -- NOT PART OF CONFIRMATORY YAX v1.1,-0.1321094507921903,observed_checkpoint,187,2026090748,baseline,-0.17445014723663596,0.01651888421906552,False,True,5
POST-OUTCOME EXPLORATORY -- NOT PART OF CONFIRMATORY YAX v1.1,-0.1321094507921903,observed_checkpoint,187,2026090748,SOC2_post,-0.1172278600298135,0.019893392544397006,True,True,5
POST-OUTCOME EXPLORATORY -- NOT PART OF CONFIRMATORY YAX v1.1,-0.1321094507921903,observed_checkpoint,188,2026090749,baseline,-0.09160204492202152,0.019512060123077067,False,True,5
POST-OUTCOME EXPLORATORY -- NOT PART OF CONFIRMATORY YAX v1.1,-0.1321094507921903,observed_checkpoint,188,2026090749,SOC2_post,-0.11451895068731342,0.02392434492388641,True,True,5
POST-OUTCOME EXPLORATORY -- NOT PART OF CONFIRMATORY YAX v1.1,-0.1321094507921903,observed_checkpoint,189,2026090750,baseline,-0.15906982696395502,0.020218888017184092,True,True,5
POST-OUTCOME EXPLORATORY -- NOT PART OF CONFIRMATORY YAX v1.1,-0.1321094507921903,observed_checkpoint,189,2026090750,SOC2_post,-0.12036220578837013,0.019539277805552622,True,True,5
POST-OUTCOME EXPLORATORY -- NOT PART OF CONFIRMATORY YAX v1.1,-0.1321094507921903,observed_checkpoint,190,2026090751,baseline,-0.15051165169128783,0.021465730535509302,True,True,5
POST-OUTCOME EXPLORATORY -- NOT PART OF CONFIRMATORY YAX v1.1,-0.1321094507921903,observed_checkpoint,190,2026090751,SOC2_post,-0.13751481528342896,0.01986164178397281,True,True,5
POST-OUTCOME EXPLORATORY -- NOT PART OF CONFIRMATORY YAX v1.1,-0.1321094507921903,observed_checkpoint,191,2026090752,baseline,-0.1264575068377724,0.018048913879944062,True,True,5
POST-OUTCOME EXPLORATORY -- NOT PART OF CONFIRMATORY YAX v1.1,-0.1321094507921903,observed_checkpoint,191,2026090752,SOC2_post,-0.10634782254178006,0.026114846002237818,True,True,5
POST-OUTCOME EXPLORATORY -- NOT PART OF CONFIRMATORY YAX v1.1,-0.1321094507921903,observed_checkpoint,192,2026090753,baseline,-0.08050370050900857,0.01602810006100384,False,True,5
POST-OUTCOME EXPLORATORY -- NOT PART OF CONFIRMATORY YAX v1.1,-0.1321094507921903,observed_checkpoint,192,2026090753,SOC2_post,-0.1606490878073413,0.019423863383237497,True,True,5
POST-OUTCOME EXPLORATORY -- NOT PART OF CONFIRMATORY YAX v1.1,-0.1321094507921903,observed_checkpoint,193,2026090754,baseline,-0.12565638244161362,0.020176663540692103,True,True,5
POST-OUTCOME EXPLORATORY -- NOT PART OF CONFIRMATORY YAX v1.1,-0.1321094507921903,observed_checkpoint,193,2026090754,SOC2_post,-0.10848418862481872,0.021744081614602843,True,True,5
POST-OUTCOME EXPLORATORY -- NOT PART OF CONFIRMATORY YAX v1.1,-0.1321094507921903,observed_checkpoint,194,2026090755,baseline,-0.1391539958770015,0.01781657474103286,True,True,5
POST-OUTCOME EXPLORATORY -- NOT PART OF CONFIRMATORY YAX v1.1,-0.1321094507921903,observed_checkpoint,194,2026090755,SOC2_post,-0.13927276341831663,0.025462756941267116,True,True,5
POST-OUTCOME EXPLORATORY -- NOT PART OF CONFIRMATORY YAX v1.1,-0.1321094507921903,observed_checkpoint,195,2026090756,baseline,-0.09020255549811385,0.015996617990504485,False,True,5
POST-OUTCOME EXPLORATORY -- NOT PART OF CONFIRMATORY YAX v1.1,-0.1321094507921903,observed_checkpoint,195,2026090756,SOC2_post,-0.09536640721503999,0.02092023424287702,True,True,5
POST-OUTCOME EXPLORATORY -- NOT PART OF CONFIRMATORY YAX v1.1,-0.1321094507921903,observed_checkpoint,196,2026090757,baseline,-0.1327595451498931,0.019047029124338886,True,True,5
POST-OUTCOME EXPLORATORY -- NOT PART OF CONFIRMATORY YAX v1.1,-0.1321094507921903,observed_checkpoint,196,2026090757,SOC2_post,-0.12980496853667878,0.022040158259938488,True,True,5
POST-OUTCOME EXPLORATORY -- NOT PART OF CONFIRMATORY YAX v1.1,-0.1321094507921903,observed_checkpoint,197,2026090758,baseline,-0.1165003669816868,0.01851128199626081,True,True,5
POST-OUTCOME EXPLORATORY -- NOT PART OF CONFIRMATORY YAX v1.1,-0.1321094507921903,observed_checkpoint,197,2026090758,SOC2_post,-0.06580831870347036,0.022948513186348163,False,True,5
POST-OUTCOME EXPLORATORY -- NOT PART OF CONFIRMATORY YAX v1.1,-0.1321094507921903,observed_checkpoint,198,2026090759,baseline,-0.1153638214133721,0.0187670697749741,True,True,5
POST-OUTCOME EXPLORATORY -- NOT PART OF CONFIRMATORY YAX v1.1,-0.1321094507921903,observed_checkpoint,198,2026090759,SOC2_post,-0.12576979456661624,0.022344022913403778,True,True,5
POST-OUTCOME EXPLORATORY -- NOT PART OF CONFIRMATORY YAX v1.1,-0.1321094507921903,observed_checkpoint,199,2026090760,baseline,-0.07704566691623332,0.018324935351378288,False,True,5
POST-OUTCOME EXPLORATORY -- NOT PART OF CONFIRMATORY YAX v1.1,-0.1321094507921903,observed_checkpoint,199,2026090760,SOC2_post,-0.11662089330111103,0.020290338890201088,True,True,5
