architecture,occupation_code,occupation_name,raw_value,group,employment_weight
beta_ai,0010,Chief executives,0.507777777778,4,163889050.09179997
beta_ai,0020,General and operations managers,0.480769230769,4,123561351.71779999
beta_ai,0040,Advertising and promotions managers,0.476744186047,4,5935331.3099
beta_ai,0051,Marketing managers,0.5,4,61531214.76749831
beta_ai,0052,Sales managers,0.45,3,56615257.53080169
beta_ai,0110,Computer and information systems managers,0.530303030303,5,73196787.07419997
beta_ai,0135,Compensation and benefits managers,0.513157894737,4,1882403.4917
beta_ai,0136,Human resources managers,0.48,4,31748562.348400004
beta_ai,0137,Training and development managers,0.5,4,6074327.791900001
beta_ai,0140,Industrial production managers,0.405718701503,3,29841071.7746
beta_ai,0150,Purchasing managers,0.585714285714,5,23339541.333599996
beta_ai,0220,Construction managers,0.444444444444,3,110207595.66039999
beta_ai,0300,Architectural and engineering managers,0.442610837438,3,18525990.7127
beta_ai,0310,Food service managers,0.416666666667,3,114701500.5035
beta_ai,0340,Lodging managers,0.45652173913,4,12956252.5859
beta_ai,0350,Medical and health services managers,0.428571428571,3,78936084.21919999
beta_ai,0360,Natural sciences managers,0.530696798493,5,2949020.3623999995
beta_ai,0410,"Property, real estate, and community association managers",0.443181818182,3,73106308.22850001
beta_ai,0420,Social and community service managers,0.392857142857,3,44291662.7407
beta_ai,0425,Emergency management directors,0.422222222222,3,1553896.591
beta_ai,0440,"Managers, all other",0.491267364041,4,506074266.7158818
beta_ai,0500,"Agents and business managers of artists, performers, and athletes",0.54347826087,5,4691638.657699999
beta_ai,0600,Cost estimators,0.5,4,13025471.362699999
beta_ai,0630,Human resources workers,0.636460402172,5,88405612.52579999
beta_ai,0640,"Compensation, benefits, and job analysis specialists",0.473684210526,4,6283316.2752
beta_ai,0650,Training and development specialists,0.552631578947,5,14932616.4718
beta_ai,0700,Logisticians,0.527860531833,5,16883913.954600003
beta_ai,0710,Management analysts,0.404761904762,3,99046493.2692
beta_ai,0725,"Meeting, convention, and event planners",0.486486486486,4,15007647.706200002
beta_ai,0726,Fundraisers,0.519230769231,4,8744234.067799998
beta_ai,0735,Market research analysts and marketing specialists,0.524590163934,5,46146842.50759999
beta_ai,0750,"Business operations specialists, all other",0.582840766028,5,45352892.68859909
beta_ai,0820,Budget analysts,0.52,4,5510425.741099998
beta_ai,0830,Credit analysts,0.555555555556,5,3762474.5718
beta_ai,0850,Personal financial advisors,0.5,4,53451588.3097
beta_ai,0860,Insurance underwriters,0.571428571429,5,11761017.061799997
beta_ai,0900,Financial examiners,0.5,4,2008110.8465
beta_ai,0910,Credit counselors and loan officers,0.593775701278,5,37976448.82170001
beta_ai,0930,"Tax examiners and collectors, and revenue agents",0.58064516129,5,5730081.7777
beta_ai,0940,Tax preparers,0.625,5,9633229.187500002
beta_ai,1200,Actuaries,0.5,4,3437671.3406
beta_ai,1220,Operations research analysts,0.629032258065,5,15767367.009999998
beta_ai,1305,"Architects, except landscape and naval",0.488372093023,4,20368537.751485754
beta_ai,1306,Landscape architects,0.421052631579,3,3058596.62921425
beta_ai,1310,"Surveyors, cartographers, and photogrammetrists",0.512191890301,4,4355476.4026
beta_ai,1320,Aerospace engineers,0.571428571429,5,15994458.954799999
beta_ai,1340,Bioengineers and biomedical engineers,0.589743589744,5,2609204.9492
beta_ai,1350,Chemical engineers,0.461538461538,4,8023596.7612
beta_ai,1360,Civil engineers,0.482142857143,4,49024846.9927
beta_ai,1400,Computer hardware engineers,0.727272727273,5,8618146.867899999
beta_ai,1410,Electrical and electronics engineers,0.583553862215,5,28381398.206400003
beta_ai,1420,Environmental engineers,0.555555555556,5,3730685.3385
beta_ai,1450,Materials engineers,0.487804878049,4,4925663.4491
beta_ai,1460,Mechanical engineers,0.531293509652,5,38835216.0955
beta_ai,1520,Petroleum engineers,0.527777777778,5,2644448.7005
beta_ai,1530,"Engineers, all other",0.522649620028,4,65320035.782800004
beta_ai,1600,Agricultural and food scientists,0.432279913773,3,3036192.3712999998
beta_ai,1610,Biological scientists,0.482459683043,4,10644590.545
beta_ai,1650,Medical scientists,0.517091770561,4,15021247.8293
beta_ai,1700,Astronomers and physicists,0.722522779043,5,2022142.8628
beta_ai,1710,Atmospheric and space scientists,0.565217391304,5,1168553.7367
beta_ai,1720,Chemists and materials scientists,0.387875531818,3,9803292.955599999
beta_ai,1745,"Environmental scientists and specialists, including health",0.521716295214,4,4757849.96898312
beta_ai,1750,"Geoscientists and hydrologists, except geographers",0.508254748416,4,4598532.00361688
beta_ai,1760,"Physical scientists, all other",0.45652173913,4,38703306.8778
beta_ai,1800,Economists,0.552631578947,5,2921246.5148
beta_ai,1840,Urban and regional planners,0.477272727273,4,3642562.918499999
beta_ai,1910,Biological technicians,0.416666666667,3,2352643.5749000004
beta_ai,1920,Chemical technicians,0.392857142857,3,6218448.614799999
beta_ai,2002,"Educational, guidance, and career counselors and advisors",0.289473684211,2,37755221.382116765
beta_ai,2003,Marriage and family therapists,0.111111111111,1,3774914.0073693004
beta_ai,2005,Rehabilitation counselors,0.354838709677,3,2315758.5551624
beta_ai,2011,"Child, family, and school social workers",0.242857142857,2,9083543.658023462
beta_ai,2012,Healthcare social workers,0.34375,3,9311173.45211329
beta_ai,2013,Mental health and substance abuse social workers,0.270833333333,2,2782328.32975292
beta_ai,2015,Probation officers and correctional treatment specialists,0.394736842105,3,9015925.8345
beta_ai,2016,Social and human service assistants,0.392857142857,3,22244468.4702
beta_ai,2040,Clergy,0.333333333333,3,36498125.4148
beta_ai,2050,"Directors, religious activities and education",0.439393939394,3,6861000.7501
beta_ai,2100,Lawyers,0.425,3,115976127.9793
beta_ai,2105,Judicial law clerks,0.51724137931,4,1706941.9707000002
beta_ai,2145,Paralegals and legal assistants,0.525,5,44390500.05459999
beta_ai,2170,"Title examiners, abstractors, and searchers",0.571428571429,5,9657175.97804208
beta_ai,2300,Preschool and kindergarten teachers,0.22859311977,2,63386703.8802
beta_ai,2310,Elementary and middle school teachers,0.322218482511,2,352375505.67820007
beta_ai,2320,Secondary school teachers,0.333333333333,3,97805013.1318
beta_ai,2400,"Archivists, curators, and museum technicians",0.397395570035,3,5888564.773600001
beta_ai,2440,Library technicians,0.567307692308,5,2643117.3089
beta_ai,2631,Commercial and industrial designers,0.465517241379,4,1750436.0335694707
beta_ai,2632,Fashion designers,0.390625,3,3399369.3626386453
beta_ai,2633,Floral designers,0.2,2,5805937.379742183
beta_ai,2634,Graphic designers,0.5,4,31086341.3573062
beta_ai,2635,Interior designers,0.5,4,11256977.55884928
beta_ai,2636,Merchandise displayers and window trimmers,0.30487804878,2,2346788.600143905
beta_ai,2721,Athletes and sports competitors,0.0,1,3110559.7900124006
beta_ai,2722,Coaches and scouts,0.3,2,22168218.806512758
beta_ai,2723,"Umpires, referees, and other sports officials",0.3125,2,2069554.55267484
beta_ai,2740,Dancers and choreographers,0.148368409864,1,1528476.8542
beta_ai,2805,Broadcast announcers and radio disc jockeys,0.65,5,2782845.53450915
beta_ai,2825,Public relations specialists,0.590909090909,5,13210104.538299998
beta_ai,2830,Editors,0.647058823529,5,12172124.2502
beta_ai,2840,Technical writers,0.7,5,6364895.9709
beta_ai,2861,Interpreters and translators,0.88,5,9336842.184060289
beta_ai,2910,Photographers,0.385416666667,3,19933908.238100003
beta_ai,2920,"Television, video, and film camera operators and editors",0.484314789376,4,10459357.4858
beta_ai,3000,Chiropractors,0.454545454545,4,5573872.799299999
beta_ai,3030,Dietitians and nutritionists,0.548780487805,5,12300577.713999998
beta_ai,3040,Optometrists,0.3,2,4245136.1147
beta_ai,3050,Pharmacists,0.428571428571,3,35185848.4153
beta_ai,3110,Physician assistants,0.270833333333,2,15948698.407499999
beta_ai,3140,Audiologists,0.454545454545,4,1766265.0133
beta_ai,3150,Occupational therapists,0.289015151515,2,14406007.3173
beta_ai,3160,Physical therapists,0.191489361702,2,31258937.666699998
beta_ai,3200,Radiation therapists,0.280487804878,2,1336101.9675
beta_ai,3210,Recreational therapists,0.318181818182,2,1453245.4704
beta_ai,3220,Respiratory therapists,0.202380952381,2,10650683.653900001
beta_ai,3230,Speech-language pathologists,0.451219512195,4,19110404.8168
beta_ai,3250,Veterinarians,0.27027027027,2,9223157.647900002
beta_ai,3255,Registered nurses,0.380190007037,3,345289598.2755
beta_ai,3258,Nurse practitioners,0.481481481481,4,27230898.947600003
beta_ai,3300,Clinical laboratory technologists and technicians,0.254297259852,2,33022722.9229
beta_ai,3321,Cardiovascular technologists and technicians,0.357142857143,3,4771818.762860759
beta_ai,3322,Diagnostic medical sonographers,0.302631578947,2,9901756.685240556
beta_ai,3324,Magnetic resonance imaging technologists,0.322222222222,2,4836634.15155789
beta_ai,3421,Pharmacy technicians,0.426470588235,3,35334440.43467765
beta_ai,3422,Psychiatric technicians,0.12,1,8599326.71619727
beta_ai,3423,Surgical technologists,0.0666666666667,1,10593739.284380535
beta_ai,3424,Veterinary technologists and technicians,0.16393442623,1,12999681.675706852
beta_ai,3430,Dietetic technicians and ophthalmic medical technicians,0.304705146603,2,4364605.591385154
beta_ai,3500,Licensed practical and licensed vocational nurses,0.25,2,58953827.0837
beta_ai,3520,"Opticians, dispensing",0.285714285714,2,4787206.8434999995
beta_ai,3610,Occupational therapy assistants and aides,0.265457675824,2,3346660.5036
beta_ai,3620,Physical therapist assistants and aides,0.162561583951,1,9183252.474700002
beta_ai,3630,Massage therapists,0.0740740740741,1,16363782.897400003
beta_ai,3640,Dental assistants,0.266666666667,2,29201135.9606
beta_ai,3645,Medical assistants,0.358974358974,3,58867724.158199996
beta_ai,3646,Medical transcriptionists,0.875,5,3920540.8137999997
beta_ai,3647,Pharmacy aides,0.38,3,3664334.309699999
beta_ai,3648,Veterinary assistants and laboratory animal caretakers,0.222222222222,2,5713958.7185
beta_ai,3649,Phlebotomists,0.182926829268,2,11679084.050099999
beta_ai,3655,Other healthcare support workers,0.32487995025,2,19109071.259999998
beta_ai,3700,First-line supervisors of correctional officers,0.282608695652,2,4962334.1998
beta_ai,3710,First-line supervisors of police and detectives,0.328947368421,3,10036658.909100002
beta_ai,3801,Bailiffs,0.0357142857143,1,2240944.5350507
beta_ai,3802,Correctional officers and jailers,0.261363636364,2,32824670.962349303
beta_ai,3840,Parking enforcement workers,0.320512820513,2,1475025.4367
beta_ai,3900,Animal control workers,0.35,3,948390.1529
beta_ai,3910,Private detectives and investigators,0.388888888889,3,11381610.5933
beta_ai,3930,Security guards and gambling surveillance officers,0.169000889377,1,82838962.94070002
beta_ai,3940,Crossing guards and flaggers,0.105263157895,1,3835250.4263999998
beta_ai,3945,Transportation security screeners,0.26,2,4413954.0007
beta_ai,4000,Chefs and head cooks,0.261904761905,2,46075472.827999994
beta_ai,4010,First-line supervisors of food preparation and serving workers,0.511111111111,4,46940051.0389
beta_ai,4030,Food preparation workers,0.037037037037,1,66576580.9251
beta_ai,4040,Bartenders,0.194444444444,2,41044734.357700005
beta_ai,4110,Waiters and waitresses,0.183673469388,2,127667839.8756
beta_ai,4120,"Food servers, nonrestaurant",0.12962962963,1,14666952.1296
beta_ai,4130,Dining room and cafeteria attendants and bartender helpers,0.0,1,18078127.886500005
beta_ai,4140,Dishwashers,0.0,1,17470025.354799997
beta_ai,4150,"Hosts and hostesses, restaurant, lounge, and coffee shop",0.228571428571,2,11021712.369699998
beta_ai,4200,First-line supervisors of housekeeping and janitorial workers,0.265306122449,2,33933577.4643
beta_ai,4210,"First-line supervisors of landscaping, lawn service, and groundskeeping workers",0.354545454545,3,27003127.672000006
beta_ai,4230,Maids and housekeeping cleaners,0.0,1,135885852.44079998
beta_ai,4240,Pest control workers,0.25,2,10027727.575499998
beta_ai,4251,Landscaping and groundskeeping workers,0.0243902439024,1,104494046.30693966
beta_ai,4252,Tree trimmers and pruners,0.0609756097561,1,9205794.550122188
beta_ai,4340,Animal trainers,0.103448275862,1,5633051.1576000005
beta_ai,4350,Animal caretakers,0.272727272727,2,25720693.361700002
beta_ai,4420,"Ushers, lobby attendants, and ticket takers",0.142857142857,1,1949762.1051999999
beta_ai,4465,"Morticians, undertakers, and funeral arrangers",0.162790697674,1,2998527.6498000002
beta_ai,4500,Barbers,0.161764705882,1,12291821.8315
beta_ai,4510,"Hairdressers, hairstylists, and cosmetologists",0.0789473684211,1,70896851.5809
beta_ai,4521,Manicurists and pedicurists,0.0833333333333,1,29008302.97527058
beta_ai,4522,Skincare specialists,0.19696969697,2,9385591.2323254
beta_ai,4525,Other personal appearance workers,0.120689388147,1,2792627.7227053014
beta_ai,4530,"Baggage porters, bellhops, and concierges",0.345772135604,3,7490341.210200001
beta_ai,4540,Tour and travel guides,0.324615384615,2,3919090.1154000005
beta_ai,4600,Childcare workers,0.141431203931,1,87748555.89209999
beta_ai,4621,Exercise trainers and group fitness instructors,0.0147058823529,1,21483578.9514412
beta_ai,4622,Recreation workers,0.238095238095,2,15121050.909658799
beta_ai,4640,Residential advisors,0.24,2,2775621.6421
beta_ai,4700,First-Line supervisors of retail sales workers,0.486486486486,4,305992165.941
beta_ai,4710,First-Line supervisors of non-retail sales workers,0.537037037037,5,117000514.7968
beta_ai,4720,Cashiers,0.209572816076,2,173495830.11279997
beta_ai,4740,Counter and rental clerks,0.532258064516,5,7475893.990200001
beta_ai,4750,Parts salespersons,0.342857142857,3,11176160.7078
beta_ai,4760,Retail salespersons,0.342105263158,3,228812358.4479
beta_ai,4800,Advertising sales agents,0.538461538462,5,15391254.927499998
beta_ai,4810,Insurance sales agents,0.575757575758,5,59125760.14389999
beta_ai,4830,Travel agents,0.5625,5,6958153.8108
beta_ai,4850,"Sales representatives, wholesale and manufacturing",0.599099659829,5,119133359.4162
beta_ai,4900,"Models, demonstrators, and product promoters",0.133131473338,1,3245010.1121
beta_ai,4920,Real estate brokers and sales agents,0.450998306444,4,98938699.83330001
beta_ai,4930,Sales engineers,0.511363636364,4,4252809.0244
beta_ai,4940,Telemarketers,0.805555555556,5,3543014.7935999995
beta_ai,4950,"Door-to-door sales workers, news and street vendors, and related workers",0.260869565217,2,12082550.5947
beta_ai,5000,First-Line supervisors of office and administrative support workers,0.489583333333,4,130810605.30960001
beta_ai,5010,"Switchboard operators, including answering service",0.629032258065,5,1464785.0644
beta_ai,5020,Telephone operators,0.894736842105,5,2430039.0006
beta_ai,5100,Bill and account collectors,0.696428571429,5,10903897.3404
beta_ai,5120,"Bookkeeping, accounting, and auditing clerks",0.802325581395,5,106672546.905
beta_ai,5130,Gambling cage workers,0.41935483871,3,363555.36209999997
beta_ai,5140,Payroll and timekeeping clerks,0.837837837838,5,13994555.063900001
beta_ai,5150,Procurement clerks,0.614285714286,5,3715127.9359
beta_ai,5160,Tellers,0.541666666667,5,22906262.9295
beta_ai,5200,Brokerage clerks,0.766666666667,5,140971.8487
beta_ai,5240,Customer service representatives,0.568181818182,5,228261075.1092
beta_ai,5250,"Eligibility interviewers, government programs",0.68,5,7681991.7288
beta_ai,5260,File clerks,0.794117647059,5,13437590.4411
beta_ai,5300,"Hotel, motel, and resort desk clerks",0.5,4,9741016.4771
beta_ai,5310,"Interviewers, except eligibility and loan",0.672413793103,5,16246697.303399999
beta_ai,5320,"Library assistants, clerical",0.534482758621,5,6627608.1337
beta_ai,5330,Loan interviewers and clerks,0.59375,5,12775854.791299999
beta_ai,5340,New accounts clerks,0.56,5,1846238.2814
beta_ai,5350,Order clerks,0.714285714286,5,9872327.156399997
beta_ai,5360,"Human resources assistants, except payroll and timekeeping",0.620689655172,5,7601459.439199999
beta_ai,5400,Receptionists and information clerks,0.533333333333,5,109318493.98640002
beta_ai,5410,Reservation and transportation ticket agents and travel clerks,0.457142857143,4,11594632.134300003
beta_ai,5500,Cargo and freight agents,0.527301315037,5,2123814.4747
beta_ai,5510,Couriers and messengers,0.310344827586,2,67076305.8961
beta_ai,5521,Public safety telecommunicators,0.65625,5,8890281.72196498
beta_ai,5522,"Dispatchers, except police, fire, and ambulance",0.673913043478,5,18561889.791435022
beta_ai,5530,"Meter readers, utilities",0.4375,3,1967666.2185
beta_ai,5540,Postal service clerks,0.314814814815,2,10183734.062400002
beta_ai,5550,Postal service mail carriers,0.230769230769,2,32142933.355599996
beta_ai,5600,"Production, planning, and expediting clerks",0.596153846154,5,23896915.7081
beta_ai,5610,"Shipping, receiving, and inventory clerks",0.5,4,58563005.4203
beta_ai,5630,"Weighers, measurers, checkers, and samplers, recordkeeping",0.293103448276,2,6149528.559
beta_ai,5710,Executive secretaries and executive administrative assistants,0.648648648649,5,21274138.4998368
beta_ai,5720,Legal secretaries and administrative assistants,0.695652173913,5,5197807.144740799
beta_ai,5730,Medical secretaries and administrative assistants,0.666666666667,5,8652858.517060801
beta_ai,5740,"Secretaries and administrative assistants, except legal, medical, and executive",0.644230769231,5,190792704.04926157
beta_ai,5810,Data entry keyers,0.892857142857,5,22907000.8792
beta_ai,5820,Word processors and typists,0.743243243243,5,4836528.3924
beta_ai,5850,"Mail clerks and mail machine operators, except postal service",0.216216216216,2,5063956.6843
beta_ai,5860,"Office clerks, general",0.575757575758,5,119468677.6626
beta_ai,5900,"Office machine operators, except computer",0.397058823529,3,2297704.1344999997
beta_ai,5910,Proofreaders and copy markers,0.975,5,883604.8137
beta_ai,5920,Statistical assistants,0.891304347826,5,3657831.4852000005
beta_ai,6010,Agricultural inspectors,0.291666666667,2,1549919.4792
beta_ai,6040,"Graders and sorters, agricultural products",0.1,1,5890548.508700002
beta_ai,6120,Forest and conservation workers,0.0434782608696,1,1687509.7943000002
beta_ai,6200,First-line supervisors of construction trades and extraction workers,0.416666666667,3,71537912.9583
beta_ai,6210,Boilermakers,0.030303030303,1,1629486.3432
beta_ai,6220,"Brickmasons, blockmasons, and stonemasons",0.0331319950258,1,13027021.780499998
beta_ai,6240,"Carpet, floor, and tile installers and finishers",0.061590800335,1,14500176.246199999
beta_ai,6250,"Cement masons, concrete finishers, and terrazzo workers",0.0,1,5803959.462499999
beta_ai,6260,Construction laborers,0.05,1,204354638.40659997
beta_ai,6305,Construction equipment operators,0.0485911192114,1,37432852.083900005
beta_ai,6330,"Drywall installers, ceiling tile installers, and tapers",0.0362255560531,1,15093130.693100002
beta_ai,6355,Electricians,0.146341463415,1,91439980.32190001
beta_ai,6360,Glaziers,0.0833333333333,1,3872469.1693
beta_ai,6400,Insulation workers,0.047818773654,1,5411850.466499999
beta_ai,6410,Painters and paperhangers,0.0568174459752,1,54922008.67380001
beta_ai,6441,Pipelayers,0.0357142857143,1,5043857.494626249
beta_ai,6460,Plasterers and stucco masons,0.0769230769231,1,2285283.1444
beta_ai,6500,Reinforcing iron and rebar workers,0.0714285714286,1,199764.4368
beta_ai,6515,Roofers,0.04,1,21984621.8674
beta_ai,6520,Sheet metal workers,0.0657894736842,1,13553177.427599998
beta_ai,6530,Structural iron and steel workers,0.0285714285714,1,4985410.348999999
beta_ai,6660,Construction and building inspectors,0.334104289319,3,10076300.3013
beta_ai,6700,Elevator and escalator installers and repairers,0.184210526316,2,3516140.3828000003
beta_ai,6710,Fence erectors,0.0512820512821,1,3754233.8848
beta_ai,6720,Hazardous materials removal workers,0.0806451612903,1,2985994.1704
beta_ai,6730,Highway maintenance workers,0.0161290322581,1,9135292.900100002
beta_ai,6740,Rail-track laying and maintenance equipment operators,0.0,1,1278398.5896
beta_ai,6765,Miscellaneous construction and related workers,0.120833333333,1,4156433.8955000006
beta_ai,6800,"Derrick, rotary drill, and service unit operators, oil and gas",0.0521675635234,1,2958164.1501
beta_ai,7000,"First-line supervisors of mechanics, installers, and repairers",0.410256410256,3,26636654.502
beta_ai,7010,"Computer, automated teller, and office machine repairers",0.367346938776,3,16558350.486299999
beta_ai,7020,Radio and telecommunications equipment installers and repairers,0.268462416999,2,12900462.173
beta_ai,7030,Avionics technicians,0.24,2,1111129.7714999998
beta_ai,7040,"Electric motor, power tool, and related repairers",0.105769230769,1,2101661.2624
beta_ai,7100,"Electrical and electronics repairers, industrial and utility",0.227546136511,2,1999326.027
beta_ai,7110,"Electronic equipment installers and repairers, motor vehicles",0.166666666667,1,228337.88970000003
beta_ai,7120,Audiovisual equipment installers and repairers,0.238095238095,2,3077006.6521
beta_ai,7130,Security and fire alarm systems installers,0.166666666667,1,6176076.4438000005
beta_ai,7140,Aircraft mechanics and service technicians,0.134328358209,1,15411964.381899998
beta_ai,7150,Automotive body and related repairers,0.0425531914894,1,12898514.0545
beta_ai,7160,Automotive glass installers and repairers,0.0,1,2188247.3498000004
beta_ai,7210,Bus and truck mechanics and diesel engine specialists,0.0,1,34990989.983399995
beta_ai,7220,Heavy vehicle and mobile equipment service technicians and mechanics,0.102291808775,1,20487641.739899997
beta_ai,7240,Small engine mechanics,0.10950292839,1,4090293.4076
beta_ai,7260,"Miscellaneous vehicle and mobile equipment mechanics, installers, and repairers",0.02015335729,1,7438558.798999999
beta_ai,7300,Control and valve installers and repairers,0.132801907886,1,2395988.0089
beta_ai,7320,Home appliance repairers,0.145454545455,1,4219145.7509
beta_ai,7330,Industrial and refractory machinery mechanics,0.236670683742,2,40317999.51359999
beta_ai,7340,"Maintenance and repair workers, general",0.137254901961,1,61076538.656600006
beta_ai,7350,"Maintenance workers, machinery",0.142857142857,1,2980051.7053000005
beta_ai,7360,Millwrights,0.0217391304348,1,4545091.303699999
beta_ai,7410,Electrical power-line installers and repairers,0.0,1,13119090.7542
beta_ai,7420,Telecommunications line installers and repairers,0.03125,1,15346975.804399999
beta_ai,7510,"Coin, vending, and amusement machine servicers and repairers",0.321428571429,2,3331663.6464000004
beta_ai,7540,Locksmiths and safe repairers,0.08,1,2971788.6429000003
beta_ai,7550,Manufactured building and mobile home installers,0.0769230769231,1,168257.5183
beta_ai,7560,Riggers,0.0,1,1106420.6544999997
beta_ai,7610,"Helpers--installation, maintenance, and repair workers",0.0333333333333,1,1287149.81
beta_ai,7700,First-line supervisors of production and operating workers,0.4,3,80607458.7697
beta_ai,7710,"Aircraft structure, surfaces, rigging, and systems assemblers",0.025,1,140542.2783
beta_ai,7720,"Electrical, electronics, and electromechanical assemblers",0.121276871277,1,11051376.577300001
beta_ai,7730,Engine and other machine assemblers,0.0952380952381,1,1115420.8651
beta_ai,7740,Structural metal fabricators and fitters,0.0227272727273,1,2192751.1317
beta_ai,7800,Bakers,0.264705882353,2,21543473.7475
beta_ai,7810,"Butchers and other meat, poultry, and fish processing workers",0.0526813975787,1,24572161.302300002
beta_ai,7830,"Food and tobacco roasting, baking, and drying machine operators and tenders",0.0666666666667,1,1025785.2087
beta_ai,7840,Food batchmakers,0.115384615385,1,8202041.0847
beta_ai,7850,Food cooking machine operators and tenders,0.129032258065,1,944362.794
beta_ai,7925,"Forming machine setters, operators, and tenders, metal and plastic",0.0711597406889,1,2299035.0541000003
beta_ai,7950,"Cutting, punching, and press machine setters, operators, and tenders, metal and plastic",0.01,1,6439841.536199999
beta_ai,8000,"Grinding, lapping, polishing, and buffing machine tool setters, operators, and tenders, metal and plastic",0.0645161290323,1,3521929.3216
beta_ai,8030,Machinists,0.234693877551,2,32185441.0124
beta_ai,8040,"Metal furnace operators, tenders, pourers, and casters",0.0732134780642,1,1820364.011
beta_ai,8100,"Molders and molding machine setters, operators, and tenders, metal and plastic",0.0751302730671,1,3469436.869
beta_ai,8130,Tool and die makers,0.1875,2,4062581.6353
beta_ai,8250,Prepress technicians and workers,0.4375,3,1573104.1207000003
beta_ai,8255,Printing press operators,0.2875,2,14222633.7242
beta_ai,8300,Laundry and dry-cleaning workers,0.05,1,11841194.691199997
beta_ai,8310,"Pressers, textile, garment, and related materials",0.0104166666667,1,2508855.6802999997
beta_ai,8320,Sewing machine operators,0.0813953488372,1,13061985.5048
beta_ai,8335,Shoe and leather workers,0.0698267907662,1,989517.0514000001
beta_ai,8350,"Tailors, dressmakers, and sewers",0.0813316231343,1,5624918.265999999
beta_ai,8365,"Textile machine setters, operators, and tenders",0.129806071064,1,1428005.8833
beta_ai,8450,Upholsterers,0.191176470588,2,2283342.0799
beta_ai,8500,Cabinetmakers and bench carpenters,0.117647058824,1,5271617.132199999
beta_ai,8510,Furniture finishers,0.0285714285714,1,1329588.7197
beta_ai,8530,"Sawing machine setters, operators, and tenders, wood",0.0588235294118,1,2341450.7643
beta_ai,8540,"Woodworking machine setters, operators, and tenders, except sawing",0.0652173913043,1,1595568.2244000002
beta_ai,8600,"Power plant operators, distributors, and dispatchers",0.222181427261,2,3986977.414
beta_ai,8610,Stationary engineers and boiler operators,0.162790697674,1,8018134.540599999
beta_ai,8620,Water and wastewater treatment plant and system operators,0.125,1,10564925.745
beta_ai,8630,Miscellaneous plant and system operators,0.148533814252,1,4378222.1003
beta_ai,8640,"Chemical processing machine setters, operators, and tenders",0.14924748778,1,6252680.064100001
beta_ai,8650,"Crushing, grinding, polishing, mixing, and blending workers",0.10291641051,1,7671213.242700001
beta_ai,8710,Cutting workers,0.0597244963337,1,5242613.767899999
beta_ai,8720,"Extruding, forming, pressing, and compacting machine setters, operators, and tenders",0.075,1,1865533.3747999999
beta_ai,8730,"Furnace, kiln, oven, drier, and kettle operators and tenders",0.16,1,1359281.1579
beta_ai,8740,"Inspectors, testers, sorters, samplers, and weighers",0.416666666667,3,76832348.95960002
beta_ai,8760,Dental and ophthalmic laboratory technicians and medical appliance technicians,0.0776242906442,1,7721937.1519
beta_ai,8800,Packaging and filling machine operators and tenders,0.0,1,25673048.0797
beta_ai,8830,Photographic process workers and processing machine operators,0.38,3,2017490.1151000003
beta_ai,8850,Adhesive bonding machine operators and tenders,0.0645161290323,1,816490.2437
beta_ai,8910,Etchers and engravers,0.136363636364,1,557451.4763
beta_ai,8930,"Paper goods machine setters, operators, and tenders",0.0,1,1829820.5060999999
beta_ai,8940,Tire builders,0.0192307692308,1,850864.8956
beta_ai,8950,Helpers--production workers,0.0888888888889,1,4578290.857799999
beta_ai,9030,Aircraft pilots and flight engineers,0.31310261708,2,17193977.6269
beta_ai,9040,Air traffic controllers and airfield operations specialists,0.35020433316,3,3647752.1557
beta_ai,9050,Flight attendants,0.166666666667,1,10865461.289400002
beta_ai,9110,"Ambulance drivers and attendants, except emergency medical technicians",0.0909090909091,1,1251391.2592
beta_ai,9130,Driver/sales workers and truck drivers,0.312292386253,2,343819414.8974999
beta_ai,9210,Locomotive engineers and operators,0.277380653417,2,4395863.026137389
beta_ai,9240,Railroad conductors and yardmasters,0.277777777778,2,5062184.8339
beta_ai,9300,Sailors and marine oilers,0.0425531914894,1,2076487.5148000002
beta_ai,9350,Parking attendants,0.107142857143,1,5750158.778999999
beta_ai,9415,Passenger attendants,0.222222222222,2,2671401.5552000003
beta_ai,9510,Crane and tower operators,0.184210526316,2,5916504.9982
beta_ai,9600,Industrial truck and tractor operators,0.03125,1,61465442.0219
beta_ai,9610,Cleaners of vehicles and equipment,0.0833333333333,1,28124023.565100003
beta_ai,9620,"Laborers and freight, stock, and material movers, hand",0.0417391304348,1,188309665.85270002
beta_ai,9630,Machine feeders and offbearers,0.0909090909091,1,2122411.2681
beta_ai,9640,"Packers and packagers, hand",0.1,1,55677709.6437
beta_ai,9650,Pumping station operators,0.116191591826,1,1831480.1794
beta_ai,9720,Refuse and recyclable material collectors,0.196428571429,2,9954648.7303
wage,0010,Chief executives,12.269141336997157,5,163889050.09179997
wage,0020,General and operations managers,11.654858960858896,5,123561351.71779999
wage,0040,Advertising and promotions managers,11.869620408708965,5,5935331.3099
wage,0051,Marketing managers,11.941064890117266,5,61531214.76749831
wage,0052,Sales managers,11.86632505077504,5,56615257.53080169
wage,0110,Computer and information systems managers,12.001075939697,5,73196787.07419997
wage,0135,Compensation and benefits managers,11.84560480335274,5,1882403.4917
wage,0136,Human resources managers,11.824739016996938,5,31748562.348400004
wage,0137,Training and development managers,11.766016092652391,5,6074327.791900001
wage,0140,Industrial production managers,11.67657375649856,5,29841071.7746
wage,0150,Purchasing managers,11.80998839922776,5,23339541.333599996
wage,0220,Construction managers,11.591829062565694,5,110207595.66039999
wage,0300,Architectural and engineering managers,11.976470784154918,5,18525990.7127
wage,0310,Food service managers,11.066169502444184,3,114701500.5035
wage,0340,Lodging managers,11.12387489813016,4,12956252.5859
wage,0350,Medical and health services managers,11.693912798751048,5,78936084.21919999
wage,0360,Natural sciences managers,11.958316165950713,5,2949020.3623999995
wage,0410,"Property, real estate, and community association managers",11.156679000649564,4,73106308.22850001
wage,0420,Social and community service managers,11.248829702324588,4,44291662.7407
wage,0425,Emergency management directors,11.348050821779994,4,1553896.591
wage,0440,"Managers, all other",11.77305646833472,5,506074266.7158818
wage,0500,"Agents and business managers of artists, performers, and athletes",11.664873721242287,5,4691638.657699999
wage,0600,Cost estimators,11.208300671788136,4,13025471.362699999
wage,0630,Human resources workers,11.173449995327612,4,88405612.52579999
wage,0640,"Compensation, benefits, and job analysis specialists",11.2092495027641,4,6283316.2752
wage,0650,Training and development specialists,11.121659076261876,4,14932616.4718
wage,0700,Logisticians,11.280110293959288,4,16883913.954600003
wage,0710,Management analysts,11.518211469399466,5,99046493.2692
wage,0725,"Meeting, convention, and event planners",10.965608732621822,3,15007647.706200002
wage,0726,Fundraisers,11.0801405462071,3,8744234.067799998
wage,0735,Market research analysts and marketing specialists,11.239540697219272,4,46146842.50759999
wage,0750,"Business operations specialists, all other",11.280236500812489,4,45352892.68859909
wage,0820,Budget analysts,11.341425146807858,4,5510425.741099998
wage,0830,Credit analysts,11.385432944454951,4,3762474.5718
wage,0850,Personal financial advisors,11.694913632862946,5,53451588.3097
wage,0860,Insurance underwriters,11.289031632265315,4,11761017.061799997
wage,0900,Financial examiners,11.473976714831654,5,2008110.8465
wage,0910,Credit counselors and loan officers,11.264920548439193,4,37976448.82170001
wage,0930,"Tax examiners and collectors, and revenue agents",11.054059580134949,3,5730081.7777
wage,0940,Tax preparers,10.841148310146476,3,9633229.187500002
wage,1200,Actuaries,11.73846614088416,5,3437671.3406
wage,1220,Operations research analysts,11.470331067337808,5,15767367.009999998
wage,1305,"Architects, except landscape and naval",11.428456308343778,4,20368537.751485754
wage,1306,Landscape architects,11.224976690289903,4,3058596.62921425
wage,1310,"Surveyors, cartographers, and photogrammetrists",11.154385417188715,4,4355476.4026
wage,1320,Aerospace engineers,11.719695702166494,5,15994458.954799999
wage,1340,Bioengineers and biomedical engineers,11.523073796022045,5,2609204.9492
wage,1350,Chemical engineers,11.710463987569044,5,8023596.7612
wage,1360,Civil engineers,11.466776808944248,5,49024846.9927
wage,1400,Computer hardware engineers,11.822099912760107,5,8618146.867899999
wage,1410,Electrical and electronics engineers,11.614290321095478,5,28381398.206400003
wage,1420,Environmental engineers,11.515123048513717,5,3730685.3385
wage,1450,Materials engineers,11.5322377760026,5,4925663.4491
wage,1460,Mechanical engineers,11.48246625748552,5,38835216.0955
wage,1520,Petroleum engineers,11.8894422511225,5,2644448.7005
wage,1530,"Engineers, all other",11.588032937457031,5,65320035.782800004
wage,1600,Agricultural and food scientists,11.28948474477993,4,3036192.3712999998
wage,1610,Biological scientists,11.450753411077535,4,10644590.545
wage,1650,Medical scientists,11.54090029699248,5,15021247.8293
wage,1700,Astronomers and physicists,11.92178432184001,5,2022142.8628
wage,1710,Atmospheric and space scientists,11.481228378226971,5,1168553.7367
wage,1720,Chemists and materials scientists,11.411227116889467,4,9803292.955599999
wage,1745,"Environmental scientists and specialists, including health",11.30516301569432,4,4757849.96898312
wage,1750,"Geoscientists and hydrologists, except geographers",11.37342023613338,4,4598532.00361688
wage,1760,"Physical scientists, all other",11.637088107590651,5,38703306.8778
wage,1800,Economists,11.702139878021354,5,2921246.5148
wage,1840,Urban and regional planners,11.306024289201885,4,3642562.918499999
wage,1910,Biological technicians,10.854566109895949,3,2352643.5749000004
wage,1920,Chemical technicians,10.915815472607225,3,6218448.614799999
wage,2002,"Educational, guidance, and career counselors and advisors",11.052317557364857,3,37755221.382116765
wage,2003,Marriage and family therapists,10.99641705806874,3,3774914.0073693004
wage,2005,Rehabilitation counselors,10.70862323504412,2,2315758.5551624
wage,2011,"Child, family, and school social workers",10.912904262399769,3,9083543.658023462
wage,2012,Healthcare social workers,11.039877205538268,3,9311173.45211329
wage,2013,Mental health and substance abuse social workers,10.96474405466047,3,2782328.32975292
wage,2015,Probation officers and correctional treatment specialists,11.055482617769352,3,9015925.8345
wage,2016,Social and human service assistants,10.608069110721736,2,22244468.4702
wage,2040,Clergy,10.954833515403148,3,36498125.4148
wage,2050,"Directors, religious activities and education",10.875780474525568,3,6861000.7501
wage,2100,Lawyers,11.905170234907535,5,115976127.9793
wage,2105,Judicial law clerks,11.04659508109079,3,1706941.9707000002
wage,2145,Paralegals and legal assistants,10.973871819747684,3,44390500.05459999
wage,2170,"Title examiners, abstractors, and searchers",10.866471012402265,3,9657175.97804208
wage,2300,Preschool and kindergarten teachers,10.670450468605576,2,63386703.8802
wage,2310,Elementary and middle school teachers,11.11294065274621,4,352375505.67820007
wage,2320,Secondary school teachers,11.148887310780074,4,97805013.1318
wage,2400,"Archivists, curators, and museum technicians",10.982310148723016,3,5888564.773600001
wage,2440,Library technicians,10.573110188049116,2,2643117.3089
wage,2631,Commercial and industrial designers,11.28577389225848,4,1750436.0335694707
wage,2632,Fashion designers,11.33439670641497,4,3399369.3626386453
wage,2633,Floral designers,10.376611309118108,1,5805937.379742183
wage,2634,Graphic designers,11.001599716162556,3,31086341.3573062
wage,2635,Interior designers,11.04404120899241,3,11256977.55884928
wage,2636,Merchandise displayers and window trimmers,10.477851197106109,1,2346788.600143905
wage,2721,Athletes and sports competitors,11.669330744134363,5,3110559.7900124006
wage,2722,Coaches and scouts,10.830718224448615,3,22168218.806512758
wage,2723,"Umpires, referees, and other sports officials",10.853406465390266,3,2069554.55267484
wage,2740,Dancers and choreographers,10.812350768581489,3,1528476.8542
wage,2805,Broadcast announcers and radio disc jockeys,10.935069328745016,3,2782845.53450915
wage,2825,Public relations specialists,11.201633526879316,4,13210104.538299998
wage,2830,Editors,11.243737975154612,4,12172124.2502
wage,2840,Technical writers,11.307990133304688,4,6364895.9709
wage,2861,Interpreters and translators,10.97507116881632,3,9336842.184060289
wage,2910,Photographers,10.783321747399668,3,19933908.238100003
wage,2920,"Television, video, and film camera operators and editors",11.156447798788337,4,10459357.4858
wage,3000,Chiropractors,11.30516301569432,4,5573872.799299999
wage,3030,Dietitians and nutritionists,11.091635806515091,3,12300577.713999998
wage,3040,Optometrists,11.739582835584237,5,4245136.1147
wage,3050,Pharmacists,11.741573836918883,5,35185848.4153
wage,3110,Physician assistants,11.690736866286295,5,15948698.407499999
wage,3140,Audiologists,11.362683801639683,4,1766265.0133
wage,3150,Occupational therapists,11.40165865254164,4,14406007.3173
wage,3160,Physical therapists,11.439494186884346,4,31258937.666699998
wage,3200,Radiation therapists,11.451050061252142,5,1336101.9675
wage,3210,Recreational therapists,10.89488575689709,3,1453245.4704
wage,3220,Respiratory therapists,11.1300532055147,4,10650683.653900001
wage,3230,Speech-language pathologists,11.360007358545516,4,19110404.8168
wage,3250,Veterinarians,11.607508107456177,5,9223157.647900002
wage,3255,Registered nurses,11.323579293239307,4,345289598.2755
wage,3258,Nurse practitioners,11.678778829056876,5,27230898.947600003
wage,3300,Clinical laboratory technologists and technicians,10.94922635159717,3,33022722.9229
wage,3321,Cardiovascular technologists and technicians,11.03521219265444,3,4771818.762860759
wage,3322,Diagnostic medical sonographers,11.298245992068148,4,9901756.685240556
wage,3324,Magnetic resonance imaging technologists,11.262153746538544,4,4836634.15155789
wage,3421,Pharmacy technicians,10.544551653225849,2,35334440.43467765
wage,3422,Psychiatric technicians,10.545341438708522,2,8599326.71619727
wage,3423,Surgical technologists,10.889117762488896,3,10593739.284380535
wage,3424,Veterinary technologists and technicians,10.55189883925468,2,12999681.675706852
wage,3430,Dietetic technicians and ophthalmic medical technicians,10.60102276989162,2,4364605.591385154
wage,3500,Licensed practical and licensed vocational nurses,10.856110213657674,3,58953827.0837
wage,3520,"Opticians, dispensing",10.670349770918357,2,4787206.8434999995
wage,3610,Occupational therapy assistants and aides,11.030881892589202,3,3346660.5036
wage,3620,Physical therapist assistants and aides,10.845005736603682,3,9183252.474700002
wage,3630,Massage therapists,10.804867671674527,3,16363782.897400003
wage,3640,Dental assistants,10.657494621352836,2,29201135.9606
wage,3645,Medical assistants,10.550328980219565,2,58867724.158199996
wage,3646,Medical transcriptionists,10.440565547446184,1,3920540.8137999997
wage,3647,Pharmacy aides,10.450452222917992,1,3664334.309699999
wage,3648,Veterinary assistants and laboratory animal caretakers,10.366592440090708,1,5713958.7185
wage,3649,Phlebotomists,10.55711397493379,2,11679084.050099999
wage,3655,Other healthcare support workers,10.567626522307934,2,19109071.259999998
wage,3700,First-line supervisors of correctional officers,11.152672699683611,4,4962334.1998
wage,3710,First-line supervisors of police and detectives,11.500447943459116,5,10036658.909100002
wage,3801,Bailiffs,10.865516176084135,3,2240944.5350507
wage,3802,Correctional officers and jailers,10.885940486663952,3,32824670.962349303
wage,3840,Parking enforcement workers,10.737483041683452,3,1475025.4367
wage,3900,Animal control workers,10.660078905652608,2,948390.1529
wage,3910,Private detectives and investigators,11.01813721890186,3,11381610.5933
wage,3930,Security guards and gambling surveillance officers,10.487081886443269,1,82838962.94070002
wage,3940,Crossing guards and flaggers,10.482065278352938,1,3835250.4263999998
wage,3945,Transportation security screeners,10.744623610809525,3,4413954.0007
wage,4000,Chefs and head cooks,10.949402052203787,3,46075472.827999994
wage,4010,First-line supervisors of food preparation and serving workers,10.575155701418948,2,46940051.0389
wage,4030,Food preparation workers,10.268477828078574,1,66576580.9251
wage,4040,Bartenders,10.320222252902523,1,41044734.357700005
wage,4110,Waiters and waitresses,10.27539587711545,1,127667839.8756
wage,4120,"Food servers, nonrestaurant",10.292145542327912,1,14666952.1296
wage,4130,Dining room and cafeteria attendants and bartender helpers,10.228826616165009,1,18078127.886500005
wage,4140,Dishwashers,10.216471807850128,1,17470025.354799997
wage,4150,"Hosts and hostesses, restaurant, lounge, and coffee shop",10.16585181700362,1,11021712.369699998
wage,4200,First-line supervisors of housekeeping and janitorial workers,10.71663752549077,2,33933577.4643
wage,4210,"First-line supervisors of landscaping, lawn service, and groundskeeping workers",10.883128599911045,3,27003127.672000006
wage,4230,Maids and housekeeping cleaners,10.294853736264791,1,135885852.44079998
wage,4240,Pest control workers,10.612508082252363,2,10027727.575499998
wage,4251,Landscaping and groundskeeping workers,10.469937080050116,1,104494046.30693966
wage,4252,Tree trimmers and pruners,10.767431804038074,3,9205794.550122188
wage,4340,Animal trainers,10.551375826690458,2,5633051.1576000005
wage,4350,Animal caretakers,10.292823278714408,1,25720693.361700002
wage,4420,"Ushers, lobby attendants, and ticket takers",10.18074042949737,1,1949762.1051999999
wage,4465,"Morticians, undertakers, and funeral arrangers",10.939514966012617,3,2998527.6498000002
wage,4500,Barbers,10.48290596776773,1,12291821.8315
wage,4510,"Hairdressers, hairstylists, and cosmetologists",10.490996401073076,1,70896851.5809
wage,4521,Manicurists and pedicurists,10.324826009800583,1,29008302.97527058
wage,4522,Skincare specialists,10.638256407786892,2,9385591.2323254
wage,4525,Other personal appearance workers,10.443380616121583,1,2792627.7227053014
wage,4530,"Baggage porters, bellhops, and concierges",10.45394572494329,1,7490341.210200001
wage,4540,Tour and travel guides,10.41030515490458,1,3919090.1154000005
wage,4600,Childcare workers,10.228465409731603,1,87748555.89209999
wage,4621,Exercise trainers and group fitness instructors,10.733566587591218,3,21483578.9514412
wage,4622,Recreation workers,10.374115986550706,1,15121050.909658799
wage,4640,Residential advisors,10.461673747661957,1,2775621.6421
wage,4700,First-Line supervisors of retail sales workers,10.755559712083633,3,305992165.941
wage,4710,First-Line supervisors of non-retail sales workers,11.433016081741927,4,117000514.7968
wage,4720,Cashiers,10.195490358908746,1,173495830.11279997
wage,4740,Counter and rental clerks,10.495985324946144,1,7475893.990200001
wage,4750,Parts salespersons,10.516508688616788,1,11176160.7078
wage,4760,Retail salespersons,10.370988051563746,1,228812358.4479
wage,4800,Advertising sales agents,11.105558549572468,3,15391254.927499998
wage,4810,Insurance sales agents,11.146777219239016,4,59125760.14389999
wage,4830,Travel agents,10.748926543438332,3,6958153.8108
wage,4850,"Sales representatives, wholesale and manufacturing",11.261204838895674,4,119133359.4162
wage,4900,"Models, demonstrators, and product promoters",10.5184028848265,2,3245010.1121
wage,4920,Real estate brokers and sales agents,11.110677411191215,3,98938699.83330001
wage,4930,Sales engineers,11.683764684655149,5,4252809.0244
wage,4940,Telemarketers,10.331040257108295,1,3543014.7935999995
wage,4950,"Door-to-door sales workers, news and street vendors, and related workers",10.46224583005742,1,12082550.5947
wage,5000,First-Line supervisors of office and administrative support workers,11.05690363324491,3,130810605.30960001
wage,5010,"Switchboard operators, including answering service",10.451319901931214,1,1464785.0644
wage,5020,Telephone operators,10.580759383937783,2,2430039.0006
wage,5100,Bill and account collectors,10.628133400155445,2,10903897.3404
wage,5120,"Bookkeeping, accounting, and auditing clerks",10.717524050371528,2,106672546.905
wage,5130,Gambling cage workers,10.334295468316087,1,363555.36209999997
wage,5140,Payroll and timekeeping clerks,10.81093933574308,3,13994555.063900001
wage,5150,Procurement clerks,10.712861002064203,2,3715127.9359
wage,5160,Tellers,10.461101337800878,1,22906262.9295
wage,5200,Brokerage clerks,10.963185747705012,3,140971.8487
wage,5240,Customer service representatives,10.573110188049116,2,228261075.1092
wage,5250,"Eligibility interviewers, government programs",10.790761335339791,3,7681991.7288
wage,5260,File clerks,10.51379645478707,1,13437590.4411
wage,5300,"Hotel, motel, and resort desk clerks",10.241387341148526,1,9741016.4771
wage,5310,"Interviewers, except eligibility and loan",10.56720592240526,2,16246697.303399999
wage,5320,"Library assistants, clerical",10.388687628663146,1,6627608.1337
wage,5330,Loan interviewers and clerks,10.712415766081785,2,12775854.791299999
wage,5340,New accounts clerks,10.627406391762827,2,1846238.2814
wage,5350,Order clerks,10.641129972982624,2,9872327.156399997
wage,5360,"Human resources assistants, except payroll and timekeeping",10.710855877186097,2,7601459.439199999
wage,5400,Receptionists and information clerks,10.401531841937386,1,109318493.98640002
wage,5410,Reservation and transportation ticket agents and travel clerks,10.728320673921449,3,11594632.134300003
wage,5500,Cargo and freight agents,10.78766823049205,3,2123814.4747
wage,5510,Couriers and messengers,10.442025614868657,1,67076305.8961
wage,5521,Public safety telecommunicators,10.758540974939091,3,8890281.72196498
wage,5522,"Dispatchers, except police, fire, and ambulance",10.75042820627549,3,18561889.791435022
wage,5530,"Meter readers, utilities",10.767010218871627,3,1967666.2185
wage,5540,Postal service clerks,10.882001627590414,3,10183734.062400002
wage,5550,Postal service mail carriers,10.903567810139966,3,32142933.355599996
wage,5600,"Production, planning, and expediting clerks",10.86322084225312,3,23896915.7081
wage,5610,"Shipping, receiving, and inventory clerks",10.550852540440946,2,58563005.4203
wage,5630,"Weighers, measurers, checkers, and samplers, recordkeeping",10.585068096724608,2,6149528.559
wage,5710,Executive secretaries and executive administrative assistants,11.110505715048024,3,21274138.4998368
wage,5720,Legal secretaries and administrative assistants,10.86933006323953,3,5197807.144740799
wage,5730,Medical secretaries and administrative assistants,10.590113516105808,2,8652858.517060801
wage,5740,"Secretaries and administrative assistants, except legal, medical, and executive",10.623276664042494,2,190792704.04926157
wage,5810,Data entry keyers,10.48960616033755,1,22907000.8792
wage,5820,Word processors and typists,10.677523236829412,2,4836528.3924
wage,5850,"Mail clerks and mail machine operators, except postal service",10.445521103426312,1,5063956.6843
wage,5860,"Office clerks, general",10.571060481976644,2,119468677.6626
wage,5900,"Office machine operators, except computer",10.521641754054643,2,2297704.1344999997
wage,5910,Proofreaders and copy markers,10.736614043149514,3,883604.8137
wage,5920,Statistical assistants,10.885940486663952,3,3657831.4852000005
wage,6010,Agricultural inspectors,10.767010218871627,3,1549919.4792
wage,6040,"Graders and sorters, agricultural products",10.322197887394314,1,5890548.508700002
wage,6120,Forest and conservation workers,10.424956336400598,1,1687509.7943000002
wage,6200,First-line supervisors of construction trades and extraction workers,11.226043072689013,4,71537912.9583
wage,6210,Boilermakers,11.14287576208302,4,1629486.3432
wage,6220,"Brickmasons, blockmasons, and stonemasons",10.999926194941612,3,13027021.780499998
wage,6240,"Carpet, floor, and tile installers and finishers",10.856918674387856,3,14500176.246199999
wage,6250,"Cement masons, concrete finishers, and terrazzo workers",10.839666202808402,3,5803959.462499999
wage,6260,Construction laborers,10.694895102263592,2,204354638.40659997
wage,6305,Construction equipment operators,10.931103029085408,3,37432852.083900005
wage,6330,"Drywall installers, ceiling tile installers, and tapers",10.935941522561478,3,15093130.693100002
wage,6355,Electricians,11.055798573538173,3,91439980.32190001
wage,6360,Glaziers,10.858036996527373,3,3872469.1693
wage,6400,Insulation workers,10.82584999751062,3,5411850.466499999
wage,6410,Painters and paperhangers,10.761889805576264,3,54922008.67380001
wage,6441,Pipelayers,10.789525241239264,3,5043857.494626249
wage,6460,Plasterers and stucco masons,10.911627938040162,3,2285283.1444
wage,6500,Reinforcing iron and rebar workers,10.984614526863218,3,199764.4368
wage,6515,Roofers,10.797328155572693,3,21984621.8674
wage,6520,Sheet metal workers,10.981216630287811,3,13553177.427599998
wage,6530,Structural iron and steel workers,11.0230456057197,3,4985410.348999999
wage,6660,Construction and building inspectors,11.134297010815624,4,10076300.3013
wage,6700,Elevator and escalator installers and repairers,11.422125100643733,4,3516140.3828000003
wage,6710,Fence erectors,10.624736163206949,2,3754233.8848
wage,6720,Hazardous materials removal workers,10.805273598207402,3,2985994.1704
wage,6730,Highway maintenance workers,10.699642483170305,2,9135292.900100002
wage,6740,Rail-track laying and maintenance equipment operators,11.0148515251294,3,1278398.5896
wage,6765,Miscellaneous construction and related workers,10.72260637265801,2,4156433.8955000006
wage,6800,"Derrick, rotary drill, and service unit operators, oil and gas",10.941204802917165,3,2958164.1501
wage,7000,"First-line supervisors of mechanics, installers, and repairers",11.206264425920644,4,26636654.502
wage,7010,"Computer, automated teller, and office machine repairers",10.695801104590572,2,16558350.486299999
wage,7020,Radio and telecommunications equipment installers and repairers,11.010529383500632,3,12900462.173
wage,7030,Avionics technicians,11.154248518360824,4,1111129.7714999998
wage,7040,"Electric motor, power tool, and related repairers",10.794255327179195,3,2101661.2624
wage,7100,"Electrical and electronics repairers, industrial and utility",10.99517820001118,3,1999326.027
wage,7110,"Electronic equipment installers and repairers, motor vehicles",10.68487452194548,2,228337.88970000003
wage,7120,Audiovisual equipment installers and repairers,10.739001974382996,3,3077006.6521
wage,7130,Security and fire alarm systems installers,10.86226289601644,3,6176076.4438000005
wage,7140,Aircraft mechanics and service technicians,11.148650283686926,4,15411964.381899998
wage,7150,Automotive body and related repairers,10.832891923555666,3,12898514.0545
wage,7160,Automotive glass installers and repairers,10.613737640995735,2,2188247.3498000004
wage,7210,Bus and truck mechanics and diesel engine specialists,10.878424479843016,3,34990989.983399995
wage,7220,Heavy vehicle and mobile equipment service technicians and mechanics,10.93132035511356,3,20487641.739899997
wage,7240,Small engine mechanics,10.661707816858428,2,4090293.4076
wage,7260,"Miscellaneous vehicle and mobile equipment mechanics, installers, and repairers",10.444175427471718,1,7438558.798999999
wage,7300,Control and valve installers and repairers,10.999802867493605,3,2395988.0089
wage,7320,Home appliance repairers,10.72194492406152,2,4219145.7509
wage,7330,Industrial and refractory machinery mechanics,10.974092022682482,3,40317999.51359999
wage,7340,"Maintenance and repair workers, general",10.71263840885238,2,61076538.656600006
wage,7350,"Maintenance workers, machinery",10.888744488875004,3,2980051.7053000005
wage,7360,Millwrights,11.022882380386768,3,4545091.303699999
wage,7410,Electrical power-line installers and repairers,11.277962336850676,4,13119090.7542
wage,7420,Telecommunications line installers and repairers,11.038913814326952,3,15346975.804399999
wage,7510,"Coin, vending, and amusement machine servicers and repairers",10.645662964163428,2,3331663.6464000004
wage,7540,Locksmiths and safe repairers,10.77499010162015,3,2971788.6429000003
wage,7550,Manufactured building and mobile home installers,10.486540810299,1,168257.5183
wage,7560,Riggers,10.860920227741458,3,1106420.6544999997
wage,7610,"Helpers--installation, maintenance, and repair workers",10.46567146857726,1,1287149.81
wage,7700,First-line supervisors of production and operating workers,11.117361181539328,4,80607458.7697
wage,7710,"Aircraft structure, surfaces, rigging, and systems assemblers",10.921973796724952,3,140542.2783
wage,7720,"Electrical, electronics, and electromechanical assemblers",10.590136064452764,2,11051376.577300001
wage,7730,Engine and other machine assemblers,10.7812453346935,3,1115420.8651
wage,7740,Structural metal fabricators and fitters,10.7305098166521,3,2192751.1317
wage,7800,Bakers,10.382822509210747,1,21543473.7475
wage,7810,"Butchers and other meat, poultry, and fish processing workers",10.41498642415898,1,24572161.302300002
wage,7830,"Food and tobacco roasting, baking, and drying machine operators and tenders",10.499021904229073,1,1025785.2087
wage,7840,Food batchmakers,10.496538116557788,1,8202041.0847
wage,7850,Food cooking machine operators and tenders,10.475314197859518,1,944362.794
wage,7925,"Forming machine setters, operators, and tenders, metal and plastic",10.662197921807044,2,2299035.0541000003
wage,7950,"Cutting, punching, and press machine setters, operators, and tenders, metal and plastic",10.596634733096073,2,6439841.536199999
wage,8000,"Grinding, lapping, polishing, and buffing machine tool setters, operators, and tenders, metal and plastic",10.59738445198662,2,3521929.3216
wage,8030,Machinists,10.799983657082104,3,32185441.0124
wage,8040,"Metal furnace operators, tenders, pourers, and casters",10.736078354503952,3,1820364.011
wage,8100,"Molders and molding machine setters, operators, and tenders, metal and plastic",10.537908057900784,2,3469436.869
wage,8130,Tool and die makers,10.935781960166588,3,4062581.6353
wage,8250,Prepress technicians and workers,10.687389096364535,2,1573104.1207000003
wage,8255,Printing press operators,10.624249900129048,2,14222633.7242
wage,8300,Laundry and dry-cleaning workers,10.233869854519936,1,11841194.691199997
wage,8310,"Pressers, textile, garment, and related materials",10.243880663900578,1,2508855.6802999997
wage,8320,Sewing machine operators,10.337864004138712,1,13061985.5048
wage,8335,Shoe and leather workers,10.402629806141926,1,989517.0514000001
wage,8350,"Tailors, dressmakers, and sewers",10.452662025565992,1,5624918.265999999
wage,8365,"Textile machine setters, operators, and tenders",10.40753991912726,1,1428005.8833
wage,8450,Upholsterers,10.551114217794265,2,2283342.0799
wage,8500,Cabinetmakers and bench carpenters,10.59838320363019,2,5271617.132199999
wage,8510,Furniture finishers,10.527016666215204,2,1329588.7197
wage,8530,"Sawing machine setters, operators, and tenders, wood",10.471071510120728,1,2341450.7643
wage,8540,"Woodworking machine setters, operators, and tenders, except sawing",10.47897668962784,1,1595568.2244000002
wage,8600,"Power plant operators, distributors, and dispatchers",11.400973290401009,4,3986977.414
wage,8610,Stationary engineers and boiler operators,11.163509822713086,4,8018134.540599999
wage,8620,Water and wastewater treatment plant and system operators,10.86513398613108,3,10564925.745
wage,8630,Miscellaneous plant and system operators,11.191864423029136,4,4378222.1003
wage,8640,"Chemical processing machine setters, operators, and tenders",10.834804521863788,3,6252680.064100001
wage,8650,"Crushing, grinding, polishing, mixing, and blending workers",10.642981836259262,2,7671213.242700001
wage,8710,Cutting workers,10.57911843221432,2,5242613.767899999
wage,8720,"Extruding, forming, pressing, and compacting machine setters, operators, and tenders",10.597883952496506,2,1865533.3747999999
wage,8730,"Furnace, kiln, oven, drier, and kettle operators and tenders",10.689897363555763,2,1359281.1579
wage,8740,"Inspectors, testers, sorters, samplers, and weighers",10.710186607780187,2,76832348.95960002
wage,8760,Dental and ophthalmic laboratory technicians and medical appliance technicians,10.709250334392078,2,7721937.1519
wage,8800,Packaging and filling machine operators and tenders,10.511893504640982,1,25673048.0797
wage,8830,Photographic process workers and processing machine operators,10.604106747934772,2,2017490.1151000003
wage,8850,Adhesive bonding machine operators and tenders,10.56048928645972,2,816490.2437
wage,8910,Etchers and engravers,10.517862051930678,2,557451.4763
wage,8930,"Paper goods machine setters, operators, and tenders",10.696027476974107,2,1829820.5060999999
wage,8940,Tire builders,10.775617388624513,3,850864.8956
wage,8950,Helpers--production workers,10.401531841937386,1,4578290.857799999
wage,9030,Aircraft pilots and flight engineers,12.040857347911572,5,17193977.6269
wage,9040,Air traffic controllers and airfield operations specialists,11.51800156683053,5,3647752.1557
wage,9050,Flight attendants,11.039395625947934,3,10865461.289400002
wage,9110,"Ambulance drivers and attendants, except emergency medical technicians",10.343676096702678,1,1251391.2592
wage,9130,Driver/sales workers and truck drivers,10.724557451620742,2,343819414.8974999
wage,9210,Locomotive engineers and operators,11.17623929202244,4,4395863.026137389
wage,9240,Railroad conductors and yardmasters,11.112298633502313,4,5062184.8339
wage,9300,Sailors and marine oilers,10.96474405466047,3,2076487.5148000002
wage,9350,Parking attendants,10.282266395381786,1,5750158.778999999
wage,9415,Passenger attendants,10.44523027893684,1,2671401.5552000003
wage,9510,Crane and tower operators,11.086287791629264,3,5916504.9982
wage,9600,Industrial truck and tractor operators,10.620107089281216,2,61465442.0219
wage,9610,Cleaners of vehicles and equipment,10.327119964599742,1,28124023.565100003
wage,9620,"Laborers and freight, stock, and material movers, hand",10.461673747661957,1,188309665.85270002
wage,9630,Machine feeders and offbearers,10.509441521393695,1,2122411.2681
wage,9640,"Packers and packagers, hand",10.340128278112742,1,55677709.6437
wage,9650,Pumping station operators,11.04428542676211,3,1831480.1794
wage,9720,Refuse and recyclable material collectors,10.663825982636396,2,9954648.7303
education,0010,Chief executives,7.5363,5,163889050.09179997
education,0020,General and operations managers,4.915508449155085,4,123561351.71779999
education,0040,Advertising and promotions managers,5.207000000000001,4,5935331.3099
education,0051,Marketing managers,6.680499999999999,5,61531214.76749831
education,0052,Sales managers,6.0435956404359565,5,56615257.53080169
education,0110,Computer and information systems managers,5.550855085508551,4,73196787.07419997
education,0135,Compensation and benefits managers,6.3334,5,1882403.4917
education,0136,Human resources managers,6.304469553044697,5,31748562.348400004
education,0137,Training and development managers,6.629625925185037,5,6074327.791900001
education,0140,Industrial production managers,3.811781178117812,3,29841071.7746
education,0150,Purchasing managers,6.15,5,23339541.333599996
education,0220,Construction managers,5.75,4,110207595.66039999
education,0300,Architectural and engineering managers,7.43965603439656,5,18525990.7127
education,0310,Food service managers,2.540854085408541,2,114701500.5035
education,0340,Lodging managers,4.889811018898111,4,12956252.5859
education,0350,Medical and health services managers,6.076999999999999,5,78936084.21919999
education,0360,Natural sciences managers,8.534153415341535,5,2949020.3623999995
education,0410,"Property, real estate, and community association managers",5.35,4,73106308.22850001
education,0420,Social and community service managers,6.307330733073307,5,44291662.7407
education,0425,Emergency management directors,6.12,5,1553896.591
education,0440,"Managers, all other",5.721571714495216,4,506074266.7158818
education,0500,"Agents and business managers of artists, performers, and athletes",4.699,4,4691638.657699999
education,0600,Cost estimators,5.863413658634136,4,13025471.362699999
education,0630,Human resources workers,5.775324547538539,4,88405612.52579999
education,0640,"Compensation, benefits, and job analysis specialists",5.39112177564487,4,6283316.2752
education,0650,Training and development specialists,6.333266673332666,5,14932616.4718
education,0700,Logisticians,5.250225022502251,4,16883913.954600003
education,0710,Management analysts,7.1539,5,99046493.2692
education,0725,"Meeting, convention, and event planners",4.6675,4,15007647.706200002
education,0726,Fundraisers,6.142799999999999,5,8744234.067799998
education,0735,Market research analysts and marketing specialists,6.826099999999999,5,46146842.50759999
education,0750,"Business operations specialists, all other",5.598963220344632,4,45352892.68859909
education,0820,Budget analysts,5.693200000000001,4,5510425.741099998
education,0830,Credit analysts,6.1,5,3762474.5718
education,0850,Personal financial advisors,6.1738,5,53451588.3097
education,0860,Insurance underwriters,5.399899999999999,4,11761017.061799997
education,0900,Financial examiners,6.173982601739827,5,2008110.8465
education,0910,Credit counselors and loan officers,5.280079676898223,4,37976448.82170001
education,0930,"Tax examiners and collectors, and revenue agents",4.5513,3,5730081.7777
education,0940,Tax preparers,3.727127287271273,3,9633229.187500002
education,1200,Actuaries,6.75,5,3437671.3406
education,1220,Operations research analysts,7.4,5,15767367.009999998
education,1305,"Architects, except landscape and naval",7.428599999999999,5,20368537.751485754
education,1306,Landscape architects,6.8213,5,3058596.62921425
education,1310,"Surveyors, cartographers, and photogrammetrists",4.81329728848471,4,4355476.4026
education,1320,Aerospace engineers,6.590699999999999,5,15994458.954799999
education,1340,Bioengineers and biomedical engineers,7.367000000000001,5,2609204.9492
education,1350,Chemical engineers,6.636299999999999,5,8023596.7612
education,1360,Civil engineers,6.238023802380239,5,49024846.9927
education,1400,Computer hardware engineers,7.034496550344965,5,8618146.867899999
education,1410,Electrical and electronics engineers,6.163812852348865,5,28381398.206400003
education,1420,Environmental engineers,6.6363,5,3730685.3385
education,1450,Materials engineers,8.19031903190319,5,4925663.4491
education,1460,Mechanical engineers,5.878312168783121,5,38835216.0955
education,1520,Petroleum engineers,6.269099999999999,5,2644448.7005
education,1530,"Engineers, all other",6.878660626601038,5,65320035.782800004
education,1600,Agricultural and food scientists,8.01034309483283,5,3036192.3712999998
education,1610,Biological scientists,8.790743887496149,5,10644590.545
education,1650,Medical scientists,9.897141506039578,5,15021247.8293
education,1700,Astronomers and physicists,11.059789829673068,5,2022142.8628
education,1710,Atmospheric and space scientists,7.25,5,1168553.7367
education,1720,Chemists and materials scientists,6.282988605200657,5,9803292.955599999
education,1745,"Environmental scientists and specialists, including health",6.593500000000001,5,4757849.96898312
education,1750,"Geoscientists and hydrologists, except geographers",6.894172310570627,5,4598532.00361688
education,1760,"Physical scientists, all other",8.357135713571358,5,38703306.8778
education,1800,Economists,10.043599999999998,5,2921246.5148
education,1840,Urban and regional planners,7.28,5,3642562.918499999
education,1910,Biological technicians,6.8126,5,2352643.5749000004
education,1920,Chemical technicians,4.213,3,6218448.614799999
education,2002,"Educational, guidance, and career counselors and advisors",7.616400000000001,5,37755221.382116765
education,2003,Marriage and family therapists,8.375962403759624,5,3774914.0073693004
education,2005,Rehabilitation counselors,6.154,5,2315758.5551624
education,2011,"Child, family, and school social workers",6.461500000000001,5,9083543.658023462
education,2012,Healthcare social workers,7.888888888888889,5,9311173.45211329
education,2013,Mental health and substance abuse social workers,7.664799999999998,5,2782328.32975292
education,2015,Probation officers and correctional treatment specialists,5.8779,5,9015925.8345
education,2016,Social and human service assistants,5.539600000000001,4,22244468.4702
education,2040,Clergy,7.390860913908609,5,36498125.4148
education,2050,"Directors, religious activities and education",6.002299770022998,5,6861000.7501
education,2100,Lawyers,10.334566543345666,5,115976127.9793
education,2105,Judicial law clerks,10.156515651565156,5,1706941.9707000002
education,2145,Paralegals and legal assistants,5.191599999999999,4,44390500.05459999
education,2170,"Title examiners, abstractors, and searchers",3.0504,3,9657175.97804208
education,2300,Preschool and kindergarten teachers,4.943786168932662,4,63386703.8802
education,2310,Elementary and middle school teachers,6.289935330735542,5,352375505.67820007
education,2320,Secondary school teachers,6.877586552788902,5,97805013.1318
education,2400,"Archivists, curators, and museum technicians",7.560237694364383,5,5888564.773600001
education,2440,Library technicians,4.4704529547045295,3,2643117.3089
education,2631,Commercial and industrial designers,5.3921,4,1750436.0335694707
education,2632,Fashion designers,5.263473652634736,4,3399369.3626386453
education,2633,Floral designers,2.64,2,5805937.379742183
education,2634,Graphic designers,5.3847000000000005,4,31086341.3573062
education,2635,Interior designers,5.952395239523951,5,11256977.55884928
education,2636,Merchandise displayers and window trimmers,3.6234,3,2346788.600143905
education,2721,Athletes and sports competitors,3.011,3,3110559.7900124006
education,2722,Coaches and scouts,5.766876687668767,4,22168218.806512758
education,2723,"Umpires, referees, and other sports officials",2.9999,3,2069554.55267484
education,2740,Dancers and choreographers,3.496587841215878,3,1528476.8542
education,2805,Broadcast announcers and radio disc jockeys,5.0889,4,2782845.53450915
education,2825,Public relations specialists,6.1666,5,13210104.538299998
education,2830,Editors,6.3914,5,12172124.2502
education,2840,Technical writers,5.306469353064694,4,6364895.9709
education,2861,Interpreters and translators,6.2652,5,9336842.184060289
education,2910,Photographers,3.773022697730227,3,19933908.238100003
education,2920,"Television, video, and film camera operators and editors",4.8411066652866905,4,10459357.4858
education,3000,Chiropractors,10.0625,5,5573872.799299999
education,3030,Dietitians and nutritionists,7.166716671667167,5,12300577.713999998
education,3040,Optometrists,10.952399999999995,5,4245136.1147
education,3050,Pharmacists,9.573257325732571,5,35185848.4153
education,3110,Physician assistants,8.161999999999999,5,15948698.407499999
education,3140,Audiologists,11.0455,5,1766265.0133
education,3150,Occupational therapists,7.7272,5,14406007.3173
education,3160,Physical therapists,9.0599,5,31258937.666699998
education,3200,Radiation therapists,5.1635,4,1336101.9675
education,3210,Recreational therapists,6.08,5,1453245.4704
education,3220,Respiratory therapists,5.0221,4,10650683.653900001
education,3230,Speech-language pathologists,8.191,5,19110404.8168
education,3250,Veterinarians,11.0264,5,9223157.647900002
education,3255,Registered nurses,5.1293,4,345289598.2755
education,3258,Nurse practitioners,8.86961303869613,5,27230898.947600003
education,3300,Clinical laboratory technologists and technicians,5.775559599040095,4,33022722.9229
education,3321,Cardiovascular technologists and technicians,4.5875,4,4771818.762860759
education,3322,Diagnostic medical sonographers,5.616499999999999,4,9901756.685240556
education,3324,Magnetic resonance imaging technologists,4.259225922592259,3,4836634.15155789
education,3421,Pharmacy technicians,2.9808,3,35334440.43467765
education,3422,Psychiatric technicians,4.9611,4,8599326.71619727
education,3423,Surgical technologists,3.9938,3,10593739.284380535
education,3424,Veterinary technologists and technicians,3.7772,3,12999681.675706852
education,3430,Dietetic technicians and ophthalmic medical technicians,3.4356584299711272,3,4364605.591385154
education,3500,Licensed practical and licensed vocational nurses,4.0331,3,58953827.0837
education,3520,"Opticians, dispensing",3.576842315768423,3,4787206.8434999995
education,3610,Occupational therapy assistants and aides,5.2505588092613005,4,3346660.5036
education,3620,Physical therapist assistants and aides,4.591924191642578,4,9183252.474700002
education,3630,Massage therapists,3.3846615338466157,3,16363782.897400003
education,3640,Dental assistants,3.0503,3,29201135.9606
education,3645,Medical assistants,3.4917,3,58867724.158199996
education,3646,Medical transcriptionists,3.3838,3,3920540.8137999997
education,3647,Pharmacy aides,2.1429,1,3664334.309699999
education,3648,Veterinary assistants and laboratory animal caretakers,2.1497149714971497,1,5713958.7185
education,3649,Phlebotomists,3.091190880911909,3,11679084.050099999
education,3655,Other healthcare support workers,3.2553154613156594,3,19109071.259999998
education,3700,First-line supervisors of correctional officers,3.211221122112211,3,4962334.1998
education,3710,First-line supervisors of police and detectives,3.831416858314169,3,10036658.909100002
education,3801,Bailiffs,3.14961496149615,3,2240944.5350507
education,3802,Correctional officers and jailers,2.148185181481852,1,32824670.962349303
education,3840,Parking enforcement workers,2.0733073307330736,1,1475025.4367
education,3900,Animal control workers,2.5951,2,948390.1529
education,3910,Private detectives and investigators,4.507050705070507,3,11381610.5933
education,3930,Security guards and gambling surveillance officers,2.2219115918285133,1,82838962.94070002
education,3940,Crossing guards and flaggers,1.9734,1,3835250.4263999998
education,3945,Transportation security screeners,2.1852,1,4413954.0007
education,4000,Chefs and head cooks,4.3101,3,46075472.827999994
education,4010,First-line supervisors of food preparation and serving workers,1.9835,1,46940051.0389
education,4030,Food preparation workers,2.7068,2,66576580.9251
education,4040,Bartenders,2.0281,1,41044734.357700005
education,4110,Waiters and waitresses,2.1738,1,127667839.8756
education,4120,"Food servers, nonrestaurant",2.8868,2,14666952.1296
education,4130,Dining room and cafeteria attendants and bartender helpers,1.8327,1,18078127.886500005
education,4140,Dishwashers,1.7053,1,17470025.354799997
education,4150,"Hosts and hostesses, restaurant, lounge, and coffee shop",1.915591559155916,1,11021712.369699998
education,4200,First-line supervisors of housekeeping and janitorial workers,3.3544,3,33933577.4643
education,4210,"First-line supervisors of landscaping, lawn service, and groundskeeping workers",4.441044104410441,3,27003127.672000006
education,4230,Maids and housekeeping cleaners,2.4003,2,135885852.44079998
education,4240,Pest control workers,2.1111,1,10027727.575499998
education,4251,Landscaping and groundskeeping workers,2.7467,2,104494046.30693966
education,4252,Tree trimmers and pruners,1.5308000000000002,1,9205794.550122188
education,4340,Animal trainers,2.4579,2,5633051.1576000005
education,4350,Animal caretakers,2.8472000000000004,2,25720693.361700002
education,4420,"Ushers, lobby attendants, and ticket takers",1.840984098409841,1,1949762.1051999999
education,4465,"Morticians, undertakers, and funeral arrangers",4.810700000000001,4,2998527.6498000002
education,4500,Barbers,2.788578857885788,2,12291821.8315
education,4510,"Hairdressers, hairstylists, and cosmetologists",2.7917,2,70896851.5809
education,4521,Manicurists and pedicurists,1.7951,1,29008302.97527058
education,4522,Skincare specialists,3.132,3,9385591.2323254
education,4525,Other personal appearance workers,2.220485775295664,1,2792627.7227053014
education,4530,"Baggage porters, bellhops, and concierges",2.985402700639531,3,7490341.210200001
education,4540,Tour and travel guides,4.11525901909809,3,3919090.1154000005
education,4600,Childcare workers,3.1461999999999994,3,87748555.89209999
education,4621,Exercise trainers and group fitness instructors,3.61876187618762,3,21483578.9514412
education,4622,Recreation workers,4.7645,4,15121050.909658799
education,4640,Residential advisors,4.955,4,2775621.6421
education,4700,First-Line supervisors of retail sales workers,2.652,2,305992165.941
education,4710,First-Line supervisors of non-retail sales workers,5.1936,4,117000514.7968
education,4720,Cashiers,1.736766061999838,1,173495830.11279997
education,4740,Counter and rental clerks,3.3548,3,7475893.990200001
education,4750,Parts salespersons,2.3442,2,11176160.7078
education,4760,Retail salespersons,2.3094690530946904,1,228812358.4479
education,4800,Advertising sales agents,4.462146214621463,3,15391254.927499998
education,4810,Insurance sales agents,4.7291,4,59125760.14389999
education,4830,Travel agents,3.928807119288072,3,6958153.8108
education,4850,"Sales representatives, wholesale and manufacturing",3.8769857876506455,3,119133359.4162
education,4900,"Models, demonstrators, and product promoters",1.7050684895106194,1,3245010.1121
education,4920,Real estate brokers and sales agents,3.4403814021673136,3,98938699.83330001
education,4930,Sales engineers,5.665699999999999,4,4252809.0244
education,4940,Telemarketers,1.9195,1,3543014.7935999995
education,4950,"Door-to-door sales workers, news and street vendors, and related workers",1.4348,1,12082550.5947
education,5000,First-Line supervisors of office and administrative support workers,4.584,3,130810605.30960001
education,5010,"Switchboard operators, including answering service",2.8917108289171085,2,1464785.0644
education,5020,Telephone operators,1.851585158515852,1,2430039.0006
education,5100,Bill and account collectors,3.3798000000000004,3,10903897.3404
education,5120,"Bookkeeping, accounting, and auditing clerks",3.3738,3,106672546.905
education,5130,Gambling cage workers,1.9859,1,363555.36209999997
education,5140,Payroll and timekeeping clerks,3.516948305169483,3,13994555.063900001
education,5150,Procurement clerks,4.715199999999999,4,3715127.9359
education,5160,Tellers,2.6844,2,22906262.9295
education,5200,Brokerage clerks,4.3089,3,140971.8487
education,5240,Customer service representatives,2.86061393860614,2,228261075.1092
education,5250,"Eligibility interviewers, government programs",4.3912,3,7681991.7288
education,5260,File clerks,4.0538,3,13437590.4411
education,5300,"Hotel, motel, and resort desk clerks",2.599040095990401,2,9741016.4771
education,5310,"Interviewers, except eligibility and loan",3.343565643435656,3,16246697.303399999
education,5320,"Library assistants, clerical",2.8502850285028503,2,6627608.1337
education,5330,Loan interviewers and clerks,3.853914608539146,3,12775854.791299999
education,5340,New accounts clerks,3.0408,3,1846238.2814
education,5350,Order clerks,3.1599,3,9872327.156399997
education,5360,"Human resources assistants, except payroll and timekeeping",4.502149785021498,3,7601459.439199999
education,5400,Receptionists and information clerks,2.6479000000000004,2,109318493.98640002
education,5410,Reservation and transportation ticket agents and travel clerks,2.244975502449755,1,11594632.134300003
education,5500,Cargo and freight agents,4.3188,3,2123814.4747
education,5510,Couriers and messengers,2.4525,2,67076305.8961
education,5521,Public safety telecommunicators,2.5503449655034496,2,8890281.72196498
education,5522,"Dispatchers, except police, fire, and ambulance",3.0502050205020503,3,18561889.791435022
education,5530,"Meter readers, utilities",2.7088,2,1967666.2185
education,5540,Postal service clerks,2.3480000000000003,2,10183734.062400002
education,5550,Postal service mail carriers,1.9987,1,32142933.355599996
education,5600,"Production, planning, and expediting clerks",3.765823417658234,3,23896915.7081
education,5610,"Shipping, receiving, and inventory clerks",2.8313168683131686,2,58563005.4203
education,5630,"Weighers, measurers, checkers, and samplers, recordkeeping",2.3805,2,6149528.559
education,5710,Executive secretaries and executive administrative assistants,4.489000000000001,3,21274138.4998368
education,5720,Legal secretaries and administrative assistants,4.189418941894189,3,5197807.144740799
education,5730,Medical secretaries and administrative assistants,2.9482948294829487,3,8652858.517060801
education,5740,"Secretaries and administrative assistants, except legal, medical, and executive",3.380138013801381,3,190792704.04926157
education,5810,Data entry keyers,2.9378,3,22907000.8792
education,5820,Word processors and typists,2.9788,3,4836528.3924
education,5850,"Mail clerks and mail machine operators, except postal service",1.7312,1,5063956.6843
education,5860,"Office clerks, general",3.4469,3,119468677.6626
education,5900,"Office machine operators, except computer",2.9618,3,2297704.1344999997
education,5910,Proofreaders and copy markers,4.891489148914891,4,883604.8137
education,5920,Statistical assistants,6.165616561656166,5,3657831.4852000005
education,6010,Agricultural inspectors,3.1029,3,1549919.4792
education,6040,"Graders and sorters, agricultural products",1.5543,1,5890548.508700002
education,6120,Forest and conservation workers,4.960296029602961,4,1687509.7943000002
education,6200,First-line supervisors of construction trades and extraction workers,2.9837983798379843,3,71537912.9583
education,6210,Boilermakers,2.0196,1,1629486.3432
education,6220,"Brickmasons, blockmasons, and stonemasons",2.172575719927651,1,13027021.780499998
education,6240,"Carpet, floor, and tile installers and finishers",1.8030502011764031,1,14500176.246199999
education,6250,"Cement masons, concrete finishers, and terrazzo workers",1.6343786214484155,1,5803959.462499999
education,6260,Construction laborers,2.0922,1,204354638.40659997
education,6305,Construction equipment operators,2.2662642605141845,1,37432852.083900005
education,6330,"Drywall installers, ceiling tile installers, and tapers",2.1343483116883117,1,15093130.693100002
education,6355,Electricians,3.010502100420084,3,91439980.32190001
education,6360,Glaziers,1.9486,1,3872469.1693
education,6400,Insulation workers,1.7771913311632688,1,5411850.466499999
education,6410,Painters and paperhangers,2.456840989671812,2,54922008.67380001
education,6441,Pipelayers,2.0993,1,5043857.494626249
education,6460,Plasterers and stucco masons,1.3893,1,2285283.1444
education,6500,Reinforcing iron and rebar workers,1.9302,1,199764.4368
education,6515,Roofers,2.5864172834566914,2,21984621.8674
education,6520,Sheet metal workers,2.193180681931807,1,13553177.427599998
education,6530,Structural iron and steel workers,2.106989301069893,1,4985410.348999999
education,6660,Construction and building inspectors,3.9566,3,10076300.3013
education,6700,Elevator and escalator installers and repairers,3.5014000000000003,3,3516140.3828000003
education,6710,Fence erectors,2.1575157515751577,1,3754233.8848
education,6720,Hazardous materials removal workers,2.8186818681868187,2,2985994.1704
education,6730,Highway maintenance workers,2.1143,1,9135292.900100002
education,6740,Rail-track laying and maintenance equipment operators,1.9022,1,1278398.5896
education,6765,Miscellaneous construction and related workers,2.40105,2,4156433.8955000006
education,6800,"Derrick, rotary drill, and service unit operators, oil and gas",1.8102125927153576,1,2958164.1501
education,7000,"First-line supervisors of mechanics, installers, and repairers",3.021697830216978,3,26636654.502
education,7010,"Computer, automated teller, and office machine repairers",3.4639536046395363,3,16558350.486299999
education,7020,Radio and telecommunications equipment installers and repairers,3.3419124676479357,3,12900462.173
education,7030,Avionics technicians,3.3662,3,1111129.7714999998
education,7040,"Electric motor, power tool, and related repairers",3.131686831316868,3,2101661.2624
education,7100,"Electrical and electronics repairers, industrial and utility",3.2515597691520925,3,1999326.027
education,7110,"Electronic equipment installers and repairers, motor vehicles",2.6018,2,228337.88970000003
education,7120,Audiovisual equipment installers and repairers,3.9013098690130983,3,3077006.6521
education,7130,Security and fire alarm systems installers,2.702,2,6176076.4438000005
education,7140,Aircraft mechanics and service technicians,3.4473000000000003,3,15411964.381899998
education,7150,Automotive body and related repairers,2.113011301130113,1,12898514.0545
education,7160,Automotive glass installers and repairers,1.9224922492249223,1,2188247.3498000004
education,7210,Bus and truck mechanics and diesel engine specialists,2.1884,1,34990989.983399995
education,7220,Heavy vehicle and mobile equipment service technicians and mechanics,2.802052677004079,2,20487641.739899997
education,7240,Small engine mechanics,2.7731754120879124,2,4090293.4076
education,7260,"Miscellaneous vehicle and mobile equipment mechanics, installers, and repairers",2.2821844750816327,1,7438558.798999999
education,7300,Control and valve installers and repairers,2.468147146838785,2,2395988.0089
education,7320,Home appliance repairers,2.21957804219578,1,4219145.7509
education,7330,Industrial and refractory machinery mechanics,2.8652493317454617,2,40317999.51359999
education,7340,"Maintenance and repair workers, general",2.921184236847369,2,61076538.656600006
education,7350,"Maintenance workers, machinery",2.9898,3,2980051.7053000005
education,7360,Millwrights,2.5218000000000003,2,4545091.303699999
education,7410,Electrical power-line installers and repairers,2.4316,2,13119090.7542
education,7420,Telecommunications line installers and repairers,2.2836000000000003,1,15346975.804399999
education,7510,"Coin, vending, and amusement machine servicers and repairers",2.1001,1,3331663.6464000004
education,7540,Locksmiths and safe repairers,2.4,2,2971788.6429000003
education,7550,Manufactured building and mobile home installers,1.4201,1,168257.5183
education,7560,Riggers,1.9481,1,1106420.6544999997
education,7610,"Helpers--installation, maintenance, and repair workers",3.312962592518504,3,1287149.81
education,7700,First-line supervisors of production and operating workers,3.2121,3,80607458.7697
education,7710,"Aircraft structure, surfaces, rigging, and systems assemblers",3.0625,3,140542.2783
education,7720,"Electrical, electronics, and electromechanical assemblers",2.5101467113378004,2,11051376.577300001
education,7730,Engine and other machine assemblers,2.5437,2,1115420.8651
education,7740,Structural metal fabricators and fitters,2.7245,2,2192751.1317
education,7800,Bakers,2.0203,1,21543473.7475
education,7810,"Butchers and other meat, poultry, and fish processing workers",1.7848027902765584,1,24572161.302300002
education,7830,"Food and tobacco roasting, baking, and drying machine operators and tenders",2.045,1,1025785.2087
education,7840,Food batchmakers,2.6108610861086112,2,8202041.0847
education,7850,Food cooking machine operators and tenders,2.1399,1,944362.794
education,7925,"Forming machine setters, operators, and tenders, metal and plastic",2.079984431021044,1,2299035.0541000003
education,7950,"Cutting, punching, and press machine setters, operators, and tenders, metal and plastic",2.2267,1,6439841.536199999
education,8000,"Grinding, lapping, polishing, and buffing machine tool setters, operators, and tenders, metal and plastic",2.212578742125787,1,3521929.3216
education,8030,Machinists,2.5417,2,32185441.0124
education,8040,"Metal furnace operators, tenders, pourers, and casters",1.679108412483039,1,1820364.011
education,8100,"Molders and molding machine setters, operators, and tenders, metal and plastic",1.8579030916702477,1,3469436.869
education,8130,Tool and die makers,2.6079000000000003,2,4062581.6353
education,8250,Prepress technicians and workers,3.39013901390139,3,1573104.1207000003
education,8255,Printing press operators,2.3054,1,14222633.7242
education,8300,Laundry and dry-cleaning workers,1.354,1,11841194.691199997
education,8310,"Pressers, textile, garment, and related materials",2.7132,2,2508855.6802999997
education,8320,Sewing machine operators,1.626962696269627,1,13061985.5048
education,8335,Shoe and leather workers,2.243061364912222,1,989517.0514000001
education,8350,"Tailors, dressmakers, and sewers",2.398721595149253,2,5624918.265999999
education,8365,"Textile machine setters, operators, and tenders",1.7866280599647266,1,1428005.8833
education,8450,Upholsterers,1.5618,1,2283342.0799
education,8500,Cabinetmakers and bench carpenters,2.1526,1,5271617.132199999
education,8510,Furniture finishers,1.6771,1,1329588.7197
education,8530,"Sawing machine setters, operators, and tenders, wood",2.0675,1,2341450.7643
education,8540,"Woodworking machine setters, operators, and tenders, except sawing",1.9076,1,1595568.2244000002
education,8600,"Power plant operators, distributors, and dispatchers",2.587204334945465,2,3986977.414
education,8610,Stationary engineers and boiler operators,2.409159084091591,2,8018134.540599999
education,8620,Water and wastewater treatment plant and system operators,3.055294470552945,3,10564925.745
education,8630,Miscellaneous plant and system operators,2.80896734446277,2,4378222.1003
education,8640,"Chemical processing machine setters, operators, and tenders",2.704752167452677,2,6252680.064100001
education,8650,"Crushing, grinding, polishing, mixing, and blending workers",2.223196934672875,1,7671213.242700001
education,8710,Cutting workers,1.6871231743252637,1,5242613.767899999
education,8720,"Extruding, forming, pressing, and compacting machine setters, operators, and tenders",2.5608,2,1865533.3747999999
education,8730,"Furnace, kiln, oven, drier, and kettle operators and tenders",2.1256,1,1359281.1579
education,8740,"Inspectors, testers, sorters, samplers, and weighers",2.3415,2,76832348.95960002
education,8760,Dental and ophthalmic laboratory technicians and medical appliance technicians,3.2499571618005367,3,7721937.1519
education,8800,Packaging and filling machine operators and tenders,1.9021000000000003,1,25673048.0797
education,8830,Photographic process workers and processing machine operators,2.401159884011599,2,2017490.1151000003
education,8850,Adhesive bonding machine operators and tenders,2.073907390739074,1,816490.2437
education,8910,Etchers and engravers,2.0625062506250624,1,557451.4763
education,8930,"Paper goods machine setters, operators, and tenders",2.00969903009699,1,1829820.5060999999
education,8940,Tire builders,1.8606,1,850864.8956
education,8950,Helpers--production workers,1.8705,1,4578290.857799999
education,9030,Aircraft pilots and flight engineers,4.485871657796341,3,17193977.6269
education,9040,Air traffic controllers and airfield operations specialists,3.8950371931785375,3,3647752.1557
education,9050,Flight attendants,2.7553,2,10865461.289400002
education,9110,"Ambulance drivers and attendants, except emergency medical technicians",2.6483648364836485,2,1251391.2592
education,9130,Driver/sales workers and truck drivers,2.124521799131995,1,343819414.8974999
education,9210,Locomotive engineers and operators,2.314578821362799,2,4395863.026137389
education,9240,Railroad conductors and yardmasters,2.2638,1,5062184.8339
education,9300,Sailors and marine oilers,2.0727,1,2076487.5148000002
education,9350,Parking attendants,1.6555,1,5750158.778999999
education,9415,Passenger attendants,1.8625137486251373,1,2671401.5552000003
education,9510,Crane and tower operators,2.5279000000000003,2,5916504.9982
education,9600,Industrial truck and tractor operators,1.8556,1,61465442.0219
education,9610,Cleaners of vehicles and equipment,1.8035803580358036,1,28124023.565100003
education,9620,"Laborers and freight, stock, and material movers, hand",2.061093890610939,1,188309665.85270002
education,9630,Machine feeders and offbearers,1.9016,1,2122411.2681
education,9640,"Packers and packagers, hand",1.9488,1,55677709.6437
education,9650,Pumping station operators,2.63934211392036,2,1831480.1794
education,9720,Refuse and recyclable material collectors,1.8001199880011998,1,9954648.7303
cognitive,0010,Chief executives,3.511428571428572,5,163889050.09179997
cognitive,0020,General and operations managers,3.0890476190476197,3,123561351.71779999
cognitive,0040,Advertising and promotions managers,3.244761904761905,4,5935331.3099
cognitive,0051,Marketing managers,3.2376190476190474,4,61531214.76749831
cognitive,0052,Sales managers,3.22,4,56615257.53080169
cognitive,0110,Computer and information systems managers,3.24952380952381,4,73196787.07419997
cognitive,0135,Compensation and benefits managers,2.928095238095238,3,1882403.4917
cognitive,0136,Human resources managers,3.2566666666666677,5,31748562.348400004
cognitive,0137,Training and development managers,3.2757142857142854,5,6074327.791900001
cognitive,0140,Industrial production managers,3.3390476190476184,5,29841071.7746
cognitive,0150,Purchasing managers,3.1842857142857146,4,23339541.333599996
cognitive,0220,Construction managers,3.392857142857143,5,110207595.66039999
cognitive,0300,Architectural and engineering managers,3.42952380952381,5,18525990.7127
cognitive,0310,Food service managers,3.012380952380952,3,114701500.5035
cognitive,0340,Lodging managers,3.3033333333333337,5,12956252.5859
cognitive,0350,Medical and health services managers,3.196666666666666,4,78936084.21919999
cognitive,0360,Natural sciences managers,3.231904761904762,4,2949020.3623999995
cognitive,0410,"Property, real estate, and community association managers",2.9685714285714284,3,73106308.22850001
cognitive,0420,Social and community service managers,3.2390476190476187,4,44291662.7407
cognitive,0425,Emergency management directors,3.427619047619048,5,1553896.591
cognitive,0440,"Managers, all other",3.187301587301587,4,506074266.7158818
cognitive,0500,"Agents and business managers of artists, performers, and athletes",2.91,3,4691638.657699999
cognitive,0600,Cost estimators,3.172857142857143,4,13025471.362699999
cognitive,0630,Human resources workers,2.89288903557647,3,88405612.52579999
cognitive,0640,"Compensation, benefits, and job analysis specialists",2.994285714285714,3,6283316.2752
cognitive,0650,Training and development specialists,3.202380952380953,4,14932616.4718
cognitive,0700,Logisticians,3.285238095238095,5,16883913.954600003
cognitive,0710,Management analysts,3.231428571428571,4,99046493.2692
cognitive,0725,"Meeting, convention, and event planners",3.255714285714286,5,15007647.706200002
cognitive,0726,Fundraisers,3.0766666666666658,3,8744234.067799998
cognitive,0735,Market research analysts and marketing specialists,3.2804761904761905,5,46146842.50759999
cognitive,0750,"Business operations specialists, all other",3.0815873015873017,3,45352892.68859909
cognitive,0820,Budget analysts,3.202857142857143,4,5510425.741099998
cognitive,0830,Credit analysts,3.1023809523809525,4,3762474.5718
cognitive,0850,Personal financial advisors,3.196666666666667,4,53451588.3097
cognitive,0860,Insurance underwriters,2.917619047619048,3,11761017.061799997
cognitive,0900,Financial examiners,3.314761904761905,5,2008110.8465
cognitive,0910,Credit counselors and loan officers,2.9660234633433338,3,37976448.82170001
cognitive,0930,"Tax examiners and collectors, and revenue agents",3.1609523809523816,4,5730081.7777
cognitive,0940,Tax preparers,2.886190476190476,3,9633229.187500002
cognitive,1200,Actuaries,3.405714285714285,5,3437671.3406
cognitive,1220,Operations research analysts,3.4047619047619047,5,15767367.009999998
cognitive,1305,"Architects, except landscape and naval",3.600952380952381,5,20368537.751485754
cognitive,1306,Landscape architects,3.329047619047619,5,3058596.62921425
cognitive,1310,"Surveyors, cartographers, and photogrammetrists",3.351261339790152,5,4355476.4026
cognitive,1320,Aerospace engineers,3.375714285714286,5,15994458.954799999
cognitive,1340,Bioengineers and biomedical engineers,3.4509523809523808,5,2609204.9492
cognitive,1350,Chemical engineers,3.476190476190476,5,8023596.7612
cognitive,1360,Civil engineers,3.535714285714286,5,49024846.9927
cognitive,1400,Computer hardware engineers,3.24952380952381,4,8618146.867899999
cognitive,1410,Electrical and electronics engineers,3.337735451901009,5,28381398.206400003
cognitive,1420,Environmental engineers,3.3861904761904764,5,3730685.3385
cognitive,1450,Materials engineers,3.344761904761905,5,4925663.4491
cognitive,1460,Mechanical engineers,3.334761904761905,5,38835216.0955
cognitive,1520,Petroleum engineers,3.3747619047619044,5,2644448.7005
cognitive,1530,"Engineers, all other",3.303333333333333,5,65320035.782800004
cognitive,1600,Agricultural and food scientists,3.39221112951605,5,3036192.3712999998
cognitive,1610,Biological scientists,3.47074253241225,5,10644590.545
cognitive,1650,Medical scientists,3.391287953886258,5,15021247.8293
cognitive,1700,Astronomers and physicists,3.655769172361429,5,2022142.8628
cognitive,1710,Atmospheric and space scientists,3.2990476190476192,5,1168553.7367
cognitive,1720,Chemists and materials scientists,3.325477854333393,5,9803292.955599999
cognitive,1745,"Environmental scientists and specialists, including health",3.356666666666667,5,4757849.96898312
cognitive,1750,"Geoscientists and hydrologists, except geographers",3.368251147044411,5,4598532.00361688
cognitive,1760,"Physical scientists, all other",3.446190476190476,5,38703306.8778
cognitive,1800,Economists,3.209047619047619,4,2921246.5148
cognitive,1840,Urban and regional planners,3.267142857142857,5,3642562.918499999
cognitive,1910,Biological technicians,3.160476190476191,4,2352643.5749000004
cognitive,1920,Chemical technicians,3.236666666666668,4,6218448.614799999
cognitive,2002,"Educational, guidance, and career counselors and advisors",3.1666666666666665,4,37755221.382116765
cognitive,2003,Marriage and family therapists,3.225238095238096,4,3774914.0073693004
cognitive,2005,Rehabilitation counselors,2.951428571428571,3,2315758.5551624
cognitive,2011,"Child, family, and school social workers",3.1714285714285717,4,9083543.658023462
cognitive,2012,Healthcare social workers,3.084285714285714,3,9311173.45211329
cognitive,2013,Mental health and substance abuse social workers,3.2904761904761908,5,2782328.32975292
cognitive,2015,Probation officers and correctional treatment specialists,2.9404761904761907,3,9015925.8345
cognitive,2016,Social and human service assistants,3.03047619047619,3,22244468.4702
cognitive,2040,Clergy,3.358095238095238,5,36498125.4148
cognitive,2050,"Directors, religious activities and education",3.0223809523809524,3,6861000.7501
cognitive,2100,Lawyers,3.3633333333333333,5,115976127.9793
cognitive,2105,Judicial law clerks,3.08952380952381,4,1706941.9707000002
cognitive,2145,Paralegals and legal assistants,2.9223809523809523,3,44390500.05459999
cognitive,2170,"Title examiners, abstractors, and searchers",2.7433333333333336,1,9657175.97804208
cognitive,2300,Preschool and kindergarten teachers,3.0521957269246496,3,63386703.8802
cognitive,2310,Elementary and middle school teachers,3.3045431614128846,5,352375505.67820007
cognitive,2320,Secondary school teachers,3.281818369933524,5,97805013.1318
cognitive,2400,"Archivists, curators, and museum technicians",3.0802818857888226,3,5888564.773600001
cognitive,2440,Library technicians,2.6085714285714285,1,2643117.3089
cognitive,2631,Commercial and industrial designers,3.1780952380952385,4,1750436.0335694707
cognitive,2632,Fashion designers,3.246666666666667,4,3399369.3626386453
cognitive,2633,Floral designers,2.875238095238095,2,5805937.379742183
cognitive,2634,Graphic designers,2.9457142857142857,3,31086341.3573062
cognitive,2635,Interior designers,3.310476190476191,5,11256977.55884928
cognitive,2636,Merchandise displayers and window trimmers,2.874761904761905,2,2346788.600143905
cognitive,2721,Athletes and sports competitors,2.936190476190476,3,3110559.7900124006
cognitive,2722,Coaches and scouts,3.291428571428572,5,22168218.806512758
cognitive,2723,"Umpires, referees, and other sports officials",2.8866666666666663,3,2069554.55267484
cognitive,2740,Dancers and choreographers,2.89140731292517,3,1528476.8542
cognitive,2805,Broadcast announcers and radio disc jockeys,3.0357142857142856,3,2782845.53450915
cognitive,2825,Public relations specialists,3.011904761904762,3,13210104.538299998
cognitive,2830,Editors,3.1909523809523805,4,12172124.2502
cognitive,2840,Technical writers,2.8519047619047617,2,6364895.9709
cognitive,2861,Interpreters and translators,3.0652380952380955,3,9336842.184060289
cognitive,2910,Photographers,2.959047619047619,3,19933908.238100003
cognitive,2920,"Television, video, and film camera operators and editors",3.0103549496801416,3,10459357.4858
cognitive,3000,Chiropractors,3.1733333333333333,4,5573872.799299999
cognitive,3030,Dietitians and nutritionists,3.25,5,12300577.713999998
cognitive,3040,Optometrists,3.333809523809524,5,4245136.1147
cognitive,3050,Pharmacists,3.316190476190476,5,35185848.4153
cognitive,3110,Physician assistants,3.2985714285714285,5,15948698.407499999
cognitive,3140,Audiologists,3.2376190476190474,4,1766265.0133
cognitive,3150,Occupational therapists,3.227142857142857,4,14406007.3173
cognitive,3160,Physical therapists,3.203809523809524,4,31258937.666699998
cognitive,3200,Radiation therapists,3.11952380952381,4,1336101.9675
cognitive,3210,Recreational therapists,3.0885714285714285,3,1453245.4704
cognitive,3220,Respiratory therapists,3.168571428571428,4,10650683.653900001
cognitive,3230,Speech-language pathologists,3.237619047619048,4,19110404.8168
cognitive,3250,Veterinarians,3.2485714285714287,4,9223157.647900002
cognitive,3255,Registered nurses,3.367619047619048,5,345289598.2755
cognitive,3258,Nurse practitioners,3.374761904761905,5,27230898.947600003
cognitive,3300,Clinical laboratory technologists and technicians,3.1011904761904763,4,33022722.9229
cognitive,3321,Cardiovascular technologists and technicians,3.1180952380952385,4,4771818.762860759
cognitive,3322,Diagnostic medical sonographers,3.072380952380952,3,9901756.685240556
cognitive,3324,Magnetic resonance imaging technologists,3.1,4,4836634.15155789
cognitive,3421,Pharmacy technicians,2.9871428571428567,3,35334440.43467765
cognitive,3422,Psychiatric technicians,3.0180952380952384,3,8599326.71619727
cognitive,3423,Surgical technologists,2.9761904761904767,3,10593739.284380535
cognitive,3424,Veterinary technologists and technicians,3.131904761904761,4,12999681.675706852
cognitive,3430,Dietetic technicians and ophthalmic medical technicians,2.989423255504692,3,4364605.591385154
cognitive,3500,Licensed practical and licensed vocational nurses,3.137142857142857,4,58953827.0837
cognitive,3520,"Opticians, dispensing",2.993809523809524,3,4787206.8434999995
cognitive,3610,Occupational therapy assistants and aides,2.956586549062844,3,3346660.5036
cognitive,3620,Physical therapist assistants and aides,2.8287226334855884,2,9183252.474700002
cognitive,3630,Massage therapists,2.623809523809524,1,16363782.897400003
cognitive,3640,Dental assistants,2.827619047619048,2,29201135.9606
cognitive,3645,Medical assistants,3.09,4,58867724.158199996
cognitive,3646,Medical transcriptionists,2.726190476190476,1,3920540.8137999997
cognitive,3647,Pharmacy aides,2.6671428571428573,1,3664334.309699999
cognitive,3648,Veterinary assistants and laboratory animal caretakers,2.7085714285714286,1,5713958.7185
cognitive,3649,Phlebotomists,2.808095238095238,2,11679084.050099999
cognitive,3655,Other healthcare support workers,2.9382383261373755,3,19109071.259999998
cognitive,3700,First-line supervisors of correctional officers,3.1480952380952374,4,4962334.1998
cognitive,3710,First-line supervisors of police and detectives,3.344761904761905,5,10036658.909100002
cognitive,3801,Bailiffs,2.607142857142857,1,2240944.5350507
cognitive,3802,Correctional officers and jailers,3.0419047619047617,3,32824670.962349303
cognitive,3840,Parking enforcement workers,2.683333333333333,1,1475025.4367
cognitive,3900,Animal control workers,2.875714285714285,3,948390.1529
cognitive,3910,Private detectives and investigators,3.1733333333333333,4,11381610.5933
cognitive,3930,Security guards and gambling surveillance officers,2.6702045365126703,1,82838962.94070002
cognitive,3940,Crossing guards and flaggers,2.4304761904761905,1,3835250.4263999998
cognitive,3945,Transportation security screeners,2.933809523809524,3,4413954.0007
cognitive,4000,Chefs and head cooks,3.2304761904761907,4,46075472.827999994
cognitive,4010,First-line supervisors of food preparation and serving workers,3.0657142857142854,3,46940051.0389
cognitive,4030,Food preparation workers,2.369047619047618,1,66576580.9251
cognitive,4040,Bartenders,2.828095238095238,2,41044734.357700005
cognitive,4110,Waiters and waitresses,2.624761904761905,1,127667839.8756
cognitive,4120,"Food servers, nonrestaurant",2.4280952380952376,1,14666952.1296
cognitive,4130,Dining room and cafeteria attendants and bartender helpers,2.2619047619047623,1,18078127.886500005
cognitive,4140,Dishwashers,2.2438095238095235,1,17470025.354799997
cognitive,4150,"Hosts and hostesses, restaurant, lounge, and coffee shop",2.501428571428572,1,11021712.369699998
cognitive,4200,First-line supervisors of housekeeping and janitorial workers,2.73,1,33933577.4643
cognitive,4210,"First-line supervisors of landscaping, lawn service, and groundskeeping workers",3.017142857142857,3,27003127.672000006
cognitive,4230,Maids and housekeeping cleaners,2.2619047619047623,1,135885852.44079998
cognitive,4240,Pest control workers,3.094761904761905,4,10027727.575499998
cognitive,4251,Landscaping and groundskeeping workers,2.375714285714286,1,104494046.30693966
cognitive,4252,Tree trimmers and pruners,2.78,2,9205794.550122188
cognitive,4340,Animal trainers,2.88047619047619,3,5633051.1576000005
cognitive,4350,Animal caretakers,2.4680952380952377,1,25720693.361700002
cognitive,4420,"Ushers, lobby attendants, and ticket takers",2.4766666666666666,1,1949762.1051999999
cognitive,4465,"Morticians, undertakers, and funeral arrangers",2.9266666666666663,3,2998527.6498000002
cognitive,4500,Barbers,2.4823809523809524,1,12291821.8315
cognitive,4510,"Hairdressers, hairstylists, and cosmetologists",2.875238095238095,2,70896851.5809
cognitive,4521,Manicurists and pedicurists,2.302857142857143,1,29008302.97527058
cognitive,4522,Skincare specialists,2.625714285714286,1,9385591.2323254
cognitive,4525,Other personal appearance workers,2.3979337963832057,1,2792627.7227053014
cognitive,4530,"Baggage porters, bellhops, and concierges",2.756946007095757,2,7490341.210200001
cognitive,4540,Tour and travel guides,2.802619047619048,2,3919090.1154000005
cognitive,4600,Childcare workers,2.862380952380952,2,87748555.89209999
cognitive,4621,Exercise trainers and group fitness instructors,2.6671428571428573,1,21483578.9514412
cognitive,4622,Recreation workers,2.8904761904761904,3,15121050.909658799
cognitive,4640,Residential advisors,2.8633333333333333,2,2775621.6421
cognitive,4700,First-Line supervisors of retail sales workers,2.9047619047619047,3,305992165.941
cognitive,4710,First-Line supervisors of non-retail sales workers,3.118095238095239,4,117000514.7968
cognitive,4720,Cashiers,2.678904445079332,1,173495830.11279997
cognitive,4740,Counter and rental clerks,2.755714285714286,2,7475893.990200001
cognitive,4750,Parts salespersons,3.1014285714285714,4,11176160.7078
cognitive,4760,Retail salespersons,2.7804761904761905,2,228812358.4479
cognitive,4800,Advertising sales agents,3.036190476190477,3,15391254.927499998
cognitive,4810,Insurance sales agents,2.945238095238095,3,59125760.14389999
cognitive,4830,Travel agents,2.9347619047619045,3,6958153.8108
cognitive,4850,"Sales representatives, wholesale and manufacturing",2.837831946884079,2,119133359.4162
cognitive,4900,"Models, demonstrators, and product promoters",2.7754496362743786,2,3245010.1121
cognitive,4920,Real estate brokers and sales agents,2.956574561012568,3,98938699.83330001
cognitive,4930,Sales engineers,3.3152380952380955,5,4252809.0244
cognitive,4940,Telemarketers,2.2285714285714286,1,3543014.7935999995
cognitive,4950,"Door-to-door sales workers, news and street vendors, and related workers",2.5600000000000005,1,12082550.5947
cognitive,5000,First-Line supervisors of office and administrative support workers,3.1361904761904755,4,130810605.30960001
cognitive,5010,"Switchboard operators, including answering service",2.6076190476190475,1,1464785.0644
cognitive,5020,Telephone operators,2.568095238095238,1,2430039.0006
cognitive,5100,Bill and account collectors,2.72,1,10903897.3404
cognitive,5120,"Bookkeeping, accounting, and auditing clerks",2.8809523809523814,3,106672546.905
cognitive,5130,Gambling cage workers,2.8385714285714285,2,363555.36209999997
cognitive,5140,Payroll and timekeeping clerks,2.7785714285714285,2,13994555.063900001
cognitive,5150,Procurement clerks,2.8509523809523807,2,3715127.9359
cognitive,5160,Tellers,2.981904761904762,3,22906262.9295
cognitive,5200,Brokerage clerks,2.980952380952381,3,140971.8487
cognitive,5240,Customer service representatives,2.791428571428572,2,228261075.1092
cognitive,5250,"Eligibility interviewers, government programs",2.91,3,7681991.7288
cognitive,5260,File clerks,2.9342857142857146,3,13437590.4411
cognitive,5300,"Hotel, motel, and resort desk clerks",2.744761904761905,2,9741016.4771
cognitive,5310,"Interviewers, except eligibility and loan",2.744285714285714,1,16246697.303399999
cognitive,5320,"Library assistants, clerical",2.7442857142857147,2,6627608.1337
cognitive,5330,Loan interviewers and clerks,3.117142857142857,4,12775854.791299999
cognitive,5340,New accounts clerks,2.8323809523809524,2,1846238.2814
cognitive,5350,Order clerks,3.02952380952381,3,9872327.156399997
cognitive,5360,"Human resources assistants, except payroll and timekeeping",2.803333333333333,2,7601459.439199999
cognitive,5400,Receptionists and information clerks,2.7495238095238093,2,109318493.98640002
cognitive,5410,Reservation and transportation ticket agents and travel clerks,2.9095238095238094,3,11594632.134300003
cognitive,5500,Cargo and freight agents,2.8276190476190477,2,2123814.4747
cognitive,5510,Couriers and messengers,2.7485714285714287,2,67076305.8961
cognitive,5521,Public safety telecommunicators,3.2261904761904763,4,8890281.72196498
cognitive,5522,"Dispatchers, except police, fire, and ambulance",2.975714285714286,3,18561889.791435022
cognitive,5530,"Meter readers, utilities",2.671904761904762,1,1967666.2185
cognitive,5540,Postal service clerks,2.814761904761905,2,10183734.062400002
cognitive,5550,Postal service mail carriers,2.493809523809524,1,32142933.355599996
cognitive,5600,"Production, planning, and expediting clerks",3.054761904761905,3,23896915.7081
cognitive,5610,"Shipping, receiving, and inventory clerks",2.6957142857142857,1,58563005.4203
cognitive,5630,"Weighers, measurers, checkers, and samplers, recordkeeping",2.8923809523809525,3,6149528.559
cognitive,5710,Executive secretaries and executive administrative assistants,3.0471428571428567,3,21274138.4998368
cognitive,5720,Legal secretaries and administrative assistants,2.7385714285714284,1,5197807.144740799
cognitive,5730,Medical secretaries and administrative assistants,2.659047619047619,1,8652858.517060801
cognitive,5740,"Secretaries and administrative assistants, except legal, medical, and executive",2.7490476190476194,2,190792704.04926157
cognitive,5810,Data entry keyers,2.768571428571429,2,22907000.8792
cognitive,5820,Word processors and typists,2.6195238095238094,1,4836528.3924
cognitive,5850,"Mail clerks and mail machine operators, except postal service",2.588571428571429,1,5063956.6843
cognitive,5860,"Office clerks, general",2.807619047619048,2,119468677.6626
cognitive,5900,"Office machine operators, except computer",2.6476190476190475,1,2297704.1344999997
cognitive,5910,Proofreaders and copy markers,2.607142857142857,1,883604.8137
cognitive,5920,Statistical assistants,3.3038095238095235,5,3657831.4852000005
cognitive,6010,Agricultural inspectors,3.1004761904761904,4,1549919.4792
cognitive,6040,"Graders and sorters, agricultural products",2.0409523809523806,1,5890548.508700002
cognitive,6120,Forest and conservation workers,2.9819047619047625,3,1687509.7943000002
cognitive,6200,First-line supervisors of construction trades and extraction workers,3.0652380952380955,3,71537912.9583
cognitive,6210,Boilermakers,2.941904761904762,3,1629486.3432
cognitive,6220,"Brickmasons, blockmasons, and stonemasons",2.794991751897064,2,13027021.780499998
cognitive,6240,"Carpet, floor, and tile installers and finishers",2.724820467246595,1,14500176.246199999
cognitive,6250,"Cement masons, concrete finishers, and terrazzo workers",2.663019295226017,1,5803959.462499999
cognitive,6260,Construction laborers,2.5895238095238096,1,204354638.40659997
cognitive,6305,Construction equipment operators,2.698739301542429,1,37432852.083900005
cognitive,6330,"Drywall installers, ceiling tile installers, and tapers",2.6418073059944978,1,15093130.693100002
cognitive,6355,Electricians,3.123809523809524,4,91439980.32190001
cognitive,6360,Glaziers,2.5538095238095235,1,3872469.1693
cognitive,6400,Insulation workers,2.6658905014807024,1,5411850.466499999
cognitive,6410,Painters and paperhangers,2.4586051154854256,1,54922008.67380001
cognitive,6441,Pipelayers,2.677619047619048,1,5043857.494626249
cognitive,6460,Plasterers and stucco masons,2.617619047619048,1,2285283.1444
cognitive,6500,Reinforcing iron and rebar workers,2.5719047619047624,1,199764.4368
cognitive,6515,Roofers,2.654285714285715,1,21984621.8674
cognitive,6520,Sheet metal workers,2.8866666666666667,3,13553177.427599998
cognitive,6530,Structural iron and steel workers,2.934761904761905,3,4985410.348999999
cognitive,6660,Construction and building inspectors,3.22095238095238,4,10076300.3013
cognitive,6700,Elevator and escalator installers and repairers,3.008095238095239,3,3516140.3828000003
cognitive,6710,Fence erectors,2.463809523809524,1,3754233.8848
cognitive,6720,Hazardous materials removal workers,3.107619047619047,4,2985994.1704
cognitive,6730,Highway maintenance workers,2.76,2,9135292.900100002
cognitive,6740,Rail-track laying and maintenance equipment operators,2.844761904761905,2,1278398.5896
cognitive,6765,Miscellaneous construction and related workers,2.8476190476190477,2,4156433.8955000006
cognitive,6800,"Derrick, rotary drill, and service unit operators, oil and gas",3.028509061559909,3,2958164.1501
cognitive,7000,"First-line supervisors of mechanics, installers, and repairers",3.25047619047619,5,26636654.502
cognitive,7010,"Computer, automated teller, and office machine repairers",2.923333333333334,3,16558350.486299999
cognitive,7020,Radio and telecommunications equipment installers and repairers,3.1271266207657127,4,12900462.173
cognitive,7030,Avionics technicians,3.0476190476190474,3,1111129.7714999998
cognitive,7040,"Electric motor, power tool, and related repairers",2.9995238095238093,3,2101661.2624
cognitive,7100,"Electrical and electronics repairers, industrial and utility",2.958122835426236,3,1999326.027
cognitive,7110,"Electronic equipment installers and repairers, motor vehicles",2.9995238095238093,3,228337.88970000003
cognitive,7120,Audiovisual equipment installers and repairers,2.918571428571429,3,3077006.6521
cognitive,7130,Security and fire alarm systems installers,2.879523809523809,3,6176076.4438000005
cognitive,7140,Aircraft mechanics and service technicians,3.149047619047619,4,15411964.381899998
cognitive,7150,Automotive body and related repairers,2.75,2,12898514.0545
cognitive,7160,Automotive glass installers and repairers,2.4880952380952386,1,2188247.3498000004
cognitive,7210,Bus and truck mechanics and diesel engine specialists,2.8261904761904764,2,34990989.983399995
cognitive,7220,Heavy vehicle and mobile equipment service technicians and mechanics,3.0007639074540484,3,20487641.739899997
cognitive,7240,Small engine mechanics,2.8163050758765045,2,4090293.4076
cognitive,7260,"Miscellaneous vehicle and mobile equipment mechanics, installers, and repairers",2.616840556663094,1,7438558.798999999
cognitive,7300,Control and valve installers and repairers,2.8657006643056224,2,2395988.0089
cognitive,7320,Home appliance repairers,2.934761904761905,3,4219145.7509
cognitive,7330,Industrial and refractory machinery mechanics,2.905074967243883,3,40317999.51359999
cognitive,7340,"Maintenance and repair workers, general",2.929047619047619,3,61076538.656600006
cognitive,7350,"Maintenance workers, machinery",2.797142857142857,2,2980051.7053000005
cognitive,7360,Millwrights,3.125238095238095,4,4545091.303699999
cognitive,7410,Electrical power-line installers and repairers,2.9395238095238096,3,13119090.7542
cognitive,7420,Telecommunications line installers and repairers,2.821428571428572,2,15346975.804399999
cognitive,7510,"Coin, vending, and amusement machine servicers and repairers",2.6766666666666663,1,3331663.6464000004
cognitive,7540,Locksmiths and safe repairers,2.8571428571428577,2,2971788.6429000003
cognitive,7550,Manufactured building and mobile home installers,3.187619047619048,4,168257.5183
cognitive,7560,Riggers,2.6847619047619045,1,1106420.6544999997
cognitive,7610,"Helpers--installation, maintenance, and repair workers",2.5942857142857143,1,1287149.81
cognitive,7700,First-line supervisors of production and operating workers,3.207142857142857,4,80607458.7697
cognitive,7710,"Aircraft structure, surfaces, rigging, and systems assemblers",2.821904761904762,2,140542.2783
cognitive,7720,"Electrical, electronics, and electromechanical assemblers",2.579047619047619,1,11051376.577300001
cognitive,7730,Engine and other machine assemblers,2.6723809523809527,1,1115420.8651
cognitive,7740,Structural metal fabricators and fitters,2.494761904761905,1,2192751.1317
cognitive,7800,Bakers,2.678571428571429,1,21543473.7475
cognitive,7810,"Butchers and other meat, poultry, and fish processing workers",2.492512163447469,1,24572161.302300002
cognitive,7830,"Food and tobacco roasting, baking, and drying machine operators and tenders",2.5880952380952382,1,1025785.2087
cognitive,7840,Food batchmakers,2.666190476190476,1,8202041.0847
cognitive,7850,Food cooking machine operators and tenders,2.572380952380952,1,944362.794
cognitive,7925,"Forming machine setters, operators, and tenders, metal and plastic",2.735817791263037,1,2299035.0541000003
cognitive,7950,"Cutting, punching, and press machine setters, operators, and tenders, metal and plastic",2.683809523809524,1,6439841.536199999
cognitive,8000,"Grinding, lapping, polishing, and buffing machine tool setters, operators, and tenders, metal and plastic",2.772380952380952,2,3521929.3216
cognitive,8030,Machinists,2.856190476190476,2,32185441.0124
cognitive,8040,"Metal furnace operators, tenders, pourers, and casters",2.7423085869354527,1,1820364.011
cognitive,8100,"Molders and molding machine setters, operators, and tenders, metal and plastic",2.7191064089927344,1,3469436.869
cognitive,8130,Tool and die makers,2.850952380952381,2,4062581.6353
cognitive,8250,Prepress technicians and workers,2.706666666666667,1,1573104.1207000003
cognitive,8255,Printing press operators,2.7185714285714284,1,14222633.7242
cognitive,8300,Laundry and dry-cleaning workers,2.333809523809524,1,11841194.691199997
cognitive,8310,"Pressers, textile, garment, and related materials",2.0595238095238093,1,2508855.6802999997
cognitive,8320,Sewing machine operators,2.447619047619048,1,13061985.5048
cognitive,8335,Shoe and leather workers,2.3415988237115,1,989517.0514000001
cognitive,8350,"Tailors, dressmakers, and sewers",2.626913868159204,1,5624918.265999999
cognitive,8365,"Textile machine setters, operators, and tenders",2.522266397917192,1,1428005.8833
cognitive,8450,Upholsterers,2.8271428571428574,2,2283342.0799
cognitive,8500,Cabinetmakers and bench carpenters,2.874761904761905,2,5271617.132199999
cognitive,8510,Furniture finishers,2.7133333333333334,1,1329588.7197
cognitive,8530,"Sawing machine setters, operators, and tenders, wood",2.49,1,2341450.7643
cognitive,8540,"Woodworking machine setters, operators, and tenders, except sawing",2.6609523809523803,1,1595568.2244000002
cognitive,8600,"Power plant operators, distributors, and dispatchers",3.0904031833727967,4,3986977.414
cognitive,8610,Stationary engineers and boiler operators,2.82,2,8018134.540599999
cognitive,8620,Water and wastewater treatment plant and system operators,2.951904761904762,3,10564925.745
cognitive,8630,Miscellaneous plant and system operators,3.11471885494082,4,4378222.1003
cognitive,8640,"Chemical processing machine setters, operators, and tenders",2.9711934448823136,3,6252680.064100001
cognitive,8650,"Crushing, grinding, polishing, mixing, and blending workers",2.7716410124850355,2,7671213.242700001
cognitive,8710,Cutting workers,2.788072789648357,2,5242613.767899999
cognitive,8720,"Extruding, forming, pressing, and compacting machine setters, operators, and tenders",2.76,2,1865533.3747999999
cognitive,8730,"Furnace, kiln, oven, drier, and kettle operators and tenders",2.6185714285714283,1,1359281.1579
cognitive,8740,"Inspectors, testers, sorters, samplers, and weighers",2.8033333333333337,2,76832348.95960002
cognitive,8760,Dental and ophthalmic laboratory technicians and medical appliance technicians,2.79791619660441,2,7721937.1519
cognitive,8800,Packaging and filling machine operators and tenders,2.677619047619048,1,25673048.0797
cognitive,8830,Photographic process workers and processing machine operators,2.904285714285714,3,2017490.1151000003
cognitive,8850,Adhesive bonding machine operators and tenders,2.772857142857143,2,816490.2437
cognitive,8910,Etchers and engravers,2.707142857142857,1,557451.4763
cognitive,8930,"Paper goods machine setters, operators, and tenders",2.6128571428571425,1,1829820.5060999999
cognitive,8940,Tire builders,2.4647619047619047,1,850864.8956
cognitive,8950,Helpers--production workers,2.500952380952381,1,4578290.857799999
cognitive,9030,Aircraft pilots and flight engineers,3.5899512987012985,5,17193977.6269
cognitive,9040,Air traffic controllers and airfield operations specialists,3.600847686592368,5,3647752.1557
cognitive,9050,Flight attendants,2.886190476190476,3,10865461.289400002
cognitive,9110,"Ambulance drivers and attendants, except emergency medical technicians",2.9457142857142853,3,1251391.2592
cognitive,9130,Driver/sales workers and truck drivers,2.762799932247267,2,343819414.8974999
cognitive,9210,Locomotive engineers and operators,3.110822152065247,4,4395863.026137389
cognitive,9240,Railroad conductors and yardmasters,3.065238095238095,3,5062184.8339
cognitive,9300,Sailors and marine oilers,2.9814285714285718,3,2076487.5148000002
cognitive,9350,Parking attendants,2.725714285714286,1,5750158.778999999
cognitive,9415,Passenger attendants,2.6842857142857146,1,2671401.5552000003
cognitive,9510,Crane and tower operators,2.839523809523809,2,5916504.9982
cognitive,9600,Industrial truck and tractor operators,2.6476190476190475,1,61465442.0219
cognitive,9610,Cleaners of vehicles and equipment,2.149047619047619,1,28124023.565100003
cognitive,9620,"Laborers and freight, stock, and material movers, hand",2.4823809523809524,1,188309665.85270002
cognitive,9630,Machine feeders and offbearers,2.541428571428572,1,2122411.2681
cognitive,9640,"Packers and packagers, hand",2.2919047619047626,1,55677709.6437
cognitive,9650,Pumping station operators,2.790031423737008,2,1831480.1794
cognitive,9720,Refuse and recyclable material collectors,2.570952380952381,1,9954648.7303
telework,0010,Chief executives,1.0,3,163889050.09179997
telework,0020,General and operations managers,1.0,3,123561351.71779999
telework,0040,Advertising and promotions managers,1.0,3,5935331.3099
telework,0051,Marketing managers,1.0,3,61531214.76749831
telework,0052,Sales managers,1.0,3,56615257.53080169
telework,0110,Computer and information systems managers,1.0,3,73196787.07419997
telework,0135,Compensation and benefits managers,1.0,3,1882403.4917
telework,0136,Human resources managers,1.0,3,31748562.348400004
telework,0137,Training and development managers,1.0,3,6074327.791900001
telework,0140,Industrial production managers,0.0,1,29841071.7746
telework,0150,Purchasing managers,1.0,3,23339541.333599996
telework,0220,Construction managers,0.0,1,110207595.66039999
telework,0300,Architectural and engineering managers,0.5,2,18525990.7127
telework,0310,Food service managers,0.0,1,114701500.5035
telework,0340,Lodging managers,0.0,1,12956252.5859
telework,0350,Medical and health services managers,1.0,3,78936084.21919999
telework,0360,Natural sciences managers,1.0,3,2949020.3623999995
telework,0410,"Property, real estate, and community association managers",1.0,3,73106308.22850001
telework,0420,Social and community service managers,1.0,3,44291662.7407
telework,0425,Emergency management directors,0.0,1,1553896.591
telework,0440,"Managers, all other",0.888888888889,2,506074266.7158818
telework,0500,"Agents and business managers of artists, performers, and athletes",1.0,3,4691638.657699999
telework,0600,Cost estimators,1.0,3,13025471.362699999
telework,0630,Human resources workers,1.0,3,88405612.52579999
telework,0640,"Compensation, benefits, and job analysis specialists",1.0,3,6283316.2752
telework,0650,Training and development specialists,1.0,3,14932616.4718
telework,0700,Logisticians,1.0,3,16883913.954600003
telework,0710,Management analysts,1.0,3,99046493.2692
telework,0725,"Meeting, convention, and event planners",0.0,1,15007647.706200002
telework,0726,Fundraisers,0.0,1,8744234.067799998
telework,0735,Market research analysts and marketing specialists,1.0,3,46146842.50759999
telework,0750,"Business operations specialists, all other",0.833333333333,2,45352892.68859909
telework,0820,Budget analysts,1.0,3,5510425.741099998
telework,0830,Credit analysts,1.0,3,3762474.5718
telework,0850,Personal financial advisors,1.0,3,53451588.3097
telework,0860,Insurance underwriters,1.0,3,11761017.061799997
telework,0900,Financial examiners,1.0,3,2008110.8465
telework,0910,Credit counselors and loan officers,0.0840872374798,2,37976448.82170001
telework,0930,"Tax examiners and collectors, and revenue agents",0.0,1,5730081.7777
telework,0940,Tax preparers,0.0,1,9633229.187500002
telework,1200,Actuaries,1.0,3,3437671.3406
telework,1220,Operations research analysts,1.0,3,15767367.009999998
telework,1305,"Architects, except landscape and naval",1.0,3,20368537.751485754
telework,1306,Landscape architects,1.0,3,3058596.62921425
telework,1310,"Surveyors, cartographers, and photogrammetrists",0.60686440678,2,4355476.4026
telework,1320,Aerospace engineers,1.0,3,15994458.954799999
telework,1340,Bioengineers and biomedical engineers,1.0,3,2609204.9492
telework,1350,Chemical engineers,0.0,1,8023596.7612
telework,1360,Civil engineers,1.0,3,49024846.9927
telework,1400,Computer hardware engineers,1.0,3,8618146.867899999
telework,1410,Electrical and electronics engineers,1.0,3,28381398.206400003
telework,1420,Environmental engineers,1.0,3,3730685.3385
telework,1450,Materials engineers,0.0,1,4925663.4491
telework,1460,Mechanical engineers,0.333333333333,2,38835216.0955
telework,1520,Petroleum engineers,1.0,3,2644448.7005
telework,1530,"Engineers, all other",0.454545454545,2,65320035.782800004
telework,1600,Agricultural and food scientists,0.576621748668,2,3036192.3712999998
telework,1610,Biological scientists,0.402661899086,2,10644590.545
telework,1650,Medical scientists,1.0,3,15021247.8293
telework,1700,Astronomers and physicists,1.0,3,2022142.8628
telework,1710,Atmospheric and space scientists,1.0,3,1168553.7367
telework,1720,Chemists and materials scientists,0.0,1,9803292.955599999
telework,1745,"Environmental scientists and specialists, including health",1.0,3,4757849.96898312
telework,1750,"Geoscientists and hydrologists, except geographers",1.0,3,4598532.00361688
telework,1760,"Physical scientists, all other",1.0,3,38703306.8778
telework,1800,Economists,1.0,3,2921246.5148
telework,1840,Urban and regional planners,0.0,1,3642562.918499999
telework,1910,Biological technicians,0.0,1,2352643.5749000004
telework,1920,Chemical technicians,0.0,1,6218448.614799999
telework,2002,"Educational, guidance, and career counselors and advisors",1.0,3,37755221.382116765
telework,2003,Marriage and family therapists,1.0,3,3774914.0073693004
telework,2005,Rehabilitation counselors,1.0,3,2315758.5551624
telework,2011,"Child, family, and school social workers",0.0,1,9083543.658023462
telework,2012,Healthcare social workers,0.0,1,9311173.45211329
telework,2013,Mental health and substance abuse social workers,0.0,1,2782328.32975292
telework,2015,Probation officers and correctional treatment specialists,1.0,3,9015925.8345
telework,2016,Social and human service assistants,0.0,1,22244468.4702
telework,2040,Clergy,1.0,3,36498125.4148
telework,2050,"Directors, religious activities and education",1.0,3,6861000.7501
telework,2100,Lawyers,1.0,3,115976127.9793
telework,2105,Judicial law clerks,1.0,3,1706941.9707000002
telework,2145,Paralegals and legal assistants,1.0,3,44390500.05459999
telework,2170,"Title examiners, abstractors, and searchers",1.0,3,9657175.97804208
telework,2300,Preschool and kindergarten teachers,1.0,3,63386703.8802
telework,2310,Elementary and middle school teachers,1.0,3,352375505.67820007
telework,2320,Secondary school teachers,1.0,3,97805013.1318
telework,2400,"Archivists, curators, and museum technicians",0.610103166133,2,5888564.773600001
telework,2440,Library technicians,1.0,3,2643117.3089
telework,2631,Commercial and industrial designers,1.0,3,1750436.0335694707
telework,2632,Fashion designers,1.0,3,3399369.3626386453
telework,2633,Floral designers,1.0,3,5805937.379742183
telework,2634,Graphic designers,1.0,3,31086341.3573062
telework,2635,Interior designers,1.0,3,11256977.55884928
telework,2636,Merchandise displayers and window trimmers,0.0,1,2346788.600143905
telework,2721,Athletes and sports competitors,1.0,3,3110559.7900124006
telework,2722,Coaches and scouts,1.0,3,22168218.806512758
telework,2723,"Umpires, referees, and other sports officials",0.0,1,2069554.55267484
telework,2740,Dancers and choreographers,0.0,1,1528476.8542
telework,2805,Broadcast announcers and radio disc jockeys,0.0,1,2782845.53450915
telework,2825,Public relations specialists,1.0,3,13210104.538299998
telework,2830,Editors,1.0,3,12172124.2502
telework,2840,Technical writers,1.0,3,6364895.9709
telework,2861,Interpreters and translators,0.0,1,9336842.184060289
telework,2910,Photographers,1.0,3,19933908.238100003
telework,2920,"Television, video, and film camera operators and editors",0.580211136411,2,10459357.4858
telework,3000,Chiropractors,0.0,1,5573872.799299999
telework,3030,Dietitians and nutritionists,0.0,1,12300577.713999998
telework,3040,Optometrists,0.0,1,4245136.1147
telework,3050,Pharmacists,0.0,1,35185848.4153
telework,3110,Physician assistants,0.0,1,15948698.407499999
telework,3140,Audiologists,0.0,1,1766265.0133
telework,3150,Occupational therapists,0.0,1,14406007.3173
telework,3160,Physical therapists,0.0,1,31258937.666699998
telework,3200,Radiation therapists,0.0,1,1336101.9675
telework,3210,Recreational therapists,0.666666666667,2,1453245.4704
telework,3220,Respiratory therapists,0.0,1,10650683.653900001
telework,3230,Speech-language pathologists,1.0,3,19110404.8168
telework,3250,Veterinarians,0.0,1,9223157.647900002
telework,3255,Registered nurses,0.0,1,345289598.2755
telework,3258,Nurse practitioners,0.0,1,27230898.947600003
telework,3300,Clinical laboratory technologists and technicians,0.0,1,33022722.9229
telework,3321,Cardiovascular technologists and technicians,0.0,1,4771818.762860759
telework,3322,Diagnostic medical sonographers,0.0,1,9901756.685240556
telework,3324,Magnetic resonance imaging technologists,0.0,1,4836634.15155789
telework,3421,Pharmacy technicians,0.0,1,35334440.43467765
telework,3422,Psychiatric technicians,0.0,1,8599326.71619727
telework,3423,Surgical technologists,0.0,1,10593739.284380535
telework,3424,Veterinary technologists and technicians,0.0,1,12999681.675706852
telework,3430,Dietetic technicians and ophthalmic medical technicians,0.0,1,4364605.591385154
telework,3500,Licensed practical and licensed vocational nurses,0.0,1,58953827.0837
telework,3520,"Opticians, dispensing",0.0,1,4787206.8434999995
telework,3610,Occupational therapy assistants and aides,0.0,1,3346660.5036
telework,3620,Physical therapist assistants and aides,0.0,1,9183252.474700002
telework,3630,Massage therapists,0.0,1,16363782.897400003
telework,3640,Dental assistants,0.0,1,29201135.9606
telework,3645,Medical assistants,0.0,1,58867724.158199996
telework,3646,Medical transcriptionists,1.0,3,3920540.8137999997
telework,3647,Pharmacy aides,0.0,1,3664334.309699999
telework,3648,Veterinary assistants and laboratory animal caretakers,0.0,1,5713958.7185
telework,3649,Phlebotomists,0.0,1,11679084.050099999
telework,3655,Other healthcare support workers,0.0698360010662,2,19109071.259999998
telework,3700,First-line supervisors of correctional officers,0.0,1,4962334.1998
telework,3710,First-line supervisors of police and detectives,0.0,1,10036658.909100002
telework,3801,Bailiffs,0.0,1,2240944.5350507
telework,3802,Correctional officers and jailers,0.0,1,32824670.962349303
telework,3840,Parking enforcement workers,0.0,1,1475025.4367
telework,3900,Animal control workers,0.0,1,948390.1529
telework,3910,Private detectives and investigators,1.0,3,11381610.5933
telework,3930,Security guards and gambling surveillance officers,0.0086186684673,2,82838962.94070002
telework,3940,Crossing guards and flaggers,0.0,1,3835250.4263999998
telework,3945,Transportation security screeners,0.0,1,4413954.0007
telework,4000,Chefs and head cooks,0.0,1,46075472.827999994
telework,4010,First-line supervisors of food preparation and serving workers,0.0,1,46940051.0389
telework,4030,Food preparation workers,0.0,1,66576580.9251
telework,4040,Bartenders,0.0,1,41044734.357700005
telework,4110,Waiters and waitresses,0.0,1,127667839.8756
telework,4120,"Food servers, nonrestaurant",0.0,1,14666952.1296
telework,4130,Dining room and cafeteria attendants and bartender helpers,0.0,1,18078127.886500005
telework,4140,Dishwashers,0.0,1,17470025.354799997
telework,4150,"Hosts and hostesses, restaurant, lounge, and coffee shop",0.0,1,11021712.369699998
telework,4200,First-line supervisors of housekeeping and janitorial workers,0.0,1,33933577.4643
telework,4210,"First-line supervisors of landscaping, lawn service, and groundskeeping workers",0.0,1,27003127.672000006
telework,4230,Maids and housekeeping cleaners,0.0,1,135885852.44079998
telework,4240,Pest control workers,0.0,1,10027727.575499998
telework,4251,Landscaping and groundskeeping workers,0.0,1,104494046.30693966
telework,4252,Tree trimmers and pruners,0.0,1,9205794.550122188
telework,4340,Animal trainers,0.0,1,5633051.1576000005
telework,4350,Animal caretakers,0.0,1,25720693.361700002
telework,4420,"Ushers, lobby attendants, and ticket takers",1.0,3,1949762.1051999999
telework,4465,"Morticians, undertakers, and funeral arrangers",0.0,1,2998527.6498000002
telework,4500,Barbers,0.0,1,12291821.8315
telework,4510,"Hairdressers, hairstylists, and cosmetologists",0.0,1,70896851.5809
telework,4521,Manicurists and pedicurists,0.0,1,29008302.97527058
telework,4522,Skincare specialists,0.0,1,9385591.2323254
telework,4525,Other personal appearance workers,0.0107314936487,2,2792627.7227053014
telework,4530,"Baggage porters, bellhops, and concierges",0.0,1,7490341.210200001
telework,4540,Tour and travel guides,0.0,1,3919090.1154000005
telework,4600,Childcare workers,1.0,3,87748555.89209999
telework,4621,Exercise trainers and group fitness instructors,0.0,1,21483578.9514412
telework,4622,Recreation workers,1.0,3,15121050.909658799
telework,4640,Residential advisors,1.0,3,2775621.6421
telework,4700,First-Line supervisors of retail sales workers,0.0,1,305992165.941
telework,4710,First-Line supervisors of non-retail sales workers,1.0,3,117000514.7968
telework,4720,Cashiers,0.0,1,173495830.11279997
telework,4740,Counter and rental clerks,0.0,1,7475893.990200001
telework,4750,Parts salespersons,0.0,1,11176160.7078
telework,4760,Retail salespersons,0.0,1,228812358.4479
telework,4800,Advertising sales agents,0.0,1,15391254.927499998
telework,4810,Insurance sales agents,1.0,3,59125760.14389999
telework,4830,Travel agents,0.0,1,6958153.8108
telework,4850,"Sales representatives, wholesale and manufacturing",1.0,3,119133359.4162
telework,4900,"Models, demonstrators, and product promoters",0.0468603561387,2,3245010.1121
telework,4920,Real estate brokers and sales agents,0.215972903111,2,98938699.83330001
telework,4930,Sales engineers,1.0,3,4252809.0244
telework,4940,Telemarketers,1.0,3,3543014.7935999995
telework,4950,"Door-to-door sales workers, news and street vendors, and related workers",0.0,1,12082550.5947
telework,5000,First-Line supervisors of office and administrative support workers,1.0,3,130810605.30960001
telework,5010,"Switchboard operators, including answering service",1.0,3,1464785.0644
telework,5020,Telephone operators,0.0,1,2430039.0006
telework,5100,Bill and account collectors,1.0,3,10903897.3404
telework,5120,"Bookkeeping, accounting, and auditing clerks",1.0,3,106672546.905
telework,5130,Gambling cage workers,0.0,1,363555.36209999997
telework,5140,Payroll and timekeeping clerks,1.0,3,13994555.063900001
telework,5150,Procurement clerks,1.0,3,3715127.9359
telework,5160,Tellers,0.0,1,22906262.9295
telework,5200,Brokerage clerks,1.0,3,140971.8487
telework,5240,Customer service representatives,0.5,2,228261075.1092
telework,5250,"Eligibility interviewers, government programs",0.0,1,7681991.7288
telework,5260,File clerks,1.0,3,13437590.4411
telework,5300,"Hotel, motel, and resort desk clerks",0.0,1,9741016.4771
telework,5310,"Interviewers, except eligibility and loan",1.0,3,16246697.303399999
telework,5320,"Library assistants, clerical",0.0,1,6627608.1337
telework,5330,Loan interviewers and clerks,0.0,1,12775854.791299999
telework,5340,New accounts clerks,0.0,1,1846238.2814
telework,5350,Order clerks,1.0,3,9872327.156399997
telework,5360,"Human resources assistants, except payroll and timekeeping",1.0,3,7601459.439199999
telework,5400,Receptionists and information clerks,0.0,1,109318493.98640002
telework,5410,Reservation and transportation ticket agents and travel clerks,0.0,1,11594632.134300003
telework,5500,Cargo and freight agents,1.0,3,2123814.4747
telework,5510,Couriers and messengers,1.0,3,67076305.8961
telework,5521,Public safety telecommunicators,0.0,1,8890281.72196498
telework,5522,"Dispatchers, except police, fire, and ambulance",1.0,3,18561889.791435022
telework,5530,"Meter readers, utilities",0.0,1,1967666.2185
telework,5540,Postal service clerks,0.0,1,10183734.062400002
telework,5550,Postal service mail carriers,0.0,1,32142933.355599996
telework,5600,"Production, planning, and expediting clerks",0.0,1,23896915.7081
telework,5610,"Shipping, receiving, and inventory clerks",0.0,1,58563005.4203
telework,5630,"Weighers, measurers, checkers, and samplers, recordkeeping",0.0,1,6149528.559
telework,5710,Executive secretaries and executive administrative assistants,1.0,3,21274138.4998368
telework,5720,Legal secretaries and administrative assistants,1.0,3,5197807.144740799
telework,5730,Medical secretaries and administrative assistants,1.0,3,8652858.517060801
telework,5740,"Secretaries and administrative assistants, except legal, medical, and executive",1.0,3,190792704.04926157
telework,5810,Data entry keyers,1.0,3,22907000.8792
telework,5820,Word processors and typists,1.0,3,4836528.3924
telework,5850,"Mail clerks and mail machine operators, except postal service",1.0,3,5063956.6843
telework,5860,"Office clerks, general",1.0,3,119468677.6626
telework,5900,"Office machine operators, except computer",1.0,3,2297704.1344999997
telework,5910,Proofreaders and copy markers,1.0,3,883604.8137
telework,5920,Statistical assistants,1.0,3,3657831.4852000005
telework,6010,Agricultural inspectors,0.0,1,1549919.4792
telework,6040,"Graders and sorters, agricultural products",0.0,1,5890548.508700002
telework,6120,Forest and conservation workers,0.0,1,1687509.7943000002
telework,6200,First-line supervisors of construction trades and extraction workers,0.0,1,71537912.9583
telework,6210,Boilermakers,0.0,1,1629486.3432
telework,6220,"Brickmasons, blockmasons, and stonemasons",0.0,1,13027021.780499998
telework,6240,"Carpet, floor, and tile installers and finishers",0.0,1,14500176.246199999
telework,6250,"Cement masons, concrete finishers, and terrazzo workers",0.0,1,5803959.462499999
telework,6260,Construction laborers,0.0,1,204354638.40659997
telework,6305,Construction equipment operators,0.0,1,37432852.083900005
telework,6330,"Drywall installers, ceiling tile installers, and tapers",0.0,1,15093130.693100002
telework,6355,Electricians,0.0,1,91439980.32190001
telework,6360,Glaziers,0.0,1,3872469.1693
telework,6400,Insulation workers,0.0,1,5411850.466499999
telework,6410,Painters and paperhangers,0.0,1,54922008.67380001
telework,6441,Pipelayers,0.0,1,5043857.494626249
telework,6460,Plasterers and stucco masons,0.0,1,2285283.1444
telework,6500,Reinforcing iron and rebar workers,0.0,1,199764.4368
telework,6515,Roofers,0.0,1,21984621.8674
telework,6520,Sheet metal workers,0.0,1,13553177.427599998
telework,6530,Structural iron and steel workers,0.0,1,4985410.348999999
telework,6660,Construction and building inspectors,0.0,1,10076300.3013
telework,6700,Elevator and escalator installers and repairers,0.0,1,3516140.3828000003
telework,6710,Fence erectors,0.0,1,3754233.8848
telework,6720,Hazardous materials removal workers,0.0,1,2985994.1704
telework,6730,Highway maintenance workers,0.0,1,9135292.900100002
telework,6740,Rail-track laying and maintenance equipment operators,0.0,1,1278398.5896
telework,6765,Miscellaneous construction and related workers,0.25,2,4156433.8955000006
telework,6800,"Derrick, rotary drill, and service unit operators, oil and gas",0.0,1,2958164.1501
telework,7000,"First-line supervisors of mechanics, installers, and repairers",0.0,1,26636654.502
telework,7010,"Computer, automated teller, and office machine repairers",0.0,1,16558350.486299999
telework,7020,Radio and telecommunications equipment installers and repairers,0.0,1,12900462.173
telework,7030,Avionics technicians,0.0,1,1111129.7714999998
telework,7040,"Electric motor, power tool, and related repairers",0.0,1,2101661.2624
telework,7100,"Electrical and electronics repairers, industrial and utility",0.0,1,1999326.027
telework,7110,"Electronic equipment installers and repairers, motor vehicles",0.0,1,228337.88970000003
telework,7120,Audiovisual equipment installers and repairers,0.0,1,3077006.6521
telework,7130,Security and fire alarm systems installers,0.0,1,6176076.4438000005
telework,7140,Aircraft mechanics and service technicians,0.0,1,15411964.381899998
telework,7150,Automotive body and related repairers,0.0,1,12898514.0545
telework,7160,Automotive glass installers and repairers,0.0,1,2188247.3498000004
telework,7210,Bus and truck mechanics and diesel engine specialists,0.0,1,34990989.983399995
telework,7220,Heavy vehicle and mobile equipment service technicians and mechanics,0.0,1,20487641.739899997
telework,7240,Small engine mechanics,0.0,1,4090293.4076
telework,7260,"Miscellaneous vehicle and mobile equipment mechanics, installers, and repairers",0.0,1,7438558.798999999
telework,7300,Control and valve installers and repairers,0.0,1,2395988.0089
telework,7320,Home appliance repairers,0.0,1,4219145.7509
telework,7330,Industrial and refractory machinery mechanics,0.0,1,40317999.51359999
telework,7340,"Maintenance and repair workers, general",0.0,1,61076538.656600006
telework,7350,"Maintenance workers, machinery",0.0,1,2980051.7053000005
telework,7360,Millwrights,0.0,1,4545091.303699999
telework,7410,Electrical power-line installers and repairers,0.0,1,13119090.7542
telework,7420,Telecommunications line installers and repairers,0.0,1,15346975.804399999
telework,7510,"Coin, vending, and amusement machine servicers and repairers",1.0,3,3331663.6464000004
telework,7540,Locksmiths and safe repairers,0.0,1,2971788.6429000003
telework,7550,Manufactured building and mobile home installers,0.0,1,168257.5183
telework,7560,Riggers,0.0,1,1106420.6544999997
telework,7610,"Helpers--installation, maintenance, and repair workers",0.0,1,1287149.81
telework,7700,First-line supervisors of production and operating workers,0.0,1,80607458.7697
telework,7710,"Aircraft structure, surfaces, rigging, and systems assemblers",0.0,1,140542.2783
telework,7720,"Electrical, electronics, and electromechanical assemblers",0.0,1,11051376.577300001
telework,7730,Engine and other machine assemblers,0.0,1,1115420.8651
telework,7740,Structural metal fabricators and fitters,0.0,1,2192751.1317
telework,7800,Bakers,0.0,1,21543473.7475
telework,7810,"Butchers and other meat, poultry, and fish processing workers",0.0,1,24572161.302300002
telework,7830,"Food and tobacco roasting, baking, and drying machine operators and tenders",0.0,1,1025785.2087
telework,7840,Food batchmakers,0.0,1,8202041.0847
telework,7850,Food cooking machine operators and tenders,0.0,1,944362.794
telework,7925,"Forming machine setters, operators, and tenders, metal and plastic",0.0,1,2299035.0541000003
telework,7950,"Cutting, punching, and press machine setters, operators, and tenders, metal and plastic",0.0,1,6439841.536199999
telework,8000,"Grinding, lapping, polishing, and buffing machine tool setters, operators, and tenders, metal and plastic",0.0,1,3521929.3216
telework,8030,Machinists,0.0,1,32185441.0124
telework,8040,"Metal furnace operators, tenders, pourers, and casters",0.0,1,1820364.011
telework,8100,"Molders and molding machine setters, operators, and tenders, metal and plastic",0.0,1,3469436.869
telework,8130,Tool and die makers,0.0,1,4062581.6353
telework,8250,Prepress technicians and workers,1.0,3,1573104.1207000003
telework,8255,Printing press operators,0.0,1,14222633.7242
telework,8300,Laundry and dry-cleaning workers,0.0,1,11841194.691199997
telework,8310,"Pressers, textile, garment, and related materials",0.0,1,2508855.6802999997
telework,8320,Sewing machine operators,0.0,1,13061985.5048
telework,8335,Shoe and leather workers,0.0,1,989517.0514000001
telework,8350,"Tailors, dressmakers, and sewers",0.0,1,5624918.265999999
telework,8365,"Textile machine setters, operators, and tenders",0.0,1,1428005.8833
telework,8450,Upholsterers,0.0,1,2283342.0799
telework,8500,Cabinetmakers and bench carpenters,0.0,1,5271617.132199999
telework,8510,Furniture finishers,0.0,1,1329588.7197
telework,8530,"Sawing machine setters, operators, and tenders, wood",0.0,1,2341450.7643
telework,8540,"Woodworking machine setters, operators, and tenders, except sawing",0.0,1,1595568.2244000002
telework,8600,"Power plant operators, distributors, and dispatchers",0.0,1,3986977.414
telework,8610,Stationary engineers and boiler operators,0.0,1,8018134.540599999
telework,8620,Water and wastewater treatment plant and system operators,0.0,1,10564925.745
telework,8630,Miscellaneous plant and system operators,0.0,1,4378222.1003
telework,8640,"Chemical processing machine setters, operators, and tenders",0.0,1,6252680.064100001
telework,8650,"Crushing, grinding, polishing, mixing, and blending workers",0.0,1,7671213.242700001
telework,8710,Cutting workers,0.0,1,5242613.767899999
telework,8720,"Extruding, forming, pressing, and compacting machine setters, operators, and tenders",0.0,1,1865533.3747999999
telework,8730,"Furnace, kiln, oven, drier, and kettle operators and tenders",0.0,1,1359281.1579
telework,8740,"Inspectors, testers, sorters, samplers, and weighers",0.0,1,76832348.95960002
telework,8760,Dental and ophthalmic laboratory technicians and medical appliance technicians,0.276835331968,2,7721937.1519
telework,8800,Packaging and filling machine operators and tenders,0.0,1,25673048.0797
telework,8830,Photographic process workers and processing machine operators,0.0,1,2017490.1151000003
telework,8850,Adhesive bonding machine operators and tenders,0.0,1,816490.2437
telework,8910,Etchers and engravers,0.0,1,557451.4763
telework,8930,"Paper goods machine setters, operators, and tenders",0.0,1,1829820.5060999999
telework,8940,Tire builders,0.0,1,850864.8956
telework,8950,Helpers--production workers,0.0,1,4578290.857799999
telework,9030,Aircraft pilots and flight engineers,0.0,1,17193977.6269
telework,9040,Air traffic controllers and airfield operations specialists,0.627364066194,2,3647752.1557
telework,9050,Flight attendants,0.0,1,10865461.289400002
telework,9110,"Ambulance drivers and attendants, except emergency medical technicians",0.0,1,1251391.2592
telework,9130,Driver/sales workers and truck drivers,0.0,1,343819414.8974999
telework,9210,Locomotive engineers and operators,0.0,1,4395863.026137389
telework,9240,Railroad conductors and yardmasters,0.0,1,5062184.8339
telework,9300,Sailors and marine oilers,0.0,1,2076487.5148000002
telework,9350,Parking attendants,0.0,1,5750158.778999999
telework,9415,Passenger attendants,0.0,1,2671401.5552000003
telework,9510,Crane and tower operators,0.0,1,5916504.9982
telework,9600,Industrial truck and tractor operators,0.0,1,61465442.0219
telework,9610,Cleaners of vehicles and equipment,0.0,1,28124023.565100003
telework,9620,"Laborers and freight, stock, and material movers, hand",0.0,1,188309665.85270002
telework,9630,Machine feeders and offbearers,0.0,1,2122411.2681
telework,9640,"Packers and packagers, hand",0.0,1,55677709.6437
telework,9650,Pumping station operators,0.0,1,1831480.1794
telework,9720,Refuse and recyclable material collectors,0.0,1,9954648.7303
stem,0010,Chief executives,0.0,1,163889050.09179997
stem,0020,General and operations managers,0.0,1,123561351.71779999
stem,0040,Advertising and promotions managers,0.0,1,5935331.3099
stem,0051,Marketing managers,0.0,1,61531214.76749831
stem,0052,Sales managers,0.0,1,56615257.53080169
stem,0110,Computer and information systems managers,0.0,1,73196787.07419997
stem,0135,Compensation and benefits managers,0.0,1,1882403.4917
stem,0136,Human resources managers,0.0,1,31748562.348400004
stem,0137,Training and development managers,0.0,1,6074327.791900001
stem,0140,Industrial production managers,0.0,1,29841071.7746
stem,0150,Purchasing managers,0.0,1,23339541.333599996
stem,0220,Construction managers,0.0,1,110207595.66039999
stem,0300,Architectural and engineering managers,0.0,1,18525990.7127
stem,0310,Food service managers,0.0,1,114701500.5035
stem,0340,Lodging managers,0.0,1,12956252.5859
stem,0350,Medical and health services managers,0.0,1,78936084.21919999
stem,0360,Natural sciences managers,0.0,1,2949020.3623999995
stem,0410,"Property, real estate, and community association managers",0.0,1,73106308.22850001
stem,0420,Social and community service managers,0.0,1,44291662.7407
stem,0425,Emergency management directors,0.0,1,1553896.591
stem,0440,"Managers, all other",0.0,1,506074266.7158818
stem,0500,"Agents and business managers of artists, performers, and athletes",0.0,1,4691638.657699999
stem,0600,Cost estimators,0.0,1,13025471.362699999
stem,0630,Human resources workers,0.0,1,88405612.52579999
stem,0640,"Compensation, benefits, and job analysis specialists",0.0,1,6283316.2752
stem,0650,Training and development specialists,0.0,1,14932616.4718
stem,0700,Logisticians,0.0,1,16883913.954600003
stem,0710,Management analysts,0.0,1,99046493.2692
stem,0725,"Meeting, convention, and event planners",0.0,1,15007647.706200002
stem,0726,Fundraisers,0.0,1,8744234.067799998
stem,0735,Market research analysts and marketing specialists,0.0,1,46146842.50759999
stem,0750,"Business operations specialists, all other",0.0,1,45352892.68859909
stem,0820,Budget analysts,0.0,1,5510425.741099998
stem,0830,Credit analysts,0.0,1,3762474.5718
stem,0850,Personal financial advisors,0.0,1,53451588.3097
stem,0860,Insurance underwriters,0.0,1,11761017.061799997
stem,0900,Financial examiners,0.0,1,2008110.8465
stem,0910,Credit counselors and loan officers,0.0,1,37976448.82170001
stem,0930,"Tax examiners and collectors, and revenue agents",0.0,1,5730081.7777
stem,0940,Tax preparers,0.0,1,9633229.187500002
stem,1200,Actuaries,1.0,2,3437671.3406
stem,1220,Operations research analysts,1.0,2,15767367.009999998
stem,1305,"Architects, except landscape and naval",1.0,2,20368537.751485754
stem,1306,Landscape architects,1.0,2,3058596.62921425
stem,1310,"Surveyors, cartographers, and photogrammetrists",1.0,2,4355476.4026
stem,1320,Aerospace engineers,1.0,2,15994458.954799999
stem,1340,Bioengineers and biomedical engineers,1.0,2,2609204.9492
stem,1350,Chemical engineers,1.0,2,8023596.7612
stem,1360,Civil engineers,1.0,2,49024846.9927
stem,1400,Computer hardware engineers,1.0,2,8618146.867899999
stem,1410,Electrical and electronics engineers,1.0,2,28381398.206400003
stem,1420,Environmental engineers,1.0,2,3730685.3385
stem,1450,Materials engineers,1.0,2,4925663.4491
stem,1460,Mechanical engineers,1.0,2,38835216.0955
stem,1520,Petroleum engineers,1.0,2,2644448.7005
stem,1530,"Engineers, all other",1.0,2,65320035.782800004
stem,1600,Agricultural and food scientists,1.0,2,3036192.3712999998
stem,1610,Biological scientists,1.0,2,10644590.545
stem,1650,Medical scientists,1.0,2,15021247.8293
stem,1700,Astronomers and physicists,1.0,2,2022142.8628
stem,1710,Atmospheric and space scientists,1.0,2,1168553.7367
stem,1720,Chemists and materials scientists,1.0,2,9803292.955599999
stem,1745,"Environmental scientists and specialists, including health",1.0,2,4757849.96898312
stem,1750,"Geoscientists and hydrologists, except geographers",1.0,2,4598532.00361688
stem,1760,"Physical scientists, all other",1.0,2,38703306.8778
stem,1800,Economists,1.0,2,2921246.5148
stem,1840,Urban and regional planners,1.0,2,3642562.918499999
stem,1910,Biological technicians,1.0,2,2352643.5749000004
stem,1920,Chemical technicians,1.0,2,6218448.614799999
stem,2002,"Educational, guidance, and career counselors and advisors",0.0,1,37755221.382116765
stem,2003,Marriage and family therapists,0.0,1,3774914.0073693004
stem,2005,Rehabilitation counselors,0.0,1,2315758.5551624
stem,2011,"Child, family, and school social workers",0.0,1,9083543.658023462
stem,2012,Healthcare social workers,0.0,1,9311173.45211329
stem,2013,Mental health and substance abuse social workers,0.0,1,2782328.32975292
stem,2015,Probation officers and correctional treatment specialists,0.0,1,9015925.8345
stem,2016,Social and human service assistants,0.0,1,22244468.4702
stem,2040,Clergy,0.0,1,36498125.4148
stem,2050,"Directors, religious activities and education",0.0,1,6861000.7501
stem,2100,Lawyers,0.0,1,115976127.9793
stem,2105,Judicial law clerks,0.0,1,1706941.9707000002
stem,2145,Paralegals and legal assistants,0.0,1,44390500.05459999
stem,2170,"Title examiners, abstractors, and searchers",0.0,1,9657175.97804208
stem,2300,Preschool and kindergarten teachers,0.0,1,63386703.8802
stem,2310,Elementary and middle school teachers,0.0,1,352375505.67820007
stem,2320,Secondary school teachers,0.0,1,97805013.1318
stem,2400,"Archivists, curators, and museum technicians",0.0,1,5888564.773600001
stem,2440,Library technicians,0.0,1,2643117.3089
stem,2631,Commercial and industrial designers,0.0,1,1750436.0335694707
stem,2632,Fashion designers,0.0,1,3399369.3626386453
stem,2633,Floral designers,0.0,1,5805937.379742183
stem,2634,Graphic designers,0.0,1,31086341.3573062
stem,2635,Interior designers,0.0,1,11256977.55884928
stem,2636,Merchandise displayers and window trimmers,0.0,1,2346788.600143905
stem,2721,Athletes and sports competitors,0.0,1,3110559.7900124006
stem,2722,Coaches and scouts,0.0,1,22168218.806512758
stem,2723,"Umpires, referees, and other sports officials",0.0,1,2069554.55267484
stem,2740,Dancers and choreographers,0.0,1,1528476.8542
stem,2805,Broadcast announcers and radio disc jockeys,0.0,1,2782845.53450915
stem,2825,Public relations specialists,0.0,1,13210104.538299998
stem,2830,Editors,0.0,1,12172124.2502
stem,2840,Technical writers,0.0,1,6364895.9709
stem,2861,Interpreters and translators,0.0,1,9336842.184060289
stem,2910,Photographers,0.0,1,19933908.238100003
stem,2920,"Television, video, and film camera operators and editors",0.0,1,10459357.4858
stem,3000,Chiropractors,0.0,1,5573872.799299999
stem,3030,Dietitians and nutritionists,0.0,1,12300577.713999998
stem,3040,Optometrists,0.0,1,4245136.1147
stem,3050,Pharmacists,0.0,1,35185848.4153
stem,3110,Physician assistants,0.0,1,15948698.407499999
stem,3140,Audiologists,0.0,1,1766265.0133
stem,3150,Occupational therapists,0.0,1,14406007.3173
stem,3160,Physical therapists,0.0,1,31258937.666699998
stem,3200,Radiation therapists,0.0,1,1336101.9675
stem,3210,Recreational therapists,0.0,1,1453245.4704
stem,3220,Respiratory therapists,0.0,1,10650683.653900001
stem,3230,Speech-language pathologists,0.0,1,19110404.8168
stem,3250,Veterinarians,0.0,1,9223157.647900002
stem,3255,Registered nurses,0.0,1,345289598.2755
stem,3258,Nurse practitioners,0.0,1,27230898.947600003
stem,3300,Clinical laboratory technologists and technicians,0.0,1,33022722.9229
stem,3321,Cardiovascular technologists and technicians,0.0,1,4771818.762860759
stem,3322,Diagnostic medical sonographers,0.0,1,9901756.685240556
stem,3324,Magnetic resonance imaging technologists,0.0,1,4836634.15155789
stem,3421,Pharmacy technicians,0.0,1,35334440.43467765
stem,3422,Psychiatric technicians,0.0,1,8599326.71619727
stem,3423,Surgical technologists,0.0,1,10593739.284380535
stem,3424,Veterinary technologists and technicians,0.0,1,12999681.675706852
stem,3430,Dietetic technicians and ophthalmic medical technicians,0.0,1,4364605.591385154
stem,3500,Licensed practical and licensed vocational nurses,0.0,1,58953827.0837
stem,3520,"Opticians, dispensing",0.0,1,4787206.8434999995
stem,3610,Occupational therapy assistants and aides,0.0,1,3346660.5036
stem,3620,Physical therapist assistants and aides,0.0,1,9183252.474700002
stem,3630,Massage therapists,0.0,1,16363782.897400003
stem,3640,Dental assistants,0.0,1,29201135.9606
stem,3645,Medical assistants,0.0,1,58867724.158199996
stem,3646,Medical transcriptionists,0.0,1,3920540.8137999997
stem,3647,Pharmacy aides,0.0,1,3664334.309699999
stem,3648,Veterinary assistants and laboratory animal caretakers,0.0,1,5713958.7185
stem,3649,Phlebotomists,0.0,1,11679084.050099999
stem,3655,Other healthcare support workers,0.0,1,19109071.259999998
stem,3700,First-line supervisors of correctional officers,0.0,1,4962334.1998
stem,3710,First-line supervisors of police and detectives,0.0,1,10036658.909100002
stem,3801,Bailiffs,0.0,1,2240944.5350507
stem,3802,Correctional officers and jailers,0.0,1,32824670.962349303
stem,3840,Parking enforcement workers,0.0,1,1475025.4367
stem,3900,Animal control workers,0.0,1,948390.1529
stem,3910,Private detectives and investigators,0.0,1,11381610.5933
stem,3930,Security guards and gambling surveillance officers,0.0,1,82838962.94070002
stem,3940,Crossing guards and flaggers,0.0,1,3835250.4263999998
stem,3945,Transportation security screeners,0.0,1,4413954.0007
stem,4000,Chefs and head cooks,0.0,1,46075472.827999994
stem,4010,First-line supervisors of food preparation and serving workers,0.0,1,46940051.0389
stem,4030,Food preparation workers,0.0,1,66576580.9251
stem,4040,Bartenders,0.0,1,41044734.357700005
stem,4110,Waiters and waitresses,0.0,1,127667839.8756
stem,4120,"Food servers, nonrestaurant",0.0,1,14666952.1296
stem,4130,Dining room and cafeteria attendants and bartender helpers,0.0,1,18078127.886500005
stem,4140,Dishwashers,0.0,1,17470025.354799997
stem,4150,"Hosts and hostesses, restaurant, lounge, and coffee shop",0.0,1,11021712.369699998
stem,4200,First-line supervisors of housekeeping and janitorial workers,0.0,1,33933577.4643
stem,4210,"First-line supervisors of landscaping, lawn service, and groundskeeping workers",0.0,1,27003127.672000006
stem,4230,Maids and housekeeping cleaners,0.0,1,135885852.44079998
stem,4240,Pest control workers,0.0,1,10027727.575499998
stem,4251,Landscaping and groundskeeping workers,0.0,1,104494046.30693966
stem,4252,Tree trimmers and pruners,0.0,1,9205794.550122188
stem,4340,Animal trainers,0.0,1,5633051.1576000005
stem,4350,Animal caretakers,0.0,1,25720693.361700002
stem,4420,"Ushers, lobby attendants, and ticket takers",0.0,1,1949762.1051999999
stem,4465,"Morticians, undertakers, and funeral arrangers",0.0,1,2998527.6498000002
stem,4500,Barbers,0.0,1,12291821.8315
stem,4510,"Hairdressers, hairstylists, and cosmetologists",0.0,1,70896851.5809
stem,4521,Manicurists and pedicurists,0.0,1,29008302.97527058
stem,4522,Skincare specialists,0.0,1,9385591.2323254
stem,4525,Other personal appearance workers,0.0,1,2792627.7227053014
stem,4530,"Baggage porters, bellhops, and concierges",0.0,1,7490341.210200001
stem,4540,Tour and travel guides,0.0,1,3919090.1154000005
stem,4600,Childcare workers,0.0,1,87748555.89209999
stem,4621,Exercise trainers and group fitness instructors,0.0,1,21483578.9514412
stem,4622,Recreation workers,0.0,1,15121050.909658799
stem,4640,Residential advisors,0.0,1,2775621.6421
stem,4700,First-Line supervisors of retail sales workers,0.0,1,305992165.941
stem,4710,First-Line supervisors of non-retail sales workers,0.0,1,117000514.7968
stem,4720,Cashiers,0.0,1,173495830.11279997
stem,4740,Counter and rental clerks,0.0,1,7475893.990200001
stem,4750,Parts salespersons,0.0,1,11176160.7078
stem,4760,Retail salespersons,0.0,1,228812358.4479
stem,4800,Advertising sales agents,0.0,1,15391254.927499998
stem,4810,Insurance sales agents,0.0,1,59125760.14389999
stem,4830,Travel agents,0.0,1,6958153.8108
stem,4850,"Sales representatives, wholesale and manufacturing",0.0,1,119133359.4162
stem,4900,"Models, demonstrators, and product promoters",0.0,1,3245010.1121
stem,4920,Real estate brokers and sales agents,0.0,1,98938699.83330001
stem,4930,Sales engineers,0.0,1,4252809.0244
stem,4940,Telemarketers,0.0,1,3543014.7935999995
stem,4950,"Door-to-door sales workers, news and street vendors, and related workers",0.0,1,12082550.5947
stem,5000,First-Line supervisors of office and administrative support workers,0.0,1,130810605.30960001
stem,5010,"Switchboard operators, including answering service",0.0,1,1464785.0644
stem,5020,Telephone operators,0.0,1,2430039.0006
stem,5100,Bill and account collectors,0.0,1,10903897.3404
stem,5120,"Bookkeeping, accounting, and auditing clerks",0.0,1,106672546.905
stem,5130,Gambling cage workers,0.0,1,363555.36209999997
stem,5140,Payroll and timekeeping clerks,0.0,1,13994555.063900001
stem,5150,Procurement clerks,0.0,1,3715127.9359
stem,5160,Tellers,0.0,1,22906262.9295
stem,5200,Brokerage clerks,0.0,1,140971.8487
stem,5240,Customer service representatives,0.0,1,228261075.1092
stem,5250,"Eligibility interviewers, government programs",0.0,1,7681991.7288
stem,5260,File clerks,0.0,1,13437590.4411
stem,5300,"Hotel, motel, and resort desk clerks",0.0,1,9741016.4771
stem,5310,"Interviewers, except eligibility and loan",0.0,1,16246697.303399999
stem,5320,"Library assistants, clerical",0.0,1,6627608.1337
stem,5330,Loan interviewers and clerks,0.0,1,12775854.791299999
stem,5340,New accounts clerks,0.0,1,1846238.2814
stem,5350,Order clerks,0.0,1,9872327.156399997
stem,5360,"Human resources assistants, except payroll and timekeeping",0.0,1,7601459.439199999
stem,5400,Receptionists and information clerks,0.0,1,109318493.98640002
stem,5410,Reservation and transportation ticket agents and travel clerks,0.0,1,11594632.134300003
stem,5500,Cargo and freight agents,0.0,1,2123814.4747
stem,5510,Couriers and messengers,0.0,1,67076305.8961
stem,5521,Public safety telecommunicators,0.0,1,8890281.72196498
stem,5522,"Dispatchers, except police, fire, and ambulance",0.0,1,18561889.791435022
stem,5530,"Meter readers, utilities",0.0,1,1967666.2185
stem,5540,Postal service clerks,0.0,1,10183734.062400002
stem,5550,Postal service mail carriers,0.0,1,32142933.355599996
stem,5600,"Production, planning, and expediting clerks",0.0,1,23896915.7081
stem,5610,"Shipping, receiving, and inventory clerks",0.0,1,58563005.4203
stem,5630,"Weighers, measurers, checkers, and samplers, recordkeeping",0.0,1,6149528.559
stem,5710,Executive secretaries and executive administrative assistants,0.0,1,21274138.4998368
stem,5720,Legal secretaries and administrative assistants,0.0,1,5197807.144740799
stem,5730,Medical secretaries and administrative assistants,0.0,1,8652858.517060801
stem,5740,"Secretaries and administrative assistants, except legal, medical, and executive",0.0,1,190792704.04926157
stem,5810,Data entry keyers,0.0,1,22907000.8792
stem,5820,Word processors and typists,0.0,1,4836528.3924
stem,5850,"Mail clerks and mail machine operators, except postal service",0.0,1,5063956.6843
stem,5860,"Office clerks, general",0.0,1,119468677.6626
stem,5900,"Office machine operators, except computer",0.0,1,2297704.1344999997
stem,5910,Proofreaders and copy markers,0.0,1,883604.8137
stem,5920,Statistical assistants,0.0,1,3657831.4852000005
stem,6010,Agricultural inspectors,0.0,1,1549919.4792
stem,6040,"Graders and sorters, agricultural products",0.0,1,5890548.508700002
stem,6120,Forest and conservation workers,0.0,1,1687509.7943000002
stem,6200,First-line supervisors of construction trades and extraction workers,0.0,1,71537912.9583
stem,6210,Boilermakers,0.0,1,1629486.3432
stem,6220,"Brickmasons, blockmasons, and stonemasons",0.0,1,13027021.780499998
stem,6240,"Carpet, floor, and tile installers and finishers",0.0,1,14500176.246199999
stem,6250,"Cement masons, concrete finishers, and terrazzo workers",0.0,1,5803959.462499999
stem,6260,Construction laborers,0.0,1,204354638.40659997
stem,6305,Construction equipment operators,0.0,1,37432852.083900005
stem,6330,"Drywall installers, ceiling tile installers, and tapers",0.0,1,15093130.693100002
stem,6355,Electricians,0.0,1,91439980.32190001
stem,6360,Glaziers,0.0,1,3872469.1693
stem,6400,Insulation workers,0.0,1,5411850.466499999
stem,6410,Painters and paperhangers,0.0,1,54922008.67380001
stem,6441,Pipelayers,0.0,1,5043857.494626249
stem,6460,Plasterers and stucco masons,0.0,1,2285283.1444
stem,6500,Reinforcing iron and rebar workers,0.0,1,199764.4368
stem,6515,Roofers,0.0,1,21984621.8674
stem,6520,Sheet metal workers,0.0,1,13553177.427599998
stem,6530,Structural iron and steel workers,0.0,1,4985410.348999999
stem,6660,Construction and building inspectors,0.0,1,10076300.3013
stem,6700,Elevator and escalator installers and repairers,0.0,1,3516140.3828000003
stem,6710,Fence erectors,0.0,1,3754233.8848
stem,6720,Hazardous materials removal workers,0.0,1,2985994.1704
stem,6730,Highway maintenance workers,0.0,1,9135292.900100002
stem,6740,Rail-track laying and maintenance equipment operators,0.0,1,1278398.5896
stem,6765,Miscellaneous construction and related workers,0.0,1,4156433.8955000006
stem,6800,"Derrick, rotary drill, and service unit operators, oil and gas",0.0,1,2958164.1501
stem,7000,"First-line supervisors of mechanics, installers, and repairers",0.0,1,26636654.502
stem,7010,"Computer, automated teller, and office machine repairers",0.0,1,16558350.486299999
stem,7020,Radio and telecommunications equipment installers and repairers,0.0,1,12900462.173
stem,7030,Avionics technicians,0.0,1,1111129.7714999998
stem,7040,"Electric motor, power tool, and related repairers",0.0,1,2101661.2624
stem,7100,"Electrical and electronics repairers, industrial and utility",0.0,1,1999326.027
stem,7110,"Electronic equipment installers and repairers, motor vehicles",0.0,1,228337.88970000003
stem,7120,Audiovisual equipment installers and repairers,0.0,1,3077006.6521
stem,7130,Security and fire alarm systems installers,0.0,1,6176076.4438000005
stem,7140,Aircraft mechanics and service technicians,0.0,1,15411964.381899998
stem,7150,Automotive body and related repairers,0.0,1,12898514.0545
stem,7160,Automotive glass installers and repairers,0.0,1,2188247.3498000004
stem,7210,Bus and truck mechanics and diesel engine specialists,0.0,1,34990989.983399995
stem,7220,Heavy vehicle and mobile equipment service technicians and mechanics,0.0,1,20487641.739899997
stem,7240,Small engine mechanics,0.0,1,4090293.4076
stem,7260,"Miscellaneous vehicle and mobile equipment mechanics, installers, and repairers",0.0,1,7438558.798999999
stem,7300,Control and valve installers and repairers,0.0,1,2395988.0089
stem,7320,Home appliance repairers,0.0,1,4219145.7509
stem,7330,Industrial and refractory machinery mechanics,0.0,1,40317999.51359999
stem,7340,"Maintenance and repair workers, general",0.0,1,61076538.656600006
stem,7350,"Maintenance workers, machinery",0.0,1,2980051.7053000005
stem,7360,Millwrights,0.0,1,4545091.303699999
stem,7410,Electrical power-line installers and repairers,0.0,1,13119090.7542
stem,7420,Telecommunications line installers and repairers,0.0,1,15346975.804399999
stem,7510,"Coin, vending, and amusement machine servicers and repairers",0.0,1,3331663.6464000004
stem,7540,Locksmiths and safe repairers,0.0,1,2971788.6429000003
stem,7550,Manufactured building and mobile home installers,0.0,1,168257.5183
stem,7560,Riggers,0.0,1,1106420.6544999997
stem,7610,"Helpers--installation, maintenance, and repair workers",0.0,1,1287149.81
stem,7700,First-line supervisors of production and operating workers,0.0,1,80607458.7697
stem,7710,"Aircraft structure, surfaces, rigging, and systems assemblers",0.0,1,140542.2783
stem,7720,"Electrical, electronics, and electromechanical assemblers",0.0,1,11051376.577300001
stem,7730,Engine and other machine assemblers,0.0,1,1115420.8651
stem,7740,Structural metal fabricators and fitters,0.0,1,2192751.1317
stem,7800,Bakers,0.0,1,21543473.7475
stem,7810,"Butchers and other meat, poultry, and fish processing workers",0.0,1,24572161.302300002
stem,7830,"Food and tobacco roasting, baking, and drying machine operators and tenders",0.0,1,1025785.2087
stem,7840,Food batchmakers,0.0,1,8202041.0847
stem,7850,Food cooking machine operators and tenders,0.0,1,944362.794
stem,7925,"Forming machine setters, operators, and tenders, metal and plastic",0.0,1,2299035.0541000003
stem,7950,"Cutting, punching, and press machine setters, operators, and tenders, metal and plastic",0.0,1,6439841.536199999
stem,8000,"Grinding, lapping, polishing, and buffing machine tool setters, operators, and tenders, metal and plastic",0.0,1,3521929.3216
stem,8030,Machinists,0.0,1,32185441.0124
stem,8040,"Metal furnace operators, tenders, pourers, and casters",0.0,1,1820364.011
stem,8100,"Molders and molding machine setters, operators, and tenders, metal and plastic",0.0,1,3469436.869
stem,8130,Tool and die makers,0.0,1,4062581.6353
stem,8250,Prepress technicians and workers,0.0,1,1573104.1207000003
stem,8255,Printing press operators,0.0,1,14222633.7242
stem,8300,Laundry and dry-cleaning workers,0.0,1,11841194.691199997
stem,8310,"Pressers, textile, garment, and related materials",0.0,1,2508855.6802999997
stem,8320,Sewing machine operators,0.0,1,13061985.5048
stem,8335,Shoe and leather workers,0.0,1,989517.0514000001
stem,8350,"Tailors, dressmakers, and sewers",0.0,1,5624918.265999999
stem,8365,"Textile machine setters, operators, and tenders",0.0,1,1428005.8833
stem,8450,Upholsterers,0.0,1,2283342.0799
stem,8500,Cabinetmakers and bench carpenters,0.0,1,5271617.132199999
stem,8510,Furniture finishers,0.0,1,1329588.7197
stem,8530,"Sawing machine setters, operators, and tenders, wood",0.0,1,2341450.7643
stem,8540,"Woodworking machine setters, operators, and tenders, except sawing",0.0,1,1595568.2244000002
stem,8600,"Power plant operators, distributors, and dispatchers",0.0,1,3986977.414
stem,8610,Stationary engineers and boiler operators,0.0,1,8018134.540599999
stem,8620,Water and wastewater treatment plant and system operators,0.0,1,10564925.745
stem,8630,Miscellaneous plant and system operators,0.0,1,4378222.1003
stem,8640,"Chemical processing machine setters, operators, and tenders",0.0,1,6252680.064100001
stem,8650,"Crushing, grinding, polishing, mixing, and blending workers",0.0,1,7671213.242700001
stem,8710,Cutting workers,0.0,1,5242613.767899999
stem,8720,"Extruding, forming, pressing, and compacting machine setters, operators, and tenders",0.0,1,1865533.3747999999
stem,8730,"Furnace, kiln, oven, drier, and kettle operators and tenders",0.0,1,1359281.1579
stem,8740,"Inspectors, testers, sorters, samplers, and weighers",0.0,1,76832348.95960002
stem,8760,Dental and ophthalmic laboratory technicians and medical appliance technicians,0.0,1,7721937.1519
stem,8800,Packaging and filling machine operators and tenders,0.0,1,25673048.0797
stem,8830,Photographic process workers and processing machine operators,0.0,1,2017490.1151000003
stem,8850,Adhesive bonding machine operators and tenders,0.0,1,816490.2437
stem,8910,Etchers and engravers,0.0,1,557451.4763
stem,8930,"Paper goods machine setters, operators, and tenders",0.0,1,1829820.5060999999
stem,8940,Tire builders,0.0,1,850864.8956
stem,8950,Helpers--production workers,0.0,1,4578290.857799999
stem,9030,Aircraft pilots and flight engineers,0.0,1,17193977.6269
stem,9040,Air traffic controllers and airfield operations specialists,0.0,1,3647752.1557
stem,9050,Flight attendants,0.0,1,10865461.289400002
stem,9110,"Ambulance drivers and attendants, except emergency medical technicians",0.0,1,1251391.2592
stem,9130,Driver/sales workers and truck drivers,0.0,1,343819414.8974999
stem,9210,Locomotive engineers and operators,0.0,1,4395863.026137389
stem,9240,Railroad conductors and yardmasters,0.0,1,5062184.8339
stem,9300,Sailors and marine oilers,0.0,1,2076487.5148000002
stem,9350,Parking attendants,0.0,1,5750158.778999999
stem,9415,Passenger attendants,0.0,1,2671401.5552000003
stem,9510,Crane and tower operators,0.0,1,5916504.9982
stem,9600,Industrial truck and tractor operators,0.0,1,61465442.0219
stem,9610,Cleaners of vehicles and equipment,0.0,1,28124023.565100003
stem,9620,"Laborers and freight, stock, and material movers, hand",0.0,1,188309665.85270002
stem,9630,Machine feeders and offbearers,0.0,1,2122411.2681
stem,9640,"Packers and packagers, hand",0.0,1,55677709.6437
stem,9650,Pumping station operators,0.0,1,1831480.1794
stem,9720,Refuse and recyclable material collectors,0.0,1,9954648.7303
