draw,mode,control,target,observed_q5,bootstrap_q5,q5_shift,observed_baseline_q5,bootstrap_baseline_q5,observed_conditioning_movement,bootstrap_conditioning_movement,conditioning_movement_shift,observed_shortfall_z_coefficient,bootstrap_shortfall_z_coefficient,shortfall_z_coefficient_shift,observed_shortfall_raw_coefficient,bootstrap_shortfall_raw_coefficient,support_occupations,occupations_reclassified,shortfall_weighted_mean,shortfall_weighted_sd,fit_iterations,baseline_iterations,shortfall_raw_coefficient_shift
51,fixed_shortfalls_fixed_labels,total,pooled,-0.16377116430786862,-0.1681991922177526,-0.004428027909883975,-0.16416781512267428,-0.16857002262466517,0.0003966508148056658,0.00037083040691257563,-2.5820407893090147e-05,0.0011366840378451543,0.0010390069478738821,-9.767708997127219e-05,0.006380345985753297,0.005832072579820972,363,1,0.06170076814319721,0.17815398105106858,5,5,-0.0005482734059323244
51,fixed_shortfalls_fixed_labels,total,family_month,-0.08757516874077126,-0.08644305050104906,0.0011321182397222018,-0.08707653255014933,-0.0872735980575609,-0.0004986361906219317,0.0008305475565118375,0.0013291837471337692,0.0007879175334437423,-0.0013336588146614604,-0.0021215763481052027,0.004422677106597368,-0.007485989405306421,363,1,0.06170076814319721,0.17815398105106858,7,7,-0.011908666511903788
51,fixed_shortfalls_fixed_labels,total,family_month_minus_pooled,0.07619599556709736,0.08175614171670353,0.005560146149606177,0.07709128257252496,0.08129642456710427,-0.0008952870054275974,0.0004597171495992619,0.0013550041550268593,-0.00034876650440141205,-0.0023726657625353425,-0.0020238992581339305,-0.001957668879155929,-0.013318061985127394,363,1,0.06170076814319721,0.17815398105106858,7,7,-0.011360393105971464
51,fixed_shortfalls_fixed_labels,young_relative,pooled,-0.16302713404283437,-0.16937619362511608,-0.006349059582281713,-0.16416781512267428,-0.16857002262466517,0.001140681079839917,-0.0008061710004509115,-0.0019468520802908285,-0.007915802788313398,0.005792039455802057,0.013707842244115455,-0.20750767833248854,0.15183458866080968,363,1,-0.0004626710527536109,0.03814703557923262,5,5,0.3593422669932982
51,fixed_shortfalls_fixed_labels,young_relative,family_month,-0.08095036094304571,-0.08912360646833131,-0.008173245525285602,-0.08707653255014933,-0.0872735980575609,0.006126171607103617,-0.0018500084107704179,-0.007976180017874035,-0.013489387901370265,0.0040004491927519235,0.01748983709412219,-0.35361562691686416,0.10486920233796049,363,1,-0.0004626710527536109,0.03814703557923262,7,7,0.45848482925482464
51,fixed_shortfalls_fixed_labels,young_relative,family_month_minus_pooled,0.08207677309978866,0.08025258715678477,-0.0018241859430038893,0.07709128257252496,0.08129642456710427,0.0049854905272637,-0.0010438374103195064,-0.0060293279375832065,-0.005573585113056867,-0.0017915902630501338,0.003781994850006733,-0.1461079485843756,-0.046965386322849204,363,1,-0.0004626710527536109,0.03814703557923262,7,7,0.09914256226152639
51,regenerated_shortfalls_fixed_labels,total,pooled,-0.16377116430786862,-0.16825528216380572,-0.004484117855937109,-0.16416781512267428,-0.16857002262466517,0.0003966508148056658,0.00031474046085944174,-8.191035394622403e-05,0.0011366840378451543,0.0018622637981065026,0.0007255797602613483,0.006380345985753297,0.008667160083829742,363,1,0.054540918875862085,0.21486435927045064,5,5,0.0022868140980764453
51,regenerated_shortfalls_fixed_labels,total,family_month,-0.08757516874077126,-0.08768298965396318,-0.00010782091319191944,-0.08707653255014933,-0.0872735980575609,-0.0004986361906219317,-0.00040939159640228373,8.924459421964792e-05,0.0007879175334437423,0.0012474534501884676,0.00045953591674472534,0.004422677106597368,0.005805771857296691,363,1,0.054540918875862085,0.21486435927045064,7,7,0.0013830947506993227
51,regenerated_shortfalls_fixed_labels,total,family_month_minus_pooled,0.07619599556709736,0.08057229250984255,0.004376296942745189,0.07709128257252496,0.08129642456710427,-0.0008952870054275974,-0.0007241320572617255,0.00017115494816587196,-0.00034876650440141205,-0.000614810347918035,-0.00026604384351662297,-0.001957668879155929,-0.002861388226533051,363,1,0.054540918875862085,0.21486435927045064,7,7,-0.0009037193473771217
51,regenerated_shortfalls_fixed_labels,young_relative,pooled,-0.16302713404283437,-0.16850536614996028,-0.005478232107125919,-0.16416781512267428,-0.16857002262466517,0.001140681079839917,6.465647470488278e-05,-0.0010760246051350342,-0.007915802788313398,-0.0007617494424915446,0.007154053345821854,-0.20750767833248854,-0.015806208648710213,363,1,-0.00044506632465130306,0.048193052453075355,5,5,0.19170146968377832
51,regenerated_shortfalls_fixed_labels,young_relative,family_month,-0.08095036094304571,-0.08716156775349859,-0.006211206810452882,-0.08707653255014933,-0.0872735980575609,0.006126171607103617,0.00011203030406230219,-0.006014141303041315,-0.013489387901370265,-0.00033033297001518625,0.01315905493135508,-0.35361562691686416,-0.006854369109257503,363,1,-0.00044506632465130306,0.048193052453075355,7,7,0.34676125780760664
51,regenerated_shortfalls_fixed_labels,young_relative,family_month_minus_pooled,0.08207677309978866,0.08134379839646169,-0.0007329747033269635,0.07709128257252496,0.08129642456710427,0.0049854905272637,4.7373829357419406e-05,-0.004938116697906281,-0.005573585113056867,0.0004314164724763584,0.0060050015855332255,-0.1461079485843756,0.00895183953945271,363,1,-0.00044506632465130306,0.048193052453075355,7,7,0.1550597881238283
51,regenerated_shortfalls_and_labels,total,pooled,-0.16377116430786862,-0.1682294077203429,-0.004458243412474278,-0.16416781512267428,-0.1685572482176266,0.0003966508148056658,0.0003278404972837101,-6.881031752195566e-05,0.0011366840378451543,0.001940098680988248,0.0008034146431430936,0.006380345985753297,0.009029411334553804,363,1,0.054540918875862085,0.21486435927045064,5,5,0.0026490653488005075
51,regenerated_shortfalls_and_labels,total,family_month,-0.08757516874077126,-0.08464368131414597,0.002931487426625287,-0.08707653255014933,-0.08425663987377108,-0.0004986361906219317,-0.00038704144037489396,0.00011159475024703769,0.0007879175334437423,0.001194117424558713,0.00040619989111497076,0.004422677106597368,0.005557540713654016,363,1,0.054540918875862085,0.21486435927045064,7,7,0.0011348636070566478
51,regenerated_shortfalls_and_labels,total,family_month_minus_pooled,0.07619599556709736,0.08358572640619692,0.007389730839099565,0.07709128257252496,0.08430060834385553,-0.0008952870054275974,-0.0007148819376586041,0.00018040506776899334,-0.00034876650440141205,-0.0007459812564295349,-0.00039721475202812283,-0.001957668879155929,-0.003471870620899789,363,1,0.054540918875862085,0.21486435927045064,7,7,-0.00151420174174386
51,regenerated_shortfalls_and_labels,young_relative,pooled,-0.16302713404283437,-0.16850208861977833,-0.005474954576943969,-0.16416781512267428,-0.1685572482176266,0.001140681079839917,5.515959784826996e-05,-0.001085521481991647,-0.007915802788313398,-0.0006510082738992665,0.007264794514414132,-0.20750767833248854,-0.013508342816283336,363,1,-0.00044506632465130306,0.048193052453075355,5,5,0.1939993355162052
51,regenerated_shortfalls_and_labels,young_relative,family_month,-0.08095036094304571,-0.08419210343281558,-0.0032417424897698693,-0.08707653255014933,-0.08425663987377108,0.006126171607103617,6.453644095549826e-05,-0.006061635166148119,-0.013489387901370265,-0.00020719352096994917,0.013282194380400316,-0.35361562691686416,-0.004299240459435299,363,1,-0.00044506632465130306,0.048193052453075355,7,7,0.34931638645742885
51,regenerated_shortfalls_and_labels,young_relative,family_month_minus_pooled,0.08207677309978866,0.08430998518696275,0.0022332120871740996,0.07709128257252496,0.08430060834385553,0.0049854905272637,9.376843107228305e-06,-0.004976113684156472,-0.005573585113056867,0.00044381475292931726,0.0060173998659861835,-0.1461079485843756,0.009209102356848036,363,1,-0.00044506632465130306,0.048193052453075355,7,7,0.15531705094122364
52,fixed_shortfalls_fixed_labels,total,pooled,-0.16377116430786862,-0.1546365744670402,0.009134589840828405,-0.16416781512267428,-0.1508822321847758,0.0003966508148056658,-0.0037543422822644,-0.004150993097070066,0.0011366840378451543,-0.011067807744689448,-0.012204491782534603,0.006380345985753297,-0.06212495325331414,363,4,0.06170076814319721,0.17815398105106858,5,5,-0.06850529923906744
52,fixed_shortfalls_fixed_labels,total,family_month,-0.08757516874077126,-0.055683528766532334,0.031891639974238925,-0.08707653255014933,-0.0621371882494658,-0.0004986361906219317,0.0064536594829334645,0.006952295673555396,0.0007879175334437423,-0.01015230473659169,-0.010940222270035431,0.004422677106597368,-0.056986123333845055,363,4,0.06170076814319721,0.17815398105106858,7,7,-0.061408800440442425
52,fixed_shortfalls_fixed_labels,total,family_month_minus_pooled,0.07619599556709736,0.09895304570050788,0.02275705013341052,0.07709128257252496,0.08874504393531002,-0.0008952870054275974,0.010208001765197858,0.011103288770625455,-0.00034876650440141205,0.0009155030080977584,0.0012642695124991704,-0.001957668879155929,0.005138829919469077,363,4,0.06170076814319721,0.17815398105106858,7,7,0.007096498798625006
52,fixed_shortfalls_fixed_labels,young_relative,pooled,-0.16302713404283437,-0.15127747934236324,0.011749654700471124,-0.16416781512267428,-0.1508822321847758,0.001140681079839917,-0.00039524715758743056,-0.0015359282374273475,-0.007915802788313398,0.002966830539318474,0.010882633327631872,-0.20750767833248854,0.0777735542033475,363,4,-0.0004626710527536109,0.03814703557923262,5,5,0.28528123253583604
52,fixed_shortfalls_fixed_labels,young_relative,family_month,-0.08095036094304571,-0.06189663248282279,0.01905372846022292,-0.08707653255014933,-0.0621371882494658,0.006126171607103617,0.00024055576664300943,-0.005885615840460608,-0.013489387901370265,-0.0005278260709486353,0.01296156183042163,-0.35361562691686416,-0.013836620930932459,363,4,-0.0004626710527536109,0.03814703557923262,7,7,0.3397790059859317
52,fixed_shortfalls_fixed_labels,young_relative,family_month_minus_pooled,0.08207677309978866,0.08938084685954045,0.007304073759751797,0.07709128257252496,0.08874504393531002,0.0049854905272637,0.000635802924230433,-0.004349687603033267,-0.005573585113056867,-0.0034946566102671095,0.002078928502789757,-0.1461079485843756,-0.09161017513427996,363,4,-0.0004626710527536109,0.03814703557923262,7,7,0.05449777345009563
52,regenerated_shortfalls_fixed_labels,total,pooled,-0.16377116430786862,-0.15178375645348324,0.011987407854385373,-0.16416781512267428,-0.1508822321847758,0.0003966508148056658,-0.0009015242687074321,-0.0012981750835130978,0.0011366840378451543,-0.0069674858703208335,-0.008104169908165988,0.006380345985753297,-0.03428667261447732,363,4,0.05873237846109349,0.20321265783541967,5,5,-0.040667018600230614
52,regenerated_shortfalls_fixed_labels,total,family_month,-0.08757516874077126,-0.05561593742038254,0.03195923132038872,-0.08707653255014933,-0.0621371882494658,-0.0004986361906219317,0.00652125082908326,0.007019887019705191,0.0007879175334437423,-0.009678130781698813,-0.010466048315142557,0.004422677106597368,-0.04762562964722924,363,4,0.05873237846109349,0.20321265783541967,7,7,-0.05204830675382661
52,regenerated_shortfalls_fixed_labels,total,family_month_minus_pooled,0.07619599556709736,0.0961678190331007,0.019971823466003347,0.07709128257252496,0.08874504393531002,-0.0008952870054275974,0.007422775097790685,0.008318062103218282,-0.00034876650440141205,-0.00271064491137798,-0.002361878406976568,-0.001957668879155929,-0.013338957032751916,363,4,0.05873237846109349,0.20321265783541967,7,7,-0.011381288153595986
52,regenerated_shortfalls_fixed_labels,young_relative,pooled,-0.16302713404283437,-0.1514274553488113,0.011599678694023063,-0.16416781512267428,-0.1508822321847758,0.001140681079839917,-0.000545223164035491,-0.001685904243875408,-0.007915802788313398,-0.008861854640507589,-0.00094605185219419,-0.20750767833248854,-0.18053347955778093,363,4,-0.0005385280148389787,0.049087042814522905,5,5,0.02697419877470761
52,regenerated_shortfalls_fixed_labels,young_relative,family_month,-0.08095036094304571,-0.06784946904476048,0.013100891898285227,-0.08707653255014933,-0.0621371882494658,0.006126171607103617,-0.005712280795294684,-0.011838452402398301,-0.013489387901370265,-0.0149181565256619,-0.0014287686242916344,-0.35361562691686416,-0.3039123090390813,363,4,-0.0005385280148389787,0.049087042814522905,7,7,0.04970331787778287
52,regenerated_shortfalls_fixed_labels,young_relative,family_month_minus_pooled,0.08207677309978866,0.08357798630405082,0.001501213204262164,0.07709128257252496,0.08874504393531002,0.0049854905272637,-0.0051670576312592,-0.0101525481585229,-0.005573585113056867,-0.006056301885154311,-0.00048271677209744436,-0.1461079485843756,-0.12337882948130034,363,4,-0.0005385280148389787,0.049087042814522905,7,7,0.02272911910307525
52,regenerated_shortfalls_and_labels,total,pooled,-0.16377116430786862,-0.15112927747483335,0.01264188683303527,-0.16416781512267428,-0.1502428267336347,0.0003966508148056658,-0.0008864507411986411,-0.0012831015560043069,0.0011366840378451543,-0.006818362084302536,-0.00795504612214769,0.006380345985753297,-0.03355284142695813,363,4,0.05873237846109349,0.20321265783541967,5,5,-0.03993318741271142
52,regenerated_shortfalls_and_labels,total,family_month,-0.08757516874077126,-0.05131996172662741,0.03625520701414385,-0.08707653255014933,-0.05778013760463232,-0.0004986361906219317,0.00646017587800491,0.006958812068626842,0.0007879175334437423,-0.009580274308251356,-0.010368191841695098,0.004422677106597368,-0.04714408251089529,363,4,0.05873237846109349,0.20321265783541967,7,7,-0.05156675961749266
52,regenerated_shortfalls_and_labels,total,family_month_minus_pooled,0.07619599556709736,0.09980931574820594,0.02361332018110858,0.07709128257252496,0.09246268912900238,-0.0008952870054275974,0.007346626619203558,0.008241913624631156,-0.00034876650440141205,-0.0027619122239488205,-0.0024131457195474084,-0.001957668879155929,-0.01359124108393716,363,4,0.05873237846109349,0.20321265783541967,7,7,-0.01163357220478123
52,regenerated_shortfalls_and_labels,young_relative,pooled,-0.16302713404283437,-0.15099698786335616,0.012030146179478202,-0.16416781512267428,-0.1502428267336347,0.001140681079839917,-0.000754161129721459,-0.001894842209561376,-0.007915802788313398,-0.009272065200387175,-0.0013562624120737766,-0.20750767833248854,-0.1888902787528268,363,4,-0.0005385280148389787,0.049087042814522905,5,5,0.018617399579661742
52,regenerated_shortfalls_and_labels,young_relative,family_month,-0.08095036094304571,-0.06421157971233621,0.0167387812307095,-0.08707653255014933,-0.05778013760463232,0.006126171607103617,-0.00643144210770389,-0.012557613714807507,-0.013489387901370265,-0.01518038913992033,-0.0016910012385500644,-0.35361562691686416,-0.3092545052526378,363,4,-0.0005385280148389787,0.049087042814522905,7,7,0.044361121664226344
52,regenerated_shortfalls_and_labels,young_relative,family_month_minus_pooled,0.08207677309978866,0.08678540815101995,0.0047086350512313,0.07709128257252496,0.09246268912900238,0.0049854905272637,-0.005677280977982424,-0.010662771505246124,-0.005573585113056867,-0.0059083239395331544,-0.0003347388264762878,-0.1461079485843756,-0.12036422649981099,363,4,-0.0005385280148389787,0.049087042814522905,7,7,0.025743722084564602
53,fixed_shortfalls_fixed_labels,total,pooled,-0.16377116430786862,-0.15459927929362519,0.00917188501424343,-0.16416781512267428,-0.15815336898402566,0.0003966508148056658,0.0035540896904004693,0.0031574388755948035,0.0011366840378451543,0.010654237172210748,0.009517553134365593,0.006380345985753297,0.05980353124501139,363,2,0.06170076814319721,0.17815398105106858,5,5,0.0534231852592581
53,fixed_shortfalls_fixed_labels,total,family_month,-0.08757516874077126,-0.0272171286081748,0.06035804013259646,-0.08707653255014933,-0.02174647994099162,-0.0004986361906219317,-0.005470648667183178,-0.004972012476561247,0.0007879175334437423,0.007853207756359335,0.007065290222915593,0.004422677106597368,0.04408101188661162,363,2,0.06170076814319721,0.17815398105106858,7,7,0.03965833478001425
53,fixed_shortfalls_fixed_labels,total,family_month_minus_pooled,0.07619599556709736,0.1273821506854504,0.05118615511835303,0.07709128257252496,0.13640688904303402,-0.0008952870054275974,-0.009024738357583634,-0.008129451352156036,-0.00034876650440141205,-0.0028010294158514124,-0.0024522629114500003,-0.001957668879155929,-0.015722519358399776,363,2,0.06170076814319721,0.17815398105106858,7,7,-0.013764850479243846
53,fixed_shortfalls_fixed_labels,young_relative,pooled,-0.16302713404283437,-0.15967233131625685,0.0033548027265775104,-0.16416781512267428,-0.15815336898402566,0.001140681079839917,-0.0015189623322311996,-0.0026596434120711165,-0.007915802788313398,0.011197533753434217,0.019113336541747614,-0.20750767833248854,0.2935361446416086,363,2,-0.0004626710527536109,0.03814703557923262,5,5,0.5010438229740971
53,fixed_shortfalls_fixed_labels,young_relative,family_month,-0.08095036094304571,-0.023447094975032907,0.05750326596801281,-0.08707653255014933,-0.02174647994099162,0.006126171607103617,-0.0017006150340412862,-0.007826786641144903,-0.013489387901370265,0.004198439077704878,0.017687826979075144,-0.35361562691686416,0.11005937981693452,363,2,-0.0004626710527536109,0.03814703557923262,7,7,0.4636750067337987
53,fixed_shortfalls_fixed_labels,young_relative,family_month_minus_pooled,0.08207677309978866,0.13622523634122394,0.05414846324143528,0.07709128257252496,0.13640688904303402,0.0049854905272637,-0.00018165270181008664,-0.005167143229073787,-0.005573585113056867,-0.006999094675729339,-0.0014255095626724721,-0.1461079485843756,-0.1834767648246741,363,2,-0.0004626710527536109,0.03814703557923262,7,7,-0.0373688162402985
53,regenerated_shortfalls_fixed_labels,total,pooled,-0.16377116430786862,-0.15630250036545618,0.00746866394241244,-0.16416781512267428,-0.15815336898402566,0.0003966508148056658,0.001850868618569479,0.0014542178037638132,0.0011366840378451543,0.0033596286186732332,0.002222944580828079,0.006380345985753297,0.014212862094961932,363,2,0.06230238308955963,0.2363794565954544,5,5,0.007832516109208636
53,regenerated_shortfalls_fixed_labels,total,family_month,-0.08757516874077126,-0.020800617030805588,0.06677455170996567,-0.08707653255014933,-0.02174647994099162,-0.0004986361906219317,0.0009458629101860329,0.0014444991008079645,0.0007879175334437423,-0.0017735287799261264,-0.0025614463133698685,0.004422677106597368,-0.007502888810517011,363,2,0.06230238308955963,0.2363794565954544,7,7,-0.01192556591711438
53,regenerated_shortfalls_fixed_labels,total,family_month_minus_pooled,0.07619599556709736,0.13550188333465057,0.05930588776755322,0.07709128257252496,0.13640688904303402,-0.0008952870054275974,-0.0009050057083834495,-9.718702955852088e-06,-0.00034876650440141205,-0.005133157398599359,-0.004784390894197948,-0.001957668879155929,-0.021715750905478944,363,2,0.06230238308955963,0.2363794565954544,7,7,-0.019758082026323016
53,regenerated_shortfalls_fixed_labels,young_relative,pooled,-0.16302713404283437,-0.1605998027449756,0.0024273312978587702,-0.16416781512267428,-0.15815336898402566,0.001140681079839917,-0.00244643376094994,-0.0035871148407898568,-0.007915802788313398,0.020231160676990316,0.028146963465303716,-0.20750767833248854,0.421717477321127,363,2,-0.0017705158083224123,0.04797325642158484,5,5,0.6292251556536156
53,regenerated_shortfalls_fixed_labels,young_relative,family_month,-0.08095036094304571,-0.026800315543023673,0.05415004540002204,-0.08707653255014933,-0.02174647994099162,0.006126171607103617,-0.005053835602032052,-0.01118000720913567,-0.013489387901370265,0.012268530199304772,0.025757918100675035,-0.35361562691686416,0.25573686496263637,363,2,-0.0017705158083224123,0.04797325642158484,7,7,0.6093524918795006
53,regenerated_shortfalls_fixed_labels,young_relative,family_month_minus_pooled,0.08207677309978866,0.13379948720195192,0.05172271410216327,0.07709128257252496,0.13640688904303402,0.0049854905272637,-0.002607401841082102,-0.007592892368345802,-0.005573585113056867,-0.007962630477685544,-0.0023890453646286773,-0.1461079485843756,-0.1659806123584906,363,2,-0.0017705158083224123,0.04797325642158484,7,7,-0.019872663774115007
53,regenerated_shortfalls_and_labels,total,pooled,-0.16377116430786862,-0.1562402285888143,0.007530935719054305,-0.16416781512267428,-0.15812882441455198,0.0003966508148056658,0.0018885958257376656,0.0014919450109319998,0.0011366840378451543,0.003428109547626355,0.0022914255097812005,0.006380345985753297,0.014502569711433535,363,2,0.06230238308955963,0.2363794565954544,5,5,0.00812222372568024
53,regenerated_shortfalls_and_labels,total,family_month,-0.08757516874077126,-0.019786409696251075,0.06778875904452018,-0.08707653255014933,-0.02075240777891895,-0.0004986361906219317,0.0009659980826678752,0.0014646342732898068,0.0007879175334437423,-0.0017806472036965332,-0.0025685647371402756,0.004422677106597368,-0.007533003203167425,363,2,0.06230238308955963,0.2363794565954544,7,7,-0.011955680309764793
53,regenerated_shortfalls_and_labels,total,family_month_minus_pooled,0.07619599556709736,0.13645381889256325,0.06025782332546589,0.07709128257252496,0.13737641663563302,-0.0008952870054275974,-0.0009225977430697696,-2.7310737642172178e-05,-0.00034876650440141205,-0.005208756751322888,-0.004859990246921476,-0.001957668879155929,-0.022035572914600957,363,2,0.06230238308955963,0.2363794565954544,7,7,-0.02007790403544503
53,regenerated_shortfalls_and_labels,young_relative,pooled,-0.16302713404283437,-0.1605768238889741,0.002450310153860269,-0.16416781512267428,-0.15812882441455198,0.001140681079839917,-0.002447999474422119,-0.003588680554262036,-0.007915802788313398,0.020248735713905404,0.028164538502218804,-0.20750767833248854,0.42208382803871514,363,2,-0.0017705158083224123,0.04797325642158484,5,5,0.6295915063712036
53,regenerated_shortfalls_and_labels,young_relative,family_month,-0.08095036094304571,-0.02575089840324952,0.05519946253979619,-0.08707653255014933,-0.02075240777891895,0.006126171607103617,-0.004998490624330568,-0.011124662231434185,-0.013489387901370265,0.012323713028308562,0.025813100929678826,-0.35361562691686416,0.2568871481228798,363,2,-0.0017705158083224123,0.04797325642158484,7,7,0.610502775039744
53,regenerated_shortfalls_and_labels,young_relative,family_month_minus_pooled,0.08207677309978866,0.13482592548572458,0.05274915238593593,0.07709128257252496,0.13737641663563302,0.0049854905272637,-0.002550491149908435,-0.007535981677172135,-0.005573585113056867,-0.007925022685596842,-0.002351437572539975,-0.1461079485843756,-0.1651966799158353,363,2,-0.0017705158083224123,0.04797325642158484,7,7,-0.01908873133145972
54,fixed_shortfalls_fixed_labels,total,pooled,-0.16377116430786862,-0.16887417635111088,-0.005103012043242261,-0.16416781512267428,-0.16813246243249938,0.0003966508148056658,-0.0007417139186114974,-0.0011383647334171632,0.0011366840378451543,-0.002172617378531475,-0.0033093014163766295,0.006380345985753297,-0.012195166033975325,363,2,0.06170076814319721,0.17815398105106858,5,5,-0.01857551201972862
54,fixed_shortfalls_fixed_labels,total,family_month,-0.08757516874077126,-0.12538215268797795,-0.03780698394720669,-0.08707653255014933,-0.12461245867784886,-0.0004986361906219317,-0.0007696940101290933,-0.0002710578195071617,0.0007879175334437423,0.0011451109811724848,0.00035719344772874254,0.004422677106597368,0.006427647445297526,363,2,0.06170076814319721,0.17815398105106858,6,6,0.002004970338700158
54,fixed_shortfalls_fixed_labels,total,family_month_minus_pooled,0.07619599556709736,0.04349202366313293,-0.03270397190396443,0.07709128257252496,0.043520003754650524,-0.0008952870054275974,-2.798009151759595e-05,0.0008673069139100015,-0.00034876650440141205,0.00331772835970396,0.003666494864105372,-0.001957668879155929,0.01862281347927285,363,2,0.06170076814319721,0.17815398105106858,6,6,0.020580482358428777
54,fixed_shortfalls_fixed_labels,young_relative,pooled,-0.16302713404283437,-0.16613688757395997,-0.0031097535311256086,-0.16416781512267428,-0.16813246243249938,0.001140681079839917,0.001995574858539406,0.0008548937786994892,-0.007915802788313398,-0.013490518538396548,-0.005574715750083149,-0.20750767833248854,-0.35364526583923683,363,2,-0.0004626710527536109,0.03814703557923262,5,5,-0.1461375875067483
54,fixed_shortfalls_fixed_labels,young_relative,family_month,-0.08095036094304571,-0.11655297166751136,-0.03560261072446565,-0.08707653255014933,-0.12461245867784886,0.006126171607103617,0.008059487010337499,0.0019333154032338817,-0.013489387901370265,-0.018317666094921595,-0.0048282781935513296,-0.35361562691686416,-0.4801858340178285,363,2,-0.0004626710527536109,0.03814703557923262,6,6,-0.12657020710096434
54,fixed_shortfalls_fixed_labels,young_relative,family_month_minus_pooled,0.08207677309978866,0.04958391590644862,-0.03249285719334004,0.07709128257252496,0.043520003754650524,0.0049854905272637,0.006063912151798093,0.0010784216245343925,-0.005573585113056867,-0.004827147556525047,0.0007464375565318197,-0.1461079485843756,-0.12654056817859163,363,2,-0.0004626710527536109,0.03814703557923262,6,6,0.019567380405783957
54,regenerated_shortfalls_fixed_labels,total,pooled,-0.16377116430786862,-0.16826006313584538,-0.004488898827976762,-0.16416781512267428,-0.16813246243249938,0.0003966508148056658,-0.00012760070334599805,-0.0005242515181516638,0.0011366840378451543,-0.0005088329089334819,-0.0016455169467786363,0.006380345985753297,-0.0024606546142036394,363,2,0.06372444498582802,0.20678761903289686,5,5,-0.008841000599956936
54,regenerated_shortfalls_fixed_labels,total,family_month,-0.08757516874077126,-0.12642139697811966,-0.0388462282373484,-0.08707653255014933,-0.12461245867784886,-0.0004986361906219317,-0.0018089383002708043,-0.0013103021096488726,0.0007879175334437423,0.0036167333810150663,0.002828815847571324,0.004422677106597368,0.017490086678930702,363,2,0.06372444498582802,0.20678761903289686,6,6,0.013067409572333334
54,regenerated_shortfalls_fixed_labels,total,family_month_minus_pooled,0.07619599556709736,0.04183866615772572,-0.03435732940937164,0.07709128257252496,0.043520003754650524,-0.0008952870054275974,-0.0016813375969248062,-0.0007860505914972088,-0.00034876650440141205,0.0041255662899485485,0.00447433279434996,-0.001957668879155929,0.019950741293134344,363,2,0.06372444498582802,0.20678761903289686,6,6,0.021908410172290272
54,regenerated_shortfalls_fixed_labels,young_relative,pooled,-0.16302713404283437,-0.1671519052930695,-0.0041247712502351375,-0.16416781512267428,-0.16813246243249938,0.001140681079839917,0.0009805571394298773,-0.00016012394041003963,-0.007915802788313398,-0.015983989315300363,-0.008068186526986964,-0.20750767833248854,-0.3433540121466223,363,2,-0.0020776976122853846,0.04655250484877028,5,5,-0.13584633381413377
54,regenerated_shortfalls_fixed_labels,young_relative,family_month,-0.08095036094304571,-0.1227877179202674,-0.041837356977221685,-0.08707653255014933,-0.12461245867784886,0.006126171607103617,0.0018247407575814611,-0.004301430849522156,-0.013489387901370265,-0.025779009628937637,-0.012289621727567372,-0.35361562691686416,-0.5537620309086034,363,2,-0.0020776976122853846,0.04655250484877028,6,6,-0.20014640399173927
54,regenerated_shortfalls_fixed_labels,young_relative,family_month_minus_pooled,0.08207677309978866,0.04436418737280211,-0.03771258572698655,0.07709128257252496,0.043520003754650524,0.0049854905272637,0.0008441836181515838,-0.004141306909112116,-0.005573585113056867,-0.009795020313637274,-0.004221435200580407,-0.1461079485843756,-0.21040801876198112,363,2,-0.0020776976122853846,0.04655250484877028,6,6,-0.06430007017760553
54,regenerated_shortfalls_and_labels,total,pooled,-0.16377116430786862,-0.16827590704175435,-0.004504742733885736,-0.16416781512267428,-0.16813107515264236,0.0003966508148056658,-0.0001448318891119904,-0.0005414827039176562,0.0011366840378451543,-0.0005777245313164789,-0.0017144085691616334,0.006380345985753297,-0.0027938061960303896,363,2,0.06372444498582802,0.20678761903289686,5,5,-0.009174152181783687
54,regenerated_shortfalls_and_labels,total,family_month,-0.08757516874077126,-0.1278653759153191,-0.04029020717454784,-0.08707653255014933,-0.12603448926670502,-0.0004986361906219317,-0.001830886648614083,-0.0013322504579921512,0.0007879175334437423,0.0036118373083300123,0.00282391977488627,0.004422677106597368,0.01746640986158568,363,2,0.06372444498582802,0.20678761903289686,6,6,0.013043732754988312
54,regenerated_shortfalls_and_labels,total,family_month_minus_pooled,0.07619599556709736,0.04041053112643525,-0.03578546444066211,0.07709128257252496,0.04209658588593734,-0.0008952870054275974,-0.0016860547595020925,-0.0007907677540744951,-0.00034876650440141205,0.004189561839646491,0.0045383283440479025,-0.001957668879155929,0.02026021605761607,363,2,0.06372444498582802,0.20678761903289686,6,6,0.022217884936771997
54,regenerated_shortfalls_and_labels,young_relative,pooled,-0.16302713404283437,-0.16714757094723126,-0.004120436904396896,-0.16416781512267428,-0.16813107515264236,0.001140681079839917,0.000983504205411101,-0.000157176874428816,-0.007915802788313398,-0.016032789332202403,-0.008116986543889005,-0.20750767833248854,-0.344402291225494,363,2,-0.0020776976122853846,0.04655250484877028,5,5,-0.13689461289300545
54,regenerated_shortfalls_and_labels,young_relative,family_month,-0.08095036094304571,-0.12409748583308317,-0.043147124890037455,-0.08707653255014933,-0.12603448926670502,0.006126171607103617,0.0019370034336218533,-0.004189168173481764,-0.013489387901370265,-0.02585275156175102,-0.012363363660380756,-0.35361562691686416,-0.5553460903067591,363,2,-0.0020776976122853846,0.04655250484877028,6,6,-0.20173046338989492
54,regenerated_shortfalls_and_labels,young_relative,family_month_minus_pooled,0.08207677309978866,0.043050085114148096,-0.03902668798564056,0.07709128257252496,0.04209658588593734,0.0049854905272637,0.0009534992282107524,-0.004031991299052948,-0.005573585113056867,-0.009819962229548618,-0.004246377116491751,-0.1461079485843756,-0.21094379908126512,363,2,-0.0020776976122853846,0.04655250484877028,6,6,-0.06483585049688953
55,fixed_shortfalls_fixed_labels,total,pooled,-0.16377116430786862,-0.12442184054862383,0.039349323759244784,-0.16416781512267428,-0.12299040495580538,0.0003966508148056658,-0.0014314355928184558,-0.0018280864076241216,0.0011366840378451543,-0.004133575256701584,-0.005270259294546739,0.006380345985753297,-0.023202261506110704,363,2,0.06170076814319721,0.17815398105106858,5,5,-0.029582607491864
55,fixed_shortfalls_fixed_labels,total,family_month,-0.08757516874077126,-0.04868952041882238,0.03888564832194888,-0.08707653255014933,-0.051733407116607504,-0.0004986361906219317,0.003043886697785124,0.0035425228884070556,0.0007879175334437423,-0.004760097411712077,-0.0055480149451558195,0.004422677106597368,-0.026719006690889356,363,2,0.06170076814319721,0.17815398105106858,8,8,-0.031141683797486726
55,fixed_shortfalls_fixed_labels,total,family_month_minus_pooled,0.07619599556709736,0.07573232012980145,-0.00046367543729590455,0.07709128257252496,0.07125699783919787,-0.0008952870054275974,0.004475322290603587,0.005370609296031184,-0.00034876650440141205,-0.0006265221550104932,-0.0002777556506090811,-0.001957668879155929,-0.003516745184778655,363,2,0.06170076814319721,0.17815398105106858,8,8,-0.0015590763056227259
55,fixed_shortfalls_fixed_labels,young_relative,pooled,-0.16302713404283437,-0.12129259035911737,0.041734543683717,-0.16416781512267428,-0.12299040495580538,0.001140681079839917,0.0016978145966880104,0.0005571335168480934,-0.007915802788313398,-0.01073429125851948,-0.0028184884702060816,-0.20750767833248854,-0.2813925406136477,363,2,-0.0004626710527536109,0.03814703557923262,5,5,-0.07388486228115917
55,fixed_shortfalls_fixed_labels,young_relative,family_month,-0.08095036094304571,-0.043570327538251456,0.037380033404794254,-0.08707653255014933,-0.051733407116607504,0.006126171607103617,0.008163079578356047,0.00203690797125243,-0.013489387901370265,-0.017735055672017015,-0.004245667770646749,-0.35361562691686416,-0.46491307653987246,363,2,-0.0004626710527536109,0.03814703557923262,8,8,-0.1112974496230083
55,fixed_shortfalls_fixed_labels,young_relative,family_month_minus_pooled,0.08207677309978866,0.07772226282086592,-0.004354510278922738,0.07709128257252496,0.07125699783919787,0.0049854905272637,0.006465264981668051,0.0014797744544043506,-0.005573585113056867,-0.007000764413497534,-0.0014271793004406678,-0.1461079485843756,-0.18352053592622475,363,2,-0.0004626710527536109,0.03814703557923262,8,8,-0.03741258734184916
55,regenerated_shortfalls_fixed_labels,total,pooled,-0.16377116430786862,-0.1231695110755882,0.04060165323228042,-0.16416781512267428,-0.12299040495580538,0.0003966508148056658,-0.00017910611978282087,-0.0005757569345884866,0.0011366840378451543,-0.001862839245994657,-0.0029995232838398115,0.006380345985753297,-0.008889094123146053,363,2,0.06226105454184161,0.20956457656850142,5,5,-0.01526944010889935
55,regenerated_shortfalls_fixed_labels,total,family_month,-0.08757516874077126,-0.04981967258942144,0.03775549615134982,-0.08707653255014933,-0.051733407116607504,-0.0004986361906219317,0.001913734527186066,0.0024123707178079976,0.0007879175334437423,-0.002468770000600301,-0.0032566875340440432,0.004422677106597368,-0.011780473785336148,363,2,0.06226105454184161,0.20956457656850142,8,8,-0.016203150891933516
55,regenerated_shortfalls_fixed_labels,total,family_month_minus_pooled,0.07619599556709736,0.07334983848616676,-0.0028461570809305975,0.07709128257252496,0.07125699783919787,-0.0008952870054275974,0.0020928406469688937,0.002988127652396491,-0.00034876650440141205,-0.000605930754605644,-0.00025716425020423195,-0.001957668879155929,-0.002891379662190095,363,2,0.06226105454184161,0.20956457656850142,8,8,-0.0009337107830341661
55,regenerated_shortfalls_fixed_labels,young_relative,pooled,-0.16302713404283437,-0.12091119799441946,0.042115936048414904,-0.16416781512267428,-0.12299040495580538,0.001140681079839917,0.0020792069613859154,0.0009385258815459985,-0.007915802788313398,-0.00417488606498634,0.0037409167233270584,-0.20750767833248854,-0.09089102063507802,363,2,0.0029127518261499743,0.04593287693124557,5,5,0.11661665769741052
55,regenerated_shortfalls_fixed_labels,young_relative,family_month,-0.08095036094304571,-0.049032081474897106,0.031918279468148604,-0.08707653255014933,-0.051733407116607504,0.006126171607103617,0.0027013256417103976,-0.0034248459653932195,-0.013489387901370265,-0.007093240298748147,0.0063961476026221185,-0.35361562691686416,-0.15442621435112006,363,2,0.0029127518261499743,0.04593287693124557,8,8,0.1991894125657441
55,regenerated_shortfalls_fixed_labels,young_relative,family_month_minus_pooled,0.08207677309978866,0.07187911651952236,-0.010197656580266293,0.07709128257252496,0.07125699783919787,0.0049854905272637,0.000622118680324496,-0.004363371846939204,-0.005573585113056867,-0.0029183542337618065,0.00265523087929506,-0.1461079485843756,-0.06353519371604205,363,2,0.0029127518261499743,0.04593287693124557,8,8,0.08257275486833354
55,regenerated_shortfalls_and_labels,total,pooled,-0.16377116430786862,-0.12318109805664579,0.04059006625122283,-0.16416781512267428,-0.12300701411655407,0.0003966508148056658,-0.00017408394009171824,-0.000570734754897384,0.0011366840378451543,-0.0018106107532585604,-0.0029472947911037147,0.006380345985753297,-0.008639870262934047,363,2,0.06226105454184161,0.20956457656850142,5,5,-0.015020216248687344
55,regenerated_shortfalls_and_labels,total,family_month,-0.08757516874077126,-0.047912884141680025,0.039662284599091234,-0.08707653255014933,-0.049815614000006864,-0.0004986361906219317,0.001902729858326839,0.0024013660489487706,0.0007879175334437423,-0.002463231225405929,-0.003251148758849671,0.004422677106597368,-0.011754043864377815,363,2,0.06226105454184161,0.20956457656850142,8,8,-0.01617672097097518
55,regenerated_shortfalls_and_labels,total,family_month_minus_pooled,0.07619599556709736,0.07526821391496577,-0.0009277816521315874,0.07709128257252496,0.0731914001165472,-0.0008952870054275974,0.002076813798418564,0.0029721008038461616,-0.00034876650440141205,-0.0006526204721473685,-0.0003038539677459565,-0.001957668879155929,-0.003114173601443769,363,2,0.06226105454184161,0.20956457656850142,8,8,-0.0011565047222878398
55,regenerated_shortfalls_and_labels,young_relative,pooled,-0.16302713404283437,-0.12103081822128665,0.04199631582154771,-0.16416781512267428,-0.12300701411655407,0.001140681079839917,0.001976195895267416,0.0008355148154274988,-0.007915802788313398,-0.003967772559720421,0.003948030228592978,-0.20750767833248854,-0.086381973540642,363,2,0.0029127518261499743,0.04593287693124557,5,5,0.12112570479184653
55,regenerated_shortfalls_and_labels,young_relative,family_month,-0.08095036094304571,-0.047330436271210835,0.033619924671834875,-0.08707653255014933,-0.049815614000006864,0.006126171607103617,0.0024851777287960286,-0.0036409938783075885,-0.013489387901370265,-0.006713220612209632,0.006776167289160633,-0.35361562691686416,-0.1461528443397588,363,2,0.0029127518261499743,0.04593287693124557,8,8,0.20746278257710535
55,regenerated_shortfalls_and_labels,young_relative,family_month_minus_pooled,0.08207677309978866,0.07370038195007582,-0.008376391149712836,0.07709128257252496,0.0731914001165472,0.0049854905272637,0.0005089818335286128,-0.004476508693735087,-0.005573585113056867,-0.002745448052489211,0.0028281370605676556,-0.1461079485843756,-0.05977087079911679,363,2,0.0029127518261499743,0.04593287693124557,8,8,0.0863370777852588
56,fixed_shortfalls_fixed_labels,total,pooled,-0.16377116430786862,-0.12550072534340373,0.03827043896446489,-0.16416781512267428,-0.1287367779861863,0.0003966508148056658,0.0032360526427825664,0.0028394018279769007,0.0011366840378451543,0.00975702781485606,0.008620343777010906,0.006380345985753297,0.05476738581586436,363,0,0.06170076814319721,0.17815398105106858,5,5,0.04838703983011106
56,fixed_shortfalls_fixed_labels,total,family_month,-0.08757516874077126,-0.01596045719625835,0.0716147115445129,-0.08707653255014933,-0.0129083274519199,-0.0004986361906219317,-0.003052129744338451,-0.0025534935537165192,0.0007879175334437423,0.004660974598788875,0.003873057065345133,0.004422677106597368,0.026162618265896553,363,0,0.06170076814319721,0.17815398105106858,6,6,0.021739941159299184
56,fixed_shortfalls_fixed_labels,total,family_month_minus_pooled,0.07619599556709736,0.10954026814714538,0.03334427258004802,0.07709128257252496,0.1158284505342664,-0.0008952870054275974,-0.006288182387121019,-0.005392895381693422,-0.00034876650440141205,-0.0050960532160671855,-0.004747286711665773,-0.001957668879155929,-0.028604767549967804,363,0,0.06170076814319721,0.17815398105106858,6,6,-0.026647098670811876
56,fixed_shortfalls_fixed_labels,young_relative,pooled,-0.16302713404283437,-0.12610190937319934,0.03692522466963502,-0.16416781512267428,-0.1287367779861863,0.001140681079839917,0.0026348686129869514,0.0014941875331470345,-0.007915802788313398,-0.017673725406403003,-0.009757922618089604,-0.20750767833248854,-0.46330534307689797,363,0,-0.0004626710527536109,0.03814703557923262,5,5,-0.25579766474440946
56,fixed_shortfalls_fixed_labels,young_relative,family_month,-0.08095036094304571,-0.001963410509705821,0.07898695043333989,-0.08707653255014933,-0.0129083274519199,0.006126171607103617,0.010944916942214078,0.004818745335110461,-0.013489387901370265,-0.021152376127139542,-0.007662988225769277,-0.35361562691686416,-0.5544959341127668,363,0,-0.0004626710527536109,0.03814703557923262,6,6,-0.2008803071959026
56,fixed_shortfalls_fixed_labels,young_relative,family_month_minus_pooled,0.08207677309978866,0.12413849886349353,0.04206172576370487,0.07709128257252496,0.1158284505342664,0.0049854905272637,0.008310048329227132,0.003324557801963432,-0.005573585113056867,-0.0034786507207365397,0.002094934392320327,-0.1461079485843756,-0.09119059103586882,363,0,-0.0004626710527536109,0.03814703557923262,6,6,0.05491735754850677
56,regenerated_shortfalls_fixed_labels,total,pooled,-0.16377116430786862,-0.12873648747763883,0.03503467683022979,-0.16416781512267428,-0.1287367779861863,0.0003966508148056658,2.90508547468038e-07,-0.00039636030625819774,0.0011366840378451543,-0.0012362208461183675,-0.0023729048839635216,0.006380345985753297,-0.005776079701320391,363,0,0.06400132837629446,0.2140242015420549,5,5,-0.012156425687073688
56,regenerated_shortfalls_fixed_labels,total,family_month,-0.08757516874077126,-0.008350418838497103,0.07922474990227416,-0.08707653255014933,-0.0129083274519199,-0.0004986361906219317,0.004557908613422796,0.005056544804044728,0.0007879175334437423,-0.005183502008178244,-0.005971419541621986,0.004422677106597368,-0.024219233015849877,363,0,0.06400132837629446,0.2140242015420549,6,6,-0.028641910122447246
56,regenerated_shortfalls_fixed_labels,total,family_month_minus_pooled,0.07619599556709736,0.12038606863914172,0.04419007307204437,0.07709128257252496,0.1158284505342664,-0.0008952870054275974,0.00455761810487533,0.0054529051103029275,-0.00034876650440141205,-0.003947281162059876,-0.0035985146576584643,-0.001957668879155929,-0.018443153314529486,363,0,0.06400132837629446,0.2140242015420549,6,6,-0.01648548443537356
56,regenerated_shortfalls_fixed_labels,young_relative,pooled,-0.16302713404283437,-0.12685323810231586,0.03617389594051851,-0.16416781512267428,-0.1287367779861863,0.001140681079839917,0.0018835398838704387,0.0007428588040305217,-0.007915802788313398,-0.012804148566277828,-0.0048883457779644295,-0.20750767833248854,-0.25011577318048606,363,0,-0.002015053236963633,0.05119288721162829,5,5,-0.04260809484799752
56,regenerated_shortfalls_fixed_labels,young_relative,family_month,-0.08095036094304571,-0.0028730255081575503,0.07807733543488816,-0.08707653255014933,-0.0129083274519199,0.006126171607103617,0.01003530194376235,0.003909130336658732,-0.013489387901370265,-0.01232680365495588,0.001162584246414385,-0.35361562691686416,-0.24079133501491373,363,0,-0.002015053236963633,0.05119288721162829,6,6,0.11282429190195042
56,regenerated_shortfalls_fixed_labels,young_relative,family_month_minus_pooled,0.08207677309978866,0.12398021259415831,0.04190343949436966,0.07709128257252496,0.1158284505342664,0.0049854905272637,0.008151762059891918,0.0031662715326282176,-0.005573585113056867,0.0004773449113219478,0.0060509300243788144,-0.1461079485843756,0.009324438165572355,363,0,-0.002015053236963633,0.05119288721162829,6,6,0.15543238674994794
56,regenerated_shortfalls_and_labels,total,pooled,-0.16377116430786862,-0.128736487477639,0.03503467683022962,-0.16416781512267428,-0.1287367779861862,0.0003966508148056658,2.905085472182378e-07,-0.00039636030625844754,0.0011366840378451543,-0.0012362208461183482,-0.0023729048839635026,0.006380345985753297,-0.0057760797013203,363,0,0.06400132837629446,0.2140242015420549,5,5,-0.012156425687073598
56,regenerated_shortfalls_and_labels,total,family_month,-0.08757516874077126,-0.008350418838496953,0.07922474990227431,-0.08707653255014933,-0.012908327451919974,-0.0004986361906219317,0.004557908613423022,0.0050565448040449535,0.0007879175334437423,-0.0051835020081782415,-0.005971419541621984,0.004422677106597368,-0.024219233015849866,363,0,0.06400132837629446,0.2140242015420549,6,6,-0.028641910122447233
56,regenerated_shortfalls_and_labels,total,family_month_minus_pooled,0.07619599556709736,0.12038606863914204,0.044190073072044686,0.07709128257252496,0.11582845053426624,-0.0008952870054275974,0.004557618104875802,0.005452905110303399,-0.00034876650440141205,-0.003947281162059894,-0.0035985146576584816,-0.001957668879155929,-0.018443153314529566,363,0,0.06400132837629446,0.2140242015420549,6,6,-0.016485484435373638
56,regenerated_shortfalls_and_labels,young_relative,pooled,-0.16302713404283437,-0.12685323810231589,0.03617389594051848,-0.16416781512267428,-0.1287367779861862,0.001140681079839917,0.0018835398838703277,0.0007428588040304107,-0.007915802788313398,-0.012804148566277835,-0.0048883457779644365,-0.20750767833248854,-0.2501157731804862,363,0,-0.002015053236963633,0.05119288721162829,5,5,-0.042608094847997685
56,regenerated_shortfalls_and_labels,young_relative,family_month,-0.08095036094304571,-0.0028730255081576344,0.07807733543488808,-0.08707653255014933,-0.012908327451919974,0.006126171607103617,0.010035301943762339,0.003909130336658722,-0.013489387901370265,-0.012326803654955873,0.0011625842464143919,-0.35361562691686416,-0.2407913350149136,363,0,-0.002015053236963633,0.05119288721162829,6,6,0.11282429190195056
56,regenerated_shortfalls_and_labels,young_relative,family_month_minus_pooled,0.08207677309978866,0.12398021259415826,0.0419034394943696,0.07709128257252496,0.11582845053426624,0.0049854905272637,0.008151762059892015,0.0031662715326283147,-0.005573585113056867,0.0004773449113219617,0.006050930024378828,-0.1461079485843756,0.009324438165572626,363,0,-0.002015053236963633,0.05119288721162829,6,6,0.15543238674994822
57,fixed_shortfalls_fixed_labels,total,pooled,-0.16377116430786862,-0.13955767676307268,0.024213487544795936,-0.16416781512267428,-0.1381562277850976,0.0003966508148056658,-0.0014014489779750894,-0.0017980997927807552,0.0011366840378451543,-0.004182175837563671,-0.005318859875408826,0.006380345985753297,-0.0234750624874604,363,0,0.06170076814319721,0.17815398105106858,5,5,-0.029855408473213697
57,fixed_shortfalls_fixed_labels,total,family_month,-0.08757516874077126,-0.08347448005597057,0.0041006886848006935,-0.08707653255014933,-0.08672519391245886,-0.0004986361906219317,0.0032507138564882992,0.003749350047110231,0.0007879175334437423,-0.004990074509889214,-0.005777992043332956,0.004422677106597368,-0.028009896160887858,363,0,0.06170076814319721,0.17815398105106858,6,6,-0.03243257326748523
57,fixed_shortfalls_fixed_labels,total,family_month_minus_pooled,0.07619599556709736,0.056083196707102115,-0.020112798859995243,0.07709128257252496,0.051431033872638726,-0.0008952870054275974,0.004652162834463389,0.005547449839890986,-0.00034876650440141205,-0.0008078986723255429,-0.0004591321679241309,-0.001957668879155929,-0.004534833673427457,363,0,0.06170076814319721,0.17815398105106858,6,6,-0.002577164794271528
57,fixed_shortfalls_fixed_labels,young_relative,pooled,-0.16302713404283437,-0.13594395440553958,0.027083179637294785,-0.16416781512267428,-0.1381562277850976,0.001140681079839917,0.0022122733795580107,0.0010715922997180938,-0.007915802788313398,-0.014884773851982343,-0.006968971063668944,-0.20750767833248854,-0.39019477204371983,363,0,-0.0004626710527536109,0.03814703557923262,5,5,-0.1826870937112313
57,fixed_shortfalls_fixed_labels,young_relative,family_month,-0.08095036094304571,-0.07688083964034659,0.004069521302699122,-0.08707653255014933,-0.08672519391245886,0.006126171607103617,0.009844354272112277,0.0037181826650086597,-0.013489387901370265,-0.02145610964574504,-0.007966721744374773,-0.35361562691686416,-0.5624581129293784,363,0,-0.0004626710527536109,0.03814703557923262,6,6,-0.20884248601251426
57,fixed_shortfalls_fixed_labels,young_relative,family_month_minus_pooled,0.08207677309978866,0.05906311476519299,-0.023013658334595663,0.07709128257252496,0.051431033872638726,0.0049854905272637,0.007632080892554266,0.002646590365290566,-0.005573585113056867,-0.0065713357937626955,-0.0009977506807058289,-0.1461079485843756,-0.1722633408856586,363,0,-0.0004626710527536109,0.03814703557923262,6,6,-0.026155392301282998
57,regenerated_shortfalls_fixed_labels,total,pooled,-0.16377116430786862,-0.13927706937140352,0.024494094936465094,-0.16416781512267428,-0.1381562277850976,0.0003966508148056658,-0.0011208415863059318,-0.0015174924011115976,0.0011366840378451543,-0.0030011231170693066,-0.004137807154914461,0.006380345985753297,-0.01397715744877559,363,0,0.06036717337831227,0.21471627031948526,5,5,-0.020357503434528888
57,regenerated_shortfalls_fixed_labels,total,family_month,-0.08757516874077126,-0.08599200969339493,0.0015831590473763257,-0.08707653255014933,-0.08672519391245886,-0.0004986361906219317,0.0007331842190639315,0.0012318204096858631,0.0007879175334437423,-0.001018094249801316,-0.0018060117832450582,0.004422677106597368,-0.004741579426125702,363,0,0.06036717337831227,0.21471627031948526,6,6,-0.00916425653272307
57,regenerated_shortfalls_fixed_labels,total,family_month_minus_pooled,0.07619599556709736,0.05328505967800859,-0.022910935889088768,0.07709128257252496,0.051431033872638726,-0.0008952870054275974,0.0018540258053698633,0.0027493128107974607,-0.00034876650440141205,0.0019830288672679905,0.0023317953716694025,-0.001957668879155929,0.009235578022649888,363,0,0.06036717337831227,0.21471627031948526,6,6,0.011193246901805818
57,regenerated_shortfalls_fixed_labels,young_relative,pooled,-0.16302713404283437,-0.13431817078822733,0.028708963254607034,-0.16416781512267428,-0.1381562277850976,0.001140681079839917,0.0038380569968702594,0.0026973759170303424,-0.007915802788313398,-0.03329254410934964,-0.02537674132103624,-0.20750767833248854,-0.6852535535763425,363,0,0.000863343067407874,0.04858427064784363,5,5,-0.47774587524385403
57,regenerated_shortfalls_fixed_labels,young_relative,family_month,-0.08095036094304571,-0.06795783579888481,0.012992525144160896,-0.08707653255014933,-0.08672519391245886,0.006126171607103617,0.01876735811357405,0.012641186506470434,-0.013489387901370265,-0.036332704810258465,-0.0228433169088882,-0.35361562691686416,-0.7478285528584149,363,0,0.000863343067407874,0.04858427064784363,6,6,-0.3942129259415507
57,regenerated_shortfalls_fixed_labels,young_relative,family_month_minus_pooled,0.08207677309978866,0.06636033498934252,-0.015716438110446138,0.07709128257252496,0.051431033872638726,0.0049854905272637,0.014929301116703791,0.009943810589440091,-0.005573585113056867,-0.003040160700908824,0.0025334244121480425,-0.1461079485843756,-0.06257499928207236,363,0,0.000863343067407874,0.04858427064784363,6,6,0.08353294930230323
57,regenerated_shortfalls_and_labels,total,pooled,-0.16377116430786862,-0.13927706937140374,0.024494094936464872,-0.16416781512267428,-0.1381562277850975,0.0003966508148056658,-0.001120841586306237,-0.0015174924011119029,0.0011366840378451543,-0.0030011231170692866,-0.004137807154914441,0.006380345985753297,-0.013977157448775498,363,0,0.06036717337831227,0.21471627031948526,5,5,-0.020357503434528794
57,regenerated_shortfalls_and_labels,total,family_month,-0.08757516874077126,-0.08599200969339489,0.0015831590473763674,-0.08707653255014933,-0.08672519391245893,-0.0004986361906219317,0.0007331842190640425,0.0012318204096859742,0.0007879175334437423,-0.0010180942498013233,-0.0018060117832450655,0.004422677106597368,-0.0047415794261257355,363,0,0.06036717337831227,0.21471627031948526,6,6,-0.009164256532723104
57,regenerated_shortfalls_and_labels,total,family_month_minus_pooled,0.07619599556709736,0.05328505967800885,-0.022910935889088505,0.07709128257252496,0.051431033872638574,-0.0008952870054275974,0.0018540258053702796,0.002749312810797877,-0.00034876650440141205,0.0019830288672679636,0.0023317953716693756,-0.001957668879155929,0.009235578022649762,363,0,0.06036717337831227,0.21471627031948526,6,6,0.011193246901805691
57,regenerated_shortfalls_and_labels,young_relative,pooled,-0.16302713404283437,-0.13431817078822722,0.028708963254607145,-0.16416781512267428,-0.1381562277850975,0.001140681079839917,0.003838056996870287,0.00269737591703037,-0.007915802788313398,-0.03329254410934965,-0.025376741321036247,-0.20750767833248854,-0.6852535535763427,363,0,0.000863343067407874,0.04858427064784363,5,5,-0.47774587524385415
57,regenerated_shortfalls_and_labels,young_relative,family_month,-0.08095036094304571,-0.0679578357988848,0.01299252514416091,-0.08707653255014933,-0.08672519391245893,0.006126171607103617,0.018767358113574134,0.012641186506470517,-0.013489387901370265,-0.03633270481025846,-0.022843316908888193,-0.35361562691686416,-0.7478285528584148,363,0,0.000863343067407874,0.04858427064784363,6,6,-0.3942129259415506
57,regenerated_shortfalls_and_labels,young_relative,family_month_minus_pooled,0.08207677309978866,0.06636033498934242,-0.015716438110446235,0.07709128257252496,0.051431033872638574,0.0049854905272637,0.014929301116703847,0.009943810589440147,-0.005573585113056867,-0.0030401607009088102,0.0025334244121480564,-0.1461079485843756,-0.06257499928207207,363,0,0.000863343067407874,0.04858427064784363,6,6,0.08353294930230352
58,fixed_shortfalls_fixed_labels,total,pooled,-0.16377116430786862,-0.15897498311021838,0.00479618119765024,-0.16416781512267428,-0.1578930234255143,0.0003966508148056658,-0.0010819596847040647,-0.0014786104995097304,0.0011366840378451543,-0.0030434994324760344,-0.004180183470321189,0.006380345985753297,-0.017083533101646505,363,2,0.06170076814319721,0.17815398105106858,5,5,-0.023463879087399803
58,fixed_shortfalls_fixed_labels,total,family_month,-0.08757516874077126,-0.08109586741190769,0.006479301328863568,-0.08707653255014933,-0.08346717414523759,-0.0004986361906219317,0.0023713067333299004,0.002869942923951832,0.0007879175334437423,-0.003780705950085928,-0.00456862348352967,0.004422677106597368,-0.02122156309828503,363,2,0.06170076814319721,0.17815398105106858,6,6,-0.0256442402048824
58,fixed_shortfalls_fixed_labels,total,family_month_minus_pooled,0.07619599556709736,0.07787911569831069,0.0016831201312133282,0.07709128257252496,0.07442584928027672,-0.0008952870054275974,0.003453266418033965,0.0043485534234615625,-0.00034876650440141205,-0.0007372065176098935,-0.0003884400132084815,-0.001957668879155929,-0.0041380299966385274,363,2,0.06170076814319721,0.17815398105106858,6,6,-0.0021803611174825983
58,fixed_shortfalls_fixed_labels,young_relative,pooled,-0.16302713404283437,-0.15527223463039314,0.00775489941244123,-0.16416781512267428,-0.1578930234255143,0.001140681079839917,0.002620788795121176,0.0014801077152812592,-0.007915802788313398,-0.019032786516771514,-0.011116983728458115,-0.20750767833248854,-0.4989322558823687,363,2,-0.0004626710527536109,0.03814703557923262,5,5,-0.29142457754988016
58,fixed_shortfalls_fixed_labels,young_relative,family_month,-0.08095036094304571,-0.07138385670626123,0.009566504236784484,-0.08707653255014933,-0.08346717414523759,0.006126171607103617,0.012083317438976365,0.005957145831872748,-0.013489387901370265,-0.02559811523215222,-0.012108727330781954,-0.35361562691686416,-0.6710381250722381,363,2,-0.0004626710527536109,0.03814703557923262,6,6,-0.317422498155374
58,fixed_shortfalls_fixed_labels,young_relative,family_month_minus_pooled,0.08207677309978866,0.08388837792413191,0.0018116048243432548,0.07709128257252496,0.07442584928027672,0.0049854905272637,0.00946252864385519,0.004477038116591489,-0.005573585113056867,-0.006565328715380705,-0.0009917436023238382,-0.1461079485843756,-0.17210586918986942,363,2,-0.0004626710527536109,0.03814703557923262,6,6,-0.02599792060549383
58,regenerated_shortfalls_fixed_labels,total,pooled,-0.16377116430786862,-0.15571984228790905,0.008051322019959561,-0.16416781512267428,-0.1578930234255143,0.0003966508148056658,0.0021731811376052568,0.001776530322799591,0.0011366840378451543,0.00999387445304124,0.008857190415196085,0.006380345985753297,0.047850795645681204,363,2,0.06113509805905091,0.2088549274507882,5,5,0.04147044965992791
58,regenerated_shortfalls_fixed_labels,total,family_month,-0.08757516874077126,-0.08963867726722528,-0.002063508526454025,-0.08707653255014933,-0.08346717414523759,-0.0004986361906219317,-0.006171503121987693,-0.005672866931365761,0.0007879175334437423,0.007391397840113512,0.0066034803066697696,0.004422677106597368,0.035390105133407124,363,2,0.06113509805905091,0.2088549274507882,6,6,0.030967428026809754
58,regenerated_shortfalls_fixed_labels,total,family_month_minus_pooled,0.07619599556709736,0.06608116502068377,-0.010114830546413586,0.07709128257252496,0.07442584928027672,-0.0008952870054275974,-0.00834468425959295,-0.007449397254165352,-0.00034876650440141205,-0.002602476612927728,-0.002253710108526316,-0.001957668879155929,-0.01246069051227408,363,2,0.06113509805905091,0.2088549274507882,6,6,-0.010503021633118151
58,regenerated_shortfalls_fixed_labels,young_relative,pooled,-0.16302713404283437,-0.15946669310621397,0.0035604409366203904,-0.16416781512267428,-0.1578930234255143,0.001140681079839917,-0.001573669680699663,-0.00271435076053958,-0.007915802788313398,-0.024533625245510834,-0.016617822457197437,-0.20750767833248854,-0.531681414047378,363,2,-0.0011813519942506475,0.04614346974958325,5,5,-0.3241737357148895
58,regenerated_shortfalls_fixed_labels,young_relative,family_month,-0.08095036094304571,-0.06486029899565673,0.016090061947388976,-0.08707653255014933,-0.08346717414523759,0.006126171607103617,0.018606875149580857,0.01248070354247724,-0.013489387901370265,-0.02941645002846015,-0.015927062127089886,-0.35361562691686416,-0.6374997413090252,363,2,-0.0011813519942506475,0.04614346974958325,6,6,-0.28388411439216105
58,regenerated_shortfalls_fixed_labels,young_relative,family_month_minus_pooled,0.08207677309978866,0.09460639411055724,0.012529621010768585,0.07709128257252496,0.07442584928027672,0.0049854905272637,0.02018054483028052,0.01519505430301682,-0.005573585113056867,-0.004882824782949317,0.0006907603301075493,-0.1461079485843756,-0.10581832726164718,363,2,-0.0011813519942506475,0.04614346974958325,6,6,0.04028962132272841
58,regenerated_shortfalls_and_labels,total,pooled,-0.16377116430786862,-0.1557482442378191,0.00802292007004951,-0.16416781512267428,-0.15791605493141656,0.0003966508148056658,0.0021678106935974495,0.0017711598787917837,0.0011366840378451543,0.009967933882725998,0.008831249844880843,0.006380345985753297,0.04772659187116717,363,2,0.06113509805905091,0.2088549274507882,5,5,0.04134624588541388
58,regenerated_shortfalls_and_labels,total,family_month,-0.08757516874077126,-0.0915241515367799,-0.003948982796008638,-0.08707653255014933,-0.08530884070861437,-0.0004986361906219317,-0.006215310828165524,-0.005716674637543592,0.0007879175334437423,0.007497235233328862,0.00670931769988512,0.004422677106597368,0.03589685589340673,363,2,0.06113509805905091,0.2088549274507882,6,6,0.03147417878680936
58,regenerated_shortfalls_and_labels,total,family_month_minus_pooled,0.07619599556709736,0.06422409270103921,-0.011971902866058148,0.07709128257252496,0.07260721422280218,-0.0008952870054275974,-0.008383121521762973,-0.007487834516335376,-0.00034876650440141205,-0.0024706986493971362,-0.002121932144995724,-0.001957668879155929,-0.011829735977760441,363,2,0.06113509805905091,0.2088549274507882,6,6,-0.009872067098604512
58,regenerated_shortfalls_and_labels,young_relative,pooled,-0.16302713404283437,-0.15948935671648073,0.0035377773263536305,-0.16416781512267428,-0.15791605493141656,0.001140681079839917,-0.0015733017850641795,-0.0027139828649040965,-0.007915802788313398,-0.024480573709707798,-0.016564770921394398,-0.20750767833248854,-0.5305317056251259,363,2,-0.0011813519942506475,0.04614346974958325,5,5,-0.32302402729263735
58,regenerated_shortfalls_and_labels,young_relative,family_month,-0.08095036094304571,-0.0670923087411757,0.013858052201870016,-0.08707653255014933,-0.08530884070861437,0.006126171607103617,0.01821653196743868,0.012090360360335062,-0.013489387901370265,-0.02920125179966738,-0.015711863898297113,-0.35361562691686416,-0.6328360645209415,363,2,-0.0011813519942506475,0.04614346974958325,6,6,-0.2792204376040774
58,regenerated_shortfalls_and_labels,young_relative,family_month_minus_pooled,0.08207677309978866,0.09239704797530504,0.010320274875516386,0.07709128257252496,0.07260721422280218,0.0049854905272637,0.01978983375250286,0.014804343225239158,-0.005573585113056867,-0.0047206780899595804,0.0008529070230972862,-0.1461079485843756,-0.10230435889581571,363,2,-0.0011813519942506475,0.04614346974958325,6,6,0.04380358968855988
59,fixed_shortfalls_fixed_labels,total,pooled,-0.16377116430786862,-0.16323786862865472,0.0005332956792138965,-0.16416781512267428,-0.15974519935715817,0.0003966508148056658,-0.0034926692714965513,-0.003889320086302217,0.0011366840378451543,-0.010311941139061028,-0.011448625176906183,0.006380345985753297,-0.057882181909283674,363,2,0.06170076814319721,0.17815398105106858,5,5,-0.06426252789503697
59,fixed_shortfalls_fixed_labels,total,family_month,-0.08757516874077126,-0.12397014202871184,-0.036394973287940585,-0.08707653255014933,-0.13129484171260108,-0.0004986361906219317,0.007324699683889241,0.007823335874511173,0.0007879175334437423,-0.011045740180667122,-0.011833657714110865,0.004422677106597368,-0.06200108532798273,363,2,0.06170076814319721,0.17815398105106858,6,6,-0.06642376243458009
59,fixed_shortfalls_fixed_labels,total,family_month_minus_pooled,0.07619599556709736,0.039267726599942876,-0.03692826896715448,0.07709128257252496,0.028450357644557084,-0.0008952870054275974,0.010817368955385792,0.01171265596081339,-0.00034876650440141205,-0.0007337990416060938,-0.0003850325372046818,-0.001957668879155929,-0.004118903418699059,363,2,0.06170076814319721,0.17815398105106858,6,6,-0.00216123453954313
59,fixed_shortfalls_fixed_labels,young_relative,pooled,-0.16302713404283437,-0.15994588136518423,0.003081252677650137,-0.16416781512267428,-0.15974519935715817,0.001140681079839917,-0.00020068200802605962,-0.0013413630878659766,-0.007915802788313398,0.0013463366638463096,0.009262139452159708,-0.20750767833248854,0.0352933496247677,363,2,-0.0004626710527536109,0.03814703557923262,5,5,0.24280102795725622
59,fixed_shortfalls_fixed_labels,young_relative,family_month,-0.08095036094304571,-0.12998000044386504,-0.04902963950081933,-0.08707653255014933,-0.13129484171260108,0.006126171607103617,0.0013148412687360445,-0.004811330338367573,-0.013489387901370265,-0.0030928715204039314,0.010396516380966333,-0.35361562691686416,-0.08107763744786767,363,2,-0.0004626710527536109,0.03814703557923262,6,6,0.2725379894689965
59,fixed_shortfalls_fixed_labels,young_relative,family_month_minus_pooled,0.08207677309978866,0.029965880921319188,-0.05211089217846947,0.07709128257252496,0.028450357644557084,0.0049854905272637,0.001515523276762104,-0.003469967250501596,-0.005573585113056867,-0.004439208184250241,0.0011343769288066257,-0.1461079485843756,-0.11637098707263537,363,2,-0.0004626710527536109,0.03814703557923262,6,6,0.029736961511740226
59,regenerated_shortfalls_fixed_labels,total,pooled,-0.16377116430786862,-0.16226667169997996,0.0015044926078886522,-0.16416781512267428,-0.15974519935715817,0.0003966508148056658,-0.0025214723428217956,-0.0029181231576274613,0.0011366840378451543,-0.01973326618936549,-0.020869950227210644,0.006380345985753297,-0.09154201594339656,363,2,0.0669546799678994,0.21556512587146015,5,5,-0.09792236192914985
59,regenerated_shortfalls_fixed_labels,total,family_month,-0.08757516874077126,-0.11757352184154829,-0.02999835310077703,-0.08707653255014933,-0.13129484171260108,-0.0004986361906219317,0.013721319871052795,0.014219956061674727,0.0007879175334437423,-0.021472449067453464,-0.022260366600897207,0.004422677106597368,-0.09961003191331293,363,2,0.0669546799678994,0.21556512587146015,6,6,-0.1040327090199103
59,regenerated_shortfalls_fixed_labels,total,family_month_minus_pooled,0.07619599556709736,0.044693149858431674,-0.03150284570866568,0.07709128257252496,0.028450357644557084,-0.0008952870054275974,0.01624279221387459,0.017138079219302188,-0.00034876650440141205,-0.0017391828780879727,-0.0013904163736865606,-0.001957668879155929,-0.008068015969916369,363,2,0.0669546799678994,0.21556512587146015,6,6,-0.0061103470907604394
59,regenerated_shortfalls_fixed_labels,young_relative,pooled,-0.16302713404283437,-0.16009436158503385,0.00293277245780052,-0.16416781512267428,-0.15974519935715817,0.001140681079839917,-0.00034916222787567675,-0.0014898433077155937,-0.007915802788313398,-0.003976967265693444,0.003938835522619954,-0.20750767833248854,-0.08031289935701037,363,2,-0.0006975864724444084,0.049518412328944286,5,5,0.12719477897547815
59,regenerated_shortfalls_fixed_labels,young_relative,family_month,-0.08095036094304571,-0.12857314652602078,-0.04762278558297507,-0.08707653255014933,-0.13129484171260108,0.006126171607103617,0.002721695186580303,-0.003404476420523314,-0.013489387901370265,-0.008488846828136673,0.005000541073233592,-0.35361562691686416,-0.1714280896517114,363,2,-0.0006975864724444084,0.049518412328944286,6,6,0.18218753726515274
59,regenerated_shortfalls_fixed_labels,young_relative,family_month_minus_pooled,0.08207677309978866,0.031521215059013064,-0.05055555804077559,0.07709128257252496,0.028450357644557084,0.0049854905272637,0.0030708574144559797,-0.0019146331128077204,-0.005573585113056867,-0.004511879562443229,0.0010617055506136376,-0.1461079485843756,-0.09111519029470104,363,2,-0.0006975864724444084,0.049518412328944286,6,6,0.05499275828967455
59,regenerated_shortfalls_and_labels,total,pooled,-0.16377116430786862,-0.16225324563894064,0.0015179186689279756,-0.16416781512267428,-0.15973210241844954,0.0003966508148056658,-0.002521143220491101,-0.002917794035296767,0.0011366840378451543,-0.019734321957193914,-0.020871005995039067,0.006380345985753297,-0.09154691361793531,363,2,0.0669546799678994,0.21556512587146015,5,5,-0.0979272596036886
59,regenerated_shortfalls_and_labels,total,family_month,-0.08757516874077126,-0.11651333308588532,-0.028938164345114065,-0.08707653255014933,-0.13048051193758148,-0.0004986361906219317,0.013967178851696155,0.014465815042318086,0.0007879175334437423,-0.02155613581414398,-0.02234405334758772,0.004422677106597368,-0.09999825216161234,363,2,0.0669546799678994,0.21556512587146015,6,6,-0.10442092926820971
59,regenerated_shortfalls_and_labels,total,family_month_minus_pooled,0.07619599556709736,0.04573991255305532,-0.03045608301404204,0.07709128257252496,0.02925159048086806,-0.0008952870054275974,0.016488322072187256,0.017383609077614853,-0.00034876650440141205,-0.001821813856950065,-0.001473047352548653,-0.001957668879155929,-0.008451338543677045,363,2,0.0669546799678994,0.21556512587146015,6,6,-0.006493669664521116
59,regenerated_shortfalls_and_labels,young_relative,pooled,-0.16302713404283437,-0.16008547827391037,0.0029416557689239953,-0.16416781512267428,-0.15973210241844954,0.001140681079839917,-0.00035337585546083017,-0.0014940569353007471,-0.007915802788313398,-0.004026855747338847,0.0038889470409745512,-0.20750767833248854,-0.08132037272497702,363,2,-0.0006975864724444084,0.049518412328944286,5,5,0.1261873056075115
59,regenerated_shortfalls_and_labels,young_relative,family_month,-0.08095036094304571,-0.12774837863071856,-0.04679801768767285,-0.08707653255014933,-0.13048051193758148,0.006126171607103617,0.0027321333068629217,-0.0033940383002406954,-0.013489387901370265,-0.008564132588522363,0.004925255312847902,-0.35361562691686416,-0.17294844858175096,363,2,-0.0006975864724444084,0.049518412328944286,6,6,0.1806671783351132
59,regenerated_shortfalls_and_labels,young_relative,family_month_minus_pooled,0.08207677309978866,0.03233709964319181,-0.04973967345659684,0.07709128257252496,0.02925159048086806,0.0049854905272637,0.003085509162323752,-0.0018999813649399483,-0.005573585113056867,-0.004537276841183516,0.0010363082718733508,-0.1461079485843756,-0.09162807585677392,363,2,-0.0006975864724444084,0.049518412328944286,6,6,0.05447987272760167
60,fixed_shortfalls_fixed_labels,total,pooled,-0.16377116430786862,-0.1611399932371206,0.0026311710707480063,-0.16416781512267428,-0.16179454799073367,0.0003966508148056658,0.0006545547536130625,0.0002579039388073967,0.0011366840378451543,0.0017818276108972943,0.00064514357305214,0.006380345985753297,0.01000161545863253,363,2,0.06170076814319721,0.17815398105106858,5,5,0.003621269472879233
60,fixed_shortfalls_fixed_labels,total,family_month,-0.08757516874077126,-0.13922267924776668,-0.051647510506995425,-0.08707653255014933,-0.1385230459284247,-0.0004986361906219317,-0.0006996333193419746,-0.00020099712872004294,0.0007879175334437423,0.0010890562586052433,0.000301138725161501,0.004422677106597368,0.006113005458424534,363,2,0.06170076814319721,0.17815398105106858,7,7,0.001690328351827166
60,fixed_shortfalls_fixed_labels,total,family_month_minus_pooled,0.07619599556709736,0.021917313989353926,-0.05427868157774343,0.07709128257252496,0.023271502062308963,-0.0008952870054275974,-0.001354188072955037,-0.00045890106752743964,-0.00034876650440141205,-0.000692771352292051,-0.00034400484789063896,-0.001957668879155929,-0.0038886100002079953,363,2,0.06170076814319721,0.17815398105106858,7,7,-0.0019309411210520662
60,fixed_shortfalls_fixed_labels,young_relative,pooled,-0.16302713404283437,-0.1605903901261182,0.0024367439167161664,-0.16416781512267428,-0.16179454799073367,0.001140681079839917,0.0012041578646154738,6.347678477555685e-05,-0.007915802788313398,-0.009474978684618865,-0.0015591758963054668,-0.20750767833248854,-0.24838047152940704,363,2,-0.0004626710527536109,0.03814703557923262,5,5,-0.0408727931969185
60,fixed_shortfalls_fixed_labels,young_relative,family_month,-0.08095036094304571,-0.13335503313992722,-0.05240467219688151,-0.08707653255014933,-0.1385230459284247,0.006126171607103617,0.005168012788497489,-0.000958158818606128,-0.013489387901370265,-0.011079226305077195,0.0024101615962930697,-0.35361562691686416,-0.2904347909830447,363,2,-0.0004626710527536109,0.03814703557923262,7,7,0.06318083593381946
60,fixed_shortfalls_fixed_labels,young_relative,family_month_minus_pooled,0.08207677309978866,0.02723535698619098,-0.05484141611359768,0.07709128257252496,0.023271502062308963,0.0049854905272637,0.003963854923882015,-0.0010216356033816848,-0.005573585113056867,-0.0016042476204583302,0.0039693374925985365,-0.1461079485843756,-0.042054319453637655,363,2,-0.0004626710527536109,0.03814703557923262,7,7,0.10405362913073793
60,regenerated_shortfalls_fixed_labels,total,pooled,-0.16377116430786862,-0.1641236770455796,-0.0003525127377109749,-0.16416781512267428,-0.16179454799073367,0.0003966508148056658,-0.0023291290548459187,-0.0027257798696515845,0.0011366840378451543,-0.006279282554834961,-0.007415966592680115,0.006380345985753297,-0.029459386947797622,363,2,0.07357324632174321,0.21315048293306044,5,5,-0.035839732933550916
60,regenerated_shortfalls_fixed_labels,total,family_month,-0.08757516874077126,-0.13657629860752477,-0.04900112986675351,-0.08707653255014933,-0.1385230459284247,-0.0004986361906219317,0.0019467473208999442,0.002445383511521876,0.0007879175334437423,-0.007915755842327395,-0.008703673375771138,0.004422677106597368,-0.037136935996590376,363,2,0.07357324632174321,0.21315048293306044,7,7,-0.041559613103187745
60,regenerated_shortfalls_fixed_labels,total,family_month_minus_pooled,0.07619599556709736,0.027547378438054826,-0.04864861712904253,0.07709128257252496,0.023271502062308963,-0.0008952870054275974,0.004275876375745863,0.00517116338117346,-0.00034876650440141205,-0.0016364732874924346,-0.0012877067830910226,-0.001957668879155929,-0.007677549048792756,363,2,0.07357324632174321,0.21315048293306044,7,7,-0.005719880169636827
60,regenerated_shortfalls_fixed_labels,young_relative,pooled,-0.16302713404283437,-0.16182788715239252,0.0011992468904418463,-0.16416781512267428,-0.16179454799073367,0.001140681079839917,-3.333916165884632e-05,-0.0011740202414987633,-0.007915802788313398,0.003587928515831125,0.011503731304144523,-0.20750767833248854,0.07174343597556895,363,2,-0.001059648022031905,0.05001054754406989,5,5,0.2792511143080575
60,regenerated_shortfalls_fixed_labels,young_relative,family_month,-0.08095036094304571,-0.1416219652387412,-0.0606716042956955,-0.08707653255014933,-0.1385230459284247,0.006126171607103617,-0.0030989193103165003,-0.009225090917420117,-0.013489387901370265,0.004064196852194467,0.017553584753564732,-0.35361562691686416,0.08126679374212106,363,2,-0.001059648022031905,0.05001054754406989,7,7,0.4348824206589852
60,regenerated_shortfalls_fixed_labels,young_relative,family_month_minus_pooled,0.08207677309978866,0.02020592191365131,-0.061870851186137346,0.07709128257252496,0.023271502062308963,0.0049854905272637,-0.003065580148657654,-0.008051070675921354,-0.005573585113056867,0.00047626833636334187,0.0060498534494202085,-0.1461079485843756,0.009523357766552117,363,2,-0.001059648022031905,0.05001054754406989,7,7,0.1556313063509277
60,regenerated_shortfalls_and_labels,total,pooled,-0.16377116430786862,-0.16404100150415438,-0.0002698371962857604,-0.16416781512267428,-0.16176803974233986,0.0003966508148056658,-0.002272961761814518,-0.002669612576620184,0.0011366840378451543,-0.006128124697785739,-0.007264808735630894,0.006380345985753297,-0.02875022666362087,363,2,0.07357324632174321,0.21315048293306044,5,5,-0.035130572649374164
60,regenerated_shortfalls_and_labels,total,family_month,-0.08757516874077126,-0.1341622548517449,-0.04658708611097365,-0.08707653255014933,-0.13615742374794418,-0.0004986361906219317,0.001995168896199273,0.0024938050868212047,0.0007879175334437423,-0.007851431517106768,-0.00863934905055051,0.004422677106597368,-0.03683515706400017,363,2,0.07357324632174321,0.21315048293306044,7,7,-0.041257834170597536
60,regenerated_shortfalls_and_labels,total,family_month_minus_pooled,0.07619599556709736,0.02987874665240947,-0.046317248914687886,0.07709128257252496,0.02561061599439568,-0.0008952870054275974,0.004268130658013791,0.005163417663441389,-0.00034876650440141205,-0.0017233068193210285,-0.0013745403149196165,-0.001957668879155929,-0.008084930400379296,363,2,0.07357324632174321,0.21315048293306044,7,7,-0.006127261521223367
60,regenerated_shortfalls_and_labels,young_relative,pooled,-0.16302713404283437,-0.1618014485333039,0.0012256855095304775,-0.16416781512267428,-0.16176803974233986,0.001140681079839917,-3.3408790964029045e-05,-0.001174089870803946,-0.007915802788313398,0.0035857076170772825,0.01150151040539068,-0.20750767833248854,0.0716990273685269,363,2,-0.001059648022031905,0.05001054754406989,5,5,0.27920670570101547
60,regenerated_shortfalls_and_labels,young_relative,family_month,-0.08095036094304571,-0.1392252428691279,-0.0582748819260822,-0.08707653255014933,-0.13615742374794418,0.006126171607103617,-0.003067819121183729,-0.009193990728287346,-0.013489387901370265,0.004029008375973857,0.017518396277344122,-0.35361562691686416,0.080563172647199,363,2,-0.001059648022031905,0.05001054754406989,7,7,0.43417879956406313
60,regenerated_shortfalls_and_labels,young_relative,family_month_minus_pooled,0.08207677309978866,0.02257620566417598,-0.059500567435612675,0.07709128257252496,0.02561061599439568,0.0049854905272637,-0.0030344103302197,-0.0080199008574834,-0.005573585113056867,0.00044330075889657426,0.006016885871953441,-0.1461079485843756,0.008864145278672112,363,2,-0.001059648022031905,0.05001054754406989,7,7,0.1549720938630477
61,fixed_shortfalls_fixed_labels,total,pooled,-0.16377116430786862,-0.1690350692443546,-0.005263904936485986,-0.16416781512267428,-0.16841200509360682,0.0003966508148056658,-0.0006230641507477819,-0.0010197149655534476,0.0011366840378451543,-0.0017584122633991861,-0.0028950963012443405,0.006380345985753297,-0.009870182260452153,363,4,0.06170076814319721,0.17815398105106858,5,5,-0.01625052824620545
61,fixed_shortfalls_fixed_labels,total,family_month,-0.08757516874077126,-0.0794032640305926,0.00817190471017866,-0.08707653255014933,-0.0798859029062652,-0.0004986361906219317,0.00048263887567259744,0.000981275066294529,0.0007879175334437423,-0.0007462928747849644,-0.0015342104082287067,0.004422677106597368,-0.004189032826445996,363,4,0.06170076814319721,0.17815398105106858,6,6,-0.008611709933043363
61,fixed_shortfalls_fixed_labels,total,family_month_minus_pooled,0.07619599556709736,0.089631805213762,0.013435809646664645,0.07709128257252496,0.08852610218734162,-0.0008952870054275974,0.0011057030264203793,0.0020009900318479767,-0.00034876650440141205,0.0010121193886142217,0.0013608858930156337,-0.001957668879155929,0.005681149434006156,363,4,0.06170076814319721,0.17815398105106858,6,6,0.007638818313162085
61,fixed_shortfalls_fixed_labels,young_relative,pooled,-0.16302713404283437,-0.16697745847475706,-0.003950324431922697,-0.16416781512267428,-0.16841200509360682,0.001140681079839917,0.001434546618849758,0.000293865539009841,-0.007915802788313398,-0.010693310551007272,-0.0027775077626938736,-0.20750767833248854,-0.2803182577266567,363,4,-0.0004626710527536109,0.03814703557923262,5,5,-0.07281057939416816
61,fixed_shortfalls_fixed_labels,young_relative,family_month,-0.08095036094304571,-0.07298223787877088,0.007968123064274829,-0.08707653255014933,-0.0798859029062652,0.006126171607103617,0.006903665027494316,0.0007774934203906986,-0.013489387901370265,-0.01547001508752674,-0.0019806271861564743,-0.35361562691686416,-0.405536494582784,363,4,-0.0004626710527536109,0.03814703557923262,6,6,-0.051920867665919856
61,fixed_shortfalls_fixed_labels,young_relative,family_month_minus_pooled,0.08207677309978866,0.09399522059598618,0.011918447496197526,0.07709128257252496,0.08852610218734162,0.0049854905272637,0.005469118408644558,0.00048362788138085755,-0.005573585113056867,-0.004776704536519467,0.0007968805765373992,-0.1461079485843756,-0.12521823685612735,363,4,-0.0004626710527536109,0.03814703557923262,6,6,0.020889711728248245
61,regenerated_shortfalls_fixed_labels,total,pooled,-0.16377116430786862,-0.16883949723445715,-0.005068332926588537,-0.16416781512267428,-0.16841200509360682,0.0003966508148056658,-0.00042749214085033294,-0.0008241429556559987,0.0011366840378451543,-0.0018736047824825888,-0.003010288820327743,0.006380345985753297,-0.00852152940331228,363,4,0.066475798669865,0.21986719681496694,5,5,-0.014901875389065577
61,regenerated_shortfalls_fixed_labels,total,family_month,-0.08757516874077126,-0.08061405921786059,0.006961109522910666,-0.08707653255014933,-0.0798859029062652,-0.0004986361906219317,-0.000728156311595396,-0.0002295201209734643,0.0007879175334437423,0.0017920550438758345,0.0010041375104320922,0.004422677106597368,0.008150624876451986,363,4,0.066475798669865,0.21986719681496694,6,6,0.003727947769854618
61,regenerated_shortfalls_fixed_labels,total,family_month_minus_pooled,0.07619599556709736,0.08822543801659656,0.012029442449499203,0.07709128257252496,0.08852610218734162,-0.0008952870054275974,-0.000300664170745063,0.0005946228346825344,-0.00034876650440141205,0.0036656598263584235,0.004014426330759836,-0.001957668879155929,0.016672154279764265,363,4,0.066475798669865,0.21986719681496694,6,6,0.018629823158920193
61,regenerated_shortfalls_fixed_labels,young_relative,pooled,-0.16302713404283437,-0.16668529407337873,-0.0036581600305443662,-0.16416781512267428,-0.16841200509360682,0.001140681079839917,0.0017267110202280889,0.0005860299403881719,-0.007915802788313398,-0.014930105039728673,-0.007014302251415274,-0.20750767833248854,-0.2800633972728236,363,4,-0.0017392454438328495,0.05330973338577522,5,5,-0.07255571894033505
61,regenerated_shortfalls_fixed_labels,young_relative,family_month,-0.08095036094304571,-0.07640878087787872,0.004541580065166986,-0.08707653255014933,-0.0798859029062652,0.006126171607103617,0.003477122028386473,-0.002649049578717144,-0.013489387901370265,-0.016328426222064468,-0.0028390383206942024,-0.35361562691686416,-0.3062935262478995,363,4,-0.0017392454438328495,0.05330973338577522,6,6,0.04732210066896464
61,regenerated_shortfalls_fixed_labels,young_relative,family_month_minus_pooled,0.08207677309978866,0.09027651319550001,0.008199740095711353,0.07709128257252496,0.08852610218734162,0.0049854905272637,0.001750411008158384,-0.003235079519105316,-0.005573585113056867,-0.001398321182335795,0.004175263930721072,-0.1461079485843756,-0.026230128975075925,363,4,-0.0017392454438328495,0.05330973338577522,6,6,0.11987781960929966
61,regenerated_shortfalls_and_labels,total,pooled,-0.16377116430786862,-0.1682029754178739,-0.00443181111000529,-0.16416781512267428,-0.16774017958605353,0.0003966508148056658,-0.0004627958318203784,-0.0008594466466260442,0.0011366840378451543,-0.001972699999528635,-0.003109384037373789,0.006380345985753297,-0.008972234276442769,363,4,0.066475798669865,0.21986719681496694,5,5,-0.015352580262196065
61,regenerated_shortfalls_and_labels,total,family_month,-0.08757516874077126,-0.078166022838154,0.009409145902617252,-0.08707653255014933,-0.07750955466773836,-0.0004986361906219317,-0.0006564681704156472,-0.00015783197979371555,0.0007879175334437423,0.0016616530442627672,0.0008737355108190249,0.004422677106597368,0.007557530492650798,363,4,0.066475798669865,0.21986719681496694,6,6,0.0031348533860534305
61,regenerated_shortfalls_and_labels,total,family_month_minus_pooled,0.07619599556709736,0.0900369525797199,0.013840957012622543,0.07709128257252496,0.09023062491831517,-0.0008952870054275974,-0.00019367233859526878,0.0007016146668323286,-0.00034876650440141205,0.003634353043791402,0.003983119548192814,-0.001957668879155929,0.016529764769093565,363,4,0.066475798669865,0.21986719681496694,6,6,0.018487433648249493
61,regenerated_shortfalls_and_labels,young_relative,pooled,-0.16302713404283437,-0.16607893883637737,-0.0030518047935430004,-0.16416781512267428,-0.16774017958605353,0.001140681079839917,0.0016612407496761628,0.0005205596698362458,-0.007915802788313398,-0.014907476206259054,-0.006991673417945656,-0.20750767833248854,-0.2796389188139676,363,4,-0.0017392454438328495,0.05330973338577522,5,5,-0.07213124048147904
61,regenerated_shortfalls_and_labels,young_relative,family_month,-0.08095036094304571,-0.07462018077296216,0.006330180170083549,-0.08707653255014933,-0.07750955466773836,0.006126171607103617,0.002889373894776198,-0.003236797712327419,-0.013489387901370265,-0.016100748129590822,-0.002611360228220557,-0.35361562691686416,-0.30202267216528655,363,4,-0.0017392454438328495,0.05330973338577522,6,6,0.0515929547515776
61,regenerated_shortfalls_and_labels,young_relative,family_month_minus_pooled,0.08207677309978866,0.0914587580634152,0.00938198496362655,0.07709128257252496,0.09023062491831517,0.0049854905272637,0.0012281331451000355,-0.0037573573821636647,-0.005573585113056867,-0.001193271923331768,0.004380313189725099,-0.1461079485843756,-0.022383753351318987,363,4,-0.0017392454438328495,0.05330973338577522,6,6,0.12372419523305661
62,fixed_shortfalls_fixed_labels,total,pooled,-0.16377116430786862,-0.21572185709151734,-0.05195069278364872,-0.16416781512267428,-0.2121048828895414,0.0003966508148056658,-0.003616974201975931,-0.004013625016781597,0.0011366840378451543,-0.010112838535889327,-0.011249522573734481,0.006380345985753297,-0.05676459474116629,363,2,0.06170076814319721,0.17815398105106858,5,5,-0.06314494072691959
62,fixed_shortfalls_fixed_labels,total,family_month,-0.08757516874077126,-0.15534395784267208,-0.06776878910190082,-0.08707653255014933,-0.1625866452309479,-0.0004986361906219317,0.007242687388275826,0.0077413235788977575,0.0007879175334437423,-0.010814645468713935,-0.011602563002157677,0.004422677106597368,-0.06070392255570125,363,2,0.06170076814319721,0.17815398105106858,6,6,-0.06512659966229861
62,fixed_shortfalls_fixed_labels,total,family_month_minus_pooled,0.07619599556709736,0.06037789924884526,-0.015818096318252095,0.07709128257252496,0.049518237658593506,-0.0008952870054275974,0.010859661590251757,0.011754948595679354,-0.00034876650440141205,-0.0007018069328246085,-0.00035304042842319644,-0.001957668879155929,-0.003939327814534959,363,2,0.06170076814319721,0.17815398105106858,6,6,-0.0019816589353790297
62,fixed_shortfalls_fixed_labels,young_relative,pooled,-0.16302713404283437,-0.21018692432438296,-0.0471597902815486,-0.16416781512267428,-0.2121048828895414,0.001140681079839917,0.0019179585651584452,0.0007772774853185282,-0.007915802788313398,-0.014104801472254553,-0.006188998683941155,-0.20750767833248854,-0.36974829781880236,363,2,-0.0004626710527536109,0.03814703557923262,5,5,-0.16224061948631383
62,fixed_shortfalls_fixed_labels,young_relative,family_month,-0.08095036094304571,-0.154643422133243,-0.07369306119019729,-0.08707653255014933,-0.1625866452309479,0.006126171607103617,0.007943223097704899,0.001817051490601282,-0.013489387901370265,-0.01838629896918293,-0.0048969110678126655,-0.35361562691686416,-0.48198500066916067,363,2,-0.0004626710527536109,0.03814703557923262,6,6,-0.1283693737522965
62,fixed_shortfalls_fixed_labels,young_relative,family_month_minus_pooled,0.08207677309978866,0.05554350219113996,-0.026533270908648696,0.07709128257252496,0.049518237658593506,0.0049854905272637,0.006025264532546454,0.0010397740052827537,-0.005573585113056867,-0.004281497496928377,0.0012920876161284893,-0.1461079485843756,-0.11223670285035829,363,2,-0.0004626710527536109,0.03814703557923262,6,6,0.0338712457340173
62,regenerated_shortfalls_fixed_labels,total,pooled,-0.16377116430786862,-0.21151337864970254,-0.04774221434183393,-0.16416781512267428,-0.2121048828895414,0.0003966508148056658,0.0005915042398388637,0.0001948534250331979,0.0011366840378451543,-0.008506158526622076,-0.00964284256446723,0.006380345985753297,-0.03902892515366907,363,2,0.06805265987148472,0.21794498549808053,5,5,-0.045409271139422364
62,regenerated_shortfalls_fixed_labels,total,family_month,-0.08757516874077126,-0.15754844755086195,-0.06997327881009069,-0.08707653255014933,-0.1625866452309479,-0.0004986361906219317,0.005038197680085954,0.005536833870707886,0.0007879175334437423,-0.011116436099060866,-0.011904353632504607,0.004422677106597368,-0.0510056979455431,363,2,0.06805265987148472,0.21794498549808053,6,6,-0.05542837505214047
62,regenerated_shortfalls_fixed_labels,total,family_month_minus_pooled,0.07619599556709736,0.053964931098840596,-0.02223106446825676,0.07709128257252496,0.049518237658593506,-0.0008952870054275974,0.00444669344024709,0.005341980445674688,-0.00034876650440141205,-0.00261027757243879,-0.002261511068037378,-0.001957668879155929,-0.011976772791874027,363,2,0.06805265987148472,0.21794498549808053,6,6,-0.010019103912718097
62,regenerated_shortfalls_fixed_labels,young_relative,pooled,-0.16302713404283437,-0.1989315303104143,-0.035904396267579936,-0.16416781512267428,-0.2121048828895414,0.001140681079839917,0.013173352579127107,0.01203267149928719,-0.007915802788313398,-0.032893144856128854,-0.024977342067815454,-0.20750767833248854,-0.6680787044400064,363,2,0.0021270165121333585,0.04923543384562809,5,5,-0.4605710261075179
62,regenerated_shortfalls_fixed_labels,young_relative,family_month,-0.08095036094304571,-0.13789342034034066,-0.05694305939729495,-0.08707653255014933,-0.1625866452309479,0.006126171607103617,0.02469322489060724,0.018567053283503623,-0.013489387901370265,-0.03446951772081091,-0.020980129819440644,-0.35361562691686416,-0.7000957446396436,363,2,0.0021270165121333585,0.04923543384562809,6,6,-0.3464801177227795
62,regenerated_shortfalls_fixed_labels,young_relative,family_month_minus_pooled,0.08207677309978866,0.06103810997007364,-0.021038663129715016,0.07709128257252496,0.049518237658593506,0.0049854905272637,0.011519872311480134,0.006534381784216434,-0.005573585113056867,-0.0015763728646820546,0.003997212248374812,-0.1461079485843756,-0.03201704019963724,363,2,0.0021270165121333585,0.04923543384562809,6,6,0.11409090838473834
62,regenerated_shortfalls_and_labels,total,pooled,-0.16377116430786862,-0.21151423297304447,-0.04774306866517586,-0.16416781512267428,-0.2120968487365721,0.0003966508148056658,0.0005826157635276386,0.00018596494872197278,0.0011366840378451543,-0.008343520781651119,-0.009480204819496274,0.006380345985753297,-0.038282692132527184,363,2,0.06805265987148472,0.21794498549808053,5,5,-0.04466303811828048
62,regenerated_shortfalls_and_labels,total,family_month,-0.08757516874077126,-0.1544434195944626,-0.06686825085369133,-0.08707653255014933,-0.1595738604340669,-0.0004986361906219317,0.005130440839604317,0.005629077030226248,0.0007879175334437423,-0.011034900934881086,-0.01182281846832483,0.004422677106597368,-0.05063158902079108,363,2,0.06805265987148472,0.21794498549808053,6,6,-0.05505426612738845
62,regenerated_shortfalls_and_labels,total,family_month_minus_pooled,0.07619599556709736,0.057070813378581886,-0.01912518218851547,0.07709128257252496,0.05252298830250521,-0.0008952870054275974,0.004547825076076678,0.0054431120815042755,-0.00034876650440141205,-0.002691380153229967,-0.002342613648828555,-0.001957668879155929,-0.012348896888263898,363,2,0.06805265987148472,0.21794498549808053,6,6,-0.010391228009107968
62,regenerated_shortfalls_and_labels,young_relative,pooled,-0.16302713404283437,-0.19892849389505082,-0.03590135985221646,-0.16416781512267428,-0.2120968487365721,0.001140681079839917,0.01316835484152129,0.012027673761681373,-0.007915802788313398,-0.03287041390549865,-0.02495461111718525,-0.20750767833248854,-0.6676170257493813,363,2,0.0021270165121333585,0.04923543384562809,5,5,-0.4601093474168928
62,regenerated_shortfalls_and_labels,young_relative,family_month,-0.08095036094304571,-0.1346223211456519,-0.053671960202606186,-0.08707653255014933,-0.1595738604340669,0.006126171607103617,0.02495153928841501,0.018825367681311392,-0.013489387901370265,-0.03438748556415196,-0.02089809766278169,-0.35361562691686416,-0.6984296243223909,363,2,0.0021270165121333585,0.04923543384562809,6,6,-0.3448139974055267
62,regenerated_shortfalls_and_labels,young_relative,family_month_minus_pooled,0.08207677309978866,0.06430617274939893,-0.01777060035038973,0.07709128257252496,0.05252298830250521,0.0049854905272637,0.011783184446893719,0.0067976939196300185,-0.005573585113056867,-0.0015170716586533073,0.004056513454403559,-0.1461079485843756,-0.03081259857300957,363,2,0.0021270165121333585,0.04923543384562809,6,6,0.11529535001136602
63,fixed_shortfalls_fixed_labels,total,pooled,-0.16377116430786862,-0.11945233393739955,0.04431883037046906,-0.16416781512267428,-0.12185165656982745,0.0003966508148056658,0.002399322632427897,0.0020026718176222313,0.0011366840378451543,0.007111932582801384,0.00597524854495623,0.006380345985753297,0.039920144028455465,363,2,0.06170076814319721,0.17815398105106858,5,5,0.03353979804270217
63,fixed_shortfalls_fixed_labels,total,family_month,-0.08757516874077126,-0.03531037319135071,0.05226479554942055,-0.08707653255014933,-0.029719254349631147,-0.0004986361906219317,-0.005591118841719565,-0.005092482651097633,0.0007879175334437423,0.008353308813717295,0.007565391280273553,0.004422677106597368,0.046888140048483025,363,2,0.06170076814319721,0.17815398105106858,7,7,0.042465462941885655
63,fixed_shortfalls_fixed_labels,total,family_month_minus_pooled,0.07619599556709736,0.08414196074604885,0.007945965178951492,0.07709128257252496,0.09213240222019631,-0.0008952870054275974,-0.007990441474147458,-0.007095154468719861,-0.00034876650440141205,0.0012413762309159112,0.0015901427353173232,-0.001957668879155929,0.006967996020027559,363,2,0.06170076814319721,0.17815398105106858,7,7,0.008925664899183488
63,fixed_shortfalls_fixed_labels,young_relative,pooled,-0.16302713404283437,-0.12190400255419369,0.04112313148864068,-0.16416781512267428,-0.12185165656982745,0.001140681079839917,-5.234598436623661e-05,-0.0011930270642061536,-0.007915802788313398,0.00032205258427466774,0.008237855372588067,-0.20750767833248854,0.008442401339568159,363,2,-0.0004626710527536109,0.03814703557923262,5,5,0.2159500796720567
63,fixed_shortfalls_fixed_labels,young_relative,family_month,-0.08095036094304571,-0.026543032652907732,0.054407328290137974,-0.08707653255014933,-0.029719254349631147,0.006126171607103617,0.003176221696723415,-0.002949949910380202,-0.013489387901370265,-0.0068025175537913905,0.006686870347578875,-0.35361562691686416,-0.17832362201939236,363,2,-0.0004626710527536109,0.03814703557923262,7,7,0.1752920048974718
63,fixed_shortfalls_fixed_labels,young_relative,family_month_minus_pooled,0.08207677309978866,0.09536096990128595,0.013284196801497297,0.07709128257252496,0.09213240222019631,0.0049854905272637,0.0032285676810896446,-0.0017569228461740555,-0.005573585113056867,-0.007124570138066058,-0.0015509850250091913,-0.1461079485843756,-0.1867660233589605,363,2,-0.0004626710527536109,0.03814703557923262,7,7,-0.04065807477458491
63,regenerated_shortfalls_fixed_labels,total,pooled,-0.16377116430786862,-0.12105609264573636,0.04271507166213226,-0.16416781512267428,-0.12185165656982745,0.0003966508148056658,0.0007955639240910944,0.00039891310928542867,0.0011366840378451543,0.0038197309111643154,0.002683046873319161,0.006380345985753297,0.01717101198209306,363,2,0.059728350588418196,0.22245228849340712,5,5,0.010790665996339762
63,regenerated_shortfalls_fixed_labels,total,family_month,-0.08757516874077126,-0.030596317902412695,0.05697885083835856,-0.08707653255014933,-0.029719254349631147,-0.0004986361906219317,-0.0008770635527815471,-0.0003784273621596154,0.0007879175334437423,0.001424449554030741,0.0006365320205869987,0.004422677106597368,0.006403393571170016,363,2,0.059728350588418196,0.22245228849340712,7,7,0.001980716464572648
63,regenerated_shortfalls_fixed_labels,total,family_month_minus_pooled,0.07619599556709736,0.09045977474332366,0.014263779176226302,0.07709128257252496,0.09213240222019631,-0.0008952870054275974,-0.0016726274768726485,-0.000777340471445051,-0.00034876650440141205,-0.0023952813571335744,-0.0020465148527321624,-0.001957668879155929,-0.010767618410923042,363,2,0.059728350588418196,0.22245228849340712,7,7,-0.008809949531767112
63,regenerated_shortfalls_fixed_labels,young_relative,pooled,-0.16302713404283437,-0.12225668033688006,0.04077045370595431,-0.16416781512267428,-0.12185165656982745,0.001140681079839917,-0.00040502376705260634,-0.0015457048468925233,-0.007915802788313398,0.0026677813486295702,0.01058358413694297,-0.20750767833248854,0.053636999419715135,363,2,-0.0029760408009872185,0.04973770676010233,5,5,0.2611446777522037
63,regenerated_shortfalls_fixed_labels,young_relative,family_month,-0.08095036094304571,-0.02979049233785925,0.05115986860518646,-0.08707653255014933,-0.029719254349631147,0.006126171607103617,-7.123798822810182e-05,-0.006197409595331719,-0.013489387901370265,0.0009665022549525197,0.014455890156322785,-0.35361562691686416,0.019431982652803177,363,2,-0.0029760408009872185,0.04973770676010233,7,7,0.3730476095696673
63,regenerated_shortfalls_fixed_labels,young_relative,family_month_minus_pooled,0.08207677309978866,0.09246618799902082,0.01038941489923216,0.07709128257252496,0.09213240222019631,0.0049854905272637,0.000333785778824508,-0.004651704748439192,-0.005573585113056867,-0.0017012790936770505,0.003872306019379816,-0.1461079485843756,-0.03420501676691196,363,2,-0.0029760408009872185,0.04973770676010233,7,7,0.11190293181746364
63,regenerated_shortfalls_and_labels,total,pooled,-0.16377116430786862,-0.12104132973068088,0.042729834577187736,-0.16416781512267428,-0.12185169843111589,0.0003966508148056658,0.0008103687004350074,0.00041371788562934164,0.0011366840378451543,0.0038940929234210398,0.0027574088855758854,0.006380345985753297,0.01750529495468171,363,2,0.059728350588418196,0.22245228849340712,5,5,0.011124948968928412
63,regenerated_shortfalls_and_labels,total,family_month,-0.08757516874077126,-0.027228380247860746,0.060346788492910516,-0.08707653255014933,-0.026426212048889577,-0.0004986361906219317,-0.0008021681989711683,-0.0003035320083492367,0.0007879175334437423,0.001286496856955104,0.0004985793235113617,0.004422677106597368,0.005783248469449808,363,2,0.059728350588418196,0.22245228849340712,7,7,0.0013605713628524405
63,regenerated_shortfalls_and_labels,total,family_month_minus_pooled,0.07619599556709736,0.09381294948282014,0.01761695391572278,0.07709128257252496,0.09542548638222631,-0.0008952870054275974,-0.0016125368994061723,-0.0007172498939785749,-0.00034876650440141205,-0.002607596066465936,-0.002258829562064524,-0.001957668879155929,-0.011722046485231901,363,2,0.059728350588418196,0.22245228849340712,7,7,-0.009764377606075972
63,regenerated_shortfalls_and_labels,young_relative,pooled,-0.16302713404283437,-0.12227222985039678,0.04075490419243759,-0.16416781512267428,-0.12185169843111589,0.001140681079839917,-0.00042053141928088955,-0.0015612124991208065,-0.007915802788313398,0.002772235100429343,0.010688037888742742,-0.20750767833248854,0.05573709125353409,363,2,-0.0029760408009872185,0.04973770676010233,5,5,0.2632447695860226
63,regenerated_shortfalls_and_labels,young_relative,family_month,-0.08095036094304571,-0.026492868165752907,0.0544574927772928,-0.08707653255014933,-0.026426212048889577,0.006126171607103617,-6.665611686332978e-05,-0.006192827723966947,-0.013489387901370265,0.0011024939415095385,0.014591881842879803,-0.35361562691686416,0.022166159506049374,363,2,-0.0029760408009872185,0.04973770676010233,7,7,0.37578178642291354
63,regenerated_shortfalls_and_labels,young_relative,family_month_minus_pooled,0.08207677309978866,0.09577936168464388,0.013702588584855221,0.07709128257252496,0.09542548638222631,0.0049854905272637,0.0003538753024175667,-0.004631615224846133,-0.005573585113056867,-0.0016697411589198044,0.0039038439541370625,-0.1461079485843756,-0.03357093174748472,363,2,-0.0029760408009872185,0.04973770676010233,7,7,0.11253701683689088
64,fixed_shortfalls_fixed_labels,total,pooled,-0.16377116430786862,-0.180868225039386,-0.01709706073151737,-0.16416781512267428,-0.1802537787508076,0.0003966508148056658,-0.0006144462885784019,-0.0010110971033840677,0.0011366840378451543,-0.0016967956865138593,-0.0028334797243590136,0.006380345985753297,-0.009524320907695382,363,5,0.06170076814319721,0.17815398105106858,5,5,-0.015904666893448677
64,fixed_shortfalls_fixed_labels,total,family_month,-0.08757516874077126,-0.14857058072640963,-0.060995411985638376,-0.08707653255014933,-0.14834698686526107,-0.0004986361906219317,-0.00022359386114856328,0.0002750423294733684,0.0007879175334437423,0.00035654724420502374,-0.0004313702892387185,0.004422677106597368,0.002001343119595054,363,5,0.06170076814319721,0.17815398105106858,7,7,-0.002421333987002314
64,fixed_shortfalls_fixed_labels,total,family_month_minus_pooled,0.07619599556709736,0.032297644312976354,-0.043898351254121004,0.07709128257252496,0.031906791885546515,-0.0008952870054275974,0.0003908524274298386,0.001286139432857436,-0.00034876650440141205,0.002053342930718883,0.002402109435120295,-0.001957668879155929,0.011525664027290435,363,5,0.06170076814319721,0.17815398105106858,7,7,0.013483332906446365
64,fixed_shortfalls_fixed_labels,young_relative,pooled,-0.16302713404283437,-0.17855068325559478,-0.015523549212760418,-0.16416781512267428,-0.1802537787508076,0.001140681079839917,0.001703095495212803,0.0005624144153728861,-0.007915802788313398,-0.013147765727312306,-0.005231962938998908,-0.20750767833248854,-0.34466022136907526,363,5,-0.0004626710527536109,0.03814703557923262,5,5,-0.13715254303658672
64,fixed_shortfalls_fixed_labels,young_relative,family_month,-0.08095036094304571,-0.1402854441929456,-0.0593350832498999,-0.08707653255014933,-0.14834698686526107,0.006126171607103617,0.008061542672315458,0.001935371065211841,-0.013489387901370265,-0.019952663376786837,-0.006463275475416572,-0.35361562691686416,-0.5230462360658278,363,5,-0.0004626710527536109,0.03814703557923262,7,7,-0.16943060914896363
64,fixed_shortfalls_fixed_labels,young_relative,family_month_minus_pooled,0.08207677309978866,0.03826523906264917,-0.043811534037139485,0.07709128257252496,0.031906791885546515,0.0049854905272637,0.006358447177102655,0.001372956649838955,-0.005573585113056867,-0.0068048976494745304,-0.0012313125364176638,-0.1461079485843756,-0.17838601469675247,363,5,-0.0004626710527536109,0.03814703557923262,7,7,-0.03227806611237688
64,regenerated_shortfalls_fixed_labels,total,pooled,-0.16377116430786862,-0.17846646387615808,-0.014695299568289466,-0.16416781512267428,-0.1802537787508076,0.0003966508148056658,0.0017873148746495038,0.001390664059843838,0.0011366840378451543,0.009178094669897137,0.008041410632051983,0.006380345985753297,0.04400412242881631,363,5,0.05984361640783215,0.20857351910026545,5,5,0.037623776443063014
64,regenerated_shortfalls_fixed_labels,total,family_month,-0.08757516874077126,-0.1590358971888595,-0.07146072844808823,-0.08707653255014933,-0.14834698686526107,-0.0004986361906219317,-0.010688910323598422,-0.01019027413297649,0.0007879175334437423,0.013713034467691001,0.01292511693424726,0.004422677106597368,0.06574676654469676,363,5,0.05984361640783215,0.20857351910026545,7,7,0.06132408943809939
64,regenerated_shortfalls_fixed_labels,total,family_month_minus_pooled,0.07619599556709736,0.01943056668729859,-0.05676542887979877,0.07709128257252496,0.031906791885546515,-0.0008952870054275974,-0.012476225198247926,-0.011580938192820328,-0.00034876650440141205,0.004534939797793864,0.0048837063021952756,-0.001957668879155929,0.021742644115880443,363,5,0.05984361640783215,0.20857351910026545,7,7,0.02370031299503637
64,regenerated_shortfalls_fixed_labels,young_relative,pooled,-0.16302713404283437,-0.1791097879139493,-0.016082653871114932,-0.16416781512267428,-0.1802537787508076,0.001140681079839917,0.0011439908368582885,3.3097570183715508e-06,-0.007915802788313398,-0.010391724307946989,-0.0024759215196335903,-0.20750767833248854,-0.20760582952386303,363,5,0.00021066852373241785,0.05005506989750749,5,5,-9.815119137449035e-05
64,regenerated_shortfalls_fixed_labels,young_relative,family_month,-0.08095036094304571,-0.14346651670261165,-0.06251615575956594,-0.08707653255014933,-0.14834698686526107,0.006126171607103617,0.00488047016264942,-0.0012457014444541975,-0.013489387901370265,-0.013189766656783227,0.00029962124458703804,-0.35361562691686416,-0.26350510914859426,363,5,0.00021066852373241785,0.05005506989750749,7,7,0.0901105177682699
64,regenerated_shortfalls_fixed_labels,young_relative,family_month_minus_pooled,0.08207677309978866,0.035643271211337646,-0.04643350188845101,0.07709128257252496,0.031906791885546515,0.0049854905272637,0.003736479325791131,-0.001249011201472569,-0.005573585113056867,-0.0027980423488362383,0.0027755427642206284,-0.1461079485843756,-0.055899279624731235,363,5,0.00021066852373241785,0.05005506989750749,7,7,0.09020866895964436
64,regenerated_shortfalls_and_labels,total,pooled,-0.16377116430786862,-0.18494255384465272,-0.021171389536784102,-0.16416781512267428,-0.18674747652514678,0.0003966508148056658,0.0018049226804940643,0.0014082718656883986,0.0011366840378451543,0.008752460890131932,0.007615776852286777,0.006380345985753297,0.04196343297983312,363,5,0.05984361640783215,0.20857351910026545,5,5,0.035583086994079825
64,regenerated_shortfalls_and_labels,total,family_month,-0.08757516874077126,-0.17237646516315247,-0.08480129642238121,-0.08707653255014933,-0.1622464129261345,-0.0004986361906219317,-0.010130052237017961,-0.00963141604639603,0.0007879175334437423,0.013144518218106525,0.012356600684662784,0.004422677106597368,0.06302103102449785,363,5,0.05984361640783215,0.20857351910026545,7,7,0.058598353917900484
64,regenerated_shortfalls_and_labels,total,family_month_minus_pooled,0.07619599556709736,0.012566088681500248,-0.06362990688559711,0.07709128257252496,0.024501063599012274,-0.0008952870054275974,-0.011934974917512026,-0.011039687912084428,-0.00034876650440141205,0.004392057327974593,0.004740823832376005,-0.001957668879155929,0.021057598044664737,363,5,0.05984361640783215,0.20857351910026545,7,7,0.023015266923820665
64,regenerated_shortfalls_and_labels,young_relative,pooled,-0.16302713404283437,-0.18569834137008806,-0.022671207327253695,-0.16416781512267428,-0.18674747652514678,0.001140681079839917,0.0010491351550587225,-9.15459247811945e-05,-0.007915802788313398,-0.009922901836816383,-0.0020070990485029847,-0.20750767833248854,-0.19823969594157928,363,5,0.00021066852373241785,0.05005506989750749,5,5,0.009267982390909257
64,regenerated_shortfalls_and_labels,young_relative,family_month,-0.08095036094304571,-0.15800923494685654,-0.07705887400381083,-0.08707653255014933,-0.1622464129261345,0.006126171607103617,0.004237177979277973,-0.0018889936278256442,-0.013489387901370265,-0.012469690073221646,0.001019697828148619,-0.35361562691686416,-0.24911942184387156,363,5,0.00021066852373241785,0.05005506989750749,7,7,0.10449620507299259
64,regenerated_shortfalls_and_labels,young_relative,family_month_minus_pooled,0.08207677309978866,0.027689106423231524,-0.05438766667655713,0.07709128257252496,0.024501063599012274,0.0049854905272637,0.0031880428242192504,-0.0017974477030444497,-0.005573585113056867,-0.002546788236405263,0.0030267968766516037,-0.1461079485843756,-0.05087972590229229,363,5,0.00021066852373241785,0.05005506989750749,7,7,0.09522822268208331
65,fixed_shortfalls_fixed_labels,total,pooled,-0.16377116430786862,-0.2234268329208377,-0.05965566861296909,-0.16416781512267428,-0.225515348219132,0.0003966508148056658,0.002088515298294291,0.0016918644834886254,0.0011366840378451543,0.006271885722249372,0.005135201684404218,0.006380345985753297,0.03520485865792418,363,4,0.06170076814319721,0.17815398105106858,5,5,0.02882451267217088
65,fixed_shortfalls_fixed_labels,total,family_month,-0.08757516874077126,-0.18616298821692687,-0.09858781947615561,-0.08707653255014933,-0.18200398907036897,-0.0004986361906219317,-0.004158999146557901,-0.0036603629559359696,0.0007879175334437423,0.006510932882346506,0.005723015348902764,0.004422677106597368,0.03654665949047819,363,4,0.06170076814319721,0.17815398105106858,7,7,0.03212398238388082
65,fixed_shortfalls_fixed_labels,total,family_month_minus_pooled,0.07619599556709736,0.03726384470391084,-0.03893215086318652,0.07709128257252496,0.04351135914876303,-0.0008952870054275974,-0.006247514444852192,-0.005352227439424595,-0.00034876650440141205,0.00023904716009713438,0.0005878136644985464,-0.001957668879155929,0.0013418008325540058,363,4,0.06170076814319721,0.17815398105106858,7,7,0.003299469711709935
65,fixed_shortfalls_fixed_labels,young_relative,pooled,-0.16302713404283437,-0.22488216179779716,-0.061855027754962794,-0.16416781512267428,-0.225515348219132,0.001140681079839917,0.0006331864213348359,-0.000507494658505081,-0.007915802788313398,-0.004177387452999079,0.00373841533531432,-0.20750767833248854,-0.10950752501652482,363,4,-0.0004626710527536109,0.03814703557923262,5,5,0.09800015331596372
65,fixed_shortfalls_fixed_labels,young_relative,family_month,-0.08095036094304571,-0.1778116041985532,-0.0968612432555075,-0.08707653255014933,-0.18200398907036897,0.006126171607103617,0.004192384871815752,-0.0019337867352878652,-0.013489387901370265,-0.009318556491418793,0.004170831409951472,-0.35361562691686416,-0.24427996435172142,363,4,-0.0004626710527536109,0.03814703557923262,7,7,0.10933566256514274
65,fixed_shortfalls_fixed_labels,young_relative,family_month_minus_pooled,0.08207677309978866,0.047070557599243945,-0.03500621550054471,0.07709128257252496,0.04351135914876303,0.0049854905272637,0.003559198450480916,-0.0014262920767827841,-0.005573585113056867,-0.005141169038419715,0.00043241607463715206,-0.1461079485843756,-0.1347724393351966,363,4,-0.0004626710527536109,0.03814703557923262,7,7,0.011335509249179004
65,regenerated_shortfalls_fixed_labels,total,pooled,-0.16377116430786862,-0.22426845833963144,-0.06049729403176282,-0.16416781512267428,-0.225515348219132,0.0003966508148056658,0.0012468898795005567,0.000850239064694891,0.0011366840378451543,0.008458547705341107,0.007321863667495952,0.006380345985753297,0.038496558585131464,363,4,0.06351984500330639,0.21972217819511933,5,5,0.03211621259937817
65,regenerated_shortfalls_fixed_labels,total,family_month,-0.08757516874077126,-0.18548825352580528,-0.09791308478503402,-0.08707653255014933,-0.18200398907036897,-0.0004986361906219317,-0.0034842644554363145,-0.002985628264814383,0.0007879175334437423,0.009118938800106427,0.008331021266662686,0.004422677106597368,0.04150213180577775,363,4,0.06351984500330639,0.21972217819511933,7,7,0.03707945469918038
65,regenerated_shortfalls_fixed_labels,total,family_month_minus_pooled,0.07619599556709736,0.03878020481382616,-0.0374157907532712,0.07709128257252496,0.04351135914876303,-0.0008952870054275974,-0.004731154334936871,-0.0038358673295092738,-0.00034876650440141205,0.0006603910947653203,0.0010091575991667324,-0.001957668879155929,0.0030055732206462787,363,4,0.06351984500330639,0.21972217819511933,7,7,0.004963242099802208
65,regenerated_shortfalls_fixed_labels,young_relative,pooled,-0.16302713404283437,-0.22583326310509483,-0.06280612906226046,-0.16416781512267428,-0.225515348219132,0.001140681079839917,-0.00031791488596283335,-0.0014585959658027503,-0.007915802788313398,0.0015490885200061188,0.009464891308319517,-0.20750767833248854,0.03287967899400226,363,4,-0.002267180932922156,0.04711385778093197,5,5,0.2403873573264908
65,regenerated_shortfalls_fixed_labels,young_relative,family_month,-0.08095036094304571,-0.1819254987492248,-0.1009751378061791,-0.08707653255014933,-0.18200398907036897,0.006126171607103617,7.849032114415344e-05,-0.006047681285959464,-0.013489387901370265,-0.0001637339152306097,0.013325653986139656,-0.35361562691686416,-0.0034752814340089228,363,4,-0.002267180932922156,0.04711385778093197,7,7,0.3501403454828552
65,regenerated_shortfalls_fixed_labels,young_relative,family_month_minus_pooled,0.08207677309978866,0.043907764355870016,-0.03816900874391864,0.07709128257252496,0.04351135914876303,0.0049854905272637,0.0003964052071069868,-0.004589085320156713,-0.005573585113056867,-0.0017128224352367285,0.003860762677820138,-0.1461079485843756,-0.03635496042801119,363,4,-0.002267180932922156,0.04711385778093197,7,7,0.1097529881563644
65,regenerated_shortfalls_and_labels,total,pooled,-0.16377116430786862,-0.22272793626731902,-0.0589567719594504,-0.16416781512267428,-0.22393497238230167,0.0003966508148056658,0.001207036114982657,0.0008103853001769912,0.0011366840378451543,0.0086676266673752,0.007530942629530045,0.006380345985753297,0.03944811915926898,363,4,0.06351984500330639,0.21972217819511933,5,5,0.03306777317351568
65,regenerated_shortfalls_and_labels,total,family_month,-0.08757516874077126,-0.18014707670263452,-0.09257190796186326,-0.08707653255014933,-0.1763788999991483,-0.0004986361906219317,-0.0037681767034862257,-0.003269540512864294,0.0007879175334437423,0.00925429078129369,0.008466373247849948,0.004422677106597368,0.04211814600288381,363,4,0.06351984500330639,0.21972217819511933,7,7,0.037695468896286444
65,regenerated_shortfalls_and_labels,total,family_month_minus_pooled,0.07619599556709736,0.04258085956468449,-0.033615136002412865,0.07709128257252496,0.047556072383153375,-0.0008952870054275974,-0.004975212818468883,-0.004079925813041285,-0.00034876650440141205,0.0005866641139184899,0.0009354306183199019,-0.001957668879155929,0.0026700268436148306,363,4,0.06351984500330639,0.21972217819511933,7,7,0.004627695722770759
65,regenerated_shortfalls_and_labels,young_relative,pooled,-0.16302713404283437,-0.22424066581399443,-0.06121353177116007,-0.16416781512267428,-0.22393497238230167,0.001140681079839917,-0.00030569343169276064,-0.0014463745115326776,-0.007915802788313398,0.0015047290107412196,0.009420531799054619,-0.20750767833248854,0.031938140530496255,363,4,-0.002267180932922156,0.04711385778093197,5,5,0.2394458188629848
65,regenerated_shortfalls_and_labels,young_relative,family_month,-0.08095036094304571,-0.1762684779616641,-0.09531811701861838,-0.08707653255014933,-0.1763788999991483,0.006126171607103617,0.00011042203748420909,-0.006015749569619408,-0.013489387901370265,-0.00023253785211141742,0.013256850049258848,-0.35361562691686416,-0.004935657215604423,363,4,-0.002267180932922156,0.04711385778093197,7,7,0.34867996970125975
65,regenerated_shortfalls_and_labels,young_relative,family_month_minus_pooled,0.08207677309978866,0.047972187852330345,-0.03410458524745831,0.07709128257252496,0.047556072383153375,0.0049854905272637,0.00041611546917696973,-0.00456937505808673,-0.005573585113056867,-0.001737266862852637,0.0038363182502042298,-0.1461079485843756,-0.036873797746100674,363,4,-0.002267180932922156,0.04711385778093197,7,7,0.10923415083827492
66,fixed_shortfalls_fixed_labels,total,pooled,-0.16377116430786862,-0.12526790306061658,0.038503261247252035,-0.16416781512267428,-0.12309853487483859,0.0003966508148056658,-0.002169368185777995,-0.002566019000583661,0.0011366840378451543,-0.005900823009527201,-0.007037507047372356,0.006380345985753297,-0.033122038445134186,363,2,0.06170076814319721,0.17815398105106858,5,5,-0.03950238443088748
66,fixed_shortfalls_fixed_labels,total,family_month,-0.08757516874077126,-0.036280500683965176,0.05129466805680608,-0.08707653255014933,-0.04194320733916379,-0.0004986361906219317,0.005662706655198614,0.006161342845820546,0.0007879175334437423,-0.009296146656250994,-0.010084064189694736,0.004422677106597368,-0.05218040372382257,363,2,0.06170076814319721,0.17815398105106858,6,6,-0.05660308083041994
66,fixed_shortfalls_fixed_labels,total,family_month_minus_pooled,0.07619599556709736,0.0889874023766514,0.01279140680955404,0.07709128257252496,0.0811553275356748,-0.0008952870054275974,0.007832074840976602,0.0087273618464042,-0.00034876650440141205,-0.003395323646723793,-0.003046557142322381,-0.001957668879155929,-0.01905836527868838,363,2,0.06170076814319721,0.17815398105106858,6,6,-0.01710069639953245
66,fixed_shortfalls_fixed_labels,young_relative,pooled,-0.16302713404283437,-0.12114380698611443,0.04188332705671993,-0.16416781512267428,-0.12309853487483859,0.001140681079839917,0.001954727888724153,0.0008140468088842362,-0.007915802788313398,-0.013768977964443627,-0.005853175176130229,-0.20750767833248854,-0.3609449005767438,363,2,-0.0004626710527536109,0.03814703557923262,5,5,-0.15343722224425524
66,fixed_shortfalls_fixed_labels,young_relative,family_month,-0.08095036094304571,-0.032336139349580136,0.048614221593465574,-0.08707653255014933,-0.04194320733916379,0.006126171607103617,0.009607067989583655,0.003480896382480038,-0.013489387901370265,-0.021044918529054678,-0.007555530627684413,-0.35361562691686416,-0.5516790023000268,363,2,-0.0004626710527536109,0.03814703557923262,6,6,-0.1980633753831626
66,fixed_shortfalls_fixed_labels,young_relative,family_month_minus_pooled,0.08207677309978866,0.0888076676365343,0.006730894536745649,0.07709128257252496,0.0811553275356748,0.0049854905272637,0.007652340100859509,0.0026668495735958087,-0.005573585113056867,-0.0072759405646110505,-0.0017023554515541838,-0.1461079485843756,-0.19073410172328298,363,2,-0.0004626710527536109,0.03814703557923262,6,6,-0.04462615313890739
66,regenerated_shortfalls_fixed_labels,total,pooled,-0.16377116430786862,-0.12607870141006317,0.03769246289780545,-0.16416781512267428,-0.12309853487483859,0.0003966508148056658,-0.0029801665352245793,-0.003376817350030245,0.0011366840378451543,-0.006460048511656982,-0.007596732549502137,0.006380345985753297,-0.028968716925334884,363,2,0.05921286773991021,0.223000850479756,5,5,-0.03534906291108818
66,regenerated_shortfalls_fixed_labels,total,family_month,-0.08757516874077126,-0.03776798305478657,0.04980718568598469,-0.08707653255014933,-0.04194320733916379,-0.0004986361906219317,0.004175224284377221,0.004673860474999153,0.0007879175334437423,-0.008981096496571566,-0.00976901403001531,0.004422677106597368,-0.04027382172422194,363,2,0.05921286773991021,0.223000850479756,6,6,-0.04469649883081931
66,regenerated_shortfalls_fixed_labels,total,family_month_minus_pooled,0.07619599556709736,0.0883107183552766,0.012114722788179239,0.07709128257252496,0.0811553275356748,-0.0008952870054275974,0.007155390819601801,0.008050677825029398,-0.00034876650440141205,-0.002521047984914584,-0.002172281480513172,-0.001957668879155929,-0.011305104798887054,363,2,0.05921286773991021,0.223000850479756,6,6,-0.009347435919731124
66,regenerated_shortfalls_fixed_labels,young_relative,pooled,-0.16302713404283437,-0.12078594922911035,0.04224118481372402,-0.16416781512267428,-0.12309853487483859,0.001140681079839917,0.0023125856457282407,0.0011719045658883237,-0.007915802788313398,-0.014818691993585618,-0.00690288920527222,-0.20750767833248854,-0.29549898946051617,363,2,0.0014635366723847504,0.05014802934060678,5,5,-0.08799131112802763
66,regenerated_shortfalls_fixed_labels,young_relative,family_month,-0.08095036094304571,-0.03250857933031124,0.04844178161273447,-0.08707653255014933,-0.04194320733916379,0.006126171607103617,0.009434628008852551,0.003308456401748934,-0.013489387901370265,-0.020338990856554568,-0.006849602955184303,-0.35361562691686416,-0.40557906509967895,363,2,0.0014635366723847504,0.05014802934060678,6,6,-0.05196343818281479
66,regenerated_shortfalls_fixed_labels,young_relative,family_month_minus_pooled,0.08207677309978866,0.08827736989879911,0.006200596799010458,0.07709128257252496,0.0811553275356748,0.0049854905272637,0.007122042363124317,0.0021365518358606173,-0.005573585113056867,-0.00552029886296895,5.3286250087917e-05,-0.1461079485843756,-0.11008007563916279,363,2,0.0014635366723847504,0.05014802934060678,6,6,0.0360278729452128
66,regenerated_shortfalls_and_labels,total,pooled,-0.16377116430786862,-0.12607792432996265,0.03769323997790597,-0.16416781512267428,-0.12310067941062053,0.0003966508148056658,-0.00297724491934212,-0.003373895734147786,0.0011366840378451543,-0.006454244475030539,-0.0075909285128756936,0.006380345985753297,-0.028942689954523086,363,2,0.05921286773991021,0.223000850479756,5,5,-0.03532303594027638
66,regenerated_shortfalls_and_labels,total,family_month,-0.08757516874077126,-0.03817066844153318,0.049404500299238076,-0.08707653255014933,-0.042385933882334616,-0.0004986361906219317,0.004215265440801433,0.0047139016314233645,0.0007879175334437423,-0.00900548181196942,-0.009793399345413161,0.004422677106597368,-0.04038317249730371,363,2,0.05921286773991021,0.223000850479756,6,6,-0.04480584960390108
66,regenerated_shortfalls_and_labels,total,family_month_minus_pooled,0.07619599556709736,0.08790725588842946,0.011711260321332101,0.07709128257252496,0.08071474552828592,-0.0008952870054275974,0.007192510360143539,0.008087797365571137,-0.00034876650440141205,-0.002551237336938881,-0.002202470832537469,-0.001957668879155929,-0.011440482542780624,363,2,0.05921286773991021,0.223000850479756,6,6,-0.009482813663624695
66,regenerated_shortfalls_and_labels,young_relative,pooled,-0.16302713404283437,-0.12078806984129625,0.04223906420153811,-0.16416781512267428,-0.12310067941062053,0.001140681079839917,0.0023126095693242754,0.0011719284894843585,-0.007915802788313398,-0.014821085818196918,-0.006905283029883519,-0.20750767833248854,-0.29554672462863296,363,2,0.0014635366723847504,0.05014802934060678,5,5,-0.08803904629614442
66,regenerated_shortfalls_and_labels,young_relative,family_month,-0.08095036094304571,-0.03301760623189653,0.04793275471114918,-0.08707653255014933,-0.042385933882334616,0.006126171607103617,0.009368327650438088,0.003242156043334471,-0.013489387901370265,-0.020319198044179344,-0.006829810142809079,-0.35361562691686416,-0.405184377359493,363,2,0.0014635366723847504,0.05014802934060678,6,6,-0.05156875044262882
66,regenerated_shortfalls_and_labels,young_relative,family_month_minus_pooled,0.08207677309978866,0.08777046360939972,0.005693690509611063,0.07709128257252496,0.08071474552828592,0.0049854905272637,0.007055718081113799,0.0020702275538500986,-0.005573585113056867,-0.005498112225982427,7.547288707443998e-05,-0.1461079485843756,-0.10963765273086004,363,2,0.0014635366723847504,0.05014802934060678,6,6,0.03647029585351555
67,fixed_shortfalls_fixed_labels,total,pooled,-0.16377116430786862,-0.20992147692878502,-0.0461503126209164,-0.16416781512267428,-0.20891699634672226,0.0003966508148056658,-0.0010044805820627611,-0.001401131396868427,0.0011366840378451543,-0.002953547118439147,-0.004090231156284301,0.006380345985753297,-0.0165786198041373,363,1,0.06170076814319721,0.17815398105106858,5,5,-0.0229589657898906
67,fixed_shortfalls_fixed_labels,total,family_month,-0.08757516874077126,-0.18583132873457142,-0.09825615999380016,-0.08707653255014933,-0.18686555720202563,-0.0004986361906219317,0.0010342284674542124,0.001532864658076144,0.0007879175334437423,-0.0015935257136214219,-0.002381443247065164,0.004422677106597368,-0.00894465396855,363,1,0.06170076814319721,0.17815398105106858,7,7,-0.013367331075147367
67,fixed_shortfalls_fixed_labels,total,family_month_minus_pooled,0.07619599556709736,0.024090148194213595,-0.05210584737288376,0.07709128257252496,0.022051439144696622,-0.0008952870054275974,0.0020387090495169735,0.002933996054944571,-0.00034876650440141205,0.001360021404817725,0.001708787909219137,-0.001957668879155929,0.007633965835587301,363,1,0.06170076814319721,0.17815398105106858,7,7,0.00959163471474323
67,fixed_shortfalls_fixed_labels,young_relative,pooled,-0.16302713404283437,-0.20766189863549314,-0.04463476459265878,-0.16416781512267428,-0.20891699634672226,0.001140681079839917,0.001255097711229114,0.000114416631389197,-0.007915802788313398,-0.007928737183691624,-1.2934395378225855e-05,-0.20750767833248854,-0.2078467451874047,363,1,-0.0004626710527536109,0.03814703557923262,5,5,-0.0003390668549161646
67,fixed_shortfalls_fixed_labels,young_relative,family_month,-0.08095036094304571,-0.18035221997622505,-0.09940185903317934,-0.08707653255014933,-0.18686555720202563,0.006126171607103617,0.006513337225800581,0.00038716561869696353,-0.013489387901370265,-0.014075961439996277,-0.0005865735386260118,-0.35361562691686416,-0.3689922749242219,363,1,-0.0004626710527536109,0.03814703557923262,7,7,-0.015376648007357718
67,fixed_shortfalls_fixed_labels,young_relative,family_month_minus_pooled,0.08207677309978866,0.02730967865926809,-0.05476709444052057,0.07709128257252496,0.022051439144696622,0.0049854905272637,0.005258239514571467,0.00027274898730776653,-0.005573585113056867,-0.006147224256304653,-0.000573639143247786,-0.1461079485843756,-0.16114552973681714,363,1,-0.0004626710527536109,0.03814703557923262,7,7,-0.015037581152441554
67,regenerated_shortfalls_fixed_labels,total,pooled,-0.16377116430786862,-0.20952849351523786,-0.045757329207369246,-0.16416781512267428,-0.20891699634672226,0.0003966508148056658,-0.0006114971685156068,-0.0010081479833212725,0.0011366840378451543,-0.0022764757486571367,-0.003413159786502291,0.006380345985753297,-0.010978999284949068,363,1,0.05010042401973927,0.20734820083082806,5,5,-0.017359345270702365
67,regenerated_shortfalls_fixed_labels,total,family_month,-0.08757516874077126,-0.18685347964841348,-0.09927831090764222,-0.08707653255014933,-0.18686555720202563,-0.0004986361906219317,1.2077553612155345e-05,0.000510713744234087,0.0007879175334437423,-1.8888917137715446e-05,-0.0008068064505814578,0.004422677106597368,-9.109756950882153e-05,363,1,0.05010042401973927,0.20734820083082806,7,7,-0.004513774676106189
67,regenerated_shortfalls_fixed_labels,total,family_month_minus_pooled,0.07619599556709736,0.022675013866824384,-0.053520981700272974,0.07709128257252496,0.022051439144696622,-0.0008952870054275974,0.0006235747221277621,0.0015188617275553595,-0.00034876650440141205,0.0022575868315194213,0.0026063533359208333,-0.001957668879155929,0.010887901715440245,363,1,0.05010042401973927,0.20734820083082806,7,7,0.012845570594596175
67,regenerated_shortfalls_fixed_labels,young_relative,pooled,-0.16302713404283437,-0.20517745316340086,-0.04215031912056649,-0.16416781512267428,-0.20891699634672226,0.001140681079839917,0.0037395431833213977,0.0025988621034814807,-0.007915802788313398,-0.033311854932941046,-0.025396052144627645,-0.20750767833248854,-0.7174954645397678,363,1,-0.00034206450290290286,0.046427965860813755,5,5,-0.5099877862072792
67,regenerated_shortfalls_fixed_labels,young_relative,family_month,-0.08095036094304571,-0.16394092781624434,-0.08299056687319863,-0.08707653255014933,-0.18686555720202563,0.006126171607103617,0.022924629385781298,0.01679845777867768,-0.013489387901370265,-0.03625462231937827,-0.022765234418008002,-0.35361562691686416,-0.7808789734201554,363,1,-0.00034206450290290286,0.046427965860813755,7,7,-0.4272633465032913
67,regenerated_shortfalls_fixed_labels,young_relative,family_month_minus_pooled,0.08207677309978866,0.04123652534715652,-0.04084024775263213,0.07709128257252496,0.022051439144696622,0.0049854905272637,0.0191850862024599,0.0141995956751962,-0.005573585113056867,-0.0029427673864372214,0.0026308177266196452,-0.1461079485843756,-0.06338350888038762,363,1,-0.00034206450290290286,0.046427965860813755,7,7,0.08272443970398798
67,regenerated_shortfalls_and_labels,total,pooled,-0.16377116430786862,-0.20952921999541732,-0.045758055687548704,-0.16416781512267428,-0.20892427555951362,0.0003966508148056658,-0.0006049444359036982,-0.001001595250709364,0.0011366840378451543,-0.0022536336811931536,-0.003390317719038308,0.006380345985753297,-0.010868836441131485,363,1,0.05010042401973927,0.20734820083082806,5,5,-0.017249182426884783
67,regenerated_shortfalls_and_labels,total,family_month,-0.08757516874077126,-0.18511856035856486,-0.0975433916177936,-0.08707653255014933,-0.18518074502500942,-0.0004986361906219317,6.218466644455911e-05,0.0005608208570664908,0.0007879175334437423,-9.632897341460992e-05,-0.0008842465068583522,0.004422677106597368,-0.0004645758826390933,363,1,0.05010042401973927,0.20734820083082806,7,7,-0.004887252989236461
67,regenerated_shortfalls_and_labels,total,family_month_minus_pooled,0.07619599556709736,0.02441065963685246,-0.0517853359302449,0.07709128257252496,0.023743530534504204,-0.0008952870054275974,0.0006671291023482573,0.0015624161077758547,-0.00034876650440141205,0.0021573047077785438,0.002506071212179956,-0.001957668879155929,0.010404260558492391,363,1,0.05010042401973927,0.20734820083082806,7,7,0.012361929437648321
67,regenerated_shortfalls_and_labels,young_relative,pooled,-0.16302713404283437,-0.20519238612045632,-0.04216525207762195,-0.16416781512267428,-0.20892427555951362,0.001140681079839917,0.0037318894390573065,0.0025912083592173896,-0.007915802788313398,-0.03325596259657341,-0.02534015980826001,-0.20750767833248854,-0.7162916139007974,363,1,-0.00034206450290290286,0.046427965860813755,5,5,-0.5087839355683089
67,regenerated_shortfalls_and_labels,young_relative,family_month,-0.08095036094304571,-0.16256572331878932,-0.08161536237574361,-0.08707653255014933,-0.18518074502500942,0.006126171607103617,0.022615021706220095,0.016488850099116478,-0.013489387901370265,-0.03616719307408548,-0.022677805172715216,-0.35361562691686416,-0.778995857421602,363,1,-0.00034206450290290286,0.046427965860813755,7,7,-0.4253802305047379
67,regenerated_shortfalls_and_labels,young_relative,family_month_minus_pooled,0.08207677309978866,0.04262666280166699,-0.03945011029812166,0.07709128257252496,0.023743530534504204,0.0049854905272637,0.01888313226716279,0.013897641739899089,-0.005573585113056867,-0.0029112304775120723,0.0026623546355447943,-0.1461079485843756,-0.0627042435208047,363,1,-0.00034206450290290286,0.046427965860813755,7,7,0.0834037050635709
68,fixed_shortfalls_fixed_labels,total,pooled,-0.16377116430786862,-0.19869242061336848,-0.03492125630549986,-0.16416781512267428,-0.19631961810410237,0.0003966508148056658,-0.0023728025092661087,-0.0027694533240717745,0.0011366840378451543,-0.006426622508511643,-0.007563306546356797,0.006380345985753297,-0.03607341509067611,363,4,0.06170076814319721,0.17815398105106858,5,5,-0.042453761076429404
68,fixed_shortfalls_fixed_labels,total,family_month,-0.08757516874077126,-0.09801014687257034,-0.010434978131799083,-0.08707653255014933,-0.10171864987905102,-0.0004986361906219317,0.003708503006480679,0.004207139197102611,0.0007879175334437423,-0.006204869087045844,-0.006992786620489586,0.004422677106597368,-0.034828686119942456,363,4,0.06170076814319721,0.17815398105106858,7,7,-0.039251363226539826
68,fixed_shortfalls_fixed_labels,total,family_month_minus_pooled,0.07619599556709736,0.10068227374079813,0.024486278173700776,0.07709128257252496,0.09460096822505135,-0.0008952870054275974,0.006081305515746788,0.006976592521174385,-0.00034876650440141205,0.00022175342146579964,0.0005705199258672117,-0.001957668879155929,0.0012447289707336548,363,4,0.06170076814319721,0.17815398105106858,7,7,0.003202397849889584
68,fixed_shortfalls_fixed_labels,young_relative,pooled,-0.16302713404283437,-0.1953917288203783,-0.03236459477754394,-0.16416781512267428,-0.19631961810410237,0.001140681079839917,0.0009278892837240593,-0.00021279179611585763,-0.007915802788313398,-0.005872761761916989,0.002043041026396409,-0.20750767833248854,-0.1539506719917744,363,4,-0.0004626710527536109,0.03814703557923262,5,5,0.05355700634071414
68,fixed_shortfalls_fixed_labels,young_relative,family_month,-0.08095036094304571,-0.09543043675053149,-0.014480075807485782,-0.08707653255014933,-0.10171864987905102,0.006126171607103617,0.006288213128519529,0.0001620415214159121,-0.013489387901370265,-0.012825391716941408,0.0006639961844288576,-0.35361562691686416,-0.33620939405114864,363,4,-0.0004626710527536109,0.03814703557923262,7,7,0.01740623286571552
68,fixed_shortfalls_fixed_labels,young_relative,family_month_minus_pooled,0.08207677309978866,0.09996129206984682,0.01788451897005816,0.07709128257252496,0.09460096822505135,0.0049854905272637,0.00536032384479547,0.00037483331753176974,-0.005573585113056867,-0.006952629955024418,-0.0013790448419675515,-0.1461079485843756,-0.1822587220593742,363,4,-0.0004626710527536109,0.03814703557923262,7,7,-0.03615077347499862
68,regenerated_shortfalls_fixed_labels,total,pooled,-0.16377116430786862,-0.20018948284221663,-0.036418318534348015,-0.16416781512267428,-0.19631961810410237,0.0003966508148056658,-0.003869864738114265,-0.0042665155529199306,0.0011366840378451543,-0.010233022149720791,-0.011369706187565946,0.006380345985753297,-0.04612614000388322,363,4,0.06704537618047739,0.22184865563993222,5,5,-0.05250648598963652
68,regenerated_shortfalls_fixed_labels,total,family_month,-0.08757516874077126,-0.09476224140332018,-0.007187072662548921,-0.08707653255014933,-0.10171864987905102,-0.0004986361906219317,0.006956408475730841,0.0074550446663527725,0.0007879175334437423,-0.011170383860212232,-0.011958301393655973,0.004422677106597368,-0.050351370523255,363,4,0.06704537618047739,0.22184865563993222,7,7,-0.05477404762985237
68,regenerated_shortfalls_fixed_labels,total,family_month_minus_pooled,0.07619599556709736,0.10542724143889645,0.029231245871799094,0.07709128257252496,0.09460096822505135,-0.0008952870054275974,0.010826273213845106,0.011721560219272703,-0.00034876650440141205,-0.0009373617104914411,-0.0005885952060900291,-0.001957668879155929,-0.0042252305193717764,363,4,0.06704537618047739,0.22184865563993222,7,7,-0.0022675616402158473
68,regenerated_shortfalls_fixed_labels,young_relative,pooled,-0.16302713404283437,-0.1922568820193798,-0.029229747976545428,-0.16416781512267428,-0.19631961810410237,0.001140681079839917,0.0040627360847225735,0.0029220550048826566,-0.007915802788313398,-0.012177862951835313,-0.0042620601635219146,-0.20750767833248854,-0.25647132632675856,363,4,3.7051212675326766e-06,0.04748235651232234,5,5,-0.048963647994270026
68,regenerated_shortfalls_fixed_labels,young_relative,family_month,-0.08095036094304571,-0.08207482241855314,-0.0011244614755074323,-0.08707653255014933,-0.10171864987905102,0.006126171607103617,0.01964382746049788,0.013517655853394261,-0.013489387901370265,-0.022113982724615986,-0.008624594823245721,-0.35361562691686416,-0.4657305228496209,363,4,3.7051212675326766e-06,0.04748235651232234,7,7,-0.11211489593275675
68,regenerated_shortfalls_fixed_labels,young_relative,family_month_minus_pooled,0.08207677309978866,0.11018205960082665,0.028105286501037996,0.07709128257252496,0.09460096822505135,0.0049854905272637,0.015581091375775305,0.010595600848511605,-0.005573585113056867,-0.009936119772780673,-0.004362534659723806,-0.1461079485843756,-0.20925919652286235,363,4,3.7051212675326766e-06,0.04748235651232234,7,7,-0.06315124793848675
68,regenerated_shortfalls_and_labels,total,pooled,-0.16377116430786862,-0.19919810742343508,-0.03542694311556646,-0.16416781512267428,-0.19528539506912132,0.0003966508148056658,-0.003912712354313758,-0.004309363169119423,0.0011366840378451543,-0.010352686796298048,-0.011489370834143203,0.006380345985753297,-0.046665537667718866,363,4,0.06704537618047739,0.22184865563993222,5,5,-0.05304588365347216
68,regenerated_shortfalls_and_labels,total,family_month,-0.08757516874077126,-0.09579825880922406,-0.008223090068452801,-0.08707653255014933,-0.10277637180503264,-0.0004986361906219317,0.006978112995808583,0.007476749186430515,0.0007879175334437423,-0.01115568061457229,-0.011943598148016033,0.004422677106597368,-0.05028509450459926,363,4,0.06704537618047739,0.22184865563993222,7,7,-0.05470777161119663
68,regenerated_shortfalls_and_labels,total,family_month_minus_pooled,0.07619599556709736,0.10339984861421102,0.02720385304711366,0.07709128257252496,0.09250902326408868,-0.0008952870054275974,0.01089082535012234,0.011786112355549938,-0.00034876650440141205,-0.0008029938182742419,-0.0004542273138728298,-0.001957668879155929,-0.0036195568368803986,363,4,0.06704537618047739,0.22184865563993222,7,7,-0.0016618879577244695
68,regenerated_shortfalls_and_labels,young_relative,pooled,-0.16302713404283437,-0.19135790834305422,-0.028330774300219852,-0.16416781512267428,-0.19528539506912132,0.001140681079839917,0.003927486726067103,0.002786805646227186,-0.007915802788313398,-0.012494350462292095,-0.004578547673978696,-0.20750767833248854,-0.2631366970813598,363,4,3.7051212675326766e-06,0.04748235651232234,5,5,-0.055629018748871245
68,regenerated_shortfalls_and_labels,young_relative,family_month,-0.08095036094304571,-0.08403641226460545,-0.0030860513215597435,-0.08707653255014933,-0.10277637180503264,0.006126171607103617,0.01873995954042719,0.012613787933323573,-0.013489387901370265,-0.022271194872832654,-0.00878180697146239,-0.35361562691686416,-0.4690414821145822,363,4,3.7051212675326766e-06,0.04748235651232234,7,7,-0.11542585519771803
68,regenerated_shortfalls_and_labels,young_relative,family_month_minus_pooled,0.08207677309978866,0.10732149607844876,0.02524472297866011,0.07709128257252496,0.09250902326408868,0.0049854905272637,0.014812472814360086,0.009826982287096386,-0.005573585113056867,-0.00977684441054056,-0.004203259297483693,-0.1461079485843756,-0.2059047850332224,363,4,3.7051212675326766e-06,0.04748235651232234,7,7,-0.05979683644884681
69,fixed_shortfalls_fixed_labels,total,pooled,-0.16377116430786862,-0.13539609264639604,0.028375071661472573,-0.16416781512267428,-0.13440166936514455,0.0003966508148056658,-0.0009944232812514886,-0.0013910740960571544,0.0011366840378451543,-0.0028872931186851897,-0.004023977156530344,0.006380345985753297,-0.0162067280318453,363,0,0.06170076814319721,0.17815398105106858,5,5,-0.0225870740175986
69,fixed_shortfalls_fixed_labels,total,family_month,-0.08757516874077126,-0.0980202750556858,-0.010445106314914535,-0.08707653255014933,-0.09935713819563113,-0.0004986361906219317,0.0013368631399453407,0.0018354993305672723,0.0007879175334437423,-0.0020959597948829465,-0.0028838773283266887,0.004422677106597368,-0.011764877677822595,363,0,0.06170076814319721,0.17815398105106858,7,7,-0.016187554784419963
69,fixed_shortfalls_fixed_labels,total,family_month_minus_pooled,0.07619599556709736,0.03737581759071025,-0.03882017797638711,0.07709128257252496,0.03504453116951342,-0.0008952870054275974,0.0023312864211968293,0.0032265734266244267,-0.00034876650440141205,0.0007913333238022432,0.0011400998282036553,-0.001957668879155929,0.004441850354022705,363,0,0.06170076814319721,0.17815398105106858,7,7,0.006399519233178634
69,fixed_shortfalls_fixed_labels,young_relative,pooled,-0.16302713404283437,-0.13310922250309237,0.029917911539741993,-0.16416781512267428,-0.13440166936514455,0.001140681079839917,0.0012924468620521823,0.00015176578221226533,-0.007915802788313398,-0.009538391465758127,-0.0016225886774447282,-0.20750767833248854,-0.2500427967973181,363,0,-0.0004626710527536109,0.03814703557923262,5,5,-0.042535118464829574
69,fixed_shortfalls_fixed_labels,young_relative,family_month,-0.08095036094304571,-0.0913362221407394,-0.010385861197693691,-0.08707653255014933,-0.09935713819563113,0.006126171607103617,0.008020916054891733,0.001894744447788116,-0.013489387901370265,-0.01875102282294169,-0.0052616349215714245,-0.35361562691686416,-0.49154600189037523,363,0,-0.0004626710527536109,0.03814703557923262,7,7,-0.13793037497351107
69,fixed_shortfalls_fixed_labels,young_relative,family_month_minus_pooled,0.08207677309978866,0.04177300036235297,-0.040303772737435684,0.07709128257252496,0.03504453116951342,0.0049854905272637,0.006728469192839551,0.0017429786655758506,-0.005573585113056867,-0.009212631357183563,-0.0036390462441266962,-0.1461079485843756,-0.24150320509305712,363,0,-0.0004626710527536109,0.03814703557923262,7,7,-0.09539525650868153
69,regenerated_shortfalls_fixed_labels,total,pooled,-0.16377116430786862,-0.13707342873445172,0.026697735573416898,-0.16416781512267428,-0.13440166936514455,0.0003966508148056658,-0.002671759369307164,-0.0030684101841128297,0.0011366840378451543,-0.009111553939690683,-0.010248237977535837,0.006380345985753297,-0.04299827661526609,363,0,0.06432270054563828,0.21190509613252081,5,5,-0.049378622601019384
69,regenerated_shortfalls_fixed_labels,total,family_month,-0.08757516874077126,-0.09544092367817844,-0.007865754937407182,-0.08707653255014933,-0.09935713819563113,-0.0004986361906219317,0.003916214517452693,0.004414850708074625,0.0007879175334437423,-0.011793776520550263,-0.012581694053994005,0.004422677106597368,-0.05565593624598199,363,0,0.06432270054563828,0.21190509613252081,7,7,-0.06007861335257936
69,regenerated_shortfalls_fixed_labels,total,family_month_minus_pooled,0.07619599556709736,0.04163250505627328,-0.03456349051082408,0.07709128257252496,0.03504453116951342,-0.0008952870054275974,0.006587973886759857,0.007483260892187454,-0.00034876650440141205,-0.0026822225808595807,-0.0023334560764581686,-0.001957668879155929,-0.0126576596307159,363,0,0.06432270054563828,0.21190509613252081,7,7,-0.01069999075155997
69,regenerated_shortfalls_fixed_labels,young_relative,pooled,-0.16302713404283437,-0.134411595941141,0.028615538101693372,-0.16416781512267428,-0.13440166936514455,0.001140681079839917,-9.926575996438425e-06,-0.0011506076558363554,-0.007915802788313398,-8.848029661569072e-05,0.007827322491697708,-0.20750767833248854,-0.0017671209346356478,363,0,0.0002983165584793183,0.050070312043433485,5,5,0.20574055739785288
69,regenerated_shortfalls_fixed_labels,young_relative,family_month,-0.08095036094304571,-0.09962324327099127,-0.01867288232794556,-0.08707653255014933,-0.09935713819563113,0.006126171607103617,-0.0002661050753601374,-0.0063922766824637545,-0.013489387901370265,-0.006359135925881088,0.007130251975489177,-0.35361562691686416,-0.12700412013340073,363,0,0.0002983165584793183,0.050070312043433485,7,7,0.22661150678346342
69,regenerated_shortfalls_fixed_labels,young_relative,family_month_minus_pooled,0.08207677309978866,0.03478835267014972,-0.04728842042963893,0.07709128257252496,0.03504453116951342,0.0049854905272637,-0.00025617849936369896,-0.005241669026627399,-0.005573585113056867,-0.006270655629265398,-0.0006970705162085309,-0.1461079485843756,-0.1252369991987651,363,0,0.0002983165584793183,0.050070312043433485,7,7,0.020870949385610488
69,regenerated_shortfalls_and_labels,total,pooled,-0.16377116430786862,-0.1370734287344516,0.02669773557341701,-0.16416781512267428,-0.13440166936514444,0.0003966508148056658,-0.002671759369307164,-0.0030684101841128297,0.0011366840378451543,-0.009111553939690677,-0.010248237977535832,0.006380345985753297,-0.04299827661526606,363,0,0.06432270054563828,0.21190509613252081,5,5,-0.049378622601019356
69,regenerated_shortfalls_and_labels,total,family_month,-0.08757516874077126,-0.09544092367817845,-0.007865754937407196,-0.08707653255014933,-0.09935713819563136,-0.0004986361906219317,0.003916214517452901,0.004414850708074833,0.0007879175334437423,-0.011793776520550232,-0.012581694053993973,0.004422677106597368,-0.05565593624598184,363,0,0.06432270054563828,0.21190509613252081,7,7,-0.06007861335257921
69,regenerated_shortfalls_and_labels,total,family_month_minus_pooled,0.07619599556709736,0.04163250505627315,-0.034563490510824205,0.07709128257252496,0.03504453116951309,-0.0008952870054275974,0.006587973886760065,0.0074832608921876625,-0.00034876650440141205,-0.0026822225808595546,-0.0023334560764581426,-0.001957668879155929,-0.012657659630715776,363,0,0.06432270054563828,0.21190509613252081,7,7,-0.010699990751559847
69,regenerated_shortfalls_and_labels,young_relative,pooled,-0.16302713404283437,-0.13441159594114088,0.028615538101693483,-0.16416781512267428,-0.13440166936514444,0.001140681079839917,-9.926575996438425e-06,-0.0011506076558363554,-0.007915802788313398,-8.848029661571316e-05,0.007827322491697685,-0.20750767833248854,-0.001767120934636096,363,0,0.0002983165584793183,0.050070312043433485,5,5,0.20574055739785244
69,regenerated_shortfalls_and_labels,young_relative,family_month,-0.08095036094304571,-0.09962324327099109,-0.01867288232794538,-0.08707653255014933,-0.09935713819563136,0.006126171607103617,-0.00026610507535973493,-0.006392276682463352,-0.013489387901370265,-0.006359135925881105,0.00713025197548916,-0.35361562691686416,-0.1270041201334011,363,0,0.0002983165584793183,0.050070312043433485,7,7,0.22661150678346306
69,regenerated_shortfalls_and_labels,young_relative,family_month_minus_pooled,0.08207677309978866,0.03478835267014979,-0.047288420429638864,0.07709128257252496,0.03504453116951309,0.0049854905272637,-0.0002561784993632965,-0.005241669026626997,-0.005573585113056867,-0.006270655629265392,-0.0006970705162085257,-0.1461079485843756,-0.125236999198765,363,0,0.0002983165584793183,0.050070312043433485,7,7,0.0208709493856106
70,fixed_shortfalls_fixed_labels,total,pooled,-0.16377116430786862,-0.18570884004267127,-0.021937675734802653,-0.16416781512267428,-0.18203374775585168,0.0003966508148056658,-0.0036750922868195868,-0.0040717431016252525,0.0011366840378451543,-0.010859059217012551,-0.011995743254857706,0.006380345985753297,-0.060953222335793644,363,1,0.06170076814319721,0.17815398105106858,5,5,-0.06733356832154694
70,fixed_shortfalls_fixed_labels,total,family_month,-0.08757516874077126,-0.18916341234238473,-0.10158824360161348,-0.08707653255014933,-0.19518075438575502,-0.0004986361906219317,0.0060173420433702884,0.00651597823399222,0.0007879175334437423,-0.009989310884359406,-0.01077722841780315,0.004422677106597368,-0.056071218983851555,363,1,0.06170076814319721,0.17815398105106858,6,6,-0.060493896090448925
70,fixed_shortfalls_fixed_labels,total,family_month_minus_pooled,0.07619599556709736,-0.0034545722997134654,-0.07965056786681082,0.07709128257252496,-0.01314700662990334,-0.0008952870054275974,0.009692434330189875,0.010587721335617473,-0.00034876650440141205,0.0008697483326531447,0.0012185148370545567,-0.001957668879155929,0.004882003351942091,363,1,0.06170076814319721,0.17815398105106858,6,6,0.006839672231098021
70,fixed_shortfalls_fixed_labels,young_relative,pooled,-0.16302713404283437,-0.18061159340009886,-0.017584459357264492,-0.16416781512267428,-0.18203374775585168,0.001140681079839917,0.001422154355752825,0.00028147327591290794,-0.007915802788313398,-0.013053295204054922,-0.005137492415741523,-0.20750767833248854,-0.3421837373691281,363,1,-0.0004626710527536109,0.03814703557923262,5,5,-0.13467605903663957
70,fixed_shortfalls_fixed_labels,young_relative,family_month,-0.08095036094304571,-0.18966100769328295,-0.10871064675023724,-0.08707653255014933,-0.19518075438575502,0.006126171607103617,0.005519746692472072,-0.0006064249146315454,-0.013489387901370265,-0.013779276097100416,-0.00028988819573015114,-0.35361562691686416,-0.36121485950016785,363,1,-0.0004626710527536109,0.03814703557923262,6,6,-0.0075992325833036944
70,fixed_shortfalls_fixed_labels,young_relative,family_month_minus_pooled,0.08207677309978866,-0.009049414293184094,-0.09112618739297275,0.07709128257252496,-0.01314700662990334,0.0049854905272637,0.004097592336719247,-0.0008878981905444533,-0.005573585113056867,-0.0007259808930454945,0.004847604220011372,-0.1461079485843756,-0.019031122131039746,363,1,-0.0004626710527536109,0.03814703557923262,6,6,0.12707682645333584
70,regenerated_shortfalls_fixed_labels,total,pooled,-0.16377116430786862,-0.18453157254486857,-0.020760408236999955,-0.16416781512267428,-0.18203374775585168,0.0003966508148056658,-0.002497824789016889,-0.002894475603822555,0.0011366840378451543,-0.0085851001695941,-0.009721784207439254,0.006380345985753297,-0.039384640022616026,363,1,0.0620095957733949,0.21798092263035126,5,5,-0.04576498600836932
70,regenerated_shortfalls_fixed_labels,total,family_month,-0.08757516874077126,-0.19042587103239406,-0.1028507022916228,-0.08707653255014933,-0.19518075438575502,-0.0004986361906219317,0.004754883353360967,0.0052535195439828986,0.0007879175334437423,-0.00942746613457278,-0.010215383668016522,0.004422677106597368,-0.043249042259352825,363,1,0.0620095957733949,0.21798092263035126,6,6,-0.047671719365950195
70,regenerated_shortfalls_fixed_labels,total,family_month_minus_pooled,0.07619599556709736,-0.0058942984875254845,-0.08209029405462284,0.07709128257252496,-0.01314700662990334,-0.0008952870054275974,0.007252708142377856,0.008147995147805454,-0.00034876650440141205,-0.0008423659649786815,-0.0004935994605772694,-0.001957668879155929,-0.003864402236736803,363,1,0.0620095957733949,0.21798092263035126,6,6,-0.001906733357580874
70,regenerated_shortfalls_fixed_labels,young_relative,pooled,-0.16302713404283437,-0.18324260927748115,-0.020215475234646785,-0.16416781512267428,-0.18203374775585168,0.001140681079839917,-0.0012088615216294674,-0.0023495426014693843,-0.007915802788313398,0.010396096642006643,0.018311899430320043,-0.20750767833248854,0.20821933065254147,363,1,-0.0023770973690492446,0.04992858544605907,5,5,0.41572700898503
70,regenerated_shortfalls_fixed_labels,young_relative,family_month,-0.08095036094304571,-0.19390093183896967,-0.11295057089592396,-0.08707653255014933,-0.19518075438575502,0.006126171607103617,0.001279822546785353,-0.004846349060318264,-0.013489387901370265,0.011158730447718666,0.02464811834908893,-0.35361562691686416,0.2234938231882041,363,1,-0.0023770973690492446,0.04992858544605907,6,6,0.5771094501050682
70,regenerated_shortfalls_fixed_labels,young_relative,family_month_minus_pooled,0.08207677309978866,-0.01065832256148852,-0.09273509566127718,0.07709128257252496,-0.01314700662990334,0.0049854905272637,0.0024886840684148204,-0.0024968064588488798,-0.005573585113056867,0.0007626338057120235,0.00633621891876889,-0.1461079485843756,0.01527449253566264,363,1,-0.0023770973690492446,0.04992858544605907,6,6,0.16138244112003824
70,regenerated_shortfalls_and_labels,total,pooled,-0.16377116430786862,-0.18451797123984903,-0.020746806931980416,-0.16416781512267428,-0.18202581628653872,0.0003966508148056658,-0.002492154953310316,-0.0028888057681159818,0.0011366840378451543,-0.00856693084912162,-0.009703614886966775,0.006380345985753297,-0.0393012872215854,363,1,0.0620095957733949,0.21798092263035126,5,5,-0.045681633207338694
70,regenerated_shortfalls_and_labels,total,family_month,-0.08757516874077126,-0.18688094326092547,-0.09930577452015421,-0.08707653255014933,-0.19179947801307864,-0.0004986361906219317,0.004918534752153175,0.005417170942775107,0.0007879175334437423,-0.009630964120792219,-0.010418881654235962,0.004422677106597368,-0.04418260095689319,363,1,0.0620095957733949,0.21798092263035126,6,6,-0.04860527806349056
70,regenerated_shortfalls_and_labels,total,family_month_minus_pooled,0.07619599556709736,-0.002362972021076437,-0.0785589675881738,0.07709128257252496,-0.009773661726539928,-0.0008952870054275974,0.007410689705463491,0.008305976710891089,-0.00034876650440141205,-0.0010640332716705982,-0.0007152667672691861,-0.001957668879155929,-0.0048813137353077895,363,1,0.0620095957733949,0.21798092263035126,6,6,-0.0029236448561518603
70,regenerated_shortfalls_and_labels,young_relative,pooled,-0.16302713404283437,-0.18323143770493058,-0.020204303662096218,-0.16416781512267428,-0.18202581628653872,0.001140681079839917,-0.0012056214183918668,-0.0023463024982317837,-0.007915802788313398,0.010378280201200667,0.018294082989514064,-0.20750767833248854,0.20786249216719677,363,1,-0.0023770973690492446,0.04992858544605907,5,5,0.4153701704996853
70,regenerated_shortfalls_and_labels,young_relative,family_month,-0.08095036094304571,-0.19047777012265255,-0.10952740917960684,-0.08707653255014933,-0.19179947801307864,0.006126171607103617,0.0013217078904260993,-0.004804463716677518,-0.013489387901370265,0.011149145584656591,0.024638533486026855,-0.35361562691686416,0.22330185173584982,363,1,-0.0023770973690492446,0.04992858544605907,6,6,0.576917478652714
70,regenerated_shortfalls_and_labels,young_relative,family_month_minus_pooled,0.08207677309978866,-0.007246332417721962,-0.08932310551751062,0.07709128257252496,-0.009773661726539928,0.0049854905272637,0.002527329308817966,-0.002458161218445734,-0.005573585113056867,0.000770865383455924,0.006344450496512791,-0.1461079485843756,0.015439359568653062,363,1,-0.0023770973690492446,0.04992858544605907,6,6,0.16154730815302865
71,fixed_shortfalls_fixed_labels,total,pooled,-0.16377116430786862,-0.14161689233270258,0.022154271975166034,-0.16416781512267428,-0.14505751460958685,0.0003966508148056658,0.00344062227688427,0.003043971462078604,0.0011366840378451543,0.010303319857980489,0.009166635820135334,0.006380345985753297,0.057833789608254665,363,1,0.06170076814319721,0.17815398105106858,5,5,0.05145344362250137
71,fixed_shortfalls_fixed_labels,total,family_month,-0.08757516874077126,-0.09000760703186206,-0.0024324382910907993,-0.08707653255014933,-0.08432613787433763,-0.0004986361906219317,-0.0056814691575244325,-0.005182832966902501,0.0007879175334437423,0.008990182715676552,0.008202265182232809,0.004422677106597368,0.05046299085003034,363,1,0.06170076814319721,0.17815398105106858,7,7,0.04604031374343297
71,fixed_shortfalls_fixed_labels,total,family_month_minus_pooled,0.07619599556709736,0.051609285300840524,-0.024586710266256834,0.07709128257252496,0.060731376735249226,-0.0008952870054275974,-0.009122091434408702,-0.008226804428981105,-0.00034876650440141205,-0.0013131371423039367,-0.0009643706379025246,-0.001957668879155929,-0.0073707987582243275,363,1,0.06170076814319721,0.17815398105106858,7,7,-0.005413129879068399
71,fixed_shortfalls_fixed_labels,young_relative,pooled,-0.16302713404283437,-0.1444161005735262,0.018611033469308175,-0.16416781512267428,-0.14505751460958685,0.001140681079839917,0.0006414140360606613,-0.0004992670437792557,-0.007915802788313398,-0.004473689059763308,0.00344211372855009,-0.20750767833248854,-0.11727488104472265,363,1,-0.0004626710527536109,0.03814703557923262,5,5,0.09023279728776588
71,fixed_shortfalls_fixed_labels,young_relative,family_month,-0.08095036094304571,-0.07943447245931035,0.0015158884837353642,-0.08707653255014933,-0.08432613787433763,0.006126171607103617,0.00489166541502728,-0.0012345061920763373,-0.013489387901370265,-0.010665400457076481,0.002823987444293784,-0.35361562691686416,-0.27958661256715744,363,1,-0.0004626710527536109,0.03814703557923262,7,7,0.07402901434970671
71,fixed_shortfalls_fixed_labels,young_relative,family_month_minus_pooled,0.08207677309978866,0.06498162811421584,-0.01709514498557281,0.07709128257252496,0.060731376735249226,0.0049854905272637,0.0042502513789666185,-0.0007352391482970816,-0.005573585113056867,-0.006191711397313173,-0.0006181262842563061,-0.1461079485843756,-0.16231173152243478,363,1,-0.0004626710527536109,0.03814703557923262,7,7,-0.016203782938059186
71,regenerated_shortfalls_fixed_labels,total,pooled,-0.16377116430786862,-0.14241959000868307,0.02135157429918555,-0.16416781512267428,-0.14505751460958685,0.0003966508148056658,0.002637924600903785,0.002241273786098119,0.0011366840378451543,0.01712400282197305,0.0159873187841279,0.006380345985753297,0.07995788306544414,363,1,0.06185435060709665,0.21416278377401954,5,5,0.07357753707969085
71,regenerated_shortfalls_fixed_labels,total,family_month,-0.08757516874077126,-0.09307229478530864,-0.005497126044537379,-0.08707653255014933,-0.08432613787433763,-0.0004986361906219317,-0.008746156910971012,-0.00824752072034908,0.0007879175334437423,0.018005759516344835,0.01721784198290109,0.004422677106597368,0.08407510959207631,363,1,0.06185435060709665,0.21416278377401954,7,7,0.07965243248547894
71,regenerated_shortfalls_fixed_labels,total,family_month_minus_pooled,0.07619599556709736,0.04934729522337443,-0.026848700343722928,0.07709128257252496,0.060731376735249226,-0.0008952870054275974,-0.011384081511874797,-0.0104887945064472,-0.00034876650440141205,0.0008817566943717832,0.0012305231987731952,-0.001957668879155929,0.004117226526632171,363,1,0.06185435060709665,0.21416278377401954,7,7,0.0060748954057881
71,regenerated_shortfalls_fixed_labels,young_relative,pooled,-0.16302713404283437,-0.14496886932523662,0.01805826471759775,-0.16416781512267428,-0.14505751460958685,0.001140681079839917,8.864528435023611e-05,-0.0010520357954896808,-0.007915802788313398,-0.003227845620089849,0.004687957168223549,-0.20750767833248854,-0.06856053950629853,363,1,0.000985552966837807,0.047080224912660035,5,5,0.13894713882619
71,regenerated_shortfalls_fixed_labels,young_relative,family_month,-0.08095036094304571,-0.08548867521883434,-0.00453831427578863,-0.08707653255014933,-0.08432613787433763,0.006126171607103617,-0.001162537344496714,-0.007288708951600331,-0.013489387901370265,-0.005250974711110261,0.008238413190260004,-0.35361562691686416,-0.11153248993290718,363,1,0.000985552966837807,0.047080224912660035,7,7,0.24208313698395698
71,regenerated_shortfalls_fixed_labels,young_relative,family_month_minus_pooled,0.08207677309978866,0.059480194106402276,-0.02259657899338638,0.07709128257252496,0.060731376735249226,0.0049854905272637,-0.0012511826288469502,-0.00623667315611065,-0.005573585113056867,-0.0020231290910204124,0.0035504560220364543,-0.1461079485843756,-0.042971950426608646,363,1,0.000985552966837807,0.047080224912660035,7,7,0.10313599815776694
71,regenerated_shortfalls_and_labels,total,pooled,-0.16377116430786862,-0.14241454880755905,0.021356615500309567,-0.16416781512267428,-0.14507043036337952,0.0003966508148056658,0.002655881555820472,0.002259230741014806,0.0011366840378451543,0.017253844850478615,0.016117160812633462,0.006380345985753297,0.08056416033835524,363,1,0.06185435060709665,0.21416278377401954,5,5,0.07418381435260195
71,regenerated_shortfalls_and_labels,total,family_month,-0.08757516874077126,-0.09210588511292651,-0.004530716372155255,-0.08707653255014933,-0.08341650771657044,-0.0004986361906219317,-0.008689377396356071,-0.00819074120573414,0.0007879175334437423,0.018050145381947637,0.017262227848503894,0.004422677106597368,0.08428236252753328,363,1,0.06185435060709665,0.21416278377401954,7,7,0.07985968542093591
71,regenerated_shortfalls_and_labels,total,family_month_minus_pooled,0.07619599556709736,0.050308663694632536,-0.025887331872464822,0.07709128257252496,0.06165392264680908,-0.0008952870054275974,-0.011345258952176543,-0.010449971946748945,-0.00034876650440141205,0.0007963005314690214,0.0011450670358704334,-0.001957668879155929,0.003718202189178034,363,1,0.06185435060709665,0.21416278377401954,7,7,0.0056758710683339625
71,regenerated_shortfalls_and_labels,young_relative,pooled,-0.16302713404283437,-0.14498018057788253,0.01804695346495183,-0.16416781512267428,-0.14507043036337952,0.001140681079839917,9.024978549698748e-05,-0.0010504312943429295,-0.007915802788313398,-0.003315256307952564,0.004600546480360835,-0.20750767833248854,-0.07041717226506028,363,1,0.000985552966837807,0.047080224912660035,5,5,0.13709050606742826
71,regenerated_shortfalls_and_labels,young_relative,family_month,-0.08095036094304571,-0.08457066644648023,-0.0036203055034345205,-0.08707653255014933,-0.08341650771657044,0.006126171607103617,-0.0011541587299097877,-0.007280330337013405,-0.013489387901370265,-0.005327564865400306,0.008161823035969958,-0.35361562691686416,-0.11315929087602353,363,1,0.000985552966837807,0.047080224912660035,7,7,0.24045633604084063
71,regenerated_shortfalls_and_labels,young_relative,family_month_minus_pooled,0.08207677309978866,0.0604095141314023,-0.021667258968386352,0.07709128257252496,0.06165392264680908,0.0049854905272637,-0.0012444085154067752,-0.006229899042670475,-0.005573585113056867,-0.002012308557447742,0.0035612765556091246,-0.1461079485843756,-0.04274211861096325,363,1,0.000985552966837807,0.047080224912660035,7,7,0.10336582997341234
72,fixed_shortfalls_fixed_labels,total,pooled,-0.16377116430786862,-0.1491649422382835,0.014606222069585117,-0.16416781512267428,-0.1468140117522292,0.0003966508148056658,-0.002350930486054309,-0.0027475813008599748,0.0011366840378451543,-0.006619567765190109,-0.007756251803035264,0.006380345985753297,-0.037156440322782244,363,1,0.06170076814319721,0.17815398105106858,5,5,-0.04353678630853554
72,fixed_shortfalls_fixed_labels,total,family_month,-0.08757516874077126,-0.0019515507401368468,0.08562361800063441,-0.08707653255014933,-0.008254788108685547,-0.0004986361906219317,0.006303237368548701,0.0068018735591706325,0.0007879175334437423,-0.00993922469046777,-0.010727142223911513,0.004422677106597368,-0.05579007907557592,363,1,0.06170076814319721,0.17815398105106858,6,6,-0.06021275618217329
72,fixed_shortfalls_fixed_labels,total,family_month_minus_pooled,0.07619599556709736,0.14721339149814666,0.0710173959310493,0.07709128257252496,0.13855922364354364,-0.0008952870054275974,0.008654167854603018,0.009549454860030615,-0.00034876650440141205,-0.0033196569252776607,-0.0029708904208762487,-0.001957668879155929,-0.01863363875279367,363,1,0.06170076814319721,0.17815398105106858,6,6,-0.01667596987363774
72,fixed_shortfalls_fixed_labels,young_relative,pooled,-0.16302713404283437,-0.1452064471048451,0.017820686937989272,-0.16416781512267428,-0.1468140117522292,0.001140681079839917,0.0016075646473840965,0.0004668835675441796,-0.007915802788313398,-0.010167547507527632,-0.0022517447192142333,-0.20750767833248854,-0.2665357177338016,363,1,-0.0004626710527536109,0.03814703557923262,5,5,-0.05902803940131304
72,fixed_shortfalls_fixed_labels,young_relative,family_month,-0.08095036094304571,-0.0006416061009937547,0.08030875484205195,-0.08707653255014933,-0.008254788108685547,0.006126171607103617,0.007613182007691793,0.001487010400588176,-0.013489387901370265,-0.016362591196074146,-0.0028732032947038806,-0.35361562691686416,-0.42893480312745447,363,1,-0.0004626710527536109,0.03814703557923262,6,6,-0.07531917621059031
72,fixed_shortfalls_fixed_labels,young_relative,family_month_minus_pooled,0.08207677309978866,0.14456484100385134,0.06248806790406268,0.07709128257252496,0.13855922364354364,0.0049854905272637,0.006005617360307691,0.001020126833043991,-0.005573585113056867,-0.006195043688546514,-0.0006214585754896473,-0.1461079485843756,-0.1623990853936529,363,1,-0.0004626710527536109,0.03814703557923262,6,6,-0.016291136809277296
72,regenerated_shortfalls_fixed_labels,total,pooled,-0.16377116430786862,-0.14637702081103854,0.017394143496830078,-0.16416781512267428,-0.1468140117522292,0.0003966508148056658,0.0004369909411906514,4.034012638498563e-05,0.0011366840378451543,0.005088549905822675,0.00395186586797752,0.006380345985753297,0.023371650088371554,363,1,0.06511901713146176,0.21772317686522516,5,5,0.016991304102618256
72,regenerated_shortfalls_fixed_labels,total,family_month,-0.08757516874077126,-0.009845912130069696,0.07772925661070157,-0.08707653255014933,-0.008254788108685547,-0.0004986361906219317,-0.001591124021384149,-0.0010924878307622173,0.0007879175334437423,0.001949813961829341,0.0011618964283855986,0.004422677106597368,0.008955472678208776,363,1,0.06511901713146176,0.21772317686522516,6,6,0.004532795571611408
72,regenerated_shortfalls_fixed_labels,total,family_month_minus_pooled,0.07619599556709736,0.13653110868096885,0.06033511311387149,0.07709128257252496,0.13855922364354364,-0.0008952870054275974,-0.002028114962574795,-0.0011328279571471978,-0.00034876650440141205,-0.003138735943993334,-0.002789969439591922,-0.001957668879155929,-0.014416177410162778,363,1,0.06511901713146176,0.21772317686522516,6,6,-0.012458508531006848
72,regenerated_shortfalls_fixed_labels,young_relative,pooled,-0.16302713404283437,-0.14419767312176796,0.01882946092106641,-0.16416781512267428,-0.1468140117522292,0.001140681079839917,0.0026163386304612346,0.0014756575506213176,-0.007915802788313398,-0.007043089856515466,0.0008727129317979325,-0.20750767833248854,-0.15093788155123594,363,1,0.0023554402478043225,0.04666217508905931,5,5,0.056569796781252596
72,regenerated_shortfalls_fixed_labels,young_relative,family_month,-0.08095036094304571,0.0007829954664239958,0.0817333564094697,-0.08707653255014933,-0.008254788108685547,0.006126171607103617,0.009037783575109544,0.002911611968005927,-0.013489387901370265,-0.012888019960321746,0.0006013679410485188,-0.35361562691686416,-0.276198439865345,363,1,0.0023554402478043225,0.04666217508905931,6,6,0.07741718705151918
72,regenerated_shortfalls_fixed_labels,young_relative,family_month_minus_pooled,0.08207677309978866,0.14498066858819195,0.06290389548840329,0.07709128257252496,0.13855922364354364,0.0049854905272637,0.006421444944648302,0.0014359544173846023,-0.005573585113056867,-0.00584493010380628,-0.0002713449907494137,-0.1461079485843756,-0.12526055831410907,363,1,0.0023554402478043225,0.04666217508905931,6,6,0.020847390270266525
72,regenerated_shortfalls_and_labels,total,pooled,-0.16377116430786862,-0.14638517048968638,0.017385993818182233,-0.16416781512267428,-0.14682189108709312,0.0003966508148056658,0.00043672059740673674,4.006978260107097e-05,0.0011366840378451543,0.0050870486334049616,0.003950364595559808,0.006380345985753297,0.023364754761749332,363,1,0.06511901713146176,0.21772317686522516,5,5,0.016984408775996034
72,regenerated_shortfalls_and_labels,total,family_month,-0.08757516874077126,-0.008893330372202244,0.07868183836856901,-0.08707653255014933,-0.007340215035552121,-0.0004986361906219317,-0.0015531153366501235,-0.0010544791460281918,0.0007879175334437423,0.0018953780196456745,0.0011074604862019322,0.004422677106597368,0.008705449033655017,363,1,0.06511901713146176,0.21772317686522516,6,6,0.004282771927057649
72,regenerated_shortfalls_and_labels,total,family_month_minus_pooled,0.07619599556709736,0.13749184011748414,0.06129584455038678,0.07709128257252496,0.139481676051541,-0.0008952870054275974,-0.001989835934056855,-0.0010945489286292576,-0.00034876650440141205,-0.003191670613759287,-0.002842904109357875,-0.001957668879155929,-0.014659305728094317,363,1,0.06511901713146176,0.21772317686522516,6,6,-0.012701636848938387
72,regenerated_shortfalls_and_labels,young_relative,pooled,-0.16302713404283437,-0.14419126229499496,0.018835871747839406,-0.16416781512267428,-0.14682189108709312,0.001140681079839917,0.002630628792098161,0.0014899477122582439,-0.007915802788313398,-0.007080554632177327,0.0008352481561360713,-0.20750767833248854,-0.151740775449567,363,1,0.0023554402478043225,0.04666217508905931,5,5,0.05576690288292155
72,regenerated_shortfalls_and_labels,young_relative,family_month,-0.08095036094304571,0.001937756648331836,0.08288811759137754,-0.08707653255014933,-0.007340215035552121,0.006126171607103617,0.009277971683883958,0.0031518000767803405,-0.013489387901370265,-0.012977836916873394,0.0005115509844968707,-0.35361562691686416,-0.2781232741959398,363,1,0.0023554402478043225,0.04666217508905931,6,6,0.07549235272092436
72,regenerated_shortfalls_and_labels,young_relative,family_month_minus_pooled,0.08207677309978866,0.1461290189433268,0.06405224584353815,0.07709128257252496,0.139481676051541,0.0049854905272637,0.006647342891785812,0.0016618523645221123,-0.005573585113056867,-0.005897282284696067,-0.00032369717163920064,-0.1461079485843756,-0.12638249874637283,363,1,0.0023554402478043225,0.04666217508905931,6,6,0.019725449838002757
73,fixed_shortfalls_fixed_labels,total,pooled,-0.16377116430786862,-0.11940803271724185,0.04436313159062677,-0.16416781512267428,-0.12119129561051459,0.0003966508148056658,0.0017832628932727412,0.0013866120784670755,0.0011366840378451543,0.005354895492181711,0.0042182114543365574,0.006380345985753297,0.03005768078035095,363,3,0.06170076814319721,0.17815398105106858,5,5,0.023677334794597653
73,fixed_shortfalls_fixed_labels,total,family_month,-0.08757516874077126,-0.07977886099358254,0.007796307747188716,-0.08707653255014933,-0.07578975817673148,-0.0004986361906219317,-0.003989102816851067,-0.0034904666262291356,0.0007879175334437423,0.005934554316859119,0.005146636783415376,0.004422677106597368,0.033311376382647064,363,3,0.06170076814319721,0.17815398105106858,7,7,0.028888699276049694
73,fixed_shortfalls_fixed_labels,total,family_month_minus_pooled,0.07619599556709736,0.039629171723659304,-0.036566823843438054,0.07709128257252496,0.04540153743378311,-0.0008952870054275974,-0.0057723657101238085,-0.004877078704696211,-0.00034876650440141205,0.0005796588246774073,0.0009284253290788194,-0.001957668879155929,0.0032536956022961154,363,3,0.06170076814319721,0.17815398105106858,7,7,0.0052113644814520445
73,fixed_shortfalls_fixed_labels,young_relative,pooled,-0.16302713404283437,-0.12060678139744102,0.042420352645393344,-0.16416781512267428,-0.12119129561051459,0.001140681079839917,0.000584514213073567,-0.00055616686676635,-0.007915802788313398,-0.00432160780469502,0.003594194983618379,-0.20750767833248854,-0.1132881687678955,363,3,-0.0004626710527536109,0.03814703557923262,5,5,0.09421950956459303
73,fixed_shortfalls_fixed_labels,young_relative,family_month,-0.08095036094304571,-0.07228890153238904,0.008661459410656672,-0.08707653255014933,-0.07578975817673148,0.006126171607103617,0.003500856644342437,-0.00262531496276118,-0.013489387901370265,-0.008855224498873578,0.004634163402496687,-0.35361562691686416,-0.232134014200946,363,3,-0.0004626710527536109,0.03814703557923262,7,7,0.12148161271591815
73,fixed_shortfalls_fixed_labels,young_relative,family_month_minus_pooled,0.08207677309978866,0.04831787986505198,-0.03375889323473667,0.07709128257252496,0.04540153743378311,0.0049854905272637,0.00291634243126887,-0.00206914809599483,-0.005573585113056867,-0.004533616694178558,0.0010399684188783084,-0.1461079485843756,-0.1188458454330505,363,3,-0.0004626710527536109,0.03814703557923262,7,7,0.027262103151325087
73,regenerated_shortfalls_fixed_labels,total,pooled,-0.16377116430786862,-0.11179172173054325,0.05197944257732537,-0.16416781512267428,-0.12119129561051459,0.0003966508148056658,0.00939957387997134,0.009002923065165674,0.0011366840378451543,0.014858139590368526,0.013721455552523371,0.006380345985753297,0.06737533415251885,363,3,0.06861472706705297,0.22052787978362923,5,5,0.06099498816676556
73,regenerated_shortfalls_fixed_labels,total,family_month,-0.08757516874077126,-0.07450193626953062,0.013073232471240634,-0.08707653255014933,-0.07578975817673148,-0.0004986361906219317,0.0012878219072008507,0.0017864580978227823,0.0007879175334437423,0.01812096783630244,0.017333050302858696,0.004422677106597368,0.08217087043181032,363,3,0.06861472706705297,0.22052787978362923,7,7,0.07774819332521295
73,regenerated_shortfalls_fixed_labels,total,family_month_minus_pooled,0.07619599556709736,0.03728978546101262,-0.038906210106084735,0.07709128257252496,0.04540153743378311,-0.0008952870054275974,-0.00811175197277049,-0.007216464967342892,-0.00034876650440141205,0.0032628282459339127,0.0036115947503353248,-0.001957668879155929,0.014795536279291463,363,3,0.06861472706705297,0.22052787978362923,7,7,0.01675320515844739
73,regenerated_shortfalls_fixed_labels,young_relative,pooled,-0.16302713404283437,-0.12046373622110869,0.042563397821725676,-0.16416781512267428,-0.12119129561051459,0.001140681079839917,0.000727559389405899,-0.0004131216904340179,-0.007915802788313398,-0.02137114356822203,-0.013455340779908632,-0.20750767833248854,-0.42645802030269275,363,3,-0.0007983974996292563,0.050113123803025565,5,5,-0.21895034197020422
73,regenerated_shortfalls_fixed_labels,young_relative,family_month,-0.08095036094304571,-0.07433895272889401,0.0066114082141516956,-0.08707653255014933,-0.07578975817673148,0.006126171607103617,0.001450805447837461,-0.004675366159266156,-0.013489387901370265,-0.024526361643643562,-0.011036973742273297,-0.35361562691686416,-0.48941993199319955,363,3,-0.0007983974996292563,0.050113123803025565,7,7,-0.1358043050763354
73,regenerated_shortfalls_fixed_labels,young_relative,family_month_minus_pooled,0.08207677309978866,0.046124783492214674,-0.03595198960757398,0.07709128257252496,0.04540153743378311,0.0049854905272637,0.000723246058431562,-0.004262244468832138,-0.005573585113056867,-0.0031552180754215314,0.002418367037635335,-0.1461079485843756,-0.06296191169050683,363,3,-0.0007983974996292563,0.050113123803025565,7,7,0.08314603689386876
73,regenerated_shortfalls_and_labels,total,pooled,-0.16377116430786862,-0.11043677074196519,0.05333439356590343,-0.16416781512267428,-0.11978753303560173,0.0003966508148056658,0.009350762293636544,0.008954111478830878,0.0011366840378451543,0.01479833411858453,0.013661650080739374,0.006380345985753297,0.06710414181238175,363,3,0.06861472706705297,0.22052787978362923,5,5,0.06072379582662846
73,regenerated_shortfalls_and_labels,total,family_month,-0.08757516874077126,-0.07179994828169423,0.015775220459077033,-0.08707653255014933,-0.07299175589057108,-0.0004986361906219317,0.0011918076088768548,0.0016904437994987864,0.0007879175334437423,0.01810605528612911,0.017318137752685366,0.004422677106597368,0.08210324836884049,363,3,0.06861472706705297,0.22052787978362923,7,7,0.07768057126224312
73,regenerated_shortfalls_and_labels,total,family_month_minus_pooled,0.07619599556709736,0.03863682246027096,-0.037559173106826396,0.07709128257252496,0.04679577714503065,-0.0008952870054275974,-0.00815895468475969,-0.007263667679332092,-0.00034876650440141205,0.0033077211675445802,0.0036564876719459923,-0.001957668879155929,0.01499910655645875,363,3,0.06861472706705297,0.22052787978362923,7,7,0.01695677543561468
73,regenerated_shortfalls_and_labels,young_relative,pooled,-0.16302713404283437,-0.11907163335107714,0.04395550069175723,-0.16416781512267428,-0.11978753303560173,0.001140681079839917,0.0007158996845245957,-0.0004247813953153212,-0.007915802788313398,-0.021408403470496037,-0.013492600682182639,-0.20750767833248854,-0.42720153616134204,363,3,-0.0007983974996292563,0.050113123803025565,5,5,-0.2196938578288535
73,regenerated_shortfalls_and_labels,young_relative,family_month,-0.08095036094304571,-0.07171601729342057,0.009234343649625137,-0.08707653255014933,-0.07299175589057108,0.006126171607103617,0.001275738597150508,-0.004850433009953109,-0.013489387901370265,-0.0246066785984568,-0.011117290697086536,-0.35361562691686416,-0.49102264498967796,363,3,-0.0007983974996292563,0.050113123803025565,7,7,-0.1374070180728138
73,regenerated_shortfalls_and_labels,young_relative,family_month_minus_pooled,0.08207677309978866,0.04735561605765656,-0.03472115704213209,0.07709128257252496,0.04679577714503065,0.0049854905272637,0.0005598389126259123,-0.004425651614637788,-0.005573585113056867,-0.003198275127960764,0.0023753099850961027,-0.1461079485843756,-0.06382110882833589,363,3,-0.0007983974996292563,0.050113123803025565,7,7,0.0822868397560397
74,fixed_shortfalls_fixed_labels,total,pooled,-0.16377116430786862,-0.16188263487228785,0.0018885294355807658,-0.16416781512267428,-0.1568280583525318,0.0003966508148056658,-0.005054576519756049,-0.005451227334561715,0.0011366840378451543,-0.015552513515891573,-0.016689197553736726,0.006380345985753297,-0.08729815311527268,363,3,0.06170076814319721,0.17815398105106858,5,5,-0.09367849910102598
74,fixed_shortfalls_fixed_labels,total,family_month,-0.08757516874077126,-0.12482047707633118,-0.03724530833555992,-0.08707653255014933,-0.1360828380334732,-0.0004986361906219317,0.011262360957142031,0.011760997147763963,0.0007879175334437423,-0.017336571199290364,-0.018124488732734107,0.004422677106597368,-0.09731228624254411,363,3,0.06170076814319721,0.17815398105106858,7,7,-0.10173496334914148
74,fixed_shortfalls_fixed_labels,total,family_month_minus_pooled,0.07619599556709736,0.037062157795956674,-0.039133837771140684,0.07709128257252496,0.020745220319058594,-0.0008952870054275974,0.01631693747689808,0.017212224482325678,-0.00034876650440141205,-0.001784057683398791,-0.001435291178997379,-0.001957668879155929,-0.010014133127271422,363,3,0.06170076814319721,0.17815398105106858,7,7,-0.008056464248115493
74,fixed_shortfalls_fixed_labels,young_relative,pooled,-0.16302713404283437,-0.153682699748861,0.009344434293973358,-0.16416781512267428,-0.1568280583525318,0.001140681079839917,0.003145358603670795,0.002004677523830878,-0.007915802788313398,-0.022099877443559443,-0.014184074655246045,-0.20750767833248854,-0.5793340716517089,363,3,-0.0004626710527536109,0.03814703557923262,5,5,-0.3718263933192204
74,fixed_shortfalls_fixed_labels,young_relative,family_month,-0.08095036094304571,-0.12418963253923086,-0.04323927159618515,-0.08707653255014933,-0.1360828380334732,0.006126171607103617,0.011893205494242345,0.005767033887138728,-0.013489387901370265,-0.026025781448636907,-0.012536393547266642,-0.35361562691686416,-0.6822491198452504,363,3,-0.0004626710527536109,0.03814703557923262,7,7,-0.32863349292838623
74,fixed_shortfalls_fixed_labels,young_relative,family_month_minus_pooled,0.08207677309978866,0.029493067209630144,-0.05258370589015851,0.07709128257252496,0.020745220319058594,0.0049854905272637,0.00874784689057155,0.0037623563633078505,-0.005573585113056867,-0.003925904005077464,0.001647681107979403,-0.1461079485843756,-0.1029150481935414,363,3,-0.0004626710527536109,0.03814703557923262,7,7,0.04319290039083419
74,regenerated_shortfalls_fixed_labels,total,pooled,-0.16377116430786862,-0.16256351922534285,0.0012076450825257712,-0.16416781512267428,-0.1568280583525318,0.0003966508148056658,-0.0057354608728110434,-0.006132111687616709,0.0011366840378451543,-0.01365037176173776,-0.014787055799582914,0.006380345985753297,-0.0636105212793998,363,3,0.061517124641902475,0.2145929869334119,5,5,-0.06999086726515309
74,regenerated_shortfalls_fixed_labels,total,family_month,-0.08757516874077126,-0.1238820930633946,-0.036306924322623335,-0.08707653255014933,-0.1360828380334732,-0.0004986361906219317,0.012200744970078614,0.012699381160700546,0.0007879175334437423,-0.016173458773579216,-0.01696137630702296,0.004422677106597368,-0.07536806772999452,363,3,0.061517124641902475,0.2145929869334119,7,7,-0.07979074483659189
74,regenerated_shortfalls_fixed_labels,total,family_month_minus_pooled,0.07619599556709736,0.03868142616194825,-0.037514569405149106,0.07709128257252496,0.020745220319058594,-0.0008952870054275974,0.017936205842889658,0.018831492848317255,-0.00034876650440141205,-0.002523087011841457,-0.002174320507440045,-0.001957668879155929,-0.011757546450594724,363,3,0.061517124641902475,0.2145929869334119,7,7,-0.009799877571438794
74,regenerated_shortfalls_fixed_labels,young_relative,pooled,-0.16302713404283437,-0.15661463004483023,0.006412503998004138,-0.16416781512267428,-0.1568280583525318,0.001140681079839917,0.00021342830770157417,-0.0009272527721383428,-0.007915802788313398,-0.026021111719040573,-0.018105308930727176,-0.20750767833248854,-0.5154863081377129,363,3,0.0016441249265199379,0.050478764049129696,5,5,-0.3079786298052244
74,regenerated_shortfalls_fixed_labels,young_relative,family_month,-0.08095036094304571,-0.1379909570185124,-0.0570405960754667,-0.08707653255014933,-0.1360828380334732,0.006126171607103617,-0.0019081189850392033,-0.00803429059214282,-0.013489387901370265,-0.030716438690612923,-0.017227050789242658,-0.35361562691686416,-0.6085021943230899,363,3,0.0016441249265199379,0.050478764049129696,7,7,-0.2548865674062258
74,regenerated_shortfalls_fixed_labels,young_relative,family_month_minus_pooled,0.08207677309978866,0.018623673026317816,-0.06345310007347084,0.07709128257252496,0.020745220319058594,0.0049854905272637,-0.0021215472927407775,-0.007107037820004478,-0.005573585113056867,-0.00469532697157235,0.0008782581414845166,-0.1461079485843756,-0.09301588618537704,363,3,0.0016441249265199379,0.050478764049129696,7,7,0.05309206239899855
74,regenerated_shortfalls_and_labels,total,pooled,-0.16377116430786862,-0.16231279920342706,0.0014583651044415558,-0.16416781512267428,-0.15664401738757994,0.0003966508148056658,-0.005668781815847124,-0.0060654326306527895,0.0011366840378451543,-0.01361425316817388,-0.014750937206019036,0.006380345985753297,-0.0634422091920384,363,3,0.061517124641902475,0.2145929869334119,5,5,-0.06982255517779169
74,regenerated_shortfalls_and_labels,total,family_month,-0.08757516874077126,-0.12415572791261631,-0.03658055917184505,-0.08707653255014933,-0.1365201823229482,-0.0004986361906219317,0.012364454410331904,0.012863090600953836,0.0007879175334437423,-0.016145154295220458,-0.0169330718286642,0.004422677106597368,-0.07523616929862807,363,3,0.061517124641902475,0.2145929869334119,7,7,-0.07965884640522544
74,regenerated_shortfalls_and_labels,total,family_month_minus_pooled,0.07619599556709736,0.03815707129081075,-0.038038924276286606,0.07709128257252496,0.020123835064631723,-0.0008952870054275974,0.018033236226179028,0.018928523231606625,-0.00034876650440141205,-0.0025309011270465767,-0.0021821346226451647,-0.001957668879155929,-0.011793960106589663,363,3,0.061517124641902475,0.2145929869334119,7,7,-0.009836291227433734
74,regenerated_shortfalls_and_labels,young_relative,pooled,-0.16302713404283437,-0.15639067964913933,0.006636454393695035,-0.16416781512267428,-0.15664401738757994,0.001140681079839917,0.0002533377384406066,-0.0008873433413993104,-0.007915802788313398,-0.02597225196389193,-0.018056449175578533,-0.20750767833248854,-0.5145183812070715,363,3,0.0016441249265199379,0.050478764049129696,5,5,-0.307010702874583
74,regenerated_shortfalls_and_labels,young_relative,family_month,-0.08095036094304571,-0.1384926137641594,-0.05754225282111368,-0.08707653255014933,-0.1365201823229482,0.006126171607103617,-0.0019724314412111754,-0.008098603048314792,-0.013489387901370265,-0.030636886034889333,-0.017147498133519068,-0.35361562691686416,-0.6069262314955103,363,3,0.0016441249265199379,0.050478764049129696,7,7,-0.2533106045786461
74,regenerated_shortfalls_and_labels,young_relative,family_month_minus_pooled,0.08207677309978866,0.01789806588497994,-0.06417870721480871,0.07709128257252496,0.020123835064631723,0.0049854905272637,-0.002225769179651782,-0.007211259706915482,-0.005573585113056867,-0.004664634070997403,0.0009089510420594634,-0.1461079485843756,-0.09240785028843879,363,3,0.0016441249265199379,0.050478764049129696,7,7,0.053700098295936805
75,fixed_shortfalls_fixed_labels,total,pooled,-0.16377116430786862,-0.15627012287044445,0.007501041437424166,-0.16416781512267428,-0.1612245989442717,0.0003966508148056658,0.004954476073827263,0.004557825259021597,0.0011366840378451543,0.013510707496625508,0.012374023458780354,0.006380345985753297,0.07583724717749983,363,4,0.06170076814319721,0.17815398105106858,5,5,0.06945690119174654
75,fixed_shortfalls_fixed_labels,total,family_month,-0.08757516874077126,-0.020422255193957174,0.06715291354681409,-0.08707653255014933,-0.014148247061014576,-0.0004986361906219317,-0.006274008132942597,-0.005775371942320666,0.0007879175334437423,0.00992545832651885,0.009137540793075109,0.004422677106597368,0.055712806797585265,363,4,0.06170076814319721,0.17815398105106858,7,7,0.051290129690987896
75,fixed_shortfalls_fixed_labels,total,family_month_minus_pooled,0.07619599556709736,0.13584786767648727,0.05965187210938991,0.07709128257252496,0.14707635188325713,-0.0008952870054275974,-0.011228484206769862,-0.010333197201342265,-0.00034876650440141205,-0.0035852491701066583,-0.0032364826657052463,-0.001957668879155929,-0.020124440379914562,363,4,0.06170076814319721,0.17815398105106858,7,7,-0.018166771500758634
75,fixed_shortfalls_fixed_labels,young_relative,pooled,-0.16302713404283437,-0.15989362245541108,0.003133511587423282,-0.16416781512267428,-0.1612245989442717,0.001140681079839917,0.0013309764888606301,0.00019029540902071318,-0.007915802788313398,-0.008854573028135805,-0.000938770239822407,-0.20750767833248854,-0.2321169363146075,363,4,-0.0004626710527536109,0.03814703557923262,5,5,-0.024609257982118965
75,fixed_shortfalls_fixed_labels,young_relative,family_month,-0.08095036094304571,-0.005888046663152368,0.07506231427989334,-0.08707653255014933,-0.014148247061014576,0.006126171607103617,0.008260200397862207,0.00213402879075859,-0.013489387901370265,-0.01670221357769834,-0.003212825676328076,-0.35361562691686416,-0.4378377854029392,363,4,-0.0004626710527536109,0.03814703557923262,7,7,-0.08422215848607506
75,fixed_shortfalls_fixed_labels,young_relative,family_month_minus_pooled,0.08207677309978866,0.1540055757922587,0.07192880269247005,0.07709128257252496,0.14707635188325713,0.0049854905272637,0.006929223909001581,0.0019437333817378805,-0.005573585113056867,-0.007847640549562536,-0.002274055436505669,-0.1461079485843756,-0.20572084908833174,363,4,-0.0004626710527536109,0.03814703557923262,7,7,-0.05961290050395615
75,regenerated_shortfalls_fixed_labels,total,pooled,-0.16377116430786862,-0.1614615272263305,0.002309637081538113,-0.16416781512267428,-0.1612245989442717,0.0003966508148056658,-0.00023692828205879035,-0.0006335790968644561,0.0011366840378451543,-0.002074020325649213,-0.0032107043634943674,0.006380345985753297,-0.009791396955333178,363,4,0.06991900165351914,0.21182067636626004,5,5,-0.016171742941086475
75,regenerated_shortfalls_fixed_labels,total,family_month,-0.08757516874077126,-0.008710254510068422,0.07886491423070284,-0.08707653255014933,-0.014148247061014576,-0.0004986361906219317,0.005437992550946154,0.005936628741568086,0.0007879175334437423,-0.007877599532794446,-0.00866551706623819,0.004422677106597368,-0.037189946080491476,363,4,0.06991900165351914,0.21182067636626004,7,7,-0.041612623187088846
75,regenerated_shortfalls_fixed_labels,total,family_month_minus_pooled,0.07619599556709736,0.15275127271626207,0.07655527714916471,0.07709128257252496,0.14707635188325713,-0.0008952870054275974,0.005674920833004943,0.00657020783843254,-0.00034876650440141205,-0.005803579207145233,-0.005454812702743821,-0.001957668879155929,-0.027398549125158298,363,4,0.06991900165351914,0.21182067636626004,7,7,-0.02544088024600237
75,regenerated_shortfalls_fixed_labels,young_relative,pooled,-0.16302713404283437,-0.1578363065250011,0.0051908275178332575,-0.16416781512267428,-0.1612245989442717,0.001140681079839917,0.0033882924192706054,0.0022476113394306885,-0.007915802788313398,-0.010828217568225069,-0.0029124147799116703,-0.20750767833248854,-0.2127962176556611,363,4,0.000495629459943647,0.05088538549941187,5,5,-0.005288539323172553
75,regenerated_shortfalls_fixed_labels,young_relative,family_month,-0.08095036094304571,-0.008907528658790109,0.0720428322842556,-0.08707653255014933,-0.014148247061014576,0.006126171607103617,0.005240718402224467,-0.0008854532048791497,-0.013489387901370265,-0.015528303081627564,-0.002038915180257299,-0.35361562691686416,-0.3051623354962505,363,4,0.000495629459943647,0.05088538549941187,7,7,0.048453291420613664
75,regenerated_shortfalls_fixed_labels,young_relative,family_month_minus_pooled,0.08207677309978866,0.148928777866211,0.06685200476642235,0.07709128257252496,0.14707635188325713,0.0049854905272637,0.0018524259829538758,-0.0031330645443098243,-0.005573585113056867,-0.0047000855134024955,0.0008734995996543711,-0.1461079485843756,-0.09236611784058939,363,4,0.000495629459943647,0.05088538549941187,7,7,0.053741830743786204
75,regenerated_shortfalls_and_labels,total,pooled,-0.16377116430786862,-0.15930889508459703,0.004462269223271587,-0.16416781512267428,-0.1590807195246136,0.0003966508148056658,-0.00022817555998341787,-0.0006248263747890836,0.0011366840378451543,-0.0020425095673319445,-0.003179193605177099,0.006380345985753297,-0.009642635470581883,363,4,0.06991900165351914,0.21182067636626004,5,5,-0.01602298145633518
75,regenerated_shortfalls_and_labels,total,family_month,-0.08757516874077126,-0.0039053764712817713,0.08366979226948949,-0.08707653255014933,-0.009505280549750335,-0.0004986361906219317,0.005599904078468564,0.006098540269090496,0.0007879175334437423,-0.008035914661254943,-0.008823832194698684,0.004422677106597368,-0.0379373477561747,363,4,0.06991900165351914,0.21182067636626004,7,7,-0.04236002486277207
75,regenerated_shortfalls_and_labels,total,family_month_minus_pooled,0.07619599556709736,0.15540351861331525,0.07920752304621789,0.07709128257252496,0.14957543897486328,-0.0008952870054275974,0.005828079638451972,0.006723366643879569,-0.00034876650440141205,-0.005993405093922998,-0.0056446385895215865,-0.001957668879155929,-0.028294712285592816,363,4,0.06991900165351914,0.21182067636626004,7,7,-0.02633704340643689
75,regenerated_shortfalls_and_labels,young_relative,pooled,-0.16302713404283437,-0.1558091074539703,0.007218026588864057,-0.16416781512267428,-0.1590807195246136,0.001140681079839917,0.003271612070643304,0.002130930990803387,-0.007915802788313398,-0.011213145147160646,-0.003297342358847247,-0.20750767833248854,-0.22036081749425374,363,4,0.000495629459943647,0.05088538549941187,5,5,-0.012853139161765198
75,regenerated_shortfalls_and_labels,young_relative,family_month,-0.08095036094304571,-0.004892586256855475,0.07605777468619024,-0.08707653255014933,-0.009505280549750335,0.006126171607103617,0.00461269429289486,-0.0015134773142087572,-0.013489387901370265,-0.015861512223526976,-0.002372124322156711,-0.35361562691686416,-0.3117105641994262,363,4,0.000495629459943647,0.05088538549941187,7,7,0.041905062717437935
75,regenerated_shortfalls_and_labels,young_relative,family_month_minus_pooled,0.08207677309978866,0.15091652119711482,0.06883974809732617,0.07709128257252496,0.14957543897486328,0.0049854905272637,0.001341082222251544,-0.003644408305012156,-0.005573585113056867,-0.00464836707636633,0.0009252180366905362,-0.1461079485843756,-0.09134974670517247,363,4,0.000495629459943647,0.05088538549941187,7,7,0.05475820187920312
76,fixed_shortfalls_fixed_labels,total,pooled,-0.16377116430786862,-0.18453414414191086,-0.02076297983404224,-0.16416781512267428,-0.18804341191473745,0.0003966508148056658,0.003509267772826591,0.003112616958020925,0.0011366840378451543,0.009976336770177483,0.008839652732332328,0.006380345985753297,0.05599839370032222,363,2,0.06170076814319721,0.17815398105106858,5,5,0.04961804771456892
76,fixed_shortfalls_fixed_labels,total,family_month,-0.08757516874077126,-0.08144306668667371,0.006132102054097546,-0.08707653255014933,-0.07611470146777873,-0.0004986361906219317,-0.005328365218894987,-0.004829729028273055,0.0007879175334437423,0.009050400787846913,0.00826248325440317,0.004422677106597368,0.050801002225443266,363,2,0.06170076814319721,0.17815398105106858,7,7,0.046378325118845896
76,fixed_shortfalls_fixed_labels,total,family_month_minus_pooled,0.07619599556709736,0.10309107745523714,0.026895081888139785,0.07709128257252496,0.11192871044695872,-0.0008952870054275974,-0.008837632991721578,-0.00794234598629398,-0.00034876650440141205,-0.0009259359823305703,-0.0005771694779291583,-0.001957668879155929,-0.005197391474878953,363,2,0.06170076814319721,0.17815398105106858,7,7,-0.003239722595723024
76,fixed_shortfalls_fixed_labels,young_relative,pooled,-0.16302713404283437,-0.18721817092449766,-0.024191036881663297,-0.16416781512267428,-0.18804341191473745,0.001140681079839917,0.0008252409902397839,-0.00031544008960013303,-0.007915802788313398,-0.006434449993098505,0.001481352795214893,-0.20750767833248854,-0.16867496767170664,363,2,-0.0004626710527536109,0.03814703557923262,5,5,0.038832710660781894
76,fixed_shortfalls_fixed_labels,young_relative,family_month,-0.08095036094304571,-0.07017617402859308,0.01077418691445263,-0.08707653255014933,-0.07611470146777873,0.006126171607103617,0.005938527439185645,-0.0001876441679179719,-0.013489387901370265,-0.01388269266688538,-0.0003933047655151154,-0.35361562691686416,-0.3639258583553781,363,2,-0.0004626710527536109,0.03814703557923262,7,7,-0.01031023143851395
76,fixed_shortfalls_fixed_labels,young_relative,family_month_minus_pooled,0.08207677309978866,0.11704199689590458,0.03496522379611593,0.07709128257252496,0.11192871044695872,0.0049854905272637,0.005113286448945861,0.00012779592168216114,-0.005573585113056867,-0.007448242673786875,-0.0018746575607300085,-0.1461079485843756,-0.19525089068367146,363,2,-0.0004626710527536109,0.03814703557923262,7,7,-0.04914294209929587
76,regenerated_shortfalls_fixed_labels,total,pooled,-0.16377116430786862,-0.1831656161117142,-0.01939445180384558,-0.16416781512267428,-0.18804341191473745,0.0003966508148056658,0.004877795803023249,0.0044811449882175836,0.0011366840378451543,0.011994094627363002,0.010857410589517847,0.006380345985753297,0.05599273542126906,363,2,0.06731322067221937,0.21420804926074388,5,5,0.04961238943551577
76,regenerated_shortfalls_fixed_labels,total,family_month,-0.08757516874077126,-0.08614453275341617,0.0014306359873550861,-0.08707653255014933,-0.07611470146777873,-0.0004986361906219317,-0.010029831285637447,-0.009531195095015516,0.0007879175334437423,0.013179805527182285,0.012391887993738544,0.004422677106597368,0.061528059158688385,363,2,0.06731322067221937,0.21420804926074388,7,7,0.057105382052091015
76,regenerated_shortfalls_fixed_labels,total,family_month_minus_pooled,0.07619599556709736,0.09702108335829802,0.020825087791200667,0.07709128257252496,0.11192871044695872,-0.0008952870054275974,-0.014907627088660697,-0.014012340083233099,-0.00034876650440141205,0.0011857108998192829,0.001534477404220695,-0.001957668879155929,0.005535323737419321,363,2,0.06731322067221937,0.21420804926074388,7,7,0.00749299261657525
76,regenerated_shortfalls_fixed_labels,young_relative,pooled,-0.16302713404283437,-0.18909448899925244,-0.02606735495641807,-0.16416781512267428,-0.18804341191473745,0.001140681079839917,-0.0010510770845149897,-0.0021917581643549067,-0.007915802788313398,0.005399906502009293,0.013315709290322691,-0.20750767833248854,0.11076188410820091,363,2,0.0038663863317375514,0.04875238937552055,5,5,0.31826956244068944
76,regenerated_shortfalls_fixed_labels,young_relative,family_month,-0.08095036094304571,-0.07574814138192362,0.005202219561122087,-0.08707653255014933,-0.07611470146777873,0.006126171607103617,0.0003665600858551027,-0.005759611521248514,-0.013489387901370265,-0.0005860264760493538,0.01290336142532091,-0.35361562691686416,-0.012020466761852871,363,2,0.0038663863317375514,0.04875238937552055,7,7,0.3415951601550113
76,regenerated_shortfalls_fixed_labels,young_relative,family_month_minus_pooled,0.08207677309978866,0.11334634761732881,0.03126957451754016,0.07709128257252496,0.11192871044695872,0.0049854905272637,0.0014176371703700924,-0.0035678533568936077,-0.005573585113056867,-0.0059859329780586465,-0.0004123478650017798,-0.1461079485843756,-0.12278235087005378,363,2,0.0038663863317375514,0.04875238937552055,7,7,0.023325597714321814
76,regenerated_shortfalls_and_labels,total,pooled,-0.16377116430786862,-0.18316113283604807,-0.019389968528179452,-0.16416781512267428,-0.18803191184232435,0.0003966508148056658,0.004870779006276277,0.004474128191470611,0.0011366840378451543,0.011976495360437885,0.01083981132259273,0.006380345985753297,0.05591057573125809,363,2,0.06731322067221937,0.21420804926074388,5,5,0.0495302297455048
76,regenerated_shortfalls_and_labels,total,family_month,-0.08757516874077126,-0.0869389204378046,0.0006362483029666577,-0.08707653255014933,-0.07692487118605836,-0.0004986361906219317,-0.010014049251746246,-0.009515413061124314,0.0007879175334437423,0.013205934360814964,0.01241801682737122,0.004422677106597368,0.061650037925232645,363,2,0.06731322067221937,0.21420804926074388,7,7,0.057227360818635276
76,regenerated_shortfalls_and_labels,total,family_month_minus_pooled,0.07619599556709736,0.09622221239824347,0.02002621683114611,0.07709128257252496,0.11110704065626599,-0.0008952870054275974,-0.014884828258022523,-0.013989541252594925,-0.00034876650440141205,0.0012294390003770791,0.0015782055047784912,-0.001957668879155929,0.005739462193974558,363,2,0.06731322067221937,0.21420804926074388,7,7,0.007697131073130487
76,regenerated_shortfalls_and_labels,young_relative,pooled,-0.16302713404283437,-0.18905541585188843,-0.02602828180905406,-0.16416781512267428,-0.18803191184232435,0.001140681079839917,-0.0010235040095640802,-0.002164185089403997,-0.007915802788313398,0.005256155891788204,0.013171958680101603,-0.20750767833248854,0.1078132981606726,363,2,0.0038663863317375514,0.04875238937552055,5,5,0.31532097649316115
76,regenerated_shortfalls_and_labels,young_relative,family_month,-0.08095036094304571,-0.07642785841868188,0.004522502524363828,-0.08707653255014933,-0.07692487118605836,0.006126171607103617,0.0004970127673764729,-0.005629158839727144,-0.013489387901370265,-0.0007789418138424356,0.012710446087527829,-0.35361562691686416,-0.015977510514255045,363,2,0.0038663863317375514,0.04875238937552055,7,7,0.3376381164026091
76,regenerated_shortfalls_and_labels,young_relative,family_month_minus_pooled,0.08207677309978866,0.11262755743320654,0.030550784333417888,0.07709128257252496,0.11110704065626599,0.0049854905272637,0.001520516776940553,-0.003464973750323147,-0.005573585113056867,-0.0060350977056306395,-0.0004615125925737729,-0.1461079485843756,-0.12379080867492764,363,2,0.0038663863317375514,0.04875238937552055,7,7,0.022317139909447947
77,fixed_shortfalls_fixed_labels,total,pooled,-0.16377116430786862,-0.15919262072532633,0.004578543582542283,-0.16416781512267428,-0.1606174958044267,0.0003966508148056658,0.0014248750791003573,0.0010282242642946915,0.0011366840378451543,0.0039044572019632548,0.0027677731641181005,0.006380345985753297,0.02191619395159082,363,2,0.06170076814319721,0.17815398105106858,5,5,0.015535847965837523
77,fixed_shortfalls_fixed_labels,total,family_month,-0.08757516874077126,-0.052585489414528556,0.0349896793262427,-0.08707653255014933,-0.051514815103233795,-0.0004986361906219317,-0.0010706743112947614,-0.0005720381206728298,0.0007879175334437423,0.0018196431306404766,0.0010317255971967344,0.004422677106597368,0.010213878577986245,363,2,0.06170076814319721,0.17815398105106858,7,7,0.005791201471388877
77,fixed_shortfalls_fixed_labels,total,family_month_minus_pooled,0.07619599556709736,0.10660713131079777,0.030411135743700413,0.07709128257252496,0.10910268070119289,-0.0008952870054275974,-0.0024955493903951187,-0.0016002623849675213,-0.00034876650440141205,-0.0020848140713227784,-0.0017360475669213663,-0.001957668879155929,-0.011702315373604577,363,2,0.06170076814319721,0.17815398105106858,7,7,-0.009744646494448648
77,fixed_shortfalls_fixed_labels,young_relative,pooled,-0.16302713404283437,-0.15932643088035203,0.0037007031624823328,-0.16416781512267428,-0.1606174958044267,0.001140681079839917,0.0012910649240746586,0.0001503838442347416,-0.007915802788313398,-0.008587350244479462,-0.000671547456166063,-0.20750767833248854,-0.2251118629295128,363,2,-0.0004626710527536109,0.03814703557923262,5,5,-0.01760418459702426
77,fixed_shortfalls_fixed_labels,young_relative,family_month,-0.08095036094304571,-0.04513430508542109,0.03581605585762462,-0.08707653255014933,-0.051514815103233795,0.006126171607103617,0.006380510017812702,0.0002543384107090846,-0.013489387901370265,-0.013157159461446171,0.00033222843992409407,-0.35361562691686416,-0.34490647206696645,363,2,-0.0004626710527536109,0.03814703557923262,7,7,0.008709154849897704
77,fixed_shortfalls_fixed_labels,young_relative,family_month_minus_pooled,0.08207677309978866,0.11419212579493093,0.03211535269514228,0.07709128257252496,0.10910268070119289,0.0049854905272637,0.005089445093738043,0.00010395456647434298,-0.005573585113056867,-0.0045698092169667096,0.001003775896090157,-0.1461079485843756,-0.11979460913745364,363,2,-0.0004626710527536109,0.03814703557923262,7,7,0.02631333944692195
77,regenerated_shortfalls_fixed_labels,total,pooled,-0.16377116430786862,-0.15804020232003727,0.005730961987831351,-0.16416781512267428,-0.1606174958044267,0.0003966508148056658,0.0025772934843894257,0.00218064266958376,0.0011366840378451543,0.004366601939818115,0.003229917901972961,0.006380345985753297,0.02084687442047106,363,2,0.06464990702113269,0.2094607494507777,5,5,0.014466528434717761
77,regenerated_shortfalls_fixed_labels,total,family_month,-0.08757516874077126,-0.05221178433948081,0.03536338440129045,-0.08707653255014933,-0.051514815103233795,-0.0004986361906219317,-0.0006969692362470137,-0.00019833304562508203,0.0007879175334437423,0.0029500832095200762,0.002162165676076334,0.004422677106597368,0.014084181486294797,363,2,0.06464990702113269,0.2094607494507777,7,7,0.00966150437969743
77,regenerated_shortfalls_fixed_labels,total,family_month_minus_pooled,0.07619599556709736,0.10582841798055645,0.029632422413459092,0.07709128257252496,0.10910268070119289,-0.0008952870054275974,-0.0032742627206364394,-0.002378975715208842,-0.00034876650440141205,-0.001416518730298039,-0.0010677522258966269,-0.001957668879155929,-0.006762692934176263,363,2,0.06464990702113269,0.2094607494507777,7,7,-0.0048050240550203335
77,regenerated_shortfalls_fixed_labels,young_relative,pooled,-0.16302713404283437,-0.16055573682885516,0.0024713972139792095,-0.16416781512267428,-0.1606174958044267,0.001140681079839917,6.175897557153531e-05,-0.0010789221042683816,-0.007915802788313398,0.007288491440532494,0.015204294228845894,-0.20750767833248854,0.15503496590013466,363,2,-0.0026509642406847378,0.04701192017049467,5,5,0.36254264423262317
77,regenerated_shortfalls_fixed_labels,young_relative,family_month,-0.08095036094304571,-0.05304395257276489,0.02790640837028082,-0.08707653255014933,-0.051514815103233795,0.006126171607103617,-0.0015291374695310944,-0.0076553090766347115,-0.013489387901370265,0.0034778004295393256,0.016967188330909592,-0.35361562691686416,0.0739769917273458,363,2,-0.0026509642406847378,0.04701192017049467,7,7,0.42759261864420994
77,regenerated_shortfalls_fixed_labels,young_relative,family_month_minus_pooled,0.08207677309978866,0.10751178425609026,0.025435011156301604,0.07709128257252496,0.10910268070119289,0.0049854905272637,-0.0015908964451026297,-0.00657638697236633,-0.005573585113056867,-0.0038106910109931688,0.0017628941020636979,-0.1461079485843756,-0.08105797417278886,363,2,-0.0026509642406847378,0.04701192017049467,7,7,0.06504997441158673
77,regenerated_shortfalls_and_labels,total,pooled,-0.16377116430786862,-0.15804857269515715,0.005722591612711464,-0.16416781512267428,-0.16059452250747736,0.0003966508148056658,0.002545949812320203,0.002149298997514537,0.0011366840378451543,0.004313594676170747,0.0031769106383255923,0.006380345985753297,0.02059380904289384,363,2,0.06464990702113269,0.2094607494507777,5,5,0.014213463057140541
77,regenerated_shortfalls_and_labels,total,family_month,-0.08757516874077126,-0.05174857144911422,0.03582659729165704,-0.08707653255014933,-0.05106786782472826,-0.0004986361906219317,-0.0006807036243859574,-0.00018206743376402573,0.0007879175334437423,0.0028281304766939507,0.0020402129432502084,0.004422677106597368,0.013501959121742511,363,2,0.06464990702113269,0.2094607494507777,7,7,0.009079282015145143
77,regenerated_shortfalls_and_labels,total,family_month_minus_pooled,0.07619599556709736,0.10630000124604294,0.030104005678945583,0.07709128257252496,0.1095266546827491,-0.0008952870054275974,-0.0032266534367061533,-0.002331366431278556,-0.00034876650440141205,-0.001485464199476796,-0.0011366976950753838,-0.001957668879155929,-0.007091849921151328,363,2,0.06464990702113269,0.2094607494507777,7,7,-0.005134181041995398
77,regenerated_shortfalls_and_labels,young_relative,pooled,-0.16302713404283437,-0.16053082295740664,0.0024963110854277215,-0.16416781512267428,-0.16059452250747736,0.001140681079839917,6.36995500707116e-05,-0.0010769815297692054,-0.007915802788313398,0.007431794809605478,0.015347597597918877,-0.20750767833248854,0.15808320065747442,363,2,-0.0026509642406847378,0.04701192017049467,5,5,0.36559087898996295
77,regenerated_shortfalls_and_labels,young_relative,family_month,-0.08095036094304571,-0.052627205685295796,0.028323155257749914,-0.08707653255014933,-0.05106786782472826,0.006126171607103617,-0.0015593378605675348,-0.007685509467671152,-0.013489387901370265,0.0036043701303614065,0.017093758031731673,-0.35361562691686416,0.07666928126504305,363,2,-0.0026509642406847378,0.04701192017049467,7,7,0.43028490818190723
77,regenerated_shortfalls_and_labels,young_relative,family_month_minus_pooled,0.08207677309978866,0.10790361727211084,0.025826844172322186,0.07709128257252496,0.1095266546827491,0.0049854905272637,-0.0016230374106382534,-0.0066085279379019535,-0.005573585113056867,-0.003827424679244072,0.0017461604338127948,-0.1461079485843756,-0.08141391939243137,363,2,-0.0026509642406847378,0.04701192017049467,7,7,0.06469402919194422
78,fixed_shortfalls_fixed_labels,total,pooled,-0.16377116430786862,-0.23079649058061746,-0.06702532627274885,-0.16416781512267428,-0.22586026187432937,0.0003966508148056658,-0.004936228706288098,-0.005332879521093764,0.0011366840378451543,-0.013151634900929528,-0.014288318938774682,0.006380345985753297,-0.07382172895232443,363,1,0.06170076814319721,0.17815398105106858,5,5,-0.08020207493807772
78,fixed_shortfalls_fixed_labels,total,family_month,-0.08757516874077126,-0.14021489006803292,-0.05263972132726166,-0.08707653255014933,-0.15100328055430615,-0.0004986361906219317,0.010788390486273225,0.011287026676895157,0.0007879175334437423,-0.016509167741489722,-0.017297085274933465,0.004422677106597368,-0.09266796983199213,363,1,0.06170076814319721,0.17815398105106858,6,6,-0.0970906469385895
78,fixed_shortfalls_fixed_labels,total,family_month_minus_pooled,0.07619599556709736,0.09058160051258454,0.014385604945487185,0.07709128257252496,0.07485698132002322,-0.0008952870054275974,0.015724619192561323,0.01661990619798892,-0.00034876650440141205,-0.0033575328405601942,-0.003008766336158782,-0.001957668879155929,-0.018846240879667703,363,1,0.06170076814319721,0.17815398105106858,6,6,-0.016888572000511776
78,fixed_shortfalls_fixed_labels,young_relative,pooled,-0.16302713404283437,-0.2256560184442236,-0.06262888440138922,-0.16416781512267428,-0.22586026187432937,0.001140681079839917,0.00020424343010577717,-0.0009364376497341398,-0.007915802788313398,-0.0012835854127094778,0.0066322173756039205,-0.20750767833248854,-0.03364836594034756,363,1,-0.0004626710527536109,0.03814703557923262,5,5,0.17385931239214097
78,fixed_shortfalls_fixed_labels,young_relative,family_month,-0.08095036094304571,-0.14654684145986466,-0.06559648051681895,-0.08707653255014933,-0.15100328055430615,0.006126171607103617,0.004456439094441489,-0.0016697325126621282,-0.013489387901370265,-0.009450987427592764,0.004038400473777501,-0.35361562691686416,-0.2477515561586105,363,1,-0.0004626710527536109,0.03814703557923262,6,6,0.10586407075825366
78,fixed_shortfalls_fixed_labels,young_relative,family_month_minus_pooled,0.08207677309978866,0.07910917698435893,-0.0029675961154297242,0.07709128257252496,0.07485698132002322,0.0049854905272637,0.004252195664335712,-0.0007332948629279884,-0.005573585113056867,-0.008167402014883286,-0.0025938169018264196,-0.1461079485843756,-0.21410319021826293,363,1,-0.0004626710527536109,0.03814703557923262,6,6,-0.06799524163388734
78,regenerated_shortfalls_fixed_labels,total,pooled,-0.16377116430786862,-0.22696352144819565,-0.06319235714032703,-0.16416781512267428,-0.22586026187432937,0.0003966508148056658,-0.0011032595738662831,-0.001499910388671949,0.0011366840378451543,-0.004731312981373154,-0.005867997019218309,0.006380345985753297,-0.021298703391044078,363,1,0.051694464262943295,0.2221408925466623,5,5,-0.027679049376797375
78,regenerated_shortfalls_fixed_labels,total,family_month,-0.08757516874077126,-0.149054112838355,-0.061478944097583754,-0.08707653255014933,-0.15100328055430615,-0.0004986361906219317,0.0019491677159511334,0.002447803906573065,0.0007879175334437423,-0.005387748974638585,-0.006175666508082327,0.004422677106597368,-0.024253746858007463,363,1,0.051694464262943295,0.2221408925466623,6,6,-0.028676423964604833
78,regenerated_shortfalls_fixed_labels,total,family_month_minus_pooled,0.07619599556709736,0.07790940860984064,0.001713413042743278,0.07709128257252496,0.07485698132002322,-0.0008952870054275974,0.0030524272898174165,0.003947714295245014,-0.00034876650440141205,-0.0006564359932654303,-0.0003076694888640183,-0.001957668879155929,-0.0029550434669633877,363,1,0.051694464262943295,0.2221408925466623,6,6,-0.0009973745878074586
78,regenerated_shortfalls_fixed_labels,young_relative,pooled,-0.16302713404283437,-0.22556285390751318,-0.06253571986467882,-0.16416781512267428,-0.22586026187432937,0.001140681079839917,0.0002974079668161822,-0.0008432731130237348,-0.007915802788313398,-0.001326403743721071,0.006589399044592327,-0.20750767833248854,-0.027334673895589773,363,1,-3.5096868175413264e-05,0.048524586347272115,5,5,0.18017300443689876
78,regenerated_shortfalls_fixed_labels,young_relative,family_month,-0.08095036094304571,-0.14437733628887828,-0.06342697534583257,-0.08707653255014933,-0.15100328055430615,0.006126171607103617,0.006625944265427869,0.0004997726583242518,-0.013489387901370265,-0.008652277899230848,0.0048371100021394175,-0.35361562691686416,-0.17830709235334366,363,1,-3.5096868175413264e-05,0.048524586347272115,6,6,0.1753085345635205
78,regenerated_shortfalls_fixed_labels,young_relative,family_month_minus_pooled,0.08207677309978866,0.0811855176186349,-0.0008912554811537493,0.07709128257252496,0.07485698132002322,0.0049854905272637,0.006328536298611687,0.0013430457713479865,-0.005573585113056867,-0.0073258741555097765,-0.0017522890424529099,-0.1461079485843756,-0.1509724184577539,363,1,-3.5096868175413264e-05,0.048524586347272115,6,6,-0.0048644698733782965
78,regenerated_shortfalls_and_labels,total,pooled,-0.16377116430786862,-0.2269635214481956,-0.06319235714032698,-0.16416781512267428,-0.22586026187432962,0.0003966508148056658,-0.0011032595738659778,-0.0014999103886716436,0.0011366840378451543,-0.004731312981373118,-0.005867997019218273,0.006380345985753297,-0.02129870339104391,363,1,0.051694464262943295,0.2221408925466623,5,5,-0.02767904937679721
78,regenerated_shortfalls_and_labels,total,family_month,-0.08757516874077126,-0.14905411283835504,-0.06147894409758378,-0.08707653255014933,-0.15100328055430606,-0.0004986361906219317,0.0019491677159510223,0.002447803906572954,0.0007879175334437423,-0.005387748974638601,-0.006175666508082343,0.004422677106597368,-0.02425374685800754,363,1,0.051694464262943295,0.2221408925466623,6,6,-0.02867642396460491
78,regenerated_shortfalls_and_labels,total,family_month_minus_pooled,0.07619599556709736,0.07790940860984055,0.0017134130427431948,0.07709128257252496,0.07485698132002355,-0.0008952870054275974,0.003052427289817,0.003947714295244598,-0.00034876650440141205,-0.0006564359932654832,-0.0003076694888640712,-0.001957668879155929,-0.002955043466963626,363,1,0.051694464262943295,0.2221408925466623,6,6,-0.0009973745878076967
78,regenerated_shortfalls_and_labels,young_relative,pooled,-0.16302713404283437,-0.22556285390751318,-0.06253571986467882,-0.16416781512267428,-0.22586026187432962,0.001140681079839917,0.000297407966816432,-0.000843273113023485,-0.007915802788313398,-0.0013264037437210434,0.006589399044592355,-0.20750767833248854,-0.027334673895589204,363,1,-3.5096868175413264e-05,0.048524586347272115,5,5,0.18017300443689932
78,regenerated_shortfalls_and_labels,young_relative,family_month,-0.08095036094304571,-0.14437733628887836,-0.06342697534583265,-0.08707653255014933,-0.15100328055430606,0.006126171607103617,0.006625944265427702,0.0004997726583240852,-0.013489387901370265,-0.008652277899230823,0.004837110002139442,-0.35361562691686416,-0.17830709235334316,363,1,-3.5096868175413264e-05,0.048524586347272115,6,6,0.175308534563521
78,regenerated_shortfalls_and_labels,young_relative,family_month_minus_pooled,0.08207677309978866,0.08118551761863482,-0.0008912554811538326,0.07709128257252496,0.07485698132002355,0.0049854905272637,0.00632853629861127,0.0013430457713475702,-0.005573585113056867,-0.00732587415550978,-0.0017522890424529133,-0.1461079485843756,-0.15097241845775394,363,1,-3.5096868175413264e-05,0.048524586347272115,6,6,-0.004864469873378352
79,fixed_shortfalls_fixed_labels,total,pooled,-0.16377116430786862,-0.11044920552329031,0.05332195878457831,-0.16416781512267428,-0.11416099104099503,0.0003966508148056658,0.0037117855177047215,0.0033151347028990558,0.0011366840378451543,0.010178245345625267,0.009041561307780112,0.006380345985753297,0.05713173113267466,363,1,0.06170076814319721,0.17815398105106858,5,5,0.05075138514692137
79,fixed_shortfalls_fixed_labels,total,family_month,-0.08757516874077126,-0.03733780382117119,0.05023736491960007,-0.08707653255014933,-0.03324857501678578,-0.0004986361906219317,-0.004089228804385413,-0.003590592613763481,0.0007879175334437423,0.006535108072963594,0.005747190539519852,0.004422677106597368,0.03668235778065649,363,1,0.06170076814319721,0.17815398105106858,7,7,0.03225968067405912
79,fixed_shortfalls_fixed_labels,total,family_month_minus_pooled,0.07619599556709736,0.07311140170211912,-0.0030845938649782384,0.07709128257252496,0.08091241602420926,-0.0008952870054275974,-0.007801014322090141,-0.006905727316662544,-0.00034876650440141205,-0.003643137272661673,-0.003294370768260261,-0.001957668879155929,-0.020449373352018175,363,1,0.06170076814319721,0.17815398105106858,7,7,-0.018491704472862247
79,fixed_shortfalls_fixed_labels,young_relative,pooled,-0.16302713404283437,-0.11589472523434043,0.04713240880849394,-0.16416781512267428,-0.11416099104099503,0.001140681079839917,-0.001733734193345396,-0.002874415273185313,-0.007915802788313398,0.011801757426382883,0.019717560214696284,-0.20750767833248854,0.3093754795669575,363,1,-0.0004626710527536109,0.03814703557923262,5,5,0.516883157899446
79,fixed_shortfalls_fixed_labels,young_relative,family_month,-0.08095036094304571,-0.0353459407498273,0.04560442019321841,-0.08707653255014933,-0.03324857501678578,0.006126171607103617,-0.00209736573304152,-0.008223537340145137,-0.013489387901370265,0.005057583181034043,0.018546971082404308,-0.35361562691686416,0.13258128984962095,363,1,-0.0004626710527536109,0.03814703557923262,7,7,0.48619691676648513
79,fixed_shortfalls_fixed_labels,young_relative,family_month_minus_pooled,0.08207677309978866,0.08054878448451314,-0.001527988615275519,0.07709128257252496,0.08091241602420926,0.0049854905272637,-0.0003636315396961243,-0.005349122066959824,-0.005573585113056867,-0.0067441742453488406,-0.001170589132291974,-0.1461079485843756,-0.17679418971733657,363,1,-0.0004626710527536109,0.03814703557923262,7,7,-0.03068624113296098
79,regenerated_shortfalls_fixed_labels,total,pooled,-0.16377116430786862,-0.10840738456669811,0.0553637797411705,-0.16416781512267428,-0.11416099104099503,0.0003966508148056658,0.005753606474296916,0.00535695565949125,0.0011366840378451543,0.01665793332531374,0.015521249287468586,0.006380345985753297,0.07941433334442037,363,1,0.06596093943186017,0.20975978294835265,5,5,0.07303398735866708
79,regenerated_shortfalls_fixed_labels,total,family_month,-0.08757516874077126,-0.039011184370637594,0.048563984370133664,-0.08707653255014933,-0.03324857501678578,-0.0004986361906219317,-0.005762609353851818,-0.005263973163229886,0.0007879175334437423,0.016526804963144695,0.015738887429700952,0.004422677106597368,0.07878919748507725,363,1,0.06596093943186017,0.20975978294835265,7,7,0.07436652037847988
79,regenerated_shortfalls_fixed_labels,total,family_month_minus_pooled,0.07619599556709736,0.06939620019606052,-0.0067997953710368375,0.07709128257252496,0.08091241602420926,-0.0008952870054275974,-0.01151621582814874,-0.010620928822721143,-0.00034876650440141205,-0.00013112836216904594,0.0002176381422323661,-0.001957668879155929,-0.0006251358593431256,363,1,0.06596093943186017,0.20975978294835265,7,7,0.0013325330198128036
79,regenerated_shortfalls_fixed_labels,young_relative,pooled,-0.16302713404283437,-0.11760803666317798,0.04541909737965638,-0.16416781512267428,-0.11416099104099503,0.001140681079839917,-0.0034470456221829537,-0.004587726702022871,-0.007915802788313398,0.012347551352704975,0.020263354141018375,-0.20750767833248854,0.25534059672135023,363,1,0.003401574144219915,0.04835718060994309,5,5,0.46284827505383874
79,regenerated_shortfalls_fixed_labels,young_relative,family_month,-0.08095036094304571,-0.03759421609606922,0.04335614484697649,-0.08707653255014933,-0.03324857501678578,0.006126171607103617,-0.004345641079283445,-0.010471812686387062,-0.013489387901370265,0.01220299480943429,0.025692382710804554,-0.35361562691686416,0.2523512466093844,363,1,0.003401574144219915,0.04835718060994309,7,7,0.6059668735262486
79,regenerated_shortfalls_fixed_labels,young_relative,family_month_minus_pooled,0.08207677309978866,0.08001382056710876,-0.002062952532679893,0.07709128257252496,0.08091241602420926,0.0049854905272637,-0.0008985954571004984,-0.0058840859843641985,-0.005573585113056867,-0.0001445565432706842,0.0054290285697861825,-0.1461079485843756,-0.0029893501119658086,363,1,0.003401574144219915,0.04835718060994309,7,7,0.1431185984724098
79,regenerated_shortfalls_and_labels,total,pooled,-0.16377116430786862,-0.10837640382442014,0.05539476048344848,-0.16416781512267428,-0.11413433771763347,0.0003966508148056658,0.0057579338932133295,0.005361283078407664,0.0011366840378451543,0.016670555549017516,0.01553387151117236,0.006380345985753297,0.07947450800481694,363,1,0.06596093943186017,0.20975978294835265,5,5,0.07309416201906364
79,regenerated_shortfalls_and_labels,total,family_month,-0.08757516874077126,-0.037916873552125904,0.049658295188645354,-0.08707653255014933,-0.03211848635091264,-0.0004986361906219317,-0.005798387201213263,-0.005299751010591332,0.0007879175334437423,0.016423203889871736,0.015635286356427993,0.004422677106597368,0.07829529406938546,363,1,0.06596093943186017,0.20975978294835265,7,7,0.07387261696278809
79,regenerated_shortfalls_and_labels,total,family_month_minus_pooled,0.07619599556709736,0.07045953027229424,-0.0057364652948031225,0.07709128257252496,0.08201585136672082,-0.0008952870054275974,-0.011556321094426586,-0.010661034088998989,-0.00034876650440141205,-0.00024735165914577945,0.0001014148452556326,-0.001957668879155929,-0.0011792139354314774,363,1,0.06596093943186017,0.20975978294835265,7,7,0.0007784549437244517
79,regenerated_shortfalls_and_labels,young_relative,pooled,-0.16302713404283437,-0.11759736452623651,0.04542976951659786,-0.16416781512267428,-0.11413433771763347,0.001140681079839917,-0.0034630268086030397,-0.004603707888442957,-0.007915802788313398,0.012406430146897017,0.020322232935210415,-0.20750767833248854,0.2565581779254111,363,1,0.003401574144219915,0.04835718060994309,5,5,0.46406585625789964
79,regenerated_shortfalls_and_labels,young_relative,family_month,-0.08095036094304571,-0.03645310088010652,0.04449726006293919,-0.08707653255014933,-0.03211848635091264,0.006126171607103617,-0.004334614529193877,-0.010460786136297494,-0.013489387901370265,0.012280612797116128,0.025770000698486395,-0.35361562691686416,0.2539563440675658,363,1,0.003401574144219915,0.04835718060994309,7,7,0.6075719709844299
79,regenerated_shortfalls_and_labels,young_relative,family_month_minus_pooled,0.08207677309978866,0.08114426364612999,-0.0009325094536586642,0.07709128257252496,0.08201585136672082,0.0049854905272637,-0.0008715877205908301,-0.00585707824785453,-0.005573585113056867,-0.00012581734978088857,0.005447767763275978,-0.1461079485843756,-0.002601833857845267,363,1,0.003401574144219915,0.04835718060994309,7,7,0.14350611472653033
80,fixed_shortfalls_fixed_labels,total,pooled,-0.16377116430786862,-0.16323644512697197,0.0005347191808966478,-0.16416781512267428,-0.1640424426652682,0.0003966508148056658,0.0008059975382962437,0.0004093467234905779,0.0011366840378451543,0.0021244067192033025,0.0009877226813581482,0.006380345985753297,0.011924553729699324,363,0,0.06170076814319721,0.17815398105106858,5,5,0.005544207743946028
80,fixed_shortfalls_fixed_labels,total,family_month,-0.08757516874077126,-0.05760096434674708,0.02997420439402418,-0.08707653255014933,-0.05571563105266415,-0.0004986361906219317,-0.0018853332940829276,-0.001386697103460996,0.0007879175334437423,0.003280384989251083,0.0024924674558073406,0.004422677106597368,0.0184132005914072,363,0,0.06170076814319721,0.17815398105106858,8,8,0.01399052348480983
80,fixed_shortfalls_fixed_labels,total,family_month_minus_pooled,0.07619599556709736,0.10563548078022489,0.02943948521312753,0.07709128257252496,0.10832681161260406,-0.0008952870054275974,-0.0026913308323791713,-0.0017960438269515738,-0.00034876650440141205,0.0011559782700477804,0.0015047447744491924,-0.001957668879155929,0.006488646861707875,363,0,0.06170076814319721,0.17815398105106858,8,8,0.008446315740863804
80,fixed_shortfalls_fixed_labels,young_relative,pooled,-0.16302713404283437,-0.16353859942412086,-0.0005114653812864911,-0.16416781512267428,-0.1640424426652682,0.001140681079839917,0.0005038432411473559,-0.000636837838692561,-0.007915802788313398,-0.0030853960662537328,0.004830406722059666,-0.20750767833248854,-0.08088167322583338,363,0,-0.0004626710527536109,0.03814703557923262,5,5,0.12662600510665517
80,fixed_shortfalls_fixed_labels,young_relative,family_month,-0.08095036094304571,-0.05154076684346247,0.02940959409958324,-0.08707653255014933,-0.05571563105266415,0.006126171607103617,0.004174864209201684,-0.001951307397901933,-0.013489387901370265,-0.008374624845715039,0.0051147630556552266,-0.35361562691686416,-0.21953540343444702,363,0,-0.0004626710527536109,0.03814703557923262,8,8,0.13408022348241713
80,fixed_shortfalls_fixed_labels,young_relative,family_month_minus_pooled,0.08207677309978866,0.11199783258065839,0.029921059480869733,0.07709128257252496,0.10832681161260406,0.0049854905272637,0.003671020968054328,-0.001314469559209372,-0.005573585113056867,-0.005289228779461306,0.0002843563335955604,-0.1461079485843756,-0.13865373020861366,363,0,-0.0004626710527536109,0.03814703557923262,8,8,0.007454218375761934
80,regenerated_shortfalls_fixed_labels,total,pooled,-0.16377116430786862,-0.16477661369296068,-0.001005449385092061,-0.16416781512267428,-0.1640424426652682,0.0003966508148056658,-0.0007341710276924651,-0.0011308218424981309,0.0011366840378451543,-0.0027580429304860333,-0.0038947269683311876,0.006380345985753297,-0.012720052498718616,363,0,0.06536319217438598,0.2168263795109235,5,5,-0.01910039848447191
80,regenerated_shortfalls_fixed_labels,total,family_month,-0.08757516874077126,-0.05586946018001965,0.03170570856075161,-0.08707653255014933,-0.05571563105266415,-0.0004986361906219317,-0.00015382912735549537,0.0003448070632664363,0.0007879175334437423,0.00023440785124352332,-0.0005535096822002189,0.004422677106597368,0.0010810854831052237,363,0,0.06536319217438598,0.2168263795109235,8,8,-0.0033415916234921443
80,regenerated_shortfalls_fixed_labels,total,family_month_minus_pooled,0.07619599556709736,0.10890715351294103,0.03271115794584367,0.07709128257252496,0.10832681161260406,-0.0008952870054275974,0.0005803419003369698,0.0014756289057645672,-0.00034876650440141205,0.0029924507817295568,0.003341217286130969,-0.001957668879155929,0.013801137981823839,363,0,0.06536319217438598,0.2168263795109235,8,8,0.015758806860979767
80,regenerated_shortfalls_fixed_labels,young_relative,pooled,-0.16302713404283437,-0.16182605682669715,0.001201077216137214,-0.16416781512267428,-0.1640424426652682,0.001140681079839917,0.002216385838571061,0.0010757047587311441,-0.007915802788313398,-0.0064458637686835565,0.001469939019629842,-0.20750767833248854,-0.14013064038596482,363,0,0.00039021396338488954,0.045998960333939645,5,5,0.06737703794652372
80,regenerated_shortfalls_fixed_labels,young_relative,family_month,-0.08095036094304571,-0.050811876904900036,0.030138484038145674,-0.08707653255014933,-0.05571563105266415,0.006126171607103617,0.004903754147764117,-0.0012224174593395004,-0.013489387901370265,-0.008815066355783628,0.004674321545586637,-0.35361562691686416,-0.19163620855316513,363,0,0.00039021396338488954,0.045998960333939645,8,8,0.16197941836369903
80,regenerated_shortfalls_fixed_labels,young_relative,family_month_minus_pooled,0.08207677309978866,0.11101417992179712,0.02893740682200846,0.07709128257252496,0.10832681161260406,0.0049854905272637,0.0026873683091930556,-0.0022981222180706445,-0.005573585113056867,-0.0023692025871000716,0.003204382525956795,-0.1461079485843756,-0.05150556816720031,363,0,0.00039021396338488954,0.045998960333939645,8,8,0.09460238041717528
80,regenerated_shortfalls_and_labels,total,pooled,-0.16377116430786862,-0.16477661369296062,-0.0010054493850920054,-0.16416781512267428,-0.16404244266526827,0.0003966508148056658,-0.0007341710276923541,-0.0011308218424980199,0.0011366840378451543,-0.0027580429304860225,-0.003894726968331177,0.006380345985753297,-0.012720052498718565,363,0,0.06536319217438598,0.2168263795109235,5,5,-0.019100398484471863
80,regenerated_shortfalls_and_labels,total,family_month,-0.08757516874077126,-0.0558694601800197,0.031705708560751555,-0.08707653255014933,-0.05571563105266428,-0.0004986361906219317,-0.00015382912735542598,0.0003448070632665057,0.0007879175334437423,0.0002344078512435438,-0.0005535096822001984,0.004422677106597368,0.001081085483105318,363,0,0.06536319217438598,0.2168263795109235,8,8,-0.00334159162349205
80,regenerated_shortfalls_and_labels,total,family_month_minus_pooled,0.07619599556709736,0.10890715351294092,0.03271115794584356,0.07709128257252496,0.10832681161260399,-0.0008952870054275974,0.0005803419003369281,0.0014756289057645255,-0.00034876650440141205,0.0029924507817295663,0.0033412172861309783,-0.001957668879155929,0.013801137981823882,363,0,0.06536319217438598,0.2168263795109235,8,8,0.015758806860979812
80,regenerated_shortfalls_and_labels,young_relative,pooled,-0.16302713404283437,-0.1618260568266972,0.0012010772161371586,-0.16416781512267428,-0.16404244266526827,0.001140681079839917,0.002216385838571061,0.0010757047587311441,-0.007915802788313398,-0.006445863768683532,0.0014699390196298663,-0.20750767833248854,-0.1401306403859643,363,0,0.00039021396338488954,0.045998960333939645,5,5,0.06737703794652425
80,regenerated_shortfalls_and_labels,young_relative,family_month,-0.08095036094304571,-0.05081187690489995,0.030138484038145757,-0.08707653255014933,-0.05571563105266428,0.006126171607103617,0.004903754147764325,-0.0012224174593392922,-0.013489387901370265,-0.008815066355783613,0.004674321545586653,-0.35361562691686416,-0.1916362085531648,363,0,0.00039021396338488954,0.045998960333939645,8,8,0.16197941836369936
80,regenerated_shortfalls_and_labels,young_relative,family_month_minus_pooled,0.08207677309978866,0.11101417992179725,0.0289374068220086,0.07709128257252496,0.10832681161260399,0.0049854905272637,0.0026873683091932637,-0.0022981222180704364,-0.005573585113056867,-0.0023692025871000803,0.0032043825259567863,-0.1461079485843756,-0.0515055681672005,363,0,0.00039021396338488954,0.045998960333939645,8,8,0.09460238041717509
81,fixed_shortfalls_fixed_labels,total,pooled,-0.16377116430786862,-0.23038433383777177,-0.06661316952990315,-0.16416781512267428,-0.22708571424880283,0.0003966508148056658,-0.003298619588968932,-0.0036952704037745976,0.0011366840378451543,-0.009700046963837708,-0.010836731001682863,0.006380345985753297,-0.05444754535716577,363,2,0.06170076814319721,0.17815398105106858,5,5,-0.06082789134291906
81,fixed_shortfalls_fixed_labels,total,family_month,-0.08757516874077126,-0.17587601418632123,-0.08830084544554997,-0.08707653255014933,-0.18184952481242858,-0.0004986361906219317,0.005973510626107348,0.0064721468167292795,0.0007879175334437423,-0.009085068435532435,-0.009872985968976178,0.004422677106597368,-0.05099559595543454,363,2,0.06170076814319721,0.17815398105106858,7,7,-0.05541827306203191
81,fixed_shortfalls_fixed_labels,total,family_month_minus_pooled,0.07619599556709736,0.05450831965145053,-0.021687675915646826,0.07709128257252496,0.04523618943637425,-0.0008952870054275974,0.00927213021507628,0.010167417220503877,-0.00034876650440141205,0.0006149785283052732,0.0009637450327066852,-0.001957668879155929,0.0034519494017312305,363,2,0.06170076814319721,0.17815398105106858,7,7,0.00540961828088716
81,fixed_shortfalls_fixed_labels,young_relative,pooled,-0.16302713404283437,-0.22813531908383422,-0.06510818504099986,-0.16416781512267428,-0.22708571424880283,0.001140681079839917,-0.001049604835031387,-0.002190285914871304,-0.007915802788313398,0.007186557589379145,0.015102360377692543,-0.20750767833248854,0.18839098452230799,363,2,-0.0004626710527536109,0.03814703557923262,5,5,0.3958986628547965
81,fixed_shortfalls_fixed_labels,young_relative,family_month,-0.08095036094304571,-0.18331812173259868,-0.10236776078955297,-0.08707653255014933,-0.18184952481242858,0.006126171607103617,-0.0014685969201700955,-0.0075947685272737125,-0.013489387901370265,0.003573660985079327,0.01706304888644959,-0.35361562691686416,0.09368122400118661,363,2,-0.0004626710527536109,0.03814703557923262,7,7,0.44729685091805077
81,fixed_shortfalls_fixed_labels,young_relative,family_month_minus_pooled,0.08207677309978866,0.044817197351235544,-0.03725957574855311,0.07709128257252496,0.04523618943637425,0.0049854905272637,-0.00041899208513870856,-0.005404482612402409,-0.005573585113056867,-0.003612896604299818,0.0019606885087570486,-0.1461079485843756,-0.09470976052112137,363,2,-0.0004626710527536109,0.03814703557923262,7,7,0.05139818806325422
81,regenerated_shortfalls_fixed_labels,total,pooled,-0.16377116430786862,-0.22667060217453094,-0.06289943786666233,-0.16416781512267428,-0.22708571424880283,0.0003966508148056658,0.00041511207427188945,1.846125946622368e-05,0.0011366840378451543,0.0012432475091549208,0.00010656347130976645,0.006380345985753297,0.0057152216210180256,363,2,0.06975104634622535,0.2175326857987122,5,5,-0.0006651243647352711
81,regenerated_shortfalls_fixed_labels,total,family_month,-0.08757516874077126,-0.18169739592140585,-0.0941222271806346,-0.08707653255014933,-0.18184952481242858,-0.0004986361906219317,0.0001521288910227292,0.0006507650816446608,0.0007879175334437423,-0.0002123732858457711,-0.0010002908192895134,0.004422677106597368,-0.0009762821852081796,363,2,0.06975104634622535,0.2175326857987122,7,7,-0.005398959291805548
81,regenerated_shortfalls_fixed_labels,total,family_month_minus_pooled,0.07619599556709736,0.04497320625312509,-0.031222789313972266,0.07709128257252496,0.04523618943637425,-0.0008952870054275974,-0.00026298318324916026,0.0006323038221784372,-0.00034876650440141205,-0.001455620795000692,-0.0011068542905992799,-0.001957668879155929,-0.006691503806226205,363,2,0.06975104634622535,0.2175326857987122,7,7,-0.004733834927070276
81,regenerated_shortfalls_fixed_labels,young_relative,pooled,-0.16302713404283437,-0.22664687719184248,-0.06361974314900812,-0.16416781512267428,-0.22708571424880283,0.001140681079839917,0.0004388370569603506,-0.0007018440228795664,-0.007915802788313398,0.016743219485389295,0.024659022273702695,-0.20750767833248854,0.31379347731231766,363,2,0.002471228278530651,0.05335744907382132,5,5,0.5213011556448062
81,regenerated_shortfalls_fixed_labels,young_relative,family_month,-0.08095036094304571,-0.18277265454673208,-0.10182229360368637,-0.08707653255014933,-0.18184952481242858,0.006126171607103617,-0.0009231297343035016,-0.007049301341407119,-0.013489387901370265,0.015369698451841865,0.028859086353212132,-0.35361562691686416,0.28805159764248695,363,2,0.002471228278530651,0.05335744907382132,7,7,0.6416672245593511
81,regenerated_shortfalls_fixed_labels,young_relative,family_month_minus_pooled,0.08207677309978866,0.0438742226451104,-0.038202550454678255,0.07709128257252496,0.04523618943637425,0.0049854905272637,-0.0013619667912638522,-0.006347457318527552,-0.005573585113056867,-0.0013735210335474295,0.004200064079509437,-0.1461079485843756,-0.02574187966983073,363,2,0.002471228278530651,0.05335744907382132,7,7,0.12036606891454486
81,regenerated_shortfalls_and_labels,total,pooled,-0.16377116430786862,-0.22662432344108377,-0.06285315913321515,-0.16416781512267428,-0.22705875539441545,0.0003966508148056658,0.0004344319533316765,3.778113852601073e-05,0.0011366840378451543,0.001301759503249161,0.00016507546540400677,0.006380345985753297,0.0059842018612950324,363,2,0.06975104634622535,0.2175326857987122,5,5,-0.0003961441244582642
81,regenerated_shortfalls_and_labels,total,family_month,-0.08757516874077126,-0.17788529006567927,-0.09031012132490801,-0.08707653255014933,-0.17821663661738152,-0.0004986361906219317,0.0003313465517022496,0.0008299827423241812,0.0007879175334437423,-0.0004520373552697051,-0.0012399548887134474,0.004422677106597368,-0.002078020383971102,363,2,0.06975104634622535,0.2175326857987122,7,7,-0.00650069749056847
81,regenerated_shortfalls_and_labels,total,family_month_minus_pooled,0.07619599556709736,0.0487390333754045,-0.027456962191692857,0.07709128257252496,0.04884211877703393,-0.0008952870054275974,-0.00010308540162942692,0.0007922016037981705,-0.00034876650440141205,-0.0017537968585188662,-0.0014050303541174541,-0.001957668879155929,-0.008062222245266135,363,2,0.06975104634622535,0.2175326857987122,7,7,-0.006104553366110205
81,regenerated_shortfalls_and_labels,young_relative,pooled,-0.16302713404283437,-0.22662169181197866,-0.0635945577691443,-0.16416781512267428,-0.22705875539441545,0.001140681079839917,0.0004370635824367808,-0.0007036174974031362,-0.007915802788313398,0.01656792986769468,0.024483732656008075,-0.20750767833248854,0.3105082824475463,363,2,0.002471228278530651,0.05335744907382132,5,5,0.5180159607800349
81,regenerated_shortfalls_and_labels,young_relative,family_month,-0.08095036094304571,-0.17916879987035808,-0.09821843892731237,-0.08707653255014933,-0.17821663661738152,0.006126171607103617,-0.0009521632529765622,-0.007078334860080179,-0.013489387901370265,0.015120137922247508,0.028609525823617775,-0.35361562691686416,0.283374452577904,363,2,0.002471228278530651,0.05335744907382132,7,7,0.6369900794947682
81,regenerated_shortfalls_and_labels,young_relative,family_month_minus_pooled,0.08207677309978866,0.047452891941620584,-0.03462388115816807,0.07709128257252496,0.04884211877703393,0.0049854905272637,-0.001389226835413343,-0.006374717362677043,-0.005573585113056867,-0.0014477919454471706,0.004125793167609696,-0.1461079485843756,-0.027133829869642297,363,2,0.002471228278530651,0.05335744907382132,7,7,0.11897411871473329
82,fixed_shortfalls_fixed_labels,total,pooled,-0.16377116430786862,-0.16738315213168672,-0.003611987823818108,-0.16416781512267428,-0.1683667346771294,0.0003966508148056658,0.0009835825454426739,0.0005869317306370081,0.0011366840378451543,0.0026844628004006857,0.0015477787625555314,0.006380345985753297,0.015068216744655137,363,1,0.06170076814319721,0.17815398105106858,5,5,0.008687870758901841
82,fixed_shortfalls_fixed_labels,total,family_month,-0.08757516874077126,-0.06780309305594953,0.019772075684821727,-0.08707653255014933,-0.06632391037141898,-0.0004986361906219317,-0.0014791826845305528,-0.0009805464939086211,0.0007879175334437423,0.0024683523632550515,0.0016804348298113093,0.004422677106597368,0.013855162532390943,363,1,0.06170076814319721,0.17815398105106858,6,6,0.009432485425793575
82,fixed_shortfalls_fixed_labels,total,family_month_minus_pooled,0.07619599556709736,0.09958005907573719,0.023384063508639835,0.07709128257252496,0.10204282430571042,-0.0008952870054275974,-0.0024627652299732267,-0.0015674782245456292,-0.00034876650440141205,-0.0002161104371456342,0.00013265606725577786,-0.001957668879155929,-0.0012130542122641942,363,1,0.06170076814319721,0.17815398105106858,6,6,0.000744614666891735
82,fixed_shortfalls_fixed_labels,young_relative,pooled,-0.16302713404283437,-0.16480752691271267,-0.0017803928698783,-0.16416781512267428,-0.1683667346771294,0.001140681079839917,0.003559207764416733,0.002418526684576816,-0.007915802788313398,-0.024454383627258294,-0.016538580838944897,-0.20750767833248854,-0.6410559367441737,363,1,-0.0004626710527536109,0.03814703557923262,5,5,-0.4335482584116852
82,fixed_shortfalls_fixed_labels,young_relative,family_month,-0.08095036094304571,-0.054170679141877155,0.026779681801168555,-0.08707653255014933,-0.06632391037141898,0.006126171607103617,0.012153231229541823,0.006027059622438206,-0.013489387901370265,-0.02650874008258747,-0.013019352181217206,-0.35361562691686416,-0.6949095697758207,363,1,-0.0004626710527536109,0.03814703557923262,6,6,-0.3412939428589566
82,fixed_shortfalls_fixed_labels,young_relative,family_month_minus_pooled,0.08207677309978866,0.11063684777083552,0.02856007467104686,0.07709128257252496,0.10204282430571042,0.0049854905272637,0.008594023465125097,0.0036085329378613973,-0.005573585113056867,-0.0020543564553291774,0.0035192286577276893,-0.1461079485843756,-0.05385363303164705,363,1,-0.0004626710527536109,0.03814703557923262,6,6,0.09225431555272853
82,regenerated_shortfalls_fixed_labels,total,pooled,-0.16377116430786862,-0.16528007129811811,-0.0015089069902494978,-0.16416781512267428,-0.1683667346771294,0.0003966508148056658,0.003086663379011284,0.0026900125642056183,0.0011366840378451543,0.011670942139727143,0.010534258101881988,0.006380345985753297,0.05636865734365908,363,1,0.06137650916181662,0.20704665836856248,5,5,0.04998831135790579
82,regenerated_shortfalls_fixed_labels,total,family_month,-0.08757516874077126,-0.07265363194004101,0.014921536800730245,-0.08707653255014933,-0.06632391037141898,-0.0004986361906219317,-0.006329721568622035,-0.005831085378000103,0.0007879175334437423,0.011190282840480136,0.010402365307036393,0.004422677106597368,0.05404715501643297,363,1,0.06137650916181662,0.20704665836856248,6,6,0.0496244779098356
82,regenerated_shortfalls_fixed_labels,total,family_month_minus_pooled,0.07619599556709736,0.0926264393580771,0.016430443790979743,0.07709128257252496,0.10204282430571042,-0.0008952870054275974,-0.009416384947633319,-0.008521097942205721,-0.00034876650440141205,-0.000480659299247007,-0.00013189279484559493,-0.001957668879155929,-0.002321502327226109,363,1,0.06137650916181662,0.20704665836856248,6,6,-0.00036383344807017996
82,regenerated_shortfalls_fixed_labels,young_relative,pooled,-0.16302713404283437,-0.1642272644651087,-0.001200130422274348,-0.16416781512267428,-0.1683667346771294,0.001140681079839917,0.004139470212020685,0.002998789132180768,-0.007915802788313398,-0.03055534871732642,-0.022639545929013023,-0.20750767833248854,-0.5941579452524964,363,1,0.00030301617974057266,0.051426306694159346,5,5,-0.3866502669200079
82,regenerated_shortfalls_fixed_labels,young_relative,family_month,-0.08095036094304571,-0.05658516408929703,0.02436519685374868,-0.08707653255014933,-0.06632391037141898,0.006126171607103617,0.00973874628212195,0.0036125746750183332,-0.013489387901370265,-0.03626600394959249,-0.022776616048222228,-0.35361562691686416,-0.7052033537090724,363,1,0.00030301617974057266,0.051426306694159346,6,6,-0.35158772679220823
82,regenerated_shortfalls_fixed_labels,young_relative,family_month_minus_pooled,0.08207677309978866,0.10764210037581168,0.025565327276023023,0.07709128257252496,0.10204282430571042,0.0049854905272637,0.005599276070101258,0.0006137855428375583,-0.005573585113056867,-0.005710655232266073,-0.0001370701192092063,-0.1461079485843756,-0.111045408456576,363,1,0.00030301617974057266,0.051426306694159346,6,6,0.035062540127799594
82,regenerated_shortfalls_and_labels,total,pooled,-0.16377116430786862,-0.16527544553035842,-0.0015042812224898006,-0.16416781512267428,-0.1683843995592442,0.0003966508148056658,0.0031089540288857798,0.002712303214080114,0.0011366840378451543,0.011757604717753124,0.01062092067990797,0.006380345985753297,0.05678722279508363,363,1,0.06137650916181662,0.20704665836856248,5,5,0.050406876809330335
82,regenerated_shortfalls_and_labels,total,family_month,-0.08757516874077126,-0.07042149637184758,0.017153672368923678,-0.08707653255014933,-0.06417071994050369,-0.0004986361906219317,-0.006250776431343891,-0.005752140240721959,0.0007879175334437423,0.01120935138841619,0.010421433854972448,0.004422677106597368,0.0541392528463922,363,1,0.06137650916181662,0.20704665836856248,6,6,0.04971657573979483
82,regenerated_shortfalls_and_labels,total,family_month_minus_pooled,0.07619599556709736,0.09485394915851084,0.01865795359141348,0.07709128257252496,0.1042136796187405,-0.0008952870054275974,-0.00935973046022967,-0.008464443454802073,-0.00034876650440141205,-0.0005482533293369347,-0.0001994868249355227,-0.001957668879155929,-0.0026479699486914314,363,1,0.06137650916181662,0.20704665836856248,6,6,-0.0006903010695355023
82,regenerated_shortfalls_and_labels,young_relative,pooled,-0.16302713404283437,-0.16427901158379257,-0.0012518775409582072,-0.16416781512267428,-0.1683843995592442,0.001140681079839917,0.004105387975451624,0.0029647068956117073,-0.007915802788313398,-0.03032293895520751,-0.02240713616689411,-0.20750767833248854,-0.5896386675314443,363,1,0.00030301617974057266,0.051426306694159346,5,5,-0.38213098919895583
82,regenerated_shortfalls_and_labels,young_relative,family_month,-0.08095036094304571,-0.055301993529567675,0.025648367413478035,-0.08707653255014933,-0.06417071994050369,0.006126171607103617,0.008868726410936015,0.0027425548038323977,-0.013489387901370265,-0.036046106540698813,-0.02255671863932855,-0.35361562691686416,-0.7009273824595436,363,1,0.00030301617974057266,0.051426306694159346,6,6,-0.3473117555426794
82,regenerated_shortfalls_and_labels,young_relative,family_month_minus_pooled,0.08207677309978866,0.1089770180542249,0.026900244954436242,0.07709128257252496,0.1042136796187405,0.0049854905272637,0.0047633384354843905,-0.0002221520917793096,-0.005573585113056867,-0.0057231675854913025,-0.00014958247243443586,-0.1461079485843756,-0.11128871492809926,363,1,0.00030301617974057266,0.051426306694159346,6,6,0.03481923365627633
83,fixed_shortfalls_fixed_labels,total,pooled,-0.16377116430786862,-0.08724149660098675,0.07652966770688187,-0.16416781512267428,-0.0884717876008156,0.0003966508148056658,0.0012302909998288536,0.0008336401850231878,0.0011366840378451543,0.0035531153033962156,0.0024164312655510613,0.006380345985753297,0.019944069071224965,363,0,0.06170076814319721,0.17815398105106858,5,5,0.013563723085471668
83,fixed_shortfalls_fixed_labels,total,family_month,-0.08757516874077126,-0.004775765971135815,0.08279940276963545,-0.08707653255014933,-0.0032433889791018853,-0.0004986361906219317,-0.00153237699203393,-0.0010337408014119984,0.0007879175334437423,0.0024166922160626476,0.0016287746826189053,0.004422677106597368,0.0135651878324846,363,0,0.06170076814319721,0.17815398105106858,6,6,0.009142510725887232
83,fixed_shortfalls_fixed_labels,total,family_month_minus_pooled,0.07619599556709736,0.08246573062985094,0.006269735062753579,0.07709128257252496,0.08522839862171372,-0.0008952870054275974,-0.0027626679918627828,-0.0018673809864351854,-0.00034876650440141205,-0.001136423087333568,-0.000787656582932156,-0.001957668879155929,-0.0063788812387403655,363,0,0.06170076814319721,0.17815398105106858,6,6,-0.004421212359584436
83,fixed_shortfalls_fixed_labels,young_relative,pooled,-0.16302713404283437,-0.08851006418151151,0.07451706986132285,-0.16416781512267428,-0.0884717876008156,0.001140681079839917,-3.827658069591178e-05,-0.0011789576605358287,-0.007915802788313398,0.00024167919213378185,0.008157481980447181,-0.20750767833248854,0.006335464563997546,363,0,-0.0004626710527536109,0.03814703557923262,5,5,0.2138431428964861
83,fixed_shortfalls_fixed_labels,young_relative,family_month,-0.08095036094304571,-0.0018704130733093896,0.07907994786973632,-0.08707653255014933,-0.0032433889791018853,0.006126171607103617,0.0013729759057924957,-0.004753195701311121,-0.013489387901370265,-0.002945377594379659,0.010544010306990606,-0.35361562691686416,-0.07721117905117462,363,0,-0.0004626710527536109,0.03814703557923262,6,6,0.2764044478656895
83,fixed_shortfalls_fixed_labels,young_relative,family_month_minus_pooled,0.08207677309978866,0.08663965110820213,0.004562878008413471,0.07709128257252496,0.08522839862171372,0.0049854905272637,0.0014112524864884068,-0.0035742380407752933,-0.005573585113056867,-0.003187056786513441,0.0023865283265434257,-0.1461079485843756,-0.08354664361517217,363,0,-0.0004626710527536109,0.03814703557923262,6,6,0.06256130496920342
83,regenerated_shortfalls_fixed_labels,total,pooled,-0.16377116430786862,-0.086959273168494,0.07681189113937462,-0.16416781512267428,-0.0884717876008156,0.0003966508148056658,0.0015125144323216017,0.0011158636175159359,0.0011366840378451543,0.005170671335871417,0.004033987298026263,0.006380345985753297,0.024384439374659235,363,0,0.059601398494371835,0.21204798914691783,5,5,0.018004093388905937
83,regenerated_shortfalls_fixed_labels,total,family_month,-0.08757516874077126,-0.00665201709848095,0.0809231516422903,-0.08707653255014933,-0.0032433889791018853,-0.0004986361906219317,-0.0034086281193790643,-0.0029099919287571326,0.0007879175334437423,0.005454998280032568,0.004667080746588826,0.004422677106597368,0.0257253006830122,363,0,0.059601398494371835,0.21204798914691783,6,6,0.021302623576414832
83,regenerated_shortfalls_fixed_labels,total,family_month_minus_pooled,0.07619599556709736,0.08030725607001304,0.004111260502915687,0.07709128257252496,0.08522839862171372,-0.0008952870054275974,-0.004921142551700675,-0.004025855546273077,-0.00034876650440141205,0.00028432694416115085,0.0006330934485625629,-0.001957668879155929,0.0013408613083529617,363,0,0.059601398494371835,0.21204798914691783,6,6,0.003298530187508891
83,regenerated_shortfalls_fixed_labels,young_relative,pooled,-0.16302713404283437,-0.0882888305201991,0.07473830352263526,-0.16416781512267428,-0.0884717876008156,0.001140681079839917,0.00018295708061649707,-0.0009577239992234199,-0.007915802788313398,0.00428841993859783,0.012204222726911228,-0.20750767833248854,0.09069175601178565,363,0,-0.0016550979067911924,0.047285664399755775,5,5,0.2981994343442742
83,regenerated_shortfalls_fixed_labels,young_relative,family_month,-0.08095036094304571,-0.003262246252557974,0.07768811469048774,-0.08707653255014933,-0.0032433889791018853,0.006126171607103617,-1.8857273456088664e-05,-0.006145028880559705,-0.013489387901370265,-0.0002371377495415121,0.013252250151828753,-0.35361562691686416,-0.005015003015221182,363,0,-0.0016550979067911924,0.047285664399755775,6,6,0.348600623901643
83,regenerated_shortfalls_fixed_labels,young_relative,family_month_minus_pooled,0.08207677309978866,0.08502658426764113,0.0029498111678524785,0.07709128257252496,0.08522839862171372,0.0049854905272637,-0.0002018143540725853,-0.005187304881336285,-0.005573585113056867,-0.004525557688139342,0.0010480274249175248,-0.1461079485843756,-0.09570675902700684,363,0,-0.0016550979067911924,0.047285664399755775,6,6,0.05040118955736875
83,regenerated_shortfalls_and_labels,total,pooled,-0.16377116430786862,-0.0869592731684941,0.07681189113937452,-0.16416781512267428,-0.0884717876008158,0.0003966508148056658,0.0015125144323216988,0.001115863617516033,0.0011366840378451543,0.005170671335871426,0.004033987298026271,0.006380345985753297,0.024384439374659277,363,0,0.059601398494371835,0.21204798914691783,5,5,0.01800409338890598
83,regenerated_shortfalls_and_labels,total,family_month,-0.08757516874077126,-0.006652017098480608,0.08092315164229065,-0.08707653255014933,-0.003243388979101606,-0.0004986361906219317,-0.003408628119379002,-0.00290999192875707,0.0007879175334437423,0.005454998280032569,0.004667080746588827,0.004422677106597368,0.025725300683012202,363,0,0.059601398494371835,0.21204798914691783,6,6,0.021302623576414832
83,regenerated_shortfalls_and_labels,total,family_month_minus_pooled,0.07619599556709736,0.08030725607001349,0.004111260502916131,0.07709128257252496,0.08522839862171419,-0.0008952870054275974,-0.004921142551700702,-0.004025855546273105,-0.00034876650440141205,0.00028432694416114304,0.0006330934485625551,-0.001957668879155929,0.0013408613083529248,363,0,0.059601398494371835,0.21204798914691783,6,6,0.003298530187508854
83,regenerated_shortfalls_and_labels,young_relative,pooled,-0.16302713404283437,-0.08828883052019902,0.07473830352263534,-0.16416781512267428,-0.0884717876008158,0.001140681079839917,0.00018295708061677463,-0.0009577239992231423,-0.007915802788313398,0.004288419938597806,0.012204222726911206,-0.20750767833248854,0.09069175601178515,363,0,-0.0016550979067911924,0.047285664399755775,5,5,0.2981994343442737
83,regenerated_shortfalls_and_labels,young_relative,family_month,-0.08095036094304571,-0.0032622462525580985,0.07768811469048761,-0.08707653255014933,-0.003243388979101606,0.006126171607103617,-1.885727345649242e-05,-0.0061450288805601095,-0.013489387901370265,-0.00023713774954152325,0.013252250151828742,-0.35361562691686416,-0.0050150030152214175,363,0,-0.0016550979067911924,0.047285664399755775,6,6,0.34860062390164276
83,regenerated_shortfalls_and_labels,young_relative,family_month_minus_pooled,0.08207677309978866,0.08502658426764093,0.0029498111678522704,0.07709128257252496,0.08522839862171419,0.0049854905272637,-0.0002018143540732653,-0.0051873048813369654,-0.005573585113056867,-0.00452555768813933,0.001048027424917537,-0.1461079485843756,-0.09570675902700658,363,0,-0.0016550979067911924,0.047285664399755775,6,6,0.05040118955736901
84,fixed_shortfalls_fixed_labels,total,pooled,-0.16377116430786862,-0.16355900066621126,0.00021216364165735357,-0.16416781512267428,-0.15940669686194198,0.0003966508148056658,-0.004152303804269286,-0.004548954619074952,0.0011366840378451543,-0.011708494927518442,-0.012845178965363597,0.006380345985753297,-0.06572120846495232,363,2,0.06170076814319721,0.17815398105106858,5,5,-0.07210155445070561
84,fixed_shortfalls_fixed_labels,total,family_month,-0.08757516874077126,-0.05953781442593766,0.028037354314833597,-0.08707653255014933,-0.06678049962630227,-0.0004986361906219317,0.0072426852003646056,0.007741321390986537,0.0007879175334437423,-0.01185156656186181,-0.012639484095305551,0.004422677106597368,-0.06652428697882709,363,2,0.06170076814319721,0.17815398105106858,7,7,-0.07094696408542446
84,fixed_shortfalls_fixed_labels,total,family_month_minus_pooled,0.07619599556709736,0.1040211862402736,0.027825190673176237,0.07709128257252496,0.09262619723563971,-0.0008952870054275974,0.011394989004633885,0.012290276010061482,-0.00034876650440141205,-0.0001430716343433676,0.00020569487005804446,-0.001957668879155929,-0.0008030785138747784,363,2,0.06170076814319721,0.17815398105106858,7,7,0.0011545903652811509
84,fixed_shortfalls_fixed_labels,young_relative,pooled,-0.16302713404283437,-0.15667154596559346,0.0063555880772409035,-0.16416781512267428,-0.15940669686194198,0.001140681079839917,0.002735150896348515,0.001594469816508598,-0.007915802788313398,-0.01790648858861979,-0.009990685800306391,-0.20750767833248854,-0.46940708017605814,363,2,-0.0004626710527536109,0.03814703557923262,5,5,-0.26189940184356963
84,fixed_shortfalls_fixed_labels,young_relative,family_month,-0.08095036094304571,-0.05502032419260932,0.02593003675043639,-0.08707653255014933,-0.06678049962630227,0.006126171607103617,0.011760175433692947,0.00563400382658933,-0.013489387901370265,-0.023769076247735325,-0.01027968834636506,-0.35361562691686416,-0.623091044607285,363,2,-0.0004626710527536109,0.03814703557923262,7,7,-0.2694754176904209
84,fixed_shortfalls_fixed_labels,young_relative,family_month_minus_pooled,0.08207677309978866,0.10165122177298413,0.01957444867319548,0.07709128257252496,0.09262619723563971,0.0049854905272637,0.009025024537344425,0.004039534010080725,-0.005573585113056867,-0.005862587659115535,-0.0002890025460586688,-0.1461079485843756,-0.15368396443122695,363,2,-0.0004626710527536109,0.03814703557923262,7,7,-0.007576015846851358
84,regenerated_shortfalls_fixed_labels,total,pooled,-0.16377116430786862,-0.15932266565671563,0.004448498651152988,-0.16416781512267428,-0.15940669686194198,0.0003966508148056658,8.40312052263481e-05,-0.00031261960957931767,0.0011366840378451543,0.0017686400870657426,0.0006319560492205882,0.006380345985753297,0.008265080538343754,363,2,0.06563515678001297,0.21398945586320467,5,5,0.0018847345525904577
84,regenerated_shortfalls_fixed_labels,total,family_month,-0.08757516874077126,-0.06837333613221434,0.019201832608556915,-0.08707653255014933,-0.06678049962630227,-0.0004986361906219317,-0.0015928365059120764,-0.0010942003152901447,0.0007879175334437423,0.0033592194242865634,0.002571301890842821,0.004422677106597368,0.015698060498990123,363,2,0.06563515678001297,0.21398945586320467,7,7,0.011275383392392755
84,regenerated_shortfalls_fixed_labels,total,family_month_minus_pooled,0.07619599556709736,0.09094932952450129,0.014753333957403927,0.07709128257252496,0.09262619723563971,-0.0008952870054275974,-0.0016768677111384245,-0.000781580705710827,-0.00034876650440141205,0.0015905793372208209,0.001939345841622233,-0.001957668879155929,0.007432979960646369,363,2,0.06563515678001297,0.21398945586320467,7,7,0.009390648839802299
84,regenerated_shortfalls_fixed_labels,young_relative,pooled,-0.16302713404283437,-0.15843038465438866,0.004596749388445703,-0.16416781512267428,-0.15940669686194198,0.001140681079839917,0.0009763122075533148,-0.00016436887228660213,-0.007915802788313398,-0.01724387841691351,-0.009328075628600113,-0.20750767833248854,-0.3429769045411189,363,2,0.0018691094830141177,0.050277083350509316,5,5,-0.13546922620863036
84,regenerated_shortfalls_fixed_labels,young_relative,family_month,-0.08095036094304571,-0.0639800917765491,0.016970269166496604,-0.08707653255014933,-0.06678049962630227,0.006126171607103617,0.0028004078497531615,-0.0033257637573504556,-0.013489387901370265,-0.020803695993556384,-0.007314308092186118,-0.35361562691686416,-0.41378088399683666,363,2,0.0018691094830141177,0.050277083350509316,7,7,-0.0601652570799725
84,regenerated_shortfalls_fixed_labels,young_relative,family_month_minus_pooled,0.08207677309978866,0.09445029287783956,0.012373519778050901,0.07709128257252496,0.09262619723563971,0.0049854905272637,0.0018240956421998467,-0.0031613948850638535,-0.005573585113056867,-0.003559817576642872,0.0020137675364139945,-0.1461079485843756,-0.07080397945571779,363,2,0.0018691094830141177,0.050277083350509316,7,7,0.0753039691286578
84,regenerated_shortfalls_and_labels,total,pooled,-0.16377116430786862,-0.15933424454951778,0.004436919758350838,-0.16416781512267428,-0.15942070708514464,0.0003966508148056658,8.64625356268578e-05,-0.000310188279178808,0.0011366840378451543,0.0018284250344151253,0.000691740996569971,0.006380345985753297,0.008544463216841712,363,2,0.06563515678001297,0.21398945586320467,5,5,0.002164117231088415
84,regenerated_shortfalls_and_labels,total,family_month,-0.08757516874077126,-0.0669484396228267,0.020626729117944553,-0.08707653255014933,-0.0653658292166646,-0.0004986361906219317,-0.0015826104061621021,-0.0010839742155401705,0.0007879175334437423,0.003306561080406159,0.002518643546962417,0.004422677106597368,0.015451981346781489,363,2,0.06563515678001297,0.21398945586320467,7,7,0.011029304240184121
84,regenerated_shortfalls_and_labels,total,family_month_minus_pooled,0.07619599556709736,0.09238580492669107,0.016189809359593715,0.07709128257252496,0.09405487786848003,-0.0008952870054275974,-0.00166907294178896,-0.0007737859363613625,-0.00034876650440141205,0.0014781360459910338,0.0018269025503924459,-0.001957668879155929,0.0069075181299397765,363,2,0.06563515678001297,0.21398945586320467,7,7,0.008865187009095705
84,regenerated_shortfalls_and_labels,young_relative,pooled,-0.16302713404283437,-0.15844551024485798,0.004581623797976386,-0.16416781512267428,-0.15942070708514464,0.001140681079839917,0.0009751968402866573,-0.00016548423955325964,-0.007915802788313398,-0.017230023285667456,-0.009314220497354057,-0.20750767833248854,-0.34270132906372963,363,2,0.0018691094830141177,0.050277083350509316,5,5,-0.1351936507312411
84,regenerated_shortfalls_and_labels,young_relative,family_month,-0.08095036094304571,-0.06250888266596659,0.01844147827707912,-0.08707653255014933,-0.0653658292166646,0.006126171607103617,0.002856946550698014,-0.003269225056405603,-0.013489387901370265,-0.020831946131447843,-0.0073425582300775775,-0.35361562691686416,-0.4143427729531731,363,2,0.0018691094830141177,0.050277083350509316,7,7,-0.060727146036308965
84,regenerated_shortfalls_and_labels,young_relative,family_month_minus_pooled,0.08207677309978866,0.09593662757889139,0.013859854479102734,0.07709128257252496,0.09405487786848003,0.0049854905272637,0.0018817497104113567,-0.0031037408168523434,-0.005573585113056867,-0.003601922845780387,0.0019716622672764795,-0.1461079485843756,-0.0716414438894435,363,2,0.0018691094830141177,0.050277083350509316,7,7,0.07446650469493209
85,fixed_shortfalls_fixed_labels,total,pooled,-0.16377116430786862,-0.1403921745791775,0.023378989728691124,-0.16416781512267428,-0.13965144729597354,0.0003966508148056658,-0.0007407272832039569,-0.0011373780980096226,0.0011366840378451543,-0.0022082281540515415,-0.003344912191896696,0.006380345985753297,-0.012395053655402423,363,1,0.06170076814319721,0.17815398105106858,5,5,-0.01877539964115572
85,fixed_shortfalls_fixed_labels,total,family_month,-0.08757516874077126,-0.06072038115298628,0.02685478758778498,-0.08707653255014933,-0.06203936878985513,-0.0004986361906219317,0.00131898763686885,0.0018176238274907816,0.0007879175334437423,-0.0021112581504704638,-0.002899175683914206,0.004422677106597368,-0.011850749211522042,363,1,0.06170076814319721,0.17815398105106858,7,7,-0.01627342631811941
85,fixed_shortfalls_fixed_labels,total,family_month_minus_pooled,0.07619599556709736,0.07967179342619121,0.0034757978590938543,0.07709128257252496,0.0776120785061184,-0.0008952870054275974,0.0020597149200728138,0.002955001925500411,-0.00034876650440141205,9.697000358107775e-05,0.0004457365079824898,-0.001957668879155929,0.0005443044438803806,363,1,0.06170076814319721,0.17815398105106858,7,7,0.0025019733230363097
85,fixed_shortfalls_fixed_labels,young_relative,pooled,-0.16302713404283437,-0.13608431914998972,0.02694281489284464,-0.16416781512267428,-0.13965144729597354,0.001140681079839917,0.003567128145983811,0.002426447066143894,-0.007915802788313398,-0.025060180887949705,-0.017144378099636308,-0.20750767833248854,-0.6569365222600037,363,1,-0.0004626710527536109,0.03814703557923262,5,5,-0.44942884392751514
85,fixed_shortfalls_fixed_labels,young_relative,family_month,-0.08095036094304571,-0.048078110125777125,0.032872250817268585,-0.08707653255014933,-0.06203936878985513,0.006126171607103617,0.013961258664078005,0.007835087056974388,-0.013489387901370265,-0.03284970690704047,-0.019360319005670205,-0.35361562691686416,-0.8611339363136244,363,1,-0.0004626710527536109,0.03814703557923262,7,7,-0.5075183093967603
85,fixed_shortfalls_fixed_labels,young_relative,family_month_minus_pooled,0.08207677309978866,0.0880062090242126,0.005929435924423951,0.07709128257252496,0.0776120785061184,0.0049854905272637,0.010394130518094208,0.005408639990830508,-0.005573585113056867,-0.007789526019090765,-0.0022159409060338985,-0.1461079485843756,-0.2041974140536207,363,1,-0.0004626710527536109,0.03814703557923262,7,7,-0.05808946546924512
85,regenerated_shortfalls_fixed_labels,total,pooled,-0.16377116430786862,-0.14154295628483846,0.02222820802303016,-0.16416781512267428,-0.13965144729597354,0.0003966508148056658,-0.0018915089888649206,-0.0022881598036705864,0.0011366840378451543,-0.0044694392972461396,-0.005606123335091294,0.006380345985753297,-0.020965325111666547,363,1,0.05704041716077685,0.21318244641763442,5,5,-0.027345671097419845
85,regenerated_shortfalls_fixed_labels,total,family_month,-0.08757516874077126,-0.06250625029930194,0.025068918441469315,-0.08707653255014933,-0.06203936878985513,-0.0004986361906219317,-0.00046688150944681345,3.1754681175118205e-05,0.0007879175334437423,-0.007613447863634564,-0.008401365397078305,0.004422677106597368,-0.03571329624728793,363,1,0.05704041716077685,0.21318244641763442,7,7,-0.0401359733538853
85,regenerated_shortfalls_fixed_labels,total,family_month_minus_pooled,0.07619599556709736,0.07903670598553651,0.0028407104184391546,0.07709128257252496,0.0776120785061184,-0.0008952870054275974,0.001424627479418114,0.0023199144848457115,-0.00034876650440141205,-0.0031440085663884242,-0.002795242061987012,-0.001957668879155929,-0.01474797113562138,363,1,0.05704041716077685,0.21318244641763442,7,7,-0.012790302256465451
85,regenerated_shortfalls_fixed_labels,young_relative,pooled,-0.16302713404283437,-0.13812983457683115,0.02489729946600322,-0.16416781512267428,-0.13965144729597354,0.001140681079839917,0.00152161271914239,0.0003809316393024731,-0.007915802788313398,-0.019625801957059673,-0.011709999168746274,-0.20750767833248854,-0.41328835500225103,363,1,0.0006496894252278067,0.04748694638868491,5,5,-0.2057806766697625
85,regenerated_shortfalls_fixed_labels,young_relative,family_month,-0.08095036094304571,-0.04870039078061061,0.0322499701624351,-0.08707653255014933,-0.06203936878985513,0.006126171607103617,0.013338978009244523,0.007212806402140906,-0.013489387901370265,-0.02587856074606945,-0.012389172844699186,-0.35361562691686416,-0.5449615676327366,363,1,0.0006496894252278067,0.04748694638868491,7,7,-0.19134594071587246
85,regenerated_shortfalls_fixed_labels,young_relative,family_month_minus_pooled,0.08207677309978866,0.08942944379622053,0.007352670696431876,0.07709128257252496,0.0776120785061184,0.0049854905272637,0.011817365290102133,0.006831874762838433,-0.005573585113056867,-0.006252758789009778,-0.0006791736759529116,-0.1461079485843756,-0.1316732126304856,363,1,0.0006496894252278067,0.04748694638868491,7,7,0.014434735953889999
85,regenerated_shortfalls_and_labels,total,pooled,-0.16377116430786862,-0.14152750860387242,0.022243655703996196,-0.16416781512267428,-0.1396629038896996,0.0003966508148056658,-0.001864604714172824,-0.0022612555289784897,0.0011366840378451543,-0.004407501082194809,-0.005544185120039964,0.006380345985753297,-0.02067478423415926,363,1,0.05704041716077685,0.21318244641763442,5,5,-0.027055130219912557
85,regenerated_shortfalls_and_labels,total,family_month,-0.08757516874077126,-0.05969382754677618,0.02788134119399508,-0.08707653255014933,-0.05928966175052045,-0.0004986361906219317,-0.000404165796255726,9.447039436620563e-05,0.0007879175334437423,-0.007720389689219948,-0.00850830722266369,0.004422677106597368,-0.03621494085913313,363,1,0.05704041716077685,0.21318244641763442,7,7,-0.040637617965730496
85,regenerated_shortfalls_and_labels,total,family_month_minus_pooled,0.07619599556709736,0.08183368105709624,0.005637685489998878,0.07709128257252496,0.08037324213917915,-0.0008952870054275974,0.001460438917917084,0.0023557259233446814,-0.00034876650440141205,-0.0033128886070251384,-0.0029641221026237264,-0.001957668879155929,-0.015540156624973869,363,1,0.05704041716077685,0.21318244641763442,7,7,-0.01358248774581794
85,regenerated_shortfalls_and_labels,young_relative,pooled,-0.16302713404283437,-0.13814672783383788,0.02488040620899648,-0.16416781512267428,-0.1396629038896996,0.001140681079839917,0.0015161760558617121,0.00037549497602179516,-0.007915802788313398,-0.019543078802195683,-0.011627276013882285,-0.20750767833248854,-0.4115463361706569,363,1,0.0006496894252278067,0.04748694638868491,5,5,-0.20403865783816835
85,regenerated_shortfalls_and_labels,young_relative,family_month,-0.08095036094304571,-0.04647399779208361,0.0344763631509621,-0.08707653255014933,-0.05928966175052045,0.006126171607103617,0.012815663958436842,0.006689492351333225,-0.013489387901370265,-0.025629884145077827,-0.012140496243707562,-0.35361562691686416,-0.5397248316473106,363,1,0.0006496894252278067,0.04748694638868491,7,7,-0.1861092047304464
85,regenerated_shortfalls_and_labels,young_relative,family_month_minus_pooled,0.08207677309978866,0.09167273004175427,0.00959595694196562,0.07709128257252496,0.08037324213917915,0.0049854905272637,0.011299487902575123,0.006313997375311423,-0.005573585113056867,-0.0060868053428821435,-0.0005132202298252769,-0.1461079485843756,-0.12817849547665366,363,1,0.0006496894252278067,0.04748694638868491,7,7,0.017929453107721927
86,fixed_shortfalls_fixed_labels,total,pooled,-0.16377116430786862,-0.16476899518489566,-0.0009978308770270394,-0.16416781512267428,-0.16576415030035724,0.0003966508148056658,0.0009951551154615823,0.0005985043006559165,0.0011366840378451543,0.0027290029419294,0.0015923189040842455,0.006380345985753297,0.015318225985346462,363,4,0.06170076814319721,0.17815398105106858,5,5,0.008937879999593164
86,fixed_shortfalls_fixed_labels,total,family_month,-0.08757516874077126,-0.09425041991694931,-0.006675251176178051,-0.08707653255014933,-0.09424220603412767,-0.0004986361906219317,-8.213882821642149e-06,0.0004904223078002895,0.0007879175334437423,1.3157841012028273e-05,-0.0007747596924317139,0.004422677106597368,7.385656461000735e-05,363,4,0.06170076814319721,0.17815398105106858,7,7,-0.004348820541987361
86,fixed_shortfalls_fixed_labels,total,family_month_minus_pooled,0.07619599556709736,0.07051857526794635,-0.005677420299151012,0.07709128257252496,0.07152194426622957,-0.0008952870054275974,-0.0010033689982832245,-0.00010808199285562703,-0.00034876650440141205,-0.0027158451009173714,-0.0023670785965159593,-0.001957668879155929,-0.015244369420736453,363,4,0.06170076814319721,0.17815398105106858,7,7,-0.013286700541580524
86,fixed_shortfalls_fixed_labels,young_relative,pooled,-0.16302713404283437,-0.16332034929462452,-0.0002932152517901576,-0.16416781512267428,-0.16576415030035724,0.001140681079839917,0.0024438010057327153,0.0013031199258927983,-0.007915802788313398,-0.01727072102029684,-0.009354918231983441,-0.20750767833248854,-0.45274084232377626,363,4,-0.0004626710527536109,0.03814703557923262,5,5,-0.24523316399128772
86,fixed_shortfalls_fixed_labels,young_relative,family_month,-0.08095036094304571,-0.0843609440088378,-0.003410583065792089,-0.08707653255014933,-0.09424220603412767,0.006126171607103617,0.00988126202528987,0.003755090418186252,-0.013489387901370265,-0.0226698052417921,-0.009180417340421836,-0.35361562691686416,-0.5942743622818655,363,4,-0.0004626710527536109,0.03814703557923262,7,7,-0.24065873536500132
86,fixed_shortfalls_fixed_labels,young_relative,family_month_minus_pooled,0.08207677309978866,0.07895940528578672,-0.003117367814001931,0.07709128257252496,0.07152194426622957,0.0049854905272637,0.007437461019557154,0.0024519704922934538,-0.005573585113056867,-0.0053990842214952615,0.0001745008915616051,-0.1461079485843756,-0.14153351995808927,363,4,-0.0004626710527536109,0.03814703557923262,7,7,0.00457442862628632
86,regenerated_shortfalls_fixed_labels,total,pooled,-0.16377116430786862,-0.16650208611530504,-0.0027309218074364205,-0.16416781512267428,-0.16576415030035724,0.0003966508148056658,-0.0007379358149477988,-0.0011345866297534646,0.0011366840378451543,-0.009413657446972241,-0.010550341484817396,0.006380345985753297,-0.04236991591464891,363,4,0.055036620890078124,0.2221778647362757,5,5,-0.04875026190040221
86,regenerated_shortfalls_fixed_labels,total,family_month,-0.08757516874077126,-0.08774354501039494,-0.00016837626962368235,-0.08707653255014933,-0.09424220603412767,-0.0004986361906219317,0.006498661023732727,0.006997297214354659,0.0007879175334437423,-0.01198530978759764,-0.012773227321041383,0.004422677106597368,-0.05394466186730239,363,4,0.055036620890078124,0.2221778647362757,7,7,-0.05836733897389976
86,regenerated_shortfalls_fixed_labels,total,family_month_minus_pooled,0.07619599556709736,0.0787585411049101,0.002562545537812738,0.07709128257252496,0.07152194426622957,-0.0008952870054275974,0.007236596838680526,0.008131883844108123,-0.00034876650440141205,-0.0025716523406253983,-0.0022228858362239863,-0.001957668879155929,-0.011574745952653474,363,4,0.055036620890078124,0.2221778647362757,7,7,-0.009617077073497545
86,regenerated_shortfalls_fixed_labels,young_relative,pooled,-0.16302713404283437,-0.16633923917417676,-0.003312105131342391,-0.16416781512267428,-0.16576415030035724,0.001140681079839917,-0.0005750888738195181,-0.001715769953659435,-0.007915802788313398,-0.011612034498971963,-0.0036962317106585645,-0.20750767833248854,-0.23801768695666436,363,4,0.0004272842393667356,0.048786435358840176,5,5,-0.030510008624175827
86,regenerated_shortfalls_fixed_labels,young_relative,family_month,-0.08095036094304571,-0.08322084383184582,-0.002270482888800107,-0.08707653255014933,-0.09424220603412767,0.006126171607103617,0.01102136220228185,0.004895190595178234,-0.013489387901370265,-0.023190837338945752,-0.009701449437575487,-0.35361562691686416,-0.4753542079549277,363,4,0.0004272842393667356,0.048786435358840176,7,7,-0.12173858103806356
86,regenerated_shortfalls_fixed_labels,young_relative,family_month_minus_pooled,0.08207677309978866,0.08311839534233094,0.0010416222425422839,0.07709128257252496,0.07152194426622957,0.0049854905272637,0.011596451076101369,0.006610960548837669,-0.005573585113056867,-0.01157880283997379,-0.006005217726916923,-0.1461079485843756,-0.23733652099826336,363,4,0.0004272842393667356,0.048786435358840176,7,7,-0.09122857241388777
86,regenerated_shortfalls_and_labels,total,pooled,-0.16377116430786862,-0.1680566452871076,-0.004285480979238976,-0.16416781512267428,-0.167263636125191,0.0003966508148056658,-0.0007930091619166024,-0.0011896599767222682,0.0011366840378451543,-0.009259657781897081,-0.010396341819742236,0.006380345985753297,-0.04167677906567452,363,4,0.055036620890078124,0.2221778647362757,5,5,-0.04805712505142781
86,regenerated_shortfalls_and_labels,total,family_month,-0.08757516874077126,-0.08870088799661038,-0.001125719255839125,-0.08707653255014933,-0.09493886317062895,-0.0004986361906219317,0.00623797517401857,0.006736611364640502,0.0007879175334437423,-0.011941964730676505,-0.012729882264120248,0.004422677106597368,-0.05374957016915961,363,4,0.055036620890078124,0.2221778647362757,7,7,-0.05817224727575698
86,regenerated_shortfalls_and_labels,total,family_month_minus_pooled,0.07619599556709736,0.07935575729049721,0.003159761723399851,0.07709128257252496,0.07232477295456204,-0.0008952870054275974,0.007030984335935173,0.00792627134136277,-0.00034876650440141205,-0.0026823069487794237,-0.0023335404443780117,-0.001957668879155929,-0.012072791103485093,363,4,0.055036620890078124,0.2221778647362757,7,7,-0.010115122224329164
86,regenerated_shortfalls_and_labels,young_relative,pooled,-0.16302713404283437,-0.1678059660668726,-0.0047788320240382265,-0.16416781512267428,-0.167263636125191,0.001140681079839917,-0.0005423299416816019,-0.0016830110215215188,-0.007915802788313398,-0.011309933661889414,-0.0033941308735760158,-0.20750767833248854,-0.23182537479324233,363,4,0.0004272842393667356,0.048786435358840176,5,5,-0.024317696460753796
86,regenerated_shortfalls_and_labels,young_relative,family_month,-0.08095036094304571,-0.08424351593829355,-0.003293154995247835,-0.08707653255014933,-0.09493886317062895,0.006126171607103617,0.010695347232335409,0.004569175625231792,-0.013489387901370265,-0.022659463783344175,-0.00917007588197391,-0.35361562691686416,-0.4644623780498906,363,4,0.0004272842393667356,0.048786435358840176,7,7,-0.11084675113302644
86,regenerated_shortfalls_and_labels,young_relative,family_month_minus_pooled,0.08207677309978866,0.08356245012857905,0.0014856770287903914,0.07709128257252496,0.07232477295456204,0.0049854905272637,0.01123767717401701,0.0062521866467533105,-0.005573585113056867,-0.011349530121454761,-0.005775945008397895,-0.1461079485843756,-0.23263700325664824,363,4,0.0004272842393667356,0.048786435358840176,7,7,-0.08652905467227265
87,fixed_shortfalls_fixed_labels,total,pooled,-0.16377116430786862,-0.18751486441997503,-0.023743700112106414,-0.16416781512267428,-0.1901927944731476,0.0003966508148056658,0.0026779300531725725,0.0022812792383669067,0.0011366840378451543,0.007862698070713733,0.006726014032868578,0.006380345985753297,0.04413428217728044,363,2,0.06170076814319721,0.17815398105106858,5,5,0.03775393619152714
87,fixed_shortfalls_fixed_labels,total,family_month,-0.08757516874077126,-0.031183673220198247,0.056391495520573015,-0.08707653255014933,-0.028403747872968038,-0.0004986361906219317,-0.002779925347230209,-0.0022812891566082773,0.0007879175334437423,0.004037301971572662,0.0032493844381289196,0.004422677106597368,0.022661867827782935,363,2,0.06170076814319721,0.17815398105106858,6,6,0.018239190721185565
87,fixed_shortfalls_fixed_labels,total,family_month_minus_pooled,0.07619599556709736,0.1563311911997768,0.08013519563267943,0.07709128257252496,0.16178904660017956,-0.0008952870054275974,-0.005457855400402778,-0.0045625683949751805,-0.00034876650440141205,-0.0038253960991410712,-0.003476629594739659,-0.001957668879155929,-0.021472414349497503,363,2,0.06170076814319721,0.17815398105106858,6,6,-0.019514745470341575
87,fixed_shortfalls_fixed_labels,young_relative,pooled,-0.16302713404283437,-0.1872943526327769,-0.024267218589942546,-0.16416781512267428,-0.1901927944731476,0.001140681079839917,0.0028984418403706913,0.0017577607605307743,-0.007915802788313398,-0.02002939609154011,-0.012113593303226712,-0.20750767833248854,-0.5250577348255124,363,2,-0.0004626710527536109,0.03814703557923262,5,5,-0.3175500564930239
87,fixed_shortfalls_fixed_labels,young_relative,family_month,-0.08095036094304571,-0.017033565850487903,0.06391679509255781,-0.08707653255014933,-0.028403747872968038,0.006126171607103617,0.011370182022480135,0.005244010415376518,-0.013489387901370265,-0.025094077270012848,-0.011604689368642583,-0.35361562691686416,-0.657825094112271,363,2,-0.0004626710527536109,0.03814703557923262,6,6,-0.3042094671954068
87,fixed_shortfalls_fixed_labels,young_relative,family_month_minus_pooled,0.08207677309978866,0.170260786782289,0.08818401368250035,0.07709128257252496,0.16178904660017956,0.0049854905272637,0.008471740182109444,0.003486249654845744,-0.005573585113056867,-0.005064681178472738,0.0005089039345841286,-0.1461079485843756,-0.1327673592867585,363,2,-0.0004626710527536109,0.03814703557923262,6,6,0.013340589297617084
87,regenerated_shortfalls_fixed_labels,total,pooled,-0.16377116430786862,-0.18940589479628903,-0.02563473048842041,-0.16416781512267428,-0.1901927944731476,0.0003966508148056658,0.0007868996768585768,0.000390248862052911,0.0011366840378451543,0.005502854616417836,0.004366170578572682,0.006380345985753297,0.025469742314846413,363,2,0.07006698202587822,0.21605458541330433,5,5,0.019089396329093115
87,regenerated_shortfalls_fixed_labels,total,family_month,-0.08757516874077126,-0.029478125739712032,0.05809704300105922,-0.08707653255014933,-0.028403747872968038,-0.0004986361906219317,-0.001074377866743994,-0.0005757416761220623,0.0007879175334437423,0.0016822426814741347,0.0008943251480303925,0.004422677106597368,0.00778619291164808,363,2,0.07006698202587822,0.21605458541330433,6,6,0.003363515805050712
87,regenerated_shortfalls_fixed_labels,total,family_month_minus_pooled,0.07619599556709736,0.159927769056577,0.08373177348947963,0.07709128257252496,0.16178904660017956,-0.0008952870054275974,-0.0018612775436025741,-0.0009659905381749767,-0.00034876650440141205,-0.0038206119349437013,-0.003471845430542289,-0.001957668879155929,-0.017683549403198336,363,2,0.07006698202587822,0.21605458541330433,6,6,-0.015725880524042408
87,regenerated_shortfalls_fixed_labels,young_relative,pooled,-0.16302713404283437,-0.18964816625742728,-0.026621032214592916,-0.16416781512267428,-0.1901927944731476,0.001140681079839917,0.0005446282157203219,-0.000596052864119595,-0.007915802788313398,-0.009663077625839438,-0.0017472748375260399,-0.20750767833248854,-0.19804060151475583,363,2,0.0014526943443554743,0.0487934168646698,5,5,0.009467076817732706
87,regenerated_shortfalls_fixed_labels,young_relative,family_month,-0.08095036094304571,-0.020670502018470698,0.06027985892457501,-0.08707653255014933,-0.028403747872968038,0.006126171607103617,0.007733245854497341,0.0016070742473937236,-0.013489387901370265,-0.014323734856300443,-0.000834346954930178,-0.35361562691686416,-0.2935587580600844,363,2,0.0014526943443554743,0.0487934168646698,6,6,0.060056868856779744
87,regenerated_shortfalls_fixed_labels,young_relative,family_month_minus_pooled,0.08207677309978866,0.16897766423895658,0.08690089113916792,0.07709128257252496,0.16178904660017956,0.0049854905272637,0.007188617638777012,0.0022031271115133116,-0.005573585113056867,-0.004660657230461005,0.0009129278825958619,-0.1461079485843756,-0.09551815654532857,363,2,0.0014526943443554743,0.0487934168646698,6,6,0.050589792039047024
87,regenerated_shortfalls_and_labels,total,pooled,-0.16377116430786862,-0.18942385586981672,-0.025652691561948104,-0.16416781512267428,-0.19019411754152615,0.0003966508148056658,0.0007702616717094324,0.0003736108569037666,0.0011366840378451543,0.005395867352103955,0.004259183314258801,0.006380345985753297,0.024974556044630402,363,2,0.07006698202587822,0.21605458541330433,5,5,0.018594210058877104
87,regenerated_shortfalls_and_labels,total,family_month,-0.08757516874077126,-0.026861505826820283,0.06071366291395097,-0.08707653255014933,-0.025998649562156646,-0.0004986361906219317,-0.0008628562646636369,-0.00036422007404170523,0.0007879175334437423,0.0012910236680765015,0.0005031061346327593,0.004422677106597368,0.005975451368490151,363,2,0.07006698202587822,0.21605458541330433,6,6,0.0015527742618927833
87,regenerated_shortfalls_and_labels,total,family_month_minus_pooled,0.07619599556709736,0.16256235004299643,0.08636635447589908,0.07709128257252496,0.1641954679793695,-0.0008952870054275974,-0.0016331179363730797,-0.0007378309309454822,-0.00034876650440141205,-0.004104843684027453,-0.003756077179626041,-0.001957668879155929,-0.01899910467614025,363,2,0.07006698202587822,0.21605458541330433,6,6,-0.017041435796984323
87,regenerated_shortfalls_and_labels,young_relative,pooled,-0.16302713404283437,-0.18966003009285085,-0.02663289605001648,-0.16416781512267428,-0.19019411754152615,0.001140681079839917,0.0005340874486753078,-0.0006065936311646092,-0.007915802788313398,-0.00949987786468221,-0.0015840750763688113,-0.20750767833248854,-0.19469589291175168,363,2,0.0014526943443554743,0.0487934168646698,5,5,0.012811785420736854
87,regenerated_shortfalls_and_labels,young_relative,family_month,-0.08095036094304571,-0.018690523151357,0.06225983779168871,-0.08707653255014933,-0.025998649562156646,0.006126171607103617,0.007308126410799646,0.0011819548036960288,-0.013489387901370265,-0.014048969185836636,-0.0005595812844663706,-0.35361562691686416,-0.2879275543420525,363,2,0.0014526943443554743,0.0487934168646698,6,6,0.06568807257481163
87,regenerated_shortfalls_and_labels,young_relative,family_month_minus_pooled,0.08207677309978866,0.17096950694149385,0.0888927338417052,0.07709128257252496,0.1641954679793695,0.0049854905272637,0.006774038962124335,0.0017885484348606345,-0.005573585113056867,-0.004549091321154426,0.0010244937919024408,-0.1461079485843756,-0.09323166143030084,363,2,0.0014526943443554743,0.0487934168646698,6,6,0.05287628715407475
88,fixed_shortfalls_fixed_labels,total,pooled,-0.16377116430786862,-0.160500007497094,0.0032711568107746114,-0.16416781512267428,-0.16271001562905044,0.0003966508148056658,0.0022100081319564313,0.0018133573171507655,0.0011366840378451543,0.006418337611095466,0.0052816535732503125,0.006380345985753297,0.03602691095213653,363,2,0.06170076814319721,0.17815398105106858,5,5,0.029646564966383234
88,fixed_shortfalls_fixed_labels,total,family_month,-0.08757516874077126,-0.08648801294429086,0.0010871557964804018,-0.08707653255014933,-0.08486037244164778,-0.0004986361906219317,-0.0016276405026430796,-0.001129004312021148,0.0007879175334437423,0.0024384327080205896,0.0016505151745768473,0.004422677106597368,0.013687219862471681,363,2,0.06170076814319721,0.17815398105106858,7,7,0.009264542755874313
88,fixed_shortfalls_fixed_labels,total,family_month_minus_pooled,0.07619599556709736,0.07401199455280315,-0.0021840010142942096,0.07709128257252496,0.07784964318740266,-0.0008952870054275974,-0.003837648634599511,-0.0029423616291719135,-0.00034876650440141205,-0.003979904903074876,-0.0036311383986734644,-0.001957668879155929,-0.022339691089664843,363,2,0.06170076814319721,0.17815398105106858,7,7,-0.020382022210508915
88,fixed_shortfalls_fixed_labels,young_relative,pooled,-0.16302713404283437,-0.15916141635099512,0.0038657176918392433,-0.16416781512267428,-0.16271001562905044,0.001140681079839917,0.0035485992780553144,0.0024079181982153974,-0.007915802788313398,-0.020548696578618512,-0.012632893790305114,-0.20750767833248854,-0.5386708630592856,363,2,-0.0004626710527536109,0.03814703557923262,5,5,-0.33116318472679707
88,fixed_shortfalls_fixed_labels,young_relative,family_month,-0.08095036094304571,-0.07158936880071695,0.009360992142328758,-0.08707653255014933,-0.08486037244164778,0.006126171607103617,0.013271003640930826,0.007144832033827209,-0.013489387901370265,-0.02783634982320091,-0.014346961921830645,-0.35361562691686416,-0.72971200515395,363,2,-0.0004626710527536109,0.03814703557923262,7,7,-0.3760963782370858
88,fixed_shortfalls_fixed_labels,young_relative,family_month_minus_pooled,0.08207677309978866,0.08757204755027817,0.005495274450489515,0.07709128257252496,0.07784964318740266,0.0049854905272637,0.009722404362875511,0.004736913835611811,-0.005573585113056867,-0.007287653244582398,-0.001714068131525531,-0.1461079485843756,-0.19104114209466438,363,2,-0.0004626710527536109,0.03814703557923262,7,7,-0.044933193510288794
88,regenerated_shortfalls_fixed_labels,total,pooled,-0.16377116430786862,-0.16145073529838525,0.0023204290094833713,-0.16416781512267428,-0.16271001562905044,0.0003966508148056658,0.0012592803306651912,0.0008626295158595254,0.0011366840378451543,0.008254245723201608,0.0071175616853564536,0.006380345985753297,0.03733906669752236,363,2,0.06556674967212889,0.22106191860840807,5,5,0.030958720711769066
88,regenerated_shortfalls_fixed_labels,total,family_month,-0.08757516874077126,-0.0905562372539378,-0.0029810685131665404,-0.08707653255014933,-0.08486037244164778,-0.0004986361906219317,-0.005695864812290022,-0.00519722862166809,0.0007879175334437423,0.008379734729024174,0.007591817195580432,0.004422677106597368,0.03790673120804739,363,2,0.06556674967212889,0.22106191860840807,7,7,0.03348405410145002
88,regenerated_shortfalls_fixed_labels,total,family_month_minus_pooled,0.07619599556709736,0.07089449804444745,-0.005301497522649912,0.07709128257252496,0.07784964318740266,-0.0008952870054275974,-0.006955145142955213,-0.006059858137527616,-0.00034876650440141205,0.00012548900582256585,0.0004742555102239779,-0.001957668879155929,0.0005676645105250293,363,2,0.06556674967212889,0.22106191860840807,7,7,0.0025253333896809583
88,regenerated_shortfalls_fixed_labels,young_relative,pooled,-0.16302713404283437,-0.1551337386178927,0.007893395424941663,-0.16416781512267428,-0.16271001562905044,0.001140681079839917,0.007576277011157734,0.006435595931317817,-0.007915802788313398,-0.02499687265053443,-0.017081069862221035,-0.20750767833248854,-0.5037271714865958,363,2,-0.00037389403345276367,0.049623832235938053,5,5,-0.29621949315410734
88,regenerated_shortfalls_fixed_labels,young_relative,family_month,-0.08095036094304571,-0.06826964867744052,0.012680712265605187,-0.08707653255014933,-0.08486037244164778,0.006126171607103617,0.016590723764207255,0.010464552157103638,-0.013489387901370265,-0.03722200772099698,-0.023732619819626714,-0.35361562691686416,-0.7500832975579916,363,2,-0.00037389403345276367,0.049623832235938053,7,7,-0.3964676706411275
88,regenerated_shortfalls_fixed_labels,young_relative,family_month_minus_pooled,0.08207677309978866,0.08686408994045218,0.004787316840663525,0.07709128257252496,0.07784964318740266,0.0049854905272637,0.009014446753049521,0.004028956225785821,-0.005573585113056867,-0.012225135070462547,-0.00665154995740568,-0.1461079485843756,-0.24635612607139573,363,2,-0.00037389403345276367,0.049623832235938053,7,7,-0.10024817748702014
88,regenerated_shortfalls_and_labels,total,pooled,-0.16377116430786862,-0.16144944711641332,0.002321717191455297,-0.16416781512267428,-0.16270272718553633,0.0003966508148056658,0.0012532800691230084,0.0008566292543173426,0.0011366840378451543,0.00821606239080086,0.007079378352955705,0.006380345985753297,0.037166339831488114,363,2,0.06556674967212889,0.22106191860840807,5,5,0.030785993845734817
88,regenerated_shortfalls_and_labels,total,family_month,-0.08757516874077126,-0.09029948448059227,-0.002724315739821015,-0.08707653255014933,-0.08459661783752742,-0.0004986361906219317,-0.005702866643064852,-0.005204230452442921,0.0007879175334437423,0.008362966530492736,0.007575048997048994,0.004422677106597368,0.03783087825862492,363,2,0.06556674967212889,0.22106191860840807,7,7,0.03340820115202755
88,regenerated_shortfalls_and_labels,total,family_month_minus_pooled,0.07619599556709736,0.07114996263582105,-0.005046032931276312,0.07709128257252496,0.0781061093480089,-0.0008952870054275974,-0.006956146712187861,-0.006060859706760263,-0.00034876650440141205,0.0001469041396918759,0.000495670644093288,-0.001957668879155929,0.000664538427136805,363,2,0.06556674967212889,0.22106191860840807,7,7,0.002622207306292734
88,regenerated_shortfalls_and_labels,young_relative,pooled,-0.16302713404283437,-0.15514372273561522,0.007883411307219146,-0.16416781512267428,-0.16270272718553633,0.001140681079839917,0.007559004449921108,0.0064183233700811915,-0.007915802788313398,-0.02494720619927671,-0.017031403410963313,-0.20750767833248854,-0.5027263126447882,363,2,-0.00037389403345276367,0.049623832235938053,5,5,-0.29521863431229967
88,regenerated_shortfalls_and_labels,young_relative,family_month,-0.08095036094304571,-0.06825520765087781,0.012695153292167902,-0.08707653255014933,-0.08459661783752742,0.006126171607103617,0.016341410186649613,0.010215238579545996,-0.013489387901370265,-0.03720847177811953,-0.023719083876749262,-0.35361562691686416,-0.7498105265472181,363,2,-0.00037389403345276367,0.049623832235938053,7,7,-0.396194899630354
88,regenerated_shortfalls_and_labels,young_relative,family_month_minus_pooled,0.08207677309978866,0.08688851508473741,0.004811741984948756,0.07709128257252496,0.0781061093480089,0.0049854905272637,0.008782405736728505,0.0037969152094648045,-0.005573585113056867,-0.012261265578842818,-0.006687680465785951,-0.1461079485843756,-0.24708421390242996,363,2,-0.00037389403345276367,0.049623832235938053,7,7,-0.10097626531805437
89,fixed_shortfalls_fixed_labels,total,pooled,-0.16377116430786862,-0.1892081172528398,-0.025436952944971197,-0.16416781512267428,-0.18715209964736174,0.0003966508148056658,-0.0020560176054780777,-0.0024526684202837434,0.0011366840378451543,-0.005454546740181231,-0.006591230778026385,0.006380345985753297,-0.030617035375805957,363,1,0.06170076814319721,0.17815398105106858,5,5,-0.03699738136155925
89,fixed_shortfalls_fixed_labels,total,family_month,-0.08757516874077126,-0.08871088984115984,-0.0011357211003885787,-0.08707653255014933,-0.09141779321993486,-0.0004986361906219317,0.002706903378775022,0.0032055395693969535,0.0007879175334437423,-0.0045360640938911095,-0.005323981627334852,0.004422677106597368,-0.025461480384156153,363,1,0.06170076814319721,0.17815398105106858,6,6,-0.029884157490753523
89,fixed_shortfalls_fixed_labels,total,family_month_minus_pooled,0.07619599556709736,0.10049722741167998,0.02430123184458262,0.07709128257252496,0.09573430642742688,-0.0008952870054275974,0.0047629209842530995,0.005658207989680697,-0.00034876650440141205,0.0009184826462901212,0.0012672491506915333,-0.001957668879155929,0.005155554991649804,363,1,0.06170076814319721,0.17815398105106858,6,6,0.007113223870805733
89,fixed_shortfalls_fixed_labels,young_relative,pooled,-0.16302713404283437,-0.187239122755961,-0.02421198871312663,-0.16416781512267428,-0.18715209964736174,0.001140681079839917,-8.70231085992601e-05,-0.001227704188439177,-0.007915802788313398,0.0005978799669768411,0.00851368275529024,-0.20750767833248854,0.015673038753824663,363,1,-0.0004626710527536109,0.03814703557923262,5,5,0.2231807170863132
89,fixed_shortfalls_fixed_labels,young_relative,family_month,-0.08095036094304571,-0.08870001746064606,-0.007749656517600345,-0.08707653255014933,-0.09141779321993486,0.006126171607103617,0.002717775759288804,-0.003408395847814813,-0.013489387901370265,-0.006313896077339748,0.007175491824030517,-0.35361562691686416,-0.1655147243152245,363,1,-0.0004626710527536109,0.03814703557923262,6,6,0.18810090260163967
89,fixed_shortfalls_fixed_labels,young_relative,family_month_minus_pooled,0.08207677309978866,0.09853910529531494,0.016462332195526286,0.07709128257252496,0.09573430642742688,0.0049854905272637,0.002804798867888064,-0.002180691659375636,-0.005573585113056867,-0.006911776044316589,-0.0013381909312597225,-0.1461079485843756,-0.18118776306904916,363,1,-0.0004626710527536109,0.03814703557923262,6,6,-0.035079814484673566
89,regenerated_shortfalls_fixed_labels,total,pooled,-0.16377116430786862,-0.188108627303841,-0.024337462995972392,-0.16416781512267428,-0.18715209964736174,0.0003966508148056658,-0.0009565276564792724,-0.0013531784712849382,0.0011366840378451543,-0.013566429173633468,-0.014703113211478623,0.006380345985753297,-0.05950014184057128,363,1,0.04778999228552557,0.22800666946281037,5,5,-0.06588048782632458
89,regenerated_shortfalls_fixed_labels,total,family_month,-0.08757516874077126,-0.08063123174508281,0.006943936995688446,-0.08707653255014933,-0.09141779321993486,-0.0004986361906219317,0.010786561474852047,0.011285197665473978,0.0007879175334437423,-0.015224410550005004,-0.016012328083448747,0.004422677106597368,-0.06677177727245484,363,1,0.04778999228552557,0.22800666946281037,6,6,-0.07119445437905221
89,regenerated_shortfalls_fixed_labels,total,family_month_minus_pooled,0.07619599556709736,0.1074773955587582,0.03128139999166084,0.07709128257252496,0.09573430642742688,-0.0008952870054275974,0.011743089131331319,0.012638376136758916,-0.00034876650440141205,-0.0016579813763715357,-0.0013092148719701237,-0.001957668879155929,-0.007271635431883562,363,1,0.04778999228552557,0.22800666946281037,6,6,-0.005313966552727633
89,regenerated_shortfalls_fixed_labels,young_relative,pooled,-0.16302713404283437,-0.18714662593039794,-0.02411949188756357,-0.16416781512267428,-0.18715209964736174,0.001140681079839917,5.473716963799724e-06,-0.0011352073628761172,-0.007915802788313398,-0.005692254418650135,0.002223548369663263,-0.20750767833248854,-0.11069120223908577,363,1,0.001346832495480418,0.05142463270346669,5,5,0.09681647609340277
89,regenerated_shortfalls_fixed_labels,young_relative,family_month,-0.08095036094304571,-0.08699504553447988,-0.006044684591434174,-0.08707653255014933,-0.09141779321993486,0.006126171607103617,0.004422747685454975,-0.0017034239216486419,-0.013489387901370265,-0.009467864484530098,0.004021523416840167,-0.35361562691686416,-0.18411146539685133,363,1,0.001346832495480418,0.05142463270346669,6,6,0.16950416152001282
89,regenerated_shortfalls_fixed_labels,young_relative,family_month_minus_pooled,0.08207677309978866,0.10015158039591805,0.018074807296129397,0.07709128257252496,0.09573430642742688,0.0049854905272637,0.0044172739684911755,-0.0005682165587725246,-0.005573585113056867,-0.0037756100658799625,0.0017979750471769041,-0.1461079485843756,-0.07342026315776558,363,1,0.001346832495480418,0.05142463270346669,6,6,0.07268768542661001
89,regenerated_shortfalls_and_labels,total,pooled,-0.16377116430786862,-0.18812740540330553,-0.02435624109543691,-0.16416781512267428,-0.1871700218028264,0.0003966508148056658,-0.000957383600479117,-0.0013540344152847827,0.0011366840378451543,-0.013596642027944352,-0.014733326065789507,0.006380345985753297,-0.059632650483331884,363,1,0.04778999228552557,0.22800666946281037,5,5,-0.06601299646908518
89,regenerated_shortfalls_and_labels,total,family_month,-0.08757516874077126,-0.07951672081892458,0.008058447921846679,-0.08707653255014933,-0.09042593695621093,-0.0004986361906219317,0.010909216137286348,0.01140785232790828,0.0007879175334437423,-0.01529905931747099,-0.016086976850914734,0.004422677106597368,-0.06709917457027012,363,1,0.04778999228552557,0.22800666946281037,6,6,-0.07152185167686749
89,regenerated_shortfalls_and_labels,total,family_month_minus_pooled,0.07619599556709736,0.10861068458438095,0.03241468901728359,0.07709128257252496,0.09674408484661548,-0.0008952870054275974,0.011866599737765465,0.012761886743193063,-0.00034876650440141205,-0.0017024172895266382,-0.0013536507851252262,-0.001957668879155929,-0.007466524086938236,363,1,0.04778999228552557,0.22800666946281037,6,6,-0.005508855207782307
89,regenerated_shortfalls_and_labels,young_relative,pooled,-0.16302713404283437,-0.1871649962865626,-0.024137862243728242,-0.16416781512267428,-0.1871700218028264,0.001140681079839917,5.025516263801322e-06,-0.0011356555635761156,-0.007915802788313398,-0.005549319910876676,0.0023664828774367227,-0.20750767833248854,-0.10791170727219562,363,1,0.001346832495480418,0.05142463270346669,5,5,0.09959597106029291
89,regenerated_shortfalls_and_labels,young_relative,family_month,-0.08095036094304571,-0.08621849972745418,-0.005268138784408474,-0.08707653255014933,-0.09042593695621093,0.006126171607103617,0.004207437228756744,-0.001918734378346873,-0.013489387901370265,-0.009296894319728306,0.004192493581641959,-0.35361562691686416,-0.18078679090111566,363,1,0.001346832495480418,0.05142463270346669,6,6,0.1728288360157485
89,regenerated_shortfalls_and_labels,young_relative,family_month_minus_pooled,0.08207677309978866,0.10094649655910842,0.018869723459319768,0.07709128257252496,0.09674408484661548,0.0049854905272637,0.004202411712492943,-0.0007830788147707574,-0.005573585113056867,-0.0037475744088516305,0.001826010704205236,-0.1461079485843756,-0.07287508362892002,363,1,0.001346832495480418,0.05142463270346669,6,6,0.07323286495545557
90,fixed_shortfalls_fixed_labels,total,pooled,-0.16377116430786862,-0.2445603960611515,-0.0807892317532829,-0.16416781512267428,-0.24590815768816582,0.0003966508148056658,0.0013477616270143045,0.0009511108122086387,0.0011366840378451543,0.0038482865002286673,0.002711602462383513,0.006380345985753297,0.021600900959521864,363,2,0.06170076814319721,0.17815398105106858,5,5,0.015220554973768567
90,fixed_shortfalls_fixed_labels,total,family_month,-0.08757516874077126,-0.20581542426814314,-0.11824025552737188,-0.08707653255014933,-0.20439081539016674,-0.0004986361906219317,-0.0014246088779764077,-0.000925972687354476,0.0007879175334437423,0.002202959324679259,0.001415041791235517,0.004422677106597368,0.012365479074238435,363,2,0.06170076814319721,0.17815398105106858,7,7,0.007942801967641067
90,fixed_shortfalls_fixed_labels,total,family_month_minus_pooled,0.07619599556709736,0.03874497179300837,-0.03745102377408899,0.07709128257252496,0.04151734229799908,-0.0008952870054275974,-0.002772370504990712,-0.0018770834995631147,-0.00034876650440141205,-0.0016453271755494082,-0.001296560671147996,-0.001957668879155929,-0.009235421885283429,363,2,0.06170076814319721,0.17815398105106858,7,7,-0.007277753006127499
90,fixed_shortfalls_fixed_labels,young_relative,pooled,-0.16302713404283437,-0.2441425715371903,-0.08111543749435593,-0.16416781512267428,-0.24590815768816582,0.001140681079839917,0.0017655861509755233,0.0006249050711356063,-0.007915802788313398,-0.013607796839684022,-0.005691994051370624,-0.20750767833248854,-0.35671964106936144,363,2,-0.0004626710527536109,0.03814703557923262,5,5,-0.1492119627368729
90,fixed_shortfalls_fixed_labels,young_relative,family_month,-0.08095036094304571,-0.19742524540587236,-0.11647488446282665,-0.08707653255014933,-0.20439081539016674,0.006126171607103617,0.006965569984294373,0.0008393983771907559,-0.013489387901370265,-0.016267623657516644,-0.0027782357561463786,-0.35361562691686416,-0.426445290191115,363,2,-0.0004626710527536109,0.03814703557923262,7,7,-0.07282966327425083
90,fixed_shortfalls_fixed_labels,young_relative,family_month_minus_pooled,0.08207677309978866,0.04671732613131793,-0.03535944696847072,0.07709128257252496,0.04151734229799908,0.0049854905272637,0.00519998383331885,0.0002144933060551496,-0.005573585113056867,-0.0026598268178326216,0.002913758295224245,-0.1461079485843756,-0.06972564912175352,363,2,-0.0004626710527536109,0.03814703557923262,7,7,0.07638229946262207
90,regenerated_shortfalls_fixed_labels,total,pooled,-0.16377116430786862,-0.244633987297856,-0.08086282298998737,-0.16416781512267428,-0.24590815768816582,0.0003966508148056658,0.0012741703903098311,0.0008775195755041654,0.0011366840378451543,0.01246421901910525,0.011327534981260096,0.006380345985753297,0.06007135978365067,363,2,0.04544072492232156,0.20749020937757393,5,5,0.053691013797897376
90,regenerated_shortfalls_fixed_labels,total,family_month,-0.08757516874077126,-0.21398103275716562,-0.12640586401639436,-0.08707653255014933,-0.20439081539016674,-0.0004986361906219317,-0.009590217366998888,-0.009091581176376956,0.0007879175334437423,0.010460130408804351,0.00967221287536061,0.004422677106597368,0.05041264568666876,363,2,0.04544072492232156,0.20749020937757393,7,7,0.04598996858007139
90,regenerated_shortfalls_fixed_labels,total,family_month_minus_pooled,0.07619599556709736,0.030652954540690364,-0.045543041026406994,0.07709128257252496,0.04151734229799908,-0.0008952870054275974,-0.010864387757308719,-0.009969100751881121,-0.00034876650440141205,-0.0020040886103008995,-0.0016553221058994874,-0.001957668879155929,-0.0096587140969819,363,2,0.04544072492232156,0.20749020937757393,7,7,-0.007701045217825971
90,regenerated_shortfalls_fixed_labels,young_relative,pooled,-0.16302713404283437,-0.24801976227770814,-0.08499262823487377,-0.16416781512267428,-0.24590815768816582,0.001140681079839917,-0.0021116045895423208,-0.0032522856693822377,-0.007915802788313398,-0.012394235185131887,-0.004478432396818489,-0.20750767833248854,-0.24242805672393633,363,2,0.0010453408378393312,0.05112541573208153,5,5,-0.03492037839144779
90,regenerated_shortfalls_fixed_labels,young_relative,family_month,-0.08095036094304571,-0.2025061918644788,-0.12155583092143309,-0.08707653255014933,-0.20439081539016674,0.006126171607103617,0.0018846235256879396,-0.0042415480814156775,-0.013489387901370265,-0.01117771652870825,0.0023116713726620153,-0.35361562691686416,-0.21863326427083038,363,2,0.0010453408378393312,0.05112541573208153,7,7,0.13498236264603378
90,regenerated_shortfalls_fixed_labels,young_relative,family_month_minus_pooled,0.08207677309978866,0.04551357041322934,-0.03656320268655931,0.07709128257252496,0.04151734229799908,0.0049854905272637,0.00399622811523026,-0.0009892624120334398,-0.005573585113056867,0.0012165186564236374,0.006790103769480504,-0.1461079485843756,0.023794792453105944,363,2,0.0010453408378393312,0.05112541573208153,7,7,0.16990274103748154
90,regenerated_shortfalls_and_labels,total,pooled,-0.16377116430786862,-0.24462942384867697,-0.08085825954080836,-0.16416781512267428,-0.24590369057490227,0.0003966508148056658,0.0012742667262252982,0.0008776159114196325,0.0011366840378451543,0.012463866222131418,0.011327182184286263,0.006380345985753297,0.06006965947704396,363,2,0.04544072492232156,0.20749020937757393,5,5,0.05368931349129066
90,regenerated_shortfalls_and_labels,total,family_month,-0.08757516874077126,-0.2135575332317762,-0.12598236449100494,-0.08707653255014933,-0.20396673794347828,-0.0004986361906219317,-0.009590795288297926,-0.009092159097675995,0.0007879175334437423,0.010455148948298918,0.009667231414855176,0.004422677106597368,0.05038863751529347,363,2,0.04544072492232156,0.20749020937757393,7,7,0.0459659604086961
90,regenerated_shortfalls_and_labels,total,family_month_minus_pooled,0.07619599556709736,0.03107189061690077,-0.045124104950196586,0.07709128257252496,0.041936952631423996,-0.0008952870054275974,-0.010865062014523225,-0.009969775009095627,-0.00034876650440141205,-0.0020087172738325002,-0.0016599507694310882,-0.001957668879155929,-0.009681021961750488,363,2,0.04544072492232156,0.20749020937757393,7,7,-0.0077233530825945584
90,regenerated_shortfalls_and_labels,young_relative,pooled,-0.16302713404283437,-0.24801428286362978,-0.08498714882079542,-0.16416781512267428,-0.24590369057490227,0.001140681079839917,-0.0021105922887275086,-0.0032512733685674255,-0.007915802788313398,-0.01238547570088097,-0.004469672912567571,-0.20750767833248854,-0.24225672346188873,363,2,0.0010453408378393312,0.05112541573208153,5,5,-0.03474904512940019
90,regenerated_shortfalls_and_labels,young_relative,family_month,-0.08095036094304571,-0.20207539455604534,-0.12112503361299963,-0.08707653255014933,-0.20396673794347828,0.006126171607103617,0.0018913433874329366,-0.0042348282196706805,-0.013489387901370265,-0.01115624489639439,0.002333143004975875,-0.35361562691686416,-0.21821328465782577,363,2,0.0010453408378393312,0.05112541573208153,7,7,0.13540234225903838
90,regenerated_shortfalls_and_labels,young_relative,family_month_minus_pooled,0.08207677309978866,0.04593888830758444,-0.036137884792204214,0.07709128257252496,0.041936952631423996,0.0049854905272637,0.004001935676160445,-0.000983554851103255,-0.005573585113056867,0.0012292308044865793,0.006802815917543446,-0.1461079485843756,0.02404343880406295,363,2,0.0010453408378393312,0.05112541573208153,7,7,0.17015138738843855
91,fixed_shortfalls_fixed_labels,total,pooled,-0.16377116430786862,-0.22126404859526266,-0.05749288428739405,-0.16416781512267428,-0.21803185673488687,0.0003966508148056658,-0.0032321918603757938,-0.0036288426751814595,0.0011366840378451543,-0.009045376836093072,-0.010182060873938227,0.006380345985753297,-0.05077280217218484,363,2,0.06170076814319721,0.17815398105106858,5,5,-0.057153148157938136
91,fixed_shortfalls_fixed_labels,total,family_month,-0.08757516874077126,-0.17644312362044862,-0.08886795487967736,-0.08707653255014933,-0.18052163252094347,-0.0004986361906219317,0.004078508900494854,0.0045771450911167855,0.0007879175334437423,-0.006316841869853622,-0.007104759403297365,0.004422677106597368,-0.035457202991399185,363,2,0.06170076814319721,0.17815398105106858,6,6,-0.039879880097996555
91,fixed_shortfalls_fixed_labels,total,family_month_minus_pooled,0.07619599556709736,0.04482092497481405,-0.03137507059228331,0.07709128257252496,0.0375102242139434,-0.0008952870054275974,0.007310700760870648,0.008205987766298245,-0.00034876650440141205,0.00272853496623945,0.003077301470640862,-0.001957668879155929,0.01531559918078566,363,2,0.06170076814319721,0.17815398105106858,6,6,0.017273268059941588
91,fixed_shortfalls_fixed_labels,young_relative,pooled,-0.16302713404283437,-0.21834252005778643,-0.05531538601495206,-0.16416781512267428,-0.21803185673488687,0.001140681079839917,-0.000310663322899557,-0.001451344402739474,-0.007915802788313398,0.002150653085273495,0.010066455873586894,-0.20750767833248854,0.0563779872437668,363,2,-0.0004626710527536109,0.03814703557923262,5,5,0.26388566557625537
91,fixed_shortfalls_fixed_labels,young_relative,family_month,-0.08095036094304571,-0.178857986279617,-0.09790762533657128,-0.08707653255014933,-0.18052163252094347,0.006126171607103617,0.0016636462413264774,-0.00446252536577714,-0.013489387901370265,-0.00350790632147152,0.009981481579898746,-0.35361562691686416,-0.09195750779075573,363,2,-0.0004626710527536109,0.03814703557923262,6,6,0.2616581191261084
91,fixed_shortfalls_fixed_labels,young_relative,family_month_minus_pooled,0.08207677309978866,0.039484533778169434,-0.04259223932161922,0.07709128257252496,0.0375102242139434,0.0049854905272637,0.0019743095642260344,-0.0030111809630376657,-0.005573585113056867,-0.005658559406745015,-8.497429368814827e-05,-0.1461079485843756,-0.14833549503452254,363,2,-0.0004626710527536109,0.03814703557923262,6,6,-0.0022275464501469444
91,regenerated_shortfalls_fixed_labels,total,pooled,-0.16377116430786862,-0.21777781817593778,-0.05400665386806916,-0.16416781512267428,-0.21803185673488687,0.0003966508148056658,0.00025403855894909344,-0.00014261225585657233,0.0011366840378451543,0.0009958823486639584,-0.0001408016891811959,0.006380345985753297,0.004761567060443142,363,2,0.05543549624505189,0.20915012558308382,5,5,-0.0016187789253101544
91,regenerated_shortfalls_fixed_labels,total,family_month,-0.08757516874077126,-0.18391885762286617,-0.09634368888209491,-0.08707653255014933,-0.18052163252094347,-0.0004986361906219317,-0.0033972251019226962,-0.0028985889113007646,0.0007879175334437423,0.0042784866474358104,0.003490569113992068,0.004422677106597368,0.020456533963381263,363,2,0.05543549624505189,0.20915012558308382,6,6,0.016033856856783893
91,regenerated_shortfalls_fixed_labels,total,family_month_minus_pooled,0.07619599556709736,0.03385896055307161,-0.04233703501402575,0.07709128257252496,0.0375102242139434,-0.0008952870054275974,-0.0036512636608717897,-0.0027559766554441922,-0.00034876650440141205,0.003282604298771852,0.003631370803173264,-0.001957668879155929,0.01569496690293812,363,2,0.05543549624505189,0.20915012558308382,6,6,0.01765263578209405
91,regenerated_shortfalls_fixed_labels,young_relative,pooled,-0.16302713404283437,-0.21754842844698252,-0.05452129440414816,-0.16416781512267428,-0.21803185673488687,0.001140681079839917,0.0004834282879043472,-0.0006572527919355697,-0.007915802788313398,-0.00541835380704951,0.002497448981263889,-0.20750767833248854,-0.10502571260848108,363,2,0.0014252662414331453,0.05159073594909333,5,5,0.10248196572400746
91,regenerated_shortfalls_fixed_labels,young_relative,family_month,-0.08095036094304571,-0.17585217120223579,-0.09490181025919008,-0.08707653255014933,-0.18052163252094347,0.006126171607103617,0.004669461318707685,-0.001456710288395932,-0.013489387901370265,-0.011237881707701038,0.002251506193669227,-0.35361562691686416,-0.21782751304013015,363,2,0.0014252662414331453,0.05159073594909333,6,6,0.135788113876734
91,regenerated_shortfalls_fixed_labels,young_relative,family_month_minus_pooled,0.08207677309978866,0.04169625724474674,-0.04038051585504192,0.07709128257252496,0.0375102242139434,0.0049854905272637,0.004186033030803338,-0.0007994574964603623,-0.005573585113056867,-0.005819527900651529,-0.0002459427875946621,-0.1461079485843756,-0.11280180043164906,363,2,0.0014252662414331453,0.05159073594909333,6,6,0.033306148152726534
91,regenerated_shortfalls_and_labels,total,pooled,-0.16377116430786862,-0.21776850420836005,-0.05399733990049144,-0.16416781512267428,-0.21802491103204924,0.0003966508148056658,0.000256406823689187,-0.00014024399111647878,0.0011366840378451543,0.0010050886028104505,-0.00013159543503470377,0.006380345985753297,0.004805584505428299,363,2,0.05543549624505189,0.20915012558308382,5,5,-0.0015747614803249977
91,regenerated_shortfalls_and_labels,total,family_month,-0.08757516874077126,-0.1833295237840613,-0.09575435504329005,-0.08707653255014933,-0.17995754607972858,-0.0004986361906219317,-0.0033719777043327293,-0.0028733415137107976,0.0007879175334437423,0.004260042667045537,0.003472125133601795,0.004422677106597368,0.02036834859730102,363,2,0.05543549624505189,0.20915012558308382,6,6,0.015945671490703653
91,regenerated_shortfalls_and_labels,total,family_month_minus_pooled,0.07619599556709736,0.03443898042429874,-0.041757015142798615,0.07709128257252496,0.03806736495232066,-0.0008952870054275974,-0.0036283845280219162,-0.002733097522594319,-0.00034876650440141205,0.003254954064235087,0.003603720568636499,-0.001957668879155929,0.01556276409187272,363,2,0.05543549624505189,0.20915012558308382,6,6,0.01752043297102865
91,regenerated_shortfalls_and_labels,young_relative,pooled,-0.16302713404283437,-0.21754371488209404,-0.05451658083925967,-0.16416781512267428,-0.21802491103204924,0.001140681079839917,0.0004811961499552042,-0.0006594849298847127,-0.007915802788313398,-0.005394936392644185,0.0025208663956692136,-0.20750767833248854,-0.10457180525526108,363,2,0.0014252662414331453,0.05159073594909333,5,5,0.10293587307722746
91,regenerated_shortfalls_and_labels,young_relative,family_month,-0.08095036094304571,-0.1753402211660626,-0.09438986022301689,-0.08707653255014933,-0.17995754607972858,0.006126171607103617,0.004617324913665982,-0.0015088466934376349,-0.013489387901370265,-0.011246722640887406,0.002242665260482859,-0.35361562691686416,-0.21799887972106083,363,2,0.0014252662414331453,0.05159073594909333,6,6,0.13561674719580333
91,regenerated_shortfalls_and_labels,young_relative,family_month_minus_pooled,0.08207677309978866,0.04220349371603144,-0.03987327938375722,0.07709128257252496,0.03806736495232066,0.0049854905272637,0.004136128763710778,-0.0008493617635529221,-0.005573585113056867,-0.005851786248243221,-0.0002782011351863548,-0.1461079485843756,-0.11342707446579975,363,2,0.0014252662414331453,0.05159073594909333,6,6,0.03268087411857584
92,fixed_shortfalls_fixed_labels,total,pooled,-0.16377116430786862,-0.16385747425177094,-8.630994390232405e-05,-0.16416781512267428,-0.1629335292383132,0.0003966508148056658,-0.0009239450134577443,-0.00132059582826341,0.0011366840378451543,-0.0026139581680627417,-0.003750642205907896,0.006380345985753297,-0.014672465653817973,363,4,0.06170076814319721,0.17815398105106858,5,5,-0.02105281163957127
92,fixed_shortfalls_fixed_labels,total,family_month,-0.08757516874077126,-0.1122322466778954,-0.02465707793712414,-0.08707653255014933,-0.11243563206549814,-0.0004986361906219317,0.00020338538760274194,0.0007020215782246736,0.0007879175334437423,-0.00033808377148023097,-0.0011260013049239732,0.004422677106597368,-0.0018977053978003324,363,4,0.06170076814319721,0.17815398105106858,7,7,-0.0063203825043977
92,fixed_shortfalls_fixed_labels,total,family_month_minus_pooled,0.07619599556709736,0.05162522757387554,-0.024570767993221818,0.07709128257252496,0.050497897172815054,-0.0008952870054275974,0.0011273304010604862,0.0020226174064880836,-0.00034876650440141205,0.0022758743965825105,0.0026246409009839226,-0.001957668879155929,0.012774760256017639,363,4,0.06170076814319721,0.17815398105106858,7,7,0.014732429135173569
92,fixed_shortfalls_fixed_labels,young_relative,pooled,-0.16302713404283437,-0.16024225841972328,0.0027848756231110827,-0.16416781512267428,-0.1629335292383132,0.001140681079839917,0.0026912708185899137,0.0015505897387499967,-0.007915802788313398,-0.0191730599174969,-0.011257257129183502,-0.20750767833248854,-0.5026094328528842,363,4,-0.0004626710527536109,0.03814703557923262,5,5,-0.29510175452039566
92,fixed_shortfalls_fixed_labels,young_relative,family_month,-0.08095036094304571,-0.1025105883041039,-0.021560227361058185,-0.08707653255014933,-0.11243563206549814,0.006126171607103617,0.009925043761394248,0.0037988721542906306,-0.013489387901370265,-0.02194730385909846,-0.008457915957728195,-0.35361562691686416,-0.5753344532765384,363,4,-0.0004626710527536109,0.03814703557923262,7,7,-0.22171882635967427
92,fixed_shortfalls_fixed_labels,young_relative,family_month_minus_pooled,0.08207677309978866,0.05773167011561939,-0.024345102984169267,0.07709128257252496,0.050497897172815054,0.0049854905272637,0.007233772942804334,0.002248282415540634,-0.005573585113056867,-0.0027742439416015598,0.002799341171455307,-0.1461079485843756,-0.07272502042365431,363,4,-0.0004626710527536109,0.03814703557923262,7,7,0.07338292816072128
92,regenerated_shortfalls_fixed_labels,total,pooled,-0.16377116430786862,-0.16505479010228888,-0.0012836257944202623,-0.16416781512267428,-0.1629335292383132,0.0003966508148056658,-0.0021212608639756825,-0.0025179116787813483,0.0011366840378451543,-0.0072865894780776074,-0.008423273515922761,0.006380345985753297,-0.034992539321730624,363,4,0.08438398771417009,0.20823265814129077,5,5,-0.04137288530748392
92,regenerated_shortfalls_fixed_labels,total,family_month,-0.08757516874077126,-0.11008400573541649,-0.02250883699464523,-0.08707653255014933,-0.11243563206549814,-0.0004986361906219317,0.002351626330081652,0.0028502625207035837,0.0007879175334437423,-0.003629572932290963,-0.004417490465734706,0.004422677106597368,-0.017430373144582404,363,4,0.08438398771417009,0.20823265814129077,7,7,-0.02185305025117977
92,regenerated_shortfalls_fixed_labels,total,family_month_minus_pooled,0.07619599556709736,0.05497078436687239,-0.02122521120022497,0.07709128257252496,0.050497897172815054,-0.0008952870054275974,0.0044728871940573345,0.005368174199484932,-0.00034876650440141205,0.0036570165457866445,0.004005783050188057,-0.001957668879155929,0.01756216617714822,363,4,0.08438398771417009,0.20823265814129077,7,7,0.019519835056304148
92,regenerated_shortfalls_fixed_labels,young_relative,pooled,-0.16302713404283437,-0.15812286947879226,0.00490426456404211,-0.16416781512267428,-0.1629335292383132,0.001140681079839917,0.004810659759520941,0.003669978679681024,-0.007915802788313398,-0.02366595478333661,-0.015750151995023214,-0.20750767833248854,-0.4960706562768726,363,4,-0.0012425959903853555,0.047706822574338885,5,5,-0.288562977944384
92,regenerated_shortfalls_fixed_labels,young_relative,family_month,-0.08095036094304571,-0.09467055352425745,-0.013720192581211738,-0.08707653255014933,-0.11243563206549814,0.006126171607103617,0.017765078541240695,0.011638906934137078,-0.013489387901370265,-0.02510545802304019,-0.011616070121669923,-0.35361562691686416,-0.5262446054528103,363,4,-0.0012425959903853555,0.047706822574338885,7,7,-0.1726289785359461
92,regenerated_shortfalls_fixed_labels,young_relative,family_month_minus_pooled,0.08207677309978866,0.06345231595453481,-0.018624457145253848,0.07709128257252496,0.050497897172815054,0.0049854905272637,0.012954418781719754,0.007968928254456054,-0.005573585113056867,-0.0014395032397035781,0.0041340818733532885,-0.1461079485843756,-0.030173949175937683,363,4,-0.0012425959903853555,0.047706822574338885,7,7,0.1159339994084379
92,regenerated_shortfalls_and_labels,total,pooled,-0.16377116430786862,-0.16445980174754427,-0.0006886374396756489,-0.16416781512267428,-0.16238939954549073,0.0003966508148056658,-0.0020704022020535395,-0.0024670530168592053,0.0011366840378451543,-0.007245911595732701,-0.008382595633577855,0.006380345985753297,-0.034797191086213666,363,4,0.08438398771417009,0.20823265814129077,5,5,-0.04117753707196696
92,regenerated_shortfalls_and_labels,total,family_month,-0.08757516874077126,-0.10890173023513575,-0.021326561494364488,-0.08707653255014933,-0.11127746557145243,-0.0004986361906219317,0.0023757353363166867,0.0028743715269386183,0.0007879175334437423,-0.003620155153499801,-0.004408072686943543,0.004422677106597368,-0.017385145950753987,363,4,0.08438398771417009,0.20823265814129077,7,7,-0.021807823057351357
92,regenerated_shortfalls_and_labels,total,family_month_minus_pooled,0.07619599556709736,0.05555807151240852,-0.02063792405468884,0.07709128257252496,0.05111193397403829,-0.0008952870054275974,0.004446137538370226,0.005341424543797824,-0.00034876650440141205,0.0036257564422329,0.003974522946634312,-0.001957668879155929,0.017412045135459676,363,4,0.08438398771417009,0.20823265814129077,7,7,0.019369714014615604
92,regenerated_shortfalls_and_labels,young_relative,pooled,-0.16302713404283437,-0.15754253594701012,0.005484598095824245,-0.16416781512267428,-0.16238939954549073,0.001140681079839917,0.004846863598480605,0.0037061825186406883,-0.007915802788313398,-0.023671350102747468,-0.01575554731443407,-0.20750767833248854,-0.49618374952265415,363,4,-0.0012425959903853555,0.047706822574338885,5,5,-0.2886760711901656
92,regenerated_shortfalls_and_labels,young_relative,family_month,-0.08095036094304571,-0.09339340734332012,-0.01244304640027441,-0.08707653255014933,-0.11127746557145243,0.006126171607103617,0.017884058228132313,0.011757886621028696,-0.013489387901370265,-0.02513441797757334,-0.011645030076203076,-0.35361562691686416,-0.5268516455567288,363,4,-0.0012425959903853555,0.047706822574338885,7,7,-0.17323601863986465
92,regenerated_shortfalls_and_labels,young_relative,family_month_minus_pooled,0.08207677309978866,0.06414912860369,-0.017927644496098655,0.07709128257252496,0.05111193397403829,0.0049854905272637,0.013037194629651708,0.008051704102388008,-0.005573585113056867,-0.0014630678748258734,0.004110517238230993,-0.1461079485843756,-0.030667896034074712,363,4,-0.0012425959903853555,0.047706822574338885,7,7,0.11544005255030088
93,fixed_shortfalls_fixed_labels,total,pooled,-0.16377116430786862,-0.17106557212496576,-0.007294407817097143,-0.16416781512267428,-0.1711507016611971,0.0003966508148056658,8.512953623135422e-05,-0.00031152127857431156,0.0011366840378451543,0.00023414725153695604,-0.0009025367863081982,0.006380345985753297,0.0013142970488536922,363,1,0.06170076814319721,0.17815398105106858,5,5,-0.005066048936899605
93,fixed_shortfalls_fixed_labels,total,family_month,-0.08757516874077126,-0.07184469381605398,0.015730474924717283,-0.08707653255014933,-0.07130025077640302,-0.0004986361906219317,-0.0005444430396509548,-4.58068490290231e-05,0.0007879175334437423,0.0008654733144086105,7.755578096486828e-05,0.004422677106597368,0.004858007153713388,363,1,0.06170076814319721,0.17815398105106858,6,6,0.0004353300471160197
93,fixed_shortfalls_fixed_labels,total,family_month_minus_pooled,0.07619599556709736,0.09922087830891178,0.023024882741814426,0.07709128257252496,0.09985045088479409,-0.0008952870054275974,-0.000629572575882309,0.00026571442954528846,-0.00034876650440141205,0.0006313260628716545,0.0009800925672730665,-0.001957668879155929,0.003543710104859696,363,1,0.06170076814319721,0.17815398105106858,6,6,0.005501378984015625
93,fixed_shortfalls_fixed_labels,young_relative,pooled,-0.16302713404283437,-0.17088374201380277,-0.007856607970968404,-0.16416781512267428,-0.1711507016611971,0.001140681079839917,0.00026695964739434364,-0.0008737214324455733,-0.007915802788313398,-0.001787522884599467,0.006128279903713931,-0.20750767833248854,-0.046858762613066596,363,1,-0.0004626710527536109,0.03814703557923262,5,5,0.16064891571942194
93,fixed_shortfalls_fixed_labels,young_relative,family_month,-0.08095036094304571,-0.06719620547777704,0.013754155465268675,-0.08707653255014933,-0.07130025077640302,0.006126171607103617,0.004104045298625986,-0.0020221263084776314,-0.013489387901370265,-0.008690132695884699,0.004799255205485567,-0.35361562691686416,-0.22780623877928896,363,1,-0.0004626710527536109,0.03814703557923262,6,6,0.1258093881375752
93,fixed_shortfalls_fixed_labels,young_relative,family_month_minus_pooled,0.08207677309978866,0.10368753653602573,0.02161076343623708,0.07709128257252496,0.09985045088479409,0.0049854905272637,0.003837085651231642,-0.001148404876032058,-0.005573585113056867,-0.006902609811285231,-0.0013290246982283647,-0.1461079485843756,-0.18094747616622237,363,1,-0.0004626710527536109,0.03814703557923262,6,6,-0.034839527581846774
93,regenerated_shortfalls_fixed_labels,total,pooled,-0.16377116430786862,-0.1708894184750226,-0.007118254167153976,-0.16416781512267428,-0.1711507016611971,0.0003966508148056658,0.0002612831861745213,-0.0001353676286311445,0.0011366840378451543,0.0010169716145661063,-0.000119712423279048,0.006380345985753297,0.004713399066441485,363,1,0.06206169099666785,0.21576183137276725,5,5,-0.0016669469193118115
93,regenerated_shortfalls_fixed_labels,total,family_month,-0.08757516874077126,-0.07262593040944178,0.014949238331329481,-0.08707653255014933,-0.07130025077640302,-0.0004986361906219317,-0.0013256796330387566,-0.0008270434424168249,0.0007879175334437423,0.0027228732728495353,0.001934955739405793,0.004422677106597368,0.012619809794556682,363,1,0.06206169099666785,0.21576183137276725,6,6,0.008197132687959314
93,regenerated_shortfalls_fixed_labels,total,family_month_minus_pooled,0.07619599556709736,0.09826348806558081,0.022067492498483457,0.07709128257252496,0.09985045088479409,-0.0008952870054275974,-0.0015869628192132779,-0.0006916758137856804,-0.00034876650440141205,0.001705901658283429,0.0020546681626848412,-0.001957668879155929,0.007906410728115196,363,1,0.06206169099666785,0.21576183137276725,6,6,0.009864079607271125
93,regenerated_shortfalls_fixed_labels,young_relative,pooled,-0.16302713404283437,-0.16838937656182243,-0.005362242518988064,-0.16416781512267428,-0.1711507016611971,0.001140681079839917,0.002761325099374684,0.0016206440195347671,-0.007915802788313398,-0.016433702125839784,-0.008517899337526386,-0.20750767833248854,-0.34718707167326707,363,1,0.0019461854200074505,0.047333853897950764,5,5,-0.13967939334077853
93,regenerated_shortfalls_fixed_labels,young_relative,family_month,-0.08095036094304571,-0.06893123939470243,0.012019121548343281,-0.08707653255014933,-0.07130025077640302,0.006126171607103617,0.002369011381700592,-0.003757160225403025,-0.013489387901370265,-0.020352942685090032,-0.006863554783719767,-0.35361562691686416,-0.429987017937941,363,1,0.0019461854200074505,0.047333853897950764,6,6,-0.07637139102107682
93,regenerated_shortfalls_fixed_labels,young_relative,family_month_minus_pooled,0.08207677309978866,0.09945813716712,0.017381364067331345,0.07709128257252496,0.09985045088479409,0.0049854905272637,-0.00039231371767409207,-0.005377804244937792,-0.005573585113056867,-0.003919240559250248,0.001654344553806619,-0.1461079485843756,-0.08279994626467388,363,1,0.0019461854200074505,0.047333853897950764,6,6,0.06330800231970171
93,regenerated_shortfalls_and_labels,total,pooled,-0.16377116430786862,-0.17089680929548684,-0.007125644987618224,-0.16416781512267428,-0.171135461052182,0.0003966508148056658,0.00023865175669515737,-0.0001579990581105084,0.0011366840378451543,0.0009290020930225799,-0.00020768194482257438,0.006380345985753297,0.004305683202222928,363,1,0.06206169099666785,0.21576183137276725,5,5,-0.0020746627835303687
93,regenerated_shortfalls_and_labels,total,family_month,-0.08757516874077126,-0.07260448914042968,0.014970679600341583,-0.08707653255014933,-0.07130567535623437,-0.0004986361906219317,-0.0012988137841953018,-0.0008001775935733701,0.0007879175334437423,0.002638578943895161,0.001850661410451419,0.004422677106597368,0.012229127492603374,363,1,0.06206169099666785,0.21576183137276725,6,6,0.007806450386006006
93,regenerated_shortfalls_and_labels,total,family_month_minus_pooled,0.07619599556709736,0.09829232015505716,0.022096324587959806,0.07709128257252496,0.09982978569594762,-0.0008952870054275974,-0.0015374655408904592,-0.0006421785354628617,-0.00034876650440141205,0.0017095768508725811,0.002058343355273993,-0.001957668879155929,0.007923444290380445,363,1,0.06206169099666785,0.21576183137276725,6,6,0.009881113169536375
93,regenerated_shortfalls_and_labels,young_relative,pooled,-0.16302713404283437,-0.1683980755404954,-0.0053709414976610415,-0.16416781512267428,-0.171135461052182,0.001140681079839917,0.002737385511686591,0.0015967044318466739,-0.007915802788313398,-0.016293663707053513,-0.008377860918740114,-0.20750767833248854,-0.3442285460672983,363,1,0.0019461854200074505,0.047333853897950764,5,5,-0.13672086773480976
93,regenerated_shortfalls_and_labels,young_relative,family_month,-0.08095036094304571,-0.06922637239905757,0.011723988543988137,-0.08707653255014933,-0.07130567535623437,0.006126171607103617,0.0020793029571768012,-0.004046868649926816,-0.013489387901370265,-0.020237677944036827,-0.006748290042666562,-0.35361562691686416,-0.4275518741336416,363,1,0.0019461854200074505,0.047333853897950764,6,6,-0.07393624721677744
93,regenerated_shortfalls_and_labels,young_relative,family_month_minus_pooled,0.08207677309978866,0.09917170314143783,0.01709493004164918,0.07709128257252496,0.09982978569594762,0.0049854905272637,-0.0006580825545097896,-0.00564357308177349,-0.005573585113056867,-0.003944014236983314,0.0016295708760735526,-0.1461079485843756,-0.0833233280663433,363,1,0.0019461854200074505,0.047333853897950764,6,6,0.0627846205180323
94,fixed_shortfalls_fixed_labels,total,pooled,-0.16377116430786862,-0.15092395511730392,0.012847209190564701,-0.16416781512267428,-0.14902853544507352,0.0003966508148056658,-0.0018954196722303918,-0.0022920704870360575,0.0011366840378451543,-0.005371937780101104,-0.0065086218179462585,0.006380345985753297,-0.030153341218691124,363,1,0.06170076814319721,0.17815398105106858,5,5,-0.03653368720444442
94,fixed_shortfalls_fixed_labels,total,family_month,-0.08757516874077126,-0.025621152160939322,0.06195401657983193,-0.08707653255014933,-0.028762610831020868,-0.0004986361906219317,0.0031414586700815456,0.003640094860703477,0.0007879175334437423,-0.005467895699623727,-0.00625581323306747,0.004422677106597368,-0.03069196471144999,363,1,0.06170076814319721,0.17815398105106858,7,7,-0.03511464181804736
94,fixed_shortfalls_fixed_labels,total,family_month_minus_pooled,0.07619599556709736,0.1253028029563646,0.04910680738926723,0.07709128257252496,0.12026592461405265,-0.0008952870054275974,0.005036878342311937,0.005932165347739535,-0.00034876650440141205,-9.595791952262366e-05,0.0002528085848787884,-0.001957668879155929,-0.0005386234927588675,363,1,0.06170076814319721,0.17815398105106858,7,7,0.0014190453863970618
94,fixed_shortfalls_fixed_labels,young_relative,pooled,-0.16302713404283437,-0.148732163662954,0.014294970379880367,-0.16416781512267428,-0.14902853544507352,0.001140681079839917,0.00029637178211952553,-0.0008443092977203914,-0.007915802788313398,-0.002039874418614028,0.005875928369699371,-0.20750767833248854,-0.053473995754588666,363,1,-0.0004626710527536109,0.03814703557923262,5,5,0.15403368257789987
94,fixed_shortfalls_fixed_labels,young_relative,family_month,-0.08095036094304571,-0.025529506605364793,0.055420854337680917,-0.08707653255014933,-0.028762610831020868,0.006126171607103617,0.0032331042256560742,-0.002893067381447543,-0.013489387901370265,-0.006987711575887619,0.0065016763254826465,-0.35361562691686416,-0.18317836418439165,363,1,-0.0004626710527536109,0.03814703557923262,7,7,0.1704372627324725
94,fixed_shortfalls_fixed_labels,young_relative,family_month_minus_pooled,0.08207677309978866,0.1232026570575892,0.04112588395780055,0.07709128257252496,0.12026592461405265,0.0049854905272637,0.002936732443536552,-0.002048758083727148,-0.005573585113056867,-0.00494783715727359,0.0006257479557832766,-0.1461079485843756,-0.12970436842980296,363,1,-0.0004626710527536109,0.03814703557923262,7,7,0.016403580154572633
94,regenerated_shortfalls_fixed_labels,total,pooled,-0.16377116430786862,-0.14848688302144378,0.015284281286424839,-0.16416781512267428,-0.14902853544507352,0.0003966508148056658,0.000541652423629746,0.0001450016088240802,0.0011366840378451543,0.0016991581587758986,0.0005624741209307442,0.006380345985753297,0.008178511573445459,363,1,0.047438175574939255,0.2077588499468338,5,5,0.0017981655876921623
94,regenerated_shortfalls_fixed_labels,total,family_month,-0.08757516874077126,-0.029444858729777965,0.058130310010993294,-0.08707653255014933,-0.028762610831020868,-0.0004986361906219317,-0.0006822478987570969,-0.00018361170813516528,0.0007879175334437423,0.00225718155655052,0.0014692640231067778,0.004422677106597368,0.010864430358216463,363,1,0.047438175574939255,0.2077588499468338,7,7,0.006441753251619095
94,regenerated_shortfalls_fixed_labels,total,family_month_minus_pooled,0.07619599556709736,0.11904202429166581,0.042846028724568455,0.07709128257252496,0.12026592461405265,-0.0008952870054275974,-0.0012239003223868394,-0.000328613316959242,-0.00034876650440141205,0.0005580233977746216,0.0009067899021760336,-0.001957668879155929,0.002685918784771006,363,1,0.047438175574939255,0.2077588499468338,7,7,0.004643587663926935
94,regenerated_shortfalls_fixed_labels,young_relative,pooled,-0.16302713404283437,-0.15139418235445598,0.011632951688378385,-0.16416781512267428,-0.14902853544507352,0.001140681079839917,-0.0023656469093824573,-0.003506327989222374,-0.007915802788313398,0.010568314262513489,0.018484117050826886,-0.20750767833248854,0.22808246123372117,363,1,0.0007751941960162307,0.04633549728176557,5,5,0.43559013956620973
94,regenerated_shortfalls_fixed_labels,young_relative,family_month,-0.08095036094304571,-0.035095453108640984,0.045854907834404726,-0.08707653255014933,-0.028762610831020868,0.006126171607103617,-0.006332842277620116,-0.012459013884723733,-0.013489387901370265,0.007625158508190974,0.021114546409561237,-0.35361562691686416,0.16456408057568653,363,1,0.0007751941960162307,0.04633549728176557,7,7,0.5181797074925507
94,regenerated_shortfalls_fixed_labels,young_relative,family_month_minus_pooled,0.08207677309978866,0.116298729245815,0.03422195614602634,0.07709128257252496,0.12026592461405265,0.0049854905272637,-0.003967195368237655,-0.008952685895501356,-0.005573585113056867,-0.0029431557543225153,0.0026304293587343514,-0.1461079485843756,-0.06351838065803464,363,1,0.0007751941960162307,0.04633549728176557,7,7,0.08258956792634095
94,regenerated_shortfalls_and_labels,total,pooled,-0.16377116430786862,-0.1484868830214437,0.015284281286424922,-0.16416781512267428,-0.1490285354450735,0.0003966508148056658,0.0005416524236298015,0.0001450016088241357,0.0011366840378451543,0.0016991581587758888,0.0005624741209307345,0.006380345985753297,0.00817851157344541,363,1,0.047438175574939255,0.2077588499468338,5,5,0.0017981655876921137
94,regenerated_shortfalls_and_labels,total,family_month,-0.08757516874077126,-0.029444858729777958,0.0581303100109933,-0.08707653255014933,-0.028762610831021208,-0.0004986361906219317,-0.00068224789875675,-0.00018361170813481834,0.0007879175334437423,0.0022571815565505062,0.001469264023106764,0.004422677106597368,0.010864430358216397,363,1,0.047438175574939255,0.2077588499468338,7,7,0.006441753251619029
94,regenerated_shortfalls_and_labels,total,family_month_minus_pooled,0.07619599556709736,0.11904202429166574,0.042846028724568386,0.07709128257252496,0.12026592461405229,-0.0008952870054275974,-0.001223900322386548,-0.0003286133169589506,-0.00034876650440141205,0.0005580233977746174,0.0009067899021760295,-0.001957668879155929,0.002685918784770986,363,1,0.047438175574939255,0.2077588499468338,7,7,0.0046435876639269145
94,regenerated_shortfalls_and_labels,young_relative,pooled,-0.16302713404283437,-0.1513941823544562,0.011632951688378163,-0.16416781512267428,-0.1490285354450735,0.001140681079839917,-0.002365646909382707,-0.003506327989222624,-0.007915802788313398,0.01056831426251348,0.01848411705082688,-0.20750767833248854,0.22808246123372097,363,1,0.0007751941960162307,0.04633549728176557,5,5,0.4355901395662095
94,regenerated_shortfalls_and_labels,young_relative,family_month,-0.08095036094304571,-0.03509545310864093,0.04585490783440478,-0.08707653255014933,-0.028762610831021208,0.006126171607103617,-0.006332842277619721,-0.012459013884723338,-0.013489387901370265,0.007625158508190953,0.021114546409561216,-0.35361562691686416,0.16456408057568608,363,1,0.0007751941960162307,0.04633549728176557,7,7,0.5181797074925503
94,regenerated_shortfalls_and_labels,young_relative,family_month_minus_pooled,0.08207677309978866,0.11629872924581527,0.03422195614602662,0.07709128257252496,0.12026592461405229,0.0049854905272637,-0.003967195368237017,-0.008952685895500717,-0.005573585113056867,-0.0029431557543225274,0.002630429358734339,-0.1461079485843756,-0.0635183806580349,363,1,0.0007751941960162307,0.04633549728176557,7,7,0.08258956792634069
95,fixed_shortfalls_fixed_labels,total,pooled,-0.16377116430786862,-0.16834917062783664,-0.00457800631996802,-0.16416781512267428,-0.16802137575070197,0.0003966508148056658,-0.0003277948771346628,-0.0007244456919403286,0.0011366840378451543,-0.000904476633149075,-0.002041160670994229,0.006380345985753297,-0.005076937533547471,363,1,0.06170076814319721,0.17815398105106858,5,5,-0.011457283519300768
95,fixed_shortfalls_fixed_labels,total,family_month,-0.08757516874077126,-0.09280780659678192,-0.0052326378560106634,-0.08707653255014933,-0.09405663326982686,-0.0004986361906219317,0.0012488266730449338,0.0017474628636668654,0.0007879175334437423,-0.0019134258106627742,-0.0027013433441065164,0.004422677106597368,-0.010740292186422052,363,1,0.06170076814319721,0.17815398105106858,6,6,-0.01516296929301942
95,fixed_shortfalls_fixed_labels,total,family_month_minus_pooled,0.07619599556709736,0.07554136403105471,-0.0006546315360426436,0.07709128257252496,0.07396474248087512,-0.0008952870054275974,0.0015766215501795966,0.002471908555607194,-0.00034876650440141205,-0.0010089491775136991,-0.0006601826731122871,-0.001957668879155929,-0.005663354652874581,363,1,0.06170076814319721,0.17815398105106858,6,6,-0.0037056857737186514
95,fixed_shortfalls_fixed_labels,young_relative,pooled,-0.16302713404283437,-0.16706227590312617,-0.004035141860291802,-0.16416781512267428,-0.16802137575070197,0.001140681079839917,0.0009590998475758061,-0.00018158123226411083,-0.007915802788313398,-0.006819114481830684,0.0010966883064827144,-0.20750767833248854,-0.1787586998121299,363,1,-0.0004626710527536109,0.03814703557923262,5,5,0.028748978520358626
95,fixed_shortfalls_fixed_labels,young_relative,family_month,-0.08095036094304571,-0.0875583008844696,-0.00660793994142389,-0.08707653255014933,-0.09405663326982686,0.006126171607103617,0.0064983323853572555,0.00037216077825363847,-0.013489387901370265,-0.014326420406355112,-0.000837032504984847,-0.35361562691686416,-0.3755578956220248,363,1,-0.0004626710527536109,0.03814703557923262,6,6,-0.02194226870516064
95,fixed_shortfalls_fixed_labels,young_relative,family_month_minus_pooled,0.08207677309978866,0.07950397501865657,-0.0025727980811320883,0.07709128257252496,0.07396474248087512,0.0049854905272637,0.005539232537781449,0.0005537420105177493,-0.005573585113056867,-0.007507305924524428,-0.0019337208114675614,-0.1461079485843756,-0.19679919580989488,363,1,-0.0004626710527536109,0.03814703557923262,6,6,-0.05069124722551929
95,regenerated_shortfalls_fixed_labels,total,pooled,-0.16377116430786862,-0.1727163278010372,-0.008945163493168595,-0.16416781512267428,-0.16802137575070197,0.0003966508148056658,-0.004694952050335238,-0.005091602865140904,0.0011366840378451543,-0.012030671763585632,-0.013167355801430787,0.006380345985753297,-0.05628589162217511,363,1,0.06164892646882365,0.21374222592657438,5,5,-0.0626662376079284
95,regenerated_shortfalls_fixed_labels,total,family_month,-0.08757516874077126,-0.09073702781190024,-0.0031618590711289807,-0.08707653255014933,-0.09405663326982686,-0.0004986361906219317,0.0033196054579266165,0.003818241648548548,0.0007879175334437423,-0.01251452700545245,-0.013302444538896192,0.004422677106597368,-0.0585496242083279,363,1,0.06164892646882365,0.21374222592657438,6,6,-0.06297230131492526
95,regenerated_shortfalls_fixed_labels,total,family_month_minus_pooled,0.07619599556709736,0.08197929998913697,0.005783304422039615,0.07709128257252496,0.07396474248087512,-0.0008952870054275974,0.008014557508261855,0.008909844513689452,-0.00034876650440141205,-0.0004838552418668183,-0.00013508873746540624,-0.001957668879155929,-0.002263732586152791,363,1,0.06164892646882365,0.21374222592657438,6,6,-0.00030606370699686174
95,regenerated_shortfalls_fixed_labels,young_relative,pooled,-0.16302713404283437,-0.16828360518329516,-0.0052564711404607944,-0.16416781512267428,-0.16802137575070197,0.001140681079839917,-0.0002622294325931862,-0.0014029105124331032,-0.007915802788313398,-0.002856975905688698,0.0050588268826247005,-0.20750767833248854,-0.060379647218381315,363,1,0.000686645558748845,0.04731686979480979,5,5,0.14712803111410722
95,regenerated_shortfalls_fixed_labels,young_relative,family_month,-0.08095036094304571,-0.09394646985666714,-0.012996108913621435,-0.08707653255014933,-0.09405663326982686,0.006126171607103617,0.00011016341315971123,-0.006016008193943906,-0.013489387901370265,-0.0023404736690084715,0.011148914232361794,-0.35361562691686416,-0.04946383138102679,363,1,0.000686645558748845,0.04731686979480979,6,6,0.3041517955358374
95,regenerated_shortfalls_fixed_labels,young_relative,family_month_minus_pooled,0.08207677309978866,0.07433713532662801,-0.00773963777316064,0.07709128257252496,0.07396474248087512,0.0049854905272637,0.00037239284575289744,-0.004613097681510803,-0.005573585113056867,0.0005165022366802265,0.006090087349737093,-0.1461079485843756,0.010915815837354521,363,1,0.000686645558748845,0.04731686979480979,6,6,0.1570237644217301
95,regenerated_shortfalls_and_labels,total,pooled,-0.16377116430786862,-0.1726869959098184,-0.00891583160194978,-0.16416781512267428,-0.16801278316378987,0.0003966508148056658,-0.004674212746028528,-0.005070863560834193,0.0011366840378451543,-0.011984572099374253,-0.013121256137219407,0.006380345985753297,-0.056070212834272826,363,1,0.06164892646882365,0.21374222592657438,5,5,-0.06245055882002612
95,regenerated_shortfalls_and_labels,total,family_month,-0.08757516874077126,-0.08664965290219077,0.0009255158385804846,-0.08707653255014933,-0.09016732853014946,-0.0004986361906219317,0.003517675627958683,0.004016311818580615,0.0007879175334437423,-0.012609963802750932,-0.013397881336194673,0.004422677106597368,-0.05899612838823321,363,1,0.06164892646882365,0.21374222592657438,6,6,-0.06341880549483057
95,regenerated_shortfalls_and_labels,total,family_month_minus_pooled,0.07619599556709736,0.08603734300762762,0.009841347440530265,0.07709128257252496,0.07784545463364041,-0.0008952870054275974,0.00819188837398721,0.009087175379414808,-0.00034876650440141205,-0.0006253917033766793,-0.0002766251989752672,-0.001957668879155929,-0.002925915553960388,363,1,0.06164892646882365,0.21374222592657438,6,6,-0.0009682466748044587
95,regenerated_shortfalls_and_labels,young_relative,pooled,-0.16302713404283437,-0.1682673962363668,-0.005240262193532436,-0.16416781512267428,-0.16801278316378987,0.001140681079839917,-0.00025461307257693133,-0.0013952941524168483,-0.007915802788313398,-0.0027735773775417706,0.005142225410771628,-0.20750767833248854,-0.05861709342924467,363,1,0.000686645558748845,0.04731686979480979,5,5,0.14889058490324386
95,regenerated_shortfalls_and_labels,young_relative,family_month,-0.08095036094304571,-0.09007575063461401,-0.0091253896915683,-0.08707653255014933,-0.09016732853014946,0.006126171607103617,9.157789553544682e-05,-0.00603459371156817,-0.013489387901370265,-0.002262143373121545,0.01122724452824872,-0.35361562691686416,-0.047808390177358696,363,1,0.000686645558748845,0.04731686979480979,6,6,0.30580723673950544
95,regenerated_shortfalls_and_labels,young_relative,family_month_minus_pooled,0.08207677309978866,0.07819164560175279,-0.0038851274980358647,0.07709128257252496,0.07784545463364041,0.0049854905272637,0.00034619096811237815,-0.004639299559151322,-0.005573585113056867,0.0005114340044202258,0.006085019117477093,-0.1461079485843756,0.010808703251885973,363,1,0.000686645558748845,0.04731686979480979,6,6,0.15691665183626158
96,fixed_shortfalls_fixed_labels,total,pooled,-0.16377116430786862,-0.10074422140719495,0.06302694290067366,-0.16416781512267428,-0.10669197133813081,0.0003966508148056658,0.005947749930935858,0.005551099116130193,0.0011366840378451543,0.01531575559064241,0.014179071552797256,0.006380345985753297,0.08596920203681603,363,0,0.06170076814319721,0.17815398105106858,5,5,0.07958885605106274
96,fixed_shortfalls_fixed_labels,total,family_month,-0.08757516874077126,0.047942000290632836,0.1355171690314041,-0.08707653255014933,0.055216294787515705,-0.0004986361906219317,-0.007274294496882869,-0.006775658306260937,0.0007879175334437423,0.01240107530184598,0.011613157768402237,0.004422677106597368,0.0696087464825788,363,0,0.06170076814319721,0.17815398105106858,7,7,0.06518606937598143
96,fixed_shortfalls_fixed_labels,total,family_month_minus_pooled,0.07619599556709736,0.1486862216978278,0.07249022613073045,0.07709128257252496,0.16190826612564652,-0.0008952870054275974,-0.013222044427818713,-0.012326757422391116,-0.00034876650440141205,-0.0029146802887964306,-0.0025659137843950185,-0.001957668879155929,-0.01636045555423724,363,0,0.06170076814319721,0.17815398105106858,7,7,-0.01440278667508131
96,fixed_shortfalls_fixed_labels,young_relative,pooled,-0.16302713404283437,-0.10522355249344645,0.05780358154938792,-0.16416781512267428,-0.10669197133813081,0.001140681079839917,0.0014684188446843632,0.0003277377648444463,-0.007915802788313398,-0.011471291173755973,-0.0035554883854425744,-0.20750767833248854,-0.30071251932354565,363,0,-0.0004626710527536109,0.03814703557923262,5,5,-0.09320484099105711
96,fixed_shortfalls_fixed_labels,young_relative,family_month,-0.08095036094304571,0.06379593009506108,0.1447462910381068,-0.08707653255014933,0.055216294787515705,0.006126171607103617,0.00857963530754538,0.002453463700441763,-0.013489387901370265,-0.017822840447263295,-0.00433345254589303,-0.35361562691686416,-0.4672142979562509,363,0,-0.0004626710527536109,0.03814703557923262,7,7,-0.11359867103938676
96,fixed_shortfalls_fixed_labels,young_relative,family_month_minus_pooled,0.08207677309978866,0.16901948258850752,0.08694270948871886,0.07709128257252496,0.16190826612564652,0.0049854905272637,0.007111216462861003,0.002125725935597303,-0.005573585113056867,-0.006351549273507322,-0.0007779641604504558,-0.1461079485843756,-0.1665017786327053,363,0,-0.0004626710527536109,0.03814703557923262,7,7,-0.020393830048329703
96,regenerated_shortfalls_fixed_labels,total,pooled,-0.16377116430786862,-0.10077068543433976,0.06300047887352886,-0.16416781512267428,-0.10669197133813081,0.0003966508148056658,0.005921285903791054,0.0055246350889853885,0.0011366840378451543,0.012593329103300428,0.011456645065455273,0.006380345985753297,0.05832822356846877,363,0,0.06965813896528429,0.2159045541395189,5,5,0.051947877582715477
96,regenerated_shortfalls_fixed_labels,total,family_month,-0.08757516874077126,0.05212007762432758,0.13969524636509884,-0.08707653255014933,0.055216294787515705,-0.0004986361906219317,-0.003096217163188121,-0.0025975809725661894,0.0007879175334437423,0.009397440743313203,0.00860952320986946,0.004422677106597368,0.04352590328984222,363,0,0.06965813896528429,0.2159045541395189,7,7,0.03910322618324485
96,regenerated_shortfalls_fixed_labels,total,family_month_minus_pooled,0.07619599556709736,0.15289076305866733,0.07669476749156998,0.07709128257252496,0.16190826612564652,-0.0008952870054275974,-0.009017503066979182,-0.008122216061551585,-0.00034876650440141205,-0.003195888359987225,-0.002847121855585813,-0.001957668879155929,-0.014802320278626553,363,0,0.06965813896528429,0.2159045541395189,7,7,-0.012844651399470624
96,regenerated_shortfalls_fixed_labels,young_relative,pooled,-0.16302713404283437,-0.10126656924787122,0.06176056479496314,-0.16416781512267428,-0.10669197133813081,0.001140681079839917,0.005425402090259587,0.00428472101041967,-0.007915802788313398,-0.017938317535835618,-0.01002251474752222,-0.20750767833248854,-0.3785591313379213,363,0,-0.001083158914631725,0.047385774244666036,5,5,-0.17105145300543276
96,regenerated_shortfalls_fixed_labels,young_relative,family_month,-0.08095036094304571,0.05793344811233597,0.13888380905538167,-0.08707653255014933,0.055216294787515705,0.006126171607103617,0.002717153324820268,-0.0034090182822833492,-0.013489387901370265,-0.02100821495039425,-0.007518827049023985,-0.35361562691686416,-0.44334434300731157,363,0,-0.001083158914631725,0.047385774244666036,7,7,-0.08972871609044741
96,regenerated_shortfalls_fixed_labels,young_relative,family_month_minus_pooled,0.08207677309978866,0.1592000173602072,0.07712324426041854,0.07709128257252496,0.16190826612564652,0.0049854905272637,-0.0027082487654393195,-0.00769373929270302,-0.005573585113056867,-0.0030698974145586325,0.002503687698498234,-0.1461079485843756,-0.0647852116693903,363,0,-0.001083158914631725,0.047385774244666036,7,7,0.08132273691498529
96,regenerated_shortfalls_and_labels,total,pooled,-0.16377116430786862,-0.10077068543433977,0.06300047887352885,-0.16416781512267428,-0.10669197133813087,0.0003966508148056658,0.005921285903791096,0.00552463508898543,0.0011366840378451543,0.012593329103300419,0.011456645065455264,0.006380345985753297,0.05832822356846873,363,0,0.06965813896528429,0.2159045541395189,5,5,0.051947877582715435
96,regenerated_shortfalls_and_labels,total,family_month,-0.08757516874077126,0.052120077624327375,0.13969524636509864,-0.08707653255014933,0.05521629478751565,-0.0004986361906219317,-0.0030962171631882737,-0.002597580972566342,0.0007879175334437423,0.009397440743313222,0.00860952320986948,0.004422677106597368,0.04352590328984231,363,0,0.06965813896528429,0.2159045541395189,7,7,0.03910322618324494
96,regenerated_shortfalls_and_labels,total,family_month_minus_pooled,0.07619599556709736,0.15289076305866714,0.07669476749156978,0.07709128257252496,0.16190826612564652,-0.0008952870054275974,-0.009017503066979377,-0.008122216061551779,-0.00034876650440141205,-0.003195888359987197,-0.002847121855585785,-0.001957668879155929,-0.014802320278626425,363,0,0.06965813896528429,0.2159045541395189,7,7,-0.012844651399470495
96,regenerated_shortfalls_and_labels,young_relative,pooled,-0.16302713404283437,-0.10126656924787114,0.061760564794963224,-0.16416781512267428,-0.10669197133813087,0.001140681079839917,0.005425402090259726,0.004284721010419809,-0.007915802788313398,-0.017938317535835614,-0.010022514747522216,-0.20750767833248854,-0.3785591313379212,363,0,-0.001083158914631725,0.047385774244666036,5,5,-0.17105145300543265
96,regenerated_shortfalls_and_labels,young_relative,family_month,-0.08095036094304571,0.057933448112335875,0.13888380905538159,-0.08707653255014933,0.05521629478751565,0.006126171607103617,0.002717153324820226,-0.003409018282283391,-0.013489387901370265,-0.02100821495039426,-0.007518827049023995,-0.35361562691686416,-0.4433443430073118,363,0,-0.001083158914631725,0.047385774244666036,7,7,-0.08972871609044764
96,regenerated_shortfalls_and_labels,young_relative,family_month_minus_pooled,0.08207677309978866,0.159200017360207,0.07712324426041835,0.07709128257252496,0.16190826612564652,0.0049854905272637,-0.0027082487654395138,-0.007693739292703214,-0.005573585113056867,-0.0030698974145586463,0.0025036876984982203,-0.1461079485843756,-0.0647852116693906,363,0,-0.001083158914631725,0.047385774244666036,7,7,0.081322736914985
97,fixed_shortfalls_fixed_labels,total,pooled,-0.16377116430786862,-0.16088092122940006,0.0028902430784685518,-0.16416781512267428,-0.16066324370153087,0.0003966508148056658,-0.00021767752786919226,-0.000614328342674858,0.0011366840378451543,-0.000613886320379683,-0.0017505703582248373,0.006380345985753297,-0.0034458187055820544,363,4,0.06170076814319721,0.17815398105106858,5,5,-0.009826164691335352
97,fixed_shortfalls_fixed_labels,total,family_month,-0.08757516874077126,-0.04640493248118759,0.041170236259583666,-0.08707653255014933,-0.04760362014392712,-0.0004986361906219317,0.0011986876627395268,0.0016973238533614585,0.0007879175334437423,-0.0019318175725241125,-0.0027197351059678548,0.004422677106597368,-0.010843527386403725,363,4,0.06170076814319721,0.17815398105106858,7,7,-0.015266204493001093
97,fixed_shortfalls_fixed_labels,total,family_month_minus_pooled,0.07619599556709736,0.11447598874821246,0.03827999318111511,0.07709128257252496,0.11305962355760375,-0.0008952870054275974,0.0014163651906087121,0.0023116521960363096,-0.00034876650440141205,-0.0013179312521444295,-0.0009691647477430175,-0.001957668879155929,-0.007397708680821671,363,4,0.06170076814319721,0.17815398105106858,7,7,-0.005440039801665741
97,fixed_shortfalls_fixed_labels,young_relative,pooled,-0.16302713404283437,-0.15986432116979443,0.003162812873039933,-0.16416781512267428,-0.16066324370153087,0.001140681079839917,0.0007989225317364401,-0.00034175854810347683,-0.007915802788313398,-0.0056090289896998154,0.002306773798613583,-0.20750767833248854,-0.14703708701164162,363,4,-0.0004626710527536109,0.03814703557923262,5,5,0.06047059132084692
97,fixed_shortfalls_fixed_labels,young_relative,family_month,-0.08095036094304571,-0.042173736390891434,0.038776624552154276,-0.08707653255014933,-0.04760362014392712,0.006126171607103617,0.005429883753035686,-0.0006962878540679313,-0.013489387901370265,-0.012228715724019292,0.0012606721773509733,-0.35361562691686416,-0.320567916702724,363,4,-0.0004626710527536109,0.03814703557923262,7,7,0.03304771021414016
97,fixed_shortfalls_fixed_labels,young_relative,family_month_minus_pooled,0.08207677309978866,0.117690584778903,0.03561381167911434,0.07709128257252496,0.11305962355760375,0.0049854905272637,0.004630961221299246,-0.0003545293059644544,-0.005573585113056867,-0.006619686734319476,-0.0010461016212626097,-0.1461079485843756,-0.17353082969108238,363,4,-0.0004626710527536109,0.03814703557923262,7,7,-0.027422881106706792
97,regenerated_shortfalls_fixed_labels,total,pooled,-0.16377116430786862,-0.15745275457151223,0.00631840973635639,-0.16416781512267428,-0.16066324370153087,0.0003966508148056658,0.0032104891300186456,0.0028138383152129798,0.0011366840378451543,0.007580865676794825,0.006444181638949671,0.006380345985753297,0.03421027076717601,363,4,0.05770268716779852,0.22159619046536444,5,5,0.027829924781422714
97,regenerated_shortfalls_fixed_labels,total,family_month,-0.08757516874077126,-0.04954972358736179,0.03802544515340947,-0.08707653255014933,-0.04760362014392712,-0.0004986361906219317,-0.0019461034434346686,-0.001447467252812737,0.0007879175334437423,0.007438932369468534,0.006651014836024792,0.004422677106597368,0.03356976649213309,363,4,0.05770268716779852,0.22159619046536444,7,7,0.029147089385535722
97,regenerated_shortfalls_fixed_labels,total,family_month_minus_pooled,0.07619599556709736,0.10790303098415044,0.03170703541705308,0.07709128257252496,0.11305962355760375,-0.0008952870054275974,-0.005156592573453314,-0.004261305568025717,-0.00034876650440141205,-0.00014193330732629062,0.00020683319707512143,-0.001957668879155929,-0.000640504275042918,363,4,0.05770268716779852,0.22159619046536444,7,7,0.0013171646041130111
97,regenerated_shortfalls_fixed_labels,young_relative,pooled,-0.16302713404283437,-0.1597914293782455,0.003235704664588862,-0.16416781512267428,-0.16066324370153087,0.001140681079839917,0.0008718143232853692,-0.0002688667565545477,-0.007915802788313398,0.007843551049326297,0.015759353837639697,-0.20750767833248854,0.15025819355685327,363,4,-0.001914174404306218,0.05220048813084212,5,5,0.35776587188934184
97,regenerated_shortfalls_fixed_labels,young_relative,family_month,-0.08095036094304571,-0.04677079046486262,0.03417957047818309,-0.08707653255014933,-0.04760362014392712,0.006126171607103617,0.0008328296790644993,-0.005293341928039118,-0.013489387901370265,-0.0017719407062790568,0.011717447195091208,-0.35361562691686416,-0.03394490683377583,363,4,-0.001914174404306218,0.05220048813084212,7,7,0.31967072008308833
97,regenerated_shortfalls_fixed_labels,young_relative,family_month_minus_pooled,0.08207677309978866,0.11302063891338288,0.03094386581359422,0.07709128257252496,0.11305962355760375,0.0049854905272637,-3.8984644220876885e-05,-0.005024475171484577,-0.005573585113056867,-0.009615491755605355,-0.004041906642548488,-0.1461079485843756,-0.18420310039062912,363,4,-0.001914174404306218,0.05220048813084212,7,7,-0.03809515180625353
97,regenerated_shortfalls_and_labels,total,pooled,-0.16377116430786862,-0.15935097065110992,0.004420193656758692,-0.16416781512267428,-0.16253413857979307,0.0003966508148056658,0.003183167928683145,0.002786517113877479,0.0011366840378451543,0.007317711369810055,0.0061810273319649,0.006380345985753297,0.033022730916278165,363,4,0.05770268716779852,0.22159619046536444,5,5,0.026642384930524867
97,regenerated_shortfalls_and_labels,total,family_month,-0.08757516874077126,-0.05303950560181567,0.03453566313895559,-0.08707653255014933,-0.05122178465794084,-0.0004986361906219317,-0.0018177209438748274,-0.0013190847532528957,0.0007879175334437423,0.007163840753867229,0.006375923220423487,0.004422677106597368,0.0323283569939662,363,4,0.05770268716779852,0.22159619046536444,7,7,0.027905679887368827
97,regenerated_shortfalls_and_labels,total,family_month_minus_pooled,0.07619599556709736,0.10631146504929426,0.0301154694821969,0.07709128257252496,0.11131235392185224,-0.0008952870054275974,-0.005000888872557979,-0.004105601867130382,-0.00034876650440141205,-0.00015387061594282578,0.00019489588845858627,-0.001957668879155929,-0.0006943739223119715,363,4,0.05770268716779852,0.22159619046536444,7,7,0.0012632949568439577
97,regenerated_shortfalls_and_labels,young_relative,pooled,-0.16302713404283437,-0.16160730714441426,0.0014198268984201012,-0.16416781512267428,-0.16253413857979307,0.001140681079839917,0.0009268314353788054,-0.00021384964446111154,-0.007915802788313398,0.007450121152809199,0.015365923941122597,-0.20750767833248854,0.14272129283801413,363,4,-0.001914174404306218,0.05220048813084212,5,5,0.35022897117050267
97,regenerated_shortfalls_and_labels,young_relative,family_month,-0.08095036094304571,-0.05029044254723024,0.030659918395815472,-0.08707653255014933,-0.05122178465794084,0.006126171607103617,0.0009313421107106021,-0.005194829496393015,-0.013489387901370265,-0.0021194459773969452,0.01136994192397332,-0.35361562691686416,-0.04060203368375578,363,4,-0.001914174404306218,0.05220048813084212,7,7,0.3130135932331084
97,regenerated_shortfalls_and_labels,young_relative,family_month_minus_pooled,0.08207677309978866,0.11131686459718403,0.02924009149739537,0.07709128257252496,0.11131235392185224,0.0049854905272637,4.510675331789726e-06,-0.00498097985193191,-0.005573585113056867,-0.009569567130206144,-0.003995982017149277,-0.1461079485843756,-0.1833233265217699,363,4,-0.001914174404306218,0.05220048813084212,7,7,-0.03721537793739432
98,fixed_shortfalls_fixed_labels,total,pooled,-0.16377116430786862,-0.1436903370406605,0.020080827267208112,-0.16416781512267428,-0.14108463948988217,0.0003966508148056658,-0.0026056975507783298,-0.0030023483655839955,0.0011366840378451543,-0.007627961553534867,-0.008764645591380021,0.006380345985753297,-0.04281667750858893,363,2,0.06170076814319721,0.17815398105106858,5,5,-0.049197023494342226
98,fixed_shortfalls_fixed_labels,total,family_month,-0.08757516874077126,-0.055546439657751315,0.032028729083019944,-0.08707653255014933,-0.05923163223687491,-0.0004986361906219317,0.003685192579123593,0.004183828769745525,0.0007879175334437423,-0.006043832612676714,-0.006831750146120456,0.004422677106597368,-0.033924768770360644,363,2,0.06170076814319721,0.17815398105106858,6,6,-0.038347445876958014
98,fixed_shortfalls_fixed_labels,total,family_month_minus_pooled,0.07619599556709736,0.08814389738290919,0.011947901815811832,0.07709128257252496,0.08185300725300726,-0.0008952870054275974,0.00629089012990193,0.007186177135329527,-0.00034876650440141205,0.0015841289408581533,0.0019328954452595653,-0.001957668879155929,0.008891908738228286,363,2,0.06170076814319721,0.17815398105106858,6,6,0.010849577617384216
98,fixed_shortfalls_fixed_labels,young_relative,pooled,-0.16302713404283437,-0.13922109683077266,0.023806037212061704,-0.16416781512267428,-0.14108463948988217,0.001140681079839917,0.0018635426591095128,0.0007228615792695958,-0.007915802788313398,-0.013083001651176039,-0.00516719886286264,-0.20750767833248854,-0.342962472772025,363,2,-0.0004626710527536109,0.03814703557923262,5,5,-0.13545479443953648
98,fixed_shortfalls_fixed_labels,young_relative,family_month,-0.08095036094304571,-0.050551779352423665,0.030398581590622045,-0.08707653255014933,-0.05923163223687491,0.006126171607103617,0.008679852884451243,0.002553681277347626,-0.013489387901370265,-0.01964332283920276,-0.0061539349378324955,-0.35361562691686416,-0.5149370728533531,363,2,-0.0004626710527536109,0.03814703557923262,6,6,-0.16132144593648895
98,fixed_shortfalls_fixed_labels,young_relative,family_month_minus_pooled,0.08207677309978866,0.088669317478349,0.006592544378560342,0.07709128257252496,0.08185300725300726,0.0049854905272637,0.006816310225341737,0.0018308196980780372,-0.005573585113056867,-0.006560321188026722,-0.0009867360749698552,-0.1461079485843756,-0.17197460008132803,363,2,-0.0004626710527536109,0.03814703557923262,6,6,-0.025866651496952442
98,regenerated_shortfalls_fixed_labels,total,pooled,-0.16377116430786862,-0.14364048424038187,0.02013068006748675,-0.16416781512267428,-0.14108463948988217,0.0003966508148056658,-0.0025558447504996917,-0.0029524955653053575,0.0011366840378451543,-0.006692707370669431,-0.007829391408514585,0.006380345985753297,-0.03106787619525199,363,2,0.06417143229970622,0.21542210766541736,5,5,-0.03744822218100528
98,regenerated_shortfalls_fixed_labels,total,family_month,-0.08757516874077126,-0.05618833389280973,0.03138683484796153,-0.08707653255014933,-0.05923163223687491,-0.0004986361906219317,0.003043298344065179,0.0035419345346871106,0.0007879175334437423,-0.005915977553497326,-0.006703895086941069,0.004422677106597368,-0.027462258250140793,363,2,0.06417143229970622,0.21542210766541736,6,6,-0.03188493535673816
98,regenerated_shortfalls_fixed_labels,total,family_month_minus_pooled,0.07619599556709736,0.08745215034757214,0.011256154780474786,0.07709128257252496,0.08185300725300726,-0.0008952870054275974,0.005599143094564885,0.006494430099992482,-0.00034876650440141205,0.0007767298171721046,0.0011254963215735166,-0.001957668879155929,0.0036056179451111944,363,2,0.06417143229970622,0.21542210766541736,6,6,0.005563286824267124
98,regenerated_shortfalls_fixed_labels,young_relative,pooled,-0.16302713404283437,-0.1411603832302897,0.02186675081254466,-0.16416781512267428,-0.14108463948988217,0.001140681079839917,-7.574374040753007e-05,-0.001216424820247447,-0.007915802788313398,0.00020275962946697185,0.00811856241778037,-0.20750767833248854,0.004088627698030248,363,2,0.001412706369882678,0.04959112065024997,5,5,0.2115963060305188
98,regenerated_shortfalls_fixed_labels,young_relative,family_month,-0.08095036094304571,-0.05363602250175571,0.027314338441289998,-0.08707653255014933,-0.05923163223687491,0.006126171607103617,0.005595609735119196,-0.000530561871984421,-0.013489387901370265,-0.00992335538685852,0.003566032514511746,-0.35361562691686416,-0.2001034712815771,363,2,0.001412706369882678,0.04959112065024997,6,6,0.15351215563528706
98,regenerated_shortfalls_fixed_labels,young_relative,family_month_minus_pooled,0.08207677309978866,0.08752436072853399,0.005447587628745337,0.07709128257252496,0.08185300725300726,0.0049854905272637,0.005671353475526733,0.000685862948263033,-0.005573585113056867,-0.010126115016325491,-0.004552529903268624,-0.1461079485843756,-0.20419209897960736,363,2,0.001412706369882678,0.04959112065024997,6,6,-0.058084150395231765
98,regenerated_shortfalls_and_labels,total,pooled,-0.16377116430786862,-0.1436546505718601,0.020116513736008507,-0.16416781512267428,-0.1410786011940644,0.0003966508148056658,-0.0025760493777957083,-0.002972700192601374,0.0011366840378451543,-0.006746275030771765,-0.00788295906861692,0.006380345985753297,-0.03131653990336839,363,2,0.06417143229970622,0.21542210766541736,5,5,-0.037696885889121685
98,regenerated_shortfalls_and_labels,total,family_month,-0.08757516874077126,-0.05670459481810219,0.03087057392266907,-0.08707653255014933,-0.05977842062969579,-0.0004986361906219317,0.0030738258115936,0.003572462002215532,0.0007879175334437423,-0.005941611673882809,-0.0067295292073265515,0.004422677106597368,-0.02758125309548553,363,2,0.06417143229970622,0.21542210766541736,6,6,-0.0320039302020829
98,regenerated_shortfalls_and_labels,total,family_month_minus_pooled,0.07619599556709736,0.08695005575375792,0.010754060186660558,0.07709128257252496,0.08130018056436861,-0.0008952870054275974,0.0056498751893893084,0.006545162194816906,-0.00034876650440141205,0.0008046633568889556,0.0011534298612903677,-0.001957668879155929,0.0037352868078828648,363,2,0.06417143229970622,0.21542210766541736,6,6,0.0056929556870387935
98,regenerated_shortfalls_and_labels,young_relative,pooled,-0.16302713404283437,-0.14115539439687733,0.02187173964595704,-0.16416781512267428,-0.1410786011940644,0.001140681079839917,-7.679320281292479e-05,-0.0012174742826528417,-0.007915802788313398,0.00020560341390140035,0.008121406202214798,-0.20750767833248854,0.004145972327414303,363,2,0.001412706369882678,0.04959112065024997,5,5,0.21165365065990285
98,regenerated_shortfalls_and_labels,young_relative,family_month,-0.08095036094304571,-0.05419681441297876,0.02675354653006695,-0.08707653255014933,-0.05977842062969579,0.006126171607103617,0.005581606216717029,-0.000544565390386588,-0.013489387901370265,-0.00991752103020627,0.003571866871163995,-0.35361562691686416,-0.19998582206180252,363,2,0.001412706369882678,0.04959112065024997,6,6,0.15362980485506164
98,regenerated_shortfalls_and_labels,young_relative,family_month_minus_pooled,0.08207677309978866,0.08695857998389857,0.004881806884109913,0.07709128257252496,0.08130018056436861,0.0049854905272637,0.005658399419529961,0.0006729088922662607,-0.005573585113056867,-0.01012312444410767,-0.004549539331050803,-0.1461079485843756,-0.2041317943892168,363,2,0.001412706369882678,0.04959112065024997,6,6,-0.05802384580484121
99,fixed_shortfalls_fixed_labels,total,pooled,-0.16377116430786862,-0.15999837314096133,0.003772791166907291,-0.16416781512267428,-0.1637003572046333,0.0003966508148056658,0.003701984063671976,0.00330533324886631,0.0011366840378451543,0.010421378531605496,0.009284694493760341,0.006380345985753297,0.05849646732630782,363,2,0.06170076814319721,0.17815398105106858,5,5,0.05211612134055452
99,fixed_shortfalls_fixed_labels,total,family_month,-0.08757516874077126,-0.08114399073376317,0.006431178007008084,-0.08707653255014933,-0.07755616960459233,-0.0004986361906219317,-0.0035878211291708456,-0.003089184938548914,0.0007879175334437423,0.005806561432558794,0.005018643899115052,0.004422677106597368,0.032592936729796226,363,2,0.06170076814319721,0.17815398105106858,7,7,0.028170259623198857
99,fixed_shortfalls_fixed_labels,total,family_month_minus_pooled,0.07619599556709736,0.07885438240719815,0.002658386840100793,0.07709128257252496,0.08614418760004097,-0.0008952870054275974,-0.0072898051928428215,-0.006394518187415224,-0.00034876650440141205,-0.004614817099046702,-0.00426605059464529,-0.001957668879155929,-0.025903530596511595,363,2,0.06170076814319721,0.17815398105106858,7,7,-0.023945861717355667
99,fixed_shortfalls_fixed_labels,young_relative,pooled,-0.16302713404283437,-0.16210289462720834,0.000924239415626027,-0.16416781512267428,-0.1637003572046333,0.001140681079839917,0.001597462577424963,0.00045678149758504594,-0.007915802788313398,-0.010057149907902662,-0.002141347119589264,-0.20750767833248854,-0.2636417156718151,363,2,-0.0004626710527536109,0.03814703557923262,5,5,-0.056134037339326565
99,fixed_shortfalls_fixed_labels,young_relative,family_month,-0.08095036094304571,-0.07035692188811567,0.010593439054930043,-0.08707653255014933,-0.07755616960459233,0.006126171607103617,0.007199247716476662,0.0010730761093730445,-0.013489387901370265,-0.015713319062237566,-0.0022239311608673006,-0.35361562691686416,-0.41191455177691316,363,2,-0.0004626710527536109,0.03814703557923262,7,7,-0.058298924860049006
99,fixed_shortfalls_fixed_labels,young_relative,family_month_minus_pooled,0.08207677309978866,0.09174597273909267,0.009669199639304016,0.07709128257252496,0.08614418760004097,0.0049854905272637,0.005601785139051699,0.0006162946117879986,-0.005573585113056867,-0.005656169154334903,-8.258404127803667e-05,-0.1461079485843756,-0.14827283610509806,363,2,-0.0004626710527536109,0.03814703557923262,7,7,-0.0021648875207224694
99,regenerated_shortfalls_fixed_labels,total,pooled,-0.16377116430786862,-0.16322130447563377,0.0005498598322348502,-0.16416781512267428,-0.1637003572046333,0.0003966508148056658,0.000479052728999535,8.240191419386922e-05,0.0011366840378451543,0.001483249254905184,0.00034656521706002974,0.006380345985753297,0.006631012933141352,363,2,0.07121003307775206,0.22368366188701053,5,5,0.00025066694738805524
99,regenerated_shortfalls_fixed_labels,total,family_month,-0.08757516874077126,-0.07414630304698093,0.013428865693790329,-0.08707653255014933,-0.07755616960459233,-0.0004986361906219317,0.003409866557611399,0.003908502748233331,0.0007879175334437423,-0.0045634807070217874,-0.00535139824046553,0.004422677106597368,-0.02040149320037036,363,2,0.07121003307775206,0.22368366188701053,7,7,-0.02482417030696773
99,regenerated_shortfalls_fixed_labels,total,family_month_minus_pooled,0.07619599556709736,0.08907500142865284,0.012879005861555479,0.07709128257252496,0.08614418760004097,-0.0008952870054275974,0.002930813828611864,0.0038261008340394614,-0.00034876650440141205,-0.006046729961926971,-0.0056979634575255594,-0.001957668879155929,-0.027032506133511706,363,2,0.07121003307775206,0.22368366188701053,7,7,-0.02507483725435578
99,regenerated_shortfalls_fixed_labels,young_relative,pooled,-0.16302713404283437,-0.16462218239190715,-0.0015950483490727863,-0.16416781512267428,-0.1637003572046333,0.001140681079839917,-0.0009218251872738503,-0.0020625062671137673,-0.007915802788313398,0.003152112320236522,0.01106791510854992,-0.20750767833248854,0.06679405901582668,363,2,0.0006959600060879634,0.04719150724901503,5,5,0.2743017373483152
99,regenerated_shortfalls_fixed_labels,young_relative,family_month,-0.08095036094304571,-0.0763125969638028,0.004637763979242912,-0.08707653255014933,-0.07755616960459233,0.006126171607103617,0.001243572640789531,-0.004882598966314086,-0.013489387901370265,-0.00388551282293625,0.009603875078434014,-0.35361562691686416,-0.08233500155936103,363,2,0.0006959600060879634,0.04719150724901503,7,7,0.27128062535750314
99,regenerated_shortfalls_fixed_labels,young_relative,family_month_minus_pooled,0.08207677309978866,0.08830958542810435,0.006232812328315698,0.07709128257252496,0.08614418760004097,0.0049854905272637,0.002165397828063381,-0.002820092699200319,-0.005573585113056867,-0.007037625143172773,-0.001464040030115906,-0.1461079485843756,-0.1491290605751877,363,2,0.0006959600060879634,0.04719150724901503,7,7,-0.00302111199081212
99,regenerated_shortfalls_and_labels,total,pooled,-0.16377116430786862,-0.1632243290389395,0.0005468352689291245,-0.16416781512267428,-0.1636955728511683,0.0003966508148056658,0.0004712438122287943,7.459299742312853e-05,0.0011366840378451543,0.0014590615282570186,0.0003223774904118643,0.006380345985753297,0.0065228793017258245,363,2,0.07121003307775206,0.22368366188701053,5,5,0.0001425333159725279
99,regenerated_shortfalls_and_labels,total,family_month,-0.08757516874077126,-0.07476651795248436,0.012808650788286899,-0.08707653255014933,-0.0781789700795679,-0.0004986361906219317,0.0034124521270835345,0.003911088317705466,0.0007879175334437423,-0.004571805267502109,-0.005359722800945851,0.004422677106597368,-0.02043870897379831,363,2,0.07121003307775206,0.22368366188701053,7,7,-0.024861386080395675
99,regenerated_shortfalls_and_labels,total,family_month_minus_pooled,0.07619599556709736,0.08845781108645513,0.012261815519357774,0.07709128257252496,0.08551660277160039,-0.0008952870054275974,0.00294120831485474,0.0038364953202823376,-0.00034876650440141205,-0.006030866795759128,-0.005682100291357716,-0.001957668879155929,-0.026961588275524136,363,2,0.07121003307775206,0.22368366188701053,7,7,-0.02500391939636821
99,regenerated_shortfalls_and_labels,young_relative,pooled,-0.16302713404283437,-0.16462416791353787,-0.001597033870703507,-0.16416781512267428,-0.1636955728511683,0.001140681079839917,-0.000928595062369586,-0.002069276142209503,-0.007915802788313398,0.0031748204862152526,0.01109062327452865,-0.20750767833248854,0.06727525080864029,363,2,0.0006959600060879634,0.04719150724901503,5,5,0.27478292914112884
99,regenerated_shortfalls_and_labels,young_relative,family_month,-0.08095036094304571,-0.07692595993987597,0.004024401003169739,-0.08707653255014933,-0.0781789700795679,0.006126171607103617,0.0012530101396919235,-0.0048731614674116935,-0.013489387901370265,-0.003909443470015711,0.009579944431354554,-0.35361562691686416,-0.08284209803655525,363,2,0.0006959600060879634,0.04719150724901503,7,7,0.2707735288803089
99,regenerated_shortfalls_and_labels,young_relative,family_month_minus_pooled,0.08207677309978866,0.0876982079736619,0.005621434873873246,0.07709128257252496,0.08551660277160039,0.0049854905272637,0.0021816052020615095,-0.0028038853252021906,-0.005573585113056867,-0.007084263956230963,-0.0015106788431740962,-0.1461079485843756,-0.15011734884519554,363,2,0.0006959600060879634,0.04719150724901503,7,7,-0.004009400260819945
100,fixed_shortfalls_fixed_labels,total,pooled,-0.16377116430786862,-0.21835630559835748,-0.05458514129048886,-0.16416781512267428,-0.21775597288711876,0.0003966508148056658,-0.0006003327112387158,-0.0009969835260443816,0.0011366840378451543,-0.0016869732358680914,-0.002823657273713246,0.006380345985753297,-0.009469186295559196,363,2,0.06170076814319721,0.17815398105106858,5,5,-0.015849532281312494
100,fixed_shortfalls_fixed_labels,total,family_month,-0.08757516874077126,-0.11008128423602818,-0.022506115495256926,-0.08707653255014933,-0.11111929095401957,-0.0004986361906219317,0.0010380067179913827,0.0015366429086133143,0.0007879175334437423,-0.0016179821272841954,-0.0024058996607279376,0.004422677106597368,-0.009081930797944919,363,2,0.06170076814319721,0.17815398105106858,6,6,-0.013504607904542287
100,fixed_shortfalls_fixed_labels,total,family_month_minus_pooled,0.07619599556709736,0.10827502136232929,0.03207902579523193,0.07709128257252496,0.10663668193309919,-0.0008952870054275974,0.0016383394292300985,0.002533626434657696,-0.00034876650440141205,6.899110858389602e-05,0.00041775761298530807,-0.001957668879155929,0.00038725549761427686,363,2,0.06170076814319721,0.17815398105106858,6,6,0.002344924376770206
100,fixed_shortfalls_fixed_labels,young_relative,pooled,-0.16302713404283437,-0.21896062740696237,-0.055933493364128006,-0.16416781512267428,-0.21775597288711876,0.001140681079839917,-0.001204654519843612,-0.002345335599683529,-0.007915802788313398,0.010331158889898268,0.018246961678211666,-0.20750767833248854,0.2708246848812175,363,2,-0.0004626710527536109,0.03814703557923262,5,5,0.4783323632137061
100,fixed_shortfalls_fixed_labels,young_relative,family_month,-0.08095036094304571,-0.11142761524320724,-0.03047725430016153,-0.08707653255014933,-0.11111929095401957,0.006126171607103617,-0.0003083242891876725,-0.00643449589629129,-0.013489387901370265,0.0008109592906423071,0.014300347192012572,-0.35361562691686416,0.02125877616251251,363,2,-0.0004626710527536109,0.03814703557923262,6,6,0.3748744030793767
100,fixed_shortfalls_fixed_labels,young_relative,family_month_minus_pooled,0.08207677309978866,0.10753301216375513,0.025456239063966477,0.07709128257252496,0.10663668193309919,0.0049854905272637,0.0008963302306559395,-0.004089160296607761,-0.005573585113056867,-0.00952019959925596,-0.003946614486199094,-0.1461079485843756,-0.24956590871870502,363,2,-0.0004626710527536109,0.03814703557923262,6,6,-0.10345796013432942
100,regenerated_shortfalls_fixed_labels,total,pooled,-0.16377116430786862,-0.21892272255159057,-0.05515155824372195,-0.16416781512267428,-0.21775597288711876,0.0003966508148056658,-0.0011667496644718056,-0.0015634004792774714,0.0011366840378451543,-0.005380211370260085,-0.006516895408105239,0.006380345985753297,-0.025531784854693495,363,2,0.05597106823393695,0.2107260186030842,5,5,-0.03191213084044679
100,regenerated_shortfalls_fixed_labels,total,family_month,-0.08757516874077126,-0.10524665881497784,-0.017671490074206583,-0.08707653255014933,-0.11111929095401957,-0.0004986361906219317,0.005872632139041725,0.006371268329663657,0.0007879175334437423,-0.006957570687145461,-0.007745488220589203,0.004422677106597368,-0.03301714108807079,363,2,0.05597106823393695,0.2107260186030842,6,6,-0.037439818194668156
100,regenerated_shortfalls_fixed_labels,total,family_month_minus_pooled,0.07619599556709736,0.11367606373661272,0.037480068169515365,0.07709128257252496,0.10663668193309919,-0.0008952870054275974,0.007039381803513531,0.007934668808941128,-0.00034876650440141205,-0.001577359316885376,-0.001228592812483964,-0.001957668879155929,-0.0074853562333772935,363,2,0.05597106823393695,0.2107260186030842,6,6,-0.005527687354221364
100,regenerated_shortfalls_fixed_labels,young_relative,pooled,-0.16302713404283437,-0.21474106284539435,-0.05171392880255998,-0.16416781512267428,-0.21775597288711876,0.001140681079839917,0.0030149100417244112,0.0018742289618844943,-0.007915802788313398,0.018635528134440648,0.026551330922754045,-0.20750767833248854,0.3872569063765967,363,2,0.001324472938718147,0.04812187420698472,5,5,0.5947645847090852
100,regenerated_shortfalls_fixed_labels,young_relative,family_month,-0.08095036094304571,-0.11343922157340071,-0.032488860630355,-0.08707653255014933,-0.11111929095401957,0.006126171607103617,-0.0023199306193811414,-0.008446102226484759,-0.013489387901370265,0.015623263441657683,0.02911265134302795,-0.35361562691686416,0.3246603275354147,363,2,0.001324472938718147,0.04812187420698472,6,6,0.6782759544522788
100,regenerated_shortfalls_fixed_labels,young_relative,family_month_minus_pooled,0.08207677309978866,0.10130184127199364,0.019225068172204984,0.07709128257252496,0.10663668193309919,0.0049854905272637,-0.005334840661105553,-0.010320331188369253,-0.005573585113056867,-0.0030122646927829653,0.0025613204202739014,-0.1461079485843756,-0.06259657884118207,363,2,0.001324472938718147,0.04812187420698472,6,6,0.08351136974319352
100,regenerated_shortfalls_and_labels,total,pooled,-0.16377116430786862,-0.218925468866383,-0.05515430455851439,-0.16416781512267428,-0.2177470192493575,0.0003966508148056658,-0.001178449617025512,-0.0015751004318311779,0.0011366840378451543,-0.005434280907917831,-0.006570964945762986,0.006380345985753297,-0.025788371763211845,363,2,0.05597106823393695,0.2107260186030842,5,5,-0.03216871774896514
100,regenerated_shortfalls_and_labels,total,family_month,-0.08757516874077126,-0.10596781828148973,-0.018392649540718467,-0.08707653255014933,-0.111899650799025,-0.0004986361906219317,0.0059318325175352765,0.006430468708157208,0.0007879175334437423,-0.007005603807418847,-0.007793521340862589,0.004422677106597368,-0.033245082187095015,363,2,0.05597106823393695,0.2107260186030842,6,6,-0.037667759293692385
100,regenerated_shortfalls_and_labels,total,family_month_minus_pooled,0.07619599556709736,0.11295765058489328,0.03676165501779592,0.07709128257252496,0.10584736845033249,-0.0008952870054275974,0.007110282134560789,0.008005569139988386,-0.00034876650440141205,-0.0015713228995010162,-0.0012225563950996042,-0.001957668879155929,-0.007456710423883167,363,2,0.05597106823393695,0.2107260186030842,6,6,-0.005499041544727239
100,regenerated_shortfalls_and_labels,young_relative,pooled,-0.16302713404283437,-0.21472353756526316,-0.0516964035224288,-0.16416781512267428,-0.2177470192493575,0.001140681079839917,0.0030234816840943313,0.0018828006042544143,-0.007915802788313398,0.018685215769091018,0.02660101855740442,-0.20750767833248854,0.38828944377189123,363,2,0.001324472938718147,0.04812187420698472,5,5,0.5957971221043797
100,regenerated_shortfalls_and_labels,young_relative,family_month,-0.08095036094304571,-0.11412847504544162,-0.033178114102395906,-0.08707653255014933,-0.111899650799025,0.006126171607103617,-0.0022288242464166136,-0.00835499585352023,-0.013489387901370265,0.015699380064538207,0.029188767965908472,-0.35361562691686416,0.3262420743841165,363,2,0.001324472938718147,0.04812187420698472,6,6,0.6798577013009807
100,regenerated_shortfalls_and_labels,young_relative,family_month_minus_pooled,0.08207677309978866,0.10059506251982155,0.01851828942003289,0.07709128257252496,0.10584736845033249,0.0049854905272637,-0.005252305930510945,-0.010237796457774645,-0.005573585113056867,-0.002985835704552811,0.0025877494085040555,-0.1461079485843756,-0.06204736938777475,363,2,0.001324472938718147,0.04812187420698472,6,6,0.08406057919660084
