venue,grid_shift_ms,family,es_cutoff,support,symbol,report_weight,n_train,n_valid,n_test,es_valid_test_fraction,sse_M0,mse_M0,lambda_M0,validation_mse_M0,missing_rate_test_M0,sse_M1,mse_M1,lambda_M1,validation_mse_M1,missing_rate_test_M1,sse_M2,mse_M2,lambda_M2,validation_mse_M2,missing_rate_test_M2,sse_M3,mse_M3,lambda_M3,validation_mse_M3,missing_rate_test_M3,G_SPY_RAW,loss_change_SPY_RAW,G_ES_RAW,loss_change_ES_RAW,G_SPY_GIVEN_ES,loss_change_SPY_GIVEN_ES,G_ES_GIVEN_SPY,loss_change_ES_GIVEN_SPY
ARCX.PILLAR,0,QUOTE_TRADE_WITH_REST_BASKET,AT_T,ES_VALID,AAPL,0.0604999923706054,21600,7200,14400,1.0,9799.219527725434,0.680501356092044,1.0,0.7144188343301582,0.0,9783.505292354088,0.6794100897468116,1.0,0.7125060965552575,0.0,9786.577834895186,0.6796234607566102,1.0,0.71351878903854,0.0,9780.918536356729,0.6792304539136615,1.0,0.712368348103726,0.0,0.00160362111767,15.714235371346147,0.0012900713974699,12.641692830247848,0.0005782714482973,5.659298538459552,0.000264399713606,2.5867559973612515
ARCX.PILLAR,0,QUOTE_TRADE_WITH_REST_BASKET,AT_T,ES_VALID,ABBV,0.0088999986648559,21600,7200,14400,1.0,9996.241969724326,0.6941834701197448,1.0,0.9263874127944584,0.0,9990.338472299803,0.6937735050208198,1.0,0.9263734325638104,0.0,9988.197947430765,0.6936248574604696,1.0,0.9264974597453478,0.0,9986.872764500911,0.693532830868119,1.0,0.9264939081481408,0.0,0.0005905716810777,5.903497424520538,0.0008047046397962,8.044022293563103,0.0001326748765717,1.3251829298496889,0.0003469059440279,3.4657077988922538
ARCX.PILLAR,0,QUOTE_TRADE_WITH_REST_BASKET,AT_T,ES_VALID,BDX,0.0021999990940093,21600,7200,14400,1.0,13142.012728183352,0.9126397727905106,0.1,1.4373166135559086,3.7202380952380952e-06,13157.776146136825,0.9137344545928352,0.1,1.4381952791552326,2.853881278538813e-06,13150.917257944577,0.9132581429128178,0.1,1.4384272476429143,3.255208333333333e-06,13158.064865650347,0.913754504559052,0.1,1.4387014209901212,2.57201646090535e-06,-0.0011994675609823,-15.763417953472526,-0.0006775621014374,-8.904529761224694,-0.0005435064007763,-7.147607705772316,-2.1942880796821385e-05,-0.2887195135244838
ARCX.PILLAR,0,QUOTE_TRADE_WITH_REST_BASKET,AT_T,ES_VALID,CMI,0.0010999995470047,21600,7200,14400,1.0,21598.3637351128,1.4998863704939445,10.0,1.3981626127320108,0.0,21395.858395184445,1.4858234996655864,1.0,1.3966099008623611,0.0,21401.23590848513,1.4861969380892457,1.0,1.3960579681074612,0.0,21391.689911690413,1.4855340216451676,1.0,1.396400878072647,0.0,0.0093759574758499,202.505339928357,0.0091269796659269,197.12782662766767,0.0004460488560352,9.54599679472085,0.0001948266536934,4.168483494031534
ARCX.PILLAR,0,QUOTE_TRADE_WITH_REST_BASKET,AT_T,ES_VALID,CVS,0.0037999987602233,21600,7200,14400,1.0,12961.643556772253,0.900114135886962,0.1,1.0856951678549125,0.0,12929.450568468035,0.8978785116991692,0.1,1.0832863233417085,0.0,12924.948760801832,0.8975658861667939,0.1,1.0835981000581918,0.0,12926.601153194071,0.8976806356384772,0.1,1.08326826083708,0.0,0.0024837118968138,32.19298830421576,0.0028310295534433,36.69479597042118,-0.0001278451793365,-1.6523923922395625,0.0002203817756118,2.8494152739658603
ARCX.PILLAR,0,QUOTE_TRADE_WITH_REST_BASKET,AT_T,ES_VALID,DLTR,0.0008999997377395,21600,7200,14400,1.0,21818.20687044063,1.5151532548917104,0.1,0.9215037253058016,0.0,21750.63719402555,1.510460916251774,0.1,0.9211204182642516,0.0,21756.444057801527,1.5108641706806616,0.1,0.9217185021192196,0.0,21874.642210320024,1.5190723757166684,1.0,0.9219452234117116,0.0,0.003096939946363,67.56967641508163,0.0028307923288957,61.762812639102776,-0.0054327881984974,-118.1981525184965,-0.0057012130351996,-124.00501629447535
ARCX.PILLAR,0,QUOTE_TRADE_WITH_REST_BASKET,AT_T,ES_VALID,EBAY,0.0006999999284744,21600,7200,14400,1.0,20652.398426465857,1.43419433517124,1.0,1.3323686224285909,0.0,20481.572579695985,1.4223314291455544,0.1,1.3245091939950413,0.0,20493.1889199012,1.4231381194375834,0.1,1.3232644385062982,0.0,20486.330067352952,1.422661810232844,0.1,1.324379615435863,0.0,0.0082714773965895,170.82584676987244,0.0077090080908294,159.2095065646572,0.0003346893728963,6.858852548248251,-0.000232281366016,-4.757487656966987
ARCX.PILLAR,0,QUOTE_TRADE_WITH_REST_BASKET,AT_T,ES_VALID,GOOG,0.0145999908447265,21600,7200,14400,1.0,16490.545385573107,1.1451767628870213,1.0,1.266558320879323,0.0,16489.138806322615,1.145079083772404,1.0,1.2662099611003987,0.0,16481.373266298702,1.144539810159632,1.0,1.2663298191570975,0.0,16484.639353106897,1.1447666217435346,1.0,1.2662724672186425,0.0,8.529610256080566e-05,1.4065792504916317,0.0005562047257957,9.172119274404396,-0.0001981683659135,-3.266086808194814,0.0002728737545706,4.499453215717949
ARCX.PILLAR,0,QUOTE_TRADE_WITH_REST_BASKET,AT_T,ES_VALID,KEY,0.000499999821186,21600,7200,14400,1.0,57671.42501470844,4.004960070465864,0.1,4.559822979790746,0.0,57513.22793330887,3.9939741620353377,0.1,4.562764688610332,0.0,57465.70966594741,3.990674282357459,0.1,4.563677359168202,0.0,57486.47796581182,3.992116525403599,0.1,4.56584594911029,0.0,0.0027430756455076,158.1970813995722,0.0035670238546829,205.7153487610267,-0.0003614033479293,-20.76829986440862,0.0004651098270481,26.749967497045876
ARCX.PILLAR,0,QUOTE_TRADE_WITH_REST_BASKET,AT_T,ES_VALID,KHC,0.0009999996423721,21600,7200,14400,1.0,11325.567664820215,0.7864977545014039,0.1,0.5356253159617125,0.0,11328.707686096468,0.7867158115344769,0.1,0.536738027782806,0.0,11328.817399421532,0.7867234305153842,0.1,0.5362260962344467,0.0,11334.712585161751,0.7871328184140106,0.1,0.5371553346025054,0.0,-0.0002772506746839,-3.140021276250991,-0.000286937899935,-3.24973460131514,-0.0005203707970897,-5.895185740220768,-0.0005300603768472,-6.004899065284917
ARCX.PILLAR,0,QUOTE_TRADE_WITH_REST_BASKET,AT_T,ES_VALID,KO,0.0076999998092651,21600,7200,14400,1.0,6961.05513613557,0.4834066066760812,0.1,0.2790333277124518,0.0,6960.800155581987,0.4833888996931935,0.1,0.2790715476115624,0.0,6955.159739092395,0.4829972041036385,0.1,0.2789899322040099,0.0,6958.709027735272,0.4832436824816161,0.1,0.2790735187074287,0.0,3.662958396333238e-05,0.2549805535827545,0.000846911413267,5.895397043174853,-0.0005103101547656,-3.5492886428764905,0.0003004148661039,2.091127846715608
ARCX.PILLAR,0,QUOTE_TRADE_WITH_REST_BASKET,AT_T,ES_VALID,LLY,0.0089999961853027,21600,7200,14400,1.0,23895.33774561156,1.659398454556358,0.1,0.9521511181458384,0.0,24095.104617216377,1.6732711539733596,1.0,0.951898303187532,0.0,24080.2426780144,1.6722390748621112,1.0,0.9524736315341188,0.0,24089.28943554291,1.672867321912702,1.0,0.952162961098201,0.0,-0.0083600773394176,-199.76687160482103,-0.00773811755127,-184.9049324028456,-0.0003756921244306,-9.046757528507442,0.0002413428688461,5.815181673468032
ARCX.PILLAR,0,QUOTE_TRADE_WITH_REST_BASKET,AT_T,ES_VALID,MMC,0.0025999999046325,21600,7200,14400,1.0,11146.651005437836,0.7740729864887386,1.0,0.9118902497328498,0.0,11142.707869633496,0.7737991576134373,1.0,0.9110224183310408,0.0,11134.531641373313,0.7732313639842578,1.0,0.910554423608106,0.0,11141.770363264844,0.773734053004503,1.0,0.9108309174679032,0.0,0.000353750718706,3.9431358043384535,0.0010872650501582,12.119364064523324,-0.0006501146275998,-7.238721891531895,8.413631404691202e-05,0.9375063686529757
ARCX.PILLAR,0,QUOTE_TRADE_WITH_REST_BASKET,AT_T,ES_VALID,MNST,0.0011999994516372,21600,7200,14400,1.0,11760.932723099702,0.816731439104146,0.1,1.1643649491133603,0.0,11759.436282031522,0.8166275195855224,1.0,1.1675115498705384,0.0,11735.58790987552,0.8149713826302444,0.1,1.1648793381807043,0.0,11750.42600552594,0.8160018059393014,1.0,1.1674602402381578,0.0,0.0001272382984762,1.496441068180502,0.0021550002725891,25.34481322418287,-0.0012643674747589,-14.838095650420655,0.0007662167037164,9.010276505581714
ARCX.PILLAR,0,QUOTE_TRADE_WITH_REST_BASKET,AT_T,ES_VALID,MRK,0.0087999963760375,21600,7200,14400,1.0,11667.33682744498,0.8102317241281235,1.0,0.9074789558774018,0.0,11666.839963668455,0.8101972196991984,1.0,0.9073610695860088,0.0,11662.828819384504,0.8099186680128128,1.0,0.9070016105617787,0.0,11663.943035584432,0.8099960441378078,1.0,0.9069588931080704,0.0,4.258587746885922e-05,0.4968637765214225,0.0003863784964081,4.508008060474822,-9.553567296438636e-05,-1.1142161999287057,0.0002483044331667,2.896928084024694
ARCX.PILLAR,0,QUOTE_TRADE_WITH_REST_BASKET,AT_T,ES_VALID,NDSN,0.0003999999165534,21590,7193,14400,1.0,24735.637400825188,1.717752597279527,10.0,1.3970519953449652,7.316468253968253e-05,24731.65888239329,1.7174763112773122,10.0,1.3969822693732388,5.612633181126332e-05,24731.46348370628,1.717462741924047,10.0,1.3969167703299077,6.401909722222223e-05,24728.3534978338,1.7172467706829029,10.0,1.3968911879284966,5.0582990397805215e-05,0.0001608415569578,3.978518431893463,0.0001687410375271,4.173917118911049,0.0001257501754607,3.109985872477409,0.0001336499332783,3.305384559494996
ARCX.PILLAR,0,QUOTE_TRADE_WITH_REST_BASKET,AT_T,ES_VALID,NWSA,0.0001999999582767,21600,7200,14400,1.0,15710.0700153265,1.0909770843976736,0.1,1.2506529133536222,1.488095238095238e-05,15579.63706568232,1.0819192406723834,0.1,1.2463614250888568,1.1415525114155251e-05,15572.676121961238,1.0814358418028638,0.1,1.2455485423795047,1.3020833333333334e-05,15566.923081195877,1.081036325083047,0.1,1.246682527947974,1.02880658436214e-05,0.0083025059415351,130.43294964418055,0.0087455939554198,137.39389336526256,0.0003694317354515,5.75304076536122,0.0008160642274811,12.713984486443223
ARCX.PILLAR,0,QUOTE_TRADE_WITH_REST_BASKET,AT_T,ES_VALID,PG,0.0111999988555908,21600,7200,14400,1.0,7100.66067770701,0.4931014359518757,1.0,0.4928259087685844,0.0,7098.417902808785,0.4929456876950545,1.0,0.4928804405184919,0.0,7098.579994297622,0.492956944048446,1.0,0.492754193019802,0.0,7097.540670085751,0.4928847687559549,1.0,0.4928358257914902,0.0,0.0003158543972205,2.2427748982254343,0.0002930267342474,2.080683409388257,0.0001464129745252,1.0393242118707349,0.0001235814423783,0.8772327230335577
ARCX.PILLAR,0,QUOTE_TRADE_WITH_REST_BASKET,AT_T,ES_VALID,RSG,0.0007999998331069,21600,7200,14400,1.0,11222.94422553632,0.7793711267733555,0.1,0.9608885493929517,0.0,11218.368702429363,0.7790533821131503,0.1,0.9622602322644364,0.0,11208.673505455126,0.7783801045454949,0.1,0.961678818823307,0.0,11217.198394800207,0.7789721107500145,0.1,0.962742573796688,0.0,0.0004076936510601,4.575523106954279,0.001271566515382,14.270720081192849,-0.0007605618399835,-8.524889345082556,0.0001043206601778,1.1703076291560135
ARCX.PILLAR,0,QUOTE_TRADE_WITH_REST_BASKET,AT_T,ES_VALID,TJX,0.0028999996185302,21600,7200,14400,1.0,9225.811943417197,0.6406813849595275,1.0,0.7946641545527346,0.0,9190.489841977833,0.6382284612484604,1.0,0.7941295685557948,0.0,9193.312218282495,0.6384244596029512,1.0,0.7938950359823982,0.0,9180.189573633246,0.6375131648356421,1.0,0.794044342247761,0.0,0.0038286171077407,35.322101439365724,0.0035226953826962,32.499725134699474,0.0014274120510292,13.122644649251017,0.0011207529219539,10.300268344584763
ARCX.PILLAR,0,QUOTE_TRADE_WITH_REST_BASKET,AT_T,ES_VALID,V,0.0105999946594238,21600,7200,14400,1.0,8272.848085597872,0.57450333927763,1.0,0.622650104785418,0.0,8210.228011651989,0.5701547230313881,1.0,0.6188327079816835,0.0,8213.025586357679,0.5703489990526166,1.0,0.6194956946409456,0.0,8195.225405383888,0.5691128753738811,1.0,0.6181736585280525,0.0,0.007569348947057,62.62007394588363,0.007231185514495,59.82249924019379,0.0021673110337507,17.800180973790702,0.0018273068965696,15.002606268100864
ARCX.PILLAR,0,QUOTE_TRADE_WITH_REST_BASKET,AT_T,ES_VALID,WST,0.000499999821186,21595,7200,14400,1.0,43312.192933800645,3.007791175958378,0.01,5.010367796872302,0.0,43323.10387470573,3.008548880187898,0.01,5.011949312940174,0.0,43313.68162337388,3.0078945571787417,0.01,5.005813433620095,0.0,43343.51988329938,3.009966658562457,0.01,5.009759491446028,0.0,-0.0002519138414849,-10.910940905087044,-3.4371142913824926e-05,-1.4886895732342964,-0.000688887640283,-29.83825992549828,-0.0004712499051935,-20.41600859364553
ARCX.PILLAR,0,QUOTE_TRADE_WITH_REST_BASKET,AT_T,ES_VALID,XYL,0.0005999997258186,21600,7200,14400,1.0,22038.88176303142,1.530477900210515,1.0,1.383952200576127,0.0,21959.11197716084,1.5249383317472804,1.0,1.3824346280792268,0.0,21957.04005024935,1.5247944479339826,1.0,1.3817736605940718,0.0,21938.04772797524,1.523475536664947,1.0,1.3823112314512696,0.0,0.0036195024197819,79.76978587057965,0.0037135147627749,81.8417127820685,0.0008649764371995,18.992322274112663,0.0009592486803432,21.06424918560151
ARCX.PILLAR,0,QUOTE_TRADE_WITH_REST_BASKET,AT_T,FULL,AAPL,0.0604999923706054,21600,7200,14400,1.0,9799.219527725434,0.680501356092044,1.0,0.7144188343301582,0.0,9783.505292354088,0.6794100897468116,1.0,0.7125060965552575,0.0,9786.577834895186,0.6796234607566102,1.0,0.71351878903854,0.0,9780.918536356729,0.6792304539136615,1.0,0.712368348103726,0.0,0.00160362111767,15.714235371346147,0.0012900713974699,12.641692830247848,0.0005782714482973,5.659298538459552,0.000264399713606,2.5867559973612515
ARCX.PILLAR,0,QUOTE_TRADE_WITH_REST_BASKET,AT_T,FULL,ABBV,0.0088999986648559,21600,7200,14400,1.0,9996.241969724326,0.6941834701197448,1.0,0.9263874127944584,0.0,9990.338472299803,0.6937735050208198,1.0,0.9263734325638104,0.0,9988.197947430765,0.6936248574604696,1.0,0.9264974597453478,0.0,9986.872764500911,0.693532830868119,1.0,0.9264939081481408,0.0,0.0005905716810777,5.903497424520538,0.0008047046397962,8.044022293563103,0.0001326748765717,1.3251829298496889,0.0003469059440279,3.4657077988922538
ARCX.PILLAR,0,QUOTE_TRADE_WITH_REST_BASKET,AT_T,FULL,BDX,0.0021999990940093,21600,7200,14400,1.0,13142.012728183352,0.9126397727905106,0.1,1.4373166135559086,3.7202380952380952e-06,13157.776146136825,0.9137344545928352,0.1,1.4381952791552326,2.853881278538813e-06,13150.917257944577,0.9132581429128178,0.1,1.4384272476429143,3.255208333333333e-06,13158.064865650347,0.913754504559052,0.1,1.4387014209901212,2.57201646090535e-06,-0.0011994675609823,-15.763417953472526,-0.0006775621014374,-8.904529761224694,-0.0005435064007763,-7.147607705772316,-2.1942880796821385e-05,-0.2887195135244838
ARCX.PILLAR,0,QUOTE_TRADE_WITH_REST_BASKET,AT_T,FULL,CMI,0.0010999995470047,21600,7200,14400,1.0,21598.3637351128,1.4998863704939445,10.0,1.3981626127320108,0.0,21395.858395184445,1.4858234996655864,1.0,1.3966099008623611,0.0,21401.23590848513,1.4861969380892457,1.0,1.3960579681074612,0.0,21391.689911690413,1.4855340216451676,1.0,1.396400878072647,0.0,0.0093759574758499,202.505339928357,0.0091269796659269,197.12782662766767,0.0004460488560352,9.54599679472085,0.0001948266536934,4.168483494031534
ARCX.PILLAR,0,QUOTE_TRADE_WITH_REST_BASKET,AT_T,FULL,CVS,0.0037999987602233,21600,7200,14400,1.0,12961.643556772253,0.900114135886962,0.1,1.0856951678549125,0.0,12929.450568468035,0.8978785116991692,0.1,1.0832863233417085,0.0,12924.948760801832,0.8975658861667939,0.1,1.0835981000581918,0.0,12926.601153194071,0.8976806356384772,0.1,1.08326826083708,0.0,0.0024837118968138,32.19298830421576,0.0028310295534433,36.69479597042118,-0.0001278451793365,-1.6523923922395625,0.0002203817756118,2.8494152739658603
ARCX.PILLAR,0,QUOTE_TRADE_WITH_REST_BASKET,AT_T,FULL,DLTR,0.0008999997377395,21600,7200,14400,1.0,21818.20687044063,1.5151532548917104,0.1,0.9215037253058016,0.0,21750.63719402555,1.510460916251774,0.1,0.9211204182642516,0.0,21756.444057801527,1.5108641706806616,0.1,0.9217185021192196,0.0,21874.642210320024,1.5190723757166684,1.0,0.9219452234117116,0.0,0.003096939946363,67.56967641508163,0.0028307923288957,61.762812639102776,-0.0054327881984974,-118.1981525184965,-0.0057012130351996,-124.00501629447535
ARCX.PILLAR,0,QUOTE_TRADE_WITH_REST_BASKET,AT_T,FULL,EBAY,0.0006999999284744,21600,7200,14400,1.0,20652.398426465857,1.43419433517124,1.0,1.3323686224285909,0.0,20481.572579695985,1.4223314291455544,0.1,1.3245091939950413,0.0,20493.1889199012,1.4231381194375834,0.1,1.3232644385062982,0.0,20486.330067352952,1.422661810232844,0.1,1.324379615435863,0.0,0.0082714773965895,170.82584676987244,0.0077090080908294,159.2095065646572,0.0003346893728963,6.858852548248251,-0.000232281366016,-4.757487656966987
ARCX.PILLAR,0,QUOTE_TRADE_WITH_REST_BASKET,AT_T,FULL,GOOG,0.0145999908447265,21600,7200,14400,1.0,16490.545385573107,1.1451767628870213,1.0,1.266558320879323,0.0,16489.138806322615,1.145079083772404,1.0,1.2662099611003987,0.0,16481.373266298702,1.144539810159632,1.0,1.2663298191570975,0.0,16484.639353106897,1.1447666217435346,1.0,1.2662724672186425,0.0,8.529610256080566e-05,1.4065792504916317,0.0005562047257957,9.172119274404396,-0.0001981683659135,-3.266086808194814,0.0002728737545706,4.499453215717949
ARCX.PILLAR,0,QUOTE_TRADE_WITH_REST_BASKET,AT_T,FULL,KEY,0.000499999821186,21600,7200,14400,1.0,57671.42501470844,4.004960070465864,0.1,4.559822979790746,0.0,57513.22793330887,3.9939741620353377,0.1,4.562764688610332,0.0,57465.70966594741,3.990674282357459,0.1,4.563677359168202,0.0,57486.47796581182,3.992116525403599,0.1,4.56584594911029,0.0,0.0027430756455076,158.1970813995722,0.0035670238546829,205.7153487610267,-0.0003614033479293,-20.76829986440862,0.0004651098270481,26.749967497045876
ARCX.PILLAR,0,QUOTE_TRADE_WITH_REST_BASKET,AT_T,FULL,KHC,0.0009999996423721,21600,7200,14400,1.0,11325.567664820215,0.7864977545014039,0.1,0.5356253159617125,0.0,11328.707686096468,0.7867158115344769,0.1,0.536738027782806,0.0,11328.817399421532,0.7867234305153842,0.1,0.5362260962344467,0.0,11334.712585161751,0.7871328184140106,0.1,0.5371553346025054,0.0,-0.0002772506746839,-3.140021276250991,-0.000286937899935,-3.24973460131514,-0.0005203707970897,-5.895185740220768,-0.0005300603768472,-6.004899065284917
ARCX.PILLAR,0,QUOTE_TRADE_WITH_REST_BASKET,AT_T,FULL,KO,0.0076999998092651,21600,7200,14400,1.0,6961.05513613557,0.4834066066760812,0.1,0.2790333277124518,0.0,6960.800155581987,0.4833888996931935,0.1,0.2790715476115624,0.0,6955.159739092395,0.4829972041036385,0.1,0.2789899322040099,0.0,6958.709027735272,0.4832436824816161,0.1,0.2790735187074287,0.0,3.662958396333238e-05,0.2549805535827545,0.000846911413267,5.895397043174853,-0.0005103101547656,-3.5492886428764905,0.0003004148661039,2.091127846715608
ARCX.PILLAR,0,QUOTE_TRADE_WITH_REST_BASKET,AT_T,FULL,LLY,0.0089999961853027,21600,7200,14400,1.0,23895.33774561156,1.659398454556358,0.1,0.9521511181458384,0.0,24095.104617216377,1.6732711539733596,1.0,0.951898303187532,0.0,24080.2426780144,1.6722390748621112,1.0,0.9524736315341188,0.0,24089.28943554291,1.672867321912702,1.0,0.952162961098201,0.0,-0.0083600773394176,-199.76687160482103,-0.00773811755127,-184.9049324028456,-0.0003756921244306,-9.046757528507442,0.0002413428688461,5.815181673468032
ARCX.PILLAR,0,QUOTE_TRADE_WITH_REST_BASKET,AT_T,FULL,MMC,0.0025999999046325,21600,7200,14400,1.0,11146.651005437836,0.7740729864887386,1.0,0.9118902497328498,0.0,11142.707869633496,0.7737991576134373,1.0,0.9110224183310408,0.0,11134.531641373313,0.7732313639842578,1.0,0.910554423608106,0.0,11141.770363264844,0.773734053004503,1.0,0.9108309174679032,0.0,0.000353750718706,3.9431358043384535,0.0010872650501582,12.119364064523324,-0.0006501146275998,-7.238721891531895,8.413631404691202e-05,0.9375063686529757
ARCX.PILLAR,0,QUOTE_TRADE_WITH_REST_BASKET,AT_T,FULL,MNST,0.0011999994516372,21600,7200,14400,1.0,11760.932723099702,0.816731439104146,0.1,1.1643649491133603,0.0,11759.436282031522,0.8166275195855224,1.0,1.1675115498705384,0.0,11735.58790987552,0.8149713826302444,0.1,1.1648793381807043,0.0,11750.42600552594,0.8160018059393014,1.0,1.1674602402381578,0.0,0.0001272382984762,1.496441068180502,0.0021550002725891,25.34481322418287,-0.0012643674747589,-14.838095650420655,0.0007662167037164,9.010276505581714
ARCX.PILLAR,0,QUOTE_TRADE_WITH_REST_BASKET,AT_T,FULL,MRK,0.0087999963760375,21600,7200,14400,1.0,11667.33682744498,0.8102317241281235,1.0,0.9074789558774018,0.0,11666.839963668455,0.8101972196991984,1.0,0.9073610695860088,0.0,11662.828819384504,0.8099186680128128,1.0,0.9070016105617787,0.0,11663.943035584432,0.8099960441378078,1.0,0.9069588931080704,0.0,4.258587746885922e-05,0.4968637765214225,0.0003863784964081,4.508008060474822,-9.553567296438636e-05,-1.1142161999287057,0.0002483044331667,2.896928084024694
ARCX.PILLAR,0,QUOTE_TRADE_WITH_REST_BASKET,AT_T,FULL,NDSN,0.0003999999165534,21590,7193,14400,1.0,24735.637400825188,1.717752597279527,10.0,1.3970519953449652,7.316468253968253e-05,24731.65888239329,1.7174763112773122,10.0,1.3969822693732388,5.612633181126332e-05,24731.46348370628,1.717462741924047,10.0,1.3969167703299077,6.401909722222223e-05,24728.3534978338,1.7172467706829029,10.0,1.3968911879284966,5.0582990397805215e-05,0.0001608415569578,3.978518431893463,0.0001687410375271,4.173917118911049,0.0001257501754607,3.109985872477409,0.0001336499332783,3.305384559494996
ARCX.PILLAR,0,QUOTE_TRADE_WITH_REST_BASKET,AT_T,FULL,NWSA,0.0001999999582767,21600,7200,14400,1.0,15710.0700153265,1.0909770843976736,0.1,1.2506529133536222,1.488095238095238e-05,15579.63706568232,1.0819192406723834,0.1,1.2463614250888568,1.1415525114155251e-05,15572.676121961238,1.0814358418028638,0.1,1.2455485423795047,1.3020833333333334e-05,15566.923081195877,1.081036325083047,0.1,1.246682527947974,1.02880658436214e-05,0.0083025059415351,130.43294964418055,0.0087455939554198,137.39389336526256,0.0003694317354515,5.75304076536122,0.0008160642274811,12.713984486443223
ARCX.PILLAR,0,QUOTE_TRADE_WITH_REST_BASKET,AT_T,FULL,PG,0.0111999988555908,21600,7200,14400,1.0,7100.66067770701,0.4931014359518757,1.0,0.4928259087685844,0.0,7098.417902808785,0.4929456876950545,1.0,0.4928804405184919,0.0,7098.579994297622,0.492956944048446,1.0,0.492754193019802,0.0,7097.540670085751,0.4928847687559549,1.0,0.4928358257914902,0.0,0.0003158543972205,2.2427748982254343,0.0002930267342474,2.080683409388257,0.0001464129745252,1.0393242118707349,0.0001235814423783,0.8772327230335577
ARCX.PILLAR,0,QUOTE_TRADE_WITH_REST_BASKET,AT_T,FULL,RSG,0.0007999998331069,21600,7200,14400,1.0,11222.94422553632,0.7793711267733555,0.1,0.9608885493929517,0.0,11218.368702429363,0.7790533821131503,0.1,0.9622602322644364,0.0,11208.673505455126,0.7783801045454949,0.1,0.961678818823307,0.0,11217.198394800207,0.7789721107500145,0.1,0.962742573796688,0.0,0.0004076936510601,4.575523106954279,0.001271566515382,14.270720081192849,-0.0007605618399835,-8.524889345082556,0.0001043206601778,1.1703076291560135
ARCX.PILLAR,0,QUOTE_TRADE_WITH_REST_BASKET,AT_T,FULL,TJX,0.0028999996185302,21600,7200,14400,1.0,9225.811943417197,0.6406813849595275,1.0,0.7946641545527346,0.0,9190.489841977833,0.6382284612484604,1.0,0.7941295685557948,0.0,9193.312218282495,0.6384244596029512,1.0,0.7938950359823982,0.0,9180.189573633246,0.6375131648356421,1.0,0.794044342247761,0.0,0.0038286171077407,35.322101439365724,0.0035226953826962,32.499725134699474,0.0014274120510292,13.122644649251017,0.0011207529219539,10.300268344584763
ARCX.PILLAR,0,QUOTE_TRADE_WITH_REST_BASKET,AT_T,FULL,V,0.0105999946594238,21600,7200,14400,1.0,8272.848085597872,0.57450333927763,1.0,0.622650104785418,0.0,8210.228011651989,0.5701547230313881,1.0,0.6188327079816835,0.0,8213.025586357679,0.5703489990526166,1.0,0.6194956946409456,0.0,8195.225405383888,0.5691128753738811,1.0,0.6181736585280525,0.0,0.007569348947057,62.62007394588363,0.007231185514495,59.82249924019379,0.0021673110337507,17.800180973790702,0.0018273068965696,15.002606268100864
ARCX.PILLAR,0,QUOTE_TRADE_WITH_REST_BASKET,AT_T,FULL,WST,0.000499999821186,21595,7200,14400,1.0,43312.192933800645,3.007791175958378,0.01,5.010367796872302,0.0,43323.10387470573,3.008548880187898,0.01,5.011949312940174,0.0,43313.68162337388,3.0078945571787417,0.01,5.005813433620095,0.0,43343.51988329938,3.009966658562457,0.01,5.009759491446028,0.0,-0.0002519138414849,-10.910940905087044,-3.4371142913824926e-05,-1.4886895732342964,-0.000688887640283,-29.83825992549828,-0.0004712499051935,-20.41600859364553
ARCX.PILLAR,0,QUOTE_TRADE_WITH_REST_BASKET,AT_T,FULL,XYL,0.0005999997258186,21600,7200,14400,1.0,22038.88176303142,1.530477900210515,1.0,1.383952200576127,0.0,21959.11197716084,1.5249383317472804,1.0,1.3824346280792268,0.0,21957.04005024935,1.5247944479339826,1.0,1.3817736605940718,0.0,21938.04772797524,1.523475536664947,1.0,1.3823112314512696,0.0,0.0036195024197819,79.76978587057965,0.0037135147627749,81.8417127820685,0.0008649764371995,18.992322274112663,0.0009592486803432,21.06424918560151
ARCX.PILLAR,0,QUOTE_TRADE_WITH_REST_BASKET,AT_T_MINUS_1S,ES_VALID,AAPL,0.0604999923706054,21600,7200,14400,1.0,9799.219527725434,0.680501356092044,1.0,0.7144188343301582,0.0,9783.505292354088,0.6794100897468116,1.0,0.7125060965552575,0.0,9800.130109188474,0.6805645909158663,1.0,0.714612056684935,0.0,9784.16658628177,0.679456012936234,1.0,0.7127478615530969,0.0,0.00160362111767,15.714235371346147,-9.292387628057064e-05,-0.9105814630402164,0.0016289092827183,15.963522906704384,-6.759273981260527e-05,-0.6612939276819816
ARCX.PILLAR,0,QUOTE_TRADE_WITH_REST_BASKET,AT_T_MINUS_1S,ES_VALID,ABBV,0.0088999986648559,21600,7200,14400,1.0,9996.241969724326,0.6941834701197448,1.0,0.9263874127944584,0.0,9990.338472299803,0.6937735050208198,1.0,0.9263734325638104,0.0,9996.077155816429,0.6941720247094741,1.0,0.9264009565106824,0.0,9990.730189025342,0.6938007075712043,1.0,0.9264546279819252,0.0,0.0005905716810777,5.903497424520538,1.6487586875002513e-05,0.1648139078988606,0.0005349065145994,5.346966791084924,-3.920955497371814e-05,-0.3917167255367531
ARCX.PILLAR,0,QUOTE_TRADE_WITH_REST_BASKET,AT_T_MINUS_1S,ES_VALID,BDX,0.0021999990940093,21600,7200,14400,1.0,13142.012728183352,0.9126397727905106,0.1,1.4373166135559086,3.7202380952380952e-06,13157.776146136825,0.9137344545928352,0.1,1.4381952791552326,2.853881278538813e-06,13169.16883416164,0.9145256134834472,0.1,1.439030180118495,3.255208333333333e-06,13170.732417108044,0.914634195632503,0.1,1.4398323937685051,2.57201646090535e-06,-0.0011994675609823,-15.763417953472526,-0.0020663582161999,-27.156105978287087,-0.000118730571845,-1.5635829464044946,-0.0009846854686779,-12.956270971219055
ARCX.PILLAR,0,QUOTE_TRADE_WITH_REST_BASKET,AT_T_MINUS_1S,ES_VALID,CMI,0.0010999995470047,21600,7200,14400,1.0,21598.3637351128,1.4998863704939445,10.0,1.3981626127320108,0.0,21395.858395184445,1.4858234996655864,1.0,1.3966099008623611,0.0,21421.84034355101,1.487627801635487,1.0,1.3964105271130145,0.0,21390.13853446552,1.4854262871156612,1.0,1.395626368350008,0.0,0.0093759574758499,202.505339928357,0.0081729983681501,176.52339156179005,0.0014798826140554,31.701809085490822,0.0002673349492821,5.719860718923883
ARCX.PILLAR,0,QUOTE_TRADE_WITH_REST_BASKET,AT_T_MINUS_1S,ES_VALID,CVS,0.0037999987602233,21600,7200,14400,1.0,12961.643556772253,0.900114135886962,0.1,1.0856951678549125,0.0,12929.450568468035,0.8978785116991692,0.1,1.0832863233417085,0.0,12961.160977991578,0.9000806234716373,0.1,1.085530792102417,0.0,12933.60215061486,0.8981668160149209,0.1,1.0833303224244608,0.0,0.0024837118968138,32.19298830421576,3.72312954418641e-05,0.4825787806748849,0.0021262622556353,27.55882737671709,-0.000321095016748,-4.151582146823785
ARCX.PILLAR,0,QUOTE_TRADE_WITH_REST_BASKET,AT_T_MINUS_1S,ES_VALID,DLTR,0.0008999997377395,21600,7200,14400,1.0,21818.20687044063,1.5151532548917104,0.1,0.9215037253058016,0.0,21750.63719402555,1.510460916251774,0.1,0.9211204182642516,0.0,21804.232672729268,1.514182824495088,0.1,0.9213778270741892,0.0,21883.745025290467,1.5197045156451714,1.0,0.921678966929087,0.0,0.003096939946363,67.56967641508163,0.0006404833263495,13.974197711362647,-0.0036466475915315,-79.5123525611998,-0.0061197210030004,-133.1078312649188
ARCX.PILLAR,0,QUOTE_TRADE_WITH_REST_BASKET,AT_T_MINUS_1S,ES_VALID,EBAY,0.0006999999284744,21600,7200,14400,1.0,20652.398426465857,1.43419433517124,1.0,1.3323686224285909,0.0,20481.572579695985,1.4223314291455544,0.1,1.3245091939950413,0.0,20641.13813374985,1.433412370399295,1.0,1.3317592941491108,0.0,20475.619958169955,1.4219180526506914,0.1,1.3244260321230452,0.0,0.0082714773965895,170.82584676987244,0.0005452292989651,11.260292716011463,0.0080188492760123,165.51817557989125,0.0002906330313684,5.952621526030271
ARCX.PILLAR,0,QUOTE_TRADE_WITH_REST_BASKET,AT_T_MINUS_1S,ES_VALID,GOOG,0.0145999908447265,21600,7200,14400,1.0,16490.545385573107,1.1451767628870213,1.0,1.266558320879323,0.0,16489.138806322615,1.145079083772404,1.0,1.2662099611003987,0.0,16487.72246914491,1.144980727023952,1.0,1.2665419161078115,0.0,16486.831476977884,1.1449188525679086,1.0,1.2662484671914696,0.0,8.529610256080566e-05,1.4065792504916317,0.0001711839337144,2.8229164281983685,5.403973585138555e-05,0.8909921670237964,0.0001399302517754,2.307329344730533
ARCX.PILLAR,0,QUOTE_TRADE_WITH_REST_BASKET,AT_T_MINUS_1S,ES_VALID,KEY,0.000499999821186,21600,7200,14400,1.0,57671.42501470844,4.004960070465864,0.1,4.559822979790746,0.0,57513.22793330887,3.9939741620353377,0.1,4.562764688610332,0.0,57632.99673851303,4.002291440174516,0.1,4.559008351862671,0.0,57506.86254936613,3.993532121483759,0.1,4.560753395591216,0.0,0.0027430756455076,158.1970813995722,0.0006663313102738,38.428276195409126,0.0021885759249894,126.13418914690556,0.0001106768681132,6.365383942742483
ARCX.PILLAR,0,QUOTE_TRADE_WITH_REST_BASKET,AT_T_MINUS_1S,ES_VALID,KHC,0.0009999996423721,21600,7200,14400,1.0,11325.567664820215,0.7864977545014039,0.1,0.5356253159617125,0.0,11328.707686096468,0.7867158115344769,0.1,0.536738027782806,0.0,11324.483172449884,0.7864224425312419,0.1,0.5356675756428452,0.0,11327.41161643754,0.7866258066970514,0.1,0.5367743609877172,0.0,-0.0002772506746839,-3.140021276250991,9.57561159342646e-05,1.0844923703334644,-0.0002585940517605,-2.9284439876573742,0.0001144057817396,1.296069658927081
ARCX.PILLAR,0,QUOTE_TRADE_WITH_REST_BASKET,AT_T_MINUS_1S,ES_VALID,KO,0.0076999998092651,21600,7200,14400,1.0,6961.05513613557,0.4834066066760812,0.1,0.2790333277124518,0.0,6960.800155581987,0.4833888996931935,0.1,0.2790715476115624,0.0,6958.521900051999,0.483230687503611,0.1,0.2792034885501031,0.0,6959.006242863022,0.4832643224210431,0.1,0.2792810641253263,0.0,3.662958396333238e-05,0.2549805535827545,0.0003639155320607,2.533236083570955,-6.960426624780247e-05,-0.4843428110225432,0.0002577164519695,1.7939127189656574
ARCX.PILLAR,0,QUOTE_TRADE_WITH_REST_BASKET,AT_T_MINUS_1S,ES_VALID,LLY,0.0089999961853027,21600,7200,14400,1.0,23895.33774561156,1.659398454556358,0.1,0.9521511181458384,0.0,24095.104617216377,1.6732711539733596,1.0,0.951898303187532,0.0,23891.092869553635,1.6591036714967802,0.1,0.9521461556512688,0.0,24091.378783940287,1.6730124155514088,1.0,0.9519356185558636,0.0,-0.0083600773394176,-199.76687160482103,0.0001776445306239,4.244876057920919,-0.0083832880931911,-200.2859143866517,0.0001546303008549,3.7258332760902704
ARCX.PILLAR,0,QUOTE_TRADE_WITH_REST_BASKET,AT_T_MINUS_1S,ES_VALID,MMC,0.0025999999046325,21600,7200,14400,1.0,11146.651005437836,0.7740729864887386,1.0,0.9118902497328498,0.0,11142.707869633496,0.7737991576134373,1.0,0.9110224183310408,0.0,11146.507290251053,0.7740630062674342,1.0,0.9110087563903744,0.0,11145.4930305894,0.7739925715687084,1.0,0.9105683695232324,0.0,0.000353750718706,3.9431358043384535,1.2893126977164826e-05,0.1437151867830834,9.09934955624081e-05,1.014259661651522,-0.0002499536906548,-2.785160955903848
ARCX.PILLAR,0,QUOTE_TRADE_WITH_REST_BASKET,AT_T_MINUS_1S,ES_VALID,MNST,0.0011999994516372,21600,7200,14400,1.0,11760.932723099702,0.816731439104146,0.1,1.1643649491133603,0.0,11759.436282031522,0.8166275195855224,1.0,1.1675115498705384,0.0,11760.06649795182,0.8166712845799875,0.1,1.1646649493737875,0.0,11759.46359325484,0.8166294161982528,1.0,1.1675051467257915,0.0,0.0001272382984762,1.496441068180502,7.365275937509796e-05,0.866225147881778,5.126711631131542e-05,0.6029046969797491,-2.3224942644617386e-06,-0.0273112233189749
ARCX.PILLAR,0,QUOTE_TRADE_WITH_REST_BASKET,AT_T_MINUS_1S,ES_VALID,MRK,0.0087999963760375,21600,7200,14400,1.0,11667.33682744498,0.8102317241281235,1.0,0.9074789558774018,0.0,11666.839963668455,0.8101972196991984,1.0,0.9073610695860088,0.0,11668.908931781096,0.8103408980403539,1.0,0.9074959089632691,0.0,11668.557872793732,0.8103165189440091,1.0,0.9073657698342544,0.0,4.258587746885922e-05,0.4968637765214225,-0.0001347440602228,-1.5721043361172633,3.0084988186684924e-05,0.3510589873640128,-0.0001472471663812,-1.717909125274673
ARCX.PILLAR,0,QUOTE_TRADE_WITH_REST_BASKET,AT_T_MINUS_1S,ES_VALID,NDSN,0.0003999999165534,21590,7193,14400,1.0,24735.637400825188,1.717752597279527,10.0,1.3970519953449652,7.316468253968253e-05,24731.65888239329,1.7174763112773122,10.0,1.3969822693732388,5.612633181126332e-05,24734.00794074052,1.7176394403292028,10.0,1.396941852326032,6.401909722222223e-05,24730.42642524869,1.7173907239756034,10.0,1.3968925211288314,5.0582990397805215e-05,0.0001608415569578,3.978518431893463,6.58749988230456e-05,1.629460084666789,0.0001448012590766,3.5815154918309418,4.983317740492321e-05,1.2324571446042685
ARCX.PILLAR,0,QUOTE_TRADE_WITH_REST_BASKET,AT_T_MINUS_1S,ES_VALID,NWSA,0.0001999999582767,21600,7200,14400,1.0,15710.0700153265,1.0909770843976736,0.1,1.2506529133536222,1.488095238095238e-05,15579.63706568232,1.0819192406723834,0.1,1.2463614250888568,1.1415525114155251e-05,15687.915316506984,1.0894385636463184,0.1,1.2507777257068111,1.3020833333333334e-05,15573.210986573797,1.0814729851787357,0.1,1.2466621485895344,1.02880658436214e-05,0.0083025059415351,130.43294964418055,0.0014102227932722,22.15469881951685,0.0073116362256555,114.704329933189,0.0004124665472907,6.4260791085253
ARCX.PILLAR,0,QUOTE_TRADE_WITH_REST_BASKET,AT_T_MINUS_1S,ES_VALID,PG,0.0111999988555908,21600,7200,14400,1.0,7100.66067770701,0.4931014359518757,1.0,0.4928259087685844,0.0,7098.417902808785,0.4929456876950545,1.0,0.4928804405184919,0.0,7100.508785857549,0.4930908879067742,1.0,0.4928679931689672,0.0,7098.108218646484,0.4929241818504503,1.0,0.4929258994490243,0.0,0.0003158543972205,2.2427748982254343,2.1391227711831107e-05,0.151891849461208,0.000338083830816,2.4005672110652085,4.362720912476359e-05,0.3096841623009823
ARCX.PILLAR,0,QUOTE_TRADE_WITH_REST_BASKET,AT_T_MINUS_1S,ES_VALID,RSG,0.0007999998331069,21600,7200,14400,1.0,11222.94422553632,0.7793711267733555,0.1,0.9608885493929517,0.0,11218.368702429363,0.7790533821131503,0.1,0.9622602322644364,0.0,11225.691256153124,0.7795618927884114,0.1,0.9623916091826872,0.0,11223.940717652691,0.7794403276147702,0.1,0.9636245954114572,0.0,0.0004076936510601,4.575523106954279,-0.0002447691587519,-2.7470306168052048,0.0001559403746717,1.750538500433322,-0.0004966867617854,-5.5720152233261615
ARCX.PILLAR,0,QUOTE_TRADE_WITH_REST_BASKET,AT_T_MINUS_1S,ES_VALID,TJX,0.0028999996185302,21600,7200,14400,1.0,9225.811943417197,0.6406813849595275,1.0,0.7946641545527346,0.0,9190.489841977833,0.6382284612484604,1.0,0.7941295685557948,0.0,9221.994746063829,0.6404163018099881,1.0,0.7943374157973409,0.0,9187.79325587621,0.6380411983247368,1.0,0.7937988942245614,0.0,0.0038286171077407,35.322101439365724,0.0004137519143875,3.817197353368101,0.0037086868003495,34.20149018761913,0.0002934104871434,2.696586101621506
ARCX.PILLAR,0,QUOTE_TRADE_WITH_REST_BASKET,AT_T_MINUS_1S,ES_VALID,V,0.0105999946594238,21600,7200,14400,1.0,8272.848085597872,0.57450333927763,1.0,0.622650104785418,0.0,8210.228011651989,0.5701547230313881,1.0,0.6188327079816835,0.0,8257.5730747093,0.5734425746325903,1.0,0.6216340144228004,0.0,8204.424303863569,0.5697516877683034,1.0,0.6184618037541345,0.0,0.007569348947057,62.62007394588363,0.0018464029232162,15.27501088857207,0.0064363670009184,53.14877084573163,0.0007068875286025,5.80370778842007
ARCX.PILLAR,0,QUOTE_TRADE_WITH_REST_BASKET,AT_T_MINUS_1S,ES_VALID,WST,0.000499999821186,21595,7200,14400,1.0,43312.192933800645,3.007791175958378,0.01,5.010367796872302,0.0,43323.10387470573,3.008548880187898,0.01,5.011949312940174,0.0,43323.958147239726,3.0086082046694256,0.01,5.010253205030598,0.0,43336.05678770023,3.0094483880347385,0.01,5.013449715498693,0.0,-0.0002519138414849,-10.910940905087044,-0.0002716374453046,-11.76521343908098,-0.0002792598132281,-12.09864046050643,-0.0002989839562732,-12.952912994500366
ARCX.PILLAR,0,QUOTE_TRADE_WITH_REST_BASKET,AT_T_MINUS_1S,ES_VALID,XYL,0.0005999997258186,21600,7200,14400,1.0,22038.88176303142,1.530477900210515,1.0,1.383952200576127,0.0,21959.11197716084,1.5249383317472804,1.0,1.3824346280792268,0.0,22000.02337740879,1.5277794012089438,1.0,1.3825280884404536,0.0,21941.686529010567,1.5237282311812894,1.0,1.381915914446998,0.0,0.0036195024197819,79.76978587057965,0.0017631741047683,38.8583856226287,0.0026516721095,58.33684839822308,0.0007935406572175,17.425448150272132
ARCX.PILLAR,0,QUOTE_TRADE_WITH_REST_BASKET,AT_T_MINUS_1S,FULL,AAPL,0.0604999923706054,21600,7200,14400,1.0,9799.219527725434,0.680501356092044,1.0,0.7144188343301582,0.0,9783.505292354088,0.6794100897468116,1.0,0.7125060965552575,0.0,9800.130109188474,0.6805645909158663,1.0,0.714612056684935,0.0,9784.16658628177,0.679456012936234,1.0,0.7127478615530969,0.0,0.00160362111767,15.714235371346147,-9.292387628057064e-05,-0.9105814630402164,0.0016289092827183,15.963522906704384,-6.759273981260527e-05,-0.6612939276819816
ARCX.PILLAR,0,QUOTE_TRADE_WITH_REST_BASKET,AT_T_MINUS_1S,FULL,ABBV,0.0088999986648559,21600,7200,14400,1.0,9996.241969724326,0.6941834701197448,1.0,0.9263874127944584,0.0,9990.338472299803,0.6937735050208198,1.0,0.9263734325638104,0.0,9996.077155816429,0.6941720247094741,1.0,0.9264009565106824,0.0,9990.730189025342,0.6938007075712043,1.0,0.9264546279819252,0.0,0.0005905716810777,5.903497424520538,1.6487586875002513e-05,0.1648139078988606,0.0005349065145994,5.346966791084924,-3.920955497371814e-05,-0.3917167255367531
ARCX.PILLAR,0,QUOTE_TRADE_WITH_REST_BASKET,AT_T_MINUS_1S,FULL,BDX,0.0021999990940093,21600,7200,14400,1.0,13142.012728183352,0.9126397727905106,0.1,1.4373166135559086,3.7202380952380952e-06,13157.776146136825,0.9137344545928352,0.1,1.4381952791552326,2.853881278538813e-06,13169.16883416164,0.9145256134834472,0.1,1.439030180118495,3.255208333333333e-06,13170.732417108044,0.914634195632503,0.1,1.4398323937685051,2.57201646090535e-06,-0.0011994675609823,-15.763417953472526,-0.0020663582161999,-27.156105978287087,-0.000118730571845,-1.5635829464044946,-0.0009846854686779,-12.956270971219055
ARCX.PILLAR,0,QUOTE_TRADE_WITH_REST_BASKET,AT_T_MINUS_1S,FULL,CMI,0.0010999995470047,21600,7200,14400,1.0,21598.3637351128,1.4998863704939445,10.0,1.3981626127320108,0.0,21395.858395184445,1.4858234996655864,1.0,1.3966099008623611,0.0,21421.84034355101,1.487627801635487,1.0,1.3964105271130145,0.0,21390.13853446552,1.4854262871156612,1.0,1.395626368350008,0.0,0.0093759574758499,202.505339928357,0.0081729983681501,176.52339156179005,0.0014798826140554,31.701809085490822,0.0002673349492821,5.719860718923883
ARCX.PILLAR,0,QUOTE_TRADE_WITH_REST_BASKET,AT_T_MINUS_1S,FULL,CVS,0.0037999987602233,21600,7200,14400,1.0,12961.643556772253,0.900114135886962,0.1,1.0856951678549125,0.0,12929.450568468035,0.8978785116991692,0.1,1.0832863233417085,0.0,12961.160977991578,0.9000806234716373,0.1,1.085530792102417,0.0,12933.60215061486,0.8981668160149209,0.1,1.0833303224244608,0.0,0.0024837118968138,32.19298830421576,3.72312954418641e-05,0.4825787806748849,0.0021262622556353,27.55882737671709,-0.000321095016748,-4.151582146823785
ARCX.PILLAR,0,QUOTE_TRADE_WITH_REST_BASKET,AT_T_MINUS_1S,FULL,DLTR,0.0008999997377395,21600,7200,14400,1.0,21818.20687044063,1.5151532548917104,0.1,0.9215037253058016,0.0,21750.63719402555,1.510460916251774,0.1,0.9211204182642516,0.0,21804.232672729268,1.514182824495088,0.1,0.9213778270741892,0.0,21883.745025290467,1.5197045156451714,1.0,0.921678966929087,0.0,0.003096939946363,67.56967641508163,0.0006404833263495,13.974197711362647,-0.0036466475915315,-79.5123525611998,-0.0061197210030004,-133.1078312649188
ARCX.PILLAR,0,QUOTE_TRADE_WITH_REST_BASKET,AT_T_MINUS_1S,FULL,EBAY,0.0006999999284744,21600,7200,14400,1.0,20652.398426465857,1.43419433517124,1.0,1.3323686224285909,0.0,20481.572579695985,1.4223314291455544,0.1,1.3245091939950413,0.0,20641.13813374985,1.433412370399295,1.0,1.3317592941491108,0.0,20475.619958169955,1.4219180526506914,0.1,1.3244260321230452,0.0,0.0082714773965895,170.82584676987244,0.0005452292989651,11.260292716011463,0.0080188492760123,165.51817557989125,0.0002906330313684,5.952621526030271
ARCX.PILLAR,0,QUOTE_TRADE_WITH_REST_BASKET,AT_T_MINUS_1S,FULL,GOOG,0.0145999908447265,21600,7200,14400,1.0,16490.545385573107,1.1451767628870213,1.0,1.266558320879323,0.0,16489.138806322615,1.145079083772404,1.0,1.2662099611003987,0.0,16487.72246914491,1.144980727023952,1.0,1.2665419161078115,0.0,16486.831476977884,1.1449188525679086,1.0,1.2662484671914696,0.0,8.529610256080566e-05,1.4065792504916317,0.0001711839337144,2.8229164281983685,5.403973585138555e-05,0.8909921670237964,0.0001399302517754,2.307329344730533
ARCX.PILLAR,0,QUOTE_TRADE_WITH_REST_BASKET,AT_T_MINUS_1S,FULL,KEY,0.000499999821186,21600,7200,14400,1.0,57671.42501470844,4.004960070465864,0.1,4.559822979790746,0.0,57513.22793330887,3.9939741620353377,0.1,4.562764688610332,0.0,57632.99673851303,4.002291440174516,0.1,4.559008351862671,0.0,57506.86254936613,3.993532121483759,0.1,4.560753395591216,0.0,0.0027430756455076,158.1970813995722,0.0006663313102738,38.428276195409126,0.0021885759249894,126.13418914690556,0.0001106768681132,6.365383942742483
ARCX.PILLAR,0,QUOTE_TRADE_WITH_REST_BASKET,AT_T_MINUS_1S,FULL,KHC,0.0009999996423721,21600,7200,14400,1.0,11325.567664820215,0.7864977545014039,0.1,0.5356253159617125,0.0,11328.707686096468,0.7867158115344769,0.1,0.536738027782806,0.0,11324.483172449884,0.7864224425312419,0.1,0.5356675756428452,0.0,11327.41161643754,0.7866258066970514,0.1,0.5367743609877172,0.0,-0.0002772506746839,-3.140021276250991,9.57561159342646e-05,1.0844923703334644,-0.0002585940517605,-2.9284439876573742,0.0001144057817396,1.296069658927081
ARCX.PILLAR,0,QUOTE_TRADE_WITH_REST_BASKET,AT_T_MINUS_1S,FULL,KO,0.0076999998092651,21600,7200,14400,1.0,6961.05513613557,0.4834066066760812,0.1,0.2790333277124518,0.0,6960.800155581987,0.4833888996931935,0.1,0.2790715476115624,0.0,6958.521900051999,0.483230687503611,0.1,0.2792034885501031,0.0,6959.006242863022,0.4832643224210431,0.1,0.2792810641253263,0.0,3.662958396333238e-05,0.2549805535827545,0.0003639155320607,2.533236083570955,-6.960426624780247e-05,-0.4843428110225432,0.0002577164519695,1.7939127189656574
ARCX.PILLAR,0,QUOTE_TRADE_WITH_REST_BASKET,AT_T_MINUS_1S,FULL,LLY,0.0089999961853027,21600,7200,14400,1.0,23895.33774561156,1.659398454556358,0.1,0.9521511181458384,0.0,24095.104617216377,1.6732711539733596,1.0,0.951898303187532,0.0,23891.092869553635,1.6591036714967802,0.1,0.9521461556512688,0.0,24091.378783940287,1.6730124155514088,1.0,0.9519356185558636,0.0,-0.0083600773394176,-199.76687160482103,0.0001776445306239,4.244876057920919,-0.0083832880931911,-200.2859143866517,0.0001546303008549,3.7258332760902704
ARCX.PILLAR,0,QUOTE_TRADE_WITH_REST_BASKET,AT_T_MINUS_1S,FULL,MMC,0.0025999999046325,21600,7200,14400,1.0,11146.651005437836,0.7740729864887386,1.0,0.9118902497328498,0.0,11142.707869633496,0.7737991576134373,1.0,0.9110224183310408,0.0,11146.507290251053,0.7740630062674342,1.0,0.9110087563903744,0.0,11145.4930305894,0.7739925715687084,1.0,0.9105683695232324,0.0,0.000353750718706,3.9431358043384535,1.2893126977164826e-05,0.1437151867830834,9.09934955624081e-05,1.014259661651522,-0.0002499536906548,-2.785160955903848
ARCX.PILLAR,0,QUOTE_TRADE_WITH_REST_BASKET,AT_T_MINUS_1S,FULL,MNST,0.0011999994516372,21600,7200,14400,1.0,11760.932723099702,0.816731439104146,0.1,1.1643649491133603,0.0,11759.436282031522,0.8166275195855224,1.0,1.1675115498705384,0.0,11760.06649795182,0.8166712845799875,0.1,1.1646649493737875,0.0,11759.46359325484,0.8166294161982528,1.0,1.1675051467257915,0.0,0.0001272382984762,1.496441068180502,7.365275937509796e-05,0.866225147881778,5.126711631131542e-05,0.6029046969797491,-2.3224942644617386e-06,-0.0273112233189749
ARCX.PILLAR,0,QUOTE_TRADE_WITH_REST_BASKET,AT_T_MINUS_1S,FULL,MRK,0.0087999963760375,21600,7200,14400,1.0,11667.33682744498,0.8102317241281235,1.0,0.9074789558774018,0.0,11666.839963668455,0.8101972196991984,1.0,0.9073610695860088,0.0,11668.908931781096,0.8103408980403539,1.0,0.9074959089632691,0.0,11668.557872793732,0.8103165189440091,1.0,0.9073657698342544,0.0,4.258587746885922e-05,0.4968637765214225,-0.0001347440602228,-1.5721043361172633,3.0084988186684924e-05,0.3510589873640128,-0.0001472471663812,-1.717909125274673
ARCX.PILLAR,0,QUOTE_TRADE_WITH_REST_BASKET,AT_T_MINUS_1S,FULL,NDSN,0.0003999999165534,21590,7193,14400,1.0,24735.637400825188,1.717752597279527,10.0,1.3970519953449652,7.316468253968253e-05,24731.65888239329,1.7174763112773122,10.0,1.3969822693732388,5.612633181126332e-05,24734.00794074052,1.7176394403292028,10.0,1.396941852326032,6.401909722222223e-05,24730.42642524869,1.7173907239756034,10.0,1.3968925211288314,5.0582990397805215e-05,0.0001608415569578,3.978518431893463,6.58749988230456e-05,1.629460084666789,0.0001448012590766,3.5815154918309418,4.983317740492321e-05,1.2324571446042685
ARCX.PILLAR,0,QUOTE_TRADE_WITH_REST_BASKET,AT_T_MINUS_1S,FULL,NWSA,0.0001999999582767,21600,7200,14400,1.0,15710.0700153265,1.0909770843976736,0.1,1.2506529133536222,1.488095238095238e-05,15579.63706568232,1.0819192406723834,0.1,1.2463614250888568,1.1415525114155251e-05,15687.915316506984,1.0894385636463184,0.1,1.2507777257068111,1.3020833333333334e-05,15573.210986573797,1.0814729851787357,0.1,1.2466621485895344,1.02880658436214e-05,0.0083025059415351,130.43294964418055,0.0014102227932722,22.15469881951685,0.0073116362256555,114.704329933189,0.0004124665472907,6.4260791085253
ARCX.PILLAR,0,QUOTE_TRADE_WITH_REST_BASKET,AT_T_MINUS_1S,FULL,PG,0.0111999988555908,21600,7200,14400,1.0,7100.66067770701,0.4931014359518757,1.0,0.4928259087685844,0.0,7098.417902808785,0.4929456876950545,1.0,0.4928804405184919,0.0,7100.508785857549,0.4930908879067742,1.0,0.4928679931689672,0.0,7098.108218646484,0.4929241818504503,1.0,0.4929258994490243,0.0,0.0003158543972205,2.2427748982254343,2.1391227711831107e-05,0.151891849461208,0.000338083830816,2.4005672110652085,4.362720912476359e-05,0.3096841623009823
ARCX.PILLAR,0,QUOTE_TRADE_WITH_REST_BASKET,AT_T_MINUS_1S,FULL,RSG,0.0007999998331069,21600,7200,14400,1.0,11222.94422553632,0.7793711267733555,0.1,0.9608885493929517,0.0,11218.368702429363,0.7790533821131503,0.1,0.9622602322644364,0.0,11225.691256153124,0.7795618927884114,0.1,0.9623916091826872,0.0,11223.940717652691,0.7794403276147702,0.1,0.9636245954114572,0.0,0.0004076936510601,4.575523106954279,-0.0002447691587519,-2.7470306168052048,0.0001559403746717,1.750538500433322,-0.0004966867617854,-5.5720152233261615
ARCX.PILLAR,0,QUOTE_TRADE_WITH_REST_BASKET,AT_T_MINUS_1S,FULL,TJX,0.0028999996185302,21600,7200,14400,1.0,9225.811943417197,0.6406813849595275,1.0,0.7946641545527346,0.0,9190.489841977833,0.6382284612484604,1.0,0.7941295685557948,0.0,9221.994746063829,0.6404163018099881,1.0,0.7943374157973409,0.0,9187.79325587621,0.6380411983247368,1.0,0.7937988942245614,0.0,0.0038286171077407,35.322101439365724,0.0004137519143875,3.817197353368101,0.0037086868003495,34.20149018761913,0.0002934104871434,2.696586101621506
ARCX.PILLAR,0,QUOTE_TRADE_WITH_REST_BASKET,AT_T_MINUS_1S,FULL,V,0.0105999946594238,21600,7200,14400,1.0,8272.848085597872,0.57450333927763,1.0,0.622650104785418,0.0,8210.228011651989,0.5701547230313881,1.0,0.6188327079816835,0.0,8257.5730747093,0.5734425746325903,1.0,0.6216340144228004,0.0,8204.424303863569,0.5697516877683034,1.0,0.6184618037541345,0.0,0.007569348947057,62.62007394588363,0.0018464029232162,15.27501088857207,0.0064363670009184,53.14877084573163,0.0007068875286025,5.80370778842007
ARCX.PILLAR,0,QUOTE_TRADE_WITH_REST_BASKET,AT_T_MINUS_1S,FULL,WST,0.000499999821186,21595,7200,14400,1.0,43312.192933800645,3.007791175958378,0.01,5.010367796872302,0.0,43323.10387470573,3.008548880187898,0.01,5.011949312940174,0.0,43323.958147239726,3.0086082046694256,0.01,5.010253205030598,0.0,43336.05678770023,3.0094483880347385,0.01,5.013449715498693,0.0,-0.0002519138414849,-10.910940905087044,-0.0002716374453046,-11.76521343908098,-0.0002792598132281,-12.09864046050643,-0.0002989839562732,-12.952912994500366
ARCX.PILLAR,0,QUOTE_TRADE_WITH_REST_BASKET,AT_T_MINUS_1S,FULL,XYL,0.0005999997258186,21600,7200,14400,1.0,22038.88176303142,1.530477900210515,1.0,1.383952200576127,0.0,21959.11197716084,1.5249383317472804,1.0,1.3824346280792268,0.0,22000.02337740879,1.5277794012089438,1.0,1.3825280884404536,0.0,21941.686529010567,1.5237282311812894,1.0,1.381915914446998,0.0,0.0036195024197819,79.76978587057965,0.0017631741047683,38.8583856226287,0.0026516721095,58.33684839822308,0.0007935406572175,17.425448150272132
ARCX.PILLAR,0,QUOTE_WITH_REST_BASKET,AT_T,ES_VALID,AAPL,0.0604999923706054,21600,7200,14400,1.0,9800.743164956117,0.6806071642330637,1.0,0.7143614272181513,0.0,9782.304921011078,0.6793267306257693,1.0,0.7125941742280656,0.0,9787.816479880854,0.6797094777695037,1.0,0.7134091488777418,0.0,9779.601387374474,0.6791389852343385,1.0,0.7123909881796138,0.0,0.0018813107980389,18.438243945038263,0.0013189494773706,12.926685075262869,0.0008393181996481,8.215092506379733,0.0002763697981645,2.703533636604334
ARCX.PILLAR,0,QUOTE_WITH_REST_BASKET,AT_T,ES_VALID,ABBV,0.0088999986648559,21600,7200,14400,1.0,10012.65650907056,0.6953233686854555,1.0,0.9254588385412224,0.0,10007.313020050957,0.6949522930590941,1.0,0.9257304824429742,0.0,10004.784933242689,0.6947767314751866,1.0,0.9256536796275232,0.0,10004.041523476952,0.6947251057970106,1.0,0.9258800468397562,0.0,0.0005336734576646,5.3434890196040215,0.0007861625754105,7.8715758278722205,7.430542192499168e-05,0.7434097657333041,0.0003269105870323,3.271496574001503
ARCX.PILLAR,0,QUOTE_WITH_REST_BASKET,AT_T,ES_VALID,BDX,0.0021999990940093,21600,7200,14400,1.0,13145.21604001656,0.91286222500115,1.0,1.4464554174367454,7.183908045977011e-06,13142.602884376389,0.9126807558594714,1.0,1.4467583023955075,5.630630630630631e-06,13142.137451969968,0.9126484341645812,1.0,1.4466235260388127,5.630630630630631e-06,13142.97572457558,0.9127066475399708,1.0,1.4469884139706426,4.6296296296296296e-06,0.0001987913802417,2.6131556401705893,0.0002341983606218,3.0785880465919035,-6.378510411075844e-05,-0.8382726056115644,-2.8368824841695783e-05,-0.3728401991902501
ARCX.PILLAR,0,QUOTE_WITH_REST_BASKET,AT_T,ES_VALID,CMI,0.0010999995470047,21600,7200,14400,1.0,21450.52003268488,1.4896194467142276,1.0,1.3974769577980517,0.0,21393.56115879149,1.48566396936052,1.0,1.3945659844750398,0.0,21407.10742297276,1.486604682150886,1.0,1.3948308297363756,0.0,21388.184721900085,1.485290605687506,1.0,1.3943046714490224,0.0,0.0026553609799016,56.95887389338896,0.0020238488225912,43.41260971211887,0.0008839447898677,18.92270107267541,0.0002513109833141,5.376436891405319
ARCX.PILLAR,0,QUOTE_WITH_REST_BASKET,AT_T,ES_VALID,CVS,0.0037999987602233,21600,7200,14400,1.0,13007.400909533935,0.9032917298287456,1.0,1.0870326857844097,0.0,12924.338023543643,0.8975234738571976,0.1,1.085597466836392,0.0,12989.197768477672,0.9020276228109496,1.0,1.086392848655,0.0,12921.638079050532,0.8973359777118425,0.1,1.085559528216466,0.0,0.0063858173180014,83.06288599028994,0.0013994449146962,18.20314105626312,0.0052012210939689,67.55968942714026,0.0002089038903342,2.699944493113435
ARCX.PILLAR,0,QUOTE_WITH_REST_BASKET,AT_T,ES_VALID,DLTR,0.0008999997377395,21600,7200,14400,1.0,22102.340491133007,1.5348847563286812,10.0,0.9265803732392688,0.0,21915.329263232543,1.52189786550226,1.0,0.925114005299296,0.0,21922.440685812828,1.5223917142925574,1.0,0.9256204652957766,0.0,21897.643782588115,1.5206697071241746,1.0,0.9251513484903496,0.0,0.0084611504367824,187.0112279004643,0.0081394006843913,179.89980532017944,0.0011311196403765,24.79690322471288,0.0008069913270296,17.685480644428026
ARCX.PILLAR,0,QUOTE_WITH_REST_BASKET,AT_T,ES_VALID,EBAY,0.0006999999284744,21600,7200,14400,1.0,20656.323640985443,1.434466919512878,1.0,1.3316608105628611,0.0,20487.253549724715,1.4227259409531052,0.1,1.3221905665459182,0.0,20500.672386749407,1.4236578046353756,0.1,1.3237563415090112,0.0,20491.081379101837,1.4229917624376274,0.1,1.3221608586855145,0.0,0.0081849071596296,169.07009126072808,0.007535283477414,155.65125423603604,0.0004678386867824,9.59100764757386,-0.0001868395569872,-3.827829377118178
ARCX.PILLAR,0,QUOTE_WITH_REST_BASKET,AT_T,ES_VALID,GOOG,0.0145999908447265,21600,7200,14400,1.0,16448.76964303154,1.142275669654968,0.1,1.265659087752547,0.0,16438.156288946273,1.1415386311768243,0.1,1.264459706921952,0.0,16435.04898036043,1.141322845858363,0.1,1.2652640643052342,0.0,16435.459407925722,1.1413513477726196,0.1,1.2646927102095662,0.0,0.0006452369578756,10.613354085267927,0.000834145225988,13.720662671112224,-2.4972701072156767e-05,-0.410427565293503,0.0001640622569311,2.6968810205507907
ARCX.PILLAR,0,QUOTE_WITH_REST_BASKET,AT_T,ES_VALID,KEY,0.000499999821186,21600,7200,14400,1.0,57645.144455114045,4.003135031605142,0.1,4.5571041040273785,0.0,57470.27813313825,3.9909915370234894,0.1,4.558711858170745,0.0,57438.51814518743,3.9887859823046825,0.1,4.561524983362117,0.0,57444.36680575907,3.989192139288824,0.1,4.561600722427043,0.0,0.0030334961188613,174.86632197579456,0.0035844529817685,206.62630992661437,-0.0001018247120661,-5.848660571638902,0.0004508648334562,25.911327379180875
ARCX.PILLAR,0,QUOTE_WITH_REST_BASKET,AT_T,ES_VALID,KHC,0.0009999996423721,21600,7200,14400,1.0,11317.73664129103,0.7859539334229882,0.1,0.5354964367605953,0.0,11318.185239034025,0.7859850860440294,0.1,0.5359367171324898,0.0,11321.092644672584,0.7861869892133739,0.1,0.5360788278305623,0.0,11323.866495583916,0.7863796177488831,0.1,0.5363724139308506,0.0,-3.96367009773968e-05,-0.4485977429922059,-0.0002965260182243,-3.356003381553819,-0.000245016183366,-2.773850911331465,-0.0005019582583167,-5.681256549893078
ARCX.PILLAR,0,QUOTE_WITH_REST_BASKET,AT_T,ES_VALID,KO,0.0076999998092651,21600,7200,14400,1.0,6958.159897176547,0.483205548415038,0.1,0.2788365935022148,0.0,6954.225110236115,0.4829322993219524,0.1,0.2788296463766508,0.0,6951.838515755842,0.4827665635941557,0.1,0.2788261399046877,0.0,6952.09829293598,0.4827846036761097,0.1,0.2788693558085184,0.0,0.0005654924575717,3.934786940431877,0.0009084846445207,6.321381420704711,-3.7368126366565946e-05,-0.259777180137462,0.000305830954049,2.126817300135372
ARCX.PILLAR,0,QUOTE_WITH_REST_BASKET,AT_T,ES_VALID,LLY,0.0089999961853027,21600,7200,14400,1.0,24186.384992659598,1.679610068934694,1.0,0.9534781230591296,0.0,24175.62095869825,1.6788625665762675,1.0,0.953182012557649,0.0,24168.85044748425,1.678392392186406,1.0,0.953655228462794,0.0,24169.18158692366,1.6784153879808097,1.0,0.953398324645932,0.0,0.0004450451758131,10.764033961342648,0.0007249758564856,17.534545175345556,-1.370108355502886e-05,-0.3311394394113449,0.0002663580714469,6.439371774591564
ARCX.PILLAR,0,QUOTE_WITH_REST_BASKET,AT_T,ES_VALID,MMC,0.0025999999046325,21600,7200,14400,1.0,11157.52525402992,0.7748281426409666,1.0,0.9133633062563088,0.0,11147.628624317022,0.774140876688682,1.0,0.9120101765681786,0.0,11142.439766268948,0.7737805393242325,1.0,0.9119087259248192,0.0,11145.283577519847,0.773978026216656,1.0,0.9117498050900122,0.0,0.0008869914687688,9.896629712897266,0.0013520460332834,15.085487760970864,-0.0002552233900789,-2.843811250899307,0.0002103628382504,2.345046797174291
ARCX.PILLAR,0,QUOTE_WITH_REST_BASKET,AT_T,ES_VALID,MNST,0.0011999994516372,21600,7200,14400,1.0,11718.935717431104,0.8138149803771599,0.01,1.1603744591365734,0.0,11693.46435101127,0.8120461354868936,0.1,1.162016142894965,0.0,11694.18518569497,0.8120961934510397,0.1,1.1607475507849945,0.0,11687.813561037792,0.8116537195165133,0.1,1.1619717423190397,0.0,0.0021735221554246,25.47136641983343,0.0021120119038896,24.75053173613196,0.0005448540925255,6.371624657178472,0.0004832434429911,5.650789973477004
ARCX.PILLAR,0,QUOTE_WITH_REST_BASKET,AT_T,ES_VALID,MRK,0.0087999963760375,21600,7200,14400,1.0,11674.81732474534,0.8107512031073154,1.0,0.9082305952582956,0.0,11673.296035422594,0.8106455580154579,1.0,0.9081051823090186,0.0,11670.161997220936,0.8104279164736761,1.0,0.907738211545733,0.0,11670.298120627878,0.8104373694880471,1.0,0.9077083690300656,0.0,0.0001303051928291,1.5212893227471795,0.0003987494960232,4.655327524405948,-1.166422599574446e-05,-0.1361234069427155,0.0002568181930466,2.9979147947160527
ARCX.PILLAR,0,QUOTE_WITH_REST_BASKET,AT_T,ES_VALID,NDSN,0.0003999999165534,21590,7193,14400,1.0,24733.584663964903,1.717610046108674,10.0,1.397251233954533,0.0001412835249042,24729.4837347058,1.7173252593545694,10.0,1.3970914236666558,0.0001107357357357,24729.255215363228,1.7173093899557796,10.0,1.3971053394716977,0.0001107357357357,24726.00783226484,1.7170838772406138,10.0,1.3969889767301,9.104938271604938e-05,0.0001658040803557,4.100929259107943,0.0001750433129891,4.32944860167845,0.0001313174646833,3.2473830983872176,0.0001405570159994,3.475902440957725
ARCX.PILLAR,0,QUOTE_WITH_REST_BASKET,AT_T,ES_VALID,NWSA,0.0001999999582767,21600,7200,14400,1.0,15717.11386986836,1.0914662409630804,0.01,1.246045066860959,2.8735632183908045e-05,15559.49174772782,1.0805202602588764,0.01,1.240200513530162,2.2522522522522523e-05,15563.27053220741,1.0807826758477368,0.01,1.2407856457325912,2.2522522522522523e-05,15553.623276926244,1.0801127275643223,0.01,1.2407098467457394,1.851851851851852e-05,0.0100286937821783,157.6221221405376,0.0097882689490393,153.84333766094824,0.0006198732625769,9.647255281166508,0.0003771633994685,5.868470801577132
ARCX.PILLAR,0,QUOTE_WITH_REST_BASKET,AT_T,ES_VALID,PG,0.0111999988555908,21600,7200,14400,1.0,7097.563053038457,0.4928863231276706,1.0,0.4942518337089292,0.0,7095.865573255793,0.4927684425872078,1.0,0.494255697968652,0.0,7095.490973336807,0.4927424287039449,1.0,0.4941659040902094,0.0,7095.00383638516,0.4927085997489694,1.0,0.4942072163807204,0.0,0.0002391637481737,1.6974797826642316,0.0002919424154693,2.072079701650182,6.865443892145606e-05,0.4871369516467894,0.0001214421076239,0.8617368706327397
ARCX.PILLAR,0,QUOTE_WITH_REST_BASKET,AT_T,ES_VALID,RSG,0.0007999998331069,21600,7200,14400,1.0,11253.021716640014,0.7814598414333344,0.1,0.9614465588463952,0.0,11239.30113169849,0.7805070230346174,0.1,0.962769095482323,0.0,11236.28935029528,0.7802978715482833,0.1,0.9622278564737092,0.0,11237.619802019864,0.7803902640291572,0.1,0.963339425138727,0.0,0.0012192800553504,13.720584941524066,0.0014869220700065,16.732366344735055,-0.0001184066806316,-1.3304517245851455,0.0001495937922584,1.6813296786258434
ARCX.PILLAR,0,QUOTE_WITH_REST_BASKET,AT_T,ES_VALID,TJX,0.0028999996185302,21600,7200,14400,1.0,9220.371913454635,0.6403036051010165,1.0,0.7950851417287751,0.0,9181.67708591972,0.6376164642999804,1.0,0.7940685443966833,0.0,9186.674641060245,0.6379635167402946,1.0,0.7942693198501042,0.0,9170.844817054429,0.6368642234065576,1.0,0.793983477870923,0.0,0.0041966666744162,38.69482753491866,0.003654654357838,33.69727239439453,0.0017231288387052,15.829824005813862,0.0011797701840223,10.832268865289734
ARCX.PILLAR,0,QUOTE_WITH_REST_BASKET,AT_T,ES_VALID,V,0.0105999946594238,21600,7200,14400,1.0,8274.019675734486,0.5745846997037837,1.0,0.6237232471409192,0.0,8170.089617238745,0.5673673345304684,0.1,0.6192810470150897,0.0,8167.055709363665,0.5671566464835879,0.1,0.620161905041845,0.0,8185.014345537817,0.5684037739956818,1.0,0.6187611893224358,0.0,0.012561011765604,103.93005849574092,0.0129276905981402,106.96396637082034,-0.0021989119228806,-17.958636174151252,-0.0018267520918719,-14.92472829907183
ARCX.PILLAR,0,QUOTE_WITH_REST_BASKET,AT_T,ES_VALID,WST,0.000499999821186,21595,7200,14400,1.0,43357.88141406736,3.010963987088012,0.01,5.017450583235763,0.0,43365.6571062499,3.0115039657117983,0.01,5.014404172745405,0.0,43353.00743499264,3.010625516318933,0.01,5.011301696289247,0.0,43386.41864328197,3.0129457391168035,0.01,5.012066138365808,0.0,-0.0001793374567422,-7.77569218253484,0.0001124127590131,4.87397907472041,-0.0007706779821312,-33.41120828932617,-0.0004787552735843,-20.76153703207092
ARCX.PILLAR,0,QUOTE_WITH_REST_BASKET,AT_T,ES_VALID,XYL,0.0005999997258186,21600,7200,14400,1.0,22063.228805411407,1.5321686670424588,1.0,1.3818132574096431,0.0,21909.989671068288,1.5215270604908533,0.1,1.3776392868706115,0.0,21919.94905887862,1.5222186846443486,0.1,1.3785959913970691,0.0,21916.074152635767,1.5219495939330394,0.1,1.3785251200033104,0.0,0.0069454537091839,153.23913434311908,0.00649405160942,143.2797465327858,0.0001767753306564,3.8749062428541943,-0.0002777035342702,-6.084481567479088
ARCX.PILLAR,0,QUOTE_WITH_REST_BASKET,AT_T,FULL,AAPL,0.0604999923706054,21600,7200,14400,1.0,9800.743164956117,0.6806071642330637,1.0,0.7143614272181513,0.0,9782.304921011078,0.6793267306257693,1.0,0.7125941742280656,0.0,9787.816479880854,0.6797094777695037,1.0,0.7134091488777418,0.0,9779.601387374474,0.6791389852343385,1.0,0.7123909881796138,0.0,0.0018813107980389,18.438243945038263,0.0013189494773706,12.926685075262869,0.0008393181996481,8.215092506379733,0.0002763697981645,2.703533636604334
ARCX.PILLAR,0,QUOTE_WITH_REST_BASKET,AT_T,FULL,ABBV,0.0088999986648559,21600,7200,14400,1.0,10012.65650907056,0.6953233686854555,1.0,0.9254588385412224,0.0,10007.313020050957,0.6949522930590941,1.0,0.9257304824429742,0.0,10004.784933242689,0.6947767314751866,1.0,0.9256536796275232,0.0,10004.041523476952,0.6947251057970106,1.0,0.9258800468397562,0.0,0.0005336734576646,5.3434890196040215,0.0007861625754105,7.8715758278722205,7.430542192499168e-05,0.7434097657333041,0.0003269105870323,3.271496574001503
ARCX.PILLAR,0,QUOTE_WITH_REST_BASKET,AT_T,FULL,BDX,0.0021999990940093,21600,7200,14400,1.0,13145.21604001656,0.91286222500115,1.0,1.4464554174367454,7.183908045977011e-06,13142.602884376389,0.9126807558594714,1.0,1.4467583023955075,5.630630630630631e-06,13142.137451969968,0.9126484341645812,1.0,1.4466235260388127,5.630630630630631e-06,13142.97572457558,0.9127066475399708,1.0,1.4469884139706426,4.6296296296296296e-06,0.0001987913802417,2.6131556401705893,0.0002341983606218,3.0785880465919035,-6.378510411075844e-05,-0.8382726056115644,-2.8368824841695783e-05,-0.3728401991902501
ARCX.PILLAR,0,QUOTE_WITH_REST_BASKET,AT_T,FULL,CMI,0.0010999995470047,21600,7200,14400,1.0,21450.52003268488,1.4896194467142276,1.0,1.3974769577980517,0.0,21393.56115879149,1.48566396936052,1.0,1.3945659844750398,0.0,21407.10742297276,1.486604682150886,1.0,1.3948308297363756,0.0,21388.184721900085,1.485290605687506,1.0,1.3943046714490224,0.0,0.0026553609799016,56.95887389338896,0.0020238488225912,43.41260971211887,0.0008839447898677,18.92270107267541,0.0002513109833141,5.376436891405319
ARCX.PILLAR,0,QUOTE_WITH_REST_BASKET,AT_T,FULL,CVS,0.0037999987602233,21600,7200,14400,1.0,13007.400909533935,0.9032917298287456,1.0,1.0870326857844097,0.0,12924.338023543643,0.8975234738571976,0.1,1.085597466836392,0.0,12989.197768477672,0.9020276228109496,1.0,1.086392848655,0.0,12921.638079050532,0.8973359777118425,0.1,1.085559528216466,0.0,0.0063858173180014,83.06288599028994,0.0013994449146962,18.20314105626312,0.0052012210939689,67.55968942714026,0.0002089038903342,2.699944493113435
ARCX.PILLAR,0,QUOTE_WITH_REST_BASKET,AT_T,FULL,DLTR,0.0008999997377395,21600,7200,14400,1.0,22102.340491133007,1.5348847563286812,10.0,0.9265803732392688,0.0,21915.329263232543,1.52189786550226,1.0,0.925114005299296,0.0,21922.440685812828,1.5223917142925574,1.0,0.9256204652957766,0.0,21897.643782588115,1.5206697071241746,1.0,0.9251513484903496,0.0,0.0084611504367824,187.0112279004643,0.0081394006843913,179.89980532017944,0.0011311196403765,24.79690322471288,0.0008069913270296,17.685480644428026
ARCX.PILLAR,0,QUOTE_WITH_REST_BASKET,AT_T,FULL,EBAY,0.0006999999284744,21600,7200,14400,1.0,20656.323640985443,1.434466919512878,1.0,1.3316608105628611,0.0,20487.253549724715,1.4227259409531052,0.1,1.3221905665459182,0.0,20500.672386749407,1.4236578046353756,0.1,1.3237563415090112,0.0,20491.081379101837,1.4229917624376274,0.1,1.3221608586855145,0.0,0.0081849071596296,169.07009126072808,0.007535283477414,155.65125423603604,0.0004678386867824,9.59100764757386,-0.0001868395569872,-3.827829377118178
ARCX.PILLAR,0,QUOTE_WITH_REST_BASKET,AT_T,FULL,GOOG,0.0145999908447265,21600,7200,14400,1.0,16448.76964303154,1.142275669654968,0.1,1.265659087752547,0.0,16438.156288946273,1.1415386311768243,0.1,1.264459706921952,0.0,16435.04898036043,1.141322845858363,0.1,1.2652640643052342,0.0,16435.459407925722,1.1413513477726196,0.1,1.2646927102095662,0.0,0.0006452369578756,10.613354085267927,0.000834145225988,13.720662671112224,-2.4972701072156767e-05,-0.410427565293503,0.0001640622569311,2.6968810205507907
ARCX.PILLAR,0,QUOTE_WITH_REST_BASKET,AT_T,FULL,KEY,0.000499999821186,21600,7200,14400,1.0,57645.144455114045,4.003135031605142,0.1,4.5571041040273785,0.0,57470.27813313825,3.9909915370234894,0.1,4.558711858170745,0.0,57438.51814518743,3.9887859823046825,0.1,4.561524983362117,0.0,57444.36680575907,3.989192139288824,0.1,4.561600722427043,0.0,0.0030334961188613,174.86632197579456,0.0035844529817685,206.62630992661437,-0.0001018247120661,-5.848660571638902,0.0004508648334562,25.911327379180875
ARCX.PILLAR,0,QUOTE_WITH_REST_BASKET,AT_T,FULL,KHC,0.0009999996423721,21600,7200,14400,1.0,11317.73664129103,0.7859539334229882,0.1,0.5354964367605953,0.0,11318.185239034025,0.7859850860440294,0.1,0.5359367171324898,0.0,11321.092644672584,0.7861869892133739,0.1,0.5360788278305623,0.0,11323.866495583916,0.7863796177488831,0.1,0.5363724139308506,0.0,-3.96367009773968e-05,-0.4485977429922059,-0.0002965260182243,-3.356003381553819,-0.000245016183366,-2.773850911331465,-0.0005019582583167,-5.681256549893078
ARCX.PILLAR,0,QUOTE_WITH_REST_BASKET,AT_T,FULL,KO,0.0076999998092651,21600,7200,14400,1.0,6958.159897176547,0.483205548415038,0.1,0.2788365935022148,0.0,6954.225110236115,0.4829322993219524,0.1,0.2788296463766508,0.0,6951.838515755842,0.4827665635941557,0.1,0.2788261399046877,0.0,6952.09829293598,0.4827846036761097,0.1,0.2788693558085184,0.0,0.0005654924575717,3.934786940431877,0.0009084846445207,6.321381420704711,-3.7368126366565946e-05,-0.259777180137462,0.000305830954049,2.126817300135372
ARCX.PILLAR,0,QUOTE_WITH_REST_BASKET,AT_T,FULL,LLY,0.0089999961853027,21600,7200,14400,1.0,24186.384992659598,1.679610068934694,1.0,0.9534781230591296,0.0,24175.62095869825,1.6788625665762675,1.0,0.953182012557649,0.0,24168.85044748425,1.678392392186406,1.0,0.953655228462794,0.0,24169.18158692366,1.6784153879808097,1.0,0.953398324645932,0.0,0.0004450451758131,10.764033961342648,0.0007249758564856,17.534545175345556,-1.370108355502886e-05,-0.3311394394113449,0.0002663580714469,6.439371774591564
ARCX.PILLAR,0,QUOTE_WITH_REST_BASKET,AT_T,FULL,MMC,0.0025999999046325,21600,7200,14400,1.0,11157.52525402992,0.7748281426409666,1.0,0.9133633062563088,0.0,11147.628624317022,0.774140876688682,1.0,0.9120101765681786,0.0,11142.439766268948,0.7737805393242325,1.0,0.9119087259248192,0.0,11145.283577519847,0.773978026216656,1.0,0.9117498050900122,0.0,0.0008869914687688,9.896629712897266,0.0013520460332834,15.085487760970864,-0.0002552233900789,-2.843811250899307,0.0002103628382504,2.345046797174291
ARCX.PILLAR,0,QUOTE_WITH_REST_BASKET,AT_T,FULL,MNST,0.0011999994516372,21600,7200,14400,1.0,11718.935717431104,0.8138149803771599,0.01,1.1603744591365734,0.0,11693.46435101127,0.8120461354868936,0.1,1.162016142894965,0.0,11694.18518569497,0.8120961934510397,0.1,1.1607475507849945,0.0,11687.813561037792,0.8116537195165133,0.1,1.1619717423190397,0.0,0.0021735221554246,25.47136641983343,0.0021120119038896,24.75053173613196,0.0005448540925255,6.371624657178472,0.0004832434429911,5.650789973477004
ARCX.PILLAR,0,QUOTE_WITH_REST_BASKET,AT_T,FULL,MRK,0.0087999963760375,21600,7200,14400,1.0,11674.81732474534,0.8107512031073154,1.0,0.9082305952582956,0.0,11673.296035422594,0.8106455580154579,1.0,0.9081051823090186,0.0,11670.161997220936,0.8104279164736761,1.0,0.907738211545733,0.0,11670.298120627878,0.8104373694880471,1.0,0.9077083690300656,0.0,0.0001303051928291,1.5212893227471795,0.0003987494960232,4.655327524405948,-1.166422599574446e-05,-0.1361234069427155,0.0002568181930466,2.9979147947160527
ARCX.PILLAR,0,QUOTE_WITH_REST_BASKET,AT_T,FULL,NDSN,0.0003999999165534,21590,7193,14400,1.0,24733.584663964903,1.717610046108674,10.0,1.397251233954533,0.0001412835249042,24729.4837347058,1.7173252593545694,10.0,1.3970914236666558,0.0001107357357357,24729.255215363228,1.7173093899557796,10.0,1.3971053394716977,0.0001107357357357,24726.00783226484,1.7170838772406138,10.0,1.3969889767301,9.104938271604938e-05,0.0001658040803557,4.100929259107943,0.0001750433129891,4.32944860167845,0.0001313174646833,3.2473830983872176,0.0001405570159994,3.475902440957725
ARCX.PILLAR,0,QUOTE_WITH_REST_BASKET,AT_T,FULL,NWSA,0.0001999999582767,21600,7200,14400,1.0,15717.11386986836,1.0914662409630804,0.01,1.246045066860959,2.8735632183908045e-05,15559.49174772782,1.0805202602588764,0.01,1.240200513530162,2.2522522522522523e-05,15563.27053220741,1.0807826758477368,0.01,1.2407856457325912,2.2522522522522523e-05,15553.623276926244,1.0801127275643223,0.01,1.2407098467457394,1.851851851851852e-05,0.0100286937821783,157.6221221405376,0.0097882689490393,153.84333766094824,0.0006198732625769,9.647255281166508,0.0003771633994685,5.868470801577132
ARCX.PILLAR,0,QUOTE_WITH_REST_BASKET,AT_T,FULL,PG,0.0111999988555908,21600,7200,14400,1.0,7097.563053038457,0.4928863231276706,1.0,0.4942518337089292,0.0,7095.865573255793,0.4927684425872078,1.0,0.494255697968652,0.0,7095.490973336807,0.4927424287039449,1.0,0.4941659040902094,0.0,7095.00383638516,0.4927085997489694,1.0,0.4942072163807204,0.0,0.0002391637481737,1.6974797826642316,0.0002919424154693,2.072079701650182,6.865443892145606e-05,0.4871369516467894,0.0001214421076239,0.8617368706327397
ARCX.PILLAR,0,QUOTE_WITH_REST_BASKET,AT_T,FULL,RSG,0.0007999998331069,21600,7200,14400,1.0,11253.021716640014,0.7814598414333344,0.1,0.9614465588463952,0.0,11239.30113169849,0.7805070230346174,0.1,0.962769095482323,0.0,11236.28935029528,0.7802978715482833,0.1,0.9622278564737092,0.0,11237.619802019864,0.7803902640291572,0.1,0.963339425138727,0.0,0.0012192800553504,13.720584941524066,0.0014869220700065,16.732366344735055,-0.0001184066806316,-1.3304517245851455,0.0001495937922584,1.6813296786258434
ARCX.PILLAR,0,QUOTE_WITH_REST_BASKET,AT_T,FULL,TJX,0.0028999996185302,21600,7200,14400,1.0,9220.371913454635,0.6403036051010165,1.0,0.7950851417287751,0.0,9181.67708591972,0.6376164642999804,1.0,0.7940685443966833,0.0,9186.674641060245,0.6379635167402946,1.0,0.7942693198501042,0.0,9170.844817054429,0.6368642234065576,1.0,0.793983477870923,0.0,0.0041966666744162,38.69482753491866,0.003654654357838,33.69727239439453,0.0017231288387052,15.829824005813862,0.0011797701840223,10.832268865289734
ARCX.PILLAR,0,QUOTE_WITH_REST_BASKET,AT_T,FULL,V,0.0105999946594238,21600,7200,14400,1.0,8274.019675734486,0.5745846997037837,1.0,0.6237232471409192,0.0,8170.089617238745,0.5673673345304684,0.1,0.6192810470150897,0.0,8167.055709363665,0.5671566464835879,0.1,0.620161905041845,0.0,8185.014345537817,0.5684037739956818,1.0,0.6187611893224358,0.0,0.012561011765604,103.93005849574092,0.0129276905981402,106.96396637082034,-0.0021989119228806,-17.958636174151252,-0.0018267520918719,-14.92472829907183
ARCX.PILLAR,0,QUOTE_WITH_REST_BASKET,AT_T,FULL,WST,0.000499999821186,21595,7200,14400,1.0,43357.88141406736,3.010963987088012,0.01,5.017450583235763,0.0,43365.6571062499,3.0115039657117983,0.01,5.014404172745405,0.0,43353.00743499264,3.010625516318933,0.01,5.011301696289247,0.0,43386.41864328197,3.0129457391168035,0.01,5.012066138365808,0.0,-0.0001793374567422,-7.77569218253484,0.0001124127590131,4.87397907472041,-0.0007706779821312,-33.41120828932617,-0.0004787552735843,-20.76153703207092
ARCX.PILLAR,0,QUOTE_WITH_REST_BASKET,AT_T,FULL,XYL,0.0005999997258186,21600,7200,14400,1.0,22063.228805411407,1.5321686670424588,1.0,1.3818132574096431,0.0,21909.989671068288,1.5215270604908533,0.1,1.3776392868706115,0.0,21919.94905887862,1.5222186846443486,0.1,1.3785959913970691,0.0,21916.074152635767,1.5219495939330394,0.1,1.3785251200033104,0.0,0.0069454537091839,153.23913434311908,0.00649405160942,143.2797465327858,0.0001767753306564,3.8749062428541943,-0.0002777035342702,-6.084481567479088
ARCX.PILLAR,0,QUOTE_WITH_REST_BASKET,AT_T_MINUS_1S,ES_VALID,AAPL,0.0604999923706054,21600,7200,14400,1.0,9800.743164956117,0.6806071642330637,1.0,0.7143614272181513,0.0,9782.304921011078,0.6793267306257693,1.0,0.7125941742280656,0.0,9801.881062723947,0.6806861849113852,1.0,0.7145770462989841,0.0,9783.04796191513,0.6793783306885507,1.0,0.7128598230872937,0.0,0.0018813107980389,18.438243945038263,-0.0001161032126522,-1.137897767830509,0.0019213761816023,18.833100808817107,-7.59576510904747e-05,-0.7430409040516679
ARCX.PILLAR,0,QUOTE_WITH_REST_BASKET,AT_T_MINUS_1S,ES_VALID,ABBV,0.0088999986648559,21600,7200,14400,1.0,10012.65650907056,0.6953233686854555,1.0,0.9254588385412224,0.0,10007.313020050957,0.6949522930590941,1.0,0.9257304824429742,0.0,10012.66220868078,0.6953237644917208,1.0,0.925474211096368,0.0,10007.91880295619,0.6949943613164021,1.0,0.9258055682833312,0.0,0.0005336734576646,5.3434890196040215,-5.692405622426122e-07,-0.0056996102211996,0.0004737407120832,4.743405724590048,-6.0534021872005184e-05,-0.6057829052351735
ARCX.PILLAR,0,QUOTE_WITH_REST_BASKET,AT_T_MINUS_1S,ES_VALID,BDX,0.0021999990940093,21600,7200,14400,1.0,13145.21604001656,0.91286222500115,1.0,1.4464554174367454,7.183908045977011e-06,13142.602884376389,0.9126807558594714,1.0,1.4467583023955075,5.630630630630631e-06,13152.47614862879,0.9133663992103326,1.0,1.446984388256932,5.630630630630631e-06,13148.921877810835,0.9131195748479748,1.0,1.447440042772844,4.6296296296296296e-06,0.0001987913802417,2.6131556401705893,-0.0005523004407177,-7.260108612230397,0.0002702358687283,3.5542708179527835,-0.0004808022801905,-6.318993434448203
ARCX.PILLAR,0,QUOTE_WITH_REST_BASKET,AT_T_MINUS_1S,ES_VALID,CMI,0.0010999995470047,21600,7200,14400,1.0,21450.52003268488,1.4896194467142276,1.0,1.3974769577980517,0.0,21393.56115879149,1.48566396936052,1.0,1.3945659844750398,0.0,21428.033222806505,1.488057862694896,1.0,1.3951837698661758,0.0,21387.130727506494,1.4852174116323953,1.0,1.3935255852970068,0.0,0.0026553609799016,56.95887389338896,0.0010483107096755,22.48680987837361,0.0019088310567149,40.90249530001165,0.0003005778812263,6.430431284996303
ARCX.PILLAR,0,QUOTE_WITH_REST_BASKET,AT_T_MINUS_1S,ES_VALID,CVS,0.0037999987602233,21600,7200,14400,1.0,13007.400909533935,0.9032917298287456,1.0,1.0870326857844097,0.0,12924.338023543643,0.8975234738571976,0.1,1.085597466836392,0.0,13006.361719375627,0.9032195638455298,1.0,1.08699951938049,0.0,12928.475337397944,0.8978107873193016,0.1,1.0857054419585896,0.0,0.0063858173180014,83.06288599028994,7.989222178461652e-05,1.0391901583061554,0.0059883296849769,77.88638197768523,-0.0003201180475751,-4.137313854298554
ARCX.PILLAR,0,QUOTE_WITH_REST_BASKET,AT_T_MINUS_1S,ES_VALID,DLTR,0.0008999997377395,21600,7200,14400,1.0,22102.340491133007,1.5348847563286812,10.0,0.9265803732392688,0.0,21915.329263232543,1.52189786550226,1.0,0.925114005299296,0.0,21953.798952086858,1.5245693716726985,1.0,0.9259442641328632,0.0,21907.08984856268,1.521325683927964,1.0,0.9248712814200788,0.0,0.0084611504367824,187.0112279004643,0.0067206248634953,148.5415390461494,0.0021276091498385,46.70910352417559,0.0003759658169354,8.239414669860707
ARCX.PILLAR,0,QUOTE_WITH_REST_BASKET,AT_T_MINUS_1S,ES_VALID,EBAY,0.0006999999284744,21600,7200,14400,1.0,20656.323640985443,1.434466919512878,1.0,1.3316608105628611,0.0,20487.253549724715,1.4227259409531052,0.1,1.3221905665459182,0.0,20643.8397532038,1.433599982861375,1.0,1.3310423409928456,0.0,20480.15041905518,1.4222326679899429,0.1,1.3221266698844871,0.0,0.0081849071596296,169.07009126072808,0.0006043615504199,12.483887781643716,0.0079292096870311,163.68933414862113,0.0003467097555217,7.103130669536768
ARCX.PILLAR,0,QUOTE_WITH_REST_BASKET,AT_T_MINUS_1S,ES_VALID,GOOG,0.0145999908447265,21600,7200,14400,1.0,16448.76964303154,1.142275669654968,0.1,1.265659087752547,0.0,16438.156288946273,1.1415386311768243,0.1,1.264459706921952,0.0,16443.927273778278,1.1419393940123803,0.1,1.26577125509489,0.0,16434.8675002389,1.1413102430721458,0.1,1.2646598012387282,0.0,0.0006452369578756,10.613354085267927,0.0002943909701668,4.842369253263314,0.0005509495018155,9.059773539378511,0.0002000704123725,3.2887887073738966
ARCX.PILLAR,0,QUOTE_WITH_REST_BASKET,AT_T_MINUS_1S,ES_VALID,KEY,0.000499999821186,21600,7200,14400,1.0,57645.144455114045,4.003135031605142,0.1,4.5571041040273785,0.0,57470.27813313825,3.9909915370234894,0.1,4.558711858170745,0.0,57607.17440189671,4.000498222353938,0.1,4.55630126402792,0.0,57462.9532472163,3.990482864390021,0.1,4.556662789171043,0.0,0.0030334961188613,174.86632197579456,0.0006586860623951,37.97005321733741,0.002503527662618,144.2211546804101,0.0001274552022348,7.324885921952955
ARCX.PILLAR,0,QUOTE_WITH_REST_BASKET,AT_T_MINUS_1S,ES_VALID,KHC,0.0009999996423721,21600,7200,14400,1.0,11317.73664129103,0.7859539334229882,0.1,0.5354964367605953,0.0,11318.185239034025,0.7859850860440294,0.1,0.5359367171324898,0.0,11317.041348236562,0.7859056491830946,0.1,0.5355297597448702,0.0,11317.380442140236,0.7859291973708497,0.1,0.535989352103143,0.0,-3.96367009773968e-05,-0.4485977429922059,6.143393122715057e-05,0.6952930544684932,-2.996312315550753e-05,-0.3390939036726195,7.110653137332168e-05,0.8047968937880796
ARCX.PILLAR,0,QUOTE_WITH_REST_BASKET,AT_T_MINUS_1S,ES_VALID,KO,0.0076999998092651,21600,7200,14400,1.0,6958.159897176547,0.483205548415038,0.1,0.2788365935022148,0.0,6954.225110236115,0.4829322993219524,0.1,0.2788296463766508,0.0,6955.58495569604,0.4830267330344472,0.1,0.2790222173047257,0.0,6952.4381723441165,0.4828082064127859,0.1,0.2790630742008125,0.0,0.0005654924575717,3.934786940431877,0.0003700606939992,2.5749414805068227,0.0004524110296929,3.146783351923659,0.0002569571539132,1.7869378919986048
ARCX.PILLAR,0,QUOTE_WITH_REST_BASKET,AT_T_MINUS_1S,ES_VALID,LLY,0.0089999961853027,21600,7200,14400,1.0,24186.384992659598,1.679610068934694,1.0,0.9534781230591296,0.0,24175.62095869825,1.6788625665762675,1.0,0.953182012557649,0.0,24181.5273309739,1.679272731317632,1.0,0.9536318026208518,0.0,24172.20233167745,1.6786251619220451,1.0,0.9532955903882574,0.0,0.0004450451758131,10.764033961342648,0.0002008428166164,4.857661685695348,0.0003856249098254,9.324999296448368,0.0001414080335988,3.4186270208010683
ARCX.PILLAR,0,QUOTE_WITH_REST_BASKET,AT_T_MINUS_1S,ES_VALID,MMC,0.0025999999046325,21600,7200,14400,1.0,11157.52525402992,0.7748281426409666,1.0,0.9133633062563088,0.0,11147.628624317022,0.774140876688682,1.0,0.9120101765681786,0.0,11154.88356435233,0.7746446919689118,1.0,0.9125139801212448,0.0,11149.221974042288,0.7742515259751589,1.0,0.9116574824988876,0.0,0.0008869914687688,9.896629712897266,0.0002367630471312,2.641689677588147,0.0005075436491452,5.661590310042811,-0.0001429317192886,-1.5933497252663074
ARCX.PILLAR,0,QUOTE_WITH_REST_BASKET,AT_T_MINUS_1S,ES_VALID,MNST,0.0011999994516372,21600,7200,14400,1.0,11718.935717431104,0.8138149803771599,0.01,1.1603744591365734,0.0,11693.46435101127,0.8120461354868936,0.1,1.162016142894965,0.0,11719.719271965689,0.8138693938865061,0.01,1.1607577756009917,0.0,11695.131547835235,0.8121619130441137,0.1,1.16197347150131,0.0,0.0021735221554246,25.47136641983343,-6.686226065899525e-05,-0.7835545345860737,0.0020979789327605,24.587724130451534,-0.0001425750978429,-1.66719682396797
ARCX.PILLAR,0,QUOTE_WITH_REST_BASKET,AT_T_MINUS_1S,ES_VALID,MRK,0.0087999963760375,21600,7200,14400,1.0,11674.81732474534,0.8107512031073154,1.0,0.9082305952582956,0.0,11673.296035422594,0.8106455580154579,1.0,0.9081051823090186,0.0,11676.251941697736,0.8108508292845651,1.0,0.9082482914399476,0.0,11674.923711839523,0.8107585910999671,1.0,0.9081045976050488,0.0,0.0001303051928291,1.5212893227471795,-0.0001228813190383,-1.434616952396027,0.0001137548131749,1.3282298582125804,-0.0001394358895714,-1.627676416930626
ARCX.PILLAR,0,QUOTE_WITH_REST_BASKET,AT_T_MINUS_1S,ES_VALID,NDSN,0.0003999999165534,21590,7193,14400,1.0,24733.584663964903,1.717610046108674,10.0,1.397251233954533,0.0001412835249042,24729.4837347058,1.7173252593545694,10.0,1.3970914236666558,0.0001107357357357,24731.888697712027,1.7174922706744464,10.0,1.3971315543327276,0.0001107357357357,24728.1779896894,1.7172345826173194,10.0,1.3969910721699403,9.104938271604938e-05,0.0001658040803557,4.100929259107943,6.856936735699648e-05,1.6959662528788613,0.0001500373897028,3.710708022626932,5.2801143380354354e-05,1.30574501639785
ARCX.PILLAR,0,QUOTE_WITH_REST_BASKET,AT_T_MINUS_1S,ES_VALID,NWSA,0.0001999999582767,21600,7200,14400,1.0,15717.11386986836,1.0914662409630804,0.01,1.246045066860959,2.8735632183908045e-05,15559.49174772782,1.0805202602588764,0.01,1.240200513530162,2.2522522522522523e-05,15692.562600894558,1.0897612917287889,0.01,1.246370979758273,2.2522522522522523e-05,15556.59540824464,1.0803191255725444,0.01,1.2409608167205923,1.851851851851852e-05,0.0100286937821783,157.6221221405376,0.0015620723484652,24.55126897380069,0.0086644352556012,135.96719264991953,0.0001861461498963,2.896339483182601
ARCX.PILLAR,0,QUOTE_WITH_REST_BASKET,AT_T_MINUS_1S,ES_VALID,PG,0.0111999988555908,21600,7200,14400,1.0,7097.563053038457,0.4928863231276706,1.0,0.4942518337089292,0.0,7095.865573255793,0.4927684425872078,1.0,0.494255697968652,0.0,7097.424270834809,0.4928766854746395,1.0,0.4942900888174101,0.0,7095.572814550764,0.4927481121215808,1.0,0.4942987337456904,0.0,0.0002391637481737,1.6974797826642316,1.955350063265193e-05,0.1387822036476791,0.000260863126311,1.851456284045525,4.1257645315706526e-05,0.292758705028973
ARCX.PILLAR,0,QUOTE_WITH_REST_BASKET,AT_T_MINUS_1S,ES_VALID,RSG,0.0007999998331069,21600,7200,14400,1.0,11253.021716640014,0.7814598414333344,0.1,0.9614465588463952,0.0,11239.30113169849,0.7805070230346174,0.1,0.962769095482323,0.0,11255.449562081294,0.781628441811201,0.1,0.9627792038533683,0.0,11244.546669899097,0.7808712965207706,0.1,0.9640272413795886,0.0,0.0012192800553504,13.720584941524066,-0.0002157505337156,-2.4278454412797146,0.0009686767393928,10.90289218219732,-0.0004667139121143,-5.245538200606461
ARCX.PILLAR,0,QUOTE_WITH_REST_BASKET,AT_T_MINUS_1S,ES_VALID,TJX,0.0028999996185302,21600,7200,14400,1.0,9220.371913454635,0.6403036051010165,1.0,0.7950851417287751,0.0,9181.67708591972,0.6376164642999804,1.0,0.7940685443966833,0.0,9216.15274755086,0.6400106074688097,1.0,0.7947587453873671,0.0,9178.915719428069,0.6374247027380603,1.0,0.7937635979649543,0.0,0.0041966666744162,38.69482753491866,0.0004575917266006,4.219165903778048,0.0040404091753671,37.237028122790434,0.0003007475067799,2.761366491649824
ARCX.PILLAR,0,QUOTE_WITH_REST_BASKET,AT_T_MINUS_1S,ES_VALID,V,0.0105999946594238,21600,7200,14400,1.0,8274.019675734486,0.5745846997037837,1.0,0.6237232471409192,0.0,8170.089617238745,0.5673673345304684,0.1,0.6192810470150897,0.0,8254.725060921806,0.5732447958973477,1.0,0.622487803374195,0.0,8194.851677510302,0.5690869220493265,1.0,0.6190718323391293,0.0,0.012561011765604,103.93005849574092,0.0023319517681672,19.29461481267936,0.0072532256337582,59.87338341150462,-0.0030308186851841,-24.762060271556948
ARCX.PILLAR,0,QUOTE_WITH_REST_BASKET,AT_T_MINUS_1S,ES_VALID,WST,0.000499999821186,21595,7200,14400,1.0,43357.88141406736,3.010963987088012,0.01,5.017450583235763,0.0,43365.6571062499,3.0115039657117983,0.01,5.014404172745405,0.0,43367.471832634415,3.01162998837739,0.01,5.016919430847249,0.0,43380.34336371983,3.0125238447027662,0.01,5.016117652526628,0.0,-0.0001793374567422,-7.77569218253484,-0.0002211920475418,-9.590418567051527,-0.0002968015090916,-12.871531085416793,-0.0003386610154194,-14.68625746993348
ARCX.PILLAR,0,QUOTE_WITH_REST_BASKET,AT_T_MINUS_1S,ES_VALID,XYL,0.0005999997258186,21600,7200,14400,1.0,22063.228805411407,1.5321686670424588,1.0,1.3818132574096431,0.0,21909.989671068288,1.5215270604908533,0.1,1.3776392868706115,0.0,21971.358353838463,1.5257887745721157,0.1,1.3801053611338274,0.0,21902.02411339456,1.5209738967635111,0.1,1.3784074770156742,0.0,0.0069454537091839,153.23913434311908,0.0041639622370417,91.87045157294416,0.0031556647216484,69.33424044390267,0.0003635582578227,7.965557673727744
ARCX.PILLAR,0,QUOTE_WITH_REST_BASKET,AT_T_MINUS_1S,FULL,AAPL,0.0604999923706054,21600,7200,14400,1.0,9800.743164956117,0.6806071642330637,1.0,0.7143614272181513,0.0,9782.304921011078,0.6793267306257693,1.0,0.7125941742280656,0.0,9801.881062723947,0.6806861849113852,1.0,0.7145770462989841,0.0,9783.04796191513,0.6793783306885507,1.0,0.7128598230872937,0.0,0.0018813107980389,18.438243945038263,-0.0001161032126522,-1.137897767830509,0.0019213761816023,18.833100808817107,-7.59576510904747e-05,-0.7430409040516679
ARCX.PILLAR,0,QUOTE_WITH_REST_BASKET,AT_T_MINUS_1S,FULL,ABBV,0.0088999986648559,21600,7200,14400,1.0,10012.65650907056,0.6953233686854555,1.0,0.9254588385412224,0.0,10007.313020050957,0.6949522930590941,1.0,0.9257304824429742,0.0,10012.66220868078,0.6953237644917208,1.0,0.925474211096368,0.0,10007.91880295619,0.6949943613164021,1.0,0.9258055682833312,0.0,0.0005336734576646,5.3434890196040215,-5.692405622426122e-07,-0.0056996102211996,0.0004737407120832,4.743405724590048,-6.0534021872005184e-05,-0.6057829052351735
ARCX.PILLAR,0,QUOTE_WITH_REST_BASKET,AT_T_MINUS_1S,FULL,BDX,0.0021999990940093,21600,7200,14400,1.0,13145.21604001656,0.91286222500115,1.0,1.4464554174367454,7.183908045977011e-06,13142.602884376389,0.9126807558594714,1.0,1.4467583023955075,5.630630630630631e-06,13152.47614862879,0.9133663992103326,1.0,1.446984388256932,5.630630630630631e-06,13148.921877810835,0.9131195748479748,1.0,1.447440042772844,4.6296296296296296e-06,0.0001987913802417,2.6131556401705893,-0.0005523004407177,-7.260108612230397,0.0002702358687283,3.5542708179527835,-0.0004808022801905,-6.318993434448203
ARCX.PILLAR,0,QUOTE_WITH_REST_BASKET,AT_T_MINUS_1S,FULL,CMI,0.0010999995470047,21600,7200,14400,1.0,21450.52003268488,1.4896194467142276,1.0,1.3974769577980517,0.0,21393.56115879149,1.48566396936052,1.0,1.3945659844750398,0.0,21428.033222806505,1.488057862694896,1.0,1.3951837698661758,0.0,21387.130727506494,1.4852174116323953,1.0,1.3935255852970068,0.0,0.0026553609799016,56.95887389338896,0.0010483107096755,22.48680987837361,0.0019088310567149,40.90249530001165,0.0003005778812263,6.430431284996303
ARCX.PILLAR,0,QUOTE_WITH_REST_BASKET,AT_T_MINUS_1S,FULL,CVS,0.0037999987602233,21600,7200,14400,1.0,13007.400909533935,0.9032917298287456,1.0,1.0870326857844097,0.0,12924.338023543643,0.8975234738571976,0.1,1.085597466836392,0.0,13006.361719375627,0.9032195638455298,1.0,1.08699951938049,0.0,12928.475337397944,0.8978107873193016,0.1,1.0857054419585896,0.0,0.0063858173180014,83.06288599028994,7.989222178461652e-05,1.0391901583061554,0.0059883296849769,77.88638197768523,-0.0003201180475751,-4.137313854298554
ARCX.PILLAR,0,QUOTE_WITH_REST_BASKET,AT_T_MINUS_1S,FULL,DLTR,0.0008999997377395,21600,7200,14400,1.0,22102.340491133007,1.5348847563286812,10.0,0.9265803732392688,0.0,21915.329263232543,1.52189786550226,1.0,0.925114005299296,0.0,21953.798952086858,1.5245693716726985,1.0,0.9259442641328632,0.0,21907.08984856268,1.521325683927964,1.0,0.9248712814200788,0.0,0.0084611504367824,187.0112279004643,0.0067206248634953,148.5415390461494,0.0021276091498385,46.70910352417559,0.0003759658169354,8.239414669860707
ARCX.PILLAR,0,QUOTE_WITH_REST_BASKET,AT_T_MINUS_1S,FULL,EBAY,0.0006999999284744,21600,7200,14400,1.0,20656.323640985443,1.434466919512878,1.0,1.3316608105628611,0.0,20487.253549724715,1.4227259409531052,0.1,1.3221905665459182,0.0,20643.8397532038,1.433599982861375,1.0,1.3310423409928456,0.0,20480.15041905518,1.4222326679899429,0.1,1.3221266698844871,0.0,0.0081849071596296,169.07009126072808,0.0006043615504199,12.483887781643716,0.0079292096870311,163.68933414862113,0.0003467097555217,7.103130669536768
ARCX.PILLAR,0,QUOTE_WITH_REST_BASKET,AT_T_MINUS_1S,FULL,GOOG,0.0145999908447265,21600,7200,14400,1.0,16448.76964303154,1.142275669654968,0.1,1.265659087752547,0.0,16438.156288946273,1.1415386311768243,0.1,1.264459706921952,0.0,16443.927273778278,1.1419393940123803,0.1,1.26577125509489,0.0,16434.8675002389,1.1413102430721458,0.1,1.2646598012387282,0.0,0.0006452369578756,10.613354085267927,0.0002943909701668,4.842369253263314,0.0005509495018155,9.059773539378511,0.0002000704123725,3.2887887073738966
ARCX.PILLAR,0,QUOTE_WITH_REST_BASKET,AT_T_MINUS_1S,FULL,KEY,0.000499999821186,21600,7200,14400,1.0,57645.144455114045,4.003135031605142,0.1,4.5571041040273785,0.0,57470.27813313825,3.9909915370234894,0.1,4.558711858170745,0.0,57607.17440189671,4.000498222353938,0.1,4.55630126402792,0.0,57462.9532472163,3.990482864390021,0.1,4.556662789171043,0.0,0.0030334961188613,174.86632197579456,0.0006586860623951,37.97005321733741,0.002503527662618,144.2211546804101,0.0001274552022348,7.324885921952955
ARCX.PILLAR,0,QUOTE_WITH_REST_BASKET,AT_T_MINUS_1S,FULL,KHC,0.0009999996423721,21600,7200,14400,1.0,11317.73664129103,0.7859539334229882,0.1,0.5354964367605953,0.0,11318.185239034025,0.7859850860440294,0.1,0.5359367171324898,0.0,11317.041348236562,0.7859056491830946,0.1,0.5355297597448702,0.0,11317.380442140236,0.7859291973708497,0.1,0.535989352103143,0.0,-3.96367009773968e-05,-0.4485977429922059,6.143393122715057e-05,0.6952930544684932,-2.996312315550753e-05,-0.3390939036726195,7.110653137332168e-05,0.8047968937880796
ARCX.PILLAR,0,QUOTE_WITH_REST_BASKET,AT_T_MINUS_1S,FULL,KO,0.0076999998092651,21600,7200,14400,1.0,6958.159897176547,0.483205548415038,0.1,0.2788365935022148,0.0,6954.225110236115,0.4829322993219524,0.1,0.2788296463766508,0.0,6955.58495569604,0.4830267330344472,0.1,0.2790222173047257,0.0,6952.4381723441165,0.4828082064127859,0.1,0.2790630742008125,0.0,0.0005654924575717,3.934786940431877,0.0003700606939992,2.5749414805068227,0.0004524110296929,3.146783351923659,0.0002569571539132,1.7869378919986048
ARCX.PILLAR,0,QUOTE_WITH_REST_BASKET,AT_T_MINUS_1S,FULL,LLY,0.0089999961853027,21600,7200,14400,1.0,24186.384992659598,1.679610068934694,1.0,0.9534781230591296,0.0,24175.62095869825,1.6788625665762675,1.0,0.953182012557649,0.0,24181.5273309739,1.679272731317632,1.0,0.9536318026208518,0.0,24172.20233167745,1.6786251619220451,1.0,0.9532955903882574,0.0,0.0004450451758131,10.764033961342648,0.0002008428166164,4.857661685695348,0.0003856249098254,9.324999296448368,0.0001414080335988,3.4186270208010683
ARCX.PILLAR,0,QUOTE_WITH_REST_BASKET,AT_T_MINUS_1S,FULL,MMC,0.0025999999046325,21600,7200,14400,1.0,11157.52525402992,0.7748281426409666,1.0,0.9133633062563088,0.0,11147.628624317022,0.774140876688682,1.0,0.9120101765681786,0.0,11154.88356435233,0.7746446919689118,1.0,0.9125139801212448,0.0,11149.221974042288,0.7742515259751589,1.0,0.9116574824988876,0.0,0.0008869914687688,9.896629712897266,0.0002367630471312,2.641689677588147,0.0005075436491452,5.661590310042811,-0.0001429317192886,-1.5933497252663074
ARCX.PILLAR,0,QUOTE_WITH_REST_BASKET,AT_T_MINUS_1S,FULL,MNST,0.0011999994516372,21600,7200,14400,1.0,11718.935717431104,0.8138149803771599,0.01,1.1603744591365734,0.0,11693.46435101127,0.8120461354868936,0.1,1.162016142894965,0.0,11719.719271965689,0.8138693938865061,0.01,1.1607577756009917,0.0,11695.131547835235,0.8121619130441137,0.1,1.16197347150131,0.0,0.0021735221554246,25.47136641983343,-6.686226065899525e-05,-0.7835545345860737,0.0020979789327605,24.587724130451534,-0.0001425750978429,-1.66719682396797
ARCX.PILLAR,0,QUOTE_WITH_REST_BASKET,AT_T_MINUS_1S,FULL,MRK,0.0087999963760375,21600,7200,14400,1.0,11674.81732474534,0.8107512031073154,1.0,0.9082305952582956,0.0,11673.296035422594,0.8106455580154579,1.0,0.9081051823090186,0.0,11676.251941697736,0.8108508292845651,1.0,0.9082482914399476,0.0,11674.923711839523,0.8107585910999671,1.0,0.9081045976050488,0.0,0.0001303051928291,1.5212893227471795,-0.0001228813190383,-1.434616952396027,0.0001137548131749,1.3282298582125804,-0.0001394358895714,-1.627676416930626
ARCX.PILLAR,0,QUOTE_WITH_REST_BASKET,AT_T_MINUS_1S,FULL,NDSN,0.0003999999165534,21590,7193,14400,1.0,24733.584663964903,1.717610046108674,10.0,1.397251233954533,0.0001412835249042,24729.4837347058,1.7173252593545694,10.0,1.3970914236666558,0.0001107357357357,24731.888697712027,1.7174922706744464,10.0,1.3971315543327276,0.0001107357357357,24728.1779896894,1.7172345826173194,10.0,1.3969910721699403,9.104938271604938e-05,0.0001658040803557,4.100929259107943,6.856936735699648e-05,1.6959662528788613,0.0001500373897028,3.710708022626932,5.2801143380354354e-05,1.30574501639785
ARCX.PILLAR,0,QUOTE_WITH_REST_BASKET,AT_T_MINUS_1S,FULL,NWSA,0.0001999999582767,21600,7200,14400,1.0,15717.11386986836,1.0914662409630804,0.01,1.246045066860959,2.8735632183908045e-05,15559.49174772782,1.0805202602588764,0.01,1.240200513530162,2.2522522522522523e-05,15692.562600894558,1.0897612917287889,0.01,1.246370979758273,2.2522522522522523e-05,15556.59540824464,1.0803191255725444,0.01,1.2409608167205923,1.851851851851852e-05,0.0100286937821783,157.6221221405376,0.0015620723484652,24.55126897380069,0.0086644352556012,135.96719264991953,0.0001861461498963,2.896339483182601
ARCX.PILLAR,0,QUOTE_WITH_REST_BASKET,AT_T_MINUS_1S,FULL,PG,0.0111999988555908,21600,7200,14400,1.0,7097.563053038457,0.4928863231276706,1.0,0.4942518337089292,0.0,7095.865573255793,0.4927684425872078,1.0,0.494255697968652,0.0,7097.424270834809,0.4928766854746395,1.0,0.4942900888174101,0.0,7095.572814550764,0.4927481121215808,1.0,0.4942987337456904,0.0,0.0002391637481737,1.6974797826642316,1.955350063265193e-05,0.1387822036476791,0.000260863126311,1.851456284045525,4.1257645315706526e-05,0.292758705028973
ARCX.PILLAR,0,QUOTE_WITH_REST_BASKET,AT_T_MINUS_1S,FULL,RSG,0.0007999998331069,21600,7200,14400,1.0,11253.021716640014,0.7814598414333344,0.1,0.9614465588463952,0.0,11239.30113169849,0.7805070230346174,0.1,0.962769095482323,0.0,11255.449562081294,0.781628441811201,0.1,0.9627792038533683,0.0,11244.546669899097,0.7808712965207706,0.1,0.9640272413795886,0.0,0.0012192800553504,13.720584941524066,-0.0002157505337156,-2.4278454412797146,0.0009686767393928,10.90289218219732,-0.0004667139121143,-5.245538200606461
ARCX.PILLAR,0,QUOTE_WITH_REST_BASKET,AT_T_MINUS_1S,FULL,TJX,0.0028999996185302,21600,7200,14400,1.0,9220.371913454635,0.6403036051010165,1.0,0.7950851417287751,0.0,9181.67708591972,0.6376164642999804,1.0,0.7940685443966833,0.0,9216.15274755086,0.6400106074688097,1.0,0.7947587453873671,0.0,9178.915719428069,0.6374247027380603,1.0,0.7937635979649543,0.0,0.0041966666744162,38.69482753491866,0.0004575917266006,4.219165903778048,0.0040404091753671,37.237028122790434,0.0003007475067799,2.761366491649824
ARCX.PILLAR,0,QUOTE_WITH_REST_BASKET,AT_T_MINUS_1S,FULL,V,0.0105999946594238,21600,7200,14400,1.0,8274.019675734486,0.5745846997037837,1.0,0.6237232471409192,0.0,8170.089617238745,0.5673673345304684,0.1,0.6192810470150897,0.0,8254.725060921806,0.5732447958973477,1.0,0.622487803374195,0.0,8194.851677510302,0.5690869220493265,1.0,0.6190718323391293,0.0,0.012561011765604,103.93005849574092,0.0023319517681672,19.29461481267936,0.0072532256337582,59.87338341150462,-0.0030308186851841,-24.762060271556948
ARCX.PILLAR,0,QUOTE_WITH_REST_BASKET,AT_T_MINUS_1S,FULL,WST,0.000499999821186,21595,7200,14400,1.0,43357.88141406736,3.010963987088012,0.01,5.017450583235763,0.0,43365.6571062499,3.0115039657117983,0.01,5.014404172745405,0.0,43367.471832634415,3.01162998837739,0.01,5.016919430847249,0.0,43380.34336371983,3.0125238447027662,0.01,5.016117652526628,0.0,-0.0001793374567422,-7.77569218253484,-0.0002211920475418,-9.590418567051527,-0.0002968015090916,-12.871531085416793,-0.0003386610154194,-14.68625746993348
ARCX.PILLAR,0,QUOTE_WITH_REST_BASKET,AT_T_MINUS_1S,FULL,XYL,0.0005999997258186,21600,7200,14400,1.0,22063.228805411407,1.5321686670424588,1.0,1.3818132574096431,0.0,21909.989671068288,1.5215270604908533,0.1,1.3776392868706115,0.0,21971.358353838463,1.5257887745721157,0.1,1.3801053611338274,0.0,21902.02411339456,1.5209738967635111,0.1,1.3784074770156742,0.0,0.0069454537091839,153.23913434311908,0.0041639622370417,91.87045157294416,0.0031556647216484,69.33424044390267,0.0003635582578227,7.965557673727744
ARCX.PILLAR,500,QUOTE_TRADE_WITH_REST_BASKET,AT_T,ES_VALID,AAPL,0.0604999923706054,21600,7200,14400,1.0,9801.610732495225,0.6806674119788351,1.0,0.7154168567339978,0.0,9791.564440266964,0.679969752796317,1.0,0.7153418815701285,0.0,9790.009032163893,0.6798617383447147,1.0,0.714619548412467,0.0,9786.86813555668,0.6796436205247695,1.0,0.7149630198657873,0.0,0.0010249633965725,10.046292228260429,0.001183652426929,11.601700331331813,0.000320826732324,3.1408966072121984,0.0004796276160906,4.696304710283584
ARCX.PILLAR,500,QUOTE_TRADE_WITH_REST_BASKET,AT_T,ES_VALID,ABBV,0.0088999986648559,21600,7200,14400,1.0,10033.36698963266,0.6967615965022681,1.0,0.9087626564472602,0.0,10027.769408201835,0.6963728755695718,1.0,0.9093308186298904,0.0,10026.369189657373,0.6962756381706509,1.0,0.908845354061185,0.0,10025.02317046535,0.6961821646156493,1.0,0.9093615286918052,0.0,0.0005578966100422,5.597581430825812,0.0006974528074692,6.997799975288217,0.0001342479183202,1.3460191920221405,0.0002738632715505,2.746237736484545
ARCX.PILLAR,500,QUOTE_TRADE_WITH_REST_BASKET,AT_T,ES_VALID,BDX,0.0021999990940093,21600,7200,14400,1.0,13782.446394488368,0.9571143329505812,0.1,1.324967398553493,2.48015873015873e-06,13799.11907771944,0.9582721581749613,0.1,1.32652320157313,1.902587519025875e-06,13796.35720546919,0.958080361490916,0.1,1.3267041839712743,2.170138888888889e-06,13799.957225005966,0.9583303628476364,0.1,1.3272710189286503,1.7146776406035663e-06,-0.001209704195747,-16.67268323107237,-0.0010093136285576,-13.910810980822134,-0.0002609398613822,-3.600019536776017,-6.073918790061583e-05,-0.838147286525782
ARCX.PILLAR,500,QUOTE_TRADE_WITH_REST_BASKET,AT_T,ES_VALID,CMI,0.0010999995470047,21600,7200,14400,1.0,20728.276637275023,1.4394636553663211,10.0,1.3113606863367284,0.0,20595.33684253403,1.4302317251759744,1.0,1.3087170716312313,0.0,20605.72354542374,1.43095302398776,1.0,1.3094092794600771,0.0,20593.35822759556,1.4300943213608028,1.0,1.3083826807041077,0.0,0.0064134513962406,132.9397947409925,0.0059123628073787,122.55309185128137,0.0006000914163932,12.365317828182016,9.607101615272118e-05,1.9786149384708551
ARCX.PILLAR,500,QUOTE_TRADE_WITH_REST_BASKET,AT_T,ES_VALID,CVS,0.0037999987602233,21600,7200,14400,1.0,12837.843049633384,0.8915168784467628,1.0,1.0904107579758175,0.0,12768.185880866124,0.8866795750601476,0.1,1.0878253139102894,0.0,12764.949691888169,0.886454839714456,0.1,1.087170848140925,0.0,12768.399287100186,0.8866943949375129,0.1,1.0872324286103374,0.0,0.0054259246275212,69.65716876725855,0.0056780066139925,72.89335774521714,-0.0002702396245408,-3.4495952120196307,-1.6713904077869657e-05,-0.2134062340610398
ARCX.PILLAR,500,QUOTE_TRADE_WITH_REST_BASKET,AT_T,ES_VALID,DLTR,0.0008999997377395,21600,7200,14400,1.0,21408.868677590028,1.4867269914993075,0.1,0.9211518076565236,0.0,21336.510603321178,1.4817021252306373,0.1,0.9212810315735626,0.0,21347.525591568585,1.4824670549700407,0.1,0.9191263863810516,0.0,21333.5915646618,1.4814994142126248,0.1,0.9214756207518456,0.0,0.0033798177455585,72.35807426885003,0.0028653118922464,61.34308602144301,0.000652723279193,13.93402690678704,0.0001368095614906,2.9190386593800213
ARCX.PILLAR,500,QUOTE_TRADE_WITH_REST_BASKET,AT_T,ES_VALID,EBAY,0.0006999999284744,21600,7200,14400,1.0,20127.77249815963,1.3977619790388631,1.0,1.3182490574165548,0.0,20079.591045152,1.394416044802222,1.0,1.3123501266985331,0.0,20091.748126837232,1.395260286585919,1.0,1.3122381566375527,0.0,20079.947495353503,1.3944407982884377,1.0,1.310024703031762,0.0,0.002393779689831,48.181453007633536,0.0017897843055256,36.0243713223972,0.0005873372197,11.800631483729376,-1.775186559860309e-05,-0.3564502015069593
ARCX.PILLAR,500,QUOTE_TRADE_WITH_REST_BASKET,AT_T,ES_VALID,GOOG,0.0145999908447265,21600,7200,14400,1.0,16122.70695905046,1.1196324277118377,1.0,1.2668715622811464,0.0,16118.726034006348,1.1193559745837742,1.0,1.266681649067772,0.0,16114.576075192785,1.1190677829994988,1.0,1.266234589450873,0.0,16114.906790816734,1.1190907493622733,1.0,1.2663998518792767,0.0,0.00024691418471,3.980925044112155,0.0005043125747014,8.130883857675144,-2.052276289532529e-05,-0.3307156239497999,0.0002369444819371,3.819243189613189
ARCX.PILLAR,500,QUOTE_TRADE_WITH_REST_BASKET,AT_T,ES_VALID,KEY,0.000499999821186,21600,7200,14400,1.0,57154.10466395508,3.969035046107992,0.1,4.584836783608978,0.0,57023.356458161375,3.95995530959454,0.1,4.601208423119483,0.0,57007.32128295614,3.958841755760843,0.1,4.592763120774666,0.0,57029.3350267052,3.960370487965639,0.1,4.607753081773067,0.0,0.0022876433208507,130.74820579370137,0.0025682036637958,146.7833809989388,-0.0003861564313782,-22.013743749063,-0.0001048442062194,-5.978568543825531
ARCX.PILLAR,500,QUOTE_TRADE_WITH_REST_BASKET,AT_T,ES_VALID,KHC,0.0009999996423721,21600,7200,14400,1.0,11349.017281802706,0.7881262001251879,0.1,0.530643257451981,0.0,11354.59717606581,0.788513692782348,0.1,0.5313809541423861,0.0,11354.48647805925,0.7885060054207813,0.1,0.5306523598347946,0.0,11361.793970272176,0.78901347015779,0.1,0.5312738733789737,0.0,-0.0004916632096465,-5.5798942631045065,-0.000481909236786,-5.469196256544819,-0.0006435775168736,-7.307492212925354,-0.0006338220629733,-7.1967942063656665
ARCX.PILLAR,500,QUOTE_TRADE_WITH_REST_BASKET,AT_T,ES_VALID,KO,0.0076999998092651,21600,7200,14400,1.0,7012.955194373331,0.4870107773870369,0.1,0.2785383874045559,0.0,7012.910576772614,0.4870076789425426,0.1,0.2787410209035386,0.0,7012.788418718366,0.486999195744331,0.1,0.2784756265077117,0.0,7014.842334156958,0.4871418287608998,0.1,0.2786695899073559,0.0,6.362168227358467e-06,0.0446176007171743,2.3781080919937917e-05,0.1667756549650221,-0.0002928814211917,-2.0539154385915026,-0.000275457295968,-1.9317573843436548
ARCX.PILLAR,500,QUOTE_TRADE_WITH_REST_BASKET,AT_T,ES_VALID,LLY,0.0089999961853027,21600,7200,14400,1.0,23660.761087508825,1.6431084088547796,0.1,0.968068866867546,0.0,23675.148351051652,1.6441075243785872,0.1,0.968335648088436,0.0,23653.247738940503,1.6425866485375349,0.1,0.9684010823618946,0.0,23671.204213860423,1.6438336259625297,0.1,0.9684310104402728,0.0,-0.0006080642752623,-14.387263542830624,0.0003175446698664,7.513348568321817,-0.000759154730805,-17.956474919919856,0.0001665939800143,3.944137191232585
ARCX.PILLAR,500,QUOTE_TRADE_WITH_REST_BASKET,AT_T,ES_VALID,MMC,0.0025999999046325,21600,7200,14400,1.0,11217.258931326458,0.7789763146754485,0.1,0.8888126681248862,0.0,11201.28081612404,0.7778667233419473,1.0,0.8913591135102836,0.0,11214.741628245658,0.778801501961504,0.1,0.8895066864608142,0.0,11199.784738301194,0.777762829048694,1.0,0.8911893763094942,0.0,0.0014244224279957,15.97811520241703,0.0002244133879953,2.517303080800048,0.0013336811885877,14.95688994446391,0.0001335631029527,1.496077822846928
ARCX.PILLAR,500,QUOTE_TRADE_WITH_REST_BASKET,AT_T,ES_VALID,MNST,0.0011999994516372,21600,7200,14400,1.0,12052.574157588491,0.8369843164992009,0.1,1.1989166400083264,0.0,12051.214774507236,0.8368899148963358,0.1,1.1994175225326544,0.0,12034.55825054674,0.8357332118435237,0.1,1.1993162981995649,0.0,12044.995608655969,0.8364580283788866,0.1,1.199414126058408,0.0,0.0001127877798952,1.359383081256965,0.0014947767013248,18.015907041752143,-0.0008672821961497,-10.437358109225896,0.0005160613239111,6.219165851269281
ARCX.PILLAR,500,QUOTE_TRADE_WITH_REST_BASKET,AT_T,ES_VALID,MRK,0.0087999963760375,21600,7200,14400,1.0,11317.305653563497,0.7859240037196873,1.0,0.93256876845359,0.0,11313.272113305522,0.7856438967573279,1.0,0.9320934204582288,0.0,11315.87027678846,0.7858243247769764,1.0,0.9322935029598696,0.0,11313.742996251842,0.7856765969619335,1.0,0.9319334013638666,0.0,0.0003564046409495,4.033540257974892,0.0001268302561558,1.435376775036275,0.0001879908910746,2.127280536618855,-4.162217098668819e-05,-0.4708829463197617
ARCX.PILLAR,500,QUOTE_TRADE_WITH_REST_BASKET,AT_T,ES_VALID,NDSN,0.0003999999165534,21591,7193,14400,1.0,21171.670027593034,1.470254863027294,100.0,1.2326168677588911,7.192460317460317e-05,21171.26318679427,1.4702266101940464,100.0,1.2326001811428056,5.517503805175038e-05,21171.27058698969,1.470227124096506,100.0,1.2325995765279658,6.293402777777778e-05,21170.875240531845,1.470199669481378,100.0,1.2325836023947352,4.972565157750343e-05,1.9216282807876794e-05,0.4068407987651881,1.8866749898593937e-05,0.3994406033452833,1.8673723724771385e-05,0.3953464578444254,1.8324190625862435e-05,0.3879462624245207
ARCX.PILLAR,500,QUOTE_TRADE_WITH_REST_BASKET,AT_T,ES_VALID,NWSA,0.0001999999582767,21600,7200,14400,1.0,15917.219050529451,1.1053624340645454,0.1,1.260826479303544,1.3640873015873016e-05,15793.593125234533,1.0967773003635093,0.1,1.253420467890881,1.0464231354642314e-05,15790.26286676792,1.096546032414439,0.1,1.2550264263962896,1.193576388888889e-05,15783.386867591516,1.096068532471633,0.1,1.2535815219233786,9.430727023319617e-06,0.0077668042955536,123.62592529492032,0.0079760279329265,126.95618376153288,0.0004354581829587,6.875999176403639,0.0006462277179161,10.206257643016215
ARCX.PILLAR,500,QUOTE_TRADE_WITH_REST_BASKET,AT_T,ES_VALID,PG,0.0111999988555908,21600,7200,14400,1.0,7138.563234869464,0.4957335579770461,1.0,0.5033037993256494,0.0,7134.467505108183,0.4954491322991793,1.0,0.5034643911213446,0.0,7135.798345088226,0.4955415517422379,1.0,0.5031882824036487,0.0,7133.165234004007,0.4953586968058338,1.0,0.5033849166642723,0.0,0.0005737470729787,4.095729761280381,0.0003873174041146,2.764889781237798,0.0003690002094903,2.633111084218399,0.0001825323478231,1.3022711041758157
ARCX.PILLAR,500,QUOTE_TRADE_WITH_REST_BASKET,AT_T,ES_VALID,RSG,0.0007999998331069,21600,7200,14400,1.0,10924.588770748338,0.7586519979686346,0.1,0.9750526093329868,0.0,10924.393296218608,0.7586384233485145,0.1,0.9781211295439072,0.0,10921.713949950934,0.7584523576354816,0.1,0.9762346695946358,0.0,10932.61976182435,0.7592097056822465,0.1,0.9786109529091808,0.0,1.789307898281134e-05,0.1954745297298359,0.0002631513970668,2.874820797404027,-0.0009985439944126,-10.905811873415589,-0.0007530363822207,-8.226465605741396
ARCX.PILLAR,500,QUOTE_TRADE_WITH_REST_BASKET,AT_T,ES_VALID,TJX,0.0028999996185302,21600,7200,14400,1.0,8993.716957965422,0.6245636776364877,1.0,0.7730543813470594,0.0,8951.101651731515,0.621604281370244,1.0,0.772773756230349,0.0,8962.260187498581,0.6223791796874014,1.0,0.7725136146622291,0.0,8941.780896414559,0.6209570066954555,1.0,0.7728681945541002,0.0,0.0047383419372748,42.61530623390718,0.0034976384751557,31.45677046684068,0.0022850587525442,20.479291084022407,0.0010412970022692,9.32075531695591
ARCX.PILLAR,500,QUOTE_TRADE_WITH_REST_BASKET,AT_T,ES_VALID,V,0.0105999946594238,21600,7200,14400,1.0,8159.443284206058,0.566628005847643,1.0,0.564568129841785,0.0,8097.960060101606,0.562358337507056,1.0,0.5614479075789708,0.0,8101.380551706127,0.5625958716462588,1.0,0.561745995880179,0.0,8082.129147669562,0.561258968588164,1.0,0.5609217625453832,0.0,0.0075352229267237,61.48322410445144,0.0071160164336604,58.06273249993046,0.002376311532793,19.251404036564963,0.0019549259708061,15.830912432043988
ARCX.PILLAR,500,QUOTE_TRADE_WITH_REST_BASKET,AT_T,ES_VALID,WST,0.000499999821186,21595,7200,14400,1.0,45905.97495487561,3.187914927421917,0.01,4.925024006640753,0.0,45939.40316564057,3.190236330947262,0.01,4.9221508455654215,0.0,45900.79297175174,3.1875550674827595,0.01,4.924801016566616,0.0,45936.135097048784,3.190009381739499,0.01,4.9228298037058575,0.0,-0.0007281886682033,-33.428210764963296,0.0001128825415201,5.181983123868122,-0.0007699676412735,-35.34212529704382,7.113868197206052e-05,3.268068591787596
ARCX.PILLAR,500,QUOTE_TRADE_WITH_REST_BASKET,AT_T,ES_VALID,XYL,0.0005999997258186,21600,7200,14400,1.0,22332.16468517676,1.5508447698039416,0.1,1.3015641547316297,0.0,22196.21882635436,1.5414040851634971,0.1,1.2966047128544216,0.0,22221.65041235803,1.5431701675248632,0.1,1.2969003094513305,0.0,22203.39666071948,1.5419025458832971,0.1,1.297548817862327,0.0,0.0060874465480114,135.94585882240062,0.0049486592265766,110.51427281872748,0.0008214399605709,18.253751638549147,-0.000323380951561,-7.177834365123999
ARCX.PILLAR,500,QUOTE_TRADE_WITH_REST_BASKET,AT_T,FULL,AAPL,0.0604999923706054,21600,7200,14400,1.0,9801.610732495225,0.6806674119788351,1.0,0.7154168567339978,0.0,9791.564440266964,0.679969752796317,1.0,0.7153418815701285,0.0,9790.009032163893,0.6798617383447147,1.0,0.714619548412467,0.0,9786.86813555668,0.6796436205247695,1.0,0.7149630198657873,0.0,0.0010249633965725,10.046292228260429,0.001183652426929,11.601700331331813,0.000320826732324,3.1408966072121984,0.0004796276160906,4.696304710283584
ARCX.PILLAR,500,QUOTE_TRADE_WITH_REST_BASKET,AT_T,FULL,ABBV,0.0088999986648559,21600,7200,14400,1.0,10033.36698963266,0.6967615965022681,1.0,0.9087626564472602,0.0,10027.769408201835,0.6963728755695718,1.0,0.9093308186298904,0.0,10026.369189657373,0.6962756381706509,1.0,0.908845354061185,0.0,10025.02317046535,0.6961821646156493,1.0,0.9093615286918052,0.0,0.0005578966100422,5.597581430825812,0.0006974528074692,6.997799975288217,0.0001342479183202,1.3460191920221405,0.0002738632715505,2.746237736484545
ARCX.PILLAR,500,QUOTE_TRADE_WITH_REST_BASKET,AT_T,FULL,BDX,0.0021999990940093,21600,7200,14400,1.0,13782.446394488368,0.9571143329505812,0.1,1.324967398553493,2.48015873015873e-06,13799.11907771944,0.9582721581749613,0.1,1.32652320157313,1.902587519025875e-06,13796.35720546919,0.958080361490916,0.1,1.3267041839712743,2.170138888888889e-06,13799.957225005966,0.9583303628476364,0.1,1.3272710189286503,1.7146776406035663e-06,-0.001209704195747,-16.67268323107237,-0.0010093136285576,-13.910810980822134,-0.0002609398613822,-3.600019536776017,-6.073918790061583e-05,-0.838147286525782
ARCX.PILLAR,500,QUOTE_TRADE_WITH_REST_BASKET,AT_T,FULL,CMI,0.0010999995470047,21600,7200,14400,1.0,20728.276637275023,1.4394636553663211,10.0,1.3113606863367284,0.0,20595.33684253403,1.4302317251759744,1.0,1.3087170716312313,0.0,20605.72354542374,1.43095302398776,1.0,1.3094092794600771,0.0,20593.35822759556,1.4300943213608028,1.0,1.3083826807041077,0.0,0.0064134513962406,132.9397947409925,0.0059123628073787,122.55309185128137,0.0006000914163932,12.365317828182016,9.607101615272118e-05,1.9786149384708551
ARCX.PILLAR,500,QUOTE_TRADE_WITH_REST_BASKET,AT_T,FULL,CVS,0.0037999987602233,21600,7200,14400,1.0,12837.843049633384,0.8915168784467628,1.0,1.0904107579758175,0.0,12768.185880866124,0.8866795750601476,0.1,1.0878253139102894,0.0,12764.949691888169,0.886454839714456,0.1,1.087170848140925,0.0,12768.399287100186,0.8866943949375129,0.1,1.0872324286103374,0.0,0.0054259246275212,69.65716876725855,0.0056780066139925,72.89335774521714,-0.0002702396245408,-3.4495952120196307,-1.6713904077869657e-05,-0.2134062340610398
ARCX.PILLAR,500,QUOTE_TRADE_WITH_REST_BASKET,AT_T,FULL,DLTR,0.0008999997377395,21600,7200,14400,1.0,21408.868677590028,1.4867269914993075,0.1,0.9211518076565236,0.0,21336.510603321178,1.4817021252306373,0.1,0.9212810315735626,0.0,21347.525591568585,1.4824670549700407,0.1,0.9191263863810516,0.0,21333.5915646618,1.4814994142126248,0.1,0.9214756207518456,0.0,0.0033798177455585,72.35807426885003,0.0028653118922464,61.34308602144301,0.000652723279193,13.93402690678704,0.0001368095614906,2.9190386593800213
ARCX.PILLAR,500,QUOTE_TRADE_WITH_REST_BASKET,AT_T,FULL,EBAY,0.0006999999284744,21600,7200,14400,1.0,20127.77249815963,1.3977619790388631,1.0,1.3182490574165548,0.0,20079.591045152,1.394416044802222,1.0,1.3123501266985331,0.0,20091.748126837232,1.395260286585919,1.0,1.3122381566375527,0.0,20079.947495353503,1.3944407982884377,1.0,1.310024703031762,0.0,0.002393779689831,48.181453007633536,0.0017897843055256,36.0243713223972,0.0005873372197,11.800631483729376,-1.775186559860309e-05,-0.3564502015069593
ARCX.PILLAR,500,QUOTE_TRADE_WITH_REST_BASKET,AT_T,FULL,GOOG,0.0145999908447265,21600,7200,14400,1.0,16122.70695905046,1.1196324277118377,1.0,1.2668715622811464,0.0,16118.726034006348,1.1193559745837742,1.0,1.266681649067772,0.0,16114.576075192785,1.1190677829994988,1.0,1.266234589450873,0.0,16114.906790816734,1.1190907493622733,1.0,1.2663998518792767,0.0,0.00024691418471,3.980925044112155,0.0005043125747014,8.130883857675144,-2.052276289532529e-05,-0.3307156239497999,0.0002369444819371,3.819243189613189
ARCX.PILLAR,500,QUOTE_TRADE_WITH_REST_BASKET,AT_T,FULL,KEY,0.000499999821186,21600,7200,14400,1.0,57154.10466395508,3.969035046107992,0.1,4.584836783608978,0.0,57023.356458161375,3.95995530959454,0.1,4.601208423119483,0.0,57007.32128295614,3.958841755760843,0.1,4.592763120774666,0.0,57029.3350267052,3.960370487965639,0.1,4.607753081773067,0.0,0.0022876433208507,130.74820579370137,0.0025682036637958,146.7833809989388,-0.0003861564313782,-22.013743749063,-0.0001048442062194,-5.978568543825531
ARCX.PILLAR,500,QUOTE_TRADE_WITH_REST_BASKET,AT_T,FULL,KHC,0.0009999996423721,21600,7200,14400,1.0,11349.017281802706,0.7881262001251879,0.1,0.530643257451981,0.0,11354.59717606581,0.788513692782348,0.1,0.5313809541423861,0.0,11354.48647805925,0.7885060054207813,0.1,0.5306523598347946,0.0,11361.793970272176,0.78901347015779,0.1,0.5312738733789737,0.0,-0.0004916632096465,-5.5798942631045065,-0.000481909236786,-5.469196256544819,-0.0006435775168736,-7.307492212925354,-0.0006338220629733,-7.1967942063656665
ARCX.PILLAR,500,QUOTE_TRADE_WITH_REST_BASKET,AT_T,FULL,KO,0.0076999998092651,21600,7200,14400,1.0,7012.955194373331,0.4870107773870369,0.1,0.2785383874045559,0.0,7012.910576772614,0.4870076789425426,0.1,0.2787410209035386,0.0,7012.788418718366,0.486999195744331,0.1,0.2784756265077117,0.0,7014.842334156958,0.4871418287608998,0.1,0.2786695899073559,0.0,6.362168227358467e-06,0.0446176007171743,2.3781080919937917e-05,0.1667756549650221,-0.0002928814211917,-2.0539154385915026,-0.000275457295968,-1.9317573843436548
ARCX.PILLAR,500,QUOTE_TRADE_WITH_REST_BASKET,AT_T,FULL,LLY,0.0089999961853027,21600,7200,14400,1.0,23660.761087508825,1.6431084088547796,0.1,0.968068866867546,0.0,23675.148351051652,1.6441075243785872,0.1,0.968335648088436,0.0,23653.247738940503,1.6425866485375349,0.1,0.9684010823618946,0.0,23671.204213860423,1.6438336259625297,0.1,0.9684310104402728,0.0,-0.0006080642752623,-14.387263542830624,0.0003175446698664,7.513348568321817,-0.000759154730805,-17.956474919919856,0.0001665939800143,3.944137191232585
ARCX.PILLAR,500,QUOTE_TRADE_WITH_REST_BASKET,AT_T,FULL,MMC,0.0025999999046325,21600,7200,14400,1.0,11217.258931326458,0.7789763146754485,0.1,0.8888126681248862,0.0,11201.28081612404,0.7778667233419473,1.0,0.8913591135102836,0.0,11214.741628245658,0.778801501961504,0.1,0.8895066864608142,0.0,11199.784738301194,0.777762829048694,1.0,0.8911893763094942,0.0,0.0014244224279957,15.97811520241703,0.0002244133879953,2.517303080800048,0.0013336811885877,14.95688994446391,0.0001335631029527,1.496077822846928
ARCX.PILLAR,500,QUOTE_TRADE_WITH_REST_BASKET,AT_T,FULL,MNST,0.0011999994516372,21600,7200,14400,1.0,12052.574157588491,0.8369843164992009,0.1,1.1989166400083264,0.0,12051.214774507236,0.8368899148963358,0.1,1.1994175225326544,0.0,12034.55825054674,0.8357332118435237,0.1,1.1993162981995649,0.0,12044.995608655969,0.8364580283788866,0.1,1.199414126058408,0.0,0.0001127877798952,1.359383081256965,0.0014947767013248,18.015907041752143,-0.0008672821961497,-10.437358109225896,0.0005160613239111,6.219165851269281
ARCX.PILLAR,500,QUOTE_TRADE_WITH_REST_BASKET,AT_T,FULL,MRK,0.0087999963760375,21600,7200,14400,1.0,11317.305653563497,0.7859240037196873,1.0,0.93256876845359,0.0,11313.272113305522,0.7856438967573279,1.0,0.9320934204582288,0.0,11315.87027678846,0.7858243247769764,1.0,0.9322935029598696,0.0,11313.742996251842,0.7856765969619335,1.0,0.9319334013638666,0.0,0.0003564046409495,4.033540257974892,0.0001268302561558,1.435376775036275,0.0001879908910746,2.127280536618855,-4.162217098668819e-05,-0.4708829463197617
ARCX.PILLAR,500,QUOTE_TRADE_WITH_REST_BASKET,AT_T,FULL,NDSN,0.0003999999165534,21591,7193,14400,1.0,21171.670027593034,1.470254863027294,100.0,1.2326168677588911,7.192460317460317e-05,21171.26318679427,1.4702266101940464,100.0,1.2326001811428056,5.517503805175038e-05,21171.27058698969,1.470227124096506,100.0,1.2325995765279658,6.293402777777778e-05,21170.875240531845,1.470199669481378,100.0,1.2325836023947352,4.972565157750343e-05,1.9216282807876794e-05,0.4068407987651881,1.8866749898593937e-05,0.3994406033452833,1.8673723724771385e-05,0.3953464578444254,1.8324190625862435e-05,0.3879462624245207
ARCX.PILLAR,500,QUOTE_TRADE_WITH_REST_BASKET,AT_T,FULL,NWSA,0.0001999999582767,21600,7200,14400,1.0,15917.219050529451,1.1053624340645454,0.1,1.260826479303544,1.3640873015873016e-05,15793.593125234533,1.0967773003635093,0.1,1.253420467890881,1.0464231354642314e-05,15790.26286676792,1.096546032414439,0.1,1.2550264263962896,1.193576388888889e-05,15783.386867591516,1.096068532471633,0.1,1.2535815219233786,9.430727023319617e-06,0.0077668042955536,123.62592529492032,0.0079760279329265,126.95618376153288,0.0004354581829587,6.875999176403639,0.0006462277179161,10.206257643016215
ARCX.PILLAR,500,QUOTE_TRADE_WITH_REST_BASKET,AT_T,FULL,PG,0.0111999988555908,21600,7200,14400,1.0,7138.563234869464,0.4957335579770461,1.0,0.5033037993256494,0.0,7134.467505108183,0.4954491322991793,1.0,0.5034643911213446,0.0,7135.798345088226,0.4955415517422379,1.0,0.5031882824036487,0.0,7133.165234004007,0.4953586968058338,1.0,0.5033849166642723,0.0,0.0005737470729787,4.095729761280381,0.0003873174041146,2.764889781237798,0.0003690002094903,2.633111084218399,0.0001825323478231,1.3022711041758157
ARCX.PILLAR,500,QUOTE_TRADE_WITH_REST_BASKET,AT_T,FULL,RSG,0.0007999998331069,21600,7200,14400,1.0,10924.588770748338,0.7586519979686346,0.1,0.9750526093329868,0.0,10924.393296218608,0.7586384233485145,0.1,0.9781211295439072,0.0,10921.713949950934,0.7584523576354816,0.1,0.9762346695946358,0.0,10932.61976182435,0.7592097056822465,0.1,0.9786109529091808,0.0,1.789307898281134e-05,0.1954745297298359,0.0002631513970668,2.874820797404027,-0.0009985439944126,-10.905811873415589,-0.0007530363822207,-8.226465605741396
ARCX.PILLAR,500,QUOTE_TRADE_WITH_REST_BASKET,AT_T,FULL,TJX,0.0028999996185302,21600,7200,14400,1.0,8993.716957965422,0.6245636776364877,1.0,0.7730543813470594,0.0,8951.101651731515,0.621604281370244,1.0,0.772773756230349,0.0,8962.260187498581,0.6223791796874014,1.0,0.7725136146622291,0.0,8941.780896414559,0.6209570066954555,1.0,0.7728681945541002,0.0,0.0047383419372748,42.61530623390718,0.0034976384751557,31.45677046684068,0.0022850587525442,20.479291084022407,0.0010412970022692,9.32075531695591
ARCX.PILLAR,500,QUOTE_TRADE_WITH_REST_BASKET,AT_T,FULL,V,0.0105999946594238,21600,7200,14400,1.0,8159.443284206058,0.566628005847643,1.0,0.564568129841785,0.0,8097.960060101606,0.562358337507056,1.0,0.5614479075789708,0.0,8101.380551706127,0.5625958716462588,1.0,0.561745995880179,0.0,8082.129147669562,0.561258968588164,1.0,0.5609217625453832,0.0,0.0075352229267237,61.48322410445144,0.0071160164336604,58.06273249993046,0.002376311532793,19.251404036564963,0.0019549259708061,15.830912432043988
ARCX.PILLAR,500,QUOTE_TRADE_WITH_REST_BASKET,AT_T,FULL,WST,0.000499999821186,21595,7200,14400,1.0,45905.97495487561,3.187914927421917,0.01,4.925024006640753,0.0,45939.40316564057,3.190236330947262,0.01,4.9221508455654215,0.0,45900.79297175174,3.1875550674827595,0.01,4.924801016566616,0.0,45936.135097048784,3.190009381739499,0.01,4.9228298037058575,0.0,-0.0007281886682033,-33.428210764963296,0.0001128825415201,5.181983123868122,-0.0007699676412735,-35.34212529704382,7.113868197206052e-05,3.268068591787596
ARCX.PILLAR,500,QUOTE_TRADE_WITH_REST_BASKET,AT_T,FULL,XYL,0.0005999997258186,21600,7200,14400,1.0,22332.16468517676,1.5508447698039416,0.1,1.3015641547316297,0.0,22196.21882635436,1.5414040851634971,0.1,1.2966047128544216,0.0,22221.65041235803,1.5431701675248632,0.1,1.2969003094513305,0.0,22203.39666071948,1.5419025458832971,0.1,1.297548817862327,0.0,0.0060874465480114,135.94585882240062,0.0049486592265766,110.51427281872748,0.0008214399605709,18.253751638549147,-0.000323380951561,-7.177834365123999
ARCX.PILLAR,500,QUOTE_TRADE_WITH_REST_BASKET,AT_T_MINUS_1S,ES_VALID,AAPL,0.0604999923706054,21600,7200,14400,1.0,9801.610732495225,0.6806674119788351,1.0,0.7154168567339978,0.0,9791.564440266964,0.679969752796317,1.0,0.7153418815701285,0.0,9804.36109619806,0.6808584094581985,1.0,0.7155338878577998,0.0,9793.929847926567,0.6801340172171227,1.0,0.7155451580103808,0.0,0.0010249633965725,10.046292228260429,-0.0002806032373552,-2.750363702834875,0.0010639396253506,10.431248271492224,-0.0002415760703033,-2.365407659603079
ARCX.PILLAR,500,QUOTE_TRADE_WITH_REST_BASKET,AT_T_MINUS_1S,ES_VALID,ABBV,0.0088999986648559,21600,7200,14400,1.0,10033.36698963266,0.6967615965022681,1.0,0.9087626564472602,0.0,10027.769408201835,0.6963728755695718,1.0,0.9093308186298904,0.0,10033.027763249976,0.6967380391145815,1.0,0.9094183340729368,0.0,10028.588374515992,0.6964297482302773,1.0,0.90995206967587,0.0,0.0005578966100422,5.597581430825812,3.380982506040464e-05,0.33922638268632,0.0004424774692883,4.439388733982923,-8.166983910573578e-05,-0.8189663141565688
ARCX.PILLAR,500,QUOTE_TRADE_WITH_REST_BASKET,AT_T_MINUS_1S,ES_VALID,BDX,0.0021999990940093,21600,7200,14400,1.0,13782.446394488368,0.9571143329505812,0.1,1.324967398553493,2.48015873015873e-06,13799.11907771944,0.9582721581749613,0.1,1.32652320157313,1.902587519025875e-06,13799.827408725418,0.958321347828154,0.1,1.3267381851487805,2.170138888888889e-06,13807.980435095791,0.9588875302149856,0.1,1.3275577585742755,1.7146776406035663e-06,-0.001209704195747,-16.67268323107237,-0.0012610979023288,-17.381014237049385,-0.0005908064013335,-8.153026370373482,-0.0006421683388948,-8.861357376350497
ARCX.PILLAR,500,QUOTE_TRADE_WITH_REST_BASKET,AT_T_MINUS_1S,ES_VALID,CMI,0.0010999995470047,21600,7200,14400,1.0,20728.276637275023,1.4394636553663211,10.0,1.3113606863367284,0.0,20595.33684253403,1.4302317251759744,1.0,1.3087170716312313,0.0,20609.07787378034,1.431185963456968,1.0,1.3105946013308174,0.0,20585.78228993467,1.4295682145787965,1.0,1.3082037042788797,0.0,0.0064134513962406,132.9397947409925,0.005750539013954,119.19876349468176,0.0011303554670589,23.29558384567281,0.0004639182486994,9.554552599362069
ARCX.PILLAR,500,QUOTE_TRADE_WITH_REST_BASKET,AT_T_MINUS_1S,ES_VALID,CVS,0.0037999987602233,21600,7200,14400,1.0,12837.843049633384,0.8915168784467628,1.0,1.0904107579758175,0.0,12768.185880866124,0.8866795750601476,0.1,1.0878253139102894,0.0,12836.360844249455,0.8914139475173233,1.0,1.0906242144697984,0.0,12773.71841291125,0.8870637786743923,0.1,1.0887544783895453,0.0,0.0054259246275212,69.65716876725855,0.0001154559514552,1.4822053839288856,0.0048800771572472,62.64243133820492,-0.0004333060386765,-5.5325320451247535
ARCX.PILLAR,500,QUOTE_TRADE_WITH_REST_BASKET,AT_T_MINUS_1S,ES_VALID,DLTR,0.0008999997377395,21600,7200,14400,1.0,21408.868677590028,1.4867269914993075,0.1,0.9211518076565236,0.0,21336.510603321178,1.4817021252306373,0.1,0.9212810315735626,0.0,21396.743461681486,1.4858849626167698,0.1,0.9203152583081474,0.0,21336.266113506783,1.4816851467713044,0.1,0.9211517132124216,0.0,0.0033798177455585,72.35807426885003,0.0005663641592249,12.125215908541575,0.0028264744250923,60.477348174703366,1.1458753445658942e-05,0.2444898143949103
ARCX.PILLAR,500,QUOTE_TRADE_WITH_REST_BASKET,AT_T_MINUS_1S,ES_VALID,EBAY,0.0006999999284744,21600,7200,14400,1.0,20127.77249815963,1.3977619790388631,1.0,1.3182490574165548,0.0,20079.591045152,1.394416044802222,1.0,1.3123501266985331,0.0,20118.24276520033,1.3971001920278008,1.0,1.31738423030098,0.0,20074.18978171553,1.394040957063578,1.0,1.311657686145703,0.0,0.002393779689831,48.181453007633536,0.0004734618776205,9.52973295929769,0.0021897033453143,44.052983484805736,0.0002689927013117,5.40126343646989
ARCX.PILLAR,500,QUOTE_TRADE_WITH_REST_BASKET,AT_T_MINUS_1S,ES_VALID,GOOG,0.0145999908447265,21600,7200,14400,1.0,16122.70695905046,1.1196324277118377,1.0,1.2668715622811464,0.0,16118.726034006348,1.1193559745837742,1.0,1.266681649067772,0.0,16123.80239205385,1.119708499448184,1.0,1.266419083088195,0.0,16119.606123475283,1.1194170919080058,1.0,1.2662482844035536,0.0,0.00024691418471,3.980925044112155,-6.794349151006962e-05,-1.0954330033910082,0.0002602530393597,4.196268578567469,-5.460043598226605e-05,-0.8800894689356937
ARCX.PILLAR,500,QUOTE_TRADE_WITH_REST_BASKET,AT_T_MINUS_1S,ES_VALID,KEY,0.000499999821186,21600,7200,14400,1.0,57154.10466395508,3.969035046107992,0.1,4.584836783608978,0.0,57023.356458161375,3.95995530959454,0.1,4.601208423119483,0.0,57189.30169743203,3.97147928454389,0.1,4.58708956654116,0.0,57064.443413975445,3.962808570414962,0.1,4.603798894522849,0.0,0.0022876433208507,130.74820579370137,-0.0006158268716462,-35.19703347695031,0.0021832454628868,124.85828345658228,-0.0007205285406903,-41.08695581406937
ARCX.PILLAR,500,QUOTE_TRADE_WITH_REST_BASKET,AT_T_MINUS_1S,ES_VALID,KHC,0.0009999996423721,21600,7200,14400,1.0,11349.017281802706,0.7881262001251879,0.1,0.530643257451981,0.0,11354.59717606581,0.788513692782348,0.1,0.5313809541423861,0.0,11349.522151183071,0.7881612604988244,0.1,0.5309464995244988,0.0,11355.137648943184,0.7885512256210544,0.1,0.5316790132386423,0.0,-0.0004916632096465,-5.5798942631045065,-4.448573544557632e-05,-0.5048693803655624,-0.0004947783426747,-5.615497760112703,-4.759947614108029e-05,-0.5404728773737588
ARCX.PILLAR,500,QUOTE_TRADE_WITH_REST_BASKET,AT_T_MINUS_1S,ES_VALID,KO,0.0076999998092651,21600,7200,14400,1.0,7012.955194373331,0.4870107773870369,0.1,0.2785383874045559,0.0,7012.910576772614,0.4870076789425426,0.1,0.2787410209035386,0.0,7014.517280013487,0.4871192555564921,0.1,0.2786509583633326,0.0,7015.013406511837,0.4871537087855442,0.1,0.2788371634620686,0.0,6.362168227358467e-06,0.0446176007171743,-0.0002227428518877,-1.5620856401556011,-7.072853035294813e-05,-0.4961264983503497,-0.0002998512124463,-2.102829739223125
ARCX.PILLAR,500,QUOTE_TRADE_WITH_REST_BASKET,AT_T_MINUS_1S,ES_VALID,LLY,0.0089999961853027,21600,7200,14400,1.0,23660.761087508825,1.6431084088547796,0.1,0.968068866867546,0.0,23675.148351051652,1.6441075243785872,0.1,0.968335648088436,0.0,23656.80670327506,1.6428337988385455,0.1,0.969219666177925,0.0,23672.17081340451,1.6439007509308687,0.1,0.9695371308100714,0.0,-0.0006080642752623,-14.387263542830624,0.0001671283615578,3.954384233766177,-0.0006494583280898,-15.364110129452456,0.0001257663775953,2.977537647144345
ARCX.PILLAR,500,QUOTE_TRADE_WITH_REST_BASKET,AT_T_MINUS_1S,ES_VALID,MMC,0.0025999999046325,21600,7200,14400,1.0,11217.258931326458,0.7789763146754485,0.1,0.8888126681248862,0.0,11201.28081612404,0.7778667233419473,1.0,0.8913591135102836,0.0,11236.188981497726,0.7802909014928976,0.1,0.8884814110105802,0.0,11203.467241766888,0.7780185584560338,1.0,0.8910497929957415,0.0,0.0014244224279957,15.97811520241703,-0.0016875825268152,-18.930050171267798,0.0029121742064608,32.721739730837726,-0.0001951942531162,-2.186425642847098
ARCX.PILLAR,500,QUOTE_TRADE_WITH_REST_BASKET,AT_T_MINUS_1S,ES_VALID,MNST,0.0011999994516372,21600,7200,14400,1.0,12052.574157588491,0.8369843164992009,0.1,1.1989166400083264,0.0,12051.214774507236,0.8368899148963358,0.1,1.1994175225326544,0.0,12049.551971303732,0.836774442451648,0.1,1.19939814654029,0.0,12050.019330442608,0.8368068979474033,0.1,1.1996823124985212,0.0,0.0001127877798952,1.359383081256965,0.0002507502750238,3.022186284761119,-3.878643288879324e-05,-0.467359138874599,9.919697615534684e-05,1.1954440646295552
ARCX.PILLAR,500,QUOTE_TRADE_WITH_REST_BASKET,AT_T_MINUS_1S,ES_VALID,MRK,0.0087999963760375,21600,7200,14400,1.0,11317.305653563497,0.7859240037196873,1.0,0.93256876845359,0.0,11313.272113305522,0.7856438967573279,1.0,0.9320934204582288,0.0,11316.748219652402,0.7858852930314167,1.0,0.9325379710754932,0.0,11312.279346960386,0.7855749546500268,1.0,0.9320449705700116,0.0,0.0003564046409495,4.033540257974892,4.925500186692133e-05,0.5574339110953588,0.0003948901756297,4.468872692015793,8.77523615796516e-05,0.9927663451362604
ARCX.PILLAR,500,QUOTE_TRADE_WITH_REST_BASKET,AT_T_MINUS_1S,ES_VALID,NDSN,0.0003999999165534,21591,7193,14400,1.0,21171.670027593034,1.470254863027294,100.0,1.2326168677588911,7.192460317460317e-05,21171.26318679427,1.4702266101940464,100.0,1.2326001811428056,5.517503805175038e-05,21171.52953910765,1.470245106882476,100.0,1.2326130639268458,6.293402777777778e-05,21171.125858446765,1.4702170735032476,100.0,1.2325965875978608,4.972565157750343e-05,1.9216282807876794e-05,0.4068407987651881,6.635682740063764e-06,0.1404884853800467,1.9067146761586606e-05,0.403680660889222,6.4865448174966645e-06,0.1373283475040807
ARCX.PILLAR,500,QUOTE_TRADE_WITH_REST_BASKET,AT_T_MINUS_1S,ES_VALID,NWSA,0.0001999999582767,21600,7200,14400,1.0,15917.219050529451,1.1053624340645454,0.1,1.260826479303544,1.3640873015873016e-05,15793.593125234533,1.0967773003635093,0.1,1.253420467890881,1.0464231354642314e-05,15907.417398631844,1.104681763793878,0.1,1.2605060252186755,1.193576388888889e-05,15795.01041046696,1.0968757229490944,0.1,1.2534694804284991,9.430727023319617e-06,0.0077668042955536,123.62592529492032,0.0006157892196176,9.80165189760919,0.0070663254347341,112.40698816488477,-8.973798559885893e-05,-1.4172852324263658
ARCX.PILLAR,500,QUOTE_TRADE_WITH_REST_BASKET,AT_T_MINUS_1S,ES_VALID,PG,0.0111999988555908,21600,7200,14400,1.0,7138.563234869464,0.4957335579770461,1.0,0.5033037993256494,0.0,7134.467505108183,0.4954491322991793,1.0,0.5034643911213446,0.0,7138.369239776113,0.4957200860955634,1.0,0.5034903973525469,0.0,7134.117672814769,0.4954248383899145,1.0,0.5036548175616299,0.0,0.0005737470729787,4.095729761280381,2.717564963250485e-05,0.1939950933501677,0.0005955935898711,4.251566961343997,4.903411406154135e-05,0.3498322934137832
ARCX.PILLAR,500,QUOTE_TRADE_WITH_REST_BASKET,AT_T_MINUS_1S,ES_VALID,RSG,0.0007999998331069,21600,7200,14400,1.0,10924.588770748338,0.7586519979686346,0.1,0.9750526093329868,0.0,10924.393296218608,0.7586384233485145,0.1,0.9781211295439072,0.0,10926.625477653057,0.7587934359481289,0.1,0.977213365068626,0.0,10928.528325389643,0.7589255781520585,0.1,0.980221077142779,0.0,1.789307898281134e-05,0.1954745297298359,-0.000186433278859,-2.036706904716993,-0.0001741477952621,-1.902847736588228,-0.0003785133928184,-4.1350291710350575
ARCX.PILLAR,500,QUOTE_TRADE_WITH_REST_BASKET,AT_T_MINUS_1S,ES_VALID,TJX,0.0028999996185302,21600,7200,14400,1.0,8993.716957965422,0.6245636776364877,1.0,0.7730543813470594,0.0,8951.101651731515,0.621604281370244,1.0,0.772773756230349,0.0,8993.372908154768,0.6245397852885256,1.0,0.7729577798127659,0.0,8952.175392184476,0.6216788466794775,1.0,0.7726776242009007,0.0,0.0047383419372748,42.61530623390718,3.825446278349354e-05,0.3440498106538143,0.004580874872089,41.19751597029244,-0.0001199562349682,-1.0737404529609194
ARCX.PILLAR,500,QUOTE_TRADE_WITH_REST_BASKET,AT_T_MINUS_1S,ES_VALID,V,0.0105999946594238,21600,7200,14400,1.0,8159.443284206058,0.566628005847643,1.0,0.564568129841785,0.0,8097.960060101606,0.562358337507056,1.0,0.5614479075789708,0.0,8146.768483796547,0.5657478113747603,1.0,0.5634538248439102,0.0,8092.949662393717,0.5620103932217859,1.0,0.5610233079431644,0.0,0.0075352229267237,61.48322410445144,0.0015533903439276,12.67480040951068,0.0066061557425955,53.8188214028296,0.0006187234403112,5.010397707888842
ARCX.PILLAR,500,QUOTE_TRADE_WITH_REST_BASKET,AT_T_MINUS_1S,ES_VALID,WST,0.000499999821186,21595,7200,14400,1.0,45905.97495487561,3.187914927421917,0.01,4.925024006640753,0.0,45939.40316564057,3.190236330947262,0.01,4.9221508455654215,0.0,45921.47267948427,3.188991158297519,0.01,4.920721462239684,0.0,45953.900696317,3.191243103910903,0.01,4.922036911043323,0.0,-0.0007281886682033,-33.428210764963296,-0.0003375971128789,-15.497724608663702,-0.0007061623885424,-32.42801683273137,-0.0003155794302367,-14.49753067643178
ARCX.PILLAR,500,QUOTE_TRADE_WITH_REST_BASKET,AT_T_MINUS_1S,ES_VALID,XYL,0.0005999997258186,21600,7200,14400,1.0,22332.16468517676,1.5508447698039416,0.1,1.3015641547316297,0.0,22196.21882635436,1.5414040851634971,0.1,1.2966047128544216,0.0,22282.20546619729,1.5473753795970344,0.1,1.29805467468395,0.0,22194.45713199136,1.5412817452771774,0.1,1.2954377385224147,0.0,0.0060874465480114,135.94585882240062,0.0022370970160642,49.95921897946391,0.0039380452863634,87.74833420593859,7.936912033457144e-05,1.7616943630018795
ARCX.PILLAR,500,QUOTE_TRADE_WITH_REST_BASKET,AT_T_MINUS_1S,FULL,AAPL,0.0604999923706054,21600,7200,14400,1.0,9801.610732495225,0.6806674119788351,1.0,0.7154168567339978,0.0,9791.564440266964,0.679969752796317,1.0,0.7153418815701285,0.0,9804.36109619806,0.6808584094581985,1.0,0.7155338878577998,0.0,9793.929847926567,0.6801340172171227,1.0,0.7155451580103808,0.0,0.0010249633965725,10.046292228260429,-0.0002806032373552,-2.750363702834875,0.0010639396253506,10.431248271492224,-0.0002415760703033,-2.365407659603079
ARCX.PILLAR,500,QUOTE_TRADE_WITH_REST_BASKET,AT_T_MINUS_1S,FULL,ABBV,0.0088999986648559,21600,7200,14400,1.0,10033.36698963266,0.6967615965022681,1.0,0.9087626564472602,0.0,10027.769408201835,0.6963728755695718,1.0,0.9093308186298904,0.0,10033.027763249976,0.6967380391145815,1.0,0.9094183340729368,0.0,10028.588374515992,0.6964297482302773,1.0,0.90995206967587,0.0,0.0005578966100422,5.597581430825812,3.380982506040464e-05,0.33922638268632,0.0004424774692883,4.439388733982923,-8.166983910573578e-05,-0.8189663141565688
ARCX.PILLAR,500,QUOTE_TRADE_WITH_REST_BASKET,AT_T_MINUS_1S,FULL,BDX,0.0021999990940093,21600,7200,14400,1.0,13782.446394488368,0.9571143329505812,0.1,1.324967398553493,2.48015873015873e-06,13799.11907771944,0.9582721581749613,0.1,1.32652320157313,1.902587519025875e-06,13799.827408725418,0.958321347828154,0.1,1.3267381851487805,2.170138888888889e-06,13807.980435095791,0.9588875302149856,0.1,1.3275577585742755,1.7146776406035663e-06,-0.001209704195747,-16.67268323107237,-0.0012610979023288,-17.381014237049385,-0.0005908064013335,-8.153026370373482,-0.0006421683388948,-8.861357376350497
ARCX.PILLAR,500,QUOTE_TRADE_WITH_REST_BASKET,AT_T_MINUS_1S,FULL,CMI,0.0010999995470047,21600,7200,14400,1.0,20728.276637275023,1.4394636553663211,10.0,1.3113606863367284,0.0,20595.33684253403,1.4302317251759744,1.0,1.3087170716312313,0.0,20609.07787378034,1.431185963456968,1.0,1.3105946013308174,0.0,20585.78228993467,1.4295682145787965,1.0,1.3082037042788797,0.0,0.0064134513962406,132.9397947409925,0.005750539013954,119.19876349468176,0.0011303554670589,23.29558384567281,0.0004639182486994,9.554552599362069
ARCX.PILLAR,500,QUOTE_TRADE_WITH_REST_BASKET,AT_T_MINUS_1S,FULL,CVS,0.0037999987602233,21600,7200,14400,1.0,12837.843049633384,0.8915168784467628,1.0,1.0904107579758175,0.0,12768.185880866124,0.8866795750601476,0.1,1.0878253139102894,0.0,12836.360844249455,0.8914139475173233,1.0,1.0906242144697984,0.0,12773.71841291125,0.8870637786743923,0.1,1.0887544783895453,0.0,0.0054259246275212,69.65716876725855,0.0001154559514552,1.4822053839288856,0.0048800771572472,62.64243133820492,-0.0004333060386765,-5.5325320451247535
ARCX.PILLAR,500,QUOTE_TRADE_WITH_REST_BASKET,AT_T_MINUS_1S,FULL,DLTR,0.0008999997377395,21600,7200,14400,1.0,21408.868677590028,1.4867269914993075,0.1,0.9211518076565236,0.0,21336.510603321178,1.4817021252306373,0.1,0.9212810315735626,0.0,21396.743461681486,1.4858849626167698,0.1,0.9203152583081474,0.0,21336.266113506783,1.4816851467713044,0.1,0.9211517132124216,0.0,0.0033798177455585,72.35807426885003,0.0005663641592249,12.125215908541575,0.0028264744250923,60.477348174703366,1.1458753445658942e-05,0.2444898143949103
ARCX.PILLAR,500,QUOTE_TRADE_WITH_REST_BASKET,AT_T_MINUS_1S,FULL,EBAY,0.0006999999284744,21600,7200,14400,1.0,20127.77249815963,1.3977619790388631,1.0,1.3182490574165548,0.0,20079.591045152,1.394416044802222,1.0,1.3123501266985331,0.0,20118.24276520033,1.3971001920278008,1.0,1.31738423030098,0.0,20074.18978171553,1.394040957063578,1.0,1.311657686145703,0.0,0.002393779689831,48.181453007633536,0.0004734618776205,9.52973295929769,0.0021897033453143,44.052983484805736,0.0002689927013117,5.40126343646989
ARCX.PILLAR,500,QUOTE_TRADE_WITH_REST_BASKET,AT_T_MINUS_1S,FULL,GOOG,0.0145999908447265,21600,7200,14400,1.0,16122.70695905046,1.1196324277118377,1.0,1.2668715622811464,0.0,16118.726034006348,1.1193559745837742,1.0,1.266681649067772,0.0,16123.80239205385,1.119708499448184,1.0,1.266419083088195,0.0,16119.606123475283,1.1194170919080058,1.0,1.2662482844035536,0.0,0.00024691418471,3.980925044112155,-6.794349151006962e-05,-1.0954330033910082,0.0002602530393597,4.196268578567469,-5.460043598226605e-05,-0.8800894689356937
ARCX.PILLAR,500,QUOTE_TRADE_WITH_REST_BASKET,AT_T_MINUS_1S,FULL,KEY,0.000499999821186,21600,7200,14400,1.0,57154.10466395508,3.969035046107992,0.1,4.584836783608978,0.0,57023.356458161375,3.95995530959454,0.1,4.601208423119483,0.0,57189.30169743203,3.97147928454389,0.1,4.58708956654116,0.0,57064.443413975445,3.962808570414962,0.1,4.603798894522849,0.0,0.0022876433208507,130.74820579370137,-0.0006158268716462,-35.19703347695031,0.0021832454628868,124.85828345658228,-0.0007205285406903,-41.08695581406937
ARCX.PILLAR,500,QUOTE_TRADE_WITH_REST_BASKET,AT_T_MINUS_1S,FULL,KHC,0.0009999996423721,21600,7200,14400,1.0,11349.017281802706,0.7881262001251879,0.1,0.530643257451981,0.0,11354.59717606581,0.788513692782348,0.1,0.5313809541423861,0.0,11349.522151183071,0.7881612604988244,0.1,0.5309464995244988,0.0,11355.137648943184,0.7885512256210544,0.1,0.5316790132386423,0.0,-0.0004916632096465,-5.5798942631045065,-4.448573544557632e-05,-0.5048693803655624,-0.0004947783426747,-5.615497760112703,-4.759947614108029e-05,-0.5404728773737588
ARCX.PILLAR,500,QUOTE_TRADE_WITH_REST_BASKET,AT_T_MINUS_1S,FULL,KO,0.0076999998092651,21600,7200,14400,1.0,7012.955194373331,0.4870107773870369,0.1,0.2785383874045559,0.0,7012.910576772614,0.4870076789425426,0.1,0.2787410209035386,0.0,7014.517280013487,0.4871192555564921,0.1,0.2786509583633326,0.0,7015.013406511837,0.4871537087855442,0.1,0.2788371634620686,0.0,6.362168227358467e-06,0.0446176007171743,-0.0002227428518877,-1.5620856401556011,-7.072853035294813e-05,-0.4961264983503497,-0.0002998512124463,-2.102829739223125
ARCX.PILLAR,500,QUOTE_TRADE_WITH_REST_BASKET,AT_T_MINUS_1S,FULL,LLY,0.0089999961853027,21600,7200,14400,1.0,23660.761087508825,1.6431084088547796,0.1,0.968068866867546,0.0,23675.148351051652,1.6441075243785872,0.1,0.968335648088436,0.0,23656.80670327506,1.6428337988385455,0.1,0.969219666177925,0.0,23672.17081340451,1.6439007509308687,0.1,0.9695371308100714,0.0,-0.0006080642752623,-14.387263542830624,0.0001671283615578,3.954384233766177,-0.0006494583280898,-15.364110129452456,0.0001257663775953,2.977537647144345
ARCX.PILLAR,500,QUOTE_TRADE_WITH_REST_BASKET,AT_T_MINUS_1S,FULL,MMC,0.0025999999046325,21600,7200,14400,1.0,11217.258931326458,0.7789763146754485,0.1,0.8888126681248862,0.0,11201.28081612404,0.7778667233419473,1.0,0.8913591135102836,0.0,11236.188981497726,0.7802909014928976,0.1,0.8884814110105802,0.0,11203.467241766888,0.7780185584560338,1.0,0.8910497929957415,0.0,0.0014244224279957,15.97811520241703,-0.0016875825268152,-18.930050171267798,0.0029121742064608,32.721739730837726,-0.0001951942531162,-2.186425642847098
ARCX.PILLAR,500,QUOTE_TRADE_WITH_REST_BASKET,AT_T_MINUS_1S,FULL,MNST,0.0011999994516372,21600,7200,14400,1.0,12052.574157588491,0.8369843164992009,0.1,1.1989166400083264,0.0,12051.214774507236,0.8368899148963358,0.1,1.1994175225326544,0.0,12049.551971303732,0.836774442451648,0.1,1.19939814654029,0.0,12050.019330442608,0.8368068979474033,0.1,1.1996823124985212,0.0,0.0001127877798952,1.359383081256965,0.0002507502750238,3.022186284761119,-3.878643288879324e-05,-0.467359138874599,9.919697615534684e-05,1.1954440646295552
ARCX.PILLAR,500,QUOTE_TRADE_WITH_REST_BASKET,AT_T_MINUS_1S,FULL,MRK,0.0087999963760375,21600,7200,14400,1.0,11317.305653563497,0.7859240037196873,1.0,0.93256876845359,0.0,11313.272113305522,0.7856438967573279,1.0,0.9320934204582288,0.0,11316.748219652402,0.7858852930314167,1.0,0.9325379710754932,0.0,11312.279346960386,0.7855749546500268,1.0,0.9320449705700116,0.0,0.0003564046409495,4.033540257974892,4.925500186692133e-05,0.5574339110953588,0.0003948901756297,4.468872692015793,8.77523615796516e-05,0.9927663451362604
ARCX.PILLAR,500,QUOTE_TRADE_WITH_REST_BASKET,AT_T_MINUS_1S,FULL,NDSN,0.0003999999165534,21591,7193,14400,1.0,21171.670027593034,1.470254863027294,100.0,1.2326168677588911,7.192460317460317e-05,21171.26318679427,1.4702266101940464,100.0,1.2326001811428056,5.517503805175038e-05,21171.52953910765,1.470245106882476,100.0,1.2326130639268458,6.293402777777778e-05,21171.125858446765,1.4702170735032476,100.0,1.2325965875978608,4.972565157750343e-05,1.9216282807876794e-05,0.4068407987651881,6.635682740063764e-06,0.1404884853800467,1.9067146761586606e-05,0.403680660889222,6.4865448174966645e-06,0.1373283475040807
ARCX.PILLAR,500,QUOTE_TRADE_WITH_REST_BASKET,AT_T_MINUS_1S,FULL,NWSA,0.0001999999582767,21600,7200,14400,1.0,15917.219050529451,1.1053624340645454,0.1,1.260826479303544,1.3640873015873016e-05,15793.593125234533,1.0967773003635093,0.1,1.253420467890881,1.0464231354642314e-05,15907.417398631844,1.104681763793878,0.1,1.2605060252186755,1.193576388888889e-05,15795.01041046696,1.0968757229490944,0.1,1.2534694804284991,9.430727023319617e-06,0.0077668042955536,123.62592529492032,0.0006157892196176,9.80165189760919,0.0070663254347341,112.40698816488477,-8.973798559885893e-05,-1.4172852324263658
ARCX.PILLAR,500,QUOTE_TRADE_WITH_REST_BASKET,AT_T_MINUS_1S,FULL,PG,0.0111999988555908,21600,7200,14400,1.0,7138.563234869464,0.4957335579770461,1.0,0.5033037993256494,0.0,7134.467505108183,0.4954491322991793,1.0,0.5034643911213446,0.0,7138.369239776113,0.4957200860955634,1.0,0.5034903973525469,0.0,7134.117672814769,0.4954248383899145,1.0,0.5036548175616299,0.0,0.0005737470729787,4.095729761280381,2.717564963250485e-05,0.1939950933501677,0.0005955935898711,4.251566961343997,4.903411406154135e-05,0.3498322934137832
ARCX.PILLAR,500,QUOTE_TRADE_WITH_REST_BASKET,AT_T_MINUS_1S,FULL,RSG,0.0007999998331069,21600,7200,14400,1.0,10924.588770748338,0.7586519979686346,0.1,0.9750526093329868,0.0,10924.393296218608,0.7586384233485145,0.1,0.9781211295439072,0.0,10926.625477653057,0.7587934359481289,0.1,0.977213365068626,0.0,10928.528325389643,0.7589255781520585,0.1,0.980221077142779,0.0,1.789307898281134e-05,0.1954745297298359,-0.000186433278859,-2.036706904716993,-0.0001741477952621,-1.902847736588228,-0.0003785133928184,-4.1350291710350575
ARCX.PILLAR,500,QUOTE_TRADE_WITH_REST_BASKET,AT_T_MINUS_1S,FULL,TJX,0.0028999996185302,21600,7200,14400,1.0,8993.716957965422,0.6245636776364877,1.0,0.7730543813470594,0.0,8951.101651731515,0.621604281370244,1.0,0.772773756230349,0.0,8993.372908154768,0.6245397852885256,1.0,0.7729577798127659,0.0,8952.175392184476,0.6216788466794775,1.0,0.7726776242009007,0.0,0.0047383419372748,42.61530623390718,3.825446278349354e-05,0.3440498106538143,0.004580874872089,41.19751597029244,-0.0001199562349682,-1.0737404529609194
ARCX.PILLAR,500,QUOTE_TRADE_WITH_REST_BASKET,AT_T_MINUS_1S,FULL,V,0.0105999946594238,21600,7200,14400,1.0,8159.443284206058,0.566628005847643,1.0,0.564568129841785,0.0,8097.960060101606,0.562358337507056,1.0,0.5614479075789708,0.0,8146.768483796547,0.5657478113747603,1.0,0.5634538248439102,0.0,8092.949662393717,0.5620103932217859,1.0,0.5610233079431644,0.0,0.0075352229267237,61.48322410445144,0.0015533903439276,12.67480040951068,0.0066061557425955,53.8188214028296,0.0006187234403112,5.010397707888842
ARCX.PILLAR,500,QUOTE_TRADE_WITH_REST_BASKET,AT_T_MINUS_1S,FULL,WST,0.000499999821186,21595,7200,14400,1.0,45905.97495487561,3.187914927421917,0.01,4.925024006640753,0.0,45939.40316564057,3.190236330947262,0.01,4.9221508455654215,0.0,45921.47267948427,3.188991158297519,0.01,4.920721462239684,0.0,45953.900696317,3.191243103910903,0.01,4.922036911043323,0.0,-0.0007281886682033,-33.428210764963296,-0.0003375971128789,-15.497724608663702,-0.0007061623885424,-32.42801683273137,-0.0003155794302367,-14.49753067643178
ARCX.PILLAR,500,QUOTE_TRADE_WITH_REST_BASKET,AT_T_MINUS_1S,FULL,XYL,0.0005999997258186,21600,7200,14400,1.0,22332.16468517676,1.5508447698039416,0.1,1.3015641547316297,0.0,22196.21882635436,1.5414040851634971,0.1,1.2966047128544216,0.0,22282.20546619729,1.5473753795970344,0.1,1.29805467468395,0.0,22194.45713199136,1.5412817452771774,0.1,1.2954377385224147,0.0,0.0060874465480114,135.94585882240062,0.0022370970160642,49.95921897946391,0.0039380452863634,87.74833420593859,7.936912033457144e-05,1.7616943630018795
ARCX.PILLAR,500,QUOTE_WITH_REST_BASKET,AT_T,ES_VALID,AAPL,0.0604999923706054,21600,7200,14400,1.0,9797.711527177134,0.6803966338317454,1.0,0.7151959205859766,0.0,9787.917674931155,0.6797165052035524,1.0,0.7145790187736323,0.0,9786.262448858257,0.67960155894849,1.0,0.7143924741705039,0.0,9783.389176584054,0.6794020261516704,1.0,0.71418212773637,0.0,0.0009996061038144,9.793852245978997,0.0011685461739837,11.4490783188794,0.0002936026178753,2.8732722742006445,0.0004626620796678,4.528498347101049
ARCX.PILLAR,500,QUOTE_WITH_REST_BASKET,AT_T,ES_VALID,ABBV,0.0088999986648559,21600,7200,14400,1.0,10034.871150225896,0.6968660520990205,1.0,0.9096699414331876,0.0,10027.423423264534,0.6963488488378149,1.0,0.9100103769492892,0.0,10027.49987677744,0.6963541581095445,1.0,0.9097629490899302,0.0,10024.58765575236,0.6961519205383584,1.0,0.9100535179299674,0.0,0.0007421846130225,7.447726961361695,0.0007345658293069,7.371273448454303,0.0002904234416223,2.9122210250807257,0.0002828012134796,2.8357675121733337
ARCX.PILLAR,500,QUOTE_WITH_REST_BASKET,AT_T,ES_VALID,BDX,0.0021999990940093,21600,7200,14400,1.0,13817.974916901829,0.959581591451516,1.0,1.3298028688221064,4.789272030651341e-06,13822.008067811235,0.9598616713757804,1.0,1.3296023935080368,3.7537537537537537e-06,13819.311802246222,0.9596744307115432,1.0,1.330121632718541,3.7537537537537537e-06,13824.0600361801,0.9600041691791736,1.0,1.3299797227015049,3.08641975308642e-06,-0.0002918771334918,-4.033150909408505,-9.674973014739408e-05,-1.3368853443935222,-0.0003435940951201,-4.748233933876691,-0.0001484566033238,-2.051968368861708
ARCX.PILLAR,500,QUOTE_WITH_REST_BASKET,AT_T,ES_VALID,CMI,0.0010999995470047,21600,7200,14400,1.0,20730.162250089044,1.4395946007006282,10.0,1.3115124528223234,0.0,20610.757050031865,1.4313025729188795,1.0,1.310335518800593,0.0,20716.983138608724,1.438679384625606,10.0,1.3105164378049428,0.0,20706.001975619365,1.437916803862456,10.0,1.3096781289082415,0.0,0.0057599742161529,119.40520005717916,0.0006357456985298,13.179111480319987,0.0005300560856708,10.98116298935929,-0.0046211269851124,-95.24492558749988
ARCX.PILLAR,500,QUOTE_WITH_REST_BASKET,AT_T,ES_VALID,CVS,0.0037999987602233,21600,7200,14400,1.0,12841.375820974328,0.8917622097898839,1.0,1.0899080563342556,0.0,12781.06459983042,0.8875739305437792,0.1,1.0873829214783066,0.0,12777.866628225494,0.887351849182326,0.1,1.0869958678984153,0.0,12780.627893613337,0.8875436037231483,0.1,1.0867423725702052,0.0,0.004696632353474,60.31122114390746,0.0049456688780263,63.50919274883381,-0.0002160975277158,-2.761265387842286,3.416821921786717e-05,0.4367062170840654
ARCX.PILLAR,500,QUOTE_WITH_REST_BASKET,AT_T,ES_VALID,DLTR,0.0008999997377395,21600,7200,14400,1.0,21573.999983926507,1.4981944433282297,1.0,0.9277068563537731,0.0,21512.973768101157,1.4939565116736913,1.0,0.9259808465392824,0.0,21519.616295527605,1.4944177983005282,1.0,0.9253995108859314,0.0,21494.34041754476,1.492662528996164,1.0,0.9251977823146852,0.0,0.0028286926796523,61.02621582535357,0.0025207976471409,54.38368839890245,0.0011745505884367,25.275877982843667,0.0008661448090464,18.633350556392543
ARCX.PILLAR,500,QUOTE_WITH_REST_BASKET,AT_T,ES_VALID,EBAY,0.0006999999284744,21600,7200,14400,1.0,20137.37087579648,1.3984285330414223,1.0,1.317699257322192,0.0,20082.922481441827,1.3946473945445712,1.0,1.3118348328678568,0.0,20097.43158033489,1.39565497085659,1.0,1.3115712711010044,0.0,20081.88810912261,1.3945755631335146,1.0,1.3095037124175168,0.0,0.0027038482178474,54.44839435465474,0.0019833421010083,39.93929546158688,0.0007734058528898,15.543471212284205,5.150506955209355e-05,1.0343723192163452
ARCX.PILLAR,500,QUOTE_WITH_REST_BASKET,AT_T,ES_VALID,GOOG,0.0145999908447265,21600,7200,14400,1.0,16113.46246758482,1.1189904491378349,1.0,1.265264571660713,0.0,16108.717310895734,1.1186609243677592,1.0,1.2648435793480022,0.0,16105.678300362342,1.1184498819696072,1.0,1.264557633402202,0.0,16104.967182450577,1.11840049878129,1.0,1.2645207699304504,0.0,0.0002944839880709,4.745156689086798,0.000483084702505,7.7841672224785725,4.4153242012234806e-05,0.7111179117673601,0.0002328011829112,3.750128445159135
ARCX.PILLAR,500,QUOTE_WITH_REST_BASKET,AT_T,ES_VALID,KEY,0.000499999821186,21600,7200,14400,1.0,57138.31158530885,3.967938304535337,0.1,4.575018069843898,0.0,57006.65054753204,3.958795176911947,0.1,4.585777537987377,0.0,56989.97521736525,3.957637167872587,0.1,4.582066881095678,0.0,57012.27062948174,3.959185460380677,0.1,4.592052687183528,0.0,0.0023042514579774,131.66103777681565,0.0025960929510864,148.33636794360064,-0.0003912163855388,-22.29541211648757,-9.858642624549496e-05,-5.6200819497025805
ARCX.PILLAR,500,QUOTE_WITH_REST_BASKET,AT_T,ES_VALID,KHC,0.0009999996423721,21600,7200,14400,1.0,11342.636940605384,0.787683120875374,0.1,0.529502461828493,0.0,11343.901535215387,0.7877709399455131,0.1,0.5300892404167694,0.0,11347.749927595652,0.7880381894163647,0.1,0.5295006550288878,0.0,11350.423186102747,0.7882238323682463,0.1,0.5299657315293932,0.0,-0.0001114903541938,-1.26459461000195,-0.0004507758660565,-5.112986990267018,-0.0002355760854928,-2.6732585070949426,-0.000574903693153,-6.5216508873600105
ARCX.PILLAR,500,QUOTE_WITH_REST_BASKET,AT_T,ES_VALID,KO,0.0076999998092651,21600,7200,14400,1.0,7011.524647400193,0.4869114338472356,0.1,0.2783236331005776,0.0,7009.5412871254175,0.4867737004948206,0.1,0.2782751728662131,0.0,7010.790988070656,0.4868604852826844,0.1,0.2782964932844716,0.0,7011.226580929448,0.4868907347867672,0.1,0.2782268193635702,0.0,0.0002828714686913,1.983360274775805,0.0001046362048815,0.7336593295376588,-6.213177079916754e-05,-0.4355928587920061,-0.0002404285437516,-1.6852938040301524
ARCX.PILLAR,500,QUOTE_WITH_REST_BASKET,AT_T,ES_VALID,LLY,0.0089999961853027,21600,7200,14400,1.0,23926.3819790916,1.6615543041035832,1.0,0.9718813745519934,0.0,23915.67365946052,1.6608106707958692,1.0,0.9722217594638304,0.0,23911.942664886294,1.660551573950437,1.0,0.9721357175575772,0.0,23909.637248889117,1.6603914756172995,1.0,0.9724530425782948,0.0,0.0004475528159852,10.708319631081396,0.0006034892453828,14.43931420530498,9.641274360217e-05,2.305415997179807,0.0002524039530459,6.036410571403394
ARCX.PILLAR,500,QUOTE_WITH_REST_BASKET,AT_T,ES_VALID,MMC,0.0025999999046325,21600,7200,14400,1.0,11237.276358040155,0.7803664137527886,1.0,0.8912494119799416,0.0,11219.41242808104,0.7791258630611833,1.0,0.8905615137514689,0.0,11223.86464028992,0.7794350444645779,1.0,0.8902806803368407,0.0,11217.236068710588,0.7789747269937909,1.0,0.8903420956738882,0.0,0.0015897028238817,17.86392995911592,0.0011935025288078,13.411717750233947,0.0005905783606422,6.628571579332856,0.00019398158187,2.176359370450882
ARCX.PILLAR,500,QUOTE_WITH_REST_BASKET,AT_T,ES_VALID,MNST,0.0011999994516372,21600,7200,14400,1.0,12036.90399762284,0.8358961109460307,0.1,1.1960509168461904,0.0,12030.42659029331,0.8354462909925909,0.1,1.1963807349839222,0.0,12019.311173231605,0.8346743870299724,0.1,1.196281591186248,0.0,12024.458169274712,0.8350318173107439,0.1,1.1963114768308625,0.0,0.0005381290181272,6.47740732953207,0.0014615738727095,17.592824391238537,-0.0004282272061124,-5.146996043109539,0.0004961105056251,5.968421018596928
ARCX.PILLAR,500,QUOTE_WITH_REST_BASKET,AT_T,ES_VALID,MRK,0.0087999963760375,21600,7200,14400,1.0,11316.781487875913,0.7858876033247162,1.0,0.932861611542301,0.0,11311.555604332303,0.785524694745299,1.0,0.9326860578782028,0.0,11315.420584324798,0.7857930961336665,1.0,0.9325568330091596,0.0,11312.122615511176,0.7855640705216095,1.0,0.9325351913354638,0.0,0.0004617817839114,5.225883543607779,0.0001202553528644,1.3609035511144612,0.0002914579081745,3.297968813621992,-5.012671985227257e-05,-0.5670111788713257
ARCX.PILLAR,500,QUOTE_WITH_REST_BASKET,AT_T,ES_VALID,NDSN,0.0003999999165534,21591,7193,14400,1.0,21172.46298410952,1.47030992945205,100.0,1.2326387018054867,0.0001388888888888,21172.08028850864,1.4702833533686557,100.0,1.2326216384259283,0.0001088588588588,21172.0619368923,1.4702820789508542,100.0,1.2326212555275524,0.0001088588588588,21171.689320048437,1.4702562027811412,100.0,1.232604828512333,8.950617283950617e-05,1.8075157395158747e-05,0.3826956008815614,1.8941925534199378e-05,0.4010472172194568,1.7599459371409054e-05,0.3726168438661261,1.8466227922675493e-05,0.3909684602040215
ARCX.PILLAR,500,QUOTE_WITH_REST_BASKET,AT_T,ES_VALID,NWSA,0.0001999999582767,21600,7200,14400,1.0,15932.941558647031,1.1064542749060438,0.01,1.2589421778450365,2.6340996168582372e-05,15792.791419649822,1.096721626364571,0.01,1.2508259681686065,2.0645645645645647e-05,15793.253238180385,1.09675369709586,0.01,1.2527465368557344,2.0645645645645647e-05,15790.285660506928,1.0965476153129812,0.01,1.2514121656829502,1.697530864197531e-05,0.008796250113724,140.15013899720907,0.0087672649744225,139.6883204666483,0.0001879016076485,2.967577673454798,0.0001586647399,2.5057591428940214
ARCX.PILLAR,500,QUOTE_WITH_REST_BASKET,AT_T,ES_VALID,PG,0.0111999988555908,21600,7200,14400,1.0,7139.026442946487,0.4957657252046171,1.0,0.5040757272785721,0.0,7135.687498506208,0.4955338540629311,1.0,0.5040506393129672,0.0,7136.389083237176,0.4955825752248039,1.0,0.5039586480960931,0.0,7134.678197568956,0.4954637637200663,1.0,0.5039818259934367,0.0,0.0004677030498434,3.3389444402791923,0.0003694284830554,2.637359709310658,0.0002397410859,1.710885668220726,0.0001414441057659,1.009300937252192
ARCX.PILLAR,500,QUOTE_WITH_REST_BASKET,AT_T,ES_VALID,RSG,0.0007999998331069,21600,7200,14400,1.0,10957.56022301368,0.7609416821537277,0.1,0.9742864605206276,0.0,10946.666437542412,0.7601851692737785,0.1,0.976199045098473,0.0,10952.22144872796,0.7605709339394416,0.1,0.9754082532152992,0.0,10953.535806655374,0.7606622087955122,0.1,0.976701019941806,0.0,0.000994179840179,10.89378547126762,0.0004872229015457,5.33877428571941,-0.0001200083410992,-1.314357927414676,-0.0006275306872787,-6.869369112962886
ARCX.PILLAR,500,QUOTE_WITH_REST_BASKET,AT_T,ES_VALID,TJX,0.0028999996185302,21600,7200,14400,1.0,8997.600347618383,0.6248333574734989,1.0,0.7739888096596246,0.0,8957.987204176285,0.6220824447344642,1.0,0.7732573489927638,0.0,8964.568143570414,0.6225394544146121,1.0,0.7733499972285914,0.0,8947.473508831685,0.6213523270022003,1.0,0.7733180143446281,0.0,0.0044026342482064,39.61314344209859,0.0036712237454192,33.03220404796957,0.0019069111266658,17.094634738728928,0.0011736671536769,10.51369534459991
ARCX.PILLAR,500,QUOTE_WITH_REST_BASKET,AT_T,ES_VALID,V,0.0105999946594238,21600,7200,14400,1.0,8164.739691442041,0.5669958119056973,1.0,0.5667259395490197,0.0,8094.492079986772,0.562117505554637,1.0,0.5631979607511961,0.0,8100.569151307576,0.5625395243963595,1.0,0.5634270957020333,0.0,8077.367753207103,0.5609283161949378,1.0,0.5624537694315689,0.0,0.0086037784559008,70.24761145526827,0.0078594716499933,64.17054013446432,0.0028641688833342,23.201398100472943,0.0021155529723734,17.12432677966899
ARCX.PILLAR,500,QUOTE_WITH_REST_BASKET,AT_T,ES_VALID,WST,0.000499999821186,21595,7200,14400,1.0,46018.3773593793,3.195720649956896,0.01,4.939956493911875,0.0,46039.4569086087,3.197184507542271,0.01,4.935913113824095,0.0,46008.47725311981,3.1950331425777647,0.01,4.938607488205537,0.0,46036.59097356868,3.196985484275603,0.01,4.9363466886793,0.0,-0.0004580680684322,-21.079549229398253,0.0002151337536778,9.900106259490713,-0.0006110552256315,-28.11372044886957,6.224954055622511e-05,2.8659350400193944
ARCX.PILLAR,500,QUOTE_WITH_REST_BASKET,AT_T,ES_VALID,XYL,0.0005999997258186,21600,7200,14400,1.0,22363.174210517667,1.5529982090637269,0.1,1.3042230842097793,0.0,22223.452856985947,1.5432953372906908,0.1,1.2982097760613442,0.0,22238.68634627,1.544353218490972,0.1,1.2992478680764024,0.0,22227.558624582976,1.5435804600404843,0.1,1.299213908977905,0.0,0.0062478319140405,139.72135353172052,0.005566645552004,124.48786424766875,0.0005003767539932,11.127721687022133,-0.0001847493107147,-4.105767597029626
ARCX.PILLAR,500,QUOTE_WITH_REST_BASKET,AT_T,FULL,AAPL,0.0604999923706054,21600,7200,14400,1.0,9797.711527177134,0.6803966338317454,1.0,0.7151959205859766,0.0,9787.917674931155,0.6797165052035524,1.0,0.7145790187736323,0.0,9786.262448858257,0.67960155894849,1.0,0.7143924741705039,0.0,9783.389176584054,0.6794020261516704,1.0,0.71418212773637,0.0,0.0009996061038144,9.793852245978997,0.0011685461739837,11.4490783188794,0.0002936026178753,2.8732722742006445,0.0004626620796678,4.528498347101049
ARCX.PILLAR,500,QUOTE_WITH_REST_BASKET,AT_T,FULL,ABBV,0.0088999986648559,21600,7200,14400,1.0,10034.871150225896,0.6968660520990205,1.0,0.9096699414331876,0.0,10027.423423264534,0.6963488488378149,1.0,0.9100103769492892,0.0,10027.49987677744,0.6963541581095445,1.0,0.9097629490899302,0.0,10024.58765575236,0.6961519205383584,1.0,0.9100535179299674,0.0,0.0007421846130225,7.447726961361695,0.0007345658293069,7.371273448454303,0.0002904234416223,2.9122210250807257,0.0002828012134796,2.8357675121733337
ARCX.PILLAR,500,QUOTE_WITH_REST_BASKET,AT_T,FULL,BDX,0.0021999990940093,21600,7200,14400,1.0,13817.974916901829,0.959581591451516,1.0,1.3298028688221064,4.789272030651341e-06,13822.008067811235,0.9598616713757804,1.0,1.3296023935080368,3.7537537537537537e-06,13819.311802246222,0.9596744307115432,1.0,1.330121632718541,3.7537537537537537e-06,13824.0600361801,0.9600041691791736,1.0,1.3299797227015049,3.08641975308642e-06,-0.0002918771334918,-4.033150909408505,-9.674973014739408e-05,-1.3368853443935222,-0.0003435940951201,-4.748233933876691,-0.0001484566033238,-2.051968368861708
ARCX.PILLAR,500,QUOTE_WITH_REST_BASKET,AT_T,FULL,CMI,0.0010999995470047,21600,7200,14400,1.0,20730.162250089044,1.4395946007006282,10.0,1.3115124528223234,0.0,20610.757050031865,1.4313025729188795,1.0,1.310335518800593,0.0,20716.983138608724,1.438679384625606,10.0,1.3105164378049428,0.0,20706.001975619365,1.437916803862456,10.0,1.3096781289082415,0.0,0.0057599742161529,119.40520005717916,0.0006357456985298,13.179111480319987,0.0005300560856708,10.98116298935929,-0.0046211269851124,-95.24492558749988
ARCX.PILLAR,500,QUOTE_WITH_REST_BASKET,AT_T,FULL,CVS,0.0037999987602233,21600,7200,14400,1.0,12841.375820974328,0.8917622097898839,1.0,1.0899080563342556,0.0,12781.06459983042,0.8875739305437792,0.1,1.0873829214783066,0.0,12777.866628225494,0.887351849182326,0.1,1.0869958678984153,0.0,12780.627893613337,0.8875436037231483,0.1,1.0867423725702052,0.0,0.004696632353474,60.31122114390746,0.0049456688780263,63.50919274883381,-0.0002160975277158,-2.761265387842286,3.416821921786717e-05,0.4367062170840654
ARCX.PILLAR,500,QUOTE_WITH_REST_BASKET,AT_T,FULL,DLTR,0.0008999997377395,21600,7200,14400,1.0,21573.999983926507,1.4981944433282297,1.0,0.9277068563537731,0.0,21512.973768101157,1.4939565116736913,1.0,0.9259808465392824,0.0,21519.616295527605,1.4944177983005282,1.0,0.9253995108859314,0.0,21494.34041754476,1.492662528996164,1.0,0.9251977823146852,0.0,0.0028286926796523,61.02621582535357,0.0025207976471409,54.38368839890245,0.0011745505884367,25.275877982843667,0.0008661448090464,18.633350556392543
ARCX.PILLAR,500,QUOTE_WITH_REST_BASKET,AT_T,FULL,EBAY,0.0006999999284744,21600,7200,14400,1.0,20137.37087579648,1.3984285330414223,1.0,1.317699257322192,0.0,20082.922481441827,1.3946473945445712,1.0,1.3118348328678568,0.0,20097.43158033489,1.39565497085659,1.0,1.3115712711010044,0.0,20081.88810912261,1.3945755631335146,1.0,1.3095037124175168,0.0,0.0027038482178474,54.44839435465474,0.0019833421010083,39.93929546158688,0.0007734058528898,15.543471212284205,5.150506955209355e-05,1.0343723192163452
ARCX.PILLAR,500,QUOTE_WITH_REST_BASKET,AT_T,FULL,GOOG,0.0145999908447265,21600,7200,14400,1.0,16113.46246758482,1.1189904491378349,1.0,1.265264571660713,0.0,16108.717310895734,1.1186609243677592,1.0,1.2648435793480022,0.0,16105.678300362342,1.1184498819696072,1.0,1.264557633402202,0.0,16104.967182450577,1.11840049878129,1.0,1.2645207699304504,0.0,0.0002944839880709,4.745156689086798,0.000483084702505,7.7841672224785725,4.4153242012234806e-05,0.7111179117673601,0.0002328011829112,3.750128445159135
ARCX.PILLAR,500,QUOTE_WITH_REST_BASKET,AT_T,FULL,KEY,0.000499999821186,21600,7200,14400,1.0,57138.31158530885,3.967938304535337,0.1,4.575018069843898,0.0,57006.65054753204,3.958795176911947,0.1,4.585777537987377,0.0,56989.97521736525,3.957637167872587,0.1,4.582066881095678,0.0,57012.27062948174,3.959185460380677,0.1,4.592052687183528,0.0,0.0023042514579774,131.66103777681565,0.0025960929510864,148.33636794360064,-0.0003912163855388,-22.29541211648757,-9.858642624549496e-05,-5.6200819497025805
ARCX.PILLAR,500,QUOTE_WITH_REST_BASKET,AT_T,FULL,KHC,0.0009999996423721,21600,7200,14400,1.0,11342.636940605384,0.787683120875374,0.1,0.529502461828493,0.0,11343.901535215387,0.7877709399455131,0.1,0.5300892404167694,0.0,11347.749927595652,0.7880381894163647,0.1,0.5295006550288878,0.0,11350.423186102747,0.7882238323682463,0.1,0.5299657315293932,0.0,-0.0001114903541938,-1.26459461000195,-0.0004507758660565,-5.112986990267018,-0.0002355760854928,-2.6732585070949426,-0.000574903693153,-6.5216508873600105
ARCX.PILLAR,500,QUOTE_WITH_REST_BASKET,AT_T,FULL,KO,0.0076999998092651,21600,7200,14400,1.0,7011.524647400193,0.4869114338472356,0.1,0.2783236331005776,0.0,7009.5412871254175,0.4867737004948206,0.1,0.2782751728662131,0.0,7010.790988070656,0.4868604852826844,0.1,0.2782964932844716,0.0,7011.226580929448,0.4868907347867672,0.1,0.2782268193635702,0.0,0.0002828714686913,1.983360274775805,0.0001046362048815,0.7336593295376588,-6.213177079916754e-05,-0.4355928587920061,-0.0002404285437516,-1.6852938040301524
ARCX.PILLAR,500,QUOTE_WITH_REST_BASKET,AT_T,FULL,LLY,0.0089999961853027,21600,7200,14400,1.0,23926.3819790916,1.6615543041035832,1.0,0.9718813745519934,0.0,23915.67365946052,1.6608106707958692,1.0,0.9722217594638304,0.0,23911.942664886294,1.660551573950437,1.0,0.9721357175575772,0.0,23909.637248889117,1.6603914756172995,1.0,0.9724530425782948,0.0,0.0004475528159852,10.708319631081396,0.0006034892453828,14.43931420530498,9.641274360217e-05,2.305415997179807,0.0002524039530459,6.036410571403394
ARCX.PILLAR,500,QUOTE_WITH_REST_BASKET,AT_T,FULL,MMC,0.0025999999046325,21600,7200,14400,1.0,11237.276358040155,0.7803664137527886,1.0,0.8912494119799416,0.0,11219.41242808104,0.7791258630611833,1.0,0.8905615137514689,0.0,11223.86464028992,0.7794350444645779,1.0,0.8902806803368407,0.0,11217.236068710588,0.7789747269937909,1.0,0.8903420956738882,0.0,0.0015897028238817,17.86392995911592,0.0011935025288078,13.411717750233947,0.0005905783606422,6.628571579332856,0.00019398158187,2.176359370450882
ARCX.PILLAR,500,QUOTE_WITH_REST_BASKET,AT_T,FULL,MNST,0.0011999994516372,21600,7200,14400,1.0,12036.90399762284,0.8358961109460307,0.1,1.1960509168461904,0.0,12030.42659029331,0.8354462909925909,0.1,1.1963807349839222,0.0,12019.311173231605,0.8346743870299724,0.1,1.196281591186248,0.0,12024.458169274712,0.8350318173107439,0.1,1.1963114768308625,0.0,0.0005381290181272,6.47740732953207,0.0014615738727095,17.592824391238537,-0.0004282272061124,-5.146996043109539,0.0004961105056251,5.968421018596928
ARCX.PILLAR,500,QUOTE_WITH_REST_BASKET,AT_T,FULL,MRK,0.0087999963760375,21600,7200,14400,1.0,11316.781487875913,0.7858876033247162,1.0,0.932861611542301,0.0,11311.555604332303,0.785524694745299,1.0,0.9326860578782028,0.0,11315.420584324798,0.7857930961336665,1.0,0.9325568330091596,0.0,11312.122615511176,0.7855640705216095,1.0,0.9325351913354638,0.0,0.0004617817839114,5.225883543607779,0.0001202553528644,1.3609035511144612,0.0002914579081745,3.297968813621992,-5.012671985227257e-05,-0.5670111788713257
ARCX.PILLAR,500,QUOTE_WITH_REST_BASKET,AT_T,FULL,NDSN,0.0003999999165534,21591,7193,14400,1.0,21172.46298410952,1.47030992945205,100.0,1.2326387018054867,0.0001388888888888,21172.08028850864,1.4702833533686557,100.0,1.2326216384259283,0.0001088588588588,21172.0619368923,1.4702820789508542,100.0,1.2326212555275524,0.0001088588588588,21171.689320048437,1.4702562027811412,100.0,1.232604828512333,8.950617283950617e-05,1.8075157395158747e-05,0.3826956008815614,1.8941925534199378e-05,0.4010472172194568,1.7599459371409054e-05,0.3726168438661261,1.8466227922675493e-05,0.3909684602040215
ARCX.PILLAR,500,QUOTE_WITH_REST_BASKET,AT_T,FULL,NWSA,0.0001999999582767,21600,7200,14400,1.0,15932.941558647031,1.1064542749060438,0.01,1.2589421778450365,2.6340996168582372e-05,15792.791419649822,1.096721626364571,0.01,1.2508259681686065,2.0645645645645647e-05,15793.253238180385,1.09675369709586,0.01,1.2527465368557344,2.0645645645645647e-05,15790.285660506928,1.0965476153129812,0.01,1.2514121656829502,1.697530864197531e-05,0.008796250113724,140.15013899720907,0.0087672649744225,139.6883204666483,0.0001879016076485,2.967577673454798,0.0001586647399,2.5057591428940214
ARCX.PILLAR,500,QUOTE_WITH_REST_BASKET,AT_T,FULL,PG,0.0111999988555908,21600,7200,14400,1.0,7139.026442946487,0.4957657252046171,1.0,0.5040757272785721,0.0,7135.687498506208,0.4955338540629311,1.0,0.5040506393129672,0.0,7136.389083237176,0.4955825752248039,1.0,0.5039586480960931,0.0,7134.678197568956,0.4954637637200663,1.0,0.5039818259934367,0.0,0.0004677030498434,3.3389444402791923,0.0003694284830554,2.637359709310658,0.0002397410859,1.710885668220726,0.0001414441057659,1.009300937252192
ARCX.PILLAR,500,QUOTE_WITH_REST_BASKET,AT_T,FULL,RSG,0.0007999998331069,21600,7200,14400,1.0,10957.56022301368,0.7609416821537277,0.1,0.9742864605206276,0.0,10946.666437542412,0.7601851692737785,0.1,0.976199045098473,0.0,10952.22144872796,0.7605709339394416,0.1,0.9754082532152992,0.0,10953.535806655374,0.7606622087955122,0.1,0.976701019941806,0.0,0.000994179840179,10.89378547126762,0.0004872229015457,5.33877428571941,-0.0001200083410992,-1.314357927414676,-0.0006275306872787,-6.869369112962886
ARCX.PILLAR,500,QUOTE_WITH_REST_BASKET,AT_T,FULL,TJX,0.0028999996185302,21600,7200,14400,1.0,8997.600347618383,0.6248333574734989,1.0,0.7739888096596246,0.0,8957.987204176285,0.6220824447344642,1.0,0.7732573489927638,0.0,8964.568143570414,0.6225394544146121,1.0,0.7733499972285914,0.0,8947.473508831685,0.6213523270022003,1.0,0.7733180143446281,0.0,0.0044026342482064,39.61314344209859,0.0036712237454192,33.03220404796957,0.0019069111266658,17.094634738728928,0.0011736671536769,10.51369534459991
ARCX.PILLAR,500,QUOTE_WITH_REST_BASKET,AT_T,FULL,V,0.0105999946594238,21600,7200,14400,1.0,8164.739691442041,0.5669958119056973,1.0,0.5667259395490197,0.0,8094.492079986772,0.562117505554637,1.0,0.5631979607511961,0.0,8100.569151307576,0.5625395243963595,1.0,0.5634270957020333,0.0,8077.367753207103,0.5609283161949378,1.0,0.5624537694315689,0.0,0.0086037784559008,70.24761145526827,0.0078594716499933,64.17054013446432,0.0028641688833342,23.201398100472943,0.0021155529723734,17.12432677966899
ARCX.PILLAR,500,QUOTE_WITH_REST_BASKET,AT_T,FULL,WST,0.000499999821186,21595,7200,14400,1.0,46018.3773593793,3.195720649956896,0.01,4.939956493911875,0.0,46039.4569086087,3.197184507542271,0.01,4.935913113824095,0.0,46008.47725311981,3.1950331425777647,0.01,4.938607488205537,0.0,46036.59097356868,3.196985484275603,0.01,4.9363466886793,0.0,-0.0004580680684322,-21.079549229398253,0.0002151337536778,9.900106259490713,-0.0006110552256315,-28.11372044886957,6.224954055622511e-05,2.8659350400193944
ARCX.PILLAR,500,QUOTE_WITH_REST_BASKET,AT_T,FULL,XYL,0.0005999997258186,21600,7200,14400,1.0,22363.174210517667,1.5529982090637269,0.1,1.3042230842097793,0.0,22223.452856985947,1.5432953372906908,0.1,1.2982097760613442,0.0,22238.68634627,1.544353218490972,0.1,1.2992478680764024,0.0,22227.558624582976,1.5435804600404843,0.1,1.299213908977905,0.0,0.0062478319140405,139.72135353172052,0.005566645552004,124.48786424766875,0.0005003767539932,11.127721687022133,-0.0001847493107147,-4.105767597029626
ARCX.PILLAR,500,QUOTE_WITH_REST_BASKET,AT_T_MINUS_1S,ES_VALID,AAPL,0.0604999923706054,21600,7200,14400,1.0,9797.711527177134,0.6803966338317454,1.0,0.7151959205859766,0.0,9787.917674931155,0.6797165052035524,1.0,0.7145790187736323,0.0,9800.986658665244,0.6806240735184197,1.0,0.7153260114394794,0.0,9790.681593270718,0.6799084439771331,1.0,0.7147890717705643,0.0,0.0009996061038144,9.793852245978997,-0.0003342751497659,-3.275131488109764,0.0010514314276119,10.305065394526537,-0.0002823806279697,-2.763918339562224
ARCX.PILLAR,500,QUOTE_WITH_REST_BASKET,AT_T_MINUS_1S,ES_VALID,ABBV,0.0088999986648559,21600,7200,14400,1.0,10034.871150225896,0.6968660520990205,1.0,0.9096699414331876,0.0,10027.423423264534,0.6963488488378149,1.0,0.9100103769492892,0.0,10034.56439303547,0.6968447495163521,1.0,0.9103178407622874,0.0,10028.326331386304,0.6964115507907156,1.0,0.910622665229296,0.0,0.0007421846130225,7.447726961361695,3.0569121001411403e-05,0.3067571904248325,0.0006216574436949,6.238061649166411,-9.004388103095451e-05,-0.9029081217704517
ARCX.PILLAR,500,QUOTE_WITH_REST_BASKET,AT_T_MINUS_1S,ES_VALID,BDX,0.0021999990940093,21600,7200,14400,1.0,13817.974916901829,0.959581591451516,1.0,1.3298028688221064,4.789272030651341e-06,13822.008067811235,0.9598616713757804,1.0,1.3296023935080368,3.7537537537537537e-06,13820.749449593815,0.9597742673329038,1.0,1.330116002591553,3.7537537537537537e-06,13824.943162547714,0.9600654973991468,1.0,1.3299754549431362,3.08641975308642e-06,-0.0002918771334918,-4.033150909408505,-0.0002007915565538,-2.7745326919866784,-0.0003034360017299,-4.1937129538982845,-0.000212349372253,-2.935094736476458
ARCX.PILLAR,500,QUOTE_WITH_REST_BASKET,AT_T_MINUS_1S,ES_VALID,CMI,0.0010999995470047,21600,7200,14400,1.0,20730.162250089044,1.4395946007006282,10.0,1.3115124528223234,0.0,20610.757050031865,1.4313025729188795,1.0,1.310335518800593,0.0,20719.94682419852,1.438885196124897,10.0,1.3108705485850474,0.0,20598.892000880187,1.4304786111722352,1.0,1.3097120217976617,0.0,0.0057599742161529,119.40520005717916,0.000492780797723,10.215425890528422,0.0058424292468236,121.054823318329,0.0005756726510761,11.86504915167825
ARCX.PILLAR,500,QUOTE_WITH_REST_BASKET,AT_T_MINUS_1S,ES_VALID,CVS,0.0037999987602233,21600,7200,14400,1.0,12841.375820974328,0.8917622097898839,1.0,1.0899080563342556,0.0,12781.06459983042,0.8875739305437792,0.1,1.0873829214783066,0.0,12839.925409448791,0.8916614867672772,1.0,1.0901473876776089,0.0,12787.431804320537,0.8880160975222594,0.1,1.0883069271611268,0.0,0.004696632353474,60.31122114390746,0.0001129482966434,1.4504115255367651,0.0040883107537078,52.49360512825661,-0.0004981748148114,-6.367204490114091
ARCX.PILLAR,500,QUOTE_WITH_REST_BASKET,AT_T_MINUS_1S,ES_VALID,DLTR,0.0008999997377395,21600,7200,14400,1.0,21573.999983926507,1.4981944433282297,1.0,0.9277068563537731,0.0,21512.973768101157,1.4939565116736913,1.0,0.9259808465392824,0.0,21557.1994380569,1.4970277387539517,1.0,0.9268415723596812,0.0,21507.72309100349,1.493591881319687,1.0,0.9255908635459,0.0,0.0028286926796523,61.02621582535357,0.0007787404228294,16.80054586960614,0.0022951194191794,49.47634705340897,0.0002440702598469,5.250677097661537
ARCX.PILLAR,500,QUOTE_WITH_REST_BASKET,AT_T_MINUS_1S,ES_VALID,EBAY,0.0006999999284744,21600,7200,14400,1.0,20137.37087579648,1.3984285330414223,1.0,1.317699257322192,0.0,20082.922481441827,1.3946473945445712,1.0,1.3118348328678568,0.0,20126.06317674296,1.3976432761627056,1.0,1.316860985086166,0.0,20076.34379573702,1.3941905413706264,1.0,1.311181412925238,0.0,0.0027038482178474,54.44839435465474,0.0005615280725208,11.30769905352281,0.0024703977409449,49.7193810059398,0.0003275761140285,6.578685704807867
ARCX.PILLAR,500,QUOTE_WITH_REST_BASKET,AT_T_MINUS_1S,ES_VALID,GOOG,0.0145999908447265,21600,7200,14400,1.0,16113.46246758482,1.1189904491378349,1.0,1.265264571660713,0.0,16108.717310895734,1.1186609243677592,1.0,1.2648435793480022,0.0,16115.070776884011,1.119102137283612,1.0,1.2647240262853985,0.0,16109.783112710078,1.1187349383826444,1.0,1.2643170064650493,0.0,0.0002944839880709,4.745156689086798,-9.981152731319833e-05,-1.6083092991921148,0.0003281192026485,5.2876641739349,-6.616304661477557e-05,-1.065801814344013
ARCX.PILLAR,500,QUOTE_WITH_REST_BASKET,AT_T_MINUS_1S,ES_VALID,KEY,0.000499999821186,21600,7200,14400,1.0,57138.31158530885,3.967938304535337,0.1,4.575018069843898,0.0,57006.65054753204,3.958795176911947,0.1,4.585777537987377,0.0,57168.650371255775,3.97004516467054,0.1,4.57690003673085,0.0,57036.684485678416,3.960880867061001,0.1,4.588441684868805,0.0,0.0023042514579774,131.66103777681565,-0.000530970991357,-30.338785946922144,0.0023083610461391,131.9658855773596,-0.0005268497246884,-30.033938146378205
ARCX.PILLAR,500,QUOTE_WITH_REST_BASKET,AT_T_MINUS_1S,ES_VALID,KHC,0.0009999996423721,21600,7200,14400,1.0,11342.636940605384,0.787683120875374,0.1,0.529502461828493,0.0,11343.901535215387,0.7877709399455131,0.1,0.5300892404167694,0.0,11343.12173812378,0.787716787369707,0.1,0.5298435024420365,0.0,11344.523838897723,0.7878141554790087,0.1,0.5304394253202184,0.0,-0.0001114903541938,-1.26459461000195,-4.274116512181792e-05,-0.484797518394771,-0.0001236080160571,-1.4021007739447668,-5.485799399851388e-05,-0.6223036823375878
ARCX.PILLAR,500,QUOTE_WITH_REST_BASKET,AT_T_MINUS_1S,ES_VALID,KO,0.0076999998092651,21600,7200,14400,1.0,7011.524647400193,0.4869114338472356,0.1,0.2783236331005776,0.0,7009.5412871254175,0.4867737004948206,0.1,0.2782751728662131,0.0,7013.3126668065,0.4870356018615625,0.1,0.2784276438210142,0.0,7012.096570234194,0.4869511507107079,0.1,0.2783806071429092,0.0,0.0002828714686913,1.983360274775805,-0.0002550114983863,-1.7880194063063757,0.0001733983111948,1.2160965723060144,-0.0003645435562908,-2.555283108776166
ARCX.PILLAR,500,QUOTE_WITH_REST_BASKET,AT_T_MINUS_1S,ES_VALID,LLY,0.0089999961853027,21600,7200,14400,1.0,23926.3819790916,1.6615543041035832,1.0,0.9718813745519934,0.0,23915.67365946052,1.6608106707958692,1.0,0.9722217594638304,0.0,23922.14560675682,1.661260111580335,1.0,0.972049498377254,0.0,23913.423838503964,1.660654433229442,1.0,0.9724065224108016,0.0,0.0004475528159852,10.708319631081396,0.0001770586266858,4.236372334777116,0.000364589715163,8.721768252857146,9.40730747788221e-05,2.249820956552867
ARCX.PILLAR,500,QUOTE_WITH_REST_BASKET,AT_T_MINUS_1S,ES_VALID,MMC,0.0025999999046325,21600,7200,14400,1.0,11237.276358040155,0.7803664137527886,1.0,0.8912494119799416,0.0,11219.41242808104,0.7791258630611833,1.0,0.8905615137514689,0.0,11235.22711402466,0.7802241051406014,1.0,0.8905439388729545,0.0,11220.640979711872,0.7792111791466578,1.0,0.8902062652736243,0.0,0.0015897028238817,17.86392995911592,0.0001823612724474,2.049244015495788,0.0012982500633724,14.58613431278718,-0.0001095023147341,-1.2285516308329534
ARCX.PILLAR,500,QUOTE_WITH_REST_BASKET,AT_T_MINUS_1S,ES_VALID,MNST,0.0011999994516372,21600,7200,14400,1.0,12036.90399762284,0.8358961109460307,0.1,1.1960509168461904,0.0,12030.42659029331,0.8354462909925909,0.1,1.1963807349839222,0.0,12034.541310404671,0.8357320354447688,0.1,1.1965676293847671,0.0,12029.335673854352,0.8353705329065522,0.1,1.1966449042580922,0.0,0.0005381290181272,6.47740732953207,0.0001962869537412,2.362687218170322,0.0004325579526507,5.205636550319468,9.067978020316224e-05,1.09091643895772
ARCX.PILLAR,500,QUOTE_WITH_REST_BASKET,AT_T_MINUS_1S,ES_VALID,MRK,0.0087999963760375,21600,7200,14400,1.0,11316.781487875913,0.7858876033247162,1.0,0.932861611542301,0.0,11311.555604332303,0.785524694745299,1.0,0.9326860578782028,0.0,11316.19974547044,0.7858472045465584,1.0,0.9328088914215908,0.0,11310.883543706956,0.7854780238685386,1.0,0.932624940524988,0.0,0.0004617817839114,5.225883543607779,5.14052874569515e-05,0.5817424054712319,0.0004697868439105,5.316201763485879,5.941363406214428e-05,0.6720606253493315
ARCX.PILLAR,500,QUOTE_WITH_REST_BASKET,AT_T_MINUS_1S,ES_VALID,NDSN,0.0003999999165534,21591,7193,14400,1.0,21172.46298410952,1.47030992945205,100.0,1.2326387018054867,0.0001388888888888,21172.08028850864,1.4702833533686557,100.0,1.2326216384259283,0.0001088588588588,21172.32168284896,1.4703001168645111,100.0,1.2326348169612682,0.0001088588588588,21171.941822221823,1.4702737376542931,100.0,1.232617942965769,8.950617283950617e-05,1.8075157395158747e-05,0.3826956008815614,6.6738225338314194e-06,0.1413012605589756,1.7941378032459987e-05,0.379860627137532,6.5400416457972455e-06,0.1384662868149462
ARCX.PILLAR,500,QUOTE_WITH_REST_BASKET,AT_T_MINUS_1S,ES_VALID,NWSA,0.0001999999582767,21600,7200,14400,1.0,15932.941558647031,1.1064542749060438,0.01,1.2589421778450365,2.6340996168582372e-05,15792.791419649822,1.096721626364571,0.01,1.2508259681686065,2.0645645645645647e-05,15917.725525191854,1.105397605916101,0.1,1.2585916976775646,2.0645645645645647e-05,15796.98760151177,1.097013027882762,0.01,1.250893782844685,1.697530864197531e-05,0.008796250113724,140.15013899720907,0.0009550046612026,15.21603345517724,0.007585124111419,120.73792368008436,-0.0002657023543493,-4.19618186194748
ARCX.PILLAR,500,QUOTE_WITH_REST_BASKET,AT_T_MINUS_1S,ES_VALID,PG,0.0111999988555908,21600,7200,14400,1.0,7139.026442946487,0.4957657252046171,1.0,0.5040757272785721,0.0,7135.687498506208,0.4955338540629311,1.0,0.5040506393129672,0.0,7138.852005569174,0.4957536114978593,1.0,0.5042777921997951,0.0,7135.430137245722,0.4955159817531751,1.0,0.5042503324289896,0.0,0.0004677030498434,3.3389444402791923,2.4434336909462395e-05,0.1744373773126426,0.000479330335015,3.421868323452145,3.606677850442885e-05,0.2573612604855952
ARCX.PILLAR,500,QUOTE_WITH_REST_BASKET,AT_T_MINUS_1S,ES_VALID,RSG,0.0007999998331069,21600,7200,14400,1.0,10957.56022301368,0.7609416821537277,0.1,0.9742864605206276,0.0,10946.666437542412,0.7601851692737785,0.1,0.976199045098473,0.0,10958.865141747749,0.7610323015102604,0.1,0.9765900642248873,0.0,10951.496315819106,0.760520577487438,0.1,0.9784386571810836,0.0,0.000994179840179,10.89378547126762,-0.0001190884382573,-1.3049187340693609,0.0006724077569465,7.368825928642764,-0.0004412190966309,-4.829878276694217
ARCX.PILLAR,500,QUOTE_WITH_REST_BASKET,AT_T_MINUS_1S,ES_VALID,TJX,0.0028999996185302,21600,7200,14400,1.0,8997.600347618383,0.6248333574734989,1.0,0.7739888096596246,0.0,8957.987204176285,0.6220824447344642,1.0,0.7732573489927638,0.0,8996.530436459787,0.6247590580874852,1.0,0.7739064791287188,0.0,8958.504990381189,0.6221184021098047,1.0,0.7731776163145941,0.0,0.0044026342482064,39.61314344209859,0.0001189107225549,1.0699111585963692,0.0042266789788755,38.02544607859818,-5.780162363522301e-05,-0.5177862049040414
ARCX.PILLAR,500,QUOTE_WITH_REST_BASKET,AT_T_MINUS_1S,ES_VALID,V,0.0105999946594238,21600,7200,14400,1.0,8164.739691442041,0.5669958119056973,1.0,0.5667259395490197,0.0,8094.492079986772,0.562117505554637,1.0,0.5631979607511961,0.0,8149.199582065637,0.565916637643447,1.0,0.5653023214301791,0.0,8088.674859061603,0.561713531879278,1.0,0.5625959865364616,0.0,0.0086037784559008,70.24761145526827,0.0019033196358596,15.540109376403962,0.007427075799841,60.52472300403406,0.0007186641073567,5.8172209251697495
ARCX.PILLAR,500,QUOTE_WITH_REST_BASKET,AT_T_MINUS_1S,ES_VALID,WST,0.000499999821186,21595,7200,14400,1.0,46018.3773593793,3.195720649956896,0.01,4.939956493911875,0.0,46039.4569086087,3.197184507542271,0.01,4.935913113824095,0.0,46029.1026935317,3.19646546482859,0.01,4.935142068529123,0.0,46050.55228819818,3.1979550200137625,0.01,4.935775192947168,0.0,-0.0004580680684322,-21.079549229398253,-0.0002330663262772,-10.725334152397409,-0.000466000712838,-21.44959466648288,-0.0002409971866415,-11.095379589482036
ARCX.PILLAR,500,QUOTE_WITH_REST_BASKET,AT_T_MINUS_1S,ES_VALID,XYL,0.0005999997258186,21600,7200,14400,1.0,22363.174210517667,1.5529982090637269,0.1,1.3042230842097793,0.0,22223.452856985947,1.5432953372906908,0.1,1.2982097760613442,0.0,22337.33211202484,1.5512036188906138,0.01,1.3002676757251157,0.0,22220.89917725266,1.5431179984203236,0.1,1.2969649103939491,0.0,0.0062478319140405,139.72135353172052,0.0011555648697078,25.8420984928307,0.0052124816960346,116.43293477217594,0.0001149092244899,2.553679733286117
ARCX.PILLAR,500,QUOTE_WITH_REST_BASKET,AT_T_MINUS_1S,FULL,AAPL,0.0604999923706054,21600,7200,14400,1.0,9797.711527177134,0.6803966338317454,1.0,0.7151959205859766,0.0,9787.917674931155,0.6797165052035524,1.0,0.7145790187736323,0.0,9800.986658665244,0.6806240735184197,1.0,0.7153260114394794,0.0,9790.681593270718,0.6799084439771331,1.0,0.7147890717705643,0.0,0.0009996061038144,9.793852245978997,-0.0003342751497659,-3.275131488109764,0.0010514314276119,10.305065394526537,-0.0002823806279697,-2.763918339562224
ARCX.PILLAR,500,QUOTE_WITH_REST_BASKET,AT_T_MINUS_1S,FULL,ABBV,0.0088999986648559,21600,7200,14400,1.0,10034.871150225896,0.6968660520990205,1.0,0.9096699414331876,0.0,10027.423423264534,0.6963488488378149,1.0,0.9100103769492892,0.0,10034.56439303547,0.6968447495163521,1.0,0.9103178407622874,0.0,10028.326331386304,0.6964115507907156,1.0,0.910622665229296,0.0,0.0007421846130225,7.447726961361695,3.0569121001411403e-05,0.3067571904248325,0.0006216574436949,6.238061649166411,-9.004388103095451e-05,-0.9029081217704517
ARCX.PILLAR,500,QUOTE_WITH_REST_BASKET,AT_T_MINUS_1S,FULL,BDX,0.0021999990940093,21600,7200,14400,1.0,13817.974916901829,0.959581591451516,1.0,1.3298028688221064,4.789272030651341e-06,13822.008067811235,0.9598616713757804,1.0,1.3296023935080368,3.7537537537537537e-06,13820.749449593815,0.9597742673329038,1.0,1.330116002591553,3.7537537537537537e-06,13824.943162547714,0.9600654973991468,1.0,1.3299754549431362,3.08641975308642e-06,-0.0002918771334918,-4.033150909408505,-0.0002007915565538,-2.7745326919866784,-0.0003034360017299,-4.1937129538982845,-0.000212349372253,-2.935094736476458
ARCX.PILLAR,500,QUOTE_WITH_REST_BASKET,AT_T_MINUS_1S,FULL,CMI,0.0010999995470047,21600,7200,14400,1.0,20730.162250089044,1.4395946007006282,10.0,1.3115124528223234,0.0,20610.757050031865,1.4313025729188795,1.0,1.310335518800593,0.0,20719.94682419852,1.438885196124897,10.0,1.3108705485850474,0.0,20598.892000880187,1.4304786111722352,1.0,1.3097120217976617,0.0,0.0057599742161529,119.40520005717916,0.000492780797723,10.215425890528422,0.0058424292468236,121.054823318329,0.0005756726510761,11.86504915167825
ARCX.PILLAR,500,QUOTE_WITH_REST_BASKET,AT_T_MINUS_1S,FULL,CVS,0.0037999987602233,21600,7200,14400,1.0,12841.375820974328,0.8917622097898839,1.0,1.0899080563342556,0.0,12781.06459983042,0.8875739305437792,0.1,1.0873829214783066,0.0,12839.925409448791,0.8916614867672772,1.0,1.0901473876776089,0.0,12787.431804320537,0.8880160975222594,0.1,1.0883069271611268,0.0,0.004696632353474,60.31122114390746,0.0001129482966434,1.4504115255367651,0.0040883107537078,52.49360512825661,-0.0004981748148114,-6.367204490114091
ARCX.PILLAR,500,QUOTE_WITH_REST_BASKET,AT_T_MINUS_1S,FULL,DLTR,0.0008999997377395,21600,7200,14400,1.0,21573.999983926507,1.4981944433282297,1.0,0.9277068563537731,0.0,21512.973768101157,1.4939565116736913,1.0,0.9259808465392824,0.0,21557.1994380569,1.4970277387539517,1.0,0.9268415723596812,0.0,21507.72309100349,1.493591881319687,1.0,0.9255908635459,0.0,0.0028286926796523,61.02621582535357,0.0007787404228294,16.80054586960614,0.0022951194191794,49.47634705340897,0.0002440702598469,5.250677097661537
ARCX.PILLAR,500,QUOTE_WITH_REST_BASKET,AT_T_MINUS_1S,FULL,EBAY,0.0006999999284744,21600,7200,14400,1.0,20137.37087579648,1.3984285330414223,1.0,1.317699257322192,0.0,20082.922481441827,1.3946473945445712,1.0,1.3118348328678568,0.0,20126.06317674296,1.3976432761627056,1.0,1.316860985086166,0.0,20076.34379573702,1.3941905413706264,1.0,1.311181412925238,0.0,0.0027038482178474,54.44839435465474,0.0005615280725208,11.30769905352281,0.0024703977409449,49.7193810059398,0.0003275761140285,6.578685704807867
ARCX.PILLAR,500,QUOTE_WITH_REST_BASKET,AT_T_MINUS_1S,FULL,GOOG,0.0145999908447265,21600,7200,14400,1.0,16113.46246758482,1.1189904491378349,1.0,1.265264571660713,0.0,16108.717310895734,1.1186609243677592,1.0,1.2648435793480022,0.0,16115.070776884011,1.119102137283612,1.0,1.2647240262853985,0.0,16109.783112710078,1.1187349383826444,1.0,1.2643170064650493,0.0,0.0002944839880709,4.745156689086798,-9.981152731319833e-05,-1.6083092991921148,0.0003281192026485,5.2876641739349,-6.616304661477557e-05,-1.065801814344013
ARCX.PILLAR,500,QUOTE_WITH_REST_BASKET,AT_T_MINUS_1S,FULL,KEY,0.000499999821186,21600,7200,14400,1.0,57138.31158530885,3.967938304535337,0.1,4.575018069843898,0.0,57006.65054753204,3.958795176911947,0.1,4.585777537987377,0.0,57168.650371255775,3.97004516467054,0.1,4.57690003673085,0.0,57036.684485678416,3.960880867061001,0.1,4.588441684868805,0.0,0.0023042514579774,131.66103777681565,-0.000530970991357,-30.338785946922144,0.0023083610461391,131.9658855773596,-0.0005268497246884,-30.033938146378205
ARCX.PILLAR,500,QUOTE_WITH_REST_BASKET,AT_T_MINUS_1S,FULL,KHC,0.0009999996423721,21600,7200,14400,1.0,11342.636940605384,0.787683120875374,0.1,0.529502461828493,0.0,11343.901535215387,0.7877709399455131,0.1,0.5300892404167694,0.0,11343.12173812378,0.787716787369707,0.1,0.5298435024420365,0.0,11344.523838897723,0.7878141554790087,0.1,0.5304394253202184,0.0,-0.0001114903541938,-1.26459461000195,-4.274116512181792e-05,-0.484797518394771,-0.0001236080160571,-1.4021007739447668,-5.485799399851388e-05,-0.6223036823375878
ARCX.PILLAR,500,QUOTE_WITH_REST_BASKET,AT_T_MINUS_1S,FULL,KO,0.0076999998092651,21600,7200,14400,1.0,7011.524647400193,0.4869114338472356,0.1,0.2783236331005776,0.0,7009.5412871254175,0.4867737004948206,0.1,0.2782751728662131,0.0,7013.3126668065,0.4870356018615625,0.1,0.2784276438210142,0.0,7012.096570234194,0.4869511507107079,0.1,0.2783806071429092,0.0,0.0002828714686913,1.983360274775805,-0.0002550114983863,-1.7880194063063757,0.0001733983111948,1.2160965723060144,-0.0003645435562908,-2.555283108776166
ARCX.PILLAR,500,QUOTE_WITH_REST_BASKET,AT_T_MINUS_1S,FULL,LLY,0.0089999961853027,21600,7200,14400,1.0,23926.3819790916,1.6615543041035832,1.0,0.9718813745519934,0.0,23915.67365946052,1.6608106707958692,1.0,0.9722217594638304,0.0,23922.14560675682,1.661260111580335,1.0,0.972049498377254,0.0,23913.423838503964,1.660654433229442,1.0,0.9724065224108016,0.0,0.0004475528159852,10.708319631081396,0.0001770586266858,4.236372334777116,0.000364589715163,8.721768252857146,9.40730747788221e-05,2.249820956552867
ARCX.PILLAR,500,QUOTE_WITH_REST_BASKET,AT_T_MINUS_1S,FULL,MMC,0.0025999999046325,21600,7200,14400,1.0,11237.276358040155,0.7803664137527886,1.0,0.8912494119799416,0.0,11219.41242808104,0.7791258630611833,1.0,0.8905615137514689,0.0,11235.22711402466,0.7802241051406014,1.0,0.8905439388729545,0.0,11220.640979711872,0.7792111791466578,1.0,0.8902062652736243,0.0,0.0015897028238817,17.86392995911592,0.0001823612724474,2.049244015495788,0.0012982500633724,14.58613431278718,-0.0001095023147341,-1.2285516308329534
ARCX.PILLAR,500,QUOTE_WITH_REST_BASKET,AT_T_MINUS_1S,FULL,MNST,0.0011999994516372,21600,7200,14400,1.0,12036.90399762284,0.8358961109460307,0.1,1.1960509168461904,0.0,12030.42659029331,0.8354462909925909,0.1,1.1963807349839222,0.0,12034.541310404671,0.8357320354447688,0.1,1.1965676293847671,0.0,12029.335673854352,0.8353705329065522,0.1,1.1966449042580922,0.0,0.0005381290181272,6.47740732953207,0.0001962869537412,2.362687218170322,0.0004325579526507,5.205636550319468,9.067978020316224e-05,1.09091643895772
ARCX.PILLAR,500,QUOTE_WITH_REST_BASKET,AT_T_MINUS_1S,FULL,MRK,0.0087999963760375,21600,7200,14400,1.0,11316.781487875913,0.7858876033247162,1.0,0.932861611542301,0.0,11311.555604332303,0.785524694745299,1.0,0.9326860578782028,0.0,11316.19974547044,0.7858472045465584,1.0,0.9328088914215908,0.0,11310.883543706956,0.7854780238685386,1.0,0.932624940524988,0.0,0.0004617817839114,5.225883543607779,5.14052874569515e-05,0.5817424054712319,0.0004697868439105,5.316201763485879,5.941363406214428e-05,0.6720606253493315
ARCX.PILLAR,500,QUOTE_WITH_REST_BASKET,AT_T_MINUS_1S,FULL,NDSN,0.0003999999165534,21591,7193,14400,1.0,21172.46298410952,1.47030992945205,100.0,1.2326387018054867,0.0001388888888888,21172.08028850864,1.4702833533686557,100.0,1.2326216384259283,0.0001088588588588,21172.32168284896,1.4703001168645111,100.0,1.2326348169612682,0.0001088588588588,21171.941822221823,1.4702737376542931,100.0,1.232617942965769,8.950617283950617e-05,1.8075157395158747e-05,0.3826956008815614,6.6738225338314194e-06,0.1413012605589756,1.7941378032459987e-05,0.379860627137532,6.5400416457972455e-06,0.1384662868149462
ARCX.PILLAR,500,QUOTE_WITH_REST_BASKET,AT_T_MINUS_1S,FULL,NWSA,0.0001999999582767,21600,7200,14400,1.0,15932.941558647031,1.1064542749060438,0.01,1.2589421778450365,2.6340996168582372e-05,15792.791419649822,1.096721626364571,0.01,1.2508259681686065,2.0645645645645647e-05,15917.725525191854,1.105397605916101,0.1,1.2585916976775646,2.0645645645645647e-05,15796.98760151177,1.097013027882762,0.01,1.250893782844685,1.697530864197531e-05,0.008796250113724,140.15013899720907,0.0009550046612026,15.21603345517724,0.007585124111419,120.73792368008436,-0.0002657023543493,-4.19618186194748
ARCX.PILLAR,500,QUOTE_WITH_REST_BASKET,AT_T_MINUS_1S,FULL,PG,0.0111999988555908,21600,7200,14400,1.0,7139.026442946487,0.4957657252046171,1.0,0.5040757272785721,0.0,7135.687498506208,0.4955338540629311,1.0,0.5040506393129672,0.0,7138.852005569174,0.4957536114978593,1.0,0.5042777921997951,0.0,7135.430137245722,0.4955159817531751,1.0,0.5042503324289896,0.0,0.0004677030498434,3.3389444402791923,2.4434336909462395e-05,0.1744373773126426,0.000479330335015,3.421868323452145,3.606677850442885e-05,0.2573612604855952
ARCX.PILLAR,500,QUOTE_WITH_REST_BASKET,AT_T_MINUS_1S,FULL,RSG,0.0007999998331069,21600,7200,14400,1.0,10957.56022301368,0.7609416821537277,0.1,0.9742864605206276,0.0,10946.666437542412,0.7601851692737785,0.1,0.976199045098473,0.0,10958.865141747749,0.7610323015102604,0.1,0.9765900642248873,0.0,10951.496315819106,0.760520577487438,0.1,0.9784386571810836,0.0,0.000994179840179,10.89378547126762,-0.0001190884382573,-1.3049187340693609,0.0006724077569465,7.368825928642764,-0.0004412190966309,-4.829878276694217
ARCX.PILLAR,500,QUOTE_WITH_REST_BASKET,AT_T_MINUS_1S,FULL,TJX,0.0028999996185302,21600,7200,14400,1.0,8997.600347618383,0.6248333574734989,1.0,0.7739888096596246,0.0,8957.987204176285,0.6220824447344642,1.0,0.7732573489927638,0.0,8996.530436459787,0.6247590580874852,1.0,0.7739064791287188,0.0,8958.504990381189,0.6221184021098047,1.0,0.7731776163145941,0.0,0.0044026342482064,39.61314344209859,0.0001189107225549,1.0699111585963692,0.0042266789788755,38.02544607859818,-5.780162363522301e-05,-0.5177862049040414
ARCX.PILLAR,500,QUOTE_WITH_REST_BASKET,AT_T_MINUS_1S,FULL,V,0.0105999946594238,21600,7200,14400,1.0,8164.739691442041,0.5669958119056973,1.0,0.5667259395490197,0.0,8094.492079986772,0.562117505554637,1.0,0.5631979607511961,0.0,8149.199582065637,0.565916637643447,1.0,0.5653023214301791,0.0,8088.674859061603,0.561713531879278,1.0,0.5625959865364616,0.0,0.0086037784559008,70.24761145526827,0.0019033196358596,15.540109376403962,0.007427075799841,60.52472300403406,0.0007186641073567,5.8172209251697495
ARCX.PILLAR,500,QUOTE_WITH_REST_BASKET,AT_T_MINUS_1S,FULL,WST,0.000499999821186,21595,7200,14400,1.0,46018.3773593793,3.195720649956896,0.01,4.939956493911875,0.0,46039.4569086087,3.197184507542271,0.01,4.935913113824095,0.0,46029.1026935317,3.19646546482859,0.01,4.935142068529123,0.0,46050.55228819818,3.1979550200137625,0.01,4.935775192947168,0.0,-0.0004580680684322,-21.079549229398253,-0.0002330663262772,-10.725334152397409,-0.000466000712838,-21.44959466648288,-0.0002409971866415,-11.095379589482036
ARCX.PILLAR,500,QUOTE_WITH_REST_BASKET,AT_T_MINUS_1S,FULL,XYL,0.0005999997258186,21600,7200,14400,1.0,22363.174210517667,1.5529982090637269,0.1,1.3042230842097793,0.0,22223.452856985947,1.5432953372906908,0.1,1.2982097760613442,0.0,22337.33211202484,1.5512036188906138,0.01,1.3002676757251157,0.0,22220.89917725266,1.5431179984203236,0.1,1.2969649103939491,0.0,0.0062478319140405,139.72135353172052,0.0011555648697078,25.8420984928307,0.0052124816960346,116.43293477217594,0.0001149092244899,2.553679733286117
XNAS.ITCH,0,QUOTE_TRADE_WITH_REST_BASKET,AT_T,ES_VALID,AAPL,0.0604999923706054,21600,7200,14400,1.0,9835.026918926742,0.6829879804810237,1.0,0.7239301659014724,0.0,9820.322670244464,0.6819668521003099,1.0,0.7230779335545026,0.0,9824.507992212031,0.6822574994591688,1.0,0.723395517395743,0.0,9817.120091912968,0.6817444508272894,1.0,0.7229762469301974,0.0,0.001495089825731,14.704248682279283,0.0010695371554568,10.518926714710688,0.0007519867971932,7.3879002990634035,0.0003261174239415,3.2025783314948058
XNAS.ITCH,0,QUOTE_TRADE_WITH_REST_BASKET,AT_T,ES_VALID,ABBV,0.0088999986648559,21600,7200,14400,1.0,9377.95123387466,0.6512466134635181,0.1,0.6374305479541383,0.0,9412.520087017503,0.6536472282651044,1.0,0.6387912663162,0.0,9376.641672963484,0.6511556717335752,0.1,0.6381134502870625,0.0,9411.441621879872,0.6535723348527689,1.0,0.6389847541402539,0.0,-0.0036861839308754,-34.56885314284227,0.0001396425379615,1.309560911176959,-0.0037113446509031,-34.79994891638853,0.0001145777249514,1.078465137630701
XNAS.ITCH,0,QUOTE_TRADE_WITH_REST_BASKET,AT_T,ES_VALID,BDX,0.0021999990940093,21600,7200,14400,1.0,7822.437285722939,0.5432248115085374,0.1,0.8070549163806464,0.0,7796.21478979501,0.5414038048468757,1.0,0.8080138506794113,0.0,7795.130989358789,0.5413285409276937,1.0,0.808117195126688,0.0,7793.643045368639,0.5412252114839332,1.0,0.8087019547662387,0.0,0.0033522155525348,26.22249592792923,0.0034907657762865,27.306296364149603,0.0001908812042006,1.4879439901505975,0.0003298709047545,2.571744426370969
XNAS.ITCH,0,QUOTE_TRADE_WITH_REST_BASKET,AT_T,ES_VALID,CMI,0.0010999995470047,21600,7200,14400,1.0,10347.585311869589,0.718582313324277,1.0,0.6998060763445841,0.0,10278.214422678682,0.7137648904637974,0.1,0.6965730973659447,0.0,10274.913126775353,0.713535633803844,0.1,0.6962831271598975,0.0,10277.605106613526,0.7137225768481615,0.1,0.6969289822433035,0.0,0.0067040654510315,69.37088919090638,0.0070231056718975,72.67218509423583,-0.0002619953867208,-2.6919798381732107,5.928228776896916e-05,0.6093160651562357
XNAS.ITCH,0,QUOTE_TRADE_WITH_REST_BASKET,AT_T,ES_VALID,CVS,0.0037999987602233,21600,7200,14400,1.0,11560.1726629222,0.8027897682584862,0.1,0.8784619885824559,0.0,11521.29233982901,0.800089745821459,0.1,0.8778160899602852,0.0,11515.329033242975,0.79967562730854,0.1,0.876984701846172,0.0,11516.667414887208,0.7997685704782783,0.1,0.8775664563701734,0.0,0.0033632995135007,38.88032309319169,0.003879148779763,44.84362967922425,-0.0001162260878839,-1.338381644231049,0.000401424146301,4.62492494180151
XNAS.ITCH,0,QUOTE_TRADE_WITH_REST_BASKET,AT_T,ES_VALID,DLTR,0.0008999997377395,21600,7200,14400,1.0,14421.93492661063,1.0015232587924048,1.0,0.6047857989471979,0.0,14380.898238851549,0.9986734888091352,1.0,0.6034217090247815,0.0,14390.594798048529,0.9993468609755924,1.0,0.6033056653187969,0.0,14374.300608925496,0.9982153200642704,1.0,0.6031224280633748,0.0,0.0028454356483997,41.03668775908045,0.0021730876419552,31.34012856210029,0.0011322804478688,16.294189123032993,0.0004587773181113,6.597629926052832
XNAS.ITCH,0,QUOTE_TRADE_WITH_REST_BASKET,AT_T,ES_VALID,EBAY,0.0006999999284744,21600,7200,14400,1.0,18343.885829591032,1.273880960388266,0.1,1.147659628926036,0.0,18243.20550297263,1.266889271039766,0.01,1.136215530393546,0.0,18257.75501550284,1.2678996538543637,0.01,1.137981492982192,0.0,18248.4327805813,1.267252276429257,0.01,1.1367455156723714,0.0,0.0054884950524491,100.68032661840334,0.0046953418097083,86.13081408819562,0.0005105904265677,9.32223492153571,-0.0002865328468628,-5.227277608672011
XNAS.ITCH,0,QUOTE_TRADE_WITH_REST_BASKET,AT_T,ES_VALID,GOOG,0.0145999908447265,21600,7200,14400,1.0,16086.176038112477,1.1170955582022553,0.1,1.2400759027482902,0.0,16097.007744097911,1.1178477600067993,1.0,1.239912434435114,0.0,16072.288409382398,1.1161311395404443,0.1,1.2396504885092312,0.0,16093.533612669931,1.1176065008798564,1.0,1.2400496767977645,0.0,-0.0006733549328175,-10.831705985434382,0.0008633269148102,13.887628730079086,-0.0013218530396164,-21.24520328753533,0.0002158246727098,3.4741314279781363
XNAS.ITCH,0,QUOTE_TRADE_WITH_REST_BASKET,AT_T,ES_VALID,KEY,0.000499999821186,21600,7200,14400,1.0,56563.79873477088,3.928041578803533,0.1,4.577431128739055,0.0,56422.55741447107,3.918233153782713,0.1,4.5727171933690105,0.0,56409.55969004179,3.91733053403068,0.1,4.57063331221729,0.0,56422.12206691694,3.918202921313677,0.1,4.571859948126898,0.0,0.0024970267814241,141.24132029980683,0.0027268155282907,154.23904472908907,-0.0002226994315179,-12.56237687515386,7.71584228154154e-06,0.4353475541283842
XNAS.ITCH,0,QUOTE_TRADE_WITH_REST_BASKET,AT_T,ES_VALID,KHC,0.0009999996423721,21600,7200,14400,1.0,10808.72973072415,0.7506062313002881,0.1,0.4935428248408539,0.0,10804.270229983023,0.750296543748821,0.1,0.4940865547372506,0.0,10808.105144926514,0.7505628572865635,0.1,0.4940216860402542,0.0,10807.610376275086,0.7505284983524365,0.1,0.4944035544065254,0.0,0.00041258324079,4.459500741126249,5.778530994815512e-05,0.6245857976355182,4.577755719370469e-05,0.4947686514278757,-0.0003091505692622,-3.340146292062854
XNAS.ITCH,0,QUOTE_TRADE_WITH_REST_BASKET,AT_T,ES_VALID,KO,0.0076999998092651,21600,7200,14400,1.0,6914.714157037119,0.4801884831275776,0.1,0.2751795128187148,0.0,6908.830663397547,0.4797799071803852,0.1,0.2755904934213078,0.0,6907.040948469516,0.4796556214214941,0.1,0.2752934214830677,0.0,6907.927356810082,0.4797171775562556,0.1,0.2758302371725655,0.0,0.0008508657778114,5.883493639571498,0.0011096928077343,7.673208567603069,-0.0001283340213529,-0.8864083405660494,0.0001307466677756,0.9033065874655222
XNAS.ITCH,0,QUOTE_TRADE_WITH_REST_BASKET,AT_T,ES_VALID,LLY,0.0089999961853027,21600,7200,14400,1.0,16749.864770929864,1.163185053536796,1.0,0.6775733820159149,0.0,16740.972627227275,1.1625675435574496,1.0,0.6779531176494088,0.0,16739.241737891036,1.1624473429090998,1.0,0.6776863216972202,0.0,16800.517123866848,1.166702578046309,10.0,0.6779940380135822,0.0,0.0005308785368836,8.892143702589237,0.0006342160479566,10.623033038827998,-0.0036605831336498,-61.27538597581224,-0.0035568122572957,-59.54449663957348
XNAS.ITCH,0,QUOTE_TRADE_WITH_REST_BASKET,AT_T,ES_VALID,MMC,0.0025999999046325,21600,7200,14400,1.0,7088.670312140939,0.4922687716764541,1.0,0.5133709882625244,0.0,7078.516679041195,0.4915636582667496,1.0,0.5126798278351492,0.0,7075.687485263316,0.4913671864766191,1.0,0.512437966449199,0.0,7075.67349997464,0.4913662152760167,1.0,0.512413967782176,0.0,0.0014323748534832,10.153633099744184,0.001831489730223,12.982826877623664,1.976527186142718e-06,0.0139852886750304,0.0004016631160838,2.843179066554512
XNAS.ITCH,0,QUOTE_TRADE_WITH_REST_BASKET,AT_T,ES_VALID,MNST,0.0011999994516372,21600,7200,14400,1.0,10539.933667010271,0.7319398379868245,0.1,0.8203027241253892,0.0,10523.73872948792,0.7308151895477722,0.1,0.8202907909767575,0.0,10526.112402878243,0.7309800279776558,0.1,0.8203442509430285,0.0,10521.247379860788,0.7306421791569991,0.1,0.8203904285108574,0.0,0.0015365312566474,16.19493752235212,0.0013113236352986,13.821264132029684,0.000462186116892,4.865023017455314,0.0002367361724927,2.4913496271328768
XNAS.ITCH,0,QUOTE_TRADE_WITH_REST_BASKET,AT_T,ES_VALID,MRK,0.0087999963760375,21600,7200,14400,1.0,10915.247773750569,0.7580033176215673,1.0,0.7028663173646744,0.0,10916.704955279954,0.7581045107833302,1.0,0.7030265774861846,0.0,10913.803359910318,0.7579030111048832,1.0,0.7027405859883235,0.0,10916.279128941656,0.7580749395098372,1.0,0.7028722732343041,0.0,-0.0001334996291051,-1.457181529385707,0.0001323299177617,1.4444138402504905,-0.0002268475021669,-2.4757690313363128,3.900685601054832e-05,0.4258263382998848
XNAS.ITCH,0,QUOTE_TRADE_WITH_REST_BASKET,AT_T,ES_VALID,NDSN,0.0003999999165534,21600,7200,14400,1.0,7386.276684194227,0.5129358808468213,10.0,0.5226255662530659,7.4404761904761905e-06,7381.811763338574,0.512625816898512,10.0,0.5224100104774251,5.707762557077626e-06,7381.777917186769,0.5126234664713034,10.0,0.5224700221810947,6.510416666666667e-06,7378.289187158534,0.512381193552676,10.0,0.5223076689341342,5.1440329218107e-06,0.0006044887087979,4.464920855652963,0.000609071010985,4.4987670074579,0.0004726137886256,3.488730028234386,0.0004771966954689,3.522576180039323
XNAS.ITCH,0,QUOTE_TRADE_WITH_REST_BASKET,AT_T,ES_VALID,NWSA,0.0001999999582767,21600,7200,14400,1.0,15462.415612890569,1.0737788620062894,0.01,1.2548745007954485,6.076388888888889e-05,15319.997272088642,1.0638886994506,0.01,1.2506748175865678,4.661339421613394e-05,15305.910121571982,1.0629104251091654,0.01,1.2490806504054353,5.3168402777777775e-05,15293.829638747848,1.0620715026908227,0.1,1.2507501716166292,4.200960219478738e-05,0.0092106139407606,142.4183408019253,0.0101216714927847,156.50549131858497,0.0007892691599638,12.080482824134378,0.001708070365552,26.16763334079405
XNAS.ITCH,0,QUOTE_TRADE_WITH_REST_BASKET,AT_T,ES_VALID,PG,0.0111999988555908,21600,7200,14400,1.0,6353.36100548351,0.4412056253807992,1.0,0.3975353195925037,0.0,6353.929454395793,0.4412451009997079,1.0,0.3975266931220526,0.0,6352.863508710894,0.4411710769938121,1.0,0.397578796487158,0.0,6353.702980993976,0.4412293736801372,1.0,0.3975673926675629,0.0,-8.94721568305279e-05,-0.5684489122832019,7.830450248080822e-05,0.4974967726157047,-0.0001321407711547,-0.8394722830817045,3.564304631376025e-05,0.2264734018172021
XNAS.ITCH,0,QUOTE_TRADE_WITH_REST_BASKET,AT_T,ES_VALID,RSG,0.0007999998331069,21600,7200,14400,1.0,6342.788277020136,0.4404714081263983,0.1,0.4665113995572901,0.0,6352.615846638715,0.4411538782387996,1.0,0.4667475776027004,0.0,6354.80792092628,0.4413061056198805,1.0,0.4668374657888504,0.0,6349.774301234324,0.440956548696828,1.0,0.4669677174377833,0.0,-0.001549408428811,-9.82756961857922,-0.0018950094786689,-12.019643906143756,0.000792096276487,5.033619691956119,0.0004473032012308,2.841545404391581
XNAS.ITCH,0,QUOTE_TRADE_WITH_REST_BASKET,AT_T,ES_VALID,TJX,0.0028999996185302,21600,7200,14400,1.0,7690.445379255307,0.5340587068927296,0.1,0.6423670672706454,0.0,7649.669124299927,0.5312270225208282,0.1,0.6408440959207339,0.0,7652.144032709569,0.5313988911603867,0.1,0.6419117457432734,0.0,7648.875234724996,0.5311718913003469,0.1,0.6414169219003331,0.0,0.0053021968097416,40.776254955379954,0.0049803808046091,38.30134654573794,0.0004271741319296,3.268797984573212,0.0001037809037268,0.7938895749311996
XNAS.ITCH,0,QUOTE_TRADE_WITH_REST_BASKET,AT_T,ES_VALID,V,0.0105999946594238,21600,7200,14400,1.0,7866.094733467946,0.5462565787130518,1.0,0.4723435735888425,0.0,7718.277557762721,0.5359914970668556,0.1,0.467506262423437,0.0,7718.898504311382,0.536034618354957,0.1,0.4676296747488425,0.0,7715.418658126735,0.5357929623699121,0.1,0.4672791258381079,0.0,0.0187916851644699,147.81717570522505,0.0187127455419888,147.1962291565642,0.0004508216013856,3.4798461846467035,0.0003704064300085,2.858899635985836
XNAS.ITCH,0,QUOTE_TRADE_WITH_REST_BASKET,AT_T,ES_VALID,WST,0.000499999821186,21600,7200,14400,1.0,20852.24988396793,1.4480729086088842,0.01,1.8224465647031436,5.33234126984127e-05,20844.17824697785,1.447512378262351,0.01,1.820712536461569,4.090563165905632e-05,20844.91383552144,1.4475634608000998,0.01,1.8200963699634205,4.6657986111111113e-05,20850.08115689184,1.447922302561933,0.01,1.8215818596901157,3.686556927297668e-05,0.0003870871025906,8.071636990080151,0.0003518108831093,7.336048446493805,-0.000247893630608,-5.1673213703979854,-0.0002831922584829,-5.902909913984331
XNAS.ITCH,0,QUOTE_TRADE_WITH_REST_BASKET,AT_T,ES_VALID,XYL,0.0005999997258186,21600,7200,14400,1.0,14491.549673809,1.0063576162367365,1.0,0.6853230156202174,0.0,14414.589135224433,1.0010131343905857,1.0,0.682174068299573,0.0,14409.652663245162,1.0006703238364696,1.0,0.6830013972641141,0.0,14387.542218275275,0.9991348762691163,1.0,0.6819068049863818,0.0,0.0053107183370223,76.96053858456798,0.005651363201815,81.8970105638382,0.0015344190097157,22.110444969885062,0.0018763571195422,27.046916949155275
XNAS.ITCH,0,QUOTE_TRADE_WITH_REST_BASKET,AT_T,FULL,AAPL,0.0604999923706054,21600,7200,14400,1.0,9835.026918926742,0.6829879804810237,1.0,0.7239301659014724,0.0,9820.322670244464,0.6819668521003099,1.0,0.7230779335545026,0.0,9824.507992212031,0.6822574994591688,1.0,0.723395517395743,0.0,9817.120091912968,0.6817444508272894,1.0,0.7229762469301974,0.0,0.001495089825731,14.704248682279283,0.0010695371554568,10.518926714710688,0.0007519867971932,7.3879002990634035,0.0003261174239415,3.2025783314948058
XNAS.ITCH,0,QUOTE_TRADE_WITH_REST_BASKET,AT_T,FULL,ABBV,0.0088999986648559,21600,7200,14400,1.0,9377.95123387466,0.6512466134635181,0.1,0.6374305479541383,0.0,9412.520087017503,0.6536472282651044,1.0,0.6387912663162,0.0,9376.641672963484,0.6511556717335752,0.1,0.6381134502870625,0.0,9411.441621879872,0.6535723348527689,1.0,0.6389847541402539,0.0,-0.0036861839308754,-34.56885314284227,0.0001396425379615,1.309560911176959,-0.0037113446509031,-34.79994891638853,0.0001145777249514,1.078465137630701
XNAS.ITCH,0,QUOTE_TRADE_WITH_REST_BASKET,AT_T,FULL,BDX,0.0021999990940093,21600,7200,14400,1.0,7822.437285722939,0.5432248115085374,0.1,0.8070549163806464,0.0,7796.21478979501,0.5414038048468757,1.0,0.8080138506794113,0.0,7795.130989358789,0.5413285409276937,1.0,0.808117195126688,0.0,7793.643045368639,0.5412252114839332,1.0,0.8087019547662387,0.0,0.0033522155525348,26.22249592792923,0.0034907657762865,27.306296364149603,0.0001908812042006,1.4879439901505975,0.0003298709047545,2.571744426370969
XNAS.ITCH,0,QUOTE_TRADE_WITH_REST_BASKET,AT_T,FULL,CMI,0.0010999995470047,21600,7200,14400,1.0,10347.585311869589,0.718582313324277,1.0,0.6998060763445841,0.0,10278.214422678682,0.7137648904637974,0.1,0.6965730973659447,0.0,10274.913126775353,0.713535633803844,0.1,0.6962831271598975,0.0,10277.605106613526,0.7137225768481615,0.1,0.6969289822433035,0.0,0.0067040654510315,69.37088919090638,0.0070231056718975,72.67218509423583,-0.0002619953867208,-2.6919798381732107,5.928228776896916e-05,0.6093160651562357
XNAS.ITCH,0,QUOTE_TRADE_WITH_REST_BASKET,AT_T,FULL,CVS,0.0037999987602233,21600,7200,14400,1.0,11560.1726629222,0.8027897682584862,0.1,0.8784619885824559,0.0,11521.29233982901,0.800089745821459,0.1,0.8778160899602852,0.0,11515.329033242975,0.79967562730854,0.1,0.876984701846172,0.0,11516.667414887208,0.7997685704782783,0.1,0.8775664563701734,0.0,0.0033632995135007,38.88032309319169,0.003879148779763,44.84362967922425,-0.0001162260878839,-1.338381644231049,0.000401424146301,4.62492494180151
XNAS.ITCH,0,QUOTE_TRADE_WITH_REST_BASKET,AT_T,FULL,DLTR,0.0008999997377395,21600,7200,14400,1.0,14421.93492661063,1.0015232587924048,1.0,0.6047857989471979,0.0,14380.898238851549,0.9986734888091352,1.0,0.6034217090247815,0.0,14390.594798048529,0.9993468609755924,1.0,0.6033056653187969,0.0,14374.300608925496,0.9982153200642704,1.0,0.6031224280633748,0.0,0.0028454356483997,41.03668775908045,0.0021730876419552,31.34012856210029,0.0011322804478688,16.294189123032993,0.0004587773181113,6.597629926052832
XNAS.ITCH,0,QUOTE_TRADE_WITH_REST_BASKET,AT_T,FULL,EBAY,0.0006999999284744,21600,7200,14400,1.0,18343.885829591032,1.273880960388266,0.1,1.147659628926036,0.0,18243.20550297263,1.266889271039766,0.01,1.136215530393546,0.0,18257.75501550284,1.2678996538543637,0.01,1.137981492982192,0.0,18248.4327805813,1.267252276429257,0.01,1.1367455156723714,0.0,0.0054884950524491,100.68032661840334,0.0046953418097083,86.13081408819562,0.0005105904265677,9.32223492153571,-0.0002865328468628,-5.227277608672011
XNAS.ITCH,0,QUOTE_TRADE_WITH_REST_BASKET,AT_T,FULL,GOOG,0.0145999908447265,21600,7200,14400,1.0,16086.176038112477,1.1170955582022553,0.1,1.2400759027482902,0.0,16097.007744097911,1.1178477600067993,1.0,1.239912434435114,0.0,16072.288409382398,1.1161311395404443,0.1,1.2396504885092312,0.0,16093.533612669931,1.1176065008798564,1.0,1.2400496767977645,0.0,-0.0006733549328175,-10.831705985434382,0.0008633269148102,13.887628730079086,-0.0013218530396164,-21.24520328753533,0.0002158246727098,3.4741314279781363
XNAS.ITCH,0,QUOTE_TRADE_WITH_REST_BASKET,AT_T,FULL,KEY,0.000499999821186,21600,7200,14400,1.0,56563.79873477088,3.928041578803533,0.1,4.577431128739055,0.0,56422.55741447107,3.918233153782713,0.1,4.5727171933690105,0.0,56409.55969004179,3.91733053403068,0.1,4.57063331221729,0.0,56422.12206691694,3.918202921313677,0.1,4.571859948126898,0.0,0.0024970267814241,141.24132029980683,0.0027268155282907,154.23904472908907,-0.0002226994315179,-12.56237687515386,7.71584228154154e-06,0.4353475541283842
XNAS.ITCH,0,QUOTE_TRADE_WITH_REST_BASKET,AT_T,FULL,KHC,0.0009999996423721,21600,7200,14400,1.0,10808.72973072415,0.7506062313002881,0.1,0.4935428248408539,0.0,10804.270229983023,0.750296543748821,0.1,0.4940865547372506,0.0,10808.105144926514,0.7505628572865635,0.1,0.4940216860402542,0.0,10807.610376275086,0.7505284983524365,0.1,0.4944035544065254,0.0,0.00041258324079,4.459500741126249,5.778530994815512e-05,0.6245857976355182,4.577755719370469e-05,0.4947686514278757,-0.0003091505692622,-3.340146292062854
XNAS.ITCH,0,QUOTE_TRADE_WITH_REST_BASKET,AT_T,FULL,KO,0.0076999998092651,21600,7200,14400,1.0,6914.714157037119,0.4801884831275776,0.1,0.2751795128187148,0.0,6908.830663397547,0.4797799071803852,0.1,0.2755904934213078,0.0,6907.040948469516,0.4796556214214941,0.1,0.2752934214830677,0.0,6907.927356810082,0.4797171775562556,0.1,0.2758302371725655,0.0,0.0008508657778114,5.883493639571498,0.0011096928077343,7.673208567603069,-0.0001283340213529,-0.8864083405660494,0.0001307466677756,0.9033065874655222
XNAS.ITCH,0,QUOTE_TRADE_WITH_REST_BASKET,AT_T,FULL,LLY,0.0089999961853027,21600,7200,14400,1.0,16749.864770929864,1.163185053536796,1.0,0.6775733820159149,0.0,16740.972627227275,1.1625675435574496,1.0,0.6779531176494088,0.0,16739.241737891036,1.1624473429090998,1.0,0.6776863216972202,0.0,16800.517123866848,1.166702578046309,10.0,0.6779940380135822,0.0,0.0005308785368836,8.892143702589237,0.0006342160479566,10.623033038827998,-0.0036605831336498,-61.27538597581224,-0.0035568122572957,-59.54449663957348
XNAS.ITCH,0,QUOTE_TRADE_WITH_REST_BASKET,AT_T,FULL,MMC,0.0025999999046325,21600,7200,14400,1.0,7088.670312140939,0.4922687716764541,1.0,0.5133709882625244,0.0,7078.516679041195,0.4915636582667496,1.0,0.5126798278351492,0.0,7075.687485263316,0.4913671864766191,1.0,0.512437966449199,0.0,7075.67349997464,0.4913662152760167,1.0,0.512413967782176,0.0,0.0014323748534832,10.153633099744184,0.001831489730223,12.982826877623664,1.976527186142718e-06,0.0139852886750304,0.0004016631160838,2.843179066554512
XNAS.ITCH,0,QUOTE_TRADE_WITH_REST_BASKET,AT_T,FULL,MNST,0.0011999994516372,21600,7200,14400,1.0,10539.933667010271,0.7319398379868245,0.1,0.8203027241253892,0.0,10523.73872948792,0.7308151895477722,0.1,0.8202907909767575,0.0,10526.112402878243,0.7309800279776558,0.1,0.8203442509430285,0.0,10521.247379860788,0.7306421791569991,0.1,0.8203904285108574,0.0,0.0015365312566474,16.19493752235212,0.0013113236352986,13.821264132029684,0.000462186116892,4.865023017455314,0.0002367361724927,2.4913496271328768
XNAS.ITCH,0,QUOTE_TRADE_WITH_REST_BASKET,AT_T,FULL,MRK,0.0087999963760375,21600,7200,14400,1.0,10915.247773750569,0.7580033176215673,1.0,0.7028663173646744,0.0,10916.704955279954,0.7581045107833302,1.0,0.7030265774861846,0.0,10913.803359910318,0.7579030111048832,1.0,0.7027405859883235,0.0,10916.279128941656,0.7580749395098372,1.0,0.7028722732343041,0.0,-0.0001334996291051,-1.457181529385707,0.0001323299177617,1.4444138402504905,-0.0002268475021669,-2.4757690313363128,3.900685601054832e-05,0.4258263382998848
XNAS.ITCH,0,QUOTE_TRADE_WITH_REST_BASKET,AT_T,FULL,NDSN,0.0003999999165534,21600,7200,14400,1.0,7386.276684194227,0.5129358808468213,10.0,0.5226255662530659,7.4404761904761905e-06,7381.811763338574,0.512625816898512,10.0,0.5224100104774251,5.707762557077626e-06,7381.777917186769,0.5126234664713034,10.0,0.5224700221810947,6.510416666666667e-06,7378.289187158534,0.512381193552676,10.0,0.5223076689341342,5.1440329218107e-06,0.0006044887087979,4.464920855652963,0.000609071010985,4.4987670074579,0.0004726137886256,3.488730028234386,0.0004771966954689,3.522576180039323
XNAS.ITCH,0,QUOTE_TRADE_WITH_REST_BASKET,AT_T,FULL,NWSA,0.0001999999582767,21600,7200,14400,1.0,15462.415612890569,1.0737788620062894,0.01,1.2548745007954485,6.076388888888889e-05,15319.997272088642,1.0638886994506,0.01,1.2506748175865678,4.661339421613394e-05,15305.910121571982,1.0629104251091654,0.01,1.2490806504054353,5.3168402777777775e-05,15293.829638747848,1.0620715026908227,0.1,1.2507501716166292,4.200960219478738e-05,0.0092106139407606,142.4183408019253,0.0101216714927847,156.50549131858497,0.0007892691599638,12.080482824134378,0.001708070365552,26.16763334079405
XNAS.ITCH,0,QUOTE_TRADE_WITH_REST_BASKET,AT_T,FULL,PG,0.0111999988555908,21600,7200,14400,1.0,6353.36100548351,0.4412056253807992,1.0,0.3975353195925037,0.0,6353.929454395793,0.4412451009997079,1.0,0.3975266931220526,0.0,6352.863508710894,0.4411710769938121,1.0,0.397578796487158,0.0,6353.702980993976,0.4412293736801372,1.0,0.3975673926675629,0.0,-8.94721568305279e-05,-0.5684489122832019,7.830450248080822e-05,0.4974967726157047,-0.0001321407711547,-0.8394722830817045,3.564304631376025e-05,0.2264734018172021
XNAS.ITCH,0,QUOTE_TRADE_WITH_REST_BASKET,AT_T,FULL,RSG,0.0007999998331069,21600,7200,14400,1.0,6342.788277020136,0.4404714081263983,0.1,0.4665113995572901,0.0,6352.615846638715,0.4411538782387996,1.0,0.4667475776027004,0.0,6354.80792092628,0.4413061056198805,1.0,0.4668374657888504,0.0,6349.774301234324,0.440956548696828,1.0,0.4669677174377833,0.0,-0.001549408428811,-9.82756961857922,-0.0018950094786689,-12.019643906143756,0.000792096276487,5.033619691956119,0.0004473032012308,2.841545404391581
XNAS.ITCH,0,QUOTE_TRADE_WITH_REST_BASKET,AT_T,FULL,TJX,0.0028999996185302,21600,7200,14400,1.0,7690.445379255307,0.5340587068927296,0.1,0.6423670672706454,0.0,7649.669124299927,0.5312270225208282,0.1,0.6408440959207339,0.0,7652.144032709569,0.5313988911603867,0.1,0.6419117457432734,0.0,7648.875234724996,0.5311718913003469,0.1,0.6414169219003331,0.0,0.0053021968097416,40.776254955379954,0.0049803808046091,38.30134654573794,0.0004271741319296,3.268797984573212,0.0001037809037268,0.7938895749311996
XNAS.ITCH,0,QUOTE_TRADE_WITH_REST_BASKET,AT_T,FULL,V,0.0105999946594238,21600,7200,14400,1.0,7866.094733467946,0.5462565787130518,1.0,0.4723435735888425,0.0,7718.277557762721,0.5359914970668556,0.1,0.467506262423437,0.0,7718.898504311382,0.536034618354957,0.1,0.4676296747488425,0.0,7715.418658126735,0.5357929623699121,0.1,0.4672791258381079,0.0,0.0187916851644699,147.81717570522505,0.0187127455419888,147.1962291565642,0.0004508216013856,3.4798461846467035,0.0003704064300085,2.858899635985836
XNAS.ITCH,0,QUOTE_TRADE_WITH_REST_BASKET,AT_T,FULL,WST,0.000499999821186,21600,7200,14400,1.0,20852.24988396793,1.4480729086088842,0.01,1.8224465647031436,5.33234126984127e-05,20844.17824697785,1.447512378262351,0.01,1.820712536461569,4.090563165905632e-05,20844.91383552144,1.4475634608000998,0.01,1.8200963699634205,4.6657986111111113e-05,20850.08115689184,1.447922302561933,0.01,1.8215818596901157,3.686556927297668e-05,0.0003870871025906,8.071636990080151,0.0003518108831093,7.336048446493805,-0.000247893630608,-5.1673213703979854,-0.0002831922584829,-5.902909913984331
XNAS.ITCH,0,QUOTE_TRADE_WITH_REST_BASKET,AT_T,FULL,XYL,0.0005999997258186,21600,7200,14400,1.0,14491.549673809,1.0063576162367365,1.0,0.6853230156202174,0.0,14414.589135224433,1.0010131343905857,1.0,0.682174068299573,0.0,14409.652663245162,1.0006703238364696,1.0,0.6830013972641141,0.0,14387.542218275275,0.9991348762691163,1.0,0.6819068049863818,0.0,0.0053107183370223,76.96053858456798,0.005651363201815,81.8970105638382,0.0015344190097157,22.110444969885062,0.0018763571195422,27.046916949155275
XNAS.ITCH,0,QUOTE_TRADE_WITH_REST_BASKET,AT_T_MINUS_1S,ES_VALID,AAPL,0.0604999923706054,21600,7200,14400,1.0,9835.026918926742,0.6829879804810237,1.0,0.7239301659014724,0.0,9820.322670244464,0.6819668521003099,1.0,0.7230779335545026,0.0,9898.168369302432,0.6873728034237799,10.0,0.7239972140063708,0.0,9821.109194328072,0.6820214718283383,1.0,0.7231676361297017,0.0,0.001495089825731,14.704248682279283,-0.0064200587244127,-63.1414503756896,0.0077851954118447,77.05917497435985,-8.009147051679655e-05,-0.7865240836090379
XNAS.ITCH,0,QUOTE_TRADE_WITH_REST_BASKET,AT_T_MINUS_1S,ES_VALID,ABBV,0.0088999986648559,21600,7200,14400,1.0,9377.95123387466,0.6512466134635181,0.1,0.6374305479541383,0.0,9412.520087017503,0.6536472282651044,1.0,0.6387912663162,0.0,9382.480406490628,0.6515611393396269,0.1,0.6375158035964101,0.0,9413.482120684155,0.653714036158622,1.0,0.6388472545993681,0.0,-0.0036861839308754,-34.56885314284227,-0.0004829597108169,-4.529172615966672,-0.0033042130492575,-31.00171419352955,-0.0001022078739552,-0.9620336666539516
XNAS.ITCH,0,QUOTE_TRADE_WITH_REST_BASKET,AT_T_MINUS_1S,ES_VALID,BDX,0.0021999990940093,21600,7200,14400,1.0,7822.437285722939,0.5432248115085374,0.1,0.8070549163806464,0.0,7796.21478979501,0.5414038048468757,1.0,0.8080138506794113,0.0,7801.595406608813,0.5417774587922787,1.0,0.8076864674187032,0.0,7795.940085136279,0.5413847281344638,1.0,0.8081604002953668,0.0,0.0033522155525348,26.22249592792923,0.0026643715191126,20.84187911412573,0.0007248929453255,5.655321472534524,3.52356452634206e-05,0.2747046587310251
XNAS.ITCH,0,QUOTE_TRADE_WITH_REST_BASKET,AT_T_MINUS_1S,ES_VALID,CMI,0.0010999995470047,21600,7200,14400,1.0,10347.585311869589,0.718582313324277,1.0,0.6998060763445841,0.0,10278.214422678682,0.7137648904637974,0.1,0.6965730973659447,0.0,10302.859348801288,0.7154763436667562,0.1,0.6979860276467609,0.0,10275.176472841837,0.7135539217251274,0.1,0.6960767260360534,0.0,0.0067040654510315,69.37088919090638,0.0043223575085672,44.72596306830019,0.0026869119554344,27.682875959453668,0.0002955717512707,3.037949836847474
XNAS.ITCH,0,QUOTE_TRADE_WITH_REST_BASKET,AT_T_MINUS_1S,ES_VALID,CVS,0.0037999987602233,21600,7200,14400,1.0,11560.1726629222,0.8027897682584862,0.1,0.8784619885824559,0.0,11521.29233982901,0.800089745821459,0.1,0.8778160899602852,0.0,11556.79288251127,0.8025550612855049,0.1,0.8787605751428823,0.0,11523.569883534195,0.8002479085787637,0.1,0.8782757584642926,0.0,0.0033632995135007,38.88032309319169,0.0002923641808371,3.3797804109308345,0.0028747594003651,33.222998977073075,-0.0001976812702959,-2.2775437051877816
XNAS.ITCH,0,QUOTE_TRADE_WITH_REST_BASKET,AT_T_MINUS_1S,ES_VALID,DLTR,0.0008999997377395,21600,7200,14400,1.0,14421.93492661063,1.0015232587924048,1.0,0.6047857989471979,0.0,14380.898238851549,0.9986734888091352,1.0,0.6034217090247815,0.0,14409.379702606013,1.0006513682365286,1.0,0.6040369735150436,0.0,14374.536833327102,0.9982317245366042,1.0,0.6031116573933754,0.0,0.0028454356483997,41.03668775908045,0.0008705644609068,12.55522400461814,0.0024180686468139,34.84286927890935,0.0004423510561573,6.361405524447036
XNAS.ITCH,0,QUOTE_TRADE_WITH_REST_BASKET,AT_T_MINUS_1S,ES_VALID,EBAY,0.0006999999284744,21600,7200,14400,1.0,18343.885829591032,1.273880960388266,0.1,1.147659628926036,0.0,18243.20550297263,1.266889271039766,0.01,1.136215530393546,0.0,18326.26044098033,1.2726569750680785,0.1,1.1461397997445175,0.0,18232.928306947702,1.2661755768713685,0.01,1.1358498006899769,0.0,0.0054884950524491,100.68032661840334,0.000960831787465,17.62538861070061,0.0050928084501037,93.33213403262562,0.0005633437623255,10.277196024922889
XNAS.ITCH,0,QUOTE_TRADE_WITH_REST_BASKET,AT_T_MINUS_1S,ES_VALID,GOOG,0.0145999908447265,21600,7200,14400,1.0,16086.176038112477,1.1170955582022553,0.1,1.2400759027482902,0.0,16097.007744097911,1.1178477600067993,1.0,1.239912434435114,0.0,16087.295653894951,1.1171733092982603,0.1,1.240106801087396,0.0,16095.363100464076,1.1177335486433386,1.0,1.2398954259539543,0.0,-0.0006733549328175,-10.831705985434382,-6.960111463549801e-05,-1.119615782476103,-0.0005014793500839,-8.067446569124513,0.000102170767386,1.6446436338337662
XNAS.ITCH,0,QUOTE_TRADE_WITH_REST_BASKET,AT_T_MINUS_1S,ES_VALID,KEY,0.000499999821186,21600,7200,14400,1.0,56563.79873477088,3.928041578803533,0.1,4.577431128739055,0.0,56422.55741447107,3.918233153782713,0.1,4.5727171933690105,0.0,56458.16043134814,3.9207055855102872,0.01,4.571483510002247,0.0,56415.996007448746,3.917777500517274,0.1,4.568343865542005,0.0,0.0024970267814241,141.24132029980683,0.001867595631582,105.63830342274014,0.0007468260314762,42.16442389939039,0.0001162904930757,6.561407022323692
XNAS.ITCH,0,QUOTE_TRADE_WITH_REST_BASKET,AT_T_MINUS_1S,ES_VALID,KHC,0.0009999996423721,21600,7200,14400,1.0,10808.72973072415,0.7506062313002881,0.1,0.4935428248408539,0.0,10804.270229983023,0.750296543748821,0.1,0.4940865547372506,0.0,10808.429533485256,0.7505853842698095,0.1,0.4936785747714758,0.0,10804.554015486194,0.7503162510754301,0.1,0.4941407705005108,0.0,0.00041258324079,4.459500741126249,2.777359101135968e-05,0.3001972388938156,0.0003585643952301,3.87551799906214,-2.6266050101364517e-05,-0.2837855031702929
XNAS.ITCH,0,QUOTE_TRADE_WITH_REST_BASKET,AT_T_MINUS_1S,ES_VALID,KO,0.0076999998092651,21600,7200,14400,1.0,6914.714157037119,0.4801884831275776,0.1,0.2751795128187148,0.0,6908.830663397547,0.4797799071803852,0.1,0.2755904934213078,0.0,6912.123591729694,0.4800085827590065,0.1,0.2752600465838254,0.0,6907.107804702952,0.4796602642154828,0.1,0.275619831069626,0.0,0.0008508657778114,5.883493639571498,0.0003746453213525,2.590565307424185,0.0007256506571646,5.015787026742146,0.0002493705199234,1.7228586945948337
XNAS.ITCH,0,QUOTE_TRADE_WITH_REST_BASKET,AT_T_MINUS_1S,ES_VALID,LLY,0.0089999961853027,21600,7200,14400,1.0,16749.864770929864,1.163185053536796,1.0,0.6775733820159149,0.0,16740.972627227275,1.1625675435574496,1.0,0.6779531176494088,0.0,16746.397742154397,1.162944287649611,1.0,0.6775817426742106,0.0,16738.22819986366,1.1623769583238652,1.0,0.6779345573403548,0.0,0.0005308785368836,8.892143702589237,0.0002069884636611,3.4670287754670426,0.0004878387827951,8.16954229073599,0.0001639347620191,2.744427363613795
XNAS.ITCH,0,QUOTE_TRADE_WITH_REST_BASKET,AT_T_MINUS_1S,ES_VALID,MMC,0.0025999999046325,21600,7200,14400,1.0,7088.670312140939,0.4922687716764541,1.0,0.5133709882625244,0.0,7078.516679041195,0.4915636582667496,1.0,0.5126798278351492,0.0,7085.595213140166,0.4920552231347337,1.0,0.5134404901640792,0.0,7077.807474925234,0.491514407980919,1.0,0.5128736808517746,0.0,0.0014323748534832,10.153633099744184,0.000433804770904,3.0750990007727523,0.0010990944275917,7.787738214932688,0.0001001910637663,0.7092041159612563
XNAS.ITCH,0,QUOTE_TRADE_WITH_REST_BASKET,AT_T_MINUS_1S,ES_VALID,MNST,0.0011999994516372,21600,7200,14400,1.0,10539.933667010271,0.7319398379868245,0.1,0.8203027241253892,0.0,10523.73872948792,0.7308151895477722,0.1,0.8202907909767575,0.0,10537.200189430963,0.731750013154928,0.1,0.820185302714557,0.0,10519.392623827604,0.7305133766546947,0.1,0.8202124321935248,0.0,0.0015365312566474,16.19493752235212,0.0002593448560179,2.7334775793096924,0.0016899712716117,17.807565603359762,0.0004129811440624,4.346105660317335
XNAS.ITCH,0,QUOTE_TRADE_WITH_REST_BASKET,AT_T_MINUS_1S,ES_VALID,MRK,0.0087999963760375,21600,7200,14400,1.0,10915.247773750569,0.7580033176215673,1.0,0.7028663173646744,0.0,10916.704955279954,0.7581045107833302,1.0,0.7030265774861846,0.0,10916.172752207116,0.7580675522366053,1.0,0.7030614800795578,0.0,10917.593426267946,0.7581662101574962,1.0,0.7032221592911987,0.0,-0.0001334996291051,-1.457181529385707,-8.47418652989429e-05,-0.924978456547251,-0.0001301439701513,-1.4206740608296968,-8.138636993781923e-05,-0.8884709879912407
XNAS.ITCH,0,QUOTE_TRADE_WITH_REST_BASKET,AT_T_MINUS_1S,ES_VALID,NDSN,0.0003999999165534,21600,7200,14400,1.0,7386.276684194227,0.5129358808468213,10.0,0.5226255662530659,7.4404761904761905e-06,7381.811763338574,0.512625816898512,10.0,0.5224100104774251,5.707762557077626e-06,7383.969874999377,0.5127756857638456,10.0,0.5225445461958018,6.510416666666667e-06,7379.967336249649,0.5124977316840034,10.0,0.5223497023637491,5.1440329218107e-06,0.0006044887087979,4.464920855652963,0.0003123101521211,2.306809194849848,0.0005420578384643,4.002538749728046,0.0002498610297928,1.844427088924931
XNAS.ITCH,0,QUOTE_TRADE_WITH_REST_BASKET,AT_T_MINUS_1S,ES_VALID,NWSA,0.0001999999582767,21600,7200,14400,1.0,15462.415612890569,1.0737788620062894,0.01,1.2548745007954485,6.076388888888889e-05,15319.997272088642,1.0638886994506,0.01,1.2506748175865678,4.661339421613394e-05,15402.674064314964,1.0696301433552058,0.1,1.254654867259106,5.3168402777777775e-05,15293.91801905374,1.0620776402120653,0.1,1.2514627844091502,4.200960219478738e-05,0.0092106139407606,142.4183408019253,0.0038636620610429,59.74154857560279,0.0070608548104768,108.75604526122515,0.0017023014150542,26.07925303490265
XNAS.ITCH,0,QUOTE_TRADE_WITH_REST_BASKET,AT_T_MINUS_1S,ES_VALID,PG,0.0111999988555908,21600,7200,14400,1.0,6353.36100548351,0.4412056253807992,1.0,0.3975353195925037,0.0,6353.929454395793,0.4412451009997079,1.0,0.3975266931220526,0.0,6353.225576373356,0.441196220581483,1.0,0.3976160253294935,0.0,6353.792410384453,0.4412355840544759,1.0,0.3976144202514874,0.0,-8.94721568305279e-05,-0.5684489122832019,2.131613645717234e-05,0.1354291101542912,-8.921987804200171e-05,-0.5668340110978534,2.156838729849841e-05,0.1370440113396398
XNAS.ITCH,0,QUOTE_TRADE_WITH_REST_BASKET,AT_T_MINUS_1S,ES_VALID,RSG,0.0007999998331069,21600,7200,14400,1.0,6342.788277020136,0.4404714081263983,0.1,0.4665113995572901,0.0,6352.615846638715,0.4411538782387996,1.0,0.4667475776027004,0.0,6364.552105861011,0.4419827851292369,1.0,0.4669513983513932,0.0,6355.32568888754,0.4413420617283014,1.0,0.467031523322076,0.0,-0.001549408428811,-9.82756961857922,-0.0034312715308069,-21.76382884087525,0.0014496569153663,9.226416973470805,-0.0004265710872881,-2.7098422488252254
XNAS.ITCH,0,QUOTE_TRADE_WITH_REST_BASKET,AT_T_MINUS_1S,ES_VALID,TJX,0.0028999996185302,21600,7200,14400,1.0,7690.445379255307,0.5340587068927296,0.1,0.6423670672706454,0.0,7649.669124299927,0.5312270225208282,0.1,0.6408440959207339,0.0,7688.970163198646,0.5339562613332394,0.1,0.6423397717085527,0.0,7649.980614668088,0.5312486537963951,0.1,0.6408148161060441,0.0,0.0053021968097416,40.776254955379954,0.0001918245282177,1.4752160566604289,0.0050708414394909,38.98954853055784,-4.071945637118546e-05,-0.3114903681616852
XNAS.ITCH,0,QUOTE_TRADE_WITH_REST_BASKET,AT_T_MINUS_1S,ES_VALID,V,0.0105999946594238,21600,7200,14400,1.0,7866.094733467946,0.5462565787130518,1.0,0.4723435735888425,0.0,7718.277557762721,0.5359914970668556,0.1,0.467506262423437,0.0,7854.753043867612,0.5454689613796952,1.0,0.4720690109679086,0.0,7711.385265084995,0.5355128656309024,0.1,0.4675668374357928,0.0,0.0187916851644699,147.81717570522505,0.0014418450304288,11.341689600333666,0.0182523598109233,143.36777878261728,0.0008929832629294,6.892292677725891
XNAS.ITCH,0,QUOTE_TRADE_WITH_REST_BASKET,AT_T_MINUS_1S,ES_VALID,WST,0.000499999821186,21600,7200,14400,1.0,20852.24988396793,1.4480729086088842,0.01,1.8224465647031436,5.33234126984127e-05,20844.17824697785,1.447512378262351,0.01,1.820712536461569,4.090563165905632e-05,20833.84562843309,1.4467948353078537,0.01,1.82011000026513,4.6657986111111113e-05,20842.247206795084,1.4473782782496587,0.01,1.8212291626311012,3.686556927297668e-05,0.0003870871025906,8.071636990080151,0.0008826028671846,18.404255534842378,-0.0004032658450021,-8.401578361994325,9.264170359168931e-05,1.9310401827679016
XNAS.ITCH,0,QUOTE_TRADE_WITH_REST_BASKET,AT_T_MINUS_1S,ES_VALID,XYL,0.0005999997258186,21600,7200,14400,1.0,14491.549673809,1.0063576162367365,1.0,0.6853230156202174,0.0,14414.589135224433,1.0010131343905857,1.0,0.682174068299573,0.0,14452.585654799956,1.0036517815833303,1.0,0.684634383117824,0.0,14395.0370662248,0.9996553518211666,1.0,0.681980014414392,0.0,0.0053107183370223,76.96053858456798,0.0026887406720527,38.96401900904311,0.0039818887740717,57.54858857515865,0.0013564083454765,19.55206899963377
XNAS.ITCH,0,QUOTE_TRADE_WITH_REST_BASKET,AT_T_MINUS_1S,FULL,AAPL,0.0604999923706054,21600,7200,14400,1.0,9835.026918926742,0.6829879804810237,1.0,0.7239301659014724,0.0,9820.322670244464,0.6819668521003099,1.0,0.7230779335545026,0.0,9898.168369302432,0.6873728034237799,10.0,0.7239972140063708,0.0,9821.109194328072,0.6820214718283383,1.0,0.7231676361297017,0.0,0.001495089825731,14.704248682279283,-0.0064200587244127,-63.1414503756896,0.0077851954118447,77.05917497435985,-8.009147051679655e-05,-0.7865240836090379
XNAS.ITCH,0,QUOTE_TRADE_WITH_REST_BASKET,AT_T_MINUS_1S,FULL,ABBV,0.0088999986648559,21600,7200,14400,1.0,9377.95123387466,0.6512466134635181,0.1,0.6374305479541383,0.0,9412.520087017503,0.6536472282651044,1.0,0.6387912663162,0.0,9382.480406490628,0.6515611393396269,0.1,0.6375158035964101,0.0,9413.482120684155,0.653714036158622,1.0,0.6388472545993681,0.0,-0.0036861839308754,-34.56885314284227,-0.0004829597108169,-4.529172615966672,-0.0033042130492575,-31.00171419352955,-0.0001022078739552,-0.9620336666539516
XNAS.ITCH,0,QUOTE_TRADE_WITH_REST_BASKET,AT_T_MINUS_1S,FULL,BDX,0.0021999990940093,21600,7200,14400,1.0,7822.437285722939,0.5432248115085374,0.1,0.8070549163806464,0.0,7796.21478979501,0.5414038048468757,1.0,0.8080138506794113,0.0,7801.595406608813,0.5417774587922787,1.0,0.8076864674187032,0.0,7795.940085136279,0.5413847281344638,1.0,0.8081604002953668,0.0,0.0033522155525348,26.22249592792923,0.0026643715191126,20.84187911412573,0.0007248929453255,5.655321472534524,3.52356452634206e-05,0.2747046587310251
XNAS.ITCH,0,QUOTE_TRADE_WITH_REST_BASKET,AT_T_MINUS_1S,FULL,CMI,0.0010999995470047,21600,7200,14400,1.0,10347.585311869589,0.718582313324277,1.0,0.6998060763445841,0.0,10278.214422678682,0.7137648904637974,0.1,0.6965730973659447,0.0,10302.859348801288,0.7154763436667562,0.1,0.6979860276467609,0.0,10275.176472841837,0.7135539217251274,0.1,0.6960767260360534,0.0,0.0067040654510315,69.37088919090638,0.0043223575085672,44.72596306830019,0.0026869119554344,27.682875959453668,0.0002955717512707,3.037949836847474
XNAS.ITCH,0,QUOTE_TRADE_WITH_REST_BASKET,AT_T_MINUS_1S,FULL,CVS,0.0037999987602233,21600,7200,14400,1.0,11560.1726629222,0.8027897682584862,0.1,0.8784619885824559,0.0,11521.29233982901,0.800089745821459,0.1,0.8778160899602852,0.0,11556.79288251127,0.8025550612855049,0.1,0.8787605751428823,0.0,11523.569883534195,0.8002479085787637,0.1,0.8782757584642926,0.0,0.0033632995135007,38.88032309319169,0.0002923641808371,3.3797804109308345,0.0028747594003651,33.222998977073075,-0.0001976812702959,-2.2775437051877816
XNAS.ITCH,0,QUOTE_TRADE_WITH_REST_BASKET,AT_T_MINUS_1S,FULL,DLTR,0.0008999997377395,21600,7200,14400,1.0,14421.93492661063,1.0015232587924048,1.0,0.6047857989471979,0.0,14380.898238851549,0.9986734888091352,1.0,0.6034217090247815,0.0,14409.379702606013,1.0006513682365286,1.0,0.6040369735150436,0.0,14374.536833327102,0.9982317245366042,1.0,0.6031116573933754,0.0,0.0028454356483997,41.03668775908045,0.0008705644609068,12.55522400461814,0.0024180686468139,34.84286927890935,0.0004423510561573,6.361405524447036
XNAS.ITCH,0,QUOTE_TRADE_WITH_REST_BASKET,AT_T_MINUS_1S,FULL,EBAY,0.0006999999284744,21600,7200,14400,1.0,18343.885829591032,1.273880960388266,0.1,1.147659628926036,0.0,18243.20550297263,1.266889271039766,0.01,1.136215530393546,0.0,18326.26044098033,1.2726569750680785,0.1,1.1461397997445175,0.0,18232.928306947702,1.2661755768713685,0.01,1.1358498006899769,0.0,0.0054884950524491,100.68032661840334,0.000960831787465,17.62538861070061,0.0050928084501037,93.33213403262562,0.0005633437623255,10.277196024922889
XNAS.ITCH,0,QUOTE_TRADE_WITH_REST_BASKET,AT_T_MINUS_1S,FULL,GOOG,0.0145999908447265,21600,7200,14400,1.0,16086.176038112477,1.1170955582022553,0.1,1.2400759027482902,0.0,16097.007744097911,1.1178477600067993,1.0,1.239912434435114,0.0,16087.295653894951,1.1171733092982603,0.1,1.240106801087396,0.0,16095.363100464076,1.1177335486433386,1.0,1.2398954259539543,0.0,-0.0006733549328175,-10.831705985434382,-6.960111463549801e-05,-1.119615782476103,-0.0005014793500839,-8.067446569124513,0.000102170767386,1.6446436338337662
XNAS.ITCH,0,QUOTE_TRADE_WITH_REST_BASKET,AT_T_MINUS_1S,FULL,KEY,0.000499999821186,21600,7200,14400,1.0,56563.79873477088,3.928041578803533,0.1,4.577431128739055,0.0,56422.55741447107,3.918233153782713,0.1,4.5727171933690105,0.0,56458.16043134814,3.9207055855102872,0.01,4.571483510002247,0.0,56415.996007448746,3.917777500517274,0.1,4.568343865542005,0.0,0.0024970267814241,141.24132029980683,0.001867595631582,105.63830342274014,0.0007468260314762,42.16442389939039,0.0001162904930757,6.561407022323692
XNAS.ITCH,0,QUOTE_TRADE_WITH_REST_BASKET,AT_T_MINUS_1S,FULL,KHC,0.0009999996423721,21600,7200,14400,1.0,10808.72973072415,0.7506062313002881,0.1,0.4935428248408539,0.0,10804.270229983023,0.750296543748821,0.1,0.4940865547372506,0.0,10808.429533485256,0.7505853842698095,0.1,0.4936785747714758,0.0,10804.554015486194,0.7503162510754301,0.1,0.4941407705005108,0.0,0.00041258324079,4.459500741126249,2.777359101135968e-05,0.3001972388938156,0.0003585643952301,3.87551799906214,-2.6266050101364517e-05,-0.2837855031702929
XNAS.ITCH,0,QUOTE_TRADE_WITH_REST_BASKET,AT_T_MINUS_1S,FULL,KO,0.0076999998092651,21600,7200,14400,1.0,6914.714157037119,0.4801884831275776,0.1,0.2751795128187148,0.0,6908.830663397547,0.4797799071803852,0.1,0.2755904934213078,0.0,6912.123591729694,0.4800085827590065,0.1,0.2752600465838254,0.0,6907.107804702952,0.4796602642154828,0.1,0.275619831069626,0.0,0.0008508657778114,5.883493639571498,0.0003746453213525,2.590565307424185,0.0007256506571646,5.015787026742146,0.0002493705199234,1.7228586945948337
XNAS.ITCH,0,QUOTE_TRADE_WITH_REST_BASKET,AT_T_MINUS_1S,FULL,LLY,0.0089999961853027,21600,7200,14400,1.0,16749.864770929864,1.163185053536796,1.0,0.6775733820159149,0.0,16740.972627227275,1.1625675435574496,1.0,0.6779531176494088,0.0,16746.397742154397,1.162944287649611,1.0,0.6775817426742106,0.0,16738.22819986366,1.1623769583238652,1.0,0.6779345573403548,0.0,0.0005308785368836,8.892143702589237,0.0002069884636611,3.4670287754670426,0.0004878387827951,8.16954229073599,0.0001639347620191,2.744427363613795
XNAS.ITCH,0,QUOTE_TRADE_WITH_REST_BASKET,AT_T_MINUS_1S,FULL,MMC,0.0025999999046325,21600,7200,14400,1.0,7088.670312140939,0.4922687716764541,1.0,0.5133709882625244,0.0,7078.516679041195,0.4915636582667496,1.0,0.5126798278351492,0.0,7085.595213140166,0.4920552231347337,1.0,0.5134404901640792,0.0,7077.807474925234,0.491514407980919,1.0,0.5128736808517746,0.0,0.0014323748534832,10.153633099744184,0.000433804770904,3.0750990007727523,0.0010990944275917,7.787738214932688,0.0001001910637663,0.7092041159612563
XNAS.ITCH,0,QUOTE_TRADE_WITH_REST_BASKET,AT_T_MINUS_1S,FULL,MNST,0.0011999994516372,21600,7200,14400,1.0,10539.933667010271,0.7319398379868245,0.1,0.8203027241253892,0.0,10523.73872948792,0.7308151895477722,0.1,0.8202907909767575,0.0,10537.200189430963,0.731750013154928,0.1,0.820185302714557,0.0,10519.392623827604,0.7305133766546947,0.1,0.8202124321935248,0.0,0.0015365312566474,16.19493752235212,0.0002593448560179,2.7334775793096924,0.0016899712716117,17.807565603359762,0.0004129811440624,4.346105660317335
XNAS.ITCH,0,QUOTE_TRADE_WITH_REST_BASKET,AT_T_MINUS_1S,FULL,MRK,0.0087999963760375,21600,7200,14400,1.0,10915.247773750569,0.7580033176215673,1.0,0.7028663173646744,0.0,10916.704955279954,0.7581045107833302,1.0,0.7030265774861846,0.0,10916.172752207116,0.7580675522366053,1.0,0.7030614800795578,0.0,10917.593426267946,0.7581662101574962,1.0,0.7032221592911987,0.0,-0.0001334996291051,-1.457181529385707,-8.47418652989429e-05,-0.924978456547251,-0.0001301439701513,-1.4206740608296968,-8.138636993781923e-05,-0.8884709879912407
XNAS.ITCH,0,QUOTE_TRADE_WITH_REST_BASKET,AT_T_MINUS_1S,FULL,NDSN,0.0003999999165534,21600,7200,14400,1.0,7386.276684194227,0.5129358808468213,10.0,0.5226255662530659,7.4404761904761905e-06,7381.811763338574,0.512625816898512,10.0,0.5224100104774251,5.707762557077626e-06,7383.969874999377,0.5127756857638456,10.0,0.5225445461958018,6.510416666666667e-06,7379.967336249649,0.5124977316840034,10.0,0.5223497023637491,5.1440329218107e-06,0.0006044887087979,4.464920855652963,0.0003123101521211,2.306809194849848,0.0005420578384643,4.002538749728046,0.0002498610297928,1.844427088924931
XNAS.ITCH,0,QUOTE_TRADE_WITH_REST_BASKET,AT_T_MINUS_1S,FULL,NWSA,0.0001999999582767,21600,7200,14400,1.0,15462.415612890569,1.0737788620062894,0.01,1.2548745007954485,6.076388888888889e-05,15319.997272088642,1.0638886994506,0.01,1.2506748175865678,4.661339421613394e-05,15402.674064314964,1.0696301433552058,0.1,1.254654867259106,5.3168402777777775e-05,15293.91801905374,1.0620776402120653,0.1,1.2514627844091502,4.200960219478738e-05,0.0092106139407606,142.4183408019253,0.0038636620610429,59.74154857560279,0.0070608548104768,108.75604526122515,0.0017023014150542,26.07925303490265
XNAS.ITCH,0,QUOTE_TRADE_WITH_REST_BASKET,AT_T_MINUS_1S,FULL,PG,0.0111999988555908,21600,7200,14400,1.0,6353.36100548351,0.4412056253807992,1.0,0.3975353195925037,0.0,6353.929454395793,0.4412451009997079,1.0,0.3975266931220526,0.0,6353.225576373356,0.441196220581483,1.0,0.3976160253294935,0.0,6353.792410384453,0.4412355840544759,1.0,0.3976144202514874,0.0,-8.94721568305279e-05,-0.5684489122832019,2.131613645717234e-05,0.1354291101542912,-8.921987804200171e-05,-0.5668340110978534,2.156838729849841e-05,0.1370440113396398
XNAS.ITCH,0,QUOTE_TRADE_WITH_REST_BASKET,AT_T_MINUS_1S,FULL,RSG,0.0007999998331069,21600,7200,14400,1.0,6342.788277020136,0.4404714081263983,0.1,0.4665113995572901,0.0,6352.615846638715,0.4411538782387996,1.0,0.4667475776027004,0.0,6364.552105861011,0.4419827851292369,1.0,0.4669513983513932,0.0,6355.32568888754,0.4413420617283014,1.0,0.467031523322076,0.0,-0.001549408428811,-9.82756961857922,-0.0034312715308069,-21.76382884087525,0.0014496569153663,9.226416973470805,-0.0004265710872881,-2.7098422488252254
XNAS.ITCH,0,QUOTE_TRADE_WITH_REST_BASKET,AT_T_MINUS_1S,FULL,TJX,0.0028999996185302,21600,7200,14400,1.0,7690.445379255307,0.5340587068927296,0.1,0.6423670672706454,0.0,7649.669124299927,0.5312270225208282,0.1,0.6408440959207339,0.0,7688.970163198646,0.5339562613332394,0.1,0.6423397717085527,0.0,7649.980614668088,0.5312486537963951,0.1,0.6408148161060441,0.0,0.0053021968097416,40.776254955379954,0.0001918245282177,1.4752160566604289,0.0050708414394909,38.98954853055784,-4.071945637118546e-05,-0.3114903681616852
XNAS.ITCH,0,QUOTE_TRADE_WITH_REST_BASKET,AT_T_MINUS_1S,FULL,V,0.0105999946594238,21600,7200,14400,1.0,7866.094733467946,0.5462565787130518,1.0,0.4723435735888425,0.0,7718.277557762721,0.5359914970668556,0.1,0.467506262423437,0.0,7854.753043867612,0.5454689613796952,1.0,0.4720690109679086,0.0,7711.385265084995,0.5355128656309024,0.1,0.4675668374357928,0.0,0.0187916851644699,147.81717570522505,0.0014418450304288,11.341689600333666,0.0182523598109233,143.36777878261728,0.0008929832629294,6.892292677725891
XNAS.ITCH,0,QUOTE_TRADE_WITH_REST_BASKET,AT_T_MINUS_1S,FULL,WST,0.000499999821186,21600,7200,14400,1.0,20852.24988396793,1.4480729086088842,0.01,1.8224465647031436,5.33234126984127e-05,20844.17824697785,1.447512378262351,0.01,1.820712536461569,4.090563165905632e-05,20833.84562843309,1.4467948353078537,0.01,1.82011000026513,4.6657986111111113e-05,20842.247206795084,1.4473782782496587,0.01,1.8212291626311012,3.686556927297668e-05,0.0003870871025906,8.071636990080151,0.0008826028671846,18.404255534842378,-0.0004032658450021,-8.401578361994325,9.264170359168931e-05,1.9310401827679016
XNAS.ITCH,0,QUOTE_TRADE_WITH_REST_BASKET,AT_T_MINUS_1S,FULL,XYL,0.0005999997258186,21600,7200,14400,1.0,14491.549673809,1.0063576162367365,1.0,0.6853230156202174,0.0,14414.589135224433,1.0010131343905857,1.0,0.682174068299573,0.0,14452.585654799956,1.0036517815833303,1.0,0.684634383117824,0.0,14395.0370662248,0.9996553518211666,1.0,0.681980014414392,0.0,0.0053107183370223,76.96053858456798,0.0026887406720527,38.96401900904311,0.0039818887740717,57.54858857515865,0.0013564083454765,19.55206899963377
XNAS.ITCH,0,QUOTE_WITH_REST_BASKET,AT_T,ES_VALID,AAPL,0.0604999923706054,21600,7200,14400,1.0,9898.625601640191,0.6874045556694579,10.0,0.7240690241301425,0.0,9818.857834096492,0.681865127367812,1.0,0.7229668796642869,0.0,9823.9211027991,0.6822167432499375,1.0,0.7234881226165059,0.0,9815.405004122083,0.6816253475084781,1.0,0.722817947575767,0.0,0.0080584689990177,79.76776754370076,0.0075469567036371,74.70449884109257,0.0008668736839293,8.51609867701518,0.0003516529144985,3.4528299744069955
XNAS.ITCH,0,QUOTE_WITH_REST_BASKET,AT_T,ES_VALID,ABBV,0.0088999986648559,21600,7200,14400,1.0,9426.099909849392,0.6545902715173189,1.0,0.6385172908507332,0.0,9422.61418550946,0.6543482073270459,1.0,0.6392871686422172,0.0,9422.883580818132,0.6543669153345925,1.0,0.6388736310609509,0.0,9421.462873891018,0.6542682551313207,1.0,0.6394947633384561,0.0,0.000369794970695,3.485724339931039,0.000341215249363,3.216329031260102,0.0001507719919203,1.4207069271142243,0.000122186008657,1.1513116184432874
XNAS.ITCH,0,QUOTE_WITH_REST_BASKET,AT_T,ES_VALID,BDX,0.0021999990940093,21600,7200,14400,1.0,7822.346532399182,0.5432185091943876,1.0,0.8089531735802229,0.0,7814.374721083866,0.5426649111863796,1.0,0.8090058773096492,0.0,7813.228719631854,0.542585327752212,1.0,0.8094883511593071,0.0,7811.925829941494,0.5424948493014926,1.0,0.8096657628437169,0.0,0.0010191074100716,7.97181131531579,0.001165610949293,9.11781276732836,0.0001667543261707,1.3028896903597342,0.000313382865524,2.448891142372304
XNAS.ITCH,0,QUOTE_WITH_REST_BASKET,AT_T,ES_VALID,CMI,0.0010999995470047,21600,7200,14400,1.0,10394.946826775718,0.7218713074149804,10.0,0.7034870072318384,0.0,10319.076310922845,0.7166025215918641,1.0,0.7014338500628245,0.0,10320.930122811646,0.7167312585285865,1.0,0.7018689279154477,0.0,10304.877078313111,0.7156164637717438,1.0,0.7011316306752108,0.0,0.007298788259065,75.87051585287554,0.0071204504647794,74.0167039640728,0.0015553873834542,16.05304449853429,0.0013760177928621,14.199232609731553
XNAS.ITCH,0,QUOTE_WITH_REST_BASKET,AT_T,ES_VALID,CVS,0.0037999987602233,21600,7200,14400,1.0,11553.56880794134,0.8023311672181487,0.1,0.8779983501482295,0.0,11508.975024231651,0.7992343766827535,0.01,0.8762610370515652,0.0,11497.22904121836,0.7984186834179418,0.01,0.876293570428908,0.0,11510.2152639329,0.7993205044397848,0.01,0.8760874968128859,0.0,0.0038597410420093,44.59378370968989,0.0048763951346578,56.33976672298013,-0.0011295089162772,-12.9862227145386,-0.0001077628284567,-1.240239701248356
XNAS.ITCH,0,QUOTE_WITH_REST_BASKET,AT_T,ES_VALID,DLTR,0.0008999997377395,21600,7200,14400,1.0,14414.08135991494,1.0009778722163152,0.1,0.6053169319347209,0.0,14391.735372844369,0.9994260675586366,1.0,0.6038098951301931,0.0,14377.42284111662,0.9984321417442096,0.1,0.6036564006591295,0.0,14384.746755481116,0.9989407469084108,1.0,0.6034445196077199,0.0,0.0015502886734575,22.345987070571937,0.0025432435049427,36.65851879832008,-0.0005094038372128,-7.323914364496886,0.000485599351447,6.988617363251251
XNAS.ITCH,0,QUOTE_WITH_REST_BASKET,AT_T,ES_VALID,EBAY,0.0006999999284744,21600,7200,14400,1.0,18343.359407584205,1.2738444033044587,0.1,1.1486092803748964,0.0,18245.83056583521,1.2670715670718895,0.01,1.135795361701461,0.0,18260.472993505064,1.2680884023267405,0.01,1.1392477879739216,0.0,18249.879228085032,1.2673527241725715,0.01,1.1364396338010212,0.0,0.0053168473441495,97.52884174899371,0.0045186060108962,82.8864140791411,0.0005801473720751,10.59376542003156,-0.0002218952014934,-4.048662249821064
XNAS.ITCH,0,QUOTE_WITH_REST_BASKET,AT_T,ES_VALID,GOOG,0.0145999908447265,21600,7200,14400,1.0,16052.750939911935,1.1147743708272178,0.1,1.2391516750029192,0.0,16041.063807656315,1.1139627644205776,0.1,1.2389181130907416,0.0,16040.573752772374,1.113928732831415,0.1,1.2386612891518975,0.0,16042.56648561382,1.1140671170565153,0.1,1.2386551988567438,0.0,0.00072804544837,11.687132255619872,0.0007585732305412,12.177187139563102,-0.000124230770804,-1.992732841445104,-9.367695157380672e-05,-1.5026779575018736
XNAS.ITCH,0,QUOTE_WITH_REST_BASKET,AT_T,ES_VALID,KEY,0.000499999821186,21600,7200,14400,1.0,56552.013288748014,3.927223145051945,0.01,4.573068048850881,0.0,56431.46379965627,3.918851652753908,0.1,4.568610895408179,0.0,56441.55825567053,3.9195526566437873,0.1,4.5670069521288985,0.0,56432.5363453127,3.91892613509116,0.1,4.568041563889187,0.0,0.0021316568956835,120.54948909174708,0.0019531582812712,110.45503307748004,0.0001598451679339,9.021910357834711,-1.900616401240285e-05,-1.0725456564323397
XNAS.ITCH,0,QUOTE_WITH_REST_BASKET,AT_T,ES_VALID,KHC,0.0009999996423721,21600,7200,14400,1.0,10813.989694863782,0.7509715065877626,0.1,0.4935670295586367,0.0,10807.321744014982,0.7505084544454849,0.1,0.4939046711489618,0.0,10813.228354265031,0.7509186357128493,0.1,0.4940384803279827,0.0,10810.465175989724,0.7507267483326198,0.1,0.4942433888110127,0.0,0.0006166041430543,6.667950848799592,7.04033035200391e-05,0.7613405987503938,0.0002555368466085,2.7631782753069274,-0.0002908613298648,-3.1434319747422705
XNAS.ITCH,0,QUOTE_WITH_REST_BASKET,AT_T,ES_VALID,KO,0.0076999998092651,21600,7200,14400,1.0,6919.537977064458,0.4805234706294762,0.1,0.2754466146185513,0.0,6912.322342288466,0.4800223848811434,0.1,0.2756539472656366,0.0,6911.727151669898,0.4799810521992985,0.1,0.2755208455175536,0.0,6911.391255045362,0.4799577260448168,0.1,0.2758126551772217,0.0,0.0010427914117834,7.21563477599193,0.0011288073597469,7.810825394559288,4.859807355894752e-05,0.3358966245359625,0.0001346996272738,0.9310872431033204
XNAS.ITCH,0,QUOTE_WITH_REST_BASKET,AT_T,ES_VALID,LLY,0.0089999961853027,21600,7200,14400,1.0,16815.49688051692,1.167742838924786,10.0,0.6781647458665748,0.0,16810.636525427675,1.1674053142658107,10.0,0.6781495633757602,0.0,16810.281937523203,1.167380690105778,10.0,0.6781132729621401,0.0,16806.34767867922,1.1671074776860568,10.0,0.6781189773924098,0.0,0.0002890402301983,4.860355089243967,0.0003101272017574,5.2149429937162495,0.000234038837576,3.934258843983116,0.0002551269692833,4.288846748455399
XNAS.ITCH,0,QUOTE_WITH_REST_BASKET,AT_T,ES_VALID,MMC,0.0025999999046325,21600,7200,14400,1.0,7105.318552969258,0.493424899511754,1.0,0.5131143519993594,0.0,7092.449670130725,0.4925312270924115,1.0,0.5123527056290823,0.0,7091.127085246555,0.4924393809198996,1.0,0.5121194953655029,0.0,7089.418303382647,0.4923207155126838,1.0,0.5120689404098726,0.0,0.0018111619827594,12.868882838532954,0.0019973021078376,14.191467722703235,0.0002409746494973,1.7087818639083707,0.0004274075797597,3.031366748078653
XNAS.ITCH,0,QUOTE_WITH_REST_BASKET,AT_T,ES_VALID,MNST,0.0011999994516372,21600,7200,14400,1.0,10501.32559296777,0.729258721733873,0.01,0.8186813801132912,0.0,10487.326379508471,0.7282865541325327,0.01,0.818555444303588,0.0,10487.816225307288,0.728320571201895,0.01,0.8187013554345297,0.0,10484.86748521051,0.7281157975840632,0.01,0.8186528443915813,0.0,0.0013330901261335,13.999213459299426,0.0012864440342207,13.509367660482894,0.0002811586352611,2.9487400967773283,0.0002344634093552,2.4588942979607964
XNAS.ITCH,0,QUOTE_WITH_REST_BASKET,AT_T,ES_VALID,MRK,0.0087999963760375,21600,7200,14400,1.0,10919.406445616689,0.7582921142789367,1.0,0.702673638381451,0.0,10919.067138468672,0.7582685512825467,1.0,0.7026867800940735,0.0,10917.719738716904,0.7581749818553405,1.0,0.7025575327699964,0.0,10918.275097189908,0.7582135484159658,1.0,0.7025493401307812,0.0,3.107377216027274e-05,0.3393071480168146,0.0001544687349248,1.6867068997853494,-5.086762495243313e-05,-0.5553584730041621,7.253744928203965e-05,0.7920412787643727
XNAS.ITCH,0,QUOTE_WITH_REST_BASKET,AT_T,ES_VALID,NDSN,0.0003999999165534,21600,7200,14400,1.0,7389.323130343332,0.5131474396071758,10.0,0.5227170082581082,1.4367816091954022e-05,7384.518187119591,0.5128137629944161,10.0,0.5224751341306634,1.126126126126126e-05,7384.486590893133,0.5128115688120232,10.0,0.52255171151082,1.126126126126126e-05,7380.676461015828,0.5125469764594325,10.0,0.5223636643438712,9.25925925925926e-06,0.000650254852709,4.804943223741248,0.000654530782439,4.83653945019887,0.0005159640863867,3.8101298773053713,0.0005202405907082,3.841726103762994
XNAS.ITCH,0,QUOTE_WITH_REST_BASKET,AT_T,ES_VALID,NWSA,0.0001999999582767,21600,7200,14400,1.0,15457.08784222946,1.0734088779326014,0.01,1.254390748788932,0.0001173371647509,15321.69686611504,1.0640067268135442,0.01,1.2490562421712053,9.196696696696695e-05,15301.373839850983,1.0625954055452074,0.01,1.24870079962635,9.196696696696695e-05,15315.4506033355,1.0635729585649654,0.01,1.2495116753923847,7.561728395061728e-05,0.008759151626513,135.39097611442048,0.0100739546781287,155.7140023784741,-0.0009199672939075,-14.07676348451605,0.0004076743479601,6.246262779537574
XNAS.ITCH,0,QUOTE_WITH_REST_BASKET,AT_T,ES_VALID,PG,0.0111999988555908,21600,7200,14400,1.0,6354.710098788988,0.4412993124159019,1.0,0.3974240158567439,0.0,6354.379000933477,0.4412763195092692,0.1,0.3973278627690486,0.0,6354.269241639002,0.4412686973360418,1.0,0.3974679354170553,0.0,6355.107728755211,0.4413269256080007,0.1,0.3974255938670027,0.0,5.210274746825228e-05,0.3310978555109614,6.937486417679661e-05,0.4408571499861864,-0.000131956497958,-0.838487116208853,-0.0001146812019909,-0.7287278217336279
XNAS.ITCH,0,QUOTE_WITH_REST_BASKET,AT_T,ES_VALID,RSG,0.0007999998331069,21600,7200,14400,1.0,6366.777654027886,0.4421373370852698,1.0,0.4667872946430479,0.0,6357.235204328647,0.4414746669672671,1.0,0.4670320809662314,0.0,6358.091990032226,0.4415341659744601,1.0,0.4670044149127782,0.0,6353.986864585671,0.4412490878184494,1.0,0.4672837510612979,0.0,0.0014987879611597,9.542449699238205,0.0013642166363646,8.685663995659525,0.0006456536729871,4.105125446554666,0.0005109673684503,3.248339742975986
XNAS.ITCH,0,QUOTE_WITH_REST_BASKET,AT_T,ES_VALID,TJX,0.0028999996185302,21600,7200,14400,1.0,7694.257700582943,0.5343234514293711,0.1,0.6431092580661956,0.0,7651.914966219598,0.5313829837652498,0.1,0.6416997700926093,0.0,7654.791266818119,0.5315827268623694,0.1,0.6427187348676288,0.0,7650.69796361218,0.5312984696952903,0.1,0.6423816037911954,0.0,0.0055031604101507,42.3427343633457,0.0051293360972085,39.466433764824615,0.000534737403446,4.093303205939264,0.000159045495512,1.2170026074181806
XNAS.ITCH,0,QUOTE_WITH_REST_BASKET,AT_T,ES_VALID,V,0.0105999946594238,21600,7200,14400,1.0,7876.01818136636,0.5469457070393305,1.0,0.4726644517527946,0.0,7724.936828169213,0.5364539464006398,0.01,0.4661936315125081,0.0,7729.844439599034,0.5367947527499329,0.01,0.4666275757731294,0.0,7729.32070100825,0.5367583820144618,0.1,0.4661490409329685,0.0,0.0191824535848058,151.0813531971471,0.0185593453952601,146.17374176732665,6.775538561953898e-05,0.523738590783978,-0.0005674962703967,-4.383872839036485
XNAS.ITCH,0,QUOTE_WITH_REST_BASKET,AT_T,ES_VALID,WST,0.000499999821186,21600,7200,14400,1.0,20869.950168338724,1.4493020950235225,0.1,1.8310488136281928,0.000102969348659,20862.87456984569,1.448810734017062,0.1,1.8280710636642832,8.07057057057057e-05,20862.56102263724,1.4487889599053636,0.1,1.8281369248860984,8.07057057057057e-05,20870.09264292218,1.449311989091818,0.1,1.8287046135245333,6.635802469135803e-05,0.000339032840805,7.075598493032885,0.0003540567007532,7.389145701486996,-0.0003610113004233,-7.531620284942619,-0.000345976919543,-7.218073076488508
XNAS.ITCH,0,QUOTE_WITH_REST_BASKET,AT_T,ES_VALID,XYL,0.0005999997258186,21600,7200,14400,1.0,14511.809752499525,1.0077645661458,1.0,0.6868069490338887,0.0,14425.146254808957,1.0017462676950664,1.0,0.6829098329578283,0.0,14421.732909529965,1.0015092298284698,1.0,0.6840153557163104,0.0,14396.201596044071,0.9997362219475052,1.0,0.6825298770054309,0.0,0.0059719290128951,86.66349769056615,0.0062071405638461,90.07684296955811,0.0017703360370112,25.531313485891587,0.0020065417884573,28.94465876488357
XNAS.ITCH,0,QUOTE_WITH_REST_BASKET,AT_T,FULL,AAPL,0.0604999923706054,21600,7200,14400,1.0,9898.625601640191,0.6874045556694579,10.0,0.7240690241301425,0.0,9818.857834096492,0.681865127367812,1.0,0.7229668796642869,0.0,9823.9211027991,0.6822167432499375,1.0,0.7234881226165059,0.0,9815.405004122083,0.6816253475084781,1.0,0.722817947575767,0.0,0.0080584689990177,79.76776754370076,0.0075469567036371,74.70449884109257,0.0008668736839293,8.51609867701518,0.0003516529144985,3.4528299744069955
XNAS.ITCH,0,QUOTE_WITH_REST_BASKET,AT_T,FULL,ABBV,0.0088999986648559,21600,7200,14400,1.0,9426.099909849392,0.6545902715173189,1.0,0.6385172908507332,0.0,9422.61418550946,0.6543482073270459,1.0,0.6392871686422172,0.0,9422.883580818132,0.6543669153345925,1.0,0.6388736310609509,0.0,9421.462873891018,0.6542682551313207,1.0,0.6394947633384561,0.0,0.000369794970695,3.485724339931039,0.000341215249363,3.216329031260102,0.0001507719919203,1.4207069271142243,0.000122186008657,1.1513116184432874
XNAS.ITCH,0,QUOTE_WITH_REST_BASKET,AT_T,FULL,BDX,0.0021999990940093,21600,7200,14400,1.0,7822.346532399182,0.5432185091943876,1.0,0.8089531735802229,0.0,7814.374721083866,0.5426649111863796,1.0,0.8090058773096492,0.0,7813.228719631854,0.542585327752212,1.0,0.8094883511593071,0.0,7811.925829941494,0.5424948493014926,1.0,0.8096657628437169,0.0,0.0010191074100716,7.97181131531579,0.001165610949293,9.11781276732836,0.0001667543261707,1.3028896903597342,0.000313382865524,2.448891142372304
XNAS.ITCH,0,QUOTE_WITH_REST_BASKET,AT_T,FULL,CMI,0.0010999995470047,21600,7200,14400,1.0,10394.946826775718,0.7218713074149804,10.0,0.7034870072318384,0.0,10319.076310922845,0.7166025215918641,1.0,0.7014338500628245,0.0,10320.930122811646,0.7167312585285865,1.0,0.7018689279154477,0.0,10304.877078313111,0.7156164637717438,1.0,0.7011316306752108,0.0,0.007298788259065,75.87051585287554,0.0071204504647794,74.0167039640728,0.0015553873834542,16.05304449853429,0.0013760177928621,14.199232609731553
XNAS.ITCH,0,QUOTE_WITH_REST_BASKET,AT_T,FULL,CVS,0.0037999987602233,21600,7200,14400,1.0,11553.56880794134,0.8023311672181487,0.1,0.8779983501482295,0.0,11508.975024231651,0.7992343766827535,0.01,0.8762610370515652,0.0,11497.22904121836,0.7984186834179418,0.01,0.876293570428908,0.0,11510.2152639329,0.7993205044397848,0.01,0.8760874968128859,0.0,0.0038597410420093,44.59378370968989,0.0048763951346578,56.33976672298013,-0.0011295089162772,-12.9862227145386,-0.0001077628284567,-1.240239701248356
XNAS.ITCH,0,QUOTE_WITH_REST_BASKET,AT_T,FULL,DLTR,0.0008999997377395,21600,7200,14400,1.0,14414.08135991494,1.0009778722163152,0.1,0.6053169319347209,0.0,14391.735372844369,0.9994260675586366,1.0,0.6038098951301931,0.0,14377.42284111662,0.9984321417442096,0.1,0.6036564006591295,0.0,14384.746755481116,0.9989407469084108,1.0,0.6034445196077199,0.0,0.0015502886734575,22.345987070571937,0.0025432435049427,36.65851879832008,-0.0005094038372128,-7.323914364496886,0.000485599351447,6.988617363251251
XNAS.ITCH,0,QUOTE_WITH_REST_BASKET,AT_T,FULL,EBAY,0.0006999999284744,21600,7200,14400,1.0,18343.359407584205,1.2738444033044587,0.1,1.1486092803748964,0.0,18245.83056583521,1.2670715670718895,0.01,1.135795361701461,0.0,18260.472993505064,1.2680884023267405,0.01,1.1392477879739216,0.0,18249.879228085032,1.2673527241725715,0.01,1.1364396338010212,0.0,0.0053168473441495,97.52884174899371,0.0045186060108962,82.8864140791411,0.0005801473720751,10.59376542003156,-0.0002218952014934,-4.048662249821064
XNAS.ITCH,0,QUOTE_WITH_REST_BASKET,AT_T,FULL,GOOG,0.0145999908447265,21600,7200,14400,1.0,16052.750939911935,1.1147743708272178,0.1,1.2391516750029192,0.0,16041.063807656315,1.1139627644205776,0.1,1.2389181130907416,0.0,16040.573752772374,1.113928732831415,0.1,1.2386612891518975,0.0,16042.56648561382,1.1140671170565153,0.1,1.2386551988567438,0.0,0.00072804544837,11.687132255619872,0.0007585732305412,12.177187139563102,-0.000124230770804,-1.992732841445104,-9.367695157380672e-05,-1.5026779575018736
XNAS.ITCH,0,QUOTE_WITH_REST_BASKET,AT_T,FULL,KEY,0.000499999821186,21600,7200,14400,1.0,56552.013288748014,3.927223145051945,0.01,4.573068048850881,0.0,56431.46379965627,3.918851652753908,0.1,4.568610895408179,0.0,56441.55825567053,3.9195526566437873,0.1,4.5670069521288985,0.0,56432.5363453127,3.91892613509116,0.1,4.568041563889187,0.0,0.0021316568956835,120.54948909174708,0.0019531582812712,110.45503307748004,0.0001598451679339,9.021910357834711,-1.900616401240285e-05,-1.0725456564323397
XNAS.ITCH,0,QUOTE_WITH_REST_BASKET,AT_T,FULL,KHC,0.0009999996423721,21600,7200,14400,1.0,10813.989694863782,0.7509715065877626,0.1,0.4935670295586367,0.0,10807.321744014982,0.7505084544454849,0.1,0.4939046711489618,0.0,10813.228354265031,0.7509186357128493,0.1,0.4940384803279827,0.0,10810.465175989724,0.7507267483326198,0.1,0.4942433888110127,0.0,0.0006166041430543,6.667950848799592,7.04033035200391e-05,0.7613405987503938,0.0002555368466085,2.7631782753069274,-0.0002908613298648,-3.1434319747422705
XNAS.ITCH,0,QUOTE_WITH_REST_BASKET,AT_T,FULL,KO,0.0076999998092651,21600,7200,14400,1.0,6919.537977064458,0.4805234706294762,0.1,0.2754466146185513,0.0,6912.322342288466,0.4800223848811434,0.1,0.2756539472656366,0.0,6911.727151669898,0.4799810521992985,0.1,0.2755208455175536,0.0,6911.391255045362,0.4799577260448168,0.1,0.2758126551772217,0.0,0.0010427914117834,7.21563477599193,0.0011288073597469,7.810825394559288,4.859807355894752e-05,0.3358966245359625,0.0001346996272738,0.9310872431033204
XNAS.ITCH,0,QUOTE_WITH_REST_BASKET,AT_T,FULL,LLY,0.0089999961853027,21600,7200,14400,1.0,16815.49688051692,1.167742838924786,10.0,0.6781647458665748,0.0,16810.636525427675,1.1674053142658107,10.0,0.6781495633757602,0.0,16810.281937523203,1.167380690105778,10.0,0.6781132729621401,0.0,16806.34767867922,1.1671074776860568,10.0,0.6781189773924098,0.0,0.0002890402301983,4.860355089243967,0.0003101272017574,5.2149429937162495,0.000234038837576,3.934258843983116,0.0002551269692833,4.288846748455399
XNAS.ITCH,0,QUOTE_WITH_REST_BASKET,AT_T,FULL,MMC,0.0025999999046325,21600,7200,14400,1.0,7105.318552969258,0.493424899511754,1.0,0.5131143519993594,0.0,7092.449670130725,0.4925312270924115,1.0,0.5123527056290823,0.0,7091.127085246555,0.4924393809198996,1.0,0.5121194953655029,0.0,7089.418303382647,0.4923207155126838,1.0,0.5120689404098726,0.0,0.0018111619827594,12.868882838532954,0.0019973021078376,14.191467722703235,0.0002409746494973,1.7087818639083707,0.0004274075797597,3.031366748078653
XNAS.ITCH,0,QUOTE_WITH_REST_BASKET,AT_T,FULL,MNST,0.0011999994516372,21600,7200,14400,1.0,10501.32559296777,0.729258721733873,0.01,0.8186813801132912,0.0,10487.326379508471,0.7282865541325327,0.01,0.818555444303588,0.0,10487.816225307288,0.728320571201895,0.01,0.8187013554345297,0.0,10484.86748521051,0.7281157975840632,0.01,0.8186528443915813,0.0,0.0013330901261335,13.999213459299426,0.0012864440342207,13.509367660482894,0.0002811586352611,2.9487400967773283,0.0002344634093552,2.4588942979607964
XNAS.ITCH,0,QUOTE_WITH_REST_BASKET,AT_T,FULL,MRK,0.0087999963760375,21600,7200,14400,1.0,10919.406445616689,0.7582921142789367,1.0,0.702673638381451,0.0,10919.067138468672,0.7582685512825467,1.0,0.7026867800940735,0.0,10917.719738716904,0.7581749818553405,1.0,0.7025575327699964,0.0,10918.275097189908,0.7582135484159658,1.0,0.7025493401307812,0.0,3.107377216027274e-05,0.3393071480168146,0.0001544687349248,1.6867068997853494,-5.086762495243313e-05,-0.5553584730041621,7.253744928203965e-05,0.7920412787643727
XNAS.ITCH,0,QUOTE_WITH_REST_BASKET,AT_T,FULL,NDSN,0.0003999999165534,21600,7200,14400,1.0,7389.323130343332,0.5131474396071758,10.0,0.5227170082581082,1.4367816091954022e-05,7384.518187119591,0.5128137629944161,10.0,0.5224751341306634,1.126126126126126e-05,7384.486590893133,0.5128115688120232,10.0,0.52255171151082,1.126126126126126e-05,7380.676461015828,0.5125469764594325,10.0,0.5223636643438712,9.25925925925926e-06,0.000650254852709,4.804943223741248,0.000654530782439,4.83653945019887,0.0005159640863867,3.8101298773053713,0.0005202405907082,3.841726103762994
XNAS.ITCH,0,QUOTE_WITH_REST_BASKET,AT_T,FULL,NWSA,0.0001999999582767,21600,7200,14400,1.0,15457.08784222946,1.0734088779326014,0.01,1.254390748788932,0.0001173371647509,15321.69686611504,1.0640067268135442,0.01,1.2490562421712053,9.196696696696695e-05,15301.373839850983,1.0625954055452074,0.01,1.24870079962635,9.196696696696695e-05,15315.4506033355,1.0635729585649654,0.01,1.2495116753923847,7.561728395061728e-05,0.008759151626513,135.39097611442048,0.0100739546781287,155.7140023784741,-0.0009199672939075,-14.07676348451605,0.0004076743479601,6.246262779537574
XNAS.ITCH,0,QUOTE_WITH_REST_BASKET,AT_T,FULL,PG,0.0111999988555908,21600,7200,14400,1.0,6354.710098788988,0.4412993124159019,1.0,0.3974240158567439,0.0,6354.379000933477,0.4412763195092692,0.1,0.3973278627690486,0.0,6354.269241639002,0.4412686973360418,1.0,0.3974679354170553,0.0,6355.107728755211,0.4413269256080007,0.1,0.3974255938670027,0.0,5.210274746825228e-05,0.3310978555109614,6.937486417679661e-05,0.4408571499861864,-0.000131956497958,-0.838487116208853,-0.0001146812019909,-0.7287278217336279
XNAS.ITCH,0,QUOTE_WITH_REST_BASKET,AT_T,FULL,RSG,0.0007999998331069,21600,7200,14400,1.0,6366.777654027886,0.4421373370852698,1.0,0.4667872946430479,0.0,6357.235204328647,0.4414746669672671,1.0,0.4670320809662314,0.0,6358.091990032226,0.4415341659744601,1.0,0.4670044149127782,0.0,6353.986864585671,0.4412490878184494,1.0,0.4672837510612979,0.0,0.0014987879611597,9.542449699238205,0.0013642166363646,8.685663995659525,0.0006456536729871,4.105125446554666,0.0005109673684503,3.248339742975986
XNAS.ITCH,0,QUOTE_WITH_REST_BASKET,AT_T,FULL,TJX,0.0028999996185302,21600,7200,14400,1.0,7694.257700582943,0.5343234514293711,0.1,0.6431092580661956,0.0,7651.914966219598,0.5313829837652498,0.1,0.6416997700926093,0.0,7654.791266818119,0.5315827268623694,0.1,0.6427187348676288,0.0,7650.69796361218,0.5312984696952903,0.1,0.6423816037911954,0.0,0.0055031604101507,42.3427343633457,0.0051293360972085,39.466433764824615,0.000534737403446,4.093303205939264,0.000159045495512,1.2170026074181806
XNAS.ITCH,0,QUOTE_WITH_REST_BASKET,AT_T,FULL,V,0.0105999946594238,21600,7200,14400,1.0,7876.01818136636,0.5469457070393305,1.0,0.4726644517527946,0.0,7724.936828169213,0.5364539464006398,0.01,0.4661936315125081,0.0,7729.844439599034,0.5367947527499329,0.01,0.4666275757731294,0.0,7729.32070100825,0.5367583820144618,0.1,0.4661490409329685,0.0,0.0191824535848058,151.0813531971471,0.0185593453952601,146.17374176732665,6.775538561953898e-05,0.523738590783978,-0.0005674962703967,-4.383872839036485
XNAS.ITCH,0,QUOTE_WITH_REST_BASKET,AT_T,FULL,WST,0.000499999821186,21600,7200,14400,1.0,20869.950168338724,1.4493020950235225,0.1,1.8310488136281928,0.000102969348659,20862.87456984569,1.448810734017062,0.1,1.8280710636642832,8.07057057057057e-05,20862.56102263724,1.4487889599053636,0.1,1.8281369248860984,8.07057057057057e-05,20870.09264292218,1.449311989091818,0.1,1.8287046135245333,6.635802469135803e-05,0.000339032840805,7.075598493032885,0.0003540567007532,7.389145701486996,-0.0003610113004233,-7.531620284942619,-0.000345976919543,-7.218073076488508
XNAS.ITCH,0,QUOTE_WITH_REST_BASKET,AT_T,FULL,XYL,0.0005999997258186,21600,7200,14400,1.0,14511.809752499525,1.0077645661458,1.0,0.6868069490338887,0.0,14425.146254808957,1.0017462676950664,1.0,0.6829098329578283,0.0,14421.732909529965,1.0015092298284698,1.0,0.6840153557163104,0.0,14396.201596044071,0.9997362219475052,1.0,0.6825298770054309,0.0,0.0059719290128951,86.66349769056615,0.0062071405638461,90.07684296955811,0.0017703360370112,25.531313485891587,0.0020065417884573,28.94465876488357
XNAS.ITCH,0,QUOTE_WITH_REST_BASKET,AT_T_MINUS_1S,ES_VALID,AAPL,0.0604999923706054,21600,7200,14400,1.0,9898.625601640191,0.6874045556694579,10.0,0.7240690241301425,0.0,9818.857834096492,0.681865127367812,1.0,0.7229668796642869,0.0,9898.93212342238,0.687425841904332,10.0,0.7240700094145058,0.0,9819.876799381822,0.6819358888459599,1.0,0.7230693243522804,0.0,0.0080584689990177,79.76776754370076,-3.0966095145190664e-05,-0.3065217821877013,0.0079862477138823,79.05532404055884,-0.000103776355921,-1.0189652853296138
XNAS.ITCH,0,QUOTE_WITH_REST_BASKET,AT_T_MINUS_1S,ES_VALID,ABBV,0.0088999986648559,21600,7200,14400,1.0,9426.099909849392,0.6545902715173189,1.0,0.6385172908507332,0.0,9422.61418550946,0.6543482073270459,1.0,0.6392871686422172,0.0,9426.744498257158,0.6546350346011915,1.0,0.6386156868072884,0.0,9423.439743466137,0.654405537740704,1.0,0.6393616529452261,0.0,0.000369794970695,3.485724339931039,-6.838336257097843e-05,-0.6445884077656956,0.0003505722247624,3.3047547910209687,-8.761453461025859e-05,-0.825557956675766
XNAS.ITCH,0,QUOTE_WITH_REST_BASKET,AT_T_MINUS_1S,ES_VALID,BDX,0.0021999990940093,21600,7200,14400,1.0,7822.346532399182,0.5432185091943876,1.0,0.8089531735802229,0.0,7814.374721083866,0.5426649111863796,1.0,0.8090058773096492,0.0,7819.624205764018,0.5430294587336124,1.0,0.8090936374985377,0.0,7813.95869956969,0.5426360208034507,1.0,0.8091184843991189,0.0,0.0010191074100716,7.97181131531579,0.0003480191811866,2.7223266351638813,0.000724524100551,5.665506194328373,5.323797860035118e-05,0.4160215141764638
XNAS.ITCH,0,QUOTE_WITH_REST_BASKET,AT_T_MINUS_1S,ES_VALID,CMI,0.0010999995470047,21600,7200,14400,1.0,10394.946826775718,0.7218713074149804,10.0,0.7034870072318384,0.0,10319.076310922845,0.7166025215918641,1.0,0.7014338500628245,0.0,10337.16128615553,0.7178584226496896,1.0,0.7025155645580432,0.0,10306.324305207852,0.7157169656394342,1.0,0.7008427523698432,0.0,0.007298788259065,75.87051585287554,0.005559003002434,57.78554062018884,0.0029831188750993,30.836980947677148,0.0012357700758053,12.752005714990446
XNAS.ITCH,0,QUOTE_WITH_REST_BASKET,AT_T_MINUS_1S,ES_VALID,CVS,0.0037999987602233,21600,7200,14400,1.0,11553.56880794134,0.8023311672181487,0.1,0.8779983501482295,0.0,11508.975024231651,0.7992343766827535,0.01,0.8762610370515652,0.0,11550.109900461432,0.8020909653098217,0.1,0.87837082765828,0.0,11512.735164039732,0.7994954975027592,0.01,0.8768931171578906,0.0,0.0038597410420093,44.59378370968989,0.0002993800043438,3.458907479907793,0.0032358771253083,37.37473642170153,-0.0003267136995399,-3.760139808080567
XNAS.ITCH,0,QUOTE_WITH_REST_BASKET,AT_T_MINUS_1S,ES_VALID,DLTR,0.0008999997377395,21600,7200,14400,1.0,14414.08135991494,1.0009778722163152,0.1,0.6053169319347209,0.0,14391.735372844369,0.9994260675586366,1.0,0.6038098951301931,0.0,14400.359254723617,1.0000249482446957,0.1,0.604338674222125,0.0,14385.199633970857,0.9989721968035316,1.0,0.6034635728215425,0.0,0.0015502886734575,22.345987070571937,0.0009519930440717,13.722105191323864,0.0010527251775184,15.1596207527582,0.0004541313958456,6.535738873510127
XNAS.ITCH,0,QUOTE_WITH_REST_BASKET,AT_T_MINUS_1S,ES_VALID,EBAY,0.0006999999284744,21600,7200,14400,1.0,18343.359407584205,1.2738444033044587,0.1,1.1486092803748964,0.0,18245.83056583521,1.2670715670718895,0.01,1.135795361701461,0.0,18325.42890927033,1.2725992298104394,0.1,1.1470389192796202,0.0,18236.3794671505,1.26641524077434,0.01,1.135450357474323,0.0,0.0053168473441495,97.52884174899371,0.0009774926127471,17.93049831387907,0.0048593374027267,89.04944211982729,0.0005179867614473,9.451098684712631
XNAS.ITCH,0,QUOTE_WITH_REST_BASKET,AT_T_MINUS_1S,ES_VALID,GOOG,0.0145999908447265,21600,7200,14400,1.0,16052.750939911935,1.1147743708272178,0.1,1.2391516750029192,0.0,16041.063807656315,1.1139627644205776,0.1,1.2389181130907416,0.0,16053.829672466096,1.1148492828101455,0.1,1.239101448854995,0.0,16040.766062729252,1.1139420876895314,0.1,1.2388870492857662,0.0,0.00072804544837,11.687132255619872,-6.719923321529819e-05,-1.0787325541587052,0.0008137379057439,13.063609736842407,1.85614202794504e-05,0.2977449270638317
XNAS.ITCH,0,QUOTE_WITH_REST_BASKET,AT_T_MINUS_1S,ES_VALID,KEY,0.000499999821186,21600,7200,14400,1.0,56552.013288748014,3.927223145051945,0.01,4.573068048850881,0.0,56431.46379965627,3.918851652753908,0.1,4.568610895408179,0.0,56494.64117789699,3.923238970687291,0.01,4.5667805173478815,0.0,56426.93433759901,3.9185371067777095,0.1,4.564382635755448,0.0,0.0021316568956835,120.54948909174708,0.0010145016510391,57.37211085102172,0.0011984648258013,67.70684029797849,8.026483369871773e-05,4.529462057253113
XNAS.ITCH,0,QUOTE_WITH_REST_BASKET,AT_T_MINUS_1S,ES_VALID,KHC,0.0009999996423721,21600,7200,14400,1.0,10813.989694863782,0.7509715065877626,0.1,0.4935670295586367,0.0,10807.321744014982,0.7505084544454849,0.1,0.4939046711489618,0.0,10813.005083384189,0.7509031307905686,0.1,0.4937033263631677,0.0,10807.221559400165,0.750501497180567,0.1,0.4939873794252904,0.0,0.0006166041430543,6.667950848799592,9.104978896568028e-05,0.984611479594605,0.0005348674063706,5.783523984022395,9.270068680344856e-06,0.1001846148174081
XNAS.ITCH,0,QUOTE_WITH_REST_BASKET,AT_T_MINUS_1S,ES_VALID,KO,0.0076999998092651,21600,7200,14400,1.0,6919.537977064458,0.4805234706294762,0.1,0.2754466146185513,0.0,6912.322342288466,0.4800223848811434,0.1,0.2756539472656366,0.0,6917.092544665104,0.4803536489350766,0.1,0.2755616349707355,0.0,6910.798083656429,0.479916533587252,0.1,0.2757355008285722,0.0,0.0010427914117834,7.21563477599193,0.0003534097807483,2.445432399354104,0.000909986525123,6.294461008674261,0.0002205132452679,1.5242586320364353
XNAS.ITCH,0,QUOTE_WITH_REST_BASKET,AT_T_MINUS_1S,ES_VALID,LLY,0.0089999961853027,21600,7200,14400,1.0,16815.49688051692,1.167742838924786,10.0,0.6781647458665748,0.0,16810.636525427675,1.1674053142658107,10.0,0.6781495633757602,0.0,16813.910495309887,1.1676326732854088,10.0,0.6781553997172574,0.0,16809.24275101533,1.1673085243760646,10.0,0.6781419191481862,0.0,0.0002890402301983,4.860355089243967,9.434066791513818e-05,1.5863852070324356,0.0002776120579361,4.667744294558361,8.29102699495543e-05,1.3937744123468292
XNAS.ITCH,0,QUOTE_WITH_REST_BASKET,AT_T_MINUS_1S,ES_VALID,MMC,0.0025999999046325,21600,7200,14400,1.0,7105.318552969258,0.493424899511754,1.0,0.5131143519993594,0.0,7092.449670130725,0.4925312270924115,1.0,0.5123527056290823,0.0,7101.019637957812,0.4931263637470702,1.0,0.5131710725196844,0.0,7091.295012344879,0.4924510425239499,1.0,0.5125341928572089,0.0,0.0018111619827594,12.868882838532954,0.0006050277660879,4.298915011446297,0.0013694689085143,9.724625612932869,0.0001628009840816,1.1546577858462117
XNAS.ITCH,0,QUOTE_WITH_REST_BASKET,AT_T_MINUS_1S,ES_VALID,MNST,0.0011999994516372,21600,7200,14400,1.0,10501.32559296777,0.729258721733873,0.01,0.8186813801132912,0.0,10487.326379508471,0.7282865541325327,0.01,0.818555444303588,0.0,10500.14360949274,0.7291766395481071,0.01,0.8184894440421623,0.0,10484.94317218084,0.7281210536236694,0.01,0.818457803991103,0.0,0.0013330901261335,13.999213459299426,0.0001125556449579,1.181983475029483,0.0014476408968501,15.200437311901624,0.0002272464154723,2.3832073276316805
XNAS.ITCH,0,QUOTE_WITH_REST_BASKET,AT_T_MINUS_1S,ES_VALID,MRK,0.0087999963760375,21600,7200,14400,1.0,10919.406445616689,0.7582921142789367,1.0,0.702673638381451,0.0,10919.067138468672,0.7582685512825467,1.0,0.7026867800940735,0.0,10920.251767387588,0.7583508171796937,1.0,0.7028752107697847,0.0,10919.87278966828,0.7583244992825195,1.0,0.7028859668234417,0.0,3.107377216027274e-05,0.3393071480168146,-7.741462643684471e-05,-0.8453217708993179,3.470411922545935e-05,0.3789777193069312,-7.378388550893789e-05,-0.8056511996092013
XNAS.ITCH,0,QUOTE_WITH_REST_BASKET,AT_T_MINUS_1S,ES_VALID,NDSN,0.0003999999165534,21600,7200,14400,1.0,7389.323130343332,0.5131474396071758,10.0,0.5227170082581082,1.4367816091954022e-05,7384.518187119591,0.5128137629944161,10.0,0.5224751341306634,1.126126126126126e-05,7386.792703846217,0.5129717155448762,10.0,0.5226316944953014,1.126126126126126e-05,7382.479024134074,0.5126721544537551,10.0,0.5224116325959267,9.25925925925926e-06,0.000650254852709,4.804943223741248,0.000342443611205,2.530426497115513,0.000583971946295,4.313679712142402,0.0002761402888916,2.0391629855166684
XNAS.ITCH,0,QUOTE_WITH_REST_BASKET,AT_T_MINUS_1S,ES_VALID,NWSA,0.0001999999582767,21600,7200,14400,1.0,15457.08784222946,1.0734088779326014,0.01,1.254390748788932,0.0001173371647509,15321.69686611504,1.0640067268135442,0.01,1.2490562421712053,9.196696696696695e-05,15413.02536754225,1.0703489838571008,0.01,1.2545033791791098,9.196696696696695e-05,15309.897446917676,1.0631873227026165,0.01,1.250323748087326,7.561728395061728e-05,0.008759151626513,135.39097611442048,0.0028506323530638,44.06247468720903,0.0066909589886063,103.12792062457449,0.0007701117768136,11.799419197363022
XNAS.ITCH,0,QUOTE_WITH_REST_BASKET,AT_T_MINUS_1S,ES_VALID,PG,0.0111999988555908,21600,7200,14400,1.0,6354.710098788988,0.4412993124159019,1.0,0.3974240158567439,0.0,6354.379000933477,0.4412763195092692,0.1,0.3973278627690486,0.0,6354.701039251035,0.4412986832813219,1.0,0.3975157151312895,0.0,6354.503791765268,0.4412849855392547,1.0,0.3974976738016453,0.0,5.210274746825228e-05,0.3310978555109614,1.425641423802304e-06,0.0090595379533624,3.1039616899097844e-05,0.1972474857666384,-1.963855661935021e-05,-0.1247908317909605
XNAS.ITCH,0,QUOTE_WITH_REST_BASKET,AT_T_MINUS_1S,ES_VALID,RSG,0.0007999998331069,21600,7200,14400,1.0,6366.777654027886,0.4421373370852698,1.0,0.4667872946430479,0.0,6357.235204328647,0.4414746669672671,1.0,0.4670320809662314,0.0,6367.923110993812,0.4422168827079036,1.0,0.4670760883489955,0.0,6359.666049481857,0.4416434756584623,1.0,0.4673232654594473,0.0,0.0014987879611597,9.542449699238205,-0.0001799115703688,-1.1454569659263143,0.0012966647630684,8.257061511954817,-0.0003823745818865,-2.4308451532097024
XNAS.ITCH,0,QUOTE_WITH_REST_BASKET,AT_T_MINUS_1S,ES_VALID,TJX,0.0028999996185302,21600,7200,14400,1.0,7694.257700582943,0.5343234514293711,0.1,0.6431092580661956,0.0,7651.914966219598,0.5313829837652498,0.1,0.6416997700926093,0.0,7693.091920503788,0.5342424944794297,0.1,0.6431580439053465,0.0,7652.703561457127,0.5314377473234115,0.1,0.6417731049356717,0.0,0.0055031604101507,42.3427343633457,0.0001515130015813,1.165780079155411,0.0052499514452722,40.38835904666121,-0.0001030585469141,-0.7885952375290799
XNAS.ITCH,0,QUOTE_WITH_REST_BASKET,AT_T_MINUS_1S,ES_VALID,V,0.0105999946594238,21600,7200,14400,1.0,7876.01818136636,0.5469457070393305,1.0,0.4726644517527946,0.0,7724.936828169213,0.5364539464006398,0.01,0.4661936315125081,0.0,7862.598044817927,0.546013753112356,1.0,0.4722823015704877,0.0,7719.733558225369,0.5360926082100951,0.01,0.466317681515802,0.0,0.0191824535848058,151.0813531971471,0.0017039240183807,13.42013654843322,0.0181701373742126,142.86448659255802,0.0006735679604356,5.203269943844134
XNAS.ITCH,0,QUOTE_WITH_REST_BASKET,AT_T_MINUS_1S,ES_VALID,WST,0.000499999821186,21600,7200,14400,1.0,20869.950168338724,1.4493020950235225,0.1,1.8310488136281928,0.000102969348659,20862.87456984569,1.448810734017062,0.1,1.8280710636642832,8.07057057057057e-05,20884.47562657112,1.450310807400772,0.01,1.8284647332510493,8.07057057057057e-05,20858.560509034087,1.4485111464607006,0.1,1.8282583424092256,6.635802469135803e-05,0.000339032840805,7.075598493032885,-0.0006959987022121,-14.525458232394158,0.0012408794934769,25.91511753703162,0.0002067817067663,4.314060811604577
XNAS.ITCH,0,QUOTE_WITH_REST_BASKET,AT_T_MINUS_1S,ES_VALID,XYL,0.0005999997258186,21600,7200,14400,1.0,14511.809752499525,1.0077645661458,1.0,0.6868069490338887,0.0,14425.146254808957,1.0017462676950664,1.0,0.6829098329578283,0.0,14467.060269117335,1.0046569631331483,1.0,0.685855491333679,0.0,14403.95630002873,1.0002747430575507,1.0,0.6826072910664922,0.0,0.0059719290128951,86.66349769056615,0.0030836597326862,44.749483382185645,0.0043619068362709,63.10396908860639,0.0014689594410983,21.18995478022589
XNAS.ITCH,0,QUOTE_WITH_REST_BASKET,AT_T_MINUS_1S,FULL,AAPL,0.0604999923706054,21600,7200,14400,1.0,9898.625601640191,0.6874045556694579,10.0,0.7240690241301425,0.0,9818.857834096492,0.681865127367812,1.0,0.7229668796642869,0.0,9898.93212342238,0.687425841904332,10.0,0.7240700094145058,0.0,9819.876799381822,0.6819358888459599,1.0,0.7230693243522804,0.0,0.0080584689990177,79.76776754370076,-3.0966095145190664e-05,-0.3065217821877013,0.0079862477138823,79.05532404055884,-0.000103776355921,-1.0189652853296138
XNAS.ITCH,0,QUOTE_WITH_REST_BASKET,AT_T_MINUS_1S,FULL,ABBV,0.0088999986648559,21600,7200,14400,1.0,9426.099909849392,0.6545902715173189,1.0,0.6385172908507332,0.0,9422.61418550946,0.6543482073270459,1.0,0.6392871686422172,0.0,9426.744498257158,0.6546350346011915,1.0,0.6386156868072884,0.0,9423.439743466137,0.654405537740704,1.0,0.6393616529452261,0.0,0.000369794970695,3.485724339931039,-6.838336257097843e-05,-0.6445884077656956,0.0003505722247624,3.3047547910209687,-8.761453461025859e-05,-0.825557956675766
XNAS.ITCH,0,QUOTE_WITH_REST_BASKET,AT_T_MINUS_1S,FULL,BDX,0.0021999990940093,21600,7200,14400,1.0,7822.346532399182,0.5432185091943876,1.0,0.8089531735802229,0.0,7814.374721083866,0.5426649111863796,1.0,0.8090058773096492,0.0,7819.624205764018,0.5430294587336124,1.0,0.8090936374985377,0.0,7813.95869956969,0.5426360208034507,1.0,0.8091184843991189,0.0,0.0010191074100716,7.97181131531579,0.0003480191811866,2.7223266351638813,0.000724524100551,5.665506194328373,5.323797860035118e-05,0.4160215141764638
XNAS.ITCH,0,QUOTE_WITH_REST_BASKET,AT_T_MINUS_1S,FULL,CMI,0.0010999995470047,21600,7200,14400,1.0,10394.946826775718,0.7218713074149804,10.0,0.7034870072318384,0.0,10319.076310922845,0.7166025215918641,1.0,0.7014338500628245,0.0,10337.16128615553,0.7178584226496896,1.0,0.7025155645580432,0.0,10306.324305207852,0.7157169656394342,1.0,0.7008427523698432,0.0,0.007298788259065,75.87051585287554,0.005559003002434,57.78554062018884,0.0029831188750993,30.836980947677148,0.0012357700758053,12.752005714990446
XNAS.ITCH,0,QUOTE_WITH_REST_BASKET,AT_T_MINUS_1S,FULL,CVS,0.0037999987602233,21600,7200,14400,1.0,11553.56880794134,0.8023311672181487,0.1,0.8779983501482295,0.0,11508.975024231651,0.7992343766827535,0.01,0.8762610370515652,0.0,11550.109900461432,0.8020909653098217,0.1,0.87837082765828,0.0,11512.735164039732,0.7994954975027592,0.01,0.8768931171578906,0.0,0.0038597410420093,44.59378370968989,0.0002993800043438,3.458907479907793,0.0032358771253083,37.37473642170153,-0.0003267136995399,-3.760139808080567
XNAS.ITCH,0,QUOTE_WITH_REST_BASKET,AT_T_MINUS_1S,FULL,DLTR,0.0008999997377395,21600,7200,14400,1.0,14414.08135991494,1.0009778722163152,0.1,0.6053169319347209,0.0,14391.735372844369,0.9994260675586366,1.0,0.6038098951301931,0.0,14400.359254723617,1.0000249482446957,0.1,0.604338674222125,0.0,14385.199633970857,0.9989721968035316,1.0,0.6034635728215425,0.0,0.0015502886734575,22.345987070571937,0.0009519930440717,13.722105191323864,0.0010527251775184,15.1596207527582,0.0004541313958456,6.535738873510127
XNAS.ITCH,0,QUOTE_WITH_REST_BASKET,AT_T_MINUS_1S,FULL,EBAY,0.0006999999284744,21600,7200,14400,1.0,18343.359407584205,1.2738444033044587,0.1,1.1486092803748964,0.0,18245.83056583521,1.2670715670718895,0.01,1.135795361701461,0.0,18325.42890927033,1.2725992298104394,0.1,1.1470389192796202,0.0,18236.3794671505,1.26641524077434,0.01,1.135450357474323,0.0,0.0053168473441495,97.52884174899371,0.0009774926127471,17.93049831387907,0.0048593374027267,89.04944211982729,0.0005179867614473,9.451098684712631
XNAS.ITCH,0,QUOTE_WITH_REST_BASKET,AT_T_MINUS_1S,FULL,GOOG,0.0145999908447265,21600,7200,14400,1.0,16052.750939911935,1.1147743708272178,0.1,1.2391516750029192,0.0,16041.063807656315,1.1139627644205776,0.1,1.2389181130907416,0.0,16053.829672466096,1.1148492828101455,0.1,1.239101448854995,0.0,16040.766062729252,1.1139420876895314,0.1,1.2388870492857662,0.0,0.00072804544837,11.687132255619872,-6.719923321529819e-05,-1.0787325541587052,0.0008137379057439,13.063609736842407,1.85614202794504e-05,0.2977449270638317
XNAS.ITCH,0,QUOTE_WITH_REST_BASKET,AT_T_MINUS_1S,FULL,KEY,0.000499999821186,21600,7200,14400,1.0,56552.013288748014,3.927223145051945,0.01,4.573068048850881,0.0,56431.46379965627,3.918851652753908,0.1,4.568610895408179,0.0,56494.64117789699,3.923238970687291,0.01,4.5667805173478815,0.0,56426.93433759901,3.9185371067777095,0.1,4.564382635755448,0.0,0.0021316568956835,120.54948909174708,0.0010145016510391,57.37211085102172,0.0011984648258013,67.70684029797849,8.026483369871773e-05,4.529462057253113
XNAS.ITCH,0,QUOTE_WITH_REST_BASKET,AT_T_MINUS_1S,FULL,KHC,0.0009999996423721,21600,7200,14400,1.0,10813.989694863782,0.7509715065877626,0.1,0.4935670295586367,0.0,10807.321744014982,0.7505084544454849,0.1,0.4939046711489618,0.0,10813.005083384189,0.7509031307905686,0.1,0.4937033263631677,0.0,10807.221559400165,0.750501497180567,0.1,0.4939873794252904,0.0,0.0006166041430543,6.667950848799592,9.104978896568028e-05,0.984611479594605,0.0005348674063706,5.783523984022395,9.270068680344856e-06,0.1001846148174081
XNAS.ITCH,0,QUOTE_WITH_REST_BASKET,AT_T_MINUS_1S,FULL,KO,0.0076999998092651,21600,7200,14400,1.0,6919.537977064458,0.4805234706294762,0.1,0.2754466146185513,0.0,6912.322342288466,0.4800223848811434,0.1,0.2756539472656366,0.0,6917.092544665104,0.4803536489350766,0.1,0.2755616349707355,0.0,6910.798083656429,0.479916533587252,0.1,0.2757355008285722,0.0,0.0010427914117834,7.21563477599193,0.0003534097807483,2.445432399354104,0.000909986525123,6.294461008674261,0.0002205132452679,1.5242586320364353
XNAS.ITCH,0,QUOTE_WITH_REST_BASKET,AT_T_MINUS_1S,FULL,LLY,0.0089999961853027,21600,7200,14400,1.0,16815.49688051692,1.167742838924786,10.0,0.6781647458665748,0.0,16810.636525427675,1.1674053142658107,10.0,0.6781495633757602,0.0,16813.910495309887,1.1676326732854088,10.0,0.6781553997172574,0.0,16809.24275101533,1.1673085243760646,10.0,0.6781419191481862,0.0,0.0002890402301983,4.860355089243967,9.434066791513818e-05,1.5863852070324356,0.0002776120579361,4.667744294558361,8.29102699495543e-05,1.3937744123468292
XNAS.ITCH,0,QUOTE_WITH_REST_BASKET,AT_T_MINUS_1S,FULL,MMC,0.0025999999046325,21600,7200,14400,1.0,7105.318552969258,0.493424899511754,1.0,0.5131143519993594,0.0,7092.449670130725,0.4925312270924115,1.0,0.5123527056290823,0.0,7101.019637957812,0.4931263637470702,1.0,0.5131710725196844,0.0,7091.295012344879,0.4924510425239499,1.0,0.5125341928572089,0.0,0.0018111619827594,12.868882838532954,0.0006050277660879,4.298915011446297,0.0013694689085143,9.724625612932869,0.0001628009840816,1.1546577858462117
XNAS.ITCH,0,QUOTE_WITH_REST_BASKET,AT_T_MINUS_1S,FULL,MNST,0.0011999994516372,21600,7200,14400,1.0,10501.32559296777,0.729258721733873,0.01,0.8186813801132912,0.0,10487.326379508471,0.7282865541325327,0.01,0.818555444303588,0.0,10500.14360949274,0.7291766395481071,0.01,0.8184894440421623,0.0,10484.94317218084,0.7281210536236694,0.01,0.818457803991103,0.0,0.0013330901261335,13.999213459299426,0.0001125556449579,1.181983475029483,0.0014476408968501,15.200437311901624,0.0002272464154723,2.3832073276316805
XNAS.ITCH,0,QUOTE_WITH_REST_BASKET,AT_T_MINUS_1S,FULL,MRK,0.0087999963760375,21600,7200,14400,1.0,10919.406445616689,0.7582921142789367,1.0,0.702673638381451,0.0,10919.067138468672,0.7582685512825467,1.0,0.7026867800940735,0.0,10920.251767387588,0.7583508171796937,1.0,0.7028752107697847,0.0,10919.87278966828,0.7583244992825195,1.0,0.7028859668234417,0.0,3.107377216027274e-05,0.3393071480168146,-7.741462643684471e-05,-0.8453217708993179,3.470411922545935e-05,0.3789777193069312,-7.378388550893789e-05,-0.8056511996092013
XNAS.ITCH,0,QUOTE_WITH_REST_BASKET,AT_T_MINUS_1S,FULL,NDSN,0.0003999999165534,21600,7200,14400,1.0,7389.323130343332,0.5131474396071758,10.0,0.5227170082581082,1.4367816091954022e-05,7384.518187119591,0.5128137629944161,10.0,0.5224751341306634,1.126126126126126e-05,7386.792703846217,0.5129717155448762,10.0,0.5226316944953014,1.126126126126126e-05,7382.479024134074,0.5126721544537551,10.0,0.5224116325959267,9.25925925925926e-06,0.000650254852709,4.804943223741248,0.000342443611205,2.530426497115513,0.000583971946295,4.313679712142402,0.0002761402888916,2.0391629855166684
XNAS.ITCH,0,QUOTE_WITH_REST_BASKET,AT_T_MINUS_1S,FULL,NWSA,0.0001999999582767,21600,7200,14400,1.0,15457.08784222946,1.0734088779326014,0.01,1.254390748788932,0.0001173371647509,15321.69686611504,1.0640067268135442,0.01,1.2490562421712053,9.196696696696695e-05,15413.02536754225,1.0703489838571008,0.01,1.2545033791791098,9.196696696696695e-05,15309.897446917676,1.0631873227026165,0.01,1.250323748087326,7.561728395061728e-05,0.008759151626513,135.39097611442048,0.0028506323530638,44.06247468720903,0.0066909589886063,103.12792062457449,0.0007701117768136,11.799419197363022
XNAS.ITCH,0,QUOTE_WITH_REST_BASKET,AT_T_MINUS_1S,FULL,PG,0.0111999988555908,21600,7200,14400,1.0,6354.710098788988,0.4412993124159019,1.0,0.3974240158567439,0.0,6354.379000933477,0.4412763195092692,0.1,0.3973278627690486,0.0,6354.701039251035,0.4412986832813219,1.0,0.3975157151312895,0.0,6354.503791765268,0.4412849855392547,1.0,0.3974976738016453,0.0,5.210274746825228e-05,0.3310978555109614,1.425641423802304e-06,0.0090595379533624,3.1039616899097844e-05,0.1972474857666384,-1.963855661935021e-05,-0.1247908317909605
XNAS.ITCH,0,QUOTE_WITH_REST_BASKET,AT_T_MINUS_1S,FULL,RSG,0.0007999998331069,21600,7200,14400,1.0,6366.777654027886,0.4421373370852698,1.0,0.4667872946430479,0.0,6357.235204328647,0.4414746669672671,1.0,0.4670320809662314,0.0,6367.923110993812,0.4422168827079036,1.0,0.4670760883489955,0.0,6359.666049481857,0.4416434756584623,1.0,0.4673232654594473,0.0,0.0014987879611597,9.542449699238205,-0.0001799115703688,-1.1454569659263143,0.0012966647630684,8.257061511954817,-0.0003823745818865,-2.4308451532097024
XNAS.ITCH,0,QUOTE_WITH_REST_BASKET,AT_T_MINUS_1S,FULL,TJX,0.0028999996185302,21600,7200,14400,1.0,7694.257700582943,0.5343234514293711,0.1,0.6431092580661956,0.0,7651.914966219598,0.5313829837652498,0.1,0.6416997700926093,0.0,7693.091920503788,0.5342424944794297,0.1,0.6431580439053465,0.0,7652.703561457127,0.5314377473234115,0.1,0.6417731049356717,0.0,0.0055031604101507,42.3427343633457,0.0001515130015813,1.165780079155411,0.0052499514452722,40.38835904666121,-0.0001030585469141,-0.7885952375290799
XNAS.ITCH,0,QUOTE_WITH_REST_BASKET,AT_T_MINUS_1S,FULL,V,0.0105999946594238,21600,7200,14400,1.0,7876.01818136636,0.5469457070393305,1.0,0.4726644517527946,0.0,7724.936828169213,0.5364539464006398,0.01,0.4661936315125081,0.0,7862.598044817927,0.546013753112356,1.0,0.4722823015704877,0.0,7719.733558225369,0.5360926082100951,0.01,0.466317681515802,0.0,0.0191824535848058,151.0813531971471,0.0017039240183807,13.42013654843322,0.0181701373742126,142.86448659255802,0.0006735679604356,5.203269943844134
XNAS.ITCH,0,QUOTE_WITH_REST_BASKET,AT_T_MINUS_1S,FULL,WST,0.000499999821186,21600,7200,14400,1.0,20869.950168338724,1.4493020950235225,0.1,1.8310488136281928,0.000102969348659,20862.87456984569,1.448810734017062,0.1,1.8280710636642832,8.07057057057057e-05,20884.47562657112,1.450310807400772,0.01,1.8284647332510493,8.07057057057057e-05,20858.560509034087,1.4485111464607006,0.1,1.8282583424092256,6.635802469135803e-05,0.000339032840805,7.075598493032885,-0.0006959987022121,-14.525458232394158,0.0012408794934769,25.91511753703162,0.0002067817067663,4.314060811604577
XNAS.ITCH,0,QUOTE_WITH_REST_BASKET,AT_T_MINUS_1S,FULL,XYL,0.0005999997258186,21600,7200,14400,1.0,14511.809752499525,1.0077645661458,1.0,0.6868069490338887,0.0,14425.146254808957,1.0017462676950664,1.0,0.6829098329578283,0.0,14467.060269117335,1.0046569631331483,1.0,0.685855491333679,0.0,14403.95630002873,1.0002747430575507,1.0,0.6826072910664922,0.0,0.0059719290128951,86.66349769056615,0.0030836597326862,44.749483382185645,0.0043619068362709,63.10396908860639,0.0014689594410983,21.18995478022589
XNAS.ITCH,500,QUOTE_TRADE_WITH_REST_BASKET,AT_T,ES_VALID,AAPL,0.0604999923706054,21600,7200,14400,1.0,9897.317506415344,0.6873137157232878,1.0,0.7316314508467632,0.0,9884.682622215609,0.6864362932094171,1.0,0.7316794782345024,0.0,9887.864651570828,0.6866572674701964,1.0,0.7310978692779345,0.0,9881.136533158377,0.6861900370248872,1.0,0.7314488539970853,0.0,0.0012765968346015,12.634884199736916,0.0009550926135681,9.452854844515969,0.0006804420013356,6.728118412451295,0.0003587458690136,3.546089057230347
XNAS.ITCH,500,QUOTE_TRADE_WITH_REST_BASKET,AT_T,ES_VALID,ABBV,0.0088999986648559,21600,7200,14400,1.0,9607.90170230814,0.6672153959936208,0.1,0.6087328201380853,0.0,9608.587558033592,0.6672630248634439,0.1,0.6092748537951669,0.0,9607.344028235766,0.6671766686274837,0.1,0.6092298162320853,0.0,9609.198454656163,0.6673054482400115,0.1,0.6094849853779227,0.0,-7.138454854183074e-05,-0.6858557254527113,5.80432741354997e-05,0.5576740723736293,-0.0001930217565799,-1.8544264203992495,-6.357819178770541e-05,-0.6108966225729091
XNAS.ITCH,500,QUOTE_TRADE_WITH_REST_BASKET,AT_T,ES_VALID,BDX,0.0021999990940093,21600,7200,14400,1.0,8030.589539275157,0.5576798291163304,1.0,0.798919885195741,0.0,8023.06714996088,0.5571574409695056,1.0,0.79933114186301,0.0,8026.006015327778,0.5573615288422068,1.0,0.7991883605571755,0.0,8046.123373138454,0.5587585675790593,10.0,0.7995394162222359,0.0,0.0009367169468054,7.522389314277461,0.0005707580900459,4.583523947379035,-0.0025065216462902,-20.117357810675458,-0.0028737417681574,-23.056223177573884
XNAS.ITCH,500,QUOTE_TRADE_WITH_REST_BASKET,AT_T,ES_VALID,CMI,0.0010999995470047,21600,7200,14400,1.0,10734.456529906602,0.7454483701324028,0.1,0.6944920344955451,0.0,10685.701255027274,0.7420625871546718,0.01,0.6873536336753678,0.0,10688.262814436068,0.742240473224727,0.01,0.6885730942966676,0.0,10667.343076168112,0.7407877136227855,0.1,0.6876421013689908,0.0,0.0045419416198196,48.75527487932777,0.0043033119880672,46.19371547053379,0.0019572627124868,20.91973826795584,0.0017180134855936,18.358178859161853
XNAS.ITCH,500,QUOTE_TRADE_WITH_REST_BASKET,AT_T,ES_VALID,CVS,0.0037999987602233,21600,7200,14400,1.0,11284.445341065182,0.783642037573971,0.1,0.8664110753427503,0.0,11266.597696017156,0.7824026177789692,0.1,0.866091337955947,0.0,11255.333647500338,0.7816203921875234,0.1,0.8653680461361773,0.0,11260.771327037004,0.7819980088220142,0.1,0.8662658164708138,0.0,0.0015816147367984,17.847645048024788,0.0025798072200238,29.111693564844245,-0.0004831202438742,-5.43767953666611,0.0005171365071651,5.826368980153347
XNAS.ITCH,500,QUOTE_TRADE_WITH_REST_BASKET,AT_T,ES_VALID,DLTR,0.0008999997377395,21600,7200,14400,1.0,14329.061587818436,0.9950737213762804,1.0,0.6121142101207128,0.0,14282.161012032186,0.9918167369466796,1.0,0.6099573322892515,0.0,14291.507793605217,0.9924658190003622,1.0,0.6098307913200028,0.0,14271.008587756884,0.9910422630386724,1.0,0.6091155902006881,0.0,0.003273108674899,46.90057578625056,0.0026208132321201,37.55379421321959,0.0014343627099657,20.49920584833308,0.000780863922897,11.15242427530211
XNAS.ITCH,500,QUOTE_TRADE_WITH_REST_BASKET,AT_T,ES_VALID,EBAY,0.0006999999284744,21600,7200,14400,1.0,17955.74678853475,1.2469268603149133,0.1,1.1401993663630876,0.0,17867.988176990344,1.2408325122909962,0.1,1.1317531612734513,0.0,17881.712702513287,1.2417856043412006,0.01,1.1304244945323931,0.0,17873.573282504876,1.2412203668406163,0.1,1.130366351592759,0.0,0.0048874943814891,87.75861154440645,0.0041231415709613,74.03408602146374,0.0004551812314524,8.139420008410525,-0.0003125760695166,-5.585105514532188
XNAS.ITCH,500,QUOTE_TRADE_WITH_REST_BASKET,AT_T,ES_VALID,GOOG,0.0145999908447265,21600,7200,14400,1.0,15709.402850622051,1.0909307535154202,0.1,1.235320360799343,0.0,15683.024374283428,1.0890989148807937,0.1,1.233824678622504,0.0,15689.46720273713,1.089546333523412,0.1,1.2338246749601074,0.0,15681.432717613632,1.0889883831676133,0.1,1.2335493756527145,0.0,0.0016791520714983,26.37847633862475,0.0012690264597888,19.93564788492222,0.0005120941979531,8.034485123498598,0.0001014891408577,1.591656669796066
XNAS.ITCH,500,QUOTE_TRADE_WITH_REST_BASKET,AT_T,ES_VALID,KEY,0.000499999821186,21600,7200,14400,1.0,56537.333031169794,3.926203682720125,0.1,4.454182253722041,0.0,56406.33195893851,3.917106386037396,0.1,4.4688141093017615,0.0,56407.026828220056,3.917154640848615,0.1,4.452925331623997,0.0,56421.04262457405,3.9181279600398646,0.1,4.471369945733693,0.0,0.002317072016097,131.00107223128725,0.0023047815658,130.30620294973778,-0.00024847607013,-14.015796353996848,-0.0002607981253994,-14.71066563554632
XNAS.ITCH,500,QUOTE_TRADE_WITH_REST_BASKET,AT_T,ES_VALID,KHC,0.0009999996423721,21600,7200,14400,1.0,10997.122535535573,0.763689064967748,0.1,0.4760155825144793,0.0,10995.56622529499,0.7635809878677076,0.1,0.4761378481597017,0.0,11004.843518288675,0.7642252443256026,0.1,0.4760627991930085,0.0,11002.314530454749,0.7640496201704685,0.1,0.4761849832246278,0.0,0.0001415197689715,1.556310240581297,-0.0007020911814119,-7.720982753106,0.0002298067964098,2.528987833929932,-0.0006137296635286,-6.748305159757365
XNAS.ITCH,500,QUOTE_TRADE_WITH_REST_BASKET,AT_T,ES_VALID,KO,0.0076999998092651,21600,7200,14400,1.0,6914.088505414826,0.4801450350982518,0.1,0.2799452659237791,0.0,6914.811585558826,0.4801952489971406,0.1,0.280376711314848,0.0,6908.8017902338825,0.4797779020995751,0.1,0.2798698880067711,0.0,6914.363857534203,0.4801641567732085,0.1,0.2803097409961704,0.0,-0.0001045806896213,-0.7230801440000505,0.0007646293762081,5.286715180943247,-0.0008050697456949,-5.56206730032045,6.474912860354731e-05,0.4477280246228474
XNAS.ITCH,500,QUOTE_TRADE_WITH_REST_BASKET,AT_T,ES_VALID,LLY,0.0089999961853027,21600,7200,14400,1.0,16345.057013220005,1.1350734036958334,1.0,0.6582676674357983,0.0,16337.61393843055,1.1345565235021215,1.0,0.658985893929341,0.0,16335.723748098852,1.1344252602846423,1.0,0.6585660620261131,0.0,16333.952492316204,1.1343022564108474,1.0,0.6592049505151311,0.0,0.0004553716015449,7.443074789453021,0.0005710145344615,9.333265121151271,0.0001084283628911,1.77125578264895,0.00022411143562,3.6614461143472
XNAS.ITCH,500,QUOTE_TRADE_WITH_REST_BASKET,AT_T,ES_VALID,MMC,0.0025999999046325,21600,7200,14400,1.0,6693.151777539376,0.4648022067735677,0.1,0.5082285434320347,0.0,6700.775478457656,0.4653316304484483,1.0,0.5082829255038697,0.0,6698.063530422217,0.4651433007237651,1.0,0.5084448155990829,0.0,6698.4328526774825,0.4651689481026029,1.0,0.5086012655864152,0.0,-0.0011390300372184,-7.62370091827961,-0.0007338475274569,-4.911752882841029,-5.513866113515675e-05,-0.3693222552656152,0.0003496051744613,2.342625780172966
XNAS.ITCH,500,QUOTE_TRADE_WITH_REST_BASKET,AT_T,ES_VALID,MNST,0.0011999994516372,21600,7200,14400,1.0,10852.49823377431,0.7536457106787715,0.1,0.8558334791827618,0.0,10844.347263791497,0.7530796710966315,0.1,0.8552841791989934,0.0,10847.992741573837,0.7533328292759609,0.1,0.8553742720900591,0.0,10847.385856280524,0.7532906844639253,0.1,0.8551577770178654,0.0,0.0007510685380669,8.150969982814786,0.0004151571466237,4.505492200472872,5.594447818768611e-05,0.6068852933112794,-0.000280200588852,-3.038592489030634
XNAS.ITCH,500,QUOTE_TRADE_WITH_REST_BASKET,AT_T,ES_VALID,MRK,0.0087999963760375,21600,7200,14400,1.0,10619.219639668185,0.7374458083102905,0.1,0.7304842455419431,0.0,10649.015693567464,0.7395149787199627,1.0,0.7307549491077514,0.0,10646.741155386044,0.7393570246795864,1.0,0.7305379094049339,0.0,10648.692540534024,0.7394925375370849,1.0,0.7307524840526443,0.0,-0.0028058609681616,-29.796053899281105,-0.0025916702593713,-27.521515717860893,-0.0001832847365685,-1.9513851479787263,3.034581249017343e-05,0.3231530334414856
XNAS.ITCH,500,QUOTE_TRADE_WITH_REST_BASKET,AT_T,ES_VALID,NDSN,0.0003999999165534,21600,7200,14400,1.0,6967.786595458854,0.4838740691290871,10.0,0.4682781621540133,6.200396825396825e-06,6963.849238574169,0.4836006415676506,10.0,0.4681055368598643,4.756468797564688e-06,6963.953626864244,0.4836078907544614,10.0,0.4681268838658908,5.4253472222222224e-06,6960.882972435578,0.4833946508635818,10.0,0.4679969915457933,4.2866941015089165e-06,0.0005650800050694,3.93735688468496,0.000550098448352,3.832968594610065,0.0004409355077868,3.0706544286658755,0.00042595209014,2.966266138590981
XNAS.ITCH,500,QUOTE_TRADE_WITH_REST_BASKET,AT_T,ES_VALID,NWSA,0.0001999999582767,21600,7200,14400,1.0,15561.74745432699,1.080676906550485,0.01,1.289781546976555,5.952380952380952e-05,15439.988771150473,1.072221442441005,0.01,1.2805188176501352,4.5662100456621006e-05,15428.266234072476,1.071407377366144,0.01,1.281820014925804,5.208333333333334e-05,15437.24986569509,1.0720312406732702,0.01,1.2807991689751028,4.11522633744856e-05,0.0078242294789754,121.75868317651656,0.0085775212999872,133.48122025451266,-0.0005822839382154,-8.983631622613757,0.0001773903787093,2.738905455382337
XNAS.ITCH,500,QUOTE_TRADE_WITH_REST_BASKET,AT_T,ES_VALID,PG,0.0111999988555908,21600,7200,14400,1.0,6463.97603227127,0.4488872244632826,1.0,0.3995563631255018,0.0,6465.969939346047,0.4490256902323644,1.0,0.3994428044501292,0.0,6462.696980588476,0.4487984014297552,1.0,0.3994249641090255,0.0,6465.0168049710655,0.4489595003452128,1.0,0.3993672623225596,0.0,-0.0003084644907132,-1.993907074776871,0.0001978738281839,1.2790516827944884,-0.0003589560812704,-2.3198243825900136,0.00014740779557,0.953134374981346
XNAS.ITCH,500,QUOTE_TRADE_WITH_REST_BASKET,AT_T,ES_VALID,RSG,0.0007999998331069,21600,7200,14400,1.0,6449.259016061591,0.4478652094487216,0.1,0.4745822244485596,0.0,6450.100010487925,0.4479236118394392,0.1,0.4749105918739807,0.0,6448.789644949617,0.4478326142326123,0.1,0.4744769346238681,0.0,6452.844012387306,0.4481141675268962,0.1,0.4747139867692045,0.0,-0.0001304017134742,-0.8409944263339639,7.277907598457478e-05,0.4693711119743966,-0.0006287020760344,-4.054367437689507,-0.0004254200547153,-2.7440018993811464
XNAS.ITCH,500,QUOTE_TRADE_WITH_REST_BASKET,AT_T,ES_VALID,TJX,0.0028999996185302,21600,7200,14400,1.0,7451.982366783186,0.5174987754710546,0.1,0.6499056796545488,0.0,7410.660066262342,0.5146291712682182,0.1,0.6490058284480209,0.0,7418.140164252118,0.5151486225175081,0.1,0.6495557039882492,0.0,7412.887474368546,0.5147838523867045,0.1,0.649627074933907,0.0,0.0055451420155039,41.32230052084378,0.0045413691103078,33.842202531068324,0.0007080871710789,5.252689883572202,-0.0003005681121905,-2.2274081062032565
XNAS.ITCH,500,QUOTE_TRADE_WITH_REST_BASKET,AT_T,ES_VALID,V,0.0105999946594238,21600,7200,14400,1.0,7644.496183052963,0.530867790489789,0.1,0.4545294971813739,0.0,7581.989869038581,0.5265270742387903,0.01,0.4497084771407804,0.0,7581.098649280722,0.5264651839778279,0.01,0.4485836106960159,0.0,7589.512353410328,0.5270494689868284,0.1,0.4490830829213908,0.0,0.0081766427136102,62.50631401438204,0.0082932259045123,63.39753377224042,-0.0011098264933413,-8.413704129605321,-0.0009921517308359,-7.522484371746941
XNAS.ITCH,500,QUOTE_TRADE_WITH_REST_BASKET,AT_T,ES_VALID,WST,0.000499999821186,21600,7200,14400,1.0,21973.08209915499,1.5259084791079855,0.1,1.6560116697536766,5.208333333333334e-05,21967.68163392319,1.5255334468002213,0.1,1.6569297268269605,3.995433789954338e-05,21961.389788116347,1.5250965130636351,0.1,1.6535984181378711,4.557291666666667e-05,21973.117801493645,1.5259109584370587,0.1,1.6566353406766692,3.60082304526749e-05,0.0002457764098561,5.400465231803537,0.0005321197538826,11.69231103864513,-0.0005340287427366,-11.72801337729834,-0.0002474620518015,-5.436167570456746
XNAS.ITCH,500,QUOTE_TRADE_WITH_REST_BASKET,AT_T,ES_VALID,XYL,0.0005999997258186,21600,7200,14400,1.0,14510.026879913958,1.0076407555495803,1.0,0.6610367750267836,0.0,14433.586145017563,1.002332371181775,1.0,0.658949222624144,0.0,14442.300327348286,1.00293752273252,1.0,0.6584885292149233,0.0,14415.713755972907,1.0010912330536743,1.0,0.6582970892002341,0.0,0.0052681318600593,76.44073489639231,0.0046675690628406,67.72655256567123,0.0018408820459876,26.58657137537739,0.0012382500693236,17.872389044656302
XNAS.ITCH,500,QUOTE_TRADE_WITH_REST_BASKET,AT_T,FULL,AAPL,0.0604999923706054,21600,7200,14400,1.0,9897.317506415344,0.6873137157232878,1.0,0.7316314508467632,0.0,9884.682622215609,0.6864362932094171,1.0,0.7316794782345024,0.0,9887.864651570828,0.6866572674701964,1.0,0.7310978692779345,0.0,9881.136533158377,0.6861900370248872,1.0,0.7314488539970853,0.0,0.0012765968346015,12.634884199736916,0.0009550926135681,9.452854844515969,0.0006804420013356,6.728118412451295,0.0003587458690136,3.546089057230347
XNAS.ITCH,500,QUOTE_TRADE_WITH_REST_BASKET,AT_T,FULL,ABBV,0.0088999986648559,21600,7200,14400,1.0,9607.90170230814,0.6672153959936208,0.1,0.6087328201380853,0.0,9608.587558033592,0.6672630248634439,0.1,0.6092748537951669,0.0,9607.344028235766,0.6671766686274837,0.1,0.6092298162320853,0.0,9609.198454656163,0.6673054482400115,0.1,0.6094849853779227,0.0,-7.138454854183074e-05,-0.6858557254527113,5.80432741354997e-05,0.5576740723736293,-0.0001930217565799,-1.8544264203992495,-6.357819178770541e-05,-0.6108966225729091
XNAS.ITCH,500,QUOTE_TRADE_WITH_REST_BASKET,AT_T,FULL,BDX,0.0021999990940093,21600,7200,14400,1.0,8030.589539275157,0.5576798291163304,1.0,0.798919885195741,0.0,8023.06714996088,0.5571574409695056,1.0,0.79933114186301,0.0,8026.006015327778,0.5573615288422068,1.0,0.7991883605571755,0.0,8046.123373138454,0.5587585675790593,10.0,0.7995394162222359,0.0,0.0009367169468054,7.522389314277461,0.0005707580900459,4.583523947379035,-0.0025065216462902,-20.117357810675458,-0.0028737417681574,-23.056223177573884
XNAS.ITCH,500,QUOTE_TRADE_WITH_REST_BASKET,AT_T,FULL,CMI,0.0010999995470047,21600,7200,14400,1.0,10734.456529906602,0.7454483701324028,0.1,0.6944920344955451,0.0,10685.701255027274,0.7420625871546718,0.01,0.6873536336753678,0.0,10688.262814436068,0.742240473224727,0.01,0.6885730942966676,0.0,10667.343076168112,0.7407877136227855,0.1,0.6876421013689908,0.0,0.0045419416198196,48.75527487932777,0.0043033119880672,46.19371547053379,0.0019572627124868,20.91973826795584,0.0017180134855936,18.358178859161853
XNAS.ITCH,500,QUOTE_TRADE_WITH_REST_BASKET,AT_T,FULL,CVS,0.0037999987602233,21600,7200,14400,1.0,11284.445341065182,0.783642037573971,0.1,0.8664110753427503,0.0,11266.597696017156,0.7824026177789692,0.1,0.866091337955947,0.0,11255.333647500338,0.7816203921875234,0.1,0.8653680461361773,0.0,11260.771327037004,0.7819980088220142,0.1,0.8662658164708138,0.0,0.0015816147367984,17.847645048024788,0.0025798072200238,29.111693564844245,-0.0004831202438742,-5.43767953666611,0.0005171365071651,5.826368980153347
XNAS.ITCH,500,QUOTE_TRADE_WITH_REST_BASKET,AT_T,FULL,DLTR,0.0008999997377395,21600,7200,14400,1.0,14329.061587818436,0.9950737213762804,1.0,0.6121142101207128,0.0,14282.161012032186,0.9918167369466796,1.0,0.6099573322892515,0.0,14291.507793605217,0.9924658190003622,1.0,0.6098307913200028,0.0,14271.008587756884,0.9910422630386724,1.0,0.6091155902006881,0.0,0.003273108674899,46.90057578625056,0.0026208132321201,37.55379421321959,0.0014343627099657,20.49920584833308,0.000780863922897,11.15242427530211
XNAS.ITCH,500,QUOTE_TRADE_WITH_REST_BASKET,AT_T,FULL,EBAY,0.0006999999284744,21600,7200,14400,1.0,17955.74678853475,1.2469268603149133,0.1,1.1401993663630876,0.0,17867.988176990344,1.2408325122909962,0.1,1.1317531612734513,0.0,17881.712702513287,1.2417856043412006,0.01,1.1304244945323931,0.0,17873.573282504876,1.2412203668406163,0.1,1.130366351592759,0.0,0.0048874943814891,87.75861154440645,0.0041231415709613,74.03408602146374,0.0004551812314524,8.139420008410525,-0.0003125760695166,-5.585105514532188
XNAS.ITCH,500,QUOTE_TRADE_WITH_REST_BASKET,AT_T,FULL,GOOG,0.0145999908447265,21600,7200,14400,1.0,15709.402850622051,1.0909307535154202,0.1,1.235320360799343,0.0,15683.024374283428,1.0890989148807937,0.1,1.233824678622504,0.0,15689.46720273713,1.089546333523412,0.1,1.2338246749601074,0.0,15681.432717613632,1.0889883831676133,0.1,1.2335493756527145,0.0,0.0016791520714983,26.37847633862475,0.0012690264597888,19.93564788492222,0.0005120941979531,8.034485123498598,0.0001014891408577,1.591656669796066
XNAS.ITCH,500,QUOTE_TRADE_WITH_REST_BASKET,AT_T,FULL,KEY,0.000499999821186,21600,7200,14400,1.0,56537.333031169794,3.926203682720125,0.1,4.454182253722041,0.0,56406.33195893851,3.917106386037396,0.1,4.4688141093017615,0.0,56407.026828220056,3.917154640848615,0.1,4.452925331623997,0.0,56421.04262457405,3.9181279600398646,0.1,4.471369945733693,0.0,0.002317072016097,131.00107223128725,0.0023047815658,130.30620294973778,-0.00024847607013,-14.015796353996848,-0.0002607981253994,-14.71066563554632
XNAS.ITCH,500,QUOTE_TRADE_WITH_REST_BASKET,AT_T,FULL,KHC,0.0009999996423721,21600,7200,14400,1.0,10997.122535535573,0.763689064967748,0.1,0.4760155825144793,0.0,10995.56622529499,0.7635809878677076,0.1,0.4761378481597017,0.0,11004.843518288675,0.7642252443256026,0.1,0.4760627991930085,0.0,11002.314530454749,0.7640496201704685,0.1,0.4761849832246278,0.0,0.0001415197689715,1.556310240581297,-0.0007020911814119,-7.720982753106,0.0002298067964098,2.528987833929932,-0.0006137296635286,-6.748305159757365
XNAS.ITCH,500,QUOTE_TRADE_WITH_REST_BASKET,AT_T,FULL,KO,0.0076999998092651,21600,7200,14400,1.0,6914.088505414826,0.4801450350982518,0.1,0.2799452659237791,0.0,6914.811585558826,0.4801952489971406,0.1,0.280376711314848,0.0,6908.8017902338825,0.4797779020995751,0.1,0.2798698880067711,0.0,6914.363857534203,0.4801641567732085,0.1,0.2803097409961704,0.0,-0.0001045806896213,-0.7230801440000505,0.0007646293762081,5.286715180943247,-0.0008050697456949,-5.56206730032045,6.474912860354731e-05,0.4477280246228474
XNAS.ITCH,500,QUOTE_TRADE_WITH_REST_BASKET,AT_T,FULL,LLY,0.0089999961853027,21600,7200,14400,1.0,16345.057013220005,1.1350734036958334,1.0,0.6582676674357983,0.0,16337.61393843055,1.1345565235021215,1.0,0.658985893929341,0.0,16335.723748098852,1.1344252602846423,1.0,0.6585660620261131,0.0,16333.952492316204,1.1343022564108474,1.0,0.6592049505151311,0.0,0.0004553716015449,7.443074789453021,0.0005710145344615,9.333265121151271,0.0001084283628911,1.77125578264895,0.00022411143562,3.6614461143472
XNAS.ITCH,500,QUOTE_TRADE_WITH_REST_BASKET,AT_T,FULL,MMC,0.0025999999046325,21600,7200,14400,1.0,6693.151777539376,0.4648022067735677,0.1,0.5082285434320347,0.0,6700.775478457656,0.4653316304484483,1.0,0.5082829255038697,0.0,6698.063530422217,0.4651433007237651,1.0,0.5084448155990829,0.0,6698.4328526774825,0.4651689481026029,1.0,0.5086012655864152,0.0,-0.0011390300372184,-7.62370091827961,-0.0007338475274569,-4.911752882841029,-5.513866113515675e-05,-0.3693222552656152,0.0003496051744613,2.342625780172966
XNAS.ITCH,500,QUOTE_TRADE_WITH_REST_BASKET,AT_T,FULL,MNST,0.0011999994516372,21600,7200,14400,1.0,10852.49823377431,0.7536457106787715,0.1,0.8558334791827618,0.0,10844.347263791497,0.7530796710966315,0.1,0.8552841791989934,0.0,10847.992741573837,0.7533328292759609,0.1,0.8553742720900591,0.0,10847.385856280524,0.7532906844639253,0.1,0.8551577770178654,0.0,0.0007510685380669,8.150969982814786,0.0004151571466237,4.505492200472872,5.594447818768611e-05,0.6068852933112794,-0.000280200588852,-3.038592489030634
XNAS.ITCH,500,QUOTE_TRADE_WITH_REST_BASKET,AT_T,FULL,MRK,0.0087999963760375,21600,7200,14400,1.0,10619.219639668185,0.7374458083102905,0.1,0.7304842455419431,0.0,10649.015693567464,0.7395149787199627,1.0,0.7307549491077514,0.0,10646.741155386044,0.7393570246795864,1.0,0.7305379094049339,0.0,10648.692540534024,0.7394925375370849,1.0,0.7307524840526443,0.0,-0.0028058609681616,-29.796053899281105,-0.0025916702593713,-27.521515717860893,-0.0001832847365685,-1.9513851479787263,3.034581249017343e-05,0.3231530334414856
XNAS.ITCH,500,QUOTE_TRADE_WITH_REST_BASKET,AT_T,FULL,NDSN,0.0003999999165534,21600,7200,14400,1.0,6967.786595458854,0.4838740691290871,10.0,0.4682781621540133,6.200396825396825e-06,6963.849238574169,0.4836006415676506,10.0,0.4681055368598643,4.756468797564688e-06,6963.953626864244,0.4836078907544614,10.0,0.4681268838658908,5.4253472222222224e-06,6960.882972435578,0.4833946508635818,10.0,0.4679969915457933,4.2866941015089165e-06,0.0005650800050694,3.93735688468496,0.000550098448352,3.832968594610065,0.0004409355077868,3.0706544286658755,0.00042595209014,2.966266138590981
XNAS.ITCH,500,QUOTE_TRADE_WITH_REST_BASKET,AT_T,FULL,NWSA,0.0001999999582767,21600,7200,14400,1.0,15561.74745432699,1.080676906550485,0.01,1.289781546976555,5.952380952380952e-05,15439.988771150473,1.072221442441005,0.01,1.2805188176501352,4.5662100456621006e-05,15428.266234072476,1.071407377366144,0.01,1.281820014925804,5.208333333333334e-05,15437.24986569509,1.0720312406732702,0.01,1.2807991689751028,4.11522633744856e-05,0.0078242294789754,121.75868317651656,0.0085775212999872,133.48122025451266,-0.0005822839382154,-8.983631622613757,0.0001773903787093,2.738905455382337
XNAS.ITCH,500,QUOTE_TRADE_WITH_REST_BASKET,AT_T,FULL,PG,0.0111999988555908,21600,7200,14400,1.0,6463.97603227127,0.4488872244632826,1.0,0.3995563631255018,0.0,6465.969939346047,0.4490256902323644,1.0,0.3994428044501292,0.0,6462.696980588476,0.4487984014297552,1.0,0.3994249641090255,0.0,6465.0168049710655,0.4489595003452128,1.0,0.3993672623225596,0.0,-0.0003084644907132,-1.993907074776871,0.0001978738281839,1.2790516827944884,-0.0003589560812704,-2.3198243825900136,0.00014740779557,0.953134374981346
XNAS.ITCH,500,QUOTE_TRADE_WITH_REST_BASKET,AT_T,FULL,RSG,0.0007999998331069,21600,7200,14400,1.0,6449.259016061591,0.4478652094487216,0.1,0.4745822244485596,0.0,6450.100010487925,0.4479236118394392,0.1,0.4749105918739807,0.0,6448.789644949617,0.4478326142326123,0.1,0.4744769346238681,0.0,6452.844012387306,0.4481141675268962,0.1,0.4747139867692045,0.0,-0.0001304017134742,-0.8409944263339639,7.277907598457478e-05,0.4693711119743966,-0.0006287020760344,-4.054367437689507,-0.0004254200547153,-2.7440018993811464
XNAS.ITCH,500,QUOTE_TRADE_WITH_REST_BASKET,AT_T,FULL,TJX,0.0028999996185302,21600,7200,14400,1.0,7451.982366783186,0.5174987754710546,0.1,0.6499056796545488,0.0,7410.660066262342,0.5146291712682182,0.1,0.6490058284480209,0.0,7418.140164252118,0.5151486225175081,0.1,0.6495557039882492,0.0,7412.887474368546,0.5147838523867045,0.1,0.649627074933907,0.0,0.0055451420155039,41.32230052084378,0.0045413691103078,33.842202531068324,0.0007080871710789,5.252689883572202,-0.0003005681121905,-2.2274081062032565
XNAS.ITCH,500,QUOTE_TRADE_WITH_REST_BASKET,AT_T,FULL,V,0.0105999946594238,21600,7200,14400,1.0,7644.496183052963,0.530867790489789,0.1,0.4545294971813739,0.0,7581.989869038581,0.5265270742387903,0.01,0.4497084771407804,0.0,7581.098649280722,0.5264651839778279,0.01,0.4485836106960159,0.0,7589.512353410328,0.5270494689868284,0.1,0.4490830829213908,0.0,0.0081766427136102,62.50631401438204,0.0082932259045123,63.39753377224042,-0.0011098264933413,-8.413704129605321,-0.0009921517308359,-7.522484371746941
XNAS.ITCH,500,QUOTE_TRADE_WITH_REST_BASKET,AT_T,FULL,WST,0.000499999821186,21600,7200,14400,1.0,21973.08209915499,1.5259084791079855,0.1,1.6560116697536766,5.208333333333334e-05,21967.68163392319,1.5255334468002213,0.1,1.6569297268269605,3.995433789954338e-05,21961.389788116347,1.5250965130636351,0.1,1.6535984181378711,4.557291666666667e-05,21973.117801493645,1.5259109584370587,0.1,1.6566353406766692,3.60082304526749e-05,0.0002457764098561,5.400465231803537,0.0005321197538826,11.69231103864513,-0.0005340287427366,-11.72801337729834,-0.0002474620518015,-5.436167570456746
XNAS.ITCH,500,QUOTE_TRADE_WITH_REST_BASKET,AT_T,FULL,XYL,0.0005999997258186,21600,7200,14400,1.0,14510.026879913958,1.0076407555495803,1.0,0.6610367750267836,0.0,14433.586145017563,1.002332371181775,1.0,0.658949222624144,0.0,14442.300327348286,1.00293752273252,1.0,0.6584885292149233,0.0,14415.713755972907,1.0010912330536743,1.0,0.6582970892002341,0.0,0.0052681318600593,76.44073489639231,0.0046675690628406,67.72655256567123,0.0018408820459876,26.58657137537739,0.0012382500693236,17.872389044656302
XNAS.ITCH,500,QUOTE_TRADE_WITH_REST_BASKET,AT_T_MINUS_1S,ES_VALID,AAPL,0.0604999923706054,21600,7200,14400,1.0,9897.317506415344,0.6873137157232878,1.0,0.7316314508467632,0.0,9884.682622215609,0.6864362932094171,1.0,0.7316794782345024,0.0,9899.94953186944,0.687496495268711,1.0,0.7319088190762864,0.0,9887.06779559389,0.6866019302495757,1.0,0.7319990126625143,0.0,0.0012765968346015,12.634884199736916,-0.0002659332139631,-2.632025454095128,0.0013011921155841,12.881736275548974,-0.0002412999455261,-2.38517337828307
XNAS.ITCH,500,QUOTE_TRADE_WITH_REST_BASKET,AT_T_MINUS_1S,ES_VALID,ABBV,0.0088999986648559,21600,7200,14400,1.0,9607.90170230814,0.6672153959936208,0.1,0.6087328201380853,0.0,9608.587558033592,0.6672630248634439,0.1,0.6092748537951669,0.0,9609.147754833317,0.6673019274189803,0.1,0.6095028644975478,0.0,9631.131767959145,0.6688285949971629,1.0,0.6097428227278846,0.0,-7.138454854183074e-05,-0.6858557254527113,-0.000129690390658,-1.2460525251772196,-0.0022878213226318,-21.984013125827914,-0.0023462563867364,-22.544209925552423
XNAS.ITCH,500,QUOTE_TRADE_WITH_REST_BASKET,AT_T_MINUS_1S,ES_VALID,BDX,0.0021999990940093,21600,7200,14400,1.0,8030.589539275157,0.5576798291163304,1.0,0.798919885195741,0.0,8023.06714996088,0.5571574409695056,1.0,0.79933114186301,0.0,8028.195765303986,0.5575135948127768,1.0,0.7994014563320989,0.0,8047.36038309642,0.5588444710483625,10.0,0.7996029682432585,0.0,0.0009367169468054,7.522389314277461,0.0002980819726202,2.3937739711709582,-0.0023871637355006,-19.164617792434,-0.0030279234464165,-24.293233135540504
XNAS.ITCH,500,QUOTE_TRADE_WITH_REST_BASKET,AT_T_MINUS_1S,ES_VALID,CMI,0.0010999995470047,21600,7200,14400,1.0,10734.456529906602,0.7454483701324028,0.1,0.6944920344955451,0.0,10685.701255027274,0.7420625871546718,0.01,0.6873536336753678,0.0,10690.67423774898,0.7424079331770125,0.1,0.6931740572693224,0.0,10665.197529429412,0.740638717321487,0.1,0.688241520409805,0.0,0.0045419416198196,48.75527487932777,0.0040786687277221,43.78229215762258,0.0023830777884529,25.47670831956566,0.0019188001899467,20.503725597860463
XNAS.ITCH,500,QUOTE_TRADE_WITH_REST_BASKET,AT_T_MINUS_1S,ES_VALID,CVS,0.0037999987602233,21600,7200,14400,1.0,11284.445341065182,0.783642037573971,0.1,0.8664110753427503,0.0,11266.597696017156,0.7824026177789692,0.1,0.866091337955947,0.0,11282.543205414644,0.7835099448204614,0.1,0.8672833053639956,0.0,11269.398130031515,0.7825970923632998,0.1,0.8671319425484278,0.0,0.0015816147367984,17.847645048024788,0.0001685626181037,1.9021356505381848,0.0011650808814823,13.145075383126825,-0.000248560753647,-2.80043401435978
XNAS.ITCH,500,QUOTE_TRADE_WITH_REST_BASKET,AT_T_MINUS_1S,ES_VALID,DLTR,0.0008999997377395,21600,7200,14400,1.0,14329.061587818436,0.9950737213762804,1.0,0.6121142101207128,0.0,14282.161012032186,0.9918167369466796,1.0,0.6099573322892515,0.0,14318.845254587415,0.9943642537907929,1.0,0.6115317278516377,0.0,14277.634286486482,0.9915023810060056,1.0,0.6098899324482314,0.0,0.003273108674899,46.90057578625056,0.0007129799232424,10.216333231019236,0.0028780929864251,41.21096810093513,0.000316949622812,4.526725545703812
XNAS.ITCH,500,QUOTE_TRADE_WITH_REST_BASKET,AT_T_MINUS_1S,ES_VALID,EBAY,0.0006999999284744,21600,7200,14400,1.0,17955.74678853475,1.2469268603149133,0.1,1.1401993663630876,0.0,17867.988176990344,1.2408325122909962,0.1,1.1317531612734513,0.0,17944.380695879347,1.2461375483249546,0.1,1.1390736352914463,0.0,17864.69670666483,1.2406039379628353,0.1,1.131399117755575,0.0,0.0048874943814891,87.75861154440645,0.0006330058442716,11.366092655403918,0.0044406096016909,79.68398921451808,0.0001842104602326,3.2914703255155477
XNAS.ITCH,500,QUOTE_TRADE_WITH_REST_BASKET,AT_T_MINUS_1S,ES_VALID,GOOG,0.0145999908447265,21600,7200,14400,1.0,15709.402850622051,1.0909307535154202,0.1,1.235320360799343,0.0,15683.024374283428,1.0890989148807937,0.1,1.233824678622504,0.0,15719.62150258472,1.0916403821239389,0.1,1.234552302292539,0.0,15691.39529886633,1.0896802290879395,0.1,1.233203583115487,0.0,0.0016791520714983,26.37847633862475,-0.0006504799743078,-10.218651962666629,0.001795603266513,28.226203718390025,-0.0005337570345569,-8.370924582901353
XNAS.ITCH,500,QUOTE_TRADE_WITH_REST_BASKET,AT_T_MINUS_1S,ES_VALID,KEY,0.000499999821186,21600,7200,14400,1.0,56537.333031169794,3.926203682720125,0.1,4.454182253722041,0.0,56406.33195893851,3.917106386037396,0.1,4.4688141093017615,0.0,56516.6964618974,3.924770587631764,0.1,4.455222889999561,0.0,56410.430042515705,3.9173909751747016,0.1,4.472458957732059,0.0,0.002317072016097,131.00107223128725,0.0003650078305076,20.63656927239208,0.0018802659397004,106.26641938169632,-7.26528996812803e-05,-4.0980835771988495
XNAS.ITCH,500,QUOTE_TRADE_WITH_REST_BASKET,AT_T_MINUS_1S,ES_VALID,KHC,0.0009999996423721,21600,7200,14400,1.0,10997.122535535573,0.763689064967748,0.1,0.4760155825144793,0.0,10995.56622529499,0.7635809878677076,0.1,0.4761378481597017,0.0,10993.30779030296,0.7634241521043723,0.1,0.4755978306475515,0.0,10994.45928268572,0.7635041168531749,0.1,0.4760259383227885,0.0,0.0001415197689715,1.556310240581297,0.0003468857621876,3.814745232610221,-0.0001047448506603,-1.1514923827580787,0.0001006717240922,1.1069426092708454
XNAS.ITCH,500,QUOTE_TRADE_WITH_REST_BASKET,AT_T_MINUS_1S,ES_VALID,KO,0.0076999998092651,21600,7200,14400,1.0,6914.088505414826,0.4801450350982518,0.1,0.2799452659237791,0.0,6914.811585558826,0.4801952489971406,0.1,0.280376711314848,0.0,6912.71605001332,0.4800497256953694,0.1,0.2801241845984129,0.0,6913.96953663699,0.4801367733775687,0.1,0.2805690575565326,0.0,-0.0001045806896213,-0.7230801440000505,0.0001985012775627,1.3724554015061583,-0.0001813305529405,-1.253486623670142,0.0001217746733106,0.8420489218360672
XNAS.ITCH,500,QUOTE_TRADE_WITH_REST_BASKET,AT_T_MINUS_1S,ES_VALID,LLY,0.0089999961853027,21600,7200,14400,1.0,16345.057013220005,1.1350734036958334,1.0,0.6582676674357983,0.0,16337.61393843055,1.1345565235021215,1.0,0.658985893929341,0.0,16345.265837152834,1.1350879053578358,1.0,0.6583034430153547,0.0,16338.394969033538,1.13461076173844,1.0,0.6590167535904905,0.0,0.0004553716015449,7.443074789453021,-1.277596845716822e-05,-0.2088239328313648,0.000420358297488,6.870868119296574,-4.780567137463443e-05,-0.781030602987812
XNAS.ITCH,500,QUOTE_TRADE_WITH_REST_BASKET,AT_T_MINUS_1S,ES_VALID,MMC,0.0025999999046325,21600,7200,14400,1.0,6693.151777539376,0.4648022067735677,0.1,0.5082285434320347,0.0,6700.775478457656,0.4653316304484483,1.0,0.5082829255038697,0.0,6696.120706744168,0.4650083824127894,0.1,0.5078489265522146,0.0,6700.370314024174,0.4653034940294565,1.0,0.5081574037755209,0.0,-0.0011390300372184,-7.62370091827961,-0.0004435771522102,-2.9689292047924027,-0.0006346371975829,-4.249607280005876,6.046530506564896e-05,0.4051644334813318
XNAS.ITCH,500,QUOTE_TRADE_WITH_REST_BASKET,AT_T_MINUS_1S,ES_VALID,MNST,0.0011999994516372,21600,7200,14400,1.0,10852.49823377431,0.7536457106787715,0.1,0.8558334791827618,0.0,10844.347263791497,0.7530796710966315,0.1,0.8552841791989934,0.0,10852.54224497045,0.7536487670118368,0.1,0.8557843695365556,0.0,10842.070623211072,0.7529215710563245,0.1,0.8553253704995433,0.0,0.0007510685380669,8.150969982814786,-4.055397678115469e-06,-0.0440111961397633,0.0009649003452835,10.47162175937592,0.0002099380004201,2.276640580421372
XNAS.ITCH,500,QUOTE_TRADE_WITH_REST_BASKET,AT_T_MINUS_1S,ES_VALID,MRK,0.0087999963760375,21600,7200,14400,1.0,10619.219639668185,0.7374458083102905,0.1,0.7304842455419431,0.0,10649.015693567464,0.7395149787199627,1.0,0.7307549491077514,0.0,10647.31434779292,0.7393968297078416,1.0,0.7306132029709147,0.0,10648.843736756146,0.7395030372747323,1.0,0.7308108982718985,0.0,-0.0028058609681616,-29.796053899281105,-0.0026456471452749,-28.09470812473592,-0.0001436408199542,-1.5293889632266655,1.6147671885069492e-05,0.1719568113185232
XNAS.ITCH,500,QUOTE_TRADE_WITH_REST_BASKET,AT_T_MINUS_1S,ES_VALID,NDSN,0.0003999999165534,21600,7200,14400,1.0,6967.786595458854,0.4838740691290871,10.0,0.4682781621540133,6.200396825396825e-06,6963.849238574169,0.4836006415676506,10.0,0.4681055368598643,4.756468797564688e-06,6965.692101098634,0.4837286181318496,10.0,0.4682327633020768,5.4253472222222224e-06,6962.162352174465,0.4834834966787822,10.0,0.468080064420111,4.2866941015089165e-06,0.0005650800050694,3.93735688468496,0.0003005968009388,2.094494360219869,0.0005067334118331,3.5297489241693256,0.0002422347672835,1.6868863997042354
XNAS.ITCH,500,QUOTE_TRADE_WITH_REST_BASKET,AT_T_MINUS_1S,ES_VALID,NWSA,0.0001999999582767,21600,7200,14400,1.0,15561.74745432699,1.080676906550485,0.01,1.289781546976555,5.952380952380952e-05,15439.988771150473,1.072221442441005,0.01,1.2805188176501352,4.5662100456621006e-05,15527.057346187474,1.078267871263019,0.01,1.2888374426527207,5.208333333333334e-05,15430.185692323224,1.0715406730780015,0.01,1.2808986140181895,4.11522633744856e-05,0.0078242294789754,121.75868317651656,0.0022291910494839,34.69010813951536,0.0062388932883047,96.87165386425112,0.000634914893563,9.80307882724992
XNAS.ITCH,500,QUOTE_TRADE_WITH_REST_BASKET,AT_T_MINUS_1S,ES_VALID,PG,0.0111999988555908,21600,7200,14400,1.0,6463.97603227127,0.4488872244632826,1.0,0.3995563631255018,0.0,6465.969939346047,0.4490256902323644,1.0,0.3994428044501292,0.0,6464.029707969349,0.4488909519423159,1.0,0.3997224266410858,0.0,6465.999965244653,0.449027775364212,1.0,0.399609995641927,0.0,-0.0003084644907132,-1.993907074776871,-8.303820715260812e-06,-0.0536756980791324,-0.0003048032518901,-1.970257275303993,-4.6436805132277215e-06,-0.0300258986062544
XNAS.ITCH,500,QUOTE_TRADE_WITH_REST_BASKET,AT_T_MINUS_1S,ES_VALID,RSG,0.0007999998331069,21600,7200,14400,1.0,6449.259016061591,0.4478652094487216,0.1,0.4745822244485596,0.0,6450.100010487925,0.4479236118394392,0.1,0.4749105918739807,0.0,6451.122853234837,0.4479946425857525,0.1,0.4754143297639113,0.0,6452.378338465787,0.4480818290601241,0.1,0.4756659047204559,0.0,-0.0001304017134742,-0.8409944263339639,-0.0002890002043032,-1.863837173245884,-0.000194614993314,-1.2554852309503983,-0.0003532236669443,-2.278327977862318
XNAS.ITCH,500,QUOTE_TRADE_WITH_REST_BASKET,AT_T_MINUS_1S,ES_VALID,TJX,0.0028999996185302,21600,7200,14400,1.0,7451.982366783186,0.5174987754710546,0.1,0.6499056796545488,0.0,7410.660066262342,0.5146291712682182,0.1,0.6490058284480209,0.0,7453.801176553852,0.5176250817051287,0.1,0.6499783121977258,0.0,7412.942462221597,0.5147876709876109,0.1,0.6490996407807347,0.0,0.0055451420155039,41.32230052084378,-0.0002440705950639,-1.818809770666121,0.0054815943388424,40.85871433225475,-0.0003079882141194,-2.2823959592551546
XNAS.ITCH,500,QUOTE_TRADE_WITH_REST_BASKET,AT_T_MINUS_1S,ES_VALID,V,0.0105999946594238,21600,7200,14400,1.0,7644.496183052963,0.530867790489789,0.1,0.4545294971813739,0.0,7581.989869038581,0.5265270742387903,0.01,0.4497084771407804,0.0,7629.121337487437,0.529800092881072,0.1,0.4541758360598841,0.0,7577.2181212920095,0.5261957028675006,0.01,0.4495936840690105,0.0,0.0081766427136102,62.50631401438204,0.0020112307204247,15.374845565525902,0.0068033019661634,51.903216195427376,0.000629352957336,4.771747746571236
XNAS.ITCH,500,QUOTE_TRADE_WITH_REST_BASKET,AT_T_MINUS_1S,ES_VALID,WST,0.000499999821186,21600,7200,14400,1.0,21973.08209915499,1.5259084791079855,0.1,1.6560116697536766,5.208333333333334e-05,21967.68163392319,1.5255334468002213,0.1,1.6569297268269605,3.995433789954338e-05,21951.80127364951,1.5244306440034383,0.1,1.6538635658978549,4.557291666666667e-05,21957.245630333036,1.5248087243286828,0.1,1.6570400781911585,3.60082304526749e-05,0.0002457764098561,5.400465231803537,0.0009684952438374,21.280825505480607,-0.0002480141203746,-5.444356683521619,0.0004750616730552,10.436003590155453
XNAS.ITCH,500,QUOTE_TRADE_WITH_REST_BASKET,AT_T_MINUS_1S,ES_VALID,XYL,0.0005999997258186,21600,7200,14400,1.0,14510.026879913958,1.0076407555495803,1.0,0.6610367750267836,0.0,14433.586145017563,1.002332371181775,1.0,0.658949222624144,0.0,14475.379152036134,1.0052346633358429,1.0,0.6607190663733327,0.0,14417.257068389968,1.001198407527081,1.0,0.6590628056097726,0.0,0.0052681318600593,76.44073489639231,0.0023878472565606,34.647727877823854,0.0040152373927968,58.12208364616709,0.0011313249849023,16.329076627598624
XNAS.ITCH,500,QUOTE_TRADE_WITH_REST_BASKET,AT_T_MINUS_1S,FULL,AAPL,0.0604999923706054,21600,7200,14400,1.0,9897.317506415344,0.6873137157232878,1.0,0.7316314508467632,0.0,9884.682622215609,0.6864362932094171,1.0,0.7316794782345024,0.0,9899.94953186944,0.687496495268711,1.0,0.7319088190762864,0.0,9887.06779559389,0.6866019302495757,1.0,0.7319990126625143,0.0,0.0012765968346015,12.634884199736916,-0.0002659332139631,-2.632025454095128,0.0013011921155841,12.881736275548974,-0.0002412999455261,-2.38517337828307
XNAS.ITCH,500,QUOTE_TRADE_WITH_REST_BASKET,AT_T_MINUS_1S,FULL,ABBV,0.0088999986648559,21600,7200,14400,1.0,9607.90170230814,0.6672153959936208,0.1,0.6087328201380853,0.0,9608.587558033592,0.6672630248634439,0.1,0.6092748537951669,0.0,9609.147754833317,0.6673019274189803,0.1,0.6095028644975478,0.0,9631.131767959145,0.6688285949971629,1.0,0.6097428227278846,0.0,-7.138454854183074e-05,-0.6858557254527113,-0.000129690390658,-1.2460525251772196,-0.0022878213226318,-21.984013125827914,-0.0023462563867364,-22.544209925552423
XNAS.ITCH,500,QUOTE_TRADE_WITH_REST_BASKET,AT_T_MINUS_1S,FULL,BDX,0.0021999990940093,21600,7200,14400,1.0,8030.589539275157,0.5576798291163304,1.0,0.798919885195741,0.0,8023.06714996088,0.5571574409695056,1.0,0.79933114186301,0.0,8028.195765303986,0.5575135948127768,1.0,0.7994014563320989,0.0,8047.36038309642,0.5588444710483625,10.0,0.7996029682432585,0.0,0.0009367169468054,7.522389314277461,0.0002980819726202,2.3937739711709582,-0.0023871637355006,-19.164617792434,-0.0030279234464165,-24.293233135540504
XNAS.ITCH,500,QUOTE_TRADE_WITH_REST_BASKET,AT_T_MINUS_1S,FULL,CMI,0.0010999995470047,21600,7200,14400,1.0,10734.456529906602,0.7454483701324028,0.1,0.6944920344955451,0.0,10685.701255027274,0.7420625871546718,0.01,0.6873536336753678,0.0,10690.67423774898,0.7424079331770125,0.1,0.6931740572693224,0.0,10665.197529429412,0.740638717321487,0.1,0.688241520409805,0.0,0.0045419416198196,48.75527487932777,0.0040786687277221,43.78229215762258,0.0023830777884529,25.47670831956566,0.0019188001899467,20.503725597860463
XNAS.ITCH,500,QUOTE_TRADE_WITH_REST_BASKET,AT_T_MINUS_1S,FULL,CVS,0.0037999987602233,21600,7200,14400,1.0,11284.445341065182,0.783642037573971,0.1,0.8664110753427503,0.0,11266.597696017156,0.7824026177789692,0.1,0.866091337955947,0.0,11282.543205414644,0.7835099448204614,0.1,0.8672833053639956,0.0,11269.398130031515,0.7825970923632998,0.1,0.8671319425484278,0.0,0.0015816147367984,17.847645048024788,0.0001685626181037,1.9021356505381848,0.0011650808814823,13.145075383126825,-0.000248560753647,-2.80043401435978
XNAS.ITCH,500,QUOTE_TRADE_WITH_REST_BASKET,AT_T_MINUS_1S,FULL,DLTR,0.0008999997377395,21600,7200,14400,1.0,14329.061587818436,0.9950737213762804,1.0,0.6121142101207128,0.0,14282.161012032186,0.9918167369466796,1.0,0.6099573322892515,0.0,14318.845254587415,0.9943642537907929,1.0,0.6115317278516377,0.0,14277.634286486482,0.9915023810060056,1.0,0.6098899324482314,0.0,0.003273108674899,46.90057578625056,0.0007129799232424,10.216333231019236,0.0028780929864251,41.21096810093513,0.000316949622812,4.526725545703812
XNAS.ITCH,500,QUOTE_TRADE_WITH_REST_BASKET,AT_T_MINUS_1S,FULL,EBAY,0.0006999999284744,21600,7200,14400,1.0,17955.74678853475,1.2469268603149133,0.1,1.1401993663630876,0.0,17867.988176990344,1.2408325122909962,0.1,1.1317531612734513,0.0,17944.380695879347,1.2461375483249546,0.1,1.1390736352914463,0.0,17864.69670666483,1.2406039379628353,0.1,1.131399117755575,0.0,0.0048874943814891,87.75861154440645,0.0006330058442716,11.366092655403918,0.0044406096016909,79.68398921451808,0.0001842104602326,3.2914703255155477
XNAS.ITCH,500,QUOTE_TRADE_WITH_REST_BASKET,AT_T_MINUS_1S,FULL,GOOG,0.0145999908447265,21600,7200,14400,1.0,15709.402850622051,1.0909307535154202,0.1,1.235320360799343,0.0,15683.024374283428,1.0890989148807937,0.1,1.233824678622504,0.0,15719.62150258472,1.0916403821239389,0.1,1.234552302292539,0.0,15691.39529886633,1.0896802290879395,0.1,1.233203583115487,0.0,0.0016791520714983,26.37847633862475,-0.0006504799743078,-10.218651962666629,0.001795603266513,28.226203718390025,-0.0005337570345569,-8.370924582901353
XNAS.ITCH,500,QUOTE_TRADE_WITH_REST_BASKET,AT_T_MINUS_1S,FULL,KEY,0.000499999821186,21600,7200,14400,1.0,56537.333031169794,3.926203682720125,0.1,4.454182253722041,0.0,56406.33195893851,3.917106386037396,0.1,4.4688141093017615,0.0,56516.6964618974,3.924770587631764,0.1,4.455222889999561,0.0,56410.430042515705,3.9173909751747016,0.1,4.472458957732059,0.0,0.002317072016097,131.00107223128725,0.0003650078305076,20.63656927239208,0.0018802659397004,106.26641938169632,-7.26528996812803e-05,-4.0980835771988495
XNAS.ITCH,500,QUOTE_TRADE_WITH_REST_BASKET,AT_T_MINUS_1S,FULL,KHC,0.0009999996423721,21600,7200,14400,1.0,10997.122535535573,0.763689064967748,0.1,0.4760155825144793,0.0,10995.56622529499,0.7635809878677076,0.1,0.4761378481597017,0.0,10993.30779030296,0.7634241521043723,0.1,0.4755978306475515,0.0,10994.45928268572,0.7635041168531749,0.1,0.4760259383227885,0.0,0.0001415197689715,1.556310240581297,0.0003468857621876,3.814745232610221,-0.0001047448506603,-1.1514923827580787,0.0001006717240922,1.1069426092708454
XNAS.ITCH,500,QUOTE_TRADE_WITH_REST_BASKET,AT_T_MINUS_1S,FULL,KO,0.0076999998092651,21600,7200,14400,1.0,6914.088505414826,0.4801450350982518,0.1,0.2799452659237791,0.0,6914.811585558826,0.4801952489971406,0.1,0.280376711314848,0.0,6912.71605001332,0.4800497256953694,0.1,0.2801241845984129,0.0,6913.96953663699,0.4801367733775687,0.1,0.2805690575565326,0.0,-0.0001045806896213,-0.7230801440000505,0.0001985012775627,1.3724554015061583,-0.0001813305529405,-1.253486623670142,0.0001217746733106,0.8420489218360672
XNAS.ITCH,500,QUOTE_TRADE_WITH_REST_BASKET,AT_T_MINUS_1S,FULL,LLY,0.0089999961853027,21600,7200,14400,1.0,16345.057013220005,1.1350734036958334,1.0,0.6582676674357983,0.0,16337.61393843055,1.1345565235021215,1.0,0.658985893929341,0.0,16345.265837152834,1.1350879053578358,1.0,0.6583034430153547,0.0,16338.394969033538,1.13461076173844,1.0,0.6590167535904905,0.0,0.0004553716015449,7.443074789453021,-1.277596845716822e-05,-0.2088239328313648,0.000420358297488,6.870868119296574,-4.780567137463443e-05,-0.781030602987812
XNAS.ITCH,500,QUOTE_TRADE_WITH_REST_BASKET,AT_T_MINUS_1S,FULL,MMC,0.0025999999046325,21600,7200,14400,1.0,6693.151777539376,0.4648022067735677,0.1,0.5082285434320347,0.0,6700.775478457656,0.4653316304484483,1.0,0.5082829255038697,0.0,6696.120706744168,0.4650083824127894,0.1,0.5078489265522146,0.0,6700.370314024174,0.4653034940294565,1.0,0.5081574037755209,0.0,-0.0011390300372184,-7.62370091827961,-0.0004435771522102,-2.9689292047924027,-0.0006346371975829,-4.249607280005876,6.046530506564896e-05,0.4051644334813318
XNAS.ITCH,500,QUOTE_TRADE_WITH_REST_BASKET,AT_T_MINUS_1S,FULL,MNST,0.0011999994516372,21600,7200,14400,1.0,10852.49823377431,0.7536457106787715,0.1,0.8558334791827618,0.0,10844.347263791497,0.7530796710966315,0.1,0.8552841791989934,0.0,10852.54224497045,0.7536487670118368,0.1,0.8557843695365556,0.0,10842.070623211072,0.7529215710563245,0.1,0.8553253704995433,0.0,0.0007510685380669,8.150969982814786,-4.055397678115469e-06,-0.0440111961397633,0.0009649003452835,10.47162175937592,0.0002099380004201,2.276640580421372
XNAS.ITCH,500,QUOTE_TRADE_WITH_REST_BASKET,AT_T_MINUS_1S,FULL,MRK,0.0087999963760375,21600,7200,14400,1.0,10619.219639668185,0.7374458083102905,0.1,0.7304842455419431,0.0,10649.015693567464,0.7395149787199627,1.0,0.7307549491077514,0.0,10647.31434779292,0.7393968297078416,1.0,0.7306132029709147,0.0,10648.843736756146,0.7395030372747323,1.0,0.7308108982718985,0.0,-0.0028058609681616,-29.796053899281105,-0.0026456471452749,-28.09470812473592,-0.0001436408199542,-1.5293889632266655,1.6147671885069492e-05,0.1719568113185232
XNAS.ITCH,500,QUOTE_TRADE_WITH_REST_BASKET,AT_T_MINUS_1S,FULL,NDSN,0.0003999999165534,21600,7200,14400,1.0,6967.786595458854,0.4838740691290871,10.0,0.4682781621540133,6.200396825396825e-06,6963.849238574169,0.4836006415676506,10.0,0.4681055368598643,4.756468797564688e-06,6965.692101098634,0.4837286181318496,10.0,0.4682327633020768,5.4253472222222224e-06,6962.162352174465,0.4834834966787822,10.0,0.468080064420111,4.2866941015089165e-06,0.0005650800050694,3.93735688468496,0.0003005968009388,2.094494360219869,0.0005067334118331,3.5297489241693256,0.0002422347672835,1.6868863997042354
XNAS.ITCH,500,QUOTE_TRADE_WITH_REST_BASKET,AT_T_MINUS_1S,FULL,NWSA,0.0001999999582767,21600,7200,14400,1.0,15561.74745432699,1.080676906550485,0.01,1.289781546976555,5.952380952380952e-05,15439.988771150473,1.072221442441005,0.01,1.2805188176501352,4.5662100456621006e-05,15527.057346187474,1.078267871263019,0.01,1.2888374426527207,5.208333333333334e-05,15430.185692323224,1.0715406730780015,0.01,1.2808986140181895,4.11522633744856e-05,0.0078242294789754,121.75868317651656,0.0022291910494839,34.69010813951536,0.0062388932883047,96.87165386425112,0.000634914893563,9.80307882724992
XNAS.ITCH,500,QUOTE_TRADE_WITH_REST_BASKET,AT_T_MINUS_1S,FULL,PG,0.0111999988555908,21600,7200,14400,1.0,6463.97603227127,0.4488872244632826,1.0,0.3995563631255018,0.0,6465.969939346047,0.4490256902323644,1.0,0.3994428044501292,0.0,6464.029707969349,0.4488909519423159,1.0,0.3997224266410858,0.0,6465.999965244653,0.449027775364212,1.0,0.399609995641927,0.0,-0.0003084644907132,-1.993907074776871,-8.303820715260812e-06,-0.0536756980791324,-0.0003048032518901,-1.970257275303993,-4.6436805132277215e-06,-0.0300258986062544
XNAS.ITCH,500,QUOTE_TRADE_WITH_REST_BASKET,AT_T_MINUS_1S,FULL,RSG,0.0007999998331069,21600,7200,14400,1.0,6449.259016061591,0.4478652094487216,0.1,0.4745822244485596,0.0,6450.100010487925,0.4479236118394392,0.1,0.4749105918739807,0.0,6451.122853234837,0.4479946425857525,0.1,0.4754143297639113,0.0,6452.378338465787,0.4480818290601241,0.1,0.4756659047204559,0.0,-0.0001304017134742,-0.8409944263339639,-0.0002890002043032,-1.863837173245884,-0.000194614993314,-1.2554852309503983,-0.0003532236669443,-2.278327977862318
XNAS.ITCH,500,QUOTE_TRADE_WITH_REST_BASKET,AT_T_MINUS_1S,FULL,TJX,0.0028999996185302,21600,7200,14400,1.0,7451.982366783186,0.5174987754710546,0.1,0.6499056796545488,0.0,7410.660066262342,0.5146291712682182,0.1,0.6490058284480209,0.0,7453.801176553852,0.5176250817051287,0.1,0.6499783121977258,0.0,7412.942462221597,0.5147876709876109,0.1,0.6490996407807347,0.0,0.0055451420155039,41.32230052084378,-0.0002440705950639,-1.818809770666121,0.0054815943388424,40.85871433225475,-0.0003079882141194,-2.2823959592551546
XNAS.ITCH,500,QUOTE_TRADE_WITH_REST_BASKET,AT_T_MINUS_1S,FULL,V,0.0105999946594238,21600,7200,14400,1.0,7644.496183052963,0.530867790489789,0.1,0.4545294971813739,0.0,7581.989869038581,0.5265270742387903,0.01,0.4497084771407804,0.0,7629.121337487437,0.529800092881072,0.1,0.4541758360598841,0.0,7577.2181212920095,0.5261957028675006,0.01,0.4495936840690105,0.0,0.0081766427136102,62.50631401438204,0.0020112307204247,15.374845565525902,0.0068033019661634,51.903216195427376,0.000629352957336,4.771747746571236
XNAS.ITCH,500,QUOTE_TRADE_WITH_REST_BASKET,AT_T_MINUS_1S,FULL,WST,0.000499999821186,21600,7200,14400,1.0,21973.08209915499,1.5259084791079855,0.1,1.6560116697536766,5.208333333333334e-05,21967.68163392319,1.5255334468002213,0.1,1.6569297268269605,3.995433789954338e-05,21951.80127364951,1.5244306440034383,0.1,1.6538635658978549,4.557291666666667e-05,21957.245630333036,1.5248087243286828,0.1,1.6570400781911585,3.60082304526749e-05,0.0002457764098561,5.400465231803537,0.0009684952438374,21.280825505480607,-0.0002480141203746,-5.444356683521619,0.0004750616730552,10.436003590155453
XNAS.ITCH,500,QUOTE_TRADE_WITH_REST_BASKET,AT_T_MINUS_1S,FULL,XYL,0.0005999997258186,21600,7200,14400,1.0,14510.026879913958,1.0076407555495803,1.0,0.6610367750267836,0.0,14433.586145017563,1.002332371181775,1.0,0.658949222624144,0.0,14475.379152036134,1.0052346633358429,1.0,0.6607190663733327,0.0,14417.257068389968,1.001198407527081,1.0,0.6590628056097726,0.0,0.0052681318600593,76.44073489639231,0.0023878472565606,34.647727877823854,0.0040152373927968,58.12208364616709,0.0011313249849023,16.329076627598624
XNAS.ITCH,500,QUOTE_WITH_REST_BASKET,AT_T,ES_VALID,AAPL,0.0604999923706054,21600,7200,14400,1.0,9896.785304762718,0.6872767572751888,1.0,0.7321518817780714,0.0,9884.227490485606,0.6864046868392781,1.0,0.731618556857488,0.0,9886.689144292914,0.6865756350203412,1.0,0.7315562683456519,0.0,9880.50343022315,0.6861460715432743,1.0,0.7313602794996404,0.0,0.0012688781144992,12.557814277111902,0.0010201454471227,10.09616046980409,0.0006256608233033,6.18571406976298,0.0003767679635094,3.724060262455168
XNAS.ITCH,500,QUOTE_WITH_REST_BASKET,AT_T,ES_VALID,ABBV,0.0088999986648559,21600,7200,14400,1.0,9641.677546471888,0.6695609407272145,1.0,0.6100094252175587,0.0,9640.54892344063,0.6694825641278216,1.0,0.6102512062626,0.0,9639.302750109258,0.6693960243131429,1.0,0.6102413321625492,0.0,9639.607197939544,0.6694171665235794,1.0,0.6103859638613038,0.0,0.0001170567077999,1.12862303125803,0.0002463053085092,2.37479636263015,-3.1584009567708904e-05,-0.3044478302854259,9.768380499541872e-05,0.9417255010866938
XNAS.ITCH,500,QUOTE_WITH_REST_BASKET,AT_T,ES_VALID,BDX,0.0021999990940093,21600,7200,14400,1.0,8056.434375610166,0.5594746094173727,10.0,0.7999081077373258,0.0,8052.484133774291,0.5592002870676591,10.0,0.7998146906826542,0.0,8052.8466847701475,0.5592254642201492,10.0,0.7998081621758927,0.0,8049.750441104305,0.55901044729891,10.0,0.7997542785143577,0.0,0.0004903213570303,3.950241835875204,0.0004453199359358,3.587690840018695,0.0003844905766924,3.0962436658428487,0.0003394843907261,2.73369266998634
XNAS.ITCH,500,QUOTE_WITH_REST_BASKET,AT_T,ES_VALID,CMI,0.0010999995470047,21600,7200,14400,1.0,10726.160642064233,0.7448722668100162,1.0,0.6993231773409146,0.0,10631.758614740753,0.7383165704681078,0.01,0.694097229763283,0.0,10638.383146768632,0.7387766074144884,0.01,0.695471129506178,0.0,10631.53256680988,0.7383008726951307,0.01,0.6943981321798365,0.0,0.0088011013888108,94.40202732348008,0.0081834962410844,87.7774952956006,0.0006439493543557,6.850579958751041,2.12615747838818e-05,0.226047930871573
XNAS.ITCH,500,QUOTE_WITH_REST_BASKET,AT_T,ES_VALID,CVS,0.0037999987602233,21600,7200,14400,1.0,11286.116651321066,0.7837581007861851,0.1,0.8654199636200555,0.0,11264.029976679847,0.7822243039361005,0.1,0.8643918969019453,0.0,11257.191266820942,0.7817493935292321,0.1,0.8643522168857187,0.0,11258.142428693727,0.7818154464370645,0.1,0.8644030394992982,0.0,0.0019569773486821,22.08667464121936,0.0025629173783825,28.925384500123982,-8.44937116410982e-05,-0.9511618727865424,0.0005226857526398,5.887547986118079
XNAS.ITCH,500,QUOTE_WITH_REST_BASKET,AT_T,ES_VALID,DLTR,0.0008999997377395,21600,7200,14400,1.0,14337.480411488816,0.9956583619089456,1.0,0.6126791983527408,0.0,14292.693991373464,0.9925481938453794,1.0,0.6105420497777581,0.0,14298.713173443355,0.9929661926002332,1.0,0.6102470959179063,0.0,14281.57120005225,0.9917757777814064,1.0,0.6096196977327387,0.0,0.0031237301694561,44.786420115353394,0.0027039087017266,38.76723804546055,0.0011988472796938,17.14197339110615,0.0007782151725858,11.1227913212133
XNAS.ITCH,500,QUOTE_WITH_REST_BASKET,AT_T,ES_VALID,EBAY,0.0006999999284744,21600,7200,14400,1.0,17947.733639311824,1.2463703916188766,0.1,1.1398596934855234,0.0,17849.69283100404,1.2395620021530582,0.01,1.1303119048581427,0.0,17870.717524046056,1.241022050280976,0.01,1.129903050445951,0.0,17854.401365162495,1.23988898369184,0.01,1.1294182747368309,0.0,0.0054625731737538,98.04080830778548,0.0042911331766745,77.01611526576744,0.0009130108436667,16.316158883561002,-0.0002637879655988,-4.7085341584570415
XNAS.ITCH,500,QUOTE_WITH_REST_BASKET,AT_T,ES_VALID,GOOG,0.0145999908447265,21600,7200,14400,1.0,15694.421723795547,1.089890397485802,0.1,1.2341763042626634,0.0,15671.390861265834,1.0882910320323496,0.1,1.2327732909333715,0.0,15675.168475492495,1.0885533663536455,0.1,1.2327116499738016,0.0,15670.104654225726,1.0882017120990088,0.1,1.232542043952046,0.0,0.0014674553121505,23.0308625297148,0.0012267574200495,19.253248303051805,0.0003230473263932,5.063821266770901,8.207357288791961e-05,1.2862070401079109
XNAS.ITCH,500,QUOTE_WITH_REST_BASKET,AT_T,ES_VALID,KEY,0.000499999821186,21600,7200,14400,1.0,56422.73338898301,3.9182453742349312,0.01,4.456022535097835,0.0,56348.88875142173,3.913117274404287,0.1,4.4656666529375775,0.0,56339.2262348221,3.91244626630709,0.1,4.4546074853751625,0.0,56361.440868229256,3.913988949182587,0.1,4.468087606235006,0.0,0.0013087745510695,73.84463756128389,0.0014800267400235,83.50715416091407,-0.0003943013578953,-22.214633407158544,-0.0002227571312525,-12.552116807528364
XNAS.ITCH,500,QUOTE_WITH_REST_BASKET,AT_T,ES_VALID,KHC,0.0009999996423721,21600,7200,14400,1.0,10992.82863500252,0.7633908774307306,0.1,0.4754795229743924,0.0,10989.78122084697,0.7631792514477063,0.1,0.4753961936963883,0.0,10999.96223764092,0.7638862665028416,0.1,0.4755097845981965,0.0,10996.6017600933,0.7636529000064792,0.1,0.4754181770154906,0.0,0.0002772183808859,3.0474141555514507,-0.0006489323972251,-7.133602638397861,0.0003054990076346,3.3604775476178474,-0.0006206255710889,-6.820539246331464
XNAS.ITCH,500,QUOTE_WITH_REST_BASKET,AT_T,ES_VALID,KO,0.0076999998092651,21600,7200,14400,1.0,6915.793392098032,0.4802634300068077,0.1,0.2794202150229424,0.0,6909.173777834191,0.4798037345718188,0.1,0.2796376377370715,0.0,6910.3454423766525,0.4798851001650453,0.1,0.2793358495155641,0.0,6908.69684217306,0.4797706140397958,0.1,0.279582726284361,0.0,0.0009571735140908,6.619614263840958,0.0007877548406238,5.4479497213797,0.0002385698685166,1.6486002035926504,6.902933353070129e-05,0.4769356611313924
XNAS.ITCH,500,QUOTE_WITH_REST_BASKET,AT_T,ES_VALID,LLY,0.0089999961853027,21600,7200,14400,1.0,16367.49495265162,1.1366315939341405,1.0,0.6597765623490197,0.0,16399.221834488708,1.138834849617271,10.0,0.6598838087157076,0.0,16398.992553458575,1.138818927323512,10.0,0.6598722798830333,0.0,16394.847458026466,1.13853107347406,10.0,0.6598871354032013,0.0,-0.0019384079194078,-31.72688183708669,-0.0019243996040976,-31.49760080695341,0.000252765248755,4.145095432108064,0.0002667429288042,4.374376462241344
XNAS.ITCH,500,QUOTE_WITH_REST_BASKET,AT_T,ES_VALID,MMC,0.0025999999046325,21600,7200,14400,1.0,6720.572211146132,0.4667064035518147,0.1,0.5085928466946786,0.0,6712.129504036475,0.4661201044469774,1.0,0.5085381956356251,0.0,6710.471953291075,0.4660049967563246,1.0,0.5087051911913585,0.0,6709.368813492757,0.4659283898258859,1.0,0.5087904905924485,0.0,0.0012562482545243,8.442707109657022,0.0015028865902676,10.100257855056952,0.0001643907918841,1.1031397983178977,0.0004112987602604,2.7606905437178284
XNAS.ITCH,500,QUOTE_WITH_REST_BASKET,AT_T,ES_VALID,MNST,0.0011999994516372,21600,7200,14400,1.0,10838.240340772763,0.7526555792203309,0.01,0.8542116714436763,0.0,10831.332877258474,0.7521758942540606,0.01,0.8536179034734263,0.0,10835.703872176306,0.752479435567799,0.01,0.853589445514242,0.0,10835.42482084485,0.7524600570031146,0.01,0.8533787583823462,0.0,0.0006373233382088,6.907463514291521,0.000234029558001,2.536468596459599,2.5752949208257547e-05,0.2790513314557756,-0.000377787630825,-4.091943586376146
XNAS.ITCH,500,QUOTE_WITH_REST_BASKET,AT_T,ES_VALID,MRK,0.0087999963760375,21600,7200,14400,1.0,10650.007603184104,0.7395838613322294,1.0,0.7307956189708178,0.0,10650.1415679625,0.7395931644418402,1.0,0.73083313916984,0.0,10649.160305841408,0.7395250212389867,1.0,0.7308137270094012,0.0,10649.78008712859,0.7395680616061522,1.0,0.7308205435827706,0.0,-1.257884345129412e-05,-0.1339647783952386,7.955837913609098e-05,0.847297342696038,-5.820001477885306e-05,-0.6197812871832866,3.3941411163529445e-05,0.36148083390799
XNAS.ITCH,500,QUOTE_WITH_REST_BASKET,AT_T,ES_VALID,NDSN,0.0003999999165534,21600,7200,14400,1.0,6972.866513535465,0.4842268412177406,10.0,0.4684908806410552,1.1973180076628351e-05,6968.703102112324,0.4839377154244669,10.0,0.4682921466450492,9.384384384384384e-06,6968.699759159146,0.4839374832749407,10.0,0.4683261982538634,9.384384384384384e-06,6965.423573430311,0.4837099703771049,10.0,0.4681725542622379,7.71604938271605e-06,0.0005970874983852,4.163411423141042,0.0005975669214706,4.16675437631875,0.0004701286957483,3.2761857288351166,0.0004706081797369,3.279528682012824
XNAS.ITCH,500,QUOTE_WITH_REST_BASKET,AT_T,ES_VALID,NWSA,0.0001999999582767,21600,7200,14400,1.0,15545.031333794235,1.0795160648468218,0.01,1.2919583159984984,0.0001149425287356,15423.26051591568,1.0710597580497,0.01,1.2830064043364315,9.009009009009008e-05,15411.267247328771,1.070226892175609,0.01,1.2841360177248975,9.009009009009008e-05,15420.14464975058,1.0708433784549012,0.01,1.2835165624861535,7.407407407407407e-05,0.0078334237650476,121.77081787855424,0.0086049415786423,133.76408646546406,-0.0005760332540691,-8.877402421807346,0.0002020238302975,3.1158661651024886
XNAS.ITCH,500,QUOTE_WITH_REST_BASKET,AT_T,ES_VALID,PG,0.0111999988555908,21600,7200,14400,1.0,6466.107414256549,0.4490352371011493,1.0,0.3995214124898028,0.0,6466.260387022971,0.4490458602099286,1.0,0.3993467581363907,0.0,6464.807853578855,0.4489449898318648,1.0,0.39941396503785,0.0,6454.750956774673,0.4482465942204633,0.1,0.3992711646947677,0.0,-2.365762840317309e-05,-0.1529727664219535,0.0002009803726473,1.299560677694899,0.001555637388142,10.056896804181632,0.0017799206279098,11.509430248298486
XNAS.ITCH,500,QUOTE_WITH_REST_BASKET,AT_T,ES_VALID,RSG,0.0007999998331069,21600,7200,14400,1.0,6446.381348934207,0.4476653714537643,0.1,0.4761406927917494,0.0,6442.662189894477,0.4474070965204498,0.1,0.476518203552501,0.0,6445.305324767325,0.4475906475532865,0.1,0.4760102354768337,0.0,6445.270680476349,0.4475882416997465,0.1,0.4763194819446007,0.0,0.0005769374845229,3.719159039729675,0.0001669190990476,1.076024166881325,5.375120220141305e-06,0.0346442909758479,-0.000404877751617,-2.608490581872502
XNAS.ITCH,500,QUOTE_WITH_REST_BASKET,AT_T,ES_VALID,TJX,0.0028999996185302,21600,7200,14400,1.0,7460.63320431714,0.5180995280775792,0.1,0.6519908019525503,0.0,7416.386556162402,0.5150268441779446,0.1,0.651215352727143,0.0,7425.524264839703,0.515661407280535,0.1,0.6517279636335537,0.0,7418.491822287111,0.5151730432143827,0.1,0.6518747686055784,0.0,0.0059306826837611,44.24664815473716,0.0047058927192829,35.10893947743625,0.0009470634398019,7.032442552592329,-0.0002838668277018,-2.105266124708578
XNAS.ITCH,500,QUOTE_WITH_REST_BASKET,AT_T,ES_VALID,V,0.0105999946594238,21600,7200,14400,1.0,7669.756688715959,0.5326219922719416,0.1,0.4554973480662497,0.0,7603.58535351442,0.5280267606607236,0.01,0.4502346403057031,0.0,7606.282344600844,0.528214051708392,0.01,0.4492104907197078,0.0,7607.472803784446,0.528296722485031,0.1,0.4496602588046489,0.0,0.0086275664127511,66.17133520153948,0.0082759266938025,63.47434411511495,-0.000156509991303,-1.190459183601888,-0.0005112654214145,-3.88745027002642
XNAS.ITCH,500,QUOTE_WITH_REST_BASKET,AT_T,ES_VALID,WST,0.000499999821186,21600,7200,14400,1.0,21948.55376807129,1.5242051227827285,1.0,1.662280803498673,0.0001005747126436,21934.008077795508,1.523195005402466,1.0,1.661052809145498,7.882882882882882e-05,21974.483199343456,1.5260057777321845,0.1,1.6605080534952383,7.882882882882882e-05,21934.89554122277,1.5232566348071366,1.0,1.6607680206906656,6.481481481481482e-05,0.0006627174815018,14.545690275783272,-0.0011813731121494,-25.929431272164948,0.0018015285165784,39.58765812069032,-4.046061367857234e-05,-0.8874634272578987
XNAS.ITCH,500,QUOTE_WITH_REST_BASKET,AT_T,ES_VALID,XYL,0.0005999997258186,21600,7200,14400,1.0,14521.106555908666,1.0084101774936574,1.0,0.6629421954708881,0.0,14433.563825360025,1.0023308212055573,1.0,0.6598919496234464,0.0,14443.85213881103,1.0030452874174325,1.0,0.659757625341962,0.0,14413.562634396672,1.00094184961088,1.0,0.6589909408051264,0.0,0.006028654235928,87.54273054864098,0.0053201466982005,77.25441709763618,0.0020970516814533,30.289504414357,0.0013857416785874,20.0011909633522
XNAS.ITCH,500,QUOTE_WITH_REST_BASKET,AT_T,FULL,AAPL,0.0604999923706054,21600,7200,14400,1.0,9896.785304762718,0.6872767572751888,1.0,0.7321518817780714,0.0,9884.227490485606,0.6864046868392781,1.0,0.731618556857488,0.0,9886.689144292914,0.6865756350203412,1.0,0.7315562683456519,0.0,9880.50343022315,0.6861460715432743,1.0,0.7313602794996404,0.0,0.0012688781144992,12.557814277111902,0.0010201454471227,10.09616046980409,0.0006256608233033,6.18571406976298,0.0003767679635094,3.724060262455168
XNAS.ITCH,500,QUOTE_WITH_REST_BASKET,AT_T,FULL,ABBV,0.0088999986648559,21600,7200,14400,1.0,9641.677546471888,0.6695609407272145,1.0,0.6100094252175587,0.0,9640.54892344063,0.6694825641278216,1.0,0.6102512062626,0.0,9639.302750109258,0.6693960243131429,1.0,0.6102413321625492,0.0,9639.607197939544,0.6694171665235794,1.0,0.6103859638613038,0.0,0.0001170567077999,1.12862303125803,0.0002463053085092,2.37479636263015,-3.1584009567708904e-05,-0.3044478302854259,9.768380499541872e-05,0.9417255010866938
XNAS.ITCH,500,QUOTE_WITH_REST_BASKET,AT_T,FULL,BDX,0.0021999990940093,21600,7200,14400,1.0,8056.434375610166,0.5594746094173727,10.0,0.7999081077373258,0.0,8052.484133774291,0.5592002870676591,10.0,0.7998146906826542,0.0,8052.8466847701475,0.5592254642201492,10.0,0.7998081621758927,0.0,8049.750441104305,0.55901044729891,10.0,0.7997542785143577,0.0,0.0004903213570303,3.950241835875204,0.0004453199359358,3.587690840018695,0.0003844905766924,3.0962436658428487,0.0003394843907261,2.73369266998634
XNAS.ITCH,500,QUOTE_WITH_REST_BASKET,AT_T,FULL,CMI,0.0010999995470047,21600,7200,14400,1.0,10726.160642064233,0.7448722668100162,1.0,0.6993231773409146,0.0,10631.758614740753,0.7383165704681078,0.01,0.694097229763283,0.0,10638.383146768632,0.7387766074144884,0.01,0.695471129506178,0.0,10631.53256680988,0.7383008726951307,0.01,0.6943981321798365,0.0,0.0088011013888108,94.40202732348008,0.0081834962410844,87.7774952956006,0.0006439493543557,6.850579958751041,2.12615747838818e-05,0.226047930871573
XNAS.ITCH,500,QUOTE_WITH_REST_BASKET,AT_T,FULL,CVS,0.0037999987602233,21600,7200,14400,1.0,11286.116651321066,0.7837581007861851,0.1,0.8654199636200555,0.0,11264.029976679847,0.7822243039361005,0.1,0.8643918969019453,0.0,11257.191266820942,0.7817493935292321,0.1,0.8643522168857187,0.0,11258.142428693727,0.7818154464370645,0.1,0.8644030394992982,0.0,0.0019569773486821,22.08667464121936,0.0025629173783825,28.925384500123982,-8.44937116410982e-05,-0.9511618727865424,0.0005226857526398,5.887547986118079
XNAS.ITCH,500,QUOTE_WITH_REST_BASKET,AT_T,FULL,DLTR,0.0008999997377395,21600,7200,14400,1.0,14337.480411488816,0.9956583619089456,1.0,0.6126791983527408,0.0,14292.693991373464,0.9925481938453794,1.0,0.6105420497777581,0.0,14298.713173443355,0.9929661926002332,1.0,0.6102470959179063,0.0,14281.57120005225,0.9917757777814064,1.0,0.6096196977327387,0.0,0.0031237301694561,44.786420115353394,0.0027039087017266,38.76723804546055,0.0011988472796938,17.14197339110615,0.0007782151725858,11.1227913212133
XNAS.ITCH,500,QUOTE_WITH_REST_BASKET,AT_T,FULL,EBAY,0.0006999999284744,21600,7200,14400,1.0,17947.733639311824,1.2463703916188766,0.1,1.1398596934855234,0.0,17849.69283100404,1.2395620021530582,0.01,1.1303119048581427,0.0,17870.717524046056,1.241022050280976,0.01,1.129903050445951,0.0,17854.401365162495,1.23988898369184,0.01,1.1294182747368309,0.0,0.0054625731737538,98.04080830778548,0.0042911331766745,77.01611526576744,0.0009130108436667,16.316158883561002,-0.0002637879655988,-4.7085341584570415
XNAS.ITCH,500,QUOTE_WITH_REST_BASKET,AT_T,FULL,GOOG,0.0145999908447265,21600,7200,14400,1.0,15694.421723795547,1.089890397485802,0.1,1.2341763042626634,0.0,15671.390861265834,1.0882910320323496,0.1,1.2327732909333715,0.0,15675.168475492495,1.0885533663536455,0.1,1.2327116499738016,0.0,15670.104654225726,1.0882017120990088,0.1,1.232542043952046,0.0,0.0014674553121505,23.0308625297148,0.0012267574200495,19.253248303051805,0.0003230473263932,5.063821266770901,8.207357288791961e-05,1.2862070401079109
XNAS.ITCH,500,QUOTE_WITH_REST_BASKET,AT_T,FULL,KEY,0.000499999821186,21600,7200,14400,1.0,56422.73338898301,3.9182453742349312,0.01,4.456022535097835,0.0,56348.88875142173,3.913117274404287,0.1,4.4656666529375775,0.0,56339.2262348221,3.91244626630709,0.1,4.4546074853751625,0.0,56361.440868229256,3.913988949182587,0.1,4.468087606235006,0.0,0.0013087745510695,73.84463756128389,0.0014800267400235,83.50715416091407,-0.0003943013578953,-22.214633407158544,-0.0002227571312525,-12.552116807528364
XNAS.ITCH,500,QUOTE_WITH_REST_BASKET,AT_T,FULL,KHC,0.0009999996423721,21600,7200,14400,1.0,10992.82863500252,0.7633908774307306,0.1,0.4754795229743924,0.0,10989.78122084697,0.7631792514477063,0.1,0.4753961936963883,0.0,10999.96223764092,0.7638862665028416,0.1,0.4755097845981965,0.0,10996.6017600933,0.7636529000064792,0.1,0.4754181770154906,0.0,0.0002772183808859,3.0474141555514507,-0.0006489323972251,-7.133602638397861,0.0003054990076346,3.3604775476178474,-0.0006206255710889,-6.820539246331464
XNAS.ITCH,500,QUOTE_WITH_REST_BASKET,AT_T,FULL,KO,0.0076999998092651,21600,7200,14400,1.0,6915.793392098032,0.4802634300068077,0.1,0.2794202150229424,0.0,6909.173777834191,0.4798037345718188,0.1,0.2796376377370715,0.0,6910.3454423766525,0.4798851001650453,0.1,0.2793358495155641,0.0,6908.69684217306,0.4797706140397958,0.1,0.279582726284361,0.0,0.0009571735140908,6.619614263840958,0.0007877548406238,5.4479497213797,0.0002385698685166,1.6486002035926504,6.902933353070129e-05,0.4769356611313924
XNAS.ITCH,500,QUOTE_WITH_REST_BASKET,AT_T,FULL,LLY,0.0089999961853027,21600,7200,14400,1.0,16367.49495265162,1.1366315939341405,1.0,0.6597765623490197,0.0,16399.221834488708,1.138834849617271,10.0,0.6598838087157076,0.0,16398.992553458575,1.138818927323512,10.0,0.6598722798830333,0.0,16394.847458026466,1.13853107347406,10.0,0.6598871354032013,0.0,-0.0019384079194078,-31.72688183708669,-0.0019243996040976,-31.49760080695341,0.000252765248755,4.145095432108064,0.0002667429288042,4.374376462241344
XNAS.ITCH,500,QUOTE_WITH_REST_BASKET,AT_T,FULL,MMC,0.0025999999046325,21600,7200,14400,1.0,6720.572211146132,0.4667064035518147,0.1,0.5085928466946786,0.0,6712.129504036475,0.4661201044469774,1.0,0.5085381956356251,0.0,6710.471953291075,0.4660049967563246,1.0,0.5087051911913585,0.0,6709.368813492757,0.4659283898258859,1.0,0.5087904905924485,0.0,0.0012562482545243,8.442707109657022,0.0015028865902676,10.100257855056952,0.0001643907918841,1.1031397983178977,0.0004112987602604,2.7606905437178284
XNAS.ITCH,500,QUOTE_WITH_REST_BASKET,AT_T,FULL,MNST,0.0011999994516372,21600,7200,14400,1.0,10838.240340772763,0.7526555792203309,0.01,0.8542116714436763,0.0,10831.332877258474,0.7521758942540606,0.01,0.8536179034734263,0.0,10835.703872176306,0.752479435567799,0.01,0.853589445514242,0.0,10835.42482084485,0.7524600570031146,0.01,0.8533787583823462,0.0,0.0006373233382088,6.907463514291521,0.000234029558001,2.536468596459599,2.5752949208257547e-05,0.2790513314557756,-0.000377787630825,-4.091943586376146
XNAS.ITCH,500,QUOTE_WITH_REST_BASKET,AT_T,FULL,MRK,0.0087999963760375,21600,7200,14400,1.0,10650.007603184104,0.7395838613322294,1.0,0.7307956189708178,0.0,10650.1415679625,0.7395931644418402,1.0,0.73083313916984,0.0,10649.160305841408,0.7395250212389867,1.0,0.7308137270094012,0.0,10649.78008712859,0.7395680616061522,1.0,0.7308205435827706,0.0,-1.257884345129412e-05,-0.1339647783952386,7.955837913609098e-05,0.847297342696038,-5.820001477885306e-05,-0.6197812871832866,3.3941411163529445e-05,0.36148083390799
XNAS.ITCH,500,QUOTE_WITH_REST_BASKET,AT_T,FULL,NDSN,0.0003999999165534,21600,7200,14400,1.0,6972.866513535465,0.4842268412177406,10.0,0.4684908806410552,1.1973180076628351e-05,6968.703102112324,0.4839377154244669,10.0,0.4682921466450492,9.384384384384384e-06,6968.699759159146,0.4839374832749407,10.0,0.4683261982538634,9.384384384384384e-06,6965.423573430311,0.4837099703771049,10.0,0.4681725542622379,7.71604938271605e-06,0.0005970874983852,4.163411423141042,0.0005975669214706,4.16675437631875,0.0004701286957483,3.2761857288351166,0.0004706081797369,3.279528682012824
XNAS.ITCH,500,QUOTE_WITH_REST_BASKET,AT_T,FULL,NWSA,0.0001999999582767,21600,7200,14400,1.0,15545.031333794235,1.0795160648468218,0.01,1.2919583159984984,0.0001149425287356,15423.26051591568,1.0710597580497,0.01,1.2830064043364315,9.009009009009008e-05,15411.267247328771,1.070226892175609,0.01,1.2841360177248975,9.009009009009008e-05,15420.14464975058,1.0708433784549012,0.01,1.2835165624861535,7.407407407407407e-05,0.0078334237650476,121.77081787855424,0.0086049415786423,133.76408646546406,-0.0005760332540691,-8.877402421807346,0.0002020238302975,3.1158661651024886
XNAS.ITCH,500,QUOTE_WITH_REST_BASKET,AT_T,FULL,PG,0.0111999988555908,21600,7200,14400,1.0,6466.107414256549,0.4490352371011493,1.0,0.3995214124898028,0.0,6466.260387022971,0.4490458602099286,1.0,0.3993467581363907,0.0,6464.807853578855,0.4489449898318648,1.0,0.39941396503785,0.0,6454.750956774673,0.4482465942204633,0.1,0.3992711646947677,0.0,-2.365762840317309e-05,-0.1529727664219535,0.0002009803726473,1.299560677694899,0.001555637388142,10.056896804181632,0.0017799206279098,11.509430248298486
XNAS.ITCH,500,QUOTE_WITH_REST_BASKET,AT_T,FULL,RSG,0.0007999998331069,21600,7200,14400,1.0,6446.381348934207,0.4476653714537643,0.1,0.4761406927917494,0.0,6442.662189894477,0.4474070965204498,0.1,0.476518203552501,0.0,6445.305324767325,0.4475906475532865,0.1,0.4760102354768337,0.0,6445.270680476349,0.4475882416997465,0.1,0.4763194819446007,0.0,0.0005769374845229,3.719159039729675,0.0001669190990476,1.076024166881325,5.375120220141305e-06,0.0346442909758479,-0.000404877751617,-2.608490581872502
XNAS.ITCH,500,QUOTE_WITH_REST_BASKET,AT_T,FULL,TJX,0.0028999996185302,21600,7200,14400,1.0,7460.63320431714,0.5180995280775792,0.1,0.6519908019525503,0.0,7416.386556162402,0.5150268441779446,0.1,0.651215352727143,0.0,7425.524264839703,0.515661407280535,0.1,0.6517279636335537,0.0,7418.491822287111,0.5151730432143827,0.1,0.6518747686055784,0.0,0.0059306826837611,44.24664815473716,0.0047058927192829,35.10893947743625,0.0009470634398019,7.032442552592329,-0.0002838668277018,-2.105266124708578
XNAS.ITCH,500,QUOTE_WITH_REST_BASKET,AT_T,FULL,V,0.0105999946594238,21600,7200,14400,1.0,7669.756688715959,0.5326219922719416,0.1,0.4554973480662497,0.0,7603.58535351442,0.5280267606607236,0.01,0.4502346403057031,0.0,7606.282344600844,0.528214051708392,0.01,0.4492104907197078,0.0,7607.472803784446,0.528296722485031,0.1,0.4496602588046489,0.0,0.0086275664127511,66.17133520153948,0.0082759266938025,63.47434411511495,-0.000156509991303,-1.190459183601888,-0.0005112654214145,-3.88745027002642
XNAS.ITCH,500,QUOTE_WITH_REST_BASKET,AT_T,FULL,WST,0.000499999821186,21600,7200,14400,1.0,21948.55376807129,1.5242051227827285,1.0,1.662280803498673,0.0001005747126436,21934.008077795508,1.523195005402466,1.0,1.661052809145498,7.882882882882882e-05,21974.483199343456,1.5260057777321845,0.1,1.6605080534952383,7.882882882882882e-05,21934.89554122277,1.5232566348071366,1.0,1.6607680206906656,6.481481481481482e-05,0.0006627174815018,14.545690275783272,-0.0011813731121494,-25.929431272164948,0.0018015285165784,39.58765812069032,-4.046061367857234e-05,-0.8874634272578987
XNAS.ITCH,500,QUOTE_WITH_REST_BASKET,AT_T,FULL,XYL,0.0005999997258186,21600,7200,14400,1.0,14521.106555908666,1.0084101774936574,1.0,0.6629421954708881,0.0,14433.563825360025,1.0023308212055573,1.0,0.6598919496234464,0.0,14443.85213881103,1.0030452874174325,1.0,0.659757625341962,0.0,14413.562634396672,1.00094184961088,1.0,0.6589909408051264,0.0,0.006028654235928,87.54273054864098,0.0053201466982005,77.25441709763618,0.0020970516814533,30.289504414357,0.0013857416785874,20.0011909633522
XNAS.ITCH,500,QUOTE_WITH_REST_BASKET,AT_T_MINUS_1S,ES_VALID,AAPL,0.0604999923706054,21600,7200,14400,1.0,9896.785304762718,0.6872767572751888,1.0,0.7321518817780714,0.0,9884.227490485606,0.6864046868392781,1.0,0.731618556857488,0.0,9899.757441016389,0.6874831556261382,1.0,0.7324285046860958,0.0,9886.706877341663,0.68657686648206,1.0,0.7319432863302847,0.0,0.0012688781144992,12.557814277111902,-0.0003003132999399,-2.972136253671124,0.0013182710538598,13.050563674725709,-0.0002508427551313,-2.4793868560573173
XNAS.ITCH,500,QUOTE_WITH_REST_BASKET,AT_T_MINUS_1S,ES_VALID,ABBV,0.0088999986648559,21600,7200,14400,1.0,9641.677546471888,0.6695609407272145,1.0,0.6100094252175587,0.0,9640.54892344063,0.6694825641278216,1.0,0.6102512062626,0.0,9641.62258124325,0.6695571236974479,1.0,0.6104203080649167,0.0,9640.619238347756,0.6694874471074832,1.0,0.6106346617907465,0.0,0.0001170567077999,1.12862303125803,5.7007951546061975e-06,0.0549652286390482,0.000104063697478,1.0033428954920964,-7.293662185103855e-06,-0.0703149071268853
XNAS.ITCH,500,QUOTE_WITH_REST_BASKET,AT_T_MINUS_1S,ES_VALID,BDX,0.0021999990940093,21600,7200,14400,1.0,8056.434375610166,0.5594746094173727,10.0,0.7999081077373258,0.0,8052.484133774291,0.5592002870676591,10.0,0.7998146906826542,0.0,8054.723624362967,0.5593558072474283,10.0,0.7999136954439449,0.0,8051.103634876339,0.5591044190886346,10.0,0.7998297877556946,0.0,0.0004903213570303,3.950241835875204,0.0002123459544806,1.7107512471993689,0.0004494244191914,3.6199894866276736,0.0001714376427222,1.3804988979518384
XNAS.ITCH,500,QUOTE_WITH_REST_BASKET,AT_T_MINUS_1S,ES_VALID,CMI,0.0010999995470047,21600,7200,14400,1.0,10726.160642064233,0.7448722668100162,1.0,0.6993231773409146,0.0,10631.758614740753,0.7383165704681078,0.01,0.694097229763283,0.0,10695.024949833718,0.7427100659606749,1.0,0.6981870642682126,0.0,10628.77730103748,0.7381095347942693,0.01,0.6947831735166137,0.0,0.0088011013888108,94.40202732348008,0.0029027807124584,31.135692230514906,0.0061942491118049,66.24764879623945,0.000280415856991,2.9813137032742816
XNAS.ITCH,500,QUOTE_WITH_REST_BASKET,AT_T_MINUS_1S,ES_VALID,CVS,0.0037999987602233,21600,7200,14400,1.0,11286.116651321066,0.7837581007861851,0.1,0.8654199636200555,0.0,11264.029976679847,0.7822243039361005,0.1,0.8643918969019453,0.0,11283.693008354914,0.7835897922468691,0.1,0.8663668009000268,0.0,11266.332468876157,0.7823841992275109,0.1,0.8654695938442349,0.0,0.0019569773486821,22.08667464121936,0.0002147455179695,2.423642966152329,0.0015385512053458,17.360539478757346,-0.0002044110501371,-2.302492196309686
XNAS.ITCH,500,QUOTE_WITH_REST_BASKET,AT_T_MINUS_1S,ES_VALID,DLTR,0.0008999997377395,21600,7200,14400,1.0,14337.480411488816,0.9956583619089456,1.0,0.6126791983527408,0.0,14292.693991373464,0.9925481938453794,1.0,0.6105420497777581,0.0,14326.667985627762,0.994907499001928,1.0,0.6120002499115564,0.0,14288.008425471851,0.9922228073244342,1.0,0.6104393949017842,0.0,0.0031237301694561,44.786420115353394,0.0007541370973654,10.81242586105509,0.002698433452544,38.65956015590928,0.0003278294424017,4.685565901610971
XNAS.ITCH,500,QUOTE_WITH_REST_BASKET,AT_T_MINUS_1S,ES_VALID,EBAY,0.0006999999284744,21600,7200,14400,1.0,17947.733639311824,1.2463703916188766,0.1,1.1398596934855234,0.0,17849.69283100404,1.2395620021530582,0.01,1.1303119048581427,0.0,17937.811541405827,1.2456813570420713,0.1,1.1388296031985106,0.0,17849.950952057046,1.2395799272261838,0.01,1.1303490183356597,0.0,0.0054625731737538,98.04080830778548,0.0005528329150297,9.922097905997362,0.0048980662521719,87.8605893487802,-1.4460812040484328e-05,-0.2581210530079261
XNAS.ITCH,500,QUOTE_WITH_REST_BASKET,AT_T_MINUS_1S,ES_VALID,GOOG,0.0145999908447265,21600,7200,14400,1.0,15694.421723795547,1.089890397485802,0.1,1.2341763042626634,0.0,15671.390861265834,1.0882910320323496,0.1,1.2327732909333715,0.0,15706.042093190965,1.090697367582706,0.1,1.2333785543598184,0.0,15681.344272754255,1.08898224116349,0.1,1.2321189190557122,0.0,0.0014674553121505,23.0308625297148,-0.0007404139891178,-11.620369395413944,0.0015725044088232,24.697820436706024,-0.0006351326169156,-9.953411488422717
XNAS.ITCH,500,QUOTE_WITH_REST_BASKET,AT_T_MINUS_1S,ES_VALID,KEY,0.000499999821186,21600,7200,14400,1.0,56422.73338898301,3.9182453742349312,0.01,4.456022535097835,0.0,56348.88875142173,3.913117274404287,0.1,4.4656666529375775,0.0,56446.4291834656,3.9198909155184447,0.1,4.456905686077934,0.0,56351.94188519981,3.91332929758332,0.1,4.4685232593964335,0.0,0.0013087745510695,73.84463756128389,-0.0004199689213784,-23.695794482591737,0.0016739287078494,94.48729826579074,-5.418267947665534e-05,-3.0531337780848844
XNAS.ITCH,500,QUOTE_WITH_REST_BASKET,AT_T_MINUS_1S,ES_VALID,KHC,0.0009999996423721,21600,7200,14400,1.0,10992.82863500252,0.7633908774307306,0.1,0.4754795229743924,0.0,10989.78122084697,0.7631792514477063,0.1,0.4753961936963883,0.0,10989.38706917929,0.7631518798041175,0.1,0.4750273742850853,0.0,10989.544703190431,0.7631628266104468,0.1,0.475265474928954,0.0,0.0002772183808859,3.0474141555514507,0.0003130737262901,3.441565823230121,-1.4344204108063252e-05,-0.1576340111423633,2.152159827240041e-05,0.2365176565363071
XNAS.ITCH,500,QUOTE_WITH_REST_BASKET,AT_T_MINUS_1S,ES_VALID,KO,0.0076999998092651,21600,7200,14400,1.0,6915.793392098032,0.4802634300068077,0.1,0.2794202150229424,0.0,6909.173777834191,0.4798037345718188,0.1,0.2796376377370715,0.0,6914.554987300986,0.4801774296736796,0.1,0.2796033358280346,0.0,6908.426893124104,0.4797518675780627,0.1,0.2798479356055712,0.0,0.0009571735140908,6.619614263840958,0.0001790690853288,1.2384047970463143,0.0008862600974518,6.128094176881859,0.0001081004377807,0.7468847100872154
XNAS.ITCH,500,QUOTE_WITH_REST_BASKET,AT_T_MINUS_1S,ES_VALID,LLY,0.0089999961853027,21600,7200,14400,1.0,16367.49495265162,1.1366315939341405,1.0,0.6597765623490197,0.0,16399.221834488708,1.138834849617271,10.0,0.6598838087157076,0.0,16367.023466608009,1.1365988518477783,1.0,0.6598123797785806,0.0,16398.222898450287,1.1387654790590478,10.0,0.6598510836334501,0.0,-0.0019384079194078,-31.72688183708669,2.8806243409618126e-05,0.4714860436124581,-0.0019062373745557,-31.1994318422785,6.091362434768044e-05,0.998936038420652
XNAS.ITCH,500,QUOTE_WITH_REST_BASKET,AT_T_MINUS_1S,ES_VALID,MMC,0.0025999999046325,21600,7200,14400,1.0,6720.572211146132,0.4667064035518147,0.1,0.5085928466946786,0.0,6712.129504036475,0.4661201044469774,1.0,0.5085381956356251,0.0,6723.185532300109,0.4668878841875076,0.1,0.508185907774441,0.0,6711.332290056682,0.4660647423650473,1.0,0.5083954375218109,0.0,0.0012562482545243,8.442707109657022,-0.0003888539653875,-2.6133211539772674,0.0017630395868863,11.853242243427305,0.0001187721392016,0.797213979793014
XNAS.ITCH,500,QUOTE_WITH_REST_BASKET,AT_T_MINUS_1S,ES_VALID,MNST,0.0011999994516372,21600,7200,14400,1.0,10838.240340772763,0.7526555792203309,0.01,0.8542116714436763,0.0,10831.332877258474,0.7521758942540606,0.01,0.8536179034734263,0.0,10838.672791284462,0.7526856105058654,0.01,0.8541014238818262,0.0,10828.7097996886,0.7519937360894862,0.01,0.8536396653210652,0.0,0.0006373233382088,6.907463514291521,-3.990043568879997e-05,-0.4324505116965156,0.0009192077099949,9.96299159586124,0.0002421749566372,2.623077569873203
XNAS.ITCH,500,QUOTE_WITH_REST_BASKET,AT_T_MINUS_1S,ES_VALID,MRK,0.0087999963760375,21600,7200,14400,1.0,10650.007603184104,0.7395838613322294,1.0,0.7307956189708178,0.0,10650.1415679625,0.7395931644418402,1.0,0.73083313916984,0.0,10649.818144094772,0.7395707044510258,1.0,0.7308893377405796,0.0,10649.925151778156,0.7395781355401497,1.0,0.7308925654176109,0.0,-1.257884345129412e-05,-0.1339647783952386,1.7789573152460214e-05,0.189459089331649,-1.0047841374927202e-05,-0.1070076833839266,2.032049836730998e-05,0.216416184342961
XNAS.ITCH,500,QUOTE_WITH_REST_BASKET,AT_T_MINUS_1S,ES_VALID,NDSN,0.0003999999165534,21600,7200,14400,1.0,6972.866513535465,0.4842268412177406,10.0,0.4684908806410552,1.1973180076628351e-05,6968.703102112324,0.4839377154244669,10.0,0.4682921466450492,9.384384384384384e-06,6970.545472724503,0.4840656578280905,10.0,0.4684371636432128,9.384384384384384e-06,6966.817881258435,0.4838067973096135,10.0,0.4682597315528014,7.71604938271605e-06,0.0005970874983852,4.163411423141042,0.0003328675239165,2.3210408109616765,0.0005347632377773,3.727591466068589,0.0002705267861559,1.8852208538892228
XNAS.ITCH,500,QUOTE_WITH_REST_BASKET,AT_T_MINUS_1S,ES_VALID,NWSA,0.0001999999582767,21600,7200,14400,1.0,15545.031333794235,1.0795160648468218,0.01,1.2919583159984984,0.0001149425287356,15423.26051591568,1.0710597580497,0.01,1.2830064043364315,9.009009009009008e-05,15511.56412872754,1.077191953383857,0.01,1.291069269509456,9.009009009009008e-05,15414.356230777556,1.070441404915108,0.01,1.283495160748819,7.407407407407407e-05,0.0078334237650476,121.77081787855424,0.0021529197560341,33.4672050666959,0.0062668017965997,97.207897949982,0.0005773283236015,8.904285138123669
XNAS.ITCH,500,QUOTE_WITH_REST_BASKET,AT_T_MINUS_1S,ES_VALID,PG,0.0111999988555908,21600,7200,14400,1.0,6466.107414256549,0.4490352371011493,1.0,0.3995214124898028,0.0,6466.260387022971,0.4490458602099286,1.0,0.3993467581363907,0.0,6466.168825604978,0.4490395017781235,1.0,0.3996917356008369,0.0,6466.271428640315,0.4490466269889108,1.0,0.3995133460822401,0.0,-2.365762840317309e-05,-0.1529727664219535,-9.497421631587954e-06,-0.0614113484289191,-1.5867670347669005e-05,-0.1026030353368696,-1.7075738809602117e-06,-0.0110416173438352
XNAS.ITCH,500,QUOTE_WITH_REST_BASKET,AT_T_MINUS_1S,ES_VALID,RSG,0.0007999998331069,21600,7200,14400,1.0,6446.381348934207,0.4476653714537643,0.1,0.4761406927917494,0.0,6442.662189894477,0.4474070965204498,0.1,0.476518203552501,0.0,6460.486993747945,0.448644930121385,1.0,0.4769465597274033,0.0,6454.023000762258,0.4481960417196012,1.0,0.4769875214595018,0.0,0.0005769374845229,3.719159039729675,-0.0021881492965152,-14.105644813738763,0.0010005426822997,6.463992985687582,-0.0017633721174454,-11.360810867780856
XNAS.ITCH,500,QUOTE_WITH_REST_BASKET,AT_T_MINUS_1S,ES_VALID,TJX,0.0028999996185302,21600,7200,14400,1.0,7460.63320431714,0.5180995280775792,0.1,0.6519908019525503,0.0,7416.386556162402,0.5150268441779446,0.1,0.651215352727143,0.0,7461.815947849669,0.5181816630451159,0.1,0.6520691475393581,0.0,7418.457203970767,0.5151706391646366,0.1,0.651284128406196,0.0,0.0059306826837611,44.24664815473716,-0.0001585312533318,-1.1827435325294573,0.0058107495791821,43.358743878901805,-0.0002791990132504,-2.0706478083648108
XNAS.ITCH,500,QUOTE_WITH_REST_BASKET,AT_T_MINUS_1S,ES_VALID,V,0.0105999946594238,21600,7200,14400,1.0,7669.756688715959,0.5326219922719416,0.1,0.4554973480662497,0.0,7603.58535351442,0.5280267606607236,0.01,0.4502346403057031,0.0,7652.734151882104,0.5314398716584794,0.1,0.4550116227871835,0.0,7598.625981173234,0.5276823598036968,0.01,0.4500739933862672,0.0,0.0086275664127511,66.17133520153948,0.0022194363556408,17.022536833855156,0.0070704364786489,54.10817070886969,0.0006522412928386,4.959372341185372
XNAS.ITCH,500,QUOTE_WITH_REST_BASKET,AT_T_MINUS_1S,ES_VALID,WST,0.000499999821186,21600,7200,14400,1.0,21948.55376807129,1.5242051227827285,1.0,1.662280803498673,0.0001005747126436,21934.008077795508,1.523195005402466,1.0,1.661052809145498,7.882882882882882e-05,21964.34065092047,1.5253014340916993,0.1,1.6610894469911646,7.882882882882882e-05,21925.310860888352,1.5225910320061355,1.0,1.660798309544714,6.481481481481482e-05,0.0006627174815018,14.545690275783272,-0.0007192675661455,-15.786882849177346,0.0017769616057417,39.02979003211658,0.0003965174479879,8.697216907155962
XNAS.ITCH,500,QUOTE_WITH_REST_BASKET,AT_T_MINUS_1S,ES_VALID,XYL,0.0005999997258186,21600,7200,14400,1.0,14521.106555908666,1.0084101774936574,1.0,0.6629421954708881,0.0,14433.563825360025,1.0023308212055573,1.0,0.6598919496234464,0.0,14480.224291754068,1.0055711313718103,1.0,0.66235124643767,0.0,14415.372340216578,1.0010675236261513,1.0,0.6598755413159618,0.0,0.006028654235928,87.54273054864098,0.0028153683741107,40.88226415459758,0.0044786565615851,64.8519515374901,0.0012603599058109,18.191485143446695
XNAS.ITCH,500,QUOTE_WITH_REST_BASKET,AT_T_MINUS_1S,FULL,AAPL,0.0604999923706054,21600,7200,14400,1.0,9896.785304762718,0.6872767572751888,1.0,0.7321518817780714,0.0,9884.227490485606,0.6864046868392781,1.0,0.731618556857488,0.0,9899.757441016389,0.6874831556261382,1.0,0.7324285046860958,0.0,9886.706877341663,0.68657686648206,1.0,0.7319432863302847,0.0,0.0012688781144992,12.557814277111902,-0.0003003132999399,-2.972136253671124,0.0013182710538598,13.050563674725709,-0.0002508427551313,-2.4793868560573173
XNAS.ITCH,500,QUOTE_WITH_REST_BASKET,AT_T_MINUS_1S,FULL,ABBV,0.0088999986648559,21600,7200,14400,1.0,9641.677546471888,0.6695609407272145,1.0,0.6100094252175587,0.0,9640.54892344063,0.6694825641278216,1.0,0.6102512062626,0.0,9641.62258124325,0.6695571236974479,1.0,0.6104203080649167,0.0,9640.619238347756,0.6694874471074832,1.0,0.6106346617907465,0.0,0.0001170567077999,1.12862303125803,5.7007951546061975e-06,0.0549652286390482,0.000104063697478,1.0033428954920964,-7.293662185103855e-06,-0.0703149071268853
XNAS.ITCH,500,QUOTE_WITH_REST_BASKET,AT_T_MINUS_1S,FULL,BDX,0.0021999990940093,21600,7200,14400,1.0,8056.434375610166,0.5594746094173727,10.0,0.7999081077373258,0.0,8052.484133774291,0.5592002870676591,10.0,0.7998146906826542,0.0,8054.723624362967,0.5593558072474283,10.0,0.7999136954439449,0.0,8051.103634876339,0.5591044190886346,10.0,0.7998297877556946,0.0,0.0004903213570303,3.950241835875204,0.0002123459544806,1.7107512471993689,0.0004494244191914,3.6199894866276736,0.0001714376427222,1.3804988979518384
XNAS.ITCH,500,QUOTE_WITH_REST_BASKET,AT_T_MINUS_1S,FULL,CMI,0.0010999995470047,21600,7200,14400,1.0,10726.160642064233,0.7448722668100162,1.0,0.6993231773409146,0.0,10631.758614740753,0.7383165704681078,0.01,0.694097229763283,0.0,10695.024949833718,0.7427100659606749,1.0,0.6981870642682126,0.0,10628.77730103748,0.7381095347942693,0.01,0.6947831735166137,0.0,0.0088011013888108,94.40202732348008,0.0029027807124584,31.135692230514906,0.0061942491118049,66.24764879623945,0.000280415856991,2.9813137032742816
XNAS.ITCH,500,QUOTE_WITH_REST_BASKET,AT_T_MINUS_1S,FULL,CVS,0.0037999987602233,21600,7200,14400,1.0,11286.116651321066,0.7837581007861851,0.1,0.8654199636200555,0.0,11264.029976679847,0.7822243039361005,0.1,0.8643918969019453,0.0,11283.693008354914,0.7835897922468691,0.1,0.8663668009000268,0.0,11266.332468876157,0.7823841992275109,0.1,0.8654695938442349,0.0,0.0019569773486821,22.08667464121936,0.0002147455179695,2.423642966152329,0.0015385512053458,17.360539478757346,-0.0002044110501371,-2.302492196309686
XNAS.ITCH,500,QUOTE_WITH_REST_BASKET,AT_T_MINUS_1S,FULL,DLTR,0.0008999997377395,21600,7200,14400,1.0,14337.480411488816,0.9956583619089456,1.0,0.6126791983527408,0.0,14292.693991373464,0.9925481938453794,1.0,0.6105420497777581,0.0,14326.667985627762,0.994907499001928,1.0,0.6120002499115564,0.0,14288.008425471851,0.9922228073244342,1.0,0.6104393949017842,0.0,0.0031237301694561,44.786420115353394,0.0007541370973654,10.81242586105509,0.002698433452544,38.65956015590928,0.0003278294424017,4.685565901610971
XNAS.ITCH,500,QUOTE_WITH_REST_BASKET,AT_T_MINUS_1S,FULL,EBAY,0.0006999999284744,21600,7200,14400,1.0,17947.733639311824,1.2463703916188766,0.1,1.1398596934855234,0.0,17849.69283100404,1.2395620021530582,0.01,1.1303119048581427,0.0,17937.811541405827,1.2456813570420713,0.1,1.1388296031985106,0.0,17849.950952057046,1.2395799272261838,0.01,1.1303490183356597,0.0,0.0054625731737538,98.04080830778548,0.0005528329150297,9.922097905997362,0.0048980662521719,87.8605893487802,-1.4460812040484328e-05,-0.2581210530079261
XNAS.ITCH,500,QUOTE_WITH_REST_BASKET,AT_T_MINUS_1S,FULL,GOOG,0.0145999908447265,21600,7200,14400,1.0,15694.421723795547,1.089890397485802,0.1,1.2341763042626634,0.0,15671.390861265834,1.0882910320323496,0.1,1.2327732909333715,0.0,15706.042093190965,1.090697367582706,0.1,1.2333785543598184,0.0,15681.344272754255,1.08898224116349,0.1,1.2321189190557122,0.0,0.0014674553121505,23.0308625297148,-0.0007404139891178,-11.620369395413944,0.0015725044088232,24.697820436706024,-0.0006351326169156,-9.953411488422717
XNAS.ITCH,500,QUOTE_WITH_REST_BASKET,AT_T_MINUS_1S,FULL,KEY,0.000499999821186,21600,7200,14400,1.0,56422.73338898301,3.9182453742349312,0.01,4.456022535097835,0.0,56348.88875142173,3.913117274404287,0.1,4.4656666529375775,0.0,56446.4291834656,3.9198909155184447,0.1,4.456905686077934,0.0,56351.94188519981,3.91332929758332,0.1,4.4685232593964335,0.0,0.0013087745510695,73.84463756128389,-0.0004199689213784,-23.695794482591737,0.0016739287078494,94.48729826579074,-5.418267947665534e-05,-3.0531337780848844
XNAS.ITCH,500,QUOTE_WITH_REST_BASKET,AT_T_MINUS_1S,FULL,KHC,0.0009999996423721,21600,7200,14400,1.0,10992.82863500252,0.7633908774307306,0.1,0.4754795229743924,0.0,10989.78122084697,0.7631792514477063,0.1,0.4753961936963883,0.0,10989.38706917929,0.7631518798041175,0.1,0.4750273742850853,0.0,10989.544703190431,0.7631628266104468,0.1,0.475265474928954,0.0,0.0002772183808859,3.0474141555514507,0.0003130737262901,3.441565823230121,-1.4344204108063252e-05,-0.1576340111423633,2.152159827240041e-05,0.2365176565363071
XNAS.ITCH,500,QUOTE_WITH_REST_BASKET,AT_T_MINUS_1S,FULL,KO,0.0076999998092651,21600,7200,14400,1.0,6915.793392098032,0.4802634300068077,0.1,0.2794202150229424,0.0,6909.173777834191,0.4798037345718188,0.1,0.2796376377370715,0.0,6914.554987300986,0.4801774296736796,0.1,0.2796033358280346,0.0,6908.426893124104,0.4797518675780627,0.1,0.2798479356055712,0.0,0.0009571735140908,6.619614263840958,0.0001790690853288,1.2384047970463143,0.0008862600974518,6.128094176881859,0.0001081004377807,0.7468847100872154
XNAS.ITCH,500,QUOTE_WITH_REST_BASKET,AT_T_MINUS_1S,FULL,LLY,0.0089999961853027,21600,7200,14400,1.0,16367.49495265162,1.1366315939341405,1.0,0.6597765623490197,0.0,16399.221834488708,1.138834849617271,10.0,0.6598838087157076,0.0,16367.023466608009,1.1365988518477783,1.0,0.6598123797785806,0.0,16398.222898450287,1.1387654790590478,10.0,0.6598510836334501,0.0,-0.0019384079194078,-31.72688183708669,2.8806243409618126e-05,0.4714860436124581,-0.0019062373745557,-31.1994318422785,6.091362434768044e-05,0.998936038420652
XNAS.ITCH,500,QUOTE_WITH_REST_BASKET,AT_T_MINUS_1S,FULL,MMC,0.0025999999046325,21600,7200,14400,1.0,6720.572211146132,0.4667064035518147,0.1,0.5085928466946786,0.0,6712.129504036475,0.4661201044469774,1.0,0.5085381956356251,0.0,6723.185532300109,0.4668878841875076,0.1,0.508185907774441,0.0,6711.332290056682,0.4660647423650473,1.0,0.5083954375218109,0.0,0.0012562482545243,8.442707109657022,-0.0003888539653875,-2.6133211539772674,0.0017630395868863,11.853242243427305,0.0001187721392016,0.797213979793014
XNAS.ITCH,500,QUOTE_WITH_REST_BASKET,AT_T_MINUS_1S,FULL,MNST,0.0011999994516372,21600,7200,14400,1.0,10838.240340772763,0.7526555792203309,0.01,0.8542116714436763,0.0,10831.332877258474,0.7521758942540606,0.01,0.8536179034734263,0.0,10838.672791284462,0.7526856105058654,0.01,0.8541014238818262,0.0,10828.7097996886,0.7519937360894862,0.01,0.8536396653210652,0.0,0.0006373233382088,6.907463514291521,-3.990043568879997e-05,-0.4324505116965156,0.0009192077099949,9.96299159586124,0.0002421749566372,2.623077569873203
XNAS.ITCH,500,QUOTE_WITH_REST_BASKET,AT_T_MINUS_1S,FULL,MRK,0.0087999963760375,21600,7200,14400,1.0,10650.007603184104,0.7395838613322294,1.0,0.7307956189708178,0.0,10650.1415679625,0.7395931644418402,1.0,0.73083313916984,0.0,10649.818144094772,0.7395707044510258,1.0,0.7308893377405796,0.0,10649.925151778156,0.7395781355401497,1.0,0.7308925654176109,0.0,-1.257884345129412e-05,-0.1339647783952386,1.7789573152460214e-05,0.189459089331649,-1.0047841374927202e-05,-0.1070076833839266,2.032049836730998e-05,0.216416184342961
XNAS.ITCH,500,QUOTE_WITH_REST_BASKET,AT_T_MINUS_1S,FULL,NDSN,0.0003999999165534,21600,7200,14400,1.0,6972.866513535465,0.4842268412177406,10.0,0.4684908806410552,1.1973180076628351e-05,6968.703102112324,0.4839377154244669,10.0,0.4682921466450492,9.384384384384384e-06,6970.545472724503,0.4840656578280905,10.0,0.4684371636432128,9.384384384384384e-06,6966.817881258435,0.4838067973096135,10.0,0.4682597315528014,7.71604938271605e-06,0.0005970874983852,4.163411423141042,0.0003328675239165,2.3210408109616765,0.0005347632377773,3.727591466068589,0.0002705267861559,1.8852208538892228
XNAS.ITCH,500,QUOTE_WITH_REST_BASKET,AT_T_MINUS_1S,FULL,NWSA,0.0001999999582767,21600,7200,14400,1.0,15545.031333794235,1.0795160648468218,0.01,1.2919583159984984,0.0001149425287356,15423.26051591568,1.0710597580497,0.01,1.2830064043364315,9.009009009009008e-05,15511.56412872754,1.077191953383857,0.01,1.291069269509456,9.009009009009008e-05,15414.356230777556,1.070441404915108,0.01,1.283495160748819,7.407407407407407e-05,0.0078334237650476,121.77081787855424,0.0021529197560341,33.4672050666959,0.0062668017965997,97.207897949982,0.0005773283236015,8.904285138123669
XNAS.ITCH,500,QUOTE_WITH_REST_BASKET,AT_T_MINUS_1S,FULL,PG,0.0111999988555908,21600,7200,14400,1.0,6466.107414256549,0.4490352371011493,1.0,0.3995214124898028,0.0,6466.260387022971,0.4490458602099286,1.0,0.3993467581363907,0.0,6466.168825604978,0.4490395017781235,1.0,0.3996917356008369,0.0,6466.271428640315,0.4490466269889108,1.0,0.3995133460822401,0.0,-2.365762840317309e-05,-0.1529727664219535,-9.497421631587954e-06,-0.0614113484289191,-1.5867670347669005e-05,-0.1026030353368696,-1.7075738809602117e-06,-0.0110416173438352
XNAS.ITCH,500,QUOTE_WITH_REST_BASKET,AT_T_MINUS_1S,FULL,RSG,0.0007999998331069,21600,7200,14400,1.0,6446.381348934207,0.4476653714537643,0.1,0.4761406927917494,0.0,6442.662189894477,0.4474070965204498,0.1,0.476518203552501,0.0,6460.486993747945,0.448644930121385,1.0,0.4769465597274033,0.0,6454.023000762258,0.4481960417196012,1.0,0.4769875214595018,0.0,0.0005769374845229,3.719159039729675,-0.0021881492965152,-14.105644813738763,0.0010005426822997,6.463992985687582,-0.0017633721174454,-11.360810867780856
XNAS.ITCH,500,QUOTE_WITH_REST_BASKET,AT_T_MINUS_1S,FULL,TJX,0.0028999996185302,21600,7200,14400,1.0,7460.63320431714,0.5180995280775792,0.1,0.6519908019525503,0.0,7416.386556162402,0.5150268441779446,0.1,0.651215352727143,0.0,7461.815947849669,0.5181816630451159,0.1,0.6520691475393581,0.0,7418.457203970767,0.5151706391646366,0.1,0.651284128406196,0.0,0.0059306826837611,44.24664815473716,-0.0001585312533318,-1.1827435325294573,0.0058107495791821,43.358743878901805,-0.0002791990132504,-2.0706478083648108
XNAS.ITCH,500,QUOTE_WITH_REST_BASKET,AT_T_MINUS_1S,FULL,V,0.0105999946594238,21600,7200,14400,1.0,7669.756688715959,0.5326219922719416,0.1,0.4554973480662497,0.0,7603.58535351442,0.5280267606607236,0.01,0.4502346403057031,0.0,7652.734151882104,0.5314398716584794,0.1,0.4550116227871835,0.0,7598.625981173234,0.5276823598036968,0.01,0.4500739933862672,0.0,0.0086275664127511,66.17133520153948,0.0022194363556408,17.022536833855156,0.0070704364786489,54.10817070886969,0.0006522412928386,4.959372341185372
XNAS.ITCH,500,QUOTE_WITH_REST_BASKET,AT_T_MINUS_1S,FULL,WST,0.000499999821186,21600,7200,14400,1.0,21948.55376807129,1.5242051227827285,1.0,1.662280803498673,0.0001005747126436,21934.008077795508,1.523195005402466,1.0,1.661052809145498,7.882882882882882e-05,21964.34065092047,1.5253014340916993,0.1,1.6610894469911646,7.882882882882882e-05,21925.310860888352,1.5225910320061355,1.0,1.660798309544714,6.481481481481482e-05,0.0006627174815018,14.545690275783272,-0.0007192675661455,-15.786882849177346,0.0017769616057417,39.02979003211658,0.0003965174479879,8.697216907155962
XNAS.ITCH,500,QUOTE_WITH_REST_BASKET,AT_T_MINUS_1S,FULL,XYL,0.0005999997258186,21600,7200,14400,1.0,14521.106555908666,1.0084101774936574,1.0,0.6629421954708881,0.0,14433.563825360025,1.0023308212055573,1.0,0.6598919496234464,0.0,14480.224291754068,1.0055711313718103,1.0,0.66235124643767,0.0,14415.372340216578,1.0010675236261513,1.0,0.6598755413159618,0.0,0.006028654235928,87.54273054864098,0.0028153683741107,40.88226415459758,0.0044786565615851,64.8519515374901,0.0012603599058109,18.191485143446695
