analysis_status,parent_model,omitted_SOC2,omitted_SOC2_name,target,remaining_occupations,omitted_preperiod_stock_share,quintiles_recomputed,continuous_center_and_scale_recomputed,coefficient,occupation_cluster_se,bootstrap_se,pointwise_ci_lower,pointwise_ci_upper,pointwise_critical,wild_score_p_value,bootstrap_draws,normal_theory_MDE80,movement_from_parent,paired_movement_se,paired_movement_ci_lower,paired_movement_ci_upper,paired_movement_MDE80,nuisance_adjusted_fisher_information,effective_occupation_information_count,top_five_occupation_information_share,treatment_contract
POST-OUTCOME EXPLORATORY -- NOT PART OF CONFIRMATORY YAX v1.1,profile_SOC2_x_post,11,Management,Q2_x_post,439,0.1355636987108838,False,False,-0.024930160314427935,0.051939719911632445,0.05175308742929534,-0.12281064139577827,0.0729503207669224,1.884501519220341,0.6554,9999,0.14551355153735726,0.0006600687820222315,0.0011761984814623488,-0.00162997024689766,0.002950107810942123,0.0032952202792318366,20183841.827084333,35.5693466091814,0.29213171828040707,rebuilt_corrected_preperiod_weight
POST-OUTCOME EXPLORATORY -- NOT PART OF CONFIRMATORY YAX v1.1,profile_SOC2_x_post,11,Management,Q3_x_post,439,0.1355636987108838,False,False,0.011689197997738513,0.05317327500011973,0.05309861631118918,-0.09126221411065111,0.11464061010612814,1.9361495433214864,0.8327,9999,0.14896946123899127,-0.004392624698700156,0.006680743849380271,-0.017420755099180216,0.008635505701779901,0.0187166732144229,12455321.1870951,44.840887796478064,0.25340122062083736,rebuilt_corrected_preperiod_weight
POST-OUTCOME EXPLORATORY -- NOT PART OF CONFIRMATORY YAX v1.1,profile_SOC2_x_post,11,Management,Q4_x_post,439,0.1355636987108838,False,False,-0.004109795666149455,0.06412157394523216,0.06412237834203993,-0.12720986869312442,0.11899027736082551,1.9197918181502815,0.9557,9999,0.17964205372710007,0.00990162780738766,0.016153365116486594,-0.021469703101435055,0.041272958716210374,0.045255028933130506,8075541.882897411,27.6710355775371,0.35147743066223697,rebuilt_corrected_preperiod_weight
POST-OUTCOME EXPLORATORY -- NOT PART OF CONFIRMATORY YAX v1.1,profile_SOC2_x_post,11,Management,Q5_x_post,439,0.1355636987108838,False,False,-0.014965980027257674,0.07273083906122291,0.07223358954699428,-0.15513663037079659,0.1252046703162812,1.9272519353935533,0.8387,9999,0.20376164361487537,0.006633004604265065,0.009255117037937292,-0.011192244288414964,0.024458253496945095,0.0259289990853906,7533121.977928951,45.37160776276417,0.24173434433036445,rebuilt_corrected_preperiod_weight
POST-OUTCOME EXPLORATORY -- NOT PART OF CONFIRMATORY YAX v1.1,profile_SOC2_x_post,13,Business and Financial Operations,Q2_x_post,440,0.06216870757989009,False,False,-0.02402915927498756,0.05195327183174489,0.05180074822399564,-0.12192672539632282,0.07386840684634771,1.8843388042698235,0.6673,9999,0.14555151839642133,0.001561069821462608,0.0010925004717318241,-0.0005556284434709673,0.0036777680863961833,0.0030607331723853234,20196663.572954223,35.58707495018718,0.29227959083547234,rebuilt_corrected_preperiod_weight
POST-OUTCOME EXPLORATORY -- NOT PART OF CONFIRMATORY YAX v1.1,profile_SOC2_x_post,13,Business and Financial Operations,Q3_x_post,440,0.06216870757989009,False,False,0.012192626900100511,0.05311059959805451,0.052949591628079044,-0.09035357245014065,0.11473882625034167,1.9308047758134803,0.825,9999,0.1487938707590261,-0.0038891957963381584,0.0038832495984305634,-0.011354198323359195,0.003575806730682878,0.010879254673206187,12701951.563744003,46.31673188665475,0.24176879663361922,rebuilt_corrected_preperiod_weight
POST-OUTCOME EXPLORATORY -- NOT PART OF CONFIRMATORY YAX v1.1,profile_SOC2_x_post,13,Business and Financial Operations,Q4_x_post,440,0.06216870757989009,False,False,-0.022409384601203817,0.061383208468043134,0.061305757240074484,-0.14165031882215684,0.09683154961974921,1.9425660078200595,0.7261,9999,0.17197028948441642,-0.0083979611276667,0.010083000306999816,-0.02782854821088533,0.011032625955551928,0.028248384614319208,8747555.521038417,34.225385599984975,0.30811598336192525,rebuilt_corrected_preperiod_weight
POST-OUTCOME EXPLORATORY -- NOT PART OF CONFIRMATORY YAX v1.1,profile_SOC2_x_post,13,Business and Financial Operations,Q5_x_post,440,0.06216870757989009,False,False,0.010502729531306144,0.07326655526320018,0.07262981825693782,-0.13191907206448417,0.15292453112709647,1.9438855980625713,0.8865,9999,0.20526249820743853,0.03210171416282888,0.01661634956311305,-0.00018168022091902963,0.06438510854657678,0.046552119315015406,7299370.847485625,47.92536956076169,0.23507782372708635,rebuilt_corrected_preperiod_weight
POST-OUTCOME EXPLORATORY -- NOT PART OF CONFIRMATORY YAX v1.1,profile_SOC2_x_post,15,Computer and Mathematical,Q2_x_post,453,0.04312396668008975,False,False,-0.025940228505707895,0.05177700587711804,0.05159919645339745,-0.12367859809912332,0.07179814108770755,1.8876790563242907,0.6407,9999,0.1450576943034822,-0.00034999940925772854,0.0012615644154459259,-0.002715830974361344,0.002015832155845887,0.0035343802180106336,20206543.47176002,35.649169731064525,0.29216419673807686,rebuilt_corrected_preperiod_weight
POST-OUTCOME EXPLORATORY -- NOT PART OF CONFIRMATORY YAX v1.1,profile_SOC2_x_post,15,Computer and Mathematical,Q3_x_post,453,0.04312396668008975,False,False,0.014375169176886167,0.05302599569804832,0.05292159291649903,-0.08746643162569478,0.11621676997946712,1.9205976137158955,0.7939,9999,0.14855684572337402,-0.0017066535195525024,0.0016750858875929071,-0.004949516844034297,0.0015362098049292918,0.00469289586174993,12803630.687725067,46.87325230131949,0.24115965599506656,rebuilt_corrected_preperiod_weight
POST-OUTCOME EXPLORATORY -- NOT PART OF CONFIRMATORY YAX v1.1,profile_SOC2_x_post,15,Computer and Mathematical,Q4_x_post,453,0.04312396668008975,False,False,-0.01653888487438691,0.06085379444629184,0.06076275221118553,-0.13395296639302168,0.10087519664424786,1.9294455273822202,0.7902,9999,0.17048709098681628,-0.0025274614008497943,0.002746876709643021,-0.007759044406864151,0.002704121605164563,0.007695609185714676,9101833.055573143,38.27995220133912,0.2932219824455967,rebuilt_corrected_preperiod_weight
POST-OUTCOME EXPLORATORY -- NOT PART OF CONFIRMATORY YAX v1.1,profile_SOC2_x_post,15,Computer and Mathematical,Q5_x_post,453,0.04312396668008975,False,False,-0.021109274005509993,0.07163014466879644,0.07107298336207142,-0.15951388331129296,0.11729533530027297,1.932211779631863,0.7734,9999,0.20067795447539355,0.000489710626012746,0.004728304813461773,-0.007731374385898354,0.008710795637923846,0.0132467488721269,7803333.518428929,52.764516301997354,0.2187065756700794,rebuilt_corrected_preperiod_weight
POST-OUTCOME EXPLORATORY -- NOT PART OF CONFIRMATORY YAX v1.1,profile_SOC2_x_post,17,Architecture and Engineering,Q2_x_post,449,0.022767510805814184,False,False,-0.025747132707398025,0.05195398310076671,0.05178945661709139,-0.12363717655305931,0.07214291113826327,1.8841682197070406,0.6463,9999,0.14555351107719897,-0.00015690361094785818,0.0008492325432615499,-0.0017964902380263707,0.0014826830161306544,0.0023791973399420402,20205482.31265218,35.62596299263291,0.29222733916873495,rebuilt_corrected_preperiod_weight
POST-OUTCOME EXPLORATORY -- NOT PART OF CONFIRMATORY YAX v1.1,profile_SOC2_x_post,17,Architecture and Engineering,Q3_x_post,449,0.022767510805814184,False,False,0.017733112598015716,0.05320208914099894,0.053059300033627056,-0.0844902637468681,0.11995648894289954,1.9214165833594639,0.7469,9999,0.14905018651015112,0.0016512899015770459,0.0020001278802984947,-0.0022460539038453124,0.005548633706999404,0.005603528703779888,12792298.981265908,46.78708541816015,0.24122039003824752,rebuilt_corrected_preperiod_weight
POST-OUTCOME EXPLORATORY -- NOT PART OF CONFIRMATORY YAX v1.1,profile_SOC2_x_post,17,Architecture and Engineering,Q4_x_post,449,0.022767510805814184,False,False,-0.0053200336498323755,0.0615803870779169,0.06141512598070456,-0.12392541106750558,0.11328534376784084,1.9260252012966936,0.9329,9999,0.17252270216316684,0.00869138982370474,0.007410176137281438,-0.005617295967776142,0.023000075615185623,0.02076023992982113,9015257.943364523,37.148187192410155,0.29660004898679004,rebuilt_corrected_preperiod_weight
POST-OUTCOME EXPLORATORY -- NOT PART OF CONFIRMATORY YAX v1.1,profile_SOC2_x_post,17,Architecture and Engineering,Q5_x_post,449,0.022767510805814184,False,False,-0.03363204443272099,0.07275672153211245,0.07247441083902953,-0.17458346221154192,0.10731937334609992,1.9372975418719156,0.6524,9999,0.20383415556272774,-0.012033059801198252,0.01099051459268257,-0.03295857770660522,0.008892458104208717,0.03079086322231436,7667491.377522537,51.59941045499706,0.2211370599037457,rebuilt_corrected_preperiod_weight
POST-OUTCOME EXPLORATORY -- NOT PART OF CONFIRMATORY YAX v1.1,profile_SOC2_x_post,19,"Life, Physical, and Social Science",Q2_x_post,447,0.012485338239220373,False,False,-0.02555587260843204,0.051881263796825124,0.05171093433637679,-0.12366372851574414,0.07255198329888007,1.8910074413668354,0.6464,9999,0.14534978175020477,3.4356488018125186e-05,0.0005034879470539179,-0.0009436994848624619,0.0010124124608987123,0.001410564389964301,20205421.663481254,35.61169629674529,0.2921781241667042,rebuilt_corrected_preperiod_weight
POST-OUTCOME EXPLORATORY -- NOT PART OF CONFIRMATORY YAX v1.1,profile_SOC2_x_post,19,"Life, Physical, and Social Science",Q3_x_post,447,0.012485338239220373,False,False,0.015031757943115223,0.05304954530266523,0.052905782806565875,-0.08711593386277537,0.1171794497490058,1.925514935577754,0.7859,9999,0.14862282194756116,-0.0010500647533234469,0.0033962218521067984,-0.007565189146748487,0.005465059640101593,0.009514804938294654,12759321.774946809,46.65911073874106,0.24129612425620509,rebuilt_corrected_preperiod_weight
POST-OUTCOME EXPLORATORY -- NOT PART OF CONFIRMATORY YAX v1.1,profile_SOC2_x_post,19,"Life, Physical, and Social Science",Q4_x_post,447,0.012485338239220373,False,False,-0.012276141085086557,0.06101754999946563,0.06106420306602085,-0.12993204611741216,0.10537976394723905,1.9282305669984454,0.843,9999,0.17094586612397186,0.0017352823884505594,0.008163422076629755,-0.013896277503130642,0.017366842280031762,0.022870522619102992,8977613.607061706,36.78280409296252,0.29931877873796964,rebuilt_corrected_preperiod_weight
POST-OUTCOME EXPLORATORY -- NOT PART OF CONFIRMATORY YAX v1.1,profile_SOC2_x_post,19,"Life, Physical, and Social Science",Q5_x_post,447,0.012485338239220373,False,False,-0.020673887948721815,0.07170500001027906,0.07122720820710834,-0.15902346784091415,0.11767569194347051,1.9294272348143033,0.7768,9999,0.20088766809358805,0.0009250966828009237,0.004005012598292526,-0.006826023397561536,0.008676216763163384,0.011220384093732553,7781606.308080066,52.028098632615695,0.22155107141837846,rebuilt_corrected_preperiod_weight
POST-OUTCOME EXPLORATORY -- NOT PART OF CONFIRMATORY YAX v1.1,profile_SOC2_x_post,21,Community and Social Service,Q2_x_post,456,0.013108777546960387,False,False,-0.026939064472323433,0.052035741643141696,0.051844391289314305,-0.12499083974031411,0.07111271079566725,1.8843158984919337,0.6302,9999,0.1457825646009712,-0.0013488353758732662,0.001252119276766359,-0.0037867623368615135,0.0010890915851149811,0.003507918857102932,20119223.5412096,35.36113066768398,0.2931638204841307,rebuilt_corrected_preperiod_weight
POST-OUTCOME EXPLORATORY -- NOT PART OF CONFIRMATORY YAX v1.1,profile_SOC2_x_post,21,Community and Social Service,Q3_x_post,456,0.013108777546960387,False,False,0.021027493249262435,0.053262255683557545,0.053165819415870355,-0.08144485971706496,0.12349984621558983,1.92392063856885,0.7035,9999,0.14921874820640826,0.004945670552823765,0.0035676744829585935,-0.001868797910689203,0.011760139016336733,0.009995144094495622,12616137.237566555,45.13714052871949,0.24712243733268618,rebuilt_corrected_preperiod_weight
POST-OUTCOME EXPLORATORY -- NOT PART OF CONFIRMATORY YAX v1.1,profile_SOC2_x_post,21,Community and Social Service,Q4_x_post,456,0.013108777546960387,False,False,-0.011563604474970995,0.0610183497435175,0.06096826823405839,-0.12906341800937834,0.10593620905943636,1.9256471869249525,0.851,9999,0.17094810667508586,0.0024478189985661213,0.0019541303728064377,-0.0013269736400191457,0.006222611637151388,0.0054746627667201,9081176.380658709,37.91911771692909,0.2954162133638882,rebuilt_corrected_preperiod_weight
POST-OUTCOME EXPLORATORY -- NOT PART OF CONFIRMATORY YAX v1.1,profile_SOC2_x_post,21,Community and Social Service,Q5_x_post,456,0.013108777546960387,False,False,-0.019677333784855124,0.07145480156486209,0.07093375684294947,-0.15766066260598813,0.1183059950362779,1.9310574768846094,0.7869,9999,0.200186715827313,0.001921650846667615,0.001658688223075247,-0.0012944259022096144,0.005137727595544844,0.0046469564072256775,7809914.918271159,52.665602657955596,0.2200214455488463,rebuilt_corrected_preperiod_weight
POST-OUTCOME EXPLORATORY -- NOT PART OF CONFIRMATORY YAX v1.1,profile_SOC2_x_post,23,Legal,Q2_x_post,464,0.013427869411027112,False,False,-0.02565854152773314,0.05188469898181877,0.0517099612831764,-0.12361226265546596,0.07229517959999968,1.8879115240132234,0.6455,9999,0.14535940571370445,-6.831243128297207e-05,0.00010505962939644087,-0.0002740056309361895,0.00013738076837024535,0.0002943335047374954,20207611.06605199,35.61053455211168,0.2921906687427691,rebuilt_corrected_preperiod_weight
POST-OUTCOME EXPLORATORY -- NOT PART OF CONFIRMATORY YAX v1.1,profile_SOC2_x_post,23,Legal,Q3_x_post,464,0.013427869411027112,False,False,0.0166591791091245,0.05310533229981046,0.0529795497501127,-0.08556698232242009,0.11888534054066908,1.9249698100826957,0.7623,9999,0.14877911397412616,0.000577356412685831,0.0005339928998234902,-0.0002870013541559635,0.0014417141795276256,0.0014960266147227691,12792907.603207894,46.804028734744804,0.24129021054756639,rebuilt_corrected_preperiod_weight
POST-OUTCOME EXPLORATORY -- NOT PART OF CONFIRMATORY YAX v1.1,profile_SOC2_x_post,23,Legal,Q4_x_post,464,0.013427869411027112,False,False,-0.015325383573958596,0.06120574324553381,0.061130176741402364,-0.13363124309196667,0.10298047594404948,1.9329208869077965,0.8073,9999,0.17147310554030518,-0.0013139601004214796,0.001224345505546679,-0.0033106763175082266,0.0006827561166652674,0.003430108270202625,9062152.151832942,37.794962758070355,0.2952212776790606,rebuilt_corrected_preperiod_weight
POST-OUTCOME EXPLORATORY -- NOT PART OF CONFIRMATORY YAX v1.1,profile_SOC2_x_post,23,Legal,Q5_x_post,464,0.013427869411027112,False,False,-0.022498982773951605,0.07178589138393487,0.07124722290694732,-0.16086989627013545,0.11587193072223226,1.9275502585338127,0.7595,9999,0.20111429217029503,-0.0008999981424288664,0.0007736442170629468,-0.002268415762639399,0.0004684194777816661,0.0021674302026021323,7803374.722111938,52.70675296117472,0.21964174227877187,rebuilt_corrected_preperiod_weight
POST-OUTCOME EXPLORATORY -- NOT PART OF CONFIRMATORY YAX v1.1,profile_SOC2_x_post,25,Educational Instruction and Library,Q2_x_post,461,0.04533650975246818,False,False,-0.02569778641667573,0.0519700891786567,0.05181508538123045,-0.1235951423022929,0.07219956946894146,1.8837249932182547,0.6461,9999,0.14559863362693734,-0.00010755732022556252,0.0017198440537961434,-0.003366077379224189,0.0031509627387730638,0.0048182896785747605,20103691.34040858,35.31194255645809,0.2929861071442896,rebuilt_corrected_preperiod_weight
POST-OUTCOME EXPLORATORY -- NOT PART OF CONFIRMATORY YAX v1.1,profile_SOC2_x_post,25,Educational Instruction and Library,Q3_x_post,461,0.04533650975246818,False,False,0.01642195216683265,0.05352424516701975,0.05333903685880044,-0.08683761041381442,0.11968151474747972,1.9292110007050214,0.7682,9999,0.14995273407057702,0.00034012947039397876,0.004607201148345781,-0.00832642330200405,0.009006682242792007,0.012907466634078633,12442806.424433779,44.17687713329047,0.25345881949695503,rebuilt_corrected_preperiod_weight
POST-OUTCOME EXPLORATORY -- NOT PART OF CONFIRMATORY YAX v1.1,profile_SOC2_x_post,25,Educational Instruction and Library,Q4_x_post,461,0.04533650975246818,False,False,-0.019507140579986995,0.061039040344397555,0.0608399563328774,-0.13749609241447436,0.09848181125450037,1.9330079760226266,0.7557,9999,0.1710060731566653,-0.005495717106449879,0.008748144670065716,-0.01925814229673075,0.00826670808383099,0.02450867279356986,8987431.921768283,36.351649156237855,0.3048380228492017,rebuilt_corrected_preperiod_weight
POST-OUTCOME EXPLORATORY -- NOT PART OF CONFIRMATORY YAX v1.1,profile_SOC2_x_post,25,Educational Instruction and Library,Q5_x_post,461,0.04533650975246818,False,False,-0.03464850209836931,0.07196443385310825,0.0715502321297545,-0.17324659369084397,0.10394958949410535,1.9259248516479286,0.638,9999,0.20161449411273655,-0.013049517466846572,0.017031623815418714,-0.03826684330336894,0.012167808369675799,0.047715545521737866,7566297.854343911,49.30964966405515,0.23539464669357144,rebuilt_corrected_preperiod_weight
POST-OUTCOME EXPLORATORY -- NOT PART OF CONFIRMATORY YAX v1.1,profile_SOC2_x_post,27,"Arts, Design, Entertainment, Sports, and Media",Q2_x_post,443,0.018037891505635284,False,False,-0.025241522690708555,0.052297710487369364,0.052125440223308034,-0.12379653336539764,0.07331348798398055,1.8844995269628777,0.654,9999,0.14651649264256558,0.00034870640574161116,0.0017178959716619739,-0.002718269539336647,0.0034156823508198694,0.004812831960464001,20027738.399839126,35.07435090534628,0.294695496586549,rebuilt_corrected_preperiod_weight
POST-OUTCOME EXPLORATORY -- NOT PART OF CONFIRMATORY YAX v1.1,profile_SOC2_x_post,27,"Arts, Design, Entertainment, Sports, and Media",Q3_x_post,443,0.018037891505635284,False,False,0.017466903720382322,0.0538327673523279,0.05371840072664182,-0.08639088480277199,0.12132469224353662,1.9292671291338168,0.7531,9999,0.15081708526439624,0.0013850810239436524,0.00396497832827507,-0.006115080055464437,0.008885242103351742,0.011108224674633706,12545638.22258415,44.86072016506248,0.24748322441561876,rebuilt_corrected_preperiod_weight
POST-OUTCOME EXPLORATORY -- NOT PART OF CONFIRMATORY YAX v1.1,profile_SOC2_x_post,27,"Arts, Design, Entertainment, Sports, and Media",Q4_x_post,443,0.018037891505635284,False,False,-0.009455728716591668,0.06236866366174822,0.06233788909561736,-0.12986813206628176,0.11095667463309843,1.9306554971698247,0.8862,9999,0.17473112618821326,0.004555694756945448,0.007507160570475651,-0.009933924197074189,0.019045313710965087,0.0210319500842451,8718460.952783031,34.04216383775241,0.3151152296792561,rebuilt_corrected_preperiod_weight
POST-OUTCOME EXPLORATORY -- NOT PART OF CONFIRMATORY YAX v1.1,profile_SOC2_x_post,27,"Arts, Design, Entertainment, Sports, and Media",Q5_x_post,443,0.018037891505635284,False,False,-0.010194942073044652,0.07344532090045724,0.07294716861111666,-0.1522272805430212,0.13183739639693187,1.9338514248236105,0.8953,9999,0.20576332537428446,0.011404042558478086,0.00971057480306496,-0.006930294270533585,0.029738379387489758,0.02720500282764704,7439990.187338802,46.71402576014794,0.23904504211628433,rebuilt_corrected_preperiod_weight
POST-OUTCOME EXPLORATORY -- NOT PART OF CONFIRMATORY YAX v1.1,profile_SOC2_x_post,29,Healthcare Practitioners and Technical,Q2_x_post,431,0.06383214682502324,False,False,-0.03580111019123181,0.0523793700338563,0.05214299178174347,-0.13384233337877957,0.06224011299631594,1.8717526217703102,0.5273,9999,0.14674526882092118,-0.010210881094781646,0.01059264889952328,-0.030170221360952383,0.009748459171389091,0.029676208577565023,19396279.326287374,33.187947555423136,0.303410313182659,rebuilt_corrected_preperiod_weight
POST-OUTCOME EXPLORATORY -- NOT PART OF CONFIRMATORY YAX v1.1,profile_SOC2_x_post,29,Healthcare Practitioners and Technical,Q3_x_post,431,0.06383214682502324,False,False,0.0004479709711369724,0.05336579943879099,0.05327422102391716,-0.10274713275829386,0.1036430747005678,1.933731056494199,0.9925,9999,0.14950883486049818,-0.015633851725301698,0.018543871398446928,-0.050882113195634335,0.01961440974503094,0.051952235996476775,11349343.773530466,36.9742345430153,0.28551363574539007,rebuilt_corrected_preperiod_weight
POST-OUTCOME EXPLORATORY -- NOT PART OF CONFIRMATORY YAX v1.1,profile_SOC2_x_post,29,Healthcare Practitioners and Technical,Q4_x_post,431,0.06383214682502324,False,False,-0.024713011007313223,0.061249453749636175,0.06106905061128338,-0.14187460356277654,0.0924485815481501,1.9128593870301949,0.6963,9999,0.17159556424247463,-0.010701587533776107,0.014311985227572387,-0.03771042112280805,0.01630724605525584,0.04009624625541797,8756461.164546961,34.971386345596315,0.31204531826441934,rebuilt_corrected_preperiod_weight
POST-OUTCOME EXPLORATORY -- NOT PART OF CONFIRMATORY YAX v1.1,profile_SOC2_x_post,29,Healthcare Practitioners and Technical,Q5_x_post,431,0.06383214682502324,False,False,-0.03247509398351457,0.07227951028606729,0.07171680195463849,-0.17092505845476474,0.10597487048773559,1.91548011218247,0.6644,9999,0.20249720758989034,-0.010876109351991833,0.015249543826897595,-0.039826868196552956,0.018074649492569286,0.04272289656840217,7531544.5789137455,48.54545035276611,0.23394457657955242,rebuilt_corrected_preperiod_weight
POST-OUTCOME EXPLORATORY -- NOT PART OF CONFIRMATORY YAX v1.1,profile_SOC2_x_post,31,Healthcare Support,Q2_x_post,454,0.036642463694461905,False,False,-0.05209086591147207,0.05343049920387275,0.052929700824241324,-0.15118462586935152,0.047002894046407374,1.8546291244588808,0.3598,9999,0.14969009676596662,-0.026500636815021905,0.022728315880760668,-0.0673103586864428,0.014309085056398989,0.06367531380414132,17574875.213044345,32.09026670427269,0.32451586208539346,rebuilt_corrected_preperiod_weight
POST-OUTCOME EXPLORATORY -- NOT PART OF CONFIRMATORY YAX v1.1,profile_SOC2_x_post,31,Healthcare Support,Q3_x_post,454,0.036642463694461905,False,False,-0.008483345187813568,0.05438738293588342,0.053935848254403555,-0.11269939530796029,0.09573270493233314,1.9161806377594168,0.8825,9999,0.15237088808502047,-0.02456516788425224,0.02577275057374461,-0.07085966739751216,0.021729331629007684,0.07220455703751542,11021876.488959802,47.17600489434288,0.22686124107378175,rebuilt_corrected_preperiod_weight
POST-OUTCOME EXPLORATORY -- NOT PART OF CONFIRMATORY YAX v1.1,profile_SOC2_x_post,31,Healthcare Support,Q4_x_post,454,0.036642463694461905,False,False,-0.040020080862894346,0.062485336266111725,0.061837136790862855,-0.15861375844843506,0.07857359672264638,1.8979441365326983,0.5384,9999,0.1750579944319568,-0.02600865738935723,0.023249987629882944,-0.06737816361784973,0.015360848839135272,0.06513682166518943,8424312.153517522,37.40457781087862,0.2940068810774871,rebuilt_corrected_preperiod_weight
POST-OUTCOME EXPLORATORY -- NOT PART OF CONFIRMATORY YAX v1.1,profile_SOC2_x_post,31,Healthcare Support,Q5_x_post,454,0.036642463694461905,False,False,-0.05286652800076461,0.07353443709613688,0.07244812310053853,-0.19382480366932858,0.08809174766779937,1.9169015394009072,0.4762,9999,0.206012991990795,-0.03126754336924187,0.02505833436607674,-0.07655396380640586,0.014018877067922118,0.07020305915053279,7219250.972766256,51.56129324908836,0.2218444684652038,rebuilt_corrected_preperiod_weight
POST-OUTCOME EXPLORATORY -- NOT PART OF CONFIRMATORY YAX v1.1,profile_SOC2_x_post,33,Protective Service,Q2_x_post,451,0.02280028801980246,False,False,-0.017210749946104078,0.05323160933160919,0.053048165174664694,-0.11721389093796114,0.08279239104575298,1.8786420746530896,0.7652,9999,0.14913288983980066,0.008379479150346088,0.007963783962390981,-0.004791751643012852,0.02155070994370503,0.0223112194292797,19642109.48097666,34.43825190334048,0.30023663141192597,rebuilt_corrected_preperiod_weight
POST-OUTCOME EXPLORATORY -- NOT PART OF CONFIRMATORY YAX v1.1,profile_SOC2_x_post,33,Protective Service,Q3_x_post,451,0.02280028801980246,False,False,0.030191391023366123,0.0537150698522286,0.05365938739267124,-0.07406349029741226,0.1344462723441445,1.9408870100622782,0.5928,9999,0.1504873456879092,0.014109568326927453,0.012823012081665757,-0.008785924097264575,0.03700506075111948,0.03592476109967879,12270028.990040587,44.06502396315246,0.2526320941572794,rebuilt_corrected_preperiod_weight
POST-OUTCOME EXPLORATORY -- NOT PART OF CONFIRMATORY YAX v1.1,profile_SOC2_x_post,33,Protective Service,Q4_x_post,451,0.02280028801980246,False,False,-0.0029757073631356116,0.06190680566690376,0.061980476548775414,-0.12216069042165269,0.11620927569538146,1.9252323193641216,0.9621,9999,0.1734371916569897,0.011035716110401505,0.008984482519414552,-0.005035138203046626,0.027106570423849636,0.02517079341878617,8979314.416489694,37.55817602627823,0.29648347532432023,rebuilt_corrected_preperiod_weight
POST-OUTCOME EXPLORATORY -- NOT PART OF CONFIRMATORY YAX v1.1,profile_SOC2_x_post,33,Protective Service,Q5_x_post,451,0.02280028801980246,False,False,-0.009698622967945054,0.07231459665866893,0.07189827229078953,-0.15007244269830244,0.13067519676241235,1.9411547075749285,0.8952,9999,0.20259550505272833,0.011900361663577684,0.009664595514874322,-0.005092801211249755,0.028893524538405123,0.027076187933512793,7712000.829066914,52.0072381539091,0.2211941374097444,rebuilt_corrected_preperiod_weight
POST-OUTCOME EXPLORATORY -- NOT PART OF CONFIRMATORY YAX v1.1,profile_SOC2_x_post,35,Food Preparation and Serving Related,Q2_x_post,458,0.03266807800281432,False,False,0.01408312243841304,0.0465611601751511,0.046686056695064475,-0.07588381697983111,0.1040500618566572,1.9322314796240405,0.774,9999,0.13044505808489354,0.039673351534863205,0.03950897247767557,-0.026598750620014946,0.10594545368974136,0.11068775327628798,16147704.973964065,31.623369567129117,0.32701903288167083,rebuilt_corrected_preperiod_weight
POST-OUTCOME EXPLORATORY -- NOT PART OF CONFIRMATORY YAX v1.1,profile_SOC2_x_post,35,Food Preparation and Serving Related,Q3_x_post,458,0.03266807800281432,False,False,0.048757527890088206,0.05146306136082799,0.05156502857524716,-0.05160591075559047,0.1491209665357669,1.9502034273085833,0.3519,9999,0.14417815198733636,0.03267570519364954,0.032976688647973956,-0.022793444784214356,0.08814485517151344,0.09238700345847756,11361124.867232872,42.296350338570406,0.26690126418424337,rebuilt_corrected_preperiod_weight
POST-OUTCOME EXPLORATORY -- NOT PART OF CONFIRMATORY YAX v1.1,profile_SOC2_x_post,35,Food Preparation and Serving Related,Q4_x_post,458,0.03266807800281432,False,False,0.025724812403809055,0.05969113136684887,0.06002563781820267,-0.09211553194687556,0.14356515675449366,1.9741683840177726,0.6728,9999,0.16722979128980314,0.03973623587734617,0.04027636091876733,-0.02830293978788135,0.1077754115425737,0.11283765738940141,7644222.200533535,47.06834187143028,0.24658148268645397,rebuilt_corrected_preperiod_weight
POST-OUTCOME EXPLORATORY -- NOT PART OF CONFIRMATORY YAX v1.1,profile_SOC2_x_post,35,Food Preparation and Serving Related,Q5_x_post,458,0.03266807800281432,False,False,0.01810319736287672,0.0697076931973398,0.06953383167024138,-0.11883896291128043,0.15504535763703386,1.9645200406571934,0.7957,9999,0.1952920428504211,0.039702181994399455,0.040196125934260765,-0.028098963400181698,0.10750332738898061,0.11261287224283228,6877234.562197067,54.31806573198742,0.20482091618628534,rebuilt_corrected_preperiod_weight
POST-OUTCOME EXPLORATORY -- NOT PART OF CONFIRMATORY YAX v1.1,profile_SOC2_x_post,37,Building and Grounds Cleaning and Maintenance,Q2_x_post,462,0.025103969800191438,False,False,-0.01730277286436296,0.053609132718192946,0.0533706734523409,-0.118114112228827,0.08350856650010108,1.8804881603736974,0.7629,9999,0.15019055377914564,0.008287456232087206,0.005465677068191685,-0.0019141251834376878,0.0184890376476121,0.015312560081224853,19614933.23728601,33.878663880466114,0.3013371997039081,rebuilt_corrected_preperiod_weight
POST-OUTCOME EXPLORATORY -- NOT PART OF CONFIRMATORY YAX v1.1,profile_SOC2_x_post,37,Building and Grounds Cleaning and Maintenance,Q3_x_post,462,0.025103969800191438,False,False,0.027193002468446498,0.05465684165296902,0.05436386378968524,-0.07770817586349199,0.13209418080038499,1.9192689361376618,0.6339,9999,0.15312579964369918,0.011111179772007828,0.007670898017091569,-0.0018942190995646264,0.024116578643580282,0.02149067449433582,12441476.80337885,45.157886329658005,0.24759581347633267,rebuilt_corrected_preperiod_weight
POST-OUTCOME EXPLORATORY -- NOT PART OF CONFIRMATORY YAX v1.1,profile_SOC2_x_post,37,Building and Grounds Cleaning and Maintenance,Q4_x_post,462,0.025103969800191438,False,False,-0.004379228218575369,0.06243285709329953,0.062255314774855214,-0.12477407092477269,0.11601561448762196,1.9283891257175614,0.9446,9999,0.17491096955714736,0.009632195254961746,0.006395265398256078,-0.0019133417393193582,0.02117773224924285,0.017916881005663573,8972106.398603264,38.07979854737011,0.29338135155104605,rebuilt_corrected_preperiod_weight
POST-OUTCOME EXPLORATORY -- NOT PART OF CONFIRMATORY YAX v1.1,profile_SOC2_x_post,37,Building and Grounds Cleaning and Maintenance,Q5_x_post,462,0.025103969800191438,False,False,-0.01232041824460792,0.07289146247789967,0.07224501327617598,-0.1536088579710943,0.12896802148187847,1.938340032199578,0.8674,9999,0.2042116438047198,0.009278566386914818,0.006024188577920483,-0.0018891395938214206,0.020446272367651057,0.016877277671027008,7722059.908503158,52.703714041139754,0.2188032498030973,rebuilt_corrected_preperiod_weight
POST-OUTCOME EXPLORATORY -- NOT PART OF CONFIRMATORY YAX v1.1,profile_SOC2_x_post,39,Personal Care and Service,Q2_x_post,451,0.025147093733323935,False,False,-0.060651843090358946,0.053509640276862266,0.05353212825986271,-0.16200455448194082,0.040700868301222916,1.89410190139901,0.2773,9999,0.14991181722619965,-0.03506161399390878,0.01599076261926817,-0.06601407985782493,-0.004109148129992628,0.04479948418049512,18391750.431661446,30.409281600651617,0.323547550965992,rebuilt_corrected_preperiod_weight
POST-OUTCOME EXPLORATORY -- NOT PART OF CONFIRMATORY YAX v1.1,profile_SOC2_x_post,39,Personal Care and Service,Q3_x_post,451,0.025147093733323935,False,False,-0.002548696872383182,0.05495208670842189,0.05493415342052712,-0.10876445546057745,0.10366706171581108,1.9328794400798572,0.9628,9999,0.15395295382677687,-0.018630519568821852,0.01258763744978376,-0.04302470938315256,0.005763670245508851,0.0352653390102794,12081044.202964056,43.148537413796184,0.2518763795723926,rebuilt_corrected_preperiod_weight
POST-OUTCOME EXPLORATORY -- NOT PART OF CONFIRMATORY YAX v1.1,profile_SOC2_x_post,39,Personal Care and Service,Q4_x_post,451,0.025147093733323935,False,False,-0.038190770308735904,0.062291912577907796,0.06230031275569579,-0.15782492076158466,0.08144338014411284,1.9205406529013485,0.56,9999,0.17451610148625177,-0.02417934683519879,0.013210813635055456,-0.04980022490551591,0.0014415312351183304,0.03701122019921662,8789054.334243407,38.136588527763124,0.2900097616557329,rebuilt_corrected_preperiod_weight
POST-OUTCOME EXPLORATORY -- NOT PART OF CONFIRMATORY YAX v1.1,profile_SOC2_x_post,39,Personal Care and Service,Q5_x_post,451,0.025147093733323935,False,False,-0.04556879439222913,0.07233397660488469,0.07188531722397931,-0.1858492243559412,0.09471163557148293,1.939343536025627,0.5399,9999,0.20264979962357424,-0.02396980976070639,0.013118022861712448,-0.04943031768964152,0.001490698168228742,0.036751258940241574,7580330.209204361,52.516349886081485,0.21779646656223645,rebuilt_corrected_preperiod_weight
POST-OUTCOME EXPLORATORY -- NOT PART OF CONFIRMATORY YAX v1.1,profile_SOC2_x_post,41,Sales and Related,Q2_x_post,451,0.10057891735670715,False,False,-0.020901662050435227,0.05381796028736965,0.05364048892967004,-0.12204619700676048,0.08024287290589002,1.8793825410002116,0.7212,9999,0.15077560201008555,0.0046885670460149395,0.004943410421994561,-0.00495614248701684,0.01433327657904672,0.013849385565325554,19512277.457405243,35.79147557317533,0.29876610061905795,rebuilt_corrected_preperiod_weight
POST-OUTCOME EXPLORATORY -- NOT PART OF CONFIRMATORY YAX v1.1,profile_SOC2_x_post,41,Sales and Related,Q3_x_post,451,0.10057891735670715,False,False,0.004212014345477492,0.054018837256900785,0.05403340742795915,-0.10033014767204065,0.10875417636299564,1.9352908601186731,0.941,9999,0.15133837595858332,-0.011869808350961178,0.00985031410923155,-0.031065825907318226,0.007326209205395869,0.02759649440219272,11519803.876163755,41.93936005684523,0.2661602590003923,rebuilt_corrected_preperiod_weight
POST-OUTCOME EXPLORATORY -- NOT PART OF CONFIRMATORY YAX v1.1,profile_SOC2_x_post,41,Sales and Related,Q4_x_post,451,0.10057891735670715,False,False,-0.015024306063377407,0.06797201546244468,0.06796839949990786,-0.14862648399224476,0.11857787186548996,1.965546806577835,0.8243,9999,0.19042939376493112,-0.0010128825898402909,0.022453352278885577,-0.044953689828564805,0.042927924648884216,0.06290497984160896,7096121.813423485,34.65633074769946,0.29172595367911347,rebuilt_corrected_preperiod_weight
POST-OUTCOME EXPLORATORY -- NOT PART OF CONFIRMATORY YAX v1.1,profile_SOC2_x_post,41,Sales and Related,Q5_x_post,451,0.10057891735670715,False,False,-0.02503108849004172,0.08024844187430415,0.07989269014097661,-0.1807702927528202,0.13070811577273678,1.940713123212013,0.7567,9999,0.22482284853164825,-0.0034321038585189804,0.02942588898447175,-0.05985710322628024,0.05299289550924227,0.08243913560872929,6196692.675233679,35.13030317902199,0.29100583680981107,rebuilt_corrected_preperiod_weight
POST-OUTCOME EXPLORATORY -- NOT PART OF CONFIRMATORY YAX v1.1,profile_SOC2_x_post,43,Office and Administrative Support,Q2_x_post,421,0.1121271028910818,False,False,-0.022316872892286246,0.05187221187291827,0.0517082368257161,-0.12029850687289896,0.07566476108832647,1.888904105740814,0.6873,9999,0.14532442201399182,0.00327335620416392,0.004265682660949353,-0.0047241219011033495,0.01127083430943119,0.011950673488076501,20107667.00925252,35.236578324664436,0.2931933976788157,rebuilt_corrected_preperiod_weight
POST-OUTCOME EXPLORATORY -- NOT PART OF CONFIRMATORY YAX v1.1,profile_SOC2_x_post,43,Office and Administrative Support,Q3_x_post,421,0.1121271028910818,False,False,0.003962509516354752,0.05346233001220201,0.05334272547532571,-0.09942566378372164,0.10735068281643115,1.9338508680126647,0.9473,9999,0.14977927348806247,-0.012119313180083918,0.00925772265540338,-0.028824986722566406,0.004586360362398569,0.02593629894476765,12485209.57112404,43.784504194873676,0.25311298644261176,rebuilt_corrected_preperiod_weight
POST-OUTCOME EXPLORATORY -- NOT PART OF CONFIRMATORY YAX v1.1,profile_SOC2_x_post,43,Office and Administrative Support,Q4_x_post,421,0.1121271028910818,False,False,-0.038103349901881016,0.06127827799770596,0.061221889888516304,-0.1568682977229102,0.08066159791914818,1.938124759730933,0.5462,9999,0.17167631782979015,-0.0240919264283439,0.020351197073186757,-0.06003023026932067,0.011846377412632864,0.05701561289114392,8138245.824301505,29.086499185098578,0.3302854396001974,rebuilt_corrected_preperiod_weight
POST-OUTCOME EXPLORATORY -- NOT PART OF CONFIRMATORY YAX v1.1,profile_SOC2_x_post,43,Office and Administrative Support,Q5_x_post,421,0.1121271028910818,False,False,-0.06300077982544161,0.07838434595639278,0.07728956705965784,-0.21254146485708358,0.08653990520620036,1.9077876227331831,0.4258,9999,0.21960042496288304,-0.04140179519391887,0.038964099567011835,-0.11637872331558011,0.03357513292774236,0.10916124538402226,6047149.244399557,48.09497405112542,0.24003884593509675,rebuilt_corrected_preperiod_weight
POST-OUTCOME EXPLORATORY -- NOT PART OF CONFIRMATORY YAX v1.1,profile_SOC2_x_post,45,"Farming, Fishing, and Forestry",Q2_x_post,463,0.0014627065575348978,False,False,-0.026316490104038668,0.05197152781277426,0.051804676318898873,-0.12453827043336262,0.07190529022528529,1.8899151990136738,0.6394,9999,0.14560266408301537,-0.0007262610075885016,0.002549730907141135,-0.005787024327751609,0.004334502312574606,0.007143288419612373,20127126.71404714,35.399835066982824,0.2933320647542526,rebuilt_corrected_preperiod_weight
POST-OUTCOME EXPLORATORY -- NOT PART OF CONFIRMATORY YAX v1.1,profile_SOC2_x_post,45,"Farming, Fishing, and Forestry",Q3_x_post,463,0.0014627065575348978,False,False,0.015039617820961472,0.053141178144598324,0.05302364245999244,-0.08761938381722438,0.11769861945914732,1.931816441081687,0.7837,9999,0.1488795391630146,-0.0010422048754771974,0.0020938671007764797,-0.005042238974211058,0.0029578292232566635,0.005866147118228443,12788207.765364485,46.77930684083911,0.24133533828743575,rebuilt_corrected_preperiod_weight
POST-OUTCOME EXPLORATORY -- NOT PART OF CONFIRMATORY YAX v1.1,profile_SOC2_x_post,45,"Farming, Fishing, and Forestry",Q4_x_post,463,0.0014627065575348978,False,False,-0.014623935058133872,0.06110618499972845,0.06104576912318023,-0.13253985091283482,0.10329198079656708,1.9296887189934206,0.8156,9999,0.1711941846305156,-0.000612511584596756,0.0021414605880349827,-0.004780289322685254,0.0035552661534917415,0.005999484328610312,9098558.292362668,38.329533977591524,0.29289064069944176,rebuilt_corrected_preperiod_weight
POST-OUTCOME EXPLORATORY -- NOT PART OF CONFIRMATORY YAX v1.1,profile_SOC2_x_post,45,"Farming, Fishing, and Forestry",Q5_x_post,463,0.0014627065575348978,False,False,-0.023206273253611548,0.07171267329882011,0.07119361611438647,-0.16176895281440265,0.11535640630717955,1.9321923613614733,0.7511,9999,0.200909165465339,-0.0016072886220888094,0.0025803504191895935,-0.006398592664654701,0.003184015420477082,0.007229071591953167,7813749.975730595,53.028715581148845,0.2182552555814657,rebuilt_corrected_preperiod_weight
POST-OUTCOME EXPLORATORY -- NOT PART OF CONFIRMATORY YAX v1.1,profile_SOC2_x_post,47,Construction and Extraction,Q2_x_post,438,0.06135329115739375,False,False,-0.023725300879002455,0.05298185917146632,0.052821103844288765,-0.12311405221840666,0.07566345046040174,1.8759015424081338,0.6814,9999,0.14843319348292305,0.001864928217447711,0.005364836650230575,-0.007528407689041148,0.01125826412393657,0.015030047056876671,19746639.05274762,34.153494619372864,0.3001489761492995,rebuilt_corrected_preperiod_weight
POST-OUTCOME EXPLORATORY -- NOT PART OF CONFIRMATORY YAX v1.1,profile_SOC2_x_post,47,Construction and Extraction,Q3_x_post,438,0.06135329115739375,False,False,0.020013273738588137,0.055101638597254386,0.055022232540238136,-0.08566459529119333,0.1256911427683696,1.917871622697028,0.7304,9999,0.15437193618787087,0.003931451042149467,0.011514478025692096,-0.016192788602121776,0.02405569068642071,0.032258791431065574,12062645.48743805,46.28065505477589,0.23916164240370408,rebuilt_corrected_preperiod_weight
POST-OUTCOME EXPLORATORY -- NOT PART OF CONFIRMATORY YAX v1.1,profile_SOC2_x_post,47,Construction and Extraction,Q4_x_post,438,0.06135329115739375,False,False,-0.010907416819741335,0.06251467616510098,0.06240456648987537,-0.13184916704109167,0.11003433340160901,1.9346137201757827,0.8636,9999,0.175140192659266,0.003104006653795781,0.008707805873011287,-0.011966200532926095,0.018174213840517657,0.024395660216025714,8880098.841006752,37.75995673006975,0.2977210422648159,rebuilt_corrected_preperiod_weight
POST-OUTCOME EXPLORATORY -- NOT PART OF CONFIRMATORY YAX v1.1,profile_SOC2_x_post,47,Construction and Extraction,Q5_x_post,438,0.06135329115739375,False,False,-0.019125707090048866,0.07292905841112154,0.07240980723471521,-0.16017965287701563,0.12192823869691789,1.934125420786405,0.7959,9999,0.20431697201549537,0.002473277541473872,0.008545047584785737,-0.012978585329660262,0.017925140412608006,0.023939679001607643,7665503.814709095,52.07654450984417,0.2228557217096611,rebuilt_corrected_preperiod_weight
POST-OUTCOME EXPLORATORY -- NOT PART OF CONFIRMATORY YAX v1.1,profile_SOC2_x_post,49,"Installation, Maintenance, and Repair",Q2_x_post,437,0.03562472514680118,False,False,-0.02670184592702994,0.05485114651593803,0.05476687803815319,-0.13040076957774077,0.0769970777236809,1.8905516153719626,0.6506,9999,0.15367016127560063,-0.0011116168305797744,0.006027305484522819,-0.01292077400846598,0.010697540347306432,0.01688600995049035,19047184.72102338,32.49692656025326,0.3104241654249477,rebuilt_corrected_preperiod_weight
POST-OUTCOME EXPLORATORY -- NOT PART OF CONFIRMATORY YAX v1.1,profile_SOC2_x_post,49,"Installation, Maintenance, and Repair",Q3_x_post,437,0.03562472514680118,False,False,0.019327630416170447,0.05612983903766791,0.05608716691383039,-0.08924746672812225,0.12790272756046314,1.9343561108634133,0.7403,9999,0.15725252734299067,0.0032458077197317775,0.007986162850856886,-0.01214976494674312,0.018641380386206677,0.022373915792403574,12150594.102390861,43.85700704717072,0.25112821399083995,rebuilt_corrected_preperiod_weight
POST-OUTCOME EXPLORATORY -- NOT PART OF CONFIRMATORY YAX v1.1,profile_SOC2_x_post,49,"Installation, Maintenance, and Repair",Q4_x_post,437,0.03562472514680118,False,False,-0.012070394799822576,0.06341981500170034,0.06337987232133312,-0.13435357637301334,0.11021278677336818,1.9281541828829405,0.8512,9999,0.17767601624422275,0.00194102867371454,0.0066109897953209006,-0.010887285913831105,0.014769343261260184,0.018521251287666712,8862424.258841615,37.80956165251572,0.2928767317334058,rebuilt_corrected_preperiod_weight
POST-OUTCOME EXPLORATORY -- NOT PART OF CONFIRMATORY YAX v1.1,profile_SOC2_x_post,49,"Installation, Maintenance, and Repair",Q5_x_post,437,0.03562472514680118,False,False,-0.021687508521138057,0.07393770190493118,0.0734176060154906,-0.16454168615654519,0.12116666911426908,1.9320884197765371,0.7756,9999,0.20714277271809825,-8.852388961531898e-05,0.007718316071546883,-0.01493054082219121,0.014753493042960572,0.021623520214769505,7609941.059432438,51.886218890461976,0.2194163000508246,rebuilt_corrected_preperiod_weight
POST-OUTCOME EXPLORATORY -- NOT PART OF CONFIRMATORY YAX v1.1,profile_SOC2_x_post,51,Production,Q2_x_post,416,0.041399018405477314,False,False,-0.023013019821596394,0.05643228871818248,0.05639844531170907,-0.12968976165259566,0.08366372200940288,1.8903493771754118,0.7178,9999,0.15809986589714328,0.002577209274853772,0.013168488451141089,-0.02296487175896027,0.028119290308667815,0.03689264258960821,18390841.652447328,30.461760409147644,0.32311029554647724,rebuilt_corrected_preperiod_weight
POST-OUTCOME EXPLORATORY -- NOT PART OF CONFIRMATORY YAX v1.1,profile_SOC2_x_post,51,Production,Q3_x_post,416,0.041399018405477314,False,False,0.024586487611412706,0.06142787098128134,0.06138820458047046,-0.09385600460692493,0.14302897982975035,1.9281555802972583,0.6977,9999,0.17209541532130837,0.008504664914974036,0.0153018638156016,-0.021181525072130752,0.038190854902078825,0.042869475475367146,10986956.877391255,44.999807699387866,0.24109032150389376,rebuilt_corrected_preperiod_weight
POST-OUTCOME EXPLORATORY -- NOT PART OF CONFIRMATORY YAX v1.1,profile_SOC2_x_post,51,Production,Q4_x_post,416,0.041399018405477314,False,False,-0.008929585697920158,0.06674655836584377,0.0668680915145492,-0.1375618637762829,0.1197026923804426,1.9271746922638002,0.8975,9999,0.18699617127766238,0.005081837775616958,0.013266813579760187,-0.020596020851913012,0.03075969640314693,0.03716810881651653,8518188.30109389,36.21927953655886,0.3022866653186244,rebuilt_corrected_preperiod_weight
POST-OUTCOME EXPLORATORY -- NOT PART OF CONFIRMATORY YAX v1.1,profile_SOC2_x_post,51,Production,Q5_x_post,416,0.041399018405477314,False,False,-0.013343366598299947,0.07695530999543687,0.0765778914364108,-0.16227125193136488,0.135584518734765,1.9352515809746689,0.8687,9999,0.2155968589385171,0.008255618033222792,0.013325750330936805,-0.017593266513003553,0.034104502579449136,0.03733322514741655,7336359.295103651,49.812238687201884,0.22952789275954982,rebuilt_corrected_preperiod_weight
POST-OUTCOME EXPLORATORY -- NOT PART OF CONFIRMATORY YAX v1.1,profile_SOC2_x_post,53,Transportation and Material Moving,Q2_x_post,443,0.0752399281773975,False,False,-0.016576177193654004,0.06926054599207568,0.06880809625331429,-0.14524782038140507,0.11209546599409706,1.8577913492404867,0.8277,9999,0.1940393218498326,0.009014051902796163,0.025194559056495446,-0.03960314105557966,0.05763124486117199,0.07058470422955185,14328392.303229861,35.93301105390236,0.30091775954137184,rebuilt_corrected_preperiod_weight
POST-OUTCOME EXPLORATORY -- NOT PART OF CONFIRMATORY YAX v1.1,profile_SOC2_x_post,53,Transportation and Material Moving,Q3_x_post,443,0.0752399281773975,False,False,0.022856293529262706,0.06280414550955939,0.06251726913581207,-0.0973598981342121,0.14307248519273752,1.9141442127443125,0.727,9999,0.17595116569579752,0.006774470832824037,0.017560851625348806,-0.027398656746074085,0.04094759841172216,0.04919822233105231,11466445.109491847,41.753307807592634,0.26082782021238266,rebuilt_corrected_preperiod_weight
POST-OUTCOME EXPLORATORY -- NOT PART OF CONFIRMATORY YAX v1.1,profile_SOC2_x_post,53,Transportation and Material Moving,Q4_x_post,443,0.0752399281773975,False,False,-0.007922656928945811,0.07260954737848652,0.0723739093231113,-0.14595774123918634,0.13011242738129472,1.9010596993631577,0.9156,9999,0.20342183462944105,0.006088766544591305,0.020239717093941335,-0.033181225187723616,0.045358758276906226,0.05670329222917441,8171973.048415132,43.28176919781401,0.27222233046391153,rebuilt_corrected_preperiod_weight
POST-OUTCOME EXPLORATORY -- NOT PART OF CONFIRMATORY YAX v1.1,profile_SOC2_x_post,53,Transportation and Material Moving,Q5_x_post,443,0.0752399281773975,False,False,-0.010507939771389085,0.07994283729191236,0.07939880647669957,-0.16395302724263283,0.14293714769985466,1.9194350947407197,0.8999,9999,0.2239666712510318,0.011091044860133653,0.019134517289089964,-0.026013629302460012,0.04819571902272732,0.05360698079284147,7247609.750523036,58.02174930728331,0.2058182044710986,rebuilt_corrected_preperiod_weight
POST-OUTCOME EXPLORATORY -- NOT PART OF CONFIRMATORY YAX v1.1,profile_SOC2_x_calendar_month,11,Management,Q2_x_post,439,0.1355636987108838,False,False,-0.02402774754780061,0.0522033560062197,0.05199983166333669,-0.12231291887275512,0.0742574237771539,1.8827366446181057,0.6688,9999,0.14625215052291396,0.000677808168742005,0.0011949087859965592,-0.0016420994534961687,0.0029977157909801787,0.0033476387918412727,20127230.20415266,35.5735585571554,0.29228529757820726,rebuilt_corrected_preperiod_weight
POST-OUTCOME EXPLORATORY -- NOT PART OF CONFIRMATORY YAX v1.1,profile_SOC2_x_calendar_month,11,Management,Q3_x_post,439,0.1355636987108838,False,False,0.01222236862764538,0.05352933590659743,0.05344518358070906,-0.09166011064953956,0.11610484790483032,1.940664450955416,0.8252,9999,0.1499669962113271,-0.004706769865455618,0.00669274870910572,-0.01776893949818837,0.008355399767277135,0.01875030585197524,12422879.781374626,44.880060685139526,0.2532271454935972,rebuilt_corrected_preperiod_weight
POST-OUTCOME EXPLORATORY -- NOT PART OF CONFIRMATORY YAX v1.1,profile_SOC2_x_calendar_month,11,Management,Q4_x_post,439,0.1355636987108838,False,False,-0.001998776708068605,0.0639694662479228,0.0639752752742616,-0.12486869620989031,0.12087114279375309,1.9207588668259603,0.9781,9999,0.17921591105075696,0.010558199043080424,0.01616154781341824,-0.02075538922614057,0.04187178731230142,0.04527795345589851,8053164.201376893,27.654891265958035,0.35144268151447056,rebuilt_corrected_preperiod_weight
POST-OUTCOME EXPLORATORY -- NOT PART OF CONFIRMATORY YAX v1.1,profile_SOC2_x_calendar_month,11,Management,Q5_x_post,439,0.1355636987108838,False,False,-0.014731461652811237,0.07242928389328834,0.07192265153753707,-0.1542548834447317,0.12479196013910922,1.9263399317530652,0.8409,9999,0.20291681111394433,0.006943490365434724,0.009302506617707441,-0.011069420755881756,0.024956401486751205,0.026061765031567232,7511211.739897039,45.53760248910693,0.2413958861792468,rebuilt_corrected_preperiod_weight
POST-OUTCOME EXPLORATORY -- NOT PART OF CONFIRMATORY YAX v1.1,profile_SOC2_x_calendar_month,13,Business and Financial Operations,Q2_x_post,440,0.06216870757989009,False,False,-0.023132291947857514,0.05222868336408341,0.052059284178351435,-0.1214604747459389,0.07519589085022388,1.8826471675083363,0.6804,9999,0.14632310727431877,0.0015732637686851,0.0010922073946175728,-0.0005439855274431346,0.0036905130648133347,0.0030599120918742696,20140392.10853089,35.59111452221812,0.292431297686731,rebuilt_corrected_preperiod_weight
POST-OUTCOME EXPLORATORY -- NOT PART OF CONFIRMATORY YAX v1.1,profile_SOC2_x_calendar_month,13,Business and Financial Operations,Q3_x_post,440,0.06216870757989009,False,False,0.01289753722959278,0.05341876457679649,0.05324616462408871,-0.08998038321076643,0.11577545766995198,1.9258760709910967,0.8151,9999,0.1496572212082097,-0.004031601263508218,0.00390983180549814,-0.011535532861673872,0.0034723303346574363,0.010953726991591528,12669510.29911558,46.35760238168302,0.24158210404837455,rebuilt_corrected_preperiod_weight
POST-OUTCOME EXPLORATORY -- NOT PART OF CONFIRMATORY YAX v1.1,profile_SOC2_x_calendar_month,13,Business and Financial Operations,Q4_x_post,440,0.06216870757989009,False,False,-0.020730940219650433,0.061301959992479754,0.06123682067298275,-0.13973333250376457,0.0982714520644637,1.9412493874374133,0.7456,9999,0.17174266495628385,-0.008173964468501405,0.010112798432965439,-0.027705132678918394,0.011357203741915586,0.028331866603551963,8723986.224174526,34.2212594762505,0.30797629129992454,rebuilt_corrected_preperiod_weight
POST-OUTCOME EXPLORATORY -- NOT PART OF CONFIRMATORY YAX v1.1,profile_SOC2_x_calendar_month,13,Business and Financial Operations,Q5_x_post,440,0.06216870757989009,False,False,0.009931091449195045,0.0730371073014253,0.07240063365930624,-0.13238526577765955,0.15224744867604964,1.9485486554048852,0.8949,9999,0.20461968018940388,0.031606043467441,0.016487491438131423,-0.00055133274437031,0.06376341967925231,0.04619111229683312,7278054.28901502,48.12140719121511,0.23463208173564096,rebuilt_corrected_preperiod_weight
POST-OUTCOME EXPLORATORY -- NOT PART OF CONFIRMATORY YAX v1.1,profile_SOC2_x_calendar_month,15,Computer and Mathematical,Q2_x_post,453,0.04312396668008975,False,False,-0.025091952187747193,0.05203808584132029,0.05184421014584361,-0.12328298149298968,0.07309907711749529,1.8869070166157984,0.6534,9999,0.14578913207193667,-0.0003863964712045795,0.0012969143573487503,-0.0028169310763461602,0.0020441381339370013,0.003633416092706739,20150139.325152326,35.653626709688865,0.29231483900013483,rebuilt_corrected_preperiod_weight
POST-OUTCOME EXPLORATORY -- NOT PART OF CONFIRMATORY YAX v1.1,profile_SOC2_x_calendar_month,15,Computer and Mathematical,Q3_x_post,453,0.04312396668008975,False,False,0.015180054129486,0.0533075936611525,0.05319373887763146,-0.08759244761846745,0.11795255587743946,1.9279148558312833,0.7839,9999,0.14934576641425742,-0.0017490843636149972,0.0017285775990766557,-0.005083442233292476,0.0015852735060624817,0.004842757449934364,12770672.477114461,46.91382603220885,0.24097799348231358,rebuilt_corrected_preperiod_weight
POST-OUTCOME EXPLORATORY -- NOT PART OF CONFIRMATORY YAX v1.1,profile_SOC2_x_calendar_month,15,Computer and Mathematical,Q4_x_post,453,0.04312396668008975,False,False,-0.01504329592496844,0.060744238503493524,0.06066642777824575,-0.13223437893001463,0.10214778708007777,1.9292542945995825,0.8096,9999,0.17018016067691608,-0.002486320173819412,0.0027806402485757893,-0.007803040771909424,0.0028304004242706,0.007790200617299901,9077201.850754298,38.28578112271764,0.29302035205773275,rebuilt_corrected_preperiod_weight
POST-OUTCOME EXPLORATORY -- NOT PART OF CONFIRMATORY YAX v1.1,profile_SOC2_x_calendar_month,15,Computer and Mathematical,Q5_x_post,453,0.04312396668008975,False,False,-0.02129934281736222,0.07134007565420024,0.07078501908258773,-0.1591342585152486,0.11653557288052414,1.9320825557573005,0.7695,9999,0.19986530141186823,0.00037560920088374264,0.00472494452784843,-0.007883174563689341,0.008634392965456827,0.01323733474562392,7781075.783794482,52.977750609307854,0.21826284197788393,rebuilt_corrected_preperiod_weight
POST-OUTCOME EXPLORATORY -- NOT PART OF CONFIRMATORY YAX v1.1,profile_SOC2_x_calendar_month,17,Architecture and Engineering,Q2_x_post,449,0.022767510805814184,False,False,-0.02490371788813882,0.0522252645257663,0.0520439053548681,-0.12339484285532774,0.07358740707905011,1.8858903992453022,0.6567,9999,0.14631352910742645,-0.00019816217159620772,0.0008557670749641371,-0.0018527819158537621,0.0014564575726613467,0.002397504387367299,20148818.65633563,35.63012038958038,0.2923801402260896,rebuilt_corrected_preperiod_weight
POST-OUTCOME EXPLORATORY -- NOT PART OF CONFIRMATORY YAX v1.1,profile_SOC2_x_calendar_month,17,Architecture and Engineering,Q3_x_post,449,0.022767510805814184,False,False,0.01863560781613021,0.05349425610677038,0.053340040762169375,-0.08423022335293925,0.12150143898519966,1.9229322670411053,0.7353,9999,0.1498687171626773,0.0017064693230292131,0.002039559746921019,-0.002257169837771116,0.0056701084838295425,0.005714000438432154,12759359.347081587,46.82783333487265,0.24103688641050253,rebuilt_corrected_preperiod_weight
POST-OUTCOME EXPLORATORY -- NOT PART OF CONFIRMATORY YAX v1.1,profile_SOC2_x_calendar_month,17,Architecture and Engineering,Q4_x_post,449,0.022767510805814184,False,False,-0.0038516798560779206,0.06149528591528915,0.06134543587959556,-0.12196516568313254,0.11426180597097671,1.9206917094386398,0.9486,9999,0.1722842840039047,0.008705295895071108,0.0073798711972186525,-0.005542042817428591,0.022952634607570806,0.020675338057705432,8991135.07276972,37.152762343336306,0.29640599559286157,rebuilt_corrected_preperiod_weight
POST-OUTCOME EXPLORATORY -- NOT PART OF CONFIRMATORY YAX v1.1,profile_SOC2_x_calendar_month,17,Architecture and Engineering,Q5_x_post,449,0.022767510805814184,False,False,-0.0339356392321064,0.07247237465800892,0.07219579513649446,-0.17453189106600114,0.10666061260178833,1.9399978612175564,0.6502,9999,0.20303753356342266,-0.012260687213860439,0.010913931453851328,-0.032988674402049376,0.008467299974328501,0.030576309032608058,7645765.7240547,51.80936639639021,0.22068862451969684,rebuilt_corrected_preperiod_weight
POST-OUTCOME EXPLORATORY -- NOT PART OF CONFIRMATORY YAX v1.1,profile_SOC2_x_calendar_month,19,"Life, Physical, and Social Science",Q2_x_post,447,0.012485338239220373,False,False,-0.02466307550180329,0.05214581150982526,0.051958612652287885,-0.12289087112004618,0.07356472011643961,1.8837140083577935,0.6594,9999,0.14609093471243154,4.2480214739324534e-05,0.0004668652853370311,-0.0008655227612343018,0.0009504831907129509,0.0013079628822503194,20148765.026511125,35.61554406836796,0.29233462469484667,rebuilt_corrected_preperiod_weight
POST-OUTCOME EXPLORATORY -- NOT PART OF CONFIRMATORY YAX v1.1,profile_SOC2_x_calendar_month,19,"Life, Physical, and Social Science",Q3_x_post,447,0.012485338239220373,False,False,0.016416343699532456,0.05334839837955055,0.05319420848386936,-0.08613569592160342,0.11896838332066834,1.9223077493634,0.7674,9999,0.14946008431015065,-0.0005127947935685412,0.003235814556367502,-0.006784864949206666,0.005759275362069584,0.009065410229673967,12727514.30757456,46.703438869628975,0.24111135564411787,rebuilt_corrected_preperiod_weight
POST-OUTCOME EXPLORATORY -- NOT PART OF CONFIRMATORY YAX v1.1,profile_SOC2_x_calendar_month,19,"Life, Physical, and Social Science",Q4_x_post,447,0.012485338239220373,False,False,-0.011728550040103182,0.060936912420651704,0.060983687715003884,-0.12914919157053742,0.10569209149033104,1.9269214153790966,0.8478,9999,0.17071995307514234,0.0008284257110458462,0.007952730473753599,-0.014486277302083406,0.016143128724175098,0.022280252138904624,8954496.380887177,36.80336955396854,0.29904022293153004,rebuilt_corrected_preperiod_weight
POST-OUTCOME EXPLORATORY -- NOT PART OF CONFIRMATORY YAX v1.1,profile_SOC2_x_calendar_month,19,"Life, Physical, and Social Science",Q5_x_post,447,0.012485338239220373,False,False,-0.021020699197317055,0.07146277297042299,0.07098050421874393,-0.1588266839212857,0.1167852855266516,1.9283604455288041,0.7735,9999,0.2002090483993,0.0006542528209289057,0.003939444701048449,-0.006999761235544796,0.008308266877402607,0.011036690042030796,7759541.962385995,52.248583432875606,0.22107455748662333,rebuilt_corrected_preperiod_weight
POST-OUTCOME EXPLORATORY -- NOT PART OF CONFIRMATORY YAX v1.1,profile_SOC2_x_calendar_month,21,Community and Social Service,Q2_x_post,456,0.013108777546960387,False,False,-0.025809611274834422,0.05228556157657644,0.05207539887582037,-0.12427523188366174,0.07265600933399288,1.8832277523617382,0.6465,9999,0.14648245643367194,-0.0011040555582918082,0.0012369376247396567,-0.0035020211762542136,0.0012939100596705971,0.0034653861651983884,20063468.968357675,35.36702044552066,0.2933076471473166,rebuilt_corrected_preperiod_weight
POST-OUTCOME EXPLORATORY -- NOT PART OF CONFIRMATORY YAX v1.1,profile_SOC2_x_calendar_month,21,Community and Social Service,Q3_x_post,456,0.013108777546960387,False,False,0.021593191043027114,0.05355241189288349,0.05345278899222054,-0.08162301510126421,0.12480939718731845,1.927386694566554,0.6966,9999,0.1500316455533995,0.004664052549926117,0.0035436090086078597,-0.0021344553692939257,0.01146256046914616,0.00992772261728773,12584835.977847379,45.18976401018161,0.24689665486327747,rebuilt_corrected_preperiod_weight
POST-OUTCOME EXPLORATORY -- NOT PART OF CONFIRMATORY YAX v1.1,profile_SOC2_x_calendar_month,21,Community and Social Service,Q4_x_post,456,0.013108777546960387,False,False,-0.010193030479728417,0.060939286705541336,0.060905126124234106,-0.12757879710255535,0.10719273614309852,1.9262740502696563,0.8713,9999,0.17072660483659274,0.002363945271420611,0.0019217494944232544,-0.0013476401636530744,0.006075530706494296,0.00538394497649226,9056641.184898145,37.92821990823386,0.2951950871597309,rebuilt_corrected_preperiod_weight
POST-OUTCOME EXPLORATORY -- NOT PART OF CONFIRMATORY YAX v1.1,profile_SOC2_x_calendar_month,21,Community and Social Service,Q5_x_post,456,0.013108777546960387,False,False,-0.01975792490895375,0.07121920626325629,0.0707014259525559,-0.15764478265560025,0.11812893283769274,1.9360909083563553,0.7858,9999,0.19952667551287734,0.0019170271092922124,0.0016141850053855108,-0.0012081561314135243,0.005042210349997949,0.00452227685038765,7787565.460777555,52.88341420837364,0.21956941955830483,rebuilt_corrected_preperiod_weight
POST-OUTCOME EXPLORATORY -- NOT PART OF CONFIRMATORY YAX v1.1,profile_SOC2_x_calendar_month,23,Legal,Q2_x_post,464,0.013427869411027112,False,False,-0.024780653921876436,0.05215080226615607,0.051959521005525894,-0.12290428383570383,0.07334297599195096,1.8815363455588865,0.6574,9999,0.14610491674159515,-7.5098205333822e-05,0.00010570324373158908,-0.00028093059534892856,0.00013073418468128456,0.00029613664514501224,20150906.693769902,35.61471188338739,0.29234299004676734,rebuilt_corrected_preperiod_weight
POST-OUTCOME EXPLORATORY -- NOT PART OF CONFIRMATORY YAX v1.1,profile_SOC2_x_calendar_month,23,Legal,Q3_x_post,464,0.013427869411027112,False,False,0.01752068416122628,0.05339501402321351,0.05325859836186962,-0.08540334425216126,0.12044471257461381,1.927596242762316,0.7517,9999,0.14959068200836964,0.0005915456681252831,0.0005252212201108715,-0.00027507727441169333,0.0014581686106622596,0.0014714520065018753,12759921.357286623,46.84473285322479,0.24110906608653945,rebuilt_corrected_preperiod_weight
POST-OUTCOME EXPLORATORY -- NOT PART OF CONFIRMATORY YAX v1.1,profile_SOC2_x_calendar_month,23,Legal,Q4_x_post,464,0.013427869411027112,False,False,-0.01384498686316177,0.06110882724619498,0.061047258209733876,-0.1314900865000002,0.10380011277367664,1.9251735786528898,0.825,9999,0.17120158710915886,-0.0012880111120127415,0.001159389604053382,-0.003236008361321919,0.0006599861372964359,0.0032481287767498024,9037720.411217058,37.80167622145429,0.2950125547298972,rebuilt_corrected_preperiod_weight
POST-OUTCOME EXPLORATORY -- NOT PART OF CONFIRMATORY YAX v1.1,profile_SOC2_x_calendar_month,23,Legal,Q5_x_post,464,0.013427869411027112,False,False,-0.022462551654024103,0.07150603580473568,0.07097001914061694,-0.16069393693567466,0.11576883362762644,1.9331428980222647,0.7595,9999,0.20033025291640413,-0.0007875996357781419,0.0007413834183784708,-0.0020835086025127146,0.0005083093309564309,0.0020770488258831862,7781062.049622273,52.92066845421876,0.21919783233156098,rebuilt_corrected_preperiod_weight
POST-OUTCOME EXPLORATORY -- NOT PART OF CONFIRMATORY YAX v1.1,profile_SOC2_x_calendar_month,25,Educational Instruction and Library,Q2_x_post,461,0.04533650975246818,False,False,-0.024875079428751657,0.05224500457182304,0.05207288762415939,-0.1236542251692556,0.0739040663117523,1.8906907282342906,0.6583,9999,0.14636883252866387,-0.00016952371220904303,0.0017153624039133353,-0.003436756342928459,0.003097708918510373,0.004805733954510327,20047310.751361452,35.31475694699012,0.29314338359785663,rebuilt_corrected_preperiod_weight
POST-OUTCOME EXPLORATORY -- NOT PART OF CONFIRMATORY YAX v1.1,profile_SOC2_x_calendar_month,25,Educational Instruction and Library,Q3_x_post,461,0.04533650975246818,False,False,0.017336588635323863,0.053799520074902595,0.053603425228267054,-0.08633921858366038,0.1210123958543081,1.9270768043031088,0.757,9999,0.150723940183419,0.0004074501422228656,0.004713788651599509,-0.008460423156586534,0.009275323441032265,0.013206080607629844,12410404.624820061,44.21327080926545,0.2532913766154118,rebuilt_corrected_preperiod_weight
POST-OUTCOME EXPLORATORY -- NOT PART OF CONFIRMATORY YAX v1.1,profile_SOC2_x_calendar_month,25,Educational Instruction and Library,Q4_x_post,461,0.04533650975246818,False,False,-0.018193227696067123,0.06090680023331889,0.060719766368100773,-0.13627055907101177,0.09988410367887751,1.9386559616105195,0.7694,9999,0.17063559121622568,-0.005636251944918095,0.008696345555705974,-0.019297852106147956,0.008025348216311763,0.024363553160468263,8963167.648884587,36.36202514898739,0.30460340823959564,rebuilt_corrected_preperiod_weight
POST-OUTCOME EXPLORATORY -- NOT PART OF CONFIRMATORY YAX v1.1,profile_SOC2_x_calendar_month,25,Educational Instruction and Library,Q5_x_post,461,0.04533650975246818,False,False,-0.03507225394790911,0.07162319960596013,0.07120679982405667,-0.1728806313280962,0.10273612343227798,1.924074575533475,0.6327,9999,0.20065849729001248,-0.013397301929663149,0.01687613043359928,-0.0382652322263545,0.0114706283670282,0.04727991756171814,7545213.219159265,49.52626941366559,0.23487014525204938,rebuilt_corrected_preperiod_weight
POST-OUTCOME EXPLORATORY -- NOT PART OF CONFIRMATORY YAX v1.1,profile_SOC2_x_calendar_month,27,"Arts, Design, Entertainment, Sports, and Media",Q2_x_post,443,0.018037891505635284,False,False,-0.024210663443595695,0.05255779144557561,0.052371816870220196,-0.12324471757508847,0.07482339068789708,1.884288730702165,0.6676,9999,0.14724513161058886,0.0004948922729469188,0.0016208946076802556,-0.0024106987453569664,0.003400483291250804,0.004541074372996023,19972974.56436115,35.082440729009974,0.29482607940386796,rebuilt_corrected_preperiod_weight
POST-OUTCOME EXPLORATORY -- NOT PART OF CONFIRMATORY YAX v1.1,profile_SOC2_x_calendar_month,27,"Arts, Design, Entertainment, Sports, and Media",Q3_x_post,443,0.018037891505635284,False,False,0.018604373383048753,0.05412286496160137,0.0539985185266398,-0.08553851001501678,0.12274725678111428,1.9241938406614643,0.7374,9999,0.1516298184383467,0.0016752348899477555,0.003911840595446002,-0.005718991790154386,0.009069461570049897,0.010959354787815751,12514936.190939419,44.910741074942486,0.2472589211363459,rebuilt_corrected_preperiod_weight
POST-OUTCOME EXPLORATORY -- NOT PART OF CONFIRMATORY YAX v1.1,profile_SOC2_x_calendar_month,27,"Arts, Design, Entertainment, Sports, and Media",Q4_x_post,443,0.018037891505635284,False,False,-0.007155589045008541,0.062291676935818156,0.062276208952397966,-0.12793986272537308,0.113628684635356,1.9390114317329081,0.9108,9999,0.17451544131485666,0.0054013867061404874,0.0073206581300799675,-0.00873966099140916,0.019542434403690134,0.020509447604090562,8696983.74591055,34.06750254587546,0.31477712090060833,rebuilt_corrected_preperiod_weight
POST-OUTCOME EXPLORATORY -- NOT PART OF CONFIRMATORY YAX v1.1,profile_SOC2_x_calendar_month,27,"Arts, Design, Entertainment, Sports, and Media",Q5_x_post,443,0.018037891505635284,False,False,-0.009818269696896878,0.07318440194648787,0.07268589752818987,-0.15114882004612928,0.13151228065233556,1.9311567299897145,0.8999,9999,0.20503233868971837,0.011856682321349083,0.009471167511478213,-0.0060723685341701784,0.029785733176868345,0.02653428289842915,7420821.322173535,46.94599439300522,0.23844150260900443,rebuilt_corrected_preperiod_weight
POST-OUTCOME EXPLORATORY -- NOT PART OF CONFIRMATORY YAX v1.1,profile_SOC2_x_calendar_month,29,Healthcare Practitioners and Technical,Q2_x_post,431,0.06383214682502324,False,False,-0.034988543677753975,0.052639741720477126,0.052384576986769335,-0.133623993909381,0.06364690655387308,1.8737829443653475,0.5372,9999,0.14747472228937322,-0.010282987961211361,0.010724233814964488,-0.030528787553296646,0.009962811630873925,0.030044854931591754,19340536.752853785,33.18818306369826,0.30358536371782,rebuilt_corrected_preperiod_weight
POST-OUTCOME EXPLORATORY -- NOT PART OF CONFIRMATORY YAX v1.1,profile_SOC2_x_calendar_month,29,Healthcare Practitioners and Technical,Q3_x_post,431,0.06383214682502324,False,False,0.0014128517563849448,0.0536124597717633,0.053507755407769586,-0.10238289270724951,0.1052085962200194,1.9360377215578117,0.9818,9999,0.15019987480324823,-0.015516286736716053,0.01879433349674376,-0.05119074224544515,0.02015816877201304,0.052653926908762735,11318553.751054278,37.00015886081582,0.2853815607305812,rebuilt_corrected_preperiod_weight
POST-OUTCOME EXPLORATORY -- NOT PART OF CONFIRMATORY YAX v1.1,profile_SOC2_x_calendar_month,29,Healthcare Practitioners and Technical,Q4_x_post,431,0.06383214682502324,False,False,-0.023296254410856594,0.06107891247954707,0.06091784596446091,-0.14002080394404925,0.09342829512233608,1.9110449874542075,0.7096,9999,0.17111777834111477,-0.010739278659707566,0.014512344889472374,-0.03808884648872286,0.016610289169307735,0.040657570922503085,8732068.751248376,34.975078664495584,0.31184729707887193,rebuilt_corrected_preperiod_weight
POST-OUTCOME EXPLORATORY -- NOT PART OF CONFIRMATORY YAX v1.1,profile_SOC2_x_calendar_month,29,Healthcare Practitioners and Technical,Q5_x_post,431,0.06383214682502324,False,False,-0.032784906682221164,0.07192657001564282,0.07137154455210855,-0.1706939940482088,0.10512418068376647,1.9173594310975033,0.6613,9999,0.20150841534539238,-0.011109954663975203,0.015408791284834912,-0.04036916972977138,0.018149260401820976,0.043169041892581424,7509409.2063466925,48.74102939705927,0.23345817394442112,rebuilt_corrected_preperiod_weight
POST-OUTCOME EXPLORATORY -- NOT PART OF CONFIRMATORY YAX v1.1,profile_SOC2_x_calendar_month,31,Healthcare Support,Q2_x_post,454,0.036642463694461905,False,False,-0.05128701881571308,0.053764563642775744,0.05324196514926027,-0.1510388119146892,0.04846477428326306,1.8553446050776166,0.3673,9999,0.15062600675989446,-0.026581463099170463,0.022748893630528996,-0.06735761682341312,0.014194690625072198,0.06373296412371429,17524433.195437267,32.084384609659985,0.32482676320790416,rebuilt_corrected_preperiod_weight
POST-OUTCOME EXPLORATORY -- NOT PART OF CONFIRMATORY YAX v1.1,profile_SOC2_x_calendar_month,31,Healthcare Support,Q3_x_post,454,0.036642463694461905,False,False,-0.008436030872348753,0.05460910004390259,0.05413304608989671,-0.11329410423744385,0.09642204249274636,1.9201575063642362,0.8825,9999,0.15299204745744974,-0.02536516936544975,0.026040826570546134,-0.07234539719047414,0.021615058459574645,0.07295559478748548,10994137.066505965,47.18649036925659,0.22687753108386305,rebuilt_corrected_preperiod_weight
POST-OUTCOME EXPLORATORY -- NOT PART OF CONFIRMATORY YAX v1.1,profile_SOC2_x_calendar_month,31,Healthcare Support,Q4_x_post,454,0.036642463694461905,False,False,-0.03906518142915558,0.062395206928250214,0.06175057282219151,-0.15810337756039727,0.07997301470208613,1.9078099423266064,0.5476,9999,0.17480548941128568,-0.026508205678006547,0.023404292404996085,-0.06824923039399668,0.015232819037983583,0.06556911964223065,8401628.839754095,37.40932766428684,0.2938812109131347,rebuilt_corrected_preperiod_weight
POST-OUTCOME EXPLORATORY -- NOT PART OF CONFIRMATORY YAX v1.1,profile_SOC2_x_calendar_month,31,Healthcare Support,Q5_x_post,454,0.036642463694461905,False,False,-0.053360512989116565,0.07329396931849472,0.07220856243262376,-0.19420714748486378,0.08748612150663065,1.921667441474022,0.4709,9999,0.20533930101952022,-0.03168556097087061,0.02517451572892707,-0.0772293904412861,0.013858268499544885,0.0705285511393145,7198868.70061928,51.750996045716214,0.22141016158699015,rebuilt_corrected_preperiod_weight
POST-OUTCOME EXPLORATORY -- NOT PART OF CONFIRMATORY YAX v1.1,profile_SOC2_x_calendar_month,33,Protective Service,Q2_x_post,451,0.02280028801980246,False,False,-0.01652135080157117,0.053510409563079446,0.053313939230354,-0.11737277272446407,0.08433007112132172,1.884706597209028,0.7766,9999,0.1499139724470942,0.008184204914971443,0.007788922708860676,-0.004721494111213885,0.02108990394115677,0.02182133072616849,19587027.61743336,34.44260485533875,0.3003941555438712,rebuilt_corrected_preperiod_weight
POST-OUTCOME EXPLORATORY -- NOT PART OF CONFIRMATORY YAX v1.1,profile_SOC2_x_calendar_month,33,Protective Service,Q3_x_post,451,0.02280028801980246,False,False,0.03132210943964811,0.05395165909599107,0.05389175572415369,-0.07333143728199962,0.13597565616129584,1.939765124469066,0.579,9999,0.15115017061599864,0.014392970946547113,0.012959048099728303,-0.008661350766810304,0.03744729265990453,0.036305877597013765,12238107.61732411,44.10261145899661,0.2524468959372512,rebuilt_corrected_preperiod_weight
POST-OUTCOME EXPLORATORY -- NOT PART OF CONFIRMATORY YAX v1.1,profile_SOC2_x_calendar_month,33,Protective Service,Q4_x_post,451,0.02280028801980246,False,False,-0.0014099168067581813,0.0618022254782463,0.06189475858593263,-0.12067712087751974,0.11785728726400337,1.9298205387885634,0.9795,9999,0.1731442013463395,0.011147058944390846,0.008982641149736521,-0.004979532425889067,0.027273650314670758,0.025165634664715116,8954792.133276157,37.563875634831135,0.2962790996030916,rebuilt_corrected_preperiod_weight
POST-OUTCOME EXPLORATORY -- NOT PART OF CONFIRMATORY YAX v1.1,profile_SOC2_x_calendar_month,33,Protective Service,Q5_x_post,451,0.02280028801980246,False,False,-0.009619892366647675,0.07204009050041539,0.0716314785154675,-0.14919549252042613,0.12995570778713078,1.9374711939454552,0.8945,9999,0.20182645265748422,0.012055059651598286,0.009635221205190234,-0.0049720900966485106,0.029082209399845082,0.02699389330170958,7689748.1683821445,52.21517618984983,0.22071058493917692,rebuilt_corrected_preperiod_weight
POST-OUTCOME EXPLORATORY -- NOT PART OF CONFIRMATORY YAX v1.1,profile_SOC2_x_calendar_month,35,Food Preparation and Serving Related,Q2_x_post,458,0.03266807800281432,False,False,0.014480836150209486,0.0465052347713563,0.04664491343905696,-0.07539756799706086,0.10435924029747982,1.932651336761526,0.7677,9999,0.13028837830030504,0.0391863918667521,0.039850863318710496,-0.028109731770622315,0.10648251550412652,0.11164558960273964,16108223.491592763,31.598782777425292,0.32719058781148663,rebuilt_corrected_preperiod_weight
POST-OUTCOME EXPLORATORY -- NOT PART OF CONFIRMATORY YAX v1.1,profile_SOC2_x_calendar_month,35,Food Preparation and Serving Related,Q3_x_post,458,0.03266807800281432,False,False,0.04912586668942978,0.05160828271981737,0.05171177057731717,-0.05168189547933738,0.14993362885819694,1.9533252581965372,0.3489,9999,0.1445850020000353,0.03219672819632878,0.033139491449425136,-0.023837287320386147,0.08823074371304371,0.09284310938049056,11332136.575721245,42.330982989088234,0.2667772248202186,rebuilt_corrected_preperiod_weight
POST-OUTCOME EXPLORATORY -- NOT PART OF CONFIRMATORY YAX v1.1,profile_SOC2_x_calendar_month,35,Food Preparation and Serving Related,Q4_x_post,458,0.03266807800281432,False,False,0.026579246720929817,0.059430581338333385,0.059793338798162426,-0.09033118724128342,0.14348968068314305,1.967176348093447,0.6587,9999,0.16649983818133524,0.039136222472078847,0.04039796209698284,-0.029215486252181733,0.10748793119633943,0.1131783334527951,7623121.33564462,47.10273082570336,0.24628595489958227,rebuilt_corrected_preperiod_weight
POST-OUTCOME EXPLORATORY -- NOT PART OF CONFIRMATORY YAX v1.1,profile_SOC2_x_calendar_month,35,Food Preparation and Serving Related,Q5_x_post,458,0.03266807800281432,False,False,0.017427921023256347,0.06925855047392754,0.06910546697534889,-0.1183050478453104,0.1531608898918231,1.9598008901393855,0.8007,9999,0.19403373123568632,0.03910287304150231,0.040347862638898224,-0.02918634446461099,0.10739209054761562,0.11303797555158977,6857223.629494668,54.590205923647304,0.20417575887039796,rebuilt_corrected_preperiod_weight
POST-OUTCOME EXPLORATORY -- NOT PART OF CONFIRMATORY YAX v1.1,profile_SOC2_x_calendar_month,37,Building and Grounds Cleaning and Maintenance,Q2_x_post,462,0.025103969800191438,False,False,-0.016426408983934406,0.053880005491429385,0.053627130572472745,-0.11784027992890951,0.08498746196104069,1.8822171605217608,0.7742,9999,0.15094942693663413,0.008279146732608208,0.005512768021662088,-0.0019858553775059552,0.01854414884272237,0.015444489400374378,19560336.011683732,33.88233241548774,0.30148973630369,rebuilt_corrected_preperiod_weight
POST-OUTCOME EXPLORATORY -- NOT PART OF CONFIRMATORY YAX v1.1,profile_SOC2_x_calendar_month,37,Building and Grounds Cleaning and Maintenance,Q3_x_post,462,0.025103969800191438,False,False,0.028034969400724617,0.05494362856218437,0.054639571247877515,-0.07739129340532105,0.13346123220677028,1.9188077956432348,0.6235,9999,0.1539292576093052,0.01110583090762362,0.007659540124167088,-0.00190586561646474,0.02411752743171198,0.021458854389409684,12409770.505084552,45.19507707795359,0.2474036728961316,rebuilt_corrected_preperiod_weight
POST-OUTCOME EXPLORATORY -- NOT PART OF CONFIRMATORY YAX v1.1,profile_SOC2_x_calendar_month,37,Building and Grounds Cleaning and Maintenance,Q4_x_post,462,0.025103969800191438,False,False,-0.002906109014738548,0.06233518556608524,0.062168416090717805,-0.12313717803173511,0.11732496000225802,1.9287833656889086,0.9662,9999,0.17463733445027327,0.00965086673641048,0.006410691137705556,-0.0019026544750609681,0.02120438794788193,0.01796009752928369,8947909.70637757,38.08591962343165,0.29317715346838596,rebuilt_corrected_preperiod_weight
POST-OUTCOME EXPLORATORY -- NOT PART OF CONFIRMATORY YAX v1.1,profile_SOC2_x_calendar_month,37,Building and Grounds Cleaning and Maintenance,Q5_x_post,462,0.025103969800191438,False,False,-0.01246723658420651,0.07260478364011401,0.07195814102364632,-0.15312196791745308,0.12818749474904007,1.9372653464603824,0.8682,9999,0.20340848861043367,0.009207715434039452,0.006031484734850482,-0.0019672715937367434,0.020382702461815647,0.016897718476431126,7700107.305992911,52.91158548357757,0.21831973607514998,rebuilt_corrected_preperiod_weight
POST-OUTCOME EXPLORATORY -- NOT PART OF CONFIRMATORY YAX v1.1,profile_SOC2_x_calendar_month,39,Personal Care and Service,Q2_x_post,451,0.025147093733323935,False,False,-0.05986816782686983,0.05382615366947933,0.05382875691789325,-0.1612357092537549,0.041499373600015245,1.8832395502256147,0.2854,9999,0.1507985564682904,-0.035162612110327215,0.01605383297564173,-0.06627363343851461,-0.004051590782139819,0.044976181158612405,18341692.84454264,30.41423598512299,0.32379549660036344,rebuilt_corrected_preperiod_weight
POST-OUTCOME EXPLORATORY -- NOT PART OF CONFIRMATORY YAX v1.1,profile_SOC2_x_calendar_month,39,Personal Care and Service,Q3_x_post,451,0.025147093733323935,False,False,-0.0017407301557086992,0.05529301612563667,0.05526045830303924,-0.10848338858451745,0.10500192827310004,1.9304907908490343,0.9728,9999,0.1549080966424657,-0.018669868648809696,0.012626191615230407,-0.04316753674314555,0.005827799445526163,0.03537335179029141,12050803.7820426,43.185661786939015,0.25166464936862915,rebuilt_corrected_preperiod_weight
POST-OUTCOME EXPLORATORY -- NOT PART OF CONFIRMATORY YAX v1.1,profile_SOC2_x_calendar_month,39,Personal Care and Service,Q4_x_post,451,0.025147093733323935,False,False,-0.03677684174908288,0.0622583044903452,0.06227313205163196,-0.15689820322889092,0.08334451973072515,1.9294030324651072,0.5754,9999,0.17442194556492735,-0.024219865997933847,0.013257538814428635,-0.04980833917334101,0.0013686071774733147,0.03714212477106219,8765616.516269825,38.14109432251741,0.2898161010220048,rebuilt_corrected_preperiod_weight
POST-OUTCOME EXPLORATORY -- NOT PART OF CONFIRMATORY YAX v1.1,profile_SOC2_x_calendar_month,39,Personal Care and Service,Q5_x_post,451,0.025147093733323935,False,False,-0.045721057143081285,0.072111451679443,0.0716610722210858,-0.18572816651444138,0.09428605222827882,1.9415378017035858,0.5375,9999,0.20202637708179508,-0.024046105124835324,0.013169358232108328,-0.04958745740216838,0.0014952471524977383,0.03689507935510902,7558895.8985744435,52.71145232249237,0.21732835945399318,rebuilt_corrected_preperiod_weight
POST-OUTCOME EXPLORATORY -- NOT PART OF CONFIRMATORY YAX v1.1,profile_SOC2_x_calendar_month,41,Sales and Related,Q2_x_post,451,0.10057891735670715,False,False,-0.02006411341251643,0.054061258245691524,0.05386668107652232,-0.12152033609231279,0.08139210926727992,1.8766899989398975,0.7329,9999,0.1514572219737172,0.004641442304026185,0.004929683372662271,-0.0049741677033634316,0.014257052311415802,0.013810928066827901,19456139.69034114,35.79841069624639,0.29893477068606267,rebuilt_corrected_preperiod_weight
POST-OUTCOME EXPLORATORY -- NOT PART OF CONFIRMATORY YAX v1.1,profile_SOC2_x_calendar_month,41,Sales and Related,Q3_x_post,451,0.10057891735670715,False,False,0.00523875277457915,0.05434559158584172,0.05434717754229557,-0.0999640358672073,0.1104415414163656,1.9358109015266327,0.9263,9999,0.1522538060564987,-0.011690385718521847,0.009900598188761076,-0.030936800373296568,0.007556028936252873,0.027737369536109058,11489983.857666587,41.974196046556244,0.26604716231585845,rebuilt_corrected_preperiod_weight
POST-OUTCOME EXPLORATORY -- NOT PART OF CONFIRMATORY YAX v1.1,profile_SOC2_x_calendar_month,41,Sales and Related,Q4_x_post,451,0.10057891735670715,False,False,-0.013541673221811787,0.06748150996785349,0.0675008227689548,-0.1458742103462228,0.11879086390259923,1.9610192064085545,0.8418,9999,0.18905520082188126,-0.0009846974706627584,0.022287037380557973,-0.044619204186199045,0.04264980924487353,0.062439034480902385,7073688.424105162,34.70998377522279,0.2914158513554723,rebuilt_corrected_preperiod_weight
POST-OUTCOME EXPLORATORY -- NOT PART OF CONFIRMATORY YAX v1.1,profile_SOC2_x_calendar_month,41,Sales and Related,Q5_x_post,451,0.10057891735670715,False,False,-0.024708581325338985,0.07946445728977206,0.07911054505613105,-0.17937806600111889,0.12996090335044092,1.9463983012149453,0.7589,9999,0.2226264489083947,-0.003033629307093024,0.02937685952841098,-0.0594305213459216,0.053363262731735556,0.0823017754093773,6176334.428766511,35.33515171509617,0.2904791462612146,rebuilt_corrected_preperiod_weight
POST-OUTCOME EXPLORATORY -- NOT PART OF CONFIRMATORY YAX v1.1,profile_SOC2_x_calendar_month,43,Office and Administrative Support,Q2_x_post,421,0.1121271028910818,False,False,-0.021434564317059156,0.05213145600290738,0.05195042525968228,-0.11961457349793739,0.07674544486381907,1.8833160764856196,0.7014,9999,0.14605071653645188,0.0032709913994834576,0.004111793271758122,-0.004484434857753437,0.011026417656720352,0.011519539250093913,20052132.677840844,35.241186006498744,0.2933195319868395,rebuilt_corrected_preperiod_weight
POST-OUTCOME EXPLORATORY -- NOT PART OF CONFIRMATORY YAX v1.1,profile_SOC2_x_calendar_month,43,Office and Administrative Support,Q3_x_post,421,0.1121271028910818,False,False,0.004890727645451685,0.053824208208188035,0.053693877328422554,-0.09920226761198121,0.10898372290288459,1.9339438279297847,0.9334,9999,0.1507931060926943,-0.012038410847649311,0.00899478944018502,-0.028434757838301405,0.004357936143002783,0.025199669135660973,12453194.271117505,43.816849321563765,0.2529325614446921,rebuilt_corrected_preperiod_weight
POST-OUTCOME EXPLORATORY -- NOT PART OF CONFIRMATORY YAX v1.1,profile_SOC2_x_calendar_month,43,Office and Administrative Support,Q4_x_post,421,0.1121271028910818,False,False,-0.03661187379733375,0.061412321275515463,0.061367800198483854,-0.15524445906612955,0.08202071147146206,1.9317391494871492,0.5615,9999,0.17205185149548868,-0.02405489804618472,0.01967508691464488,-0.059122663791456094,0.011012867699086652,0.05512143266515698,8117540.578628367,29.066380666710277,0.3303899759859516,rebuilt_corrected_preperiod_weight
POST-OUTCOME EXPLORATORY -- NOT PART OF CONFIRMATORY YAX v1.1,profile_SOC2_x_calendar_month,43,Office and Administrative Support,Q5_x_post,421,0.1121271028910818,False,False,-0.061390879004770915,0.07832861587881698,0.07723746495426835,-0.21034663082002786,0.08756487281048603,1.90167731350836,0.4364,9999,0.2194442924013424,-0.03971592698652496,0.038140142251597384,-0.113128881523676,0.03369702755062609,0.1068528587488011,6031791.37746549,48.096429152629014,0.23997162791268906,rebuilt_corrected_preperiod_weight
POST-OUTCOME EXPLORATORY -- NOT PART OF CONFIRMATORY YAX v1.1,profile_SOC2_x_calendar_month,45,"Farming, Fishing, and Forestry",Q2_x_post,463,0.0014627065575348978,False,False,-0.02517747459982782,0.05225172173217928,0.052067432681958195,-0.12380910461904161,0.07345415541938598,1.8876244982846448,0.6541,9999,0.14638765122582562,-0.0004719188832852071,0.002232516241490113,-0.004923953334653338,0.003980115568082924,0.006254584501355823,20074830.953711122,35.414863330602465,0.2934243250390697,rebuilt_corrected_preperiod_weight
POST-OUTCOME EXPLORATORY -- NOT PART OF CONFIRMATORY YAX v1.1,profile_SOC2_x_calendar_month,45,"Farming, Fishing, and Forestry",Q3_x_post,463,0.0014627065575348978,False,False,0.01612330557199568,0.053441595190441414,0.05331111279128814,-0.08694233828988002,0.11918894943387137,1.9285660073318704,0.7692,9999,0.14972118311791777,-0.0008058329211053164,0.0018445556125107519,-0.004350319697466548,0.0027386538552559153,0.0051676797379974345,12756363.65826739,46.824560214424814,0.24115146681631947,rebuilt_corrected_preperiod_weight
POST-OUTCOME EXPLORATORY -- NOT PART OF CONFIRMATORY YAX v1.1,profile_SOC2_x_calendar_month,45,"Farming, Fishing, and Forestry",Q4_x_post,463,0.0014627065575348978,False,False,-0.012968010313578086,0.06102516939552938,0.0609767031999587,-0.13068005861757775,0.10474403799042159,1.928909816555513,0.8345,9999,0.17096721251135502,-0.00041103456242905755,0.0018762057816764908,-0.004058995124503055,0.0032369259996449396,0.005256350384082944,9074455.641189704,38.3344988962366,0.2927020012018714,rebuilt_corrected_preperiod_weight
POST-OUTCOME EXPLORATORY -- NOT PART OF CONFIRMATORY YAX v1.1,profile_SOC2_x_calendar_month,45,"Farming, Fishing, and Forestry",Q5_x_post,463,0.0014627065575348978,False,False,-0.022980205914687905,0.07144769976913534,0.07092883897182323,-0.1610361386608147,0.11507572683143888,1.9322656039623196,0.7539,9999,0.2001668195413829,-0.0013052538964419443,0.002285574493758264,-0.00558187969005201,0.0029713718971681215,0.006403231716609184,7791991.292919887,53.24475748828476,0.2178352101252211,rebuilt_corrected_preperiod_weight
POST-OUTCOME EXPLORATORY -- NOT PART OF CONFIRMATORY YAX v1.1,profile_SOC2_x_calendar_month,47,Construction and Extraction,Q2_x_post,438,0.06135329115739375,False,False,-0.02283205826018953,0.05328972762569966,0.05311015711027485,-0.12285759066128271,0.07719347414090366,1.8770133918427945,0.6931,9999,0.14929571319342647,0.0018734974563530855,0.005403705521440405,-0.007643510618881393,0.011390505531587564,0.015138941511902867,19690750.224547714,34.15526261678629,0.30032670897862845,rebuilt_corrected_preperiod_weight
POST-OUTCOME EXPLORATORY -- NOT PART OF CONFIRMATORY YAX v1.1,profile_SOC2_x_calendar_month,47,Construction and Extraction,Q3_x_post,438,0.06135329115739375,False,False,0.020886227416025367,0.05541204174686838,0.05531789227809558,-0.08540229766960358,0.1271747525016543,1.918148505900089,0.7187,9999,0.15524155706348516,0.00395708892292437,0.011592976390590424,-0.01633632740646743,0.02425050525231617,0.032478711289810766,12030381.695387084,46.3299982307161,0.23890538876380987,rebuilt_corrected_preperiod_weight
POST-OUTCOME EXPLORATORY -- NOT PART OF CONFIRMATORY YAX v1.1,profile_SOC2_x_calendar_month,47,Construction and Extraction,Q4_x_post,438,0.06135329115739375,False,False,-0.00942012800075871,0.062427125868226054,0.062327658402303275,-0.13024109764806818,0.11140084164655077,1.9353921547236332,0.8823,9999,0.17489491304169982,0.0031368477503903175,0.008782995327907071,-0.012094235221492233,0.018367930722272868,0.024606309881419715,8855690.540644139,37.76675989655297,0.2975220688462089,rebuilt_corrected_preperiod_weight
POST-OUTCOME EXPLORATORY -- NOT PART OF CONFIRMATORY YAX v1.1,profile_SOC2_x_calendar_month,47,Construction and Extraction,Q5_x_post,438,0.06135329115739375,False,False,-0.0191245854761396,0.07263922818266218,0.07211915085648428,-0.16003707559885788,0.12178790464657868,1.9398952005433319,0.7954,9999,0.20350498793168129,0.0025503665421063616,0.008613380895395225,-0.01304141906045372,0.018142152144666444,0.024131120594515908,7643352.762407888,52.283766784320726,0.22237668676082809,rebuilt_corrected_preperiod_weight
POST-OUTCOME EXPLORATORY -- NOT PART OF CONFIRMATORY YAX v1.1,profile_SOC2_x_calendar_month,49,"Installation, Maintenance, and Repair",Q2_x_post,437,0.03562472514680118,False,False,-0.02578956262854824,0.05514070593435152,0.05503483860190796,-0.13005605625408845,0.07847693099699198,1.8909169162555888,0.6644,9999,0.15448138666199324,-0.0010840069120056257,0.006058893541958312,-0.012975851482234686,0.010807837658223435,0.01697450658527053,18992284.30622214,32.49891908523567,0.3106055536771286,rebuilt_corrected_preperiod_weight
POST-OUTCOME EXPLORATORY -- NOT PART OF CONFIRMATORY YAX v1.1,profile_SOC2_x_calendar_month,49,"Installation, Maintenance, and Repair",Q3_x_post,437,0.03562472514680118,False,False,0.02033861481296926,0.05644620037507392,0.056389137180239385,-0.08887408972893604,0.12955131935487454,1.9348105597225025,0.7299,9999,0.15813884058944977,0.003409476319868262,0.008005696950520872,-0.012020360276801981,0.018839312916538505,0.022428642237271344,12118096.343043104,43.89083642666772,0.2510525461387729,rebuilt_corrected_preperiod_weight
POST-OUTCOME EXPLORATORY -- NOT PART OF CONFIRMATORY YAX v1.1,profile_SOC2_x_calendar_month,49,"Installation, Maintenance, and Repair",Q4_x_post,437,0.03562472514680118,False,False,-0.010481871453957974,0.06336126042635827,0.06333337098920698,-0.1326987786388562,0.11173503573094025,1.9288900877681407,0.8708,9999,0.17751197061149152,0.0020751042971910542,0.006632856765462259,-0.0108178132351129,0.014968021829495009,0.01858251346797966,8837947.857240885,37.81447120782965,0.2926746565189504,rebuilt_corrected_preperiod_weight
POST-OUTCOME EXPLORATORY -- NOT PART OF CONFIRMATORY YAX v1.1,profile_SOC2_x_calendar_month,49,"Installation, Maintenance, and Repair",Q5_x_post,437,0.03562472514680118,False,False,-0.021675001250440896,0.07370504246129243,0.07318370000509243,-0.16412433308392013,0.12077433058303835,1.9326945223359602,0.7745,9999,0.20649095745994556,-4.9232194935383555e-08,0.007735331650636942,-0.014885818293195272,0.014885719828805401,0.021671190809625845,7587780.1182706375,52.08445317014102,0.21893991581516797,rebuilt_corrected_preperiod_weight
POST-OUTCOME EXPLORATORY -- NOT PART OF CONFIRMATORY YAX v1.1,profile_SOC2_x_calendar_month,51,Production,Q2_x_post,416,0.041399018405477314,False,False,-0.02220950087919574,0.05672986510009342,0.05667194478400688,-0.12925415162860523,0.08483514987021376,1.8869188312107097,0.7293,9999,0.1589335514899645,0.0024960548373468734,0.013134534098865164,-0.022933131400415703,0.02792524107510945,0.03679751657818138,18338113.77828812,30.464133822534013,0.3232942344277498,rebuilt_corrected_preperiod_weight
POST-OUTCOME EXPLORATORY -- NOT PART OF CONFIRMATORY YAX v1.1,profile_SOC2_x_calendar_month,51,Production,Q3_x_post,416,0.041399018405477314,False,False,0.025110084328082517,0.06177025321598551,0.06170988786133168,-0.09421395680524222,0.14443412546140724,1.9317395497165437,0.6941,9999,0.17305462832900007,0.00818094583498152,0.015240800359021015,-0.021368774919089905,0.03773066658905294,0.042698400998044096,10957875.994531434,45.030850430855494,0.24102424427260788,rebuilt_corrected_preperiod_weight
POST-OUTCOME EXPLORATORY -- NOT PART OF CONFIRMATORY YAX v1.1,profile_SOC2_x_calendar_month,51,Production,Q4_x_post,416,0.041399018405477314,False,False,-0.007721920331759332,0.06670662371557756,0.06683438535942939,-0.13615011892204312,0.12070627825852445,1.9252690578056162,0.9105,9999,0.18688429095178608,0.004835055419389696,0.013200963166558439,-0.020751371627155374,0.030421482465934763,0.03698362327228388,8494638.886053775,36.2262702719842,0.3020718636694546,rebuilt_corrected_preperiod_weight
POST-OUTCOME EXPLORATORY -- NOT PART OF CONFIRMATORY YAX v1.1,profile_SOC2_x_calendar_month,51,Production,Q5_x_post,416,0.041399018405477314,False,False,-0.013720443215280988,0.07672750179396026,0.07634052798658102,-0.16232429666280257,0.1348834102322406,1.9367742983027656,0.8655,9999,0.21495863484869532,0.007954508802964973,0.013275387722515158,-0.01783655518791434,0.03374557279384428,0.03719213000811685,7314912.771659322,50.001470645466334,0.2290473591033677,rebuilt_corrected_preperiod_weight
POST-OUTCOME EXPLORATORY -- NOT PART OF CONFIRMATORY YAX v1.1,profile_SOC2_x_calendar_month,53,Transportation and Material Moving,Q2_x_post,443,0.0752399281773975,False,False,-0.015405324394990252,0.06974522451831215,0.06927197347428073,-0.14552607962787759,0.11471543083789708,1.8656582745492933,0.8408,9999,0.1953971900444735,0.009300231321552362,0.02532603352110588,-0.039561839680662805,0.058162302323767526,0.07095304114616376,14280783.44628236,36.00072191869085,0.30038294071518606,rebuilt_corrected_preperiod_weight
POST-OUTCOME EXPLORATORY -- NOT PART OF CONFIRMATORY YAX v1.1,profile_SOC2_x_calendar_month,53,Transportation and Material Moving,Q3_x_post,443,0.0752399281773975,False,False,0.023878287290541464,0.06323123529446423,0.06293485239635817,-0.09723761732548214,0.14499419190656507,1.9154442270816598,0.7183,9999,0.17714769412399398,0.006949148797440467,0.017588197393090862,-0.027298515083433502,0.04119681267831443,0.0492748338297364,11435011.232356,41.79093279026326,0.2606707941400904,rebuilt_corrected_preperiod_weight
POST-OUTCOME EXPLORATORY -- NOT PART OF CONFIRMATORY YAX v1.1,profile_SOC2_x_calendar_month,53,Transportation and Material Moving,Q4_x_post,443,0.0752399281773975,False,False,-0.0063182006669152595,0.07276505805032571,0.07254333462695657,-0.14512882435470834,0.1324924230208778,1.9076549570233143,0.9332,9999,0.20385751102892455,0.006238775084233769,0.0203025937451024,-0.033342451192044646,0.04582000136051218,0.0568794465256317,8148796.3591244165,43.29093346699879,0.2723798955366926,rebuilt_corrected_preperiod_weight
POST-OUTCOME EXPLORATORY -- NOT PART OF CONFIRMATORY YAX v1.1,profile_SOC2_x_calendar_month,53,Transportation and Material Moving,Q5_x_post,443,0.0752399281773975,False,False,-0.01037512302263793,0.07987997697411939,0.07933575709809662,-0.16350786338024703,0.14275761733497117,1.9170353592768705,0.9024,9999,0.22379056271389716,0.011299828995608031,0.019172407125454163,-0.025863371339266493,0.048463029330482556,0.053713132398316134,7226357.258748677,58.20194005394043,0.20541183058682316,rebuilt_corrected_preperiod_weight
POST-OUTCOME EXPLORATORY -- NOT PART OF CONFIRMATORY YAX v1.1,continuous_SOC2_x_post,11,Management,within_SOC2_beta_z_x_post,439,0.1355636987108838,False,False,-0.0011037603596437367,0.011242990653001484,0.011169727220040953,-0.022757524465205226,0.020550003745917752,1.9259790187391728,0.9163,9999,0.03149819642083123,0.0014021323228299905,0.0008077838590814063,-0.0001665552480411771,0.002970819893701158,0.002263075319032717,259602953.90234113,47.0798649627999,0.25170311955918423,rebuilt_corrected_preperiod_weight
POST-OUTCOME EXPLORATORY -- NOT PART OF CONFIRMATORY YAX v1.1,continuous_SOC2_x_post,13,Business and Financial Operations,within_SOC2_beta_z_x_post,440,0.06216870757989009,False,False,0.000831851159752447,0.011238450052765183,0.011163333186272972,-0.020815584351929452,0.022479286671434343,1.9261940401074806,0.9392,9999,0.03148547554232785,0.0033377438422261744,0.0015685842719511884,0.00027238850825293554,0.006403099176199413,0.004394522509662942,257431595.335878,46.267609975103156,0.2540476526494525,rebuilt_corrected_preperiod_weight
POST-OUTCOME EXPLORATORY -- NOT PART OF CONFIRMATORY YAX v1.1,continuous_SOC2_x_post,15,Computer and Mathematical,within_SOC2_beta_z_x_post,453,0.04312396668008975,False,False,-0.006224336393359708,0.011527840544112985,0.011435897919268318,-0.0284449545240976,0.015996281737378187,1.9275611981018834,0.5882,9999,0.0322962276651503,-0.003718443710885981,0.0026620718022098964,-0.008838560392069419,0.001401672970297458,0.0074580210106265955,248602642.67151237,44.56376484186931,0.26229740522712297,rebuilt_corrected_preperiod_weight
POST-OUTCOME EXPLORATORY -- NOT PART OF CONFIRMATORY YAX v1.1,continuous_SOC2_x_post,17,Architecture and Engineering,within_SOC2_beta_z_x_post,449,0.022767510805814184,False,False,-0.0020750352184298573,0.011268244668353963,0.011205892754127393,-0.02390557248283386,0.019755502045974146,1.937350306717555,0.8497,9999,0.03156894769694073,0.00043085746404386994,0.0008059549091031596,-0.0010570988732016067,0.0019188138012893466,0.002257951359808993,260672359.60811156,47.4712991232654,0.2507194838409258,rebuilt_corrected_preperiod_weight
POST-OUTCOME EXPLORATORY -- NOT PART OF CONFIRMATORY YAX v1.1,continuous_SOC2_x_post,19,"Life, Physical, and Social Science",within_SOC2_beta_z_x_post,447,0.012485338239220373,False,False,-0.002446784794872713,0.011220463777697937,0.011155399179588256,-0.02411553006563381,0.019221960475888384,1.9311808941293866,0.8191,9999,0.031435085459970535,5.910788760101447e-05,0.0005483068629885622,-0.0009942086759767276,0.0011124244511787566,0.0015361284023386484,261073599.90162402,47.65601445483943,0.2501999767163386,rebuilt_corrected_preperiod_weight
POST-OUTCOME EXPLORATORY -- NOT PART OF CONFIRMATORY YAX v1.1,continuous_SOC2_x_post,21,Community and Social Service,within_SOC2_beta_z_x_post,456,0.013108777546960387,False,False,-0.002117220786869114,0.011234806638367829,0.01116229830859744,-0.023773733345786162,0.019539291772047933,1.92762663889187,0.8438,9999,0.03147526820640876,0.0003886718956046132,0.0004001259872563664,-0.00037603554410291055,0.001153379335312137,0.001120987051280294,260833610.1131096,47.525894091995376,0.2504865583665985,rebuilt_corrected_preperiod_weight
POST-OUTCOME EXPLORATORY -- NOT PART OF CONFIRMATORY YAX v1.1,continuous_SOC2_x_post,23,Legal,within_SOC2_beta_z_x_post,464,0.013427869411027112,False,False,-0.0025886097374979164,0.01121678268319666,0.01114288973397859,-0.024186211613401332,0.0190089921384055,1.925472079285068,0.8097,9999,0.031424772560029283,-8.271705502418914e-05,6.718554185619499e-05,-0.00018662879341986918,2.1194683371490892e-05,0.00018822602093522602,261731602.627886,47.86128707388878,0.24960033111245508,rebuilt_corrected_preperiod_weight
POST-OUTCOME EXPLORATORY -- NOT PART OF CONFIRMATORY YAX v1.1,continuous_SOC2_x_post,25,Educational Instruction and Library,within_SOC2_beta_z_x_post,461,0.04533650975246818,False,False,-0.0034991249633392037,0.01125634985007593,0.011193147974779683,-0.02521261400195784,0.018214364075279436,1.928999127410043,0.7542,9999,0.03153562334988085,-0.0009932322808654764,0.0016552354677831088,-0.003310475330953751,0.0013240107692227983,0.0046372832190374625,258223548.213897,46.81984241711311,0.2528905418191271,rebuilt_corrected_preperiod_weight
POST-OUTCOME EXPLORATORY -- NOT PART OF CONFIRMATORY YAX v1.1,continuous_SOC2_x_post,27,"Arts, Design, Entertainment, Sports, and Media",within_SOC2_beta_z_x_post,443,0.018037891505635284,False,False,-0.00010031238204051966,0.011722113859322649,0.011659626768610907,-0.022744492535780484,0.022543867771699446,1.9317488659036484,0.993,9999,0.032840500913315494,0.0024055803004332074,0.001663534816231293,-0.0008090723030076906,0.005620232903874105,0.0046605345509698635,246462034.19458058,43.297106925679515,0.26524273902586754,rebuilt_corrected_preperiod_weight
POST-OUTCOME EXPLORATORY -- NOT PART OF CONFIRMATORY YAX v1.1,continuous_SOC2_x_post,29,Healthcare Practitioners and Technical,within_SOC2_beta_z_x_post,431,0.06383214682502324,False,False,-0.0037464577698587296,0.011494318115210218,0.011419633446591084,-0.02590442987307502,0.01841151433335756,1.9277326311245082,0.7438,9999,0.03220231172386106,-0.0012405650873850023,0.0025602667910603234,-0.006229481478093034,0.003748351303323029,0.0071728055962601255,249208544.56237668,43.60008146945727,0.2621561238104107,rebuilt_corrected_preperiod_weight
POST-OUTCOME EXPLORATORY -- NOT PART OF CONFIRMATORY YAX v1.1,continuous_SOC2_x_post,31,Healthcare Support,within_SOC2_beta_z_x_post,454,0.036642463694461905,False,False,-0.007733503592212444,0.011414592663463412,0.011247372638661908,-0.029625096596458105,0.014158089412033215,1.9178602031343377,0.499,9999,0.031978954076739834,-0.005227610909738717,0.0040573956525694725,-0.012706178503423789,0.0022509566839463546,0.011367139684274455,242647057.35454583,44.38240114488564,0.26588840869697106,rebuilt_corrected_preperiod_weight
POST-OUTCOME EXPLORATORY -- NOT PART OF CONFIRMATORY YAX v1.1,continuous_SOC2_x_post,33,Protective Service,within_SOC2_beta_z_x_post,451,0.02280028801980246,False,False,-0.0009933997904461444,0.01126999447663079,0.011226581090297994,-0.02284048840543581,0.02085368882454352,1.9385181297374459,0.9305,9999,0.031573849933943625,0.001512492892027583,0.0012857863614937006,-0.000862205798175813,0.0038871915822309786,0.003602240064012009,258513855.6686876,46.80093237422978,0.2528146937582194,rebuilt_corrected_preperiod_weight
POST-OUTCOME EXPLORATORY -- NOT PART OF CONFIRMATORY YAX v1.1,continuous_SOC2_x_post,35,Food Preparation and Serving Related,within_SOC2_beta_z_x_post,458,0.03266807800281432,False,False,0.00022819877380866606,0.011689575995252773,0.011629429229351984,-0.022341029861691213,0.022797427409308544,1.9307140519609451,0.9846,9999,0.03274934331430836,0.0027340914562823935,0.003944660266148103,-0.004262609366860877,0.009730792279425663,0.011051301892118092,235444058.4460555,50.94952626373081,0.23727349396720607,rebuilt_corrected_preperiod_weight
POST-OUTCOME EXPLORATORY -- NOT PART OF CONFIRMATORY YAX v1.1,continuous_SOC2_x_post,37,Building and Grounds Cleaning and Maintenance,within_SOC2_beta_z_x_post,462,0.025103969800191438,False,False,-0.0004481824179073271,0.011310366268466602,0.011222885318710492,-0.022161179356932667,0.02126481452111801,1.9197430413514867,0.9676,9999,0.031686954949179565,0.0020577102645664,0.0012456954102955699,-0.0001884807515210073,0.004303901280653807,0.0034899218477552375,257021036.161174,46.35894973701441,0.25427928110340886,rebuilt_corrected_preperiod_weight
POST-OUTCOME EXPLORATORY -- NOT PART OF CONFIRMATORY YAX v1.1,continuous_SOC2_x_post,39,Personal Care and Service,within_SOC2_beta_z_x_post,451,0.025147093733323935,False,False,-0.004633684770145141,0.01146792277050708,0.011408114372665567,-0.026653707142229234,0.017386337601938952,1.920140448513888,0.6921,9999,0.032128362916313755,-0.002127792087671414,0.0015410073883996712,-0.005108337165715423,0.000852752990372596,0.004317263520343388,255579939.77384767,45.90459121491657,0.2555097517602968,rebuilt_corrected_preperiod_weight
POST-OUTCOME EXPLORATORY -- NOT PART OF CONFIRMATORY YAX v1.1,continuous_SOC2_x_post,41,Sales and Related,within_SOC2_beta_z_x_post,451,0.10057891735670715,False,False,-0.00563422508370161,0.01274919275919686,0.01267271319149862,-0.03030957625167661,0.01904112608427339,1.9354441990199727,0.6608,9999,0.03571794997703881,-0.003128332401227883,0.004700290280591101,-0.012180413620963202,0.005923748818507435,0.013168263770944084,213386822.62339756,50.21443585483624,0.23974478265651172,rebuilt_corrected_preperiod_weight
POST-OUTCOME EXPLORATORY -- NOT PART OF CONFIRMATORY YAX v1.1,continuous_SOC2_x_post,43,Office and Administrative Support,within_SOC2_beta_z_x_post,421,0.1121271028910818,False,False,-0.0073028653052720875,0.011372632489707372,0.011301668458834171,-0.02919579922216866,0.014590068611624485,1.9250541980241107,0.5291,9999,0.03186139907419546,-0.00479697262279836,0.006235934968805872,-0.016899765478689384,0.007305820233092666,0.017470503229720286,217811206.1964942,40.29674850752019,0.27866071221595995,rebuilt_corrected_preperiod_weight
POST-OUTCOME EXPLORATORY -- NOT PART OF CONFIRMATORY YAX v1.1,continuous_SOC2_x_post,45,"Farming, Fishing, and Forestry",within_SOC2_beta_z_x_post,463,0.0014627065575348978,False,False,-0.002471617498200442,0.011196255703576843,0.01112437041606552,-0.024051794190696092,0.01910855919429521,1.927445859029593,0.8195,9999,0.0313672644773539,3.4275184273285277e-05,0.00040086416558016174,-0.0007514323236150807,0.0008199826921616513,0.0011230551207605706,261581114.36996904,47.84161258432198,0.2496887191313009,rebuilt_corrected_preperiod_weight
POST-OUTCOME EXPLORATORY -- NOT PART OF CONFIRMATORY YAX v1.1,continuous_SOC2_x_post,47,Construction and Extraction,within_SOC2_beta_z_x_post,438,0.06135329115739375,False,False,-0.0025649649255765367,0.011495505828167246,0.01141298299842152,-0.02469150120159546,0.019561571350442383,1.9247988393692637,0.8204,9999,0.03220563920292483,-5.907224310280944e-05,0.0015988910763063827,-0.002973349456617616,0.002855204970411997,0.004479429604752696,252655462.44404316,45.62009518729346,0.2586243384380673,rebuilt_corrected_preperiod_weight
POST-OUTCOME EXPLORATORY -- NOT PART OF CONFIRMATORY YAX v1.1,continuous_SOC2_x_post,49,"Installation, Maintenance, and Repair",within_SOC2_beta_z_x_post,437,0.03562472514680118,False,False,-0.002141507646759137,0.01143722486230618,0.011354065566285135,-0.02411568376943058,0.019832668475912307,1.921285660395822,0.8463,9999,0.032042360110471124,0.0003643850357145902,0.0010513821636903072,-0.0016696913619681378,0.002398461433397318,0.002945536728382394,254778074.0261817,45.72327574624572,0.25627254710026703,rebuilt_corrected_preperiod_weight
POST-OUTCOME EXPLORATORY -- NOT PART OF CONFIRMATORY YAX v1.1,continuous_SOC2_x_post,51,Production,within_SOC2_beta_z_x_post,416,0.041399018405477314,False,False,-0.001353503374828678,0.011959199792119292,0.01188095105385673,-0.024342167637655125,0.02163516088799777,1.9222577314892924,0.9086,9999,0.03350471735806109,0.0011523893076450494,0.0022399218110413636,-0.003222815360185629,0.005527593975475728,0.006275331835542314,242982951.93281037,43.7967974109705,0.2689728020666378,rebuilt_corrected_preperiod_weight
POST-OUTCOME EXPLORATORY -- NOT PART OF CONFIRMATORY YAX v1.1,continuous_SOC2_x_post,53,Transportation and Material Moving,within_SOC2_beta_z_x_post,443,0.0752399281773975,False,False,0.0013749279270792942,0.011630825585590128,0.011595526017970516,-0.021329406220559392,0.02407926207471798,1.952082763219143,0.9093,9999,0.03258474903503941,0.0038808206095530214,0.0035585112726600437,-0.0022920530145011642,0.010053694233607207,0.009969472579972745,240040505.68988097,44.86315326831504,0.25907975531260247,rebuilt_corrected_preperiod_weight
POST-OUTCOME EXPLORATORY -- NOT PART OF CONFIRMATORY YAX v1.1,continuous_SOC2_x_calendar_month,11,Management,within_SOC2_beta_z_x_post,439,0.1355636987108838,False,False,-0.0010450277892703728,0.011221363967137386,0.011148502463350547,-0.02257903731220572,0.020488981733664976,1.9190188987719607,0.9196,9999,0.031437607417397595,0.0014198770333302224,0.0008110315131383337,-0.00015624431051105224,0.002995998377171497,0.0022721738986321493,258960309.9617304,47.158800774986325,0.25120707540514986,rebuilt_corrected_preperiod_weight
POST-OUTCOME EXPLORATORY -- NOT PART OF CONFIRMATORY YAX v1.1,continuous_SOC2_x_calendar_month,13,Business and Financial Operations,within_SOC2_beta_z_x_post,440,0.06216870757989009,False,False,0.0008433089366389196,0.011211173196417028,0.011136468113456501,-0.020839342440483907,0.022525960313761747,1.9340216226480536,0.9366,9999,0.03140905710478627,0.003308213759239515,0.0015600428485644698,0.0002573599359699452,0.006359067582509085,0.004370592984161066,256795345.25429282,46.344208157693025,0.2535490056145104,rebuilt_corrected_preperiod_weight
POST-OUTCOME EXPLORATORY -- NOT PART OF CONFIRMATORY YAX v1.1,continuous_SOC2_x_calendar_month,15,Computer and Mathematical,within_SOC2_beta_z_x_post,453,0.04312396668008975,False,False,-0.006284177545568876,0.011491581777858742,0.01140190539747602,-0.02855440615314027,0.015986051062002515,1.937960242381973,0.5853,9999,0.0321946456415854,-0.0038192727229682806,0.0026931863561958404,-0.009004442486019126,0.001365897040082564,0.0075451910851417935,247967438.62095135,44.63992303226196,0.26178191417751395,rebuilt_corrected_preperiod_weight
POST-OUTCOME EXPLORATORY -- NOT PART OF CONFIRMATORY YAX v1.1,continuous_SOC2_x_calendar_month,17,Architecture and Engineering,within_SOC2_beta_z_x_post,449,0.022767510805814184,False,False,-0.0020585932673497604,0.011247373584833463,0.011186376580661607,-0.0239007142688693,0.019783527734169776,1.9419752386434979,0.8481,9999,0.0315104755778637,0.0004063115552508348,0.0007923763255976253,-0.0010634759501766751,0.0018760990606783447,0.0022199098009769752,260028285.0171764,47.55285028012798,0.25021409159940056,rebuilt_corrected_preperiod_weight
POST-OUTCOME EXPLORATORY -- NOT PART OF CONFIRMATORY YAX v1.1,continuous_SOC2_x_calendar_month,19,"Life, Physical, and Social Science",within_SOC2_beta_z_x_post,447,0.012485338239220373,False,False,-0.0023844256157044504,0.011202065641451731,0.011137770905741862,-0.023972673876848278,0.019203822645439374,1.9271667344332843,0.8231,9999,0.03138354151342233,8.04792068961448e-05,0.000544259433253685,-0.0009712300619233371,0.0011321884757156267,0.0015247891830220657,260432000.72572303,47.73664831883,0.24970039703695673,rebuilt_corrected_preperiod_weight
POST-OUTCOME EXPLORATORY -- NOT PART OF CONFIRMATORY YAX v1.1,continuous_SOC2_x_calendar_month,21,Community and Social Service,within_SOC2_beta_z_x_post,456,0.013108777546960387,False,False,-0.002110225402885246,0.011214920079371435,0.011143890608205222,-0.023704214965419773,0.01948376415964928,1.9254697679258728,0.8427,9999,0.031419554316685326,0.0003546794197153494,0.0003704394180269166,-0.0003566445516959074,0.0010660033911266062,0.0010378175977505803,260195668.75331092,47.611211080533565,0.2499680406052014,rebuilt_corrected_preperiod_weight
POST-OUTCOME EXPLORATORY -- NOT PART OF CONFIRMATORY YAX v1.1,continuous_SOC2_x_calendar_month,23,Legal,within_SOC2_beta_z_x_post,464,0.013427869411027112,False,False,-0.0025362288183698486,0.011194398333114444,0.01112176077749166,-0.024097649003435338,0.01902519136669564,1.9260901339631702,0.8158,9999,0.031362060895721876,-7.132399576925338e-05,6.161496717137358e-05,-0.00016612031212976741,2.3472320591260646e-05,0.00017261958124183604,261083722.0932487,47.943236180336044,0.24909673043926656,rebuilt_corrected_preperiod_weight
POST-OUTCOME EXPLORATORY -- NOT PART OF CONFIRMATORY YAX v1.1,continuous_SOC2_x_calendar_month,25,Educational Instruction and Library,within_SOC2_beta_z_x_post,461,0.04533650975246818,False,False,-0.0034861492179339535,0.011231122669520845,0.011168787718172214,-0.02512340068503568,0.018151102249167776,1.9265439532435311,0.7547,9999,0.03146494725374306,-0.0010212443953333582,0.0016412341484927787,-0.0033106914315802335,0.001268202640913517,0.004598057329879593,257596418.1148144,46.90179164353679,0.25237007131008077,rebuilt_corrected_preperiod_weight
POST-OUTCOME EXPLORATORY -- NOT PART OF CONFIRMATORY YAX v1.1,continuous_SOC2_x_calendar_month,27,"Arts, Design, Entertainment, Sports, and Media",within_SOC2_beta_z_x_post,443,0.018037891505635284,False,False,5.083624961044802e-05,0.011702731290177073,0.011638231613887627,-0.02251074137863162,0.022612413877852518,1.927889914654333,0.996,9999,0.032786198994108194,0.0025157410722110433,0.0016314218117903358,-0.0006318200461767824,0.0056633021905988686,0.004570567232418882,245906702.9911514,43.38547387406112,0.26465076572985374,rebuilt_corrected_preperiod_weight
POST-OUTCOME EXPLORATORY -- NOT PART OF CONFIRMATORY YAX v1.1,continuous_SOC2_x_calendar_month,29,Healthcare Practitioners and Technical,within_SOC2_beta_z_x_post,431,0.06383214682502324,False,False,-0.0037320906923662294,0.011456029356962567,0.01138384092207907,-0.025928613924161917,0.018464432539429455,1.9375407080556606,0.7424,9999,0.03209504250473454,-0.0012671858697656342,0.0025883712196476593,-0.006301073387118724,0.003766701647587456,0.007251542547953917,248577988.0781672,43.6708678283293,0.26163831867022164,rebuilt_corrected_preperiod_weight
POST-OUTCOME EXPLORATORY -- NOT PART OF CONFIRMATORY YAX v1.1,continuous_SOC2_x_calendar_month,31,Healthcare Support,within_SOC2_beta_z_x_post,454,0.036642463694461905,False,False,-0.007781478784614739,0.011375231335748366,0.011208983207905962,-0.02950777109214984,0.01394481352292036,1.9099648759895524,0.4906,9999,0.031868679962848055,-0.0053165739620141435,0.004095768013122513,-0.012877459854470124,0.002244311930441837,0.011474643122383955,242070127.0693673,44.44950119149608,0.2654685505464902,rebuilt_corrected_preperiod_weight
POST-OUTCOME EXPLORATORY -- NOT PART OF CONFIRMATORY YAX v1.1,continuous_SOC2_x_calendar_month,33,Protective Service,within_SOC2_beta_z_x_post,451,0.02280028801980246,False,False,-0.000899840944443632,0.011245477512383938,0.011204454408121981,-0.0226667067080666,0.020867024819179333,1.9356106256628485,0.9357,9999,0.03150516356931663,0.0015650638781569632,0.0013142383564571348,-0.0008519408981583305,0.003982068654472257,0.003681950752527391,257875030.97727,46.88075019191198,0.25230607913285547,rebuilt_corrected_preperiod_weight
POST-OUTCOME EXPLORATORY -- NOT PART OF CONFIRMATORY YAX v1.1,continuous_SOC2_x_calendar_month,35,Food Preparation and Serving Related,within_SOC2_beta_z_x_post,458,0.03266807800281432,False,False,0.00018304188929433026,0.011668119094766864,0.011611483524429504,-0.02235058231496746,0.02271666609355612,1.9312130790958495,0.9882,9999,0.03268922997908052,0.0026479467118949254,0.003944170349964982,-0.004365078998563957,0.009660972422353807,0.011049929350181346,234843270.13176078,51.076868116155374,0.23665982021052884,rebuilt_corrected_preperiod_weight
POST-OUTCOME EXPLORATORY -- NOT PART OF CONFIRMATORY YAX v1.1,continuous_SOC2_x_calendar_month,37,Building and Grounds Cleaning and Maintenance,within_SOC2_beta_z_x_post,462,0.025103969800191438,False,False,-0.00042288793825822225,0.01128481150153383,0.01119842710647459,-0.022106326106820142,0.0212605502303037,1.9214710113336593,0.969,9999,0.03161536109188839,0.002042016884342373,0.0012412937750592252,-0.00018618248208273616,0.004270216250767482,0.0034775902915415696,256388244.66595507,46.439168735798404,0.2537625931497426,rebuilt_corrected_preperiod_weight
POST-OUTCOME EXPLORATORY -- NOT PART OF CONFIRMATORY YAX v1.1,continuous_SOC2_x_calendar_month,39,Personal Care and Service,within_SOC2_beta_z_x_post,451,0.025147093733323935,False,False,-0.00458841226393794,0.011440362859149684,0.01138105063134528,-0.02657660704699713,0.01739978251912125,1.921984036150885,0.6946,9999,0.03205115147604237,-0.002123507441337345,0.0015486205289815102,-0.005118920319791113,0.0008719054371164234,0.004338592382460885,254957193.75763866,45.98580846681135,0.25498469507275673,rebuilt_corrected_preperiod_weight
POST-OUTCOME EXPLORATORY -- NOT PART OF CONFIRMATORY YAX v1.1,continuous_SOC2_x_calendar_month,41,Sales and Related,within_SOC2_beta_z_x_post,451,0.10057891735670715,False,False,-0.00550400769275925,0.012707228042607412,0.012631712049656177,-0.030045657085884282,0.01903764170036578,1.931314155285223,0.6674,9999,0.035600382247359515,-0.003039102870158655,0.004718952011922014,-0.012128038904563553,0.006049833164246243,0.013220546201585167,212836434.40430444,50.318036267290424,0.2392747418861901,rebuilt_corrected_preperiod_weight
POST-OUTCOME EXPLORATORY -- NOT PART OF CONFIRMATORY YAX v1.1,continuous_SOC2_x_calendar_month,43,Office and Administrative Support,within_SOC2_beta_z_x_post,421,0.1121271028910818,False,False,-0.007075707358294213,0.011413540053670864,0.01134368202945765,-0.029143876857114955,0.014992462140526526,1.933507868290443,0.5454,9999,0.03197600510070459,-0.004610802535693619,0.006154764955043382,-0.016539153447342282,0.007317548375955045,0.017243098519009268,217289702.53827524,40.29680741995243,0.27856010443023277,rebuilt_corrected_preperiod_weight
POST-OUTCOME EXPLORATORY -- NOT PART OF CONFIRMATORY YAX v1.1,continuous_SOC2_x_calendar_month,45,"Farming, Fishing, and Forestry",within_SOC2_beta_z_x_post,463,0.0014627065575348978,False,False,-0.002401342779394772,0.011175174093055218,0.011104442240066903,-0.02387574856005836,0.019073063001268816,1.9216171132411084,0.8245,9999,0.031308202548942496,6.356204320582311e-05,0.0003481884603351692,-0.0006201711579013518,0.000747295244312998,0.0009754796435925237,260952544.14624482,47.92802924698903,0.24917346868465917,rebuilt_corrected_preperiod_weight
POST-OUTCOME EXPLORATORY -- NOT PART OF CONFIRMATORY YAX v1.1,continuous_SOC2_x_calendar_month,47,Construction and Extraction,within_SOC2_beta_z_x_post,438,0.06135329115739375,False,False,-0.0025123927470614145,0.011467605895732006,0.011386014000207846,-0.024606044036562857,0.019581258542440028,1.9266141067617453,0.8245,9999,0.03212747516462792,-4.748792446081923e-05,0.0016062443064845866,-0.002975053166419445,0.0028800773174978067,0.004500030305725334,252021513.2082085,45.69865018985966,0.2581138125399727,rebuilt_corrected_preperiod_weight
POST-OUTCOME EXPLORATORY -- NOT PART OF CONFIRMATORY YAX v1.1,continuous_SOC2_x_calendar_month,49,"Installation, Maintenance, and Repair",within_SOC2_beta_z_x_post,437,0.03562472514680118,False,False,-0.0020913314376647444,0.011414549137484947,0.011332667046669458,-0.02403351022781528,0.019850847352485795,1.922299210057562,0.8485,9999,0.03197883213500196,0.00037357338493585086,0.0010625717597726255,-0.001685367147764634,0.0024325139176363357,0.0029768853353632713,254136791.61422005,45.79950901926174,0.2557660689946419,rebuilt_corrected_preperiod_weight
POST-OUTCOME EXPLORATORY -- NOT PART OF CONFIRMATORY YAX v1.1,continuous_SOC2_x_calendar_month,51,Production,within_SOC2_beta_z_x_post,416,0.041399018405477314,False,False,-0.0013935312998227716,0.01193062469744903,0.011852826332069138,-0.024395159243850138,0.021608096644204596,1.9279483285519412,0.9044,9999,0.033424661795226705,0.0010713735227778237,0.0022349237931513465,-0.003282195491564615,0.005424942537120262,0.006261329462501778,242374457.8453533,43.872945316979084,0.26843754519238666,rebuilt_corrected_preperiod_weight
POST-OUTCOME EXPLORATORY -- NOT PART OF CONFIRMATORY YAX v1.1,continuous_SOC2_x_calendar_month,53,Transportation and Material Moving,within_SOC2_beta_z_x_post,443,0.0752399281773975,False,False,0.0014172162317166964,0.011616357892323112,0.011581843342147109,-0.021309851440625017,0.02414428390405841,1.9564710284418254,0.9075,9999,0.03254421655944235,0.0038821210543172916,0.0035370004465031498,-0.0022536443651715666,0.01001788647380615,0.009909208167382194,239423540.24346107,44.95096182173927,0.25850028619068444,rebuilt_corrected_preperiod_weight
