family,beta_quintile,quarter,young_mean,older_mean,young_share_mean,log_young_older_mean,observed_estimation_month_count,defined_log_ratio_month_count,calendar_month_count,transition_month_count,series_scope
11,3,2017Q1,314958.31661352335,5303753.291418384,0.05607546174559502,-2.8235570235316616,3,3,3,0,STATIC_ESTIMATION_MONTHS_ONLY
11,3,2017Q2,263719.0625000933,5686954.296175893,0.044365317957076704,-3.0727171294146385,3,3,3,0,STATIC_ESTIMATION_MONTHS_ONLY
11,3,2017Q3,334621.3197677633,5564770.11984688,0.05669738914314012,-2.8138189834152683,3,3,3,0,STATIC_ESTIMATION_MONTHS_ONLY
11,3,2017Q4,265763.29869271,5450623.848657283,0.046481076307055426,-3.0215258527369575,3,3,3,0,STATIC_ESTIMATION_MONTHS_ONLY
11,3,2018Q1,235078.33425592666,5494902.700685583,0.041036159231452186,-3.1518605973394886,3,3,3,0,STATIC_ESTIMATION_MONTHS_ONLY
11,3,2018Q2,304903.9528485033,5467894.135131604,0.052791134820341236,-2.8910208490996383,3,3,3,0,STATIC_ESTIMATION_MONTHS_ONLY
11,3,2018Q3,313270.56501381664,5570276.237604793,0.05320686715819865,-2.880046869918722,3,3,3,0,STATIC_ESTIMATION_MONTHS_ONLY
11,3,2018Q4,293605.2431836867,5549109.249746437,0.05030956654194679,-2.9442107956258745,3,3,3,0,STATIC_ESTIMATION_MONTHS_ONLY
11,3,2019Q1,274026.46333786,5497717.9749077,0.047431322648403225,-3.0047894943613884,3,3,3,0,STATIC_ESTIMATION_MONTHS_ONLY
11,3,2019Q2,284253.36918218667,5373142.329189577,0.0502271784675155,-2.9418668980639437,3,3,3,0,STATIC_ESTIMATION_MONTHS_ONLY
11,3,2019Q3,322328.79099457996,5614463.681525203,0.054296245965503066,-2.860450433886179,3,3,3,0,STATIC_ESTIMATION_MONTHS_ONLY
11,3,2019Q4,276621.6613583867,5786810.571650446,0.04558373345218839,-3.049954753737138,3,3,3,0,STATIC_ESTIMATION_MONTHS_ONLY
11,3,2020Q1,295135.90026666666,5170508.6696,0.05403678129518102,-2.865442930472433,3,3,3,0,STATIC_ESTIMATION_MONTHS_ONLY
11,3,2020Q2,221581.03483333334,5213308.240133334,0.04101278028283356,-3.161983644915706,3,3,3,0,STATIC_ESTIMATION_MONTHS_ONLY
11,3,2020Q3,200910.93259999997,5187235.0302,0.037314848104096014,-3.2587709547204944,3,3,3,0,STATIC_ESTIMATION_MONTHS_ONLY
11,3,2020Q4,271691.3316,5330843.0746,0.04851959041219132,-2.9768333363579327,3,3,3,0,STATIC_ESTIMATION_MONTHS_ONLY
11,3,2021Q1,308303.15716666664,5235212.035333333,0.055606905042272774,-2.833680461098352,3,3,3,0,STATIC_ESTIMATION_MONTHS_ONLY
11,3,2021Q2,283726.1337,5373925.016033334,0.05010109728624954,-2.9496916985140853,3,3,3,0,STATIC_ESTIMATION_MONTHS_ONLY
11,3,2021Q3,305462.25426666666,5267685.388866667,0.0547844745335575,-2.8537535736125244,3,3,3,0,STATIC_ESTIMATION_MONTHS_ONLY
11,3,2021Q4,310478.2712,5387197.473533333,0.05448713407360842,-2.853876926284943,3,3,3,0,STATIC_ESTIMATION_MONTHS_ONLY
11,3,2022Q1,236379.31196666663,5496196.565033333,0.04124619029862749,-3.1494703214004756,3,3,3,0,STATIC_ESTIMATION_MONTHS_ONLY
11,3,2022Q2,226012.60146666667,5612928.477666666,0.038700966684727015,-3.2158539652009446,3,3,3,0,STATIC_ESTIMATION_MONTHS_ONLY
11,3,2022Q3,279693.4388333333,5745465.266933333,0.04642130639309089,-3.023478569382483,3,3,3,0,STATIC_ESTIMATION_MONTHS_ONLY
11,3,2022Q4,288049.13375000004,5833676.1192,0.04705033699258396,-3.008575637740931,2,2,3,1,STATIC_ESTIMATION_MONTHS_ONLY
11,3,2023Q1,324198.3102,5920892.561933334,0.05196729971574454,-2.908387571352956,3,3,3,0,STATIC_ESTIMATION_MONTHS_ONLY
11,3,2023Q2,357185.87353333336,6020713.908733333,0.055934645521120464,-2.8300741678819015,3,3,3,0,STATIC_ESTIMATION_MONTHS_ONLY
11,3,2023Q3,307453.7783,5709851.546766666,0.05106205597645928,-2.926251727423613,3,3,3,0,STATIC_ESTIMATION_MONTHS_ONLY
11,3,2023Q4,273135.33239999996,5764853.3286999995,0.045244114501856586,-3.05074305047248,3,3,3,0,STATIC_ESTIMATION_MONTHS_ONLY
11,3,2024Q1,345563.1630333334,5581115.462066666,0.05832148175076272,-2.78875460792213,3,3,3,0,STATIC_ESTIMATION_MONTHS_ONLY
11,3,2024Q2,312996.8256666667,5760292.0138,0.05152792106856726,-2.9133361003318115,3,3,3,0,STATIC_ESTIMATION_MONTHS_ONLY
11,3,2024Q3,288825.9809,5900113.124533333,0.04665190084834298,-3.0174049546814223,3,3,3,0,STATIC_ESTIMATION_MONTHS_ONLY
11,3,2024Q4,314316.0749333333,5898375.344733332,0.05059177520525545,-2.9324665139520225,3,3,3,0,STATIC_ESTIMATION_MONTHS_ONLY
11,3,2025Q1,307783.51516666665,5750247.334966667,0.05081400182552968,-2.930078070012415,3,3,3,0,STATIC_ESTIMATION_MONTHS_ONLY
11,3,2025Q2,301942.16013333335,5861591.668099999,0.04893779250074173,-2.9735161174090443,3,3,3,0,STATIC_ESTIMATION_MONTHS_ONLY
11,3,2025Q3,281990.4889,5870523.429233334,0.04580797784602839,-3.037593261487563,3,3,3,0,STATIC_ESTIMATION_MONTHS_ONLY
11,3,2025Q4,342741.21365000005,5830546.47845,0.05550791431557505,-2.8346948366570026,2,2,3,0,STATIC_ESTIMATION_MONTHS_ONLY
11,3,2026Q1,304314.4961,5952560.893433333,0.048704206830194524,-2.9792909687043334,3,3,3,0,STATIC_ESTIMATION_MONTHS_ONLY
11,3,2026Q2,249994.86106666666,5866389.5471,0.04086064090903291,-3.1605434643196655,3,3,3,0,STATIC_ESTIMATION_MONTHS_ONLY
11,3,2026Q3,305095.392,5797426.9228,0.049994965403088246,-2.944544975736103,1,1,1,0,STATIC_ESTIMATION_MONTHS_ONLY
11,4,2017Q1,281883.6184476767,8776288.495014124,0.031123457002899396,-3.4401583032974385,3,3,3,0,STATIC_ESTIMATION_MONTHS_ONLY
11,4,2017Q2,295538.28770329995,8573423.19960962,0.033340957465083344,-3.367554168268264,3,3,3,0,STATIC_ESTIMATION_MONTHS_ONLY
11,4,2017Q3,298013.02941875,8458807.790018639,0.03405363473223163,-3.346818996311296,3,3,3,0,STATIC_ESTIMATION_MONTHS_ONLY
11,4,2017Q4,256103.48604550332,8839367.851059766,0.02815183081360854,-3.5419481489656603,3,3,3,0,STATIC_ESTIMATION_MONTHS_ONLY
11,4,2018Q1,308253.63226614334,8803770.110015677,0.03383155676422275,-3.3562800149332896,3,3,3,0,STATIC_ESTIMATION_MONTHS_ONLY
11,4,2018Q2,282100.7434873733,8799199.593115984,0.031062474809716394,-3.44256299760125,3,3,3,0,STATIC_ESTIMATION_MONTHS_ONLY
11,4,2018Q3,321984.59638526,8811621.090903476,0.035306422185115253,-3.316944188409414,3,3,3,0,STATIC_ESTIMATION_MONTHS_ONLY
11,4,2018Q4,287632.30173902336,9481890.947081193,0.029404081670723278,-3.4998369076592724,3,3,3,0,STATIC_ESTIMATION_MONTHS_ONLY
11,4,2019Q1,302013.38988037664,9308169.375145623,0.031417305557819325,-3.4288885564538325,3,3,3,0,STATIC_ESTIMATION_MONTHS_ONLY
11,4,2019Q2,259981.30226805,9283543.426997468,0.027220779071519933,-3.5806322101486665,3,3,3,0,STATIC_ESTIMATION_MONTHS_ONLY
11,4,2019Q3,256063.90196917,9346688.704647763,0.02669517076201192,-3.5975651721368767,3,3,3,0,STATIC_ESTIMATION_MONTHS_ONLY
11,4,2019Q4,281076.00105503,9577056.775325835,0.028496490577619632,-3.5309387162708585,3,3,3,0,STATIC_ESTIMATION_MONTHS_ONLY
11,4,2020Q1,380763.14009999996,10057567.7463,0.03647912922444652,-3.2740330696832722,3,3,3,0,STATIC_ESTIMATION_MONTHS_ONLY
11,4,2020Q2,309462.1026666667,9896175.2424,0.030349442055475285,-3.465122729148065,3,3,3,0,STATIC_ESTIMATION_MONTHS_ONLY
11,4,2020Q3,344157.53586666664,10091581.622766668,0.033002027325986415,-3.381322379596719,3,3,3,0,STATIC_ESTIMATION_MONTHS_ONLY
11,4,2020Q4,277979.914,10006632.633866668,0.027030608136079076,-3.5835179085770172,3,3,3,0,STATIC_ESTIMATION_MONTHS_ONLY
11,4,2021Q1,298876.24596666667,10049259.1964,0.028851381805144145,-3.518506622484844,3,3,3,0,STATIC_ESTIMATION_MONTHS_ONLY
11,4,2021Q2,305720.77806666674,10340956.570366668,0.02873159684777497,-3.5248392495878513,3,3,3,0,STATIC_ESTIMATION_MONTHS_ONLY
11,4,2021Q3,304243.62293333333,10276098.433666667,0.028751462200961236,-3.5202656476385,3,3,3,0,STATIC_ESTIMATION_MONTHS_ONLY
11,4,2021Q4,335300.0783,10315957.134266667,0.03148843855879301,-3.431273715064602,3,3,3,0,STATIC_ESTIMATION_MONTHS_ONLY
11,4,2022Q1,295545.28719999996,10696775.992766667,0.02690106329396588,-3.589282066875001,3,3,3,0,STATIC_ESTIMATION_MONTHS_ONLY
11,4,2022Q2,330090.1423,11085001.247633332,0.028917314285429364,-3.5143559195572904,3,3,3,0,STATIC_ESTIMATION_MONTHS_ONLY
11,4,2022Q3,398421.09903333336,11242294.178899998,0.034205907170040545,-3.343552723654332,3,3,3,0,STATIC_ESTIMATION_MONTHS_ONLY
11,4,2022Q4,337306.79985,10868228.079750001,0.030099954763572027,-3.4727145576140153,2,2,3,1,STATIC_ESTIMATION_MONTHS_ONLY
11,4,2023Q1,349126.1593333333,11149599.064366667,0.030350374790425655,-3.466042173949125,3,3,3,0,STATIC_ESTIMATION_MONTHS_ONLY
11,4,2023Q2,387941.21619999997,11326670.027066668,0.033114115500046705,-3.37839652770816,3,3,3,0,STATIC_ESTIMATION_MONTHS_ONLY
11,4,2023Q3,394234.3436999999,11269321.799499998,0.03378996486190121,-3.354804580628667,3,3,3,0,STATIC_ESTIMATION_MONTHS_ONLY
11,4,2023Q4,371071.98143333336,11453260.0669,0.031403256947589726,-3.435794012647173,3,3,3,0,STATIC_ESTIMATION_MONTHS_ONLY
11,4,2024Q1,340963.36176666664,11082172.3311,0.029804377071043834,-3.491143664733197,3,3,3,0,STATIC_ESTIMATION_MONTHS_ONLY
11,4,2024Q2,385304.0555333334,11208739.096,0.03319765207866315,-3.376402191238649,3,3,3,0,STATIC_ESTIMATION_MONTHS_ONLY
11,4,2024Q3,387871.7872666667,11225587.816366665,0.033400094574252547,-3.3702177232217885,3,3,3,0,STATIC_ESTIMATION_MONTHS_ONLY
11,4,2024Q4,300338.5504,11224301.476133332,0.026046266565773985,-3.630185205187677,3,3,3,0,STATIC_ESTIMATION_MONTHS_ONLY
11,4,2025Q1,337604.6705333333,11435006.7883,0.028668500818809412,-3.5304519767682145,3,3,3,0,STATIC_ESTIMATION_MONTHS_ONLY
11,4,2025Q2,333981.7266333333,11247552.284500001,0.028834783836462746,-3.517347605409075,3,3,3,0,STATIC_ESTIMATION_MONTHS_ONLY
11,4,2025Q3,340186.03376666666,11427333.265733333,0.02894987332456063,-3.5182869841502935,3,3,3,0,STATIC_ESTIMATION_MONTHS_ONLY
11,4,2025Q4,344244.69029999996,11413293.319,0.029278769896480823,-3.501177170651051,2,2,3,0,STATIC_ESTIMATION_MONTHS_ONLY
11,4,2026Q1,306356.7254333333,11301848.4881,0.026394432310105378,-3.6140801896361303,3,3,3,0,STATIC_ESTIMATION_MONTHS_ONLY
11,4,2026Q2,362599.2969333334,10949647.812,0.03204223762346577,-3.413519515506396,3,3,3,0,STATIC_ESTIMATION_MONTHS_ONLY
11,4,2026Q3,420153.0303,11132953.7298,0.0363671035873266,-3.2770457908172954,1,1,1,0,STATIC_ESTIMATION_MONTHS_ONLY
11,5,2017Q1,19431.1164,223001.2554,0.08081422156563002,-2.4786779003639605,3,3,3,0,STATIC_ESTIMATION_MONTHS_ONLY
11,5,2017Q2,18562.422333333332,247044.33256666665,0.0711312156691332,-2.6242197238973337,3,3,3,0,STATIC_ESTIMATION_MONTHS_ONLY
11,5,2017Q3,14395.989200000002,252146.8607333333,0.053899279318825044,-2.8729491219589764,3,3,3,0,STATIC_ESTIMATION_MONTHS_ONLY
11,5,2017Q4,24090.592866666662,256584.16336666665,0.08612526583389735,-2.373201707588232,3,3,3,0,STATIC_ESTIMATION_MONTHS_ONLY
11,5,2018Q1,16565.0406,272137.52873333334,0.05719096088389749,-2.837878316268636,3,3,3,0,STATIC_ESTIMATION_MONTHS_ONLY
11,5,2018Q2,10561.6511,246357.29056666666,0.04124279612152148,-3.1744043584013326,3,3,3,0,STATIC_ESTIMATION_MONTHS_ONLY
11,5,2018Q3,13844.234600000002,291635.7045666667,0.045940697245148134,-3.16270575533624,3,3,3,0,STATIC_ESTIMATION_MONTHS_ONLY
11,5,2018Q4,12834.700766666667,246141.95916666664,0.04938302053610988,-3.0051093956878057,3,3,3,0,STATIC_ESTIMATION_MONTHS_ONLY
11,5,2019Q1,17367.0152,279482.68703333335,0.0592227275136733,-2.93684762627554,3,3,3,0,STATIC_ESTIMATION_MONTHS_ONLY
11,5,2019Q2,2923.0475,275219.4200666667,0.009828950804105112,-4.314255569505827,3,2,3,0,STATIC_ESTIMATION_MONTHS_ONLY
11,5,2019Q3,14147.8487,262782.48426666664,0.05183303538952802,-2.9299813486051036,3,3,3,0,STATIC_ESTIMATION_MONTHS_ONLY
11,5,2019Q4,8589.743133333333,284712.34766666667,0.029796766087543725,-4.317868793537179,3,3,3,0,STATIC_ESTIMATION_MONTHS_ONLY
11,5,2020Q1,6057.246033333333,314759.18206666666,0.018775954613377145,-3.9691797086927987,3,3,3,0,STATIC_ESTIMATION_MONTHS_ONLY
11,5,2020Q2,3171.3946,307457.2815333333,0.009586780600139873,-5.053103926702342,3,3,3,0,STATIC_ESTIMATION_MONTHS_ONLY
11,5,2020Q3,7149.6558,265019.6643666667,0.025181328917008652,-3.2457563302746024,3,2,3,0,STATIC_ESTIMATION_MONTHS_ONLY
11,5,2020Q4,15875.104400000002,281315.91403333336,0.053458655885892464,-2.8742878940941203,3,3,3,0,STATIC_ESTIMATION_MONTHS_ONLY
11,5,2021Q1,11960.508300000001,297347.75043333333,0.03861795675924648,-3.217465831833199,3,3,3,0,STATIC_ESTIMATION_MONTHS_ONLY
11,5,2021Q2,5458.653066666667,286905.7134,0.019057235341225054,-4.062865996879903,3,3,3,0,STATIC_ESTIMATION_MONTHS_ONLY
11,5,2021Q3,8718.397500000001,345553.9718,0.02454008382224407,-3.6896872698094048,3,3,3,0,STATIC_ESTIMATION_MONTHS_ONLY
11,5,2021Q4,3110.2818666666667,318214.5113333333,0.011020183690637286,-4.399402199439269,3,2,3,0,STATIC_ESTIMATION_MONTHS_ONLY
11,5,2022Q1,9215.419100000001,358206.2629,0.023836529016323705,-4.115558375445335,3,3,3,0,STATIC_ESTIMATION_MONTHS_ONLY
11,5,2022Q2,13125.126466666668,333045.3750333334,0.03816897212206786,-3.3208791864133302,3,3,3,0,STATIC_ESTIMATION_MONTHS_ONLY
11,5,2022Q3,11767.505233333331,330966.2699,0.03407104566893112,-3.3653955981881083,3,3,3,0,STATIC_ESTIMATION_MONTHS_ONLY
11,5,2022Q4,9712.1495,348279.3193,0.026536408104237935,-3.6479083239518735,2,2,3,1,STATIC_ESTIMATION_MONTHS_ONLY
11,5,2023Q1,11600.276,350018.8562999999,0.031734430029949856,-3.642748708542141,3,3,3,0,STATIC_ESTIMATION_MONTHS_ONLY
11,5,2023Q2,11893.421800000002,329647.78729999997,0.034562202529875664,-3.4017924332774547,3,3,3,0,STATIC_ESTIMATION_MONTHS_ONLY
11,5,2023Q3,16324.147200000001,314137.27116666664,0.04977171237379178,-3.008209139158929,3,3,3,0,STATIC_ESTIMATION_MONTHS_ONLY
11,5,2023Q4,5138.5934,315464.4373666667,0.016484472783012332,-4.681854036679654,3,2,3,0,STATIC_ESTIMATION_MONTHS_ONLY
11,5,2024Q1,6712.745366666667,331243.3096,0.019861049113747208,-3.486756667506905,3,2,3,0,STATIC_ESTIMATION_MONTHS_ONLY
11,5,2024Q2,10129.245,336018.83033333335,0.02874618985040796,-3.717905917461428,3,3,3,0,STATIC_ESTIMATION_MONTHS_ONLY
11,5,2024Q3,18815.042666666664,344333.2752,0.05184817269233788,-2.926440281292218,3,3,3,0,STATIC_ESTIMATION_MONTHS_ONLY
11,5,2024Q4,25671.2257,327325.2018,0.07164923073767633,-2.575041337789983,3,3,3,0,STATIC_ESTIMATION_MONTHS_ONLY
11,5,2025Q1,17082.370533333335,323259.25076666666,0.04966345045959517,-2.996553363422427,3,3,3,0,STATIC_ESTIMATION_MONTHS_ONLY
11,5,2025Q2,6738.101633333335,349180.0685666667,0.019570173930005035,-4.312253965216656,3,3,3,0,STATIC_ESTIMATION_MONTHS_ONLY
11,5,2025Q3,9901.7825,371358.14886666666,0.025673855005468853,-4.040779803770826,3,3,3,0,STATIC_ESTIMATION_MONTHS_ONLY
11,5,2025Q4,11332.174449999999,298525.12604999996,0.03677952556666859,-3.310293485496204,2,2,3,0,STATIC_ESTIMATION_MONTHS_ONLY
11,5,2026Q1,10949.412000000002,379972.8654666667,0.027962948845728586,-3.5500971476841605,3,3,3,0,STATIC_ESTIMATION_MONTHS_ONLY
11,5,2026Q2,16717.8697,342173.1798,0.046539080965398126,-3.0300639085868384,3,3,3,0,STATIC_ESTIMATION_MONTHS_ONLY
11,5,2026Q3,15300.2894,358717.4581,0.04090792349365721,-3.1546633105784068,1,1,1,0,STATIC_ESTIMATION_MONTHS_ONLY
13,3,2017Q1,52695.13963333333,831096.4044666666,0.06011002607053637,-2.7927558164460877,3,3,3,0,STATIC_ESTIMATION_MONTHS_ONLY
13,3,2017Q2,32221.550633333332,801966.3123333333,0.038457038916193474,-3.3092983386498176,3,3,3,0,STATIC_ESTIMATION_MONTHS_ONLY
13,3,2017Q3,48597.63143333333,796520.7117666667,0.05752719794389929,-2.7970001740020805,3,3,3,0,STATIC_ESTIMATION_MONTHS_ONLY
13,3,2017Q4,46058.44956666667,823624.9404999999,0.05294796653959355,-2.8936815279328294,3,3,3,0,STATIC_ESTIMATION_MONTHS_ONLY
13,3,2018Q1,62171.12443333334,807029.3315,0.0716938125512586,-2.5648654643235758,3,3,3,0,STATIC_ESTIMATION_MONTHS_ONLY
13,3,2018Q2,46338.24566666666,757457.2236,0.057585794810665676,-2.8677276245587766,3,3,3,0,STATIC_ESTIMATION_MONTHS_ONLY
13,3,2018Q3,59263.573333333334,788256.1238000001,0.06978686095503561,-2.595353596528374,3,3,3,0,STATIC_ESTIMATION_MONTHS_ONLY
13,3,2018Q4,28387.8637,810205.3571333332,0.034242772152065754,-3.44567800174315,3,3,3,0,STATIC_ESTIMATION_MONTHS_ONLY
13,3,2019Q1,38587.568,882771.5568999999,0.04174410230304001,-3.1727606698403115,3,3,3,0,STATIC_ESTIMATION_MONTHS_ONLY
13,3,2019Q2,51828.50316666666,806951.3713666666,0.06038324501648761,-2.745014438339625,3,3,3,0,STATIC_ESTIMATION_MONTHS_ONLY
13,3,2019Q3,38725.61076666667,811701.8232,0.044955794661055704,-3.094849681826855,3,3,3,0,STATIC_ESTIMATION_MONTHS_ONLY
13,3,2019Q4,37427.6308,763181.9306999999,0.046772504248929536,-3.022205732684617,3,3,3,0,STATIC_ESTIMATION_MONTHS_ONLY
13,3,2020Q1,46037.40263333334,874174.7784333333,0.0499731266775466,-2.957754489660139,3,3,3,0,STATIC_ESTIMATION_MONTHS_ONLY
13,3,2020Q2,38780.947,834500.5788666666,0.04437783290430622,-3.0705898882539095,3,3,3,0,STATIC_ESTIMATION_MONTHS_ONLY
13,3,2020Q3,47651.23253333333,817804.9397,0.055084018807645956,-2.946174892743582,3,3,3,0,STATIC_ESTIMATION_MONTHS_ONLY
13,3,2020Q4,77793.07063333334,823711.6127333334,0.08702189406761036,-2.3644381779361088,3,3,3,0,STATIC_ESTIMATION_MONTHS_ONLY
13,3,2021Q1,57978.28283333333,840928.7098333333,0.06437624563185955,-2.6870238201513152,3,3,3,0,STATIC_ESTIMATION_MONTHS_ONLY
13,3,2021Q2,62671.89243333333,842826.0184000001,0.06942677715447752,-2.6060127978918763,3,3,3,0,STATIC_ESTIMATION_MONTHS_ONLY
13,3,2021Q3,78706.26909999999,857168.8671333333,0.08411022682501372,-2.3882054497899756,3,3,3,0,STATIC_ESTIMATION_MONTHS_ONLY
13,3,2021Q4,65866.51263333333,822491.3716333332,0.07342040359068187,-2.5491036418356394,3,3,3,0,STATIC_ESTIMATION_MONTHS_ONLY
13,3,2022Q1,56182.3737,873181.4760666667,0.060582243299779064,-2.7426954331703115,3,3,3,0,STATIC_ESTIMATION_MONTHS_ONLY
13,3,2022Q2,58931.90933333334,874789.836,0.06332144362929326,-2.7013891545083215,3,3,3,0,STATIC_ESTIMATION_MONTHS_ONLY
13,3,2022Q3,56125.19836666667,831980.6580999998,0.0640494870130452,-2.7002551352065787,3,3,3,0,STATIC_ESTIMATION_MONTHS_ONLY
13,3,2022Q4,54828.006349999996,963464.9701,0.05386010881849014,-2.8673055228096525,2,2,3,1,STATIC_ESTIMATION_MONTHS_ONLY
13,3,2023Q1,65010.96436666666,862213.9065333334,0.07045006172733863,-2.5918465449853882,3,3,3,0,STATIC_ESTIMATION_MONTHS_ONLY
13,3,2023Q2,75463.6947,854038.7763666665,0.08081339520717612,-2.4511057409379116,3,3,3,0,STATIC_ESTIMATION_MONTHS_ONLY
13,3,2023Q3,74693.24993333333,893386.0425,0.07693555772671201,-2.4867726488030883,3,3,3,0,STATIC_ESTIMATION_MONTHS_ONLY
13,3,2023Q4,66269.88403333334,921400.7482666667,0.0669405269480124,-2.6405982752819086,3,3,3,0,STATIC_ESTIMATION_MONTHS_ONLY
13,3,2024Q1,66969.94679999999,974921.4574666666,0.06493513821589277,-2.6850359606203504,3,3,3,0,STATIC_ESTIMATION_MONTHS_ONLY
13,3,2024Q2,54368.39573333333,901202.9021333334,0.05717858462088462,-2.8083821115051255,3,3,3,0,STATIC_ESTIMATION_MONTHS_ONLY
13,3,2024Q3,44698.869333333336,888000.2944,0.04847798664154213,-3.016602295736727,3,3,3,0,STATIC_ESTIMATION_MONTHS_ONLY
13,3,2024Q4,54168.569500000005,994964.2723333333,0.05144825338560619,-2.9232686204584417,3,3,3,0,STATIC_ESTIMATION_MONTHS_ONLY
13,3,2025Q1,78628.12573333333,870102.6392000001,0.0828983384080509,-2.4037035433213094,3,3,3,0,STATIC_ESTIMATION_MONTHS_ONLY
13,3,2025Q2,74444.53943333334,878911.1817333334,0.07812356363229205,-2.4811224277159742,3,3,3,0,STATIC_ESTIMATION_MONTHS_ONLY
13,3,2025Q3,59595.10076666667,851683.9875666667,0.06569578710018735,-2.688660073300833,3,3,3,0,STATIC_ESTIMATION_MONTHS_ONLY
13,3,2025Q4,61558.4936,1046829.80685,0.05552490204315082,-2.833930327635125,2,2,3,0,STATIC_ESTIMATION_MONTHS_ONLY
13,3,2026Q1,49141.6361,1002725.9867666666,0.04671199479600705,-3.017853497111208,3,3,3,0,STATIC_ESTIMATION_MONTHS_ONLY
13,3,2026Q2,46187.2554,953890.0005000001,0.04607917908115575,-3.051322484434989,3,3,3,0,STATIC_ESTIMATION_MONTHS_ONLY
13,3,2026Q3,39519.7676,891117.1639,0.042465290450382255,-3.1156749236121817,1,1,1,0,STATIC_ESTIMATION_MONTHS_ONLY
13,4,2017Q1,198760.39461371,2586474.4886844964,0.07137682079039022,-2.5671452551866483,3,3,3,0,STATIC_ESTIMATION_MONTHS_ONLY
13,4,2017Q2,202984.50375408333,2513304.42713055,0.0747418310015656,-2.5164989930101833,3,3,3,0,STATIC_ESTIMATION_MONTHS_ONLY
13,4,2017Q3,206345.18593542665,2467178.8083382403,0.07728148287480309,-2.481889751606453,3,3,3,0,STATIC_ESTIMATION_MONTHS_ONLY
13,4,2017Q4,212094.11216197335,2605107.8532410334,0.07530516357818627,-2.5143875900720967,3,3,3,0,STATIC_ESTIMATION_MONTHS_ONLY
13,4,2018Q1,217027.07702029668,2566018.718198197,0.07820215797555242,-2.474908297550609,3,3,3,0,STATIC_ESTIMATION_MONTHS_ONLY
13,4,2018Q2,164440.93686256334,2517751.412402123,0.06128449951205731,-2.73071838927654,3,3,3,0,STATIC_ESTIMATION_MONTHS_ONLY
13,4,2018Q3,250887.36545682666,2518356.95069416,0.09035290074522499,-2.3131124220377077,3,3,3,0,STATIC_ESTIMATION_MONTHS_ONLY
13,4,2018Q4,235733.03124005333,2497606.2189255,0.0862751638631678,-2.3601694275688714,3,3,3,0,STATIC_ESTIMATION_MONTHS_ONLY
13,4,2019Q1,274633.06860688335,2490113.62347104,0.09936475674096157,-2.2055133194820566,3,3,3,0,STATIC_ESTIMATION_MONTHS_ONLY
13,4,2019Q2,224628.58425706998,2710324.3316103667,0.07658121452612272,-2.4902877080718064,3,3,3,0,STATIC_ESTIMATION_MONTHS_ONLY
13,4,2019Q3,249368.83826905335,2742364.45332829,0.08333068944958318,-2.398325136603445,3,3,3,0,STATIC_ESTIMATION_MONTHS_ONLY
13,4,2019Q4,244130.3342784367,2798034.7157064565,0.08013873379961013,-2.4529947178135596,3,3,3,0,STATIC_ESTIMATION_MONTHS_ONLY
13,4,2020Q1,267371.1104333334,2761991.1573333335,0.08820446884446805,-2.3387111149355735,3,3,3,0,STATIC_ESTIMATION_MONTHS_ONLY
13,4,2020Q2,253165.2833,2671696.8281,0.08659229297941475,-2.356153088552789,3,3,3,0,STATIC_ESTIMATION_MONTHS_ONLY
13,4,2020Q3,170168.37596666667,2720269.3543666666,0.05862221515975618,-2.7957677103565195,3,3,3,0,STATIC_ESTIMATION_MONTHS_ONLY
13,4,2020Q4,158810.29906666666,2657480.2287333333,0.05637263291840982,-2.820416665071583,3,3,3,0,STATIC_ESTIMATION_MONTHS_ONLY
13,4,2021Q1,201941.38836666665,2675674.0570333335,0.07025356689765651,-2.583933510870827,3,3,3,0,STATIC_ESTIMATION_MONTHS_ONLY
13,4,2021Q2,203808.56893333336,2439792.623666667,0.07706094967926667,-2.483453299428817,3,3,3,0,STATIC_ESTIMATION_MONTHS_ONLY
13,4,2021Q3,228636.41513333333,2495027.906366667,0.08410485345209462,-2.3894689210018227,3,3,3,0,STATIC_ESTIMATION_MONTHS_ONLY
13,4,2021Q4,230756.3639333333,2698379.948266667,0.07877127532509055,-2.459512509406023,3,3,3,0,STATIC_ESTIMATION_MONTHS_ONLY
13,4,2022Q1,259512.19900000002,2878765.1857666667,0.08274494286811919,-2.410753127039641,3,3,3,0,STATIC_ESTIMATION_MONTHS_ONLY
13,4,2022Q2,233378.67313333333,2694284.4361,0.07970458504246873,-2.448934065351242,3,3,3,0,STATIC_ESTIMATION_MONTHS_ONLY
13,4,2022Q3,243981.8887,2824323.785966667,0.07943705100856903,-2.4565252544012774,3,3,3,0,STATIC_ESTIMATION_MONTHS_ONLY
13,4,2022Q4,228397.81775,2779809.0017,0.07602557500668047,-2.4997595895631957,2,2,3,1,STATIC_ESTIMATION_MONTHS_ONLY
13,4,2023Q1,288721.73429999995,2894139.3835,0.0906534292860647,-2.306442767596143,3,3,3,0,STATIC_ESTIMATION_MONTHS_ONLY
13,4,2023Q2,220166.73513333334,2968824.9240666665,0.06905514910831075,-2.6016716721314492,3,3,3,0,STATIC_ESTIMATION_MONTHS_ONLY
13,4,2023Q3,275499.3812,3097934.749733333,0.08157241757525734,-2.422048697541688,3,3,3,0,STATIC_ESTIMATION_MONTHS_ONLY
13,4,2023Q4,250028.91436666666,3074288.636,0.07523717363682968,-2.5095695702650422,3,3,3,0,STATIC_ESTIMATION_MONTHS_ONLY
13,4,2024Q1,259105.55133333334,2909456.8571666665,0.08192751468254024,-2.4250381273055557,3,3,3,0,STATIC_ESTIMATION_MONTHS_ONLY
13,4,2024Q2,286179.2500333333,3056305.0777666667,0.08581547004842693,-2.3667474979789453,3,3,3,0,STATIC_ESTIMATION_MONTHS_ONLY
13,4,2024Q3,237142.3206,2971336.1481666663,0.07427443559893199,-2.53187069726925,3,3,3,0,STATIC_ESTIMATION_MONTHS_ONLY
13,4,2024Q4,264038.1715,2977044.6874666666,0.08146545412294635,-2.4254325636131253,3,3,3,0,STATIC_ESTIMATION_MONTHS_ONLY
13,4,2025Q1,288618.0714,3059282.0638,0.08626213365176423,-2.3632101195318964,3,3,3,0,STATIC_ESTIMATION_MONTHS_ONLY
13,4,2025Q2,264643.98696666665,3116877.4430666664,0.07807332116252415,-2.4706211984552002,3,3,3,0,STATIC_ESTIMATION_MONTHS_ONLY
13,4,2025Q3,262714.1046,3037445.0826666667,0.07960368445333693,-2.448251938214147,3,3,3,0,STATIC_ESTIMATION_MONTHS_ONLY
13,4,2025Q4,260895.0296,3000070.0472999997,0.0799269354562333,-2.445125895105818,2,2,3,0,STATIC_ESTIMATION_MONTHS_ONLY
13,4,2026Q1,301257.45029999997,2933609.2597666667,0.09318929492307472,-2.280922893293452,3,3,3,0,STATIC_ESTIMATION_MONTHS_ONLY
13,4,2026Q2,321715.9146,2933980.5274,0.09895529672984109,-2.210353108806974,3,3,3,0,STATIC_ESTIMATION_MONTHS_ONLY
13,4,2026Q3,282014.3926,2877607.3985,0.08925574364450078,-2.3227563562198825,1,1,1,0,STATIC_ESTIMATION_MONTHS_ONLY
13,5,2017Q1,286347.52869273,3081963.7803864568,0.08502198121657432,-2.3769079805301385,3,3,3,0,STATIC_ESTIMATION_MONTHS_ONLY
13,5,2017Q2,276489.36345778336,3161821.3572981334,0.08033024234558801,-2.4386007215257064,3,3,3,0,STATIC_ESTIMATION_MONTHS_ONLY
13,5,2017Q3,266579.7465362533,3174596.30297598,0.07745820129931841,-2.4775379192337788,3,3,3,0,STATIC_ESTIMATION_MONTHS_ONLY
13,5,2017Q4,275665.2835468833,3283198.9486375363,0.07745975853054164,-2.4779258073184,3,3,3,0,STATIC_ESTIMATION_MONTHS_ONLY
13,5,2018Q1,298338.7067445633,3234406.0464203767,0.08448007775907564,-2.3837924629171408,3,3,3,0,STATIC_ESTIMATION_MONTHS_ONLY
13,5,2018Q2,249994.77131061335,3182402.00657172,0.0728839611945267,-2.5442950618904283,3,3,3,0,STATIC_ESTIMATION_MONTHS_ONLY
13,5,2018Q3,245907.53783354,3148736.3832482337,0.0724499089860362,-2.550876827438969,3,3,3,0,STATIC_ESTIMATION_MONTHS_ONLY
13,5,2018Q4,272950.87545833335,3200911.7770531937,0.07858981484188728,-2.4625935672170507,3,3,3,0,STATIC_ESTIMATION_MONTHS_ONLY
13,5,2019Q1,294679.27616158,3450577.50304145,0.07861329988231182,-2.462397119224685,3,3,3,0,STATIC_ESTIMATION_MONTHS_ONLY
13,5,2019Q2,274533.90774326,3426959.79197336,0.07421303847639825,-2.526047594090086,3,3,3,0,STATIC_ESTIMATION_MONTHS_ONLY
13,5,2019Q3,234405.97602226,3238203.688614627,0.0673867484390518,-2.6341573058234258,3,3,3,0,STATIC_ESTIMATION_MONTHS_ONLY
13,5,2019Q4,220221.0729124467,3447519.749476383,0.06004702956495134,-2.7521776478791775,3,3,3,0,STATIC_ESTIMATION_MONTHS_ONLY
13,5,2020Q1,271180.8222,3507119.668533333,0.0718899176295747,-2.5589844455902306,3,3,3,0,STATIC_ESTIMATION_MONTHS_ONLY
13,5,2020Q2,212712.2984,3246758.6041,0.06144096455894627,-2.7287130210996935,3,3,3,0,STATIC_ESTIMATION_MONTHS_ONLY
13,5,2020Q3,214823.5784,3225598.8941999995,0.06245560332506872,-2.720184709962364,3,3,3,0,STATIC_ESTIMATION_MONTHS_ONLY
13,5,2020Q4,266788.2781666667,3156268.1480666664,0.07786833778413038,-2.4760481683447892,3,3,3,0,STATIC_ESTIMATION_MONTHS_ONLY
13,5,2021Q1,322416.28983333334,3348934.4239666667,0.08764142702079047,-2.34545110796886,3,3,3,0,STATIC_ESTIMATION_MONTHS_ONLY
13,5,2021Q2,299345.0956,3664293.0518,0.07553851808978058,-2.5046650408256674,3,3,3,0,STATIC_ESTIMATION_MONTHS_ONLY
13,5,2021Q3,260790.04676666667,3778228.0990999998,0.06448469759048628,-2.676151584488666,3,3,3,0,STATIC_ESTIMATION_MONTHS_ONLY
13,5,2021Q4,298773.86199999996,3483190.7897333335,0.07902547567937206,-2.461338850278859,3,3,3,0,STATIC_ESTIMATION_MONTHS_ONLY
13,5,2022Q1,358787.47373333335,3463998.7336666663,0.09380976725226155,-2.2710875653790157,3,3,3,0,STATIC_ESTIMATION_MONTHS_ONLY
13,5,2022Q2,297766.77183333336,3311253.2956666667,0.08251681653654107,-2.4088951625080557,3,3,3,0,STATIC_ESTIMATION_MONTHS_ONLY
13,5,2022Q3,260362.08166666664,3464293.3306000005,0.06983177168970892,-2.591700693592795,3,3,3,0,STATIC_ESTIMATION_MONTHS_ONLY
13,5,2022Q4,331759.00905,3592130.2613000004,0.08434540672640067,-2.3924816528104773,2,2,3,1,STATIC_ESTIMATION_MONTHS_ONLY
13,5,2023Q1,331415.69299999997,3495818.7937333337,0.08659327419693112,-2.3561605152691665,3,3,3,0,STATIC_ESTIMATION_MONTHS_ONLY
13,5,2023Q2,271541.61076666665,3683598.6333000003,0.06863368533438102,-2.6083010220573044,3,3,3,0,STATIC_ESTIMATION_MONTHS_ONLY
13,5,2023Q3,262063.6429,3562773.678333333,0.06847664139843677,-2.6116899857577254,3,3,3,0,STATIC_ESTIMATION_MONTHS_ONLY
13,5,2023Q4,230763.29669999998,3741397.7629666664,0.05808666151931021,-2.789386153829168,3,3,3,0,STATIC_ESTIMATION_MONTHS_ONLY
13,5,2024Q1,265501.08623333334,3854167.3716,0.06445653451722695,-2.6802444297213874,3,3,3,0,STATIC_ESTIMATION_MONTHS_ONLY
13,5,2024Q2,317291.42326666665,3924023.2620333335,0.0748127597880402,-2.515056261117715,3,3,3,0,STATIC_ESTIMATION_MONTHS_ONLY
13,5,2024Q3,299658.6328,3833036.9445999996,0.07257731521869693,-2.5498727691011998,3,3,3,0,STATIC_ESTIMATION_MONTHS_ONLY
13,5,2024Q4,259890.29619999998,3780057.4292666665,0.06438585788145985,-2.677991147476225,3,3,3,0,STATIC_ESTIMATION_MONTHS_ONLY
13,5,2025Q1,236655.40390000003,3700634.1572,0.060114241010521534,-2.7497021720200734,3,3,3,0,STATIC_ESTIMATION_MONTHS_ONLY
13,5,2025Q2,249405.5937,3912595.042966666,0.05990846811614418,-2.7540963503169507,3,3,3,0,STATIC_ESTIMATION_MONTHS_ONLY
13,5,2025Q3,273675.4619666666,3825334.479366666,0.06677956711756793,-2.6382204359899823,3,3,3,0,STATIC_ESTIMATION_MONTHS_ONLY
13,5,2025Q4,254792.65824999998,3879571.6249,0.06145258654708947,-2.7360506352591587,2,2,3,0,STATIC_ESTIMATION_MONTHS_ONLY
13,5,2026Q1,298759.50433333335,3832885.5730000003,0.07237119268352672,-2.552338053972728,3,3,3,0,STATIC_ESTIMATION_MONTHS_ONLY
13,5,2026Q2,215989.53223333333,3755569.3679999993,0.05432318757977303,-2.863355982265594,3,3,3,0,STATIC_ESTIMATION_MONTHS_ONLY
13,5,2026Q3,188244.3547,3831966.472,0.04682449822028882,-3.0133925116574636,1,1,1,0,STATIC_ESTIMATION_MONTHS_ONLY
15,4,2017Q1,1881.8105666666668,13738.495933333334,0.12833934758204668,-1.4475363005035744,3,2,3,0,STATIC_ESTIMATION_MONTHS_ONLY
15,4,2017Q2,2928.830933333333,14597.711233333333,0.18257446232863075,-1.5853609482291182,3,3,3,0,STATIC_ESTIMATION_MONTHS_ONLY
15,4,2017Q3,5934.017999999999,30075.357333333333,0.16605566248874493,-1.6484230746945014,3,3,3,0,STATIC_ESTIMATION_MONTHS_ONLY
15,4,2017Q4,3650.8672,40729.61153333334,0.07995717165644542,-2.035100629952639,3,2,3,0,STATIC_ESTIMATION_MONTHS_ONLY
15,4,2018Q1,1441.2866666666666,29290.101466666663,0.04390854958021848,-1.8857863965537744,3,1,3,0,STATIC_ESTIMATION_MONTHS_ONLY
15,4,2018Q2,5862.229566666668,37161.0127,0.13866214228128432,-1.8797747795236315,3,3,3,0,STATIC_ESTIMATION_MONTHS_ONLY
15,4,2018Q3,1463.1010333333334,34889.96803333333,0.03333606588172891,-2.1971334957081035,3,1,3,0,STATIC_ESTIMATION_MONTHS_ONLY
15,4,2018Q4,0.0,20699.098433333333,0.0,,3,0,3,0,STATIC_ESTIMATION_MONTHS_ONLY
15,4,2019Q1,0.0,39402.85613333333,0.0,,3,0,3,0,STATIC_ESTIMATION_MONTHS_ONLY
15,4,2019Q2,4539.7505,33275.714433333334,0.12114304961662992,-1.989086468524338,3,3,3,0,STATIC_ESTIMATION_MONTHS_ONLY
15,4,2019Q3,0.0,24574.779,0.0,,3,0,3,0,STATIC_ESTIMATION_MONTHS_ONLY
15,4,2019Q4,182.749,30402.94266666667,0.0071737866086909,-3.816953035203867,3,1,3,0,STATIC_ESTIMATION_MONTHS_ONLY
15,4,2020Q1,2686.4957,23569.42643333333,0.09245447518352552,-0.9575777806446066,3,1,3,0,STATIC_ESTIMATION_MONTHS_ONLY
15,4,2020Q2,6477.071800000001,24741.739666666665,0.20792567861504352,-1.4037925713997919,3,3,3,0,STATIC_ESTIMATION_MONTHS_ONLY
15,4,2020Q3,998.7247333333333,29157.899466666666,0.03194447206727193,-2.2444021812453023,3,1,3,0,STATIC_ESTIMATION_MONTHS_ONLY
15,4,2020Q4,0.0,38731.128033333334,0.0,,3,0,3,0,STATIC_ESTIMATION_MONTHS_ONLY
15,4,2021Q1,2653.8976000000002,30129.592066666664,0.08583672943175169,-1.914614323446002,3,2,3,0,STATIC_ESTIMATION_MONTHS_ONLY
15,4,2021Q2,3362.678566666667,23440.726733333333,0.12161218707095856,-1.6118030079032533,3,2,3,0,STATIC_ESTIMATION_MONTHS_ONLY
15,4,2021Q3,3008.736166666667,25975.822766666668,0.10650873638054033,-1.7258823998431372,3,2,3,0,STATIC_ESTIMATION_MONTHS_ONLY
15,4,2021Q4,0.0,28164.7154,0.0,,3,0,3,0,STATIC_ESTIMATION_MONTHS_ONLY
15,4,2022Q1,8805.028666666667,16902.798666666666,0.3308505512713265,-1.0288221996167217,3,3,3,0,STATIC_ESTIMATION_MONTHS_ONLY
15,4,2022Q2,9213.474333333334,16458.03613333333,0.3542926513124441,-0.6056657592074226,3,3,3,0,STATIC_ESTIMATION_MONTHS_ONLY
15,4,2022Q3,15842.296133333331,13119.486966666665,0.5233495275844764,0.0914438152766538,3,3,3,0,STATIC_ESTIMATION_MONTHS_ONLY
15,4,2022Q4,16869.028,24886.3651,0.40006645379453715,-0.4334368768444737,2,2,3,1,STATIC_ESTIMATION_MONTHS_ONLY
15,4,2023Q1,9332.316466666665,25692.30416666667,0.26619974440597277,-1.0147341142977486,3,3,3,0,STATIC_ESTIMATION_MONTHS_ONLY
15,4,2023Q2,10293.112,39035.79123333333,0.21276934018620253,-1.3161043378963004,3,3,3,0,STATIC_ESTIMATION_MONTHS_ONLY
15,4,2023Q3,3507.8442999999993,32144.883966666664,0.09218472858677225,-1.8650037208159516,3,2,3,0,STATIC_ESTIMATION_MONTHS_ONLY
15,4,2023Q4,4548.685733333333,36883.954333333335,0.111406424617366,-2.0867446042072166,3,3,3,0,STATIC_ESTIMATION_MONTHS_ONLY
15,4,2024Q1,6187.930733333334,18729.9561,0.2419848167374297,-1.1604726607208156,3,3,3,0,STATIC_ESTIMATION_MONTHS_ONLY
15,4,2024Q2,5949.5848,26704.070300000003,0.18834412463059938,-1.5541426780198837,3,3,3,0,STATIC_ESTIMATION_MONTHS_ONLY
15,4,2024Q3,10819.491899999999,26546.07236666667,0.2787219069096658,-0.9943022631237707,3,3,3,0,STATIC_ESTIMATION_MONTHS_ONLY
15,4,2024Q4,7158.3018999999995,34383.24336666667,0.1685350073148523,-1.7172149770802145,3,3,3,0,STATIC_ESTIMATION_MONTHS_ONLY
15,4,2025Q1,6214.014766666667,24047.210766666667,0.20172291739777534,-1.590216458504787,3,3,3,0,STATIC_ESTIMATION_MONTHS_ONLY
15,4,2025Q2,5004.0601,23056.880033333335,0.1707155307347059,-1.9402731134795668,3,3,3,0,STATIC_ESTIMATION_MONTHS_ONLY
15,4,2025Q3,14455.472099999999,19452.0773,0.44237342232167953,-0.23704007085403145,3,3,3,0,STATIC_ESTIMATION_MONTHS_ONLY
15,4,2025Q4,6679.07415,31513.59525,0.18542443508721912,-1.505404593107483,2,2,3,0,STATIC_ESTIMATION_MONTHS_ONLY
15,4,2026Q1,2488.487333333333,24243.5071,0.08065426364455726,-1.9842358354563285,3,2,3,0,STATIC_ESTIMATION_MONTHS_ONLY
15,4,2026Q2,6072.720266666666,11994.028466666665,0.38912629432512597,-0.4934200851035042,3,3,3,0,STATIC_ESTIMATION_MONTHS_ONLY
15,4,2026Q3,6202.1274,3367.5007,0.6481053741262944,0.6107215250563008,1,1,1,0,STATIC_ESTIMATION_MONTHS_ONLY
15,5,2017Q1,343284.94497496,4014095.4497266,0.07867775191280181,-2.469230134641121,3,3,3,0,STATIC_ESTIMATION_MONTHS_ONLY
15,5,2017Q2,283334.00964269333,4081344.115406413,0.06489387768023944,-2.669139265292243,3,3,3,0,STATIC_ESTIMATION_MONTHS_ONLY
15,5,2017Q3,296586.5605797333,4092524.634848933,0.06759380112747483,-2.625796581585299,3,3,3,0,STATIC_ESTIMATION_MONTHS_ONLY
15,5,2017Q4,341303.98202541337,4228011.457551974,0.07460222230876501,-2.52021740383216,3,3,3,0,STATIC_ESTIMATION_MONTHS_ONLY
15,5,2018Q1,359991.18980588,4450700.783872547,0.07483507210043651,-2.514820090144869,3,3,3,0,STATIC_ESTIMATION_MONTHS_ONLY
15,5,2018Q2,352037.4917902667,4270319.06652124,0.07616569692684667,-2.4967946862524304,3,3,3,0,STATIC_ESTIMATION_MONTHS_ONLY
15,5,2018Q3,380601.61470807996,4257432.171102573,0.08204093037410785,-2.415851232505207,3,3,3,0,STATIC_ESTIMATION_MONTHS_ONLY
15,5,2018Q4,345992.20793329336,4422239.9026229335,0.07254369019935143,-2.550254173607382,3,3,3,0,STATIC_ESTIMATION_MONTHS_ONLY
15,5,2019Q1,403261.54427389335,4417475.996752267,0.08357362452267754,-2.396417440300348,3,3,3,0,STATIC_ESTIMATION_MONTHS_ONLY
15,5,2019Q2,362780.90178109333,4533258.058102653,0.0740122082703462,-2.528942911506879,3,3,3,0,STATIC_ESTIMATION_MONTHS_ONLY
15,5,2019Q3,430453.82728133333,4648300.82512252,0.0847105042982395,-2.3807272940738415,3,3,3,0,STATIC_ESTIMATION_MONTHS_ONLY
15,5,2019Q4,382346.8069734266,4483778.241646866,0.07860131111493242,-2.462608646239456,3,3,3,0,STATIC_ESTIMATION_MONTHS_ONLY
15,5,2020Q1,437618.4828666667,4874974.237999999,0.08240395762556949,-2.411630275384296,3,3,3,0,STATIC_ESTIMATION_MONTHS_ONLY
15,5,2020Q2,458358.64793333336,5086646.5723,0.08265819794701644,-2.406770059507642,3,3,3,0,STATIC_ESTIMATION_MONTHS_ONLY
15,5,2020Q3,405977.2383,4827464.601733333,0.07743779272613267,-2.478275192444797,3,3,3,0,STATIC_ESTIMATION_MONTHS_ONLY
15,5,2020Q4,368033.0859666667,4749665.695533333,0.07194892314362865,-2.5572559184638908,3,3,3,0,STATIC_ESTIMATION_MONTHS_ONLY
15,5,2021Q1,455458.3036,5054989.1196,0.08259641902475263,-2.4093741835444455,3,3,3,0,STATIC_ESTIMATION_MONTHS_ONLY
15,5,2021Q2,414822.04666666663,4863616.050633334,0.07857304876111039,-2.4651683323291755,3,3,3,0,STATIC_ESTIMATION_MONTHS_ONLY
15,5,2021Q3,360280.02393333334,4936549.529033333,0.0680693638246888,-2.618387385165352,3,3,3,0,STATIC_ESTIMATION_MONTHS_ONLY
15,5,2021Q4,360346.34163333336,5018402.316133332,0.0669862889233998,-2.6402515157313444,3,3,3,0,STATIC_ESTIMATION_MONTHS_ONLY
15,5,2022Q1,430194.81083333335,5295032.641366667,0.07512905264528574,-2.5142840368313375,3,3,3,0,STATIC_ESTIMATION_MONTHS_ONLY
15,5,2022Q2,426961.88903333334,5114792.630333333,0.07702545219840452,-2.4836708895714232,3,3,3,0,STATIC_ESTIMATION_MONTHS_ONLY
15,5,2022Q3,493634.5256333333,5455944.0753999995,0.08296858984026718,-2.4031468708669403,3,3,3,0,STATIC_ESTIMATION_MONTHS_ONLY
15,5,2022Q4,450070.32365000003,5466777.85595,0.07606710999244229,-2.497024075120666,2,2,3,1,STATIC_ESTIMATION_MONTHS_ONLY
15,5,2023Q1,467384.10996666667,5743984.141366667,0.07527656923727706,-2.511190238466519,3,3,3,0,STATIC_ESTIMATION_MONTHS_ONLY
15,5,2023Q2,416909.4735,5691243.280266668,0.06830978439849879,-2.6138700955643195,3,3,3,0,STATIC_ESTIMATION_MONTHS_ONLY
15,5,2023Q3,427477.8261333333,5498295.404766667,0.07207228889759247,-2.559718049297343,3,3,3,0,STATIC_ESTIMATION_MONTHS_ONLY
15,5,2023Q4,448217.7345333334,5743434.881500001,0.07245319714513089,-2.5509691343379846,3,3,3,0,STATIC_ESTIMATION_MONTHS_ONLY
15,5,2024Q1,436834.3447333333,5492493.842733334,0.07360758604764274,-2.5351534599129963,3,3,3,0,STATIC_ESTIMATION_MONTHS_ONLY
15,5,2024Q2,486595.08726666664,5490251.8834999995,0.08142529429056104,-2.424188640313674,3,3,3,0,STATIC_ESTIMATION_MONTHS_ONLY
15,5,2024Q3,426725.63519999996,5547498.3193,0.0714691244966285,-2.5703211952451,3,3,3,0,STATIC_ESTIMATION_MONTHS_ONLY
15,5,2024Q4,510977.9721000001,5621276.078266666,0.08333943683516738,-2.3995235102831614,3,3,3,0,STATIC_ESTIMATION_MONTHS_ONLY
15,5,2025Q1,488739.48566666665,6032840.052233334,0.0749154204954652,-2.513911829594834,3,3,3,0,STATIC_ESTIMATION_MONTHS_ONLY
15,5,2025Q2,506999.37816666666,5764905.384666666,0.08086387849287245,-2.4377422852285595,3,3,3,0,STATIC_ESTIMATION_MONTHS_ONLY
15,5,2025Q3,509228.0918,5877982.598366667,0.07966358695101279,-2.453538857754428,3,3,3,0,STATIC_ESTIMATION_MONTHS_ONLY
15,5,2025Q4,444218.17625,5812204.1891,0.07101243092358159,-2.5724758154178433,2,2,3,0,STATIC_ESTIMATION_MONTHS_ONLY
15,5,2026Q1,468184.2238333333,5792055.331766668,0.07478069823617808,-2.5158291988884187,3,3,3,0,STATIC_ESTIMATION_MONTHS_ONLY
15,5,2026Q2,433936.49786666664,6087626.862966667,0.06654128829381283,-2.6411042446512365,3,3,3,0,STATIC_ESTIMATION_MONTHS_ONLY
15,5,2026Q3,385045.424,6167960.0823,0.05875859918472842,-2.7737621317372234,1,1,1,0,STATIC_ESTIMATION_MONTHS_ONLY
17,3,2017Q1,10683.547739200001,140772.68627327998,0.07103637384076765,-2.5840411956749936,3,3,3,0,STATIC_ESTIMATION_MONTHS_ONLY
17,3,2017Q2,12494.826220683333,150775.34221133668,0.0765395912135224,-2.4903705577926285,3,3,3,0,STATIC_ESTIMATION_MONTHS_ONLY
17,3,2017Q3,10636.122976576667,135817.83447174332,0.07275876508315826,-2.549808979917326,3,3,3,0,STATIC_ESTIMATION_MONTHS_ONLY
17,3,2017Q4,7229.35516418,123332.90977077,0.05592531213662194,-3.115926101743589,3,3,3,0,STATIC_ESTIMATION_MONTHS_ONLY
17,3,2018Q1,7296.270234866667,157046.32079786,0.04431496360065562,-3.0736545328374123,3,3,3,0,STATIC_ESTIMATION_MONTHS_ONLY
17,3,2018Q2,8476.28143866,157418.86158673666,0.05172598240298774,-3.000324664804502,3,3,3,0,STATIC_ESTIMATION_MONTHS_ONLY
17,3,2018Q3,15534.555321586668,152470.15565785332,0.09262972267484672,-2.2853125588333203,3,3,3,0,STATIC_ESTIMATION_MONTHS_ONLY
17,3,2018Q4,14076.287281226667,168240.12134314002,0.07763896197274818,-2.503550924423657,3,3,3,0,STATIC_ESTIMATION_MONTHS_ONLY
17,3,2019Q1,18637.875838,185433.27711285,0.09116791679710486,-2.305173545909973,3,3,3,0,STATIC_ESTIMATION_MONTHS_ONLY
17,3,2019Q2,11979.91040701,165464.61896158668,0.06725614274120363,-2.6550743287328626,3,3,3,0,STATIC_ESTIMATION_MONTHS_ONLY
17,3,2019Q3,11491.124493566667,159841.08109667,0.06690128146682396,-2.637376542921665,3,3,3,0,STATIC_ESTIMATION_MONTHS_ONLY
17,3,2019Q4,11090.954073823334,148375.24708076334,0.06940034471078174,-2.6011302852494524,3,3,3,0,STATIC_ESTIMATION_MONTHS_ONLY
17,3,2020Q1,11729.239833333333,95641.93359999999,0.10938199534681851,-2.1317093443242916,3,3,3,0,STATIC_ESTIMATION_MONTHS_ONLY
17,3,2020Q2,4038.0825,115849.73173333332,0.03353309739669356,-2.9401022521365388,3,2,3,0,STATIC_ESTIMATION_MONTHS_ONLY
17,3,2020Q3,5186.467433333333,102457.28783333332,0.04824795690413425,-2.995722517320034,3,3,3,0,STATIC_ESTIMATION_MONTHS_ONLY
17,3,2020Q4,1127.3652333333332,104346.09583333334,0.014681829478282683,-3.0774874019237304,3,1,3,0,STATIC_ESTIMATION_MONTHS_ONLY
17,3,2021Q1,5430.222466666667,65329.67540000001,0.0784614906081562,-2.4740480464173924,3,3,3,0,STATIC_ESTIMATION_MONTHS_ONLY
17,3,2021Q2,343.8522666666667,110137.87683333333,0.0038945766763467792,-4.437805479610267,3,1,3,0,STATIC_ESTIMATION_MONTHS_ONLY
17,3,2021Q3,1718.5567,111824.23283333333,0.014635973718814477,-3.080759485025304,3,1,3,0,STATIC_ESTIMATION_MONTHS_ONLY
17,3,2021Q4,6240.466466666666,96866.27363333333,0.06123259394567365,-2.7795507304227063,3,3,3,0,STATIC_ESTIMATION_MONTHS_ONLY
17,3,2022Q1,4310.8566,88639.62543333333,0.04751785169764406,-3.1564640872207224,3,3,3,0,STATIC_ESTIMATION_MONTHS_ONLY
17,3,2022Q2,1805.3545666666666,112785.586,0.014518065122901103,-4.322385709167614,3,2,3,0,STATIC_ESTIMATION_MONTHS_ONLY
17,3,2022Q3,7701.5235999999995,119853.17743333332,0.061201430688127,-2.74532094602406,3,3,3,0,STATIC_ESTIMATION_MONTHS_ONLY
17,3,2022Q4,7061.1242,144534.9339,0.042999713137705904,-2.3634905741462666,2,1,3,1,STATIC_ESTIMATION_MONTHS_ONLY
17,3,2023Q1,1062.1787,116786.02863333334,0.007907534845075717,-3.717318391254236,3,1,3,0,STATIC_ESTIMATION_MONTHS_ONLY
17,3,2023Q2,9296.079,153575.42993333333,0.05766808348031092,-2.8157765959269696,3,3,3,0,STATIC_ESTIMATION_MONTHS_ONLY
17,3,2023Q3,13323.5672,120567.27649999999,0.10284293186012206,-2.2366476245935574,3,3,3,0,STATIC_ESTIMATION_MONTHS_ONLY
17,3,2023Q4,19718.938100000003,70139.04043333333,0.21863614121371655,-1.2827327939915902,3,3,3,0,STATIC_ESTIMATION_MONTHS_ONLY
17,3,2024Q1,8251.965233333334,88252.74023333333,0.0859460328180127,-2.7292694295261195,3,3,3,0,STATIC_ESTIMATION_MONTHS_ONLY
17,3,2024Q2,6806.412800000001,121629.91533333335,0.05241647684290888,-3.0221504982947685,3,3,3,0,STATIC_ESTIMATION_MONTHS_ONLY
17,3,2024Q3,10173.956533333332,116470.76026666666,0.08369318041570527,-2.4314221345140234,3,3,3,0,STATIC_ESTIMATION_MONTHS_ONLY
17,3,2024Q4,8746.1272,89938.99209999999,0.0869918197714533,-2.5964544398628573,3,3,3,0,STATIC_ESTIMATION_MONTHS_ONLY
17,3,2025Q1,4155.931633333333,104302.2393,0.03828640971971565,-2.042039411176131,3,1,3,0,STATIC_ESTIMATION_MONTHS_ONLY
17,3,2025Q2,1700.1661000000001,104160.3724,0.014896391263681986,-3.062305484779411,3,1,3,0,STATIC_ESTIMATION_MONTHS_ONLY
17,3,2025Q3,4132.4873333333335,132575.49163333332,0.030181776054003028,-3.4721163434727633,3,3,3,0,STATIC_ESTIMATION_MONTHS_ONLY
17,3,2025Q4,17185.951149999997,96643.218,0.15122204891358837,-1.7895962088631097,2,2,3,0,STATIC_ESTIMATION_MONTHS_ONLY
17,3,2026Q1,11073.767899999999,127175.9857,0.07909858450691447,-2.6959704908806494,3,3,3,0,STATIC_ESTIMATION_MONTHS_ONLY
17,3,2026Q2,4173.2134,126562.31910000001,0.03207912667622497,-2.9990169171313195,3,2,3,0,STATIC_ESTIMATION_MONTHS_ONLY
17,3,2026Q3,22245.7286,127302.95730000001,0.148752417756952,-1.7444197190946773,1,1,1,0,STATIC_ESTIMATION_MONTHS_ONLY
17,4,2017Q1,96657.10371477333,1619230.5678097599,0.05645655945270816,-2.820459573989581,3,3,3,0,STATIC_ESTIMATION_MONTHS_ONLY
17,4,2017Q2,123238.76717574334,1632040.5865439568,0.07040416706709642,-2.595210294972353,3,3,3,0,STATIC_ESTIMATION_MONTHS_ONLY
17,4,2017Q3,189605.65593774334,1634868.1224130967,0.10383984080329163,-2.1561839809315835,3,3,3,0,STATIC_ESTIMATION_MONTHS_ONLY
17,4,2017Q4,175002.04895996666,1553465.43557967,0.10122881756321206,-2.184251997849552,3,3,3,0,STATIC_ESTIMATION_MONTHS_ONLY
17,4,2018Q1,155972.72131497334,1556372.9986504067,0.0910314748986309,-2.305863004424749,3,3,3,0,STATIC_ESTIMATION_MONTHS_ONLY
17,4,2018Q2,110499.86706318,1528363.1321393698,0.06705332202728119,-2.6420614617270552,3,3,3,0,STATIC_ESTIMATION_MONTHS_ONLY
17,4,2018Q3,156310.03091122667,1675369.51254828,0.08549173961254876,-2.373707748623539,3,3,3,0,STATIC_ESTIMATION_MONTHS_ONLY
17,4,2018Q4,155897.99416193334,1623369.5027784465,0.08761239246459256,-2.348910240304214,3,3,3,0,STATIC_ESTIMATION_MONTHS_ONLY
17,4,2019Q1,148249.72146666667,1602860.4958913901,0.08473165816648776,-2.3820271920872234,3,3,3,0,STATIC_ESTIMATION_MONTHS_ONLY
17,4,2019Q2,136572.42175696333,1637617.5413828532,0.07673039896478122,-2.491018901260632,3,3,3,0,STATIC_ESTIMATION_MONTHS_ONLY
17,4,2019Q3,120428.56302935333,1597202.1300264501,0.07027469136289376,-2.588606519498182,3,3,3,0,STATIC_ESTIMATION_MONTHS_ONLY
17,4,2019Q4,124130.50745257667,1572440.6720285835,0.07312274960244905,-2.547496615614188,3,3,3,0,STATIC_ESTIMATION_MONTHS_ONLY
17,4,2020Q1,170717.58306666667,1531161.8316666668,0.10026149187278499,-2.1969480914127284,3,3,3,0,STATIC_ESTIMATION_MONTHS_ONLY
17,4,2020Q2,166372.2195,1461763.8747333335,0.10192594442307179,-2.1827953976559664,3,3,3,0,STATIC_ESTIMATION_MONTHS_ONLY
17,4,2020Q3,173418.05593333332,1518584.7533,0.1023735034481116,-2.1782531613446454,3,3,3,0,STATIC_ESTIMATION_MONTHS_ONLY
17,4,2020Q4,181509.08033333335,1534806.6487666667,0.10583152084729686,-2.1360077589609325,3,3,3,0,STATIC_ESTIMATION_MONTHS_ONLY
17,4,2021Q1,165567.77469999998,1506473.8765333332,0.09902283483473545,-2.209181708780935,3,3,3,0,STATIC_ESTIMATION_MONTHS_ONLY
17,4,2021Q2,145159.4921,1621369.6792333333,0.08215769522567927,-2.4154835498685263,3,3,3,0,STATIC_ESTIMATION_MONTHS_ONLY
17,4,2021Q3,168704.14623333333,1667154.8369000002,0.091684221039485,-2.295803364325296,3,3,3,0,STATIC_ESTIMATION_MONTHS_ONLY
17,4,2021Q4,154584.18086666666,1787674.1069333332,0.07962972108430345,-2.452552844940426,3,3,3,0,STATIC_ESTIMATION_MONTHS_ONLY
17,4,2022Q1,106659.80396666667,1677388.7011,0.059816467978577016,-2.7555429356427523,3,3,3,0,STATIC_ESTIMATION_MONTHS_ONLY
17,4,2022Q2,169166.6427333333,1733008.2037000002,0.08827094288741778,-2.3497055413387407,3,3,3,0,STATIC_ESTIMATION_MONTHS_ONLY
17,4,2022Q3,166217.9588333333,1705772.6616333332,0.08864894894144108,-2.331456917322719,3,3,3,0,STATIC_ESTIMATION_MONTHS_ONLY
17,4,2022Q4,160048.72019999998,1644953.0075,0.08880370309417324,-2.3604214887803208,2,2,3,1,STATIC_ESTIMATION_MONTHS_ONLY
17,4,2023Q1,186315.52839999998,1813925.9029666667,0.09316785383535049,-2.276212350790279,3,3,3,0,STATIC_ESTIMATION_MONTHS_ONLY
17,4,2023Q2,208751.04286666666,1795721.0968333334,0.1045120729711076,-2.152951307705768,3,3,3,0,STATIC_ESTIMATION_MONTHS_ONLY
17,4,2023Q3,213552.86000000002,1742035.8954666667,0.10931728356762198,-2.1066722548677674,3,3,3,0,STATIC_ESTIMATION_MONTHS_ONLY
17,4,2023Q4,144170.51313333333,1795983.5344,0.07439774907897757,-2.5264350765827235,3,3,3,0,STATIC_ESTIMATION_MONTHS_ONLY
17,4,2024Q1,135153.87913333334,1765660.4958,0.07113047733253725,-2.5718862370263387,3,3,3,0,STATIC_ESTIMATION_MONTHS_ONLY
17,4,2024Q2,174664.3797,1712123.8913333332,0.09253265046037303,-2.284877438622514,3,3,3,0,STATIC_ESTIMATION_MONTHS_ONLY
17,4,2024Q3,171409.83440000002,1781079.5347,0.08780870669033054,-2.3410307848535337,3,3,3,0,STATIC_ESTIMATION_MONTHS_ONLY
17,4,2024Q4,223846.00233333334,1847192.8409333334,0.1081707530947781,-2.112651156012021,3,3,3,0,STATIC_ESTIMATION_MONTHS_ONLY
17,4,2025Q1,191572.11103333332,1899441.7893333333,0.09156013139417403,-2.295001712495328,3,3,3,0,STATIC_ESTIMATION_MONTHS_ONLY
17,4,2025Q2,200254.505,1805618.6435333334,0.09979856178369373,-2.200133344336983,3,3,3,0,STATIC_ESTIMATION_MONTHS_ONLY
17,4,2025Q3,124309.99223333334,1719363.0479999997,0.06743501117496035,-2.6294794102683174,3,3,3,0,STATIC_ESTIMATION_MONTHS_ONLY
17,4,2025Q4,174783.27815,1912969.3865,0.08364063902893475,-2.396823582181329,2,2,3,0,STATIC_ESTIMATION_MONTHS_ONLY
17,4,2026Q1,166777.6136,1871519.3721333332,0.08148186800046342,-2.4300106572117866,3,3,3,0,STATIC_ESTIMATION_MONTHS_ONLY
17,4,2026Q2,190201.70606666664,1824831.5526,0.09427275603800765,-2.264697543719422,3,3,3,0,STATIC_ESTIMATION_MONTHS_ONLY
17,4,2026Q3,185604.3686,1728722.5215,0.0969554204978568,-2.231520630051185,1,1,1,0,STATIC_ESTIMATION_MONTHS_ONLY
17,5,2017Q1,53139.77768972,729626.4985950199,0.06823773182922108,-2.6236638343523877,3,3,3,0,STATIC_ESTIMATION_MONTHS_ONLY
17,5,2017Q2,62101.37211482666,713676.05609308,0.07999879417160288,-2.4433731747197522,3,3,3,0,STATIC_ESTIMATION_MONTHS_ONLY
17,5,2017Q3,58405.656080479996,765451.1440901667,0.07114869602083233,-2.5727353436633478,3,3,3,0,STATIC_ESTIMATION_MONTHS_ONLY
17,5,2017Q4,79771.16301644668,742146.4899924666,0.0967780721270946,-2.2365277283633396,3,3,3,0,STATIC_ESTIMATION_MONTHS_ONLY
17,5,2018Q1,61247.29908247333,768207.9479520867,0.07386181608835658,-2.535166705156995,3,3,3,0,STATIC_ESTIMATION_MONTHS_ONLY
17,5,2018Q2,45305.51855656667,756714.7276234133,0.056605073056919496,-2.820688234399926,3,3,3,0,STATIC_ESTIMATION_MONTHS_ONLY
17,5,2018Q3,66593.99003757333,650433.17239482,0.09332734325177815,-2.294641740085306,3,3,3,0,STATIC_ESTIMATION_MONTHS_ONLY
17,5,2018Q4,72694.19985516666,708718.3867086467,0.09314851921059368,-2.276497552073473,3,3,3,0,STATIC_ESTIMATION_MONTHS_ONLY
17,5,2019Q1,64942.510260966665,750225.5603880733,0.07957962813250707,-2.514276678351593,3,3,3,0,STATIC_ESTIMATION_MONTHS_ONLY
17,5,2019Q2,50413.83594816,730753.91710112,0.06506869027635727,-2.674670132044492,3,3,3,0,STATIC_ESTIMATION_MONTHS_ONLY
17,5,2019Q3,60558.966794206666,690961.2302303333,0.0806947609853929,-2.436286440541918,3,3,3,0,STATIC_ESTIMATION_MONTHS_ONLY
17,5,2019Q4,59475.68064792667,751020.7498568468,0.07330602269149827,-2.5377132888407328,3,3,3,0,STATIC_ESTIMATION_MONTHS_ONLY
17,5,2020Q1,53185.89743333333,697608.3428333333,0.07100464393654887,-2.5789700665797892,3,3,3,0,STATIC_ESTIMATION_MONTHS_ONLY
17,5,2020Q2,28996.399966666668,722773.6336,0.03858409184877921,-3.217197542224808,3,3,3,0,STATIC_ESTIMATION_MONTHS_ONLY
17,5,2020Q3,56084.214700000004,711036.2185333334,0.07271164369057548,-2.5588962373077657,3,3,3,0,STATIC_ESTIMATION_MONTHS_ONLY
17,5,2020Q4,67302.26056666666,751386.1137333334,0.0822458021765428,-2.413504539263183,3,3,3,0,STATIC_ESTIMATION_MONTHS_ONLY
17,5,2021Q1,57562.02873333333,726706.0835000001,0.07337075607521534,-2.536092653350679,3,3,3,0,STATIC_ESTIMATION_MONTHS_ONLY
17,5,2021Q2,52640.893066666664,632258.3586666667,0.07717124836007457,-2.4880340685374205,3,3,3,0,STATIC_ESTIMATION_MONTHS_ONLY
17,5,2021Q3,60137.54053333334,714148.7546666666,0.07943361760244792,-2.484112502062687,3,3,3,0,STATIC_ESTIMATION_MONTHS_ONLY
17,5,2021Q4,54063.664866666666,843658.5038333334,0.059814587133935525,-2.766071982882025,3,3,3,0,STATIC_ESTIMATION_MONTHS_ONLY
17,5,2022Q1,74829.54729999999,859217.1238333333,0.0802233646951712,-2.443095549504276,3,3,3,0,STATIC_ESTIMATION_MONTHS_ONLY
17,5,2022Q2,51086.51986666667,755606.1025666666,0.06327669550614408,-2.7003332879364756,3,3,3,0,STATIC_ESTIMATION_MONTHS_ONLY
17,5,2022Q3,59887.053799999994,756944.2190333334,0.07333431311733207,-2.5761712842650946,3,3,3,0,STATIC_ESTIMATION_MONTHS_ONLY
17,5,2022Q4,49546.5156,799739.1264500001,0.05853186652600164,-2.7836005966910617,2,2,3,1,STATIC_ESTIMATION_MONTHS_ONLY
17,5,2023Q1,93474.07750000001,748595.9780666666,0.11087847126514284,-2.090637404651306,3,3,3,0,STATIC_ESTIMATION_MONTHS_ONLY
17,5,2023Q2,88676.18926666665,740275.1616333333,0.10697215006107803,-2.1683483861930952,3,3,3,0,STATIC_ESTIMATION_MONTHS_ONLY
17,5,2023Q3,109981.85233333334,724921.8747333334,0.13082171530786235,-1.9037096919761367,3,3,3,0,STATIC_ESTIMATION_MONTHS_ONLY
17,5,2023Q4,82962.77523333333,745139.9882333335,0.09999375376603671,-2.199255841278791,3,3,3,0,STATIC_ESTIMATION_MONTHS_ONLY
17,5,2024Q1,105052.26789999999,790956.0010666667,0.11685963560841918,-2.0320902921820454,3,3,3,0,STATIC_ESTIMATION_MONTHS_ONLY
17,5,2024Q2,56854.52710000001,856388.9774666667,0.0624771389921997,-2.719644577008959,3,3,3,0,STATIC_ESTIMATION_MONTHS_ONLY
17,5,2024Q3,59348.469000000005,756545.8244333332,0.07355310576310871,-2.551055479971364,3,3,3,0,STATIC_ESTIMATION_MONTHS_ONLY
17,5,2024Q4,69584.28996666666,688341.0484333333,0.091138046144699,-2.318115563373319,3,3,3,0,STATIC_ESTIMATION_MONTHS_ONLY
17,5,2025Q1,80597.59643333334,767306.8712666667,0.09510571996322043,-2.2572730631009024,3,3,3,0,STATIC_ESTIMATION_MONTHS_ONLY
17,5,2025Q2,59930.208266666676,794831.1381999999,0.07001790743370861,-2.5877265579343316,3,3,3,0,STATIC_ESTIMATION_MONTHS_ONLY
17,5,2025Q3,111351.6506,857314.8315333333,0.11482161396182401,-2.050193770071923,3,3,3,0,STATIC_ESTIMATION_MONTHS_ONLY
17,5,2025Q4,106767.90669999999,812717.8485999999,0.11697131526678313,-2.047000459278313,2,2,3,0,STATIC_ESTIMATION_MONTHS_ONLY
17,5,2026Q1,100754.34156666667,826740.3656333335,0.10888585134858943,-2.108507566316831,3,3,3,0,STATIC_ESTIMATION_MONTHS_ONLY
17,5,2026Q2,81889.63533333332,842599.4679333334,0.08833419595338392,-2.339177429765385,3,3,3,0,STATIC_ESTIMATION_MONTHS_ONLY
17,5,2026Q3,97675.99710000001,874219.9693,0.10050046556094032,-2.1916761758774093,1,1,1,0,STATIC_ESTIMATION_MONTHS_ONLY
19,3,2017Q1,79149.35912128666,796136.3767324634,0.0903152942330322,-2.314306951372535,3,3,3,0,STATIC_ESTIMATION_MONTHS_ONLY
19,3,2017Q2,105581.43412907666,810935.7635808134,0.11523855120318909,-2.0395673510365833,3,3,3,0,STATIC_ESTIMATION_MONTHS_ONLY
19,3,2017Q3,96412.73210965334,784010.3376474134,0.10945989342563008,-2.097931948079508,3,3,3,0,STATIC_ESTIMATION_MONTHS_ONLY
19,3,2017Q4,78157.34227455333,849713.0101434467,0.08417428186287572,-2.3901142503494035,3,3,3,0,STATIC_ESTIMATION_MONTHS_ONLY
19,3,2018Q1,99404.23432521334,885480.41396969,0.10075758842186877,-2.1916506800309343,3,3,3,0,STATIC_ESTIMATION_MONTHS_ONLY
19,3,2018Q2,120169.61058799666,918791.4086548034,0.11569751632439323,-2.0348264158949587,3,3,3,0,STATIC_ESTIMATION_MONTHS_ONLY
19,3,2018Q3,131450.90270489335,813375.84203103,0.13925644769613021,-1.8229441189756235,3,3,3,0,STATIC_ESTIMATION_MONTHS_ONLY
19,3,2018Q4,108161.2735138,783173.5414135467,0.1213978094393285,-1.9794758429981905,3,3,3,0,STATIC_ESTIMATION_MONTHS_ONLY
19,3,2019Q1,97662.12140647,802090.3758748599,0.1083746061166786,-2.110816931967371,3,3,3,0,STATIC_ESTIMATION_MONTHS_ONLY
19,3,2019Q2,78147.75715339,792279.7759140134,0.08997386618281937,-2.3181923290673034,3,3,3,0,STATIC_ESTIMATION_MONTHS_ONLY
19,3,2019Q3,88787.78016198667,843359.33558093,0.09511854437708249,-2.255686434320691,3,3,3,0,STATIC_ESTIMATION_MONTHS_ONLY
19,3,2019Q4,98591.90961278333,771726.8727299633,0.11327076891249317,-2.0638476618620314,3,3,3,0,STATIC_ESTIMATION_MONTHS_ONLY
19,3,2020Q1,146726.12026666666,890709.8396666666,0.14166487230034305,-1.8073763491667367,3,3,3,0,STATIC_ESTIMATION_MONTHS_ONLY
19,3,2020Q2,126296.62533333334,962138.4989333333,0.1170503653467122,-2.0404148983057153,3,3,3,0,STATIC_ESTIMATION_MONTHS_ONLY
19,3,2020Q3,114141.28893333332,979158.7630333334,0.10400081480268898,-2.1624607095055493,3,3,3,0,STATIC_ESTIMATION_MONTHS_ONLY
19,3,2020Q4,106918.54269999999,953490.9416,0.10094912804900165,-2.187813303954761,3,3,3,0,STATIC_ESTIMATION_MONTHS_ONLY
19,3,2021Q1,117000.6632,928088.0433,0.1118765026089328,-2.0740231393074495,3,3,3,0,STATIC_ESTIMATION_MONTHS_ONLY
19,3,2021Q2,93066.20703333332,909830.4174666667,0.09287575902521987,-2.280915260526013,3,3,3,0,STATIC_ESTIMATION_MONTHS_ONLY
19,3,2021Q3,119266.28480000001,994188.8681333334,0.10683296532391291,-2.126941325891743,3,3,3,0,STATIC_ESTIMATION_MONTHS_ONLY
19,3,2021Q4,115803.41986666666,1019666.7991999999,0.10192010164044162,-2.177832806975563,3,3,3,0,STATIC_ESTIMATION_MONTHS_ONLY
19,3,2022Q1,107108.93209999999,1021422.6072333333,0.09493286257149629,-2.2556531619807294,3,3,3,0,STATIC_ESTIMATION_MONTHS_ONLY
19,3,2022Q2,141890.9255,1035348.5565666667,0.12033832434872256,-1.9906370890591536,3,3,3,0,STATIC_ESTIMATION_MONTHS_ONLY
19,3,2022Q3,153518.64916666667,1073474.3754999998,0.12470051395961555,-1.9596740042173355,3,3,3,0,STATIC_ESTIMATION_MONTHS_ONLY
19,3,2022Q4,114652.81185,1163238.87635,0.08950727933792978,-2.323322135510638,2,2,3,1,STATIC_ESTIMATION_MONTHS_ONLY
19,3,2023Q1,144099.6675,1051607.7618333334,0.12010473155941763,-1.9978844780645098,3,3,3,0,STATIC_ESTIMATION_MONTHS_ONLY
19,3,2023Q2,94323.51506666666,1013382.9480666667,0.08515308239323777,-2.3821357788664437,3,3,3,0,STATIC_ESTIMATION_MONTHS_ONLY
19,3,2023Q3,148188.88943333333,1106518.5824666666,0.1183118302852511,-2.00877322339533,3,3,3,0,STATIC_ESTIMATION_MONTHS_ONLY
19,3,2023Q4,152366.4358,1156813.3181333335,0.11625212719710006,-2.0311081494118013,3,3,3,0,STATIC_ESTIMATION_MONTHS_ONLY
19,3,2024Q1,147388.4722,1103672.2323333332,0.11792672609155284,-2.014893168325664,3,3,3,0,STATIC_ESTIMATION_MONTHS_ONLY
19,3,2024Q2,115707.05436666666,1143294.6131333334,0.09171881346474049,-2.3193773882264255,3,3,3,0,STATIC_ESTIMATION_MONTHS_ONLY
19,3,2024Q3,156911.0935,1121255.8862333333,0.12249327592343118,-1.9698001641721394,3,3,3,0,STATIC_ESTIMATION_MONTHS_ONLY
19,3,2024Q4,137834.25233333334,1083836.6489,0.11261265945776322,-2.068405242947698,3,3,3,0,STATIC_ESTIMATION_MONTHS_ONLY
19,3,2025Q1,187176.7616333333,1129906.0788666666,0.14227624171125142,-1.799232800110999,3,3,3,0,STATIC_ESTIMATION_MONTHS_ONLY
19,3,2025Q2,157541.9199,1081894.3711333333,0.126799284909868,-1.9325678561831932,3,3,3,0,STATIC_ESTIMATION_MONTHS_ONLY
19,3,2025Q3,106369.37413333333,1052629.3602333332,0.09175963080552467,-2.2923806462004346,3,3,3,0,STATIC_ESTIMATION_MONTHS_ONLY
19,3,2025Q4,126333.35615,1146106.5928,0.09936386538393213,-2.209769537373992,2,2,3,0,STATIC_ESTIMATION_MONTHS_ONLY
19,3,2026Q1,115556.4212,1105887.8882,0.09454395806742892,-2.261403437892618,3,3,3,0,STATIC_ESTIMATION_MONTHS_ONLY
19,3,2026Q2,114462.8323,1116374.2573666666,0.09340427835297349,-2.287899513126813,3,3,3,0,STATIC_ESTIMATION_MONTHS_ONLY
19,3,2026Q3,141502.8379,1000136.2086,0.1239470902241955,-1.9555717055940223,1,1,1,0,STATIC_ESTIMATION_MONTHS_ONLY
19,4,2017Q1,14661.453166666666,368150.4897,0.03843392141612841,-3.239554009270732,3,3,3,0,STATIC_ESTIMATION_MONTHS_ONLY
19,4,2017Q2,30225.266799999998,384797.9810666667,0.0694954683408074,-2.9766456724205437,3,3,3,0,STATIC_ESTIMATION_MONTHS_ONLY
19,4,2017Q3,49993.21116666667,379029.65776666667,0.11645669809361181,-2.029960640947316,3,3,3,0,STATIC_ESTIMATION_MONTHS_ONLY
19,4,2017Q4,31353.26536666667,363904.4269666667,0.08129519280011487,-2.470622016714947,3,3,3,0,STATIC_ESTIMATION_MONTHS_ONLY
19,4,2018Q1,34041.73543333333,394224.5525,0.07832937997436444,-2.576234166614118,3,3,3,0,STATIC_ESTIMATION_MONTHS_ONLY
19,4,2018Q2,58466.9469,346287.975,0.14413096753758334,-1.782842778192905,3,3,3,0,STATIC_ESTIMATION_MONTHS_ONLY
19,4,2018Q3,35511.22226666667,386033.0812666667,0.08530771296933774,-2.402631299039816,3,3,3,0,STATIC_ESTIMATION_MONTHS_ONLY
19,4,2018Q4,47797.43659999999,433370.70283333334,0.09934499936977248,-2.210858399998623,3,3,3,0,STATIC_ESTIMATION_MONTHS_ONLY
19,4,2019Q1,59814.848,444105.5173,0.11851621280677603,-2.019695733542911,3,3,3,0,STATIC_ESTIMATION_MONTHS_ONLY
19,4,2019Q2,56002.89516666666,317720.1816333334,0.1510789810080498,-1.7311352575855545,3,3,3,0,STATIC_ESTIMATION_MONTHS_ONLY
19,4,2019Q3,39800.54486666666,368254.3825333333,0.09843899249741378,-2.2314259555905545,3,3,3,0,STATIC_ESTIMATION_MONTHS_ONLY
19,4,2019Q4,42713.42866666667,397424.8214333334,0.09741857906846511,-2.2401606797112534,3,3,3,0,STATIC_ESTIMATION_MONTHS_ONLY
19,4,2020Q1,18453.114,366360.0971000001,0.04788319529552268,-3.0514145162112656,3,3,3,0,STATIC_ESTIMATION_MONTHS_ONLY
19,4,2020Q2,45618.175766666674,363377.57726666663,0.11162471931151911,-2.075373282089768,3,3,3,0,STATIC_ESTIMATION_MONTHS_ONLY
19,4,2020Q3,28558.881033333335,329148.78403333336,0.07951954932167628,-2.4585877464379595,3,3,3,0,STATIC_ESTIMATION_MONTHS_ONLY
19,4,2020Q4,10807.7845,321579.1177333333,0.03316432057750712,-3.388866014673308,3,3,3,0,STATIC_ESTIMATION_MONTHS_ONLY
19,4,2021Q1,8926.383033333334,336025.48203333333,0.025673524544025328,-3.6879820047247676,3,3,3,0,STATIC_ESTIMATION_MONTHS_ONLY
19,4,2021Q2,9829.619433333333,376264.3144333333,0.02516298109848405,-3.7103205360066926,3,3,3,0,STATIC_ESTIMATION_MONTHS_ONLY
19,4,2021Q3,26564.884466666666,364861.3334333333,0.06734102627010254,-2.639330677789577,3,3,3,0,STATIC_ESTIMATION_MONTHS_ONLY
19,4,2021Q4,30551.60356666667,342574.107,0.0819887044375498,-2.4178057158241155,3,3,3,0,STATIC_ESTIMATION_MONTHS_ONLY
19,4,2022Q1,28441.3221,394999.2909666667,0.06927817284403824,-2.6398856036846956,3,3,3,0,STATIC_ESTIMATION_MONTHS_ONLY
19,4,2022Q2,39911.17773333334,413659.2881,0.08973582056871081,-2.3682187196033624,3,3,3,0,STATIC_ESTIMATION_MONTHS_ONLY
19,4,2022Q3,18218.63086666667,401580.3072666667,0.04430341902325752,-3.3795665205949006,3,3,3,0,STATIC_ESTIMATION_MONTHS_ONLY
19,4,2022Q4,23261.351049999997,410297.773,0.054417634369295004,-2.8603555847520474,2,2,3,1,STATIC_ESTIMATION_MONTHS_ONLY
19,4,2023Q1,11525.326633333332,393870.8351,0.027969971482412193,-3.695218964159285,3,3,3,0,STATIC_ESTIMATION_MONTHS_ONLY
19,4,2023Q2,27496.1344,410131.11630000005,0.06307412449221635,-2.7128182513048302,3,3,3,0,STATIC_ESTIMATION_MONTHS_ONLY
19,4,2023Q3,35945.09293333333,377959.89153333334,0.08813068492738362,-2.3786734611941465,3,3,3,0,STATIC_ESTIMATION_MONTHS_ONLY
19,4,2023Q4,48979.44253333333,352749.0605666667,0.12220498149664821,-1.979180073351029,3,3,3,0,STATIC_ESTIMATION_MONTHS_ONLY
19,4,2024Q1,45085.56623333334,325558.895,0.12187905706688973,-1.9806307873781612,3,3,3,0,STATIC_ESTIMATION_MONTHS_ONLY
19,4,2024Q2,32708.2583,397601.22599999997,0.07563242856957131,-2.51289601892799,3,3,3,0,STATIC_ESTIMATION_MONTHS_ONLY
19,4,2024Q3,21974.8158,318577.7424666667,0.0643126605402397,-2.6839794422045435,3,3,3,0,STATIC_ESTIMATION_MONTHS_ONLY
19,4,2024Q4,31356.000633333333,376472.1568666666,0.0775020756085581,-2.4968061429027686,3,3,3,0,STATIC_ESTIMATION_MONTHS_ONLY
19,4,2025Q1,32581.354033333337,408029.2058666667,0.07356934225680682,-2.537862602114712,3,3,3,0,STATIC_ESTIMATION_MONTHS_ONLY
19,4,2025Q2,19697.640166666668,346637.7674,0.05340196825070722,-2.8819087069176224,3,3,3,0,STATIC_ESTIMATION_MONTHS_ONLY
19,4,2025Q3,27474.026,297462.0086333333,0.08455260891203155,-2.388765829747279,3,3,3,0,STATIC_ESTIMATION_MONTHS_ONLY
19,4,2025Q4,25824.93885,361397.69019999995,0.06669152540897452,-2.6386613127260095,2,2,3,0,STATIC_ESTIMATION_MONTHS_ONLY
19,4,2026Q1,34958.2344,430479.04706666665,0.075200133220856,-2.510054180380647,3,3,3,0,STATIC_ESTIMATION_MONTHS_ONLY
19,4,2026Q2,28454.251233333332,454470.5178333333,0.05896922474879993,-2.8127767015490996,3,3,3,0,STATIC_ESTIMATION_MONTHS_ONLY
19,4,2026Q3,14991.526300000001,382325.7473,0.03773187650304062,-3.238787858706816,1,1,1,0,STATIC_ESTIMATION_MONTHS_ONLY
19,5,2017Q1,3863.8655999999996,59415.66303333334,0.05974115818003369,-3.0290707418404117,3,3,3,0,STATIC_ESTIMATION_MONTHS_ONLY
19,5,2017Q2,0.0,47672.3512,0.0,,3,0,3,0,STATIC_ESTIMATION_MONTHS_ONLY
19,5,2017Q3,341.75379999999996,35705.83033333334,0.009663603138083213,-4.223878818316012,3,2,3,0,STATIC_ESTIMATION_MONTHS_ONLY
19,5,2017Q4,1929.7219333333335,47800.79876666667,0.03644069800145592,-3.38068502904733,3,3,3,0,STATIC_ESTIMATION_MONTHS_ONLY
19,5,2018Q1,3622.9490666666666,59044.630600000004,0.05787566782967868,-2.790138857372726,3,3,3,0,STATIC_ESTIMATION_MONTHS_ONLY
19,5,2018Q2,9532.222,37928.96676666667,0.2062322352638484,-1.3646090378938467,3,3,3,0,STATIC_ESTIMATION_MONTHS_ONLY
19,5,2018Q3,3996.1047999999996,54314.673899999994,0.06646673771320195,-3.0195077660960004,3,3,3,0,STATIC_ESTIMATION_MONTHS_ONLY
19,5,2018Q4,1859.8853333333334,81726.61203333334,0.021941969242829696,-4.167871061368128,3,3,3,0,STATIC_ESTIMATION_MONTHS_ONLY
19,5,2019Q1,2461.7957,56760.984399999994,0.0481821887029204,-3.5861953675569946,3,3,3,0,STATIC_ESTIMATION_MONTHS_ONLY
19,5,2019Q2,2672.301766666667,58042.28080000001,0.039937362997768434,-3.575208027467219,3,3,3,0,STATIC_ESTIMATION_MONTHS_ONLY
19,5,2019Q3,341.69956666666667,64772.00266666667,0.005251652540564905,-4.837919815958099,3,2,3,0,STATIC_ESTIMATION_MONTHS_ONLY
19,5,2019Q4,644.7026999999999,54878.73593333334,0.011486588563052772,-4.537288583681721,3,3,3,0,STATIC_ESTIMATION_MONTHS_ONLY
19,5,2020Q1,4594.281466666667,58440.37596666667,0.07342307908973615,-2.5382330137680595,3,3,3,0,STATIC_ESTIMATION_MONTHS_ONLY
19,5,2020Q2,282.3341666666667,54753.71126666667,0.004653619677984916,-4.962017164221353,3,2,3,0,STATIC_ESTIMATION_MONTHS_ONLY
19,5,2020Q3,5744.099466666667,40885.81476666667,0.14505389780166247,-1.375371070735363,3,2,3,0,STATIC_ESTIMATION_MONTHS_ONLY
19,5,2020Q4,12397.184233333333,32642.1293,0.27392904139382795,-0.9770725189360053,3,3,3,0,STATIC_ESTIMATION_MONTHS_ONLY
19,5,2021Q1,1240.7923333333333,30420.5582,0.045740685784567914,-1.8385568790827609,3,1,3,0,STATIC_ESTIMATION_MONTHS_ONLY
19,5,2021Q2,279.21706666666665,51121.0142,0.004823518458328044,-4.92203234430712,3,2,3,0,STATIC_ESTIMATION_MONTHS_ONLY
19,5,2021Q3,2626.0830666666666,56711.18106666667,0.04551098054481032,-3.415988293071559,3,3,3,0,STATIC_ESTIMATION_MONTHS_ONLY
19,5,2021Q4,10074.3497,38254.83036666667,0.20858108960985322,-1.3339654566684438,3,3,3,0,STATIC_ESTIMATION_MONTHS_ONLY
19,5,2022Q1,2043.0043666666668,32117.459733333333,0.0484535971852715,-1.771460531892076,3,1,3,0,STATIC_ESTIMATION_MONTHS_ONLY
19,5,2022Q2,4996.6376,78114.90583333334,0.06551199230523415,-3.2910922529515108,3,3,3,0,STATIC_ESTIMATION_MONTHS_ONLY
19,5,2022Q3,4962.507666666667,59883.42620000001,0.07716393165858039,-2.48445329723112,3,3,3,0,STATIC_ESTIMATION_MONTHS_ONLY
19,5,2022Q4,2283.82435,62364.66605,0.037685484929695985,-2.5069704228252,2,1,3,1,STATIC_ESTIMATION_MONTHS_ONLY
19,5,2023Q1,3187.2126000000003,60856.681000000004,0.04088460487289928,-3.5006288362201947,3,2,3,0,STATIC_ESTIMATION_MONTHS_ONLY
19,5,2023Q2,11233.215233333334,59989.38063333333,0.1661167944753155,-1.6431102133661593,3,3,3,0,STATIC_ESTIMATION_MONTHS_ONLY
19,5,2023Q3,171.39123333333336,42344.384033333336,0.0034847876396558314,-4.550226489846721,3,1,3,0,STATIC_ESTIMATION_MONTHS_ONLY
19,5,2023Q4,1773.4752333333333,60651.30326666666,0.029243277939309236,-3.0849628725428087,3,2,3,0,STATIC_ESTIMATION_MONTHS_ONLY
19,5,2024Q1,5311.979433333333,55878.46086666667,0.08677885481989667,-2.3556730482062456,3,3,3,0,STATIC_ESTIMATION_MONTHS_ONLY
19,5,2024Q2,2050.7944666666667,27108.212199999998,0.05795132801166258,-1.5585557579744975,3,1,3,0,STATIC_ESTIMATION_MONTHS_ONLY
19,5,2024Q3,2734.808433333333,40213.81916666667,0.06754141427133191,-2.186738659533261,3,2,3,0,STATIC_ESTIMATION_MONTHS_ONLY
19,5,2024Q4,0.0,69962.67406666667,0.0,,3,0,3,0,STATIC_ESTIMATION_MONTHS_ONLY
19,5,2025Q1,3152.2338999999997,85440.06213333334,0.03805682726137275,-2.8046573723946424,3,2,3,0,STATIC_ESTIMATION_MONTHS_ONLY
19,5,2025Q2,2674.3598,43008.97519999999,0.06066099740553249,-2.3202213149455138,3,2,3,0,STATIC_ESTIMATION_MONTHS_ONLY
19,5,2025Q3,0.0,56245.2265,0.0,,3,0,3,0,STATIC_ESTIMATION_MONTHS_ONLY
19,5,2025Q4,4619.05195,56313.0897,0.07614804463111183,-2.5004237364959234,2,2,3,0,STATIC_ESTIMATION_MONTHS_ONLY
19,5,2026Q1,3449.409266666667,41626.71636666667,0.07658096230013206,-2.044731113702593,3,2,3,0,STATIC_ESTIMATION_MONTHS_ONLY
19,5,2026Q2,2761.7119666666663,65885.71543333333,0.040697246132813746,-2.7833051898502896,3,2,3,0,STATIC_ESTIMATION_MONTHS_ONLY
19,5,2026Q3,0.0,77762.868,0.0,,1,0,1,0,STATIC_ESTIMATION_MONTHS_ONLY
21,1,2017Q1,2665.6981197,28504.902315119998,0.08567553255068412,-2.373426119775081,3,3,3,0,STATIC_ESTIMATION_MONTHS_ONLY
21,1,2017Q2,4080.5849145600005,31983.973364420002,0.11310300136923061,-2.0599037201059853,3,3,3,0,STATIC_ESTIMATION_MONTHS_ONLY
21,1,2017Q3,3924.8252982400004,34733.47939908,0.10134116496563861,-2.1844677418966336,3,3,3,0,STATIC_ESTIMATION_MONTHS_ONLY
21,1,2017Q4,3220.8659221199996,34841.70561872,0.08436170501213987,-2.397475925144652,3,3,3,0,STATIC_ESTIMATION_MONTHS_ONLY
21,1,2018Q1,3600.5776914799994,37302.8332677,0.08808868280679462,-2.339224367967702,3,3,3,0,STATIC_ESTIMATION_MONTHS_ONLY
21,1,2018Q2,2170.6746908,35287.39239564,0.05774948854142417,-2.8491036747062335,3,3,3,0,STATIC_ESTIMATION_MONTHS_ONLY
21,1,2018Q3,2347.1014028000004,33627.682546920005,0.06515390433670776,-2.664997797529199,3,3,3,0,STATIC_ESTIMATION_MONTHS_ONLY
21,1,2018Q4,3226.27552324,35111.79596694,0.08419577464385346,-2.3955833335092813,3,3,3,0,STATIC_ESTIMATION_MONTHS_ONLY
21,1,2019Q1,2912.4009283600003,36539.80013684,0.07381417613740676,-2.529714368688293,3,3,3,0,STATIC_ESTIMATION_MONTHS_ONLY
21,1,2019Q2,3299.0889947400005,37284.66054082,0.08150384410295226,-2.424885784888635,3,3,3,0,STATIC_ESTIMATION_MONTHS_ONLY
21,1,2019Q3,3221.96557914,33267.57594776,0.08725928623709828,-2.371818619539992,3,3,3,0,STATIC_ESTIMATION_MONTHS_ONLY
21,1,2019Q4,3494.2077108399994,33585.99874476,0.09337401703701881,-2.282393575584099,3,3,3,0,STATIC_ESTIMATION_MONTHS_ONLY
21,1,2020Q1,2853.411733333333,23350.495,0.09640160033881617,-0.8992492507013833,3,1,3,0,STATIC_ESTIMATION_MONTHS_ONLY
21,1,2020Q2,0.0,25576.756899999997,0.0,,3,0,3,0,STATIC_ESTIMATION_MONTHS_ONLY
21,1,2020Q3,1001.4825666666667,28890.17763333333,0.02378762357939999,-2.565940342497871,3,1,3,0,STATIC_ESTIMATION_MONTHS_ONLY
21,1,2020Q4,4195.741566666667,44580.434433333336,0.08034124575636116,-2.4790778098088206,3,3,3,0,STATIC_ESTIMATION_MONTHS_ONLY
21,1,2021Q1,0.0,46150.55063333333,0.0,,3,0,3,0,STATIC_ESTIMATION_MONTHS_ONLY
21,1,2021Q2,1223.6118,40172.716133333335,0.026621090824009305,-2.444206197472238,3,1,3,0,STATIC_ESTIMATION_MONTHS_ONLY
21,1,2021Q3,4730.839233333333,34663.90206666667,0.12650908256573887,-1.481730449654986,3,2,3,0,STATIC_ESTIMATION_MONTHS_ONLY
21,1,2021Q4,0.0,36363.92456666667,0.0,,3,0,3,0,STATIC_ESTIMATION_MONTHS_ONLY
21,1,2022Q1,0.0,40503.73626666667,0.0,,3,0,3,0,STATIC_ESTIMATION_MONTHS_ONLY
21,1,2022Q2,1653.0364,34396.0498,0.03508671417228156,-2.140098180119107,3,1,3,0,STATIC_ESTIMATION_MONTHS_ONLY
21,1,2022Q3,0.0,28613.112266666663,0.0,,3,0,3,0,STATIC_ESTIMATION_MONTHS_ONLY
21,1,2022Q4,0.0,28800.2342,0.0,,2,0,3,1,STATIC_ESTIMATION_MONTHS_ONLY
21,1,2023Q1,0.0,22913.830366666665,0.0,,3,0,3,0,STATIC_ESTIMATION_MONTHS_ONLY
21,1,2023Q2,0.0,35339.030133333334,0.0,,3,0,3,0,STATIC_ESTIMATION_MONTHS_ONLY
21,1,2023Q3,0.0,36446.2232,0.0,,3,0,3,0,STATIC_ESTIMATION_MONTHS_ONLY
21,1,2023Q4,6870.827399999999,17179.2367,0.26256320728875476,-0.43439312607219815,3,2,3,0,STATIC_ESTIMATION_MONTHS_ONLY
21,1,2024Q1,0.0,26559.672366666666,0.0,,3,0,3,0,STATIC_ESTIMATION_MONTHS_ONLY
21,1,2024Q2,2532.912,23827.2818,0.11163911139461191,-0.6860276046844889,3,1,3,0,STATIC_ESTIMATION_MONTHS_ONLY
21,1,2024Q3,0.0,35997.16623333333,0.0,,3,0,3,0,STATIC_ESTIMATION_MONTHS_ONLY
21,1,2024Q4,0.0,21797.389133333334,0.0,,3,0,3,0,STATIC_ESTIMATION_MONTHS_ONLY
21,1,2025Q1,0.0,47270.6374,0.0,,3,0,3,0,STATIC_ESTIMATION_MONTHS_ONLY
21,1,2025Q2,1355.4569000000001,34460.73816666667,0.042863851749243294,-2.843281795469014,3,2,3,0,STATIC_ESTIMATION_MONTHS_ONLY
21,1,2025Q3,3579.316033333334,17907.885266666668,0.1768014595715435,-1.5678087947171016,3,3,3,0,STATIC_ESTIMATION_MONTHS_ONLY
21,1,2025Q4,3675.7147000000004,43107.404200000004,0.07709158837198338,-2.533513347327726,2,2,3,0,STATIC_ESTIMATION_MONTHS_ONLY
21,1,2026Q1,819.5299666666666,32478.066333333336,0.021183627367183582,-2.6902543102394403,3,1,3,0,STATIC_ESTIMATION_MONTHS_ONLY
21,1,2026Q2,10123.4776,28112.858866666666,0.26154034593932773,-1.0841161478839052,3,3,3,0,STATIC_ESTIMATION_MONTHS_ONLY
21,1,2026Q3,8231.455699999999,28018.258,0.22707643343401077,-1.2248934927712887,1,1,1,0,STATIC_ESTIMATION_MONTHS_ONLY
21,2,2017Q1,47475.593508093334,548046.0848821,0.07978974107908028,-2.4463896288997335,3,3,3,0,STATIC_ESTIMATION_MONTHS_ONLY
21,2,2017Q2,67799.49153030665,587712.7757772133,0.10346510144826482,-2.1598982330617624,3,3,3,0,STATIC_ESTIMATION_MONTHS_ONLY
21,2,2017Q3,65799.96942768666,629671.18146002,0.09449448794464159,-2.261713787833028,3,3,3,0,STATIC_ESTIMATION_MONTHS_ONLY
21,2,2017Q4,59315.1708814,640400.9564953,0.0846722392657896,-2.3835758637186695,3,3,3,0,STATIC_ESTIMATION_MONTHS_ONLY
21,2,2018Q1,60373.52508455334,677584.8251529933,0.08182376203765086,-2.418913518824518,3,3,3,0,STATIC_ESTIMATION_MONTHS_ONLY
21,2,2018Q2,42385.42518121334,643517.5876926533,0.06170609901506258,-2.7629784742237438,3,3,3,0,STATIC_ESTIMATION_MONTHS_ONLY
21,2,2018Q3,42674.78603350667,621704.6182487467,0.06411600336777899,-2.683016856429632,3,3,3,0,STATIC_ESTIMATION_MONTHS_ONLY
21,2,2018Q4,57003.482727053335,646180.6952663067,0.08112445501534024,-2.4344292650578025,3,3,3,0,STATIC_ESTIMATION_MONTHS_ONLY
21,2,2019Q1,54964.51675946,643331.40819402,0.07869656898654094,-2.4602096449103494,3,3,3,0,STATIC_ESTIMATION_MONTHS_ONLY
21,2,2019Q2,53755.016488413334,673119.7303389533,0.07402975449397398,-2.52752312421658,3,3,3,0,STATIC_ESTIMATION_MONTHS_ONLY
21,2,2019Q3,52630.60821368,630211.4743484467,0.07660154355504466,-2.5041052326135724,3,3,3,0,STATIC_ESTIMATION_MONTHS_ONLY
21,2,2019Q4,62802.03193786667,628989.9357870333,0.08992713303679091,-2.330440153640733,3,3,3,0,STATIC_ESTIMATION_MONTHS_ONLY
21,2,2020Q1,55023.00063333334,657961.6693999999,0.07732557803337892,-2.4896778222602287,3,3,3,0,STATIC_ESTIMATION_MONTHS_ONLY
21,2,2020Q2,53864.9906,585465.3135,0.0843453812883596,-2.3879024381649616,3,3,3,0,STATIC_ESTIMATION_MONTHS_ONLY
21,2,2020Q3,42327.9897,612207.2189000001,0.06478933573852336,-2.689417426081843,3,3,3,0,STATIC_ESTIMATION_MONTHS_ONLY
21,2,2020Q4,46063.74893333333,585145.7684000001,0.07260113556880543,-2.5538485127102124,3,3,3,0,STATIC_ESTIMATION_MONTHS_ONLY
21,2,2021Q1,44612.000433333335,605905.4751,0.06865212672919509,-2.638883143371425,3,3,3,0,STATIC_ESTIMATION_MONTHS_ONLY
21,2,2021Q2,47221.30543333333,713385.4233333333,0.06223968519753235,-2.743980914247491,3,3,3,0,STATIC_ESTIMATION_MONTHS_ONLY
21,2,2021Q3,45227.77136666666,644296.2626,0.06429715663177538,-2.7442396410606698,3,3,3,0,STATIC_ESTIMATION_MONTHS_ONLY
21,2,2021Q4,68445.94623333334,682184.1789666667,0.09120080128555931,-2.3072571337565306,3,3,3,0,STATIC_ESTIMATION_MONTHS_ONLY
21,2,2022Q1,31740.065499999997,664403.6317333333,0.04648028532607964,-3.0527787925302565,3,3,3,0,STATIC_ESTIMATION_MONTHS_ONLY
21,2,2022Q2,25297.605266666666,775530.3071,0.032002943226095815,-3.5193099687565153,3,3,3,0,STATIC_ESTIMATION_MONTHS_ONLY
21,2,2022Q3,41444.25543333333,765729.1316999999,0.05139082089291332,-2.9280164744814825,3,3,3,0,STATIC_ESTIMATION_MONTHS_ONLY
21,2,2022Q4,45369.61425,738284.68325,0.05870445463790988,-2.8039172085088513,2,2,3,1,STATIC_ESTIMATION_MONTHS_ONLY
21,2,2023Q1,71080.5536,676203.7222000001,0.09475291646886534,-2.2600508841961258,3,3,3,0,STATIC_ESTIMATION_MONTHS_ONLY
21,2,2023Q2,49824.58353333333,686250.9084,0.06741193845967158,-2.6482997722707715,3,3,3,0,STATIC_ESTIMATION_MONTHS_ONLY
21,2,2023Q3,57293.95253333333,678973.7879666666,0.07732526418295264,-2.5594010366114386,3,3,3,0,STATIC_ESTIMATION_MONTHS_ONLY
21,2,2023Q4,72229.07586666667,700770.5614,0.0934149426692953,-2.279995013361086,3,3,3,0,STATIC_ESTIMATION_MONTHS_ONLY
21,2,2024Q1,50957.9601,666615.3968999999,0.0702824652548449,-2.606030170138671,3,3,3,0,STATIC_ESTIMATION_MONTHS_ONLY
21,2,2024Q2,53008.71896666667,737870.7895666667,0.0672434357976514,-2.641431541379941,3,3,3,0,STATIC_ESTIMATION_MONTHS_ONLY
21,2,2024Q3,64465.71083333334,655245.2279666667,0.08947524787265704,-2.328857164634051,3,3,3,0,STATIC_ESTIMATION_MONTHS_ONLY
21,2,2024Q4,62875.454966666664,701826.7564333333,0.08239491238130771,-2.4197933050823384,3,3,3,0,STATIC_ESTIMATION_MONTHS_ONLY
21,2,2025Q1,53199.139533333335,680088.7720666666,0.0724985480182159,-2.551848376842969,3,3,3,0,STATIC_ESTIMATION_MONTHS_ONLY
21,2,2025Q2,65667.279,712120.7198333334,0.08448024952110549,-2.383544536961573,3,3,3,0,STATIC_ESTIMATION_MONTHS_ONLY
21,2,2025Q3,66467.3061,755177.6962,0.08058492560910883,-2.4519370413210626,3,3,3,0,STATIC_ESTIMATION_MONTHS_ONLY
21,2,2025Q4,42464.91625,798351.7298000001,0.050252064607975724,-2.944854185188128,2,2,3,0,STATIC_ESTIMATION_MONTHS_ONLY
21,2,2026Q1,41938.5656,866409.4904,0.045869555516075654,-3.071809641361254,3,3,3,0,STATIC_ESTIMATION_MONTHS_ONLY
21,2,2026Q2,57686.63216666667,769618.4187333332,0.06979712421129171,-2.6043540742546996,3,3,3,0,STATIC_ESTIMATION_MONTHS_ONLY
21,2,2026Q3,53336.871399999996,878039.6921,0.057266709825257486,-2.801063936901082,1,1,1,0,STATIC_ESTIMATION_MONTHS_ONLY
21,3,2017Q1,62094.59613781333,795134.39566579,0.07241877768040307,-2.5563017954630585,3,3,3,0,STATIC_ESTIMATION_MONTHS_ONLY
21,3,2017Q2,66218.69667540667,797673.8994742134,0.07671093844044134,-2.4884201526708885,3,3,3,0,STATIC_ESTIMATION_MONTHS_ONLY
21,3,2017Q3,63107.84340489,811826.0180327366,0.07216008284027926,-2.5543985892107792,3,3,3,0,STATIC_ESTIMATION_MONTHS_ONLY
21,3,2017Q4,39619.99430294,778621.1550769233,0.04834252957125958,-2.9920469844993405,3,3,3,0,STATIC_ESTIMATION_MONTHS_ONLY
21,3,2018Q1,43133.31630380333,760929.9354667632,0.05358970375272911,-2.872626781469793,3,3,3,0,STATIC_ESTIMATION_MONTHS_ONLY
21,3,2018Q2,52296.58099814,814372.3186106733,0.060197241853172635,-2.755308042386519,3,3,3,0,STATIC_ESTIMATION_MONTHS_ONLY
21,3,2018Q3,56164.683564153325,804847.43710148,0.06524183869078998,-2.6694729710618197,3,3,3,0,STATIC_ESTIMATION_MONTHS_ONLY
21,3,2018Q4,66448.24828773999,752262.1391073334,0.08112148727978623,-2.429848682252121,3,3,3,0,STATIC_ESTIMATION_MONTHS_ONLY
21,3,2019Q1,65874.53031981667,803961.4951252566,0.07564578624671986,-2.5051903790984187,3,3,3,0,STATIC_ESTIMATION_MONTHS_ONLY
21,3,2019Q2,51836.30523778667,740428.7343435166,0.06527408805342959,-2.6669189925911136,3,3,3,0,STATIC_ESTIMATION_MONTHS_ONLY
21,3,2019Q3,66550.43591622,803217.8557311767,0.07657703234950544,-2.5081618253236697,3,3,3,0,STATIC_ESTIMATION_MONTHS_ONLY
21,3,2019Q4,59626.59058627999,818809.1388812034,0.06752870718091053,-2.6373337820052543,3,3,3,0,STATIC_ESTIMATION_MONTHS_ONLY
21,3,2020Q1,45562.7371,820886.2769999999,0.053115243469691285,-2.898404982366989,3,3,3,0,STATIC_ESTIMATION_MONTHS_ONLY
21,3,2020Q2,55351.41273333333,750276.3274333333,0.06862579477257359,-2.6083806540053835,3,3,3,0,STATIC_ESTIMATION_MONTHS_ONLY
21,3,2020Q3,58042.67990000001,774935.7710666666,0.06939509545319783,-2.5979705733705374,3,3,3,0,STATIC_ESTIMATION_MONTHS_ONLY
21,3,2020Q4,35626.808633333334,686408.1951333332,0.04965162867351317,-2.962753458404524,3,3,3,0,STATIC_ESTIMATION_MONTHS_ONLY
21,3,2021Q1,23875.337233333335,689255.4160666666,0.03304509339366809,-3.398127554439623,3,3,3,0,STATIC_ESTIMATION_MONTHS_ONLY
21,3,2021Q2,45550.131499999996,678412.3389333333,0.06274314871530212,-2.7317091046372504,3,3,3,0,STATIC_ESTIMATION_MONTHS_ONLY
21,3,2021Q3,48349.219066666665,723250.4629333332,0.061798464335099446,-2.852749714690216,3,3,3,0,STATIC_ESTIMATION_MONTHS_ONLY
21,3,2021Q4,19979.450399999998,712487.2863666667,0.02699032034026505,-3.6377253095751194,3,3,3,0,STATIC_ESTIMATION_MONTHS_ONLY
21,3,2022Q1,29142.536033333337,750275.8128999999,0.03743470933354221,-3.250613363384915,3,3,3,0,STATIC_ESTIMATION_MONTHS_ONLY
21,3,2022Q2,50415.6238,729619.4428666667,0.06426858973674293,-2.701173218199211,3,3,3,0,STATIC_ESTIMATION_MONTHS_ONLY
21,3,2022Q3,24171.567833333334,802929.2463000001,0.029383578926490544,-3.555931834207788,3,3,3,0,STATIC_ESTIMATION_MONTHS_ONLY
21,3,2022Q4,41324.706099999996,786645.3667499999,0.04991051884253229,-2.946342942434987,2,2,3,1,STATIC_ESTIMATION_MONTHS_ONLY
21,3,2023Q1,64984.38593333333,688031.5611666666,0.08631704512355902,-2.3620665949010733,3,3,3,0,STATIC_ESTIMATION_MONTHS_ONLY
21,3,2023Q2,38108.5539,728492.0908333333,0.049828838230734675,-2.952905233319463,3,3,3,0,STATIC_ESTIMATION_MONTHS_ONLY
21,3,2023Q3,26379.5575,809279.5274333333,0.03142781620101825,-3.4643344381749763,3,3,3,0,STATIC_ESTIMATION_MONTHS_ONLY
21,3,2023Q4,31517.553733333334,734870.1238333333,0.04210289906694304,-3.2484785321734204,3,3,3,0,STATIC_ESTIMATION_MONTHS_ONLY
21,3,2024Q1,40914.69003333334,687365.8468333334,0.05593832394654736,-2.849328796179755,3,3,3,0,STATIC_ESTIMATION_MONTHS_ONLY
21,3,2024Q2,59033.518000000004,667150.2780333334,0.0812692773004044,-2.432434709374208,3,3,3,0,STATIC_ESTIMATION_MONTHS_ONLY
21,3,2024Q3,46098.66406666667,729558.5010666667,0.059207156431780865,-2.786632280339267,3,3,3,0,STATIC_ESTIMATION_MONTHS_ONLY
21,3,2024Q4,56782.1975,792724.3589,0.06699135104195894,-2.6422334623972135,3,3,3,0,STATIC_ESTIMATION_MONTHS_ONLY
21,3,2025Q1,53046.15616666666,678088.3280333333,0.07236268578449169,-2.5534983259622583,3,3,3,0,STATIC_ESTIMATION_MONTHS_ONLY
21,3,2025Q2,56396.6993,676301.7097333333,0.07663944029442399,-2.497690513604542,3,3,3,0,STATIC_ESTIMATION_MONTHS_ONLY
21,3,2025Q3,39186.03503333333,719217.3420000001,0.051603534792218235,-2.9183830491768696,3,3,3,0,STATIC_ESTIMATION_MONTHS_ONLY
21,3,2025Q4,65309.5241,873110.09995,0.06982964418660992,-2.602694868562218,2,2,3,0,STATIC_ESTIMATION_MONTHS_ONLY
21,3,2026Q1,34442.96743333333,768213.8707666667,0.04216068312967367,-3.1707806280007422,3,3,3,0,STATIC_ESTIMATION_MONTHS_ONLY
21,3,2026Q2,5105.115466666666,728879.9113333334,0.006987632140216331,-4.966021520217367,3,3,3,0,STATIC_ESTIMATION_MONTHS_ONLY
21,3,2026Q3,7394.7184,643085.8065,0.011368085771878887,-4.465512146803134,1,1,1,0,STATIC_ESTIMATION_MONTHS_ONLY
23,3,2017Q1,9997.2434,970847.2313666666,0.010206729340487145,-4.575336742166178,3,3,3,0,STATIC_ESTIMATION_MONTHS_ONLY
23,3,2017Q2,6392.8391,1064139.4702,0.00573422628174338,-4.9960957862586906,3,2,3,0,STATIC_ESTIMATION_MONTHS_ONLY
23,3,2017Q3,4332.502166666666,1095901.0495,0.003932359704756677,-4.4280360940296575,3,1,3,0,STATIC_ESTIMATION_MONTHS_ONLY
23,3,2017Q4,11356.770033333334,1062833.4843333333,0.010526564294159465,-4.781118017295735,3,3,3,0,STATIC_ESTIMATION_MONTHS_ONLY
23,3,2018Q1,12683.807566666668,1101245.5239666665,0.011282445422402419,-4.590335546505451,3,3,3,0,STATIC_ESTIMATION_MONTHS_ONLY
23,3,2018Q2,6318.932966666667,1133492.4111666668,0.0055200463843943885,-5.273023367575036,3,3,3,0,STATIC_ESTIMATION_MONTHS_ONLY
23,3,2018Q3,10243.043033333333,1095070.6135666666,0.009311348697361683,-4.921562961004207,3,3,3,0,STATIC_ESTIMATION_MONTHS_ONLY
23,3,2018Q4,19514.1391,1074001.9738666667,0.01779887265797686,-4.018587418094611,3,3,3,0,STATIC_ESTIMATION_MONTHS_ONLY
23,3,2019Q1,11417.5979,1095942.8462333335,0.010279713584845208,-4.574793039328927,3,3,3,0,STATIC_ESTIMATION_MONTHS_ONLY
23,3,2019Q2,5652.1005000000005,1110245.2,0.005075387643445138,-5.3470952537887655,3,3,3,0,STATIC_ESTIMATION_MONTHS_ONLY
23,3,2019Q3,7322.724399999999,1118228.2064666667,0.00651495120575234,-5.145710703696721,3,3,3,0,STATIC_ESTIMATION_MONTHS_ONLY
23,3,2019Q4,7061.039533333334,1165949.7669666668,0.006065267251122411,-5.268141248448809,3,3,3,0,STATIC_ESTIMATION_MONTHS_ONLY
23,3,2020Q1,12548.313866666665,1063467.2885999999,0.011625984195513943,-4.495912396652487,3,3,3,0,STATIC_ESTIMATION_MONTHS_ONLY
23,3,2020Q2,8346.6689,1108541.6945666666,0.007430149460614256,-4.904944601653229,3,3,3,0,STATIC_ESTIMATION_MONTHS_ONLY
23,3,2020Q3,3430.9042000000004,1133419.8454333332,0.0030064963357441083,-5.3970592713504875,3,2,3,0,STATIC_ESTIMATION_MONTHS_ONLY
23,3,2020Q4,16723.5132,1048981.7692,0.015732905081045166,-4.158479024747937,3,3,3,0,STATIC_ESTIMATION_MONTHS_ONLY
23,3,2021Q1,14294.073633333333,1017913.7227666667,0.01385366478257051,-4.265311861714266,3,3,3,0,STATIC_ESTIMATION_MONTHS_ONLY
23,3,2021Q2,9353.760933333333,1018510.6610666667,0.009129506314624237,-4.312079783376191,3,2,3,0,STATIC_ESTIMATION_MONTHS_ONLY
23,3,2021Q3,13047.287966666665,1008686.2507333333,0.012757449402324298,-4.349817532039734,3,3,3,0,STATIC_ESTIMATION_MONTHS_ONLY
23,3,2021Q4,10458.434933333332,997762.1742666666,0.010358208225330255,-4.5792435493998225,3,3,3,0,STATIC_ESTIMATION_MONTHS_ONLY
23,3,2022Q1,4598.4252,1060532.5789333333,0.004296122856734113,-5.579681978879612,3,2,3,0,STATIC_ESTIMATION_MONTHS_ONLY
23,3,2022Q2,315.88913333333335,999896.8897666667,0.0003241292164513524,-7.628443863189691,3,2,3,0,STATIC_ESTIMATION_MONTHS_ONLY
23,3,2022Q3,4567.389966666667,1032695.3763333334,0.0043993757537183,-6.000356287804308,3,3,3,0,STATIC_ESTIMATION_MONTHS_ONLY
23,3,2022Q4,11636.0723,1081502.5546,0.010489007233194637,-4.5814755614266485,2,2,3,1,STATIC_ESTIMATION_MONTHS_ONLY
23,3,2023Q1,7049.9268,1045441.1075666667,0.006682907886743001,-5.009939553445769,3,3,3,0,STATIC_ESTIMATION_MONTHS_ONLY
23,3,2023Q2,1858.4699,1056025.9411666666,0.0017573711270913606,-6.364004619205962,3,3,3,0,STATIC_ESTIMATION_MONTHS_ONLY
23,3,2023Q3,8964.177966666668,1212543.4956333332,0.007442729782102743,-5.317596127818103,3,3,3,0,STATIC_ESTIMATION_MONTHS_ONLY
23,3,2023Q4,4624.815666666666,1132817.4348333331,0.004056699550194616,-5.782104364787393,3,3,3,0,STATIC_ESTIMATION_MONTHS_ONLY
23,3,2024Q1,14758.747066666665,1028331.3036666666,0.01417807654927715,-4.245842573904658,3,3,3,0,STATIC_ESTIMATION_MONTHS_ONLY
23,3,2024Q2,3295.125466666667,966365.6990333333,0.0034383322342465424,-5.93974407132042,3,3,3,0,STATIC_ESTIMATION_MONTHS_ONLY
23,3,2024Q3,11745.679166666669,1141020.2392,0.010119094513101395,-4.656871875827868,3,3,3,0,STATIC_ESTIMATION_MONTHS_ONLY
23,3,2024Q4,8874.1685,1041577.6143,0.008381679608913515,-4.779340504739704,3,3,3,0,STATIC_ESTIMATION_MONTHS_ONLY
23,3,2025Q1,4657.245733333333,1034169.5798999999,0.0044317753611415765,-5.925444582120247,3,3,3,0,STATIC_ESTIMATION_MONTHS_ONLY
23,3,2025Q2,15307.831733333333,1042151.6432333332,0.014382979327676128,-4.255202657348209,3,3,3,0,STATIC_ESTIMATION_MONTHS_ONLY
23,3,2025Q3,8682.549433333334,1046513.8833333334,0.008266460781887803,-4.850911870935068,3,3,3,0,STATIC_ESTIMATION_MONTHS_ONLY
23,3,2025Q4,14788.2055,969744.73075,0.014875284242780947,-4.218647209219183,2,2,3,0,STATIC_ESTIMATION_MONTHS_ONLY
23,3,2026Q1,22205.67406666667,1021487.7820666666,0.021341458038010328,-3.8409172910659293,3,3,3,0,STATIC_ESTIMATION_MONTHS_ONLY
23,3,2026Q2,15029.563633333333,1060432.8950666666,0.014254843773877618,-4.375936936875669,3,3,3,0,STATIC_ESTIMATION_MONTHS_ONLY
23,3,2026Q3,20209.9801,939775.7876,0.02105237471220064,-3.8394647762289433,1,1,1,0,STATIC_ESTIMATION_MONTHS_ONLY
23,4,2017Q1,56171.39143333334,372312.7954333333,0.13116601261093822,-1.8908412428912176,3,3,3,0,STATIC_ESTIMATION_MONTHS_ONLY
23,4,2017Q2,40207.79723333334,317144.4314666667,0.1122940663926532,-2.0735579402763524,3,3,3,0,STATIC_ESTIMATION_MONTHS_ONLY
23,4,2017Q3,39730.4308,362523.59973333334,0.09727047191980076,-2.26591212452048,3,3,3,0,STATIC_ESTIMATION_MONTHS_ONLY
23,4,2017Q4,43946.246699999996,399919.2534333333,0.09877490840304348,-2.2337637784134654,3,3,3,0,STATIC_ESTIMATION_MONTHS_ONLY
23,4,2018Q1,28403.897166666666,373528.0925333333,0.07053320601567037,-2.595426610890836,3,3,3,0,STATIC_ESTIMATION_MONTHS_ONLY
23,4,2018Q2,50229.07826666667,384433.88933333335,0.11495066885864456,-2.045947642133715,3,3,3,0,STATIC_ESTIMATION_MONTHS_ONLY
23,4,2018Q3,39432.696066666664,439821.7935666667,0.08249713518021712,-2.418144359394684,3,3,3,0,STATIC_ESTIMATION_MONTHS_ONLY
23,4,2018Q4,29216.915966666667,371436.0782333333,0.07352924842414277,-2.5455826074331083,3,3,3,0,STATIC_ESTIMATION_MONTHS_ONLY
23,4,2019Q1,20795.645966666667,358512.2813666666,0.05377518395544589,-2.882290108710153,3,3,3,0,STATIC_ESTIMATION_MONTHS_ONLY
23,4,2019Q2,29591.780100000004,363704.6436,0.07374929871379082,-2.553811369490845,3,3,3,0,STATIC_ESTIMATION_MONTHS_ONLY
23,4,2019Q3,53920.361666666664,399811.86220000003,0.11885108204001527,-2.0562921473322406,3,3,3,0,STATIC_ESTIMATION_MONTHS_ONLY
23,4,2019Q4,48921.921866666664,383637.4599666667,0.11330242370224851,-2.1054670652136385,3,3,3,0,STATIC_ESTIMATION_MONTHS_ONLY
23,4,2020Q1,43649.19003333334,381569.2510666666,0.10308512015149635,-2.1745475915675834,3,3,3,0,STATIC_ESTIMATION_MONTHS_ONLY
23,4,2020Q2,37624.2145,347950.77403333335,0.09686284751927542,-2.2485108261401683,3,3,3,0,STATIC_ESTIMATION_MONTHS_ONLY
23,4,2020Q3,50794.94036666667,331730.37559999997,0.13272031477355098,-1.9199325879833828,3,3,3,0,STATIC_ESTIMATION_MONTHS_ONLY
23,4,2020Q4,43286.09650000001,368030.9085666667,0.1062635582775434,-2.1571114714821498,3,3,3,0,STATIC_ESTIMATION_MONTHS_ONLY
23,4,2021Q1,24055.145366666664,348838.16610000003,0.06473286815327607,-2.684606410554301,3,3,3,0,STATIC_ESTIMATION_MONTHS_ONLY
23,4,2021Q2,23514.969366666668,378724.5728,0.05751901091804485,-2.8733143937483114,3,3,3,0,STATIC_ESTIMATION_MONTHS_ONLY
23,4,2021Q3,48700.559366666675,406229.87810000003,0.10692864027337594,-2.126568953986674,3,3,3,0,STATIC_ESTIMATION_MONTHS_ONLY
23,4,2021Q4,48594.48233333334,417126.54093333334,0.10423103817979613,-2.155248302284365,3,3,3,0,STATIC_ESTIMATION_MONTHS_ONLY
23,4,2022Q1,36501.945433333334,400304.7497666667,0.08289502008999104,-2.4112469005053905,3,3,3,0,STATIC_ESTIMATION_MONTHS_ONLY
23,4,2022Q2,43668.44003333334,396837.91280000005,0.09907338209980328,-2.2118899676585198,3,3,3,0,STATIC_ESTIMATION_MONTHS_ONLY
23,4,2022Q3,39636.41986666666,378283.3226,0.09425768901972807,-2.2685197808865585,3,3,3,0,STATIC_ESTIMATION_MONTHS_ONLY
23,4,2022Q4,48564.272849999994,385176.32565,0.11214180268239504,-2.0691984310015883,2,2,3,1,STATIC_ESTIMATION_MONTHS_ONLY
23,4,2023Q1,48622.708099999996,346856.1189333333,0.12294804081272219,-1.9648070184594086,3,3,3,0,STATIC_ESTIMATION_MONTHS_ONLY
23,4,2023Q2,51433.8315,403586.2734,0.11267198866390253,-2.0865096166887267,3,3,3,0,STATIC_ESTIMATION_MONTHS_ONLY
23,4,2023Q3,60954.308633333334,350292.3333666667,0.14373323190848486,-1.8071951297153153,3,3,3,0,STATIC_ESTIMATION_MONTHS_ONLY
23,4,2023Q4,41504.2249,358316.4184,0.10496292632277872,-2.198382326688004,3,3,3,0,STATIC_ESTIMATION_MONTHS_ONLY
23,4,2024Q1,27289.578100000002,395887.4352333333,0.06485889397996959,-2.6771649963032194,3,3,3,0,STATIC_ESTIMATION_MONTHS_ONLY
23,4,2024Q2,50184.6593,358578.01063333335,0.12295040801015476,-1.9719767103553991,3,3,3,0,STATIC_ESTIMATION_MONTHS_ONLY
23,4,2024Q3,47762.97516666667,342604.8456666667,0.12152155482060915,-1.9906177974149963,3,3,3,0,STATIC_ESTIMATION_MONTHS_ONLY
23,4,2024Q4,45953.1721,391949.25500000006,0.10521803846256421,-2.1433442740640216,3,3,3,0,STATIC_ESTIMATION_MONTHS_ONLY
23,4,2025Q1,44323.50133333334,382649.05293333327,0.10412962618197506,-2.1683937230214365,3,3,3,0,STATIC_ESTIMATION_MONTHS_ONLY
23,4,2025Q2,59731.803466666664,376136.69940000004,0.14016411361344425,-1.8486169989127614,3,3,3,0,STATIC_ESTIMATION_MONTHS_ONLY
23,4,2025Q3,44098.279966666676,448040.95999999996,0.089505531930133,-2.320394804024129,3,3,3,0,STATIC_ESTIMATION_MONTHS_ONLY
23,4,2025Q4,85316.84075,412336.3905,0.17147964820406802,-1.5752066444050041,2,2,3,0,STATIC_ESTIMATION_MONTHS_ONLY
23,4,2026Q1,57505.388333333336,426924.55939999997,0.11798378172173594,-2.018142548709743,3,3,3,0,STATIC_ESTIMATION_MONTHS_ONLY
23,4,2026Q2,55785.441133333334,411104.75190000003,0.11924387500758023,-2.001391848515604,3,3,3,0,STATIC_ESTIMATION_MONTHS_ONLY
23,4,2026Q3,60793.5283,443704.1569,0.12050308670078314,-1.9876746861860668,1,1,1,0,STATIC_ESTIMATION_MONTHS_ONLY
23,5,2017Q1,2572.031365773333,86346.88697594668,0.028439201966009145,-3.746093299914639,3,3,3,0,STATIC_ESTIMATION_MONTHS_ONLY
23,5,2017Q2,2538.014667206666,96461.37202892666,0.026753419109114187,-3.984286394649233,3,3,3,0,STATIC_ESTIMATION_MONTHS_ONLY
23,5,2017Q3,6057.825044093333,76223.85281765333,0.07347761575812863,-2.544640639249259,3,3,3,0,STATIC_ESTIMATION_MONTHS_ONLY
23,5,2017Q4,5355.736668093333,88849.32289036666,0.05672179159745591,-2.895458209909591,3,3,3,0,STATIC_ESTIMATION_MONTHS_ONLY
23,5,2018Q1,5047.917736066667,77716.44214478,0.06067004911763054,-2.8015216392048727,3,3,3,0,STATIC_ESTIMATION_MONTHS_ONLY
23,5,2018Q2,1203.8439170666668,73774.24504524667,0.01632556909448049,-4.607303198131119,3,3,3,0,STATIC_ESTIMATION_MONTHS_ONLY
23,5,2018Q3,2518.86555594,64900.03636713999,0.03911217100651403,-3.337246297184444,3,3,3,0,STATIC_ESTIMATION_MONTHS_ONLY
23,5,2018Q4,4600.224748566667,79887.2859629,0.054821132513726646,-3.0554035840006164,3,3,3,0,STATIC_ESTIMATION_MONTHS_ONLY
23,5,2019Q1,17443.796359066666,89969.70534036,0.16181385481017074,-1.651295790440378,3,3,3,0,STATIC_ESTIMATION_MONTHS_ONLY
23,5,2019Q2,9010.592626913332,94205.32291906001,0.08696504636464064,-2.3646461127872533,3,3,3,0,STATIC_ESTIMATION_MONTHS_ONLY
23,5,2019Q3,2916.653543826667,77770.94300944667,0.03614226296266023,-3.283483447112012,3,3,3,0,STATIC_ESTIMATION_MONTHS_ONLY
23,5,2019Q4,3771.963567726667,81710.11851352,0.04444607590991149,-3.0790648536851712,3,3,3,0,STATIC_ESTIMATION_MONTHS_ONLY
23,5,2020Q1,5846.646133333332,96734.48963333333,0.055104403906901,-2.4085444859986316,3,2,3,0,STATIC_ESTIMATION_MONTHS_ONLY
23,5,2020Q2,4641.828399999999,81233.31863333333,0.05413072179632685,-2.863278072753459,3,3,3,0,STATIC_ESTIMATION_MONTHS_ONLY
23,5,2020Q3,4027.0612333333333,100694.76333333332,0.03638923302913199,-2.0992709716406757,3,1,3,0,STATIC_ESTIMATION_MONTHS_ONLY
23,5,2020Q4,3696.8012000000003,93660.07343333332,0.040988297401539704,-2.72566118149203,3,2,3,0,STATIC_ESTIMATION_MONTHS_ONLY
23,5,2021Q1,5538.5664,68181.8089,0.07077486204997499,-2.149663585154201,3,2,3,0,STATIC_ESTIMATION_MONTHS_ONLY
23,5,2021Q2,10045.783733333334,107651.94783333334,0.08367535438826663,-2.4989943503864773,3,3,3,0,STATIC_ESTIMATION_MONTHS_ONLY
23,5,2021Q3,1518.1043,102191.20303333334,0.014801796409027785,-3.785478723160038,3,2,3,0,STATIC_ESTIMATION_MONTHS_ONLY
23,5,2021Q4,149.61929999999998,99933.69603333333,0.0016436080985978944,-5.307306084026375,3,1,3,0,STATIC_ESTIMATION_MONTHS_ONLY
23,5,2022Q1,303.1393,96539.3954,0.0029638701343110857,-4.713715721504741,3,1,3,0,STATIC_ESTIMATION_MONTHS_ONLY
23,5,2022Q2,2204.0530000000003,105301.93503333333,0.01876611544111631,-4.514527922275238,3,3,3,0,STATIC_ESTIMATION_MONTHS_ONLY
23,5,2022Q3,2102.0106666666666,86338.92909999998,0.02322694553509136,-3.3754373006859018,3,2,3,0,STATIC_ESTIMATION_MONTHS_ONLY
23,5,2022Q4,4715.3649,82886.38259999998,0.056799002649088985,-3.239854540289511,2,2,3,1,STATIC_ESTIMATION_MONTHS_ONLY
23,5,2023Q1,0.0,72986.02726666666,0.0,,3,0,3,0,STATIC_ESTIMATION_MONTHS_ONLY
23,5,2023Q2,6789.808933333334,84557.82890000001,0.06824455673737104,-2.1721238057331655,3,2,3,0,STATIC_ESTIMATION_MONTHS_ONLY
23,5,2023Q3,9303.391433333332,83325.3729,0.10314733252109953,-1.7440447816655889,3,2,3,0,STATIC_ESTIMATION_MONTHS_ONLY
23,5,2023Q4,4736.712133333333,81089.00306666667,0.05463619384142975,-3.108959728747069,3,3,3,0,STATIC_ESTIMATION_MONTHS_ONLY
23,5,2024Q1,896.1100666666667,65912.45823333332,0.014165228847475245,-3.8576198410648255,3,2,3,0,STATIC_ESTIMATION_MONTHS_ONLY
23,5,2024Q2,7279.1276,81005.37920000001,0.0816969059459544,-2.4659131159982457,3,3,3,0,STATIC_ESTIMATION_MONTHS_ONLY
23,5,2024Q3,3856.9123999999997,91454.17773333333,0.04186404086935025,-3.453176922103301,3,3,3,0,STATIC_ESTIMATION_MONTHS_ONLY
23,5,2024Q4,3366.7332,87585.52693333333,0.039046026433570365,-3.6151409167379946,3,3,3,0,STATIC_ESTIMATION_MONTHS_ONLY
23,5,2025Q1,7982.0261666666665,83208.20576666667,0.08514813175880388,-2.7042070055248484,3,3,3,0,STATIC_ESTIMATION_MONTHS_ONLY
23,5,2025Q2,9735.919033333334,77810.3306,0.11352623305719538,-2.08631052417509,3,3,3,0,STATIC_ESTIMATION_MONTHS_ONLY
23,5,2025Q3,6625.5164,74999.73303333332,0.08040916922490364,-2.505206402110438,3,3,3,0,STATIC_ESTIMATION_MONTHS_ONLY
23,5,2025Q4,4488.2368,89473.77405,0.051101556397474907,-2.9919201950248637,2,2,3,0,STATIC_ESTIMATION_MONTHS_ONLY
23,5,2026Q1,5912.909833333334,79912.94549999999,0.06837911305642796,-3.3586454691563525,3,3,3,0,STATIC_ESTIMATION_MONTHS_ONLY
23,5,2026Q2,606.091,64614.1917,0.00798521371405531,-4.482603311589461,3,2,3,0,STATIC_ESTIMATION_MONTHS_ONLY
23,5,2026Q3,1956.015,67953.2917,0.027979321957715825,-3.547911342101726,1,1,1,0,STATIC_ESTIMATION_MONTHS_ONLY
25,2,2017Q1,296649.26509999996,3919186.6218,0.0703423780287425,-2.5816147722030007,3,3,3,0,STATIC_ESTIMATION_MONTHS_ONLY
25,2,2017Q2,297461.06636666664,3911857.2915333337,0.07035671148919025,-2.5846596040730554,3,3,3,0,STATIC_ESTIMATION_MONTHS_ONLY
25,2,2017Q3,272615.76513333333,3691400.3578333333,0.06826094731864535,-2.624901501920761,3,3,3,0,STATIC_ESTIMATION_MONTHS_ONLY
25,2,2017Q4,356958.0171666667,3966828.273266667,0.08254448013108324,-2.4112724102614247,3,3,3,0,STATIC_ESTIMATION_MONTHS_ONLY
25,2,2018Q1,286065.7,4100060.9812333337,0.06516151454042682,-2.673080084019427,3,3,3,0,STATIC_ESTIMATION_MONTHS_ONLY
25,2,2018Q2,279598.8470333333,4023314.8588,0.0650148121845076,-2.6662114693522434,3,3,3,0,STATIC_ESTIMATION_MONTHS_ONLY
25,2,2018Q3,301881.69916666666,3622852.8841,0.07689590938699065,-2.4859168256723874,3,3,3,0,STATIC_ESTIMATION_MONTHS_ONLY
25,2,2018Q4,347410.96993333334,4105201.397833334,0.07806527364508008,-2.4726721711674635,3,3,3,0,STATIC_ESTIMATION_MONTHS_ONLY
25,2,2019Q1,328467.9168,4172558.186833333,0.0729517684047032,-2.5426665380496662,3,3,3,0,STATIC_ESTIMATION_MONTHS_ONLY
25,2,2019Q2,304828.97186666663,3990009.167433333,0.07085508563036517,-2.57442310243502,3,3,3,0,STATIC_ESTIMATION_MONTHS_ONLY
25,2,2019Q3,304148.72363333334,3818689.0105333333,0.07366988221456826,-2.531797030118368,3,3,3,0,STATIC_ESTIMATION_MONTHS_ONLY
25,2,2019Q4,329074.5948666667,4156153.3261000006,0.07339043669167947,-2.5399434139955255,3,3,3,0,STATIC_ESTIMATION_MONTHS_ONLY
25,2,2020Q1,336364.7867666666,3982528.4203999997,0.07785804096440606,-2.474671621636453,3,3,3,0,STATIC_ESTIMATION_MONTHS_ONLY
25,2,2020Q2,220804.76026666668,3694252.6882666666,0.05644281443153878,-2.817387256559909,3,3,3,0,STATIC_ESTIMATION_MONTHS_ONLY
25,2,2020Q3,223915.6542666667,3550327.5598000004,0.05901492346214268,-2.775485940984043,3,3,3,0,STATIC_ESTIMATION_MONTHS_ONLY
25,2,2020Q4,281827.2611333333,3924218.1216333336,0.06691570416910418,-2.6412601726700338,3,3,3,0,STATIC_ESTIMATION_MONTHS_ONLY
25,2,2021Q1,321834.5398666667,3786985.8983,0.07830575856997789,-2.465898862656133,3,3,3,0,STATIC_ESTIMATION_MONTHS_ONLY
25,2,2021Q2,222791.6295,3648883.304033333,0.057261596218825685,-2.810148980325531,3,3,3,0,STATIC_ESTIMATION_MONTHS_ONLY
25,2,2021Q3,265408.5832666667,3646895.5483999997,0.06773472397972298,-2.629776927647718,3,3,3,0,STATIC_ESTIMATION_MONTHS_ONLY
25,2,2021Q4,302496.16726666666,3855771.4988333336,0.07269383696240293,-2.5471697199405026,3,3,3,0,STATIC_ESTIMATION_MONTHS_ONLY
25,2,2022Q1,294283.47133333335,4021111.0202333336,0.06816607589055738,-2.6195469699729697,3,3,3,0,STATIC_ESTIMATION_MONTHS_ONLY
25,2,2022Q2,243920.4323666667,3930289.5579999997,0.05809918400414118,-2.7952363670624005,3,3,3,0,STATIC_ESTIMATION_MONTHS_ONLY
25,2,2022Q3,252404.86140000002,3761374.9222,0.06262589265306877,-2.7253534498118923,3,3,3,0,STATIC_ESTIMATION_MONTHS_ONLY
25,2,2022Q4,316889.5555,3656601.8284,0.07973792108770031,-2.446885468052548,2,2,3,1,STATIC_ESTIMATION_MONTHS_ONLY
25,2,2023Q1,338374.2179666666,3956759.7862333334,0.07859404693172582,-2.468943410053873,3,3,3,0,STATIC_ESTIMATION_MONTHS_ONLY
25,2,2023Q2,349741.80476666667,3890643.9972666665,0.08259085095761526,-2.4091746736745594,3,3,3,0,STATIC_ESTIMATION_MONTHS_ONLY
25,2,2023Q3,311265.9866,3640181.7903,0.07848155164050082,-2.464859918470278,3,3,3,0,STATIC_ESTIMATION_MONTHS_ONLY
25,2,2023Q4,301168.79613333335,4038042.1562000006,0.0693109016124607,-2.601199529512733,3,3,3,0,STATIC_ESTIMATION_MONTHS_ONLY
25,2,2024Q1,302398.04116666666,4038985.4453000003,0.06955383699629958,-2.59461482032441,3,3,3,0,STATIC_ESTIMATION_MONTHS_ONLY
25,2,2024Q2,318369.2656,4189186.888533334,0.07058306877152594,-2.578015289592618,3,3,3,0,STATIC_ESTIMATION_MONTHS_ONLY
25,2,2024Q3,292621.1915,3714046.2018333334,0.07265884086018042,-2.5501520146609122,3,3,3,0,STATIC_ESTIMATION_MONTHS_ONLY
25,2,2024Q4,342561.0365,4078242.8747,0.07726771173044275,-2.4912107964699115,3,3,3,0,STATIC_ESTIMATION_MONTHS_ONLY
25,2,2025Q1,311992.5804,3999258.4484666665,0.07240739241628553,-2.5510823915632277,3,3,3,0,STATIC_ESTIMATION_MONTHS_ONLY
25,2,2025Q2,320310.9729666666,4013118.0137333334,0.07389511646514745,-2.528395472114647,3,3,3,0,STATIC_ESTIMATION_MONTHS_ONLY
25,2,2025Q3,319253.83786666667,3823862.1016,0.07702241401435828,-2.4835797175277428,3,3,3,0,STATIC_ESTIMATION_MONTHS_ONLY
25,2,2025Q4,403460.70455,3914221.5390999997,0.09343315543261468,-2.2777412971436917,2,2,3,0,STATIC_ESTIMATION_MONTHS_ONLY
25,2,2026Q1,318852.0416333333,3853322.6865666662,0.07644812802673179,-2.4925762156610145,3,3,3,0,STATIC_ESTIMATION_MONTHS_ONLY
25,2,2026Q2,330528.21270000003,3802457.9195333333,0.07989657312179488,-2.447006782999818,3,3,3,0,STATIC_ESTIMATION_MONTHS_ONLY
25,2,2026Q3,227870.955,3547433.6624,0.06035829637422253,-2.7452002271612606,1,1,1,0,STATIC_ESTIMATION_MONTHS_ONLY
25,3,2017Q1,52947.27273333334,1030067.3712333334,0.04893126472806855,-2.974163667715457,3,3,3,0,STATIC_ESTIMATION_MONTHS_ONLY
25,3,2017Q2,55850.3193,1012814.9578000001,0.05201241312876922,-2.9112938860956596,3,3,3,0,STATIC_ESTIMATION_MONTHS_ONLY
25,3,2017Q3,36810.7778,972599.1198999999,0.03648240914775574,-3.285714239845456,3,3,3,0,STATIC_ESTIMATION_MONTHS_ONLY
25,3,2017Q4,48659.02013333333,949917.3732666665,0.04858128148592248,-2.992238730404732,3,3,3,0,STATIC_ESTIMATION_MONTHS_ONLY
25,3,2018Q1,54937.05256666667,1091284.8241,0.04814941892731276,-2.996302673744784,3,3,3,0,STATIC_ESTIMATION_MONTHS_ONLY
25,3,2018Q2,57386.35319999999,993867.3424666667,0.05440751199112854,-2.8598662046956727,3,3,3,0,STATIC_ESTIMATION_MONTHS_ONLY
25,3,2018Q3,52574.039033333334,916046.5947666666,0.05422821981128551,-2.860657596230324,3,3,3,0,STATIC_ESTIMATION_MONTHS_ONLY
25,3,2018Q4,71504.15553333334,962918.8972333334,0.06935072111200714,-2.604767963241169,3,3,3,0,STATIC_ESTIMATION_MONTHS_ONLY
25,3,2019Q1,74951.64926666666,948247.7403999999,0.07312779186322023,-2.544729538043649,3,3,3,0,STATIC_ESTIMATION_MONTHS_ONLY
25,3,2019Q2,83069.16796666668,950822.7072666668,0.07992110142088991,-2.4510181049698962,3,3,3,0,STATIC_ESTIMATION_MONTHS_ONLY
25,3,2019Q3,57724.47153333333,849406.7034666667,0.06376127843536085,-2.695462600338239,3,3,3,0,STATIC_ESTIMATION_MONTHS_ONLY
25,3,2019Q4,50707.106700000004,999549.8461333333,0.04844142329062432,-2.9837446311538085,3,3,3,0,STATIC_ESTIMATION_MONTHS_ONLY
25,3,2020Q1,55248.48956666666,953574.4373,0.05497810275386287,-2.864690952626298,3,3,3,0,STATIC_ESTIMATION_MONTHS_ONLY
25,3,2020Q2,43431.136000000006,905154.3909666667,0.045846357255892305,-3.041889715224721,3,3,3,0,STATIC_ESTIMATION_MONTHS_ONLY
25,3,2020Q3,51101.392733333334,923705.1482,0.0523144021421802,-2.8986098647344534,3,3,3,0,STATIC_ESTIMATION_MONTHS_ONLY
25,3,2020Q4,59802.6325,960315.3670666666,0.058675414432912854,-2.7790535563106573,3,3,3,0,STATIC_ESTIMATION_MONTHS_ONLY
25,3,2021Q1,77991.35773333332,947479.2468333334,0.07535076332184261,-2.5312869787405634,3,3,3,0,STATIC_ESTIMATION_MONTHS_ONLY
25,3,2021Q2,44494.0178,932795.6429666667,0.045184952940440753,-3.0568205727135314,3,3,3,0,STATIC_ESTIMATION_MONTHS_ONLY
25,3,2021Q3,39606.70476666667,848816.2966999998,0.04455715389756045,-3.0815093135681835,3,3,3,0,STATIC_ESTIMATION_MONTHS_ONLY
25,3,2021Q4,57186.141299999996,885352.9677333332,0.06067198813175143,-2.7449316953356298,3,3,3,0,STATIC_ESTIMATION_MONTHS_ONLY
25,3,2022Q1,71215.20163333333,899363.0550999999,0.07328514802420587,-2.5389963866678067,3,3,3,0,STATIC_ESTIMATION_MONTHS_ONLY
25,3,2022Q2,47366.996866666675,922157.6032666666,0.049347428067527316,-2.997857346981057,3,3,3,0,STATIC_ESTIMATION_MONTHS_ONLY
25,3,2022Q3,39250.718733333335,1083868.6228666666,0.034670295531293575,-3.3920365578890195,3,3,3,0,STATIC_ESTIMATION_MONTHS_ONLY
25,3,2022Q4,65067.75055,978606.37145,0.06232718915147212,-2.711187177695939,2,2,3,1,STATIC_ESTIMATION_MONTHS_ONLY
25,3,2023Q1,69822.9191,1046435.9956666665,0.06267397571347343,-2.72215415161457,3,3,3,0,STATIC_ESTIMATION_MONTHS_ONLY
25,3,2023Q2,43917.5987,975934.1482,0.04306225979463824,-3.1493909085660863,3,3,3,0,STATIC_ESTIMATION_MONTHS_ONLY
25,3,2023Q3,42429.96663333334,825159.8793333335,0.04840160322039616,-3.0198207129050325,3,3,3,0,STATIC_ESTIMATION_MONTHS_ONLY
25,3,2023Q4,63087.81483333333,809160.543,0.07221999866642798,-2.559520102373013,3,3,3,0,STATIC_ESTIMATION_MONTHS_ONLY
25,3,2024Q1,68065.12033333334,864036.3663333333,0.07316350468078459,-2.5452029913258816,3,3,3,0,STATIC_ESTIMATION_MONTHS_ONLY
25,3,2024Q2,55739.79996666667,792818.2911333333,0.06578378631681772,-2.6555089718681395,3,3,3,0,STATIC_ESTIMATION_MONTHS_ONLY
25,3,2024Q3,54145.9742,845420.2914666667,0.059465769282894564,-2.77038707787071,3,3,3,0,STATIC_ESTIMATION_MONTHS_ONLY
25,3,2024Q4,74975.04816666666,837136.8134999998,0.0821355477604659,-2.418336088301993,3,3,3,0,STATIC_ESTIMATION_MONTHS_ONLY
25,3,2025Q1,40754.10956666667,743178.3166333335,0.052094892741990924,-2.9048957429820317,3,3,3,0,STATIC_ESTIMATION_MONTHS_ONLY
25,3,2025Q2,50500.6577,799756.3865333333,0.059210606990671544,-2.775256586043199,3,3,3,0,STATIC_ESTIMATION_MONTHS_ONLY
25,3,2025Q3,50724.93353333334,730289.5213333335,0.06600227003118203,-2.6589978862526746,3,3,3,0,STATIC_ESTIMATION_MONTHS_ONLY
25,3,2025Q4,52598.7693,864900.2303499999,0.05720382032420798,-2.8026800095349778,2,2,3,0,STATIC_ESTIMATION_MONTHS_ONLY
25,3,2026Q1,44161.87470000001,789823.6672666665,0.05255445377180607,-3.01389603190238,3,3,3,0,STATIC_ESTIMATION_MONTHS_ONLY
25,3,2026Q2,35405.62796666666,793766.7855666666,0.04293350741550431,-3.139626718940754,3,3,3,0,STATIC_ESTIMATION_MONTHS_ONLY
25,3,2026Q3,51101.230299999996,736012.5569,0.06492229094573787,-2.667438606348006,1,1,1,0,STATIC_ESTIMATION_MONTHS_ONLY
25,5,2017Q1,33178.61173513334,203646.99667403335,0.13978624147554078,-1.8177754900558607,3,3,3,0,STATIC_ESTIMATION_MONTHS_ONLY
25,5,2017Q2,35861.136331166665,215826.23398566665,0.14209758946674736,-1.8014051842447645,3,3,3,0,STATIC_ESTIMATION_MONTHS_ONLY
25,5,2017Q3,25279.82596973333,185865.05864970002,0.11914400846270357,-2.0137415307218114,3,3,3,0,STATIC_ESTIMATION_MONTHS_ONLY
25,5,2017Q4,30038.72539763333,173284.87104263334,0.1480987856182757,-1.7530080768444793,3,3,3,0,STATIC_ESTIMATION_MONTHS_ONLY
25,5,2018Q1,25045.352325900003,203005.9544285,0.11025105104700095,-2.0948626788727,3,3,3,0,STATIC_ESTIMATION_MONTHS_ONLY
25,5,2018Q2,18050.187949333336,196041.60701983332,0.08240306960653064,-2.424105092172965,3,3,3,0,STATIC_ESTIMATION_MONTHS_ONLY
25,5,2018Q3,21158.099701566665,180368.34478343336,0.10550259323552495,-2.155810717610583,3,3,3,0,STATIC_ESTIMATION_MONTHS_ONLY
25,5,2018Q4,25704.607844233335,211703.5492718,0.10836115045382906,-2.108072134516816,3,3,3,0,STATIC_ESTIMATION_MONTHS_ONLY
25,5,2019Q1,26965.877075266664,222031.32541113335,0.1086120358552049,-2.107279784100989,3,3,3,0,STATIC_ESTIMATION_MONTHS_ONLY
25,5,2019Q2,26336.164135999996,232797.07234259997,0.1014793526127344,-2.188082336871712,3,3,3,0,STATIC_ESTIMATION_MONTHS_ONLY
25,5,2019Q3,25210.43886206667,196711.3538115,0.11296591654101164,-2.064263349661332,3,3,3,0,STATIC_ESTIMATION_MONTHS_ONLY
25,5,2019Q4,24284.52685023333,196781.01390876668,0.10981648088966871,-2.094882951288095,3,3,3,0,STATIC_ESTIMATION_MONTHS_ONLY
25,5,2020Q1,46784.592333333334,174309.19236666666,0.21196354004328477,-1.3638546989934526,3,3,3,0,STATIC_ESTIMATION_MONTHS_ONLY
25,5,2020Q2,33056.06226666667,80451.10406666667,0.28554231905031885,-0.9417648421581596,3,3,3,0,STATIC_ESTIMATION_MONTHS_ONLY
25,5,2020Q3,22958.619633333332,96957.20079999999,0.18170055783866776,-1.5720015231538966,3,3,3,0,STATIC_ESTIMATION_MONTHS_ONLY
25,5,2020Q4,48449.68346666667,145932.66726666666,0.2516881710551787,-1.0990521752954778,3,3,3,0,STATIC_ESTIMATION_MONTHS_ONLY
25,5,2021Q1,44932.562333333335,123511.73659999999,0.2673851600612593,-1.01286680073416,3,3,3,0,STATIC_ESTIMATION_MONTHS_ONLY
25,5,2021Q2,38793.258200000004,95530.39753333334,0.2890679133056353,-0.9037560747697606,3,3,3,0,STATIC_ESTIMATION_MONTHS_ONLY
25,5,2021Q3,14005.263166666666,80578.92133333332,0.1460520736418389,-1.9010156160793663,3,3,3,0,STATIC_ESTIMATION_MONTHS_ONLY
25,5,2021Q4,42918.44616666667,117505.48406666667,0.26628776389099,-1.030943005011885,3,3,3,0,STATIC_ESTIMATION_MONTHS_ONLY
25,5,2022Q1,24619.280466666667,115702.46293333334,0.1719171595422787,-1.6031060912786368,3,3,3,0,STATIC_ESTIMATION_MONTHS_ONLY
25,5,2022Q2,24515.222566666664,83530.30946666667,0.2322235284677879,-1.298597593217429,3,3,3,0,STATIC_ESTIMATION_MONTHS_ONLY
25,5,2022Q3,32328.660333333333,70888.4227,0.3171786840223218,-0.7694706034789172,3,3,3,0,STATIC_ESTIMATION_MONTHS_ONLY
25,5,2022Q4,71431.19774999999,115487.81904999999,0.38319558681588084,-0.4776612186593223,2,2,3,1,STATIC_ESTIMATION_MONTHS_ONLY
25,5,2023Q1,37933.82546666667,88126.00826666667,0.3026146462077702,-0.8383588301297903,3,3,3,0,STATIC_ESTIMATION_MONTHS_ONLY
25,5,2023Q2,23725.720400000002,58417.99346666667,0.27773387190621174,-0.9903326378381712,3,3,3,0,STATIC_ESTIMATION_MONTHS_ONLY
25,5,2023Q3,23401.618733333333,65451.65529999999,0.2606677547092309,-1.0438807275376951,3,3,3,0,STATIC_ESTIMATION_MONTHS_ONLY
25,5,2023Q4,28979.645399999998,96055.55176666666,0.23105334796557794,-1.206445927199707,3,3,3,0,STATIC_ESTIMATION_MONTHS_ONLY
25,5,2024Q1,41457.9072,93463.49823333333,0.3073627370313599,-0.8419517324671199,3,3,3,0,STATIC_ESTIMATION_MONTHS_ONLY
25,5,2024Q2,49357.8628,119111.3798,0.2927303440525367,-0.8853669513195138,3,3,3,0,STATIC_ESTIMATION_MONTHS_ONLY
25,5,2024Q3,12442.329666666667,84049.42136666666,0.12136331210043945,-2.301259451277485,3,3,3,0,STATIC_ESTIMATION_MONTHS_ONLY
25,5,2024Q4,24621.6951,95586.83563333335,0.2069905178117419,-1.34984732089101,3,3,3,0,STATIC_ESTIMATION_MONTHS_ONLY
25,5,2025Q1,29710.61666666667,70535.19366666667,0.2892554048346432,-0.912082380407046,3,3,3,0,STATIC_ESTIMATION_MONTHS_ONLY
25,5,2025Q2,11424.249866666667,85575.50060000001,0.12551316695444673,-2.0090710747816987,3,3,3,0,STATIC_ESTIMATION_MONTHS_ONLY
25,5,2025Q3,20295.35093333333,130782.09103333333,0.13176772663530661,-1.9598876823548297,3,3,3,0,STATIC_ESTIMATION_MONTHS_ONLY
25,5,2025Q4,20943.70555,106382.87755,0.17021061529073445,-1.6809288635695925,2,2,3,0,STATIC_ESTIMATION_MONTHS_ONLY
25,5,2026Q1,20350.359933333333,79486.47083333333,0.20479424845351654,-1.3695591631878241,3,3,3,0,STATIC_ESTIMATION_MONTHS_ONLY
25,5,2026Q2,16992.61676666667,101758.34476666666,0.1415008838797123,-1.9121541108405309,3,3,3,0,STATIC_ESTIMATION_MONTHS_ONLY
25,5,2026Q3,27421.5752,117894.6885,0.1887027267409711,-1.4584616360348812,1,1,1,0,STATIC_ESTIMATION_MONTHS_ONLY
27,1,2017Q1,6325.416012966667,23267.445664500003,0.20835590918135552,-1.4190832852170667,3,3,3,0,STATIC_ESTIMATION_MONTHS_ONLY
27,1,2017Q2,11367.845284566667,31444.3946014,0.26727579713967176,-1.0105881348894483,3,3,3,0,STATIC_ESTIMATION_MONTHS_ONLY
27,1,2017Q3,13799.595730733332,30070.84742856667,0.30997322424328,-0.8057967052280434,3,3,3,0,STATIC_ESTIMATION_MONTHS_ONLY
27,1,2017Q4,17814.962693133333,35014.77358926667,0.3362672418698573,-0.6805548979068973,3,3,3,0,STATIC_ESTIMATION_MONTHS_ONLY
27,1,2018Q1,7786.433610033334,27585.8609569,0.21428515031200726,-1.3353226455146185,3,3,3,0,STATIC_ESTIMATION_MONTHS_ONLY
27,1,2018Q2,12195.104476500002,27058.58532256667,0.3073011611430824,-0.8221279523987999,3,3,3,0,STATIC_ESTIMATION_MONTHS_ONLY
27,1,2018Q3,5444.2997811,32388.3346286,0.1439102842715376,-1.8602661084013914,3,3,3,0,STATIC_ESTIMATION_MONTHS_ONLY
27,1,2018Q4,12550.981165366667,38740.79612966667,0.22776443981343145,-1.2893427623043419,3,3,3,0,STATIC_ESTIMATION_MONTHS_ONLY
27,1,2019Q1,3853.896006966667,32316.2162575,0.10358576880331873,-2.1771716267506744,3,3,3,0,STATIC_ESTIMATION_MONTHS_ONLY
27,1,2019Q2,4869.224135733333,35075.910243666665,0.1232969711102147,-2.097916929634416,3,3,3,0,STATIC_ESTIMATION_MONTHS_ONLY
27,1,2019Q3,2974.269626266667,31184.61286886667,0.09040003095769215,-2.362751138955742,3,3,3,0,STATIC_ESTIMATION_MONTHS_ONLY
27,1,2019Q4,5534.162695333333,29733.40749936666,0.15747314009459698,-1.7649639620392603,3,3,3,0,STATIC_ESTIMATION_MONTHS_ONLY
27,1,2020Q1,10613.923366666668,14258.637833333334,0.3286950271783872,-0.02787059131415923,3,2,3,0,STATIC_ESTIMATION_MONTHS_ONLY
27,1,2020Q2,8716.185533333333,10130.871299999999,0.4604353680700233,-0.15865837819585743,3,3,3,0,STATIC_ESTIMATION_MONTHS_ONLY
27,1,2020Q3,16652.396666666667,22519.596233333334,0.4242416911187865,-0.3252025821449568,3,3,3,0,STATIC_ESTIMATION_MONTHS_ONLY
27,1,2020Q4,1474.9111,29614.811,0.04396226978023585,-2.6735705106771595,3,2,3,0,STATIC_ESTIMATION_MONTHS_ONLY
27,1,2021Q1,10096.8196,17149.77546666667,0.3650108366561033,-0.5790371484284785,3,3,3,0,STATIC_ESTIMATION_MONTHS_ONLY
27,1,2021Q2,1725.4367333333332,24103.874166666665,0.0697934536094252,-1.3286644851911378,3,1,3,0,STATIC_ESTIMATION_MONTHS_ONLY
27,1,2021Q3,8207.3087,39800.8862,0.14833222096707413,-1.2522051509658811,3,2,3,0,STATIC_ESTIMATION_MONTHS_ONLY
27,1,2021Q4,9688.3572,45251.231433333334,0.16960824209418657,-1.6329864936418057,3,3,3,0,STATIC_ESTIMATION_MONTHS_ONLY
27,1,2022Q1,9878.143100000001,46375.1899,0.1421188805250935,-1.5619069843401825,3,2,3,0,STATIC_ESTIMATION_MONTHS_ONLY
27,1,2022Q2,6807.366766666666,38744.12536666667,0.130885345445371,-1.4476401251096747,3,2,3,0,STATIC_ESTIMATION_MONTHS_ONLY
27,1,2022Q3,17446.5602,26681.877366666668,0.3955708663130691,-0.4483139553555271,3,3,3,0,STATIC_ESTIMATION_MONTHS_ONLY
27,1,2022Q4,10568.2107,33734.9887,0.23483223949444626,-1.1871395341385413,2,2,3,1,STATIC_ESTIMATION_MONTHS_ONLY
27,1,2023Q1,17217.83656666667,31468.2669,0.35636678834036956,-0.5967382433574666,3,3,3,0,STATIC_ESTIMATION_MONTHS_ONLY
27,1,2023Q2,13217.568233333332,40570.4069,0.24578761940389857,-1.12164385928662,3,3,3,0,STATIC_ESTIMATION_MONTHS_ONLY
27,1,2023Q3,24137.10903333333,33163.66913333334,0.4226677407307065,-0.3167968207400964,3,3,3,0,STATIC_ESTIMATION_MONTHS_ONLY
27,1,2023Q4,27145.882133333333,30402.247933333332,0.4759340415282904,-0.09309365048303146,3,3,3,0,STATIC_ESTIMATION_MONTHS_ONLY
27,1,2024Q1,12174.295666666667,10612.7892,0.4845026891210084,-0.12538042995018447,3,3,3,0,STATIC_ESTIMATION_MONTHS_ONLY
27,1,2024Q2,3878.4258666666665,42830.3294,0.09032648728616048,-0.9896588731377483,3,1,3,0,STATIC_ESTIMATION_MONTHS_ONLY
27,1,2024Q3,0.0,42621.47233333334,0.0,,3,0,3,0,STATIC_ESTIMATION_MONTHS_ONLY
27,1,2024Q4,2505.6397333333334,34301.96596666666,0.06151827361639212,-3.3157699593836694,3,3,3,0,STATIC_ESTIMATION_MONTHS_ONLY
27,1,2025Q1,7216.903766666665,31604.914233333333,0.1773777093524186,-1.6191625307439583,3,3,3,0,STATIC_ESTIMATION_MONTHS_ONLY
27,1,2025Q2,10202.017,47213.83223333333,0.17765273042469665,-1.533514294493182,3,3,3,0,STATIC_ESTIMATION_MONTHS_ONLY
27,1,2025Q3,16520.817566666665,58724.27126666667,0.21921038333514598,-1.2725958740559697,3,3,3,0,STATIC_ESTIMATION_MONTHS_ONLY
27,1,2025Q4,3918.9513,34462.3682,0.08045232918546023,-1.6515123316900775,2,1,3,0,STATIC_ESTIMATION_MONTHS_ONLY
27,1,2026Q1,12447.043066666665,34267.9909,0.16057422116375447,-0.07314193614585032,3,1,3,0,STATIC_ESTIMATION_MONTHS_ONLY
27,1,2026Q2,11087.412766666666,40193.3221,0.2120623812344018,-1.3289347943467467,3,3,3,0,STATIC_ESTIMATION_MONTHS_ONLY
27,1,2026Q3,6945.4162,48852.2876,0.12447494658373377,-1.950719304044467,1,1,1,0,STATIC_ESTIMATION_MONTHS_ONLY
27,2,2017Q1,51590.55455994643,300905.63982522755,0.14685173517333497,-1.771960075793836,3,3,3,0,STATIC_ESTIMATION_MONTHS_ONLY
27,2,2017Q2,48603.274849453584,300803.23318396765,0.13835921738436952,-1.8497426188949273,3,3,3,0,STATIC_ESTIMATION_MONTHS_ONLY
27,2,2017Q3,83227.45758556877,273431.3347844948,0.23167672224889843,-1.2163170527588965,3,3,3,0,STATIC_ESTIMATION_MONTHS_ONLY
27,2,2017Q4,71900.46812158886,283161.8345526589,0.20029419221334557,-1.4143725132445866,3,3,3,0,STATIC_ESTIMATION_MONTHS_ONLY
27,2,2018Q1,42179.84088441755,319828.11898283265,0.11685846902356754,-2.0294609301584186,3,3,3,0,STATIC_ESTIMATION_MONTHS_ONLY
27,2,2018Q2,56120.73878339105,307776.76532342884,0.1544949959549202,-1.7022522109560871,3,3,3,0,STATIC_ESTIMATION_MONTHS_ONLY
27,2,2018Q3,48159.54809303964,287114.6615929811,0.14341604878672468,-1.7884179076715638,3,3,3,0,STATIC_ESTIMATION_MONTHS_ONLY
27,2,2018Q4,61660.68957635292,299812.78719600034,0.1704424212968018,-1.5839258199899096,3,3,3,0,STATIC_ESTIMATION_MONTHS_ONLY
27,2,2019Q1,39791.48162599366,295438.125709873,0.11783086592295101,-2.0402972425229353,3,3,3,0,STATIC_ESTIMATION_MONTHS_ONLY
27,2,2019Q2,42383.17278441158,285181.00016524555,0.12930815122982395,-1.9351098288772572,3,3,3,0,STATIC_ESTIMATION_MONTHS_ONLY
27,2,2019Q3,46058.13152126904,292300.7786791685,0.13617192179791995,-1.8519334541742773,3,3,3,0,STATIC_ESTIMATION_MONTHS_ONLY
27,2,2019Q4,49858.3964812728,292775.2517452656,0.14547909958402291,-1.7725923014549936,3,3,3,0,STATIC_ESTIMATION_MONTHS_ONLY
27,2,2020Q1,36479.795666666665,289072.8263,0.11231891132625517,-2.0756419180275985,3,3,3,0,STATIC_ESTIMATION_MONTHS_ONLY
27,2,2020Q2,45104.99153333334,178749.18463333335,0.19249511099342387,-1.509869184809129,3,3,3,0,STATIC_ESTIMATION_MONTHS_ONLY
27,2,2020Q3,37174.5091,233621.3452,0.13632795802471695,-2.0245342523311582,3,3,3,0,STATIC_ESTIMATION_MONTHS_ONLY
27,2,2020Q4,21106.1505,194953.80393333334,0.09816649735540312,-2.239988182113765,3,3,3,0,STATIC_ESTIMATION_MONTHS_ONLY
27,2,2021Q1,26490.365633333335,266626.75686666666,0.09002599134641204,-2.3154794916995023,3,3,3,0,STATIC_ESTIMATION_MONTHS_ONLY
27,2,2021Q2,25158.727433333333,257562.1952,0.09177651855027379,-2.3715829850042316,3,3,3,0,STATIC_ESTIMATION_MONTHS_ONLY
27,2,2021Q3,30458.147800000002,228833.74446666669,0.1159143421882895,-2.114484846230594,3,3,3,0,STATIC_ESTIMATION_MONTHS_ONLY
27,2,2021Q4,24435.2809,243551.52276666663,0.09074040955888278,-2.3196454537858453,3,3,3,0,STATIC_ESTIMATION_MONTHS_ONLY
27,2,2022Q1,57331.63733333334,321894.3168666667,0.14846860397248826,-1.7681956082912667,3,3,3,0,STATIC_ESTIMATION_MONTHS_ONLY
27,2,2022Q2,56566.84903333334,327272.5470333333,0.14731089467725636,-1.7568412680609125,3,3,3,0,STATIC_ESTIMATION_MONTHS_ONLY
27,2,2022Q3,36862.12106666667,296086.79600000003,0.10945583657762076,-2.126835580304956,3,3,3,0,STATIC_ESTIMATION_MONTHS_ONLY
27,2,2022Q4,32630.7274,292968.72915,0.10055054260684396,-2.1957957106261565,2,2,3,1,STATIC_ESTIMATION_MONTHS_ONLY
27,2,2023Q1,42846.06413333333,303597.3811,0.12465813834910981,-1.9717587310502915,3,3,3,0,STATIC_ESTIMATION_MONTHS_ONLY
27,2,2023Q2,44513.255933333334,282662.8222,0.1327362031341784,-1.9091075803962496,3,3,3,0,STATIC_ESTIMATION_MONTHS_ONLY
27,2,2023Q3,48614.17443333333,279665.53266666667,0.1483815218201743,-1.7554079114903096,3,3,3,0,STATIC_ESTIMATION_MONTHS_ONLY
27,2,2023Q4,60926.62856666667,277847.5542666667,0.1795575988481558,-1.519683541710654,3,3,3,0,STATIC_ESTIMATION_MONTHS_ONLY
27,2,2024Q1,59805.7777,298438.3067,0.16781587602425332,-1.6223999484528082,3,3,3,0,STATIC_ESTIMATION_MONTHS_ONLY
27,2,2024Q2,36073.177533333335,318198.0036666666,0.10071943905535545,-2.253800075379758,3,3,3,0,STATIC_ESTIMATION_MONTHS_ONLY
27,2,2024Q3,63795.87923333333,311136.3971,0.16978527570314358,-1.5987963290609093,3,3,3,0,STATIC_ESTIMATION_MONTHS_ONLY
27,2,2024Q4,90483.41970000001,309413.54006666667,0.2254725535517376,-1.2364134986749427,3,3,3,0,STATIC_ESTIMATION_MONTHS_ONLY
27,2,2025Q1,67956.97916666667,312521.8439,0.17770736066098347,-1.5424446324846617,3,3,3,0,STATIC_ESTIMATION_MONTHS_ONLY
27,2,2025Q2,40020.64393333333,339059.8027,0.10649614307385424,-2.147978378106657,3,3,3,0,STATIC_ESTIMATION_MONTHS_ONLY
27,2,2025Q3,33522.589,334768.24203333334,0.09071708968189329,-2.3114636241886117,3,3,3,0,STATIC_ESTIMATION_MONTHS_ONLY
27,2,2025Q4,33687.7733,368790.75405,0.0840481486426572,-2.3977669704324915,2,2,3,0,STATIC_ESTIMATION_MONTHS_ONLY
27,2,2026Q1,42615.81163333333,344956.6603,0.11045691075528445,-2.0968784507428584,3,3,3,0,STATIC_ESTIMATION_MONTHS_ONLY
27,2,2026Q2,30780.670866666667,309678.98853333335,0.09029720792377942,-2.318052966673308,3,3,3,0,STATIC_ESTIMATION_MONTHS_ONLY
27,2,2026Q3,45805.286700000004,260408.69170000002,0.14958587762497783,-1.7378527734519826,1,1,1,0,STATIC_ESTIMATION_MONTHS_ONLY
27,3,2017Q1,29488.43512969177,340939.33542843105,0.0794365847133603,-2.463292311149074,3,3,3,0,STATIC_ESTIMATION_MONTHS_ONLY
27,3,2017Q2,23653.652621933667,296612.60023145314,0.07440370423471158,-2.60918263147088,3,3,3,0,STATIC_ESTIMATION_MONTHS_ONLY
27,3,2017Q3,39963.52792786269,271092.87530122325,0.1284481936616508,-1.9161871870170908,3,3,3,0,STATIC_ESTIMATION_MONTHS_ONLY
27,3,2017Q4,22807.643233699087,324758.25421135174,0.06673917518681659,-2.665748413662586,3,3,3,0,STATIC_ESTIMATION_MONTHS_ONLY
27,3,2018Q1,38500.71829556069,319551.0734263829,0.10678091698179897,-2.127012193864822,3,3,3,0,STATIC_ESTIMATION_MONTHS_ONLY
27,3,2018Q2,38977.866389785806,316516.44507191004,0.10895170695418858,-2.11732670112867,3,3,3,0,STATIC_ESTIMATION_MONTHS_ONLY
27,3,2018Q3,33222.69501173362,297894.06521787774,0.09936272810184427,-2.214471294212579,3,3,3,0,STATIC_ESTIMATION_MONTHS_ONLY
27,3,2018Q4,23437.614287877153,295072.4932416276,0.07353034726492114,-2.5549358037164236,3,3,3,0,STATIC_ESTIMATION_MONTHS_ONLY
27,3,2019Q1,20927.84955767659,287442.46233992634,0.06797833019525258,-2.625499075382111,3,3,3,0,STATIC_ESTIMATION_MONTHS_ONLY
27,3,2019Q2,36227.26414876472,284922.132893719,0.1139131848232513,-2.059444753560836,3,3,3,0,STATIC_ESTIMATION_MONTHS_ONLY
27,3,2019Q3,32940.780575527286,293419.3054959238,0.1011582322940174,-2.1939735858094793,3,3,3,0,STATIC_ESTIMATION_MONTHS_ONLY
27,3,2019Q4,33326.168664381075,282366.40442581644,0.10658542336446229,-2.1339183275875553,3,3,3,0,STATIC_ESTIMATION_MONTHS_ONLY
27,3,2020Q1,32117.6713,351141.4368333334,0.08507816759556767,-2.402699840026527,3,3,3,0,STATIC_ESTIMATION_MONTHS_ONLY
27,3,2020Q2,15589.572766666666,211733.23526666666,0.06939068237633708,-2.737593257905593,3,3,3,0,STATIC_ESTIMATION_MONTHS_ONLY
27,3,2020Q3,31221.800900000002,266357.47986666666,0.10476147680525442,-2.168020016048135,3,3,3,0,STATIC_ESTIMATION_MONTHS_ONLY
27,3,2020Q4,17778.174466666667,240265.63423333332,0.06908140845330285,-2.6192031885515266,3,3,3,0,STATIC_ESTIMATION_MONTHS_ONLY
27,3,2021Q1,24485.493700000003,231738.38893333334,0.09501183363448508,-2.258704219328136,3,3,3,0,STATIC_ESTIMATION_MONTHS_ONLY
27,3,2021Q2,25625.379433333335,279808.88413333334,0.08454324292538513,-2.3872879079557223,3,3,3,0,STATIC_ESTIMATION_MONTHS_ONLY
27,3,2021Q3,25182.5855,292043.1616666667,0.07825466983291134,-2.544369655045807,3,3,3,0,STATIC_ESTIMATION_MONTHS_ONLY
27,3,2021Q4,31136.119300000002,298929.62259999994,0.09581075710402191,-2.2902886571740457,3,3,3,0,STATIC_ESTIMATION_MONTHS_ONLY
27,3,2022Q1,32590.780199999997,300816.4703,0.09816190689138148,-2.2231722036464454,3,3,3,0,STATIC_ESTIMATION_MONTHS_ONLY
27,3,2022Q2,29026.7789,324453.15753333335,0.07962254134599173,-2.613031484660876,3,3,3,0,STATIC_ESTIMATION_MONTHS_ONLY
27,3,2022Q3,18894.255699999998,296960.6435333334,0.05903134789588493,-2.787411131445317,3,3,3,0,STATIC_ESTIMATION_MONTHS_ONLY
27,3,2022Q4,47729.881,325207.2782,0.1277701923656684,-1.9405846906973128,2,2,3,1,STATIC_ESTIMATION_MONTHS_ONLY
27,3,2023Q1,40384.9048,323479.3873333333,0.11182509257347668,-2.077143919517769,3,3,3,0,STATIC_ESTIMATION_MONTHS_ONLY
27,3,2023Q2,25000.39976666667,439022.8618,0.05400882759241765,-2.878559197283701,3,3,3,0,STATIC_ESTIMATION_MONTHS_ONLY
27,3,2023Q3,34813.397699999994,340512.3826333333,0.09224518937170945,-2.3335779815727267,3,3,3,0,STATIC_ESTIMATION_MONTHS_ONLY
27,3,2023Q4,36821.94353333333,298091.6178666667,0.10897861707153578,-2.1321087545772803,3,3,3,0,STATIC_ESTIMATION_MONTHS_ONLY
27,3,2024Q1,44302.4667,285084.9354,0.13465482265018458,-1.861890162138103,3,3,3,0,STATIC_ESTIMATION_MONTHS_ONLY
27,3,2024Q2,27454.254100000002,351003.2930666667,0.0735227163414664,-2.5582055509053347,3,3,3,0,STATIC_ESTIMATION_MONTHS_ONLY
27,3,2024Q3,46967.98756666667,308746.7882666667,0.13131174734775752,-1.894063443465969,3,3,3,0,STATIC_ESTIMATION_MONTHS_ONLY
27,3,2024Q4,11229.051399999998,313708.60093333333,0.03491839501933685,-3.3595526525513235,3,3,3,0,STATIC_ESTIMATION_MONTHS_ONLY
27,3,2025Q1,29052.52323333333,305675.28733333334,0.08683652843915506,-2.3555157574743366,3,3,3,0,STATIC_ESTIMATION_MONTHS_ONLY
27,3,2025Q2,44849.344966666664,304956.4519,0.1314600343710337,-1.9406601682758204,3,3,3,0,STATIC_ESTIMATION_MONTHS_ONLY
27,3,2025Q3,20511.5189,355650.1187666666,0.053712404165090676,-2.972073567191721,3,3,3,0,STATIC_ESTIMATION_MONTHS_ONLY
27,3,2025Q4,35222.00425,370926.53935,0.08627194448360206,-2.3646955387599387,2,2,3,0,STATIC_ESTIMATION_MONTHS_ONLY
27,3,2026Q1,22786.648666666664,306273.22410000005,0.06945529467578322,-2.656483445632044,3,3,3,0,STATIC_ESTIMATION_MONTHS_ONLY
27,3,2026Q2,39944.50293333334,272606.17976666667,0.12766562318806973,-1.9257619783366628,3,3,3,0,STATIC_ESTIMATION_MONTHS_ONLY
27,3,2026Q3,29553.180399999997,230498.67219999997,0.11364341420577136,-2.0540537360892706,1,1,1,0,STATIC_ESTIMATION_MONTHS_ONLY
27,4,2017Q1,74207.67310289845,591767.7705704183,0.11132164013229943,-2.079281313887353,3,3,3,0,STATIC_ESTIMATION_MONTHS_ONLY
27,4,2017Q2,53929.34476398283,572952.1291432577,0.08629406706527738,-2.3676767216266943,3,3,3,0,STATIC_ESTIMATION_MONTHS_ONLY
27,4,2017Q3,67235.28064618325,571284.2888942313,0.105068540425259,-2.174901211762251,3,3,3,0,STATIC_ESTIMATION_MONTHS_ONLY
27,4,2017Q4,66939.57278825609,575414.1491613976,0.10382304661678189,-2.1602824525764617,3,3,3,0,STATIC_ESTIMATION_MONTHS_ONLY
27,4,2018Q1,56256.6885196556,638111.9575443317,0.08096201195248766,-2.446271052978114,3,3,3,0,STATIC_ESTIMATION_MONTHS_ONLY
27,4,2018Q2,76996.36042328404,665350.1202223732,0.10341196515229813,-2.161582718181453,3,3,3,0,STATIC_ESTIMATION_MONTHS_ONLY
27,4,2018Q3,73052.6354740876,633034.8586448316,0.10334254264468097,-2.1660188059371013,3,3,3,0,STATIC_ESTIMATION_MONTHS_ONLY
27,4,2018Q4,59168.6988868344,590342.0915696548,0.09148482121232371,-2.307428026402676,3,3,3,0,STATIC_ESTIMATION_MONTHS_ONLY
27,4,2019Q1,45679.65866049841,614866.1181163653,0.06910331634791995,-2.6008704897260055,3,3,3,0,STATIC_ESTIMATION_MONTHS_ONLY
27,4,2019Q2,52245.92502457931,570443.4514355646,0.0837329010528179,-2.3963497479709672,3,3,3,0,STATIC_ESTIMATION_MONTHS_ONLY
27,4,2019Q3,69261.26905206077,577628.7308238683,0.10710328951111749,-2.123039501809005,3,3,3,0,STATIC_ESTIMATION_MONTHS_ONLY
27,4,2019Q4,80298.6645341171,646268.5414644426,0.11069933404583372,-2.0883713502813435,3,3,3,0,STATIC_ESTIMATION_MONTHS_ONLY
27,4,2020Q1,69588.243,673042.3385333334,0.09249737151754793,-2.3343142041249507,3,3,3,0,STATIC_ESTIMATION_MONTHS_ONLY
27,4,2020Q2,57431.275466666666,618000.0619666666,0.08475985410354887,-2.3955352028661756,3,3,3,0,STATIC_ESTIMATION_MONTHS_ONLY
27,4,2020Q3,34868.786466666665,595766.1461,0.055444167590676545,-2.8948087959949214,3,3,3,0,STATIC_ESTIMATION_MONTHS_ONLY
27,4,2020Q4,37065.30756666666,662113.7338333334,0.05335555638164804,-2.962613288694739,3,3,3,0,STATIC_ESTIMATION_MONTHS_ONLY
27,4,2021Q1,44920.90463333333,617125.7976,0.06774919944478118,-2.628526852577819,3,3,3,0,STATIC_ESTIMATION_MONTHS_ONLY
27,4,2021Q2,51882.70976666667,588474.8234666666,0.08123394017900508,-2.431853888103771,3,3,3,0,STATIC_ESTIMATION_MONTHS_ONLY
27,4,2021Q3,49835.048899999994,584125.0994333333,0.07885093076156428,-2.4681095735866685,3,3,3,0,STATIC_ESTIMATION_MONTHS_ONLY
27,4,2021Q4,67288.44766666666,596838.1626666667,0.10201702056492272,-2.184272513384023,3,3,3,0,STATIC_ESTIMATION_MONTHS_ONLY
27,4,2022Q1,61691.8362,630105.6862,0.08976943206977656,-2.323414406145357,3,3,3,0,STATIC_ESTIMATION_MONTHS_ONLY
27,4,2022Q2,80940.0494,651373.6484666667,0.11017345075024064,-2.092996565001029,3,3,3,0,STATIC_ESTIMATION_MONTHS_ONLY
27,4,2022Q3,51068.02453333334,679433.5547,0.07005185216051003,-2.5890129117152534,3,3,3,0,STATIC_ESTIMATION_MONTHS_ONLY
27,4,2022Q4,63795.8456,690272.6436999999,0.08459612940144765,-2.381481412759702,2,2,3,1,STATIC_ESTIMATION_MONTHS_ONLY
27,4,2023Q1,88251.42916666665,634472.6189666666,0.11987201483024301,-2.024081825137166,3,3,3,0,STATIC_ESTIMATION_MONTHS_ONLY
27,4,2023Q2,69631.4163,666882.0656666667,0.09455058680058293,-2.2738424852737324,3,3,3,0,STATIC_ESTIMATION_MONTHS_ONLY
27,4,2023Q3,61323.021433333335,692109.3211333333,0.08110252082855579,-2.4311408310342166,3,3,3,0,STATIC_ESTIMATION_MONTHS_ONLY
27,4,2023Q4,60026.498966666666,636313.1233,0.08780178092270315,-2.3523449789549638,3,3,3,0,STATIC_ESTIMATION_MONTHS_ONLY
27,4,2024Q1,47907.56343333333,616073.6601999999,0.0720242856875863,-2.5701819888592845,3,3,3,0,STATIC_ESTIMATION_MONTHS_ONLY
27,4,2024Q2,69490.89063333334,607560.303,0.10260764482862272,-2.1689037227453998,3,3,3,0,STATIC_ESTIMATION_MONTHS_ONLY
27,4,2024Q3,69333.44396666667,654698.3316,0.09584722486166775,-2.2684789619651027,3,3,3,0,STATIC_ESTIMATION_MONTHS_ONLY
27,4,2024Q4,57860.802533333335,707419.8368666667,0.07609970874516808,-2.5099769413781092,3,3,3,0,STATIC_ESTIMATION_MONTHS_ONLY
27,4,2025Q1,54571.431033333334,603839.1253666667,0.08328981655419386,-2.4044946928489637,3,3,3,0,STATIC_ESTIMATION_MONTHS_ONLY
27,4,2025Q2,76157.279,732180.9207666666,0.09416206967784661,-2.2682210083942222,3,3,3,0,STATIC_ESTIMATION_MONTHS_ONLY
27,4,2025Q3,58803.81403333333,681435.2412666667,0.07927245462203619,-2.4554427087264123,3,3,3,0,STATIC_ESTIMATION_MONTHS_ONLY
27,4,2025Q4,50348.29215,677789.99395,0.06886358203445676,-2.6321110785209463,2,2,3,0,STATIC_ESTIMATION_MONTHS_ONLY
27,4,2026Q1,44179.26066666667,680536.7128666667,0.060949475483806165,-2.7348648453910904,3,3,3,0,STATIC_ESTIMATION_MONTHS_ONLY
27,4,2026Q2,79174.67210000001,699757.7728666667,0.10160411908630985,-2.1807055509880025,3,3,3,0,STATIC_ESTIMATION_MONTHS_ONLY
27,4,2026Q3,84270.0058,628892.4878,0.11816382178851027,-2.0099343178841607,1,1,1,0,STATIC_ESTIMATION_MONTHS_ONLY
27,5,2017Q1,68096.9543981,750907.8504919034,0.08289493504892938,-2.409271183328005,3,3,3,0,STATIC_ESTIMATION_MONTHS_ONLY
27,5,2017Q2,73476.75523869334,750056.1813945001,0.08904384866082837,-2.3373874611464585,3,3,3,0,STATIC_ESTIMATION_MONTHS_ONLY
27,5,2017Q3,88306.27894151,726023.5700146767,0.10851414543265107,-2.1096473945315712,3,3,3,0,STATIC_ESTIMATION_MONTHS_ONLY
27,5,2017Q4,66428.58426399,732164.2256725234,0.08301754434851001,-2.4292132232323387,3,3,3,0,STATIC_ESTIMATION_MONTHS_ONLY
27,5,2018Q1,84621.64574798,703455.2679623835,0.1070788415797161,-2.133318200080955,3,3,3,0,STATIC_ESTIMATION_MONTHS_ONLY
27,5,2018Q2,67258.42931894334,756490.2284929868,0.08145542022910891,-2.4289704978266338,3,3,3,0,STATIC_ESTIMATION_MONTHS_ONLY
27,5,2018Q3,94905.00997363999,742830.6924922568,0.11342278187819815,-2.0620420732031923,3,3,3,0,STATIC_ESTIMATION_MONTHS_ONLY
27,5,2018Q4,57400.848883913335,692681.2943932434,0.07639296574151404,-2.5002550669291215,3,3,3,0,STATIC_ESTIMATION_MONTHS_ONLY
27,5,2019Q1,67015.96122000333,687283.93894761,0.088820653915818,-2.329160886071213,3,3,3,0,STATIC_ESTIMATION_MONTHS_ONLY
27,5,2019Q2,69315.26744606333,754683.7120105834,0.08433662239241498,-2.390259686283246,3,3,3,0,STATIC_ESTIMATION_MONTHS_ONLY
27,5,2019Q3,66810.62567045333,813269.4112254833,0.07594598349985217,-2.5069552025088435,3,3,3,0,STATIC_ESTIMATION_MONTHS_ONLY
27,5,2019Q4,63801.83190245333,735146.58368942,0.0799446486271409,-2.445405235673637,3,3,3,0,STATIC_ESTIMATION_MONTHS_ONLY
27,5,2020Q1,59018.55043333333,682332.5667666667,0.07967982714189599,-2.4495836930373405,3,3,3,0,STATIC_ESTIMATION_MONTHS_ONLY
27,5,2020Q2,71475.75156666666,664289.1514333333,0.09702864754679393,-2.230918859315831,3,3,3,0,STATIC_ESTIMATION_MONTHS_ONLY
27,5,2020Q3,67466.88316666667,670003.9345,0.0914633392688728,-2.31224799487581,3,3,3,0,STATIC_ESTIMATION_MONTHS_ONLY
27,5,2020Q4,71364.90043333334,716874.0917666666,0.08981899270823579,-2.334547910569888,3,3,3,0,STATIC_ESTIMATION_MONTHS_ONLY
27,5,2021Q1,46471.045333333335,708177.4263,0.061476269579952836,-2.730937762793045,3,3,3,0,STATIC_ESTIMATION_MONTHS_ONLY
27,5,2021Q2,52209.1991,667545.4328666666,0.07221082521044658,-2.579456977782811,3,3,3,0,STATIC_ESTIMATION_MONTHS_ONLY
27,5,2021Q3,32175.896033333334,618823.1084666667,0.04906427824442646,-2.971374341775558,3,3,3,0,STATIC_ESTIMATION_MONTHS_ONLY
27,5,2021Q4,51932.90736666667,752072.8084,0.06488440736887878,-2.682792308393047,3,3,3,0,STATIC_ESTIMATION_MONTHS_ONLY
27,5,2022Q1,56988.80243333333,634167.7831,0.0837230355525323,-2.4085709745668376,3,3,3,0,STATIC_ESTIMATION_MONTHS_ONLY
27,5,2022Q2,47079.53603333334,683863.7940666666,0.0651092910389779,-2.702248818140664,3,3,3,0,STATIC_ESTIMATION_MONTHS_ONLY
27,5,2022Q3,47262.59583333333,667828.5451000001,0.06644528012517766,-2.6633833285164124,3,3,3,0,STATIC_ESTIMATION_MONTHS_ONLY
27,5,2022Q4,41199.4274,749967.5771999999,0.0518019778580107,-2.939782791913964,2,2,3,1,STATIC_ESTIMATION_MONTHS_ONLY
27,5,2023Q1,78716.91666666667,660965.3751333333,0.10729926248833277,-2.1328579351151293,3,3,3,0,STATIC_ESTIMATION_MONTHS_ONLY
27,5,2023Q2,33773.14663333333,695463.9588333332,0.04752117848627164,-3.068542511714068,3,3,3,0,STATIC_ESTIMATION_MONTHS_ONLY
27,5,2023Q3,58442.5815,718385.2628,0.07556917624913816,-2.532683136456415,3,3,3,0,STATIC_ESTIMATION_MONTHS_ONLY
27,5,2023Q4,60857.23493333333,677963.6435666666,0.0817331770393196,-2.429368276465937,3,3,3,0,STATIC_ESTIMATION_MONTHS_ONLY
27,5,2024Q1,46171.59306666666,675732.8843,0.06393051676093774,-2.6851304419008186,3,3,3,0,STATIC_ESTIMATION_MONTHS_ONLY
27,5,2024Q2,50285.25136666667,707028.2254,0.06653494194103325,-2.6562601687450957,3,3,3,0,STATIC_ESTIMATION_MONTHS_ONLY
27,5,2024Q3,63492.425566666665,690914.5862666667,0.08435264065962823,-2.3861921976006033,3,3,3,0,STATIC_ESTIMATION_MONTHS_ONLY
27,5,2024Q4,55895.305733333335,588050.9390333333,0.085926126889674,-2.3701254923934076,3,3,3,0,STATIC_ESTIMATION_MONTHS_ONLY
27,5,2025Q1,44160.316166666664,667422.3808666667,0.06254520050511014,-2.7215904482420186,3,3,3,0,STATIC_ESTIMATION_MONTHS_ONLY
27,5,2025Q2,38590.3531,660581.2516333334,0.05509631316064615,-2.882142869876938,3,3,3,0,STATIC_ESTIMATION_MONTHS_ONLY
27,5,2025Q3,59157.61246666667,729851.0842,0.07453764350937067,-2.5407852863498483,3,3,3,0,STATIC_ESTIMATION_MONTHS_ONLY
27,5,2025Q4,60660.41975,667059.3422,0.08371445205033698,-2.416321816523425,2,2,3,0,STATIC_ESTIMATION_MONTHS_ONLY
27,5,2026Q1,25197.410233333332,684470.5725333333,0.03597213072316074,-3.3247688748417334,3,3,3,0,STATIC_ESTIMATION_MONTHS_ONLY
27,5,2026Q2,36014.15176666667,637629.8008333333,0.053477657981220485,-2.956299738540516,3,3,3,0,STATIC_ESTIMATION_MONTHS_ONLY
27,5,2026Q3,47952.5236,636105.3017,0.07010010239846313,-2.5851526885785487,1,1,1,0,STATIC_ESTIMATION_MONTHS_ONLY
29,1,2017Q1,38822.9689710894,184496.31475784513,0.1736731929845492,-1.5608933292102307,3,3,3,0,STATIC_ESTIMATION_MONTHS_ONLY
29,1,2017Q2,35418.39838682328,182536.12760877013,0.16257237776508227,-1.639382530219211,3,3,3,0,STATIC_ESTIMATION_MONTHS_ONLY
29,1,2017Q3,39901.57568227965,151437.28997216426,0.2083062369872635,-1.3373511542187941,3,3,3,0,STATIC_ESTIMATION_MONTHS_ONLY
29,1,2017Q4,40541.92843294455,184918.92387094218,0.1797210469674854,-1.519713834401827,3,3,3,0,STATIC_ESTIMATION_MONTHS_ONLY
29,1,2018Q1,40702.82043644568,199422.97931587385,0.16935634431765131,-1.5908763189820398,3,3,3,0,STATIC_ESTIMATION_MONTHS_ONLY
29,1,2018Q2,38324.1446237652,182864.50009715822,0.17292900670255726,-1.5690195711657118,3,3,3,0,STATIC_ESTIMATION_MONTHS_ONLY
29,1,2018Q3,38705.01635957446,175244.27449340108,0.18098029767763843,-1.5103240085667549,3,3,3,0,STATIC_ESTIMATION_MONTHS_ONLY
29,1,2018Q4,32427.790294037815,188274.393992155,0.14695898286832987,-1.7622176029168497,3,3,3,0,STATIC_ESTIMATION_MONTHS_ONLY
29,1,2019Q1,34238.848370372456,179486.6765361602,0.16154370125748133,-1.6542247920372297,3,3,3,0,STATIC_ESTIMATION_MONTHS_ONLY
29,1,2019Q2,42624.773723158345,163851.20107976787,0.20632557832407072,-1.3533308775706494,3,3,3,0,STATIC_ESTIMATION_MONTHS_ONLY
29,1,2019Q3,38560.75070973194,180812.74675623898,0.17663148595398462,-1.5486516056990975,3,3,3,0,STATIC_ESTIMATION_MONTHS_ONLY
29,1,2019Q4,32399.471310896246,189322.90238954546,0.1460967943435044,-1.765670192135812,3,3,3,0,STATIC_ESTIMATION_MONTHS_ONLY
29,1,2020Q1,28310.5399,216157.15133333334,0.11556316229802992,-2.035492018689097,3,3,3,0,STATIC_ESTIMATION_MONTHS_ONLY
29,1,2020Q2,20085.72723333333,179848.67043333335,0.10185044591041555,-2.339509151361637,3,3,3,0,STATIC_ESTIMATION_MONTHS_ONLY
29,1,2020Q3,55128.98136666667,217666.70846666666,0.20212883431509768,-1.374153289517851,3,3,3,0,STATIC_ESTIMATION_MONTHS_ONLY
29,1,2020Q4,23448.500900000003,209868.7996,0.1006332714212219,-2.1921132949938085,3,3,3,0,STATIC_ESTIMATION_MONTHS_ONLY
29,1,2021Q1,39388.606900000006,226032.2411666667,0.1474540674128645,-1.7572766045885446,3,3,3,0,STATIC_ESTIMATION_MONTHS_ONLY
29,1,2021Q2,31314.493399999996,214026.47019999998,0.1269909699681939,-1.9326404915868363,3,3,3,0,STATIC_ESTIMATION_MONTHS_ONLY
29,1,2021Q3,30346.554233333332,241867.7782666667,0.11084912330882711,-2.087416092988868,3,3,3,0,STATIC_ESTIMATION_MONTHS_ONLY
29,1,2021Q4,34814.464199999995,245464.21036666667,0.12415563398655523,-1.9976876081515214,3,3,3,0,STATIC_ESTIMATION_MONTHS_ONLY
29,1,2022Q1,31535.127933333333,219825.39386666668,0.12531655787546683,-1.9532668385246013,3,3,3,0,STATIC_ESTIMATION_MONTHS_ONLY
29,1,2022Q2,31448.34076666667,238993.04836666666,0.11626116819120831,-2.040034646778869,3,3,3,0,STATIC_ESTIMATION_MONTHS_ONLY
29,1,2022Q3,40072.77450000001,230947.48653333334,0.14690914293211,-1.7672716903994328,3,3,3,0,STATIC_ESTIMATION_MONTHS_ONLY
29,1,2022Q4,26750.975250000003,254529.28675,0.0944608932097817,-2.26477078411201,2,2,3,1,STATIC_ESTIMATION_MONTHS_ONLY
29,1,2023Q1,75706.66113333334,271129.8460666667,0.2149005524378208,-1.3186470877767575,3,3,3,0,STATIC_ESTIMATION_MONTHS_ONLY
29,1,2023Q2,63472.88513333333,258177.43356666667,0.19677126328797176,-1.4190481248795814,3,3,3,0,STATIC_ESTIMATION_MONTHS_ONLY
29,1,2023Q3,41368.6558,238796.04093333334,0.14752838329773868,-1.7830032444096162,3,3,3,0,STATIC_ESTIMATION_MONTHS_ONLY
29,1,2023Q4,31460.406433333334,258161.13906666668,0.10833440940065471,-2.1087892983377032,3,3,3,0,STATIC_ESTIMATION_MONTHS_ONLY
29,1,2024Q1,54502.93056666667,309857.8044333333,0.14981491279329504,-1.7400751715442355,3,3,3,0,STATIC_ESTIMATION_MONTHS_ONLY
29,1,2024Q2,52255.44303333334,271872.2408333333,0.1600647533217424,-1.6700615359151083,3,3,3,0,STATIC_ESTIMATION_MONTHS_ONLY
29,1,2024Q3,40228.118166666674,234485.8798,0.14437612816004022,-1.8843196184063629,3,3,3,0,STATIC_ESTIMATION_MONTHS_ONLY
29,1,2024Q4,51227.191433333326,276802.8322333333,0.15725435807036792,-1.7061267180861497,3,3,3,0,STATIC_ESTIMATION_MONTHS_ONLY
29,1,2025Q1,49621.40263333334,307289.66996666667,0.13792218211473042,-1.8462417451658533,3,3,3,0,STATIC_ESTIMATION_MONTHS_ONLY
29,1,2025Q2,52367.00163333333,274698.1261,0.15822875575929543,-1.6865050799661907,3,3,3,0,STATIC_ESTIMATION_MONTHS_ONLY
29,1,2025Q3,50608.22346666667,269045.5572,0.157811660425474,-1.692783306626791,3,3,3,0,STATIC_ESTIMATION_MONTHS_ONLY
29,1,2025Q4,37302.34035,333327.91475,0.10064026350803139,-2.1901946099760745,2,2,3,0,STATIC_ESTIMATION_MONTHS_ONLY
29,1,2026Q1,36235.15243333333,311813.84353333333,0.10425371581472369,-2.1531572824536322,3,3,3,0,STATIC_ESTIMATION_MONTHS_ONLY
29,1,2026Q2,42122.55696666666,311177.79086666665,0.11583513820143837,-2.083819169430588,3,3,3,0,STATIC_ESTIMATION_MONTHS_ONLY
29,1,2026Q3,83835.1351,300260.3491,0.21826639090697228,-1.2757977357552617,1,1,1,0,STATIC_ESTIMATION_MONTHS_ONLY
29,2,2017Q1,191363.19500360262,2082293.822342388,0.08419329494721466,-2.387776418026028,3,3,3,0,STATIC_ESTIMATION_MONTHS_ONLY
29,2,2017Q2,175741.91556380215,2034079.1644788675,0.07956293453815207,-2.4487853314979504,3,3,3,0,STATIC_ESTIMATION_MONTHS_ONLY
29,2,2017Q3,205298.0886056632,1967421.6069948396,0.09453197424599251,-2.2629236096308687,3,3,3,0,STATIC_ESTIMATION_MONTHS_ONLY
29,2,2017Q4,191300.28135434384,1948199.2770059581,0.08941017706037713,-2.321089852795838,3,3,3,0,STATIC_ESTIMATION_MONTHS_ONLY
29,2,2018Q1,160163.689628105,1995292.616605119,0.07444647548027704,-2.5229620097550374,3,3,3,0,STATIC_ESTIMATION_MONTHS_ONLY
29,2,2018Q2,177787.82163480014,2139342.8528944985,0.07665765271239607,-2.493642054717697,3,3,3,0,STATIC_ESTIMATION_MONTHS_ONLY
29,2,2018Q3,218129.66589178806,2067803.5431640444,0.09523601692301598,-2.253284801961034,3,3,3,0,STATIC_ESTIMATION_MONTHS_ONLY
29,2,2018Q4,198381.80646823722,2095453.1509786686,0.08628712219381378,-2.3746791768311293,3,3,3,0,STATIC_ESTIMATION_MONTHS_ONLY
29,2,2019Q1,151557.77285590567,2134754.7494241777,0.06637440785366205,-2.6456193264795917,3,3,3,0,STATIC_ESTIMATION_MONTHS_ONLY
29,2,2019Q2,161431.02659985513,2141364.9130964805,0.07008440670687276,-2.5857340840604213,3,3,3,0,STATIC_ESTIMATION_MONTHS_ONLY
29,2,2019Q3,160740.94973761428,2213700.2755126865,0.06762137198685245,-2.6243340006209834,3,3,3,0,STATIC_ESTIMATION_MONTHS_ONLY
29,2,2019Q4,187577.6178881279,2275011.3593448405,0.07616454335842276,-2.4958009565241634,3,3,3,0,STATIC_ESTIMATION_MONTHS_ONLY
29,2,2020Q1,188408.73706666668,2306196.065533333,0.07543142693000775,-2.508008234983609,3,3,3,0,STATIC_ESTIMATION_MONTHS_ONLY
29,2,2020Q2,184874.81590000002,1962028.7237999998,0.08616509553276341,-2.362151015373932,3,3,3,0,STATIC_ESTIMATION_MONTHS_ONLY
29,2,2020Q3,164400.94813333332,2048771.4452333332,0.07426603384449591,-2.5261329882876677,3,3,3,0,STATIC_ESTIMATION_MONTHS_ONLY
29,2,2020Q4,173175.62456666667,2074360.8608666665,0.07716137428188248,-2.484580820250891,3,3,3,0,STATIC_ESTIMATION_MONTHS_ONLY
29,2,2021Q1,185148.0664,2231627.2548666666,0.0765307168420678,-2.5071782847431234,3,3,3,0,STATIC_ESTIMATION_MONTHS_ONLY
29,2,2021Q2,170128.8143666667,2189066.1569666667,0.07198505979453375,-2.564476071599881,3,3,3,0,STATIC_ESTIMATION_MONTHS_ONLY
29,2,2021Q3,201117.06243333334,2055032.2865333334,0.08940570122809643,-2.334619866543569,3,3,3,0,STATIC_ESTIMATION_MONTHS_ONLY
29,2,2021Q4,205363.1258,2077519.2691,0.09000232891798067,-2.3142502840539962,3,3,3,0,STATIC_ESTIMATION_MONTHS_ONLY
29,2,2022Q1,263434.594,2197310.4740333334,0.10693460888472704,-2.127952691298187,3,3,3,0,STATIC_ESTIMATION_MONTHS_ONLY
29,2,2022Q2,262418.8774333333,2127454.786,0.10978919647576163,-2.0929606952193716,3,3,3,0,STATIC_ESTIMATION_MONTHS_ONLY
29,2,2022Q3,187836.28266666667,2078468.6553666666,0.08276394013106983,-2.4100995281754223,3,3,3,0,STATIC_ESTIMATION_MONTHS_ONLY
29,2,2022Q4,201406.60700000002,2135287.5299,0.08619380211292411,-2.362357087530762,2,2,3,1,STATIC_ESTIMATION_MONTHS_ONLY
29,2,2023Q1,199030.45246666667,2199291.3166,0.08328192386813353,-2.402291977189216,3,3,3,0,STATIC_ESTIMATION_MONTHS_ONLY
29,2,2023Q2,215956.4224,2084539.9739333333,0.0939081914373055,-2.2689604271299575,3,3,3,0,STATIC_ESTIMATION_MONTHS_ONLY
29,2,2023Q3,221847.26276666668,2126104.983266667,0.09451516334866399,-2.2652262241557755,3,3,3,0,STATIC_ESTIMATION_MONTHS_ONLY
29,2,2023Q4,248802.144,2264264.2673,0.09898357522890068,-2.2115964536678168,3,3,3,0,STATIC_ESTIMATION_MONTHS_ONLY
29,2,2024Q1,206981.23296666666,2326045.5931333336,0.08166578520681352,-2.42106284651848,3,3,3,0,STATIC_ESTIMATION_MONTHS_ONLY
29,2,2024Q2,201515.33633333337,2326790.1095666667,0.0797050395191941,-2.4501677823752677,3,3,3,0,STATIC_ESTIMATION_MONTHS_ONLY
29,2,2024Q3,218120.44033333333,2144000.073566667,0.09238251689039016,-2.287826662783376,3,3,3,0,STATIC_ESTIMATION_MONTHS_ONLY
29,2,2024Q4,208407.74066666668,2117997.9350666665,0.08954360822476526,-2.319715163342631,3,3,3,0,STATIC_ESTIMATION_MONTHS_ONLY
29,2,2025Q1,209333.8705,2154376.7550666668,0.08851471583121549,-2.3323792812432083,3,3,3,0,STATIC_ESTIMATION_MONTHS_ONLY
29,2,2025Q2,193261.09936666666,2208124.710066667,0.08058830096703946,-2.4378355876916995,3,3,3,0,STATIC_ESTIMATION_MONTHS_ONLY
29,2,2025Q3,239102.31276666667,2074974.1750666667,0.10321101447228276,-2.1645461072529253,3,3,3,0,STATIC_ESTIMATION_MONTHS_ONLY
29,2,2025Q4,215694.9032,2127927.42115,0.09272913593243143,-2.301922394424982,2,2,3,0,STATIC_ESTIMATION_MONTHS_ONLY
29,2,2026Q1,211720.31426666668,2360529.9624,0.08219054249871252,-2.418830522132032,3,3,3,0,STATIC_ESTIMATION_MONTHS_ONLY
29,2,2026Q2,192411.14326666668,2273613.553133333,0.07772703132795704,-2.482888513589669,3,3,3,0,STATIC_ESTIMATION_MONTHS_ONLY
29,2,2026Q3,213171.0414,2273658.821,0.08571999420751365,-2.3670507735776183,1,1,1,0,STATIC_ESTIMATION_MONTHS_ONLY
29,3,2017Q1,307644.3178639004,3914635.9789177664,0.07284401599030718,-2.544161730921637,3,3,3,0,STATIC_ESTIMATION_MONTHS_ONLY
29,3,2017Q2,318428.07698585,4063488.7670061686,0.07266983238508705,-2.546384195565029,3,3,3,0,STATIC_ESTIMATION_MONTHS_ONLY
29,3,2017Q3,356914.9129931107,3989341.2571899802,0.08208516108852548,-2.417160029686549,3,3,3,0,STATIC_ESTIMATION_MONTHS_ONLY
29,3,2017Q4,340835.17988777155,4083207.48392161,0.0770807405571629,-2.4841753518921297,3,3,3,0,STATIC_ESTIMATION_MONTHS_ONLY
29,3,2018Q1,340742.65083667747,4036964.8602803517,0.0779467678266977,-2.4720581907898134,3,3,3,0,STATIC_ESTIMATION_MONTHS_ONLY
29,3,2018Q2,385939.54979013704,4016199.7840933646,0.08796673036346574,-2.3440954984965194,3,3,3,0,STATIC_ESTIMATION_MONTHS_ONLY
29,3,2018Q3,343700.0607792125,4297486.083440333,0.07394884992743454,-2.529427036198709,3,3,3,0,STATIC_ESTIMATION_MONTHS_ONLY
29,3,2018Q4,300297.34486197465,4192945.0581195806,0.06681009376047113,-2.6370186844939965,3,3,3,0,STATIC_ESTIMATION_MONTHS_ONLY
29,3,2019Q1,318950.1102112205,4204196.1945332615,0.07051056521063524,-2.57899252425738,3,3,3,0,STATIC_ESTIMATION_MONTHS_ONLY
29,3,2019Q2,335915.61480111274,4112888.993153367,0.07550941036422201,-2.506750216173661,3,3,3,0,STATIC_ESTIMATION_MONTHS_ONLY
29,3,2019Q3,377919.430929977,4147004.1685765088,0.08339168086810184,-2.402037508062738,3,3,3,0,STATIC_ESTIMATION_MONTHS_ONLY
29,3,2019Q4,350087.6359665755,4307507.843983654,0.07522631045416212,-2.5126490273864945,3,3,3,0,STATIC_ESTIMATION_MONTHS_ONLY
29,3,2020Q1,312068.2197333333,4304658.5696,0.06752289020618553,-2.6286363905846137,3,3,3,0,STATIC_ESTIMATION_MONTHS_ONLY
29,3,2020Q2,333849.9846,4195154.211399999,0.07368067178501397,-2.5319963093981226,3,3,3,0,STATIC_ESTIMATION_MONTHS_ONLY
29,3,2020Q3,360626.88629999995,4291508.518633333,0.07753329191215359,-2.4775702401351203,3,3,3,0,STATIC_ESTIMATION_MONTHS_ONLY
29,3,2020Q4,309727.43826666666,4161940.134533334,0.06920640214973055,-2.5996327724016837,3,3,3,0,STATIC_ESTIMATION_MONTHS_ONLY
29,3,2021Q1,328063.44796666666,4163802.6634333334,0.07305635367698923,-2.5413194802012318,3,3,3,0,STATIC_ESTIMATION_MONTHS_ONLY
29,3,2021Q2,300796.46893333335,4012371.8325333335,0.06979209323126724,-2.5914649862942354,3,3,3,0,STATIC_ESTIMATION_MONTHS_ONLY
29,3,2021Q3,335149.1997666667,4270692.658333333,0.07276548386200898,-2.545007934626742,3,3,3,0,STATIC_ESTIMATION_MONTHS_ONLY
29,3,2021Q4,330006.7991,4133748.069533333,0.07397109027554671,-2.5279337088322467,3,3,3,0,STATIC_ESTIMATION_MONTHS_ONLY
29,3,2022Q1,407504.3359666667,4230291.861900001,0.08781221162355245,-2.341480128361616,3,3,3,0,STATIC_ESTIMATION_MONTHS_ONLY
29,3,2022Q2,360280.2816333333,4312451.465166667,0.07709768330753318,-2.4825899185144746,3,3,3,0,STATIC_ESTIMATION_MONTHS_ONLY
29,3,2022Q3,318658.8365,4263579.169533334,0.06951568911189111,-2.59593760562152,3,3,3,0,STATIC_ESTIMATION_MONTHS_ONLY
29,3,2022Q4,309527.48635,4204239.34805,0.06857903446094998,-2.60873334685288,2,2,3,1,STATIC_ESTIMATION_MONTHS_ONLY
29,3,2023Q1,450757.2627,4307597.363566667,0.09467774776739331,-2.258414498259642,3,3,3,0,STATIC_ESTIMATION_MONTHS_ONLY
29,3,2023Q2,401631.91229999997,4310008.722466666,0.08523223521769631,-2.3736632527961383,3,3,3,0,STATIC_ESTIMATION_MONTHS_ONLY
29,3,2023Q3,362831.53996666666,4376600.0216,0.07660942796270674,-2.491461547236606,3,3,3,0,STATIC_ESTIMATION_MONTHS_ONLY
29,3,2023Q4,370403.5602333333,4521595.166433333,0.07562101578285345,-2.504286196501391,3,3,3,0,STATIC_ESTIMATION_MONTHS_ONLY
29,3,2024Q1,413374.5028666666,4708921.720433333,0.08067515477112751,-2.4366364979285136,3,3,3,0,STATIC_ESTIMATION_MONTHS_ONLY
29,3,2024Q2,399545.0732666666,4725743.186566667,0.07797312205034672,-2.473330864492212,3,3,3,0,STATIC_ESTIMATION_MONTHS_ONLY
29,3,2024Q3,400647.39700000006,4624756.564866667,0.07969094461450314,-2.447370086843344,3,3,3,0,STATIC_ESTIMATION_MONTHS_ONLY
29,3,2024Q4,291507.7960333333,4452749.505333333,0.0614300296311537,-2.7297437629719496,3,3,3,0,STATIC_ESTIMATION_MONTHS_ONLY
29,3,2025Q1,370968.9847,4568996.883333334,0.07494929391859353,-2.5145092128810593,3,3,3,0,STATIC_ESTIMATION_MONTHS_ONLY
29,3,2025Q2,427131.07279999997,4610003.689733334,0.08477676082048304,-2.382972852945417,3,3,3,0,STATIC_ESTIMATION_MONTHS_ONLY
29,3,2025Q3,388107.6924666667,4513238.193633334,0.07910439409772006,-2.4567011705975355,3,3,3,0,STATIC_ESTIMATION_MONTHS_ONLY
29,3,2025Q4,423828.3537,4511709.5032,0.08589143972418178,-2.365179872549863,2,2,3,0,STATIC_ESTIMATION_MONTHS_ONLY
29,3,2026Q1,428907.99783333327,4433828.955633334,0.08820462785778015,-2.338584344016463,3,3,3,0,STATIC_ESTIMATION_MONTHS_ONLY
29,3,2026Q2,366449.99450000003,4357285.344133333,0.07769652699926648,-2.4865309816271366,3,3,3,0,STATIC_ESTIMATION_MONTHS_ONLY
29,3,2026Q3,515626.6372,4378467.8796999995,0.1053569021643265,-2.1390712107615832,1,1,1,0,STATIC_ESTIMATION_MONTHS_ONLY
29,4,2017Q1,1847.55845526,204145.43844169998,0.008631485717774594,-6.465697343469489,3,3,3,0,STATIC_ESTIMATION_MONTHS_ONLY
29,4,2017Q2,327.4273308466667,206976.24922224667,0.0016448870682524682,-6.598850795530635,3,3,3,0,STATIC_ESTIMATION_MONTHS_ONLY
29,4,2017Q3,1914.8962691133331,191697.00641424,0.00871921750153029,-5.259316152647058,3,3,3,0,STATIC_ESTIMATION_MONTHS_ONLY
29,4,2017Q4,6115.575103853334,214938.98955551334,0.027923234336983214,-4.314893794838192,3,3,3,0,STATIC_ESTIMATION_MONTHS_ONLY
29,4,2018Q1,2337.0359103933333,206652.56393151334,0.0122221087743659,-5.260082970783848,3,3,3,0,STATIC_ESTIMATION_MONTHS_ONLY
29,4,2018Q2,4775.36175638,205887.3377982533,0.023877135301992643,-4.055746552156541,3,3,3,0,STATIC_ESTIMATION_MONTHS_ONLY
29,4,2018Q3,1531.59951642,256687.77886264,0.007414857450334443,-6.000911726579016,3,3,3,0,STATIC_ESTIMATION_MONTHS_ONLY
29,4,2018Q4,188.19568424,294095.77067242,0.0006405543659390926,-7.367012763933542,3,3,3,0,STATIC_ESTIMATION_MONTHS_ONLY
29,4,2019Q1,1596.9651244933332,231311.60624043332,0.006983166174601429,-5.301688286343629,3,3,3,0,STATIC_ESTIMATION_MONTHS_ONLY
29,4,2019Q2,2012.904268686667,247513.2119214267,0.008104891055495,-4.81217427469011,3,3,3,0,STATIC_ESTIMATION_MONTHS_ONLY
29,4,2019Q3,97.50119882,270583.57242733333,0.0003583234651929203,-8.494668006110192,3,3,3,0,STATIC_ESTIMATION_MONTHS_ONLY
29,4,2019Q4,1667.6982571666667,283992.89698972664,0.0059564272410768575,-6.349995992172405,3,3,3,0,STATIC_ESTIMATION_MONTHS_ONLY
29,4,2020Q1,2548.9714666666664,212245.16676666666,0.012173430959910093,-3.9848968667845246,3,2,3,0,STATIC_ESTIMATION_MONTHS_ONLY
29,4,2020Q2,1195.1604666666667,218771.3099,0.005642849318808183,-4.061680380262024,3,1,3,0,STATIC_ESTIMATION_MONTHS_ONLY
29,4,2020Q3,0.0,249448.1568,0.0,,3,0,3,0,STATIC_ESTIMATION_MONTHS_ONLY
29,4,2020Q4,0.0,228432.52183333333,0.0,,3,0,3,0,STATIC_ESTIMATION_MONTHS_ONLY
29,4,2021Q1,0.0,237959.16649999996,0.0,,3,0,3,0,STATIC_ESTIMATION_MONTHS_ONLY
29,4,2021Q2,156.71473333333333,256775.054,0.0005743262316193514,-6.361976221926284,3,1,3,0,STATIC_ESTIMATION_MONTHS_ONLY
29,4,2021Q3,3339.2340000000004,272744.2564,0.012202026671368054,-3.983002937124473,3,2,3,0,STATIC_ESTIMATION_MONTHS_ONLY
29,4,2021Q4,3115.449133333333,237445.8474666667,0.012256095517641208,-3.9833524452959077,3,2,3,0,STATIC_ESTIMATION_MONTHS_ONLY
29,4,2022Q1,0.0,231094.3223,0.0,,3,0,3,0,STATIC_ESTIMATION_MONTHS_ONLY
29,4,2022Q2,0.0,284883.07923333335,0.0,,3,0,3,0,STATIC_ESTIMATION_MONTHS_ONLY
29,4,2022Q3,1870.4756666666665,302568.56193333335,0.006136715869069335,-5.089982031765207,3,3,3,0,STATIC_ESTIMATION_MONTHS_ONLY
29,4,2022Q4,0.0,278088.74860000005,0.0,,2,0,3,1,STATIC_ESTIMATION_MONTHS_ONLY
29,4,2023Q1,0.0,281623.2905333333,0.0,,3,0,3,0,STATIC_ESTIMATION_MONTHS_ONLY
29,4,2023Q2,0.0,287515.2855666667,0.0,,3,0,3,0,STATIC_ESTIMATION_MONTHS_ONLY
29,4,2023Q3,0.0,283539.1014333333,0.0,,3,0,3,0,STATIC_ESTIMATION_MONTHS_ONLY
29,4,2023Q4,0.0,278151.06216666667,0.0,,3,0,3,0,STATIC_ESTIMATION_MONTHS_ONLY
29,4,2024Q1,4007.4412333333335,322763.9287333333,0.012372171300507329,-4.388332707072443,3,3,3,0,STATIC_ESTIMATION_MONTHS_ONLY
29,4,2024Q2,7506.284633333334,270448.652,0.02737414945240672,-3.635564984138561,3,3,3,0,STATIC_ESTIMATION_MONTHS_ONLY
29,4,2024Q3,5351.845733333333,275568.25053333334,0.01937872953658894,-4.017288642553488,3,3,3,0,STATIC_ESTIMATION_MONTHS_ONLY
29,4,2024Q4,3077.7566,340989.7626,0.009220297274906721,-4.79991665631844,3,3,3,0,STATIC_ESTIMATION_MONTHS_ONLY
29,4,2025Q1,0.0,358899.84410000005,0.0,,3,0,3,0,STATIC_ESTIMATION_MONTHS_ONLY
29,4,2025Q2,0.0,295139.91483333334,0.0,,3,0,3,0,STATIC_ESTIMATION_MONTHS_ONLY
29,4,2025Q3,0.0,309017.1347,0.0,,3,0,3,0,STATIC_ESTIMATION_MONTHS_ONLY
29,4,2025Q4,0.0,425865.79725,0.0,,2,0,3,0,STATIC_ESTIMATION_MONTHS_ONLY
29,4,2026Q1,0.0,337449.8178,0.0,,3,0,3,0,STATIC_ESTIMATION_MONTHS_ONLY
29,4,2026Q2,0.0,325564.0642666667,0.0,,3,0,3,0,STATIC_ESTIMATION_MONTHS_ONLY
29,4,2026Q3,0.0,308360.9338,0.0,,1,0,1,0,STATIC_ESTIMATION_MONTHS_ONLY
29,5,2017Q1,14545.61255193333,245976.241603,0.055965974673306884,-2.885785317278478,3,3,3,0,STATIC_ESTIMATION_MONTHS_ONLY
29,5,2017Q2,16025.9792598,263771.3670412667,0.05670565529884716,-2.8395910480925237,3,3,3,0,STATIC_ESTIMATION_MONTHS_ONLY
29,5,2017Q3,13926.875691933334,231603.08842166667,0.05848224074974909,-2.817025064400569,3,3,3,0,STATIC_ESTIMATION_MONTHS_ONLY
29,5,2017Q4,11772.466068200001,221236.10308773335,0.0508745593582339,-2.9402648568168046,3,3,3,0,STATIC_ESTIMATION_MONTHS_ONLY
29,5,2018Q1,11290.297398399998,224370.3735972,0.047920023107831305,-2.993852082039679,3,3,3,0,STATIC_ESTIMATION_MONTHS_ONLY
29,5,2018Q2,3351.1481366666667,261205.20941393333,0.012793543349649779,-3.9891801502274395,3,2,3,0,STATIC_ESTIMATION_MONTHS_ONLY
29,5,2018Q3,1865.543866,255131.69868826665,0.007240040835316756,-5.122818078421534,3,3,3,0,STATIC_ESTIMATION_MONTHS_ONLY
29,5,2018Q4,2848.3936768,228435.54106966665,0.012326026749495636,-4.39300882221948,3,3,3,0,STATIC_ESTIMATION_MONTHS_ONLY
29,5,2019Q1,12773.066123866665,239199.754651,0.05102576254528518,-2.9767334329164172,3,3,3,0,STATIC_ESTIMATION_MONTHS_ONLY
29,5,2019Q2,13521.139709133333,272254.76619206666,0.047580083944814666,-3.0883717697447257,3,3,3,0,STATIC_ESTIMATION_MONTHS_ONLY
29,5,2019Q3,11110.18926933333,269777.2916366667,0.03935992868584528,-3.210502073376753,3,3,3,0,STATIC_ESTIMATION_MONTHS_ONLY
29,5,2019Q4,12225.959615399997,275249.3373404667,0.04322819066775604,-3.2212467771639255,3,3,3,0,STATIC_ESTIMATION_MONTHS_ONLY
29,5,2020Q1,17073.256433333332,248383.31720000002,0.06472360868969403,-2.676106221544503,3,3,3,0,STATIC_ESTIMATION_MONTHS_ONLY
29,5,2020Q2,8921.202200000002,230266.27136666665,0.037333079287398256,-3.408845588985082,3,3,3,0,STATIC_ESTIMATION_MONTHS_ONLY
29,5,2020Q3,10044.483066666666,267178.4412333333,0.03759963200164726,-3.338628772307681,3,3,3,0,STATIC_ESTIMATION_MONTHS_ONLY
29,5,2020Q4,14731.747499999998,277813.45653333334,0.05037701674765771,-2.9535581795739905,3,3,3,0,STATIC_ESTIMATION_MONTHS_ONLY
29,5,2021Q1,8198.956433333333,270115.5095,0.029198557859417006,-3.522441291474658,3,3,3,0,STATIC_ESTIMATION_MONTHS_ONLY
29,5,2021Q2,23210.820866666665,287651.1915,0.07428537707477627,-2.5417604131581757,3,3,3,0,STATIC_ESTIMATION_MONTHS_ONLY
29,5,2021Q3,12092.164166666667,254255.70333333337,0.045433549163381805,-3.0623911205673213,3,3,3,0,STATIC_ESTIMATION_MONTHS_ONLY
29,5,2021Q4,15392.670866666667,323093.02903333335,0.04607833452656147,-3.1703931388435502,3,3,3,0,STATIC_ESTIMATION_MONTHS_ONLY
29,5,2022Q1,18269.619433333333,328507.9388333333,0.05179537741794613,-2.9433519792866023,3,3,3,0,STATIC_ESTIMATION_MONTHS_ONLY
29,5,2022Q2,14158.109400000001,320912.6603333333,0.04174415516439007,-3.166038372965803,3,3,3,0,STATIC_ESTIMATION_MONTHS_ONLY
29,5,2022Q3,12752.609233333334,239997.99893333335,0.050704007771769304,-2.9598266434939577,3,3,3,0,STATIC_ESTIMATION_MONTHS_ONLY
29,5,2022Q4,11089.14735,251099.26189999998,0.04198443437911281,-3.1389846286170417,2,2,3,1,STATIC_ESTIMATION_MONTHS_ONLY
29,5,2023Q1,9248.000533333334,320576.3222,0.027781165053610266,-3.632729303112843,3,3,3,0,STATIC_ESTIMATION_MONTHS_ONLY
29,5,2023Q2,9971.5904,316129.6715,0.03083784369533037,-3.541485493510404,3,3,3,0,STATIC_ESTIMATION_MONTHS_ONLY
29,5,2023Q3,12270.403433333333,265281.44746666664,0.043472992385647606,-3.1840916493516525,3,3,3,0,STATIC_ESTIMATION_MONTHS_ONLY
29,5,2023Q4,16346.1941,277789.56323333335,0.05525888883753078,-2.8428520390130547,3,3,3,0,STATIC_ESTIMATION_MONTHS_ONLY
29,5,2024Q1,13088.9772,331999.3020666667,0.03836319247437856,-3.3240890580005353,3,3,3,0,STATIC_ESTIMATION_MONTHS_ONLY
29,5,2024Q2,7449.2693,333591.7060333333,0.021779488274299836,-3.892831501377518,3,3,3,0,STATIC_ESTIMATION_MONTHS_ONLY
29,5,2024Q3,10989.238866666667,314817.5211333333,0.03338295894411541,-3.400840737507385,3,3,3,0,STATIC_ESTIMATION_MONTHS_ONLY
29,5,2024Q4,19323.718333333334,359695.02736666665,0.05134318404253066,-2.941701686783349,3,3,3,0,STATIC_ESTIMATION_MONTHS_ONLY
29,5,2025Q1,27223.694700000004,307737.42473333335,0.08394251304479415,-2.451108931862272,3,3,3,0,STATIC_ESTIMATION_MONTHS_ONLY
29,5,2025Q2,9061.859666666665,229703.3609,0.0381787936949293,-3.3179867903796834,3,3,3,0,STATIC_ESTIMATION_MONTHS_ONLY
29,5,2025Q3,6057.315966666666,257556.16703333333,0.02217485368131863,-3.853914646639685,3,3,3,0,STATIC_ESTIMATION_MONTHS_ONLY
29,5,2025Q4,0.0,264367.8338,0.0,,2,0,3,0,STATIC_ESTIMATION_MONTHS_ONLY
29,5,2026Q1,5596.743166666667,272124.9079,0.019737495420122833,-3.4899809983435977,3,2,3,0,STATIC_ESTIMATION_MONTHS_ONLY
29,5,2026Q2,16943.301466666668,229848.31013333332,0.0671859017701476,-2.6444754030744138,3,3,3,0,STATIC_ESTIMATION_MONTHS_ONLY
29,5,2026Q3,39185.3156,193704.66629999998,0.1682567677678196,-1.598032585893949,1,1,1,0,STATIC_ESTIMATION_MONTHS_ONLY
31,1,2017Q1,233570.9693333333,1621101.7957,0.1259243252334792,-1.9387476271960715,3,3,3,0,STATIC_ESTIMATION_MONTHS_ONLY
31,1,2017Q2,228906.25389999998,1587406.5417666666,0.12577107234393234,-1.9411926058308995,3,3,3,0,STATIC_ESTIMATION_MONTHS_ONLY
31,1,2017Q3,212840.46526666664,1640467.6442666666,0.1148438765572599,-2.0424732698939922,3,3,3,0,STATIC_ESTIMATION_MONTHS_ONLY
31,1,2017Q4,267194.68956666667,1636294.8798,0.1399215682515309,-1.8198009563964959,3,3,3,0,STATIC_ESTIMATION_MONTHS_ONLY
31,1,2018Q1,209804.7894,1744410.8265666666,0.10749639508000634,-2.118855044414578,3,3,3,0,STATIC_ESTIMATION_MONTHS_ONLY
31,1,2018Q2,212164.63509999998,1753145.8541333333,0.10789832872535109,-2.117061161946357,3,3,3,0,STATIC_ESTIMATION_MONTHS_ONLY
31,1,2018Q3,222203.12616666665,1701532.3650666669,0.11549265620622269,-2.036100628745475,3,3,3,0,STATIC_ESTIMATION_MONTHS_ONLY
31,1,2018Q4,227171.8905,1685520.0058000002,0.11873039023713661,-2.006412206043601,3,3,3,0,STATIC_ESTIMATION_MONTHS_ONLY
31,1,2019Q1,213550.0747,1700422.6057,0.11153552977306763,-2.0759611661040136,3,3,3,0,STATIC_ESTIMATION_MONTHS_ONLY
31,1,2019Q2,213796.43596666667,1722665.1213999998,0.1105689060901137,-2.086834853025596,3,3,3,0,STATIC_ESTIMATION_MONTHS_ONLY
31,1,2019Q3,223769.45253333333,1855783.0001,0.10757116894395134,-2.1164521277827393,3,3,3,0,STATIC_ESTIMATION_MONTHS_ONLY
31,1,2019Q4,238633.73369999998,1780409.8280666666,0.11818940294098347,-2.009716030521423,3,3,3,0,STATIC_ESTIMATION_MONTHS_ONLY
31,1,2020Q1,217239.5205666667,1728560.0747999998,0.11165308157625266,-2.074584217193754,3,3,3,0,STATIC_ESTIMATION_MONTHS_ONLY
31,1,2020Q2,212131.30393333334,1628864.8369333334,0.11551547205324993,-2.0484246813761096,3,3,3,0,STATIC_ESTIMATION_MONTHS_ONLY
31,1,2020Q3,195496.75980000003,1497164.5096666666,0.11512254643752028,-2.041149256203633,3,3,3,0,STATIC_ESTIMATION_MONTHS_ONLY
31,1,2020Q4,222000.38083333333,1705892.1546666666,0.11526103935513743,-2.038965184439568,3,3,3,0,STATIC_ESTIMATION_MONTHS_ONLY
31,1,2021Q1,198789.0389,1518779.8596,0.11577314619438135,-2.038738871314665,3,3,3,0,STATIC_ESTIMATION_MONTHS_ONLY
31,1,2021Q2,196210.46876666663,1552332.9980666665,0.11230713933554075,-2.068939670392249,3,3,3,0,STATIC_ESTIMATION_MONTHS_ONLY
31,1,2021Q3,202909.73866666667,1498869.0412,0.11918283436393334,-2.002398876775839,3,3,3,0,STATIC_ESTIMATION_MONTHS_ONLY
31,1,2021Q4,207517.56379999997,1668878.6265333332,0.11070246623097063,-2.0888715625027974,3,3,3,0,STATIC_ESTIMATION_MONTHS_ONLY
31,1,2022Q1,168324.87096666667,1609351.4449333332,0.09468166900880252,-2.2577949366502708,3,3,3,0,STATIC_ESTIMATION_MONTHS_ONLY
31,1,2022Q2,165859.5151,1611811.9482666664,0.09334628025930643,-2.2776594574427285,3,3,3,0,STATIC_ESTIMATION_MONTHS_ONLY
31,1,2022Q3,169447.35246666666,1611042.1303666665,0.09513227289148907,-2.25441046692267,3,3,3,0,STATIC_ESTIMATION_MONTHS_ONLY
31,1,2022Q4,205173.9144,1633195.2512,0.11162921900503325,-2.0770429547109455,2,2,3,1,STATIC_ESTIMATION_MONTHS_ONLY
31,1,2023Q1,233775.2846,1613701.8870666667,0.1264217326849502,-1.9333377071174935,3,3,3,0,STATIC_ESTIMATION_MONTHS_ONLY
31,1,2023Q2,193813.80993333334,1527888.3033666667,0.11268072981097076,-2.0646961983438046,3,3,3,0,STATIC_ESTIMATION_MONTHS_ONLY
31,1,2023Q3,180622.42776666666,1615125.596366667,0.10045272598815014,-2.194553164612573,3,3,3,0,STATIC_ESTIMATION_MONTHS_ONLY
31,1,2023Q4,187406.17149999997,1545694.6291666664,0.10820873717422923,-2.11043667642146,3,3,3,0,STATIC_ESTIMATION_MONTHS_ONLY
31,1,2024Q1,184034.2363,1559706.3482,0.10581802289677035,-2.1384747292449475,3,3,3,0,STATIC_ESTIMATION_MONTHS_ONLY
31,1,2024Q2,188377.34146666666,1679137.3114333332,0.10081111862296253,-2.1904173505090654,3,3,3,0,STATIC_ESTIMATION_MONTHS_ONLY
31,1,2024Q3,177807.71026666663,1873252.172233333,0.08669762648546349,-2.3606202851570646,3,3,3,0,STATIC_ESTIMATION_MONTHS_ONLY
31,1,2024Q4,179713.15766666667,1802978.9685666666,0.09054699192513112,-2.3091974866348814,3,3,3,0,STATIC_ESTIMATION_MONTHS_ONLY
31,1,2025Q1,174943.4235,1901647.4369333333,0.08371798186784175,-2.4034925947696664,3,3,3,0,STATIC_ESTIMATION_MONTHS_ONLY
31,1,2025Q2,172197.72833333333,1917985.6057,0.08224226893451948,-2.425663967026329,3,3,3,0,STATIC_ESTIMATION_MONTHS_ONLY
31,1,2025Q3,196611.43306666668,1841008.3554333334,0.09606323774217511,-2.2465259847222216,3,3,3,0,STATIC_ESTIMATION_MONTHS_ONLY
31,1,2025Q4,200505.2303,1688361.50275,0.10630420048858319,-2.1337776500679553,2,2,3,0,STATIC_ESTIMATION_MONTHS_ONLY
31,1,2026Q1,251360.1404,1847734.1824666664,0.11964216367583148,-2.0015650954097004,3,3,3,0,STATIC_ESTIMATION_MONTHS_ONLY
31,1,2026Q2,248501.56269999998,1872849.4506333333,0.11683680775869458,-2.028146823127689,3,3,3,0,STATIC_ESTIMATION_MONTHS_ONLY
31,1,2026Q3,201409.1704,1719228.5923000001,0.10486577652043162,-2.144292463840679,1,1,1,0,STATIC_ESTIMATION_MONTHS_ONLY
31,2,2017Q1,213339.45233333332,1486441.2874333335,0.12593486771443915,-1.9460553595017338,3,3,3,0,STATIC_ESTIMATION_MONTHS_ONLY
31,2,2017Q2,205945.6255,1614205.2014333333,0.11296012293847145,-2.0623934812004476,3,3,3,0,STATIC_ESTIMATION_MONTHS_ONLY
31,2,2017Q3,180027.9418,1350510.0613666668,0.11795279675118497,-2.0138485131962063,3,3,3,0,STATIC_ESTIMATION_MONTHS_ONLY
31,2,2017Q4,240888.1344666667,1382526.3892666667,0.14843519620762735,-1.7474788703360702,3,3,3,0,STATIC_ESTIMATION_MONTHS_ONLY
31,2,2018Q1,197185.21336666666,1511959.8991666667,0.11539054039429286,-2.036842971319103,3,3,3,0,STATIC_ESTIMATION_MONTHS_ONLY
31,2,2018Q2,193402.60993333333,1589265.5581,0.10852464135578509,-2.110542972219171,3,3,3,0,STATIC_ESTIMATION_MONTHS_ONLY
31,2,2018Q3,194649.32386666667,1377605.9117333333,0.12360666172928159,-1.9607989717882612,3,3,3,0,STATIC_ESTIMATION_MONTHS_ONLY
31,2,2018Q4,230352.81720000002,1514200.0339333334,0.13217128826958935,-1.8823027707586186,3,3,3,0,STATIC_ESTIMATION_MONTHS_ONLY
31,2,2019Q1,218383.21143333334,1508117.7607333334,0.12655537974715947,-1.9347599212159547,3,3,3,0,STATIC_ESTIMATION_MONTHS_ONLY
31,2,2019Q2,250014.3633333333,1597794.4366333333,0.13537386141391053,-1.854461905729955,3,3,3,0,STATIC_ESTIMATION_MONTHS_ONLY
31,2,2019Q3,216880.18666666668,1503781.6266333333,0.1258933302169891,-1.940158394812909,3,3,3,0,STATIC_ESTIMATION_MONTHS_ONLY
31,2,2019Q4,216165.67676666667,1664183.0689,0.11502649535134683,-2.0410979937773437,3,3,3,0,STATIC_ESTIMATION_MONTHS_ONLY
31,2,2020Q1,208582.25890000002,1545387.527266667,0.11924431129285727,-2.0014932093082165,3,3,3,0,STATIC_ESTIMATION_MONTHS_ONLY
31,2,2020Q2,125706.09686666669,1208441.1072333334,0.09495998552400499,-2.280979708514787,3,3,3,0,STATIC_ESTIMATION_MONTHS_ONLY
31,2,2020Q3,174650.84556666666,1408678.4304,0.10977208280717358,-2.0960227905291156,3,3,3,0,STATIC_ESTIMATION_MONTHS_ONLY
31,2,2020Q4,185985.52353333333,1541333.1871666666,0.10778225450604047,-2.115989838817446,3,3,3,0,STATIC_ESTIMATION_MONTHS_ONLY
31,2,2021Q1,205152.36413333332,1432950.6162333332,0.12516537467778754,-1.9484101959250515,3,3,3,0,STATIC_ESTIMATION_MONTHS_ONLY
31,2,2021Q2,277990.2738,1514411.0341333335,0.1547700670563315,-1.6987776567619293,3,3,3,0,STATIC_ESTIMATION_MONTHS_ONLY
31,2,2021Q3,226496.74983333334,1551111.3930333334,0.12736828439253747,-1.9245871033652182,3,3,3,0,STATIC_ESTIMATION_MONTHS_ONLY
31,2,2021Q4,220443.24686666668,1530225.1456666666,0.12571292628523745,-1.9411350610082347,3,3,3,0,STATIC_ESTIMATION_MONTHS_ONLY
31,2,2022Q1,185231.51106666666,1531508.7751666668,0.1078557446194995,-2.116846841955867,3,3,3,0,STATIC_ESTIMATION_MONTHS_ONLY
31,2,2022Q2,222561.18473333333,1530930.1848,0.12706787169114622,-1.9301867899648346,3,3,3,0,STATIC_ESTIMATION_MONTHS_ONLY
31,2,2022Q3,173917.7982333333,1612003.4183666667,0.0975633211622775,-2.225979425997858,3,3,3,0,STATIC_ESTIMATION_MONTHS_ONLY
31,2,2022Q4,195482.54729999998,1601086.21945,0.10897019937848604,-2.1050559991443683,2,2,3,1,STATIC_ESTIMATION_MONTHS_ONLY
31,2,2023Q1,251461.35439999998,1595818.2972666668,0.13610761543224018,-1.848744608394428,3,3,3,0,STATIC_ESTIMATION_MONTHS_ONLY
31,2,2023Q2,266955.12243333337,1587957.9834333335,0.14400096796154674,-1.7907751538791254,3,3,3,0,STATIC_ESTIMATION_MONTHS_ONLY
31,2,2023Q3,188829.1479,1590047.1615333334,0.10629411027396889,-2.129679340684833,3,3,3,0,STATIC_ESTIMATION_MONTHS_ONLY
31,2,2023Q4,248206.16833333333,1604525.5376333334,0.13388024474436186,-1.8700741928788984,3,3,3,0,STATIC_ESTIMATION_MONTHS_ONLY
31,2,2024Q1,218159.4479,1718688.5793666665,0.11248046978101633,-2.0666232023478304,3,3,3,0,STATIC_ESTIMATION_MONTHS_ONLY
31,2,2024Q2,233795.70146666665,1688261.6523666668,0.12162120415677191,-1.977717639941434,3,3,3,0,STATIC_ESTIMATION_MONTHS_ONLY
31,2,2024Q3,212333.9774,1695605.2482333332,0.11143242162941706,-2.077486767762457,3,3,3,0,STATIC_ESTIMATION_MONTHS_ONLY
31,2,2024Q4,254372.68526666667,1632354.3858999999,0.13476383731079072,-1.860134598846386,3,3,3,0,STATIC_ESTIMATION_MONTHS_ONLY
31,2,2025Q1,275052.78723333334,1862889.8878,0.12868350705812437,-1.9129380876720823,3,3,3,0,STATIC_ESTIMATION_MONTHS_ONLY
31,2,2025Q2,285470.21853333333,1913483.1843666667,0.1296350879188916,-1.9056317748208105,3,3,3,0,STATIC_ESTIMATION_MONTHS_ONLY
31,2,2025Q3,268298.5088333333,1941138.5026,0.12147505568317539,-1.9791827362056458,3,3,3,0,STATIC_ESTIMATION_MONTHS_ONLY
31,2,2025Q4,261052.21814999997,1782571.3203000003,0.12770620418862744,-1.921423225950008,2,2,3,0,STATIC_ESTIMATION_MONTHS_ONLY
31,2,2026Q1,237084.0827,1842011.8757666666,0.11387543342233654,-2.056211560775718,3,3,3,0,STATIC_ESTIMATION_MONTHS_ONLY
31,2,2026Q2,306384.3527,1749811.0819666667,0.14889797699839766,-1.7475925995967645,3,3,3,0,STATIC_ESTIMATION_MONTHS_ONLY
31,2,2026Q3,362350.4069,1825108.4910000002,0.1656490127644743,-1.616782992870883,1,1,1,0,STATIC_ESTIMATION_MONTHS_ONLY
31,3,2017Q1,80115.19189999999,587588.6158666667,0.11944472453022491,-2.0045043894542944,3,3,3,0,STATIC_ESTIMATION_MONTHS_ONLY
31,3,2017Q2,125433.63666666667,624212.2421333333,0.1672821375471724,-1.607027905963384,3,3,3,0,STATIC_ESTIMATION_MONTHS_ONLY
31,3,2017Q3,129087.91453333333,556036.3084333333,0.1881808315133574,-1.463276982960714,3,3,3,0,STATIC_ESTIMATION_MONTHS_ONLY
31,3,2017Q4,101710.73716666667,626791.5061333333,0.14017898371623533,-1.8211205938753707,3,3,3,0,STATIC_ESTIMATION_MONTHS_ONLY
31,3,2018Q1,137820.07106666666,645461.8984666667,0.1758556170373663,-1.5452757756579418,3,3,3,0,STATIC_ESTIMATION_MONTHS_ONLY
31,3,2018Q2,123502.42790000001,647524.0895333333,0.16040899025239344,-1.6581310398998317,3,3,3,0,STATIC_ESTIMATION_MONTHS_ONLY
31,3,2018Q3,110212.57243333333,578909.6261666667,0.15941082321339403,-1.664569962342341,3,3,3,0,STATIC_ESTIMATION_MONTHS_ONLY
31,3,2018Q4,90490.51929999999,658784.2645666666,0.120978286135074,-1.991908317115354,3,3,3,0,STATIC_ESTIMATION_MONTHS_ONLY
31,3,2019Q1,92354.03436666667,676824.5577333333,0.1200178241232316,-1.994089690044382,3,3,3,0,STATIC_ESTIMATION_MONTHS_ONLY
31,3,2019Q2,129302.70330000001,668950.0247333334,0.16127159798195287,-1.6565789707876284,3,3,3,0,STATIC_ESTIMATION_MONTHS_ONLY
31,3,2019Q3,120946.96133333333,633509.6690999999,0.16080376485881817,-1.6591549011828939,3,3,3,0,STATIC_ESTIMATION_MONTHS_ONLY
31,3,2019Q4,123563.45786666666,614739.2043,0.16696555192507945,-1.61064329586912,3,3,3,0,STATIC_ESTIMATION_MONTHS_ONLY
31,3,2020Q1,150720.78216666667,588151.6758666667,0.2043320523351891,-1.3605644077005368,3,3,3,0,STATIC_ESTIMATION_MONTHS_ONLY
31,3,2020Q2,112148.79216666667,519835.6297,0.1762923991092312,-1.5531643028100106,3,3,3,0,STATIC_ESTIMATION_MONTHS_ONLY
31,3,2020Q3,72186.29033333332,568228.6882333333,0.11174030518738304,-2.0806901853043605,3,3,3,0,STATIC_ESTIMATION_MONTHS_ONLY
31,3,2020Q4,71551.441,688767.253,0.09414043416845286,-2.268312134901281,3,3,3,0,STATIC_ESTIMATION_MONTHS_ONLY
31,3,2021Q1,109871.68609999999,656857.9212666666,0.1434590146937501,-1.8034373192942905,3,3,3,0,STATIC_ESTIMATION_MONTHS_ONLY
31,3,2021Q2,89169.82226666667,614640.008,0.12690851931504601,-1.9290502286190512,3,3,3,0,STATIC_ESTIMATION_MONTHS_ONLY
31,3,2021Q3,96209.6976,587353.8247666666,0.14084366339553403,-1.8115844832052002,3,3,3,0,STATIC_ESTIMATION_MONTHS_ONLY
31,3,2021Q4,84760.2869,558954.4927,0.13109361611151063,-1.8927971310183906,3,3,3,0,STATIC_ESTIMATION_MONTHS_ONLY
31,3,2022Q1,98544.0585,573693.3382333334,0.14650052816721335,-1.762375734070104,3,3,3,0,STATIC_ESTIMATION_MONTHS_ONLY
31,3,2022Q2,132594.1863,666038.251,0.16623044884496088,-1.6146783540188627,3,3,3,0,STATIC_ESTIMATION_MONTHS_ONLY
31,3,2022Q3,128385.00266666665,562664.1921,0.18614817913744022,-1.4783684872569733,3,3,3,0,STATIC_ESTIMATION_MONTHS_ONLY
31,3,2022Q4,146611.65224999998,593964.131,0.19797370305622702,-1.3990136365506256,2,2,3,1,STATIC_ESTIMATION_MONTHS_ONLY
31,3,2023Q1,111669.5531,576302.7094666666,0.16193992217257078,-1.644710433849056,3,3,3,0,STATIC_ESTIMATION_MONTHS_ONLY
31,3,2023Q2,94108.81033333333,721938.2171,0.11509427086982708,-2.0407265478188035,3,3,3,0,STATIC_ESTIMATION_MONTHS_ONLY
31,3,2023Q3,114353.57206666667,728892.5453666666,0.1357659376526469,-1.852326143816578,3,3,3,0,STATIC_ESTIMATION_MONTHS_ONLY
31,3,2023Q4,92356.23700000001,688794.7509,0.11817255412703542,-2.0183604530716277,3,3,3,0,STATIC_ESTIMATION_MONTHS_ONLY
31,3,2024Q1,121148.7609,753365.4936666667,0.1381610624011241,-1.832971445639726,3,3,3,0,STATIC_ESTIMATION_MONTHS_ONLY
31,3,2024Q2,125924.40593333333,729438.5663999999,0.14765979517553773,-1.7596477913489317,3,3,3,0,STATIC_ESTIMATION_MONTHS_ONLY
31,3,2024Q3,112544.13246666668,654983.1142333333,0.14678483371568665,-1.7601467426151682,3,3,3,0,STATIC_ESTIMATION_MONTHS_ONLY
31,3,2024Q4,137137.98256666667,677824.1235333333,0.16805537151528752,-1.60063255233698,3,3,3,0,STATIC_ESTIMATION_MONTHS_ONLY
31,3,2025Q1,143428.86993333334,699321.2097666668,0.16981951377214308,-1.590934577549126,3,3,3,0,STATIC_ESTIMATION_MONTHS_ONLY
31,3,2025Q2,139323.50886666667,699564.8258000001,0.16623767981148418,-1.6179405188754552,3,3,3,0,STATIC_ESTIMATION_MONTHS_ONLY
31,3,2025Q3,136081.66276666668,668911.2020666667,0.1688584500657494,-1.5952304306574725,3,3,3,0,STATIC_ESTIMATION_MONTHS_ONLY
31,3,2025Q4,110046.9403,726769.968,0.1312196346691552,-1.8922983201319084,2,2,3,0,STATIC_ESTIMATION_MONTHS_ONLY
31,3,2026Q1,180569.3179,621326.4304666667,0.22635934541496283,-1.2334785295385309,3,3,3,0,STATIC_ESTIMATION_MONTHS_ONLY
31,3,2026Q2,151605.51886666665,580098.2860333333,0.20755372675038677,-1.352783042041897,3,3,3,0,STATIC_ESTIMATION_MONTHS_ONLY
31,3,2026Q3,163330.2572,693502.5067,0.19062092870559522,-1.4459805855223378,1,1,1,0,STATIC_ESTIMATION_MONTHS_ONLY
31,5,2017Q1,9736.7685,21221.2153,0.31684553294007556,-0.7718577228393838,3,3,3,0,STATIC_ESTIMATION_MONTHS_ONLY
31,5,2017Q2,6044.318233333334,17140.3916,0.26286760659467306,-1.0419071848470833,3,3,3,0,STATIC_ESTIMATION_MONTHS_ONLY
31,5,2017Q3,8515.858333333334,29204.296033333332,0.22896086649015465,-1.2759769727989874,3,3,3,0,STATIC_ESTIMATION_MONTHS_ONLY
31,5,2017Q4,7461.7425,24395.305299999996,0.22865849895466142,-1.2250060886271064,3,3,3,0,STATIC_ESTIMATION_MONTHS_ONLY
31,5,2018Q1,11313.019933333335,34862.165100000006,0.21824391838718407,-0.7201251154312331,3,2,3,0,STATIC_ESTIMATION_MONTHS_ONLY
31,5,2018Q2,9147.451866666666,25217.1635,0.25958957436306784,-1.059655288087514,3,3,3,0,STATIC_ESTIMATION_MONTHS_ONLY
31,5,2018Q3,3380.2980666666663,14505.669200000002,0.20881066820129904,-1.896380883885181,3,3,3,0,STATIC_ESTIMATION_MONTHS_ONLY
31,5,2018Q4,18542.609333333334,34427.0636,0.3456462680699845,-0.6472225763507805,3,3,3,0,STATIC_ESTIMATION_MONTHS_ONLY
31,5,2019Q1,8982.395700000001,25961.609933333337,0.25012900432228385,-1.1308579139635675,3,3,3,0,STATIC_ESTIMATION_MONTHS_ONLY
31,5,2019Q2,4103.121966666667,29066.36636666667,0.12781000634011105,-1.4579026833495303,3,2,3,0,STATIC_ESTIMATION_MONTHS_ONLY
31,5,2019Q3,19724.616066666666,16881.217200000003,0.49194410805331074,-0.05176575093537261,3,3,3,0,STATIC_ESTIMATION_MONTHS_ONLY
31,5,2019Q4,16607.2618,32077.310233333334,0.3335044936085791,-0.7849387347255261,3,3,3,0,STATIC_ESTIMATION_MONTHS_ONLY
31,5,2020Q1,16000.175900000002,25647.823133333335,0.3629965101864059,-0.733814856901463,3,3,3,0,STATIC_ESTIMATION_MONTHS_ONLY
31,5,2020Q2,13701.4257,14085.404833333334,0.5067347451161713,0.044428801886042445,3,3,3,0,STATIC_ESTIMATION_MONTHS_ONLY
31,5,2020Q3,20344.319133333334,26518.174166666668,0.411510736715226,-0.3805992698418869,3,3,3,0,STATIC_ESTIMATION_MONTHS_ONLY
31,5,2020Q4,11433.9821,30891.9706,0.2777152058229257,-1.001476482000186,3,3,3,0,STATIC_ESTIMATION_MONTHS_ONLY
31,5,2021Q1,21028.2164,32721.068966666662,0.38478713958481436,-0.4780018377259269,3,3,3,0,STATIC_ESTIMATION_MONTHS_ONLY
31,5,2021Q2,10786.772900000002,20980.968033333334,0.33024707065269143,-0.7243106258454484,3,3,3,0,STATIC_ESTIMATION_MONTHS_ONLY
31,5,2021Q3,7736.271733333332,21271.9839,0.2941399637924904,-0.955894784590396,3,3,3,0,STATIC_ESTIMATION_MONTHS_ONLY
31,5,2021Q4,21242.3164,27651.78733333333,0.42921389839119745,-0.31270855055128727,3,3,3,0,STATIC_ESTIMATION_MONTHS_ONLY
31,5,2022Q1,19072.602,20811.9103,0.4715966163318293,-0.11960338291589712,3,3,3,0,STATIC_ESTIMATION_MONTHS_ONLY
31,5,2022Q2,7415.0487,23521.598533333334,0.22878905305178474,-1.4022278249973148,3,3,3,0,STATIC_ESTIMATION_MONTHS_ONLY
31,5,2022Q3,19612.041533333333,13785.564933333333,0.5851059497589567,0.35361170459471153,3,3,3,0,STATIC_ESTIMATION_MONTHS_ONLY
31,5,2022Q4,15610.291249999998,10368.698250000001,0.5974694724449144,0.39644674204360286,2,2,3,1,STATIC_ESTIMATION_MONTHS_ONLY
31,5,2023Q1,21674.2053,21801.649633333334,0.5066579018452421,0.026008233041249884,3,3,3,0,STATIC_ESTIMATION_MONTHS_ONLY
31,5,2023Q2,8561.737166666666,32823.001599999996,0.21570340362956839,-1.3189463257036567,3,3,3,0,STATIC_ESTIMATION_MONTHS_ONLY
31,5,2023Q3,11690.559766666667,14714.6487,0.4677311872832328,-0.22201171177648896,3,3,3,0,STATIC_ESTIMATION_MONTHS_ONLY
31,5,2023Q4,16275.796466666667,4083.8163666666665,0.7908329752803839,1.3548215764572653,3,3,3,0,STATIC_ESTIMATION_MONTHS_ONLY
31,5,2024Q1,28716.81,29888.404566666664,0.4877495837564407,-0.050191067568278784,3,3,3,0,STATIC_ESTIMATION_MONTHS_ONLY
31,5,2024Q2,19427.341066666664,22573.525466666662,0.4942199377651008,-0.024025191016845793,3,3,3,0,STATIC_ESTIMATION_MONTHS_ONLY
31,5,2024Q3,13041.422966666667,19751.816166666667,0.4129738714115821,-0.477168933826954,3,3,3,0,STATIC_ESTIMATION_MONTHS_ONLY
31,5,2024Q4,19212.654566666668,16944.491233333334,0.5438402537341723,0.1564277354424873,3,3,3,0,STATIC_ESTIMATION_MONTHS_ONLY
31,5,2025Q1,19351.16866666667,32602.319300000003,0.3788701823760369,-0.528188101859341,3,3,3,0,STATIC_ESTIMATION_MONTHS_ONLY
31,5,2025Q2,5532.100633333333,29061.05816666667,0.17699268785750655,-2.0951936769978126,3,3,3,0,STATIC_ESTIMATION_MONTHS_ONLY
31,5,2025Q3,10264.574366666666,17911.928433333334,0.3546163727585792,-0.6524797114710149,3,3,3,0,STATIC_ESTIMATION_MONTHS_ONLY
31,5,2025Q4,28432.294500000004,11725.6218,0.7025622279210217,0.8688234826467782,2,2,3,0,STATIC_ESTIMATION_MONTHS_ONLY
31,5,2026Q1,12790.564966666667,24975.275566666667,0.3664606902851626,-0.5807618480814112,3,3,3,0,STATIC_ESTIMATION_MONTHS_ONLY
31,5,2026Q2,4838.5109,21570.4605,0.16659550559241929,-1.1031998625554766,3,2,3,0,STATIC_ESTIMATION_MONTHS_ONLY
31,5,2026Q3,0.0,9952.2535,0.0,,1,0,1,0,STATIC_ESTIMATION_MONTHS_ONLY
33,1,2017Q1,16266.353424533334,347869.69863717334,0.04417743709400695,-3.1756219774998726,3,3,3,0,STATIC_ESTIMATION_MONTHS_ONLY
33,1,2017Q2,21402.469602673333,311025.4775723067,0.0647156417597217,-2.716163057807467,3,3,3,0,STATIC_ESTIMATION_MONTHS_ONLY
33,1,2017Q3,33881.23644712334,313152.25523642334,0.09808867228907052,-2.2234674152649068,3,3,3,0,STATIC_ESTIMATION_MONTHS_ONLY
33,1,2017Q4,31889.500982556667,349213.63787349,0.08371026693008353,-2.395413711491804,3,3,3,0,STATIC_ESTIMATION_MONTHS_ONLY
33,1,2018Q1,23098.98878897,342843.2536006933,0.06369741161793546,-2.6960108148600135,3,3,3,0,STATIC_ESTIMATION_MONTHS_ONLY
33,1,2018Q2,24275.771948703332,377223.31278481,0.06017838637767655,-2.7511069553172196,3,3,3,0,STATIC_ESTIMATION_MONTHS_ONLY
33,1,2018Q3,34214.64791031334,342084.72462919,0.09065213485146906,-2.3434710202152913,3,3,3,0,STATIC_ESTIMATION_MONTHS_ONLY
33,1,2018Q4,26631.089080353337,360552.4726565534,0.06890742542559074,-2.6085679765140255,3,3,3,0,STATIC_ESTIMATION_MONTHS_ONLY
33,1,2019Q1,12801.829024706667,321480.89657442,0.0378149487489255,-3.2627167366572647,3,3,3,0,STATIC_ESTIMATION_MONTHS_ONLY
33,1,2019Q2,15653.466736483335,364759.82103088003,0.040636398340147296,-3.20158514906163,3,3,3,0,STATIC_ESTIMATION_MONTHS_ONLY
33,1,2019Q3,19947.070117440002,367373.42338481004,0.05166154099492857,-2.9272399996426537,3,3,3,0,STATIC_ESTIMATION_MONTHS_ONLY
33,1,2019Q4,27503.27968250666,354938.8256938833,0.07144565601592423,-2.58484197322746,3,3,3,0,STATIC_ESTIMATION_MONTHS_ONLY
33,1,2020Q1,25491.3895,344913.41376666666,0.07000975735824524,-2.6278315059988686,3,3,3,0,STATIC_ESTIMATION_MONTHS_ONLY
33,1,2020Q2,35472.98233333333,332066.95406666666,0.09673741388237918,-2.2424568297975,3,3,3,0,STATIC_ESTIMATION_MONTHS_ONLY
33,1,2020Q3,18518.825966666667,384281.89680000005,0.046141715672595424,-3.0393519145970846,3,3,3,0,STATIC_ESTIMATION_MONTHS_ONLY
33,1,2020Q4,14367.014866666666,339760.1556333333,0.040419626866915755,-3.1757289786078218,3,3,3,0,STATIC_ESTIMATION_MONTHS_ONLY
33,1,2021Q1,11841.328966666668,317368.0527333333,0.035367235754452324,-3.6511228309700683,3,3,3,0,STATIC_ESTIMATION_MONTHS_ONLY
33,1,2021Q2,11456.277233333334,306400.9310666667,0.03618020940080302,-3.284870342166125,3,3,3,0,STATIC_ESTIMATION_MONTHS_ONLY
33,1,2021Q3,29514.400600000004,299252.23006666667,0.08964432904575041,-2.335241707108906,3,3,3,0,STATIC_ESTIMATION_MONTHS_ONLY
33,1,2021Q4,33280.7223,306686.4753333333,0.09785922865152469,-2.2270189041273962,3,3,3,0,STATIC_ESTIMATION_MONTHS_ONLY
33,1,2022Q1,25651.942100000004,343405.1742333333,0.06959880048817459,-2.626447696913885,3,3,3,0,STATIC_ESTIMATION_MONTHS_ONLY
33,1,2022Q2,23293.2571,289261.78766666667,0.07422034804734935,-2.5485629587772642,3,3,3,0,STATIC_ESTIMATION_MONTHS_ONLY
33,1,2022Q3,32888.01153333333,306557.4818333333,0.09773344939162727,-2.2644394732761595,3,3,3,0,STATIC_ESTIMATION_MONTHS_ONLY
33,1,2022Q4,8817.85535,348545.19165,0.023936177249139164,-3.888243778315635,2,2,3,1,STATIC_ESTIMATION_MONTHS_ONLY
33,1,2023Q1,25935.688233333334,297912.1557666667,0.07956342126066446,-2.491079465413318,3,3,3,0,STATIC_ESTIMATION_MONTHS_ONLY
33,1,2023Q2,33943.570733333334,316641.01283333334,0.09674030345378289,-2.237122460333142,3,3,3,0,STATIC_ESTIMATION_MONTHS_ONLY
33,1,2023Q3,20627.0115,330022.18779999996,0.058724910385246465,-2.837433053707491,3,3,3,0,STATIC_ESTIMATION_MONTHS_ONLY
33,1,2023Q4,8219.837066666667,293329.3601,0.027420535173028348,-3.6262368963184244,3,3,3,0,STATIC_ESTIMATION_MONTHS_ONLY
33,1,2024Q1,20052.759166666667,276653.4746,0.06709970469001582,-2.7063124463352985,3,3,3,0,STATIC_ESTIMATION_MONTHS_ONLY
33,1,2024Q2,28739.88203333333,310558.5935,0.08369027666825028,-2.4458856322656946,3,3,3,0,STATIC_ESTIMATION_MONTHS_ONLY
33,1,2024Q3,23596.675633333332,313149.7982,0.06932534653431173,-2.641155140712307,3,3,3,0,STATIC_ESTIMATION_MONTHS_ONLY
33,1,2024Q4,45600.097466666666,299179.9581,0.13201347272673802,-1.8876009481381004,3,3,3,0,STATIC_ESTIMATION_MONTHS_ONLY
33,1,2025Q1,28009.783733333334,334031.2389,0.07689736147302262,-2.49398469565103,3,3,3,0,STATIC_ESTIMATION_MONTHS_ONLY
33,1,2025Q2,35341.63613333333,337361.95543333335,0.09357688441230773,-2.320673992235894,3,3,3,0,STATIC_ESTIMATION_MONTHS_ONLY
33,1,2025Q3,35331.40916666667,368230.6397333333,0.08748490255142156,-2.3512646429210835,3,3,3,0,STATIC_ESTIMATION_MONTHS_ONLY
33,1,2025Q4,29763.555149999997,388143.2431,0.07082652328542856,-2.586887932883001,2,2,3,0,STATIC_ESTIMATION_MONTHS_ONLY
33,1,2026Q1,42062.68926666667,320229.9346333333,0.11512689683426192,-2.050911296188081,3,3,3,0,STATIC_ESTIMATION_MONTHS_ONLY
33,1,2026Q2,34897.156599999995,315444.6063333333,0.0985648066678343,-2.250281913976389,3,3,3,0,STATIC_ESTIMATION_MONTHS_ONLY
33,1,2026Q3,37879.757600000004,238083.6381,0.1372637030498752,-1.838205163383782,1,1,1,0,STATIC_ESTIMATION_MONTHS_ONLY
33,2,2017Q1,118909.9298088,1085372.4792961602,0.09882396232049508,-2.211077314161249,3,3,3,0,STATIC_ESTIMATION_MONTHS_ONLY
33,2,2017Q2,143982.03063066,1124141.6970943601,0.11362947313422739,-2.054819460934588,3,3,3,0,STATIC_ESTIMATION_MONTHS_ONLY
33,2,2017Q3,181885.67135287667,1249077.8053635766,0.12696910916067752,-1.9290559558349412,3,3,3,0,STATIC_ESTIMATION_MONTHS_ONLY
33,2,2017Q4,186249.00035077668,1153547.7688265098,0.13909576170900195,-1.8243704911467615,3,3,3,0,STATIC_ESTIMATION_MONTHS_ONLY
33,2,2018Q1,212544.84787769665,1100219.88113264,0.16201350866502015,-1.644096580959772,3,3,3,0,STATIC_ESTIMATION_MONTHS_ONLY
33,2,2018Q2,171688.97481796335,1113782.4620485234,0.13265461181415225,-1.8909810603257633,3,3,3,0,STATIC_ESTIMATION_MONTHS_ONLY
33,2,2018Q3,162507.03078968666,1210189.7788041432,0.11814817573296289,-2.0146503304712433,3,3,3,0,STATIC_ESTIMATION_MONTHS_ONLY
33,2,2018Q4,169174.28025298,1132806.6426101134,0.1302895315878945,-1.8996692319341921,3,3,3,0,STATIC_ESTIMATION_MONTHS_ONLY
33,2,2019Q1,187692.44950862668,1068043.77442558,0.1502499110879725,-1.7472886306074342,3,3,3,0,STATIC_ESTIMATION_MONTHS_ONLY
33,2,2019Q2,184067.89943018334,1142725.9160357865,0.13882320124253744,-1.831771534662251,3,3,3,0,STATIC_ESTIMATION_MONTHS_ONLY
33,2,2019Q3,148698.76401589334,1188830.6038818567,0.11134240764986918,-2.0782262555256446,3,3,3,0,STATIC_ESTIMATION_MONTHS_ONLY
33,2,2019Q4,180304.27901749333,1067961.74293945,0.1443111850243606,-1.7811125962214538,3,3,3,0,STATIC_ESTIMATION_MONTHS_ONLY
33,2,2020Q1,166596.0251,1043598.2806666667,0.1374817333065402,-1.8436996621607946,3,3,3,0,STATIC_ESTIMATION_MONTHS_ONLY
33,2,2020Q2,110804.54253333334,1042963.7333666667,0.09614699539465284,-2.2416865057557867,3,3,3,0,STATIC_ESTIMATION_MONTHS_ONLY
33,2,2020Q3,125866.1199,1052401.9393666668,0.10686906546422975,-2.1282776719675134,3,3,3,0,STATIC_ESTIMATION_MONTHS_ONLY
33,2,2020Q4,133001.53453333335,1024822.0603,0.11483369439227654,-2.0438994061210813,3,3,3,0,STATIC_ESTIMATION_MONTHS_ONLY
33,2,2021Q1,142691.45543333332,988115.0782333333,0.12570748583238434,-1.9597884869008964,3,3,3,0,STATIC_ESTIMATION_MONTHS_ONLY
33,2,2021Q2,164240.90783333333,1062293.770933333,0.13372849848154364,-1.8700485632276116,3,3,3,0,STATIC_ESTIMATION_MONTHS_ONLY
33,2,2021Q3,189666.74846666667,990349.8165000001,0.16114361578844724,-1.651055440187725,3,3,3,0,STATIC_ESTIMATION_MONTHS_ONLY
33,2,2021Q4,152499.89233333335,1038479.1852333333,0.12808236650945035,-1.918287411746858,3,3,3,0,STATIC_ESTIMATION_MONTHS_ONLY
33,2,2022Q1,133174.3732,1095454.197266667,0.1085452486964486,-2.106776193185196,3,3,3,0,STATIC_ESTIMATION_MONTHS_ONLY
33,2,2022Q2,130882.31139999999,1111641.7513333336,0.10566750096151604,-2.1405057094590436,3,3,3,0,STATIC_ESTIMATION_MONTHS_ONLY
33,2,2022Q3,113865.19083333334,1060088.5918666667,0.09620492614275537,-2.2696924717954077,3,3,3,0,STATIC_ESTIMATION_MONTHS_ONLY
33,2,2022Q4,127425.73225,976480.9820000001,0.11530725135640091,-2.0379221322083123,2,2,3,1,STATIC_ESTIMATION_MONTHS_ONLY
33,2,2023Q1,124937.40093333332,1172050.7913666668,0.09711501150921553,-2.2540435371751983,3,3,3,0,STATIC_ESTIMATION_MONTHS_ONLY
33,2,2023Q2,138315.68306666668,1154429.7726,0.10666227641695254,-2.1396796775459936,3,3,3,0,STATIC_ESTIMATION_MONTHS_ONLY
33,2,2023Q3,169216.23086666668,1101461.8485666665,0.13331955444036944,-1.8765907059305202,3,3,3,0,STATIC_ESTIMATION_MONTHS_ONLY
33,2,2023Q4,157810.3463666667,1096445.7319666666,0.12578252041018367,-1.947391298682212,3,3,3,0,STATIC_ESTIMATION_MONTHS_ONLY
33,2,2024Q1,160627.83426666667,1057369.1367666668,0.13189002046308193,-1.885068761274596,3,3,3,0,STATIC_ESTIMATION_MONTHS_ONLY
33,2,2024Q2,180066.1507333333,1092763.7319,0.14134603327284848,-1.807484530223581,3,3,3,0,STATIC_ESTIMATION_MONTHS_ONLY
33,2,2024Q3,148773.23646666668,1085577.0783333334,0.12049496488349228,-1.997245894575017,3,3,3,0,STATIC_ESTIMATION_MONTHS_ONLY
33,2,2024Q4,138944.1047,1081386.8669999999,0.11439521355582034,-2.0587198852862314,3,3,3,0,STATIC_ESTIMATION_MONTHS_ONLY
33,2,2025Q1,123950.98289999999,1068832.1755333333,0.10369748958341653,-2.1665433150014013,3,3,3,0,STATIC_ESTIMATION_MONTHS_ONLY
33,2,2025Q2,179286.82499999998,1256284.5723,0.12439099263527796,-1.9567449518301852,3,3,3,0,STATIC_ESTIMATION_MONTHS_ONLY
33,2,2025Q3,174202.89823333334,1159782.7391666668,0.12954377304019615,-1.92050694721868,3,3,3,0,STATIC_ESTIMATION_MONTHS_ONLY
33,2,2025Q4,138276.43245,1103723.9209,0.11147905496231295,-2.0760718778368306,2,2,3,0,STATIC_ESTIMATION_MONTHS_ONLY
33,2,2026Q1,115530.3529,982757.3642666666,0.10488227425346391,-2.155145009455285,3,3,3,0,STATIC_ESTIMATION_MONTHS_ONLY
33,2,2026Q2,181670.9465,1082501.5654666666,0.14397943802262272,-1.78484790790068,3,3,3,0,STATIC_ESTIMATION_MONTHS_ONLY
33,2,2026Q3,225931.8297,1130074.447,0.1666156223478785,-1.6098054765624583,1,1,1,0,STATIC_ESTIMATION_MONTHS_ONLY
33,3,2017Q1,45446.34363333334,1034708.1345666667,0.042216581198679375,-3.130592002638776,3,3,3,0,STATIC_ESTIMATION_MONTHS_ONLY
33,3,2017Q2,45323.10533333333,940097.5175000001,0.04602987686366262,-3.042047871244911,3,3,3,0,STATIC_ESTIMATION_MONTHS_ONLY
33,3,2017Q3,72774.68326666666,1040347.5068,0.06514699105753706,-2.6685573907996,3,3,3,0,STATIC_ESTIMATION_MONTHS_ONLY
33,3,2017Q4,59776.75003333334,978770.6684,0.05719747249723075,-2.8246151249381257,3,3,3,0,STATIC_ESTIMATION_MONTHS_ONLY
33,3,2018Q1,61736.401966666665,994031.2622333333,0.0581087399054982,-2.7968543435596587,3,3,3,0,STATIC_ESTIMATION_MONTHS_ONLY
33,3,2018Q2,36738.06563333333,1109124.2122666668,0.03194400961116915,-3.423115388815288,3,3,3,0,STATIC_ESTIMATION_MONTHS_ONLY
33,3,2018Q3,79986.5488,1094319.3295333332,0.06823896001449868,-2.6251682317203993,3,3,3,0,STATIC_ESTIMATION_MONTHS_ONLY
33,3,2018Q4,77890.63913333333,999323.6824333332,0.07188956049573007,-2.565857721579562,3,3,3,0,STATIC_ESTIMATION_MONTHS_ONLY
33,3,2019Q1,81140.5462,916451.3538666666,0.08126160545616816,-2.426038532000842,3,3,3,0,STATIC_ESTIMATION_MONTHS_ONLY
33,3,2019Q2,76632.31153333333,1010353.6117333332,0.07049125327949561,-2.590399605244509,3,3,3,0,STATIC_ESTIMATION_MONTHS_ONLY
33,3,2019Q3,77024.63136666667,1086913.7736333334,0.06617750849235583,-2.6543482520690307,3,3,3,0,STATIC_ESTIMATION_MONTHS_ONLY
33,3,2019Q4,48863.22783333333,1026661.9094333333,0.04538672632809108,-3.071257329313077,3,3,3,0,STATIC_ESTIMATION_MONTHS_ONLY
33,3,2020Q1,64342.88016666666,1055162.8867666668,0.05750376640334434,-2.8066677873547334,3,3,3,0,STATIC_ESTIMATION_MONTHS_ONLY
33,3,2020Q2,56661.722799999996,990088.3771,0.05387287672403782,-2.889935201251839,3,3,3,0,STATIC_ESTIMATION_MONTHS_ONLY
33,3,2020Q3,69895.7079,1078453.3678666668,0.06112444560926932,-2.7376917122883646,3,3,3,0,STATIC_ESTIMATION_MONTHS_ONLY
33,3,2020Q4,40919.29026666667,1089416.1786,0.03617990684324577,-3.2858263214705477,3,3,3,0,STATIC_ESTIMATION_MONTHS_ONLY
33,3,2021Q1,60066.725999999995,1061870.4811,0.05333387536318829,-2.89981983281729,3,3,3,0,STATIC_ESTIMATION_MONTHS_ONLY
33,3,2021Q2,53824.1202,1027337.2405,0.049020175080006424,-3.0209864939980284,3,3,3,0,STATIC_ESTIMATION_MONTHS_ONLY
33,3,2021Q3,27655.3846,1015953.9838666666,0.02635697504689009,-3.64767673208951,3,3,3,0,STATIC_ESTIMATION_MONTHS_ONLY
33,3,2021Q4,59195.51906666667,985967.8792,0.05638891951940082,-2.8346325299288613,3,3,3,0,STATIC_ESTIMATION_MONTHS_ONLY
33,3,2022Q1,57720.438533333334,1045681.9058666667,0.052359482134339434,-2.903202358057687,3,3,3,0,STATIC_ESTIMATION_MONTHS_ONLY
33,3,2022Q2,53411.012766666674,1082222.3152333333,0.04702311119159095,-3.019918890333598,3,3,3,0,STATIC_ESTIMATION_MONTHS_ONLY
33,3,2022Q3,59638.53443333333,1060850.3366666667,0.053133783026943465,-2.884960644263536,3,3,3,0,STATIC_ESTIMATION_MONTHS_ONLY
33,3,2022Q4,81356.7842,1035212.3809,0.07285555561718024,-2.5436745343218456,2,2,3,1,STATIC_ESTIMATION_MONTHS_ONLY
33,3,2023Q1,37142.690566666664,1002438.8041666667,0.035764174800083634,-3.3269086809424,3,3,3,0,STATIC_ESTIMATION_MONTHS_ONLY
33,3,2023Q2,39020.6258,1054096.7164666667,0.03564051218369419,-3.302878678296066,3,3,3,0,STATIC_ESTIMATION_MONTHS_ONLY
33,3,2023Q3,55322.61346666667,1117484.6592333333,0.04716209890720591,-3.010724629914059,3,3,3,0,STATIC_ESTIMATION_MONTHS_ONLY
33,3,2023Q4,59614.91006666666,1052157.1199,0.053500352373856384,-2.87709914384734,3,3,3,0,STATIC_ESTIMATION_MONTHS_ONLY
33,3,2024Q1,36120.07653333333,943961.4295,0.036364652032866714,-3.319525909748227,3,3,3,0,STATIC_ESTIMATION_MONTHS_ONLY
33,3,2024Q2,38713.483,946263.3526,0.03920264097591183,-3.2066714148583144,3,3,3,0,STATIC_ESTIMATION_MONTHS_ONLY
33,3,2024Q3,52841.71106666666,1087209.8882333336,0.04622770138307186,-3.039757413810277,3,3,3,0,STATIC_ESTIMATION_MONTHS_ONLY
33,3,2024Q4,55897.974933333324,1096022.9575333335,0.04853075393682743,-2.988853221408279,3,3,3,0,STATIC_ESTIMATION_MONTHS_ONLY
33,3,2025Q1,54209.9606,1107090.5311333335,0.04669037090275021,-3.016600092367033,3,3,3,0,STATIC_ESTIMATION_MONTHS_ONLY
33,3,2025Q2,61137.4211,1028001.8993666666,0.05593094600343387,-2.8429903351722756,3,3,3,0,STATIC_ESTIMATION_MONTHS_ONLY
33,3,2025Q3,68137.09293333335,1098872.9749333335,0.058808386019093835,-2.796146833548723,3,3,3,0,STATIC_ESTIMATION_MONTHS_ONLY
33,3,2025Q4,52505.094750000004,1094978.2793,0.04547043251790331,-3.063667266539909,2,2,3,0,STATIC_ESTIMATION_MONTHS_ONLY
33,3,2026Q1,79280.79936666666,1060897.2113666667,0.06944040543977453,-2.602484975032301,3,3,3,0,STATIC_ESTIMATION_MONTHS_ONLY
33,3,2026Q2,69849.68493333332,1097652.6844666668,0.059631512690732545,-2.7683517568547615,3,3,3,0,STATIC_ESTIMATION_MONTHS_ONLY
33,3,2026Q3,41300.9824,1077281.7781999998,0.03692259871575926,-3.2613099888252317,1,1,1,0,STATIC_ESTIMATION_MONTHS_ONLY
35,1,2017Q1,314939.4071333333,1187676.6648666665,0.209472140298637,-1.3305452209333157,3,3,3,0,STATIC_ESTIMATION_MONTHS_ONLY
35,1,2017Q2,333741.84106666665,1086312.8646333332,0.23536191677219032,-1.178922071989507,3,3,3,0,STATIC_ESTIMATION_MONTHS_ONLY
35,1,2017Q3,309307.4751,1117700.0399,0.21758784250291494,-1.2828571882560533,3,3,3,0,STATIC_ESTIMATION_MONTHS_ONLY
35,1,2017Q4,267212.64996666665,1145456.3949333334,0.1892439798451628,-1.4594381487034527,3,3,3,0,STATIC_ESTIMATION_MONTHS_ONLY
35,1,2018Q1,286064.6031333333,1084920.5329,0.20880618988237498,-1.3340301176192757,3,3,3,0,STATIC_ESTIMATION_MONTHS_ONLY
35,1,2018Q2,345426.116,1093305.39,0.24013537245898461,-1.1521292444733178,3,3,3,0,STATIC_ESTIMATION_MONTHS_ONLY
35,1,2018Q3,312497.3322,1048248.9013,0.22967558647985908,-1.2113150236680372,3,3,3,0,STATIC_ESTIMATION_MONTHS_ONLY
35,1,2018Q4,294990.2970333334,1038568.8868333334,0.2212018031338531,-1.258685268236098,3,3,3,0,STATIC_ESTIMATION_MONTHS_ONLY
35,1,2019Q1,291647.7889666667,1096882.1394,0.21000233261786297,-1.325265409863256,3,3,3,0,STATIC_ESTIMATION_MONTHS_ONLY
35,1,2019Q2,303957.7365,1113587.8743333335,0.21454484405994323,-1.2991370648482932,3,3,3,0,STATIC_ESTIMATION_MONTHS_ONLY
35,1,2019Q3,280338.2913,1074874.8916333334,0.20678633811148273,-1.345151894705263,3,3,3,0,STATIC_ESTIMATION_MONTHS_ONLY
35,1,2019Q4,249636.24676666665,1172519.6842999998,0.17542137705458635,-1.5484532273964475,3,3,3,0,STATIC_ESTIMATION_MONTHS_ONLY
35,1,2020Q1,311944.08886666666,1117732.8705666668,0.21852232164472005,-1.2771460671928325,3,3,3,0,STATIC_ESTIMATION_MONTHS_ONLY
35,1,2020Q2,184885.48529999997,768064.5508,0.1928675622953748,-1.433022651887379,3,3,3,0,STATIC_ESTIMATION_MONTHS_ONLY
35,1,2020Q3,258041.15763333332,866289.9530333333,0.2305397330965704,-1.206738982153669,3,3,3,0,STATIC_ESTIMATION_MONTHS_ONLY
35,1,2020Q4,262323.7351,945854.9874333333,0.21702847678286852,-1.2861484023376348,3,3,3,0,STATIC_ESTIMATION_MONTHS_ONLY
35,1,2021Q1,306905.0443,945737.5314333333,0.2451359338900998,-1.1252001729481693,3,3,3,0,STATIC_ESTIMATION_MONTHS_ONLY
35,1,2021Q2,281821.1617666667,1055154.0008333332,0.2107224044787217,-1.321154535317036,3,3,3,0,STATIC_ESTIMATION_MONTHS_ONLY
35,1,2021Q3,233934.81166666668,1125357.8214,0.17186166009970905,-1.5789855484399677,3,3,3,0,STATIC_ESTIMATION_MONTHS_ONLY
35,1,2021Q4,262476.4611,1080448.4368999999,0.1949130255010799,-1.4242616765910387,3,3,3,0,STATIC_ESTIMATION_MONTHS_ONLY
35,1,2022Q1,275230.2073333333,1079222.9661666667,0.2028664276307295,-1.3708803773356752,3,3,3,0,STATIC_ESTIMATION_MONTHS_ONLY
35,1,2022Q2,308656.32213333336,1084184.9609333333,0.22137222826432068,-1.2581360586183221,3,3,3,0,STATIC_ESTIMATION_MONTHS_ONLY
35,1,2022Q3,308783.55586666666,997881.4193333333,0.23628871258613895,-1.1760511953067487,3,3,3,0,STATIC_ESTIMATION_MONTHS_ONLY
35,1,2022Q4,280629.0241,1194164.13515,0.19036623708359934,-1.447984734127054,2,2,3,1,STATIC_ESTIMATION_MONTHS_ONLY
35,1,2023Q1,350800.8466,1172040.6868666664,0.23077310067004655,-1.2123956114683596,3,3,3,0,STATIC_ESTIMATION_MONTHS_ONLY
35,1,2023Q2,389233.9372,1064993.2401666667,0.26571794857756154,-1.024709593167623,3,3,3,0,STATIC_ESTIMATION_MONTHS_ONLY
35,1,2023Q3,355978.59180000005,1037988.0461666667,0.25528165441574663,-1.0710004460263205,3,3,3,0,STATIC_ESTIMATION_MONTHS_ONLY
35,1,2023Q4,360938.6788666667,1137765.0326333335,0.24069220043240314,-1.14950403247276,3,3,3,0,STATIC_ESTIMATION_MONTHS_ONLY
35,1,2024Q1,440496.9689,1160569.0742333333,0.2752934138524686,-0.9685087395815156,3,3,3,0,STATIC_ESTIMATION_MONTHS_ONLY
35,1,2024Q2,406231.46390000003,1111495.4401,0.2669222106600481,-1.0119859815637413,3,3,3,0,STATIC_ESTIMATION_MONTHS_ONLY
35,1,2024Q3,351649.93553333334,998332.0371666666,0.2605440539426562,-1.044432771245612,3,3,3,0,STATIC_ESTIMATION_MONTHS_ONLY
35,1,2024Q4,371684.0485333333,1192623.2277666666,0.23811994036752826,-1.1652765283542619,3,3,3,0,STATIC_ESTIMATION_MONTHS_ONLY
35,1,2025Q1,373918.0020333333,1164105.1235333334,0.24336854581874942,-1.1364847432007197,3,3,3,0,STATIC_ESTIMATION_MONTHS_ONLY
35,1,2025Q2,383207.41240000003,1109159.5497,0.25594225292708633,-1.0701906430033905,3,3,3,0,STATIC_ESTIMATION_MONTHS_ONLY
35,1,2025Q3,342730.1311333333,1081242.4491666667,0.24022173348659068,-1.1522443856675546,3,3,3,0,STATIC_ESTIMATION_MONTHS_ONLY
35,1,2025Q4,346455.52764999995,1327659.9276,0.20682185592725577,-1.3456759797246174,2,2,3,0,STATIC_ESTIMATION_MONTHS_ONLY
35,1,2026Q1,465127.64886666666,1183935.0194666667,0.2811163636452772,-0.9412420266990368,3,3,3,0,STATIC_ESTIMATION_MONTHS_ONLY
35,1,2026Q2,409074.11763333326,1165669.7416666667,0.25962990677350684,-1.0481675770844914,3,3,3,0,STATIC_ESTIMATION_MONTHS_ONLY
35,1,2026Q3,426269.4472,1190714.9238999998,0.26362001687747794,-1.0272375306116381,1,1,1,0,STATIC_ESTIMATION_MONTHS_ONLY
35,2,2017Q1,570419.9720333334,1722762.2661666665,0.24874773412343232,-1.1056175435667013,3,3,3,0,STATIC_ESTIMATION_MONTHS_ONLY
35,2,2017Q2,617354.0259,1797759.7036666665,0.25585096498832655,-1.068407367594669,3,3,3,0,STATIC_ESTIMATION_MONTHS_ONLY
35,2,2017Q3,630792.0751,1781934.4249666668,0.2612130443920944,-1.0406215872887306,3,3,3,0,STATIC_ESTIMATION_MONTHS_ONLY
35,2,2017Q4,527211.9328,1714647.9839,0.23516770146371568,-1.1793935989781397,3,3,3,0,STATIC_ESTIMATION_MONTHS_ONLY
35,2,2018Q1,577815.8343666666,1715188.0663,0.2521210548577211,-1.0875519732918786,3,3,3,0,STATIC_ESTIMATION_MONTHS_ONLY
35,2,2018Q2,643439.3868999999,1776672.7285,0.2659715077150478,-1.0153379530307591,3,3,3,0,STATIC_ESTIMATION_MONTHS_ONLY
35,2,2018Q3,567893.9951333333,1716682.3082333335,0.24847230941781007,-1.1071571311621584,3,3,3,0,STATIC_ESTIMATION_MONTHS_ONLY
35,2,2018Q4,606813.9804666666,1660855.2822333332,0.2678822503021414,-1.0075369159376113,3,3,3,0,STATIC_ESTIMATION_MONTHS_ONLY
35,2,2019Q1,605543.4930666666,1654185.3283333334,0.26795162399771694,-1.005067006440681,3,3,3,0,STATIC_ESTIMATION_MONTHS_ONLY
35,2,2019Q2,616248.2550666666,1752601.1832666667,0.2599472345617549,-1.0472236052990977,3,3,3,0,STATIC_ESTIMATION_MONTHS_ONLY
35,2,2019Q3,605712.8819,1793774.7722333332,0.2525152127103269,-1.085301246444854,3,3,3,0,STATIC_ESTIMATION_MONTHS_ONLY
35,2,2019Q4,563079.3886666667,1822767.6142333334,0.2359863511225644,-1.175147322863318,3,3,3,0,STATIC_ESTIMATION_MONTHS_ONLY
35,2,2020Q1,549763.4083333333,1707968.4654333333,0.24355630469845635,-1.1350747039016607,3,3,3,0,STATIC_ESTIMATION_MONTHS_ONLY
35,2,2020Q2,274361.6657,781836.775,0.2554620211062221,-1.0758671500324843,3,3,3,0,STATIC_ESTIMATION_MONTHS_ONLY
35,2,2020Q3,379644.7991333334,1075730.5007,0.2617359955156094,-1.0382935866330267,3,3,3,0,STATIC_ESTIMATION_MONTHS_ONLY
35,2,2020Q4,342761.3466,1242317.4127666669,0.21640151182745596,-1.2867973736509082,3,3,3,0,STATIC_ESTIMATION_MONTHS_ONLY
35,2,2021Q1,344303.0929333333,1149326.6692333333,0.23099331909601653,-1.203662989743041,3,3,3,0,STATIC_ESTIMATION_MONTHS_ONLY
35,2,2021Q2,415411.12796666665,1398669.1272999998,0.22909791548111333,-1.2135794574194385,3,3,3,0,STATIC_ESTIMATION_MONTHS_ONLY
35,2,2021Q3,431185.5830333333,1528731.0853333334,0.2195940769731901,-1.2690862497226192,3,3,3,0,STATIC_ESTIMATION_MONTHS_ONLY
35,2,2021Q4,537854.7270666667,1476607.9002999999,0.26696574924679184,-1.010997145666347,3,3,3,0,STATIC_ESTIMATION_MONTHS_ONLY
35,2,2022Q1,417267.73666666663,1497884.2105666667,0.21833772083782657,-1.2772994884085307,3,3,3,0,STATIC_ESTIMATION_MONTHS_ONLY
35,2,2022Q2,469756.85510000004,1683786.0094333335,0.21799833238689173,-1.2789880190764393,3,3,3,0,STATIC_ESTIMATION_MONTHS_ONLY
35,2,2022Q3,525400.6233333334,1635665.8427333336,0.24333016447010491,-1.1357075901081364,3,3,3,0,STATIC_ESTIMATION_MONTHS_ONLY
35,2,2022Q4,472257.40715,1493071.3183499998,0.2402174392105096,-1.1516499573971184,2,2,3,1,STATIC_ESTIMATION_MONTHS_ONLY
35,2,2023Q1,469511.7671333333,1662602.4196999997,0.2201254944504437,-1.2650528975804212,3,3,3,0,STATIC_ESTIMATION_MONTHS_ONLY
35,2,2023Q2,516726.3337666667,1605882.7379333333,0.2434094058893348,-1.1348594114794222,3,3,3,0,STATIC_ESTIMATION_MONTHS_ONLY
35,2,2023Q3,538297.8844,1527726.9505,0.26053362425044674,-1.0432597522369622,3,3,3,0,STATIC_ESTIMATION_MONTHS_ONLY
35,2,2023Q4,476042.4534333334,1522269.1127333334,0.23769125629612997,-1.167359110102243,3,3,3,0,STATIC_ESTIMATION_MONTHS_ONLY
35,2,2024Q1,531557.2251333334,1559968.7577,0.2552097072639382,-1.0745574904279225,3,3,3,0,STATIC_ESTIMATION_MONTHS_ONLY
35,2,2024Q2,549633.7683333333,1647335.0241999999,0.25033411754381374,-1.1001974509332981,3,3,3,0,STATIC_ESTIMATION_MONTHS_ONLY
35,2,2024Q3,529369.2993000001,1643681.7314333336,0.24360015556101788,-1.1334179867568008,3,3,3,0,STATIC_ESTIMATION_MONTHS_ONLY
35,2,2024Q4,455152.28816666664,1582284.5202,0.22316856179462982,-1.2475680066032417,3,3,3,0,STATIC_ESTIMATION_MONTHS_ONLY
35,2,2025Q1,459291.50676666666,1610952.8624666666,0.2218493933343083,-1.2549231106761,3,3,3,0,STATIC_ESTIMATION_MONTHS_ONLY
35,2,2025Q2,492022.2547666666,1639049.4419333332,0.23106786922741293,-1.2041206040172086,3,3,3,0,STATIC_ESTIMATION_MONTHS_ONLY
35,2,2025Q3,557187.4067666666,1617343.7305666667,0.25624809648568264,-1.0658471065678652,3,3,3,0,STATIC_ESTIMATION_MONTHS_ONLY
35,2,2025Q4,555702.13375,1546254.4704999998,0.2643699915374341,-1.0233805089707007,2,2,3,0,STATIC_ESTIMATION_MONTHS_ONLY
35,2,2026Q1,492139.1642,1742922.0215333335,0.2202801428710598,-1.2650113976135848,3,3,3,0,STATIC_ESTIMATION_MONTHS_ONLY
35,2,2026Q2,475809.40400000004,1655530.4769000001,0.22323718886166366,-1.247573303358585,3,3,3,0,STATIC_ESTIMATION_MONTHS_ONLY
35,2,2026Q3,451602.57110000006,1599674.019,0.22015683954058304,-1.2647526237734752,1,1,1,0,STATIC_ESTIMATION_MONTHS_ONLY
35,4,2017Q1,52365.15476666667,422395.37776666664,0.10997200305958554,-2.092630793460535,3,3,3,0,STATIC_ESTIMATION_MONTHS_ONLY
35,4,2017Q2,62223.72616666667,366892.34483333334,0.14491592805747477,-1.7887149144547918,3,3,3,0,STATIC_ESTIMATION_MONTHS_ONLY
35,4,2017Q3,58979.8697,370887.7721,0.1365275558545082,-1.8540413896551293,3,3,3,0,STATIC_ESTIMATION_MONTHS_ONLY
35,4,2017Q4,49272.59733333334,366935.7976,0.1183784446719572,-2.010722468031561,3,3,3,0,STATIC_ESTIMATION_MONTHS_ONLY
35,4,2018Q1,66488.58636666667,390376.5659333333,0.14604757317042286,-1.7684802336252823,3,3,3,0,STATIC_ESTIMATION_MONTHS_ONLY
35,4,2018Q2,69064.154,461076.4520333333,0.1294174169503027,-1.9147610174381342,3,3,3,0,STATIC_ESTIMATION_MONTHS_ONLY
35,4,2018Q3,53323.195933333336,403304.0887,0.11668619404233045,-2.038078022649575,3,3,3,0,STATIC_ESTIMATION_MONTHS_ONLY
35,4,2018Q4,54693.94843333333,393970.39536666666,0.12009304367988982,-2.0069343766274126,3,3,3,0,STATIC_ESTIMATION_MONTHS_ONLY
35,4,2019Q1,83859.5536,428174.7844,0.16378290449454966,-1.6318743831185003,3,3,3,0,STATIC_ESTIMATION_MONTHS_ONLY
35,4,2019Q2,67238.8418,407830.22826666664,0.14198053198639907,-1.8059710334512176,3,3,3,0,STATIC_ESTIMATION_MONTHS_ONLY
35,4,2019Q3,87545.94216666666,469745.16986666666,0.15642582430497684,-1.7153407694483256,3,3,3,0,STATIC_ESTIMATION_MONTHS_ONLY
35,4,2019Q4,73534.22246666666,425173.7813,0.14437318944321578,-1.806616840595251,3,3,3,0,STATIC_ESTIMATION_MONTHS_ONLY
35,4,2020Q1,49265.937333333335,355398.28926666663,0.12157649277672011,-1.979750715564384,3,3,3,0,STATIC_ESTIMATION_MONTHS_ONLY
35,4,2020Q2,47382.6904,304428.93,0.13523864504510616,-1.8754689021164026,3,3,3,0,STATIC_ESTIMATION_MONTHS_ONLY
35,4,2020Q3,74542.04276666667,357608.6611666667,0.1726071654057486,-1.5686855509013844,3,3,3,0,STATIC_ESTIMATION_MONTHS_ONLY
35,4,2020Q4,79203.94409999998,342435.3514666667,0.18808725762247905,-1.4635544718103943,3,3,3,0,STATIC_ESTIMATION_MONTHS_ONLY
35,4,2021Q1,70671.83423333334,286252.0272666667,0.19787448531453836,-1.4009500205194645,3,3,3,0,STATIC_ESTIMATION_MONTHS_ONLY
35,4,2021Q2,78454.71813333333,275773.58763333334,0.22106873543544722,-1.2598501703984155,3,3,3,0,STATIC_ESTIMATION_MONTHS_ONLY
35,4,2021Q3,82398.1225,311786.04106666666,0.2077348171954326,-1.3508163992591855,3,3,3,0,STATIC_ESTIMATION_MONTHS_ONLY
35,4,2021Q4,77905.9657,385915.3506,0.16548199261913518,-1.6306126194212949,3,3,3,0,STATIC_ESTIMATION_MONTHS_ONLY
35,4,2022Q1,61551.3629,362398.65313333337,0.1457361342039872,-1.7877910417844658,3,3,3,0,STATIC_ESTIMATION_MONTHS_ONLY
35,4,2022Q2,67247.50706666667,358530.8601333333,0.15825816143293214,-1.6763917051087782,3,3,3,0,STATIC_ESTIMATION_MONTHS_ONLY
35,4,2022Q3,62867.3095,311021.3381666667,0.16812455561735876,-1.5991496028904055,3,3,3,0,STATIC_ESTIMATION_MONTHS_ONLY
35,4,2022Q4,54164.633350000004,346568.70145000005,0.13508765784690996,-1.8571781269152716,2,2,3,1,STATIC_ESTIMATION_MONTHS_ONLY
35,4,2023Q1,63266.47203333333,397618.9000666666,0.1386177891112012,-1.8385678233187657,3,3,3,0,STATIC_ESTIMATION_MONTHS_ONLY
35,4,2023Q2,70194.5868,368390.00570000004,0.15641529765192388,-1.7140825266217405,3,3,3,0,STATIC_ESTIMATION_MONTHS_ONLY
35,4,2023Q3,67188.36843333334,355817.0427333333,0.15936513084329326,-1.6674639901021064,3,3,3,0,STATIC_ESTIMATION_MONTHS_ONLY
35,4,2023Q4,72056.97516666666,359708.8984666667,0.16636603687524057,-1.623356821693766,3,3,3,0,STATIC_ESTIMATION_MONTHS_ONLY
35,4,2024Q1,82707.05829999999,346008.96650000004,0.19261775981646587,-1.4370908062186551,3,3,3,0,STATIC_ESTIMATION_MONTHS_ONLY
35,4,2024Q2,71534.73313333333,352350.9487666667,0.16811328247350618,-1.603177110638179,3,3,3,0,STATIC_ESTIMATION_MONTHS_ONLY
35,4,2024Q3,37860.339433333334,344443.8911666667,0.10030952953090495,-2.2240011297196656,3,3,3,0,STATIC_ESTIMATION_MONTHS_ONLY
35,4,2024Q4,37224.0877,379073.1436666667,0.09105119095781106,-2.397283366841468,3,3,3,0,STATIC_ESTIMATION_MONTHS_ONLY
35,4,2025Q1,77248.0036,380172.7301,0.16865097098901985,-1.6039304831307184,3,3,3,0,STATIC_ESTIMATION_MONTHS_ONLY
35,4,2025Q2,67666.43579999999,350517.3641666667,0.1613323055596706,-1.650811075445257,3,3,3,0,STATIC_ESTIMATION_MONTHS_ONLY
35,4,2025Q3,50779.57886666667,371757.87016666663,0.11991472632575857,-2.014481760993144,3,3,3,0,STATIC_ESTIMATION_MONTHS_ONLY
35,4,2025Q4,72442.919,374715.8057,0.1621310070319617,-1.6434232823106738,2,2,3,0,STATIC_ESTIMATION_MONTHS_ONLY
35,4,2026Q1,99589.19436666666,370074.6972,0.2118377069922881,-1.3146555905193757,3,3,3,0,STATIC_ESTIMATION_MONTHS_ONLY
35,4,2026Q2,67798.5636,352732.32190000004,0.15985608974912383,-1.7038909395096278,3,3,3,0,STATIC_ESTIMATION_MONTHS_ONLY
35,4,2026Q3,42258.5941,350198.2993,0.1076770336071768,-2.1146918197032405,1,1,1,0,STATIC_ESTIMATION_MONTHS_ONLY
37,1,2017Q1,166100.15927372532,2071417.586908011,0.07419244308071382,-2.530086988546603,3,3,3,0,STATIC_ESTIMATION_MONTHS_ONLY
37,1,2017Q2,210656.99478970168,2332145.1143187336,0.08297307533635467,-2.4045707718521174,3,3,3,0,STATIC_ESTIMATION_MONTHS_ONLY
37,1,2017Q3,220775.41772301446,2463635.2883834136,0.08233122012954393,-2.4125152778220254,3,3,3,0,STATIC_ESTIMATION_MONTHS_ONLY
37,1,2017Q4,164831.8951535112,2324000.719138144,0.06622626183155123,-2.6471266249660492,3,3,3,0,STATIC_ESTIMATION_MONTHS_ONLY
37,1,2018Q1,159085.562176655,2068361.0225559103,0.07143590190411021,-2.5672341967177,3,3,3,0,STATIC_ESTIMATION_MONTHS_ONLY
37,1,2018Q2,203286.64163124724,2258802.3142483905,0.08246618354576006,-2.416044132842145,3,3,3,0,STATIC_ESTIMATION_MONTHS_ONLY
37,1,2018Q3,207667.39745643022,2289418.613587866,0.0832265104448263,-2.4008381986502676,3,3,3,0,STATIC_ESTIMATION_MONTHS_ONLY
37,1,2018Q4,190051.8449054587,2348300.24547941,0.07477488028055902,-2.525359133649726,3,3,3,0,STATIC_ESTIMATION_MONTHS_ONLY
37,1,2019Q1,132865.28175670022,2059508.26802045,0.06056844882916046,-2.746053900188508,3,3,3,0,STATIC_ESTIMATION_MONTHS_ONLY
37,1,2019Q2,144878.73800191595,2321141.7313163476,0.058720129111249214,-2.774777126827031,3,3,3,0,STATIC_ESTIMATION_MONTHS_ONLY
37,1,2019Q3,170259.40404595414,2304715.8358111405,0.06881001466351516,-2.6054298996698932,3,3,3,0,STATIC_ESTIMATION_MONTHS_ONLY
37,1,2019Q4,171390.49362531104,2093813.347674218,0.07566514128558456,-2.5030228942109165,3,3,3,0,STATIC_ESTIMATION_MONTHS_ONLY
37,1,2020Q1,163563.35146666667,1964213.6867666666,0.07691231696286095,-2.4856771888204157,3,3,3,0,STATIC_ESTIMATION_MONTHS_ONLY
37,1,2020Q2,123995.05310000002,1654945.7999666666,0.06881196821989906,-2.6216017322831724,3,3,3,0,STATIC_ESTIMATION_MONTHS_ONLY
37,1,2020Q3,179889.28303333334,1943495.7594666667,0.08469192837672927,-2.3869010879596053,3,3,3,0,STATIC_ESTIMATION_MONTHS_ONLY
37,1,2020Q4,228470.15856666668,1970351.9333,0.10470037808040566,-2.1534668815955964,3,3,3,0,STATIC_ESTIMATION_MONTHS_ONLY
37,1,2021Q1,174455.40743333334,1773248.2213,0.0896753211282932,-2.3209829988281783,3,3,3,0,STATIC_ESTIMATION_MONTHS_ONLY
37,1,2021Q2,161003.73403333334,2184606.1754333335,0.0688563489255309,-2.6166604236434887,3,3,3,0,STATIC_ESTIMATION_MONTHS_ONLY
37,1,2021Q3,218069.07193333333,2225730.7143666665,0.08932001696062895,-2.3240340394649,3,3,3,0,STATIC_ESTIMATION_MONTHS_ONLY
37,1,2021Q4,162597.0762,2222612.0252333335,0.06808338954381161,-2.6174435222843577,3,3,3,0,STATIC_ESTIMATION_MONTHS_ONLY
37,1,2022Q1,148931.46303333333,1861244.4013333332,0.0738820679439418,-2.5398623425583033,3,3,3,0,STATIC_ESTIMATION_MONTHS_ONLY
37,1,2022Q2,199686.12833333333,2269600.7900000005,0.08078006438188667,-2.433266392008697,3,3,3,0,STATIC_ESTIMATION_MONTHS_ONLY
37,1,2022Q3,224767.29876666667,2138711.3670666665,0.09486035487089779,-2.257026163981807,3,3,3,0,STATIC_ESTIMATION_MONTHS_ONLY
37,1,2022Q4,228028.07455000002,2330146.9087,0.08930454655736525,-2.3272171682872216,2,2,3,1,STATIC_ESTIMATION_MONTHS_ONLY
37,1,2023Q1,177445.0157333333,1836248.1851333333,0.08812045660422502,-2.3368650698405182,3,3,3,0,STATIC_ESTIMATION_MONTHS_ONLY
37,1,2023Q2,218306.33239999998,2071352.8541333333,0.09483823935237952,-2.2610611379012866,3,3,3,0,STATIC_ESTIMATION_MONTHS_ONLY
37,1,2023Q3,202933.46476666667,2251350.2888666666,0.08274049959763267,-2.4066808264482193,3,3,3,0,STATIC_ESTIMATION_MONTHS_ONLY
37,1,2023Q4,161416.51493333335,2086515.6102999998,0.07167178710124734,-2.561719326216808,3,3,3,0,STATIC_ESTIMATION_MONTHS_ONLY
37,1,2024Q1,198227.31506666666,2012344.7992333334,0.08946692580627931,-2.337205397534761,3,3,3,0,STATIC_ESTIMATION_MONTHS_ONLY
37,1,2024Q2,198192.92996666665,2136814.445633333,0.08494969779458773,-2.3831923106761064,3,3,3,0,STATIC_ESTIMATION_MONTHS_ONLY
37,1,2024Q3,203006.38386666667,2288775.141666667,0.08123690558767031,-2.4327367874028254,3,3,3,0,STATIC_ESTIMATION_MONTHS_ONLY
37,1,2024Q4,177507.86746666665,2050252.8801333334,0.07963948413106475,-2.4476535311589953,3,3,3,0,STATIC_ESTIMATION_MONTHS_ONLY
37,1,2025Q1,138920.47476666665,1977258.1515,0.06539056908639833,-2.6710227025850473,3,3,3,0,STATIC_ESTIMATION_MONTHS_ONLY
37,1,2025Q2,202298.08353333335,2232139.4109,0.08316446719386122,-2.4036439140635455,3,3,3,0,STATIC_ESTIMATION_MONTHS_ONLY
37,1,2025Q3,228975.0471,2037600.7114333333,0.10089034807045312,-2.1908511307020357,3,3,3,0,STATIC_ESTIMATION_MONTHS_ONLY
37,1,2025Q4,167913.7622,1990247.9626500001,0.07784520899525338,-2.4736683343167036,2,2,3,0,STATIC_ESTIMATION_MONTHS_ONLY
37,1,2026Q1,189062.45239999998,1752734.9441333332,0.09716574282183738,-2.230293969911108,3,3,3,0,STATIC_ESTIMATION_MONTHS_ONLY
37,1,2026Q2,232590.14393333334,2299295.943433333,0.09206017329376898,-2.29213212688659,3,3,3,0,STATIC_ESTIMATION_MONTHS_ONLY
37,1,2026Q3,218645.2022,2300606.7587,0.08678973187020532,-2.353477840469256,1,1,1,0,STATIC_ESTIMATION_MONTHS_ONLY
37,2,2017Q1,16106.396633333332,368649.13923333335,0.04184684188777362,-3.142460986250756,3,3,3,0,STATIC_ESTIMATION_MONTHS_ONLY
37,2,2017Q2,21457.2671,412265.5919333333,0.04935497470499752,-2.961053831296906,3,3,3,0,STATIC_ESTIMATION_MONTHS_ONLY
37,2,2017Q3,32612.473466666666,388885.2894666667,0.07713867779705903,-2.4872697723595825,3,3,3,0,STATIC_ESTIMATION_MONTHS_ONLY
37,2,2017Q4,28653.765666666663,371832.85370000004,0.07173656386924072,-2.5728547653835547,3,3,3,0,STATIC_ESTIMATION_MONTHS_ONLY
37,2,2018Q1,28422.919599999997,357715.8639666666,0.0724812560178969,-2.5916896103069504,3,3,3,0,STATIC_ESTIMATION_MONTHS_ONLY
37,2,2018Q2,13725.6253,364175.6089666667,0.03635679121823708,-3.310763882605786,3,3,3,0,STATIC_ESTIMATION_MONTHS_ONLY
37,2,2018Q3,18648.189566666664,403144.4214666667,0.04415537689548623,-3.0803170377394657,3,3,3,0,STATIC_ESTIMATION_MONTHS_ONLY
37,2,2018Q4,14934.1611,370760.7394,0.038438708988876254,-3.238688532332338,3,3,3,0,STATIC_ESTIMATION_MONTHS_ONLY
37,2,2019Q1,32209.144133333335,428377.3895,0.0694498827622901,-2.6040459178847426,3,3,3,0,STATIC_ESTIMATION_MONTHS_ONLY
37,2,2019Q2,28681.3287,394571.4312,0.06884970192534763,-2.6384565806497364,3,3,3,0,STATIC_ESTIMATION_MONTHS_ONLY
37,2,2019Q3,19636.69916666667,396607.5036333333,0.04712022272236277,-3.014090634692907,3,3,3,0,STATIC_ESTIMATION_MONTHS_ONLY
37,2,2019Q4,10649.361466666667,358205.39426666667,0.02885207130690537,-3.5226622128726413,3,3,3,0,STATIC_ESTIMATION_MONTHS_ONLY
37,2,2020Q1,9243.0774,395277.9941333334,0.022918399578891305,-3.7559676657056555,3,3,3,0,STATIC_ESTIMATION_MONTHS_ONLY
37,2,2020Q2,24452.992766666666,339863.7660333333,0.06799989566357621,-2.6597013115141888,3,3,3,0,STATIC_ESTIMATION_MONTHS_ONLY
37,2,2020Q3,29589.257700000002,436201.7539666667,0.06400833211706704,-2.701429255847939,3,3,3,0,STATIC_ESTIMATION_MONTHS_ONLY
37,2,2020Q4,29360.4264,359021.7439333333,0.07546863274630021,-2.516693814123482,3,3,3,0,STATIC_ESTIMATION_MONTHS_ONLY
37,2,2021Q1,19839.21503333333,382124.0756666667,0.04943014486980039,-2.9599892950121505,3,3,3,0,STATIC_ESTIMATION_MONTHS_ONLY
37,2,2021Q2,15937.0652,354166.21133333334,0.043123330675737585,-3.163073183782103,3,3,3,0,STATIC_ESTIMATION_MONTHS_ONLY
37,2,2021Q3,29142.1338,441987.50316666666,0.06187492985146779,-2.7276404576782056,3,3,3,0,STATIC_ESTIMATION_MONTHS_ONLY
37,2,2021Q4,21327.167966666668,417102.2253333333,0.05005746354132392,-3.051460879563818,3,3,3,0,STATIC_ESTIMATION_MONTHS_ONLY
37,2,2022Q1,25852.476066666666,389124.46680000005,0.06224672237137152,-2.715198401790867,3,3,3,0,STATIC_ESTIMATION_MONTHS_ONLY
37,2,2022Q2,23273.8756,350624.14536666666,0.06217512346362245,-2.7181745775812236,3,3,3,0,STATIC_ESTIMATION_MONTHS_ONLY
37,2,2022Q3,26176.37716666667,356291.92046666663,0.068531205653299,-2.6369290595143817,3,3,3,0,STATIC_ESTIMATION_MONTHS_ONLY
37,2,2022Q4,10622.7328,336578.66035,0.030418933823101117,-3.4640195510694576,2,2,3,1,STATIC_ESTIMATION_MONTHS_ONLY
37,2,2023Q1,8995.688766666668,375954.6645333334,0.023920363480490075,-3.766474091028892,3,3,3,0,STATIC_ESTIMATION_MONTHS_ONLY
37,2,2023Q2,16175.044966666666,365731.8126333333,0.04212472169094775,-3.1401261671547864,3,3,3,0,STATIC_ESTIMATION_MONTHS_ONLY
37,2,2023Q3,21277.346533333333,385486.5428,0.05246366621597629,-2.912584469033021,3,3,3,0,STATIC_ESTIMATION_MONTHS_ONLY
37,2,2023Q4,18687.309966666668,342584.82080000004,0.0513487437975547,-2.921703953929305,3,3,3,0,STATIC_ESTIMATION_MONTHS_ONLY
37,2,2024Q1,26578.0684,382559.14903333335,0.06708440917244352,-2.724918157352564,3,3,3,0,STATIC_ESTIMATION_MONTHS_ONLY
37,2,2024Q2,23116.837633333333,446810.38083333336,0.04745555586153549,-3.0698003679284356,3,3,3,0,STATIC_ESTIMATION_MONTHS_ONLY
37,2,2024Q3,20790.1394,400705.0154666666,0.05053053128244988,-3.0357009173639073,3,3,3,0,STATIC_ESTIMATION_MONTHS_ONLY
37,2,2024Q4,29972.02073333334,366356.3330666667,0.07725574134425123,-2.5361759601208975,3,3,3,0,STATIC_ESTIMATION_MONTHS_ONLY
37,2,2025Q1,12981.4948,358857.29750000004,0.035476256673027416,-3.3900918147871173,3,3,3,0,STATIC_ESTIMATION_MONTHS_ONLY
37,2,2025Q2,21816.414800000002,415359.9217666667,0.04974945211765885,-3.0065567899979104,3,3,3,0,STATIC_ESTIMATION_MONTHS_ONLY
37,2,2025Q3,29888.811066666665,418278.21760000003,0.06677752447564313,-2.6608049444902497,3,3,3,0,STATIC_ESTIMATION_MONTHS_ONLY
37,2,2025Q4,23725.2952,344379.29405,0.06378916943003576,-2.7015329962825425,2,2,3,0,STATIC_ESTIMATION_MONTHS_ONLY
37,2,2026Q1,8477.261533333332,372924.5631666666,0.02114609890942441,-3.8919890095656178,3,3,3,0,STATIC_ESTIMATION_MONTHS_ONLY
37,2,2026Q2,13254.901433333333,467197.57786666666,0.028518365279959712,-4.083009531788195,3,3,3,0,STATIC_ESTIMATION_MONTHS_ONLY
37,2,2026Q3,7551.7114,442684.97589999996,0.01677275889107671,-4.071084188662184,1,1,1,0,STATIC_ESTIMATION_MONTHS_ONLY
37,3,2017Q1,13921.343866666668,204446.09483333337,0.06341029409538824,-2.7461381008950565,3,3,3,0,STATIC_ESTIMATION_MONTHS_ONLY
37,3,2017Q2,22212.071533333336,222917.88873333333,0.09045754109429255,-2.3142495984111555,3,3,3,0,STATIC_ESTIMATION_MONTHS_ONLY
37,3,2017Q3,22078.0304,246859.74640000003,0.08298772157442276,-2.451160328973037,3,3,3,0,STATIC_ESTIMATION_MONTHS_ONLY
37,3,2017Q4,13345.562899999999,220751.64126666667,0.05695338440922799,-2.823691227578536,3,3,3,0,STATIC_ESTIMATION_MONTHS_ONLY
37,3,2018Q1,2304.2440333333334,257523.38199999998,0.00890412005625154,-4.770460297074937,3,3,3,0,STATIC_ESTIMATION_MONTHS_ONLY
37,3,2018Q2,5482.954466666667,194383.95016666668,0.028824269437785117,-3.1769104572978346,3,2,3,0,STATIC_ESTIMATION_MONTHS_ONLY
37,3,2018Q3,10444.667966666666,223236.25246666666,0.046155273972457445,-3.0528177044789224,3,3,3,0,STATIC_ESTIMATION_MONTHS_ONLY
37,3,2018Q4,11000.835033333335,227244.03283333336,0.046035827617514534,-3.0350188408357677,3,3,3,0,STATIC_ESTIMATION_MONTHS_ONLY
37,3,2019Q1,11094.569633333333,229955.57633333336,0.04640972839007932,-3.031416075936216,3,3,3,0,STATIC_ESTIMATION_MONTHS_ONLY
37,3,2019Q2,5412.263366666667,218753.68453333332,0.02232403333618582,-4.071723482105829,3,3,3,0,STATIC_ESTIMATION_MONTHS_ONLY
37,3,2019Q3,18508.098766666666,250461.21273333335,0.06540099861132655,-2.8065572259273672,3,3,3,0,STATIC_ESTIMATION_MONTHS_ONLY
37,3,2019Q4,17976.9575,308266.0472666667,0.05527985480546033,-2.90561571246986,3,3,3,0,STATIC_ESTIMATION_MONTHS_ONLY
37,3,2020Q1,1779.5329000000002,229380.15746666666,0.00780258787563691,-4.910664268793009,3,3,3,0,STATIC_ESTIMATION_MONTHS_ONLY
37,3,2020Q2,12543.5573,252941.4002,0.04574807881473067,-3.371523237426816,3,3,3,0,STATIC_ESTIMATION_MONTHS_ONLY
37,3,2020Q3,26122.9617,213656.94143333333,0.1107785778640612,-2.092430924824456,3,3,3,0,STATIC_ESTIMATION_MONTHS_ONLY
37,3,2020Q4,12613.2287,206738.19126666666,0.0574568978673044,-2.8011429540836548,3,3,3,0,STATIC_ESTIMATION_MONTHS_ONLY
37,3,2021Q1,7841.3168000000005,226125.4614,0.03343661990533368,-3.429365539628854,3,3,3,0,STATIC_ESTIMATION_MONTHS_ONLY
37,3,2021Q2,6600.362533333333,196056.40896666667,0.03250627618799244,-3.5010182824344542,3,3,3,0,STATIC_ESTIMATION_MONTHS_ONLY
37,3,2021Q3,11388.6633,192073.96813333334,0.056492785333048266,-2.845212667884802,3,3,3,0,STATIC_ESTIMATION_MONTHS_ONLY
37,3,2021Q4,12253.994433333333,215510.16903333334,0.053065630233541904,-3.043288524486924,3,3,3,0,STATIC_ESTIMATION_MONTHS_ONLY
37,3,2022Q1,13202.032866666666,238178.63493333335,0.05234230813240215,-2.915014673276835,3,3,3,0,STATIC_ESTIMATION_MONTHS_ONLY
37,3,2022Q2,28670.838233333332,221671.71846666667,0.11156676858934729,-2.131374034239404,3,3,3,0,STATIC_ESTIMATION_MONTHS_ONLY
37,3,2022Q3,28173.434966666668,274344.9387333333,0.09325668539903742,-2.2971334546453437,3,3,3,0,STATIC_ESTIMATION_MONTHS_ONLY
37,3,2022Q4,10189.658500000001,196220.54165,0.05003081152389602,-2.961475909347101,2,2,3,1,STATIC_ESTIMATION_MONTHS_ONLY
37,3,2023Q1,15654.88,261192.23396666665,0.05577866036004886,-2.8990282839184247,3,3,3,0,STATIC_ESTIMATION_MONTHS_ONLY
37,3,2023Q2,7306.887966666665,305525.03226666665,0.022468408025708084,-3.3816352725988,3,2,3,0,STATIC_ESTIMATION_MONTHS_ONLY
37,3,2023Q3,13459.947733333334,214847.65043333333,0.050346750241919536,-3.2161009674110694,3,3,3,0,STATIC_ESTIMATION_MONTHS_ONLY
37,3,2023Q4,6389.3543,223016.0228,0.027471491914819058,-3.572763233106748,3,3,3,0,STATIC_ESTIMATION_MONTHS_ONLY
37,3,2024Q1,10268.151933333333,265861.864,0.03454744158297596,-3.79661304901585,3,3,3,0,STATIC_ESTIMATION_MONTHS_ONLY
37,3,2024Q2,10004.7298,272863.9668333333,0.03454584647844134,-3.87100142407033,3,3,3,0,STATIC_ESTIMATION_MONTHS_ONLY
37,3,2024Q3,11306.508466666666,251493.77559999996,0.04671231849528762,-3.123424407779067,3,3,3,0,STATIC_ESTIMATION_MONTHS_ONLY
37,3,2024Q4,10541.528166666665,196122.97846666665,0.0506397608922576,-2.9359236546514964,3,3,3,0,STATIC_ESTIMATION_MONTHS_ONLY
37,3,2025Q1,5031.210233333334,214608.14386666668,0.023558546300886125,-3.307563473378077,3,2,3,0,STATIC_ESTIMATION_MONTHS_ONLY
37,3,2025Q2,3069.5113333333334,302119.1768,0.009937767453554285,-4.692763530687228,3,3,3,0,STATIC_ESTIMATION_MONTHS_ONLY
37,3,2025Q3,12812.213766666668,258947.8561,0.04751473115678148,-3.073667320968962,3,3,3,0,STATIC_ESTIMATION_MONTHS_ONLY
37,3,2025Q4,17929.52895,281122.55365,0.05956372766494021,-2.762657747034916,2,2,3,0,STATIC_ESTIMATION_MONTHS_ONLY
37,3,2026Q1,10761.257566666667,238812.00863333335,0.04866628326452879,-3.783834570180255,3,3,3,0,STATIC_ESTIMATION_MONTHS_ONLY
37,3,2026Q2,22396.654433333333,210335.1248333333,0.09598809642683569,-2.263528443415669,3,3,3,0,STATIC_ESTIMATION_MONTHS_ONLY
37,3,2026Q3,36743.7055,280275.5877,0.11590368879164481,-2.031806428829232,1,1,1,0,STATIC_ESTIMATION_MONTHS_ONLY
39,1,2017Q1,281669.16790781316,1864282.0049173331,0.1311092328492136,-1.8999574170713587,3,3,3,0,STATIC_ESTIMATION_MONTHS_ONLY
39,1,2017Q2,308010.8274092597,1837116.2771781844,0.14364791813142563,-1.7868104359725192,3,3,3,0,STATIC_ESTIMATION_MONTHS_ONLY
39,1,2017Q3,301057.8490372196,1888085.2197820367,0.1374849965483946,-1.8370810794988748,3,3,3,0,STATIC_ESTIMATION_MONTHS_ONLY
39,1,2017Q4,295264.21579305385,1939279.861785866,0.13195118222429436,-1.888128099356467,3,3,3,0,STATIC_ESTIMATION_MONTHS_ONLY
39,1,2018Q1,240718.04385603583,1988219.0421759188,0.10812590444262456,-2.111975293371923,3,3,3,0,STATIC_ESTIMATION_MONTHS_ONLY
39,1,2018Q2,293892.3416089998,1941354.4198624587,0.13164293284994602,-1.8868512566101054,3,3,3,0,STATIC_ESTIMATION_MONTHS_ONLY
39,1,2018Q3,257756.83720575552,1905694.1156986654,0.11927916236102987,-2.002434411457679,3,3,3,0,STATIC_ESTIMATION_MONTHS_ONLY
39,1,2018Q4,241194.6949737242,1998630.614643873,0.10776354574672375,-2.1171535232113463,3,3,3,0,STATIC_ESTIMATION_MONTHS_ONLY
39,1,2019Q1,285231.6754904271,1849915.479149515,0.1336458683649163,-1.8698170312581732,3,3,3,0,STATIC_ESTIMATION_MONTHS_ONLY
39,1,2019Q2,309216.36541577865,1788123.1427166786,0.14740215518992042,-1.7568486398808751,3,3,3,0,STATIC_ESTIMATION_MONTHS_ONLY
39,1,2019Q3,294080.4090107282,1857382.692490232,0.13685218527545248,-1.8466089538219939,3,3,3,0,STATIC_ESTIMATION_MONTHS_ONLY
39,1,2019Q4,309710.8056792556,1872961.1927575746,0.14181948281979287,-1.8008612438911318,3,3,3,0,STATIC_ESTIMATION_MONTHS_ONLY
39,1,2020Q1,257344.94406666665,1817141.5158666668,0.12401564176052254,-1.9564047108917404,3,3,3,0,STATIC_ESTIMATION_MONTHS_ONLY
39,1,2020Q2,215355.37933333335,1152310.1967,0.15551707828695616,-1.6992316495013906,3,3,3,0,STATIC_ESTIMATION_MONTHS_ONLY
39,1,2020Q3,265021.38563333335,1583494.7872333333,0.14377592103037495,-1.7859261893162799,3,3,3,0,STATIC_ESTIMATION_MONTHS_ONLY
39,1,2020Q4,242283.80613333336,1552784.0665,0.13427012493624976,-1.8748597041292907,3,3,3,0,STATIC_ESTIMATION_MONTHS_ONLY
39,1,2021Q1,252614.5388666667,1641890.5083333335,0.1330511368335243,-1.8757993884650068,3,3,3,0,STATIC_ESTIMATION_MONTHS_ONLY
39,1,2021Q2,251910.39003333333,1614079.8704666665,0.1350466637374176,-1.8575324981338979,3,3,3,0,STATIC_ESTIMATION_MONTHS_ONLY
39,1,2021Q3,230786.47656666665,1790795.5643333334,0.11438916040603204,-2.0500683938258155,3,3,3,0,STATIC_ESTIMATION_MONTHS_ONLY
39,1,2021Q4,223591.53266666667,1630202.1260666668,0.12033120323459401,-1.990755797819307,3,3,3,0,STATIC_ESTIMATION_MONTHS_ONLY
39,1,2022Q1,227167.54653333334,1658551.2306000001,0.12047401748603666,-1.9918116341181626,3,3,3,0,STATIC_ESTIMATION_MONTHS_ONLY
39,1,2022Q2,259075.27983333333,1793736.9500333332,0.12619908798343019,-1.9350153633157408,3,3,3,0,STATIC_ESTIMATION_MONTHS_ONLY
39,1,2022Q3,266906.2854,1756726.7712,0.13200617655490537,-1.889887038513019,3,3,3,0,STATIC_ESTIMATION_MONTHS_ONLY
39,1,2022Q4,246159.99420000002,1808682.3014999998,0.11954799731636491,-2.000664942051978,2,2,3,1,STATIC_ESTIMATION_MONTHS_ONLY
39,1,2023Q1,287363.6848666666,1815043.4874666666,0.13683120453845757,-1.8430090195873046,3,3,3,0,STATIC_ESTIMATION_MONTHS_ONLY
39,1,2023Q2,240348.0747,1837462.6951666668,0.11546221208907138,-2.045806251712285,3,3,3,0,STATIC_ESTIMATION_MONTHS_ONLY
39,1,2023Q3,226093.59660000002,1818568.1667666668,0.11085222837030044,-2.085255125681598,3,3,3,0,STATIC_ESTIMATION_MONTHS_ONLY
39,1,2023Q4,263585.0836333333,1729327.7664,0.13217707952159555,-1.8839224095131966,3,3,3,0,STATIC_ESTIMATION_MONTHS_ONLY
39,1,2024Q1,256174.46039999998,1703761.1546333332,0.130685960807969,-1.898509191706563,3,3,3,0,STATIC_ESTIMATION_MONTHS_ONLY
39,1,2024Q2,212457.5969,1674374.4019333336,0.11273027426774002,-2.0695537183911386,3,3,3,0,STATIC_ESTIMATION_MONTHS_ONLY
39,1,2024Q3,248784.93833333332,1848227.183,0.11820081548048651,-2.0137727199890865,3,3,3,0,STATIC_ESTIMATION_MONTHS_ONLY
39,1,2024Q4,217992.23340000003,1848634.582733333,0.10539573984945029,-2.139306139954566,3,3,3,0,STATIC_ESTIMATION_MONTHS_ONLY
39,1,2025Q1,272538.77156666666,1730754.7374333332,0.1358211505017315,-1.8576331783922957,3,3,3,0,STATIC_ESTIMATION_MONTHS_ONLY
39,1,2025Q2,229477.56999999998,1879693.0335000001,0.1086439736352679,-2.1069147971313655,3,3,3,0,STATIC_ESTIMATION_MONTHS_ONLY
39,1,2025Q3,256824.32770000002,1828988.9609,0.1229510666135273,-1.9676737792468668,3,3,3,0,STATIC_ESTIMATION_MONTHS_ONLY
39,1,2025Q4,298254.84315,1868968.60695,0.1375201137899965,-1.8364055394852976,2,2,3,0,STATIC_ESTIMATION_MONTHS_ONLY
39,1,2026Q1,255692.68613333334,1752782.2456666667,0.12723304284838605,-1.927160239188835,3,3,3,0,STATIC_ESTIMATION_MONTHS_ONLY
39,1,2026Q2,245079.54573333333,1756094.6713333335,0.1225442861056976,-1.9696860092638764,3,3,3,0,STATIC_ESTIMATION_MONTHS_ONLY
39,1,2026Q3,249061.5656,1633130.196,0.13232528729606144,-1.8805537005913868,1,1,1,0,STATIC_ESTIMATION_MONTHS_ONLY
39,2,2017Q1,94816.42563155574,541407.2310864489,0.14906669509208612,-1.744347946943144,3,3,3,0,STATIC_ESTIMATION_MONTHS_ONLY
39,2,2017Q2,114757.36922771051,617969.297433497,0.1565289123347328,-1.6856328684363746,3,3,3,0,STATIC_ESTIMATION_MONTHS_ONLY
39,2,2017Q3,130909.0708222848,653314.5628002672,0.16679320137345166,-1.6106900908362176,3,3,3,0,STATIC_ESTIMATION_MONTHS_ONLY
39,2,2017Q4,122384.35815711577,679587.7513970011,0.15188790235232943,-1.7250668447291442,3,3,3,0,STATIC_ESTIMATION_MONTHS_ONLY
39,2,2018Q1,78892.51440356568,606629.7853660024,0.11550173854688896,-2.039307502466928,3,3,3,0,STATIC_ESTIMATION_MONTHS_ONLY
39,2,2018Q2,117477.35362038894,688850.1275934117,0.14547070913653104,-1.7713112335494205,3,3,3,0,STATIC_ESTIMATION_MONTHS_ONLY
39,2,2018Q3,114894.85414244952,656944.3533715442,0.1485407707121588,-1.7493002939295437,3,3,3,0,STATIC_ESTIMATION_MONTHS_ONLY
39,2,2018Q4,100926.10453556087,656566.3164060462,0.13243454404600932,-1.8848725290162134,3,3,3,0,STATIC_ESTIMATION_MONTHS_ONLY
39,2,2019Q1,78654.62024972495,604521.6548230991,0.11535116794524473,-2.0394347550448426,3,3,3,0,STATIC_ESTIMATION_MONTHS_ONLY
39,2,2019Q2,103008.0391033417,599283.584387587,0.14658630114191962,-1.7721566491992091,3,3,3,0,STATIC_ESTIMATION_MONTHS_ONLY
39,2,2019Q3,108230.12083530809,566890.2845402885,0.16151114487034932,-1.6595880342664806,3,3,3,0,STATIC_ESTIMATION_MONTHS_ONLY
39,2,2019Q4,95258.60378078023,639005.2198095961,0.1292684720636467,-1.9241344154304134,3,3,3,0,STATIC_ESTIMATION_MONTHS_ONLY
39,2,2020Q1,110021.93560000001,573186.6770666667,0.16093540673338427,-1.6560434191370703,3,3,3,0,STATIC_ESTIMATION_MONTHS_ONLY
39,2,2020Q2,71095.5039,410968.33190000005,0.14349862676749411,-1.8106543982371786,3,3,3,0,STATIC_ESTIMATION_MONTHS_ONLY
39,2,2020Q3,111785.67773333333,429296.92566666665,0.20624608692383828,-1.3553171167177542,3,3,3,0,STATIC_ESTIMATION_MONTHS_ONLY
39,2,2020Q4,75471.41763333335,418474.4673666667,0.1529569296137169,-1.7313275688852567,3,3,3,0,STATIC_ESTIMATION_MONTHS_ONLY
39,2,2021Q1,69653.08773333335,395795.31916666665,0.1486499490273711,-1.7528939302335733,3,3,3,0,STATIC_ESTIMATION_MONTHS_ONLY
39,2,2021Q2,116153.0147,487885.898,0.19127508181812924,-1.448897310038964,3,3,3,0,STATIC_ESTIMATION_MONTHS_ONLY
39,2,2021Q3,97113.891,513693.21183333336,0.15641635537589213,-1.7012316838673094,3,3,3,0,STATIC_ESTIMATION_MONTHS_ONLY
39,2,2021Q4,127010.71206666665,501028.5563,0.20183623440604367,-1.3808742124200357,3,3,3,0,STATIC_ESTIMATION_MONTHS_ONLY
39,2,2022Q1,98744.83093333333,510016.0012,0.16290922305392722,-1.6425190987364193,3,3,3,0,STATIC_ESTIMATION_MONTHS_ONLY
39,2,2022Q2,79515.4475,536205.2776333333,0.1284478298146942,-1.947367285676621,3,3,3,0,STATIC_ESTIMATION_MONTHS_ONLY
39,2,2022Q3,90472.73883333332,552400.5801,0.1405014513512971,-1.8159897374153067,3,3,3,0,STATIC_ESTIMATION_MONTHS_ONLY
39,2,2022Q4,118333.7313,614831.1335,0.16123009575927189,-1.6517696731367164,2,2,3,1,STATIC_ESTIMATION_MONTHS_ONLY
39,2,2023Q1,126070.55673333333,501250.18769999995,0.2012320826919909,-1.380532430536879,3,3,3,0,STATIC_ESTIMATION_MONTHS_ONLY
39,2,2023Q2,173439.76466666666,673814.1893666666,0.20476027871676608,-1.3569477530786969,3,3,3,0,STATIC_ESTIMATION_MONTHS_ONLY
39,2,2023Q3,145864.2413,600251.9864666667,0.19507076008086796,-1.4181707318773096,3,3,3,0,STATIC_ESTIMATION_MONTHS_ONLY
39,2,2023Q4,168837.29883333333,559463.0629333333,0.231551928731815,-1.2042393619756544,3,3,3,0,STATIC_ESTIMATION_MONTHS_ONLY
39,2,2024Q1,129557.00520000001,520377.9080666667,0.19852932536216486,-1.4113695104890793,3,3,3,0,STATIC_ESTIMATION_MONTHS_ONLY
39,2,2024Q2,161213.046,516497.1678666666,0.2375489153511626,-1.1672977506601623,3,3,3,0,STATIC_ESTIMATION_MONTHS_ONLY
39,2,2024Q3,160429.3155666667,552867.8165000001,0.22624838168266273,-1.2425275528027395,3,3,3,0,STATIC_ESTIMATION_MONTHS_ONLY
39,2,2024Q4,141426.97913333334,584907.5065,0.19477714098408527,-1.4222613980057506,3,3,3,0,STATIC_ESTIMATION_MONTHS_ONLY
39,2,2025Q1,100868.9521,567140.6027333332,0.15146597401543105,-1.757648994038016,3,3,3,0,STATIC_ESTIMATION_MONTHS_ONLY
39,2,2025Q2,109454.93636666665,617225.9587666667,0.1486594621864067,-1.7563426811270242,3,3,3,0,STATIC_ESTIMATION_MONTHS_ONLY
39,2,2025Q3,120885.71873333333,609267.5405333333,0.1656967059983412,-1.6211245148826932,3,3,3,0,STATIC_ESTIMATION_MONTHS_ONLY
39,2,2025Q4,153325.99575,609765.1848500001,0.2009330507337268,-1.3804730753252756,2,2,3,0,STATIC_ESTIMATION_MONTHS_ONLY
39,2,2026Q1,112199.56403333333,556066.2782,0.16782280184807064,-1.6017356772180829,3,3,3,0,STATIC_ESTIMATION_MONTHS_ONLY
39,2,2026Q2,143871.11443333334,570244.5718666667,0.20236231975626515,-1.3743918977448821,3,3,3,0,STATIC_ESTIMATION_MONTHS_ONLY
39,2,2026Q3,161279.4095,596319.3303,0.21288236242654845,-1.3076379891336063,1,1,1,0,STATIC_ESTIMATION_MONTHS_ONLY
39,3,2017Q1,21320.38631606,222216.89345382666,0.08786620100489466,-2.343962783493612,3,3,3,0,STATIC_ESTIMATION_MONTHS_ONLY
39,3,2017Q2,30523.50793369333,260946.3839110333,0.10438801266860914,-2.1523980767696753,3,3,3,0,STATIC_ESTIMATION_MONTHS_ONLY
39,3,2017Q3,25306.92264248,284967.63726540667,0.0814426804779275,-2.4290632820552847,3,3,3,0,STATIC_ESTIMATION_MONTHS_ONLY
39,3,2017Q4,37419.788470013336,268287.4265470866,0.12172274392792864,-1.990175901237479,3,3,3,0,STATIC_ESTIMATION_MONTHS_ONLY
39,3,2018Q1,12930.776483146665,229698.90665952666,0.05182000707483472,-3.013513420444631,3,3,3,0,STATIC_ESTIMATION_MONTHS_ONLY
39,3,2018Q2,14453.411617933334,262737.8513363867,0.05144032260563831,-3.0123094567209177,3,3,3,0,STATIC_ESTIMATION_MONTHS_ONLY
39,3,2018Q3,20635.407643673334,277725.0787252333,0.06950331243728343,-2.6033587133748544,3,3,3,0,STATIC_ESTIMATION_MONTHS_ONLY
39,3,2018Q4,23516.378835299998,227146.932047,0.09395391470775966,-2.295902358413208,3,3,3,0,STATIC_ESTIMATION_MONTHS_ONLY
39,3,2019Q1,24590.16065842,253110.78260579333,0.08705847337370869,-2.372848621303124,3,3,3,0,STATIC_ESTIMATION_MONTHS_ONLY
39,3,2019Q2,27838.354543493333,248268.6805278867,0.10088943549910022,-2.2163253513976042,3,3,3,0,STATIC_ESTIMATION_MONTHS_ONLY
39,3,2019Q3,21830.928928073332,244481.28121201333,0.08172091725982303,-2.42873311674786,3,3,3,0,STATIC_ESTIMATION_MONTHS_ONLY
39,3,2019Q4,14432.818776959999,247218.2160413,0.05646908799660579,-2.865316183876067,3,3,3,0,STATIC_ESTIMATION_MONTHS_ONLY
39,3,2020Q1,20188.083166666667,297745.1397,0.065252376672232,-2.7059322181403167,3,3,3,0,STATIC_ESTIMATION_MONTHS_ONLY
39,3,2020Q2,21148.4446,198070.59483333337,0.09307534109500287,-2.355116719216747,3,3,3,0,STATIC_ESTIMATION_MONTHS_ONLY
39,3,2020Q3,22139.69483333333,206411.30296666667,0.09618739766716518,-2.2559141207042863,3,3,3,0,STATIC_ESTIMATION_MONTHS_ONLY
39,3,2020Q4,13706.028966666667,268154.99743333337,0.04847965991709471,-2.9874717139614417,3,3,3,0,STATIC_ESTIMATION_MONTHS_ONLY
39,3,2021Q1,35078.73266666667,241709.56693333332,0.12612698172341602,-1.9412532810895542,3,3,3,0,STATIC_ESTIMATION_MONTHS_ONLY
39,3,2021Q2,24445.55686666667,262368.81213333335,0.08387544598012427,-2.5292686319292916,3,3,3,0,STATIC_ESTIMATION_MONTHS_ONLY
39,3,2021Q3,17394.430733333335,273474.43083333335,0.05854423653294349,-2.934244364582357,3,3,3,0,STATIC_ESTIMATION_MONTHS_ONLY
39,3,2021Q4,28198.524233333334,317545.7247666667,0.08181270501408354,-2.419950971814003,3,3,3,0,STATIC_ESTIMATION_MONTHS_ONLY
39,3,2022Q1,32631.062133333337,282555.54353333334,0.10521048449849113,-2.1540158844470345,3,3,3,0,STATIC_ESTIMATION_MONTHS_ONLY
39,3,2022Q2,33291.229133333334,233227.241,0.12414495310290652,-1.9555380359370031,3,3,3,0,STATIC_ESTIMATION_MONTHS_ONLY
39,3,2022Q3,26134.957599999998,220736.67463333334,0.10502052413473308,-2.1480851481101495,3,3,3,0,STATIC_ESTIMATION_MONTHS_ONLY
39,3,2022Q4,24660.8822,265594.60904999997,0.08451248098756467,-2.3970669374895692,2,2,3,1,STATIC_ESTIMATION_MONTHS_ONLY
39,3,2023Q1,16196.001166666667,277119.30563333334,0.05486206153964787,-2.883174913453223,3,3,3,0,STATIC_ESTIMATION_MONTHS_ONLY
39,3,2023Q2,20922.71613333333,316825.8591333334,0.062280851447349315,-2.7600409940710087,3,3,3,0,STATIC_ESTIMATION_MONTHS_ONLY
39,3,2023Q3,21162.919533333334,276018.2449333333,0.07153680094924163,-2.6126658042162045,3,3,3,0,STATIC_ESTIMATION_MONTHS_ONLY
39,3,2023Q4,22359.5762,265156.23076666665,0.07764643682513596,-2.4806033572380835,3,3,3,0,STATIC_ESTIMATION_MONTHS_ONLY
39,3,2024Q1,20649.7776,260695.8245,0.07272781580579606,-2.5611179656020657,3,3,3,0,STATIC_ESTIMATION_MONTHS_ONLY
39,3,2024Q2,25573.837466666668,269804.7870333333,0.08573464741371006,-2.395106689187736,3,3,3,0,STATIC_ESTIMATION_MONTHS_ONLY
39,3,2024Q3,22743.714333333333,261976.85946666668,0.07748998663507381,-2.544190322994899,3,3,3,0,STATIC_ESTIMATION_MONTHS_ONLY
39,3,2024Q4,18360.970733333335,275264.0472,0.06281490981787374,-2.736221641246574,3,3,3,0,STATIC_ESTIMATION_MONTHS_ONLY
39,3,2025Q1,5136.297566666667,162788.39736666667,0.03202562821660502,-3.433935991688726,3,3,3,0,STATIC_ESTIMATION_MONTHS_ONLY
39,3,2025Q2,12745.544899999999,81966.43119999999,0.13436585647912655,-1.9317929142166614,3,3,3,0,STATIC_ESTIMATION_MONTHS_ONLY
39,3,2025Q3,19363.78183333333,78858.40346666667,0.1962647987090367,-1.4105225053384232,3,3,3,0,STATIC_ESTIMATION_MONTHS_ONLY
39,3,2025Q4,11670.7279,88558.9021,0.12113637005820252,-2.0067335305523644,2,2,3,0,STATIC_ESTIMATION_MONTHS_ONLY
39,3,2026Q1,5191.074133333333,117494.58303333334,0.040962011825981144,-3.310360821832996,3,3,3,0,STATIC_ESTIMATION_MONTHS_ONLY
39,3,2026Q2,18471.61763333333,106974.01386666666,0.14596085236445214,-1.8062523306141518,3,3,3,0,STATIC_ESTIMATION_MONTHS_ONLY
39,3,2026Q3,16025.3589,70912.22379999999,0.1843317746169632,-1.4872704288923604,1,1,1,0,STATIC_ESTIMATION_MONTHS_ONLY
41,1,2017Q1,14576.910533333334,33919.30243333333,0.30062647537395515,-0.8601199387133893,3,3,3,0,STATIC_ESTIMATION_MONTHS_ONLY
41,1,2017Q2,12263.519033333332,35144.7659,0.25479642338253056,-1.0772286674195046,3,3,3,0,STATIC_ESTIMATION_MONTHS_ONLY
41,1,2017Q3,981.2030333333333,39272.59136666667,0.025693030790958013,-2.482711471940913,3,1,3,0,STATIC_ESTIMATION_MONTHS_ONLY
41,1,2017Q4,6090.470666666668,38514.64223333333,0.1355846677112931,-2.221209018956554,3,3,3,0,STATIC_ESTIMATION_MONTHS_ONLY
41,1,2018Q1,11720.7433,35720.92656666667,0.2370904116792474,-1.2477916963967999,3,3,3,0,STATIC_ESTIMATION_MONTHS_ONLY
41,1,2018Q2,6417.9103000000005,30178.534466666664,0.1762767550169255,-1.0253515029344271,3,2,3,0,STATIC_ESTIMATION_MONTHS_ONLY
41,1,2018Q3,2464.932166666667,32089.044233333334,0.07252852981413793,-2.2848827884654104,3,2,3,0,STATIC_ESTIMATION_MONTHS_ONLY
41,1,2018Q4,10791.049133333332,33051.491700000006,0.24842047183988136,-1.124487109043166,3,3,3,0,STATIC_ESTIMATION_MONTHS_ONLY
41,1,2019Q1,10959.347699999998,19127.178900000003,0.38812643396435137,-0.5011417460548844,3,3,3,0,STATIC_ESTIMATION_MONTHS_ONLY
41,1,2019Q2,12767.476733333335,31184.6934,0.2989279575060223,-0.862028694828164,3,3,3,0,STATIC_ESTIMATION_MONTHS_ONLY
41,1,2019Q3,1668.3982666666668,40524.152566666664,0.03743613777155349,-2.067375593228707,3,1,3,0,STATIC_ESTIMATION_MONTHS_ONLY
41,1,2019Q4,0.0,32893.39023333333,0.0,,3,0,3,0,STATIC_ESTIMATION_MONTHS_ONLY
41,1,2020Q1,3205.489933333333,17428.208899999998,0.1744041169429136,-1.2400976387323248,3,2,3,0,STATIC_ESTIMATION_MONTHS_ONLY
41,1,2020Q2,7337.6079,7598.9578,0.5036288825395215,0.0364606210677032,3,3,3,0,STATIC_ESTIMATION_MONTHS_ONLY
41,1,2020Q3,10089.738366666666,6008.774399999999,0.6098593457686744,0.46633056540803586,3,3,3,0,STATIC_ESTIMATION_MONTHS_ONLY
41,1,2020Q4,5549.395833333333,9586.071366666667,0.4430926100378178,-0.23315365642769867,3,3,3,0,STATIC_ESTIMATION_MONTHS_ONLY
41,1,2021Q1,5103.896299999999,14367.991399999999,0.25855403008792893,-1.2832568139553198,3,3,3,0,STATIC_ESTIMATION_MONTHS_ONLY
41,1,2021Q2,3787.4889000000003,22782.127300000004,0.1314951845260506,-1.4252659826602658,3,2,3,0,STATIC_ESTIMATION_MONTHS_ONLY
41,1,2021Q3,0.0,35016.883200000004,0.0,,3,0,3,0,STATIC_ESTIMATION_MONTHS_ONLY
41,1,2021Q4,1586.6825666666666,16301.186833333333,0.054861122701271546,-1.6245133219553591,3,1,3,0,STATIC_ESTIMATION_MONTHS_ONLY
41,1,2022Q1,843.6196333333334,4472.919466666667,0.1444581765338205,-1.2851209331503226,3,2,3,0,STATIC_ESTIMATION_MONTHS_ONLY
41,1,2022Q2,0.0,13528.945399999999,0.0,,3,0,3,0,STATIC_ESTIMATION_MONTHS_ONLY
41,1,2022Q3,0.0,32121.435466666666,0.0,,3,0,3,0,STATIC_ESTIMATION_MONTHS_ONLY
41,1,2022Q4,219.6431,24631.6879,0.008367335566986241,-4.073396318109648,2,1,3,1,STATIC_ESTIMATION_MONTHS_ONLY
41,1,2023Q1,3271.1107333333334,8185.698733333334,0.25361310143339816,-0.5197184096597611,3,2,3,0,STATIC_ESTIMATION_MONTHS_ONLY
41,1,2023Q2,2611.4210000000003,27076.739,0.11911172368084377,-1.798533197827882,3,2,3,0,STATIC_ESTIMATION_MONTHS_ONLY
41,1,2023Q3,0.0,27230.751666666667,0.0,,3,0,3,0,STATIC_ESTIMATION_MONTHS_ONLY
41,1,2023Q4,4038.2383333333332,17136.668833333333,0.17113096520663726,-1.0897987039630586,3,2,3,0,STATIC_ESTIMATION_MONTHS_ONLY
41,1,2024Q1,7200.142833333332,20486.5208,0.252414479991205,-1.0922894032149757,3,3,3,0,STATIC_ESTIMATION_MONTHS_ONLY
41,1,2024Q2,14881.852066666666,22420.100933333335,0.39653311452518053,-0.43787786120053657,3,3,3,0,STATIC_ESTIMATION_MONTHS_ONLY
41,1,2024Q3,11611.4862,26017.542100000002,0.31740665221568115,-0.8260672269133905,3,3,3,0,STATIC_ESTIMATION_MONTHS_ONLY
41,1,2024Q4,11915.426333333331,22427.61403333333,0.3473515437901309,0.08421242594426104,3,2,3,0,STATIC_ESTIMATION_MONTHS_ONLY
41,1,2025Q1,0.0,33610.12566666667,0.0,,3,0,3,0,STATIC_ESTIMATION_MONTHS_ONLY
41,1,2025Q2,5768.9177666666665,16271.159566666667,0.27987993175537884,-0.32956272838313955,3,2,3,0,STATIC_ESTIMATION_MONTHS_ONLY
41,1,2025Q3,1675.558,21503.814433333333,0.09708229114712347,-0.8893359965453941,3,1,3,0,STATIC_ESTIMATION_MONTHS_ONLY
41,1,2025Q4,0.0,32532.3191,0.0,,2,0,3,0,STATIC_ESTIMATION_MONTHS_ONLY
41,1,2026Q1,6570.6287999999995,29474.423899999998,0.17770751932988685,-1.0899247397605474,3,2,3,0,STATIC_ESTIMATION_MONTHS_ONLY
41,1,2026Q2,0.0,38788.673833333334,0.0,,3,0,3,0,STATIC_ESTIMATION_MONTHS_ONLY
41,1,2026Q3,0.0,22608.2294,0.0,,1,0,1,0,STATIC_ESTIMATION_MONTHS_ONLY
41,2,2017Q1,453059.46656666667,1693564.9056000002,0.2109426675614492,-1.3211130513542095,3,3,3,0,STATIC_ESTIMATION_MONTHS_ONLY
41,2,2017Q2,494695.71236666664,1634161.3505333334,0.23190419680904853,-1.1999301968518126,3,3,3,0,STATIC_ESTIMATION_MONTHS_ONLY
41,2,2017Q3,487406.3773666667,1536037.2858,0.240440712106325,-1.1514718920734568,3,3,3,0,STATIC_ESTIMATION_MONTHS_ONLY
41,2,2017Q4,471240.2913,1500970.6041,0.23914785910246972,-1.1591728634594025,3,3,3,0,STATIC_ESTIMATION_MONTHS_ONLY
41,2,2018Q1,462285.9510666667,1521418.3938333334,0.2330093173511981,-1.1924715783143502,3,3,3,0,STATIC_ESTIMATION_MONTHS_ONLY
41,2,2018Q2,489989.03123333334,1516071.0755,0.24401402496964217,-1.1331823289005356,3,3,3,0,STATIC_ESTIMATION_MONTHS_ONLY
41,2,2018Q3,393076.1628666667,1543618.7575666665,0.20307606177733772,-1.3747916222412604,3,3,3,0,STATIC_ESTIMATION_MONTHS_ONLY
41,2,2018Q4,523354.40973333333,1565889.3616666666,0.25056007052302615,-1.0959931245439016,3,3,3,0,STATIC_ESTIMATION_MONTHS_ONLY
41,2,2019Q1,448851.1711666667,1556536.2814666666,0.22375517113334098,-1.2470985588991514,3,3,3,0,STATIC_ESTIMATION_MONTHS_ONLY
41,2,2019Q2,472519.21280000004,1648814.4718666666,0.22332946356225072,-1.251576839187784,3,3,3,0,STATIC_ESTIMATION_MONTHS_ONLY
41,2,2019Q3,425802.8667666667,1675641.8233666664,0.20264923133261803,-1.370013109209902,3,3,3,0,STATIC_ESTIMATION_MONTHS_ONLY
41,2,2019Q4,444473.1783333334,1532604.9393,0.2247679500158024,-1.2381187332986396,3,3,3,0,STATIC_ESTIMATION_MONTHS_ONLY
41,2,2020Q1,396484.0829,1292171.8739,0.235629299392777,-1.1799955925603414,3,3,3,0,STATIC_ESTIMATION_MONTHS_ONLY
41,2,2020Q2,321421.21603333333,971576.4539,0.24830513952970393,-1.1085731143200463,3,3,3,0,STATIC_ESTIMATION_MONTHS_ONLY
41,2,2020Q3,360971.2643,1116509.8411333335,0.24397148745022745,-1.1319845273680522,3,3,3,0,STATIC_ESTIMATION_MONTHS_ONLY
41,2,2020Q4,393121.19696666667,1240471.3640666667,0.2408402075211746,-1.150150044291026,3,3,3,0,STATIC_ESTIMATION_MONTHS_ONLY
41,2,2021Q1,347511.64,1222137.1627666669,0.22114781843399134,-1.259282454398533,3,3,3,0,STATIC_ESTIMATION_MONTHS_ONLY
41,2,2021Q2,313703.9778666667,1152074.7893666665,0.21402097911187792,-1.301549435596883,3,3,3,0,STATIC_ESTIMATION_MONTHS_ONLY
41,2,2021Q3,375648.913,1222371.2267333334,0.23486739472602802,-1.1832979286143621,3,3,3,0,STATIC_ESTIMATION_MONTHS_ONLY
41,2,2021Q4,348121.5117,1243328.3695,0.21834120680465952,-1.277033434723356,3,3,3,0,STATIC_ESTIMATION_MONTHS_ONLY
41,2,2022Q1,378643.93006666674,1384297.5980666669,0.21474204002809918,-1.2985813489686695,3,3,3,0,STATIC_ESTIMATION_MONTHS_ONLY
41,2,2022Q2,362759.5491333333,1320268.6092333333,0.21573347477048757,-1.2928747114361656,3,3,3,0,STATIC_ESTIMATION_MONTHS_ONLY
41,2,2022Q3,367993.5455,1206693.8242,0.23366421003322857,-1.1877997848857886,3,3,3,0,STATIC_ESTIMATION_MONTHS_ONLY
41,2,2022Q4,366084.4719,1186674.1385499998,0.23576190156189908,-1.176056998745887,2,2,3,1,STATIC_ESTIMATION_MONTHS_ONLY
41,2,2023Q1,335245.6814333333,1242762.5838,0.21242315354600105,-1.3117553857309632,3,3,3,0,STATIC_ESTIMATION_MONTHS_ONLY
41,2,2023Q2,322239.00626666663,1208064.4734666666,0.21056237180653783,-1.321550293554479,3,3,3,0,STATIC_ESTIMATION_MONTHS_ONLY
41,2,2023Q3,272539.50843333337,1259209.1696333333,0.17774621743166943,-1.5320247037149384,3,3,3,0,STATIC_ESTIMATION_MONTHS_ONLY
41,2,2023Q4,330505.7784,1219520.9323333334,0.2128886992880049,-1.3130713832098644,3,3,3,0,STATIC_ESTIMATION_MONTHS_ONLY
41,2,2024Q1,336205.4514666667,1189715.8790666666,0.22030704964458755,-1.265465301842699,3,3,3,0,STATIC_ESTIMATION_MONTHS_ONLY
41,2,2024Q2,340352.6007,1149447.8363333333,0.22833541932553444,-1.2178943375014586,3,3,3,0,STATIC_ESTIMATION_MONTHS_ONLY
41,2,2024Q3,375297.70636666665,1169108.5219,0.24275163109179196,-1.138045272043337,3,3,3,0,STATIC_ESTIMATION_MONTHS_ONLY
41,2,2024Q4,359493.8355333333,1103004.7282666666,0.24570255832392482,-1.1218636048270227,3,3,3,0,STATIC_ESTIMATION_MONTHS_ONLY
41,2,2025Q1,368249.8944333333,1268062.5930333333,0.22499710888143146,-1.2403115541407912,3,3,3,0,STATIC_ESTIMATION_MONTHS_ONLY
41,2,2025Q2,369508.6534,1286813.1604,0.22294366511883432,-1.250441909920064,3,3,3,0,STATIC_ESTIMATION_MONTHS_ONLY
41,2,2025Q3,336589.3631,1159600.1152333335,0.22575077207460095,-1.2360528681359488,3,3,3,0,STATIC_ESTIMATION_MONTHS_ONLY
41,2,2025Q4,382718.9569,1344693.7689999999,0.22212053177497754,-1.2541272835652695,2,2,3,0,STATIC_ESTIMATION_MONTHS_ONLY
41,2,2026Q1,413854.3027333333,1385360.5453333333,0.23009995910977266,-1.2078863366523571,3,3,3,0,STATIC_ESTIMATION_MONTHS_ONLY
41,2,2026Q2,311757.773,1275128.8117000002,0.1963352415707528,-1.4124700745646832,3,3,3,0,STATIC_ESTIMATION_MONTHS_ONLY
41,2,2026Q3,332615.6136,1294882.4991000001,0.20437234980764102,-1.3591877259973617,1,1,1,0,STATIC_ESTIMATION_MONTHS_ONLY
41,3,2017Q1,550130.1516333333,2966677.1703999997,0.1565654610635064,-1.6861266199277736,3,3,3,0,STATIC_ESTIMATION_MONTHS_ONLY
41,3,2017Q2,471397.84243333334,2968839.138366667,0.13704683189490163,-1.8409539828172978,3,3,3,0,STATIC_ESTIMATION_MONTHS_ONLY
41,3,2017Q3,492630.39550000004,2862222.9463333334,0.14686356339292866,-1.7598246222686313,3,3,3,0,STATIC_ESTIMATION_MONTHS_ONLY
41,3,2017Q4,495575.0127666667,2799343.556866667,0.15031549959457863,-1.7324926639718077,3,3,3,0,STATIC_ESTIMATION_MONTHS_ONLY
41,3,2018Q1,502854.1955,2853439.3747,0.1498152822536901,-1.7361615949405875,3,3,3,0,STATIC_ESTIMATION_MONTHS_ONLY
41,3,2018Q2,486011.5781333333,2988809.8792999997,0.139973822447042,-1.8167461883313065,3,3,3,0,STATIC_ESTIMATION_MONTHS_ONLY
41,3,2018Q3,468956.29513333336,3041984.2364333333,0.133939355891641,-1.8691355676953423,3,3,3,0,STATIC_ESTIMATION_MONTHS_ONLY
41,3,2018Q4,487934.7616333333,2912165.1533,0.1434665599815097,-1.787726491857596,3,3,3,0,STATIC_ESTIMATION_MONTHS_ONLY
41,3,2019Q1,419302.20116666664,2962155.9487333335,0.12393278541258346,-1.9565167461927544,3,3,3,0,STATIC_ESTIMATION_MONTHS_ONLY
41,3,2019Q2,485187.7464,2915639.484933333,0.1426518180962215,-1.7934620570421709,3,3,3,0,STATIC_ESTIMATION_MONTHS_ONLY
41,3,2019Q3,479996.98226666666,2846474.8946666666,0.14429702270813388,-1.780148944153592,3,3,3,0,STATIC_ESTIMATION_MONTHS_ONLY
41,3,2019Q4,433420.4344666667,3008482.8629,0.12599567471768036,-1.9371613128038103,3,3,3,0,STATIC_ESTIMATION_MONTHS_ONLY
41,3,2020Q1,428282.06086666667,2937975.8567999997,0.12733741751717434,-1.928959222800673,3,3,3,0,STATIC_ESTIMATION_MONTHS_ONLY
41,3,2020Q2,329816.2708,2440999.0225,0.11890301079402572,-2.003226368156641,3,3,3,0,STATIC_ESTIMATION_MONTHS_ONLY
41,3,2020Q3,406155.9138,2696037.726733333,0.1310762548257743,-1.8947308937972327,3,3,3,0,STATIC_ESTIMATION_MONTHS_ONLY
41,3,2020Q4,443279.65313333337,2716391.1871,0.1404197998441742,-1.8133823140098067,3,3,3,0,STATIC_ESTIMATION_MONTHS_ONLY
41,3,2021Q1,409511.3629,2796002.4118000004,0.12792035790323364,-1.920198396127209,3,3,3,0,STATIC_ESTIMATION_MONTHS_ONLY
41,3,2021Q2,439697.85736666666,2592937.3408333333,0.1449706778630165,-1.7752075375105927,3,3,3,0,STATIC_ESTIMATION_MONTHS_ONLY
41,3,2021Q3,398311.20973333326,2695060.133533333,0.1288402400558658,-1.9130616365447386,3,3,3,0,STATIC_ESTIMATION_MONTHS_ONLY
41,3,2021Q4,438482.7497666667,2776276.634533333,0.13638874424400527,-1.8460844370233207,3,3,3,0,STATIC_ESTIMATION_MONTHS_ONLY
41,3,2022Q1,371065.413,2623436.4634000002,0.12360634341228034,-1.9621469091347876,3,3,3,0,STATIC_ESTIMATION_MONTHS_ONLY
41,3,2022Q2,386870.7534333333,2571393.6227666666,0.1307444348191326,-1.8948233562908108,3,3,3,0,STATIC_ESTIMATION_MONTHS_ONLY
41,3,2022Q3,364097.05563333334,2658517.5459333337,0.12043930427419684,-1.9957842403971293,3,3,3,0,STATIC_ESTIMATION_MONTHS_ONLY
41,3,2022Q4,405614.0834,2692474.539,0.13097239928379373,-1.8969465536592736,2,2,3,1,STATIC_ESTIMATION_MONTHS_ONLY
41,3,2023Q1,400333.4862,2539994.5172,0.13647676578540627,-1.8479696084867456,3,3,3,0,STATIC_ESTIMATION_MONTHS_ONLY
41,3,2023Q2,388377.4017666667,2592790.8585666665,0.13033046414131563,-1.8994776408629797,3,3,3,0,STATIC_ESTIMATION_MONTHS_ONLY
41,3,2023Q3,419631.8222333333,2635130.8909333334,0.13734337326669277,-1.8386055525874951,3,3,3,0,STATIC_ESTIMATION_MONTHS_ONLY
41,3,2023Q4,415540.4534333334,2444246.4402,0.14532647549035557,-1.7745475518787337,3,3,3,0,STATIC_ESTIMATION_MONTHS_ONLY
41,3,2024Q1,401141.7913,2634962.0960333333,0.13244061256938405,-1.883489403209941,3,3,3,0,STATIC_ESTIMATION_MONTHS_ONLY
41,3,2024Q2,407061.8058,2659728.0586333335,0.1327431032113611,-1.877128577755754,3,3,3,0,STATIC_ESTIMATION_MONTHS_ONLY
41,3,2024Q3,352670.3364,2579355.828433333,0.1204668117746792,-1.9964155736612248,3,3,3,0,STATIC_ESTIMATION_MONTHS_ONLY
41,3,2024Q4,393923.3238666667,2536578.7805333333,0.1344613113836077,-1.8622633903261667,3,3,3,0,STATIC_ESTIMATION_MONTHS_ONLY
41,3,2025Q1,361405.5723666667,2561739.7320000003,0.12341788358833072,-1.9652583161959953,3,3,3,0,STATIC_ESTIMATION_MONTHS_ONLY
41,3,2025Q2,395000.2086333334,2682419.223466667,0.12842151990188624,-1.9158863522317215,3,3,3,0,STATIC_ESTIMATION_MONTHS_ONLY
41,3,2025Q3,458554.1436333333,2617867.2118,0.14912480546977228,-1.7417398521940246,3,3,3,0,STATIC_ESTIMATION_MONTHS_ONLY
41,3,2025Q4,452630.68495,2333127.4395,0.16268621090867275,-1.6412180862371621,2,2,3,0,STATIC_ESTIMATION_MONTHS_ONLY
41,3,2026Q1,469072.2405666667,2344790.6523333336,0.16681248999245493,-1.609204950558629,3,3,3,0,STATIC_ESTIMATION_MONTHS_ONLY
41,3,2026Q2,432699.30950000003,2566046.6403,0.1443739502003749,-1.7812981673544346,3,3,3,0,STATIC_ESTIMATION_MONTHS_ONLY
41,3,2026Q3,480194.65349999996,2583700.2369999997,0.15672686911972902,-1.682786300997548,1,1,1,0,STATIC_ESTIMATION_MONTHS_ONLY
41,4,2017Q1,293733.77733333333,3962783.097066667,0.06898528402345067,-2.602576834964355,3,3,3,0,STATIC_ESTIMATION_MONTHS_ONLY
41,4,2017Q2,289317.2194,3771884.3333666665,0.07123379592201742,-2.5680000879968854,3,3,3,0,STATIC_ESTIMATION_MONTHS_ONLY
41,4,2017Q3,296635.65663333336,3819220.5534666665,0.07193702568893719,-2.5604056907078436,3,3,3,0,STATIC_ESTIMATION_MONTHS_ONLY
41,4,2017Q4,357543.05353333335,4047092.355,0.08118072278898796,-2.426466068098105,3,3,3,0,STATIC_ESTIMATION_MONTHS_ONLY
41,4,2018Q1,300781.4464666667,3982478.35,0.07021475231460879,-2.5834565601729835,3,3,3,0,STATIC_ESTIMATION_MONTHS_ONLY
41,4,2018Q2,317983.18189999997,4052279.6345,0.07280598004833651,-2.5469782415357423,3,3,3,0,STATIC_ESTIMATION_MONTHS_ONLY
41,4,2018Q3,311209.24406666664,3972389.1759666665,0.07263818517800959,-2.5477496839567606,3,3,3,0,STATIC_ESTIMATION_MONTHS_ONLY
41,4,2018Q4,305542.1529,4201808.424333333,0.06776941270316215,-2.621562801827219,3,3,3,0,STATIC_ESTIMATION_MONTHS_ONLY
41,4,2019Q1,265161.3015666667,3882568.8707,0.06396766728691751,-2.688140511197904,3,3,3,0,STATIC_ESTIMATION_MONTHS_ONLY
41,4,2019Q2,284223.71663333336,3853409.5009666667,0.06869402482346192,-2.6080127612681374,3,3,3,0,STATIC_ESTIMATION_MONTHS_ONLY
41,4,2019Q3,296823.8983333333,3972082.7785333334,0.06950863789328748,-2.609133505068391,3,3,3,0,STATIC_ESTIMATION_MONTHS_ONLY
41,4,2019Q4,272504.07683333335,3944165.1963666664,0.0645197772616218,-2.6788900496082655,3,3,3,0,STATIC_ESTIMATION_MONTHS_ONLY
41,4,2020Q1,208604.66093333333,3750530.8433,0.05268950993598354,-2.890414745022444,3,3,3,0,STATIC_ESTIMATION_MONTHS_ONLY
41,4,2020Q2,208593.30053333333,3429791.5171000003,0.05729011752369623,-2.8024419280140296,3,3,3,0,STATIC_ESTIMATION_MONTHS_ONLY
41,4,2020Q3,303024.79696666665,3759536.0051,0.07454423382568443,-2.520447361280302,3,3,3,0,STATIC_ESTIMATION_MONTHS_ONLY
41,4,2020Q4,316458.06913333334,3724291.299033333,0.07824790722933218,-2.4672837475930174,3,3,3,0,STATIC_ESTIMATION_MONTHS_ONLY
41,4,2021Q1,260363.99276666666,3857509.996,0.06324315073705694,-2.701658697675745,3,3,3,0,STATIC_ESTIMATION_MONTHS_ONLY
41,4,2021Q2,292015.71036666667,3518541.8137333333,0.07677167773212823,-2.4931780302408435,3,3,3,0,STATIC_ESTIMATION_MONTHS_ONLY
41,4,2021Q3,275091.4179,3592595.8823,0.0711802433467617,-2.585526558057641,3,3,3,0,STATIC_ESTIMATION_MONTHS_ONLY
41,4,2021Q4,263775.3884333333,3697916.847866667,0.0666387570280177,-2.6444916439607815,3,3,3,0,STATIC_ESTIMATION_MONTHS_ONLY
41,4,2022Q1,311468.0670333333,3879067.569933334,0.07424665083658934,-2.5280984810882914,3,3,3,0,STATIC_ESTIMATION_MONTHS_ONLY
41,4,2022Q2,310906.5603333333,3847785.770633334,0.07473751085668529,-2.5172032766403123,3,3,3,0,STATIC_ESTIMATION_MONTHS_ONLY
41,4,2022Q3,270366.5261666667,3690074.0083000003,0.0682655500256588,-2.6138031109867956,3,3,3,0,STATIC_ESTIMATION_MONTHS_ONLY
41,4,2022Q4,287230.1265,3573422.0944,0.07447309208861524,-2.52260292680231,2,2,3,1,STATIC_ESTIMATION_MONTHS_ONLY
41,4,2023Q1,288903.2107333333,3654327.4653666667,0.0732142403930343,-2.552588226505181,3,3,3,0,STATIC_ESTIMATION_MONTHS_ONLY
41,4,2023Q2,310565.1505666667,3872154.1641666666,0.07422384478633606,-2.524655939563399,3,3,3,0,STATIC_ESTIMATION_MONTHS_ONLY
41,4,2023Q3,261940.16156666668,3968285.1671999996,0.0619610093535084,-2.7190184550114416,3,3,3,0,STATIC_ESTIMATION_MONTHS_ONLY
41,4,2023Q4,261296.56356666665,3796192.8685,0.06441281643557861,-2.6762868924579,3,3,3,0,STATIC_ESTIMATION_MONTHS_ONLY
41,4,2024Q1,237285.25956666667,3695654.6733666672,0.06035069824338297,-2.747042096880748,3,3,3,0,STATIC_ESTIMATION_MONTHS_ONLY
41,4,2024Q2,257196.4116666667,3655141.469733333,0.06574933431426176,-2.655239296161085,3,3,3,0,STATIC_ESTIMATION_MONTHS_ONLY
41,4,2024Q3,222395.57236666666,3581670.2508666664,0.05841840703193903,-2.7826030444894982,3,3,3,0,STATIC_ESTIMATION_MONTHS_ONLY
41,4,2024Q4,243909.7411666667,3520451.6929666665,0.06472016076987262,-2.6733536479757523,3,3,3,0,STATIC_ESTIMATION_MONTHS_ONLY
41,4,2025Q1,249859.22336666667,3548148.082466667,0.06578621149184781,-2.653295218599463,3,3,3,0,STATIC_ESTIMATION_MONTHS_ONLY
41,4,2025Q2,277396.50773333333,3562901.4161666664,0.0722062524809008,-2.5588859496765117,3,3,3,0,STATIC_ESTIMATION_MONTHS_ONLY
41,4,2025Q3,266764.2384666667,3464618.3066666666,0.07146918884787778,-2.5644925104771503,3,3,3,0,STATIC_ESTIMATION_MONTHS_ONLY
41,4,2025Q4,237118.3467,3603097.7068499997,0.06176656717858775,-2.7209197763647506,2,2,3,0,STATIC_ESTIMATION_MONTHS_ONLY
41,4,2026Q1,241137.8254,3468988.9359000004,0.06505581950605926,-2.6690277392370216,3,3,3,0,STATIC_ESTIMATION_MONTHS_ONLY
41,4,2026Q2,292190.58283333335,3403759.584766667,0.078948517427769,-2.460438005215208,3,3,3,0,STATIC_ESTIMATION_MONTHS_ONLY
41,4,2026Q3,377360.7031,3369694.4561,0.10070860637679187,-2.189375851208496,1,1,1,0,STATIC_ESTIMATION_MONTHS_ONLY
41,5,2017Q1,231654.692,2498049.5678666667,0.0847840734451828,-2.3816678762153107,3,3,3,0,STATIC_ESTIMATION_MONTHS_ONLY
41,5,2017Q2,216088.69239999997,2595862.762233333,0.07681794944356551,-2.4871338256937485,3,3,3,0,STATIC_ESTIMATION_MONTHS_ONLY
41,5,2017Q3,218696.49583333335,2602490.6891666665,0.0774943622303577,-2.4771955505690375,3,3,3,0,STATIC_ESTIMATION_MONTHS_ONLY
41,5,2017Q4,235161.39633333334,2606668.58,0.08273702971532602,-2.4102987236943214,3,3,3,0,STATIC_ESTIMATION_MONTHS_ONLY
41,5,2018Q1,226880.42706666669,2436779.4689666666,0.08526996195338922,-2.375375440034357,3,3,3,0,STATIC_ESTIMATION_MONTHS_ONLY
41,5,2018Q2,223296.3239,2543070.2848666664,0.08072384433471903,-2.432817504182926,3,3,3,0,STATIC_ESTIMATION_MONTHS_ONLY
41,5,2018Q3,239947.30223333332,2643499.852733333,0.08318112999040715,-2.4019908033337996,3,3,3,0,STATIC_ESTIMATION_MONTHS_ONLY
41,5,2018Q4,194825.83566666665,2544718.6128,0.07108539748278904,-2.570858705673184,3,3,3,0,STATIC_ESTIMATION_MONTHS_ONLY
41,5,2019Q1,166506.95433333333,2591003.539766667,0.060283489654496064,-2.749707503786375,3,3,3,0,STATIC_ESTIMATION_MONTHS_ONLY
41,5,2019Q2,159453.96123333334,2484821.021033333,0.06028471123045306,-2.7568095535973396,3,3,3,0,STATIC_ESTIMATION_MONTHS_ONLY
41,5,2019Q3,237570.5461,2542561.7471666667,0.08553409636708072,-2.3716139165984633,3,3,3,0,STATIC_ESTIMATION_MONTHS_ONLY
41,5,2019Q4,231568.90933333334,2574162.1139666666,0.0824590110028174,-2.4101387185537626,3,3,3,0,STATIC_ESTIMATION_MONTHS_ONLY
41,5,2020Q1,252640.32273333333,2644520.2349,0.08720474554497187,-2.3493248161904545,3,3,3,0,STATIC_ESTIMATION_MONTHS_ONLY
41,5,2020Q2,158177.6245,2409427.040966667,0.06149185864578529,-2.730319861507418,3,3,3,0,STATIC_ESTIMATION_MONTHS_ONLY
41,5,2020Q3,210452.25283333333,2356155.9023666666,0.0817614908308114,-2.4268856008866675,3,3,3,0,STATIC_ESTIMATION_MONTHS_ONLY
41,5,2020Q4,219503.64123333336,2412757.0001666667,0.08331752915629244,-2.3992584643033448,3,3,3,0,STATIC_ESTIMATION_MONTHS_ONLY
41,5,2021Q1,186444.70913333332,2411491.8263000003,0.07179805999635101,-2.559967421496422,3,3,3,0,STATIC_ESTIMATION_MONTHS_ONLY
41,5,2021Q2,205080.6655,2345949.308366667,0.08025871842236061,-2.4428881217932807,3,3,3,0,STATIC_ESTIMATION_MONTHS_ONLY
41,5,2021Q3,136190.72296666668,2351789.2087999997,0.054790657140367856,-2.866547562354242,3,3,3,0,STATIC_ESTIMATION_MONTHS_ONLY
41,5,2021Q4,156754.17366666667,2533477.2927,0.05847559605572473,-2.7949992854494856,3,3,3,0,STATIC_ESTIMATION_MONTHS_ONLY
41,5,2022Q1,137544.7727,2541488.583133333,0.051370602848897,-2.920596472680588,3,3,3,0,STATIC_ESTIMATION_MONTHS_ONLY
41,5,2022Q2,168889.43116666668,2356559.2182666664,0.06704788493525467,-2.6388392563814644,3,3,3,0,STATIC_ESTIMATION_MONTHS_ONLY
41,5,2022Q3,164627.31863333334,2311138.571866667,0.06638885864702417,-2.6450333018107273,3,3,3,0,STATIC_ESTIMATION_MONTHS_ONLY
41,5,2022Q4,200730.28220000002,2535794.8986,0.07343531343256192,-2.538243765885258,2,2,3,1,STATIC_ESTIMATION_MONTHS_ONLY
41,5,2023Q1,206196.77163333332,2644084.5348333335,0.07246587852210595,-2.550939331025406,3,3,3,0,STATIC_ESTIMATION_MONTHS_ONLY
41,5,2023Q2,203714.5782,2378229.366066667,0.07897401393011992,-2.462140478798123,3,3,3,0,STATIC_ESTIMATION_MONTHS_ONLY
41,5,2023Q3,203451.81776666665,2333708.2745999997,0.0802578002473599,-2.443528405443808,3,3,3,0,STATIC_ESTIMATION_MONTHS_ONLY
41,5,2023Q4,161123.16453333333,2473377.5612,0.06103897734143963,-2.7394318589180213,3,3,3,0,STATIC_ESTIMATION_MONTHS_ONLY
41,5,2024Q1,189701.95739999998,2505391.655866666,0.07031744880236679,-2.593951528116393,3,3,3,0,STATIC_ESTIMATION_MONTHS_ONLY
41,5,2024Q2,246580.35896666665,2398985.4709666665,0.09339338355263897,-2.2756756179858937,3,3,3,0,STATIC_ESTIMATION_MONTHS_ONLY
41,5,2024Q3,184075.5781,2412565.9411,0.0710624253276557,-2.5790051858366616,3,3,3,0,STATIC_ESTIMATION_MONTHS_ONLY
41,5,2024Q4,154562.14636666665,2407146.2427,0.060311532090802866,-2.7493535419402217,3,3,3,0,STATIC_ESTIMATION_MONTHS_ONLY
41,5,2025Q1,157406.81269999998,2527854.6733,0.058465937401281316,-2.7846801097248073,3,3,3,0,STATIC_ESTIMATION_MONTHS_ONLY
41,5,2025Q2,216904.41886666665,2324728.7016,0.08508149299849883,-2.388493854941134,3,3,3,0,STATIC_ESTIMATION_MONTHS_ONLY
41,5,2025Q3,222542.15193333334,2583141.8889,0.07953288632576257,-2.4512648640290737,3,3,3,0,STATIC_ESTIMATION_MONTHS_ONLY
41,5,2025Q4,156817.765,2463149.5242999997,0.059924651635832146,-2.7534568041049075,2,2,3,0,STATIC_ESTIMATION_MONTHS_ONLY
41,5,2026Q1,201369.39349999998,2414882.5943333334,0.07693884334158209,-2.4851521351725925,3,3,3,0,STATIC_ESTIMATION_MONTHS_ONLY
41,5,2026Q2,163483.93083333332,2514351.8738666666,0.06099487868741263,-2.7360856474714246,3,3,3,0,STATIC_ESTIMATION_MONTHS_ONLY
41,5,2026Q3,233580.03590000002,2294570.3485000003,0.09239166995021737,-2.284776108440651,1,1,1,0,STATIC_ESTIMATION_MONTHS_ONLY
43,2,2017Q1,70861.07423333333,607860.5172,0.10455741270547252,-2.149188592049424,3,3,3,0,STATIC_ESTIMATION_MONTHS_ONLY
43,2,2017Q2,39646.781166666675,629153.5377333333,0.05911196546074135,-2.8738287391093493,3,3,3,0,STATIC_ESTIMATION_MONTHS_ONLY
43,2,2017Q3,40120.032133333334,677822.6881666667,0.055895636123149205,-2.8292023938381123,3,3,3,0,STATIC_ESTIMATION_MONTHS_ONLY
43,2,2017Q4,44847.12046666667,706579.2454333333,0.05958454748384907,-2.7651294818968233,3,3,3,0,STATIC_ESTIMATION_MONTHS_ONLY
43,2,2018Q1,41960.5158,709220.3393666666,0.05595109999228936,-2.827425730288661,3,3,3,0,STATIC_ESTIMATION_MONTHS_ONLY
43,2,2018Q2,58820.49996666666,726378.4236333333,0.07538086299927382,-2.5216945833738795,3,3,3,0,STATIC_ESTIMATION_MONTHS_ONLY
43,2,2018Q3,64920.81396666667,703219.1069333333,0.08460412739408844,-2.4040181970150125,3,3,3,0,STATIC_ESTIMATION_MONTHS_ONLY
43,2,2018Q4,81048.01256666666,694022.6613333334,0.10393355586342883,-2.163572765739136,3,3,3,0,STATIC_ESTIMATION_MONTHS_ONLY
43,2,2019Q1,75545.83203333334,759232.1914333333,0.09070398072802092,-2.3131975052041276,3,3,3,0,STATIC_ESTIMATION_MONTHS_ONLY
43,2,2019Q2,72435.16566666667,738479.6720666667,0.08922179257271812,-2.3310795334910304,3,3,3,0,STATIC_ESTIMATION_MONTHS_ONLY
43,2,2019Q3,70697.21059999999,795342.0508,0.08134535265868958,-2.4580248462437027,3,3,3,0,STATIC_ESTIMATION_MONTHS_ONLY
43,2,2019Q4,92258.99903333334,847467.4266333333,0.09794197811150933,-2.224647207344255,3,3,3,0,STATIC_ESTIMATION_MONTHS_ONLY
43,2,2020Q1,66920.3796,828423.5801333333,0.07479414842606896,-2.519477821658154,3,3,3,0,STATIC_ESTIMATION_MONTHS_ONLY
43,2,2020Q2,84039.0022,783376.8978333334,0.09711726845994195,-2.2318843991133615,3,3,3,0,STATIC_ESTIMATION_MONTHS_ONLY
43,2,2020Q3,82990.92546666667,825375.4816666666,0.08962241829041985,-2.3493601026391255,3,3,3,0,STATIC_ESTIMATION_MONTHS_ONLY
43,2,2020Q4,144103.36403333335,1066228.1587,0.11899673578255139,-2.0060383253090315,3,3,3,0,STATIC_ESTIMATION_MONTHS_ONLY
43,2,2021Q1,125968.9891,940304.1019666666,0.11805217260355372,-2.0112260700259728,3,3,3,0,STATIC_ESTIMATION_MONTHS_ONLY
43,2,2021Q2,156162.88730000003,1002635.5497333333,0.13449459231411218,-1.8660697057658842,3,3,3,0,STATIC_ESTIMATION_MONTHS_ONLY
43,2,2021Q3,177808.1115,927047.8296666667,0.15925265127586427,-1.6732633392982994,3,3,3,0,STATIC_ESTIMATION_MONTHS_ONLY
43,2,2021Q4,180544.61976666667,1093472.5732666666,0.1424146658253371,-1.8106310588533372,3,3,3,0,STATIC_ESTIMATION_MONTHS_ONLY
43,2,2022Q1,159980.0143,1161667.4559333334,0.1211529826418886,-1.9972954717522562,3,3,3,0,STATIC_ESTIMATION_MONTHS_ONLY
43,2,2022Q2,149444.59766666667,1107872.2140333334,0.11883833780670967,-2.0063788688987363,3,3,3,0,STATIC_ESTIMATION_MONTHS_ONLY
43,2,2022Q3,152873.52823333335,1023319.3761,0.1297378545745237,-1.907092146889882,3,3,3,0,STATIC_ESTIMATION_MONTHS_ONLY
43,2,2022Q4,140826.0795,1114410.1851000001,0.11254266599459951,-2.070454361704839,2,2,3,1,STATIC_ESTIMATION_MONTHS_ONLY
43,2,2023Q1,162318.06769999999,1121835.7424333335,0.1262626283069633,-1.9374881260177947,3,3,3,0,STATIC_ESTIMATION_MONTHS_ONLY
43,2,2023Q2,151679.41003333332,1104835.0496333332,0.11984912437783905,-2.0119889628537457,3,3,3,0,STATIC_ESTIMATION_MONTHS_ONLY
43,2,2023Q3,128446.53686666668,1138553.1277,0.10133983005656756,-2.1906538343371635,3,3,3,0,STATIC_ESTIMATION_MONTHS_ONLY
43,2,2023Q4,105199.83116666666,1219811.3772333334,0.0796857724536255,-2.454924792278758,3,3,3,0,STATIC_ESTIMATION_MONTHS_ONLY
43,2,2024Q1,112964.69419999998,1168448.6531,0.08818157907255657,-2.339282677911921,3,3,3,0,STATIC_ESTIMATION_MONTHS_ONLY
43,2,2024Q2,113116.40516666666,1095780.3986333332,0.09358194436699087,-2.2711631255980627,3,3,3,0,STATIC_ESTIMATION_MONTHS_ONLY
43,2,2024Q3,112920.76779999999,1157456.3165333334,0.08903106157858036,-2.3350354278153405,3,3,3,0,STATIC_ESTIMATION_MONTHS_ONLY
43,2,2024Q4,135988.48946666668,1137116.9198,0.10617869158025701,-2.133288607720377,3,3,3,0,STATIC_ESTIMATION_MONTHS_ONLY
43,2,2025Q1,131554.82736666666,1258244.1712333334,0.09462392278559052,-2.258685123770372,3,3,3,0,STATIC_ESTIMATION_MONTHS_ONLY
43,2,2025Q2,123898.79956666665,1216884.1542666666,0.09217912094137416,-2.3054168191972693,3,3,3,0,STATIC_ESTIMATION_MONTHS_ONLY
43,2,2025Q3,170569.64566666668,1284109.2532,0.11653903361252409,-2.0379445689256497,3,3,3,0,STATIC_ESTIMATION_MONTHS_ONLY
43,2,2025Q4,122851.2181,1402203.22995,0.0811867939803742,-2.437059050208549,2,2,3,0,STATIC_ESTIMATION_MONTHS_ONLY
43,2,2026Q1,156300.92366666664,1430461.3494333334,0.09774842184869204,-2.22792098024776,3,3,3,0,STATIC_ESTIMATION_MONTHS_ONLY
43,2,2026Q2,141856.68536666667,1510867.5926333333,0.08580187266979543,-2.3792420617728838,3,3,3,0,STATIC_ESTIMATION_MONTHS_ONLY
43,2,2026Q3,118137.03300000001,1543481.7052,0.07109755702922296,-2.5699507437773788,1,1,1,0,STATIC_ESTIMATION_MONTHS_ONLY
43,3,2017Q1,4469.4555,57706.198266666666,0.0737393943606327,-2.5739790193979153,3,3,3,0,STATIC_ESTIMATION_MONTHS_ONLY
43,3,2017Q2,7726.320366666667,52247.6911,0.13198033271577253,-1.9029841899107742,3,3,3,0,STATIC_ESTIMATION_MONTHS_ONLY
43,3,2017Q3,5812.752466666666,44538.80993333333,0.11284839087793336,-2.0815184231736286,3,3,3,0,STATIC_ESTIMATION_MONTHS_ONLY
43,3,2017Q4,1641.9772,38421.627100000005,0.04294765871721897,-2.81784387016683,3,2,3,0,STATIC_ESTIMATION_MONTHS_ONLY
43,3,2018Q1,3534.5014666666666,36820.014,0.08928870188808757,-1.9378632398806155,3,2,3,0,STATIC_ESTIMATION_MONTHS_ONLY
43,3,2018Q2,3391.8179,51915.522600000004,0.0607558600829285,-2.398459081447643,3,2,3,0,STATIC_ESTIMATION_MONTHS_ONLY
43,3,2018Q3,5425.730233333333,43321.81633333333,0.11208282366072236,-2.1451108198745206,3,3,3,0,STATIC_ESTIMATION_MONTHS_ONLY
43,3,2018Q4,7080.6992,33637.850966666665,0.17504132407875264,-1.6320926167338514,3,3,3,0,STATIC_ESTIMATION_MONTHS_ONLY
43,3,2019Q1,3776.334833333333,29611.387866666668,0.11912987035350552,-1.527943472179298,3,2,3,0,STATIC_ESTIMATION_MONTHS_ONLY
43,3,2019Q2,8395.415933333334,60477.597299999994,0.11843235191584206,-2.033992646896406,3,3,3,0,STATIC_ESTIMATION_MONTHS_ONLY
43,3,2019Q3,12532.287033333334,55464.69923333334,0.18341451685723642,-1.495223098059828,3,3,3,0,STATIC_ESTIMATION_MONTHS_ONLY
43,3,2019Q4,8621.588766666666,38646.431666666664,0.1832400600807971,-1.4965848597396725,3,3,3,0,STATIC_ESTIMATION_MONTHS_ONLY
43,3,2020Q1,529.5077333333334,34022.47926666667,0.010569901403769467,-3.4189091740857824,3,1,3,0,STATIC_ESTIMATION_MONTHS_ONLY
43,3,2020Q2,2705.917233333333,44431.380666666664,0.054579285948409634,-1.630675409900985,3,1,3,0,STATIC_ESTIMATION_MONTHS_ONLY
43,3,2020Q3,4648.7887,43375.14853333333,0.10863639603399385,-1.6388335982651752,3,2,3,0,STATIC_ESTIMATION_MONTHS_ONLY
43,3,2020Q4,1095.2979,34256.61963333333,0.027816103261923453,-2.3963910695805763,3,1,3,0,STATIC_ESTIMATION_MONTHS_ONLY
43,3,2021Q1,8362.629066666666,65805.10536666667,0.11717449316232305,-2.1382232862026886,3,3,3,0,STATIC_ESTIMATION_MONTHS_ONLY
43,3,2021Q2,8992.373466666666,30298.798266666665,0.19381291363658062,-0.8926236782332475,3,2,3,0,STATIC_ESTIMATION_MONTHS_ONLY
43,3,2021Q3,4953.041766666666,39416.92353333333,0.11185506541272762,-2.0747350214768425,3,3,3,0,STATIC_ESTIMATION_MONTHS_ONLY
43,3,2021Q4,7315.3911333333335,44622.76929999999,0.13674874694851843,-2.1519980004846064,3,3,3,0,STATIC_ESTIMATION_MONTHS_ONLY
43,3,2022Q1,3363.9745666666663,44325.345,0.08711236537635014,-1.9781631121316736,3,2,3,0,STATIC_ESTIMATION_MONTHS_ONLY
43,3,2022Q2,436.96133333333336,23972.314899999998,0.018372007809175705,-3.5663838286402685,3,2,3,0,STATIC_ESTIMATION_MONTHS_ONLY
43,3,2022Q3,5227.864233333334,30841.429200000002,0.1456738148133104,-1.7715443421822725,3,3,3,0,STATIC_ESTIMATION_MONTHS_ONLY
43,3,2022Q4,8228.6868,32318.058849999998,0.19980212423262833,-1.4266438750802686,2,2,3,1,STATIC_ESTIMATION_MONTHS_ONLY
43,3,2023Q1,3048.804866666667,43729.88940000001,0.0595482933361046,-3.0204089884898067,3,3,3,0,STATIC_ESTIMATION_MONTHS_ONLY
43,3,2023Q2,4257.3722333333335,29349.755666666664,0.1351043308678986,-1.5604813272404856,3,2,3,0,STATIC_ESTIMATION_MONTHS_ONLY
43,3,2023Q3,6372.4724000000015,18815.31496666667,0.2653386033285792,-1.039907488757007,3,3,3,0,STATIC_ESTIMATION_MONTHS_ONLY
43,3,2023Q4,4990.322766666665,39898.53763333333,0.10696949624240365,-2.162875091431661,3,3,3,0,STATIC_ESTIMATION_MONTHS_ONLY
43,3,2024Q1,1769.1927666666668,22740.353000000003,0.08286924236647787,-1.1060515884307374,3,1,3,0,STATIC_ESTIMATION_MONTHS_ONLY
43,3,2024Q2,9548.5904,29035.674166666664,0.24605834310835575,-1.1705037314399593,3,3,3,0,STATIC_ESTIMATION_MONTHS_ONLY
43,3,2024Q3,1912.4863666666668,30173.515333333333,0.043584494275860385,-1.8943130242808939,3,1,3,0,STATIC_ESTIMATION_MONTHS_ONLY
43,3,2024Q4,9797.924233333333,21143.34286666667,0.32467842956947707,-0.7455302888223702,3,3,3,0,STATIC_ESTIMATION_MONTHS_ONLY
43,3,2025Q1,1482.9798333333335,28084.64273333333,0.05875440090842168,-1.5418727101343475,3,1,3,0,STATIC_ESTIMATION_MONTHS_ONLY
43,3,2025Q2,2805.7155333333335,39966.128566666666,0.06786677550430743,-2.650287313299826,3,3,3,0,STATIC_ESTIMATION_MONTHS_ONLY
43,3,2025Q3,2303.7710666666667,27075.8321,0.07893460414174001,-2.4586965519767254,3,3,3,0,STATIC_ESTIMATION_MONTHS_ONLY
43,3,2025Q4,6814.1271,21929.06325,0.22643985622396545,-1.4665522062761196,2,2,3,0,STATIC_ESTIMATION_MONTHS_ONLY
43,3,2026Q1,767.8531666666667,39609.77426666667,0.015308030883778918,-3.0337533620121198,3,1,3,0,STATIC_ESTIMATION_MONTHS_ONLY
43,3,2026Q2,890.5907000000001,49965.46716666667,0.013141439089578037,-3.1931499587611833,3,1,3,0,STATIC_ESTIMATION_MONTHS_ONLY
43,3,2026Q3,1131.6696,39000.7632,0.02819838023873798,-3.539887150782622,1,1,1,0,STATIC_ESTIMATION_MONTHS_ONLY
43,4,2017Q1,337651.17,2810334.5732,0.10721508417793756,-2.1211129556303887,3,3,3,0,STATIC_ESTIMATION_MONTHS_ONLY
43,4,2017Q2,373409.0416666667,2869260.1621,0.11510811886770096,-2.0398943372432847,3,3,3,0,STATIC_ESTIMATION_MONTHS_ONLY
43,4,2017Q3,353526.94690000004,2993053.076933333,0.1056257860648487,-2.1364928299672434,3,3,3,0,STATIC_ESTIMATION_MONTHS_ONLY
43,4,2017Q4,352286.0237,2944099.522833334,0.1068254658088945,-2.1250023591194456,3,3,3,0,STATIC_ESTIMATION_MONTHS_ONLY
43,4,2018Q1,389442.8576,2977861.976466667,0.11570670084790267,-2.0356485956040244,3,3,3,0,STATIC_ESTIMATION_MONTHS_ONLY
43,4,2018Q2,382169.77366666665,2974669.0975333336,0.11382245580045615,-2.0530533423677433,3,3,3,0,STATIC_ESTIMATION_MONTHS_ONLY
43,4,2018Q3,412810.1190333333,2961748.0273666666,0.12247697712956235,-1.9721803548720278,3,3,3,0,STATIC_ESTIMATION_MONTHS_ONLY
43,4,2018Q4,385726.37403333327,2780318.457,0.12174174397615393,-1.9766516424695986,3,3,3,0,STATIC_ESTIMATION_MONTHS_ONLY
43,4,2019Q1,326464.6802333333,2744042.064866666,0.10631645193665402,-2.1296107529859567,3,3,3,0,STATIC_ESTIMATION_MONTHS_ONLY
43,4,2019Q2,294783.299,2792227.9729999998,0.0955131030052031,-2.2516646208969004,3,3,3,0,STATIC_ESTIMATION_MONTHS_ONLY
43,4,2019Q3,319897.25266666664,2720931.6022,0.10501838675758818,-2.1508953492105056,3,3,3,0,STATIC_ESTIMATION_MONTHS_ONLY
43,4,2019Q4,305037.2081,2822097.8030999997,0.097516851832408,-2.2257658063211383,3,3,3,0,STATIC_ESTIMATION_MONTHS_ONLY
43,4,2020Q1,332194.4943,2647084.2712666667,0.11142507198765998,-2.0775666229847882,3,3,3,0,STATIC_ESTIMATION_MONTHS_ONLY
43,4,2020Q2,221173.79513333333,2429560.5219666664,0.08371953649977064,-2.403177423368026,3,3,3,0,STATIC_ESTIMATION_MONTHS_ONLY
43,4,2020Q3,345839.39656666666,2619742.5418000002,0.11662776672026258,-2.0258072697946803,3,3,3,0,STATIC_ESTIMATION_MONTHS_ONLY
43,4,2020Q4,323942.6005333333,2661313.516333333,0.10839547655084121,-2.109819477106718,3,3,3,0,STATIC_ESTIMATION_MONTHS_ONLY
43,4,2021Q1,373825.5104,2635941.243033333,0.12414979741246801,-1.9544481425076807,3,3,3,0,STATIC_ESTIMATION_MONTHS_ONLY
43,4,2021Q2,304796.7901666667,2598918.258433333,0.10495982621507995,-2.1470655808445094,3,3,3,0,STATIC_ESTIMATION_MONTHS_ONLY
43,4,2021Q3,346245.71020000003,2510811.6284333332,0.12133784962767931,-1.9852252947768667,3,3,3,0,STATIC_ESTIMATION_MONTHS_ONLY
43,4,2021Q4,377095.5146333333,2633701.3478,0.12535649667171245,-1.9460320747402486,3,3,3,0,STATIC_ESTIMATION_MONTHS_ONLY
43,4,2022Q1,334890.0064333333,2716019.4141,0.10992152283661426,-2.101325553944753,3,3,3,0,STATIC_ESTIMATION_MONTHS_ONLY
43,4,2022Q2,329350.55590000004,2530512.161433333,0.11513434026231129,-2.041627837298018,3,3,3,0,STATIC_ESTIMATION_MONTHS_ONLY
43,4,2022Q3,349575.58433333336,2687056.7040333333,0.11511058370303888,-2.04220547296315,3,3,3,0,STATIC_ESTIMATION_MONTHS_ONLY
43,4,2022Q4,309766.86985,2570787.2877,0.10770627797812274,-2.116037002854901,2,2,3,1,STATIC_ESTIMATION_MONTHS_ONLY
43,4,2023Q1,321935.48303333326,2654575.3461666666,0.10822981720722291,-2.1139187641468964,3,3,3,0,STATIC_ESTIMATION_MONTHS_ONLY
43,4,2023Q2,330956.67733333335,2625970.9407666666,0.11195062427859154,-2.074901782167941,3,3,3,0,STATIC_ESTIMATION_MONTHS_ONLY
43,4,2023Q3,372015.61899999995,2520178.6388666667,0.12865201687092795,-1.9132002832328165,3,3,3,0,STATIC_ESTIMATION_MONTHS_ONLY
43,4,2023Q4,338636.8468333333,2381543.4745666664,0.12447847426821422,-1.958331031296817,3,3,3,0,STATIC_ESTIMATION_MONTHS_ONLY
43,4,2024Q1,318558.24870000005,2530352.1420666664,0.11179159375231656,-2.074147072566684,3,3,3,0,STATIC_ESTIMATION_MONTHS_ONLY
43,4,2024Q2,340471.4953333333,2648330.2606666666,0.11380536779006038,-2.058721623466521,3,3,3,0,STATIC_ESTIMATION_MONTHS_ONLY
43,4,2024Q3,414592.82269999996,2434719.1506666667,0.1455063985003006,-1.7706552668973998,3,3,3,0,STATIC_ESTIMATION_MONTHS_ONLY
43,4,2024Q4,324874.55966666667,2526680.818266667,0.11400318535750727,-2.0506660091346123,3,3,3,0,STATIC_ESTIMATION_MONTHS_ONLY
43,4,2025Q1,328998.8016,2688736.3378000003,0.10908071956390415,-2.100365116785732,3,3,3,0,STATIC_ESTIMATION_MONTHS_ONLY
43,4,2025Q2,299142.06673333334,2910495.5738999997,0.093157077000533,-2.289543791126162,3,3,3,0,STATIC_ESTIMATION_MONTHS_ONLY
43,4,2025Q3,290579.90206666663,2851398.6417333335,0.09248709063820555,-2.2871919093149864,3,3,3,0,STATIC_ESTIMATION_MONTHS_ONLY
43,4,2025Q4,315021.18915,2960010.46035,0.09631786460806654,-2.2418663636905167,2,2,3,0,STATIC_ESTIMATION_MONTHS_ONLY
43,4,2026Q1,330252.81046666665,2716346.4311333336,0.10840655917952564,-2.10724814770551,3,3,3,0,STATIC_ESTIMATION_MONTHS_ONLY
43,4,2026Q2,266078.63496666664,2925077.998366667,0.08337761697998751,-2.4023120645301614,3,3,3,0,STATIC_ESTIMATION_MONTHS_ONLY
43,4,2026Q3,234938.23739999998,3001543.0676,0.07259063632996945,-2.547559131254703,1,1,1,0,STATIC_ESTIMATION_MONTHS_ONLY
43,5,2017Q1,1048498.8499333332,8561376.198066667,0.1091058159774445,-2.1002589067642554,3,3,3,0,STATIC_ESTIMATION_MONTHS_ONLY
43,5,2017Q2,988169.1197333332,8466496.460766668,0.10455853055439024,-2.1490291417517295,3,3,3,0,STATIC_ESTIMATION_MONTHS_ONLY
43,5,2017Q3,972485.0849,8794051.8311,0.09952688633016975,-2.20423246345194,3,3,3,0,STATIC_ESTIMATION_MONTHS_ONLY
43,5,2017Q4,887351.5798000001,8578279.465066666,0.09378362359743213,-2.268532729749247,3,3,3,0,STATIC_ESTIMATION_MONTHS_ONLY
43,5,2018Q1,915700.8591,8127525.4251,0.1012668467330466,-2.18331368252386,3,3,3,0,STATIC_ESTIMATION_MONTHS_ONLY
43,5,2018Q2,983960.4039666667,8154212.951066666,0.10768212183600408,-2.1147022950789807,3,3,3,0,STATIC_ESTIMATION_MONTHS_ONLY
43,5,2018Q3,925855.9465666666,8581723.754133334,0.09742343852603291,-2.2265093641306026,3,3,3,0,STATIC_ESTIMATION_MONTHS_ONLY
43,5,2018Q4,936165.0591333333,8645014.7162,0.09771292239170559,-2.223188190963167,3,3,3,0,STATIC_ESTIMATION_MONTHS_ONLY
43,5,2019Q1,915868.8646999999,8677755.077433333,0.09543772930097039,-2.2499876980367657,3,3,3,0,STATIC_ESTIMATION_MONTHS_ONLY
43,5,2019Q2,942323.7243333333,8524886.672766667,0.0995119030002864,-2.2031473769252425,3,3,3,0,STATIC_ESTIMATION_MONTHS_ONLY
43,5,2019Q3,958928.6784333334,8335536.4503,0.1031394432719433,-2.1633170199065392,3,3,3,0,STATIC_ESTIMATION_MONTHS_ONLY
43,5,2019Q4,941136.9686333333,8347495.741233333,0.1012006706149959,-2.1868277784730465,3,3,3,0,STATIC_ESTIMATION_MONTHS_ONLY
43,5,2020Q1,942907.3680666666,8527721.345933333,0.0995189424201231,-2.2035183001774175,3,3,3,0,STATIC_ESTIMATION_MONTHS_ONLY
43,5,2020Q2,787908.4671,7822973.0425,0.09148801753151535,-2.296467521586685,3,3,3,0,STATIC_ESTIMATION_MONTHS_ONLY
43,5,2020Q3,825122.0751333333,8118590.405833334,0.09222624498477557,-2.2874087488367887,3,3,3,0,STATIC_ESTIMATION_MONTHS_ONLY
43,5,2020Q4,857222.9474333334,8146297.630533333,0.0952395747378456,-2.2533719178593294,3,3,3,0,STATIC_ESTIMATION_MONTHS_ONLY
43,5,2021Q1,819712.3415,8122458.729699999,0.09163695655663269,-2.294910105258275,3,3,3,0,STATIC_ESTIMATION_MONTHS_ONLY
43,5,2021Q2,887310.2600333333,7971720.024700001,0.10013344923920627,-2.1959875105825666,3,3,3,0,STATIC_ESTIMATION_MONTHS_ONLY
43,5,2021Q3,823988.7062333333,7717988.751633334,0.09644817484618118,-2.2378057981616437,3,3,3,0,STATIC_ESTIMATION_MONTHS_ONLY
43,5,2021Q4,874804.5885,8012592.654833333,0.09850167372498607,-2.215075790567907,3,3,3,0,STATIC_ESTIMATION_MONTHS_ONLY
43,5,2022Q1,809504.3823,8211050.453899999,0.08972878393542533,-2.3173175014662117,3,3,3,0,STATIC_ESTIMATION_MONTHS_ONLY
43,5,2022Q2,764058.0357666668,8334502.7511,0.08395068656105158,-2.3909001853328,3,3,3,0,STATIC_ESTIMATION_MONTHS_ONLY
43,5,2022Q3,844536.9140666667,8176285.769966667,0.0936706344081404,-2.271018738158303,3,3,3,0,STATIC_ESTIMATION_MONTHS_ONLY
43,5,2022Q4,873183.7308,8026024.153899999,0.09813086814446896,-2.2187254403481074,2,2,3,1,STATIC_ESTIMATION_MONTHS_ONLY
43,5,2023Q1,820644.0856666666,8323291.926933333,0.08976527876581535,-2.317883600882841,3,3,3,0,STATIC_ESTIMATION_MONTHS_ONLY
43,5,2023Q2,959199.8985666666,8043654.949133334,0.1066151774710752,-2.1267869066216036,3,3,3,0,STATIC_ESTIMATION_MONTHS_ONLY
43,5,2023Q3,887305.7849666667,8168665.939266667,0.09800973359088132,-2.2207192862558554,3,3,3,0,STATIC_ESTIMATION_MONTHS_ONLY
43,5,2023Q4,830601.1553999999,7954250.203633334,0.0945804003426181,-2.2595407604593714,3,3,3,0,STATIC_ESTIMATION_MONTHS_ONLY
43,5,2024Q1,847573.4678666666,7856854.943566666,0.09741554675360815,-2.228830635824291,3,3,3,0,STATIC_ESTIMATION_MONTHS_ONLY
43,5,2024Q2,738133.5678333333,7699363.402533334,0.08750559752793252,-2.345467815701253,3,3,3,0,STATIC_ESTIMATION_MONTHS_ONLY
43,5,2024Q3,835690.4534666665,7800784.661233333,0.09676912909584606,-2.2336917278568595,3,3,3,0,STATIC_ESTIMATION_MONTHS_ONLY
43,5,2024Q4,861992.7829666667,7871487.276733334,0.09870220770431988,-2.211817659692409,3,3,3,0,STATIC_ESTIMATION_MONTHS_ONLY
43,5,2025Q1,828467.6060333332,7848537.9065333335,0.09546544263704852,-2.2508769943908935,3,3,3,0,STATIC_ESTIMATION_MONTHS_ONLY
43,5,2025Q2,804024.7391333333,7717706.997866667,0.09422160504350967,-2.269035706528755,3,3,3,0,STATIC_ESTIMATION_MONTHS_ONLY
43,5,2025Q3,793400.0640666666,8066674.033433333,0.08956804060771674,-2.3191536093709773,3,3,3,0,STATIC_ESTIMATION_MONTHS_ONLY
43,5,2025Q4,849130.1342,8121932.15605,0.09462550315033125,-2.258514672559276,2,2,3,0,STATIC_ESTIMATION_MONTHS_ONLY
43,5,2026Q1,847739.1234666668,7962410.645866667,0.0961936761611593,-2.2416125867750982,3,3,3,0,STATIC_ESTIMATION_MONTHS_ONLY
43,5,2026Q2,796430.7117333333,7877306.124366667,0.0918451839352954,-2.292562862615631,3,3,3,0,STATIC_ESTIMATION_MONTHS_ONLY
43,5,2026Q3,757025.265,7875542.419,0.0876941013046565,-2.3421207118793506,1,1,1,0,STATIC_ESTIMATION_MONTHS_ONLY
45,1,2017Q1,41352.70573333333,138271.26003333332,0.22008773436267895,-1.3037954093429873,3,3,3,0,STATIC_ESTIMATION_MONTHS_ONLY
45,1,2017Q2,17700.7979,175310.13483333332,0.09009132202486136,-2.33480256231689,3,3,3,0,STATIC_ESTIMATION_MONTHS_ONLY
45,1,2017Q3,15603.052300000001,126340.86290000001,0.11392762641595085,-2.130870589640096,3,3,3,0,STATIC_ESTIMATION_MONTHS_ONLY
45,1,2017Q4,12025.429133333333,115604.40066666667,0.09768463653041708,-2.2643083231220555,3,3,3,0,STATIC_ESTIMATION_MONTHS_ONLY
45,1,2018Q1,22672.738199999996,134122.1294,0.14436297074241347,-1.7799123467363949,3,3,3,0,STATIC_ESTIMATION_MONTHS_ONLY
45,1,2018Q2,10441.867966666667,123645.63886666666,0.07736717863970731,-2.6330512450397836,3,3,3,0,STATIC_ESTIMATION_MONTHS_ONLY
45,1,2018Q3,10564.335866666666,120017.31003333333,0.0804282761915117,-2.4385872255227965,3,3,3,0,STATIC_ESTIMATION_MONTHS_ONLY
45,1,2018Q4,7268.752933333333,88438.84366666667,0.07424219147653112,-2.628303893858996,3,3,3,0,STATIC_ESTIMATION_MONTHS_ONLY
45,1,2019Q1,12567.312433333334,108795.91486666666,0.10578164339144398,-2.1468606145486553,3,3,3,0,STATIC_ESTIMATION_MONTHS_ONLY
45,1,2019Q2,19578.219933333334,113739.07896666667,0.14410375100449171,-1.8119759051987954,3,3,3,0,STATIC_ESTIMATION_MONTHS_ONLY
45,1,2019Q3,6349.456433333333,113405.58376666666,0.05232145784539735,-2.926792549069161,3,3,3,0,STATIC_ESTIMATION_MONTHS_ONLY
45,1,2019Q4,11878.471933333334,125998.89026666667,0.0853528739624555,-2.5740677095372213,3,3,3,0,STATIC_ESTIMATION_MONTHS_ONLY
45,1,2020Q1,2921.0271,90447.23950000001,0.031819944555449876,-3.4794099746589455,3,3,3,0,STATIC_ESTIMATION_MONTHS_ONLY
45,1,2020Q2,203.41729999999998,67096.56543333334,0.003638470302890396,-4.506604222355905,3,1,3,0,STATIC_ESTIMATION_MONTHS_ONLY
45,1,2020Q3,5888.324433333334,63449.022,0.08459063423704632,-2.6057095792187823,3,3,3,0,STATIC_ESTIMATION_MONTHS_ONLY
45,1,2020Q4,2882.635233333333,60782.1238,0.046295062013266886,-3.2636476870792737,3,3,3,0,STATIC_ESTIMATION_MONTHS_ONLY
45,1,2021Q1,3134.8591333333334,73700.8945,0.03867573868614608,-2.030601489986729,3,1,3,0,STATIC_ESTIMATION_MONTHS_ONLY
45,1,2021Q2,13721.436233333332,82341.79149999999,0.14184111475837163,-1.8385660516229194,3,3,3,0,STATIC_ESTIMATION_MONTHS_ONLY
45,1,2021Q3,8647.278366666667,78069.05246666666,0.09953310060786423,-2.204010458366133,3,3,3,0,STATIC_ESTIMATION_MONTHS_ONLY
45,1,2021Q4,7004.2079,82232.9747,0.07810130846384128,-2.620489826008965,3,3,3,0,STATIC_ESTIMATION_MONTHS_ONLY
45,1,2022Q1,1577.7236666666668,64999.62516666667,0.025756161558948342,-3.215117373177486,3,2,3,0,STATIC_ESTIMATION_MONTHS_ONLY
45,1,2022Q2,5676.147466666666,52344.43936666666,0.0982020894961878,-2.5855434035726175,3,3,3,0,STATIC_ESTIMATION_MONTHS_ONLY
45,1,2022Q3,9987.908933333334,78468.64933333333,0.1128591628422647,-2.0879640957769854,3,3,3,0,STATIC_ESTIMATION_MONTHS_ONLY
45,1,2022Q4,19978.91645,79358.5434,0.1979782277184769,-1.5293056955826465,2,2,3,1,STATIC_ESTIMATION_MONTHS_ONLY
45,1,2023Q1,10290.322366666665,53567.857500000006,0.15894142241836487,-1.754147579970014,3,3,3,0,STATIC_ESTIMATION_MONTHS_ONLY
45,1,2023Q2,10440.7816,48424.96723333333,0.18175738520923593,-1.593251928071643,3,3,3,0,STATIC_ESTIMATION_MONTHS_ONLY
45,1,2023Q3,7474.0266,72690.0037,0.0907011968239499,-2.3323182653230674,3,3,3,0,STATIC_ESTIMATION_MONTHS_ONLY
45,1,2023Q4,7078.983233333333,73360.1203,0.0874694895164257,-2.364150478416036,3,3,3,0,STATIC_ESTIMATION_MONTHS_ONLY
45,1,2024Q1,6546.035533333333,69480.72796666667,0.07031784756041287,-2.203504115976235,3,2,3,0,STATIC_ESTIMATION_MONTHS_ONLY
45,1,2024Q2,8755.824866666666,47588.57053333334,0.15605400031547453,-1.233355761402348,3,2,3,0,STATIC_ESTIMATION_MONTHS_ONLY
45,1,2024Q3,5210.1118,91603.12046666666,0.05471295891765523,-2.935970515301044,3,3,3,0,STATIC_ESTIMATION_MONTHS_ONLY
45,1,2024Q4,8330.730766666666,68785.5726,0.10237457646321813,-2.2087910216869098,3,3,3,0,STATIC_ESTIMATION_MONTHS_ONLY
45,1,2025Q1,11985.8657,85774.4569,0.12296630881676351,-2.076061864835768,3,3,3,0,STATIC_ESTIMATION_MONTHS_ONLY
45,1,2025Q2,5526.734566666666,76072.91373333333,0.06820959260360172,-2.6179709421212576,3,3,3,0,STATIC_ESTIMATION_MONTHS_ONLY
45,1,2025Q3,6806.695066666667,90836.01983333332,0.06691565075649615,-3.0299926327919113,3,3,3,0,STATIC_ESTIMATION_MONTHS_ONLY
45,1,2025Q4,11376.5608,101869.01795,0.0998097624818231,-2.211161303531529,2,2,3,0,STATIC_ESTIMATION_MONTHS_ONLY
45,1,2026Q1,5925.984933333333,70715.5204,0.07590004286650294,-2.97312935813553,3,3,3,0,STATIC_ESTIMATION_MONTHS_ONLY
45,1,2026Q2,14646.395233333335,67231.63016666667,0.1631405356469209,-2.2348401190219667,3,3,3,0,STATIC_ESTIMATION_MONTHS_ONLY
45,1,2026Q3,21356.4488,99631.0079,0.17651787534434552,-1.5401196948478835,1,1,1,0,STATIC_ESTIMATION_MONTHS_ONLY
45,2,2017Q1,5967.868166666667,60836.703966666675,0.089187498476474,-2.3239519773075568,3,3,3,0,STATIC_ESTIMATION_MONTHS_ONLY
45,2,2017Q2,5495.011866666667,63922.47603333334,0.08172749098919435,-2.4998955239708294,3,3,3,0,STATIC_ESTIMATION_MONTHS_ONLY
45,2,2017Q3,2590.9437666666668,73547.70083333332,0.034454474585725516,-3.33870748006297,3,3,3,0,STATIC_ESTIMATION_MONTHS_ONLY
45,2,2017Q4,4185.7669,72631.71603333333,0.055365388892282145,-2.901652090847683,3,3,3,0,STATIC_ESTIMATION_MONTHS_ONLY
45,2,2018Q1,2776.5191333333332,81615.04086666666,0.03274001921749448,-3.8313852134533626,3,3,3,0,STATIC_ESTIMATION_MONTHS_ONLY
45,2,2018Q2,4100.277300000001,55161.803133333335,0.08036174940305953,-3.1809488359384726,3,3,3,0,STATIC_ESTIMATION_MONTHS_ONLY
45,2,2018Q3,11666.789233333335,57190.7354,0.1735858174274577,-1.5952706200084832,3,3,3,0,STATIC_ESTIMATION_MONTHS_ONLY
45,2,2018Q4,5396.475333333333,72225.2875,0.06814144779612878,-2.661265033143403,3,3,3,0,STATIC_ESTIMATION_MONTHS_ONLY
45,2,2019Q1,5505.226566666667,72603.77493333333,0.06852525333152933,-2.681083557002141,3,3,3,0,STATIC_ESTIMATION_MONTHS_ONLY
45,2,2019Q2,5757.905900000001,69600.51116666666,0.07495480504043966,-2.743412808158675,3,3,3,0,STATIC_ESTIMATION_MONTHS_ONLY
45,2,2019Q3,1149.9525666666666,60400.233133333335,0.019322623775258094,-3.538502621602013,3,2,3,0,STATIC_ESTIMATION_MONTHS_ONLY
45,2,2019Q4,1130.3613666666668,46118.26200000001,0.028553023092560508,-3.1808297927286584,3,2,3,0,STATIC_ESTIMATION_MONTHS_ONLY
45,2,2020Q1,3081.1247333333326,71734.29146666666,0.03880047469327917,-2.7942316197781105,3,2,3,0,STATIC_ESTIMATION_MONTHS_ONLY
45,2,2020Q2,3960.862266666667,63081.895766666676,0.049615274822252364,-2.5207105008416892,3,2,3,0,STATIC_ESTIMATION_MONTHS_ONLY
45,2,2020Q3,11176.458333333334,39388.38586666667,0.2212791084166673,-1.261352873282251,3,3,3,0,STATIC_ESTIMATION_MONTHS_ONLY
45,2,2020Q4,5987.025466666666,51426.5868,0.09827405747820472,-2.269904726335796,3,3,3,0,STATIC_ESTIMATION_MONTHS_ONLY
45,2,2021Q1,1613.3828666666668,42091.79406666667,0.0352829024850953,-3.442102847153855,3,3,3,0,STATIC_ESTIMATION_MONTHS_ONLY
45,2,2021Q2,1717.2284666666665,51917.26613333333,0.03008835792071721,-3.0925310114950912,3,2,3,0,STATIC_ESTIMATION_MONTHS_ONLY
45,2,2021Q3,3249.714,59086.82869999999,0.050778239795393094,-2.9683831462172896,3,3,3,0,STATIC_ESTIMATION_MONTHS_ONLY
45,2,2021Q4,0.0,45791.0631,0.0,,3,0,3,0,STATIC_ESTIMATION_MONTHS_ONLY
45,2,2022Q1,4572.526133333334,55059.04886666667,0.07721584041291692,-2.482921974348874,3,3,3,0,STATIC_ESTIMATION_MONTHS_ONLY
45,2,2022Q2,173.8765,45502.749899999995,0.0035639715204001526,-4.527517987848791,3,1,3,0,STATIC_ESTIMATION_MONTHS_ONLY
45,2,2022Q3,1414.8353,52171.7608,0.02598489467511275,-2.47046668817127,3,1,3,0,STATIC_ESTIMATION_MONTHS_ONLY
45,2,2022Q4,9579.75565,59711.356199999995,0.13869571526080265,-1.827623644795147,2,2,3,1,STATIC_ESTIMATION_MONTHS_ONLY
45,2,2023Q1,7300.054266666666,91764.59416666668,0.07364672111200156,-2.536112332185979,3,3,3,0,STATIC_ESTIMATION_MONTHS_ONLY
45,2,2023Q2,11717.975733333333,66725.79796666667,0.15454229838172995,-1.7217949751514656,3,3,3,0,STATIC_ESTIMATION_MONTHS_ONLY
45,2,2023Q3,6319.361599999999,80972.967,0.07467445001962537,-2.7682292843207272,3,3,3,0,STATIC_ESTIMATION_MONTHS_ONLY
45,2,2023Q4,9251.219333333333,72513.27526666666,0.11402949792276044,-2.0973479535224153,3,3,3,0,STATIC_ESTIMATION_MONTHS_ONLY
45,2,2024Q1,5788.1997,41938.28136666667,0.12145167247877986,-1.978983761694194,3,3,3,0,STATIC_ESTIMATION_MONTHS_ONLY
45,2,2024Q2,5316.761566666667,60689.74356666667,0.08202492836688141,-2.4244717290404503,3,3,3,0,STATIC_ESTIMATION_MONTHS_ONLY
45,2,2024Q3,9440.886733333333,57216.481433333334,0.1421843127995335,-1.924505468900285,3,3,3,0,STATIC_ESTIMATION_MONTHS_ONLY
45,2,2024Q4,1822.0263333333335,65208.017166666665,0.022285785560989077,-2.6359967307824252,3,1,3,0,STATIC_ESTIMATION_MONTHS_ONLY
45,2,2025Q1,3247.0695666666666,36134.553,0.06061528487688989,-1.5038913849905453,3,1,3,0,STATIC_ESTIMATION_MONTHS_ONLY
45,2,2025Q2,0.0,45742.89263333334,0.0,,3,0,3,0,STATIC_ESTIMATION_MONTHS_ONLY
45,2,2025Q3,0.0,62000.28546666666,0.0,,3,0,3,0,STATIC_ESTIMATION_MONTHS_ONLY
45,2,2025Q4,12122.401549999999,71614.86555000002,0.14543209146413122,-1.774416163838902,2,2,3,0,STATIC_ESTIMATION_MONTHS_ONLY
45,2,2026Q1,6284.491233333334,48112.25196666666,0.11826508178919691,-1.5432080960034371,3,2,3,0,STATIC_ESTIMATION_MONTHS_ONLY
45,2,2026Q2,0.0,73827.48733333334,0.0,,3,0,3,0,STATIC_ESTIMATION_MONTHS_ONLY
45,2,2026Q3,0.0,72625.5034,0.0,,1,0,1,0,STATIC_ESTIMATION_MONTHS_ONLY
47,1,2017Q1,451559.4383566067,5667377.204364573,0.07379161374003353,-2.5317097207693986,3,3,3,0,STATIC_ESTIMATION_MONTHS_ONLY
47,1,2017Q2,563741.90535649,5972761.650072183,0.08613112102961647,-2.3664824434478735,3,3,3,0,STATIC_ESTIMATION_MONTHS_ONLY
47,1,2017Q3,607529.2044004333,5966410.785227336,0.09241471824442377,-2.2849620322785995,3,3,3,0,STATIC_ESTIMATION_MONTHS_ONLY
47,1,2017Q4,656055.1143320967,6073476.272197113,0.09741805774812438,-2.2269287584705286,3,3,3,0,STATIC_ESTIMATION_MONTHS_ONLY
47,1,2018Q1,561558.6323652966,6020862.250965401,0.08529591910685548,-2.3736819979310124,3,3,3,0,STATIC_ESTIMATION_MONTHS_ONLY
47,1,2018Q2,560971.61830889,6125113.423492816,0.08390107937392788,-2.390788686384218,3,3,3,0,STATIC_ESTIMATION_MONTHS_ONLY
47,1,2018Q3,560190.3608252766,6166371.024006027,0.08325642333312898,-2.399913621162336,3,3,3,0,STATIC_ESTIMATION_MONTHS_ONLY
47,1,2018Q4,625634.2585579067,6254849.3799151825,0.09089696205349386,-2.3035662350439345,3,3,3,0,STATIC_ESTIMATION_MONTHS_ONLY
47,1,2019Q1,568906.17114354,6276886.639544054,0.08307875775262873,-2.4031906448552416,3,3,3,0,STATIC_ESTIMATION_MONTHS_ONLY
47,1,2019Q2,542954.1188236,6099227.75348907,0.0817606465119999,-2.41962677515618,3,3,3,0,STATIC_ESTIMATION_MONTHS_ONLY
47,1,2019Q3,596420.1472032267,6060162.501714453,0.08960306793143069,-2.319020607568875,3,3,3,0,STATIC_ESTIMATION_MONTHS_ONLY
47,1,2019Q4,706768.47432028,5932868.90700324,0.10646139387281243,-2.127689099880644,3,3,3,0,STATIC_ESTIMATION_MONTHS_ONLY
47,1,2020Q1,624343.0719666667,5825016.651433334,0.09679692763173008,-2.236034261930998,3,3,3,0,STATIC_ESTIMATION_MONTHS_ONLY
47,1,2020Q2,471421.3286666667,4869110.542599999,0.08826370806720114,-2.335217874280652,3,3,3,0,STATIC_ESTIMATION_MONTHS_ONLY
47,1,2020Q3,586808.3976333333,5517273.924766666,0.09607268460749423,-2.2433172791240756,3,3,3,0,STATIC_ESTIMATION_MONTHS_ONLY
47,1,2020Q4,566157.2265333333,5754379.208266667,0.08944277796529661,-2.3225234625966897,3,3,3,0,STATIC_ESTIMATION_MONTHS_ONLY
47,1,2021Q1,544953.5151999999,5552721.594133333,0.08942573147242777,-2.3220839534579043,3,3,3,0,STATIC_ESTIMATION_MONTHS_ONLY
47,1,2021Q2,569966.3972,5667882.102466666,0.09135336867397355,-2.2981444351824476,3,3,3,0,STATIC_ESTIMATION_MONTHS_ONLY
47,1,2021Q3,596325.4847333333,6021095.541733333,0.09006390755152498,-2.3145317828503646,3,3,3,0,STATIC_ESTIMATION_MONTHS_ONLY
47,1,2021Q4,633674.9807666667,5946447.081533332,0.09630382376210606,-2.238986588506277,3,3,3,0,STATIC_ESTIMATION_MONTHS_ONLY
47,1,2022Q1,575418.4379666667,6032182.355566666,0.08706999588425701,-2.3500834066711636,3,3,3,0,STATIC_ESTIMATION_MONTHS_ONLY
47,1,2022Q2,596741.4938333334,6126537.2222,0.08882372883562493,-2.3291791078209645,3,3,3,0,STATIC_ESTIMATION_MONTHS_ONLY
47,1,2022Q3,655805.1471666667,5952962.589166666,0.09920588060411677,-2.2067025157617817,3,3,3,0,STATIC_ESTIMATION_MONTHS_ONLY
47,1,2022Q4,690312.7188,6123373.75945,0.10138010073481446,-2.1832647372189005,2,2,3,1,STATIC_ESTIMATION_MONTHS_ONLY
47,1,2023Q1,648306.1643666667,6095166.7217666665,0.09617307617305391,-2.2415585522879238,3,3,3,0,STATIC_ESTIMATION_MONTHS_ONLY
47,1,2023Q2,709732.9964,5984936.892233334,0.1060355958151409,-2.133933822458733,3,3,3,0,STATIC_ESTIMATION_MONTHS_ONLY
47,1,2023Q3,780900.7514333334,5693550.578000001,0.12058010787712992,-1.9872576031308327,3,3,3,0,STATIC_ESTIMATION_MONTHS_ONLY
47,1,2023Q4,759923.6548333332,5954425.659733334,0.11326414782950887,-2.061190300405759,3,3,3,0,STATIC_ESTIMATION_MONTHS_ONLY
47,1,2024Q1,661995.434,5873413.161666666,0.10125881910579775,-2.183605422826353,3,3,3,0,STATIC_ESTIMATION_MONTHS_ONLY
47,1,2024Q2,636550.5674,6022557.178799999,0.09556820593625258,-2.248668516095689,3,3,3,0,STATIC_ESTIMATION_MONTHS_ONLY
47,1,2024Q3,699778.2393333333,6037941.646566667,0.10402054444607889,-2.159583880610684,3,3,3,0,STATIC_ESTIMATION_MONTHS_ONLY
47,1,2024Q4,686434.6533666666,6061744.414866666,0.10156941831553101,-2.1807522550449217,3,3,3,0,STATIC_ESTIMATION_MONTHS_ONLY
47,1,2025Q1,665599.4039666667,5710579.981466667,0.10423075107040929,-2.1555474145476636,3,3,3,0,STATIC_ESTIMATION_MONTHS_ONLY
47,1,2025Q2,739264.3248,5997158.379033334,0.10964001514937262,-2.0963294298699586,3,3,3,0,STATIC_ESTIMATION_MONTHS_ONLY
47,1,2025Q3,738654.8352,6173101.933266667,0.10684113838278268,-2.12379927099124,3,3,3,0,STATIC_ESTIMATION_MONTHS_ONLY
47,1,2025Q4,672999.40955,5835195.34265,0.10342430793924413,-2.1606824229195585,2,2,3,0,STATIC_ESTIMATION_MONTHS_ONLY
47,1,2026Q1,580592.9308333333,5595692.6965333335,0.09396526328035061,-2.2691413521585004,3,3,3,0,STATIC_ESTIMATION_MONTHS_ONLY
47,1,2026Q2,774620.0859333334,5409458.8205,0.12509691678536994,-1.9508131982082986,3,3,3,0,STATIC_ESTIMATION_MONTHS_ONLY
47,1,2026Q3,748144.7117,5540458.2629,0.1189683487289301,-2.0022360711531846,1,1,1,0,STATIC_ESTIMATION_MONTHS_ONLY
47,2,2017Q1,1943.8989000000001,29454.244933333335,0.07782033065570572,-2.0637628117154336,3,2,3,0,STATIC_ESTIMATION_MONTHS_ONLY
47,2,2017Q2,11776.164533333334,44245.26153333334,0.2145046317696757,-1.3170053796513654,3,3,3,0,STATIC_ESTIMATION_MONTHS_ONLY
47,2,2017Q3,1293.5325666666665,32304.744833333334,0.024928599363941203,-2.515397278463575,3,1,3,0,STATIC_ESTIMATION_MONTHS_ONLY
47,2,2017Q4,0.0,24896.031,0.0,,3,0,3,0,STATIC_ESTIMATION_MONTHS_ONLY
47,2,2018Q1,0.0,24639.803466666664,0.0,,3,0,3,0,STATIC_ESTIMATION_MONTHS_ONLY
47,2,2018Q2,0.0,26226.628666666667,0.0,,3,0,3,0,STATIC_ESTIMATION_MONTHS_ONLY
47,2,2018Q3,0.0,33816.6471,0.0,,3,0,3,0,STATIC_ESTIMATION_MONTHS_ONLY
47,2,2018Q4,0.0,15177.241033333334,0.0,,3,0,3,0,STATIC_ESTIMATION_MONTHS_ONLY
47,2,2019Q1,0.0,13379.097266666666,0.0,,3,0,3,0,STATIC_ESTIMATION_MONTHS_ONLY
47,2,2019Q2,7283.119133333334,10963.162733333333,0.3872846067386817,-0.46784098970419646,3,3,3,0,STATIC_ESTIMATION_MONTHS_ONLY
47,2,2019Q3,6903.299099999999,25634.5095,0.20650774704300268,-1.3588467838764575,3,3,3,0,STATIC_ESTIMATION_MONTHS_ONLY
47,2,2019Q4,2283.4561,12700.376033333334,0.13824056084626413,-1.43995811827656,3,2,3,0,STATIC_ESTIMATION_MONTHS_ONLY
47,2,2020Q1,0.0,16728.701533333337,0.0,,3,0,3,0,STATIC_ESTIMATION_MONTHS_ONLY
47,2,2020Q2,0.0,27281.330266666668,0.0,,3,0,3,0,STATIC_ESTIMATION_MONTHS_ONLY
47,2,2020Q3,0.0,22142.615666666665,0.0,,3,0,3,0,STATIC_ESTIMATION_MONTHS_ONLY
47,2,2020Q4,433.64596666666665,10378.2117,0.35028734367887976,-2.926437478498948,3,1,3,0,STATIC_ESTIMATION_MONTHS_ONLY
47,2,2021Q1,1890.3266666666666,20976.037466666665,0.06722470026023648,-2.7996811274643947,3,3,3,0,STATIC_ESTIMATION_MONTHS_ONLY
47,2,2021Q2,1438.8445,42805.2014,0.027753466330731003,-2.398850429684459,3,1,3,0,STATIC_ESTIMATION_MONTHS_ONLY
47,2,2021Q3,508.75766666666664,39749.70103333334,0.017176378323718527,-2.9127036967108353,3,1,3,0,STATIC_ESTIMATION_MONTHS_ONLY
47,2,2021Q4,0.0,41577.68953333333,0.0,,3,0,3,0,STATIC_ESTIMATION_MONTHS_ONLY
47,2,2022Q1,3825.7393333333334,48508.77686666666,0.06583488509660469,-2.299840787734717,3,2,3,0,STATIC_ESTIMATION_MONTHS_ONLY
47,2,2022Q2,3945.2303333333334,36943.0376,0.09593842475348947,-2.253680953440311,3,3,3,0,STATIC_ESTIMATION_MONTHS_ONLY
47,2,2022Q3,0.0,23306.22266666667,0.0,,3,0,3,0,STATIC_ESTIMATION_MONTHS_ONLY
47,2,2022Q4,0.0,44135.39955,0.0,,2,0,3,1,STATIC_ESTIMATION_MONTHS_ONLY
47,2,2023Q1,6663.244166666666,44378.488633333334,0.13193375547502947,-1.8884869429047375,3,3,3,0,STATIC_ESTIMATION_MONTHS_ONLY
47,2,2023Q2,0.0,52112.57916666666,0.0,,3,0,3,0,STATIC_ESTIMATION_MONTHS_ONLY
47,2,2023Q3,3220.161633333333,38741.15816666667,0.051808022641307704,-1.6926773426676414,3,1,3,0,STATIC_ESTIMATION_MONTHS_ONLY
47,2,2023Q4,0.0,36071.351566666664,0.0,,3,0,3,0,STATIC_ESTIMATION_MONTHS_ONLY
47,2,2024Q1,0.0,27830.836033333337,0.0,,3,0,3,0,STATIC_ESTIMATION_MONTHS_ONLY
47,2,2024Q2,0.0,47282.023400000005,0.0,,3,0,3,0,STATIC_ESTIMATION_MONTHS_ONLY
47,2,2024Q3,0.0,24751.159466666668,0.0,,3,0,3,0,STATIC_ESTIMATION_MONTHS_ONLY
47,2,2024Q4,0.0,9527.1288,0.0,,3,0,3,0,STATIC_ESTIMATION_MONTHS_ONLY
47,2,2025Q1,7168.822266666667,33858.07453333333,0.28062086874614395,-1.1322622750533873,3,3,3,0,STATIC_ESTIMATION_MONTHS_ONLY
47,2,2025Q2,6602.903200000001,42142.74793333333,0.13280709209155203,-1.906586442685744,3,3,3,0,STATIC_ESTIMATION_MONTHS_ONLY
47,2,2025Q3,0.0,16325.906033333333,0.0,,3,0,3,0,STATIC_ESTIMATION_MONTHS_ONLY
47,2,2025Q4,6493.80045,10856.11465,0.3743343686413751,-0.5158393140108745,2,2,3,0,STATIC_ESTIMATION_MONTHS_ONLY
47,2,2026Q1,2490.9263333333333,29418.2178,0.04583072489735442,-1.8362772175284874,3,1,3,0,STATIC_ESTIMATION_MONTHS_ONLY
47,2,2026Q2,7062.343633333333,53989.04263333333,0.11903329281760966,-2.0248639986366372,3,3,3,0,STATIC_ESTIMATION_MONTHS_ONLY
47,2,2026Q3,0.0,26196.2384,0.0,,1,0,1,0,STATIC_ESTIMATION_MONTHS_ONLY
47,3,2017Q1,28939.762766666667,679589.5617666667,0.04053874834312407,-3.190703823078497,3,3,3,0,STATIC_ESTIMATION_MONTHS_ONLY
47,3,2017Q2,18341.693199999998,670530.5499999999,0.026539610548777143,-3.6803678173706067,3,3,3,0,STATIC_ESTIMATION_MONTHS_ONLY
47,3,2017Q3,18426.554766666668,662642.8396666666,0.02680704886878374,-3.6356311944902338,3,3,3,0,STATIC_ESTIMATION_MONTHS_ONLY
47,3,2017Q4,13405.4827,674803.1810333333,0.01965079781634618,-4.098596943388943,3,3,3,0,STATIC_ESTIMATION_MONTHS_ONLY
47,3,2018Q1,20883.042166666666,678140.0703,0.02988121559889524,-3.481422171504095,3,3,3,0,STATIC_ESTIMATION_MONTHS_ONLY
47,3,2018Q2,16399.65393333333,671365.4974999999,0.023652339276782508,-3.8717507104226105,3,3,3,0,STATIC_ESTIMATION_MONTHS_ONLY
47,3,2018Q3,44851.48333333334,700647.7217,0.060149960472761915,-2.7491977327588253,3,3,3,0,STATIC_ESTIMATION_MONTHS_ONLY
47,3,2018Q4,30571.64213333334,680125.6734000001,0.04235036783758145,-3.187613400117778,3,3,3,0,STATIC_ESTIMATION_MONTHS_ONLY
47,3,2019Q1,51403.848900000005,635678.8330333333,0.07474519808099263,-2.5169541660631674,3,3,3,0,STATIC_ESTIMATION_MONTHS_ONLY
47,3,2019Q2,36756.08893333333,734540.8839666666,0.04773376245173713,-3.020517220617711,3,3,3,0,STATIC_ESTIMATION_MONTHS_ONLY
47,3,2019Q3,21424.427233333336,755247.1548333335,0.027473033624041115,-3.6770989769240825,3,3,3,0,STATIC_ESTIMATION_MONTHS_ONLY
47,3,2019Q4,39608.31936666667,693693.9483333334,0.05388136839735803,-2.9118582624528018,3,3,3,0,STATIC_ESTIMATION_MONTHS_ONLY
47,3,2020Q1,18931.399266666667,748125.1216666667,0.02468503691064465,-3.6876854407691755,3,3,3,0,STATIC_ESTIMATION_MONTHS_ONLY
47,3,2020Q2,22459.647599999997,744899.7406,0.02813960713282054,-3.6787005062611287,3,3,3,0,STATIC_ESTIMATION_MONTHS_ONLY
47,3,2020Q3,41728.1145,845092.9364666668,0.04689962304974286,-3.016723939820483,3,3,3,0,STATIC_ESTIMATION_MONTHS_ONLY
47,3,2020Q4,57286.70576666666,711327.5891333333,0.07488131262858995,-2.516944081916752,3,3,3,0,STATIC_ESTIMATION_MONTHS_ONLY
47,3,2021Q1,25492.143266666666,639029.5999666667,0.03832384542107633,-3.240654987145773,3,3,3,0,STATIC_ESTIMATION_MONTHS_ONLY
47,3,2021Q2,26355.4126,719933.651,0.0356121121738735,-3.389425313362071,3,3,3,0,STATIC_ESTIMATION_MONTHS_ONLY
47,3,2021Q3,23002.798366666666,686732.3347666668,0.032432581923689974,-3.402719245301295,3,3,3,0,STATIC_ESTIMATION_MONTHS_ONLY
47,3,2021Q4,21772.96043333333,671135.6284,0.030528169194758824,-3.6874055812384956,3,3,3,0,STATIC_ESTIMATION_MONTHS_ONLY
47,3,2022Q1,7916.771466666665,631787.6232,0.012301841086242604,-4.4193372242028355,3,3,3,0,STATIC_ESTIMATION_MONTHS_ONLY
47,3,2022Q2,22693.62343333333,715146.8915333333,0.03084582862810148,-3.4525481643514997,3,3,3,0,STATIC_ESTIMATION_MONTHS_ONLY
47,3,2022Q3,37782.87796666667,776610.7079333334,0.04712895723304545,-3.0496924825965355,3,3,3,0,STATIC_ESTIMATION_MONTHS_ONLY
47,3,2022Q4,27101.1272,672049.50515,0.038698381581497895,-3.2262855073922765,2,2,3,1,STATIC_ESTIMATION_MONTHS_ONLY
47,3,2023Q1,37114.482833333335,651944.1571666667,0.05451661284591685,-2.870903126383695,3,3,3,0,STATIC_ESTIMATION_MONTHS_ONLY
47,3,2023Q2,36496.3122,748261.0135,0.04611428292846861,-3.0586667945077686,3,3,3,0,STATIC_ESTIMATION_MONTHS_ONLY
47,3,2023Q3,33010.41733333334,786749.3135333335,0.03988345301111137,-3.219961406543906,3,3,3,0,STATIC_ESTIMATION_MONTHS_ONLY
47,3,2023Q4,18614.196466666664,726070.5379333333,0.02494809469691751,-3.689571003925145,3,3,3,0,STATIC_ESTIMATION_MONTHS_ONLY
47,3,2024Q1,27151.9969,857303.3901999999,0.030625926958594257,-3.465642630536962,3,3,3,0,STATIC_ESTIMATION_MONTHS_ONLY
47,3,2024Q2,28472.099033333332,803102.7744333333,0.034408497959853325,-3.370312716078065,3,3,3,0,STATIC_ESTIMATION_MONTHS_ONLY
47,3,2024Q3,45702.08213333334,798503.4754333333,0.054388145720924375,-2.865947472231348,3,3,3,0,STATIC_ESTIMATION_MONTHS_ONLY
47,3,2024Q4,30833.583000000002,744706.0833333334,0.04025768832663094,-3.2308394594126923,3,3,3,0,STATIC_ESTIMATION_MONTHS_ONLY
47,3,2025Q1,32742.186566666667,771852.7515333333,0.04049559142032435,-3.184740036780454,3,3,3,0,STATIC_ESTIMATION_MONTHS_ONLY
47,3,2025Q2,37520.4144,822825.6508333333,0.04423202879420148,-3.0963045798204667,3,3,3,0,STATIC_ESTIMATION_MONTHS_ONLY
47,3,2025Q3,44071.0313,833956.6422,0.05027110412028681,-2.9430404780628634,3,3,3,0,STATIC_ESTIMATION_MONTHS_ONLY
47,3,2025Q4,45446.43235,768941.11705,0.055729858621131834,-2.8476572492268932,2,2,3,0,STATIC_ESTIMATION_MONTHS_ONLY
47,3,2026Q1,24155.161200000002,697858.4889666666,0.03388742948034863,-3.5057334216342646,3,3,3,0,STATIC_ESTIMATION_MONTHS_ONLY
47,3,2026Q2,35259.3637,673635.6960666667,0.05038286049440235,-2.9489881954837394,3,3,3,0,STATIC_ESTIMATION_MONTHS_ONLY
47,3,2026Q3,51391.9885,780201.0157,0.061799447855432066,-2.7200693043633546,1,1,1,0,STATIC_ESTIMATION_MONTHS_ONLY
49,1,2017Q1,286689.6398,2932898.3225000002,0.08906740668052815,-2.3251922901839777,3,3,3,0,STATIC_ESTIMATION_MONTHS_ONLY
49,1,2017Q2,282584.4706333333,2941822.091833333,0.08758561602639636,-2.3466272548714806,3,3,3,0,STATIC_ESTIMATION_MONTHS_ONLY
49,1,2017Q3,268233.3290666667,2868718.9546666667,0.08552996451194587,-2.3699951105875328,3,3,3,0,STATIC_ESTIMATION_MONTHS_ONLY
49,1,2017Q4,254010.01763333334,2953123.7786333337,0.07930275541333834,-2.4546462485076197,3,3,3,0,STATIC_ESTIMATION_MONTHS_ONLY
49,1,2018Q1,260382.4637,2946388.7238333332,0.08123643715709465,-2.426994693831386,3,3,3,0,STATIC_ESTIMATION_MONTHS_ONLY
49,1,2018Q2,325082.7863333333,3047785.4137,0.09636209930031585,-2.2384522712536548,3,3,3,0,STATIC_ESTIMATION_MONTHS_ONLY
49,1,2018Q3,308562.4805666667,2978291.327533333,0.09384402417246873,-2.2711811495852814,3,3,3,0,STATIC_ESTIMATION_MONTHS_ONLY
49,1,2018Q4,304652.3483333333,2917532.348866666,0.09453125034977479,-2.259694730844325,3,3,3,0,STATIC_ESTIMATION_MONTHS_ONLY
49,1,2019Q1,263418.24516666663,2686984.8026666665,0.08939295298900733,-2.3231537331444376,3,3,3,0,STATIC_ESTIMATION_MONTHS_ONLY
49,1,2019Q2,297365.93066666665,2814233.1834333334,0.09523870386745675,-2.2581416780273478,3,3,3,0,STATIC_ESTIMATION_MONTHS_ONLY
49,1,2019Q3,311986.826,2916752.231033333,0.09660192004724448,-2.236221810122826,3,3,3,0,STATIC_ESTIMATION_MONTHS_ONLY
49,1,2019Q4,278351.57273333333,2980775.0054333336,0.08545713415726196,-2.3706904209474344,3,3,3,0,STATIC_ESTIMATION_MONTHS_ONLY
49,1,2020Q1,304358.14056666667,2855740.7608666667,0.09631920838496207,-2.2394936376091477,3,3,3,0,STATIC_ESTIMATION_MONTHS_ONLY
49,1,2020Q2,261982.0958,2479945.575466667,0.09554380810167025,-2.2537312173321156,3,3,3,0,STATIC_ESTIMATION_MONTHS_ONLY
49,1,2020Q3,222738.73286666666,2696257.4886000003,0.07631403030179097,-2.4935338585490787,3,3,3,0,STATIC_ESTIMATION_MONTHS_ONLY
49,1,2020Q4,248621.68583333332,2717250.5264000003,0.08388196188033663,-2.3958270775400448,3,3,3,0,STATIC_ESTIMATION_MONTHS_ONLY
49,1,2021Q1,269261.63016666664,2710922.498033333,0.09049849404557182,-2.3091636476623125,3,3,3,0,STATIC_ESTIMATION_MONTHS_ONLY
49,1,2021Q2,246490.0421,2892309.1754,0.07846416364108529,-2.469657295450449,3,3,3,0,STATIC_ESTIMATION_MONTHS_ONLY
49,1,2021Q3,268244.1567,2935035.2650666665,0.08373548431066348,-2.4010215133011434,3,3,3,0,STATIC_ESTIMATION_MONTHS_ONLY
49,1,2021Q4,261912.11989999996,2814875.1463666665,0.08515244142217059,-2.3766417712289947,3,3,3,0,STATIC_ESTIMATION_MONTHS_ONLY
49,1,2022Q1,295429.2545,2851839.1268666666,0.09390675566291463,-2.269482435544829,3,3,3,0,STATIC_ESTIMATION_MONTHS_ONLY
49,1,2022Q2,246140.13,2887007.9079,0.07852551189816155,-2.4628727556426826,3,3,3,0,STATIC_ESTIMATION_MONTHS_ONLY
49,1,2022Q3,263169.16163333337,2963951.5936999996,0.08155386625541593,-2.422059390573006,3,3,3,0,STATIC_ESTIMATION_MONTHS_ONLY
49,1,2022Q4,303383.8249,2891398.43485,0.09510198828614093,-2.254540218926408,2,2,3,1,STATIC_ESTIMATION_MONTHS_ONLY
49,1,2023Q1,307850.9916,2824550.259233333,0.09823594543131708,-2.218540109618983,3,3,3,0,STATIC_ESTIMATION_MONTHS_ONLY
49,1,2023Q2,317118.82803333335,2787841.250366667,0.1021480506219603,-2.1743866852415077,3,3,3,0,STATIC_ESTIMATION_MONTHS_ONLY
49,1,2023Q3,331771.4590333333,2957283.0535000004,0.10077250681305468,-2.1900202653788567,3,3,3,0,STATIC_ESTIMATION_MONTHS_ONLY
49,1,2023Q4,400533.55973333336,2862845.7552666664,0.12274794125844289,-1.9666758114168645,3,3,3,0,STATIC_ESTIMATION_MONTHS_ONLY
49,1,2024Q1,333007.3995666667,2860076.1621666662,0.10447664611386175,-2.157830665016196,3,3,3,0,STATIC_ESTIMATION_MONTHS_ONLY
49,1,2024Q2,379569.5074,2844410.303,0.11784287234599754,-2.014883270428857,3,3,3,0,STATIC_ESTIMATION_MONTHS_ONLY
49,1,2024Q3,343025.9959,2818252.2299,0.10850979437117726,-2.106086432604376,3,3,3,0,STATIC_ESTIMATION_MONTHS_ONLY
49,1,2024Q4,332176.67693333334,2842866.7698,0.10462309202326281,-2.147627643622298,3,3,3,0,STATIC_ESTIMATION_MONTHS_ONLY
49,1,2025Q1,353596.04939999996,2988250.3928,0.10589166172377668,-2.134698812971294,3,3,3,0,STATIC_ESTIMATION_MONTHS_ONLY
49,1,2025Q2,307237.3490666667,2994467.523,0.09296239447048564,-2.2814167258732203,3,3,3,0,STATIC_ESTIMATION_MONTHS_ONLY
49,1,2025Q3,317315.06693333335,3074136.7169666667,0.0935591689425549,-2.272833021021929,3,3,3,0,STATIC_ESTIMATION_MONTHS_ONLY
49,1,2025Q4,318888.84219999996,2868242.0337,0.1000107241149426,-2.197237750599189,2,2,3,0,STATIC_ESTIMATION_MONTHS_ONLY
49,1,2026Q1,384369.46976666665,2780459.635766667,0.12139712338132796,-1.979456405284495,3,3,3,0,STATIC_ESTIMATION_MONTHS_ONLY
49,1,2026Q2,395308.3823333333,2825674.6665,0.12260711961038749,-1.9693643456301526,3,3,3,0,STATIC_ESTIMATION_MONTHS_ONLY
49,1,2026Q3,401454.213,2778609.8436,0.1262409202628513,-1.9346125383226447,1,1,1,0,STATIC_ESTIMATION_MONTHS_ONLY
49,2,2017Q1,94605.29813333333,672657.6734000001,0.12316733178961624,-1.967390642189477,3,3,3,0,STATIC_ESTIMATION_MONTHS_ONLY
49,2,2017Q2,50097.25463333334,640032.4598666667,0.07125809303618429,-2.6132181662173966,3,3,3,0,STATIC_ESTIMATION_MONTHS_ONLY
49,2,2017Q3,44055.36943333333,631996.8621,0.0650139547059474,-2.6962785816642785,3,3,3,0,STATIC_ESTIMATION_MONTHS_ONLY
49,2,2017Q4,39855.7802,657592.764,0.0572638885011064,-2.809695218210106,3,3,3,0,STATIC_ESTIMATION_MONTHS_ONLY
49,2,2018Q1,29409.6899,628282.4804666666,0.04462240282969664,-3.073963019195983,3,3,3,0,STATIC_ESTIMATION_MONTHS_ONLY
49,2,2018Q2,50002.06,694479.6541333334,0.06726956946369532,-2.629785564942777,3,3,3,0,STATIC_ESTIMATION_MONTHS_ONLY
49,2,2018Q3,37607.804566666666,680021.2867666667,0.05288751831957635,-2.9014224361455674,3,3,3,0,STATIC_ESTIMATION_MONTHS_ONLY
49,2,2018Q4,39917.7645,596556.0845,0.06246654803549396,-2.7305814735820584,3,3,3,0,STATIC_ESTIMATION_MONTHS_ONLY
49,2,2019Q1,52040.98006666667,571279.4858666667,0.08332686910470095,-2.4037157236001954,3,3,3,0,STATIC_ESTIMATION_MONTHS_ONLY
49,2,2019Q2,47035.3218,605225.0695000001,0.0714791192218263,-2.5824753425420934,3,3,3,0,STATIC_ESTIMATION_MONTHS_ONLY
49,2,2019Q3,37386.60863333333,641151.5775333332,0.05509231568836342,-2.8621474782133927,3,3,3,0,STATIC_ESTIMATION_MONTHS_ONLY
49,2,2019Q4,29272.047166666667,635775.6123333334,0.04317967083619333,-3.2050720409181435,3,3,3,0,STATIC_ESTIMATION_MONTHS_ONLY
49,2,2020Q1,51671.447733333334,610048.2646666667,0.07839972488824132,-2.472239271259097,3,3,3,0,STATIC_ESTIMATION_MONTHS_ONLY
49,2,2020Q2,33264.21673333333,565238.5832999999,0.05527140733151011,-2.8610977735168626,3,3,3,0,STATIC_ESTIMATION_MONTHS_ONLY
49,2,2020Q3,30268.562966666665,647888.3087333334,0.04445799217047807,-3.1216172216905824,3,3,3,0,STATIC_ESTIMATION_MONTHS_ONLY
49,2,2020Q4,21792.5906,615216.8168666667,0.03424022640092043,-3.360368435674792,3,3,3,0,STATIC_ESTIMATION_MONTHS_ONLY
49,2,2021Q1,33245.03276666666,626156.3596333334,0.05013768727685686,-2.953117164252926,3,3,3,0,STATIC_ESTIMATION_MONTHS_ONLY
49,2,2021Q2,53888.93346666667,629637.8191666667,0.07874080887885336,-2.4698079253034977,3,3,3,0,STATIC_ESTIMATION_MONTHS_ONLY
49,2,2021Q3,52849.57786666667,681579.9848000001,0.0721138668882712,-2.5658908332193424,3,3,3,0,STATIC_ESTIMATION_MONTHS_ONLY
49,2,2021Q4,32077.7304,573592.0246333334,0.05295609809142271,-2.883921637008063,3,3,3,0,STATIC_ESTIMATION_MONTHS_ONLY
49,2,2022Q1,43347.83986666667,641463.7611666666,0.06351476661174367,-2.6995370142695223,3,3,3,0,STATIC_ESTIMATION_MONTHS_ONLY
49,2,2022Q2,50377.68199999999,588033.2849666666,0.07873728091478806,-2.477538829507051,3,3,3,0,STATIC_ESTIMATION_MONTHS_ONLY
49,2,2022Q3,43839.67733333333,541278.5575666666,0.07508398805526251,-2.5143252779248577,3,3,3,0,STATIC_ESTIMATION_MONTHS_ONLY
49,2,2022Q4,32394.25535,535366.85045,0.0570786991758622,-2.825296430111762,2,2,3,1,STATIC_ESTIMATION_MONTHS_ONLY
49,2,2023Q1,64685.66913333334,543693.7820666666,0.10549031418452572,-2.1613284571485116,3,3,3,0,STATIC_ESTIMATION_MONTHS_ONLY
49,2,2023Q2,68787.59746666667,587229.4844,0.10478115919913357,-2.153572316711082,3,3,3,0,STATIC_ESTIMATION_MONTHS_ONLY
49,2,2023Q3,36539.8817,571790.5913,0.05973154001892631,-2.804395408835244,3,3,3,0,STATIC_ESTIMATION_MONTHS_ONLY
49,2,2023Q4,50365.249299999996,551282.6900333333,0.08383868988962466,-2.3925221705910342,3,3,3,0,STATIC_ESTIMATION_MONTHS_ONLY
49,2,2024Q1,54913.93293333333,529994.4268,0.0935185614721119,-2.2797157512352313,3,3,3,0,STATIC_ESTIMATION_MONTHS_ONLY
49,2,2024Q2,49039.12566666666,562930.9359666667,0.08024946855184036,-2.4391391557528816,3,3,3,0,STATIC_ESTIMATION_MONTHS_ONLY
49,2,2024Q3,39684.62706666667,548722.6461,0.06903416239186326,-2.654724226787787,3,3,3,0,STATIC_ESTIMATION_MONTHS_ONLY
49,2,2024Q4,42291.893099999994,493064.00773333333,0.07882380605916652,-2.467724965319435,3,3,3,0,STATIC_ESTIMATION_MONTHS_ONLY
49,2,2025Q1,30976.840666666667,524287.5891666667,0.055553220950839595,-2.8370351469784336,3,3,3,0,STATIC_ESTIMATION_MONTHS_ONLY
49,2,2025Q2,36725.928133333335,556644.2810666667,0.06194173880622298,-2.766319891000817,3,3,3,0,STATIC_ESTIMATION_MONTHS_ONLY
49,2,2025Q3,60169.98816666667,629746.0754666667,0.08727532412246519,-2.352252693285846,3,3,3,0,STATIC_ESTIMATION_MONTHS_ONLY
49,2,2025Q4,48094.83750000001,547211.27165,0.08037966089848486,-2.4472751689347954,2,2,3,0,STATIC_ESTIMATION_MONTHS_ONLY
49,2,2026Q1,72547.10593333333,536046.8667666666,0.11907751112206984,-2.022088189319762,3,3,3,0,STATIC_ESTIMATION_MONTHS_ONLY
49,2,2026Q2,35262.924100000004,509785.15969999996,0.06420406158367457,-2.692296105017038,3,3,3,0,STATIC_ESTIMATION_MONTHS_ONLY
49,2,2026Q3,55982.6111,513173.1522,0.09836079103444265,-2.2155721904321353,1,1,1,0,STATIC_ESTIMATION_MONTHS_ONLY
49,3,2017Q1,18908.102899999998,411350.4435,0.04389428596928089,-3.08558011839969,3,3,3,0,STATIC_ESTIMATION_MONTHS_ONLY
49,3,2017Q2,11348.153133333333,414017.95889999997,0.026704866387744775,-3.5986161275680217,3,3,3,0,STATIC_ESTIMATION_MONTHS_ONLY
49,3,2017Q3,17471.909066666667,443682.27626666665,0.03626021440135284,-3.504224475119065,3,3,3,0,STATIC_ESTIMATION_MONTHS_ONLY
49,3,2017Q4,21506.817133333334,440397.6456,0.04646126524875003,-3.0402200086201283,3,3,3,0,STATIC_ESTIMATION_MONTHS_ONLY
49,3,2018Q1,26142.859200000003,434280.3479666666,0.056866316993135435,-2.820497176441293,3,3,3,0,STATIC_ESTIMATION_MONTHS_ONLY
49,3,2018Q2,14090.882966666666,366975.11873333337,0.03478610532646085,-3.551151645348693,3,3,3,0,STATIC_ESTIMATION_MONTHS_ONLY
49,3,2018Q3,20704.27603333333,435037.81120000005,0.0447483803775938,-3.1033174230108105,3,3,3,0,STATIC_ESTIMATION_MONTHS_ONLY
49,3,2018Q4,31324.02376666667,416920.9174333333,0.07033128134156927,-2.5976338205938636,3,3,3,0,STATIC_ESTIMATION_MONTHS_ONLY
49,3,2019Q1,30828.168933333334,411049.9791333333,0.07012633559066596,-2.6159932776977795,3,3,3,0,STATIC_ESTIMATION_MONTHS_ONLY
49,3,2019Q2,28795.357099999997,368490.0686666667,0.07223399432868184,-2.5628781073570104,3,3,3,0,STATIC_ESTIMATION_MONTHS_ONLY
49,3,2019Q3,17209.58296666667,439750.22096666665,0.03687501974800475,-3.3170870423189456,3,3,3,0,STATIC_ESTIMATION_MONTHS_ONLY
49,3,2019Q4,25597.7613,409882.27586666663,0.05986851581230218,-2.7950739340680255,3,3,3,0,STATIC_ESTIMATION_MONTHS_ONLY
49,3,2020Q1,15028.024833333335,361728.5875666667,0.03916465377488106,-3.3419840822779547,3,3,3,0,STATIC_ESTIMATION_MONTHS_ONLY
49,3,2020Q2,28359.878833333332,383802.6062,0.06798895502685896,-2.6339299023727873,3,3,3,0,STATIC_ESTIMATION_MONTHS_ONLY
49,3,2020Q3,31172.6237,333770.39546666667,0.08567548942424985,-2.3686164102392753,3,3,3,0,STATIC_ESTIMATION_MONTHS_ONLY
49,3,2020Q4,23712.959666666666,374577.33943333337,0.06030739837310631,-2.765595310391847,3,3,3,0,STATIC_ESTIMATION_MONTHS_ONLY
49,3,2021Q1,29287.690066666666,344725.2399666667,0.07876857901931601,-2.465655133569735,3,3,3,0,STATIC_ESTIMATION_MONTHS_ONLY
49,3,2021Q2,12638.158266666667,393444.2162666667,0.030964503392169343,-3.5045146796135955,3,3,3,0,STATIC_ESTIMATION_MONTHS_ONLY
49,3,2021Q3,26923.663933333333,358479.3581333333,0.07039865293110519,-2.5838169573840495,3,3,3,0,STATIC_ESTIMATION_MONTHS_ONLY
49,3,2021Q4,13199.255433333334,303065.35723333334,0.04194138273522215,-3.1548721065954517,3,3,3,0,STATIC_ESTIMATION_MONTHS_ONLY
49,3,2022Q1,7782.689000000001,352428.0528333333,0.021286987996896062,-3.8861738869865405,3,3,3,0,STATIC_ESTIMATION_MONTHS_ONLY
49,3,2022Q2,13292.716933333335,370911.9739666667,0.03481634998770034,-3.3827966207044713,3,3,3,0,STATIC_ESTIMATION_MONTHS_ONLY
49,3,2022Q3,18250.731499999998,395953.5097333333,0.04413813846662971,-3.0831742362717005,3,3,3,0,STATIC_ESTIMATION_MONTHS_ONLY
49,3,2022Q4,28219.185900000004,416713.80525,0.06314962685076206,-2.7371202821392817,2,2,3,1,STATIC_ESTIMATION_MONTHS_ONLY
49,3,2023Q1,13247.424966666666,337726.92606666667,0.03631467912892745,-3.999420545819339,3,3,3,0,STATIC_ESTIMATION_MONTHS_ONLY
49,3,2023Q2,13943.698733333333,327312.4845,0.040015076815565695,-3.46319164791999,3,3,3,0,STATIC_ESTIMATION_MONTHS_ONLY
49,3,2023Q3,28811.55123333333,326209.4066666667,0.08004841101451905,-2.463615349907661,3,3,3,0,STATIC_ESTIMATION_MONTHS_ONLY
49,3,2023Q4,30297.940333333332,319503.7135333333,0.08625463563560959,-2.3623461461414963,3,3,3,0,STATIC_ESTIMATION_MONTHS_ONLY
49,3,2024Q1,27971.256200000003,369386.5814333333,0.06926624633289709,-2.62633232047303,3,3,3,0,STATIC_ESTIMATION_MONTHS_ONLY
49,3,2024Q2,21500.08076666667,353693.07583333337,0.05717622723508468,-2.8832665089495575,3,3,3,0,STATIC_ESTIMATION_MONTHS_ONLY
49,3,2024Q3,13685.554233333334,333811.551,0.039299488798215404,-3.2819708469562365,3,3,3,0,STATIC_ESTIMATION_MONTHS_ONLY
49,3,2024Q4,15601.316233333333,350913.1227,0.04067397046390687,-2.7378216113008618,3,2,3,0,STATIC_ESTIMATION_MONTHS_ONLY
49,3,2025Q1,20682.24326666667,394702.71193333337,0.05057294183925425,-3.0157206332950834,3,3,3,0,STATIC_ESTIMATION_MONTHS_ONLY
49,3,2025Q2,14035.800366666665,359590.3513,0.03636734878485354,-3.554489638748056,3,3,3,0,STATIC_ESTIMATION_MONTHS_ONLY
49,3,2025Q3,18178.739,364624.06296666665,0.04695439115816702,-3.059233388567293,3,3,3,0,STATIC_ESTIMATION_MONTHS_ONLY
49,3,2025Q4,18166.01525,419837.2461,0.041844577719369044,-3.1572965112823104,2,2,3,0,STATIC_ESTIMATION_MONTHS_ONLY
49,3,2026Q1,12095.586766666667,412886.8294666666,0.02931198627276661,-3.610432539409022,3,3,3,0,STATIC_ESTIMATION_MONTHS_ONLY
49,3,2026Q2,5566.624533333333,448733.8717,0.012642699442226055,-4.470046981966849,3,3,3,0,STATIC_ESTIMATION_MONTHS_ONLY
49,3,2026Q3,15168.7163,412191.84089999995,0.03549395479869054,-3.3022537054109713,1,1,1,0,STATIC_ESTIMATION_MONTHS_ONLY
51,1,2017Q1,259470.83583333335,2418161.5278666667,0.09706874042618822,-2.2321492636894025,3,3,3,0,STATIC_ESTIMATION_MONTHS_ONLY
51,1,2017Q2,253957.80520000003,2446758.1555333333,0.09399967614012517,-2.266820237440229,3,3,3,0,STATIC_ESTIMATION_MONTHS_ONLY
51,1,2017Q3,230196.04746666667,2366581.6037333333,0.08861611652182992,-2.332433442768538,3,3,3,0,STATIC_ESTIMATION_MONTHS_ONLY
51,1,2017Q4,250852.98033333334,2376780.2111333334,0.09547754638552229,-2.248748710015049,3,3,3,0,STATIC_ESTIMATION_MONTHS_ONLY
51,1,2018Q1,259358.5767,2348382.2360333335,0.09950370050640693,-2.2035643229789716,3,3,3,0,STATIC_ESTIMATION_MONTHS_ONLY
51,1,2018Q2,276135.6694,2348751.887533333,0.10526883242508937,-2.1444153848364462,3,3,3,0,STATIC_ESTIMATION_MONTHS_ONLY
51,1,2018Q3,210412.12253333334,2496168.056,0.0777206777666589,-2.473871463545638,3,3,3,0,STATIC_ESTIMATION_MONTHS_ONLY
51,1,2018Q4,247649.63756666667,2520776.8845666666,0.08948490987556502,-2.320594494649018,3,3,3,0,STATIC_ESTIMATION_MONTHS_ONLY
51,1,2019Q1,193918.60466666668,2505284.102733333,0.0718613450122415,-2.5595870056932895,3,3,3,0,STATIC_ESTIMATION_MONTHS_ONLY
51,1,2019Q2,247245.86986666665,2528722.5069999998,0.08903930306671287,-2.326021453402689,3,3,3,0,STATIC_ESTIMATION_MONTHS_ONLY
51,1,2019Q3,248323.7825666667,2412693.328166667,0.09323687093680195,-2.2752206748864263,3,3,3,0,STATIC_ESTIMATION_MONTHS_ONLY
51,1,2019Q4,190121.08090000003,2360195.1155666667,0.07468252488716214,-2.5197435074441983,3,3,3,0,STATIC_ESTIMATION_MONTHS_ONLY
51,1,2020Q1,203446.86653333332,2342000.4488333333,0.07995054663404329,-2.4458637573095174,3,3,3,0,STATIC_ESTIMATION_MONTHS_ONLY
51,1,2020Q2,192358.11666666667,1931817.0109333333,0.09083763495926837,-2.3083795313951936,3,3,3,0,STATIC_ESTIMATION_MONTHS_ONLY
51,1,2020Q3,191882.69806666663,2135534.3618666665,0.08224399831977312,-2.4169923319458726,3,3,3,0,STATIC_ESTIMATION_MONTHS_ONLY
51,1,2020Q4,237873.43513333332,2213140.6336,0.09703202089217088,-2.231216343121671,3,3,3,0,STATIC_ESTIMATION_MONTHS_ONLY
51,1,2021Q1,227102.79736666664,2132421.3800000004,0.09631580914390604,-2.2391383660352977,3,3,3,0,STATIC_ESTIMATION_MONTHS_ONLY
51,1,2021Q2,242272.04859999998,2013302.3516999998,0.10743801379567681,-2.1177984862862416,3,3,3,0,STATIC_ESTIMATION_MONTHS_ONLY
51,1,2021Q3,237711.75783333334,2137119.7869,0.1000274466147114,-2.197915227865359,3,3,3,0,STATIC_ESTIMATION_MONTHS_ONLY
51,1,2021Q4,185949.4126,2198056.7167666666,0.07810057655555096,-2.4699744137206,3,3,3,0,STATIC_ESTIMATION_MONTHS_ONLY
51,1,2022Q1,201257.35166666668,2197717.2946666665,0.08397375774705966,-2.392776295253505,3,3,3,0,STATIC_ESTIMATION_MONTHS_ONLY
51,1,2022Q2,210289.28703333333,2239011.0153666665,0.08583469733802628,-2.365936968969144,3,3,3,0,STATIC_ESTIMATION_MONTHS_ONLY
51,1,2022Q3,211094.74766666666,2279437.0678333333,0.08487721619474405,-2.3790543312150914,3,3,3,0,STATIC_ESTIMATION_MONTHS_ONLY
51,1,2022Q4,194027.87495,2198078.41525,0.0810851862863006,-2.4277273749236916,2,2,3,1,STATIC_ESTIMATION_MONTHS_ONLY
51,1,2023Q1,275958.98513333336,2161778.6229333333,0.11326519497629967,-2.063272113380539,3,3,3,0,STATIC_ESTIMATION_MONTHS_ONLY
51,1,2023Q2,228097.52463333332,2119345.3510000003,0.09743083404008988,-2.228356737655122,3,3,3,0,STATIC_ESTIMATION_MONTHS_ONLY
51,1,2023Q3,227016.3598666667,2173502.5855666664,0.09472902713826244,-2.258439313992125,3,3,3,0,STATIC_ESTIMATION_MONTHS_ONLY
51,1,2023Q4,271988.96756666666,2195752.0714000002,0.11005131156047915,-2.0997185829388205,3,3,3,0,STATIC_ESTIMATION_MONTHS_ONLY
51,1,2024Q1,252819.2479666667,2213489.5541333333,0.1024711605287754,-2.1704609110651414,3,3,3,0,STATIC_ESTIMATION_MONTHS_ONLY
51,1,2024Q2,212393.77436666665,2119585.978833333,0.0911497579801341,-2.301494489532318,3,3,3,0,STATIC_ESTIMATION_MONTHS_ONLY
51,1,2024Q3,168004.45683333333,2105396.3556,0.07386067551265273,-2.5347789901613726,3,3,3,0,STATIC_ESTIMATION_MONTHS_ONLY
51,1,2024Q4,207831.42356666666,2115165.3249666668,0.08944020960372741,-2.320681347480756,3,3,3,0,STATIC_ESTIMATION_MONTHS_ONLY
51,1,2025Q1,247348.51953333334,2192998.3082333333,0.10152569818058559,-2.1892319660829602,3,3,3,0,STATIC_ESTIMATION_MONTHS_ONLY
51,1,2025Q2,289410.67366666667,2136845.9921,0.11956132718179308,-2.0128282376749884,3,3,3,0,STATIC_ESTIMATION_MONTHS_ONLY
51,1,2025Q3,281813.8805,2018604.2264333332,0.12227191185095072,-1.9789893959248772,3,3,3,0,STATIC_ESTIMATION_MONTHS_ONLY
51,1,2025Q4,215414.435,2087652.1521,0.09357857421853558,-2.2721108953796803,2,2,3,0,STATIC_ESTIMATION_MONTHS_ONLY
51,1,2026Q1,160346.46403333335,2007352.4671666666,0.07385122350287697,-2.5353600489105657,3,3,3,0,STATIC_ESTIMATION_MONTHS_ONLY
51,1,2026Q2,226263.14433333333,2092472.0363999999,0.09754858337026322,-2.2311018330921564,3,3,3,0,STATIC_ESTIMATION_MONTHS_ONLY
51,1,2026Q3,257049.3356,2138020.5255,0.10732435816379202,-2.118367658079289,1,1,1,0,STATIC_ESTIMATION_MONTHS_ONLY
51,2,2017Q1,76434.3873,878044.4978,0.0800274239295653,-2.4427610387743277,3,3,3,0,STATIC_ESTIMATION_MONTHS_ONLY
51,2,2017Q2,62635.146166666666,848080.6021333333,0.06840683430252911,-2.6248261906714223,3,3,3,0,STATIC_ESTIMATION_MONTHS_ONLY
51,2,2017Q3,60017.545066666666,844445.3391999999,0.0663197259323239,-2.645433254728379,3,3,3,0,STATIC_ESTIMATION_MONTHS_ONLY
51,2,2017Q4,82229.89283333333,908928.3082,0.08302543622942636,-2.402455994299226,3,3,3,0,STATIC_ESTIMATION_MONTHS_ONLY
51,2,2018Q1,78235.53186666667,808840.0469000001,0.08809122220606484,-2.337736363107712,3,3,3,0,STATIC_ESTIMATION_MONTHS_ONLY
51,2,2018Q2,71718.42006666666,830024.6095666667,0.0794919946250257,-2.4496863801854025,3,3,3,0,STATIC_ESTIMATION_MONTHS_ONLY
51,2,2018Q3,76061.48016666666,805246.0744666667,0.08679124338147522,-2.3650089865574775,3,3,3,0,STATIC_ESTIMATION_MONTHS_ONLY
51,2,2018Q4,62584.905999999995,843920.4615000001,0.06900499190230429,-2.604311877125662,3,3,3,0,STATIC_ESTIMATION_MONTHS_ONLY
51,2,2019Q1,76646.39703333333,814763.2976333332,0.0854033965879798,-2.395313588536902,3,3,3,0,STATIC_ESTIMATION_MONTHS_ONLY
51,2,2019Q2,96705.67186666666,782752.5694999999,0.11007976108575368,-2.0941897892609576,3,3,3,0,STATIC_ESTIMATION_MONTHS_ONLY
51,2,2019Q3,81421.3655,753658.0202,0.09842079017698219,-2.2482270195741383,3,3,3,0,STATIC_ESTIMATION_MONTHS_ONLY
51,2,2019Q4,48247.848633333335,880529.7596666667,0.05199210132421037,-2.9098232954616687,3,3,3,0,STATIC_ESTIMATION_MONTHS_ONLY
51,2,2020Q1,64013.623766666664,799166.1876,0.07508357172741341,-2.541086844313336,3,3,3,0,STATIC_ESTIMATION_MONTHS_ONLY
51,2,2020Q2,58113.19206666667,631518.8585666666,0.08451391144975196,-2.386042898516276,3,3,3,0,STATIC_ESTIMATION_MONTHS_ONLY
51,2,2020Q3,65642.87376666667,676297.6191333333,0.08856075224319378,-2.338107206175534,3,3,3,0,STATIC_ESTIMATION_MONTHS_ONLY
51,2,2020Q4,48034.91523333333,775434.5656666667,0.058481974241011814,-2.792485366092736,3,3,3,0,STATIC_ESTIMATION_MONTHS_ONLY
51,2,2021Q1,50147.44666666666,727136.3382,0.0650206113806086,-2.6710239294374496,3,3,3,0,STATIC_ESTIMATION_MONTHS_ONLY
51,2,2021Q2,58817.7042,726713.6845999999,0.0748434124380782,-2.52748828503467,3,3,3,0,STATIC_ESTIMATION_MONTHS_ONLY
51,2,2021Q3,71660.1999,792774.1145666667,0.08280163072150393,-2.406882514279698,3,3,3,0,STATIC_ESTIMATION_MONTHS_ONLY
51,2,2021Q4,69714.61983333333,766385.764,0.08357720695119102,-2.400529115466568,3,3,3,0,STATIC_ESTIMATION_MONTHS_ONLY
51,2,2022Q1,94042.70606666668,724419.2528,0.11496002129635309,-2.041607587542057,3,3,3,0,STATIC_ESTIMATION_MONTHS_ONLY
51,2,2022Q2,78138.4117,770518.0641000001,0.09201768966202806,-2.289560674934743,3,3,3,0,STATIC_ESTIMATION_MONTHS_ONLY
51,2,2022Q3,64415.9963,749085.8223,0.07923118647898995,-2.45304086148281,3,3,3,0,STATIC_ESTIMATION_MONTHS_ONLY
51,2,2022Q4,73031.53745,749668.8569499999,0.0889032897783168,-2.343648446121988,2,2,3,1,STATIC_ESTIMATION_MONTHS_ONLY
51,2,2023Q1,53348.582266666665,736055.6758666667,0.06737599143624086,-2.6546199912849464,3,3,3,0,STATIC_ESTIMATION_MONTHS_ONLY
51,2,2023Q2,68080.22086666666,723009.9185666667,0.08597149109338074,-2.37185450173074,3,3,3,0,STATIC_ESTIMATION_MONTHS_ONLY
51,2,2023Q3,79211.59133333333,734786.2190666668,0.09713193954792083,-2.2389869097978603,3,3,3,0,STATIC_ESTIMATION_MONTHS_ONLY
51,2,2023Q4,76222.1146,759198.5574666667,0.09095326429439653,-2.3204207002804815,3,3,3,0,STATIC_ESTIMATION_MONTHS_ONLY
51,2,2024Q1,87139.91986666666,737613.4464333333,0.1063352343291572,-2.135941748588302,3,3,3,0,STATIC_ESTIMATION_MONTHS_ONLY
51,2,2024Q2,49330.143000000004,847847.7892666667,0.05502012461347389,-2.8711493905726155,3,3,3,0,STATIC_ESTIMATION_MONTHS_ONLY
51,2,2024Q3,48412.94493333334,673485.6728666667,0.06731575012792913,-2.648088900221378,3,3,3,0,STATIC_ESTIMATION_MONTHS_ONLY
51,2,2024Q4,64247.3684,714302.7704000002,0.08236078679458882,-2.443784596847499,3,3,3,0,STATIC_ESTIMATION_MONTHS_ONLY
51,2,2025Q1,71615.66823333333,838581.9977000001,0.07885914523195975,-2.4691514961758663,3,3,3,0,STATIC_ESTIMATION_MONTHS_ONLY
51,2,2025Q2,98973.30306666666,825085.0791000001,0.10755552378832266,-2.1268112470917235,3,3,3,0,STATIC_ESTIMATION_MONTHS_ONLY
51,2,2025Q3,69734.76520000001,698545.4790333334,0.08970177160275565,-2.3653583373308877,3,3,3,0,STATIC_ESTIMATION_MONTHS_ONLY
51,2,2025Q4,105965.939,868408.04485,0.1088010771814164,-2.1048384848077584,2,2,3,0,STATIC_ESTIMATION_MONTHS_ONLY
51,2,2026Q1,91000.1529,775574.3387666667,0.10545779012012597,-2.1530444526386963,3,3,3,0,STATIC_ESTIMATION_MONTHS_ONLY
51,2,2026Q2,78791.0649,751879.7678333333,0.09480135228488418,-2.2591798990239775,3,3,3,0,STATIC_ESTIMATION_MONTHS_ONLY
51,2,2026Q3,103915.9673,791422.495,0.11606333434291914,-2.0302493870614917,1,1,1,0,STATIC_ESTIMATION_MONTHS_ONLY
51,3,2017Q1,103136.81696666667,1328573.6423,0.07216201288636152,-2.560805385107185,3,3,3,0,STATIC_ESTIMATION_MONTHS_ONLY
51,3,2017Q2,69890.2357,1387613.8090666665,0.04780302270445275,-3.010931091177133,3,3,3,0,STATIC_ESTIMATION_MONTHS_ONLY
51,3,2017Q3,110458.09210000001,1451298.8485333333,0.07071657504021954,-2.5873814090651197,3,3,3,0,STATIC_ESTIMATION_MONTHS_ONLY
51,3,2017Q4,114684.93126666667,1473925.7445999999,0.07221122504439266,-2.5696795970340336,3,3,3,0,STATIC_ESTIMATION_MONTHS_ONLY
51,3,2018Q1,97939.31246666667,1447518.9203666665,0.06336209203343313,-2.7013983739466965,3,3,3,0,STATIC_ESTIMATION_MONTHS_ONLY
51,3,2018Q2,121488.48783333332,1450436.5967666667,0.07738174744190403,-2.479971067458583,3,3,3,0,STATIC_ESTIMATION_MONTHS_ONLY
51,3,2018Q3,106826.09706666665,1439915.010533333,0.0689415085467494,-2.6077417179176656,3,3,3,0,STATIC_ESTIMATION_MONTHS_ONLY
51,3,2018Q4,69355.887,1540500.6983333332,0.04309751465543198,-3.1399990767308243,3,3,3,0,STATIC_ESTIMATION_MONTHS_ONLY
51,3,2019Q1,65246.346300000005,1517730.9985333334,0.04119356649147829,-3.168178115225554,3,3,3,0,STATIC_ESTIMATION_MONTHS_ONLY
51,3,2019Q2,82816.2342,1467201.5218333334,0.05323702282206675,-2.8984159298951337,3,3,3,0,STATIC_ESTIMATION_MONTHS_ONLY
51,3,2019Q3,108309.4825,1513433.6926999998,0.06673146774841221,-2.6384508299535967,3,3,3,0,STATIC_ESTIMATION_MONTHS_ONLY
51,3,2019Q4,124388.63923333334,1477369.5862999998,0.07785741320737984,-2.4764249968206515,3,3,3,0,STATIC_ESTIMATION_MONTHS_ONLY
51,3,2020Q1,84813.41966666667,1416628.4939333333,0.05623162357658686,-2.8284423045477585,3,3,3,0,STATIC_ESTIMATION_MONTHS_ONLY
51,3,2020Q2,93136.88053333334,1249654.8223333333,0.06972248388797712,-2.594918625552952,3,3,3,0,STATIC_ESTIMATION_MONTHS_ONLY
51,3,2020Q3,92000.34496666666,1290723.3164666668,0.06661151430806611,-2.646440199619766,3,3,3,0,STATIC_ESTIMATION_MONTHS_ONLY
51,3,2020Q4,81997.794,1333646.3376666668,0.05834716186903058,-2.794591464996144,3,3,3,0,STATIC_ESTIMATION_MONTHS_ONLY
51,3,2021Q1,79212.6102,1357968.1955333333,0.05507668971905291,-2.8460298633174417,3,3,3,0,STATIC_ESTIMATION_MONTHS_ONLY
51,3,2021Q2,113958.7221,1378244.0935333334,0.07630382799691109,-2.495148655677792,3,3,3,0,STATIC_ESTIMATION_MONTHS_ONLY
51,3,2021Q3,128196.44593333332,1467284.1730333332,0.08028080563421276,-2.4445431027834297,3,3,3,0,STATIC_ESTIMATION_MONTHS_ONLY
51,3,2021Q4,88905.61393333333,1451477.1435333332,0.0573941312583657,-2.8046013678473365,3,3,3,0,STATIC_ESTIMATION_MONTHS_ONLY
51,3,2022Q1,102518.01953333332,1338689.589,0.07121319050282125,-2.568809262473737,3,3,3,0,STATIC_ESTIMATION_MONTHS_ONLY
51,3,2022Q2,111843.8411,1373013.1523666668,0.07529510285041346,-2.509786989184231,3,3,3,0,STATIC_ESTIMATION_MONTHS_ONLY
51,3,2022Q3,95475.8527,1487718.9083333332,0.06007032060880351,-2.7736453201259756,3,3,3,0,STATIC_ESTIMATION_MONTHS_ONLY
51,3,2022Q4,87584.1696,1399860.3203500002,0.0588998533127784,-2.7767011097979846,2,2,3,1,STATIC_ESTIMATION_MONTHS_ONLY
51,3,2023Q1,144843.36216666666,1380534.6947,0.09482436963760578,-2.2586410918038915,3,3,3,0,STATIC_ESTIMATION_MONTHS_ONLY
51,3,2023Q2,108469.70030000001,1339877.6098666666,0.07516842413516686,-2.512534355345728,3,3,3,0,STATIC_ESTIMATION_MONTHS_ONLY
51,3,2023Q3,108728.86863333332,1431067.5959333333,0.0704936024129527,-2.581339841800235,3,3,3,0,STATIC_ESTIMATION_MONTHS_ONLY
51,3,2023Q4,111545.52010000001,1334957.2092000002,0.07681776287708954,-2.5010319953599525,3,3,3,0,STATIC_ESTIMATION_MONTHS_ONLY
51,3,2024Q1,129125.9768,1428852.1460666666,0.08283013135167992,-2.4077160177079713,3,3,3,0,STATIC_ESTIMATION_MONTHS_ONLY
51,3,2024Q2,95538.37693333333,1420433.9175666666,0.06314365113427182,-2.712200311733445,3,3,3,0,STATIC_ESTIMATION_MONTHS_ONLY
51,3,2024Q3,102909.20150000001,1299505.2081333334,0.07324607869895414,-2.5437608252369315,3,3,3,0,STATIC_ESTIMATION_MONTHS_ONLY
51,3,2024Q4,71595.1639,1272290.7664333333,0.05350580707178054,-2.8801490317903506,3,3,3,0,STATIC_ESTIMATION_MONTHS_ONLY
51,3,2025Q1,89285.23406666667,1375942.3249333333,0.06080339008503902,-2.7423850009220914,3,3,3,0,STATIC_ESTIMATION_MONTHS_ONLY
51,3,2025Q2,97115.04983333334,1302393.8333333333,0.06949535026954452,-2.603513821085432,3,3,3,0,STATIC_ESTIMATION_MONTHS_ONLY
51,3,2025Q3,103810.53326666668,1311838.9671333332,0.07350839082494523,-2.5400709220865596,3,3,3,0,STATIC_ESTIMATION_MONTHS_ONLY
51,3,2025Q4,92849.91225,1266821.9460999998,0.06878068579222402,-2.6131431048787426,2,2,3,0,STATIC_ESTIMATION_MONTHS_ONLY
51,3,2026Q1,79612.2723,1317285.0027333333,0.05717043299147092,-2.836702630711914,3,3,3,0,STATIC_ESTIMATION_MONTHS_ONLY
51,3,2026Q2,92203.2149,1355254.1271666668,0.06387851114938947,-2.6887973436552084,3,3,3,0,STATIC_ESTIMATION_MONTHS_ONLY
51,3,2026Q3,71499.4166,1349000.0596,0.05033399715941409,-2.9374296101625155,1,1,1,0,STATIC_ESTIMATION_MONTHS_ONLY
53,1,2017Q1,521497.63503,2435252.82967695,0.1763747865175045,-1.5415111738318492,3,3,3,0,STATIC_ESTIMATION_MONTHS_ONLY
53,1,2017Q2,457491.0550955834,2373040.333542,0.1617702365639406,-1.649217802097821,3,3,3,0,STATIC_ESTIMATION_MONTHS_ONLY
53,1,2017Q3,455799.2374797833,2637203.37948565,0.14759872722694187,-1.7545589698124617,3,3,3,0,STATIC_ESTIMATION_MONTHS_ONLY
53,1,2017Q4,432185.0757459,2635437.201224267,0.14080834569741557,-1.8091440654098718,3,3,3,0,STATIC_ESTIMATION_MONTHS_ONLY
53,1,2018Q1,449963.94156666665,2643251.9288749336,0.14491339470691647,-1.7770006775725051,3,3,3,0,STATIC_ESTIMATION_MONTHS_ONLY
53,1,2018Q2,490903.53023333335,2667099.0783543,0.15560174305287242,-1.6917491998358611,3,3,3,0,STATIC_ESTIMATION_MONTHS_ONLY
53,1,2018Q3,508654.06921353337,2849979.494965567,0.1513456200483587,-1.7276718789464482,3,3,3,0,STATIC_ESTIMATION_MONTHS_ONLY
53,1,2018Q4,455579.3414173,2826247.0600624834,0.13903802349539582,-1.8255717201352721,3,3,3,0,STATIC_ESTIMATION_MONTHS_ONLY
53,1,2019Q1,401294.3094666667,2716547.55004905,0.1285889653424237,-1.9142108764226895,3,3,3,0,STATIC_ESTIMATION_MONTHS_ONLY
53,1,2019Q2,514293.39829766663,2760369.81088045,0.1571371390909634,-1.680353234334736,3,3,3,0,STATIC_ESTIMATION_MONTHS_ONLY
53,1,2019Q3,498881.13652259996,2766887.6713735834,0.15272579266275027,-1.714259777529031,3,3,3,0,STATIC_ESTIMATION_MONTHS_ONLY
53,1,2019Q4,480422.61524825,2912512.7866318994,0.14164414627337252,-1.8047673464206149,3,3,3,0,STATIC_ESTIMATION_MONTHS_ONLY
53,1,2020Q1,514053.47769999993,2852746.3872999996,0.1522731651634497,-1.7190775563306904,3,3,3,0,STATIC_ESTIMATION_MONTHS_ONLY
53,1,2020Q2,323920.71296666673,2329958.0591333336,0.12177246315451472,-1.98700010280077,3,3,3,0,STATIC_ESTIMATION_MONTHS_ONLY
53,1,2020Q3,393530.6018666667,2472264.5346666668,0.13773371945001012,-1.8355954133075916,3,3,3,0,STATIC_ESTIMATION_MONTHS_ONLY
53,1,2020Q4,422362.6850333333,2748566.142433333,0.133089126164359,-1.8756797176352065,3,3,3,0,STATIC_ESTIMATION_MONTHS_ONLY
53,1,2021Q1,413906.83873333334,2712176.813666667,0.13236370653935725,-1.8836472564676914,3,3,3,0,STATIC_ESTIMATION_MONTHS_ONLY
53,1,2021Q2,473521.3721999999,2555859.424666667,0.15623620608519914,-1.6868444006427135,3,3,3,0,STATIC_ESTIMATION_MONTHS_ONLY
53,1,2021Q3,500568.0625,2735210.6068333336,0.15461153510993517,-1.700431501079218,3,3,3,0,STATIC_ESTIMATION_MONTHS_ONLY
53,1,2021Q4,553780.6852666667,3019419.0840666667,0.15504614188169122,-1.6972402529245876,3,3,3,0,STATIC_ESTIMATION_MONTHS_ONLY
53,1,2022Q1,491489.4104,3010903.372966667,0.14047564584406894,-1.8126062141041182,3,3,3,0,STATIC_ESTIMATION_MONTHS_ONLY
53,1,2022Q2,538910.2618666667,2925419.1075,0.15544828261393268,-1.694284181617939,3,3,3,0,STATIC_ESTIMATION_MONTHS_ONLY
53,1,2022Q3,532008.6473333334,2752212.680533333,0.16177400118434546,-1.6459560190820046,3,3,3,0,STATIC_ESTIMATION_MONTHS_ONLY
53,1,2022Q4,526132.244,2737151.7750000004,0.16122900335123874,-1.649112059515292,2,2,3,1,STATIC_ESTIMATION_MONTHS_ONLY
53,1,2023Q1,486073.4949,2880226.500733333,0.14446916603613344,-1.7793932031785265,3,3,3,0,STATIC_ESTIMATION_MONTHS_ONLY
53,1,2023Q2,504891.22523333336,2730944.7298,0.15609937000580695,-1.6877246405033908,3,3,3,0,STATIC_ESTIMATION_MONTHS_ONLY
53,1,2023Q3,506099.1242333334,2655255.2359,0.16011539113944304,-1.6575214547045949,3,3,3,0,STATIC_ESTIMATION_MONTHS_ONLY
53,1,2023Q4,562415.1597666667,2733798.1154,0.17048296841846036,-1.5826069169691799,3,3,3,0,STATIC_ESTIMATION_MONTHS_ONLY
53,1,2024Q1,477111.7225333333,2834353.574066667,0.1442188037670746,-1.7812232386478526,3,3,3,0,STATIC_ESTIMATION_MONTHS_ONLY
53,1,2024Q2,449348.53833333333,2835141.2361333333,0.13681677370349746,-1.8444735843692122,3,3,3,0,STATIC_ESTIMATION_MONTHS_ONLY
53,1,2024Q3,513368.5213666667,2937415.1687,0.14869529610266832,-1.745663498276932,3,3,3,0,STATIC_ESTIMATION_MONTHS_ONLY
53,1,2024Q4,549630.1908,2926048.1879,0.1581669536912793,-1.6720876832974974,3,3,3,0,STATIC_ESTIMATION_MONTHS_ONLY
53,1,2025Q1,501969.4294,2851044.430166667,0.1496443164028456,-1.7380332049554639,3,3,3,0,STATIC_ESTIMATION_MONTHS_ONLY
53,1,2025Q2,425134.55676666665,2715358.420133333,0.13537598225878344,-1.8548528148722774,3,3,3,0,STATIC_ESTIMATION_MONTHS_ONLY
53,1,2025Q3,413833.33190000005,2798507.944,0.12892752852165779,-1.912249837958453,3,3,3,0,STATIC_ESTIMATION_MONTHS_ONLY
53,1,2025Q4,567102.5572500001,2921833.8647499997,0.1625245557291734,-1.641407750164411,2,2,3,0,STATIC_ESTIMATION_MONTHS_ONLY
53,1,2026Q1,471018.85326666664,2888070.5154,0.1401004352823483,-1.8154014477729756,3,3,3,0,STATIC_ESTIMATION_MONTHS_ONLY
53,1,2026Q2,485831.65236666665,2734854.811666667,0.1508458464602582,-1.7291697677509161,3,3,3,0,STATIC_ESTIMATION_MONTHS_ONLY
53,1,2026Q3,545306.5965999999,2836051.1337,0.16126853178342043,-1.648819718655043,1,1,1,0,STATIC_ESTIMATION_MONTHS_ONLY
53,2,2017Q1,492604.0864229927,5052559.63740137,0.0889275505037584,-2.3281579264793595,3,3,3,0,STATIC_ESTIMATION_MONTHS_ONLY
53,2,2017Q2,497340.74458739604,5178111.678212988,0.08767264489169124,-2.343338535319248,3,3,3,0,STATIC_ESTIMATION_MONTHS_ONLY
53,2,2017Q3,524400.3426350611,5276122.094677034,0.09044165250422546,-2.3091340268811194,3,3,3,0,STATIC_ESTIMATION_MONTHS_ONLY
53,2,2017Q4,492308.37630354456,5011140.159764954,0.08943153216752886,-2.321951367833164,3,3,3,0,STATIC_ESTIMATION_MONTHS_ONLY
53,2,2018Q1,540052.7223953564,5098833.655740492,0.09573267294285143,-2.246860369588498,3,3,3,0,STATIC_ESTIMATION_MONTHS_ONLY
53,2,2018Q2,543830.2572016241,5373216.28069958,0.09186515415144057,-2.2931379982823734,3,3,3,0,STATIC_ESTIMATION_MONTHS_ONLY
53,2,2018Q3,469588.4194575972,5358038.392046557,0.08047945435675251,-2.437644298754755,3,3,3,0,STATIC_ESTIMATION_MONTHS_ONLY
53,2,2018Q4,481132.20216711424,5147608.188521077,0.08545504245635605,-2.3710887983485245,3,3,3,0,STATIC_ESTIMATION_MONTHS_ONLY
53,2,2019Q1,560989.8921116422,5188585.269634965,0.09748003868036297,-2.225999546727366,3,3,3,0,STATIC_ESTIMATION_MONTHS_ONLY
53,2,2019Q2,520890.22103689914,5343366.072288309,0.0888397578600386,-2.32822909583458,3,3,3,0,STATIC_ESTIMATION_MONTHS_ONLY
53,2,2019Q3,537411.3503181225,5315023.181308779,0.09186893571993542,-2.2919780668461605,3,3,3,0,STATIC_ESTIMATION_MONTHS_ONLY
53,2,2019Q4,475750.1944084467,5343429.735526557,0.08181230236805039,-2.418594621515918,3,3,3,0,STATIC_ESTIMATION_MONTHS_ONLY
53,2,2020Q1,492375.2909000001,5317488.0282,0.08473987433015238,-2.3816842127459252,3,3,3,0,STATIC_ESTIMATION_MONTHS_ONLY
53,2,2020Q2,521741.1920333333,4576867.582366667,0.10217879137707862,-2.175229570915562,3,3,3,0,STATIC_ESTIMATION_MONTHS_ONLY
53,2,2020Q3,493850.38016666664,4695021.3308,0.09513145180732212,-2.2542613238181546,3,3,3,0,STATIC_ESTIMATION_MONTHS_ONLY
53,2,2020Q4,463832.5119,4758497.156599999,0.08884790906661728,-2.328132853496021,3,3,3,0,STATIC_ESTIMATION_MONTHS_ONLY
53,2,2021Q1,483949.52593333327,5014558.546033334,0.08807677460870444,-2.338073887985787,3,3,3,0,STATIC_ESTIMATION_MONTHS_ONLY
53,2,2021Q2,450176.7254333333,5127711.492533334,0.08074247091409383,-2.4332582249383266,3,3,3,0,STATIC_ESTIMATION_MONTHS_ONLY
53,2,2021Q3,484874.06936666666,5078999.784866667,0.08714877327597,-2.3507627664509485,3,3,3,0,STATIC_ESTIMATION_MONTHS_ONLY
53,2,2021Q4,487860.85806666664,4912532.211133333,0.09036303579284033,-2.3109509744231675,3,3,3,0,STATIC_ESTIMATION_MONTHS_ONLY
53,2,2022Q1,550204.5472333333,5143949.4279000005,0.09661080895976897,-2.2370656168373952,3,3,3,0,STATIC_ESTIMATION_MONTHS_ONLY
53,2,2022Q2,569933.5785666667,5300562.741033333,0.09699100149150584,-2.2331664830989726,3,3,3,0,STATIC_ESTIMATION_MONTHS_ONLY
53,2,2022Q3,494028.98610000004,5408872.2389,0.08376989975190914,-2.3945291333317305,3,3,3,0,STATIC_ESTIMATION_MONTHS_ONLY
53,2,2022Q4,608326.8702,5455121.77285,0.10033674784269074,-2.193571568561926,2,2,3,1,STATIC_ESTIMATION_MONTHS_ONLY
53,2,2023Q1,474383.74113333336,5216543.685433334,0.0833260191556612,-2.4025645688742556,3,3,3,0,STATIC_ESTIMATION_MONTHS_ONLY
53,2,2023Q2,481514.2681,5318509.229766667,0.08297050451571263,-2.4058876645697724,3,3,3,0,STATIC_ESTIMATION_MONTHS_ONLY
53,2,2023Q3,540182.5863666666,5436489.875933333,0.09029115038973597,-2.3110066954592328,3,3,3,0,STATIC_ESTIMATION_MONTHS_ONLY
53,2,2023Q4,534486.1327000001,5384789.353733334,0.09028039117356353,-2.310519150429242,3,3,3,0,STATIC_ESTIMATION_MONTHS_ONLY
53,2,2024Q1,442694.7576333333,5432064.376566666,0.07536060722319589,-2.507399928956548,3,3,3,0,STATIC_ESTIMATION_MONTHS_ONLY
53,2,2024Q2,490741.15516666666,5296846.827433334,0.08483751557550878,-2.3798554092069026,3,3,3,0,STATIC_ESTIMATION_MONTHS_ONLY
53,2,2024Q3,492444.3051,5582197.0011,0.08113523420603844,-2.4285253045066653,3,3,3,0,STATIC_ESTIMATION_MONTHS_ONLY
53,2,2024Q4,534190.6050666667,5395369.601733333,0.09031019477733394,-2.313563764496971,3,3,3,0,STATIC_ESTIMATION_MONTHS_ONLY
53,2,2025Q1,549402.3484333333,5419812.535766666,0.0920659384142744,-2.2915171746769865,3,3,3,0,STATIC_ESTIMATION_MONTHS_ONLY
53,2,2025Q2,499538.4530666666,5694420.599466667,0.08063184976480477,-2.4339536596511,3,3,3,0,STATIC_ESTIMATION_MONTHS_ONLY
53,2,2025Q3,466778.57820000005,5521915.548099999,0.077933432760119,-2.471755516669017,3,3,3,0,STATIC_ESTIMATION_MONTHS_ONLY
53,2,2025Q4,515299.37285,5487708.6858,0.08584063814791013,-2.365677354110869,2,2,3,0,STATIC_ESTIMATION_MONTHS_ONLY
53,2,2026Q1,568917.0890333334,5521822.4159,0.0933793347422495,-2.2734571866592646,3,3,3,0,STATIC_ESTIMATION_MONTHS_ONLY
53,2,2026Q2,498245.5272666667,5696467.035966667,0.08049218030615378,-2.4371122186738625,3,3,3,0,STATIC_ESTIMATION_MONTHS_ONLY
53,2,2026Q3,557180.9568,5505296.8977,0.09190647292615196,-2.2905759153487093,1,1,1,0,STATIC_ESTIMATION_MONTHS_ONLY
53,3,2017Q1,1698.4659,64754.40896666667,0.023061479766760432,-3.6635409126289833,3,2,3,0,STATIC_ESTIMATION_MONTHS_ONLY
53,3,2017Q2,0.0,51110.59523333333,0.0,,3,0,3,0,STATIC_ESTIMATION_MONTHS_ONLY
53,3,2017Q3,103.02713333333332,41127.5368,0.0023205883389467055,-4.960336131248366,3,1,3,0,STATIC_ESTIMATION_MONTHS_ONLY
53,3,2017Q4,2326.5113666666666,64919.25573333333,0.03399593802631572,-2.923981346729141,3,2,3,0,STATIC_ESTIMATION_MONTHS_ONLY
53,3,2018Q1,6876.662499999999,56854.2578,0.10589531859911121,-2.1409236267475986,3,3,3,0,STATIC_ESTIMATION_MONTHS_ONLY
53,3,2018Q2,7078.466533333333,66788.9856,0.09669754236871493,-2.2364576544666717,3,3,3,0,STATIC_ESTIMATION_MONTHS_ONLY
53,3,2018Q3,2904.7296666666666,77546.34073333333,0.0379869782010865,-4.008516904094883,3,3,3,0,STATIC_ESTIMATION_MONTHS_ONLY
53,3,2018Q4,0.0,67274.57780000001,0.0,,3,0,3,0,STATIC_ESTIMATION_MONTHS_ONLY
53,3,2019Q1,0.0,70191.821,0.0,,3,0,3,0,STATIC_ESTIMATION_MONTHS_ONLY
53,3,2019Q2,2715.422,90344.29843333333,0.028074833834960806,-3.1358731462899687,3,2,3,0,STATIC_ESTIMATION_MONTHS_ONLY
53,3,2019Q3,8111.147466666666,80892.98823333334,0.09050756416635623,-2.3552484518086945,3,3,3,0,STATIC_ESTIMATION_MONTHS_ONLY
53,3,2019Q4,7049.925133333333,56358.18433333334,0.11458857122248693,-2.1078465325269664,3,3,3,0,STATIC_ESTIMATION_MONTHS_ONLY
53,3,2020Q1,2566.3170666666665,74941.03743333333,0.03480238757165786,-3.3912701261473472,3,3,3,0,STATIC_ESTIMATION_MONTHS_ONLY
53,3,2020Q2,1438.1181333333334,70459.28533333332,0.01864248003646264,-3.548949007798864,3,2,3,0,STATIC_ESTIMATION_MONTHS_ONLY
53,3,2020Q3,2198.5669333333335,45887.876599999996,0.046499385379807724,-3.46961578697602,3,3,3,0,STATIC_ESTIMATION_MONTHS_ONLY
53,3,2020Q4,10823.045233333332,66144.3966,0.13976115489441773,-1.8204134737567517,3,3,3,0,STATIC_ESTIMATION_MONTHS_ONLY
53,3,2021Q1,1481.3636999999999,69972.6857,0.020633999875591228,-2.718301938241629,3,1,3,0,STATIC_ESTIMATION_MONTHS_ONLY
53,3,2021Q2,904.4019333333334,49597.49313333334,0.01864171144044813,-2.826191560678403,3,1,3,0,STATIC_ESTIMATION_MONTHS_ONLY
53,3,2021Q3,1684.8172666666667,51024.88450000001,0.03530136362747083,-2.133279168776838,3,1,3,0,STATIC_ESTIMATION_MONTHS_ONLY
53,3,2021Q4,0.0,73558.70966666668,0.0,,3,0,3,0,STATIC_ESTIMATION_MONTHS_ONLY
53,3,2022Q1,5574.537533333333,73862.17833333334,0.07462782504380339,-2.632210193379519,3,3,3,0,STATIC_ESTIMATION_MONTHS_ONLY
53,3,2022Q2,1472.8457333333333,75232.0916,0.01979276262819586,-2.762612416785667,3,1,3,0,STATIC_ESTIMATION_MONTHS_ONLY
53,3,2022Q3,1741.2618333333332,68583.5127,0.02569710150881273,-3.539840658733707,3,2,3,0,STATIC_ESTIMATION_MONTHS_ONLY
53,3,2022Q4,0.0,87294.71605,0.0,,2,0,3,1,STATIC_ESTIMATION_MONTHS_ONLY
53,3,2023Q1,3214.967166666667,70210.94126666668,0.059763177035699576,-1.521168399280016,3,1,3,0,STATIC_ESTIMATION_MONTHS_ONLY
53,3,2023Q2,10430.031533333333,60077.8713,0.14596471912661782,-1.812700281140074,3,3,3,0,STATIC_ESTIMATION_MONTHS_ONLY
53,3,2023Q3,1583.613,83911.64333333334,0.020868213443479486,-2.706265733219403,3,1,3,0,STATIC_ESTIMATION_MONTHS_ONLY
53,3,2023Q4,1760.6645,51140.10246666666,0.03015666192072884,-3.0496416520659597,3,2,3,0,STATIC_ESTIMATION_MONTHS_ONLY
53,3,2024Q1,5323.474833333333,63042.224266666664,0.07340079506037787,-2.6217844410518087,3,3,3,0,STATIC_ESTIMATION_MONTHS_ONLY
53,3,2024Q2,4808.1937333333335,69125.35516666666,0.06415777809604616,-2.9458131802081007,3,3,3,0,STATIC_ESTIMATION_MONTHS_ONLY
53,3,2024Q3,861.8404666666667,69719.15396666668,0.011174297368028429,-3.3614290609503814,3,1,3,0,STATIC_ESTIMATION_MONTHS_ONLY
53,3,2024Q4,319.4408,77222.17210000001,0.004005283823266414,-5.143743035151976,3,2,3,0,STATIC_ESTIMATION_MONTHS_ONLY
53,3,2025Q1,5488.357866666666,76547.2547,0.06728592938863044,-2.63563137225513,3,3,3,0,STATIC_ESTIMATION_MONTHS_ONLY
53,3,2025Q2,7805.668533333333,64729.69236666666,0.09993244935447058,-2.2955961549203576,3,3,3,0,STATIC_ESTIMATION_MONTHS_ONLY
53,3,2025Q3,5249.474833333334,67921.59216666667,0.07370758067566392,-2.5639599289363537,3,3,3,0,STATIC_ESTIMATION_MONTHS_ONLY
53,3,2025Q4,5570.94365,62321.0777,0.08205564049448885,-2.414747255834258,2,2,3,0,STATIC_ESTIMATION_MONTHS_ONLY
53,3,2026Q1,0.0,52548.593700000005,0.0,,3,0,3,0,STATIC_ESTIMATION_MONTHS_ONLY
53,3,2026Q2,10757.7687,54959.55073333334,0.16440618723561087,-1.6270616911313596,3,3,3,0,STATIC_ESTIMATION_MONTHS_ONLY
53,3,2026Q3,10487.9391,61621.769700000004,0.1454442026536099,-1.7707892725193062,1,1,1,0,STATIC_ESTIMATION_MONTHS_ONLY
