arm,object,clause_status,strength,scope,duration_kind,lower_years,upper_years,posting_count,evidence_count
A,NO_MATCH,NO_MATCH,NO_MATCH,NO_MATCH,NO_MATCH,,,4,0
A,ambiguous_multiobject,needs_review,mixed,document_multiline_alternative_unresolved,no_duration,,,3,3
A,ambiguous_multiobject,needs_review,mixed,education_alternative,minimum,12.0,,1,1
A,ambiguous_multiobject,needs_review,mixed,education_alternative,minimum,2.0,,1,1
A,ambiguous_multiobject,needs_review,mixed,education_alternative,no_duration,,,37,37
A,ambiguous_multiobject,needs_review,mixed,unconditional_explicit_clause,no_duration,,,22,22
A,ambiguous_multiobject,needs_review,preferred,document_multiline_alternative_unresolved,minimum,1.0,,1,1
A,ambiguous_multiobject,needs_review,preferred,document_multiline_alternative_unresolved,no_duration,,,4,4
A,ambiguous_multiobject,needs_review,preferred,education_alternative,minimum,12.0,,2,2
A,ambiguous_multiobject,needs_review,preferred,education_alternative,minimum,2.0,,4,4
A,ambiguous_multiobject,needs_review,preferred,education_alternative,minimum,4.0,,2,2
A,ambiguous_multiobject,needs_review,preferred,education_alternative,minimum,6.0,,8,8
A,ambiguous_multiobject,needs_review,preferred,education_alternative,minimum,8.0,,7,7
A,ambiguous_multiobject,needs_review,preferred,education_alternative,no_duration,,,125,125
A,ambiguous_multiobject,needs_review,preferred,other_conditional,minimum,7.0,,1,1
A,ambiguous_multiobject,needs_review,preferred,unconditional_explicit_clause,minimum,0.5,,1,1
A,ambiguous_multiobject,needs_review,preferred,unconditional_explicit_clause,minimum,1.0,,13,13
A,ambiguous_multiobject,needs_review,preferred,unconditional_explicit_clause,minimum,10.0,,3,3
A,ambiguous_multiobject,needs_review,preferred,unconditional_explicit_clause,minimum,2.0,,10,11
A,ambiguous_multiobject,needs_review,preferred,unconditional_explicit_clause,minimum,3.0,,11,11
A,ambiguous_multiobject,needs_review,preferred,unconditional_explicit_clause,minimum,4.0,,4,7
A,ambiguous_multiobject,needs_review,preferred,unconditional_explicit_clause,minimum,5.0,,10,10
A,ambiguous_multiobject,needs_review,preferred,unconditional_explicit_clause,minimum,7.0,,18,18
A,ambiguous_multiobject,needs_review,preferred,unconditional_explicit_clause,minimum,8.0,,6,6
A,ambiguous_multiobject,needs_review,preferred,unconditional_explicit_clause,no_duration,,,414,458
A,ambiguous_multiobject,needs_review,preferred,unconditional_explicit_clause,range,5.0,8.0,1,1
A,ambiguous_multiobject,needs_review,preferred,unconditional_explicit_clause,stated_unspecified,2.0,,5,5
A,ambiguous_multiobject,needs_review,preferred,unconditional_explicit_clause,stated_unspecified,3.0,,1,1
A,ambiguous_multiobject,needs_review,preferred,unconditional_explicit_clause,stated_unspecified,4.0,,5,5
A,ambiguous_multiobject,needs_review,preferred,unconditional_explicit_clause,stated_unspecified,5.0,,11,11
A,ambiguous_multiobject,needs_review,required,document_multiline_alternative_unresolved,no_duration,,,2,2
A,ambiguous_multiobject,needs_review,required,education_alternative,minimum,2.0,,14,14
A,ambiguous_multiobject,needs_review,required,education_alternative,minimum,3.0,,1,1
A,ambiguous_multiobject,needs_review,required,education_alternative,minimum,4.0,,12,12
A,ambiguous_multiobject,needs_review,required,education_alternative,minimum,5.0,,16,16
A,ambiguous_multiobject,needs_review,required,education_alternative,minimum,6.0,,6,6
A,ambiguous_multiobject,needs_review,required,education_alternative,minimum,8.0,,2,2
A,ambiguous_multiobject,needs_review,required,education_alternative,no_duration,,,89,89
A,ambiguous_multiobject,needs_review,required,education_alternative,range,0.0,1.0,1,1
A,ambiguous_multiobject,needs_review,required,education_alternative,stated_unspecified,2.0,,2,2
A,ambiguous_multiobject,needs_review,required,education_alternative,stated_unspecified,3.0,,7,7
A,ambiguous_multiobject,needs_review,required,unconditional_explicit_clause,minimum,0.5,,1,1
A,ambiguous_multiobject,needs_review,required,unconditional_explicit_clause,minimum,1.0,,31,50
A,ambiguous_multiobject,needs_review,required,unconditional_explicit_clause,minimum,10.0,,24,24
A,ambiguous_multiobject,needs_review,required,unconditional_explicit_clause,minimum,12.0,,1,1
A,ambiguous_multiobject,needs_review,required,unconditional_explicit_clause,minimum,2.0,,10,11
A,ambiguous_multiobject,needs_review,required,unconditional_explicit_clause,minimum,3.0,,46,48
A,ambiguous_multiobject,needs_review,required,unconditional_explicit_clause,minimum,4.0,,29,29
A,ambiguous_multiobject,needs_review,required,unconditional_explicit_clause,minimum,5.0,,32,32
A,ambiguous_multiobject,needs_review,required,unconditional_explicit_clause,minimum,6.0,,1,1
A,ambiguous_multiobject,needs_review,required,unconditional_explicit_clause,minimum,7.0,,20,20
A,ambiguous_multiobject,needs_review,required,unconditional_explicit_clause,minimum,8.0,,3,3
A,ambiguous_multiobject,needs_review,required,unconditional_explicit_clause,no_duration,,,487,517
A,ambiguous_multiobject,needs_review,required,unconditional_explicit_clause,range,0.0,1.0,2,2
A,ambiguous_multiobject,needs_review,required,unconditional_explicit_clause,range,1.0,2.0,3,3
A,ambiguous_multiobject,needs_review,required,unconditional_explicit_clause,range,2.0,4.0,1,1
A,ambiguous_multiobject,needs_review,required,unconditional_explicit_clause,range,3.0,5.0,1,2
A,ambiguous_multiobject,needs_review,required,unconditional_explicit_clause,range,5.0,8.0,1,1
A,ambiguous_multiobject,needs_review,required,unconditional_explicit_clause,range,8.0,10.0,2,2
A,ambiguous_multiobject,needs_review,required,unconditional_explicit_clause,stated_unspecified,1.0,,1,1
A,ambiguous_multiobject,needs_review,required,unconditional_explicit_clause,stated_unspecified,13.0,,1,1
A,ambiguous_multiobject,needs_review,required,unconditional_explicit_clause,stated_unspecified,2.0,,5,5
A,ambiguous_multiobject,needs_review,required,unconditional_explicit_clause,stated_unspecified,3.0,,6,6
A,ambiguous_multiobject,needs_review,required,unconditional_explicit_clause,stated_unspecified,5.0,,23,23
A,ambiguous_multiobject,needs_review,required,unconditional_explicit_clause,stated_unspecified,6.0,,1,1
A,ambiguous_multiobject,needs_review,required,unconditional_explicit_clause,stated_unspecified,7.0,,2,2
A,ambiguous_multiobject,needs_review,required,unconditional_explicit_clause,stated_unspecified,8.0,,10,10
A,ambiguous_multiobject,needs_review,unspecified,education_alternative,minimum,4.0,,3,3
A,ambiguous_multiobject,needs_review,unspecified,education_alternative,no_duration,,,47,47
A,ambiguous_multiobject,needs_review,unspecified,other_conditional,minimum,10.0,,1,1
A,ambiguous_multiobject,needs_review,unspecified,other_conditional,no_duration,,,2,2
A,ambiguous_multiobject,needs_review,unspecified,unconditional_explicit_clause,maximum,,5.0,1,1
A,ambiguous_multiobject,needs_review,unspecified,unconditional_explicit_clause,minimum,10.0,,3,3
A,ambiguous_multiobject,needs_review,unspecified,unconditional_explicit_clause,minimum,15.0,,2,2
A,ambiguous_multiobject,needs_review,unspecified,unconditional_explicit_clause,minimum,2.0,,9,9
A,ambiguous_multiobject,needs_review,unspecified,unconditional_explicit_clause,minimum,3.0,,8,8
A,ambiguous_multiobject,needs_review,unspecified,unconditional_explicit_clause,minimum,4.0,,2,2
A,ambiguous_multiobject,needs_review,unspecified,unconditional_explicit_clause,minimum,5.0,,11,11
A,ambiguous_multiobject,needs_review,unspecified,unconditional_explicit_clause,minimum,7.0,,1,1
A,ambiguous_multiobject,needs_review,unspecified,unconditional_explicit_clause,minimum,8.0,,2,2
A,ambiguous_multiobject,needs_review,unspecified,unconditional_explicit_clause,no_duration,,,741,816
A,ambiguous_multiobject,needs_review,unspecified,unconditional_explicit_clause,range,1.0,3.0,2,2
A,ambiguous_multiobject,needs_review,unspecified,unconditional_explicit_clause,range,12.0,14.0,1,1
A,ambiguous_multiobject,needs_review,unspecified,unconditional_explicit_clause,range,3.0,5.0,2,2
A,ambiguous_multiobject,needs_review,unspecified,unconditional_explicit_clause,range,5.0,8.0,1,1
A,ambiguous_multiobject,needs_review,unspecified,unconditional_explicit_clause,stated_unspecified,2.0,,1,1
A,general_work,explicit_rule_candidate,preferred,unconditional_explicit_clause,minimum,2.0,,2,2
A,general_work,explicit_rule_candidate,preferred,unconditional_explicit_clause,no_duration,,,3,6
A,general_work,explicit_rule_candidate,preferred,unconditional_explicit_clause,stated_unspecified,2.0,,3,3
A,general_work,explicit_rule_candidate,required,unconditional_explicit_clause,minimum,2.0,,1,1
A,general_work,explicit_rule_candidate,required,unconditional_explicit_clause,minimum,3.0,,23,23
A,general_work,explicit_rule_candidate,required,unconditional_explicit_clause,no_duration,,,2,2
A,general_work,explicit_rule_candidate,required,unconditional_explicit_clause,range,1.0,3.0,1,1
A,general_work,explicit_rule_candidate,unspecified,unconditional_explicit_clause,minimum,1.0,,2,2
A,general_work,explicit_rule_candidate,unspecified,unconditional_explicit_clause,minimum,5.0,,2,2
A,general_work,explicit_rule_candidate,unspecified,unconditional_explicit_clause,minimum,7.0,,2,2
A,general_work,explicit_rule_candidate,unspecified,unconditional_explicit_clause,no_duration,,,32,32
A,general_work,explicit_rule_candidate,unspecified,unconditional_explicit_clause,range,4.0,5.0,1,1
A,general_work,needs_review,preferred,unconditional_explicit_clause,no_duration,,,1,1
A,general_work,needs_review,required,education_alternative,no_duration,,,16,16
A,general_work,needs_review,unspecified,education_alternative,no_duration,,,20,20
A,industry_domain,explicit_rule_candidate,preferred,unconditional_explicit_clause,minimum,3.0,,1,1
A,industry_domain,explicit_rule_candidate,preferred,unconditional_explicit_clause,minimum,7.0,,1,1
A,industry_domain,explicit_rule_candidate,preferred,unconditional_explicit_clause,minimum,8.0,,2,2
A,industry_domain,explicit_rule_candidate,preferred,unconditional_explicit_clause,no_duration,,,177,178
A,industry_domain,explicit_rule_candidate,preferred,unconditional_explicit_clause,range,1.0,4.0,1,1
A,industry_domain,explicit_rule_candidate,preferred,unconditional_explicit_clause,range,2.0,3.0,1,1
A,industry_domain,explicit_rule_candidate,preferred,unconditional_explicit_clause,range,5.0,7.0,1,1
A,industry_domain,explicit_rule_candidate,preferred,unconditional_explicit_clause,stated_unspecified,15.0,,3,3
A,industry_domain,explicit_rule_candidate,required,unconditional_explicit_clause,minimum,10.0,,4,4
A,industry_domain,explicit_rule_candidate,required,unconditional_explicit_clause,minimum,5.0,,24,24
A,industry_domain,explicit_rule_candidate,required,unconditional_explicit_clause,minimum,8.0,,5,5
A,industry_domain,explicit_rule_candidate,required,unconditional_explicit_clause,no_duration,,,131,131
A,industry_domain,explicit_rule_candidate,required,unconditional_explicit_clause,stated_unspecified,1.0,,1,1
A,industry_domain,explicit_rule_candidate,required,unconditional_explicit_clause,stated_unspecified,2.0,,1,1
A,industry_domain,explicit_rule_candidate,required,unconditional_explicit_clause,stated_unspecified,4.0,,1,1
A,industry_domain,explicit_rule_candidate,unspecified,unconditional_explicit_clause,minimum,10.0,,1,1
A,industry_domain,explicit_rule_candidate,unspecified,unconditional_explicit_clause,minimum,12.0,,1,1
A,industry_domain,explicit_rule_candidate,unspecified,unconditional_explicit_clause,minimum,2.0,,21,21
A,industry_domain,explicit_rule_candidate,unspecified,unconditional_explicit_clause,minimum,5.0,,22,22
A,industry_domain,explicit_rule_candidate,unspecified,unconditional_explicit_clause,minimum,6.0,,1,1
A,industry_domain,explicit_rule_candidate,unspecified,unconditional_explicit_clause,minimum,7.0,,19,19
A,industry_domain,explicit_rule_candidate,unspecified,unconditional_explicit_clause,no_duration,,,202,214
A,industry_domain,needs_review,preferred,document_multiline_alternative_unresolved,no_duration,,,2,2
A,industry_domain,needs_review,preferred,document_multiline_alternative_unresolved,stated_unspecified,3.0,,3,3
A,industry_domain,needs_review,preferred,education_alternative,minimum,5.0,,1,1
A,industry_domain,needs_review,preferred,other_conditional,stated_unspecified,2.0,,3,3
A,industry_domain,needs_review,preferred,unconditional_explicit_clause,no_duration,,,21,21
A,industry_domain,needs_review,required,education_alternative,minimum,5.0,,1,1
A,industry_domain,needs_review,required,education_alternative,no_duration,,,1,1
A,industry_domain,needs_review,required,other_conditional,stated_unspecified,2.0,,17,17
A,industry_domain,needs_review,required,unconditional_explicit_clause,no_duration,,,6,7
A,industry_domain,needs_review,unspecified,education_alternative,no_duration,,,2,2
A,industry_domain,needs_review,unspecified,unconditional_explicit_clause,no_duration,,,29,29
A,occupation_task,explicit_rule_candidate,preferred,unconditional_explicit_clause,minimum,1.0,,17,17
A,occupation_task,explicit_rule_candidate,preferred,unconditional_explicit_clause,minimum,10.0,,9,9
A,occupation_task,explicit_rule_candidate,preferred,unconditional_explicit_clause,minimum,12.0,,19,19
A,occupation_task,explicit_rule_candidate,preferred,unconditional_explicit_clause,minimum,2.0,,16,16
A,occupation_task,explicit_rule_candidate,preferred,unconditional_explicit_clause,minimum,20.0,,2,2
A,occupation_task,explicit_rule_candidate,preferred,unconditional_explicit_clause,minimum,3.0,,26,26
A,occupation_task,explicit_rule_candidate,preferred,unconditional_explicit_clause,minimum,4.0,,51,51
A,occupation_task,explicit_rule_candidate,preferred,unconditional_explicit_clause,minimum,5.0,,202,202
A,occupation_task,explicit_rule_candidate,preferred,unconditional_explicit_clause,minimum,6.0,,7,7
A,occupation_task,explicit_rule_candidate,preferred,unconditional_explicit_clause,minimum,7.0,,2,2
A,occupation_task,explicit_rule_candidate,preferred,unconditional_explicit_clause,minimum,8.0,,45,45
A,occupation_task,explicit_rule_candidate,preferred,unconditional_explicit_clause,no_duration,,,1386,2317
A,occupation_task,explicit_rule_candidate,preferred,unconditional_explicit_clause,range,0.5,1.0,1,1
A,occupation_task,explicit_rule_candidate,preferred,unconditional_explicit_clause,range,1.0,2.0,1,1
A,occupation_task,explicit_rule_candidate,preferred,unconditional_explicit_clause,range,1.0,3.0,2,2
A,occupation_task,explicit_rule_candidate,preferred,unconditional_explicit_clause,range,2.0,5.0,5,5
A,occupation_task,explicit_rule_candidate,preferred,unconditional_explicit_clause,range,3.0,5.0,3,3
A,occupation_task,explicit_rule_candidate,preferred,unconditional_explicit_clause,range,5.0,10.0,1,1
A,occupation_task,explicit_rule_candidate,preferred,unconditional_explicit_clause,range,5.0,7.0,3,3
A,occupation_task,explicit_rule_candidate,preferred,unconditional_explicit_clause,range,6.0,8.0,1,1
A,occupation_task,explicit_rule_candidate,preferred,unconditional_explicit_clause,range,8.0,12.0,1,1
A,occupation_task,explicit_rule_candidate,preferred,unconditional_explicit_clause,stated_unspecified,0.5,,1,1
A,occupation_task,explicit_rule_candidate,preferred,unconditional_explicit_clause,stated_unspecified,1.0,,2,2
A,occupation_task,explicit_rule_candidate,preferred,unconditional_explicit_clause,stated_unspecified,10.0,,3,3
A,occupation_task,explicit_rule_candidate,preferred,unconditional_explicit_clause,stated_unspecified,12.0,,4,4
A,occupation_task,explicit_rule_candidate,preferred,unconditional_explicit_clause,stated_unspecified,15.0,,5,5
A,occupation_task,explicit_rule_candidate,preferred,unconditional_explicit_clause,stated_unspecified,2.0,,20,21
A,occupation_task,explicit_rule_candidate,preferred,unconditional_explicit_clause,stated_unspecified,24.0,,1,1
A,occupation_task,explicit_rule_candidate,preferred,unconditional_explicit_clause,stated_unspecified,3.0,,4,4
A,occupation_task,explicit_rule_candidate,preferred,unconditional_explicit_clause,stated_unspecified,4.0,,44,44
A,occupation_task,explicit_rule_candidate,preferred,unconditional_explicit_clause,stated_unspecified,5.0,,32,33
A,occupation_task,explicit_rule_candidate,preferred,unconditional_explicit_clause,stated_unspecified,6.0,,5,5
A,occupation_task,explicit_rule_candidate,preferred,unconditional_explicit_clause,stated_unspecified,7.0,,6,10
A,occupation_task,explicit_rule_candidate,preferred,unconditional_explicit_clause,stated_unspecified,8.0,,6,6
A,occupation_task,explicit_rule_candidate,required,unconditional_explicit_clause,maximum,,2.0,1,1
A,occupation_task,explicit_rule_candidate,required,unconditional_explicit_clause,maximum,,3.0,1,1
A,occupation_task,explicit_rule_candidate,required,unconditional_explicit_clause,minimum,1.0,,64,67
A,occupation_task,explicit_rule_candidate,required,unconditional_explicit_clause,minimum,10.0,,44,45
A,occupation_task,explicit_rule_candidate,required,unconditional_explicit_clause,minimum,12.0,,3,3
A,occupation_task,explicit_rule_candidate,required,unconditional_explicit_clause,minimum,15.0,,3,3
A,occupation_task,explicit_rule_candidate,required,unconditional_explicit_clause,minimum,2.0,,184,189
A,occupation_task,explicit_rule_candidate,required,unconditional_explicit_clause,minimum,3.0,,229,231
A,occupation_task,explicit_rule_candidate,required,unconditional_explicit_clause,minimum,4.0,,107,112
A,occupation_task,explicit_rule_candidate,required,unconditional_explicit_clause,minimum,5.0,,374,635
A,occupation_task,explicit_rule_candidate,required,unconditional_explicit_clause,minimum,6.0,,209,209
A,occupation_task,explicit_rule_candidate,required,unconditional_explicit_clause,minimum,7.0,,45,49
A,occupation_task,explicit_rule_candidate,required,unconditional_explicit_clause,minimum,8.0,,73,144
A,occupation_task,explicit_rule_candidate,required,unconditional_explicit_clause,no_duration,,,915,1963
A,occupation_task,explicit_rule_candidate,required,unconditional_explicit_clause,range,0.0,2.0,2,2
A,occupation_task,explicit_rule_candidate,required,unconditional_explicit_clause,range,0.0,3.0,1,1
A,occupation_task,explicit_rule_candidate,required,unconditional_explicit_clause,range,1.0,2.0,7,7
A,occupation_task,explicit_rule_candidate,required,unconditional_explicit_clause,range,1.0,3.0,1,1
A,occupation_task,explicit_rule_candidate,required,unconditional_explicit_clause,range,2.0,4.0,2,2
A,occupation_task,explicit_rule_candidate,required,unconditional_explicit_clause,range,2.0,5.0,1,1
A,occupation_task,explicit_rule_candidate,required,unconditional_explicit_clause,range,3.0,4.0,1,1
A,occupation_task,explicit_rule_candidate,required,unconditional_explicit_clause,range,3.0,5.0,4,4
A,occupation_task,explicit_rule_candidate,required,unconditional_explicit_clause,range,4.0,5.0,1,1
A,occupation_task,explicit_rule_candidate,required,unconditional_explicit_clause,range,4.0,7.0,10,10
A,occupation_task,explicit_rule_candidate,required,unconditional_explicit_clause,range,5.0,6.0,4,4
A,occupation_task,explicit_rule_candidate,required,unconditional_explicit_clause,range,5.0,7.0,2,2
A,occupation_task,explicit_rule_candidate,required,unconditional_explicit_clause,range,5.0,8.0,4,4
A,occupation_task,explicit_rule_candidate,required,unconditional_explicit_clause,range,6.0,8.0,3,3
A,occupation_task,explicit_rule_candidate,required,unconditional_explicit_clause,range,7.0,10.0,6,6
A,occupation_task,explicit_rule_candidate,required,unconditional_explicit_clause,stated_unspecified,0.5,,1,1
A,occupation_task,explicit_rule_candidate,required,unconditional_explicit_clause,stated_unspecified,1.0,,10,10
A,occupation_task,explicit_rule_candidate,required,unconditional_explicit_clause,stated_unspecified,10.0,,19,19
A,occupation_task,explicit_rule_candidate,required,unconditional_explicit_clause,stated_unspecified,11.0,,2,2
A,occupation_task,explicit_rule_candidate,required,unconditional_explicit_clause,stated_unspecified,12.0,,3,3
A,occupation_task,explicit_rule_candidate,required,unconditional_explicit_clause,stated_unspecified,15.0,,11,11
A,occupation_task,explicit_rule_candidate,required,unconditional_explicit_clause,stated_unspecified,2.0,,35,44
A,occupation_task,explicit_rule_candidate,required,unconditional_explicit_clause,stated_unspecified,3.0,,34,34
A,occupation_task,explicit_rule_candidate,required,unconditional_explicit_clause,stated_unspecified,4.0,,212,212
A,occupation_task,explicit_rule_candidate,required,unconditional_explicit_clause,stated_unspecified,5.0,,133,138
A,occupation_task,explicit_rule_candidate,required,unconditional_explicit_clause,stated_unspecified,6.0,,8,8
A,occupation_task,explicit_rule_candidate,required,unconditional_explicit_clause,stated_unspecified,7.0,,8,8
A,occupation_task,explicit_rule_candidate,required,unconditional_explicit_clause,stated_unspecified,8.0,,101,102
A,occupation_task,explicit_rule_candidate,unspecified,unconditional_explicit_clause,minimum,1.0,,7,9
A,occupation_task,explicit_rule_candidate,unspecified,unconditional_explicit_clause,minimum,10.0,,28,28
A,occupation_task,explicit_rule_candidate,unspecified,unconditional_explicit_clause,minimum,12.0,,2,2
A,occupation_task,explicit_rule_candidate,unspecified,unconditional_explicit_clause,minimum,15.0,,3,3
A,occupation_task,explicit_rule_candidate,unspecified,unconditional_explicit_clause,minimum,2.0,,85,108
A,occupation_task,explicit_rule_candidate,unspecified,unconditional_explicit_clause,minimum,20.0,,1,1
A,occupation_task,explicit_rule_candidate,unspecified,unconditional_explicit_clause,minimum,3.0,,76,77
A,occupation_task,explicit_rule_candidate,unspecified,unconditional_explicit_clause,minimum,30.0,,2,2
A,occupation_task,explicit_rule_candidate,unspecified,unconditional_explicit_clause,minimum,4.0,,29,51
A,occupation_task,explicit_rule_candidate,unspecified,unconditional_explicit_clause,minimum,5.0,,127,129
A,occupation_task,explicit_rule_candidate,unspecified,unconditional_explicit_clause,minimum,6.0,,28,31
A,occupation_task,explicit_rule_candidate,unspecified,unconditional_explicit_clause,minimum,7.0,,12,12
A,occupation_task,explicit_rule_candidate,unspecified,unconditional_explicit_clause,minimum,8.0,,74,77
A,occupation_task,explicit_rule_candidate,unspecified,unconditional_explicit_clause,minimum,85.0,,1,1
A,occupation_task,explicit_rule_candidate,unspecified,unconditional_explicit_clause,no_duration,,,1043,1573
A,occupation_task,explicit_rule_candidate,unspecified,unconditional_explicit_clause,range,0.0,2.0,2,2
A,occupation_task,explicit_rule_candidate,unspecified,unconditional_explicit_clause,range,1.0,2.0,38,38
A,occupation_task,explicit_rule_candidate,unspecified,unconditional_explicit_clause,range,1.0,3.0,2,2
A,occupation_task,explicit_rule_candidate,unspecified,unconditional_explicit_clause,range,1.0,4.0,1,1
A,occupation_task,explicit_rule_candidate,unspecified,unconditional_explicit_clause,range,1.0,5.0,1,1
A,occupation_task,explicit_rule_candidate,unspecified,unconditional_explicit_clause,range,10.0,15.0,1,1
A,occupation_task,explicit_rule_candidate,unspecified,unconditional_explicit_clause,range,2.0,4.0,2,2
A,occupation_task,explicit_rule_candidate,unspecified,unconditional_explicit_clause,range,2.0,5.0,3,3
A,occupation_task,explicit_rule_candidate,unspecified,unconditional_explicit_clause,range,2.0,6.0,2,2
A,occupation_task,explicit_rule_candidate,unspecified,unconditional_explicit_clause,range,3.0,10.0,1,1
A,occupation_task,explicit_rule_candidate,unspecified,unconditional_explicit_clause,range,3.0,5.0,15,16
A,occupation_task,explicit_rule_candidate,unspecified,unconditional_explicit_clause,range,3.0,6.0,1,1
A,occupation_task,explicit_rule_candidate,unspecified,unconditional_explicit_clause,range,3.0,7.0,3,3
A,occupation_task,explicit_rule_candidate,unspecified,unconditional_explicit_clause,range,4.0,10.0,1,1
A,occupation_task,explicit_rule_candidate,unspecified,unconditional_explicit_clause,range,4.0,6.0,1,1
A,occupation_task,explicit_rule_candidate,unspecified,unconditional_explicit_clause,range,5.0,10.0,2,2
A,occupation_task,explicit_rule_candidate,unspecified,unconditional_explicit_clause,range,5.0,7.0,8,8
A,occupation_task,explicit_rule_candidate,unspecified,unconditional_explicit_clause,range,5.0,8.0,3,3
A,occupation_task,explicit_rule_candidate,unspecified,unconditional_explicit_clause,range,6.0,10.0,3,3
A,occupation_task,explicit_rule_candidate,unspecified,unconditional_explicit_clause,range,7.0,10.0,3,3
A,occupation_task,explicit_rule_candidate,unspecified,unconditional_explicit_clause,range,8.0,10.0,1,1
A,occupation_task,explicit_rule_candidate,unspecified,unconditional_explicit_clause,range,8.0,12.0,2,2
A,occupation_task,explicit_rule_candidate,unspecified,unconditional_explicit_clause,stated_unspecified,10.0,,2,2
A,occupation_task,explicit_rule_candidate,unspecified,unconditional_explicit_clause,stated_unspecified,18.0,,5,5
A,occupation_task,explicit_rule_candidate,unspecified,unconditional_explicit_clause,stated_unspecified,2.0,,1,1
A,occupation_task,explicit_rule_candidate,unspecified,unconditional_explicit_clause,stated_unspecified,3.0,,6,6
A,occupation_task,explicit_rule_candidate,unspecified,unconditional_explicit_clause,stated_unspecified,5.0,,9,10
A,occupation_task,explicit_rule_candidate,unspecified,unconditional_explicit_clause,stated_unspecified,6.0,,6,6
A,occupation_task,explicit_rule_candidate,unspecified,unconditional_explicit_clause,stated_unspecified,7.0,,1,1
A,occupation_task,needs_review,mixed,education_alternative,no_duration,,,4,4
A,occupation_task,needs_review,mixed,unconditional_explicit_clause,minimum,6.0,,3,3
A,occupation_task,needs_review,mixed,unconditional_explicit_clause,no_duration,,,5,5
A,occupation_task,needs_review,preferred,document_multiline_alternative_unresolved,maximum,,3.0,3,3
A,occupation_task,needs_review,preferred,document_multiline_alternative_unresolved,minimum,1.0,,1,1
A,occupation_task,needs_review,preferred,document_multiline_alternative_unresolved,minimum,3.0,,4,4
A,occupation_task,needs_review,preferred,document_multiline_alternative_unresolved,minimum,5.0,,5,5
A,occupation_task,needs_review,preferred,document_multiline_alternative_unresolved,minimum,8.0,,3,3
A,occupation_task,needs_review,preferred,document_multiline_alternative_unresolved,no_duration,,,8,14
A,occupation_task,needs_review,preferred,education_alternative,maximum,,3.0,4,4
A,occupation_task,needs_review,preferred,education_alternative,minimum,1.0,,8,8
A,occupation_task,needs_review,preferred,education_alternative,minimum,10.0,,3,3
A,occupation_task,needs_review,preferred,education_alternative,minimum,12.0,,2,2
A,occupation_task,needs_review,preferred,education_alternative,minimum,3.0,,10,10
A,occupation_task,needs_review,preferred,education_alternative,minimum,5.0,,12,12
A,occupation_task,needs_review,preferred,education_alternative,minimum,6.0,,2,2
A,occupation_task,needs_review,preferred,education_alternative,minimum,8.0,,6,6
A,occupation_task,needs_review,preferred,education_alternative,minimum,9.0,,2,2
A,occupation_task,needs_review,preferred,education_alternative,no_duration,,,48,53
A,occupation_task,needs_review,preferred,education_alternative,range,7.0,10.0,1,1
A,occupation_task,needs_review,preferred,education_alternative,stated_unspecified,3.0,,7,7
A,occupation_task,needs_review,preferred,education_alternative,stated_unspecified,4.0,,1,1
A,occupation_task,needs_review,preferred,education_alternative,stated_unspecified,6.0,,1,1
A,occupation_task,needs_review,preferred,other_conditional,no_duration,,,100,100
A,occupation_task,needs_review,preferred,other_conditional,range,1.0,2.0,1,1
A,occupation_task,needs_review,preferred,unconditional_explicit_clause,no_duration,,,128,135
A,occupation_task,needs_review,preferred,unconditional_explicit_clause,range,2.0,3.0,2,2
A,occupation_task,needs_review,required,document_multiline_alternative_unresolved,minimum,1.0,,1,1
A,occupation_task,needs_review,required,document_multiline_alternative_unresolved,minimum,10.0,,1,1
A,occupation_task,needs_review,required,document_multiline_alternative_unresolved,minimum,2.0,,4,4
A,occupation_task,needs_review,required,document_multiline_alternative_unresolved,minimum,3.0,,1,1
A,occupation_task,needs_review,required,document_multiline_alternative_unresolved,minimum,4.0,,4,4
A,occupation_task,needs_review,required,document_multiline_alternative_unresolved,minimum,5.0,,3,3
A,occupation_task,needs_review,required,document_multiline_alternative_unresolved,minimum,8.0,,3,3
A,occupation_task,needs_review,required,document_multiline_alternative_unresolved,no_duration,,,6,9
A,occupation_task,needs_review,required,document_multiline_alternative_unresolved,stated_unspecified,10.0,,1,1
A,occupation_task,needs_review,required,document_multiline_alternative_unresolved,stated_unspecified,4.0,,1,1
A,occupation_task,needs_review,required,document_multiline_alternative_unresolved,stated_unspecified,8.0,,1,1
A,occupation_task,needs_review,required,education_alternative,minimum,1.0,,11,11
A,occupation_task,needs_review,required,education_alternative,minimum,10.0,,5,5
A,occupation_task,needs_review,required,education_alternative,minimum,12.0,,21,21
A,occupation_task,needs_review,required,education_alternative,minimum,15.0,,1,1
A,occupation_task,needs_review,required,education_alternative,minimum,2.0,,16,16
A,occupation_task,needs_review,required,education_alternative,minimum,3.0,,17,17
A,occupation_task,needs_review,required,education_alternative,minimum,4.0,,13,13
A,occupation_task,needs_review,required,education_alternative,minimum,5.0,,11,11
A,occupation_task,needs_review,required,education_alternative,minimum,6.0,,11,11
A,occupation_task,needs_review,required,education_alternative,minimum,7.0,,5,5
A,occupation_task,needs_review,required,education_alternative,minimum,8.0,,2,2
A,occupation_task,needs_review,required,education_alternative,no_duration,,,283,308
A,occupation_task,needs_review,required,education_alternative,range,1.0,2.0,1,1
A,occupation_task,needs_review,required,education_alternative,range,5.0,10.0,1,2
A,occupation_task,needs_review,required,education_alternative,stated_unspecified,1.0,,4,4
A,occupation_task,needs_review,required,education_alternative,stated_unspecified,10.0,,1,1
A,occupation_task,needs_review,required,education_alternative,stated_unspecified,12.0,,1,1
A,occupation_task,needs_review,required,education_alternative,stated_unspecified,2.0,,3,3
A,occupation_task,needs_review,required,education_alternative,stated_unspecified,3.0,,4,4
A,occupation_task,needs_review,required,education_alternative,stated_unspecified,4.0,,3,3
A,occupation_task,needs_review,required,education_alternative,stated_unspecified,5.0,,2,2
A,occupation_task,needs_review,required,education_alternative,stated_unspecified,6.0,,1,1
A,occupation_task,needs_review,required,other_conditional,no_duration,,,13,15
A,occupation_task,needs_review,required,unconditional_explicit_clause,minimum,1.0,,1,1
A,occupation_task,needs_review,required,unconditional_explicit_clause,minimum,2.0,,1,1
A,occupation_task,needs_review,required,unconditional_explicit_clause,no_duration,,,373,386
A,occupation_task,needs_review,unspecified,document_multiline_alternative_unresolved,no_duration,,,3,3
A,occupation_task,needs_review,unspecified,education_alternative,minimum,1.0,,3,3
A,occupation_task,needs_review,unspecified,education_alternative,minimum,2.0,,6,6
A,occupation_task,needs_review,unspecified,education_alternative,minimum,3.0,,6,7
A,occupation_task,needs_review,unspecified,education_alternative,minimum,4.0,,13,13
A,occupation_task,needs_review,unspecified,education_alternative,minimum,5.0,,4,4
A,occupation_task,needs_review,unspecified,education_alternative,minimum,6.0,,8,8
A,occupation_task,needs_review,unspecified,education_alternative,minimum,8.0,,4,4
A,occupation_task,needs_review,unspecified,education_alternative,no_duration,,,135,142
A,occupation_task,needs_review,unspecified,education_alternative,range,3.0,4.0,1,1
A,occupation_task,needs_review,unspecified,education_alternative,range,3.0,5.0,3,3
A,occupation_task,needs_review,unspecified,education_alternative,range,4.0,7.0,2,2
A,occupation_task,needs_review,unspecified,education_alternative,stated_unspecified,12.0,,1,1
A,occupation_task,needs_review,unspecified,education_alternative,stated_unspecified,2.0,,3,3
A,occupation_task,needs_review,unspecified,education_alternative,stated_unspecified,3.0,,1,1
A,occupation_task,needs_review,unspecified,education_alternative,stated_unspecified,5.0,,3,3
A,occupation_task,needs_review,unspecified,education_alternative,stated_unspecified,6.0,,5,5
A,occupation_task,needs_review,unspecified,other_conditional,no_duration,,,77,77
A,occupation_task,needs_review,unspecified,other_conditional,range,2.0,5.0,1,1
A,occupation_task,needs_review,unspecified,unconditional_explicit_clause,no_duration,,,485,586
A,tool,explicit_rule_candidate,preferred,unconditional_explicit_clause,minimum,1.0,,5,5
A,tool,explicit_rule_candidate,preferred,unconditional_explicit_clause,minimum,2.0,,11,11
A,tool,explicit_rule_candidate,preferred,unconditional_explicit_clause,minimum,3.0,,18,18
A,tool,explicit_rule_candidate,preferred,unconditional_explicit_clause,minimum,5.0,,175,175
A,tool,explicit_rule_candidate,preferred,unconditional_explicit_clause,minimum,8.0,,35,35
A,tool,explicit_rule_candidate,preferred,unconditional_explicit_clause,no_duration,,,564,630
A,tool,explicit_rule_candidate,preferred,unconditional_explicit_clause,stated_unspecified,3.0,,1,1
A,tool,explicit_rule_candidate,preferred,unconditional_explicit_clause,stated_unspecified,7.0,,1,1
A,tool,explicit_rule_candidate,required,unconditional_explicit_clause,minimum,1.0,,42,45
A,tool,explicit_rule_candidate,required,unconditional_explicit_clause,minimum,2.0,,76,80
A,tool,explicit_rule_candidate,required,unconditional_explicit_clause,minimum,3.0,,63,64
A,tool,explicit_rule_candidate,required,unconditional_explicit_clause,minimum,5.0,,51,53
A,tool,explicit_rule_candidate,required,unconditional_explicit_clause,minimum,7.0,,3,3
A,tool,explicit_rule_candidate,required,unconditional_explicit_clause,minimum,8.0,,1,1
A,tool,explicit_rule_candidate,required,unconditional_explicit_clause,no_duration,,,562,1036
A,tool,explicit_rule_candidate,required,unconditional_explicit_clause,range,1.0,2.0,1,1
A,tool,explicit_rule_candidate,required,unconditional_explicit_clause,range,2.0,3.0,1,1
A,tool,explicit_rule_candidate,required,unconditional_explicit_clause,stated_unspecified,1.0,,2,2
A,tool,explicit_rule_candidate,required,unconditional_explicit_clause,stated_unspecified,3.0,,4,4
A,tool,explicit_rule_candidate,unspecified,unconditional_explicit_clause,minimum,1.0,,7,7
A,tool,explicit_rule_candidate,unspecified,unconditional_explicit_clause,minimum,10.0,,1,1
A,tool,explicit_rule_candidate,unspecified,unconditional_explicit_clause,minimum,2.0,,2,2
A,tool,explicit_rule_candidate,unspecified,unconditional_explicit_clause,minimum,3.0,,1,1
A,tool,explicit_rule_candidate,unspecified,unconditional_explicit_clause,minimum,5.0,,3,3
A,tool,explicit_rule_candidate,unspecified,unconditional_explicit_clause,minimum,8.0,,1,1
A,tool,explicit_rule_candidate,unspecified,unconditional_explicit_clause,no_duration,,,286,350
A,tool,explicit_rule_candidate,unspecified,unconditional_explicit_clause,range,2.0,4.0,1,1
A,tool,explicit_rule_candidate,unspecified,unconditional_explicit_clause,stated_unspecified,2.0,,1,2
A,tool,needs_review,mixed,unconditional_explicit_clause,no_duration,,,20,26
A,tool,needs_review,preferred,document_multiline_alternative_unresolved,minimum,1.0,,1,1
A,tool,needs_review,preferred,document_multiline_alternative_unresolved,no_duration,,,4,4
A,tool,needs_review,preferred,unconditional_explicit_clause,minimum,3.0,,3,3
A,tool,needs_review,preferred,unconditional_explicit_clause,no_duration,,,11,11
A,tool,needs_review,required,education_alternative,no_duration,,,1,1
A,tool,needs_review,required,education_alternative,stated_unspecified,1.0,,2,2
A,tool,needs_review,required,other_conditional,minimum,1.0,,1,1
A,tool,needs_review,required,other_conditional,no_duration,,,2,2
A,tool,needs_review,required,unconditional_explicit_clause,no_duration,,,8,8
A,tool,needs_review,unspecified,other_conditional,minimum,1.0,,1,1
A,tool,needs_review,unspecified,other_conditional,range,3.0,5.0,1,2
A,tool,needs_review,unspecified,unconditional_explicit_clause,no_duration,,,319,323
A,unresolved,needs_review,mixed,unconditional_explicit_clause,minimum,2.0,,1,1
A,unresolved,needs_review,mixed,unconditional_explicit_clause,minimum,3.0,,2,2
A,unresolved,needs_review,mixed,unconditional_explicit_clause,minimum,5.0,,1,1
A,unresolved,needs_review,mixed,unconditional_explicit_clause,no_duration,,,15,15
A,unresolved,needs_review,preferred,document_multiline_alternative_unresolved,minimum,1.0,,1,3
A,unresolved,needs_review,preferred,document_multiline_alternative_unresolved,no_duration,,,11,45
A,unresolved,needs_review,preferred,education_alternative,minimum,2.0,,1,1
A,unresolved,needs_review,preferred,education_alternative,minimum,3.0,,5,5
A,unresolved,needs_review,preferred,education_alternative,minimum,6.0,,2,2
A,unresolved,needs_review,preferred,education_alternative,no_duration,,,18,18
A,unresolved,needs_review,preferred,education_alternative,stated_unspecified,3.0,,1,1
A,unresolved,needs_review,preferred,other_conditional,no_duration,,,180,183
A,unresolved,needs_review,preferred,unconditional_explicit_clause,minimum,0.5,,1,1
A,unresolved,needs_review,preferred,unconditional_explicit_clause,minimum,1.0,,54,63
A,unresolved,needs_review,preferred,unconditional_explicit_clause,minimum,10.0,,3,3
A,unresolved,needs_review,preferred,unconditional_explicit_clause,minimum,15.0,,2,2
A,unresolved,needs_review,preferred,unconditional_explicit_clause,minimum,2.0,,16,20
A,unresolved,needs_review,preferred,unconditional_explicit_clause,minimum,3.0,,26,26
A,unresolved,needs_review,preferred,unconditional_explicit_clause,minimum,4.0,,9,9
A,unresolved,needs_review,preferred,unconditional_explicit_clause,minimum,5.0,,181,340
A,unresolved,needs_review,preferred,unconditional_explicit_clause,minimum,6.0,,5,5
A,unresolved,needs_review,preferred,unconditional_explicit_clause,minimum,7.0,,5,5
A,unresolved,needs_review,preferred,unconditional_explicit_clause,minimum,8.0,,40,75
A,unresolved,needs_review,preferred,unconditional_explicit_clause,no_duration,,,2252,3959
A,unresolved,needs_review,preferred,unconditional_explicit_clause,range,0.0,2.0,1,1
A,unresolved,needs_review,preferred,unconditional_explicit_clause,range,1.0,2.0,2,2
A,unresolved,needs_review,preferred,unconditional_explicit_clause,range,1.0,3.0,2,2
A,unresolved,needs_review,preferred,unconditional_explicit_clause,range,2.0,3.0,1,1
A,unresolved,needs_review,preferred,unconditional_explicit_clause,range,2.0,4.0,1,1
A,unresolved,needs_review,preferred,unconditional_explicit_clause,range,3.0,5.0,1,1
A,unresolved,needs_review,preferred,unconditional_explicit_clause,range,5.0,7.0,1,1
A,unresolved,needs_review,preferred,unconditional_explicit_clause,stated_unspecified,1.0,,45,45
A,unresolved,needs_review,preferred,unconditional_explicit_clause,stated_unspecified,15.0,,3,3
A,unresolved,needs_review,preferred,unconditional_explicit_clause,stated_unspecified,2.0,,25,25
A,unresolved,needs_review,preferred,unconditional_explicit_clause,stated_unspecified,3.0,,121,173
A,unresolved,needs_review,preferred,unconditional_explicit_clause,stated_unspecified,5.0,,67,67
A,unresolved,needs_review,preferred,unconditional_explicit_clause,stated_unspecified,7.0,,3,3
A,unresolved,needs_review,preferred,unconditional_explicit_clause,stated_unspecified,8.0,,29,29
A,unresolved,needs_review,required,document_multiline_alternative_unresolved,minimum,2.0,,2,2
A,unresolved,needs_review,required,document_multiline_alternative_unresolved,no_duration,,,4,4
A,unresolved,needs_review,required,education_alternative,minimum,0.5,,1,1
A,unresolved,needs_review,required,education_alternative,minimum,1.0,,2,2
A,unresolved,needs_review,required,education_alternative,minimum,10.0,,1,1
A,unresolved,needs_review,required,education_alternative,minimum,13.0,,2,2
A,unresolved,needs_review,required,education_alternative,minimum,2.0,,1,1
A,unresolved,needs_review,required,education_alternative,minimum,3.0,,9,9
A,unresolved,needs_review,required,education_alternative,minimum,5.0,,5,5
A,unresolved,needs_review,required,education_alternative,minimum,7.0,,1,1
A,unresolved,needs_review,required,education_alternative,no_duration,,,614,614
A,unresolved,needs_review,required,education_alternative,stated_unspecified,0.0,,1,1
A,unresolved,needs_review,required,education_alternative,stated_unspecified,2.0,,1,1
A,unresolved,needs_review,required,education_alternative,stated_unspecified,3.0,,218,218
A,unresolved,needs_review,required,education_alternative,stated_unspecified,4.0,,3,3
A,unresolved,needs_review,required,education_alternative,stated_unspecified,8.0,,1,1
A,unresolved,needs_review,required,other_conditional,minimum,1.0,,1,1
A,unresolved,needs_review,required,other_conditional,minimum,2.0,,1,1
A,unresolved,needs_review,required,other_conditional,minimum,3.0,,1,1
A,unresolved,needs_review,required,other_conditional,no_duration,,,29,30
A,unresolved,needs_review,required,unconditional_explicit_clause,minimum,0.5,,1,1
A,unresolved,needs_review,required,unconditional_explicit_clause,minimum,1.0,,131,199
A,unresolved,needs_review,required,unconditional_explicit_clause,minimum,10.0,,20,20
A,unresolved,needs_review,required,unconditional_explicit_clause,minimum,11.0,,5,5
A,unresolved,needs_review,required,unconditional_explicit_clause,minimum,12.0,,1,1
A,unresolved,needs_review,required,unconditional_explicit_clause,minimum,15.0,,1,1
A,unresolved,needs_review,required,unconditional_explicit_clause,minimum,2.0,,186,229
A,unresolved,needs_review,required,unconditional_explicit_clause,minimum,3.0,,113,123
A,unresolved,needs_review,required,unconditional_explicit_clause,minimum,4.0,,35,41
A,unresolved,needs_review,required,unconditional_explicit_clause,minimum,5.0,,266,273
A,unresolved,needs_review,required,unconditional_explicit_clause,minimum,6.0,,217,217
A,unresolved,needs_review,required,unconditional_explicit_clause,minimum,7.0,,245,248
A,unresolved,needs_review,required,unconditional_explicit_clause,minimum,8.0,,42,77
A,unresolved,needs_review,required,unconditional_explicit_clause,no_duration,,,1479,3166
A,unresolved,needs_review,required,unconditional_explicit_clause,range,1.0,3.0,3,3
A,unresolved,needs_review,required,unconditional_explicit_clause,range,2.0,3.0,4,4
A,unresolved,needs_review,required,unconditional_explicit_clause,range,3.0,5.0,2,2
A,unresolved,needs_review,required,unconditional_explicit_clause,range,3.0,7.0,1,1
A,unresolved,needs_review,required,unconditional_explicit_clause,range,5.0,8.0,1,1
A,unresolved,needs_review,required,unconditional_explicit_clause,range,6.0,8.0,1,1
A,unresolved,needs_review,required,unconditional_explicit_clause,stated_unspecified,0.5,,3,3
A,unresolved,needs_review,required,unconditional_explicit_clause,stated_unspecified,1.0,,20,28
A,unresolved,needs_review,required,unconditional_explicit_clause,stated_unspecified,10.0,,5,8
A,unresolved,needs_review,required,unconditional_explicit_clause,stated_unspecified,2.0,,22,22
A,unresolved,needs_review,required,unconditional_explicit_clause,stated_unspecified,3.0,,62,67
A,unresolved,needs_review,required,unconditional_explicit_clause,stated_unspecified,4.0,,2,2
A,unresolved,needs_review,required,unconditional_explicit_clause,stated_unspecified,5.0,,46,51
A,unresolved,needs_review,required,unconditional_explicit_clause,stated_unspecified,6.0,,2,2
A,unresolved,needs_review,required,unconditional_explicit_clause,stated_unspecified,7.0,,4,4
A,unresolved,needs_review,required,unconditional_explicit_clause,stated_unspecified,8.0,,1,1
A,unresolved,needs_review,unspecified,document_multiline_alternative_unresolved,no_duration,,,8,12
A,unresolved,needs_review,unspecified,education_alternative,no_duration,,,84,84
A,unresolved,needs_review,unspecified,education_alternative,stated_unspecified,1.0,,1,1
A,unresolved,needs_review,unspecified,other_conditional,no_duration,,,258,270
A,unresolved,needs_review,unspecified,unconditional_explicit_clause,maximum,,15.0,1,1
A,unresolved,needs_review,unspecified,unconditional_explicit_clause,minimum,0.25,,1,1
A,unresolved,needs_review,unspecified,unconditional_explicit_clause,minimum,1.0,,30,31
A,unresolved,needs_review,unspecified,unconditional_explicit_clause,minimum,10.0,,17,17
A,unresolved,needs_review,unspecified,unconditional_explicit_clause,minimum,14.0,,1,1
A,unresolved,needs_review,unspecified,unconditional_explicit_clause,minimum,15.0,,4,4
A,unresolved,needs_review,unspecified,unconditional_explicit_clause,minimum,2.0,,29,30
A,unresolved,needs_review,unspecified,unconditional_explicit_clause,minimum,20.0,,1,1
A,unresolved,needs_review,unspecified,unconditional_explicit_clause,minimum,3.0,,64,93
A,unresolved,needs_review,unspecified,unconditional_explicit_clause,minimum,4.0,,6,9
A,unresolved,needs_review,unspecified,unconditional_explicit_clause,minimum,5.0,,88,88
A,unresolved,needs_review,unspecified,unconditional_explicit_clause,minimum,6.0,,6,7
A,unresolved,needs_review,unspecified,unconditional_explicit_clause,minimum,7.0,,6,6
A,unresolved,needs_review,unspecified,unconditional_explicit_clause,minimum,8.0,,2,2
A,unresolved,needs_review,unspecified,unconditional_explicit_clause,minimum,9.0,,1,1
A,unresolved,needs_review,unspecified,unconditional_explicit_clause,no_duration,,,1497,2847
A,unresolved,needs_review,unspecified,unconditional_explicit_clause,range,1.0,2.0,1,1
A,unresolved,needs_review,unspecified,unconditional_explicit_clause,range,1.0,3.0,1,1
A,unresolved,needs_review,unspecified,unconditional_explicit_clause,range,3.0,5.0,1,1
A,unresolved,needs_review,unspecified,unconditional_explicit_clause,range,3.0,6.0,1,1
A,unresolved,needs_review,unspecified,unconditional_explicit_clause,range,5.0,7.0,2,2
A,unresolved,needs_review,unspecified,unconditional_explicit_clause,range,5.0,8.0,3,3
A,unresolved,needs_review,unspecified,unconditional_explicit_clause,range,6.0,10.0,1,1
A,unresolved,needs_review,unspecified,unconditional_explicit_clause,range,6.0,9.0,1,1
A,unresolved,needs_review,unspecified,unconditional_explicit_clause,stated_unspecified,1.0,,28,28
A,unresolved,needs_review,unspecified,unconditional_explicit_clause,stated_unspecified,10.0,,1,1
A,unresolved,needs_review,unspecified,unconditional_explicit_clause,stated_unspecified,2.0,,4,5
A,unresolved,needs_review,unspecified,unconditional_explicit_clause,stated_unspecified,20.0,,1,1
A,unresolved,needs_review,unspecified,unconditional_explicit_clause,stated_unspecified,3.0,,2,2
A,unresolved,needs_review,unspecified,unconditional_explicit_clause,stated_unspecified,4.0,,6,6
A,unresolved,needs_review,unspecified,unconditional_explicit_clause,stated_unspecified,5.0,,1,1
B,NO_MATCH,NO_MATCH,NO_MATCH,NO_MATCH,NO_MATCH,,,63,0
B,ambiguous_multiobject,needs_review,mixed,education_alternative,minimum,5.0,,1,1
B,ambiguous_multiobject,needs_review,mixed,education_alternative,no_duration,,,52,52
B,ambiguous_multiobject,needs_review,mixed,education_alternative,range,3.0,5.0,3,3
B,ambiguous_multiobject,needs_review,mixed,education_alternative,range,7.0,10.0,1,1
B,ambiguous_multiobject,needs_review,mixed,education_alternative,stated_unspecified,5.0,,1,1
B,ambiguous_multiobject,needs_review,mixed,other_conditional,no_duration,,,5,5
B,ambiguous_multiobject,needs_review,mixed,unconditional_explicit_clause,minimum,3.0,,1,1
B,ambiguous_multiobject,needs_review,mixed,unconditional_explicit_clause,minimum,4.0,,1,1
B,ambiguous_multiobject,needs_review,mixed,unconditional_explicit_clause,minimum,5.0,,1,1
B,ambiguous_multiobject,needs_review,mixed,unconditional_explicit_clause,no_duration,,,32,32
B,ambiguous_multiobject,needs_review,mixed,unconditional_explicit_clause,range,1.0,3.0,1,1
B,ambiguous_multiobject,needs_review,mixed,unconditional_explicit_clause,range,3.0,5.0,1,1
B,ambiguous_multiobject,needs_review,mixed,unconditional_explicit_clause,stated_unspecified,5.0,,3,3
B,ambiguous_multiobject,needs_review,preferred,document_multiline_alternative_unresolved,stated_unspecified,2.0,,1,1
B,ambiguous_multiobject,needs_review,preferred,document_multiline_alternative_unresolved,stated_unspecified,3.0,,1,1
B,ambiguous_multiobject,needs_review,preferred,education_alternative,minimum,3.0,,1,1
B,ambiguous_multiobject,needs_review,preferred,education_alternative,minimum,5.0,,2,2
B,ambiguous_multiobject,needs_review,preferred,education_alternative,no_duration,,,39,41
B,ambiguous_multiobject,needs_review,preferred,education_alternative,range,2.0,3.0,1,1
B,ambiguous_multiobject,needs_review,preferred,education_alternative,range,3.0,5.0,3,3
B,ambiguous_multiobject,needs_review,preferred,other_conditional,no_duration,,,1,1
B,ambiguous_multiobject,needs_review,preferred,unconditional_explicit_clause,minimum,1.0,,4,4
B,ambiguous_multiobject,needs_review,preferred,unconditional_explicit_clause,minimum,10.0,,2,2
B,ambiguous_multiobject,needs_review,preferred,unconditional_explicit_clause,minimum,2.0,,6,6
B,ambiguous_multiobject,needs_review,preferred,unconditional_explicit_clause,minimum,3.0,,10,11
B,ambiguous_multiobject,needs_review,preferred,unconditional_explicit_clause,minimum,4.0,,8,8
B,ambiguous_multiobject,needs_review,preferred,unconditional_explicit_clause,minimum,5.0,,7,7
B,ambiguous_multiobject,needs_review,preferred,unconditional_explicit_clause,minimum,6.0,,3,3
B,ambiguous_multiobject,needs_review,preferred,unconditional_explicit_clause,minimum,7.0,,3,3
B,ambiguous_multiobject,needs_review,preferred,unconditional_explicit_clause,minimum,8.0,,5,5
B,ambiguous_multiobject,needs_review,preferred,unconditional_explicit_clause,no_duration,,,303,331
B,ambiguous_multiobject,needs_review,preferred,unconditional_explicit_clause,range,1.0,2.0,2,2
B,ambiguous_multiobject,needs_review,preferred,unconditional_explicit_clause,range,1.0,3.0,7,7
B,ambiguous_multiobject,needs_review,preferred,unconditional_explicit_clause,range,12.0,15.0,1,1
B,ambiguous_multiobject,needs_review,preferred,unconditional_explicit_clause,range,2.0,5.0,1,1
B,ambiguous_multiobject,needs_review,preferred,unconditional_explicit_clause,range,3.0,5.0,4,5
B,ambiguous_multiobject,needs_review,preferred,unconditional_explicit_clause,range,6.0,10.0,1,1
B,ambiguous_multiobject,needs_review,preferred,unconditional_explicit_clause,range,7.0,10.0,1,1
B,ambiguous_multiobject,needs_review,preferred,unconditional_explicit_clause,range,8.0,11.0,1,1
B,ambiguous_multiobject,needs_review,preferred,unconditional_explicit_clause,stated_unspecified,2.0,,3,3
B,ambiguous_multiobject,needs_review,preferred,unconditional_explicit_clause,stated_unspecified,3.0,,3,3
B,ambiguous_multiobject,needs_review,preferred,unconditional_explicit_clause,stated_unspecified,5.0,,16,20
B,ambiguous_multiobject,needs_review,preferred,unconditional_explicit_clause,stated_unspecified,6.0,,1,1
B,ambiguous_multiobject,needs_review,required,document_multiline_alternative_unresolved,minimum,2.0,,1,2
B,ambiguous_multiobject,needs_review,required,document_multiline_alternative_unresolved,no_duration,,,3,10
B,ambiguous_multiobject,needs_review,required,education_alternative,minimum,0.0,,1,1
B,ambiguous_multiobject,needs_review,required,education_alternative,minimum,1.0,,1,1
B,ambiguous_multiobject,needs_review,required,education_alternative,minimum,3.0,,1,1
B,ambiguous_multiobject,needs_review,required,education_alternative,minimum,5.0,,2,2
B,ambiguous_multiobject,needs_review,required,education_alternative,no_duration,,,63,64
B,ambiguous_multiobject,needs_review,required,education_alternative,stated_unspecified,1.0,,3,3
B,ambiguous_multiobject,needs_review,required,education_alternative,stated_unspecified,2.0,,1,1
B,ambiguous_multiobject,needs_review,required,education_alternative,stated_unspecified,3.0,,4,4
B,ambiguous_multiobject,needs_review,required,education_alternative,stated_unspecified,4.0,,1,1
B,ambiguous_multiobject,needs_review,required,education_alternative,stated_unspecified,5.0,,2,2
B,ambiguous_multiobject,needs_review,required,other_conditional,minimum,5.0,,1,1
B,ambiguous_multiobject,needs_review,required,other_conditional,no_duration,,,2,2
B,ambiguous_multiobject,needs_review,required,other_conditional,stated_unspecified,3.0,,1,1
B,ambiguous_multiobject,needs_review,required,unconditional_explicit_clause,minimum,0.5,,4,5
B,ambiguous_multiobject,needs_review,required,unconditional_explicit_clause,minimum,1.0,,18,19
B,ambiguous_multiobject,needs_review,required,unconditional_explicit_clause,minimum,10.0,,14,14
B,ambiguous_multiobject,needs_review,required,unconditional_explicit_clause,minimum,11.0,,1,1
B,ambiguous_multiobject,needs_review,required,unconditional_explicit_clause,minimum,12.0,,1,1
B,ambiguous_multiobject,needs_review,required,unconditional_explicit_clause,minimum,2.0,,23,23
B,ambiguous_multiobject,needs_review,required,unconditional_explicit_clause,minimum,3.0,,49,51
B,ambiguous_multiobject,needs_review,required,unconditional_explicit_clause,minimum,4.0,,22,22
B,ambiguous_multiobject,needs_review,required,unconditional_explicit_clause,minimum,5.0,,71,77
B,ambiguous_multiobject,needs_review,required,unconditional_explicit_clause,minimum,6.0,,7,8
B,ambiguous_multiobject,needs_review,required,unconditional_explicit_clause,minimum,7.0,,9,9
B,ambiguous_multiobject,needs_review,required,unconditional_explicit_clause,minimum,8.0,,30,30
B,ambiguous_multiobject,needs_review,required,unconditional_explicit_clause,minimum,9.0,,2,2
B,ambiguous_multiobject,needs_review,required,unconditional_explicit_clause,no_duration,,,436,508
B,ambiguous_multiobject,needs_review,required,unconditional_explicit_clause,range,1.0,2.0,6,6
B,ambiguous_multiobject,needs_review,required,unconditional_explicit_clause,range,2.0,3.0,1,1
B,ambiguous_multiobject,needs_review,required,unconditional_explicit_clause,range,2.0,4.0,1,1
B,ambiguous_multiobject,needs_review,required,unconditional_explicit_clause,range,2.0,5.0,3,3
B,ambiguous_multiobject,needs_review,required,unconditional_explicit_clause,range,3.0,5.0,1,1
B,ambiguous_multiobject,needs_review,required,unconditional_explicit_clause,range,3.0,7.0,1,1
B,ambiguous_multiobject,needs_review,required,unconditional_explicit_clause,range,5.0,10.0,2,2
B,ambiguous_multiobject,needs_review,required,unconditional_explicit_clause,range,5.0,7.0,1,1
B,ambiguous_multiobject,needs_review,required,unconditional_explicit_clause,range,5.0,8.0,2,2
B,ambiguous_multiobject,needs_review,required,unconditional_explicit_clause,range,6.0,7.0,1,1
B,ambiguous_multiobject,needs_review,required,unconditional_explicit_clause,range,6.0,8.0,1,1
B,ambiguous_multiobject,needs_review,required,unconditional_explicit_clause,range,8.0,10.0,1,1
B,ambiguous_multiobject,needs_review,required,unconditional_explicit_clause,range,8.0,12.0,1,1
B,ambiguous_multiobject,needs_review,required,unconditional_explicit_clause,stated_unspecified,1.0,,5,5
B,ambiguous_multiobject,needs_review,required,unconditional_explicit_clause,stated_unspecified,10.0,,6,6
B,ambiguous_multiobject,needs_review,required,unconditional_explicit_clause,stated_unspecified,12.0,,1,1
B,ambiguous_multiobject,needs_review,required,unconditional_explicit_clause,stated_unspecified,15.0,,1,1
B,ambiguous_multiobject,needs_review,required,unconditional_explicit_clause,stated_unspecified,2.0,,15,16
B,ambiguous_multiobject,needs_review,required,unconditional_explicit_clause,stated_unspecified,3.0,,9,9
B,ambiguous_multiobject,needs_review,required,unconditional_explicit_clause,stated_unspecified,4.0,,1,1
B,ambiguous_multiobject,needs_review,required,unconditional_explicit_clause,stated_unspecified,5.0,,14,14
B,ambiguous_multiobject,needs_review,required,unconditional_explicit_clause,stated_unspecified,6.0,,2,2
B,ambiguous_multiobject,needs_review,required,unconditional_explicit_clause,stated_unspecified,7.0,,4,4
B,ambiguous_multiobject,needs_review,required,unconditional_explicit_clause,stated_unspecified,8.0,,10,10
B,ambiguous_multiobject,needs_review,unspecified,document_multiline_alternative_unresolved,no_duration,,,1,3
B,ambiguous_multiobject,needs_review,unspecified,education_alternative,minimum,5.0,,1,1
B,ambiguous_multiobject,needs_review,unspecified,education_alternative,minimum,7.0,,1,1
B,ambiguous_multiobject,needs_review,unspecified,education_alternative,no_duration,,,27,28
B,ambiguous_multiobject,needs_review,unspecified,education_alternative,stated_unspecified,1.0,,4,4
B,ambiguous_multiobject,needs_review,unspecified,education_alternative,stated_unspecified,3.0,,6,6
B,ambiguous_multiobject,needs_review,unspecified,education_alternative,stated_unspecified,4.0,,1,1
B,ambiguous_multiobject,needs_review,unspecified,education_alternative,stated_unspecified,5.0,,2,2
B,ambiguous_multiobject,needs_review,unspecified,other_conditional,no_duration,,,1,1
B,ambiguous_multiobject,needs_review,unspecified,unconditional_explicit_clause,minimum,1.0,,4,4
B,ambiguous_multiobject,needs_review,unspecified,unconditional_explicit_clause,minimum,10.0,,2,2
B,ambiguous_multiobject,needs_review,unspecified,unconditional_explicit_clause,minimum,12.0,,2,2
B,ambiguous_multiobject,needs_review,unspecified,unconditional_explicit_clause,minimum,15.0,,2,2
B,ambiguous_multiobject,needs_review,unspecified,unconditional_explicit_clause,minimum,2.0,,7,7
B,ambiguous_multiobject,needs_review,unspecified,unconditional_explicit_clause,minimum,3.0,,24,24
B,ambiguous_multiobject,needs_review,unspecified,unconditional_explicit_clause,minimum,4.0,,18,18
B,ambiguous_multiobject,needs_review,unspecified,unconditional_explicit_clause,minimum,40.0,,1,1
B,ambiguous_multiobject,needs_review,unspecified,unconditional_explicit_clause,minimum,5.0,,31,31
B,ambiguous_multiobject,needs_review,unspecified,unconditional_explicit_clause,minimum,6.0,,3,3
B,ambiguous_multiobject,needs_review,unspecified,unconditional_explicit_clause,minimum,7.0,,5,6
B,ambiguous_multiobject,needs_review,unspecified,unconditional_explicit_clause,minimum,8.0,,10,10
B,ambiguous_multiobject,needs_review,unspecified,unconditional_explicit_clause,minimum,9.0,,1,1
B,ambiguous_multiobject,needs_review,unspecified,unconditional_explicit_clause,no_duration,,,346,386
B,ambiguous_multiobject,needs_review,unspecified,unconditional_explicit_clause,range,0.0,3.0,1,1
B,ambiguous_multiobject,needs_review,unspecified,unconditional_explicit_clause,range,1.0,4.0,2,2
B,ambiguous_multiobject,needs_review,unspecified,unconditional_explicit_clause,range,1.0,5.0,1,1
B,ambiguous_multiobject,needs_review,unspecified,unconditional_explicit_clause,range,2.0,3.0,1,1
B,ambiguous_multiobject,needs_review,unspecified,unconditional_explicit_clause,range,3.0,5.0,5,5
B,ambiguous_multiobject,needs_review,unspecified,unconditional_explicit_clause,range,5.0,10.0,1,1
B,ambiguous_multiobject,needs_review,unspecified,unconditional_explicit_clause,range,5.0,6.0,1,1
B,ambiguous_multiobject,needs_review,unspecified,unconditional_explicit_clause,range,5.0,7.0,4,5
B,ambiguous_multiobject,needs_review,unspecified,unconditional_explicit_clause,range,6.0,10.0,2,2
B,ambiguous_multiobject,needs_review,unspecified,unconditional_explicit_clause,range,8.0,10.0,2,2
B,ambiguous_multiobject,needs_review,unspecified,unconditional_explicit_clause,range,8.0,12.0,1,1
B,ambiguous_multiobject,needs_review,unspecified,unconditional_explicit_clause,stated_unspecified,10.0,,3,3
B,ambiguous_multiobject,needs_review,unspecified,unconditional_explicit_clause,stated_unspecified,12.0,,1,2
B,ambiguous_multiobject,needs_review,unspecified,unconditional_explicit_clause,stated_unspecified,3.0,,7,9
B,ambiguous_multiobject,needs_review,unspecified,unconditional_explicit_clause,stated_unspecified,5.0,,6,6
B,ambiguous_multiobject,needs_review,unspecified,unconditional_explicit_clause,stated_unspecified,7.0,,1,1
B,ambiguous_multiobject,needs_review,unspecified,unconditional_explicit_clause,stated_unspecified,8.0,,2,2
B,general_work,explicit_rule_candidate,preferred,unconditional_explicit_clause,no_duration,,,12,12
B,general_work,explicit_rule_candidate,required,unconditional_explicit_clause,minimum,1.5,,1,1
B,general_work,explicit_rule_candidate,required,unconditional_explicit_clause,minimum,10.0,,1,1
B,general_work,explicit_rule_candidate,required,unconditional_explicit_clause,minimum,2.0,,3,3
B,general_work,explicit_rule_candidate,required,unconditional_explicit_clause,minimum,3.0,,3,3
B,general_work,explicit_rule_candidate,required,unconditional_explicit_clause,minimum,4.0,,1,1
B,general_work,explicit_rule_candidate,required,unconditional_explicit_clause,minimum,5.0,,4,4
B,general_work,explicit_rule_candidate,required,unconditional_explicit_clause,minimum,6.0,,11,11
B,general_work,explicit_rule_candidate,required,unconditional_explicit_clause,minimum,7.0,,1,1
B,general_work,explicit_rule_candidate,required,unconditional_explicit_clause,no_duration,,,24,24
B,general_work,explicit_rule_candidate,required,unconditional_explicit_clause,range,0.0,2.0,1,1
B,general_work,explicit_rule_candidate,required,unconditional_explicit_clause,range,3.0,5.0,2,2
B,general_work,explicit_rule_candidate,required,unconditional_explicit_clause,range,5.0,10.0,1,1
B,general_work,explicit_rule_candidate,required,unconditional_explicit_clause,stated_unspecified,1.0,,1,1
B,general_work,explicit_rule_candidate,required,unconditional_explicit_clause,stated_unspecified,10.0,,1,1
B,general_work,explicit_rule_candidate,required,unconditional_explicit_clause,stated_unspecified,18.0,,1,1
B,general_work,explicit_rule_candidate,unspecified,unconditional_explicit_clause,minimum,3.0,,2,2
B,general_work,explicit_rule_candidate,unspecified,unconditional_explicit_clause,minimum,4.0,,1,1
B,general_work,explicit_rule_candidate,unspecified,unconditional_explicit_clause,minimum,5.0,,1,1
B,general_work,explicit_rule_candidate,unspecified,unconditional_explicit_clause,no_duration,,,51,52
B,general_work,explicit_rule_candidate,unspecified,unconditional_explicit_clause,range,1.0,2.0,1,1
B,general_work,explicit_rule_candidate,unspecified,unconditional_explicit_clause,range,6.0,8.0,1,1
B,general_work,explicit_rule_candidate,unspecified,unconditional_explicit_clause,stated_unspecified,1.0,,1,1
B,general_work,needs_review,mixed,education_alternative,no_duration,,,1,1
B,general_work,needs_review,preferred,education_alternative,no_duration,,,5,5
B,general_work,needs_review,required,education_alternative,minimum,3.0,,1,1
B,general_work,needs_review,required,education_alternative,no_duration,,,45,45
B,general_work,needs_review,required,education_alternative,stated_unspecified,1.0,,1,1
B,general_work,needs_review,required,education_alternative,stated_unspecified,4.0,,1,1
B,general_work,needs_review,required,unconditional_explicit_clause,no_duration,,,1,1
B,general_work,needs_review,unspecified,education_alternative,minimum,12.0,,3,3
B,general_work,needs_review,unspecified,education_alternative,no_duration,,,16,16
B,general_work,needs_review,unspecified,education_alternative,stated_unspecified,6.0,,1,1
B,general_work,needs_review,unspecified,unconditional_explicit_clause,no_duration,,,2,2
B,industry_domain,explicit_rule_candidate,preferred,unconditional_explicit_clause,minimum,1.0,,4,5
B,industry_domain,explicit_rule_candidate,preferred,unconditional_explicit_clause,minimum,10.0,,1,1
B,industry_domain,explicit_rule_candidate,preferred,unconditional_explicit_clause,minimum,2.0,,7,7
B,industry_domain,explicit_rule_candidate,preferred,unconditional_explicit_clause,minimum,3.0,,1,1
B,industry_domain,explicit_rule_candidate,preferred,unconditional_explicit_clause,minimum,4.0,,4,4
B,industry_domain,explicit_rule_candidate,preferred,unconditional_explicit_clause,minimum,5.0,,4,4
B,industry_domain,explicit_rule_candidate,preferred,unconditional_explicit_clause,minimum,8.0,,1,1
B,industry_domain,explicit_rule_candidate,preferred,unconditional_explicit_clause,no_duration,,,222,240
B,industry_domain,explicit_rule_candidate,preferred,unconditional_explicit_clause,range,0.0,2.0,1,1
B,industry_domain,explicit_rule_candidate,preferred,unconditional_explicit_clause,range,1.0,3.0,1,1
B,industry_domain,explicit_rule_candidate,preferred,unconditional_explicit_clause,range,2.0,3.0,1,1
B,industry_domain,explicit_rule_candidate,preferred,unconditional_explicit_clause,range,2.0,4.0,1,1
B,industry_domain,explicit_rule_candidate,preferred,unconditional_explicit_clause,range,2.0,5.0,1,1
B,industry_domain,explicit_rule_candidate,preferred,unconditional_explicit_clause,stated_unspecified,1.0,,2,2
B,industry_domain,explicit_rule_candidate,preferred,unconditional_explicit_clause,stated_unspecified,10.0,,1,1
B,industry_domain,explicit_rule_candidate,preferred,unconditional_explicit_clause,stated_unspecified,2.0,,1,2
B,industry_domain,explicit_rule_candidate,preferred,unconditional_explicit_clause,stated_unspecified,3.0,,1,1
B,industry_domain,explicit_rule_candidate,preferred,unconditional_explicit_clause,stated_unspecified,5.0,,1,1
B,industry_domain,explicit_rule_candidate,required,unconditional_explicit_clause,minimum,1.0,,1,1
B,industry_domain,explicit_rule_candidate,required,unconditional_explicit_clause,minimum,10.0,,2,2
B,industry_domain,explicit_rule_candidate,required,unconditional_explicit_clause,minimum,2.0,,5,5
B,industry_domain,explicit_rule_candidate,required,unconditional_explicit_clause,minimum,3.0,,5,5
B,industry_domain,explicit_rule_candidate,required,unconditional_explicit_clause,minimum,4.0,,3,3
B,industry_domain,explicit_rule_candidate,required,unconditional_explicit_clause,minimum,5.0,,9,9
B,industry_domain,explicit_rule_candidate,required,unconditional_explicit_clause,minimum,8.0,,1,1
B,industry_domain,explicit_rule_candidate,required,unconditional_explicit_clause,no_duration,,,69,70
B,industry_domain,explicit_rule_candidate,required,unconditional_explicit_clause,range,0.0,1.0,1,1
B,industry_domain,explicit_rule_candidate,required,unconditional_explicit_clause,range,2.0,4.0,1,1
B,industry_domain,explicit_rule_candidate,required,unconditional_explicit_clause,range,2.0,5.0,3,3
B,industry_domain,explicit_rule_candidate,required,unconditional_explicit_clause,range,4.0,6.0,1,1
B,industry_domain,explicit_rule_candidate,required,unconditional_explicit_clause,range,4.0,8.0,2,2
B,industry_domain,explicit_rule_candidate,required,unconditional_explicit_clause,range,5.0,10.0,1,1
B,industry_domain,explicit_rule_candidate,required,unconditional_explicit_clause,stated_unspecified,10.0,,1,1
B,industry_domain,explicit_rule_candidate,required,unconditional_explicit_clause,stated_unspecified,2.0,,3,4
B,industry_domain,explicit_rule_candidate,required,unconditional_explicit_clause,stated_unspecified,3.0,,1,1
B,industry_domain,explicit_rule_candidate,required,unconditional_explicit_clause,stated_unspecified,5.0,,5,5
B,industry_domain,explicit_rule_candidate,unspecified,unconditional_explicit_clause,minimum,1.0,,1,1
B,industry_domain,explicit_rule_candidate,unspecified,unconditional_explicit_clause,minimum,10.0,,1,1
B,industry_domain,explicit_rule_candidate,unspecified,unconditional_explicit_clause,minimum,2.0,,4,4
B,industry_domain,explicit_rule_candidate,unspecified,unconditional_explicit_clause,minimum,3.0,,9,9
B,industry_domain,explicit_rule_candidate,unspecified,unconditional_explicit_clause,minimum,5.0,,10,10
B,industry_domain,explicit_rule_candidate,unspecified,unconditional_explicit_clause,minimum,7.0,,2,2
B,industry_domain,explicit_rule_candidate,unspecified,unconditional_explicit_clause,minimum,8.0,,3,3
B,industry_domain,explicit_rule_candidate,unspecified,unconditional_explicit_clause,minimum,80.0,,4,4
B,industry_domain,explicit_rule_candidate,unspecified,unconditional_explicit_clause,no_duration,,,77,83
B,industry_domain,explicit_rule_candidate,unspecified,unconditional_explicit_clause,range,0.0,1.0,1,1
B,industry_domain,explicit_rule_candidate,unspecified,unconditional_explicit_clause,range,0.0,2.0,2,2
B,industry_domain,explicit_rule_candidate,unspecified,unconditional_explicit_clause,range,1.0,3.0,2,2
B,industry_domain,explicit_rule_candidate,unspecified,unconditional_explicit_clause,range,2.0,4.0,1,1
B,industry_domain,explicit_rule_candidate,unspecified,unconditional_explicit_clause,range,3.0,5.0,2,2
B,industry_domain,explicit_rule_candidate,unspecified,unconditional_explicit_clause,range,5.0,7.0,1,1
B,industry_domain,explicit_rule_candidate,unspecified,unconditional_explicit_clause,range,6.0,8.0,1,1
B,industry_domain,explicit_rule_candidate,unspecified,unconditional_explicit_clause,stated_unspecified,2.0,,1,1
B,industry_domain,explicit_rule_candidate,unspecified,unconditional_explicit_clause,stated_unspecified,3.0,,1,1
B,industry_domain,explicit_rule_candidate,unspecified,unconditional_explicit_clause,stated_unspecified,35.0,,1,1
B,industry_domain,explicit_rule_candidate,unspecified,unconditional_explicit_clause,stated_unspecified,5.0,,3,3
B,industry_domain,needs_review,mixed,unconditional_explicit_clause,minimum,2.0,,2,2
B,industry_domain,needs_review,mixed,unconditional_explicit_clause,no_duration,,,12,12
B,industry_domain,needs_review,mixed,unconditional_explicit_clause,stated_unspecified,2.0,,1,1
B,industry_domain,needs_review,preferred,document_multiline_alternative_unresolved,no_duration,,,1,1
B,industry_domain,needs_review,preferred,education_alternative,no_duration,,,6,6
B,industry_domain,needs_review,preferred,education_alternative,stated_unspecified,1.0,,1,1
B,industry_domain,needs_review,preferred,other_conditional,no_duration,,,1,1
B,industry_domain,needs_review,preferred,unconditional_explicit_clause,no_duration,,,7,7
B,industry_domain,needs_review,required,document_multiline_alternative_unresolved,minimum,1.0,,1,1
B,industry_domain,needs_review,required,document_multiline_alternative_unresolved,minimum,3.0,,1,1
B,industry_domain,needs_review,required,document_multiline_alternative_unresolved,minimum,4.0,,1,1
B,industry_domain,needs_review,required,document_multiline_alternative_unresolved,minimum,8.0,,1,1
B,industry_domain,needs_review,required,education_alternative,minimum,2.0,,1,1
B,industry_domain,needs_review,required,education_alternative,no_duration,,,8,8
B,industry_domain,needs_review,required,education_alternative,stated_unspecified,5.0,,1,1
B,industry_domain,needs_review,required,unconditional_explicit_clause,no_duration,,,14,14
B,industry_domain,needs_review,unspecified,education_alternative,minimum,10.0,,1,1
B,industry_domain,needs_review,unspecified,education_alternative,minimum,5.0,,1,1
B,industry_domain,needs_review,unspecified,education_alternative,no_duration,,,2,2
B,industry_domain,needs_review,unspecified,education_alternative,range,5.0,7.0,1,1
B,industry_domain,needs_review,unspecified,other_conditional,no_duration,,,2,2
B,industry_domain,needs_review,unspecified,unconditional_explicit_clause,no_duration,,,49,50
B,occupation_task,explicit_rule_candidate,preferred,unconditional_explicit_clause,minimum,1.0,,27,29
B,occupation_task,explicit_rule_candidate,preferred,unconditional_explicit_clause,minimum,10.0,,5,5
B,occupation_task,explicit_rule_candidate,preferred,unconditional_explicit_clause,minimum,2.0,,40,40
B,occupation_task,explicit_rule_candidate,preferred,unconditional_explicit_clause,minimum,3.0,,25,27
B,occupation_task,explicit_rule_candidate,preferred,unconditional_explicit_clause,minimum,4.0,,21,21
B,occupation_task,explicit_rule_candidate,preferred,unconditional_explicit_clause,minimum,5.0,,21,23
B,occupation_task,explicit_rule_candidate,preferred,unconditional_explicit_clause,minimum,6.0,,8,8
B,occupation_task,explicit_rule_candidate,preferred,unconditional_explicit_clause,minimum,7.0,,2,2
B,occupation_task,explicit_rule_candidate,preferred,unconditional_explicit_clause,minimum,8.0,,8,9
B,occupation_task,explicit_rule_candidate,preferred,unconditional_explicit_clause,no_duration,,,797,1170
B,occupation_task,explicit_rule_candidate,preferred,unconditional_explicit_clause,range,0.0,2.0,2,3
B,occupation_task,explicit_rule_candidate,preferred,unconditional_explicit_clause,range,0.08333333333333333,0.25,1,1
B,occupation_task,explicit_rule_candidate,preferred,unconditional_explicit_clause,range,1.0,2.0,2,2
B,occupation_task,explicit_rule_candidate,preferred,unconditional_explicit_clause,range,1.0,3.0,3,3
B,occupation_task,explicit_rule_candidate,preferred,unconditional_explicit_clause,range,1.0,4.0,1,1
B,occupation_task,explicit_rule_candidate,preferred,unconditional_explicit_clause,range,1.0,5.0,1,1
B,occupation_task,explicit_rule_candidate,preferred,unconditional_explicit_clause,range,2.0,3.0,2,2
B,occupation_task,explicit_rule_candidate,preferred,unconditional_explicit_clause,range,2.0,5.0,1,1
B,occupation_task,explicit_rule_candidate,preferred,unconditional_explicit_clause,range,3.0,10.0,1,1
B,occupation_task,explicit_rule_candidate,preferred,unconditional_explicit_clause,range,3.0,5.0,4,4
B,occupation_task,explicit_rule_candidate,preferred,unconditional_explicit_clause,range,3.0,6.0,1,1
B,occupation_task,explicit_rule_candidate,preferred,unconditional_explicit_clause,range,3.0,7.0,2,2
B,occupation_task,explicit_rule_candidate,preferred,unconditional_explicit_clause,range,4.0,5.0,1,1
B,occupation_task,explicit_rule_candidate,preferred,unconditional_explicit_clause,range,5.0,10.0,6,6
B,occupation_task,explicit_rule_candidate,preferred,unconditional_explicit_clause,range,5.0,8.0,3,3
B,occupation_task,explicit_rule_candidate,preferred,unconditional_explicit_clause,range,6.0,10.0,1,1
B,occupation_task,explicit_rule_candidate,preferred,unconditional_explicit_clause,stated_unspecified,0.5,,1,1
B,occupation_task,explicit_rule_candidate,preferred,unconditional_explicit_clause,stated_unspecified,1.0,,4,4
B,occupation_task,explicit_rule_candidate,preferred,unconditional_explicit_clause,stated_unspecified,10.0,,3,3
B,occupation_task,explicit_rule_candidate,preferred,unconditional_explicit_clause,stated_unspecified,2.0,,9,9
B,occupation_task,explicit_rule_candidate,preferred,unconditional_explicit_clause,stated_unspecified,3.0,,20,23
B,occupation_task,explicit_rule_candidate,preferred,unconditional_explicit_clause,stated_unspecified,4.0,,2,2
B,occupation_task,explicit_rule_candidate,preferred,unconditional_explicit_clause,stated_unspecified,5.0,,10,10
B,occupation_task,explicit_rule_candidate,preferred,unconditional_explicit_clause,stated_unspecified,6.0,,2,2
B,occupation_task,explicit_rule_candidate,preferred,unconditional_explicit_clause,stated_unspecified,7.0,,2,2
B,occupation_task,explicit_rule_candidate,required,unconditional_explicit_clause,maximum,,2.0,1,1
B,occupation_task,explicit_rule_candidate,required,unconditional_explicit_clause,maximum,,4.0,1,1
B,occupation_task,explicit_rule_candidate,required,unconditional_explicit_clause,minimum,0.25,,1,1
B,occupation_task,explicit_rule_candidate,required,unconditional_explicit_clause,minimum,0.5,,3,3
B,occupation_task,explicit_rule_candidate,required,unconditional_explicit_clause,minimum,1.0,,58,63
B,occupation_task,explicit_rule_candidate,required,unconditional_explicit_clause,minimum,10.0,,32,32
B,occupation_task,explicit_rule_candidate,required,unconditional_explicit_clause,minimum,11.0,,1,1
B,occupation_task,explicit_rule_candidate,required,unconditional_explicit_clause,minimum,12.0,,4,4
B,occupation_task,explicit_rule_candidate,required,unconditional_explicit_clause,minimum,14.0,,1,1
B,occupation_task,explicit_rule_candidate,required,unconditional_explicit_clause,minimum,15.0,,6,6
B,occupation_task,explicit_rule_candidate,required,unconditional_explicit_clause,minimum,2.0,,75,76
B,occupation_task,explicit_rule_candidate,required,unconditional_explicit_clause,minimum,20.0,,2,2
B,occupation_task,explicit_rule_candidate,required,unconditional_explicit_clause,minimum,3.0,,103,109
B,occupation_task,explicit_rule_candidate,required,unconditional_explicit_clause,minimum,4.0,,57,63
B,occupation_task,explicit_rule_candidate,required,unconditional_explicit_clause,minimum,5.0,,133,142
B,occupation_task,explicit_rule_candidate,required,unconditional_explicit_clause,minimum,6.0,,25,27
B,occupation_task,explicit_rule_candidate,required,unconditional_explicit_clause,minimum,7.0,,51,51
B,occupation_task,explicit_rule_candidate,required,unconditional_explicit_clause,minimum,78.0,,1,1
B,occupation_task,explicit_rule_candidate,required,unconditional_explicit_clause,minimum,8.0,,29,29
B,occupation_task,explicit_rule_candidate,required,unconditional_explicit_clause,minimum,9.0,,3,3
B,occupation_task,explicit_rule_candidate,required,unconditional_explicit_clause,no_duration,,,703,1041
B,occupation_task,explicit_rule_candidate,required,unconditional_explicit_clause,range,0.0,1.0,1,1
B,occupation_task,explicit_rule_candidate,required,unconditional_explicit_clause,range,0.0,3.0,2,2
B,occupation_task,explicit_rule_candidate,required,unconditional_explicit_clause,range,1.0,2.0,10,10
B,occupation_task,explicit_rule_candidate,required,unconditional_explicit_clause,range,1.0,3.0,4,4
B,occupation_task,explicit_rule_candidate,required,unconditional_explicit_clause,range,1.0,8.0,1,1
B,occupation_task,explicit_rule_candidate,required,unconditional_explicit_clause,range,10.0,12.0,1,1
B,occupation_task,explicit_rule_candidate,required,unconditional_explicit_clause,range,2.0,3.0,7,7
B,occupation_task,explicit_rule_candidate,required,unconditional_explicit_clause,range,2.0,4.0,6,6
B,occupation_task,explicit_rule_candidate,required,unconditional_explicit_clause,range,2.0,5.0,4,4
B,occupation_task,explicit_rule_candidate,required,unconditional_explicit_clause,range,3.0,10.0,1,1
B,occupation_task,explicit_rule_candidate,required,unconditional_explicit_clause,range,3.0,4.0,2,2
B,occupation_task,explicit_rule_candidate,required,unconditional_explicit_clause,range,3.0,5.0,12,12
B,occupation_task,explicit_rule_candidate,required,unconditional_explicit_clause,range,4.0,5.0,2,2
B,occupation_task,explicit_rule_candidate,required,unconditional_explicit_clause,range,4.0,6.0,4,4
B,occupation_task,explicit_rule_candidate,required,unconditional_explicit_clause,range,4.0,7.0,1,1
B,occupation_task,explicit_rule_candidate,required,unconditional_explicit_clause,range,4.0,8.0,1,1
B,occupation_task,explicit_rule_candidate,required,unconditional_explicit_clause,range,5.0,10.0,1,1
B,occupation_task,explicit_rule_candidate,required,unconditional_explicit_clause,range,5.0,6.0,3,3
B,occupation_task,explicit_rule_candidate,required,unconditional_explicit_clause,range,5.0,7.0,9,9
B,occupation_task,explicit_rule_candidate,required,unconditional_explicit_clause,range,5.0,8.0,3,3
B,occupation_task,explicit_rule_candidate,required,unconditional_explicit_clause,range,6.0,10.0,1,1
B,occupation_task,explicit_rule_candidate,required,unconditional_explicit_clause,range,6.0,8.0,6,6
B,occupation_task,explicit_rule_candidate,required,unconditional_explicit_clause,range,7.0,8.0,1,1
B,occupation_task,explicit_rule_candidate,required,unconditional_explicit_clause,range,8.0,10.0,3,3
B,occupation_task,explicit_rule_candidate,required,unconditional_explicit_clause,stated_unspecified,0.5,,1,1
B,occupation_task,explicit_rule_candidate,required,unconditional_explicit_clause,stated_unspecified,1.0,,33,37
B,occupation_task,explicit_rule_candidate,required,unconditional_explicit_clause,stated_unspecified,10.0,,11,11
B,occupation_task,explicit_rule_candidate,required,unconditional_explicit_clause,stated_unspecified,11.0,,1,1
B,occupation_task,explicit_rule_candidate,required,unconditional_explicit_clause,stated_unspecified,12.0,,2,2
B,occupation_task,explicit_rule_candidate,required,unconditional_explicit_clause,stated_unspecified,13.0,,1,1
B,occupation_task,explicit_rule_candidate,required,unconditional_explicit_clause,stated_unspecified,15.0,,2,2
B,occupation_task,explicit_rule_candidate,required,unconditional_explicit_clause,stated_unspecified,2.0,,34,37
B,occupation_task,explicit_rule_candidate,required,unconditional_explicit_clause,stated_unspecified,20.0,,1,1
B,occupation_task,explicit_rule_candidate,required,unconditional_explicit_clause,stated_unspecified,3.0,,29,29
B,occupation_task,explicit_rule_candidate,required,unconditional_explicit_clause,stated_unspecified,4.0,,13,14
B,occupation_task,explicit_rule_candidate,required,unconditional_explicit_clause,stated_unspecified,5.0,,23,24
B,occupation_task,explicit_rule_candidate,required,unconditional_explicit_clause,stated_unspecified,6.0,,16,16
B,occupation_task,explicit_rule_candidate,required,unconditional_explicit_clause,stated_unspecified,7.0,,10,10
B,occupation_task,explicit_rule_candidate,required,unconditional_explicit_clause,stated_unspecified,8.0,,3,3
B,occupation_task,explicit_rule_candidate,required,unconditional_explicit_clause,stated_unspecified,9.0,,3,4
B,occupation_task,explicit_rule_candidate,unspecified,unconditional_explicit_clause,maximum,,1.0,1,1
B,occupation_task,explicit_rule_candidate,unspecified,unconditional_explicit_clause,minimum,0.5,,2,2
B,occupation_task,explicit_rule_candidate,unspecified,unconditional_explicit_clause,minimum,1.0,,20,20
B,occupation_task,explicit_rule_candidate,unspecified,unconditional_explicit_clause,minimum,10.0,,32,34
B,occupation_task,explicit_rule_candidate,unspecified,unconditional_explicit_clause,minimum,12.0,,9,12
B,occupation_task,explicit_rule_candidate,unspecified,unconditional_explicit_clause,minimum,15.0,,3,3
B,occupation_task,explicit_rule_candidate,unspecified,unconditional_explicit_clause,minimum,2.0,,58,58
B,occupation_task,explicit_rule_candidate,unspecified,unconditional_explicit_clause,minimum,2.5,,1,1
B,occupation_task,explicit_rule_candidate,unspecified,unconditional_explicit_clause,minimum,20.0,,1,2
B,occupation_task,explicit_rule_candidate,unspecified,unconditional_explicit_clause,minimum,3.0,,68,70
B,occupation_task,explicit_rule_candidate,unspecified,unconditional_explicit_clause,minimum,4.0,,22,22
B,occupation_task,explicit_rule_candidate,unspecified,unconditional_explicit_clause,minimum,5.0,,88,92
B,occupation_task,explicit_rule_candidate,unspecified,unconditional_explicit_clause,minimum,58.0,,1,1
B,occupation_task,explicit_rule_candidate,unspecified,unconditional_explicit_clause,minimum,6.0,,19,20
B,occupation_task,explicit_rule_candidate,unspecified,unconditional_explicit_clause,minimum,7.0,,21,22
B,occupation_task,explicit_rule_candidate,unspecified,unconditional_explicit_clause,minimum,8.0,,22,22
B,occupation_task,explicit_rule_candidate,unspecified,unconditional_explicit_clause,minimum,85.0,,2,2
B,occupation_task,explicit_rule_candidate,unspecified,unconditional_explicit_clause,no_duration,,,840,1220
B,occupation_task,explicit_rule_candidate,unspecified,unconditional_explicit_clause,range,0.0,2.0,1,1
B,occupation_task,explicit_rule_candidate,unspecified,unconditional_explicit_clause,range,0.0,4.0,1,1
B,occupation_task,explicit_rule_candidate,unspecified,unconditional_explicit_clause,range,1.0,2.0,13,13
B,occupation_task,explicit_rule_candidate,unspecified,unconditional_explicit_clause,range,1.0,3.0,6,6
B,occupation_task,explicit_rule_candidate,unspecified,unconditional_explicit_clause,range,1.0,4.0,1,1
B,occupation_task,explicit_rule_candidate,unspecified,unconditional_explicit_clause,range,1.0,5.0,1,1
B,occupation_task,explicit_rule_candidate,unspecified,unconditional_explicit_clause,range,15.0,20.0,2,2
B,occupation_task,explicit_rule_candidate,unspecified,unconditional_explicit_clause,range,2.0,3.0,2,2
B,occupation_task,explicit_rule_candidate,unspecified,unconditional_explicit_clause,range,2.0,4.0,11,11
B,occupation_task,explicit_rule_candidate,unspecified,unconditional_explicit_clause,range,2.0,5.0,6,6
B,occupation_task,explicit_rule_candidate,unspecified,unconditional_explicit_clause,range,2.0,7.0,1,1
B,occupation_task,explicit_rule_candidate,unspecified,unconditional_explicit_clause,range,3.0,10.0,2,2
B,occupation_task,explicit_rule_candidate,unspecified,unconditional_explicit_clause,range,3.0,4.0,2,2
B,occupation_task,explicit_rule_candidate,unspecified,unconditional_explicit_clause,range,3.0,5.0,13,13
B,occupation_task,explicit_rule_candidate,unspecified,unconditional_explicit_clause,range,3.0,6.0,2,2
B,occupation_task,explicit_rule_candidate,unspecified,unconditional_explicit_clause,range,4.0,6.0,2,2
B,occupation_task,explicit_rule_candidate,unspecified,unconditional_explicit_clause,range,4.0,7.0,2,2
B,occupation_task,explicit_rule_candidate,unspecified,unconditional_explicit_clause,range,4.0,8.0,1,1
B,occupation_task,explicit_rule_candidate,unspecified,unconditional_explicit_clause,range,5.0,10.0,1,1
B,occupation_task,explicit_rule_candidate,unspecified,unconditional_explicit_clause,range,5.0,7.0,11,11
B,occupation_task,explicit_rule_candidate,unspecified,unconditional_explicit_clause,range,5.0,8.0,4,4
B,occupation_task,explicit_rule_candidate,unspecified,unconditional_explicit_clause,range,6.0,10.0,1,1
B,occupation_task,explicit_rule_candidate,unspecified,unconditional_explicit_clause,range,6.0,8.0,1,1
B,occupation_task,explicit_rule_candidate,unspecified,unconditional_explicit_clause,range,7.0,10.0,2,2
B,occupation_task,explicit_rule_candidate,unspecified,unconditional_explicit_clause,range,7.0,15.0,2,2
B,occupation_task,explicit_rule_candidate,unspecified,unconditional_explicit_clause,range,7.0,9.0,1,1
B,occupation_task,explicit_rule_candidate,unspecified,unconditional_explicit_clause,range,8.0,10.0,3,3
B,occupation_task,explicit_rule_candidate,unspecified,unconditional_explicit_clause,range,8.0,11.0,1,1
B,occupation_task,explicit_rule_candidate,unspecified,unconditional_explicit_clause,stated_unspecified,0.0,,1,1
B,occupation_task,explicit_rule_candidate,unspecified,unconditional_explicit_clause,stated_unspecified,1.0,,14,15
B,occupation_task,explicit_rule_candidate,unspecified,unconditional_explicit_clause,stated_unspecified,10.0,,8,8
B,occupation_task,explicit_rule_candidate,unspecified,unconditional_explicit_clause,stated_unspecified,12.0,,3,4
B,occupation_task,explicit_rule_candidate,unspecified,unconditional_explicit_clause,stated_unspecified,16.0,,1,1
B,occupation_task,explicit_rule_candidate,unspecified,unconditional_explicit_clause,stated_unspecified,2.0,,21,24
B,occupation_task,explicit_rule_candidate,unspecified,unconditional_explicit_clause,stated_unspecified,3.0,,11,11
B,occupation_task,explicit_rule_candidate,unspecified,unconditional_explicit_clause,stated_unspecified,4.0,,6,6
B,occupation_task,explicit_rule_candidate,unspecified,unconditional_explicit_clause,stated_unspecified,5.0,,25,25
B,occupation_task,explicit_rule_candidate,unspecified,unconditional_explicit_clause,stated_unspecified,6.0,,6,7
B,occupation_task,explicit_rule_candidate,unspecified,unconditional_explicit_clause,stated_unspecified,7.0,,4,4
B,occupation_task,needs_review,mixed,document_multiline_alternative_unresolved,no_duration,,,1,2
B,occupation_task,needs_review,mixed,document_multiline_alternative_unresolved,stated_unspecified,8.0,,1,1
B,occupation_task,needs_review,mixed,education_alternative,minimum,1.0,,1,1
B,occupation_task,needs_review,mixed,education_alternative,minimum,2.0,,1,2
B,occupation_task,needs_review,mixed,education_alternative,minimum,5.0,,1,1
B,occupation_task,needs_review,mixed,education_alternative,no_duration,,,13,13
B,occupation_task,needs_review,mixed,other_conditional,minimum,2.0,,1,1
B,occupation_task,needs_review,mixed,unconditional_explicit_clause,minimum,1.0,,2,2
B,occupation_task,needs_review,mixed,unconditional_explicit_clause,minimum,2.0,,1,1
B,occupation_task,needs_review,mixed,unconditional_explicit_clause,minimum,3.0,,1,1
B,occupation_task,needs_review,mixed,unconditional_explicit_clause,minimum,5.0,,1,1
B,occupation_task,needs_review,mixed,unconditional_explicit_clause,minimum,8.0,,1,1
B,occupation_task,needs_review,mixed,unconditional_explicit_clause,no_duration,,,21,21
B,occupation_task,needs_review,mixed,unconditional_explicit_clause,range,1.0,5.0,2,2
B,occupation_task,needs_review,mixed,unconditional_explicit_clause,stated_unspecified,2.0,,5,5
B,occupation_task,needs_review,mixed,unconditional_explicit_clause,stated_unspecified,4.0,,1,1
B,occupation_task,needs_review,mixed,unconditional_explicit_clause,stated_unspecified,5.0,,1,1
B,occupation_task,needs_review,preferred,document_multiline_alternative_unresolved,minimum,2.0,,1,1
B,occupation_task,needs_review,preferred,document_multiline_alternative_unresolved,minimum,4.0,,1,1
B,occupation_task,needs_review,preferred,document_multiline_alternative_unresolved,no_duration,,,3,6
B,occupation_task,needs_review,preferred,document_multiline_alternative_unresolved,stated_unspecified,3.0,,1,1
B,occupation_task,needs_review,preferred,education_alternative,maximum,,3.0,1,1
B,occupation_task,needs_review,preferred,education_alternative,minimum,10.0,,1,1
B,occupation_task,needs_review,preferred,education_alternative,minimum,15.0,,1,1
B,occupation_task,needs_review,preferred,education_alternative,minimum,2.0,,2,2
B,occupation_task,needs_review,preferred,education_alternative,minimum,3.0,,1,1
B,occupation_task,needs_review,preferred,education_alternative,minimum,5.0,,2,2
B,occupation_task,needs_review,preferred,education_alternative,minimum,7.0,,2,2
B,occupation_task,needs_review,preferred,education_alternative,no_duration,,,79,81
B,occupation_task,needs_review,preferred,education_alternative,stated_unspecified,2.0,,2,2
B,occupation_task,needs_review,preferred,education_alternative,stated_unspecified,3.0,,1,1
B,occupation_task,needs_review,preferred,education_alternative,stated_unspecified,4.0,,1,1
B,occupation_task,needs_review,preferred,other_conditional,no_duration,,,98,98
B,occupation_task,needs_review,preferred,unconditional_explicit_clause,minimum,1.0,,1,1
B,occupation_task,needs_review,preferred,unconditional_explicit_clause,no_duration,,,104,105
B,occupation_task,needs_review,required,document_multiline_alternative_unresolved,no_duration,,,5,11
B,occupation_task,needs_review,required,document_multiline_alternative_unresolved,stated_unspecified,1.0,,2,6
B,occupation_task,needs_review,required,document_multiline_alternative_unresolved,stated_unspecified,2.0,,2,3
B,occupation_task,needs_review,required,document_multiline_alternative_unresolved,stated_unspecified,4.0,,2,3
B,occupation_task,needs_review,required,document_multiline_alternative_unresolved,stated_unspecified,6.0,,2,3
B,occupation_task,needs_review,required,education_alternative,maximum,,2.0,1,2
B,occupation_task,needs_review,required,education_alternative,minimum,0.0,,2,3
B,occupation_task,needs_review,required,education_alternative,minimum,1.0,,7,7
B,occupation_task,needs_review,required,education_alternative,minimum,10.0,,1,1
B,occupation_task,needs_review,required,education_alternative,minimum,12.0,,3,3
B,occupation_task,needs_review,required,education_alternative,minimum,15.0,,1,1
B,occupation_task,needs_review,required,education_alternative,minimum,2.0,,8,8
B,occupation_task,needs_review,required,education_alternative,minimum,3.0,,6,7
B,occupation_task,needs_review,required,education_alternative,minimum,4.0,,6,6
B,occupation_task,needs_review,required,education_alternative,minimum,5.0,,12,12
B,occupation_task,needs_review,required,education_alternative,minimum,6.0,,1,1
B,occupation_task,needs_review,required,education_alternative,minimum,7.0,,5,5
B,occupation_task,needs_review,required,education_alternative,minimum,8.0,,2,2
B,occupation_task,needs_review,required,education_alternative,minimum,9.0,,1,1
B,occupation_task,needs_review,required,education_alternative,no_duration,,,320,349
B,occupation_task,needs_review,required,education_alternative,range,0.0,2.0,2,2
B,occupation_task,needs_review,required,education_alternative,range,1.0,4.0,1,1
B,occupation_task,needs_review,required,education_alternative,range,2.0,4.0,1,1
B,occupation_task,needs_review,required,education_alternative,range,2.0,6.0,1,1
B,occupation_task,needs_review,required,education_alternative,range,3.0,5.0,2,2
B,occupation_task,needs_review,required,education_alternative,range,4.0,6.0,1,1
B,occupation_task,needs_review,required,education_alternative,range,4.0,8.0,1,1
B,occupation_task,needs_review,required,education_alternative,range,5.0,7.0,1,1
B,occupation_task,needs_review,required,education_alternative,range,6.0,8.0,1,1
B,occupation_task,needs_review,required,education_alternative,range,8.0,12.0,1,1
B,occupation_task,needs_review,required,education_alternative,stated_unspecified,0.5,,1,1
B,occupation_task,needs_review,required,education_alternative,stated_unspecified,1.0,,11,12
B,occupation_task,needs_review,required,education_alternative,stated_unspecified,10.0,,3,3
B,occupation_task,needs_review,required,education_alternative,stated_unspecified,11.0,,1,1
B,occupation_task,needs_review,required,education_alternative,stated_unspecified,12.0,,2,2
B,occupation_task,needs_review,required,education_alternative,stated_unspecified,13.0,,1,1
B,occupation_task,needs_review,required,education_alternative,stated_unspecified,2.0,,24,27
B,occupation_task,needs_review,required,education_alternative,stated_unspecified,3.0,,11,12
B,occupation_task,needs_review,required,education_alternative,stated_unspecified,4.0,,11,12
B,occupation_task,needs_review,required,education_alternative,stated_unspecified,5.0,,15,16
B,occupation_task,needs_review,required,education_alternative,stated_unspecified,6.0,,6,6
B,occupation_task,needs_review,required,education_alternative,stated_unspecified,7.0,,3,3
B,occupation_task,needs_review,required,education_alternative,stated_unspecified,8.0,,4,4
B,occupation_task,needs_review,required,education_alternative,stated_unspecified,9.0,,1,1
B,occupation_task,needs_review,required,other_conditional,no_duration,,,24,24
B,occupation_task,needs_review,required,unconditional_explicit_clause,minimum,5.0,,1,1
B,occupation_task,needs_review,required,unconditional_explicit_clause,no_duration,,,230,241
B,occupation_task,needs_review,unspecified,document_multiline_alternative_unresolved,no_duration,,,2,5
B,occupation_task,needs_review,unspecified,document_multiline_alternative_unresolved,range,0.0,3.0,1,1
B,occupation_task,needs_review,unspecified,document_multiline_alternative_unresolved,range,2.0,5.0,1,1
B,occupation_task,needs_review,unspecified,document_multiline_alternative_unresolved,stated_unspecified,2.0,,1,1
B,occupation_task,needs_review,unspecified,document_multiline_alternative_unresolved,stated_unspecified,3.0,,1,1
B,occupation_task,needs_review,unspecified,document_multiline_alternative_unresolved,stated_unspecified,4.0,,3,3
B,occupation_task,needs_review,unspecified,document_multiline_alternative_unresolved,stated_unspecified,8.0,,1,1
B,occupation_task,needs_review,unspecified,education_alternative,minimum,1.0,,3,3
B,occupation_task,needs_review,unspecified,education_alternative,minimum,10.0,,3,3
B,occupation_task,needs_review,unspecified,education_alternative,minimum,2.0,,2,2
B,occupation_task,needs_review,unspecified,education_alternative,minimum,3.0,,4,4
B,occupation_task,needs_review,unspecified,education_alternative,minimum,4.0,,5,5
B,occupation_task,needs_review,unspecified,education_alternative,minimum,5.0,,5,5
B,occupation_task,needs_review,unspecified,education_alternative,minimum,6.0,,3,3
B,occupation_task,needs_review,unspecified,education_alternative,minimum,7.0,,1,1
B,occupation_task,needs_review,unspecified,education_alternative,minimum,8.0,,3,3
B,occupation_task,needs_review,unspecified,education_alternative,no_duration,,,166,172
B,occupation_task,needs_review,unspecified,education_alternative,range,0.0,2.0,1,1
B,occupation_task,needs_review,unspecified,education_alternative,range,1.0,2.0,6,6
B,occupation_task,needs_review,unspecified,education_alternative,range,11.0,13.0,1,1
B,occupation_task,needs_review,unspecified,education_alternative,range,2.0,4.0,2,2
B,occupation_task,needs_review,unspecified,education_alternative,range,2.0,5.0,1,1
B,occupation_task,needs_review,unspecified,education_alternative,range,3.0,5.0,2,2
B,occupation_task,needs_review,unspecified,education_alternative,range,6.0,9.0,1,1
B,occupation_task,needs_review,unspecified,education_alternative,range,7.0,10.0,1,1
B,occupation_task,needs_review,unspecified,education_alternative,stated_unspecified,0.0,,3,3
B,occupation_task,needs_review,unspecified,education_alternative,stated_unspecified,1.0,,3,3
B,occupation_task,needs_review,unspecified,education_alternative,stated_unspecified,10.0,,2,2
B,occupation_task,needs_review,unspecified,education_alternative,stated_unspecified,16.0,,1,2
B,occupation_task,needs_review,unspecified,education_alternative,stated_unspecified,2.0,,3,3
B,occupation_task,needs_review,unspecified,education_alternative,stated_unspecified,3.0,,3,3
B,occupation_task,needs_review,unspecified,education_alternative,stated_unspecified,4.0,,5,5
B,occupation_task,needs_review,unspecified,education_alternative,stated_unspecified,5.0,,9,9
B,occupation_task,needs_review,unspecified,education_alternative,stated_unspecified,6.0,,3,3
B,occupation_task,needs_review,unspecified,education_alternative,stated_unspecified,7.0,,2,2
B,occupation_task,needs_review,unspecified,education_alternative,stated_unspecified,8.0,,1,1
B,occupation_task,needs_review,unspecified,education_alternative,stated_unspecified,9.0,,2,2
B,occupation_task,needs_review,unspecified,other_conditional,no_duration,,,34,34
B,occupation_task,needs_review,unspecified,other_conditional,range,4.0,6.0,1,1
B,occupation_task,needs_review,unspecified,unconditional_explicit_clause,minimum,10.0,,1,1
B,occupation_task,needs_review,unspecified,unconditional_explicit_clause,minimum,7.0,,1,1
B,occupation_task,needs_review,unspecified,unconditional_explicit_clause,no_duration,,,384,456
B,occupation_task,needs_review,unspecified,unconditional_explicit_clause,stated_unspecified,5.0,,1,1
B,occupation_task,needs_review,unspecified,unconditional_explicit_clause,stated_unspecified,6.0,,1,1
B,tool,explicit_rule_candidate,preferred,unconditional_explicit_clause,minimum,1.0,,3,4
B,tool,explicit_rule_candidate,preferred,unconditional_explicit_clause,minimum,10.0,,1,2
B,tool,explicit_rule_candidate,preferred,unconditional_explicit_clause,minimum,2.0,,10,12
B,tool,explicit_rule_candidate,preferred,unconditional_explicit_clause,minimum,3.0,,4,4
B,tool,explicit_rule_candidate,preferred,unconditional_explicit_clause,minimum,4.0,,3,3
B,tool,explicit_rule_candidate,preferred,unconditional_explicit_clause,minimum,5.0,,9,9
B,tool,explicit_rule_candidate,preferred,unconditional_explicit_clause,no_duration,,,524,596
B,tool,explicit_rule_candidate,preferred,unconditional_explicit_clause,range,4.0,5.0,1,1
B,tool,explicit_rule_candidate,preferred,unconditional_explicit_clause,stated_unspecified,0.5,,1,1
B,tool,explicit_rule_candidate,preferred,unconditional_explicit_clause,stated_unspecified,1.0,,1,2
B,tool,explicit_rule_candidate,preferred,unconditional_explicit_clause,stated_unspecified,10.0,,1,1
B,tool,explicit_rule_candidate,preferred,unconditional_explicit_clause,stated_unspecified,2.0,,3,4
B,tool,explicit_rule_candidate,required,unconditional_explicit_clause,minimum,0.25,,1,1
B,tool,explicit_rule_candidate,required,unconditional_explicit_clause,minimum,0.5,,1,1
B,tool,explicit_rule_candidate,required,unconditional_explicit_clause,minimum,1.0,,29,31
B,tool,explicit_rule_candidate,required,unconditional_explicit_clause,minimum,10.0,,8,8
B,tool,explicit_rule_candidate,required,unconditional_explicit_clause,minimum,11.0,,1,1
B,tool,explicit_rule_candidate,required,unconditional_explicit_clause,minimum,12.0,,1,1
B,tool,explicit_rule_candidate,required,unconditional_explicit_clause,minimum,15.0,,1,1
B,tool,explicit_rule_candidate,required,unconditional_explicit_clause,minimum,2.0,,33,37
B,tool,explicit_rule_candidate,required,unconditional_explicit_clause,minimum,3.0,,48,55
B,tool,explicit_rule_candidate,required,unconditional_explicit_clause,minimum,4.0,,21,25
B,tool,explicit_rule_candidate,required,unconditional_explicit_clause,minimum,5.0,,40,42
B,tool,explicit_rule_candidate,required,unconditional_explicit_clause,minimum,6.0,,11,12
B,tool,explicit_rule_candidate,required,unconditional_explicit_clause,minimum,7.0,,7,8
B,tool,explicit_rule_candidate,required,unconditional_explicit_clause,minimum,8.0,,5,5
B,tool,explicit_rule_candidate,required,unconditional_explicit_clause,no_duration,,,540,651
B,tool,explicit_rule_candidate,required,unconditional_explicit_clause,range,0.0,1.0,1,1
B,tool,explicit_rule_candidate,required,unconditional_explicit_clause,range,1.0,2.0,1,1
B,tool,explicit_rule_candidate,required,unconditional_explicit_clause,range,1.0,3.0,6,6
B,tool,explicit_rule_candidate,required,unconditional_explicit_clause,range,12.0,15.0,1,1
B,tool,explicit_rule_candidate,required,unconditional_explicit_clause,range,2.0,5.0,1,1
B,tool,explicit_rule_candidate,required,unconditional_explicit_clause,range,3.0,4.0,1,1
B,tool,explicit_rule_candidate,required,unconditional_explicit_clause,range,3.0,5.0,2,2
B,tool,explicit_rule_candidate,required,unconditional_explicit_clause,range,5.0,7.0,2,2
B,tool,explicit_rule_candidate,required,unconditional_explicit_clause,range,8.0,10.0,2,2
B,tool,explicit_rule_candidate,required,unconditional_explicit_clause,stated_unspecified,1.0,,6,6
B,tool,explicit_rule_candidate,required,unconditional_explicit_clause,stated_unspecified,2.0,,5,8
B,tool,explicit_rule_candidate,required,unconditional_explicit_clause,stated_unspecified,3.0,,6,8
B,tool,explicit_rule_candidate,required,unconditional_explicit_clause,stated_unspecified,4.0,,1,1
B,tool,explicit_rule_candidate,required,unconditional_explicit_clause,stated_unspecified,5.0,,4,4
B,tool,explicit_rule_candidate,required,unconditional_explicit_clause,stated_unspecified,7.0,,1,1
B,tool,explicit_rule_candidate,required,unconditional_explicit_clause,stated_unspecified,8.0,,2,2
B,tool,explicit_rule_candidate,unspecified,unconditional_explicit_clause,minimum,1.0,,9,9
B,tool,explicit_rule_candidate,unspecified,unconditional_explicit_clause,minimum,10.0,,2,2
B,tool,explicit_rule_candidate,unspecified,unconditional_explicit_clause,minimum,2.0,,17,17
B,tool,explicit_rule_candidate,unspecified,unconditional_explicit_clause,minimum,3.0,,19,20
B,tool,explicit_rule_candidate,unspecified,unconditional_explicit_clause,minimum,4.0,,7,7
B,tool,explicit_rule_candidate,unspecified,unconditional_explicit_clause,minimum,5.0,,15,15
B,tool,explicit_rule_candidate,unspecified,unconditional_explicit_clause,minimum,6.0,,6,6
B,tool,explicit_rule_candidate,unspecified,unconditional_explicit_clause,minimum,7.0,,5,5
B,tool,explicit_rule_candidate,unspecified,unconditional_explicit_clause,minimum,8.0,,5,5
B,tool,explicit_rule_candidate,unspecified,unconditional_explicit_clause,no_duration,,,384,463
B,tool,explicit_rule_candidate,unspecified,unconditional_explicit_clause,range,0.0,2.0,1,1
B,tool,explicit_rule_candidate,unspecified,unconditional_explicit_clause,range,11.0,13.0,1,1
B,tool,explicit_rule_candidate,unspecified,unconditional_explicit_clause,range,2.0,4.0,1,1
B,tool,explicit_rule_candidate,unspecified,unconditional_explicit_clause,range,3.0,5.0,1,1
B,tool,explicit_rule_candidate,unspecified,unconditional_explicit_clause,range,3.0,6.0,1,1
B,tool,explicit_rule_candidate,unspecified,unconditional_explicit_clause,range,4.0,7.0,1,1
B,tool,explicit_rule_candidate,unspecified,unconditional_explicit_clause,range,4.0,8.0,1,1
B,tool,explicit_rule_candidate,unspecified,unconditional_explicit_clause,range,5.0,7.0,1,1
B,tool,explicit_rule_candidate,unspecified,unconditional_explicit_clause,stated_unspecified,1.0,,2,2
B,tool,explicit_rule_candidate,unspecified,unconditional_explicit_clause,stated_unspecified,12.0,,1,2
B,tool,explicit_rule_candidate,unspecified,unconditional_explicit_clause,stated_unspecified,2.0,,3,3
B,tool,explicit_rule_candidate,unspecified,unconditional_explicit_clause,stated_unspecified,3.0,,4,4
B,tool,explicit_rule_candidate,unspecified,unconditional_explicit_clause,stated_unspecified,5.0,,1,1
B,tool,explicit_rule_candidate,unspecified,unconditional_explicit_clause,stated_unspecified,6.0,,1,1
B,tool,explicit_rule_candidate,unspecified,unconditional_explicit_clause,stated_unspecified,8.0,,1,2
B,tool,needs_review,mixed,unconditional_explicit_clause,minimum,1.0,,1,1
B,tool,needs_review,mixed,unconditional_explicit_clause,minimum,5.0,,1,1
B,tool,needs_review,mixed,unconditional_explicit_clause,no_duration,,,17,17
B,tool,needs_review,mixed,unconditional_explicit_clause,stated_unspecified,4.0,,1,1
B,tool,needs_review,preferred,document_multiline_alternative_unresolved,no_duration,,,3,4
B,tool,needs_review,preferred,document_multiline_alternative_unresolved,stated_unspecified,3.0,,1,1
B,tool,needs_review,preferred,education_alternative,no_duration,,,1,1
B,tool,needs_review,preferred,other_conditional,no_duration,,,1,1
B,tool,needs_review,preferred,unconditional_explicit_clause,no_duration,,,24,25
B,tool,needs_review,required,document_multiline_alternative_unresolved,no_duration,,,6,7
B,tool,needs_review,required,document_multiline_alternative_unresolved,stated_unspecified,2.0,,1,1
B,tool,needs_review,required,document_multiline_alternative_unresolved,stated_unspecified,4.0,,1,1
B,tool,needs_review,required,education_alternative,no_duration,,,1,1
B,tool,needs_review,required,other_conditional,minimum,1.0,,1,1
B,tool,needs_review,required,other_conditional,minimum,5.0,,2,2
B,tool,needs_review,required,other_conditional,no_duration,,,1,1
B,tool,needs_review,required,unconditional_explicit_clause,minimum,5.0,,1,1
B,tool,needs_review,required,unconditional_explicit_clause,no_duration,,,51,52
B,tool,needs_review,unspecified,document_multiline_alternative_unresolved,no_duration,,,1,1
B,tool,needs_review,unspecified,other_conditional,no_duration,,,3,3
B,tool,needs_review,unspecified,unconditional_explicit_clause,minimum,6.0,,1,1
B,tool,needs_review,unspecified,unconditional_explicit_clause,no_duration,,,53,59
B,unresolved,needs_review,mixed,education_alternative,no_duration,,,3,3
B,unresolved,needs_review,mixed,unconditional_explicit_clause,minimum,1.0,,3,3
B,unresolved,needs_review,mixed,unconditional_explicit_clause,minimum,2.0,,1,1
B,unresolved,needs_review,mixed,unconditional_explicit_clause,minimum,3.0,,1,1
B,unresolved,needs_review,mixed,unconditional_explicit_clause,minimum,5.0,,2,2
B,unresolved,needs_review,mixed,unconditional_explicit_clause,minimum,8.0,,1,1
B,unresolved,needs_review,mixed,unconditional_explicit_clause,no_duration,,,31,31
B,unresolved,needs_review,mixed,unconditional_explicit_clause,range,0.0,3.0,1,1
B,unresolved,needs_review,mixed,unconditional_explicit_clause,range,3.0,5.0,1,1
B,unresolved,needs_review,preferred,document_multiline_alternative_unresolved,minimum,1.0,,2,2
B,unresolved,needs_review,preferred,document_multiline_alternative_unresolved,minimum,3.0,,1,1
B,unresolved,needs_review,preferred,document_multiline_alternative_unresolved,no_duration,,,7,20
B,unresolved,needs_review,preferred,document_multiline_alternative_unresolved,range,1.0,3.0,1,1
B,unresolved,needs_review,preferred,education_alternative,minimum,1.0,,2,2
B,unresolved,needs_review,preferred,education_alternative,minimum,5.0,,1,1
B,unresolved,needs_review,preferred,education_alternative,minimum,8.0,,1,1
B,unresolved,needs_review,preferred,education_alternative,no_duration,,,50,51
B,unresolved,needs_review,preferred,education_alternative,range,3.0,5.0,1,1
B,unresolved,needs_review,preferred,education_alternative,stated_unspecified,2.0,,1,1
B,unresolved,needs_review,preferred,education_alternative,stated_unspecified,4.0,,1,1
B,unresolved,needs_review,preferred,other_conditional,no_duration,,,52,52
B,unresolved,needs_review,preferred,unconditional_explicit_clause,minimum,0.5,,1,1
B,unresolved,needs_review,preferred,unconditional_explicit_clause,minimum,1.0,,17,23
B,unresolved,needs_review,preferred,unconditional_explicit_clause,minimum,10.0,,3,3
B,unresolved,needs_review,preferred,unconditional_explicit_clause,minimum,2.0,,24,34
B,unresolved,needs_review,preferred,unconditional_explicit_clause,minimum,3.0,,13,19
B,unresolved,needs_review,preferred,unconditional_explicit_clause,minimum,4.0,,4,5
B,unresolved,needs_review,preferred,unconditional_explicit_clause,minimum,5.0,,20,21
B,unresolved,needs_review,preferred,unconditional_explicit_clause,minimum,6.0,,1,1
B,unresolved,needs_review,preferred,unconditional_explicit_clause,minimum,7.0,,3,3
B,unresolved,needs_review,preferred,unconditional_explicit_clause,minimum,8.0,,4,4
B,unresolved,needs_review,preferred,unconditional_explicit_clause,no_duration,,,1419,2600
B,unresolved,needs_review,preferred,unconditional_explicit_clause,range,0.0,2.0,2,2
B,unresolved,needs_review,preferred,unconditional_explicit_clause,range,0.5,0.75,1,1
B,unresolved,needs_review,preferred,unconditional_explicit_clause,range,1.0,2.0,3,3
B,unresolved,needs_review,preferred,unconditional_explicit_clause,range,1.0,4.0,1,1
B,unresolved,needs_review,preferred,unconditional_explicit_clause,range,2.0,3.0,1,1
B,unresolved,needs_review,preferred,unconditional_explicit_clause,range,2.0,4.0,1,1
B,unresolved,needs_review,preferred,unconditional_explicit_clause,range,3.0,5.0,1,1
B,unresolved,needs_review,preferred,unconditional_explicit_clause,range,3.0,6.0,1,1
B,unresolved,needs_review,preferred,unconditional_explicit_clause,range,4.0,6.0,1,1
B,unresolved,needs_review,preferred,unconditional_explicit_clause,range,4.0,8.0,1,1
B,unresolved,needs_review,preferred,unconditional_explicit_clause,range,5.0,10.0,1,1
B,unresolved,needs_review,preferred,unconditional_explicit_clause,range,5.0,7.0,1,1
B,unresolved,needs_review,preferred,unconditional_explicit_clause,range,5.0,9.0,1,1
B,unresolved,needs_review,preferred,unconditional_explicit_clause,stated_unspecified,1.0,,5,5
B,unresolved,needs_review,preferred,unconditional_explicit_clause,stated_unspecified,10.0,,2,2
B,unresolved,needs_review,preferred,unconditional_explicit_clause,stated_unspecified,12.0,,1,1
B,unresolved,needs_review,preferred,unconditional_explicit_clause,stated_unspecified,2.0,,7,7
B,unresolved,needs_review,preferred,unconditional_explicit_clause,stated_unspecified,3.0,,4,6
B,unresolved,needs_review,preferred,unconditional_explicit_clause,stated_unspecified,4.0,,1,1
B,unresolved,needs_review,preferred,unconditional_explicit_clause,stated_unspecified,5.0,,4,4
B,unresolved,needs_review,preferred,unconditional_explicit_clause,stated_unspecified,6.0,,2,2
B,unresolved,needs_review,required,document_multiline_alternative_unresolved,minimum,10.0,,1,1
B,unresolved,needs_review,required,document_multiline_alternative_unresolved,minimum,2.0,,2,4
B,unresolved,needs_review,required,document_multiline_alternative_unresolved,minimum,3.0,,1,1
B,unresolved,needs_review,required,document_multiline_alternative_unresolved,minimum,4.0,,1,1
B,unresolved,needs_review,required,document_multiline_alternative_unresolved,minimum,5.0,,1,1
B,unresolved,needs_review,required,document_multiline_alternative_unresolved,minimum,6.0,,1,1
B,unresolved,needs_review,required,document_multiline_alternative_unresolved,no_duration,,,12,31
B,unresolved,needs_review,required,document_multiline_alternative_unresolved,stated_unspecified,1.0,,1,4
B,unresolved,needs_review,required,education_alternative,maximum,,2.0,1,1
B,unresolved,needs_review,required,education_alternative,minimum,0.0,,1,1
B,unresolved,needs_review,required,education_alternative,minimum,1.0,,3,3
B,unresolved,needs_review,required,education_alternative,minimum,2.0,,4,4
B,unresolved,needs_review,required,education_alternative,minimum,4.0,,1,1
B,unresolved,needs_review,required,education_alternative,minimum,5.0,,2,2
B,unresolved,needs_review,required,education_alternative,minimum,7.0,,1,1
B,unresolved,needs_review,required,education_alternative,no_duration,,,128,132
B,unresolved,needs_review,required,education_alternative,range,5.0,7.0,1,1
B,unresolved,needs_review,required,education_alternative,stated_unspecified,0.0,,1,1
B,unresolved,needs_review,required,education_alternative,stated_unspecified,1.0,,4,4
B,unresolved,needs_review,required,education_alternative,stated_unspecified,12.0,,1,1
B,unresolved,needs_review,required,education_alternative,stated_unspecified,14.0,,1,1
B,unresolved,needs_review,required,education_alternative,stated_unspecified,16.0,,1,1
B,unresolved,needs_review,required,education_alternative,stated_unspecified,2.0,,3,3
B,unresolved,needs_review,required,education_alternative,stated_unspecified,3.0,,4,4
B,unresolved,needs_review,required,education_alternative,stated_unspecified,4.0,,16,17
B,unresolved,needs_review,required,education_alternative,stated_unspecified,5.0,,3,3
B,unresolved,needs_review,required,education_alternative,stated_unspecified,6.0,,1,1
B,unresolved,needs_review,required,education_alternative,stated_unspecified,8.0,,1,1
B,unresolved,needs_review,required,education_alternative,stated_unspecified,9.0,,1,1
B,unresolved,needs_review,required,other_conditional,minimum,10.0,,1,1
B,unresolved,needs_review,required,other_conditional,no_duration,,,64,65
B,unresolved,needs_review,required,other_conditional,stated_unspecified,5.0,,1,1
B,unresolved,needs_review,required,unconditional_explicit_clause,minimum,0.5,,2,4
B,unresolved,needs_review,required,unconditional_explicit_clause,minimum,1.0,,33,39
B,unresolved,needs_review,required,unconditional_explicit_clause,minimum,10.0,,9,10
B,unresolved,needs_review,required,unconditional_explicit_clause,minimum,11.0,,2,2
B,unresolved,needs_review,required,unconditional_explicit_clause,minimum,12.0,,2,2
B,unresolved,needs_review,required,unconditional_explicit_clause,minimum,15.0,,4,4
B,unresolved,needs_review,required,unconditional_explicit_clause,minimum,2.0,,75,88
B,unresolved,needs_review,required,unconditional_explicit_clause,minimum,3.0,,87,113
B,unresolved,needs_review,required,unconditional_explicit_clause,minimum,4.0,,51,60
B,unresolved,needs_review,required,unconditional_explicit_clause,minimum,5.0,,79,85
B,unresolved,needs_review,required,unconditional_explicit_clause,minimum,6.0,,11,16
B,unresolved,needs_review,required,unconditional_explicit_clause,minimum,7.0,,15,17
B,unresolved,needs_review,required,unconditional_explicit_clause,minimum,8.0,,11,11
B,unresolved,needs_review,required,unconditional_explicit_clause,no_duration,,,1246,2152
B,unresolved,needs_review,required,unconditional_explicit_clause,range,0.0,0.5,1,2
B,unresolved,needs_review,required,unconditional_explicit_clause,range,0.0,2.0,1,1
B,unresolved,needs_review,required,unconditional_explicit_clause,range,0.0,3.0,3,3
B,unresolved,needs_review,required,unconditional_explicit_clause,range,1.0,2.0,5,5
B,unresolved,needs_review,required,unconditional_explicit_clause,range,1.0,3.0,3,5
B,unresolved,needs_review,required,unconditional_explicit_clause,range,15.0,20.0,1,1
B,unresolved,needs_review,required,unconditional_explicit_clause,range,2.0,3.0,2,2
B,unresolved,needs_review,required,unconditional_explicit_clause,range,2.0,4.0,2,2
B,unresolved,needs_review,required,unconditional_explicit_clause,range,2.0,5.0,4,4
B,unresolved,needs_review,required,unconditional_explicit_clause,range,3.0,4.0,2,2
B,unresolved,needs_review,required,unconditional_explicit_clause,range,3.0,5.0,14,14
B,unresolved,needs_review,required,unconditional_explicit_clause,range,4.0,5.0,1,1
B,unresolved,needs_review,required,unconditional_explicit_clause,range,4.0,6.0,3,3
B,unresolved,needs_review,required,unconditional_explicit_clause,range,5.0,7.0,9,9
B,unresolved,needs_review,required,unconditional_explicit_clause,range,5.0,8.0,1,1
B,unresolved,needs_review,required,unconditional_explicit_clause,range,6.0,10.0,1,1
B,unresolved,needs_review,required,unconditional_explicit_clause,range,7.0,10.0,2,2
B,unresolved,needs_review,required,unconditional_explicit_clause,range,8.0,10.0,1,1
B,unresolved,needs_review,required,unconditional_explicit_clause,stated_unspecified,0.0,,1,1
B,unresolved,needs_review,required,unconditional_explicit_clause,stated_unspecified,0.5,,4,4
B,unresolved,needs_review,required,unconditional_explicit_clause,stated_unspecified,1.0,,17,18
B,unresolved,needs_review,required,unconditional_explicit_clause,stated_unspecified,10.0,,5,7
B,unresolved,needs_review,required,unconditional_explicit_clause,stated_unspecified,12.0,,2,2
B,unresolved,needs_review,required,unconditional_explicit_clause,stated_unspecified,2.0,,20,26
B,unresolved,needs_review,required,unconditional_explicit_clause,stated_unspecified,3.0,,49,51
B,unresolved,needs_review,required,unconditional_explicit_clause,stated_unspecified,4.0,,10,11
B,unresolved,needs_review,required,unconditional_explicit_clause,stated_unspecified,46.0,,1,1
B,unresolved,needs_review,required,unconditional_explicit_clause,stated_unspecified,5.0,,16,16
B,unresolved,needs_review,required,unconditional_explicit_clause,stated_unspecified,6.0,,3,3
B,unresolved,needs_review,required,unconditional_explicit_clause,stated_unspecified,8.0,,4,4
B,unresolved,needs_review,unspecified,document_multiline_alternative_unresolved,no_duration,,,11,21
B,unresolved,needs_review,unspecified,document_multiline_alternative_unresolved,stated_unspecified,1.0,,2,3
B,unresolved,needs_review,unspecified,document_multiline_alternative_unresolved,stated_unspecified,2.0,,2,2
B,unresolved,needs_review,unspecified,education_alternative,minimum,10.0,,2,2
B,unresolved,needs_review,unspecified,education_alternative,minimum,12.0,,21,21
B,unresolved,needs_review,unspecified,education_alternative,minimum,5.0,,2,2
B,unresolved,needs_review,unspecified,education_alternative,minimum,6.0,,2,2
B,unresolved,needs_review,unspecified,education_alternative,no_duration,,,107,109
B,unresolved,needs_review,unspecified,education_alternative,range,1.0,2.0,1,1
B,unresolved,needs_review,unspecified,education_alternative,stated_unspecified,1.0,,3,3
B,unresolved,needs_review,unspecified,education_alternative,stated_unspecified,2.0,,3,3
B,unresolved,needs_review,unspecified,education_alternative,stated_unspecified,3.0,,1,1
B,unresolved,needs_review,unspecified,education_alternative,stated_unspecified,4.0,,3,4
B,unresolved,needs_review,unspecified,education_alternative,stated_unspecified,7.0,,1,1
B,unresolved,needs_review,unspecified,education_alternative,stated_unspecified,9.0,,1,1
B,unresolved,needs_review,unspecified,other_conditional,no_duration,,,102,104
B,unresolved,needs_review,unspecified,other_conditional,stated_unspecified,3.0,,1,1
B,unresolved,needs_review,unspecified,other_conditional,stated_unspecified,9.0,,1,1
B,unresolved,needs_review,unspecified,unconditional_explicit_clause,maximum,,1.0,1,1
B,unresolved,needs_review,unspecified,unconditional_explicit_clause,minimum,1.0,,9,10
B,unresolved,needs_review,unspecified,unconditional_explicit_clause,minimum,10.0,,21,24
B,unresolved,needs_review,unspecified,unconditional_explicit_clause,minimum,12.0,,2,2
B,unresolved,needs_review,unspecified,unconditional_explicit_clause,minimum,15.0,,3,3
B,unresolved,needs_review,unspecified,unconditional_explicit_clause,minimum,2.0,,27,30
B,unresolved,needs_review,unspecified,unconditional_explicit_clause,minimum,20.0,,4,4
B,unresolved,needs_review,unspecified,unconditional_explicit_clause,minimum,25.0,,1,1
B,unresolved,needs_review,unspecified,unconditional_explicit_clause,minimum,3.0,,43,49
B,unresolved,needs_review,unspecified,unconditional_explicit_clause,minimum,30.0,,1,1
B,unresolved,needs_review,unspecified,unconditional_explicit_clause,minimum,4.0,,9,9
B,unresolved,needs_review,unspecified,unconditional_explicit_clause,minimum,40.0,,2,2
B,unresolved,needs_review,unspecified,unconditional_explicit_clause,minimum,5.0,,40,43
B,unresolved,needs_review,unspecified,unconditional_explicit_clause,minimum,6.0,,4,4
B,unresolved,needs_review,unspecified,unconditional_explicit_clause,minimum,7.0,,10,10
B,unresolved,needs_review,unspecified,unconditional_explicit_clause,minimum,8.0,,11,13
B,unresolved,needs_review,unspecified,unconditional_explicit_clause,no_duration,,,1704,3167
B,unresolved,needs_review,unspecified,unconditional_explicit_clause,range,1.0,2.0,6,6
B,unresolved,needs_review,unspecified,unconditional_explicit_clause,range,1.0,3.0,7,7
B,unresolved,needs_review,unspecified,unconditional_explicit_clause,range,10.0,12.0,1,1
B,unresolved,needs_review,unspecified,unconditional_explicit_clause,range,15.0,17.0,1,1
B,unresolved,needs_review,unspecified,unconditional_explicit_clause,range,15.0,20.0,1,1
B,unresolved,needs_review,unspecified,unconditional_explicit_clause,range,2.0,4.0,2,3
B,unresolved,needs_review,unspecified,unconditional_explicit_clause,range,2.0,5.0,3,3
B,unresolved,needs_review,unspecified,unconditional_explicit_clause,range,2.0,7.0,2,2
B,unresolved,needs_review,unspecified,unconditional_explicit_clause,range,3.0,5.0,7,7
B,unresolved,needs_review,unspecified,unconditional_explicit_clause,range,3.0,6.0,1,1
B,unresolved,needs_review,unspecified,unconditional_explicit_clause,range,4.0,5.0,2,2
B,unresolved,needs_review,unspecified,unconditional_explicit_clause,range,4.0,7.0,1,1
B,unresolved,needs_review,unspecified,unconditional_explicit_clause,range,5.0,10.0,1,1
B,unresolved,needs_review,unspecified,unconditional_explicit_clause,range,5.0,7.0,2,2
B,unresolved,needs_review,unspecified,unconditional_explicit_clause,range,5.0,8.0,2,2
B,unresolved,needs_review,unspecified,unconditional_explicit_clause,range,6.0,10.0,2,2
B,unresolved,needs_review,unspecified,unconditional_explicit_clause,range,6.0,9.0,1,1
B,unresolved,needs_review,unspecified,unconditional_explicit_clause,range,7.0,10.0,2,2
B,unresolved,needs_review,unspecified,unconditional_explicit_clause,range,8.0,11.0,1,2
B,unresolved,needs_review,unspecified,unconditional_explicit_clause,stated_unspecified,1.0,,12,13
B,unresolved,needs_review,unspecified,unconditional_explicit_clause,stated_unspecified,10.0,,2,2
B,unresolved,needs_review,unspecified,unconditional_explicit_clause,stated_unspecified,12.0,,1,1
B,unresolved,needs_review,unspecified,unconditional_explicit_clause,stated_unspecified,2.0,,14,17
B,unresolved,needs_review,unspecified,unconditional_explicit_clause,stated_unspecified,25.0,,1,1
B,unresolved,needs_review,unspecified,unconditional_explicit_clause,stated_unspecified,3.0,,10,10
B,unresolved,needs_review,unspecified,unconditional_explicit_clause,stated_unspecified,4.0,,7,7
B,unresolved,needs_review,unspecified,unconditional_explicit_clause,stated_unspecified,5.0,,6,7
B,unresolved,needs_review,unspecified,unconditional_explicit_clause,stated_unspecified,50.0,,1,1
B,unresolved,needs_review,unspecified,unconditional_explicit_clause,stated_unspecified,6.0,,2,2
B,unresolved,needs_review,unspecified,unconditional_explicit_clause,stated_unspecified,60.0,,1,1
B,unresolved,needs_review,unspecified,unconditional_explicit_clause,stated_unspecified,7.0,,4,4
B,unresolved,needs_review,unspecified,unconditional_explicit_clause,stated_unspecified,9.0,,1,1
C,NO_MATCH,NO_MATCH,NO_MATCH,NO_MATCH,NO_MATCH,,,8,0
C,ambiguous_multiobject,needs_review,mixed,education_alternative,minimum,5.0,,1,1
C,ambiguous_multiobject,needs_review,mixed,education_alternative,no_duration,,,38,39
C,ambiguous_multiobject,needs_review,mixed,other_conditional,no_duration,,,2,2
C,ambiguous_multiobject,needs_review,mixed,unconditional_explicit_clause,no_duration,,,24,24
C,ambiguous_multiobject,needs_review,preferred,document_multiline_alternative_unresolved,minimum,2.0,,1,1
C,ambiguous_multiobject,needs_review,preferred,document_multiline_alternative_unresolved,minimum,3.0,,1,1
C,ambiguous_multiobject,needs_review,preferred,education_alternative,minimum,10.0,,1,1
C,ambiguous_multiobject,needs_review,preferred,education_alternative,minimum,3.0,,1,1
C,ambiguous_multiobject,needs_review,preferred,education_alternative,minimum,5.0,,1,1
C,ambiguous_multiobject,needs_review,preferred,education_alternative,minimum,6.0,,1,1
C,ambiguous_multiobject,needs_review,preferred,education_alternative,minimum,8.0,,3,3
C,ambiguous_multiobject,needs_review,preferred,education_alternative,no_duration,,,44,45
C,ambiguous_multiobject,needs_review,preferred,education_alternative,stated_unspecified,10.0,,1,1
C,ambiguous_multiobject,needs_review,preferred,education_alternative,stated_unspecified,3.0,,1,1
C,ambiguous_multiobject,needs_review,preferred,education_alternative,stated_unspecified,4.0,,1,1
C,ambiguous_multiobject,needs_review,preferred,education_alternative,stated_unspecified,6.0,,1,1
C,ambiguous_multiobject,needs_review,preferred,other_conditional,no_duration,,,1,1
C,ambiguous_multiobject,needs_review,preferred,unconditional_explicit_clause,minimum,0.5,,1,3
C,ambiguous_multiobject,needs_review,preferred,unconditional_explicit_clause,minimum,10.0,,2,2
C,ambiguous_multiobject,needs_review,preferred,unconditional_explicit_clause,minimum,2.0,,5,5
C,ambiguous_multiobject,needs_review,preferred,unconditional_explicit_clause,minimum,3.0,,5,5
C,ambiguous_multiobject,needs_review,preferred,unconditional_explicit_clause,minimum,4.0,,2,2
C,ambiguous_multiobject,needs_review,preferred,unconditional_explicit_clause,minimum,5.0,,3,3
C,ambiguous_multiobject,needs_review,preferred,unconditional_explicit_clause,minimum,6.0,,1,1
C,ambiguous_multiobject,needs_review,preferred,unconditional_explicit_clause,minimum,7.0,,2,2
C,ambiguous_multiobject,needs_review,preferred,unconditional_explicit_clause,minimum,8.0,,3,3
C,ambiguous_multiobject,needs_review,preferred,unconditional_explicit_clause,no_duration,,,243,264
C,ambiguous_multiobject,needs_review,preferred,unconditional_explicit_clause,range,2.0,4.0,1,1
C,ambiguous_multiobject,needs_review,preferred,unconditional_explicit_clause,range,3.0,5.0,1,1
C,ambiguous_multiobject,needs_review,preferred,unconditional_explicit_clause,stated_unspecified,1.0,,1,1
C,ambiguous_multiobject,needs_review,preferred,unconditional_explicit_clause,stated_unspecified,2.0,,2,2
C,ambiguous_multiobject,needs_review,preferred,unconditional_explicit_clause,stated_unspecified,3.0,,1,1
C,ambiguous_multiobject,needs_review,preferred,unconditional_explicit_clause,stated_unspecified,6.0,,1,1
C,ambiguous_multiobject,needs_review,preferred,unconditional_explicit_clause,stated_unspecified,7.0,,1,1
C,ambiguous_multiobject,needs_review,preferred,unconditional_explicit_clause,stated_unspecified,8.0,,2,2
C,ambiguous_multiobject,needs_review,required,document_multiline_alternative_unresolved,minimum,4.0,,1,1
C,ambiguous_multiobject,needs_review,required,document_multiline_alternative_unresolved,no_duration,,,1,1
C,ambiguous_multiobject,needs_review,required,education_alternative,minimum,2.0,,1,1
C,ambiguous_multiobject,needs_review,required,education_alternative,minimum,4.0,,2,2
C,ambiguous_multiobject,needs_review,required,education_alternative,minimum,6.0,,2,2
C,ambiguous_multiobject,needs_review,required,education_alternative,minimum,7.0,,2,2
C,ambiguous_multiobject,needs_review,required,education_alternative,no_duration,,,43,44
C,ambiguous_multiobject,needs_review,required,education_alternative,stated_unspecified,1.0,,1,1
C,ambiguous_multiobject,needs_review,required,education_alternative,stated_unspecified,15.0,,1,1
C,ambiguous_multiobject,needs_review,required,education_alternative,stated_unspecified,3.0,,2,2
C,ambiguous_multiobject,needs_review,required,education_alternative,stated_unspecified,4.0,,1,1
C,ambiguous_multiobject,needs_review,required,education_alternative,stated_unspecified,5.0,,1,1
C,ambiguous_multiobject,needs_review,required,other_conditional,no_duration,,,1,1
C,ambiguous_multiobject,needs_review,required,unconditional_explicit_clause,minimum,1.0,,5,6
C,ambiguous_multiobject,needs_review,required,unconditional_explicit_clause,minimum,10.0,,7,7
C,ambiguous_multiobject,needs_review,required,unconditional_explicit_clause,minimum,12.0,,1,1
C,ambiguous_multiobject,needs_review,required,unconditional_explicit_clause,minimum,2.0,,20,22
C,ambiguous_multiobject,needs_review,required,unconditional_explicit_clause,minimum,3.0,,33,34
C,ambiguous_multiobject,needs_review,required,unconditional_explicit_clause,minimum,4.0,,34,35
C,ambiguous_multiobject,needs_review,required,unconditional_explicit_clause,minimum,5.0,,31,31
C,ambiguous_multiobject,needs_review,required,unconditional_explicit_clause,minimum,6.0,,13,13
C,ambiguous_multiobject,needs_review,required,unconditional_explicit_clause,minimum,7.0,,8,8
C,ambiguous_multiobject,needs_review,required,unconditional_explicit_clause,minimum,8.0,,10,12
C,ambiguous_multiobject,needs_review,required,unconditional_explicit_clause,no_duration,,,247,268
C,ambiguous_multiobject,needs_review,required,unconditional_explicit_clause,range,0.0,2.0,1,1
C,ambiguous_multiobject,needs_review,required,unconditional_explicit_clause,range,1.0,2.0,1,1
C,ambiguous_multiobject,needs_review,required,unconditional_explicit_clause,range,10.0,12.0,1,1
C,ambiguous_multiobject,needs_review,required,unconditional_explicit_clause,range,10.0,15.0,1,1
C,ambiguous_multiobject,needs_review,required,unconditional_explicit_clause,range,15.0,20.0,1,1
C,ambiguous_multiobject,needs_review,required,unconditional_explicit_clause,range,2.0,3.0,2,2
C,ambiguous_multiobject,needs_review,required,unconditional_explicit_clause,range,2.0,6.0,1,1
C,ambiguous_multiobject,needs_review,required,unconditional_explicit_clause,range,3.0,5.0,1,1
C,ambiguous_multiobject,needs_review,required,unconditional_explicit_clause,range,5.0,7.0,1,1
C,ambiguous_multiobject,needs_review,required,unconditional_explicit_clause,range,6.0,9.0,1,1
C,ambiguous_multiobject,needs_review,required,unconditional_explicit_clause,stated_unspecified,1.0,,5,5
C,ambiguous_multiobject,needs_review,required,unconditional_explicit_clause,stated_unspecified,12.0,,1,1
C,ambiguous_multiobject,needs_review,required,unconditional_explicit_clause,stated_unspecified,2.0,,3,3
C,ambiguous_multiobject,needs_review,required,unconditional_explicit_clause,stated_unspecified,3.0,,4,5
C,ambiguous_multiobject,needs_review,required,unconditional_explicit_clause,stated_unspecified,5.0,,4,4
C,ambiguous_multiobject,needs_review,required,unconditional_explicit_clause,stated_unspecified,8.0,,4,5
C,ambiguous_multiobject,needs_review,required,unconditional_explicit_clause,stated_unspecified,9.0,,2,2
C,ambiguous_multiobject,needs_review,unspecified,education_alternative,minimum,5.0,,1,1
C,ambiguous_multiobject,needs_review,unspecified,education_alternative,minimum,8.0,,1,1
C,ambiguous_multiobject,needs_review,unspecified,education_alternative,no_duration,,,11,11
C,ambiguous_multiobject,needs_review,unspecified,education_alternative,stated_unspecified,5.0,,2,2
C,ambiguous_multiobject,needs_review,unspecified,other_conditional,no_duration,,,4,4
C,ambiguous_multiobject,needs_review,unspecified,unconditional_explicit_clause,minimum,1.0,,1,1
C,ambiguous_multiobject,needs_review,unspecified,unconditional_explicit_clause,minimum,10.0,,4,4
C,ambiguous_multiobject,needs_review,unspecified,unconditional_explicit_clause,minimum,2.0,,4,6
C,ambiguous_multiobject,needs_review,unspecified,unconditional_explicit_clause,minimum,3.0,,9,9
C,ambiguous_multiobject,needs_review,unspecified,unconditional_explicit_clause,minimum,4.0,,2,2
C,ambiguous_multiobject,needs_review,unspecified,unconditional_explicit_clause,minimum,5.0,,11,11
C,ambiguous_multiobject,needs_review,unspecified,unconditional_explicit_clause,minimum,6.0,,3,3
C,ambiguous_multiobject,needs_review,unspecified,unconditional_explicit_clause,minimum,7.0,,3,3
C,ambiguous_multiobject,needs_review,unspecified,unconditional_explicit_clause,minimum,8.0,,8,8
C,ambiguous_multiobject,needs_review,unspecified,unconditional_explicit_clause,no_duration,,,213,257
C,ambiguous_multiobject,needs_review,unspecified,unconditional_explicit_clause,range,3.0,5.0,5,5
C,ambiguous_multiobject,needs_review,unspecified,unconditional_explicit_clause,range,3.0,6.0,1,1
C,ambiguous_multiobject,needs_review,unspecified,unconditional_explicit_clause,range,4.0,5.0,2,2
C,ambiguous_multiobject,needs_review,unspecified,unconditional_explicit_clause,range,6.0,8.0,1,1
C,ambiguous_multiobject,needs_review,unspecified,unconditional_explicit_clause,range,7.0,10.0,1,1
C,ambiguous_multiobject,needs_review,unspecified,unconditional_explicit_clause,range,8.0,10.0,1,1
C,ambiguous_multiobject,needs_review,unspecified,unconditional_explicit_clause,stated_unspecified,1.0,,1,1
C,ambiguous_multiobject,needs_review,unspecified,unconditional_explicit_clause,stated_unspecified,2.0,,1,1
C,ambiguous_multiobject,needs_review,unspecified,unconditional_explicit_clause,stated_unspecified,3.0,,2,2
C,ambiguous_multiobject,needs_review,unspecified,unconditional_explicit_clause,stated_unspecified,5.0,,2,3
C,ambiguous_multiobject,needs_review,unspecified,unconditional_explicit_clause,stated_unspecified,6.0,,1,1
C,ambiguous_multiobject,needs_review,unspecified,unconditional_explicit_clause,stated_unspecified,7.0,,1,1
C,general_work,explicit_rule_candidate,preferred,unconditional_explicit_clause,minimum,2.0,,1,1
C,general_work,explicit_rule_candidate,preferred,unconditional_explicit_clause,no_duration,,,4,6
C,general_work,explicit_rule_candidate,required,unconditional_explicit_clause,minimum,10.0,,1,1
C,general_work,explicit_rule_candidate,required,unconditional_explicit_clause,minimum,2.0,,1,1
C,general_work,explicit_rule_candidate,required,unconditional_explicit_clause,minimum,3.0,,2,2
C,general_work,explicit_rule_candidate,required,unconditional_explicit_clause,minimum,5.0,,4,4
C,general_work,explicit_rule_candidate,required,unconditional_explicit_clause,no_duration,,,6,6
C,general_work,explicit_rule_candidate,required,unconditional_explicit_clause,range,6.0,9.0,1,1
C,general_work,explicit_rule_candidate,required,unconditional_explicit_clause,stated_unspecified,4.0,,3,3
C,general_work,explicit_rule_candidate,unspecified,unconditional_explicit_clause,minimum,10.0,,1,1
C,general_work,explicit_rule_candidate,unspecified,unconditional_explicit_clause,minimum,6.0,,1,1
C,general_work,explicit_rule_candidate,unspecified,unconditional_explicit_clause,no_duration,,,18,19
C,general_work,explicit_rule_candidate,unspecified,unconditional_explicit_clause,range,2.0,4.0,1,1
C,general_work,needs_review,mixed,education_alternative,no_duration,,,1,1
C,general_work,needs_review,preferred,education_alternative,no_duration,,,2,2
C,general_work,needs_review,required,education_alternative,minimum,1.0,,1,1
C,general_work,needs_review,required,education_alternative,no_duration,,,23,23
C,general_work,needs_review,required,education_alternative,stated_unspecified,3.0,,1,1
C,general_work,needs_review,required,unconditional_explicit_clause,no_duration,,,1,2
C,general_work,needs_review,unspecified,education_alternative,minimum,1.0,,1,1
C,general_work,needs_review,unspecified,education_alternative,no_duration,,,3,3
C,industry_domain,explicit_rule_candidate,preferred,unconditional_explicit_clause,minimum,1.0,,2,3
C,industry_domain,explicit_rule_candidate,preferred,unconditional_explicit_clause,minimum,3.0,,3,3
C,industry_domain,explicit_rule_candidate,preferred,unconditional_explicit_clause,minimum,4.0,,1,1
C,industry_domain,explicit_rule_candidate,preferred,unconditional_explicit_clause,minimum,5.0,,2,2
C,industry_domain,explicit_rule_candidate,preferred,unconditional_explicit_clause,no_duration,,,121,132
C,industry_domain,explicit_rule_candidate,preferred,unconditional_explicit_clause,range,3.0,5.0,1,1
C,industry_domain,explicit_rule_candidate,preferred,unconditional_explicit_clause,stated_unspecified,1.0,,1,1
C,industry_domain,explicit_rule_candidate,preferred,unconditional_explicit_clause,stated_unspecified,2.0,,1,1
C,industry_domain,explicit_rule_candidate,required,unconditional_explicit_clause,minimum,10.0,,1,1
C,industry_domain,explicit_rule_candidate,required,unconditional_explicit_clause,minimum,15.0,,1,1
C,industry_domain,explicit_rule_candidate,required,unconditional_explicit_clause,minimum,2.0,,6,6
C,industry_domain,explicit_rule_candidate,required,unconditional_explicit_clause,minimum,4.0,,5,5
C,industry_domain,explicit_rule_candidate,required,unconditional_explicit_clause,minimum,5.0,,9,9
C,industry_domain,explicit_rule_candidate,required,unconditional_explicit_clause,minimum,8.0,,1,1
C,industry_domain,explicit_rule_candidate,required,unconditional_explicit_clause,no_duration,,,24,24
C,industry_domain,explicit_rule_candidate,required,unconditional_explicit_clause,range,1.0,3.0,1,1
C,industry_domain,explicit_rule_candidate,required,unconditional_explicit_clause,range,3.0,5.0,1,1
C,industry_domain,explicit_rule_candidate,required,unconditional_explicit_clause,stated_unspecified,2.0,,1,1
C,industry_domain,explicit_rule_candidate,unspecified,unconditional_explicit_clause,minimum,10.0,,2,2
C,industry_domain,explicit_rule_candidate,unspecified,unconditional_explicit_clause,minimum,2.0,,2,2
C,industry_domain,explicit_rule_candidate,unspecified,unconditional_explicit_clause,minimum,3.0,,3,3
C,industry_domain,explicit_rule_candidate,unspecified,unconditional_explicit_clause,minimum,4.0,,1,1
C,industry_domain,explicit_rule_candidate,unspecified,unconditional_explicit_clause,minimum,5.0,,2,2
C,industry_domain,explicit_rule_candidate,unspecified,unconditional_explicit_clause,minimum,50.0,,2,2
C,industry_domain,explicit_rule_candidate,unspecified,unconditional_explicit_clause,minimum,7.0,,1,1
C,industry_domain,explicit_rule_candidate,unspecified,unconditional_explicit_clause,no_duration,,,45,46
C,industry_domain,explicit_rule_candidate,unspecified,unconditional_explicit_clause,range,2.0,3.0,1,1
C,industry_domain,explicit_rule_candidate,unspecified,unconditional_explicit_clause,stated_unspecified,2.0,,1,1
C,industry_domain,needs_review,mixed,unconditional_explicit_clause,no_duration,,,4,4
C,industry_domain,needs_review,preferred,document_multiline_alternative_unresolved,no_duration,,,1,1
C,industry_domain,needs_review,preferred,education_alternative,no_duration,,,1,1
C,industry_domain,needs_review,preferred,education_alternative,stated_unspecified,4.0,,2,2
C,industry_domain,needs_review,preferred,other_conditional,no_duration,,,1,1
C,industry_domain,needs_review,preferred,unconditional_explicit_clause,no_duration,,,2,2
C,industry_domain,needs_review,required,document_multiline_alternative_unresolved,minimum,6.0,,1,1
C,industry_domain,needs_review,required,education_alternative,no_duration,,,2,2
C,industry_domain,needs_review,required,other_conditional,no_duration,,,1,1
C,industry_domain,needs_review,required,other_conditional,stated_unspecified,2.0,,1,1
C,industry_domain,needs_review,required,unconditional_explicit_clause,no_duration,,,7,7
C,industry_domain,needs_review,unspecified,education_alternative,no_duration,,,2,2
C,industry_domain,needs_review,unspecified,other_conditional,no_duration,,,5,5
C,industry_domain,needs_review,unspecified,unconditional_explicit_clause,no_duration,,,22,26
C,occupation_task,explicit_rule_candidate,preferred,unconditional_explicit_clause,minimum,1.0,,4,5
C,occupation_task,explicit_rule_candidate,preferred,unconditional_explicit_clause,minimum,10.0,,7,7
C,occupation_task,explicit_rule_candidate,preferred,unconditional_explicit_clause,minimum,12.0,,2,2
C,occupation_task,explicit_rule_candidate,preferred,unconditional_explicit_clause,minimum,14.0,,1,1
C,occupation_task,explicit_rule_candidate,preferred,unconditional_explicit_clause,minimum,2.0,,11,11
C,occupation_task,explicit_rule_candidate,preferred,unconditional_explicit_clause,minimum,3.0,,15,16
C,occupation_task,explicit_rule_candidate,preferred,unconditional_explicit_clause,minimum,4.0,,7,7
C,occupation_task,explicit_rule_candidate,preferred,unconditional_explicit_clause,minimum,5.0,,18,18
C,occupation_task,explicit_rule_candidate,preferred,unconditional_explicit_clause,minimum,6.0,,6,11
C,occupation_task,explicit_rule_candidate,preferred,unconditional_explicit_clause,minimum,7.0,,4,4
C,occupation_task,explicit_rule_candidate,preferred,unconditional_explicit_clause,minimum,8.0,,8,8
C,occupation_task,explicit_rule_candidate,preferred,unconditional_explicit_clause,no_duration,,,609,1019
C,occupation_task,explicit_rule_candidate,preferred,unconditional_explicit_clause,range,0.0,2.0,1,1
C,occupation_task,explicit_rule_candidate,preferred,unconditional_explicit_clause,range,1.0,2.0,2,2
C,occupation_task,explicit_rule_candidate,preferred,unconditional_explicit_clause,range,2.0,4.0,1,1
C,occupation_task,explicit_rule_candidate,preferred,unconditional_explicit_clause,range,2.0,5.0,2,2
C,occupation_task,explicit_rule_candidate,preferred,unconditional_explicit_clause,range,3.0,4.0,1,1
C,occupation_task,explicit_rule_candidate,preferred,unconditional_explicit_clause,range,3.0,5.0,1,1
C,occupation_task,explicit_rule_candidate,preferred,unconditional_explicit_clause,range,5.0,7.0,2,2
C,occupation_task,explicit_rule_candidate,preferred,unconditional_explicit_clause,range,5.0,8.0,2,2
C,occupation_task,explicit_rule_candidate,preferred,unconditional_explicit_clause,range,6.0,8.0,1,1
C,occupation_task,explicit_rule_candidate,preferred,unconditional_explicit_clause,stated_unspecified,1.0,,2,2
C,occupation_task,explicit_rule_candidate,preferred,unconditional_explicit_clause,stated_unspecified,10.0,,1,1
C,occupation_task,explicit_rule_candidate,preferred,unconditional_explicit_clause,stated_unspecified,12.0,,1,1
C,occupation_task,explicit_rule_candidate,preferred,unconditional_explicit_clause,stated_unspecified,2.0,,6,7
C,occupation_task,explicit_rule_candidate,preferred,unconditional_explicit_clause,stated_unspecified,3.0,,4,6
C,occupation_task,explicit_rule_candidate,preferred,unconditional_explicit_clause,stated_unspecified,4.0,,1,1
C,occupation_task,explicit_rule_candidate,preferred,unconditional_explicit_clause,stated_unspecified,5.0,,13,15
C,occupation_task,explicit_rule_candidate,preferred,unconditional_explicit_clause,stated_unspecified,6.0,,2,2
C,occupation_task,explicit_rule_candidate,preferred,unconditional_explicit_clause,stated_unspecified,7.0,,1,1
C,occupation_task,explicit_rule_candidate,preferred,unconditional_explicit_clause,stated_unspecified,8.0,,1,1
C,occupation_task,explicit_rule_candidate,preferred,unconditional_explicit_clause,stated_unspecified,9.0,,1,1
C,occupation_task,explicit_rule_candidate,required,unconditional_explicit_clause,minimum,1.0,,54,58
C,occupation_task,explicit_rule_candidate,required,unconditional_explicit_clause,minimum,10.0,,30,31
C,occupation_task,explicit_rule_candidate,required,unconditional_explicit_clause,minimum,11.0,,1,1
C,occupation_task,explicit_rule_candidate,required,unconditional_explicit_clause,minimum,12.0,,5,5
C,occupation_task,explicit_rule_candidate,required,unconditional_explicit_clause,minimum,15.0,,1,1
C,occupation_task,explicit_rule_candidate,required,unconditional_explicit_clause,minimum,2.0,,89,99
C,occupation_task,explicit_rule_candidate,required,unconditional_explicit_clause,minimum,3.0,,91,109
C,occupation_task,explicit_rule_candidate,required,unconditional_explicit_clause,minimum,4.0,,49,63
C,occupation_task,explicit_rule_candidate,required,unconditional_explicit_clause,minimum,5.0,,89,103
C,occupation_task,explicit_rule_candidate,required,unconditional_explicit_clause,minimum,6.0,,19,19
C,occupation_task,explicit_rule_candidate,required,unconditional_explicit_clause,minimum,7.0,,23,24
C,occupation_task,explicit_rule_candidate,required,unconditional_explicit_clause,minimum,8.0,,19,20
C,occupation_task,explicit_rule_candidate,required,unconditional_explicit_clause,minimum,9.0,,3,3
C,occupation_task,explicit_rule_candidate,required,unconditional_explicit_clause,no_duration,,,428,694
C,occupation_task,explicit_rule_candidate,required,unconditional_explicit_clause,range,0.0,2.0,1,3
C,occupation_task,explicit_rule_candidate,required,unconditional_explicit_clause,range,1.0,3.0,3,3
C,occupation_task,explicit_rule_candidate,required,unconditional_explicit_clause,range,1.0,4.0,1,1
C,occupation_task,explicit_rule_candidate,required,unconditional_explicit_clause,range,10.0,15.0,1,1
C,occupation_task,explicit_rule_candidate,required,unconditional_explicit_clause,range,12.0,16.0,1,1
C,occupation_task,explicit_rule_candidate,required,unconditional_explicit_clause,range,2.0,5.0,2,2
C,occupation_task,explicit_rule_candidate,required,unconditional_explicit_clause,range,3.0,5.0,9,9
C,occupation_task,explicit_rule_candidate,required,unconditional_explicit_clause,range,3.0,7.0,1,2
C,occupation_task,explicit_rule_candidate,required,unconditional_explicit_clause,range,4.0,6.0,1,1
C,occupation_task,explicit_rule_candidate,required,unconditional_explicit_clause,range,5.0,10.0,2,2
C,occupation_task,explicit_rule_candidate,required,unconditional_explicit_clause,range,5.0,6.0,1,1
C,occupation_task,explicit_rule_candidate,required,unconditional_explicit_clause,range,5.0,7.0,4,4
C,occupation_task,explicit_rule_candidate,required,unconditional_explicit_clause,range,6.0,8.0,1,1
C,occupation_task,explicit_rule_candidate,required,unconditional_explicit_clause,range,7.0,10.0,2,2
C,occupation_task,explicit_rule_candidate,required,unconditional_explicit_clause,range,8.0,10.0,1,1
C,occupation_task,explicit_rule_candidate,required,unconditional_explicit_clause,stated_unspecified,0.0,,3,4
C,occupation_task,explicit_rule_candidate,required,unconditional_explicit_clause,stated_unspecified,0.5,,7,12
C,occupation_task,explicit_rule_candidate,required,unconditional_explicit_clause,stated_unspecified,1.0,,2,3
C,occupation_task,explicit_rule_candidate,required,unconditional_explicit_clause,stated_unspecified,10.0,,2,2
C,occupation_task,explicit_rule_candidate,required,unconditional_explicit_clause,stated_unspecified,12.0,,2,2
C,occupation_task,explicit_rule_candidate,required,unconditional_explicit_clause,stated_unspecified,13.0,,2,2
C,occupation_task,explicit_rule_candidate,required,unconditional_explicit_clause,stated_unspecified,16.0,,1,1
C,occupation_task,explicit_rule_candidate,required,unconditional_explicit_clause,stated_unspecified,2.0,,30,36
C,occupation_task,explicit_rule_candidate,required,unconditional_explicit_clause,stated_unspecified,24.0,,1,1
C,occupation_task,explicit_rule_candidate,required,unconditional_explicit_clause,stated_unspecified,3.0,,14,16
C,occupation_task,explicit_rule_candidate,required,unconditional_explicit_clause,stated_unspecified,4.0,,16,17
C,occupation_task,explicit_rule_candidate,required,unconditional_explicit_clause,stated_unspecified,5.0,,22,23
C,occupation_task,explicit_rule_candidate,required,unconditional_explicit_clause,stated_unspecified,6.0,,8,10
C,occupation_task,explicit_rule_candidate,required,unconditional_explicit_clause,stated_unspecified,7.0,,6,6
C,occupation_task,explicit_rule_candidate,required,unconditional_explicit_clause,stated_unspecified,8.0,,9,10
C,occupation_task,explicit_rule_candidate,required,unconditional_explicit_clause,stated_unspecified,9.0,,3,3
C,occupation_task,explicit_rule_candidate,unspecified,unconditional_explicit_clause,minimum,0.0,,3,3
C,occupation_task,explicit_rule_candidate,unspecified,unconditional_explicit_clause,minimum,1.0,,8,8
C,occupation_task,explicit_rule_candidate,unspecified,unconditional_explicit_clause,minimum,10.0,,20,21
C,occupation_task,explicit_rule_candidate,unspecified,unconditional_explicit_clause,minimum,12.0,,4,4
C,occupation_task,explicit_rule_candidate,unspecified,unconditional_explicit_clause,minimum,15.0,,5,5
C,occupation_task,explicit_rule_candidate,unspecified,unconditional_explicit_clause,minimum,2.0,,29,29
C,occupation_task,explicit_rule_candidate,unspecified,unconditional_explicit_clause,minimum,3.0,,45,47
C,occupation_task,explicit_rule_candidate,unspecified,unconditional_explicit_clause,minimum,4.0,,13,13
C,occupation_task,explicit_rule_candidate,unspecified,unconditional_explicit_clause,minimum,5.0,,46,48
C,occupation_task,explicit_rule_candidate,unspecified,unconditional_explicit_clause,minimum,6.0,,15,16
C,occupation_task,explicit_rule_candidate,unspecified,unconditional_explicit_clause,minimum,7.0,,16,16
C,occupation_task,explicit_rule_candidate,unspecified,unconditional_explicit_clause,minimum,8.0,,16,16
C,occupation_task,explicit_rule_candidate,unspecified,unconditional_explicit_clause,minimum,9.0,,5,7
C,occupation_task,explicit_rule_candidate,unspecified,unconditional_explicit_clause,no_duration,,,479,744
C,occupation_task,explicit_rule_candidate,unspecified,unconditional_explicit_clause,range,0.0,2.0,3,3
C,occupation_task,explicit_rule_candidate,unspecified,unconditional_explicit_clause,range,1.0,2.0,1,1
C,occupation_task,explicit_rule_candidate,unspecified,unconditional_explicit_clause,range,1.0,3.0,1,1
C,occupation_task,explicit_rule_candidate,unspecified,unconditional_explicit_clause,range,10.0,13.0,1,1
C,occupation_task,explicit_rule_candidate,unspecified,unconditional_explicit_clause,range,2.0,3.0,1,1
C,occupation_task,explicit_rule_candidate,unspecified,unconditional_explicit_clause,range,2.0,4.0,3,5
C,occupation_task,explicit_rule_candidate,unspecified,unconditional_explicit_clause,range,2.0,5.0,3,3
C,occupation_task,explicit_rule_candidate,unspecified,unconditional_explicit_clause,range,3.0,5.0,7,7
C,occupation_task,explicit_rule_candidate,unspecified,unconditional_explicit_clause,range,3.0,6.0,1,1
C,occupation_task,explicit_rule_candidate,unspecified,unconditional_explicit_clause,range,3.0,7.0,1,1
C,occupation_task,explicit_rule_candidate,unspecified,unconditional_explicit_clause,range,4.0,5.0,1,1
C,occupation_task,explicit_rule_candidate,unspecified,unconditional_explicit_clause,range,4.0,6.0,2,2
C,occupation_task,explicit_rule_candidate,unspecified,unconditional_explicit_clause,range,4.0,7.0,2,3
C,occupation_task,explicit_rule_candidate,unspecified,unconditional_explicit_clause,range,4.0,8.0,1,1
C,occupation_task,explicit_rule_candidate,unspecified,unconditional_explicit_clause,range,5.0,10.0,4,4
C,occupation_task,explicit_rule_candidate,unspecified,unconditional_explicit_clause,range,5.0,7.0,3,3
C,occupation_task,explicit_rule_candidate,unspecified,unconditional_explicit_clause,range,5.0,8.0,3,3
C,occupation_task,explicit_rule_candidate,unspecified,unconditional_explicit_clause,range,6.0,10.0,2,2
C,occupation_task,explicit_rule_candidate,unspecified,unconditional_explicit_clause,range,7.0,10.0,1,1
C,occupation_task,explicit_rule_candidate,unspecified,unconditional_explicit_clause,range,8.0,10.0,1,1
C,occupation_task,explicit_rule_candidate,unspecified,unconditional_explicit_clause,stated_unspecified,1.0,,2,2
C,occupation_task,explicit_rule_candidate,unspecified,unconditional_explicit_clause,stated_unspecified,10.0,,2,2
C,occupation_task,explicit_rule_candidate,unspecified,unconditional_explicit_clause,stated_unspecified,15.0,,1,1
C,occupation_task,explicit_rule_candidate,unspecified,unconditional_explicit_clause,stated_unspecified,18.0,,2,2
C,occupation_task,explicit_rule_candidate,unspecified,unconditional_explicit_clause,stated_unspecified,2.0,,4,4
C,occupation_task,explicit_rule_candidate,unspecified,unconditional_explicit_clause,stated_unspecified,20.0,,2,2
C,occupation_task,explicit_rule_candidate,unspecified,unconditional_explicit_clause,stated_unspecified,3.0,,3,3
C,occupation_task,explicit_rule_candidate,unspecified,unconditional_explicit_clause,stated_unspecified,37.0,,1,1
C,occupation_task,explicit_rule_candidate,unspecified,unconditional_explicit_clause,stated_unspecified,4.0,,3,3
C,occupation_task,explicit_rule_candidate,unspecified,unconditional_explicit_clause,stated_unspecified,5.0,,5,5
C,occupation_task,explicit_rule_candidate,unspecified,unconditional_explicit_clause,stated_unspecified,6.0,,5,5
C,occupation_task,explicit_rule_candidate,unspecified,unconditional_explicit_clause,stated_unspecified,8.0,,1,1
C,occupation_task,needs_review,mixed,education_alternative,no_duration,,,1,1
C,occupation_task,needs_review,mixed,other_conditional,no_duration,,,1,1
C,occupation_task,needs_review,mixed,unconditional_explicit_clause,no_duration,,,7,7
C,occupation_task,needs_review,preferred,document_multiline_alternative_unresolved,no_duration,,,2,2
C,occupation_task,needs_review,preferred,education_alternative,minimum,12.0,,1,1
C,occupation_task,needs_review,preferred,education_alternative,minimum,2.0,,1,1
C,occupation_task,needs_review,preferred,education_alternative,minimum,3.0,,5,5
C,occupation_task,needs_review,preferred,education_alternative,minimum,5.0,,4,4
C,occupation_task,needs_review,preferred,education_alternative,minimum,6.0,,2,2
C,occupation_task,needs_review,preferred,education_alternative,minimum,7.0,,3,3
C,occupation_task,needs_review,preferred,education_alternative,minimum,8.0,,1,1
C,occupation_task,needs_review,preferred,education_alternative,no_duration,,,36,39
C,occupation_task,needs_review,preferred,education_alternative,range,3.0,5.0,1,1
C,occupation_task,needs_review,preferred,education_alternative,stated_unspecified,2.0,,2,2
C,occupation_task,needs_review,preferred,education_alternative,stated_unspecified,3.0,,19,19
C,occupation_task,needs_review,preferred,education_alternative,stated_unspecified,4.0,,3,3
C,occupation_task,needs_review,preferred,education_alternative,stated_unspecified,5.0,,4,5
C,occupation_task,needs_review,preferred,education_alternative,stated_unspecified,6.0,,1,1
C,occupation_task,needs_review,preferred,other_conditional,no_duration,,,55,55
C,occupation_task,needs_review,preferred,other_conditional,range,1.0,2.0,1,1
C,occupation_task,needs_review,preferred,unconditional_explicit_clause,no_duration,,,60,62
C,occupation_task,needs_review,required,document_multiline_alternative_unresolved,minimum,1.0,,1,1
C,occupation_task,needs_review,required,document_multiline_alternative_unresolved,minimum,2.0,,2,2
C,occupation_task,needs_review,required,document_multiline_alternative_unresolved,minimum,3.0,,2,2
C,occupation_task,needs_review,required,document_multiline_alternative_unresolved,minimum,4.0,,1,1
C,occupation_task,needs_review,required,document_multiline_alternative_unresolved,stated_unspecified,3.0,,1,1
C,occupation_task,needs_review,required,education_alternative,minimum,1.0,,12,12
C,occupation_task,needs_review,required,education_alternative,minimum,10.0,,2,2
C,occupation_task,needs_review,required,education_alternative,minimum,12.0,,1,1
C,occupation_task,needs_review,required,education_alternative,minimum,15.0,,1,1
C,occupation_task,needs_review,required,education_alternative,minimum,2.0,,13,13
C,occupation_task,needs_review,required,education_alternative,minimum,3.0,,19,19
C,occupation_task,needs_review,required,education_alternative,minimum,4.0,,13,13
C,occupation_task,needs_review,required,education_alternative,minimum,5.0,,14,14
C,occupation_task,needs_review,required,education_alternative,minimum,6.0,,2,2
C,occupation_task,needs_review,required,education_alternative,minimum,7.0,,3,3
C,occupation_task,needs_review,required,education_alternative,minimum,8.0,,4,4
C,occupation_task,needs_review,required,education_alternative,minimum,9.0,,1,1
C,occupation_task,needs_review,required,education_alternative,no_duration,,,183,199
C,occupation_task,needs_review,required,education_alternative,range,0.0,2.0,1,1
C,occupation_task,needs_review,required,education_alternative,range,12.0,15.0,1,1
C,occupation_task,needs_review,required,education_alternative,range,3.0,5.0,1,1
C,occupation_task,needs_review,required,education_alternative,range,4.0,5.0,1,1
C,occupation_task,needs_review,required,education_alternative,stated_unspecified,1.0,,5,5
C,occupation_task,needs_review,required,education_alternative,stated_unspecified,11.0,,3,3
C,occupation_task,needs_review,required,education_alternative,stated_unspecified,13.0,,3,3
C,occupation_task,needs_review,required,education_alternative,stated_unspecified,2.0,,8,8
C,occupation_task,needs_review,required,education_alternative,stated_unspecified,3.0,,7,7
C,occupation_task,needs_review,required,education_alternative,stated_unspecified,4.0,,14,14
C,occupation_task,needs_review,required,education_alternative,stated_unspecified,5.0,,9,9
C,occupation_task,needs_review,required,education_alternative,stated_unspecified,6.0,,10,10
C,occupation_task,needs_review,required,education_alternative,stated_unspecified,7.0,,2,2
C,occupation_task,needs_review,required,education_alternative,stated_unspecified,8.0,,2,2
C,occupation_task,needs_review,required,education_alternative,stated_unspecified,9.0,,3,3
C,occupation_task,needs_review,required,other_conditional,minimum,4.0,,1,1
C,occupation_task,needs_review,required,other_conditional,minimum,8.0,,1,1
C,occupation_task,needs_review,required,other_conditional,no_duration,,,13,13
C,occupation_task,needs_review,required,unconditional_explicit_clause,no_duration,,,115,120
C,occupation_task,needs_review,required,unconditional_explicit_clause,stated_unspecified,3.0,,1,1
C,occupation_task,needs_review,unspecified,document_multiline_alternative_unresolved,minimum,3.0,,1,1
C,occupation_task,needs_review,unspecified,document_multiline_alternative_unresolved,no_duration,,,1,1
C,occupation_task,needs_review,unspecified,document_multiline_alternative_unresolved,stated_unspecified,6.0,,1,1
C,occupation_task,needs_review,unspecified,education_alternative,minimum,15.0,,1,1
C,occupation_task,needs_review,unspecified,education_alternative,minimum,2.0,,3,3
C,occupation_task,needs_review,unspecified,education_alternative,minimum,3.0,,1,1
C,occupation_task,needs_review,unspecified,education_alternative,minimum,4.0,,1,1
C,occupation_task,needs_review,unspecified,education_alternative,minimum,5.0,,3,3
C,occupation_task,needs_review,unspecified,education_alternative,minimum,6.0,,2,2
C,occupation_task,needs_review,unspecified,education_alternative,no_duration,,,74,78
C,occupation_task,needs_review,unspecified,education_alternative,range,3.0,5.0,1,1
C,occupation_task,needs_review,unspecified,education_alternative,range,4.0,5.0,3,3
C,occupation_task,needs_review,unspecified,education_alternative,range,4.0,7.0,1,1
C,occupation_task,needs_review,unspecified,education_alternative,stated_unspecified,1.0,,1,2
C,occupation_task,needs_review,unspecified,education_alternative,stated_unspecified,10.0,,1,1
C,occupation_task,needs_review,unspecified,education_alternative,stated_unspecified,14.0,,1,1
C,occupation_task,needs_review,unspecified,education_alternative,stated_unspecified,2.0,,2,2
C,occupation_task,needs_review,unspecified,education_alternative,stated_unspecified,3.0,,2,2
C,occupation_task,needs_review,unspecified,education_alternative,stated_unspecified,4.0,,3,3
C,occupation_task,needs_review,unspecified,education_alternative,stated_unspecified,5.0,,4,4
C,occupation_task,needs_review,unspecified,education_alternative,stated_unspecified,8.0,,1,1
C,occupation_task,needs_review,unspecified,other_conditional,no_duration,,,24,25
C,occupation_task,needs_review,unspecified,unconditional_explicit_clause,minimum,4.0,,1,1
C,occupation_task,needs_review,unspecified,unconditional_explicit_clause,no_duration,,,211,226
C,tool,explicit_rule_candidate,preferred,unconditional_explicit_clause,minimum,1.0,,2,2
C,tool,explicit_rule_candidate,preferred,unconditional_explicit_clause,minimum,2.0,,7,7
C,tool,explicit_rule_candidate,preferred,unconditional_explicit_clause,minimum,3.0,,1,1
C,tool,explicit_rule_candidate,preferred,unconditional_explicit_clause,minimum,4.0,,2,2
C,tool,explicit_rule_candidate,preferred,unconditional_explicit_clause,minimum,5.0,,2,2
C,tool,explicit_rule_candidate,preferred,unconditional_explicit_clause,minimum,6.0,,5,10
C,tool,explicit_rule_candidate,preferred,unconditional_explicit_clause,minimum,7.0,,2,3
C,tool,explicit_rule_candidate,preferred,unconditional_explicit_clause,no_duration,,,324,363
C,tool,explicit_rule_candidate,preferred,unconditional_explicit_clause,stated_unspecified,1.0,,1,1
C,tool,explicit_rule_candidate,preferred,unconditional_explicit_clause,stated_unspecified,2.0,,2,2
C,tool,explicit_rule_candidate,preferred,unconditional_explicit_clause,stated_unspecified,3.0,,2,5
C,tool,explicit_rule_candidate,required,unconditional_explicit_clause,minimum,0.5,,1,1
C,tool,explicit_rule_candidate,required,unconditional_explicit_clause,minimum,1.0,,7,7
C,tool,explicit_rule_candidate,required,unconditional_explicit_clause,minimum,11.0,,1,1
C,tool,explicit_rule_candidate,required,unconditional_explicit_clause,minimum,2.0,,41,53
C,tool,explicit_rule_candidate,required,unconditional_explicit_clause,minimum,3.0,,40,54
C,tool,explicit_rule_candidate,required,unconditional_explicit_clause,minimum,4.0,,26,28
C,tool,explicit_rule_candidate,required,unconditional_explicit_clause,minimum,5.0,,26,29
C,tool,explicit_rule_candidate,required,unconditional_explicit_clause,minimum,6.0,,2,2
C,tool,explicit_rule_candidate,required,unconditional_explicit_clause,minimum,7.0,,5,6
C,tool,explicit_rule_candidate,required,unconditional_explicit_clause,minimum,8.0,,5,5
C,tool,explicit_rule_candidate,required,unconditional_explicit_clause,no_duration,,,290,359
C,tool,explicit_rule_candidate,required,unconditional_explicit_clause,range,0.0,2.0,1,1
C,tool,explicit_rule_candidate,required,unconditional_explicit_clause,range,1.0,2.0,2,2
C,tool,explicit_rule_candidate,required,unconditional_explicit_clause,range,2.0,3.0,1,2
C,tool,explicit_rule_candidate,required,unconditional_explicit_clause,stated_unspecified,1.0,,6,7
C,tool,explicit_rule_candidate,required,unconditional_explicit_clause,stated_unspecified,2.0,,2,2
C,tool,explicit_rule_candidate,required,unconditional_explicit_clause,stated_unspecified,3.0,,4,4
C,tool,explicit_rule_candidate,required,unconditional_explicit_clause,stated_unspecified,4.0,,2,3
C,tool,explicit_rule_candidate,required,unconditional_explicit_clause,stated_unspecified,5.0,,1,1
C,tool,explicit_rule_candidate,required,unconditional_explicit_clause,stated_unspecified,7.0,,1,1
C,tool,explicit_rule_candidate,required,unconditional_explicit_clause,stated_unspecified,8.0,,2,2
C,tool,explicit_rule_candidate,unspecified,unconditional_explicit_clause,minimum,1.0,,2,2
C,tool,explicit_rule_candidate,unspecified,unconditional_explicit_clause,minimum,10.0,,1,1
C,tool,explicit_rule_candidate,unspecified,unconditional_explicit_clause,minimum,2.0,,1,1
C,tool,explicit_rule_candidate,unspecified,unconditional_explicit_clause,minimum,3.0,,6,6
C,tool,explicit_rule_candidate,unspecified,unconditional_explicit_clause,minimum,4.0,,7,7
C,tool,explicit_rule_candidate,unspecified,unconditional_explicit_clause,minimum,5.0,,8,8
C,tool,explicit_rule_candidate,unspecified,unconditional_explicit_clause,minimum,6.0,,10,12
C,tool,explicit_rule_candidate,unspecified,unconditional_explicit_clause,minimum,7.0,,1,1
C,tool,explicit_rule_candidate,unspecified,unconditional_explicit_clause,minimum,8.0,,1,1
C,tool,explicit_rule_candidate,unspecified,unconditional_explicit_clause,minimum,9.0,,2,2
C,tool,explicit_rule_candidate,unspecified,unconditional_explicit_clause,no_duration,,,229,296
C,tool,explicit_rule_candidate,unspecified,unconditional_explicit_clause,range,2.0,5.0,1,2
C,tool,explicit_rule_candidate,unspecified,unconditional_explicit_clause,range,4.0,5.0,1,1
C,tool,explicit_rule_candidate,unspecified,unconditional_explicit_clause,stated_unspecified,1.0,,1,1
C,tool,explicit_rule_candidate,unspecified,unconditional_explicit_clause,stated_unspecified,3.0,,1,1
C,tool,explicit_rule_candidate,unspecified,unconditional_explicit_clause,stated_unspecified,4.0,,1,1
C,tool,needs_review,mixed,unconditional_explicit_clause,no_duration,,,3,3
C,tool,needs_review,preferred,other_conditional,no_duration,,,1,1
C,tool,needs_review,preferred,unconditional_explicit_clause,no_duration,,,10,10
C,tool,needs_review,required,unconditional_explicit_clause,no_duration,,,18,19
C,tool,needs_review,unspecified,education_alternative,no_duration,,,1,1
C,tool,needs_review,unspecified,education_alternative,stated_unspecified,3.0,,1,1
C,tool,needs_review,unspecified,other_conditional,minimum,4.0,,1,1
C,tool,needs_review,unspecified,unconditional_explicit_clause,no_duration,,,18,19
C,tool,needs_review,unspecified,unconditional_explicit_clause,stated_unspecified,1.0,,4,4
C,unresolved,needs_review,mixed,other_conditional,no_duration,,,1,1
C,unresolved,needs_review,mixed,unconditional_explicit_clause,minimum,5.0,,1,1
C,unresolved,needs_review,mixed,unconditional_explicit_clause,no_duration,,,22,22
C,unresolved,needs_review,preferred,document_multiline_alternative_unresolved,no_duration,,,4,10
C,unresolved,needs_review,preferred,education_alternative,minimum,12.0,,3,3
C,unresolved,needs_review,preferred,education_alternative,minimum,3.0,,1,1
C,unresolved,needs_review,preferred,education_alternative,minimum,6.0,,1,1
C,unresolved,needs_review,preferred,education_alternative,no_duration,,,20,20
C,unresolved,needs_review,preferred,education_alternative,range,2.0,4.0,1,1
C,unresolved,needs_review,preferred,education_alternative,stated_unspecified,3.0,,1,1
C,unresolved,needs_review,preferred,other_conditional,no_duration,,,28,28
C,unresolved,needs_review,preferred,unconditional_explicit_clause,minimum,1.0,,10,13
C,unresolved,needs_review,preferred,unconditional_explicit_clause,minimum,10.0,,1,1
C,unresolved,needs_review,preferred,unconditional_explicit_clause,minimum,12.0,,1,1
C,unresolved,needs_review,preferred,unconditional_explicit_clause,minimum,15.0,,1,1
C,unresolved,needs_review,preferred,unconditional_explicit_clause,minimum,2.0,,8,9
C,unresolved,needs_review,preferred,unconditional_explicit_clause,minimum,3.0,,8,13
C,unresolved,needs_review,preferred,unconditional_explicit_clause,minimum,4.0,,4,4
C,unresolved,needs_review,preferred,unconditional_explicit_clause,minimum,5.0,,6,9
C,unresolved,needs_review,preferred,unconditional_explicit_clause,minimum,6.0,,8,8
C,unresolved,needs_review,preferred,unconditional_explicit_clause,minimum,7.0,,5,5
C,unresolved,needs_review,preferred,unconditional_explicit_clause,minimum,8.0,,1,1
C,unresolved,needs_review,preferred,unconditional_explicit_clause,no_duration,,,877,1733
C,unresolved,needs_review,preferred,unconditional_explicit_clause,range,5.0,7.0,1,1
C,unresolved,needs_review,preferred,unconditional_explicit_clause,stated_unspecified,1.0,,4,4
C,unresolved,needs_review,preferred,unconditional_explicit_clause,stated_unspecified,2.0,,12,12
C,unresolved,needs_review,preferred,unconditional_explicit_clause,stated_unspecified,3.0,,3,13
C,unresolved,needs_review,preferred,unconditional_explicit_clause,stated_unspecified,4.0,,13,13
C,unresolved,needs_review,preferred,unconditional_explicit_clause,stated_unspecified,5.0,,1,1
C,unresolved,needs_review,preferred,unconditional_explicit_clause,stated_unspecified,6.0,,5,5
C,unresolved,needs_review,preferred,unconditional_explicit_clause,stated_unspecified,7.0,,6,6
C,unresolved,needs_review,preferred,unconditional_explicit_clause,stated_unspecified,8.0,,3,3
C,unresolved,needs_review,required,document_multiline_alternative_unresolved,no_duration,,,4,7
C,unresolved,needs_review,required,document_multiline_alternative_unresolved,stated_unspecified,10.0,,1,1
C,unresolved,needs_review,required,document_multiline_alternative_unresolved,stated_unspecified,2.0,,1,1
C,unresolved,needs_review,required,document_multiline_alternative_unresolved,stated_unspecified,4.0,,1,1
C,unresolved,needs_review,required,document_multiline_alternative_unresolved,stated_unspecified,8.0,,1,1
C,unresolved,needs_review,required,education_alternative,minimum,2.0,,3,3
C,unresolved,needs_review,required,education_alternative,minimum,5.0,,2,2
C,unresolved,needs_review,required,education_alternative,minimum,8.0,,1,1
C,unresolved,needs_review,required,education_alternative,no_duration,,,106,107
C,unresolved,needs_review,required,education_alternative,stated_unspecified,0.0,,1,1
C,unresolved,needs_review,required,education_alternative,stated_unspecified,1.0,,2,2
C,unresolved,needs_review,required,education_alternative,stated_unspecified,16.0,,1,1
C,unresolved,needs_review,required,education_alternative,stated_unspecified,2.0,,6,6
C,unresolved,needs_review,required,education_alternative,stated_unspecified,3.0,,1,1
C,unresolved,needs_review,required,education_alternative,stated_unspecified,5.0,,2,2
C,unresolved,needs_review,required,education_alternative,stated_unspecified,6.0,,1,1
C,unresolved,needs_review,required,other_conditional,no_duration,,,21,21
C,unresolved,needs_review,required,unconditional_explicit_clause,maximum,,1.0,1,1
C,unresolved,needs_review,required,unconditional_explicit_clause,maximum,,3.0,1,1
C,unresolved,needs_review,required,unconditional_explicit_clause,minimum,1.0,,48,81
C,unresolved,needs_review,required,unconditional_explicit_clause,minimum,10.0,,11,13
C,unresolved,needs_review,required,unconditional_explicit_clause,minimum,11.0,,2,2
C,unresolved,needs_review,required,unconditional_explicit_clause,minimum,15.0,,1,1
C,unresolved,needs_review,required,unconditional_explicit_clause,minimum,2.0,,65,90
C,unresolved,needs_review,required,unconditional_explicit_clause,minimum,3.0,,66,83
C,unresolved,needs_review,required,unconditional_explicit_clause,minimum,4.0,,32,42
C,unresolved,needs_review,required,unconditional_explicit_clause,minimum,5.0,,38,50
C,unresolved,needs_review,required,unconditional_explicit_clause,minimum,6.0,,10,13
C,unresolved,needs_review,required,unconditional_explicit_clause,minimum,7.0,,14,16
C,unresolved,needs_review,required,unconditional_explicit_clause,minimum,8.0,,16,16
C,unresolved,needs_review,required,unconditional_explicit_clause,no_duration,,,675,1307
C,unresolved,needs_review,required,unconditional_explicit_clause,range,0.0,2.0,1,1
C,unresolved,needs_review,required,unconditional_explicit_clause,range,1.0,2.0,2,2
C,unresolved,needs_review,required,unconditional_explicit_clause,range,10.0,15.0,1,1
C,unresolved,needs_review,required,unconditional_explicit_clause,range,2.0,3.0,1,1
C,unresolved,needs_review,required,unconditional_explicit_clause,range,2.0,5.0,1,1
C,unresolved,needs_review,required,unconditional_explicit_clause,range,2.0,8.0,1,1
C,unresolved,needs_review,required,unconditional_explicit_clause,range,3.0,5.0,6,6
C,unresolved,needs_review,required,unconditional_explicit_clause,range,3.0,8.0,1,1
C,unresolved,needs_review,required,unconditional_explicit_clause,range,7.0,10.0,1,1
C,unresolved,needs_review,required,unconditional_explicit_clause,range,8.0,10.0,1,1
C,unresolved,needs_review,required,unconditional_explicit_clause,stated_unspecified,0.5,,5,5
C,unresolved,needs_review,required,unconditional_explicit_clause,stated_unspecified,1.0,,5,6
C,unresolved,needs_review,required,unconditional_explicit_clause,stated_unspecified,10.0,,1,1
C,unresolved,needs_review,required,unconditional_explicit_clause,stated_unspecified,2.0,,19,23
C,unresolved,needs_review,required,unconditional_explicit_clause,stated_unspecified,3.0,,22,22
C,unresolved,needs_review,required,unconditional_explicit_clause,stated_unspecified,4.0,,4,4
C,unresolved,needs_review,required,unconditional_explicit_clause,stated_unspecified,5.0,,2,2
C,unresolved,needs_review,required,unconditional_explicit_clause,stated_unspecified,6.0,,2,2
C,unresolved,needs_review,required,unconditional_explicit_clause,stated_unspecified,7.0,,9,9
C,unresolved,needs_review,required,unconditional_explicit_clause,stated_unspecified,8.0,,3,3
C,unresolved,needs_review,required,unconditional_explicit_clause,stated_unspecified,9.0,,1,1
C,unresolved,needs_review,unspecified,document_multiline_alternative_unresolved,no_duration,,,2,9
C,unresolved,needs_review,unspecified,education_alternative,minimum,12.0,,1,1
C,unresolved,needs_review,unspecified,education_alternative,no_duration,,,35,36
C,unresolved,needs_review,unspecified,education_alternative,range,1.0,3.0,1,1
C,unresolved,needs_review,unspecified,education_alternative,stated_unspecified,1.0,,1,1
C,unresolved,needs_review,unspecified,education_alternative,stated_unspecified,3.0,,2,2
C,unresolved,needs_review,unspecified,education_alternative,stated_unspecified,4.0,,2,2
C,unresolved,needs_review,unspecified,other_conditional,no_duration,,,69,72
C,unresolved,needs_review,unspecified,unconditional_explicit_clause,maximum,,2.0,1,1
C,unresolved,needs_review,unspecified,unconditional_explicit_clause,minimum,1.0,,7,7
C,unresolved,needs_review,unspecified,unconditional_explicit_clause,minimum,10.0,,7,7
C,unresolved,needs_review,unspecified,unconditional_explicit_clause,minimum,2.0,,13,16
C,unresolved,needs_review,unspecified,unconditional_explicit_clause,minimum,3.0,,18,19
C,unresolved,needs_review,unspecified,unconditional_explicit_clause,minimum,4.0,,5,5
C,unresolved,needs_review,unspecified,unconditional_explicit_clause,minimum,5.0,,28,28
C,unresolved,needs_review,unspecified,unconditional_explicit_clause,minimum,6.0,,6,6
C,unresolved,needs_review,unspecified,unconditional_explicit_clause,minimum,7.0,,3,3
C,unresolved,needs_review,unspecified,unconditional_explicit_clause,minimum,8.0,,6,6
C,unresolved,needs_review,unspecified,unconditional_explicit_clause,minimum,9.0,,1,1
C,unresolved,needs_review,unspecified,unconditional_explicit_clause,no_duration,,,869,1648
C,unresolved,needs_review,unspecified,unconditional_explicit_clause,range,0.0,3.0,1,1
C,unresolved,needs_review,unspecified,unconditional_explicit_clause,range,1.0,2.0,4,4
C,unresolved,needs_review,unspecified,unconditional_explicit_clause,range,2.0,3.0,2,2
C,unresolved,needs_review,unspecified,unconditional_explicit_clause,range,2.0,4.0,1,1
C,unresolved,needs_review,unspecified,unconditional_explicit_clause,range,2.0,5.0,1,1
C,unresolved,needs_review,unspecified,unconditional_explicit_clause,range,3.0,5.0,1,1
C,unresolved,needs_review,unspecified,unconditional_explicit_clause,range,3.0,6.0,1,1
C,unresolved,needs_review,unspecified,unconditional_explicit_clause,range,4.0,8.0,1,1
C,unresolved,needs_review,unspecified,unconditional_explicit_clause,range,5.0,8.0,2,2
C,unresolved,needs_review,unspecified,unconditional_explicit_clause,range,6.0,10.0,2,2
C,unresolved,needs_review,unspecified,unconditional_explicit_clause,stated_unspecified,1.0,,40,41
C,unresolved,needs_review,unspecified,unconditional_explicit_clause,stated_unspecified,2.0,,1,1
C,unresolved,needs_review,unspecified,unconditional_explicit_clause,stated_unspecified,3.0,,5,9
C,unresolved,needs_review,unspecified,unconditional_explicit_clause,stated_unspecified,4.0,,4,4
C,unresolved,needs_review,unspecified,unconditional_explicit_clause,stated_unspecified,5.0,,2,2
C,unresolved,needs_review,unspecified,unconditional_explicit_clause,stated_unspecified,6.0,,2,2
C,unresolved,needs_review,unspecified,unconditional_explicit_clause,stated_unspecified,7.0,,2,2
C,unresolved,needs_review,unspecified,unconditional_explicit_clause,stated_unspecified,9.0,,1,1
