file,window,dataset,stock,axis,bin_left_us,bin_right_us,pair_count
AAPL_AUG_ARCX_PILLAR_mbp1.dbn.zst,AAPL_AUG,ARCX.PILLAR,AAPL,EVENT,-5000,-4950,0
AAPL_AUG_ARCX_PILLAR_mbp1.dbn.zst,AAPL_AUG,ARCX.PILLAR,AAPL,EVENT,-4950,-4900,0
AAPL_AUG_ARCX_PILLAR_mbp1.dbn.zst,AAPL_AUG,ARCX.PILLAR,AAPL,EVENT,-4900,-4850,7
AAPL_AUG_ARCX_PILLAR_mbp1.dbn.zst,AAPL_AUG,ARCX.PILLAR,AAPL,EVENT,-4850,-4800,1
AAPL_AUG_ARCX_PILLAR_mbp1.dbn.zst,AAPL_AUG,ARCX.PILLAR,AAPL,EVENT,-4800,-4750,0
AAPL_AUG_ARCX_PILLAR_mbp1.dbn.zst,AAPL_AUG,ARCX.PILLAR,AAPL,EVENT,-4750,-4700,0
AAPL_AUG_ARCX_PILLAR_mbp1.dbn.zst,AAPL_AUG,ARCX.PILLAR,AAPL,EVENT,-4700,-4650,1
AAPL_AUG_ARCX_PILLAR_mbp1.dbn.zst,AAPL_AUG,ARCX.PILLAR,AAPL,EVENT,-4650,-4600,7
AAPL_AUG_ARCX_PILLAR_mbp1.dbn.zst,AAPL_AUG,ARCX.PILLAR,AAPL,EVENT,-4600,-4550,4
AAPL_AUG_ARCX_PILLAR_mbp1.dbn.zst,AAPL_AUG,ARCX.PILLAR,AAPL,EVENT,-4550,-4500,1
AAPL_AUG_ARCX_PILLAR_mbp1.dbn.zst,AAPL_AUG,ARCX.PILLAR,AAPL,EVENT,-4500,-4450,0
AAPL_AUG_ARCX_PILLAR_mbp1.dbn.zst,AAPL_AUG,ARCX.PILLAR,AAPL,EVENT,-4450,-4400,2
AAPL_AUG_ARCX_PILLAR_mbp1.dbn.zst,AAPL_AUG,ARCX.PILLAR,AAPL,EVENT,-4400,-4350,10
AAPL_AUG_ARCX_PILLAR_mbp1.dbn.zst,AAPL_AUG,ARCX.PILLAR,AAPL,EVENT,-4350,-4300,1
AAPL_AUG_ARCX_PILLAR_mbp1.dbn.zst,AAPL_AUG,ARCX.PILLAR,AAPL,EVENT,-4300,-4250,5
AAPL_AUG_ARCX_PILLAR_mbp1.dbn.zst,AAPL_AUG,ARCX.PILLAR,AAPL,EVENT,-4250,-4200,5
AAPL_AUG_ARCX_PILLAR_mbp1.dbn.zst,AAPL_AUG,ARCX.PILLAR,AAPL,EVENT,-4200,-4150,2
AAPL_AUG_ARCX_PILLAR_mbp1.dbn.zst,AAPL_AUG,ARCX.PILLAR,AAPL,EVENT,-4150,-4100,4
AAPL_AUG_ARCX_PILLAR_mbp1.dbn.zst,AAPL_AUG,ARCX.PILLAR,AAPL,EVENT,-4100,-4050,5
AAPL_AUG_ARCX_PILLAR_mbp1.dbn.zst,AAPL_AUG,ARCX.PILLAR,AAPL,EVENT,-4050,-4000,18
AAPL_AUG_ARCX_PILLAR_mbp1.dbn.zst,AAPL_AUG,ARCX.PILLAR,AAPL,EVENT,-4000,-3950,2
AAPL_AUG_ARCX_PILLAR_mbp1.dbn.zst,AAPL_AUG,ARCX.PILLAR,AAPL,EVENT,-3950,-3900,0
AAPL_AUG_ARCX_PILLAR_mbp1.dbn.zst,AAPL_AUG,ARCX.PILLAR,AAPL,EVENT,-3900,-3850,0
AAPL_AUG_ARCX_PILLAR_mbp1.dbn.zst,AAPL_AUG,ARCX.PILLAR,AAPL,EVENT,-3850,-3800,11
AAPL_AUG_ARCX_PILLAR_mbp1.dbn.zst,AAPL_AUG,ARCX.PILLAR,AAPL,EVENT,-3800,-3750,0
AAPL_AUG_ARCX_PILLAR_mbp1.dbn.zst,AAPL_AUG,ARCX.PILLAR,AAPL,EVENT,-3750,-3700,13
AAPL_AUG_ARCX_PILLAR_mbp1.dbn.zst,AAPL_AUG,ARCX.PILLAR,AAPL,EVENT,-3700,-3650,13
AAPL_AUG_ARCX_PILLAR_mbp1.dbn.zst,AAPL_AUG,ARCX.PILLAR,AAPL,EVENT,-3650,-3600,7
AAPL_AUG_ARCX_PILLAR_mbp1.dbn.zst,AAPL_AUG,ARCX.PILLAR,AAPL,EVENT,-3600,-3550,10
AAPL_AUG_ARCX_PILLAR_mbp1.dbn.zst,AAPL_AUG,ARCX.PILLAR,AAPL,EVENT,-3550,-3500,13
AAPL_AUG_ARCX_PILLAR_mbp1.dbn.zst,AAPL_AUG,ARCX.PILLAR,AAPL,EVENT,-3500,-3450,7
AAPL_AUG_ARCX_PILLAR_mbp1.dbn.zst,AAPL_AUG,ARCX.PILLAR,AAPL,EVENT,-3450,-3400,24
AAPL_AUG_ARCX_PILLAR_mbp1.dbn.zst,AAPL_AUG,ARCX.PILLAR,AAPL,EVENT,-3400,-3350,1
AAPL_AUG_ARCX_PILLAR_mbp1.dbn.zst,AAPL_AUG,ARCX.PILLAR,AAPL,EVENT,-3350,-3300,0
AAPL_AUG_ARCX_PILLAR_mbp1.dbn.zst,AAPL_AUG,ARCX.PILLAR,AAPL,EVENT,-3300,-3250,6
AAPL_AUG_ARCX_PILLAR_mbp1.dbn.zst,AAPL_AUG,ARCX.PILLAR,AAPL,EVENT,-3250,-3200,7
AAPL_AUG_ARCX_PILLAR_mbp1.dbn.zst,AAPL_AUG,ARCX.PILLAR,AAPL,EVENT,-3200,-3150,0
AAPL_AUG_ARCX_PILLAR_mbp1.dbn.zst,AAPL_AUG,ARCX.PILLAR,AAPL,EVENT,-3150,-3100,3
AAPL_AUG_ARCX_PILLAR_mbp1.dbn.zst,AAPL_AUG,ARCX.PILLAR,AAPL,EVENT,-3100,-3050,0
AAPL_AUG_ARCX_PILLAR_mbp1.dbn.zst,AAPL_AUG,ARCX.PILLAR,AAPL,EVENT,-3050,-3000,16
AAPL_AUG_ARCX_PILLAR_mbp1.dbn.zst,AAPL_AUG,ARCX.PILLAR,AAPL,EVENT,-3000,-2950,5
AAPL_AUG_ARCX_PILLAR_mbp1.dbn.zst,AAPL_AUG,ARCX.PILLAR,AAPL,EVENT,-2950,-2900,7
AAPL_AUG_ARCX_PILLAR_mbp1.dbn.zst,AAPL_AUG,ARCX.PILLAR,AAPL,EVENT,-2900,-2850,7
AAPL_AUG_ARCX_PILLAR_mbp1.dbn.zst,AAPL_AUG,ARCX.PILLAR,AAPL,EVENT,-2850,-2800,1
AAPL_AUG_ARCX_PILLAR_mbp1.dbn.zst,AAPL_AUG,ARCX.PILLAR,AAPL,EVENT,-2800,-2750,11
AAPL_AUG_ARCX_PILLAR_mbp1.dbn.zst,AAPL_AUG,ARCX.PILLAR,AAPL,EVENT,-2750,-2700,3
AAPL_AUG_ARCX_PILLAR_mbp1.dbn.zst,AAPL_AUG,ARCX.PILLAR,AAPL,EVENT,-2700,-2650,1
AAPL_AUG_ARCX_PILLAR_mbp1.dbn.zst,AAPL_AUG,ARCX.PILLAR,AAPL,EVENT,-2650,-2600,0
AAPL_AUG_ARCX_PILLAR_mbp1.dbn.zst,AAPL_AUG,ARCX.PILLAR,AAPL,EVENT,-2600,-2550,0
AAPL_AUG_ARCX_PILLAR_mbp1.dbn.zst,AAPL_AUG,ARCX.PILLAR,AAPL,EVENT,-2550,-2500,0
AAPL_AUG_ARCX_PILLAR_mbp1.dbn.zst,AAPL_AUG,ARCX.PILLAR,AAPL,EVENT,-2500,-2450,1
AAPL_AUG_ARCX_PILLAR_mbp1.dbn.zst,AAPL_AUG,ARCX.PILLAR,AAPL,EVENT,-2450,-2400,1
AAPL_AUG_ARCX_PILLAR_mbp1.dbn.zst,AAPL_AUG,ARCX.PILLAR,AAPL,EVENT,-2400,-2350,0
AAPL_AUG_ARCX_PILLAR_mbp1.dbn.zst,AAPL_AUG,ARCX.PILLAR,AAPL,EVENT,-2350,-2300,4
AAPL_AUG_ARCX_PILLAR_mbp1.dbn.zst,AAPL_AUG,ARCX.PILLAR,AAPL,EVENT,-2300,-2250,1
AAPL_AUG_ARCX_PILLAR_mbp1.dbn.zst,AAPL_AUG,ARCX.PILLAR,AAPL,EVENT,-2250,-2200,0
AAPL_AUG_ARCX_PILLAR_mbp1.dbn.zst,AAPL_AUG,ARCX.PILLAR,AAPL,EVENT,-2200,-2150,0
AAPL_AUG_ARCX_PILLAR_mbp1.dbn.zst,AAPL_AUG,ARCX.PILLAR,AAPL,EVENT,-2150,-2100,2
AAPL_AUG_ARCX_PILLAR_mbp1.dbn.zst,AAPL_AUG,ARCX.PILLAR,AAPL,EVENT,-2100,-2050,4
AAPL_AUG_ARCX_PILLAR_mbp1.dbn.zst,AAPL_AUG,ARCX.PILLAR,AAPL,EVENT,-2050,-2000,0
AAPL_AUG_ARCX_PILLAR_mbp1.dbn.zst,AAPL_AUG,ARCX.PILLAR,AAPL,EVENT,-2000,-1950,0
AAPL_AUG_ARCX_PILLAR_mbp1.dbn.zst,AAPL_AUG,ARCX.PILLAR,AAPL,EVENT,-1950,-1900,2
AAPL_AUG_ARCX_PILLAR_mbp1.dbn.zst,AAPL_AUG,ARCX.PILLAR,AAPL,EVENT,-1900,-1850,0
AAPL_AUG_ARCX_PILLAR_mbp1.dbn.zst,AAPL_AUG,ARCX.PILLAR,AAPL,EVENT,-1850,-1800,2
AAPL_AUG_ARCX_PILLAR_mbp1.dbn.zst,AAPL_AUG,ARCX.PILLAR,AAPL,EVENT,-1800,-1750,1
AAPL_AUG_ARCX_PILLAR_mbp1.dbn.zst,AAPL_AUG,ARCX.PILLAR,AAPL,EVENT,-1750,-1700,0
AAPL_AUG_ARCX_PILLAR_mbp1.dbn.zst,AAPL_AUG,ARCX.PILLAR,AAPL,EVENT,-1700,-1650,0
AAPL_AUG_ARCX_PILLAR_mbp1.dbn.zst,AAPL_AUG,ARCX.PILLAR,AAPL,EVENT,-1650,-1600,0
AAPL_AUG_ARCX_PILLAR_mbp1.dbn.zst,AAPL_AUG,ARCX.PILLAR,AAPL,EVENT,-1600,-1550,3
AAPL_AUG_ARCX_PILLAR_mbp1.dbn.zst,AAPL_AUG,ARCX.PILLAR,AAPL,EVENT,-1550,-1500,6
AAPL_AUG_ARCX_PILLAR_mbp1.dbn.zst,AAPL_AUG,ARCX.PILLAR,AAPL,EVENT,-1500,-1450,4
AAPL_AUG_ARCX_PILLAR_mbp1.dbn.zst,AAPL_AUG,ARCX.PILLAR,AAPL,EVENT,-1450,-1400,2
AAPL_AUG_ARCX_PILLAR_mbp1.dbn.zst,AAPL_AUG,ARCX.PILLAR,AAPL,EVENT,-1400,-1350,2
AAPL_AUG_ARCX_PILLAR_mbp1.dbn.zst,AAPL_AUG,ARCX.PILLAR,AAPL,EVENT,-1350,-1300,7
AAPL_AUG_ARCX_PILLAR_mbp1.dbn.zst,AAPL_AUG,ARCX.PILLAR,AAPL,EVENT,-1300,-1250,9
AAPL_AUG_ARCX_PILLAR_mbp1.dbn.zst,AAPL_AUG,ARCX.PILLAR,AAPL,EVENT,-1250,-1200,17
AAPL_AUG_ARCX_PILLAR_mbp1.dbn.zst,AAPL_AUG,ARCX.PILLAR,AAPL,EVENT,-1200,-1150,0
AAPL_AUG_ARCX_PILLAR_mbp1.dbn.zst,AAPL_AUG,ARCX.PILLAR,AAPL,EVENT,-1150,-1100,42
AAPL_AUG_ARCX_PILLAR_mbp1.dbn.zst,AAPL_AUG,ARCX.PILLAR,AAPL,EVENT,-1100,-1050,21
AAPL_AUG_ARCX_PILLAR_mbp1.dbn.zst,AAPL_AUG,ARCX.PILLAR,AAPL,EVENT,-1050,-1000,7
AAPL_AUG_ARCX_PILLAR_mbp1.dbn.zst,AAPL_AUG,ARCX.PILLAR,AAPL,EVENT,-1000,-950,11
AAPL_AUG_ARCX_PILLAR_mbp1.dbn.zst,AAPL_AUG,ARCX.PILLAR,AAPL,EVENT,-950,-900,13
AAPL_AUG_ARCX_PILLAR_mbp1.dbn.zst,AAPL_AUG,ARCX.PILLAR,AAPL,EVENT,-900,-850,5
AAPL_AUG_ARCX_PILLAR_mbp1.dbn.zst,AAPL_AUG,ARCX.PILLAR,AAPL,EVENT,-850,-800,1
AAPL_AUG_ARCX_PILLAR_mbp1.dbn.zst,AAPL_AUG,ARCX.PILLAR,AAPL,EVENT,-800,-750,2
AAPL_AUG_ARCX_PILLAR_mbp1.dbn.zst,AAPL_AUG,ARCX.PILLAR,AAPL,EVENT,-750,-700,1
AAPL_AUG_ARCX_PILLAR_mbp1.dbn.zst,AAPL_AUG,ARCX.PILLAR,AAPL,EVENT,-700,-650,3
AAPL_AUG_ARCX_PILLAR_mbp1.dbn.zst,AAPL_AUG,ARCX.PILLAR,AAPL,EVENT,-650,-600,10
AAPL_AUG_ARCX_PILLAR_mbp1.dbn.zst,AAPL_AUG,ARCX.PILLAR,AAPL,EVENT,-600,-550,0
AAPL_AUG_ARCX_PILLAR_mbp1.dbn.zst,AAPL_AUG,ARCX.PILLAR,AAPL,EVENT,-550,-500,48
AAPL_AUG_ARCX_PILLAR_mbp1.dbn.zst,AAPL_AUG,ARCX.PILLAR,AAPL,EVENT,-500,-450,91
AAPL_AUG_ARCX_PILLAR_mbp1.dbn.zst,AAPL_AUG,ARCX.PILLAR,AAPL,EVENT,-450,-400,85
AAPL_AUG_ARCX_PILLAR_mbp1.dbn.zst,AAPL_AUG,ARCX.PILLAR,AAPL,EVENT,-400,-350,50
AAPL_AUG_ARCX_PILLAR_mbp1.dbn.zst,AAPL_AUG,ARCX.PILLAR,AAPL,EVENT,-350,-300,56
AAPL_AUG_ARCX_PILLAR_mbp1.dbn.zst,AAPL_AUG,ARCX.PILLAR,AAPL,EVENT,-300,-250,2
AAPL_AUG_ARCX_PILLAR_mbp1.dbn.zst,AAPL_AUG,ARCX.PILLAR,AAPL,EVENT,-250,-200,2
AAPL_AUG_ARCX_PILLAR_mbp1.dbn.zst,AAPL_AUG,ARCX.PILLAR,AAPL,EVENT,-200,-150,38
AAPL_AUG_ARCX_PILLAR_mbp1.dbn.zst,AAPL_AUG,ARCX.PILLAR,AAPL,EVENT,-150,-100,40
AAPL_AUG_ARCX_PILLAR_mbp1.dbn.zst,AAPL_AUG,ARCX.PILLAR,AAPL,EVENT,-100,-50,32
AAPL_AUG_ARCX_PILLAR_mbp1.dbn.zst,AAPL_AUG,ARCX.PILLAR,AAPL,EVENT,-50,0,35
AAPL_AUG_ARCX_PILLAR_mbp1.dbn.zst,AAPL_AUG,ARCX.PILLAR,AAPL,EVENT,0,50,61
AAPL_AUG_ARCX_PILLAR_mbp1.dbn.zst,AAPL_AUG,ARCX.PILLAR,AAPL,EVENT,50,100,37
AAPL_AUG_ARCX_PILLAR_mbp1.dbn.zst,AAPL_AUG,ARCX.PILLAR,AAPL,EVENT,100,150,41
AAPL_AUG_ARCX_PILLAR_mbp1.dbn.zst,AAPL_AUG,ARCX.PILLAR,AAPL,EVENT,150,200,54
AAPL_AUG_ARCX_PILLAR_mbp1.dbn.zst,AAPL_AUG,ARCX.PILLAR,AAPL,EVENT,200,250,81
AAPL_AUG_ARCX_PILLAR_mbp1.dbn.zst,AAPL_AUG,ARCX.PILLAR,AAPL,EVENT,250,300,21
AAPL_AUG_ARCX_PILLAR_mbp1.dbn.zst,AAPL_AUG,ARCX.PILLAR,AAPL,EVENT,300,350,26
AAPL_AUG_ARCX_PILLAR_mbp1.dbn.zst,AAPL_AUG,ARCX.PILLAR,AAPL,EVENT,350,400,30
AAPL_AUG_ARCX_PILLAR_mbp1.dbn.zst,AAPL_AUG,ARCX.PILLAR,AAPL,EVENT,400,450,13
AAPL_AUG_ARCX_PILLAR_mbp1.dbn.zst,AAPL_AUG,ARCX.PILLAR,AAPL,EVENT,450,500,84
AAPL_AUG_ARCX_PILLAR_mbp1.dbn.zst,AAPL_AUG,ARCX.PILLAR,AAPL,EVENT,500,550,43
AAPL_AUG_ARCX_PILLAR_mbp1.dbn.zst,AAPL_AUG,ARCX.PILLAR,AAPL,EVENT,550,600,11
AAPL_AUG_ARCX_PILLAR_mbp1.dbn.zst,AAPL_AUG,ARCX.PILLAR,AAPL,EVENT,600,650,47
AAPL_AUG_ARCX_PILLAR_mbp1.dbn.zst,AAPL_AUG,ARCX.PILLAR,AAPL,EVENT,650,700,57
AAPL_AUG_ARCX_PILLAR_mbp1.dbn.zst,AAPL_AUG,ARCX.PILLAR,AAPL,EVENT,700,750,26
AAPL_AUG_ARCX_PILLAR_mbp1.dbn.zst,AAPL_AUG,ARCX.PILLAR,AAPL,EVENT,750,800,21
AAPL_AUG_ARCX_PILLAR_mbp1.dbn.zst,AAPL_AUG,ARCX.PILLAR,AAPL,EVENT,800,850,66
AAPL_AUG_ARCX_PILLAR_mbp1.dbn.zst,AAPL_AUG,ARCX.PILLAR,AAPL,EVENT,850,900,720
AAPL_AUG_ARCX_PILLAR_mbp1.dbn.zst,AAPL_AUG,ARCX.PILLAR,AAPL,EVENT,900,950,10
AAPL_AUG_ARCX_PILLAR_mbp1.dbn.zst,AAPL_AUG,ARCX.PILLAR,AAPL,EVENT,950,1000,25
AAPL_AUG_ARCX_PILLAR_mbp1.dbn.zst,AAPL_AUG,ARCX.PILLAR,AAPL,EVENT,1000,1050,28
AAPL_AUG_ARCX_PILLAR_mbp1.dbn.zst,AAPL_AUG,ARCX.PILLAR,AAPL,EVENT,1050,1100,8
AAPL_AUG_ARCX_PILLAR_mbp1.dbn.zst,AAPL_AUG,ARCX.PILLAR,AAPL,EVENT,1100,1150,22
AAPL_AUG_ARCX_PILLAR_mbp1.dbn.zst,AAPL_AUG,ARCX.PILLAR,AAPL,EVENT,1150,1200,8
AAPL_AUG_ARCX_PILLAR_mbp1.dbn.zst,AAPL_AUG,ARCX.PILLAR,AAPL,EVENT,1200,1250,3
AAPL_AUG_ARCX_PILLAR_mbp1.dbn.zst,AAPL_AUG,ARCX.PILLAR,AAPL,EVENT,1250,1300,9
AAPL_AUG_ARCX_PILLAR_mbp1.dbn.zst,AAPL_AUG,ARCX.PILLAR,AAPL,EVENT,1300,1350,4
AAPL_AUG_ARCX_PILLAR_mbp1.dbn.zst,AAPL_AUG,ARCX.PILLAR,AAPL,EVENT,1350,1400,0
AAPL_AUG_ARCX_PILLAR_mbp1.dbn.zst,AAPL_AUG,ARCX.PILLAR,AAPL,EVENT,1400,1450,0
AAPL_AUG_ARCX_PILLAR_mbp1.dbn.zst,AAPL_AUG,ARCX.PILLAR,AAPL,EVENT,1450,1500,20
AAPL_AUG_ARCX_PILLAR_mbp1.dbn.zst,AAPL_AUG,ARCX.PILLAR,AAPL,EVENT,1500,1550,0
AAPL_AUG_ARCX_PILLAR_mbp1.dbn.zst,AAPL_AUG,ARCX.PILLAR,AAPL,EVENT,1550,1600,19
AAPL_AUG_ARCX_PILLAR_mbp1.dbn.zst,AAPL_AUG,ARCX.PILLAR,AAPL,EVENT,1600,1650,2
AAPL_AUG_ARCX_PILLAR_mbp1.dbn.zst,AAPL_AUG,ARCX.PILLAR,AAPL,EVENT,1650,1700,18
AAPL_AUG_ARCX_PILLAR_mbp1.dbn.zst,AAPL_AUG,ARCX.PILLAR,AAPL,EVENT,1700,1750,9
AAPL_AUG_ARCX_PILLAR_mbp1.dbn.zst,AAPL_AUG,ARCX.PILLAR,AAPL,EVENT,1750,1800,1
AAPL_AUG_ARCX_PILLAR_mbp1.dbn.zst,AAPL_AUG,ARCX.PILLAR,AAPL,EVENT,1800,1850,19
AAPL_AUG_ARCX_PILLAR_mbp1.dbn.zst,AAPL_AUG,ARCX.PILLAR,AAPL,EVENT,1850,1900,1
AAPL_AUG_ARCX_PILLAR_mbp1.dbn.zst,AAPL_AUG,ARCX.PILLAR,AAPL,EVENT,1900,1950,5
AAPL_AUG_ARCX_PILLAR_mbp1.dbn.zst,AAPL_AUG,ARCX.PILLAR,AAPL,EVENT,1950,2000,9
AAPL_AUG_ARCX_PILLAR_mbp1.dbn.zst,AAPL_AUG,ARCX.PILLAR,AAPL,EVENT,2000,2050,1
AAPL_AUG_ARCX_PILLAR_mbp1.dbn.zst,AAPL_AUG,ARCX.PILLAR,AAPL,EVENT,2050,2100,1
AAPL_AUG_ARCX_PILLAR_mbp1.dbn.zst,AAPL_AUG,ARCX.PILLAR,AAPL,EVENT,2100,2150,16
AAPL_AUG_ARCX_PILLAR_mbp1.dbn.zst,AAPL_AUG,ARCX.PILLAR,AAPL,EVENT,2150,2200,3
AAPL_AUG_ARCX_PILLAR_mbp1.dbn.zst,AAPL_AUG,ARCX.PILLAR,AAPL,EVENT,2200,2250,10
AAPL_AUG_ARCX_PILLAR_mbp1.dbn.zst,AAPL_AUG,ARCX.PILLAR,AAPL,EVENT,2250,2300,11
AAPL_AUG_ARCX_PILLAR_mbp1.dbn.zst,AAPL_AUG,ARCX.PILLAR,AAPL,EVENT,2300,2350,11
AAPL_AUG_ARCX_PILLAR_mbp1.dbn.zst,AAPL_AUG,ARCX.PILLAR,AAPL,EVENT,2350,2400,20
AAPL_AUG_ARCX_PILLAR_mbp1.dbn.zst,AAPL_AUG,ARCX.PILLAR,AAPL,EVENT,2400,2450,1
AAPL_AUG_ARCX_PILLAR_mbp1.dbn.zst,AAPL_AUG,ARCX.PILLAR,AAPL,EVENT,2450,2500,1
AAPL_AUG_ARCX_PILLAR_mbp1.dbn.zst,AAPL_AUG,ARCX.PILLAR,AAPL,EVENT,2500,2550,0
AAPL_AUG_ARCX_PILLAR_mbp1.dbn.zst,AAPL_AUG,ARCX.PILLAR,AAPL,EVENT,2550,2600,1
AAPL_AUG_ARCX_PILLAR_mbp1.dbn.zst,AAPL_AUG,ARCX.PILLAR,AAPL,EVENT,2600,2650,0
AAPL_AUG_ARCX_PILLAR_mbp1.dbn.zst,AAPL_AUG,ARCX.PILLAR,AAPL,EVENT,2650,2700,8
AAPL_AUG_ARCX_PILLAR_mbp1.dbn.zst,AAPL_AUG,ARCX.PILLAR,AAPL,EVENT,2700,2750,0
AAPL_AUG_ARCX_PILLAR_mbp1.dbn.zst,AAPL_AUG,ARCX.PILLAR,AAPL,EVENT,2750,2800,3
AAPL_AUG_ARCX_PILLAR_mbp1.dbn.zst,AAPL_AUG,ARCX.PILLAR,AAPL,EVENT,2800,2850,0
AAPL_AUG_ARCX_PILLAR_mbp1.dbn.zst,AAPL_AUG,ARCX.PILLAR,AAPL,EVENT,2850,2900,10
AAPL_AUG_ARCX_PILLAR_mbp1.dbn.zst,AAPL_AUG,ARCX.PILLAR,AAPL,EVENT,2900,2950,19
AAPL_AUG_ARCX_PILLAR_mbp1.dbn.zst,AAPL_AUG,ARCX.PILLAR,AAPL,EVENT,2950,3000,7
AAPL_AUG_ARCX_PILLAR_mbp1.dbn.zst,AAPL_AUG,ARCX.PILLAR,AAPL,EVENT,3000,3050,13
AAPL_AUG_ARCX_PILLAR_mbp1.dbn.zst,AAPL_AUG,ARCX.PILLAR,AAPL,EVENT,3050,3100,4
AAPL_AUG_ARCX_PILLAR_mbp1.dbn.zst,AAPL_AUG,ARCX.PILLAR,AAPL,EVENT,3100,3150,8
AAPL_AUG_ARCX_PILLAR_mbp1.dbn.zst,AAPL_AUG,ARCX.PILLAR,AAPL,EVENT,3150,3200,6
AAPL_AUG_ARCX_PILLAR_mbp1.dbn.zst,AAPL_AUG,ARCX.PILLAR,AAPL,EVENT,3200,3250,12
AAPL_AUG_ARCX_PILLAR_mbp1.dbn.zst,AAPL_AUG,ARCX.PILLAR,AAPL,EVENT,3250,3300,1
AAPL_AUG_ARCX_PILLAR_mbp1.dbn.zst,AAPL_AUG,ARCX.PILLAR,AAPL,EVENT,3300,3350,4
AAPL_AUG_ARCX_PILLAR_mbp1.dbn.zst,AAPL_AUG,ARCX.PILLAR,AAPL,EVENT,3350,3400,1
AAPL_AUG_ARCX_PILLAR_mbp1.dbn.zst,AAPL_AUG,ARCX.PILLAR,AAPL,EVENT,3400,3450,4
AAPL_AUG_ARCX_PILLAR_mbp1.dbn.zst,AAPL_AUG,ARCX.PILLAR,AAPL,EVENT,3450,3500,3
AAPL_AUG_ARCX_PILLAR_mbp1.dbn.zst,AAPL_AUG,ARCX.PILLAR,AAPL,EVENT,3500,3550,3
AAPL_AUG_ARCX_PILLAR_mbp1.dbn.zst,AAPL_AUG,ARCX.PILLAR,AAPL,EVENT,3550,3600,5
AAPL_AUG_ARCX_PILLAR_mbp1.dbn.zst,AAPL_AUG,ARCX.PILLAR,AAPL,EVENT,3600,3650,8
AAPL_AUG_ARCX_PILLAR_mbp1.dbn.zst,AAPL_AUG,ARCX.PILLAR,AAPL,EVENT,3650,3700,6
AAPL_AUG_ARCX_PILLAR_mbp1.dbn.zst,AAPL_AUG,ARCX.PILLAR,AAPL,EVENT,3700,3750,22
AAPL_AUG_ARCX_PILLAR_mbp1.dbn.zst,AAPL_AUG,ARCX.PILLAR,AAPL,EVENT,3750,3800,18
AAPL_AUG_ARCX_PILLAR_mbp1.dbn.zst,AAPL_AUG,ARCX.PILLAR,AAPL,EVENT,3800,3850,10
AAPL_AUG_ARCX_PILLAR_mbp1.dbn.zst,AAPL_AUG,ARCX.PILLAR,AAPL,EVENT,3850,3900,14
AAPL_AUG_ARCX_PILLAR_mbp1.dbn.zst,AAPL_AUG,ARCX.PILLAR,AAPL,EVENT,3900,3950,29
AAPL_AUG_ARCX_PILLAR_mbp1.dbn.zst,AAPL_AUG,ARCX.PILLAR,AAPL,EVENT,3950,4000,36
AAPL_AUG_ARCX_PILLAR_mbp1.dbn.zst,AAPL_AUG,ARCX.PILLAR,AAPL,EVENT,4000,4050,23
AAPL_AUG_ARCX_PILLAR_mbp1.dbn.zst,AAPL_AUG,ARCX.PILLAR,AAPL,EVENT,4050,4100,15
AAPL_AUG_ARCX_PILLAR_mbp1.dbn.zst,AAPL_AUG,ARCX.PILLAR,AAPL,EVENT,4100,4150,5
AAPL_AUG_ARCX_PILLAR_mbp1.dbn.zst,AAPL_AUG,ARCX.PILLAR,AAPL,EVENT,4150,4200,5
AAPL_AUG_ARCX_PILLAR_mbp1.dbn.zst,AAPL_AUG,ARCX.PILLAR,AAPL,EVENT,4200,4250,30
AAPL_AUG_ARCX_PILLAR_mbp1.dbn.zst,AAPL_AUG,ARCX.PILLAR,AAPL,EVENT,4250,4300,9
AAPL_AUG_ARCX_PILLAR_mbp1.dbn.zst,AAPL_AUG,ARCX.PILLAR,AAPL,EVENT,4300,4350,14
AAPL_AUG_ARCX_PILLAR_mbp1.dbn.zst,AAPL_AUG,ARCX.PILLAR,AAPL,EVENT,4350,4400,7
AAPL_AUG_ARCX_PILLAR_mbp1.dbn.zst,AAPL_AUG,ARCX.PILLAR,AAPL,EVENT,4400,4450,2
AAPL_AUG_ARCX_PILLAR_mbp1.dbn.zst,AAPL_AUG,ARCX.PILLAR,AAPL,EVENT,4450,4500,1
AAPL_AUG_ARCX_PILLAR_mbp1.dbn.zst,AAPL_AUG,ARCX.PILLAR,AAPL,EVENT,4500,4550,0
AAPL_AUG_ARCX_PILLAR_mbp1.dbn.zst,AAPL_AUG,ARCX.PILLAR,AAPL,EVENT,4550,4600,2
AAPL_AUG_ARCX_PILLAR_mbp1.dbn.zst,AAPL_AUG,ARCX.PILLAR,AAPL,EVENT,4600,4650,4
AAPL_AUG_ARCX_PILLAR_mbp1.dbn.zst,AAPL_AUG,ARCX.PILLAR,AAPL,EVENT,4650,4700,2
AAPL_AUG_ARCX_PILLAR_mbp1.dbn.zst,AAPL_AUG,ARCX.PILLAR,AAPL,EVENT,4700,4750,0
AAPL_AUG_ARCX_PILLAR_mbp1.dbn.zst,AAPL_AUG,ARCX.PILLAR,AAPL,EVENT,4750,4800,0
AAPL_AUG_ARCX_PILLAR_mbp1.dbn.zst,AAPL_AUG,ARCX.PILLAR,AAPL,EVENT,4800,4850,50
AAPL_AUG_ARCX_PILLAR_mbp1.dbn.zst,AAPL_AUG,ARCX.PILLAR,AAPL,EVENT,4850,4900,4
AAPL_AUG_ARCX_PILLAR_mbp1.dbn.zst,AAPL_AUG,ARCX.PILLAR,AAPL,EVENT,4900,4950,0
AAPL_AUG_ARCX_PILLAR_mbp1.dbn.zst,AAPL_AUG,ARCX.PILLAR,AAPL,EVENT,4950,5000,6
AAPL_AUG_ARCX_PILLAR_mbp1.dbn.zst,AAPL_AUG,ARCX.PILLAR,AAPL,RECEIVE,-5000,-4950,0
AAPL_AUG_ARCX_PILLAR_mbp1.dbn.zst,AAPL_AUG,ARCX.PILLAR,AAPL,RECEIVE,-4950,-4900,0
AAPL_AUG_ARCX_PILLAR_mbp1.dbn.zst,AAPL_AUG,ARCX.PILLAR,AAPL,RECEIVE,-4900,-4850,7
AAPL_AUG_ARCX_PILLAR_mbp1.dbn.zst,AAPL_AUG,ARCX.PILLAR,AAPL,RECEIVE,-4850,-4800,1
AAPL_AUG_ARCX_PILLAR_mbp1.dbn.zst,AAPL_AUG,ARCX.PILLAR,AAPL,RECEIVE,-4800,-4750,0
AAPL_AUG_ARCX_PILLAR_mbp1.dbn.zst,AAPL_AUG,ARCX.PILLAR,AAPL,RECEIVE,-4750,-4700,0
AAPL_AUG_ARCX_PILLAR_mbp1.dbn.zst,AAPL_AUG,ARCX.PILLAR,AAPL,RECEIVE,-4700,-4650,1
AAPL_AUG_ARCX_PILLAR_mbp1.dbn.zst,AAPL_AUG,ARCX.PILLAR,AAPL,RECEIVE,-4650,-4600,7
AAPL_AUG_ARCX_PILLAR_mbp1.dbn.zst,AAPL_AUG,ARCX.PILLAR,AAPL,RECEIVE,-4600,-4550,4
AAPL_AUG_ARCX_PILLAR_mbp1.dbn.zst,AAPL_AUG,ARCX.PILLAR,AAPL,RECEIVE,-4550,-4500,1
AAPL_AUG_ARCX_PILLAR_mbp1.dbn.zst,AAPL_AUG,ARCX.PILLAR,AAPL,RECEIVE,-4500,-4450,0
AAPL_AUG_ARCX_PILLAR_mbp1.dbn.zst,AAPL_AUG,ARCX.PILLAR,AAPL,RECEIVE,-4450,-4400,7
AAPL_AUG_ARCX_PILLAR_mbp1.dbn.zst,AAPL_AUG,ARCX.PILLAR,AAPL,RECEIVE,-4400,-4350,5
AAPL_AUG_ARCX_PILLAR_mbp1.dbn.zst,AAPL_AUG,ARCX.PILLAR,AAPL,RECEIVE,-4350,-4300,1
AAPL_AUG_ARCX_PILLAR_mbp1.dbn.zst,AAPL_AUG,ARCX.PILLAR,AAPL,RECEIVE,-4300,-4250,10
AAPL_AUG_ARCX_PILLAR_mbp1.dbn.zst,AAPL_AUG,ARCX.PILLAR,AAPL,RECEIVE,-4250,-4200,0
AAPL_AUG_ARCX_PILLAR_mbp1.dbn.zst,AAPL_AUG,ARCX.PILLAR,AAPL,RECEIVE,-4200,-4150,0
AAPL_AUG_ARCX_PILLAR_mbp1.dbn.zst,AAPL_AUG,ARCX.PILLAR,AAPL,RECEIVE,-4150,-4100,6
AAPL_AUG_ARCX_PILLAR_mbp1.dbn.zst,AAPL_AUG,ARCX.PILLAR,AAPL,RECEIVE,-4100,-4050,5
AAPL_AUG_ARCX_PILLAR_mbp1.dbn.zst,AAPL_AUG,ARCX.PILLAR,AAPL,RECEIVE,-4050,-4000,18
AAPL_AUG_ARCX_PILLAR_mbp1.dbn.zst,AAPL_AUG,ARCX.PILLAR,AAPL,RECEIVE,-4000,-3950,2
AAPL_AUG_ARCX_PILLAR_mbp1.dbn.zst,AAPL_AUG,ARCX.PILLAR,AAPL,RECEIVE,-3950,-3900,0
AAPL_AUG_ARCX_PILLAR_mbp1.dbn.zst,AAPL_AUG,ARCX.PILLAR,AAPL,RECEIVE,-3900,-3850,11
AAPL_AUG_ARCX_PILLAR_mbp1.dbn.zst,AAPL_AUG,ARCX.PILLAR,AAPL,RECEIVE,-3850,-3800,0
AAPL_AUG_ARCX_PILLAR_mbp1.dbn.zst,AAPL_AUG,ARCX.PILLAR,AAPL,RECEIVE,-3800,-3750,0
AAPL_AUG_ARCX_PILLAR_mbp1.dbn.zst,AAPL_AUG,ARCX.PILLAR,AAPL,RECEIVE,-3750,-3700,11
AAPL_AUG_ARCX_PILLAR_mbp1.dbn.zst,AAPL_AUG,ARCX.PILLAR,AAPL,RECEIVE,-3700,-3650,15
AAPL_AUG_ARCX_PILLAR_mbp1.dbn.zst,AAPL_AUG,ARCX.PILLAR,AAPL,RECEIVE,-3650,-3600,7
AAPL_AUG_ARCX_PILLAR_mbp1.dbn.zst,AAPL_AUG,ARCX.PILLAR,AAPL,RECEIVE,-3600,-3550,10
AAPL_AUG_ARCX_PILLAR_mbp1.dbn.zst,AAPL_AUG,ARCX.PILLAR,AAPL,RECEIVE,-3550,-3500,13
AAPL_AUG_ARCX_PILLAR_mbp1.dbn.zst,AAPL_AUG,ARCX.PILLAR,AAPL,RECEIVE,-3500,-3450,7
AAPL_AUG_ARCX_PILLAR_mbp1.dbn.zst,AAPL_AUG,ARCX.PILLAR,AAPL,RECEIVE,-3450,-3400,24
AAPL_AUG_ARCX_PILLAR_mbp1.dbn.zst,AAPL_AUG,ARCX.PILLAR,AAPL,RECEIVE,-3400,-3350,1
AAPL_AUG_ARCX_PILLAR_mbp1.dbn.zst,AAPL_AUG,ARCX.PILLAR,AAPL,RECEIVE,-3350,-3300,0
AAPL_AUG_ARCX_PILLAR_mbp1.dbn.zst,AAPL_AUG,ARCX.PILLAR,AAPL,RECEIVE,-3300,-3250,6
AAPL_AUG_ARCX_PILLAR_mbp1.dbn.zst,AAPL_AUG,ARCX.PILLAR,AAPL,RECEIVE,-3250,-3200,7
AAPL_AUG_ARCX_PILLAR_mbp1.dbn.zst,AAPL_AUG,ARCX.PILLAR,AAPL,RECEIVE,-3200,-3150,0
AAPL_AUG_ARCX_PILLAR_mbp1.dbn.zst,AAPL_AUG,ARCX.PILLAR,AAPL,RECEIVE,-3150,-3100,3
AAPL_AUG_ARCX_PILLAR_mbp1.dbn.zst,AAPL_AUG,ARCX.PILLAR,AAPL,RECEIVE,-3100,-3050,0
AAPL_AUG_ARCX_PILLAR_mbp1.dbn.zst,AAPL_AUG,ARCX.PILLAR,AAPL,RECEIVE,-3050,-3000,16
AAPL_AUG_ARCX_PILLAR_mbp1.dbn.zst,AAPL_AUG,ARCX.PILLAR,AAPL,RECEIVE,-3000,-2950,5
AAPL_AUG_ARCX_PILLAR_mbp1.dbn.zst,AAPL_AUG,ARCX.PILLAR,AAPL,RECEIVE,-2950,-2900,5
AAPL_AUG_ARCX_PILLAR_mbp1.dbn.zst,AAPL_AUG,ARCX.PILLAR,AAPL,RECEIVE,-2900,-2850,9
AAPL_AUG_ARCX_PILLAR_mbp1.dbn.zst,AAPL_AUG,ARCX.PILLAR,AAPL,RECEIVE,-2850,-2800,2
AAPL_AUG_ARCX_PILLAR_mbp1.dbn.zst,AAPL_AUG,ARCX.PILLAR,AAPL,RECEIVE,-2800,-2750,11
AAPL_AUG_ARCX_PILLAR_mbp1.dbn.zst,AAPL_AUG,ARCX.PILLAR,AAPL,RECEIVE,-2750,-2700,2
AAPL_AUG_ARCX_PILLAR_mbp1.dbn.zst,AAPL_AUG,ARCX.PILLAR,AAPL,RECEIVE,-2700,-2650,1
AAPL_AUG_ARCX_PILLAR_mbp1.dbn.zst,AAPL_AUG,ARCX.PILLAR,AAPL,RECEIVE,-2650,-2600,0
AAPL_AUG_ARCX_PILLAR_mbp1.dbn.zst,AAPL_AUG,ARCX.PILLAR,AAPL,RECEIVE,-2600,-2550,0
AAPL_AUG_ARCX_PILLAR_mbp1.dbn.zst,AAPL_AUG,ARCX.PILLAR,AAPL,RECEIVE,-2550,-2500,0
AAPL_AUG_ARCX_PILLAR_mbp1.dbn.zst,AAPL_AUG,ARCX.PILLAR,AAPL,RECEIVE,-2500,-2450,1
AAPL_AUG_ARCX_PILLAR_mbp1.dbn.zst,AAPL_AUG,ARCX.PILLAR,AAPL,RECEIVE,-2450,-2400,1
AAPL_AUG_ARCX_PILLAR_mbp1.dbn.zst,AAPL_AUG,ARCX.PILLAR,AAPL,RECEIVE,-2400,-2350,0
AAPL_AUG_ARCX_PILLAR_mbp1.dbn.zst,AAPL_AUG,ARCX.PILLAR,AAPL,RECEIVE,-2350,-2300,4
AAPL_AUG_ARCX_PILLAR_mbp1.dbn.zst,AAPL_AUG,ARCX.PILLAR,AAPL,RECEIVE,-2300,-2250,1
AAPL_AUG_ARCX_PILLAR_mbp1.dbn.zst,AAPL_AUG,ARCX.PILLAR,AAPL,RECEIVE,-2250,-2200,0
AAPL_AUG_ARCX_PILLAR_mbp1.dbn.zst,AAPL_AUG,ARCX.PILLAR,AAPL,RECEIVE,-2200,-2150,0
AAPL_AUG_ARCX_PILLAR_mbp1.dbn.zst,AAPL_AUG,ARCX.PILLAR,AAPL,RECEIVE,-2150,-2100,2
AAPL_AUG_ARCX_PILLAR_mbp1.dbn.zst,AAPL_AUG,ARCX.PILLAR,AAPL,RECEIVE,-2100,-2050,3
AAPL_AUG_ARCX_PILLAR_mbp1.dbn.zst,AAPL_AUG,ARCX.PILLAR,AAPL,RECEIVE,-2050,-2000,1
AAPL_AUG_ARCX_PILLAR_mbp1.dbn.zst,AAPL_AUG,ARCX.PILLAR,AAPL,RECEIVE,-2000,-1950,0
AAPL_AUG_ARCX_PILLAR_mbp1.dbn.zst,AAPL_AUG,ARCX.PILLAR,AAPL,RECEIVE,-1950,-1900,2
AAPL_AUG_ARCX_PILLAR_mbp1.dbn.zst,AAPL_AUG,ARCX.PILLAR,AAPL,RECEIVE,-1900,-1850,0
AAPL_AUG_ARCX_PILLAR_mbp1.dbn.zst,AAPL_AUG,ARCX.PILLAR,AAPL,RECEIVE,-1850,-1800,2
AAPL_AUG_ARCX_PILLAR_mbp1.dbn.zst,AAPL_AUG,ARCX.PILLAR,AAPL,RECEIVE,-1800,-1750,1
AAPL_AUG_ARCX_PILLAR_mbp1.dbn.zst,AAPL_AUG,ARCX.PILLAR,AAPL,RECEIVE,-1750,-1700,0
AAPL_AUG_ARCX_PILLAR_mbp1.dbn.zst,AAPL_AUG,ARCX.PILLAR,AAPL,RECEIVE,-1700,-1650,0
AAPL_AUG_ARCX_PILLAR_mbp1.dbn.zst,AAPL_AUG,ARCX.PILLAR,AAPL,RECEIVE,-1650,-1600,0
AAPL_AUG_ARCX_PILLAR_mbp1.dbn.zst,AAPL_AUG,ARCX.PILLAR,AAPL,RECEIVE,-1600,-1550,3
AAPL_AUG_ARCX_PILLAR_mbp1.dbn.zst,AAPL_AUG,ARCX.PILLAR,AAPL,RECEIVE,-1550,-1500,6
AAPL_AUG_ARCX_PILLAR_mbp1.dbn.zst,AAPL_AUG,ARCX.PILLAR,AAPL,RECEIVE,-1500,-1450,4
AAPL_AUG_ARCX_PILLAR_mbp1.dbn.zst,AAPL_AUG,ARCX.PILLAR,AAPL,RECEIVE,-1450,-1400,2
AAPL_AUG_ARCX_PILLAR_mbp1.dbn.zst,AAPL_AUG,ARCX.PILLAR,AAPL,RECEIVE,-1400,-1350,2
AAPL_AUG_ARCX_PILLAR_mbp1.dbn.zst,AAPL_AUG,ARCX.PILLAR,AAPL,RECEIVE,-1350,-1300,7
AAPL_AUG_ARCX_PILLAR_mbp1.dbn.zst,AAPL_AUG,ARCX.PILLAR,AAPL,RECEIVE,-1300,-1250,14
AAPL_AUG_ARCX_PILLAR_mbp1.dbn.zst,AAPL_AUG,ARCX.PILLAR,AAPL,RECEIVE,-1250,-1200,12
AAPL_AUG_ARCX_PILLAR_mbp1.dbn.zst,AAPL_AUG,ARCX.PILLAR,AAPL,RECEIVE,-1200,-1150,5
AAPL_AUG_ARCX_PILLAR_mbp1.dbn.zst,AAPL_AUG,ARCX.PILLAR,AAPL,RECEIVE,-1150,-1100,37
AAPL_AUG_ARCX_PILLAR_mbp1.dbn.zst,AAPL_AUG,ARCX.PILLAR,AAPL,RECEIVE,-1100,-1050,15
AAPL_AUG_ARCX_PILLAR_mbp1.dbn.zst,AAPL_AUG,ARCX.PILLAR,AAPL,RECEIVE,-1050,-1000,13
AAPL_AUG_ARCX_PILLAR_mbp1.dbn.zst,AAPL_AUG,ARCX.PILLAR,AAPL,RECEIVE,-1000,-950,19
AAPL_AUG_ARCX_PILLAR_mbp1.dbn.zst,AAPL_AUG,ARCX.PILLAR,AAPL,RECEIVE,-950,-900,2
AAPL_AUG_ARCX_PILLAR_mbp1.dbn.zst,AAPL_AUG,ARCX.PILLAR,AAPL,RECEIVE,-900,-850,5
AAPL_AUG_ARCX_PILLAR_mbp1.dbn.zst,AAPL_AUG,ARCX.PILLAR,AAPL,RECEIVE,-850,-800,4
AAPL_AUG_ARCX_PILLAR_mbp1.dbn.zst,AAPL_AUG,ARCX.PILLAR,AAPL,RECEIVE,-800,-750,2
AAPL_AUG_ARCX_PILLAR_mbp1.dbn.zst,AAPL_AUG,ARCX.PILLAR,AAPL,RECEIVE,-750,-700,1
AAPL_AUG_ARCX_PILLAR_mbp1.dbn.zst,AAPL_AUG,ARCX.PILLAR,AAPL,RECEIVE,-700,-650,3
AAPL_AUG_ARCX_PILLAR_mbp1.dbn.zst,AAPL_AUG,ARCX.PILLAR,AAPL,RECEIVE,-650,-600,40
AAPL_AUG_ARCX_PILLAR_mbp1.dbn.zst,AAPL_AUG,ARCX.PILLAR,AAPL,RECEIVE,-600,-550,6
AAPL_AUG_ARCX_PILLAR_mbp1.dbn.zst,AAPL_AUG,ARCX.PILLAR,AAPL,RECEIVE,-550,-500,158
AAPL_AUG_ARCX_PILLAR_mbp1.dbn.zst,AAPL_AUG,ARCX.PILLAR,AAPL,RECEIVE,-500,-450,17
AAPL_AUG_ARCX_PILLAR_mbp1.dbn.zst,AAPL_AUG,ARCX.PILLAR,AAPL,RECEIVE,-450,-400,54
AAPL_AUG_ARCX_PILLAR_mbp1.dbn.zst,AAPL_AUG,ARCX.PILLAR,AAPL,RECEIVE,-400,-350,53
AAPL_AUG_ARCX_PILLAR_mbp1.dbn.zst,AAPL_AUG,ARCX.PILLAR,AAPL,RECEIVE,-350,-300,12
AAPL_AUG_ARCX_PILLAR_mbp1.dbn.zst,AAPL_AUG,ARCX.PILLAR,AAPL,RECEIVE,-300,-250,26
AAPL_AUG_ARCX_PILLAR_mbp1.dbn.zst,AAPL_AUG,ARCX.PILLAR,AAPL,RECEIVE,-250,-200,7
AAPL_AUG_ARCX_PILLAR_mbp1.dbn.zst,AAPL_AUG,ARCX.PILLAR,AAPL,RECEIVE,-200,-150,35
AAPL_AUG_ARCX_PILLAR_mbp1.dbn.zst,AAPL_AUG,ARCX.PILLAR,AAPL,RECEIVE,-150,-100,41
AAPL_AUG_ARCX_PILLAR_mbp1.dbn.zst,AAPL_AUG,ARCX.PILLAR,AAPL,RECEIVE,-100,-50,34
AAPL_AUG_ARCX_PILLAR_mbp1.dbn.zst,AAPL_AUG,ARCX.PILLAR,AAPL,RECEIVE,-50,0,39
AAPL_AUG_ARCX_PILLAR_mbp1.dbn.zst,AAPL_AUG,ARCX.PILLAR,AAPL,RECEIVE,0,50,35
AAPL_AUG_ARCX_PILLAR_mbp1.dbn.zst,AAPL_AUG,ARCX.PILLAR,AAPL,RECEIVE,50,100,82
AAPL_AUG_ARCX_PILLAR_mbp1.dbn.zst,AAPL_AUG,ARCX.PILLAR,AAPL,RECEIVE,100,150,81
AAPL_AUG_ARCX_PILLAR_mbp1.dbn.zst,AAPL_AUG,ARCX.PILLAR,AAPL,RECEIVE,150,200,27
AAPL_AUG_ARCX_PILLAR_mbp1.dbn.zst,AAPL_AUG,ARCX.PILLAR,AAPL,RECEIVE,200,250,14
AAPL_AUG_ARCX_PILLAR_mbp1.dbn.zst,AAPL_AUG,ARCX.PILLAR,AAPL,RECEIVE,250,300,23
AAPL_AUG_ARCX_PILLAR_mbp1.dbn.zst,AAPL_AUG,ARCX.PILLAR,AAPL,RECEIVE,300,350,65
AAPL_AUG_ARCX_PILLAR_mbp1.dbn.zst,AAPL_AUG,ARCX.PILLAR,AAPL,RECEIVE,350,400,25
AAPL_AUG_ARCX_PILLAR_mbp1.dbn.zst,AAPL_AUG,ARCX.PILLAR,AAPL,RECEIVE,400,450,14
AAPL_AUG_ARCX_PILLAR_mbp1.dbn.zst,AAPL_AUG,ARCX.PILLAR,AAPL,RECEIVE,450,500,224
AAPL_AUG_ARCX_PILLAR_mbp1.dbn.zst,AAPL_AUG,ARCX.PILLAR,AAPL,RECEIVE,500,550,575
AAPL_AUG_ARCX_PILLAR_mbp1.dbn.zst,AAPL_AUG,ARCX.PILLAR,AAPL,RECEIVE,550,600,56
AAPL_AUG_ARCX_PILLAR_mbp1.dbn.zst,AAPL_AUG,ARCX.PILLAR,AAPL,RECEIVE,600,650,37
AAPL_AUG_ARCX_PILLAR_mbp1.dbn.zst,AAPL_AUG,ARCX.PILLAR,AAPL,RECEIVE,650,700,52
AAPL_AUG_ARCX_PILLAR_mbp1.dbn.zst,AAPL_AUG,ARCX.PILLAR,AAPL,RECEIVE,700,750,31
AAPL_AUG_ARCX_PILLAR_mbp1.dbn.zst,AAPL_AUG,ARCX.PILLAR,AAPL,RECEIVE,750,800,25
AAPL_AUG_ARCX_PILLAR_mbp1.dbn.zst,AAPL_AUG,ARCX.PILLAR,AAPL,RECEIVE,800,850,27
AAPL_AUG_ARCX_PILLAR_mbp1.dbn.zst,AAPL_AUG,ARCX.PILLAR,AAPL,RECEIVE,850,900,11
AAPL_AUG_ARCX_PILLAR_mbp1.dbn.zst,AAPL_AUG,ARCX.PILLAR,AAPL,RECEIVE,900,950,34
AAPL_AUG_ARCX_PILLAR_mbp1.dbn.zst,AAPL_AUG,ARCX.PILLAR,AAPL,RECEIVE,950,1000,6
AAPL_AUG_ARCX_PILLAR_mbp1.dbn.zst,AAPL_AUG,ARCX.PILLAR,AAPL,RECEIVE,1000,1050,25
AAPL_AUG_ARCX_PILLAR_mbp1.dbn.zst,AAPL_AUG,ARCX.PILLAR,AAPL,RECEIVE,1050,1100,19
AAPL_AUG_ARCX_PILLAR_mbp1.dbn.zst,AAPL_AUG,ARCX.PILLAR,AAPL,RECEIVE,1100,1150,16
AAPL_AUG_ARCX_PILLAR_mbp1.dbn.zst,AAPL_AUG,ARCX.PILLAR,AAPL,RECEIVE,1150,1200,3
AAPL_AUG_ARCX_PILLAR_mbp1.dbn.zst,AAPL_AUG,ARCX.PILLAR,AAPL,RECEIVE,1200,1250,3
AAPL_AUG_ARCX_PILLAR_mbp1.dbn.zst,AAPL_AUG,ARCX.PILLAR,AAPL,RECEIVE,1250,1300,9
AAPL_AUG_ARCX_PILLAR_mbp1.dbn.zst,AAPL_AUG,ARCX.PILLAR,AAPL,RECEIVE,1300,1350,4
AAPL_AUG_ARCX_PILLAR_mbp1.dbn.zst,AAPL_AUG,ARCX.PILLAR,AAPL,RECEIVE,1350,1400,0
AAPL_AUG_ARCX_PILLAR_mbp1.dbn.zst,AAPL_AUG,ARCX.PILLAR,AAPL,RECEIVE,1400,1450,3
AAPL_AUG_ARCX_PILLAR_mbp1.dbn.zst,AAPL_AUG,ARCX.PILLAR,AAPL,RECEIVE,1450,1500,17
AAPL_AUG_ARCX_PILLAR_mbp1.dbn.zst,AAPL_AUG,ARCX.PILLAR,AAPL,RECEIVE,1500,1550,4
AAPL_AUG_ARCX_PILLAR_mbp1.dbn.zst,AAPL_AUG,ARCX.PILLAR,AAPL,RECEIVE,1550,1600,15
AAPL_AUG_ARCX_PILLAR_mbp1.dbn.zst,AAPL_AUG,ARCX.PILLAR,AAPL,RECEIVE,1600,1650,13
AAPL_AUG_ARCX_PILLAR_mbp1.dbn.zst,AAPL_AUG,ARCX.PILLAR,AAPL,RECEIVE,1650,1700,7
AAPL_AUG_ARCX_PILLAR_mbp1.dbn.zst,AAPL_AUG,ARCX.PILLAR,AAPL,RECEIVE,1700,1750,9
AAPL_AUG_ARCX_PILLAR_mbp1.dbn.zst,AAPL_AUG,ARCX.PILLAR,AAPL,RECEIVE,1750,1800,10
AAPL_AUG_ARCX_PILLAR_mbp1.dbn.zst,AAPL_AUG,ARCX.PILLAR,AAPL,RECEIVE,1800,1850,10
AAPL_AUG_ARCX_PILLAR_mbp1.dbn.zst,AAPL_AUG,ARCX.PILLAR,AAPL,RECEIVE,1850,1900,1
AAPL_AUG_ARCX_PILLAR_mbp1.dbn.zst,AAPL_AUG,ARCX.PILLAR,AAPL,RECEIVE,1900,1950,11
AAPL_AUG_ARCX_PILLAR_mbp1.dbn.zst,AAPL_AUG,ARCX.PILLAR,AAPL,RECEIVE,1950,2000,3
AAPL_AUG_ARCX_PILLAR_mbp1.dbn.zst,AAPL_AUG,ARCX.PILLAR,AAPL,RECEIVE,2000,2050,1
AAPL_AUG_ARCX_PILLAR_mbp1.dbn.zst,AAPL_AUG,ARCX.PILLAR,AAPL,RECEIVE,2050,2100,1
AAPL_AUG_ARCX_PILLAR_mbp1.dbn.zst,AAPL_AUG,ARCX.PILLAR,AAPL,RECEIVE,2100,2150,16
AAPL_AUG_ARCX_PILLAR_mbp1.dbn.zst,AAPL_AUG,ARCX.PILLAR,AAPL,RECEIVE,2150,2200,3
AAPL_AUG_ARCX_PILLAR_mbp1.dbn.zst,AAPL_AUG,ARCX.PILLAR,AAPL,RECEIVE,2200,2250,17
AAPL_AUG_ARCX_PILLAR_mbp1.dbn.zst,AAPL_AUG,ARCX.PILLAR,AAPL,RECEIVE,2250,2300,4
AAPL_AUG_ARCX_PILLAR_mbp1.dbn.zst,AAPL_AUG,ARCX.PILLAR,AAPL,RECEIVE,2300,2350,7
AAPL_AUG_ARCX_PILLAR_mbp1.dbn.zst,AAPL_AUG,ARCX.PILLAR,AAPL,RECEIVE,2350,2400,24
AAPL_AUG_ARCX_PILLAR_mbp1.dbn.zst,AAPL_AUG,ARCX.PILLAR,AAPL,RECEIVE,2400,2450,1
AAPL_AUG_ARCX_PILLAR_mbp1.dbn.zst,AAPL_AUG,ARCX.PILLAR,AAPL,RECEIVE,2450,2500,1
AAPL_AUG_ARCX_PILLAR_mbp1.dbn.zst,AAPL_AUG,ARCX.PILLAR,AAPL,RECEIVE,2500,2550,0
AAPL_AUG_ARCX_PILLAR_mbp1.dbn.zst,AAPL_AUG,ARCX.PILLAR,AAPL,RECEIVE,2550,2600,1
AAPL_AUG_ARCX_PILLAR_mbp1.dbn.zst,AAPL_AUG,ARCX.PILLAR,AAPL,RECEIVE,2600,2650,0
AAPL_AUG_ARCX_PILLAR_mbp1.dbn.zst,AAPL_AUG,ARCX.PILLAR,AAPL,RECEIVE,2650,2700,8
AAPL_AUG_ARCX_PILLAR_mbp1.dbn.zst,AAPL_AUG,ARCX.PILLAR,AAPL,RECEIVE,2700,2750,0
AAPL_AUG_ARCX_PILLAR_mbp1.dbn.zst,AAPL_AUG,ARCX.PILLAR,AAPL,RECEIVE,2750,2800,3
AAPL_AUG_ARCX_PILLAR_mbp1.dbn.zst,AAPL_AUG,ARCX.PILLAR,AAPL,RECEIVE,2800,2850,5
AAPL_AUG_ARCX_PILLAR_mbp1.dbn.zst,AAPL_AUG,ARCX.PILLAR,AAPL,RECEIVE,2850,2900,8
AAPL_AUG_ARCX_PILLAR_mbp1.dbn.zst,AAPL_AUG,ARCX.PILLAR,AAPL,RECEIVE,2900,2950,16
AAPL_AUG_ARCX_PILLAR_mbp1.dbn.zst,AAPL_AUG,ARCX.PILLAR,AAPL,RECEIVE,2950,3000,7
AAPL_AUG_ARCX_PILLAR_mbp1.dbn.zst,AAPL_AUG,ARCX.PILLAR,AAPL,RECEIVE,3000,3050,13
AAPL_AUG_ARCX_PILLAR_mbp1.dbn.zst,AAPL_AUG,ARCX.PILLAR,AAPL,RECEIVE,3050,3100,6
AAPL_AUG_ARCX_PILLAR_mbp1.dbn.zst,AAPL_AUG,ARCX.PILLAR,AAPL,RECEIVE,3100,3150,6
AAPL_AUG_ARCX_PILLAR_mbp1.dbn.zst,AAPL_AUG,ARCX.PILLAR,AAPL,RECEIVE,3150,3200,6
AAPL_AUG_ARCX_PILLAR_mbp1.dbn.zst,AAPL_AUG,ARCX.PILLAR,AAPL,RECEIVE,3200,3250,6
AAPL_AUG_ARCX_PILLAR_mbp1.dbn.zst,AAPL_AUG,ARCX.PILLAR,AAPL,RECEIVE,3250,3300,7
AAPL_AUG_ARCX_PILLAR_mbp1.dbn.zst,AAPL_AUG,ARCX.PILLAR,AAPL,RECEIVE,3300,3350,4
AAPL_AUG_ARCX_PILLAR_mbp1.dbn.zst,AAPL_AUG,ARCX.PILLAR,AAPL,RECEIVE,3350,3400,0
AAPL_AUG_ARCX_PILLAR_mbp1.dbn.zst,AAPL_AUG,ARCX.PILLAR,AAPL,RECEIVE,3400,3450,5
AAPL_AUG_ARCX_PILLAR_mbp1.dbn.zst,AAPL_AUG,ARCX.PILLAR,AAPL,RECEIVE,3450,3500,4
AAPL_AUG_ARCX_PILLAR_mbp1.dbn.zst,AAPL_AUG,ARCX.PILLAR,AAPL,RECEIVE,3500,3550,2
AAPL_AUG_ARCX_PILLAR_mbp1.dbn.zst,AAPL_AUG,ARCX.PILLAR,AAPL,RECEIVE,3550,3600,5
AAPL_AUG_ARCX_PILLAR_mbp1.dbn.zst,AAPL_AUG,ARCX.PILLAR,AAPL,RECEIVE,3600,3650,8
AAPL_AUG_ARCX_PILLAR_mbp1.dbn.zst,AAPL_AUG,ARCX.PILLAR,AAPL,RECEIVE,3650,3700,9
AAPL_AUG_ARCX_PILLAR_mbp1.dbn.zst,AAPL_AUG,ARCX.PILLAR,AAPL,RECEIVE,3700,3750,19
AAPL_AUG_ARCX_PILLAR_mbp1.dbn.zst,AAPL_AUG,ARCX.PILLAR,AAPL,RECEIVE,3750,3800,43
AAPL_AUG_ARCX_PILLAR_mbp1.dbn.zst,AAPL_AUG,ARCX.PILLAR,AAPL,RECEIVE,3800,3850,10
AAPL_AUG_ARCX_PILLAR_mbp1.dbn.zst,AAPL_AUG,ARCX.PILLAR,AAPL,RECEIVE,3850,3900,13
AAPL_AUG_ARCX_PILLAR_mbp1.dbn.zst,AAPL_AUG,ARCX.PILLAR,AAPL,RECEIVE,3900,3950,20
AAPL_AUG_ARCX_PILLAR_mbp1.dbn.zst,AAPL_AUG,ARCX.PILLAR,AAPL,RECEIVE,3950,4000,23
AAPL_AUG_ARCX_PILLAR_mbp1.dbn.zst,AAPL_AUG,ARCX.PILLAR,AAPL,RECEIVE,4000,4050,23
AAPL_AUG_ARCX_PILLAR_mbp1.dbn.zst,AAPL_AUG,ARCX.PILLAR,AAPL,RECEIVE,4050,4100,15
AAPL_AUG_ARCX_PILLAR_mbp1.dbn.zst,AAPL_AUG,ARCX.PILLAR,AAPL,RECEIVE,4100,4150,30
AAPL_AUG_ARCX_PILLAR_mbp1.dbn.zst,AAPL_AUG,ARCX.PILLAR,AAPL,RECEIVE,4150,4200,4
AAPL_AUG_ARCX_PILLAR_mbp1.dbn.zst,AAPL_AUG,ARCX.PILLAR,AAPL,RECEIVE,4200,4250,4
AAPL_AUG_ARCX_PILLAR_mbp1.dbn.zst,AAPL_AUG,ARCX.PILLAR,AAPL,RECEIVE,4250,4300,13
AAPL_AUG_ARCX_PILLAR_mbp1.dbn.zst,AAPL_AUG,ARCX.PILLAR,AAPL,RECEIVE,4300,4350,10
AAPL_AUG_ARCX_PILLAR_mbp1.dbn.zst,AAPL_AUG,ARCX.PILLAR,AAPL,RECEIVE,4350,4400,7
AAPL_AUG_ARCX_PILLAR_mbp1.dbn.zst,AAPL_AUG,ARCX.PILLAR,AAPL,RECEIVE,4400,4450,3
AAPL_AUG_ARCX_PILLAR_mbp1.dbn.zst,AAPL_AUG,ARCX.PILLAR,AAPL,RECEIVE,4450,4500,0
AAPL_AUG_ARCX_PILLAR_mbp1.dbn.zst,AAPL_AUG,ARCX.PILLAR,AAPL,RECEIVE,4500,4550,0
AAPL_AUG_ARCX_PILLAR_mbp1.dbn.zst,AAPL_AUG,ARCX.PILLAR,AAPL,RECEIVE,4550,4600,2
AAPL_AUG_ARCX_PILLAR_mbp1.dbn.zst,AAPL_AUG,ARCX.PILLAR,AAPL,RECEIVE,4600,4650,4
AAPL_AUG_ARCX_PILLAR_mbp1.dbn.zst,AAPL_AUG,ARCX.PILLAR,AAPL,RECEIVE,4650,4700,12
AAPL_AUG_ARCX_PILLAR_mbp1.dbn.zst,AAPL_AUG,ARCX.PILLAR,AAPL,RECEIVE,4700,4750,40
AAPL_AUG_ARCX_PILLAR_mbp1.dbn.zst,AAPL_AUG,ARCX.PILLAR,AAPL,RECEIVE,4750,4800,0
AAPL_AUG_ARCX_PILLAR_mbp1.dbn.zst,AAPL_AUG,ARCX.PILLAR,AAPL,RECEIVE,4800,4850,0
AAPL_AUG_ARCX_PILLAR_mbp1.dbn.zst,AAPL_AUG,ARCX.PILLAR,AAPL,RECEIVE,4850,4900,4
AAPL_AUG_ARCX_PILLAR_mbp1.dbn.zst,AAPL_AUG,ARCX.PILLAR,AAPL,RECEIVE,4900,4950,0
AAPL_AUG_ARCX_PILLAR_mbp1.dbn.zst,AAPL_AUG,ARCX.PILLAR,AAPL,RECEIVE,4950,5000,6
AAPL_AUG_CTRL_ARCX_PILLAR_mbp1.dbn.zst,AAPL_AUG_CTRL,ARCX.PILLAR,AAPL,EVENT,-5000,-4950,205
AAPL_AUG_CTRL_ARCX_PILLAR_mbp1.dbn.zst,AAPL_AUG_CTRL,ARCX.PILLAR,AAPL,EVENT,-4950,-4900,107
AAPL_AUG_CTRL_ARCX_PILLAR_mbp1.dbn.zst,AAPL_AUG_CTRL,ARCX.PILLAR,AAPL,EVENT,-4900,-4850,179
AAPL_AUG_CTRL_ARCX_PILLAR_mbp1.dbn.zst,AAPL_AUG_CTRL,ARCX.PILLAR,AAPL,EVENT,-4850,-4800,14
AAPL_AUG_CTRL_ARCX_PILLAR_mbp1.dbn.zst,AAPL_AUG_CTRL,ARCX.PILLAR,AAPL,EVENT,-4800,-4750,51
AAPL_AUG_CTRL_ARCX_PILLAR_mbp1.dbn.zst,AAPL_AUG_CTRL,ARCX.PILLAR,AAPL,EVENT,-4750,-4700,39
AAPL_AUG_CTRL_ARCX_PILLAR_mbp1.dbn.zst,AAPL_AUG_CTRL,ARCX.PILLAR,AAPL,EVENT,-4700,-4650,101
AAPL_AUG_CTRL_ARCX_PILLAR_mbp1.dbn.zst,AAPL_AUG_CTRL,ARCX.PILLAR,AAPL,EVENT,-4650,-4600,1
AAPL_AUG_CTRL_ARCX_PILLAR_mbp1.dbn.zst,AAPL_AUG_CTRL,ARCX.PILLAR,AAPL,EVENT,-4600,-4550,16
AAPL_AUG_CTRL_ARCX_PILLAR_mbp1.dbn.zst,AAPL_AUG_CTRL,ARCX.PILLAR,AAPL,EVENT,-4550,-4500,33
AAPL_AUG_CTRL_ARCX_PILLAR_mbp1.dbn.zst,AAPL_AUG_CTRL,ARCX.PILLAR,AAPL,EVENT,-4500,-4450,16
AAPL_AUG_CTRL_ARCX_PILLAR_mbp1.dbn.zst,AAPL_AUG_CTRL,ARCX.PILLAR,AAPL,EVENT,-4450,-4400,11
AAPL_AUG_CTRL_ARCX_PILLAR_mbp1.dbn.zst,AAPL_AUG_CTRL,ARCX.PILLAR,AAPL,EVENT,-4400,-4350,29
AAPL_AUG_CTRL_ARCX_PILLAR_mbp1.dbn.zst,AAPL_AUG_CTRL,ARCX.PILLAR,AAPL,EVENT,-4350,-4300,40
AAPL_AUG_CTRL_ARCX_PILLAR_mbp1.dbn.zst,AAPL_AUG_CTRL,ARCX.PILLAR,AAPL,EVENT,-4300,-4250,19
AAPL_AUG_CTRL_ARCX_PILLAR_mbp1.dbn.zst,AAPL_AUG_CTRL,ARCX.PILLAR,AAPL,EVENT,-4250,-4200,16
AAPL_AUG_CTRL_ARCX_PILLAR_mbp1.dbn.zst,AAPL_AUG_CTRL,ARCX.PILLAR,AAPL,EVENT,-4200,-4150,26
AAPL_AUG_CTRL_ARCX_PILLAR_mbp1.dbn.zst,AAPL_AUG_CTRL,ARCX.PILLAR,AAPL,EVENT,-4150,-4100,13
AAPL_AUG_CTRL_ARCX_PILLAR_mbp1.dbn.zst,AAPL_AUG_CTRL,ARCX.PILLAR,AAPL,EVENT,-4100,-4050,18
AAPL_AUG_CTRL_ARCX_PILLAR_mbp1.dbn.zst,AAPL_AUG_CTRL,ARCX.PILLAR,AAPL,EVENT,-4050,-4000,21
AAPL_AUG_CTRL_ARCX_PILLAR_mbp1.dbn.zst,AAPL_AUG_CTRL,ARCX.PILLAR,AAPL,EVENT,-4000,-3950,21
AAPL_AUG_CTRL_ARCX_PILLAR_mbp1.dbn.zst,AAPL_AUG_CTRL,ARCX.PILLAR,AAPL,EVENT,-3950,-3900,8
AAPL_AUG_CTRL_ARCX_PILLAR_mbp1.dbn.zst,AAPL_AUG_CTRL,ARCX.PILLAR,AAPL,EVENT,-3900,-3850,17
AAPL_AUG_CTRL_ARCX_PILLAR_mbp1.dbn.zst,AAPL_AUG_CTRL,ARCX.PILLAR,AAPL,EVENT,-3850,-3800,42
AAPL_AUG_CTRL_ARCX_PILLAR_mbp1.dbn.zst,AAPL_AUG_CTRL,ARCX.PILLAR,AAPL,EVENT,-3800,-3750,27
AAPL_AUG_CTRL_ARCX_PILLAR_mbp1.dbn.zst,AAPL_AUG_CTRL,ARCX.PILLAR,AAPL,EVENT,-3750,-3700,21
AAPL_AUG_CTRL_ARCX_PILLAR_mbp1.dbn.zst,AAPL_AUG_CTRL,ARCX.PILLAR,AAPL,EVENT,-3700,-3650,34
AAPL_AUG_CTRL_ARCX_PILLAR_mbp1.dbn.zst,AAPL_AUG_CTRL,ARCX.PILLAR,AAPL,EVENT,-3650,-3600,19
AAPL_AUG_CTRL_ARCX_PILLAR_mbp1.dbn.zst,AAPL_AUG_CTRL,ARCX.PILLAR,AAPL,EVENT,-3600,-3550,12
AAPL_AUG_CTRL_ARCX_PILLAR_mbp1.dbn.zst,AAPL_AUG_CTRL,ARCX.PILLAR,AAPL,EVENT,-3550,-3500,27
AAPL_AUG_CTRL_ARCX_PILLAR_mbp1.dbn.zst,AAPL_AUG_CTRL,ARCX.PILLAR,AAPL,EVENT,-3500,-3450,23
AAPL_AUG_CTRL_ARCX_PILLAR_mbp1.dbn.zst,AAPL_AUG_CTRL,ARCX.PILLAR,AAPL,EVENT,-3450,-3400,11
AAPL_AUG_CTRL_ARCX_PILLAR_mbp1.dbn.zst,AAPL_AUG_CTRL,ARCX.PILLAR,AAPL,EVENT,-3400,-3350,20
AAPL_AUG_CTRL_ARCX_PILLAR_mbp1.dbn.zst,AAPL_AUG_CTRL,ARCX.PILLAR,AAPL,EVENT,-3350,-3300,39
AAPL_AUG_CTRL_ARCX_PILLAR_mbp1.dbn.zst,AAPL_AUG_CTRL,ARCX.PILLAR,AAPL,EVENT,-3300,-3250,35
AAPL_AUG_CTRL_ARCX_PILLAR_mbp1.dbn.zst,AAPL_AUG_CTRL,ARCX.PILLAR,AAPL,EVENT,-3250,-3200,91
AAPL_AUG_CTRL_ARCX_PILLAR_mbp1.dbn.zst,AAPL_AUG_CTRL,ARCX.PILLAR,AAPL,EVENT,-3200,-3150,33
AAPL_AUG_CTRL_ARCX_PILLAR_mbp1.dbn.zst,AAPL_AUG_CTRL,ARCX.PILLAR,AAPL,EVENT,-3150,-3100,47
AAPL_AUG_CTRL_ARCX_PILLAR_mbp1.dbn.zst,AAPL_AUG_CTRL,ARCX.PILLAR,AAPL,EVENT,-3100,-3050,52
AAPL_AUG_CTRL_ARCX_PILLAR_mbp1.dbn.zst,AAPL_AUG_CTRL,ARCX.PILLAR,AAPL,EVENT,-3050,-3000,21
AAPL_AUG_CTRL_ARCX_PILLAR_mbp1.dbn.zst,AAPL_AUG_CTRL,ARCX.PILLAR,AAPL,EVENT,-3000,-2950,40
AAPL_AUG_CTRL_ARCX_PILLAR_mbp1.dbn.zst,AAPL_AUG_CTRL,ARCX.PILLAR,AAPL,EVENT,-2950,-2900,20
AAPL_AUG_CTRL_ARCX_PILLAR_mbp1.dbn.zst,AAPL_AUG_CTRL,ARCX.PILLAR,AAPL,EVENT,-2900,-2850,51
AAPL_AUG_CTRL_ARCX_PILLAR_mbp1.dbn.zst,AAPL_AUG_CTRL,ARCX.PILLAR,AAPL,EVENT,-2850,-2800,19
AAPL_AUG_CTRL_ARCX_PILLAR_mbp1.dbn.zst,AAPL_AUG_CTRL,ARCX.PILLAR,AAPL,EVENT,-2800,-2750,29
AAPL_AUG_CTRL_ARCX_PILLAR_mbp1.dbn.zst,AAPL_AUG_CTRL,ARCX.PILLAR,AAPL,EVENT,-2750,-2700,74
AAPL_AUG_CTRL_ARCX_PILLAR_mbp1.dbn.zst,AAPL_AUG_CTRL,ARCX.PILLAR,AAPL,EVENT,-2700,-2650,28
AAPL_AUG_CTRL_ARCX_PILLAR_mbp1.dbn.zst,AAPL_AUG_CTRL,ARCX.PILLAR,AAPL,EVENT,-2650,-2600,26
AAPL_AUG_CTRL_ARCX_PILLAR_mbp1.dbn.zst,AAPL_AUG_CTRL,ARCX.PILLAR,AAPL,EVENT,-2600,-2550,49
AAPL_AUG_CTRL_ARCX_PILLAR_mbp1.dbn.zst,AAPL_AUG_CTRL,ARCX.PILLAR,AAPL,EVENT,-2550,-2500,23
AAPL_AUG_CTRL_ARCX_PILLAR_mbp1.dbn.zst,AAPL_AUG_CTRL,ARCX.PILLAR,AAPL,EVENT,-2500,-2450,17
AAPL_AUG_CTRL_ARCX_PILLAR_mbp1.dbn.zst,AAPL_AUG_CTRL,ARCX.PILLAR,AAPL,EVENT,-2450,-2400,29
AAPL_AUG_CTRL_ARCX_PILLAR_mbp1.dbn.zst,AAPL_AUG_CTRL,ARCX.PILLAR,AAPL,EVENT,-2400,-2350,28
AAPL_AUG_CTRL_ARCX_PILLAR_mbp1.dbn.zst,AAPL_AUG_CTRL,ARCX.PILLAR,AAPL,EVENT,-2350,-2300,10
AAPL_AUG_CTRL_ARCX_PILLAR_mbp1.dbn.zst,AAPL_AUG_CTRL,ARCX.PILLAR,AAPL,EVENT,-2300,-2250,24
AAPL_AUG_CTRL_ARCX_PILLAR_mbp1.dbn.zst,AAPL_AUG_CTRL,ARCX.PILLAR,AAPL,EVENT,-2250,-2200,35
AAPL_AUG_CTRL_ARCX_PILLAR_mbp1.dbn.zst,AAPL_AUG_CTRL,ARCX.PILLAR,AAPL,EVENT,-2200,-2150,64
AAPL_AUG_CTRL_ARCX_PILLAR_mbp1.dbn.zst,AAPL_AUG_CTRL,ARCX.PILLAR,AAPL,EVENT,-2150,-2100,61
AAPL_AUG_CTRL_ARCX_PILLAR_mbp1.dbn.zst,AAPL_AUG_CTRL,ARCX.PILLAR,AAPL,EVENT,-2100,-2050,69
AAPL_AUG_CTRL_ARCX_PILLAR_mbp1.dbn.zst,AAPL_AUG_CTRL,ARCX.PILLAR,AAPL,EVENT,-2050,-2000,43
AAPL_AUG_CTRL_ARCX_PILLAR_mbp1.dbn.zst,AAPL_AUG_CTRL,ARCX.PILLAR,AAPL,EVENT,-2000,-1950,51
AAPL_AUG_CTRL_ARCX_PILLAR_mbp1.dbn.zst,AAPL_AUG_CTRL,ARCX.PILLAR,AAPL,EVENT,-1950,-1900,92
AAPL_AUG_CTRL_ARCX_PILLAR_mbp1.dbn.zst,AAPL_AUG_CTRL,ARCX.PILLAR,AAPL,EVENT,-1900,-1850,67
AAPL_AUG_CTRL_ARCX_PILLAR_mbp1.dbn.zst,AAPL_AUG_CTRL,ARCX.PILLAR,AAPL,EVENT,-1850,-1800,51
AAPL_AUG_CTRL_ARCX_PILLAR_mbp1.dbn.zst,AAPL_AUG_CTRL,ARCX.PILLAR,AAPL,EVENT,-1800,-1750,72
AAPL_AUG_CTRL_ARCX_PILLAR_mbp1.dbn.zst,AAPL_AUG_CTRL,ARCX.PILLAR,AAPL,EVENT,-1750,-1700,46
AAPL_AUG_CTRL_ARCX_PILLAR_mbp1.dbn.zst,AAPL_AUG_CTRL,ARCX.PILLAR,AAPL,EVENT,-1700,-1650,65
AAPL_AUG_CTRL_ARCX_PILLAR_mbp1.dbn.zst,AAPL_AUG_CTRL,ARCX.PILLAR,AAPL,EVENT,-1650,-1600,95
AAPL_AUG_CTRL_ARCX_PILLAR_mbp1.dbn.zst,AAPL_AUG_CTRL,ARCX.PILLAR,AAPL,EVENT,-1600,-1550,46
AAPL_AUG_CTRL_ARCX_PILLAR_mbp1.dbn.zst,AAPL_AUG_CTRL,ARCX.PILLAR,AAPL,EVENT,-1550,-1500,77
AAPL_AUG_CTRL_ARCX_PILLAR_mbp1.dbn.zst,AAPL_AUG_CTRL,ARCX.PILLAR,AAPL,EVENT,-1500,-1450,57
AAPL_AUG_CTRL_ARCX_PILLAR_mbp1.dbn.zst,AAPL_AUG_CTRL,ARCX.PILLAR,AAPL,EVENT,-1450,-1400,68
AAPL_AUG_CTRL_ARCX_PILLAR_mbp1.dbn.zst,AAPL_AUG_CTRL,ARCX.PILLAR,AAPL,EVENT,-1400,-1350,88
AAPL_AUG_CTRL_ARCX_PILLAR_mbp1.dbn.zst,AAPL_AUG_CTRL,ARCX.PILLAR,AAPL,EVENT,-1350,-1300,197
AAPL_AUG_CTRL_ARCX_PILLAR_mbp1.dbn.zst,AAPL_AUG_CTRL,ARCX.PILLAR,AAPL,EVENT,-1300,-1250,72
AAPL_AUG_CTRL_ARCX_PILLAR_mbp1.dbn.zst,AAPL_AUG_CTRL,ARCX.PILLAR,AAPL,EVENT,-1250,-1200,68
AAPL_AUG_CTRL_ARCX_PILLAR_mbp1.dbn.zst,AAPL_AUG_CTRL,ARCX.PILLAR,AAPL,EVENT,-1200,-1150,88
AAPL_AUG_CTRL_ARCX_PILLAR_mbp1.dbn.zst,AAPL_AUG_CTRL,ARCX.PILLAR,AAPL,EVENT,-1150,-1100,156
AAPL_AUG_CTRL_ARCX_PILLAR_mbp1.dbn.zst,AAPL_AUG_CTRL,ARCX.PILLAR,AAPL,EVENT,-1100,-1050,93
AAPL_AUG_CTRL_ARCX_PILLAR_mbp1.dbn.zst,AAPL_AUG_CTRL,ARCX.PILLAR,AAPL,EVENT,-1050,-1000,88
AAPL_AUG_CTRL_ARCX_PILLAR_mbp1.dbn.zst,AAPL_AUG_CTRL,ARCX.PILLAR,AAPL,EVENT,-1000,-950,64
AAPL_AUG_CTRL_ARCX_PILLAR_mbp1.dbn.zst,AAPL_AUG_CTRL,ARCX.PILLAR,AAPL,EVENT,-950,-900,128
AAPL_AUG_CTRL_ARCX_PILLAR_mbp1.dbn.zst,AAPL_AUG_CTRL,ARCX.PILLAR,AAPL,EVENT,-900,-850,1042
AAPL_AUG_CTRL_ARCX_PILLAR_mbp1.dbn.zst,AAPL_AUG_CTRL,ARCX.PILLAR,AAPL,EVENT,-850,-800,52
AAPL_AUG_CTRL_ARCX_PILLAR_mbp1.dbn.zst,AAPL_AUG_CTRL,ARCX.PILLAR,AAPL,EVENT,-800,-750,40
AAPL_AUG_CTRL_ARCX_PILLAR_mbp1.dbn.zst,AAPL_AUG_CTRL,ARCX.PILLAR,AAPL,EVENT,-750,-700,111
AAPL_AUG_CTRL_ARCX_PILLAR_mbp1.dbn.zst,AAPL_AUG_CTRL,ARCX.PILLAR,AAPL,EVENT,-700,-650,109
AAPL_AUG_CTRL_ARCX_PILLAR_mbp1.dbn.zst,AAPL_AUG_CTRL,ARCX.PILLAR,AAPL,EVENT,-650,-600,193
AAPL_AUG_CTRL_ARCX_PILLAR_mbp1.dbn.zst,AAPL_AUG_CTRL,ARCX.PILLAR,AAPL,EVENT,-600,-550,59
AAPL_AUG_CTRL_ARCX_PILLAR_mbp1.dbn.zst,AAPL_AUG_CTRL,ARCX.PILLAR,AAPL,EVENT,-550,-500,109
AAPL_AUG_CTRL_ARCX_PILLAR_mbp1.dbn.zst,AAPL_AUG_CTRL,ARCX.PILLAR,AAPL,EVENT,-500,-450,114
AAPL_AUG_CTRL_ARCX_PILLAR_mbp1.dbn.zst,AAPL_AUG_CTRL,ARCX.PILLAR,AAPL,EVENT,-450,-400,128
AAPL_AUG_CTRL_ARCX_PILLAR_mbp1.dbn.zst,AAPL_AUG_CTRL,ARCX.PILLAR,AAPL,EVENT,-400,-350,62
AAPL_AUG_CTRL_ARCX_PILLAR_mbp1.dbn.zst,AAPL_AUG_CTRL,ARCX.PILLAR,AAPL,EVENT,-350,-300,70
AAPL_AUG_CTRL_ARCX_PILLAR_mbp1.dbn.zst,AAPL_AUG_CTRL,ARCX.PILLAR,AAPL,EVENT,-300,-250,823
AAPL_AUG_CTRL_ARCX_PILLAR_mbp1.dbn.zst,AAPL_AUG_CTRL,ARCX.PILLAR,AAPL,EVENT,-250,-200,1323
AAPL_AUG_CTRL_ARCX_PILLAR_mbp1.dbn.zst,AAPL_AUG_CTRL,ARCX.PILLAR,AAPL,EVENT,-200,-150,161
AAPL_AUG_CTRL_ARCX_PILLAR_mbp1.dbn.zst,AAPL_AUG_CTRL,ARCX.PILLAR,AAPL,EVENT,-150,-100,167
AAPL_AUG_CTRL_ARCX_PILLAR_mbp1.dbn.zst,AAPL_AUG_CTRL,ARCX.PILLAR,AAPL,EVENT,-100,-50,337
AAPL_AUG_CTRL_ARCX_PILLAR_mbp1.dbn.zst,AAPL_AUG_CTRL,ARCX.PILLAR,AAPL,EVENT,-50,0,466
AAPL_AUG_CTRL_ARCX_PILLAR_mbp1.dbn.zst,AAPL_AUG_CTRL,ARCX.PILLAR,AAPL,EVENT,0,50,564
AAPL_AUG_CTRL_ARCX_PILLAR_mbp1.dbn.zst,AAPL_AUG_CTRL,ARCX.PILLAR,AAPL,EVENT,50,100,294
AAPL_AUG_CTRL_ARCX_PILLAR_mbp1.dbn.zst,AAPL_AUG_CTRL,ARCX.PILLAR,AAPL,EVENT,100,150,218
AAPL_AUG_CTRL_ARCX_PILLAR_mbp1.dbn.zst,AAPL_AUG_CTRL,ARCX.PILLAR,AAPL,EVENT,150,200,561
AAPL_AUG_CTRL_ARCX_PILLAR_mbp1.dbn.zst,AAPL_AUG_CTRL,ARCX.PILLAR,AAPL,EVENT,200,250,798
AAPL_AUG_CTRL_ARCX_PILLAR_mbp1.dbn.zst,AAPL_AUG_CTRL,ARCX.PILLAR,AAPL,EVENT,250,300,95
AAPL_AUG_CTRL_ARCX_PILLAR_mbp1.dbn.zst,AAPL_AUG_CTRL,ARCX.PILLAR,AAPL,EVENT,300,350,147
AAPL_AUG_CTRL_ARCX_PILLAR_mbp1.dbn.zst,AAPL_AUG_CTRL,ARCX.PILLAR,AAPL,EVENT,350,400,131
AAPL_AUG_CTRL_ARCX_PILLAR_mbp1.dbn.zst,AAPL_AUG_CTRL,ARCX.PILLAR,AAPL,EVENT,400,450,78
AAPL_AUG_CTRL_ARCX_PILLAR_mbp1.dbn.zst,AAPL_AUG_CTRL,ARCX.PILLAR,AAPL,EVENT,450,500,391
AAPL_AUG_CTRL_ARCX_PILLAR_mbp1.dbn.zst,AAPL_AUG_CTRL,ARCX.PILLAR,AAPL,EVENT,500,550,1118
AAPL_AUG_CTRL_ARCX_PILLAR_mbp1.dbn.zst,AAPL_AUG_CTRL,ARCX.PILLAR,AAPL,EVENT,550,600,369
AAPL_AUG_CTRL_ARCX_PILLAR_mbp1.dbn.zst,AAPL_AUG_CTRL,ARCX.PILLAR,AAPL,EVENT,600,650,117
AAPL_AUG_CTRL_ARCX_PILLAR_mbp1.dbn.zst,AAPL_AUG_CTRL,ARCX.PILLAR,AAPL,EVENT,650,700,122
AAPL_AUG_CTRL_ARCX_PILLAR_mbp1.dbn.zst,AAPL_AUG_CTRL,ARCX.PILLAR,AAPL,EVENT,700,750,68
AAPL_AUG_CTRL_ARCX_PILLAR_mbp1.dbn.zst,AAPL_AUG_CTRL,ARCX.PILLAR,AAPL,EVENT,750,800,554
AAPL_AUG_CTRL_ARCX_PILLAR_mbp1.dbn.zst,AAPL_AUG_CTRL,ARCX.PILLAR,AAPL,EVENT,800,850,37
AAPL_AUG_CTRL_ARCX_PILLAR_mbp1.dbn.zst,AAPL_AUG_CTRL,ARCX.PILLAR,AAPL,EVENT,850,900,44
AAPL_AUG_CTRL_ARCX_PILLAR_mbp1.dbn.zst,AAPL_AUG_CTRL,ARCX.PILLAR,AAPL,EVENT,900,950,32
AAPL_AUG_CTRL_ARCX_PILLAR_mbp1.dbn.zst,AAPL_AUG_CTRL,ARCX.PILLAR,AAPL,EVENT,950,1000,26
AAPL_AUG_CTRL_ARCX_PILLAR_mbp1.dbn.zst,AAPL_AUG_CTRL,ARCX.PILLAR,AAPL,EVENT,1000,1050,110
AAPL_AUG_CTRL_ARCX_PILLAR_mbp1.dbn.zst,AAPL_AUG_CTRL,ARCX.PILLAR,AAPL,EVENT,1050,1100,34
AAPL_AUG_CTRL_ARCX_PILLAR_mbp1.dbn.zst,AAPL_AUG_CTRL,ARCX.PILLAR,AAPL,EVENT,1100,1150,146
AAPL_AUG_CTRL_ARCX_PILLAR_mbp1.dbn.zst,AAPL_AUG_CTRL,ARCX.PILLAR,AAPL,EVENT,1150,1200,89
AAPL_AUG_CTRL_ARCX_PILLAR_mbp1.dbn.zst,AAPL_AUG_CTRL,ARCX.PILLAR,AAPL,EVENT,1200,1250,165
AAPL_AUG_CTRL_ARCX_PILLAR_mbp1.dbn.zst,AAPL_AUG_CTRL,ARCX.PILLAR,AAPL,EVENT,1250,1300,55
AAPL_AUG_CTRL_ARCX_PILLAR_mbp1.dbn.zst,AAPL_AUG_CTRL,ARCX.PILLAR,AAPL,EVENT,1300,1350,7
AAPL_AUG_CTRL_ARCX_PILLAR_mbp1.dbn.zst,AAPL_AUG_CTRL,ARCX.PILLAR,AAPL,EVENT,1350,1400,16
AAPL_AUG_CTRL_ARCX_PILLAR_mbp1.dbn.zst,AAPL_AUG_CTRL,ARCX.PILLAR,AAPL,EVENT,1400,1450,24
AAPL_AUG_CTRL_ARCX_PILLAR_mbp1.dbn.zst,AAPL_AUG_CTRL,ARCX.PILLAR,AAPL,EVENT,1450,1500,16
AAPL_AUG_CTRL_ARCX_PILLAR_mbp1.dbn.zst,AAPL_AUG_CTRL,ARCX.PILLAR,AAPL,EVENT,1500,1550,27
AAPL_AUG_CTRL_ARCX_PILLAR_mbp1.dbn.zst,AAPL_AUG_CTRL,ARCX.PILLAR,AAPL,EVENT,1550,1600,38
AAPL_AUG_CTRL_ARCX_PILLAR_mbp1.dbn.zst,AAPL_AUG_CTRL,ARCX.PILLAR,AAPL,EVENT,1600,1650,38
AAPL_AUG_CTRL_ARCX_PILLAR_mbp1.dbn.zst,AAPL_AUG_CTRL,ARCX.PILLAR,AAPL,EVENT,1650,1700,30
AAPL_AUG_CTRL_ARCX_PILLAR_mbp1.dbn.zst,AAPL_AUG_CTRL,ARCX.PILLAR,AAPL,EVENT,1700,1750,34
AAPL_AUG_CTRL_ARCX_PILLAR_mbp1.dbn.zst,AAPL_AUG_CTRL,ARCX.PILLAR,AAPL,EVENT,1750,1800,21
AAPL_AUG_CTRL_ARCX_PILLAR_mbp1.dbn.zst,AAPL_AUG_CTRL,ARCX.PILLAR,AAPL,EVENT,1800,1850,25
AAPL_AUG_CTRL_ARCX_PILLAR_mbp1.dbn.zst,AAPL_AUG_CTRL,ARCX.PILLAR,AAPL,EVENT,1850,1900,25
AAPL_AUG_CTRL_ARCX_PILLAR_mbp1.dbn.zst,AAPL_AUG_CTRL,ARCX.PILLAR,AAPL,EVENT,1900,1950,46
AAPL_AUG_CTRL_ARCX_PILLAR_mbp1.dbn.zst,AAPL_AUG_CTRL,ARCX.PILLAR,AAPL,EVENT,1950,2000,17
AAPL_AUG_CTRL_ARCX_PILLAR_mbp1.dbn.zst,AAPL_AUG_CTRL,ARCX.PILLAR,AAPL,EVENT,2000,2050,23
AAPL_AUG_CTRL_ARCX_PILLAR_mbp1.dbn.zst,AAPL_AUG_CTRL,ARCX.PILLAR,AAPL,EVENT,2050,2100,36
AAPL_AUG_CTRL_ARCX_PILLAR_mbp1.dbn.zst,AAPL_AUG_CTRL,ARCX.PILLAR,AAPL,EVENT,2100,2150,19
AAPL_AUG_CTRL_ARCX_PILLAR_mbp1.dbn.zst,AAPL_AUG_CTRL,ARCX.PILLAR,AAPL,EVENT,2150,2200,12
AAPL_AUG_CTRL_ARCX_PILLAR_mbp1.dbn.zst,AAPL_AUG_CTRL,ARCX.PILLAR,AAPL,EVENT,2200,2250,28
AAPL_AUG_CTRL_ARCX_PILLAR_mbp1.dbn.zst,AAPL_AUG_CTRL,ARCX.PILLAR,AAPL,EVENT,2250,2300,33
AAPL_AUG_CTRL_ARCX_PILLAR_mbp1.dbn.zst,AAPL_AUG_CTRL,ARCX.PILLAR,AAPL,EVENT,2300,2350,49
AAPL_AUG_CTRL_ARCX_PILLAR_mbp1.dbn.zst,AAPL_AUG_CTRL,ARCX.PILLAR,AAPL,EVENT,2350,2400,34
AAPL_AUG_CTRL_ARCX_PILLAR_mbp1.dbn.zst,AAPL_AUG_CTRL,ARCX.PILLAR,AAPL,EVENT,2400,2450,19
AAPL_AUG_CTRL_ARCX_PILLAR_mbp1.dbn.zst,AAPL_AUG_CTRL,ARCX.PILLAR,AAPL,EVENT,2450,2500,19
AAPL_AUG_CTRL_ARCX_PILLAR_mbp1.dbn.zst,AAPL_AUG_CTRL,ARCX.PILLAR,AAPL,EVENT,2500,2550,8
AAPL_AUG_CTRL_ARCX_PILLAR_mbp1.dbn.zst,AAPL_AUG_CTRL,ARCX.PILLAR,AAPL,EVENT,2550,2600,13
AAPL_AUG_CTRL_ARCX_PILLAR_mbp1.dbn.zst,AAPL_AUG_CTRL,ARCX.PILLAR,AAPL,EVENT,2600,2650,33
AAPL_AUG_CTRL_ARCX_PILLAR_mbp1.dbn.zst,AAPL_AUG_CTRL,ARCX.PILLAR,AAPL,EVENT,2650,2700,8
AAPL_AUG_CTRL_ARCX_PILLAR_mbp1.dbn.zst,AAPL_AUG_CTRL,ARCX.PILLAR,AAPL,EVENT,2700,2750,9
AAPL_AUG_CTRL_ARCX_PILLAR_mbp1.dbn.zst,AAPL_AUG_CTRL,ARCX.PILLAR,AAPL,EVENT,2750,2800,17
AAPL_AUG_CTRL_ARCX_PILLAR_mbp1.dbn.zst,AAPL_AUG_CTRL,ARCX.PILLAR,AAPL,EVENT,2800,2850,20
AAPL_AUG_CTRL_ARCX_PILLAR_mbp1.dbn.zst,AAPL_AUG_CTRL,ARCX.PILLAR,AAPL,EVENT,2850,2900,11
AAPL_AUG_CTRL_ARCX_PILLAR_mbp1.dbn.zst,AAPL_AUG_CTRL,ARCX.PILLAR,AAPL,EVENT,2900,2950,8
AAPL_AUG_CTRL_ARCX_PILLAR_mbp1.dbn.zst,AAPL_AUG_CTRL,ARCX.PILLAR,AAPL,EVENT,2950,3000,43
AAPL_AUG_CTRL_ARCX_PILLAR_mbp1.dbn.zst,AAPL_AUG_CTRL,ARCX.PILLAR,AAPL,EVENT,3000,3050,28
AAPL_AUG_CTRL_ARCX_PILLAR_mbp1.dbn.zst,AAPL_AUG_CTRL,ARCX.PILLAR,AAPL,EVENT,3050,3100,32
AAPL_AUG_CTRL_ARCX_PILLAR_mbp1.dbn.zst,AAPL_AUG_CTRL,ARCX.PILLAR,AAPL,EVENT,3100,3150,15
AAPL_AUG_CTRL_ARCX_PILLAR_mbp1.dbn.zst,AAPL_AUG_CTRL,ARCX.PILLAR,AAPL,EVENT,3150,3200,32
AAPL_AUG_CTRL_ARCX_PILLAR_mbp1.dbn.zst,AAPL_AUG_CTRL,ARCX.PILLAR,AAPL,EVENT,3200,3250,3
AAPL_AUG_CTRL_ARCX_PILLAR_mbp1.dbn.zst,AAPL_AUG_CTRL,ARCX.PILLAR,AAPL,EVENT,3250,3300,144
AAPL_AUG_CTRL_ARCX_PILLAR_mbp1.dbn.zst,AAPL_AUG_CTRL,ARCX.PILLAR,AAPL,EVENT,3300,3350,7
AAPL_AUG_CTRL_ARCX_PILLAR_mbp1.dbn.zst,AAPL_AUG_CTRL,ARCX.PILLAR,AAPL,EVENT,3350,3400,1
AAPL_AUG_CTRL_ARCX_PILLAR_mbp1.dbn.zst,AAPL_AUG_CTRL,ARCX.PILLAR,AAPL,EVENT,3400,3450,11
AAPL_AUG_CTRL_ARCX_PILLAR_mbp1.dbn.zst,AAPL_AUG_CTRL,ARCX.PILLAR,AAPL,EVENT,3450,3500,22
AAPL_AUG_CTRL_ARCX_PILLAR_mbp1.dbn.zst,AAPL_AUG_CTRL,ARCX.PILLAR,AAPL,EVENT,3500,3550,51
AAPL_AUG_CTRL_ARCX_PILLAR_mbp1.dbn.zst,AAPL_AUG_CTRL,ARCX.PILLAR,AAPL,EVENT,3550,3600,64
AAPL_AUG_CTRL_ARCX_PILLAR_mbp1.dbn.zst,AAPL_AUG_CTRL,ARCX.PILLAR,AAPL,EVENT,3600,3650,21
AAPL_AUG_CTRL_ARCX_PILLAR_mbp1.dbn.zst,AAPL_AUG_CTRL,ARCX.PILLAR,AAPL,EVENT,3650,3700,7
AAPL_AUG_CTRL_ARCX_PILLAR_mbp1.dbn.zst,AAPL_AUG_CTRL,ARCX.PILLAR,AAPL,EVENT,3700,3750,20
AAPL_AUG_CTRL_ARCX_PILLAR_mbp1.dbn.zst,AAPL_AUG_CTRL,ARCX.PILLAR,AAPL,EVENT,3750,3800,32
AAPL_AUG_CTRL_ARCX_PILLAR_mbp1.dbn.zst,AAPL_AUG_CTRL,ARCX.PILLAR,AAPL,EVENT,3800,3850,10
AAPL_AUG_CTRL_ARCX_PILLAR_mbp1.dbn.zst,AAPL_AUG_CTRL,ARCX.PILLAR,AAPL,EVENT,3850,3900,28
AAPL_AUG_CTRL_ARCX_PILLAR_mbp1.dbn.zst,AAPL_AUG_CTRL,ARCX.PILLAR,AAPL,EVENT,3900,3950,21
AAPL_AUG_CTRL_ARCX_PILLAR_mbp1.dbn.zst,AAPL_AUG_CTRL,ARCX.PILLAR,AAPL,EVENT,3950,4000,28
AAPL_AUG_CTRL_ARCX_PILLAR_mbp1.dbn.zst,AAPL_AUG_CTRL,ARCX.PILLAR,AAPL,EVENT,4000,4050,20
AAPL_AUG_CTRL_ARCX_PILLAR_mbp1.dbn.zst,AAPL_AUG_CTRL,ARCX.PILLAR,AAPL,EVENT,4050,4100,9
AAPL_AUG_CTRL_ARCX_PILLAR_mbp1.dbn.zst,AAPL_AUG_CTRL,ARCX.PILLAR,AAPL,EVENT,4100,4150,9
AAPL_AUG_CTRL_ARCX_PILLAR_mbp1.dbn.zst,AAPL_AUG_CTRL,ARCX.PILLAR,AAPL,EVENT,4150,4200,25
AAPL_AUG_CTRL_ARCX_PILLAR_mbp1.dbn.zst,AAPL_AUG_CTRL,ARCX.PILLAR,AAPL,EVENT,4200,4250,15
AAPL_AUG_CTRL_ARCX_PILLAR_mbp1.dbn.zst,AAPL_AUG_CTRL,ARCX.PILLAR,AAPL,EVENT,4250,4300,18
AAPL_AUG_CTRL_ARCX_PILLAR_mbp1.dbn.zst,AAPL_AUG_CTRL,ARCX.PILLAR,AAPL,EVENT,4300,4350,58
AAPL_AUG_CTRL_ARCX_PILLAR_mbp1.dbn.zst,AAPL_AUG_CTRL,ARCX.PILLAR,AAPL,EVENT,4350,4400,84
AAPL_AUG_CTRL_ARCX_PILLAR_mbp1.dbn.zst,AAPL_AUG_CTRL,ARCX.PILLAR,AAPL,EVENT,4400,4450,179
AAPL_AUG_CTRL_ARCX_PILLAR_mbp1.dbn.zst,AAPL_AUG_CTRL,ARCX.PILLAR,AAPL,EVENT,4450,4500,264
AAPL_AUG_CTRL_ARCX_PILLAR_mbp1.dbn.zst,AAPL_AUG_CTRL,ARCX.PILLAR,AAPL,EVENT,4500,4550,58
AAPL_AUG_CTRL_ARCX_PILLAR_mbp1.dbn.zst,AAPL_AUG_CTRL,ARCX.PILLAR,AAPL,EVENT,4550,4600,100
AAPL_AUG_CTRL_ARCX_PILLAR_mbp1.dbn.zst,AAPL_AUG_CTRL,ARCX.PILLAR,AAPL,EVENT,4600,4650,2
AAPL_AUG_CTRL_ARCX_PILLAR_mbp1.dbn.zst,AAPL_AUG_CTRL,ARCX.PILLAR,AAPL,EVENT,4650,4700,12
AAPL_AUG_CTRL_ARCX_PILLAR_mbp1.dbn.zst,AAPL_AUG_CTRL,ARCX.PILLAR,AAPL,EVENT,4700,4750,9
AAPL_AUG_CTRL_ARCX_PILLAR_mbp1.dbn.zst,AAPL_AUG_CTRL,ARCX.PILLAR,AAPL,EVENT,4750,4800,4
AAPL_AUG_CTRL_ARCX_PILLAR_mbp1.dbn.zst,AAPL_AUG_CTRL,ARCX.PILLAR,AAPL,EVENT,4800,4850,13
AAPL_AUG_CTRL_ARCX_PILLAR_mbp1.dbn.zst,AAPL_AUG_CTRL,ARCX.PILLAR,AAPL,EVENT,4850,4900,12
AAPL_AUG_CTRL_ARCX_PILLAR_mbp1.dbn.zst,AAPL_AUG_CTRL,ARCX.PILLAR,AAPL,EVENT,4900,4950,7
AAPL_AUG_CTRL_ARCX_PILLAR_mbp1.dbn.zst,AAPL_AUG_CTRL,ARCX.PILLAR,AAPL,EVENT,4950,5000,12
AAPL_AUG_CTRL_ARCX_PILLAR_mbp1.dbn.zst,AAPL_AUG_CTRL,ARCX.PILLAR,AAPL,RECEIVE,-5000,-4950,175
AAPL_AUG_CTRL_ARCX_PILLAR_mbp1.dbn.zst,AAPL_AUG_CTRL,ARCX.PILLAR,AAPL,RECEIVE,-4950,-4900,5
AAPL_AUG_CTRL_ARCX_PILLAR_mbp1.dbn.zst,AAPL_AUG_CTRL,ARCX.PILLAR,AAPL,RECEIVE,-4900,-4850,11
AAPL_AUG_CTRL_ARCX_PILLAR_mbp1.dbn.zst,AAPL_AUG_CTRL,ARCX.PILLAR,AAPL,RECEIVE,-4850,-4800,19
AAPL_AUG_CTRL_ARCX_PILLAR_mbp1.dbn.zst,AAPL_AUG_CTRL,ARCX.PILLAR,AAPL,RECEIVE,-4800,-4750,28
AAPL_AUG_CTRL_ARCX_PILLAR_mbp1.dbn.zst,AAPL_AUG_CTRL,ARCX.PILLAR,AAPL,RECEIVE,-4750,-4700,31
AAPL_AUG_CTRL_ARCX_PILLAR_mbp1.dbn.zst,AAPL_AUG_CTRL,ARCX.PILLAR,AAPL,RECEIVE,-4700,-4650,53
AAPL_AUG_CTRL_ARCX_PILLAR_mbp1.dbn.zst,AAPL_AUG_CTRL,ARCX.PILLAR,AAPL,RECEIVE,-4650,-4600,38
AAPL_AUG_CTRL_ARCX_PILLAR_mbp1.dbn.zst,AAPL_AUG_CTRL,ARCX.PILLAR,AAPL,RECEIVE,-4600,-4550,56
AAPL_AUG_CTRL_ARCX_PILLAR_mbp1.dbn.zst,AAPL_AUG_CTRL,ARCX.PILLAR,AAPL,RECEIVE,-4550,-4500,81
AAPL_AUG_CTRL_ARCX_PILLAR_mbp1.dbn.zst,AAPL_AUG_CTRL,ARCX.PILLAR,AAPL,RECEIVE,-4500,-4450,153
AAPL_AUG_CTRL_ARCX_PILLAR_mbp1.dbn.zst,AAPL_AUG_CTRL,ARCX.PILLAR,AAPL,RECEIVE,-4450,-4400,10
AAPL_AUG_CTRL_ARCX_PILLAR_mbp1.dbn.zst,AAPL_AUG_CTRL,ARCX.PILLAR,AAPL,RECEIVE,-4400,-4350,32
AAPL_AUG_CTRL_ARCX_PILLAR_mbp1.dbn.zst,AAPL_AUG_CTRL,ARCX.PILLAR,AAPL,RECEIVE,-4350,-4300,40
AAPL_AUG_CTRL_ARCX_PILLAR_mbp1.dbn.zst,AAPL_AUG_CTRL,ARCX.PILLAR,AAPL,RECEIVE,-4300,-4250,51
AAPL_AUG_CTRL_ARCX_PILLAR_mbp1.dbn.zst,AAPL_AUG_CTRL,ARCX.PILLAR,AAPL,RECEIVE,-4250,-4200,22
AAPL_AUG_CTRL_ARCX_PILLAR_mbp1.dbn.zst,AAPL_AUG_CTRL,ARCX.PILLAR,AAPL,RECEIVE,-4200,-4150,9
AAPL_AUG_CTRL_ARCX_PILLAR_mbp1.dbn.zst,AAPL_AUG_CTRL,ARCX.PILLAR,AAPL,RECEIVE,-4150,-4100,21
AAPL_AUG_CTRL_ARCX_PILLAR_mbp1.dbn.zst,AAPL_AUG_CTRL,ARCX.PILLAR,AAPL,RECEIVE,-4100,-4050,24
AAPL_AUG_CTRL_ARCX_PILLAR_mbp1.dbn.zst,AAPL_AUG_CTRL,ARCX.PILLAR,AAPL,RECEIVE,-4050,-4000,17
AAPL_AUG_CTRL_ARCX_PILLAR_mbp1.dbn.zst,AAPL_AUG_CTRL,ARCX.PILLAR,AAPL,RECEIVE,-4000,-3950,21
AAPL_AUG_CTRL_ARCX_PILLAR_mbp1.dbn.zst,AAPL_AUG_CTRL,ARCX.PILLAR,AAPL,RECEIVE,-3950,-3900,30
AAPL_AUG_CTRL_ARCX_PILLAR_mbp1.dbn.zst,AAPL_AUG_CTRL,ARCX.PILLAR,AAPL,RECEIVE,-3900,-3850,29
AAPL_AUG_CTRL_ARCX_PILLAR_mbp1.dbn.zst,AAPL_AUG_CTRL,ARCX.PILLAR,AAPL,RECEIVE,-3850,-3800,64
AAPL_AUG_CTRL_ARCX_PILLAR_mbp1.dbn.zst,AAPL_AUG_CTRL,ARCX.PILLAR,AAPL,RECEIVE,-3800,-3750,53
AAPL_AUG_CTRL_ARCX_PILLAR_mbp1.dbn.zst,AAPL_AUG_CTRL,ARCX.PILLAR,AAPL,RECEIVE,-3750,-3700,152
AAPL_AUG_CTRL_ARCX_PILLAR_mbp1.dbn.zst,AAPL_AUG_CTRL,ARCX.PILLAR,AAPL,RECEIVE,-3700,-3650,53
AAPL_AUG_CTRL_ARCX_PILLAR_mbp1.dbn.zst,AAPL_AUG_CTRL,ARCX.PILLAR,AAPL,RECEIVE,-3650,-3600,114
AAPL_AUG_CTRL_ARCX_PILLAR_mbp1.dbn.zst,AAPL_AUG_CTRL,ARCX.PILLAR,AAPL,RECEIVE,-3600,-3550,22
AAPL_AUG_CTRL_ARCX_PILLAR_mbp1.dbn.zst,AAPL_AUG_CTRL,ARCX.PILLAR,AAPL,RECEIVE,-3550,-3500,31
AAPL_AUG_CTRL_ARCX_PILLAR_mbp1.dbn.zst,AAPL_AUG_CTRL,ARCX.PILLAR,AAPL,RECEIVE,-3500,-3450,19
AAPL_AUG_CTRL_ARCX_PILLAR_mbp1.dbn.zst,AAPL_AUG_CTRL,ARCX.PILLAR,AAPL,RECEIVE,-3450,-3400,18
AAPL_AUG_CTRL_ARCX_PILLAR_mbp1.dbn.zst,AAPL_AUG_CTRL,ARCX.PILLAR,AAPL,RECEIVE,-3400,-3350,24
AAPL_AUG_CTRL_ARCX_PILLAR_mbp1.dbn.zst,AAPL_AUG_CTRL,ARCX.PILLAR,AAPL,RECEIVE,-3350,-3300,17
AAPL_AUG_CTRL_ARCX_PILLAR_mbp1.dbn.zst,AAPL_AUG_CTRL,ARCX.PILLAR,AAPL,RECEIVE,-3300,-3250,41
AAPL_AUG_CTRL_ARCX_PILLAR_mbp1.dbn.zst,AAPL_AUG_CTRL,ARCX.PILLAR,AAPL,RECEIVE,-3250,-3200,17
AAPL_AUG_CTRL_ARCX_PILLAR_mbp1.dbn.zst,AAPL_AUG_CTRL,ARCX.PILLAR,AAPL,RECEIVE,-3200,-3150,26
AAPL_AUG_CTRL_ARCX_PILLAR_mbp1.dbn.zst,AAPL_AUG_CTRL,ARCX.PILLAR,AAPL,RECEIVE,-3150,-3100,46
AAPL_AUG_CTRL_ARCX_PILLAR_mbp1.dbn.zst,AAPL_AUG_CTRL,ARCX.PILLAR,AAPL,RECEIVE,-3100,-3050,26
AAPL_AUG_CTRL_ARCX_PILLAR_mbp1.dbn.zst,AAPL_AUG_CTRL,ARCX.PILLAR,AAPL,RECEIVE,-3050,-3000,23
AAPL_AUG_CTRL_ARCX_PILLAR_mbp1.dbn.zst,AAPL_AUG_CTRL,ARCX.PILLAR,AAPL,RECEIVE,-3000,-2950,34
AAPL_AUG_CTRL_ARCX_PILLAR_mbp1.dbn.zst,AAPL_AUG_CTRL,ARCX.PILLAR,AAPL,RECEIVE,-2950,-2900,98
AAPL_AUG_CTRL_ARCX_PILLAR_mbp1.dbn.zst,AAPL_AUG_CTRL,ARCX.PILLAR,AAPL,RECEIVE,-2900,-2850,84
AAPL_AUG_CTRL_ARCX_PILLAR_mbp1.dbn.zst,AAPL_AUG_CTRL,ARCX.PILLAR,AAPL,RECEIVE,-2850,-2800,22
AAPL_AUG_CTRL_ARCX_PILLAR_mbp1.dbn.zst,AAPL_AUG_CTRL,ARCX.PILLAR,AAPL,RECEIVE,-2800,-2750,54
AAPL_AUG_CTRL_ARCX_PILLAR_mbp1.dbn.zst,AAPL_AUG_CTRL,ARCX.PILLAR,AAPL,RECEIVE,-2750,-2700,49
AAPL_AUG_CTRL_ARCX_PILLAR_mbp1.dbn.zst,AAPL_AUG_CTRL,ARCX.PILLAR,AAPL,RECEIVE,-2700,-2650,44
AAPL_AUG_CTRL_ARCX_PILLAR_mbp1.dbn.zst,AAPL_AUG_CTRL,ARCX.PILLAR,AAPL,RECEIVE,-2650,-2600,32
AAPL_AUG_CTRL_ARCX_PILLAR_mbp1.dbn.zst,AAPL_AUG_CTRL,ARCX.PILLAR,AAPL,RECEIVE,-2600,-2550,44
AAPL_AUG_CTRL_ARCX_PILLAR_mbp1.dbn.zst,AAPL_AUG_CTRL,ARCX.PILLAR,AAPL,RECEIVE,-2550,-2500,43
AAPL_AUG_CTRL_ARCX_PILLAR_mbp1.dbn.zst,AAPL_AUG_CTRL,ARCX.PILLAR,AAPL,RECEIVE,-2500,-2450,15
AAPL_AUG_CTRL_ARCX_PILLAR_mbp1.dbn.zst,AAPL_AUG_CTRL,ARCX.PILLAR,AAPL,RECEIVE,-2450,-2400,15
AAPL_AUG_CTRL_ARCX_PILLAR_mbp1.dbn.zst,AAPL_AUG_CTRL,ARCX.PILLAR,AAPL,RECEIVE,-2400,-2350,25
AAPL_AUG_CTRL_ARCX_PILLAR_mbp1.dbn.zst,AAPL_AUG_CTRL,ARCX.PILLAR,AAPL,RECEIVE,-2350,-2300,20
AAPL_AUG_CTRL_ARCX_PILLAR_mbp1.dbn.zst,AAPL_AUG_CTRL,ARCX.PILLAR,AAPL,RECEIVE,-2300,-2250,25
AAPL_AUG_CTRL_ARCX_PILLAR_mbp1.dbn.zst,AAPL_AUG_CTRL,ARCX.PILLAR,AAPL,RECEIVE,-2250,-2200,30
AAPL_AUG_CTRL_ARCX_PILLAR_mbp1.dbn.zst,AAPL_AUG_CTRL,ARCX.PILLAR,AAPL,RECEIVE,-2200,-2150,39
AAPL_AUG_CTRL_ARCX_PILLAR_mbp1.dbn.zst,AAPL_AUG_CTRL,ARCX.PILLAR,AAPL,RECEIVE,-2150,-2100,45
AAPL_AUG_CTRL_ARCX_PILLAR_mbp1.dbn.zst,AAPL_AUG_CTRL,ARCX.PILLAR,AAPL,RECEIVE,-2100,-2050,75
AAPL_AUG_CTRL_ARCX_PILLAR_mbp1.dbn.zst,AAPL_AUG_CTRL,ARCX.PILLAR,AAPL,RECEIVE,-2050,-2000,18
AAPL_AUG_CTRL_ARCX_PILLAR_mbp1.dbn.zst,AAPL_AUG_CTRL,ARCX.PILLAR,AAPL,RECEIVE,-2000,-1950,48
AAPL_AUG_CTRL_ARCX_PILLAR_mbp1.dbn.zst,AAPL_AUG_CTRL,ARCX.PILLAR,AAPL,RECEIVE,-1950,-1900,96
AAPL_AUG_CTRL_ARCX_PILLAR_mbp1.dbn.zst,AAPL_AUG_CTRL,ARCX.PILLAR,AAPL,RECEIVE,-1900,-1850,67
AAPL_AUG_CTRL_ARCX_PILLAR_mbp1.dbn.zst,AAPL_AUG_CTRL,ARCX.PILLAR,AAPL,RECEIVE,-1850,-1800,65
AAPL_AUG_CTRL_ARCX_PILLAR_mbp1.dbn.zst,AAPL_AUG_CTRL,ARCX.PILLAR,AAPL,RECEIVE,-1800,-1750,69
AAPL_AUG_CTRL_ARCX_PILLAR_mbp1.dbn.zst,AAPL_AUG_CTRL,ARCX.PILLAR,AAPL,RECEIVE,-1750,-1700,38
AAPL_AUG_CTRL_ARCX_PILLAR_mbp1.dbn.zst,AAPL_AUG_CTRL,ARCX.PILLAR,AAPL,RECEIVE,-1700,-1650,87
AAPL_AUG_CTRL_ARCX_PILLAR_mbp1.dbn.zst,AAPL_AUG_CTRL,ARCX.PILLAR,AAPL,RECEIVE,-1650,-1600,68
AAPL_AUG_CTRL_ARCX_PILLAR_mbp1.dbn.zst,AAPL_AUG_CTRL,ARCX.PILLAR,AAPL,RECEIVE,-1600,-1550,54
AAPL_AUG_CTRL_ARCX_PILLAR_mbp1.dbn.zst,AAPL_AUG_CTRL,ARCX.PILLAR,AAPL,RECEIVE,-1550,-1500,65
AAPL_AUG_CTRL_ARCX_PILLAR_mbp1.dbn.zst,AAPL_AUG_CTRL,ARCX.PILLAR,AAPL,RECEIVE,-1500,-1450,115
AAPL_AUG_CTRL_ARCX_PILLAR_mbp1.dbn.zst,AAPL_AUG_CTRL,ARCX.PILLAR,AAPL,RECEIVE,-1450,-1400,159
AAPL_AUG_CTRL_ARCX_PILLAR_mbp1.dbn.zst,AAPL_AUG_CTRL,ARCX.PILLAR,AAPL,RECEIVE,-1400,-1350,50
AAPL_AUG_CTRL_ARCX_PILLAR_mbp1.dbn.zst,AAPL_AUG_CTRL,ARCX.PILLAR,AAPL,RECEIVE,-1350,-1300,298
AAPL_AUG_CTRL_ARCX_PILLAR_mbp1.dbn.zst,AAPL_AUG_CTRL,ARCX.PILLAR,AAPL,RECEIVE,-1300,-1250,631
AAPL_AUG_CTRL_ARCX_PILLAR_mbp1.dbn.zst,AAPL_AUG_CTRL,ARCX.PILLAR,AAPL,RECEIVE,-1250,-1200,284
AAPL_AUG_CTRL_ARCX_PILLAR_mbp1.dbn.zst,AAPL_AUG_CTRL,ARCX.PILLAR,AAPL,RECEIVE,-1200,-1150,94
AAPL_AUG_CTRL_ARCX_PILLAR_mbp1.dbn.zst,AAPL_AUG_CTRL,ARCX.PILLAR,AAPL,RECEIVE,-1150,-1100,95
AAPL_AUG_CTRL_ARCX_PILLAR_mbp1.dbn.zst,AAPL_AUG_CTRL,ARCX.PILLAR,AAPL,RECEIVE,-1100,-1050,78
AAPL_AUG_CTRL_ARCX_PILLAR_mbp1.dbn.zst,AAPL_AUG_CTRL,ARCX.PILLAR,AAPL,RECEIVE,-1050,-1000,84
AAPL_AUG_CTRL_ARCX_PILLAR_mbp1.dbn.zst,AAPL_AUG_CTRL,ARCX.PILLAR,AAPL,RECEIVE,-1000,-950,50
AAPL_AUG_CTRL_ARCX_PILLAR_mbp1.dbn.zst,AAPL_AUG_CTRL,ARCX.PILLAR,AAPL,RECEIVE,-950,-900,98
AAPL_AUG_CTRL_ARCX_PILLAR_mbp1.dbn.zst,AAPL_AUG_CTRL,ARCX.PILLAR,AAPL,RECEIVE,-900,-850,58
AAPL_AUG_CTRL_ARCX_PILLAR_mbp1.dbn.zst,AAPL_AUG_CTRL,ARCX.PILLAR,AAPL,RECEIVE,-850,-800,50
AAPL_AUG_CTRL_ARCX_PILLAR_mbp1.dbn.zst,AAPL_AUG_CTRL,ARCX.PILLAR,AAPL,RECEIVE,-800,-750,54
AAPL_AUG_CTRL_ARCX_PILLAR_mbp1.dbn.zst,AAPL_AUG_CTRL,ARCX.PILLAR,AAPL,RECEIVE,-750,-700,62
AAPL_AUG_CTRL_ARCX_PILLAR_mbp1.dbn.zst,AAPL_AUG_CTRL,ARCX.PILLAR,AAPL,RECEIVE,-700,-650,186
AAPL_AUG_CTRL_ARCX_PILLAR_mbp1.dbn.zst,AAPL_AUG_CTRL,ARCX.PILLAR,AAPL,RECEIVE,-650,-600,102
AAPL_AUG_CTRL_ARCX_PILLAR_mbp1.dbn.zst,AAPL_AUG_CTRL,ARCX.PILLAR,AAPL,RECEIVE,-600,-550,113
AAPL_AUG_CTRL_ARCX_PILLAR_mbp1.dbn.zst,AAPL_AUG_CTRL,ARCX.PILLAR,AAPL,RECEIVE,-550,-500,77
AAPL_AUG_CTRL_ARCX_PILLAR_mbp1.dbn.zst,AAPL_AUG_CTRL,ARCX.PILLAR,AAPL,RECEIVE,-500,-450,101
AAPL_AUG_CTRL_ARCX_PILLAR_mbp1.dbn.zst,AAPL_AUG_CTRL,ARCX.PILLAR,AAPL,RECEIVE,-450,-400,274
AAPL_AUG_CTRL_ARCX_PILLAR_mbp1.dbn.zst,AAPL_AUG_CTRL,ARCX.PILLAR,AAPL,RECEIVE,-400,-350,550
AAPL_AUG_CTRL_ARCX_PILLAR_mbp1.dbn.zst,AAPL_AUG_CTRL,ARCX.PILLAR,AAPL,RECEIVE,-350,-300,166
AAPL_AUG_CTRL_ARCX_PILLAR_mbp1.dbn.zst,AAPL_AUG_CTRL,ARCX.PILLAR,AAPL,RECEIVE,-300,-250,721
AAPL_AUG_CTRL_ARCX_PILLAR_mbp1.dbn.zst,AAPL_AUG_CTRL,ARCX.PILLAR,AAPL,RECEIVE,-250,-200,690
AAPL_AUG_CTRL_ARCX_PILLAR_mbp1.dbn.zst,AAPL_AUG_CTRL,ARCX.PILLAR,AAPL,RECEIVE,-200,-150,177
AAPL_AUG_CTRL_ARCX_PILLAR_mbp1.dbn.zst,AAPL_AUG_CTRL,ARCX.PILLAR,AAPL,RECEIVE,-150,-100,164
AAPL_AUG_CTRL_ARCX_PILLAR_mbp1.dbn.zst,AAPL_AUG_CTRL,ARCX.PILLAR,AAPL,RECEIVE,-100,-50,238
AAPL_AUG_CTRL_ARCX_PILLAR_mbp1.dbn.zst,AAPL_AUG_CTRL,ARCX.PILLAR,AAPL,RECEIVE,-50,0,358
AAPL_AUG_CTRL_ARCX_PILLAR_mbp1.dbn.zst,AAPL_AUG_CTRL,ARCX.PILLAR,AAPL,RECEIVE,0,50,463
AAPL_AUG_CTRL_ARCX_PILLAR_mbp1.dbn.zst,AAPL_AUG_CTRL,ARCX.PILLAR,AAPL,RECEIVE,50,100,244
AAPL_AUG_CTRL_ARCX_PILLAR_mbp1.dbn.zst,AAPL_AUG_CTRL,ARCX.PILLAR,AAPL,RECEIVE,100,150,225
AAPL_AUG_CTRL_ARCX_PILLAR_mbp1.dbn.zst,AAPL_AUG_CTRL,ARCX.PILLAR,AAPL,RECEIVE,150,200,211
AAPL_AUG_CTRL_ARCX_PILLAR_mbp1.dbn.zst,AAPL_AUG_CTRL,ARCX.PILLAR,AAPL,RECEIVE,200,250,158
AAPL_AUG_CTRL_ARCX_PILLAR_mbp1.dbn.zst,AAPL_AUG_CTRL,ARCX.PILLAR,AAPL,RECEIVE,250,300,205
AAPL_AUG_CTRL_ARCX_PILLAR_mbp1.dbn.zst,AAPL_AUG_CTRL,ARCX.PILLAR,AAPL,RECEIVE,300,350,287
AAPL_AUG_CTRL_ARCX_PILLAR_mbp1.dbn.zst,AAPL_AUG_CTRL,ARCX.PILLAR,AAPL,RECEIVE,350,400,391
AAPL_AUG_CTRL_ARCX_PILLAR_mbp1.dbn.zst,AAPL_AUG_CTRL,ARCX.PILLAR,AAPL,RECEIVE,400,450,183
AAPL_AUG_CTRL_ARCX_PILLAR_mbp1.dbn.zst,AAPL_AUG_CTRL,ARCX.PILLAR,AAPL,RECEIVE,450,500,104
AAPL_AUG_CTRL_ARCX_PILLAR_mbp1.dbn.zst,AAPL_AUG_CTRL,ARCX.PILLAR,AAPL,RECEIVE,500,550,163
AAPL_AUG_CTRL_ARCX_PILLAR_mbp1.dbn.zst,AAPL_AUG_CTRL,ARCX.PILLAR,AAPL,RECEIVE,550,600,115
AAPL_AUG_CTRL_ARCX_PILLAR_mbp1.dbn.zst,AAPL_AUG_CTRL,ARCX.PILLAR,AAPL,RECEIVE,600,650,97
AAPL_AUG_CTRL_ARCX_PILLAR_mbp1.dbn.zst,AAPL_AUG_CTRL,ARCX.PILLAR,AAPL,RECEIVE,650,700,34
AAPL_AUG_CTRL_ARCX_PILLAR_mbp1.dbn.zst,AAPL_AUG_CTRL,ARCX.PILLAR,AAPL,RECEIVE,700,750,227
AAPL_AUG_CTRL_ARCX_PILLAR_mbp1.dbn.zst,AAPL_AUG_CTRL,ARCX.PILLAR,AAPL,RECEIVE,750,800,321
AAPL_AUG_CTRL_ARCX_PILLAR_mbp1.dbn.zst,AAPL_AUG_CTRL,ARCX.PILLAR,AAPL,RECEIVE,800,850,40
AAPL_AUG_CTRL_ARCX_PILLAR_mbp1.dbn.zst,AAPL_AUG_CTRL,ARCX.PILLAR,AAPL,RECEIVE,850,900,386
AAPL_AUG_CTRL_ARCX_PILLAR_mbp1.dbn.zst,AAPL_AUG_CTRL,ARCX.PILLAR,AAPL,RECEIVE,900,950,382
AAPL_AUG_CTRL_ARCX_PILLAR_mbp1.dbn.zst,AAPL_AUG_CTRL,ARCX.PILLAR,AAPL,RECEIVE,950,1000,83
AAPL_AUG_CTRL_ARCX_PILLAR_mbp1.dbn.zst,AAPL_AUG_CTRL,ARCX.PILLAR,AAPL,RECEIVE,1000,1050,72
AAPL_AUG_CTRL_ARCX_PILLAR_mbp1.dbn.zst,AAPL_AUG_CTRL,ARCX.PILLAR,AAPL,RECEIVE,1050,1100,137
AAPL_AUG_CTRL_ARCX_PILLAR_mbp1.dbn.zst,AAPL_AUG_CTRL,ARCX.PILLAR,AAPL,RECEIVE,1100,1150,129
AAPL_AUG_CTRL_ARCX_PILLAR_mbp1.dbn.zst,AAPL_AUG_CTRL,ARCX.PILLAR,AAPL,RECEIVE,1150,1200,272
AAPL_AUG_CTRL_ARCX_PILLAR_mbp1.dbn.zst,AAPL_AUG_CTRL,ARCX.PILLAR,AAPL,RECEIVE,1200,1250,33
AAPL_AUG_CTRL_ARCX_PILLAR_mbp1.dbn.zst,AAPL_AUG_CTRL,ARCX.PILLAR,AAPL,RECEIVE,1250,1300,27
AAPL_AUG_CTRL_ARCX_PILLAR_mbp1.dbn.zst,AAPL_AUG_CTRL,ARCX.PILLAR,AAPL,RECEIVE,1300,1350,15
AAPL_AUG_CTRL_ARCX_PILLAR_mbp1.dbn.zst,AAPL_AUG_CTRL,ARCX.PILLAR,AAPL,RECEIVE,1350,1400,25
AAPL_AUG_CTRL_ARCX_PILLAR_mbp1.dbn.zst,AAPL_AUG_CTRL,ARCX.PILLAR,AAPL,RECEIVE,1400,1450,42
AAPL_AUG_CTRL_ARCX_PILLAR_mbp1.dbn.zst,AAPL_AUG_CTRL,ARCX.PILLAR,AAPL,RECEIVE,1450,1500,260
AAPL_AUG_CTRL_ARCX_PILLAR_mbp1.dbn.zst,AAPL_AUG_CTRL,ARCX.PILLAR,AAPL,RECEIVE,1500,1550,187
AAPL_AUG_CTRL_ARCX_PILLAR_mbp1.dbn.zst,AAPL_AUG_CTRL,ARCX.PILLAR,AAPL,RECEIVE,1550,1600,207
AAPL_AUG_CTRL_ARCX_PILLAR_mbp1.dbn.zst,AAPL_AUG_CTRL,ARCX.PILLAR,AAPL,RECEIVE,1600,1650,518
AAPL_AUG_CTRL_ARCX_PILLAR_mbp1.dbn.zst,AAPL_AUG_CTRL,ARCX.PILLAR,AAPL,RECEIVE,1650,1700,323
AAPL_AUG_CTRL_ARCX_PILLAR_mbp1.dbn.zst,AAPL_AUG_CTRL,ARCX.PILLAR,AAPL,RECEIVE,1700,1750,270
AAPL_AUG_CTRL_ARCX_PILLAR_mbp1.dbn.zst,AAPL_AUG_CTRL,ARCX.PILLAR,AAPL,RECEIVE,1750,1800,20
AAPL_AUG_CTRL_ARCX_PILLAR_mbp1.dbn.zst,AAPL_AUG_CTRL,ARCX.PILLAR,AAPL,RECEIVE,1800,1850,23
AAPL_AUG_CTRL_ARCX_PILLAR_mbp1.dbn.zst,AAPL_AUG_CTRL,ARCX.PILLAR,AAPL,RECEIVE,1850,1900,34
AAPL_AUG_CTRL_ARCX_PILLAR_mbp1.dbn.zst,AAPL_AUG_CTRL,ARCX.PILLAR,AAPL,RECEIVE,1900,1950,80
AAPL_AUG_CTRL_ARCX_PILLAR_mbp1.dbn.zst,AAPL_AUG_CTRL,ARCX.PILLAR,AAPL,RECEIVE,1950,2000,45
AAPL_AUG_CTRL_ARCX_PILLAR_mbp1.dbn.zst,AAPL_AUG_CTRL,ARCX.PILLAR,AAPL,RECEIVE,2000,2050,42
AAPL_AUG_CTRL_ARCX_PILLAR_mbp1.dbn.zst,AAPL_AUG_CTRL,ARCX.PILLAR,AAPL,RECEIVE,2050,2100,74
AAPL_AUG_CTRL_ARCX_PILLAR_mbp1.dbn.zst,AAPL_AUG_CTRL,ARCX.PILLAR,AAPL,RECEIVE,2100,2150,19
AAPL_AUG_CTRL_ARCX_PILLAR_mbp1.dbn.zst,AAPL_AUG_CTRL,ARCX.PILLAR,AAPL,RECEIVE,2150,2200,65
AAPL_AUG_CTRL_ARCX_PILLAR_mbp1.dbn.zst,AAPL_AUG_CTRL,ARCX.PILLAR,AAPL,RECEIVE,2200,2250,33
AAPL_AUG_CTRL_ARCX_PILLAR_mbp1.dbn.zst,AAPL_AUG_CTRL,ARCX.PILLAR,AAPL,RECEIVE,2250,2300,31
AAPL_AUG_CTRL_ARCX_PILLAR_mbp1.dbn.zst,AAPL_AUG_CTRL,ARCX.PILLAR,AAPL,RECEIVE,2300,2350,50
AAPL_AUG_CTRL_ARCX_PILLAR_mbp1.dbn.zst,AAPL_AUG_CTRL,ARCX.PILLAR,AAPL,RECEIVE,2350,2400,40
AAPL_AUG_CTRL_ARCX_PILLAR_mbp1.dbn.zst,AAPL_AUG_CTRL,ARCX.PILLAR,AAPL,RECEIVE,2400,2450,27
AAPL_AUG_CTRL_ARCX_PILLAR_mbp1.dbn.zst,AAPL_AUG_CTRL,ARCX.PILLAR,AAPL,RECEIVE,2450,2500,10
AAPL_AUG_CTRL_ARCX_PILLAR_mbp1.dbn.zst,AAPL_AUG_CTRL,ARCX.PILLAR,AAPL,RECEIVE,2500,2550,8
AAPL_AUG_CTRL_ARCX_PILLAR_mbp1.dbn.zst,AAPL_AUG_CTRL,ARCX.PILLAR,AAPL,RECEIVE,2550,2600,16
AAPL_AUG_CTRL_ARCX_PILLAR_mbp1.dbn.zst,AAPL_AUG_CTRL,ARCX.PILLAR,AAPL,RECEIVE,2600,2650,17
AAPL_AUG_CTRL_ARCX_PILLAR_mbp1.dbn.zst,AAPL_AUG_CTRL,ARCX.PILLAR,AAPL,RECEIVE,2650,2700,24
AAPL_AUG_CTRL_ARCX_PILLAR_mbp1.dbn.zst,AAPL_AUG_CTRL,ARCX.PILLAR,AAPL,RECEIVE,2700,2750,7
AAPL_AUG_CTRL_ARCX_PILLAR_mbp1.dbn.zst,AAPL_AUG_CTRL,ARCX.PILLAR,AAPL,RECEIVE,2750,2800,20
AAPL_AUG_CTRL_ARCX_PILLAR_mbp1.dbn.zst,AAPL_AUG_CTRL,ARCX.PILLAR,AAPL,RECEIVE,2800,2850,68
AAPL_AUG_CTRL_ARCX_PILLAR_mbp1.dbn.zst,AAPL_AUG_CTRL,ARCX.PILLAR,AAPL,RECEIVE,2850,2900,77
AAPL_AUG_CTRL_ARCX_PILLAR_mbp1.dbn.zst,AAPL_AUG_CTRL,ARCX.PILLAR,AAPL,RECEIVE,2900,2950,35
AAPL_AUG_CTRL_ARCX_PILLAR_mbp1.dbn.zst,AAPL_AUG_CTRL,ARCX.PILLAR,AAPL,RECEIVE,2950,3000,36
AAPL_AUG_CTRL_ARCX_PILLAR_mbp1.dbn.zst,AAPL_AUG_CTRL,ARCX.PILLAR,AAPL,RECEIVE,3000,3050,31
AAPL_AUG_CTRL_ARCX_PILLAR_mbp1.dbn.zst,AAPL_AUG_CTRL,ARCX.PILLAR,AAPL,RECEIVE,3050,3100,14
AAPL_AUG_CTRL_ARCX_PILLAR_mbp1.dbn.zst,AAPL_AUG_CTRL,ARCX.PILLAR,AAPL,RECEIVE,3100,3150,12
AAPL_AUG_CTRL_ARCX_PILLAR_mbp1.dbn.zst,AAPL_AUG_CTRL,ARCX.PILLAR,AAPL,RECEIVE,3150,3200,31
AAPL_AUG_CTRL_ARCX_PILLAR_mbp1.dbn.zst,AAPL_AUG_CTRL,ARCX.PILLAR,AAPL,RECEIVE,3200,3250,5
AAPL_AUG_CTRL_ARCX_PILLAR_mbp1.dbn.zst,AAPL_AUG_CTRL,ARCX.PILLAR,AAPL,RECEIVE,3250,3300,16
AAPL_AUG_CTRL_ARCX_PILLAR_mbp1.dbn.zst,AAPL_AUG_CTRL,ARCX.PILLAR,AAPL,RECEIVE,3300,3350,5
AAPL_AUG_CTRL_ARCX_PILLAR_mbp1.dbn.zst,AAPL_AUG_CTRL,ARCX.PILLAR,AAPL,RECEIVE,3350,3400,3
AAPL_AUG_CTRL_ARCX_PILLAR_mbp1.dbn.zst,AAPL_AUG_CTRL,ARCX.PILLAR,AAPL,RECEIVE,3400,3450,13
AAPL_AUG_CTRL_ARCX_PILLAR_mbp1.dbn.zst,AAPL_AUG_CTRL,ARCX.PILLAR,AAPL,RECEIVE,3450,3500,36
AAPL_AUG_CTRL_ARCX_PILLAR_mbp1.dbn.zst,AAPL_AUG_CTRL,ARCX.PILLAR,AAPL,RECEIVE,3500,3550,47
AAPL_AUG_CTRL_ARCX_PILLAR_mbp1.dbn.zst,AAPL_AUG_CTRL,ARCX.PILLAR,AAPL,RECEIVE,3550,3600,64
AAPL_AUG_CTRL_ARCX_PILLAR_mbp1.dbn.zst,AAPL_AUG_CTRL,ARCX.PILLAR,AAPL,RECEIVE,3600,3650,14
AAPL_AUG_CTRL_ARCX_PILLAR_mbp1.dbn.zst,AAPL_AUG_CTRL,ARCX.PILLAR,AAPL,RECEIVE,3650,3700,19
AAPL_AUG_CTRL_ARCX_PILLAR_mbp1.dbn.zst,AAPL_AUG_CTRL,ARCX.PILLAR,AAPL,RECEIVE,3700,3750,12
AAPL_AUG_CTRL_ARCX_PILLAR_mbp1.dbn.zst,AAPL_AUG_CTRL,ARCX.PILLAR,AAPL,RECEIVE,3750,3800,19
AAPL_AUG_CTRL_ARCX_PILLAR_mbp1.dbn.zst,AAPL_AUG_CTRL,ARCX.PILLAR,AAPL,RECEIVE,3800,3850,23
AAPL_AUG_CTRL_ARCX_PILLAR_mbp1.dbn.zst,AAPL_AUG_CTRL,ARCX.PILLAR,AAPL,RECEIVE,3850,3900,18
AAPL_AUG_CTRL_ARCX_PILLAR_mbp1.dbn.zst,AAPL_AUG_CTRL,ARCX.PILLAR,AAPL,RECEIVE,3900,3950,20
AAPL_AUG_CTRL_ARCX_PILLAR_mbp1.dbn.zst,AAPL_AUG_CTRL,ARCX.PILLAR,AAPL,RECEIVE,3950,4000,23
AAPL_AUG_CTRL_ARCX_PILLAR_mbp1.dbn.zst,AAPL_AUG_CTRL,ARCX.PILLAR,AAPL,RECEIVE,4000,4050,28
AAPL_AUG_CTRL_ARCX_PILLAR_mbp1.dbn.zst,AAPL_AUG_CTRL,ARCX.PILLAR,AAPL,RECEIVE,4050,4100,5
AAPL_AUG_CTRL_ARCX_PILLAR_mbp1.dbn.zst,AAPL_AUG_CTRL,ARCX.PILLAR,AAPL,RECEIVE,4100,4150,14
AAPL_AUG_CTRL_ARCX_PILLAR_mbp1.dbn.zst,AAPL_AUG_CTRL,ARCX.PILLAR,AAPL,RECEIVE,4150,4200,12
AAPL_AUG_CTRL_ARCX_PILLAR_mbp1.dbn.zst,AAPL_AUG_CTRL,ARCX.PILLAR,AAPL,RECEIVE,4200,4250,21
AAPL_AUG_CTRL_ARCX_PILLAR_mbp1.dbn.zst,AAPL_AUG_CTRL,ARCX.PILLAR,AAPL,RECEIVE,4250,4300,21
AAPL_AUG_CTRL_ARCX_PILLAR_mbp1.dbn.zst,AAPL_AUG_CTRL,ARCX.PILLAR,AAPL,RECEIVE,4300,4350,14
AAPL_AUG_CTRL_ARCX_PILLAR_mbp1.dbn.zst,AAPL_AUG_CTRL,ARCX.PILLAR,AAPL,RECEIVE,4350,4400,25
AAPL_AUG_CTRL_ARCX_PILLAR_mbp1.dbn.zst,AAPL_AUG_CTRL,ARCX.PILLAR,AAPL,RECEIVE,4400,4450,17
AAPL_AUG_CTRL_ARCX_PILLAR_mbp1.dbn.zst,AAPL_AUG_CTRL,ARCX.PILLAR,AAPL,RECEIVE,4450,4500,26
AAPL_AUG_CTRL_ARCX_PILLAR_mbp1.dbn.zst,AAPL_AUG_CTRL,ARCX.PILLAR,AAPL,RECEIVE,4500,4550,12
AAPL_AUG_CTRL_ARCX_PILLAR_mbp1.dbn.zst,AAPL_AUG_CTRL,ARCX.PILLAR,AAPL,RECEIVE,4550,4600,8
AAPL_AUG_CTRL_ARCX_PILLAR_mbp1.dbn.zst,AAPL_AUG_CTRL,ARCX.PILLAR,AAPL,RECEIVE,4600,4650,8
AAPL_AUG_CTRL_ARCX_PILLAR_mbp1.dbn.zst,AAPL_AUG_CTRL,ARCX.PILLAR,AAPL,RECEIVE,4650,4700,11
AAPL_AUG_CTRL_ARCX_PILLAR_mbp1.dbn.zst,AAPL_AUG_CTRL,ARCX.PILLAR,AAPL,RECEIVE,4700,4750,9
AAPL_AUG_CTRL_ARCX_PILLAR_mbp1.dbn.zst,AAPL_AUG_CTRL,ARCX.PILLAR,AAPL,RECEIVE,4750,4800,6
AAPL_AUG_CTRL_ARCX_PILLAR_mbp1.dbn.zst,AAPL_AUG_CTRL,ARCX.PILLAR,AAPL,RECEIVE,4800,4850,13
AAPL_AUG_CTRL_ARCX_PILLAR_mbp1.dbn.zst,AAPL_AUG_CTRL,ARCX.PILLAR,AAPL,RECEIVE,4850,4900,17
AAPL_AUG_CTRL_ARCX_PILLAR_mbp1.dbn.zst,AAPL_AUG_CTRL,ARCX.PILLAR,AAPL,RECEIVE,4900,4950,9
AAPL_AUG_CTRL_ARCX_PILLAR_mbp1.dbn.zst,AAPL_AUG_CTRL,ARCX.PILLAR,AAPL,RECEIVE,4950,5000,13
AAPL_AUG_CTRL_XNAS_ITCH_mbp1.dbn.zst,AAPL_AUG_CTRL,XNAS.ITCH,AAPL,EVENT,-5000,-4950,514
AAPL_AUG_CTRL_XNAS_ITCH_mbp1.dbn.zst,AAPL_AUG_CTRL,XNAS.ITCH,AAPL,EVENT,-4950,-4900,16
AAPL_AUG_CTRL_XNAS_ITCH_mbp1.dbn.zst,AAPL_AUG_CTRL,XNAS.ITCH,AAPL,EVENT,-4900,-4850,142
AAPL_AUG_CTRL_XNAS_ITCH_mbp1.dbn.zst,AAPL_AUG_CTRL,XNAS.ITCH,AAPL,EVENT,-4850,-4800,39
AAPL_AUG_CTRL_XNAS_ITCH_mbp1.dbn.zst,AAPL_AUG_CTRL,XNAS.ITCH,AAPL,EVENT,-4800,-4750,54
AAPL_AUG_CTRL_XNAS_ITCH_mbp1.dbn.zst,AAPL_AUG_CTRL,XNAS.ITCH,AAPL,EVENT,-4750,-4700,21
AAPL_AUG_CTRL_XNAS_ITCH_mbp1.dbn.zst,AAPL_AUG_CTRL,XNAS.ITCH,AAPL,EVENT,-4700,-4650,50
AAPL_AUG_CTRL_XNAS_ITCH_mbp1.dbn.zst,AAPL_AUG_CTRL,XNAS.ITCH,AAPL,EVENT,-4650,-4600,95
AAPL_AUG_CTRL_XNAS_ITCH_mbp1.dbn.zst,AAPL_AUG_CTRL,XNAS.ITCH,AAPL,EVENT,-4600,-4550,17
AAPL_AUG_CTRL_XNAS_ITCH_mbp1.dbn.zst,AAPL_AUG_CTRL,XNAS.ITCH,AAPL,EVENT,-4550,-4500,60
AAPL_AUG_CTRL_XNAS_ITCH_mbp1.dbn.zst,AAPL_AUG_CTRL,XNAS.ITCH,AAPL,EVENT,-4500,-4450,11
AAPL_AUG_CTRL_XNAS_ITCH_mbp1.dbn.zst,AAPL_AUG_CTRL,XNAS.ITCH,AAPL,EVENT,-4450,-4400,17
AAPL_AUG_CTRL_XNAS_ITCH_mbp1.dbn.zst,AAPL_AUG_CTRL,XNAS.ITCH,AAPL,EVENT,-4400,-4350,68
AAPL_AUG_CTRL_XNAS_ITCH_mbp1.dbn.zst,AAPL_AUG_CTRL,XNAS.ITCH,AAPL,EVENT,-4350,-4300,96
AAPL_AUG_CTRL_XNAS_ITCH_mbp1.dbn.zst,AAPL_AUG_CTRL,XNAS.ITCH,AAPL,EVENT,-4300,-4250,126
AAPL_AUG_CTRL_XNAS_ITCH_mbp1.dbn.zst,AAPL_AUG_CTRL,XNAS.ITCH,AAPL,EVENT,-4250,-4200,49
AAPL_AUG_CTRL_XNAS_ITCH_mbp1.dbn.zst,AAPL_AUG_CTRL,XNAS.ITCH,AAPL,EVENT,-4200,-4150,24
AAPL_AUG_CTRL_XNAS_ITCH_mbp1.dbn.zst,AAPL_AUG_CTRL,XNAS.ITCH,AAPL,EVENT,-4150,-4100,139
AAPL_AUG_CTRL_XNAS_ITCH_mbp1.dbn.zst,AAPL_AUG_CTRL,XNAS.ITCH,AAPL,EVENT,-4100,-4050,105
AAPL_AUG_CTRL_XNAS_ITCH_mbp1.dbn.zst,AAPL_AUG_CTRL,XNAS.ITCH,AAPL,EVENT,-4050,-4000,34
AAPL_AUG_CTRL_XNAS_ITCH_mbp1.dbn.zst,AAPL_AUG_CTRL,XNAS.ITCH,AAPL,EVENT,-4000,-3950,48
AAPL_AUG_CTRL_XNAS_ITCH_mbp1.dbn.zst,AAPL_AUG_CTRL,XNAS.ITCH,AAPL,EVENT,-3950,-3900,40
AAPL_AUG_CTRL_XNAS_ITCH_mbp1.dbn.zst,AAPL_AUG_CTRL,XNAS.ITCH,AAPL,EVENT,-3900,-3850,56
AAPL_AUG_CTRL_XNAS_ITCH_mbp1.dbn.zst,AAPL_AUG_CTRL,XNAS.ITCH,AAPL,EVENT,-3850,-3800,52
AAPL_AUG_CTRL_XNAS_ITCH_mbp1.dbn.zst,AAPL_AUG_CTRL,XNAS.ITCH,AAPL,EVENT,-3800,-3750,239
AAPL_AUG_CTRL_XNAS_ITCH_mbp1.dbn.zst,AAPL_AUG_CTRL,XNAS.ITCH,AAPL,EVENT,-3750,-3700,27
AAPL_AUG_CTRL_XNAS_ITCH_mbp1.dbn.zst,AAPL_AUG_CTRL,XNAS.ITCH,AAPL,EVENT,-3700,-3650,25
AAPL_AUG_CTRL_XNAS_ITCH_mbp1.dbn.zst,AAPL_AUG_CTRL,XNAS.ITCH,AAPL,EVENT,-3650,-3600,25
AAPL_AUG_CTRL_XNAS_ITCH_mbp1.dbn.zst,AAPL_AUG_CTRL,XNAS.ITCH,AAPL,EVENT,-3600,-3550,19
AAPL_AUG_CTRL_XNAS_ITCH_mbp1.dbn.zst,AAPL_AUG_CTRL,XNAS.ITCH,AAPL,EVENT,-3550,-3500,82
AAPL_AUG_CTRL_XNAS_ITCH_mbp1.dbn.zst,AAPL_AUG_CTRL,XNAS.ITCH,AAPL,EVENT,-3500,-3450,45
AAPL_AUG_CTRL_XNAS_ITCH_mbp1.dbn.zst,AAPL_AUG_CTRL,XNAS.ITCH,AAPL,EVENT,-3450,-3400,567
AAPL_AUG_CTRL_XNAS_ITCH_mbp1.dbn.zst,AAPL_AUG_CTRL,XNAS.ITCH,AAPL,EVENT,-3400,-3350,29
AAPL_AUG_CTRL_XNAS_ITCH_mbp1.dbn.zst,AAPL_AUG_CTRL,XNAS.ITCH,AAPL,EVENT,-3350,-3300,98
AAPL_AUG_CTRL_XNAS_ITCH_mbp1.dbn.zst,AAPL_AUG_CTRL,XNAS.ITCH,AAPL,EVENT,-3300,-3250,23
AAPL_AUG_CTRL_XNAS_ITCH_mbp1.dbn.zst,AAPL_AUG_CTRL,XNAS.ITCH,AAPL,EVENT,-3250,-3200,57
AAPL_AUG_CTRL_XNAS_ITCH_mbp1.dbn.zst,AAPL_AUG_CTRL,XNAS.ITCH,AAPL,EVENT,-3200,-3150,61
AAPL_AUG_CTRL_XNAS_ITCH_mbp1.dbn.zst,AAPL_AUG_CTRL,XNAS.ITCH,AAPL,EVENT,-3150,-3100,27
AAPL_AUG_CTRL_XNAS_ITCH_mbp1.dbn.zst,AAPL_AUG_CTRL,XNAS.ITCH,AAPL,EVENT,-3100,-3050,655
AAPL_AUG_CTRL_XNAS_ITCH_mbp1.dbn.zst,AAPL_AUG_CTRL,XNAS.ITCH,AAPL,EVENT,-3050,-3000,58
AAPL_AUG_CTRL_XNAS_ITCH_mbp1.dbn.zst,AAPL_AUG_CTRL,XNAS.ITCH,AAPL,EVENT,-3000,-2950,90
AAPL_AUG_CTRL_XNAS_ITCH_mbp1.dbn.zst,AAPL_AUG_CTRL,XNAS.ITCH,AAPL,EVENT,-2950,-2900,70
AAPL_AUG_CTRL_XNAS_ITCH_mbp1.dbn.zst,AAPL_AUG_CTRL,XNAS.ITCH,AAPL,EVENT,-2900,-2850,37
AAPL_AUG_CTRL_XNAS_ITCH_mbp1.dbn.zst,AAPL_AUG_CTRL,XNAS.ITCH,AAPL,EVENT,-2850,-2800,101
AAPL_AUG_CTRL_XNAS_ITCH_mbp1.dbn.zst,AAPL_AUG_CTRL,XNAS.ITCH,AAPL,EVENT,-2800,-2750,87
AAPL_AUG_CTRL_XNAS_ITCH_mbp1.dbn.zst,AAPL_AUG_CTRL,XNAS.ITCH,AAPL,EVENT,-2750,-2700,201
AAPL_AUG_CTRL_XNAS_ITCH_mbp1.dbn.zst,AAPL_AUG_CTRL,XNAS.ITCH,AAPL,EVENT,-2700,-2650,46
AAPL_AUG_CTRL_XNAS_ITCH_mbp1.dbn.zst,AAPL_AUG_CTRL,XNAS.ITCH,AAPL,EVENT,-2650,-2600,55
AAPL_AUG_CTRL_XNAS_ITCH_mbp1.dbn.zst,AAPL_AUG_CTRL,XNAS.ITCH,AAPL,EVENT,-2600,-2550,50
AAPL_AUG_CTRL_XNAS_ITCH_mbp1.dbn.zst,AAPL_AUG_CTRL,XNAS.ITCH,AAPL,EVENT,-2550,-2500,54
AAPL_AUG_CTRL_XNAS_ITCH_mbp1.dbn.zst,AAPL_AUG_CTRL,XNAS.ITCH,AAPL,EVENT,-2500,-2450,59
AAPL_AUG_CTRL_XNAS_ITCH_mbp1.dbn.zst,AAPL_AUG_CTRL,XNAS.ITCH,AAPL,EVENT,-2450,-2400,30
AAPL_AUG_CTRL_XNAS_ITCH_mbp1.dbn.zst,AAPL_AUG_CTRL,XNAS.ITCH,AAPL,EVENT,-2400,-2350,63
AAPL_AUG_CTRL_XNAS_ITCH_mbp1.dbn.zst,AAPL_AUG_CTRL,XNAS.ITCH,AAPL,EVENT,-2350,-2300,63
AAPL_AUG_CTRL_XNAS_ITCH_mbp1.dbn.zst,AAPL_AUG_CTRL,XNAS.ITCH,AAPL,EVENT,-2300,-2250,84
AAPL_AUG_CTRL_XNAS_ITCH_mbp1.dbn.zst,AAPL_AUG_CTRL,XNAS.ITCH,AAPL,EVENT,-2250,-2200,110
AAPL_AUG_CTRL_XNAS_ITCH_mbp1.dbn.zst,AAPL_AUG_CTRL,XNAS.ITCH,AAPL,EVENT,-2200,-2150,147
AAPL_AUG_CTRL_XNAS_ITCH_mbp1.dbn.zst,AAPL_AUG_CTRL,XNAS.ITCH,AAPL,EVENT,-2150,-2100,109
AAPL_AUG_CTRL_XNAS_ITCH_mbp1.dbn.zst,AAPL_AUG_CTRL,XNAS.ITCH,AAPL,EVENT,-2100,-2050,75
AAPL_AUG_CTRL_XNAS_ITCH_mbp1.dbn.zst,AAPL_AUG_CTRL,XNAS.ITCH,AAPL,EVENT,-2050,-2000,76
AAPL_AUG_CTRL_XNAS_ITCH_mbp1.dbn.zst,AAPL_AUG_CTRL,XNAS.ITCH,AAPL,EVENT,-2000,-1950,145
AAPL_AUG_CTRL_XNAS_ITCH_mbp1.dbn.zst,AAPL_AUG_CTRL,XNAS.ITCH,AAPL,EVENT,-1950,-1900,41
AAPL_AUG_CTRL_XNAS_ITCH_mbp1.dbn.zst,AAPL_AUG_CTRL,XNAS.ITCH,AAPL,EVENT,-1900,-1850,113
AAPL_AUG_CTRL_XNAS_ITCH_mbp1.dbn.zst,AAPL_AUG_CTRL,XNAS.ITCH,AAPL,EVENT,-1850,-1800,121
AAPL_AUG_CTRL_XNAS_ITCH_mbp1.dbn.zst,AAPL_AUG_CTRL,XNAS.ITCH,AAPL,EVENT,-1800,-1750,75
AAPL_AUG_CTRL_XNAS_ITCH_mbp1.dbn.zst,AAPL_AUG_CTRL,XNAS.ITCH,AAPL,EVENT,-1750,-1700,76
AAPL_AUG_CTRL_XNAS_ITCH_mbp1.dbn.zst,AAPL_AUG_CTRL,XNAS.ITCH,AAPL,EVENT,-1700,-1650,61
AAPL_AUG_CTRL_XNAS_ITCH_mbp1.dbn.zst,AAPL_AUG_CTRL,XNAS.ITCH,AAPL,EVENT,-1650,-1600,99
AAPL_AUG_CTRL_XNAS_ITCH_mbp1.dbn.zst,AAPL_AUG_CTRL,XNAS.ITCH,AAPL,EVENT,-1600,-1550,97
AAPL_AUG_CTRL_XNAS_ITCH_mbp1.dbn.zst,AAPL_AUG_CTRL,XNAS.ITCH,AAPL,EVENT,-1550,-1500,76
AAPL_AUG_CTRL_XNAS_ITCH_mbp1.dbn.zst,AAPL_AUG_CTRL,XNAS.ITCH,AAPL,EVENT,-1500,-1450,1542
AAPL_AUG_CTRL_XNAS_ITCH_mbp1.dbn.zst,AAPL_AUG_CTRL,XNAS.ITCH,AAPL,EVENT,-1450,-1400,751
AAPL_AUG_CTRL_XNAS_ITCH_mbp1.dbn.zst,AAPL_AUG_CTRL,XNAS.ITCH,AAPL,EVENT,-1400,-1350,621
AAPL_AUG_CTRL_XNAS_ITCH_mbp1.dbn.zst,AAPL_AUG_CTRL,XNAS.ITCH,AAPL,EVENT,-1350,-1300,86
AAPL_AUG_CTRL_XNAS_ITCH_mbp1.dbn.zst,AAPL_AUG_CTRL,XNAS.ITCH,AAPL,EVENT,-1300,-1250,292
AAPL_AUG_CTRL_XNAS_ITCH_mbp1.dbn.zst,AAPL_AUG_CTRL,XNAS.ITCH,AAPL,EVENT,-1250,-1200,72
AAPL_AUG_CTRL_XNAS_ITCH_mbp1.dbn.zst,AAPL_AUG_CTRL,XNAS.ITCH,AAPL,EVENT,-1200,-1150,119
AAPL_AUG_CTRL_XNAS_ITCH_mbp1.dbn.zst,AAPL_AUG_CTRL,XNAS.ITCH,AAPL,EVENT,-1150,-1100,49
AAPL_AUG_CTRL_XNAS_ITCH_mbp1.dbn.zst,AAPL_AUG_CTRL,XNAS.ITCH,AAPL,EVENT,-1100,-1050,73
AAPL_AUG_CTRL_XNAS_ITCH_mbp1.dbn.zst,AAPL_AUG_CTRL,XNAS.ITCH,AAPL,EVENT,-1050,-1000,67
AAPL_AUG_CTRL_XNAS_ITCH_mbp1.dbn.zst,AAPL_AUG_CTRL,XNAS.ITCH,AAPL,EVENT,-1000,-950,72
AAPL_AUG_CTRL_XNAS_ITCH_mbp1.dbn.zst,AAPL_AUG_CTRL,XNAS.ITCH,AAPL,EVENT,-950,-900,100
AAPL_AUG_CTRL_XNAS_ITCH_mbp1.dbn.zst,AAPL_AUG_CTRL,XNAS.ITCH,AAPL,EVENT,-900,-850,180
AAPL_AUG_CTRL_XNAS_ITCH_mbp1.dbn.zst,AAPL_AUG_CTRL,XNAS.ITCH,AAPL,EVENT,-850,-800,88
AAPL_AUG_CTRL_XNAS_ITCH_mbp1.dbn.zst,AAPL_AUG_CTRL,XNAS.ITCH,AAPL,EVENT,-800,-750,179
AAPL_AUG_CTRL_XNAS_ITCH_mbp1.dbn.zst,AAPL_AUG_CTRL,XNAS.ITCH,AAPL,EVENT,-750,-700,112
AAPL_AUG_CTRL_XNAS_ITCH_mbp1.dbn.zst,AAPL_AUG_CTRL,XNAS.ITCH,AAPL,EVENT,-700,-650,130
AAPL_AUG_CTRL_XNAS_ITCH_mbp1.dbn.zst,AAPL_AUG_CTRL,XNAS.ITCH,AAPL,EVENT,-650,-600,171
AAPL_AUG_CTRL_XNAS_ITCH_mbp1.dbn.zst,AAPL_AUG_CTRL,XNAS.ITCH,AAPL,EVENT,-600,-550,192
AAPL_AUG_CTRL_XNAS_ITCH_mbp1.dbn.zst,AAPL_AUG_CTRL,XNAS.ITCH,AAPL,EVENT,-550,-500,1636
AAPL_AUG_CTRL_XNAS_ITCH_mbp1.dbn.zst,AAPL_AUG_CTRL,XNAS.ITCH,AAPL,EVENT,-500,-450,312
AAPL_AUG_CTRL_XNAS_ITCH_mbp1.dbn.zst,AAPL_AUG_CTRL,XNAS.ITCH,AAPL,EVENT,-450,-400,204
AAPL_AUG_CTRL_XNAS_ITCH_mbp1.dbn.zst,AAPL_AUG_CTRL,XNAS.ITCH,AAPL,EVENT,-400,-350,237
AAPL_AUG_CTRL_XNAS_ITCH_mbp1.dbn.zst,AAPL_AUG_CTRL,XNAS.ITCH,AAPL,EVENT,-350,-300,188
AAPL_AUG_CTRL_XNAS_ITCH_mbp1.dbn.zst,AAPL_AUG_CTRL,XNAS.ITCH,AAPL,EVENT,-300,-250,227
AAPL_AUG_CTRL_XNAS_ITCH_mbp1.dbn.zst,AAPL_AUG_CTRL,XNAS.ITCH,AAPL,EVENT,-250,-200,280
AAPL_AUG_CTRL_XNAS_ITCH_mbp1.dbn.zst,AAPL_AUG_CTRL,XNAS.ITCH,AAPL,EVENT,-200,-150,2067
AAPL_AUG_CTRL_XNAS_ITCH_mbp1.dbn.zst,AAPL_AUG_CTRL,XNAS.ITCH,AAPL,EVENT,-150,-100,487
AAPL_AUG_CTRL_XNAS_ITCH_mbp1.dbn.zst,AAPL_AUG_CTRL,XNAS.ITCH,AAPL,EVENT,-100,-50,784
AAPL_AUG_CTRL_XNAS_ITCH_mbp1.dbn.zst,AAPL_AUG_CTRL,XNAS.ITCH,AAPL,EVENT,-50,0,1018
AAPL_AUG_CTRL_XNAS_ITCH_mbp1.dbn.zst,AAPL_AUG_CTRL,XNAS.ITCH,AAPL,EVENT,0,50,379
AAPL_AUG_CTRL_XNAS_ITCH_mbp1.dbn.zst,AAPL_AUG_CTRL,XNAS.ITCH,AAPL,EVENT,50,100,256
AAPL_AUG_CTRL_XNAS_ITCH_mbp1.dbn.zst,AAPL_AUG_CTRL,XNAS.ITCH,AAPL,EVENT,100,150,234
AAPL_AUG_CTRL_XNAS_ITCH_mbp1.dbn.zst,AAPL_AUG_CTRL,XNAS.ITCH,AAPL,EVENT,150,200,662
AAPL_AUG_CTRL_XNAS_ITCH_mbp1.dbn.zst,AAPL_AUG_CTRL,XNAS.ITCH,AAPL,EVENT,200,250,341
AAPL_AUG_CTRL_XNAS_ITCH_mbp1.dbn.zst,AAPL_AUG_CTRL,XNAS.ITCH,AAPL,EVENT,250,300,141
AAPL_AUG_CTRL_XNAS_ITCH_mbp1.dbn.zst,AAPL_AUG_CTRL,XNAS.ITCH,AAPL,EVENT,300,350,149
AAPL_AUG_CTRL_XNAS_ITCH_mbp1.dbn.zst,AAPL_AUG_CTRL,XNAS.ITCH,AAPL,EVENT,350,400,54
AAPL_AUG_CTRL_XNAS_ITCH_mbp1.dbn.zst,AAPL_AUG_CTRL,XNAS.ITCH,AAPL,EVENT,400,450,70
AAPL_AUG_CTRL_XNAS_ITCH_mbp1.dbn.zst,AAPL_AUG_CTRL,XNAS.ITCH,AAPL,EVENT,450,500,594
AAPL_AUG_CTRL_XNAS_ITCH_mbp1.dbn.zst,AAPL_AUG_CTRL,XNAS.ITCH,AAPL,EVENT,500,550,134
AAPL_AUG_CTRL_XNAS_ITCH_mbp1.dbn.zst,AAPL_AUG_CTRL,XNAS.ITCH,AAPL,EVENT,550,600,118
AAPL_AUG_CTRL_XNAS_ITCH_mbp1.dbn.zst,AAPL_AUG_CTRL,XNAS.ITCH,AAPL,EVENT,600,650,299
AAPL_AUG_CTRL_XNAS_ITCH_mbp1.dbn.zst,AAPL_AUG_CTRL,XNAS.ITCH,AAPL,EVENT,650,700,77
AAPL_AUG_CTRL_XNAS_ITCH_mbp1.dbn.zst,AAPL_AUG_CTRL,XNAS.ITCH,AAPL,EVENT,700,750,46
AAPL_AUG_CTRL_XNAS_ITCH_mbp1.dbn.zst,AAPL_AUG_CTRL,XNAS.ITCH,AAPL,EVENT,750,800,71
AAPL_AUG_CTRL_XNAS_ITCH_mbp1.dbn.zst,AAPL_AUG_CTRL,XNAS.ITCH,AAPL,EVENT,800,850,97
AAPL_AUG_CTRL_XNAS_ITCH_mbp1.dbn.zst,AAPL_AUG_CTRL,XNAS.ITCH,AAPL,EVENT,850,900,129
AAPL_AUG_CTRL_XNAS_ITCH_mbp1.dbn.zst,AAPL_AUG_CTRL,XNAS.ITCH,AAPL,EVENT,900,950,338
AAPL_AUG_CTRL_XNAS_ITCH_mbp1.dbn.zst,AAPL_AUG_CTRL,XNAS.ITCH,AAPL,EVENT,950,1000,55
AAPL_AUG_CTRL_XNAS_ITCH_mbp1.dbn.zst,AAPL_AUG_CTRL,XNAS.ITCH,AAPL,EVENT,1000,1050,85
AAPL_AUG_CTRL_XNAS_ITCH_mbp1.dbn.zst,AAPL_AUG_CTRL,XNAS.ITCH,AAPL,EVENT,1050,1100,180
AAPL_AUG_CTRL_XNAS_ITCH_mbp1.dbn.zst,AAPL_AUG_CTRL,XNAS.ITCH,AAPL,EVENT,1100,1150,53
AAPL_AUG_CTRL_XNAS_ITCH_mbp1.dbn.zst,AAPL_AUG_CTRL,XNAS.ITCH,AAPL,EVENT,1150,1200,29
AAPL_AUG_CTRL_XNAS_ITCH_mbp1.dbn.zst,AAPL_AUG_CTRL,XNAS.ITCH,AAPL,EVENT,1200,1250,73
AAPL_AUG_CTRL_XNAS_ITCH_mbp1.dbn.zst,AAPL_AUG_CTRL,XNAS.ITCH,AAPL,EVENT,1250,1300,229
AAPL_AUG_CTRL_XNAS_ITCH_mbp1.dbn.zst,AAPL_AUG_CTRL,XNAS.ITCH,AAPL,EVENT,1300,1350,51
AAPL_AUG_CTRL_XNAS_ITCH_mbp1.dbn.zst,AAPL_AUG_CTRL,XNAS.ITCH,AAPL,EVENT,1350,1400,29
AAPL_AUG_CTRL_XNAS_ITCH_mbp1.dbn.zst,AAPL_AUG_CTRL,XNAS.ITCH,AAPL,EVENT,1400,1450,68
AAPL_AUG_CTRL_XNAS_ITCH_mbp1.dbn.zst,AAPL_AUG_CTRL,XNAS.ITCH,AAPL,EVENT,1450,1500,383
AAPL_AUG_CTRL_XNAS_ITCH_mbp1.dbn.zst,AAPL_AUG_CTRL,XNAS.ITCH,AAPL,EVENT,1500,1550,41
AAPL_AUG_CTRL_XNAS_ITCH_mbp1.dbn.zst,AAPL_AUG_CTRL,XNAS.ITCH,AAPL,EVENT,1550,1600,27
AAPL_AUG_CTRL_XNAS_ITCH_mbp1.dbn.zst,AAPL_AUG_CTRL,XNAS.ITCH,AAPL,EVENT,1600,1650,138
AAPL_AUG_CTRL_XNAS_ITCH_mbp1.dbn.zst,AAPL_AUG_CTRL,XNAS.ITCH,AAPL,EVENT,1650,1700,139
AAPL_AUG_CTRL_XNAS_ITCH_mbp1.dbn.zst,AAPL_AUG_CTRL,XNAS.ITCH,AAPL,EVENT,1700,1750,143
AAPL_AUG_CTRL_XNAS_ITCH_mbp1.dbn.zst,AAPL_AUG_CTRL,XNAS.ITCH,AAPL,EVENT,1750,1800,246
AAPL_AUG_CTRL_XNAS_ITCH_mbp1.dbn.zst,AAPL_AUG_CTRL,XNAS.ITCH,AAPL,EVENT,1800,1850,59
AAPL_AUG_CTRL_XNAS_ITCH_mbp1.dbn.zst,AAPL_AUG_CTRL,XNAS.ITCH,AAPL,EVENT,1850,1900,53
AAPL_AUG_CTRL_XNAS_ITCH_mbp1.dbn.zst,AAPL_AUG_CTRL,XNAS.ITCH,AAPL,EVENT,1900,1950,107
AAPL_AUG_CTRL_XNAS_ITCH_mbp1.dbn.zst,AAPL_AUG_CTRL,XNAS.ITCH,AAPL,EVENT,1950,2000,34
AAPL_AUG_CTRL_XNAS_ITCH_mbp1.dbn.zst,AAPL_AUG_CTRL,XNAS.ITCH,AAPL,EVENT,2000,2050,31
AAPL_AUG_CTRL_XNAS_ITCH_mbp1.dbn.zst,AAPL_AUG_CTRL,XNAS.ITCH,AAPL,EVENT,2050,2100,30
AAPL_AUG_CTRL_XNAS_ITCH_mbp1.dbn.zst,AAPL_AUG_CTRL,XNAS.ITCH,AAPL,EVENT,2100,2150,77
AAPL_AUG_CTRL_XNAS_ITCH_mbp1.dbn.zst,AAPL_AUG_CTRL,XNAS.ITCH,AAPL,EVENT,2150,2200,51
AAPL_AUG_CTRL_XNAS_ITCH_mbp1.dbn.zst,AAPL_AUG_CTRL,XNAS.ITCH,AAPL,EVENT,2200,2250,50
AAPL_AUG_CTRL_XNAS_ITCH_mbp1.dbn.zst,AAPL_AUG_CTRL,XNAS.ITCH,AAPL,EVENT,2250,2300,47
AAPL_AUG_CTRL_XNAS_ITCH_mbp1.dbn.zst,AAPL_AUG_CTRL,XNAS.ITCH,AAPL,EVENT,2300,2350,40
AAPL_AUG_CTRL_XNAS_ITCH_mbp1.dbn.zst,AAPL_AUG_CTRL,XNAS.ITCH,AAPL,EVENT,2350,2400,47
AAPL_AUG_CTRL_XNAS_ITCH_mbp1.dbn.zst,AAPL_AUG_CTRL,XNAS.ITCH,AAPL,EVENT,2400,2450,54
AAPL_AUG_CTRL_XNAS_ITCH_mbp1.dbn.zst,AAPL_AUG_CTRL,XNAS.ITCH,AAPL,EVENT,2450,2500,68
AAPL_AUG_CTRL_XNAS_ITCH_mbp1.dbn.zst,AAPL_AUG_CTRL,XNAS.ITCH,AAPL,EVENT,2500,2550,38
AAPL_AUG_CTRL_XNAS_ITCH_mbp1.dbn.zst,AAPL_AUG_CTRL,XNAS.ITCH,AAPL,EVENT,2550,2600,61
AAPL_AUG_CTRL_XNAS_ITCH_mbp1.dbn.zst,AAPL_AUG_CTRL,XNAS.ITCH,AAPL,EVENT,2600,2650,42
AAPL_AUG_CTRL_XNAS_ITCH_mbp1.dbn.zst,AAPL_AUG_CTRL,XNAS.ITCH,AAPL,EVENT,2650,2700,17
AAPL_AUG_CTRL_XNAS_ITCH_mbp1.dbn.zst,AAPL_AUG_CTRL,XNAS.ITCH,AAPL,EVENT,2700,2750,93
AAPL_AUG_CTRL_XNAS_ITCH_mbp1.dbn.zst,AAPL_AUG_CTRL,XNAS.ITCH,AAPL,EVENT,2750,2800,30
AAPL_AUG_CTRL_XNAS_ITCH_mbp1.dbn.zst,AAPL_AUG_CTRL,XNAS.ITCH,AAPL,EVENT,2800,2850,55
AAPL_AUG_CTRL_XNAS_ITCH_mbp1.dbn.zst,AAPL_AUG_CTRL,XNAS.ITCH,AAPL,EVENT,2850,2900,29
AAPL_AUG_CTRL_XNAS_ITCH_mbp1.dbn.zst,AAPL_AUG_CTRL,XNAS.ITCH,AAPL,EVENT,2900,2950,38
AAPL_AUG_CTRL_XNAS_ITCH_mbp1.dbn.zst,AAPL_AUG_CTRL,XNAS.ITCH,AAPL,EVENT,2950,3000,46
AAPL_AUG_CTRL_XNAS_ITCH_mbp1.dbn.zst,AAPL_AUG_CTRL,XNAS.ITCH,AAPL,EVENT,3000,3050,21
AAPL_AUG_CTRL_XNAS_ITCH_mbp1.dbn.zst,AAPL_AUG_CTRL,XNAS.ITCH,AAPL,EVENT,3050,3100,21
AAPL_AUG_CTRL_XNAS_ITCH_mbp1.dbn.zst,AAPL_AUG_CTRL,XNAS.ITCH,AAPL,EVENT,3100,3150,66
AAPL_AUG_CTRL_XNAS_ITCH_mbp1.dbn.zst,AAPL_AUG_CTRL,XNAS.ITCH,AAPL,EVENT,3150,3200,19
AAPL_AUG_CTRL_XNAS_ITCH_mbp1.dbn.zst,AAPL_AUG_CTRL,XNAS.ITCH,AAPL,EVENT,3200,3250,136
AAPL_AUG_CTRL_XNAS_ITCH_mbp1.dbn.zst,AAPL_AUG_CTRL,XNAS.ITCH,AAPL,EVENT,3250,3300,43
AAPL_AUG_CTRL_XNAS_ITCH_mbp1.dbn.zst,AAPL_AUG_CTRL,XNAS.ITCH,AAPL,EVENT,3300,3350,35
AAPL_AUG_CTRL_XNAS_ITCH_mbp1.dbn.zst,AAPL_AUG_CTRL,XNAS.ITCH,AAPL,EVENT,3350,3400,21
AAPL_AUG_CTRL_XNAS_ITCH_mbp1.dbn.zst,AAPL_AUG_CTRL,XNAS.ITCH,AAPL,EVENT,3400,3450,53
AAPL_AUG_CTRL_XNAS_ITCH_mbp1.dbn.zst,AAPL_AUG_CTRL,XNAS.ITCH,AAPL,EVENT,3450,3500,38
AAPL_AUG_CTRL_XNAS_ITCH_mbp1.dbn.zst,AAPL_AUG_CTRL,XNAS.ITCH,AAPL,EVENT,3500,3550,45
AAPL_AUG_CTRL_XNAS_ITCH_mbp1.dbn.zst,AAPL_AUG_CTRL,XNAS.ITCH,AAPL,EVENT,3550,3600,35
AAPL_AUG_CTRL_XNAS_ITCH_mbp1.dbn.zst,AAPL_AUG_CTRL,XNAS.ITCH,AAPL,EVENT,3600,3650,51
AAPL_AUG_CTRL_XNAS_ITCH_mbp1.dbn.zst,AAPL_AUG_CTRL,XNAS.ITCH,AAPL,EVENT,3650,3700,42
AAPL_AUG_CTRL_XNAS_ITCH_mbp1.dbn.zst,AAPL_AUG_CTRL,XNAS.ITCH,AAPL,EVENT,3700,3750,44
AAPL_AUG_CTRL_XNAS_ITCH_mbp1.dbn.zst,AAPL_AUG_CTRL,XNAS.ITCH,AAPL,EVENT,3750,3800,49
AAPL_AUG_CTRL_XNAS_ITCH_mbp1.dbn.zst,AAPL_AUG_CTRL,XNAS.ITCH,AAPL,EVENT,3800,3850,31
AAPL_AUG_CTRL_XNAS_ITCH_mbp1.dbn.zst,AAPL_AUG_CTRL,XNAS.ITCH,AAPL,EVENT,3850,3900,39
AAPL_AUG_CTRL_XNAS_ITCH_mbp1.dbn.zst,AAPL_AUG_CTRL,XNAS.ITCH,AAPL,EVENT,3900,3950,23
AAPL_AUG_CTRL_XNAS_ITCH_mbp1.dbn.zst,AAPL_AUG_CTRL,XNAS.ITCH,AAPL,EVENT,3950,4000,27
AAPL_AUG_CTRL_XNAS_ITCH_mbp1.dbn.zst,AAPL_AUG_CTRL,XNAS.ITCH,AAPL,EVENT,4000,4050,43
AAPL_AUG_CTRL_XNAS_ITCH_mbp1.dbn.zst,AAPL_AUG_CTRL,XNAS.ITCH,AAPL,EVENT,4050,4100,21
AAPL_AUG_CTRL_XNAS_ITCH_mbp1.dbn.zst,AAPL_AUG_CTRL,XNAS.ITCH,AAPL,EVENT,4100,4150,69
AAPL_AUG_CTRL_XNAS_ITCH_mbp1.dbn.zst,AAPL_AUG_CTRL,XNAS.ITCH,AAPL,EVENT,4150,4200,22
AAPL_AUG_CTRL_XNAS_ITCH_mbp1.dbn.zst,AAPL_AUG_CTRL,XNAS.ITCH,AAPL,EVENT,4200,4250,9
AAPL_AUG_CTRL_XNAS_ITCH_mbp1.dbn.zst,AAPL_AUG_CTRL,XNAS.ITCH,AAPL,EVENT,4250,4300,60
AAPL_AUG_CTRL_XNAS_ITCH_mbp1.dbn.zst,AAPL_AUG_CTRL,XNAS.ITCH,AAPL,EVENT,4300,4350,46
AAPL_AUG_CTRL_XNAS_ITCH_mbp1.dbn.zst,AAPL_AUG_CTRL,XNAS.ITCH,AAPL,EVENT,4350,4400,28
AAPL_AUG_CTRL_XNAS_ITCH_mbp1.dbn.zst,AAPL_AUG_CTRL,XNAS.ITCH,AAPL,EVENT,4400,4450,91
AAPL_AUG_CTRL_XNAS_ITCH_mbp1.dbn.zst,AAPL_AUG_CTRL,XNAS.ITCH,AAPL,EVENT,4450,4500,92
AAPL_AUG_CTRL_XNAS_ITCH_mbp1.dbn.zst,AAPL_AUG_CTRL,XNAS.ITCH,AAPL,EVENT,4500,4550,7
AAPL_AUG_CTRL_XNAS_ITCH_mbp1.dbn.zst,AAPL_AUG_CTRL,XNAS.ITCH,AAPL,EVENT,4550,4600,17
AAPL_AUG_CTRL_XNAS_ITCH_mbp1.dbn.zst,AAPL_AUG_CTRL,XNAS.ITCH,AAPL,EVENT,4600,4650,77
AAPL_AUG_CTRL_XNAS_ITCH_mbp1.dbn.zst,AAPL_AUG_CTRL,XNAS.ITCH,AAPL,EVENT,4650,4700,13
AAPL_AUG_CTRL_XNAS_ITCH_mbp1.dbn.zst,AAPL_AUG_CTRL,XNAS.ITCH,AAPL,EVENT,4700,4750,20
AAPL_AUG_CTRL_XNAS_ITCH_mbp1.dbn.zst,AAPL_AUG_CTRL,XNAS.ITCH,AAPL,EVENT,4750,4800,15
AAPL_AUG_CTRL_XNAS_ITCH_mbp1.dbn.zst,AAPL_AUG_CTRL,XNAS.ITCH,AAPL,EVENT,4800,4850,22
AAPL_AUG_CTRL_XNAS_ITCH_mbp1.dbn.zst,AAPL_AUG_CTRL,XNAS.ITCH,AAPL,EVENT,4850,4900,140
AAPL_AUG_CTRL_XNAS_ITCH_mbp1.dbn.zst,AAPL_AUG_CTRL,XNAS.ITCH,AAPL,EVENT,4900,4950,12
AAPL_AUG_CTRL_XNAS_ITCH_mbp1.dbn.zst,AAPL_AUG_CTRL,XNAS.ITCH,AAPL,EVENT,4950,5000,67
AAPL_AUG_CTRL_XNAS_ITCH_mbp1.dbn.zst,AAPL_AUG_CTRL,XNAS.ITCH,AAPL,RECEIVE,-5000,-4950,126
AAPL_AUG_CTRL_XNAS_ITCH_mbp1.dbn.zst,AAPL_AUG_CTRL,XNAS.ITCH,AAPL,RECEIVE,-4950,-4900,69
AAPL_AUG_CTRL_XNAS_ITCH_mbp1.dbn.zst,AAPL_AUG_CTRL,XNAS.ITCH,AAPL,RECEIVE,-4900,-4850,118
AAPL_AUG_CTRL_XNAS_ITCH_mbp1.dbn.zst,AAPL_AUG_CTRL,XNAS.ITCH,AAPL,RECEIVE,-4850,-4800,34
AAPL_AUG_CTRL_XNAS_ITCH_mbp1.dbn.zst,AAPL_AUG_CTRL,XNAS.ITCH,AAPL,RECEIVE,-4800,-4750,46
AAPL_AUG_CTRL_XNAS_ITCH_mbp1.dbn.zst,AAPL_AUG_CTRL,XNAS.ITCH,AAPL,RECEIVE,-4750,-4700,34
AAPL_AUG_CTRL_XNAS_ITCH_mbp1.dbn.zst,AAPL_AUG_CTRL,XNAS.ITCH,AAPL,RECEIVE,-4700,-4650,59
AAPL_AUG_CTRL_XNAS_ITCH_mbp1.dbn.zst,AAPL_AUG_CTRL,XNAS.ITCH,AAPL,RECEIVE,-4650,-4600,140
AAPL_AUG_CTRL_XNAS_ITCH_mbp1.dbn.zst,AAPL_AUG_CTRL,XNAS.ITCH,AAPL,RECEIVE,-4600,-4550,67
AAPL_AUG_CTRL_XNAS_ITCH_mbp1.dbn.zst,AAPL_AUG_CTRL,XNAS.ITCH,AAPL,RECEIVE,-4550,-4500,64
AAPL_AUG_CTRL_XNAS_ITCH_mbp1.dbn.zst,AAPL_AUG_CTRL,XNAS.ITCH,AAPL,RECEIVE,-4500,-4450,11
AAPL_AUG_CTRL_XNAS_ITCH_mbp1.dbn.zst,AAPL_AUG_CTRL,XNAS.ITCH,AAPL,RECEIVE,-4450,-4400,30
AAPL_AUG_CTRL_XNAS_ITCH_mbp1.dbn.zst,AAPL_AUG_CTRL,XNAS.ITCH,AAPL,RECEIVE,-4400,-4350,116
AAPL_AUG_CTRL_XNAS_ITCH_mbp1.dbn.zst,AAPL_AUG_CTRL,XNAS.ITCH,AAPL,RECEIVE,-4350,-4300,57
AAPL_AUG_CTRL_XNAS_ITCH_mbp1.dbn.zst,AAPL_AUG_CTRL,XNAS.ITCH,AAPL,RECEIVE,-4300,-4250,445
AAPL_AUG_CTRL_XNAS_ITCH_mbp1.dbn.zst,AAPL_AUG_CTRL,XNAS.ITCH,AAPL,RECEIVE,-4250,-4200,184
AAPL_AUG_CTRL_XNAS_ITCH_mbp1.dbn.zst,AAPL_AUG_CTRL,XNAS.ITCH,AAPL,RECEIVE,-4200,-4150,30
AAPL_AUG_CTRL_XNAS_ITCH_mbp1.dbn.zst,AAPL_AUG_CTRL,XNAS.ITCH,AAPL,RECEIVE,-4150,-4100,50
AAPL_AUG_CTRL_XNAS_ITCH_mbp1.dbn.zst,AAPL_AUG_CTRL,XNAS.ITCH,AAPL,RECEIVE,-4100,-4050,98
AAPL_AUG_CTRL_XNAS_ITCH_mbp1.dbn.zst,AAPL_AUG_CTRL,XNAS.ITCH,AAPL,RECEIVE,-4050,-4000,63
AAPL_AUG_CTRL_XNAS_ITCH_mbp1.dbn.zst,AAPL_AUG_CTRL,XNAS.ITCH,AAPL,RECEIVE,-4000,-3950,38
AAPL_AUG_CTRL_XNAS_ITCH_mbp1.dbn.zst,AAPL_AUG_CTRL,XNAS.ITCH,AAPL,RECEIVE,-3950,-3900,525
AAPL_AUG_CTRL_XNAS_ITCH_mbp1.dbn.zst,AAPL_AUG_CTRL,XNAS.ITCH,AAPL,RECEIVE,-3900,-3850,198
AAPL_AUG_CTRL_XNAS_ITCH_mbp1.dbn.zst,AAPL_AUG_CTRL,XNAS.ITCH,AAPL,RECEIVE,-3850,-3800,73
AAPL_AUG_CTRL_XNAS_ITCH_mbp1.dbn.zst,AAPL_AUG_CTRL,XNAS.ITCH,AAPL,RECEIVE,-3800,-3750,50
AAPL_AUG_CTRL_XNAS_ITCH_mbp1.dbn.zst,AAPL_AUG_CTRL,XNAS.ITCH,AAPL,RECEIVE,-3750,-3700,20
AAPL_AUG_CTRL_XNAS_ITCH_mbp1.dbn.zst,AAPL_AUG_CTRL,XNAS.ITCH,AAPL,RECEIVE,-3700,-3650,48
AAPL_AUG_CTRL_XNAS_ITCH_mbp1.dbn.zst,AAPL_AUG_CTRL,XNAS.ITCH,AAPL,RECEIVE,-3650,-3600,24
AAPL_AUG_CTRL_XNAS_ITCH_mbp1.dbn.zst,AAPL_AUG_CTRL,XNAS.ITCH,AAPL,RECEIVE,-3600,-3550,37
AAPL_AUG_CTRL_XNAS_ITCH_mbp1.dbn.zst,AAPL_AUG_CTRL,XNAS.ITCH,AAPL,RECEIVE,-3550,-3500,75
AAPL_AUG_CTRL_XNAS_ITCH_mbp1.dbn.zst,AAPL_AUG_CTRL,XNAS.ITCH,AAPL,RECEIVE,-3500,-3450,43
AAPL_AUG_CTRL_XNAS_ITCH_mbp1.dbn.zst,AAPL_AUG_CTRL,XNAS.ITCH,AAPL,RECEIVE,-3450,-3400,82
AAPL_AUG_CTRL_XNAS_ITCH_mbp1.dbn.zst,AAPL_AUG_CTRL,XNAS.ITCH,AAPL,RECEIVE,-3400,-3350,47
AAPL_AUG_CTRL_XNAS_ITCH_mbp1.dbn.zst,AAPL_AUG_CTRL,XNAS.ITCH,AAPL,RECEIVE,-3350,-3300,35
AAPL_AUG_CTRL_XNAS_ITCH_mbp1.dbn.zst,AAPL_AUG_CTRL,XNAS.ITCH,AAPL,RECEIVE,-3300,-3250,17
AAPL_AUG_CTRL_XNAS_ITCH_mbp1.dbn.zst,AAPL_AUG_CTRL,XNAS.ITCH,AAPL,RECEIVE,-3250,-3200,119
AAPL_AUG_CTRL_XNAS_ITCH_mbp1.dbn.zst,AAPL_AUG_CTRL,XNAS.ITCH,AAPL,RECEIVE,-3200,-3150,193
AAPL_AUG_CTRL_XNAS_ITCH_mbp1.dbn.zst,AAPL_AUG_CTRL,XNAS.ITCH,AAPL,RECEIVE,-3150,-3100,35
AAPL_AUG_CTRL_XNAS_ITCH_mbp1.dbn.zst,AAPL_AUG_CTRL,XNAS.ITCH,AAPL,RECEIVE,-3100,-3050,17
AAPL_AUG_CTRL_XNAS_ITCH_mbp1.dbn.zst,AAPL_AUG_CTRL,XNAS.ITCH,AAPL,RECEIVE,-3050,-3000,50
AAPL_AUG_CTRL_XNAS_ITCH_mbp1.dbn.zst,AAPL_AUG_CTRL,XNAS.ITCH,AAPL,RECEIVE,-3000,-2950,85
AAPL_AUG_CTRL_XNAS_ITCH_mbp1.dbn.zst,AAPL_AUG_CTRL,XNAS.ITCH,AAPL,RECEIVE,-2950,-2900,58
AAPL_AUG_CTRL_XNAS_ITCH_mbp1.dbn.zst,AAPL_AUG_CTRL,XNAS.ITCH,AAPL,RECEIVE,-2900,-2850,43
AAPL_AUG_CTRL_XNAS_ITCH_mbp1.dbn.zst,AAPL_AUG_CTRL,XNAS.ITCH,AAPL,RECEIVE,-2850,-2800,96
AAPL_AUG_CTRL_XNAS_ITCH_mbp1.dbn.zst,AAPL_AUG_CTRL,XNAS.ITCH,AAPL,RECEIVE,-2800,-2750,48
AAPL_AUG_CTRL_XNAS_ITCH_mbp1.dbn.zst,AAPL_AUG_CTRL,XNAS.ITCH,AAPL,RECEIVE,-2750,-2700,53
AAPL_AUG_CTRL_XNAS_ITCH_mbp1.dbn.zst,AAPL_AUG_CTRL,XNAS.ITCH,AAPL,RECEIVE,-2700,-2650,44
AAPL_AUG_CTRL_XNAS_ITCH_mbp1.dbn.zst,AAPL_AUG_CTRL,XNAS.ITCH,AAPL,RECEIVE,-2650,-2600,65
AAPL_AUG_CTRL_XNAS_ITCH_mbp1.dbn.zst,AAPL_AUG_CTRL,XNAS.ITCH,AAPL,RECEIVE,-2600,-2550,64
AAPL_AUG_CTRL_XNAS_ITCH_mbp1.dbn.zst,AAPL_AUG_CTRL,XNAS.ITCH,AAPL,RECEIVE,-2550,-2500,78
AAPL_AUG_CTRL_XNAS_ITCH_mbp1.dbn.zst,AAPL_AUG_CTRL,XNAS.ITCH,AAPL,RECEIVE,-2500,-2450,37
AAPL_AUG_CTRL_XNAS_ITCH_mbp1.dbn.zst,AAPL_AUG_CTRL,XNAS.ITCH,AAPL,RECEIVE,-2450,-2400,30
AAPL_AUG_CTRL_XNAS_ITCH_mbp1.dbn.zst,AAPL_AUG_CTRL,XNAS.ITCH,AAPL,RECEIVE,-2400,-2350,62
AAPL_AUG_CTRL_XNAS_ITCH_mbp1.dbn.zst,AAPL_AUG_CTRL,XNAS.ITCH,AAPL,RECEIVE,-2350,-2300,51
AAPL_AUG_CTRL_XNAS_ITCH_mbp1.dbn.zst,AAPL_AUG_CTRL,XNAS.ITCH,AAPL,RECEIVE,-2300,-2250,69
AAPL_AUG_CTRL_XNAS_ITCH_mbp1.dbn.zst,AAPL_AUG_CTRL,XNAS.ITCH,AAPL,RECEIVE,-2250,-2200,233
AAPL_AUG_CTRL_XNAS_ITCH_mbp1.dbn.zst,AAPL_AUG_CTRL,XNAS.ITCH,AAPL,RECEIVE,-2200,-2150,102
AAPL_AUG_CTRL_XNAS_ITCH_mbp1.dbn.zst,AAPL_AUG_CTRL,XNAS.ITCH,AAPL,RECEIVE,-2150,-2100,126
AAPL_AUG_CTRL_XNAS_ITCH_mbp1.dbn.zst,AAPL_AUG_CTRL,XNAS.ITCH,AAPL,RECEIVE,-2100,-2050,63
AAPL_AUG_CTRL_XNAS_ITCH_mbp1.dbn.zst,AAPL_AUG_CTRL,XNAS.ITCH,AAPL,RECEIVE,-2050,-2000,60
AAPL_AUG_CTRL_XNAS_ITCH_mbp1.dbn.zst,AAPL_AUG_CTRL,XNAS.ITCH,AAPL,RECEIVE,-2000,-1950,123
AAPL_AUG_CTRL_XNAS_ITCH_mbp1.dbn.zst,AAPL_AUG_CTRL,XNAS.ITCH,AAPL,RECEIVE,-1950,-1900,43
AAPL_AUG_CTRL_XNAS_ITCH_mbp1.dbn.zst,AAPL_AUG_CTRL,XNAS.ITCH,AAPL,RECEIVE,-1900,-1850,121
AAPL_AUG_CTRL_XNAS_ITCH_mbp1.dbn.zst,AAPL_AUG_CTRL,XNAS.ITCH,AAPL,RECEIVE,-1850,-1800,98
AAPL_AUG_CTRL_XNAS_ITCH_mbp1.dbn.zst,AAPL_AUG_CTRL,XNAS.ITCH,AAPL,RECEIVE,-1800,-1750,54
AAPL_AUG_CTRL_XNAS_ITCH_mbp1.dbn.zst,AAPL_AUG_CTRL,XNAS.ITCH,AAPL,RECEIVE,-1750,-1700,86
AAPL_AUG_CTRL_XNAS_ITCH_mbp1.dbn.zst,AAPL_AUG_CTRL,XNAS.ITCH,AAPL,RECEIVE,-1700,-1650,99
AAPL_AUG_CTRL_XNAS_ITCH_mbp1.dbn.zst,AAPL_AUG_CTRL,XNAS.ITCH,AAPL,RECEIVE,-1650,-1600,809
AAPL_AUG_CTRL_XNAS_ITCH_mbp1.dbn.zst,AAPL_AUG_CTRL,XNAS.ITCH,AAPL,RECEIVE,-1600,-1550,850
AAPL_AUG_CTRL_XNAS_ITCH_mbp1.dbn.zst,AAPL_AUG_CTRL,XNAS.ITCH,AAPL,RECEIVE,-1550,-1500,510
AAPL_AUG_CTRL_XNAS_ITCH_mbp1.dbn.zst,AAPL_AUG_CTRL,XNAS.ITCH,AAPL,RECEIVE,-1500,-1450,268
AAPL_AUG_CTRL_XNAS_ITCH_mbp1.dbn.zst,AAPL_AUG_CTRL,XNAS.ITCH,AAPL,RECEIVE,-1450,-1400,160
AAPL_AUG_CTRL_XNAS_ITCH_mbp1.dbn.zst,AAPL_AUG_CTRL,XNAS.ITCH,AAPL,RECEIVE,-1400,-1350,534
AAPL_AUG_CTRL_XNAS_ITCH_mbp1.dbn.zst,AAPL_AUG_CTRL,XNAS.ITCH,AAPL,RECEIVE,-1350,-1300,229
AAPL_AUG_CTRL_XNAS_ITCH_mbp1.dbn.zst,AAPL_AUG_CTRL,XNAS.ITCH,AAPL,RECEIVE,-1300,-1250,166
AAPL_AUG_CTRL_XNAS_ITCH_mbp1.dbn.zst,AAPL_AUG_CTRL,XNAS.ITCH,AAPL,RECEIVE,-1250,-1200,54
AAPL_AUG_CTRL_XNAS_ITCH_mbp1.dbn.zst,AAPL_AUG_CTRL,XNAS.ITCH,AAPL,RECEIVE,-1200,-1150,88
AAPL_AUG_CTRL_XNAS_ITCH_mbp1.dbn.zst,AAPL_AUG_CTRL,XNAS.ITCH,AAPL,RECEIVE,-1150,-1100,68
AAPL_AUG_CTRL_XNAS_ITCH_mbp1.dbn.zst,AAPL_AUG_CTRL,XNAS.ITCH,AAPL,RECEIVE,-1100,-1050,95
AAPL_AUG_CTRL_XNAS_ITCH_mbp1.dbn.zst,AAPL_AUG_CTRL,XNAS.ITCH,AAPL,RECEIVE,-1050,-1000,63
AAPL_AUG_CTRL_XNAS_ITCH_mbp1.dbn.zst,AAPL_AUG_CTRL,XNAS.ITCH,AAPL,RECEIVE,-1000,-950,71
AAPL_AUG_CTRL_XNAS_ITCH_mbp1.dbn.zst,AAPL_AUG_CTRL,XNAS.ITCH,AAPL,RECEIVE,-950,-900,119
AAPL_AUG_CTRL_XNAS_ITCH_mbp1.dbn.zst,AAPL_AUG_CTRL,XNAS.ITCH,AAPL,RECEIVE,-900,-850,140
AAPL_AUG_CTRL_XNAS_ITCH_mbp1.dbn.zst,AAPL_AUG_CTRL,XNAS.ITCH,AAPL,RECEIVE,-850,-800,92
AAPL_AUG_CTRL_XNAS_ITCH_mbp1.dbn.zst,AAPL_AUG_CTRL,XNAS.ITCH,AAPL,RECEIVE,-800,-750,232
AAPL_AUG_CTRL_XNAS_ITCH_mbp1.dbn.zst,AAPL_AUG_CTRL,XNAS.ITCH,AAPL,RECEIVE,-750,-700,1138
AAPL_AUG_CTRL_XNAS_ITCH_mbp1.dbn.zst,AAPL_AUG_CTRL,XNAS.ITCH,AAPL,RECEIVE,-700,-650,543
AAPL_AUG_CTRL_XNAS_ITCH_mbp1.dbn.zst,AAPL_AUG_CTRL,XNAS.ITCH,AAPL,RECEIVE,-650,-600,163
AAPL_AUG_CTRL_XNAS_ITCH_mbp1.dbn.zst,AAPL_AUG_CTRL,XNAS.ITCH,AAPL,RECEIVE,-600,-550,179
AAPL_AUG_CTRL_XNAS_ITCH_mbp1.dbn.zst,AAPL_AUG_CTRL,XNAS.ITCH,AAPL,RECEIVE,-550,-500,256
AAPL_AUG_CTRL_XNAS_ITCH_mbp1.dbn.zst,AAPL_AUG_CTRL,XNAS.ITCH,AAPL,RECEIVE,-500,-450,211
AAPL_AUG_CTRL_XNAS_ITCH_mbp1.dbn.zst,AAPL_AUG_CTRL,XNAS.ITCH,AAPL,RECEIVE,-450,-400,282
AAPL_AUG_CTRL_XNAS_ITCH_mbp1.dbn.zst,AAPL_AUG_CTRL,XNAS.ITCH,AAPL,RECEIVE,-400,-350,1526
AAPL_AUG_CTRL_XNAS_ITCH_mbp1.dbn.zst,AAPL_AUG_CTRL,XNAS.ITCH,AAPL,RECEIVE,-350,-300,615
AAPL_AUG_CTRL_XNAS_ITCH_mbp1.dbn.zst,AAPL_AUG_CTRL,XNAS.ITCH,AAPL,RECEIVE,-300,-250,254
AAPL_AUG_CTRL_XNAS_ITCH_mbp1.dbn.zst,AAPL_AUG_CTRL,XNAS.ITCH,AAPL,RECEIVE,-250,-200,187
AAPL_AUG_CTRL_XNAS_ITCH_mbp1.dbn.zst,AAPL_AUG_CTRL,XNAS.ITCH,AAPL,RECEIVE,-200,-150,401
AAPL_AUG_CTRL_XNAS_ITCH_mbp1.dbn.zst,AAPL_AUG_CTRL,XNAS.ITCH,AAPL,RECEIVE,-150,-100,689
AAPL_AUG_CTRL_XNAS_ITCH_mbp1.dbn.zst,AAPL_AUG_CTRL,XNAS.ITCH,AAPL,RECEIVE,-100,-50,669
AAPL_AUG_CTRL_XNAS_ITCH_mbp1.dbn.zst,AAPL_AUG_CTRL,XNAS.ITCH,AAPL,RECEIVE,-50,0,856
AAPL_AUG_CTRL_XNAS_ITCH_mbp1.dbn.zst,AAPL_AUG_CTRL,XNAS.ITCH,AAPL,RECEIVE,0,50,392
AAPL_AUG_CTRL_XNAS_ITCH_mbp1.dbn.zst,AAPL_AUG_CTRL,XNAS.ITCH,AAPL,RECEIVE,50,100,260
AAPL_AUG_CTRL_XNAS_ITCH_mbp1.dbn.zst,AAPL_AUG_CTRL,XNAS.ITCH,AAPL,RECEIVE,100,150,204
AAPL_AUG_CTRL_XNAS_ITCH_mbp1.dbn.zst,AAPL_AUG_CTRL,XNAS.ITCH,AAPL,RECEIVE,150,200,202
AAPL_AUG_CTRL_XNAS_ITCH_mbp1.dbn.zst,AAPL_AUG_CTRL,XNAS.ITCH,AAPL,RECEIVE,200,250,267
AAPL_AUG_CTRL_XNAS_ITCH_mbp1.dbn.zst,AAPL_AUG_CTRL,XNAS.ITCH,AAPL,RECEIVE,250,300,225
AAPL_AUG_CTRL_XNAS_ITCH_mbp1.dbn.zst,AAPL_AUG_CTRL,XNAS.ITCH,AAPL,RECEIVE,300,350,232
AAPL_AUG_CTRL_XNAS_ITCH_mbp1.dbn.zst,AAPL_AUG_CTRL,XNAS.ITCH,AAPL,RECEIVE,350,400,596
AAPL_AUG_CTRL_XNAS_ITCH_mbp1.dbn.zst,AAPL_AUG_CTRL,XNAS.ITCH,AAPL,RECEIVE,400,450,309
AAPL_AUG_CTRL_XNAS_ITCH_mbp1.dbn.zst,AAPL_AUG_CTRL,XNAS.ITCH,AAPL,RECEIVE,450,500,137
AAPL_AUG_CTRL_XNAS_ITCH_mbp1.dbn.zst,AAPL_AUG_CTRL,XNAS.ITCH,AAPL,RECEIVE,500,550,120
AAPL_AUG_CTRL_XNAS_ITCH_mbp1.dbn.zst,AAPL_AUG_CTRL,XNAS.ITCH,AAPL,RECEIVE,550,600,77
AAPL_AUG_CTRL_XNAS_ITCH_mbp1.dbn.zst,AAPL_AUG_CTRL,XNAS.ITCH,AAPL,RECEIVE,600,650,275
AAPL_AUG_CTRL_XNAS_ITCH_mbp1.dbn.zst,AAPL_AUG_CTRL,XNAS.ITCH,AAPL,RECEIVE,650,700,100
AAPL_AUG_CTRL_XNAS_ITCH_mbp1.dbn.zst,AAPL_AUG_CTRL,XNAS.ITCH,AAPL,RECEIVE,700,750,68
AAPL_AUG_CTRL_XNAS_ITCH_mbp1.dbn.zst,AAPL_AUG_CTRL,XNAS.ITCH,AAPL,RECEIVE,750,800,78
AAPL_AUG_CTRL_XNAS_ITCH_mbp1.dbn.zst,AAPL_AUG_CTRL,XNAS.ITCH,AAPL,RECEIVE,800,850,150
AAPL_AUG_CTRL_XNAS_ITCH_mbp1.dbn.zst,AAPL_AUG_CTRL,XNAS.ITCH,AAPL,RECEIVE,850,900,235
AAPL_AUG_CTRL_XNAS_ITCH_mbp1.dbn.zst,AAPL_AUG_CTRL,XNAS.ITCH,AAPL,RECEIVE,900,950,111
AAPL_AUG_CTRL_XNAS_ITCH_mbp1.dbn.zst,AAPL_AUG_CTRL,XNAS.ITCH,AAPL,RECEIVE,950,1000,111
AAPL_AUG_CTRL_XNAS_ITCH_mbp1.dbn.zst,AAPL_AUG_CTRL,XNAS.ITCH,AAPL,RECEIVE,1000,1050,138
AAPL_AUG_CTRL_XNAS_ITCH_mbp1.dbn.zst,AAPL_AUG_CTRL,XNAS.ITCH,AAPL,RECEIVE,1050,1100,134
AAPL_AUG_CTRL_XNAS_ITCH_mbp1.dbn.zst,AAPL_AUG_CTRL,XNAS.ITCH,AAPL,RECEIVE,1100,1150,58
AAPL_AUG_CTRL_XNAS_ITCH_mbp1.dbn.zst,AAPL_AUG_CTRL,XNAS.ITCH,AAPL,RECEIVE,1150,1200,29
AAPL_AUG_CTRL_XNAS_ITCH_mbp1.dbn.zst,AAPL_AUG_CTRL,XNAS.ITCH,AAPL,RECEIVE,1200,1250,177
AAPL_AUG_CTRL_XNAS_ITCH_mbp1.dbn.zst,AAPL_AUG_CTRL,XNAS.ITCH,AAPL,RECEIVE,1250,1300,143
AAPL_AUG_CTRL_XNAS_ITCH_mbp1.dbn.zst,AAPL_AUG_CTRL,XNAS.ITCH,AAPL,RECEIVE,1300,1350,54
AAPL_AUG_CTRL_XNAS_ITCH_mbp1.dbn.zst,AAPL_AUG_CTRL,XNAS.ITCH,AAPL,RECEIVE,1350,1400,70
AAPL_AUG_CTRL_XNAS_ITCH_mbp1.dbn.zst,AAPL_AUG_CTRL,XNAS.ITCH,AAPL,RECEIVE,1400,1450,85
AAPL_AUG_CTRL_XNAS_ITCH_mbp1.dbn.zst,AAPL_AUG_CTRL,XNAS.ITCH,AAPL,RECEIVE,1450,1500,26
AAPL_AUG_CTRL_XNAS_ITCH_mbp1.dbn.zst,AAPL_AUG_CTRL,XNAS.ITCH,AAPL,RECEIVE,1500,1550,57
AAPL_AUG_CTRL_XNAS_ITCH_mbp1.dbn.zst,AAPL_AUG_CTRL,XNAS.ITCH,AAPL,RECEIVE,1550,1600,44
AAPL_AUG_CTRL_XNAS_ITCH_mbp1.dbn.zst,AAPL_AUG_CTRL,XNAS.ITCH,AAPL,RECEIVE,1600,1650,68
AAPL_AUG_CTRL_XNAS_ITCH_mbp1.dbn.zst,AAPL_AUG_CTRL,XNAS.ITCH,AAPL,RECEIVE,1650,1700,107
AAPL_AUG_CTRL_XNAS_ITCH_mbp1.dbn.zst,AAPL_AUG_CTRL,XNAS.ITCH,AAPL,RECEIVE,1700,1750,167
AAPL_AUG_CTRL_XNAS_ITCH_mbp1.dbn.zst,AAPL_AUG_CTRL,XNAS.ITCH,AAPL,RECEIVE,1750,1800,181
AAPL_AUG_CTRL_XNAS_ITCH_mbp1.dbn.zst,AAPL_AUG_CTRL,XNAS.ITCH,AAPL,RECEIVE,1800,1850,54
AAPL_AUG_CTRL_XNAS_ITCH_mbp1.dbn.zst,AAPL_AUG_CTRL,XNAS.ITCH,AAPL,RECEIVE,1850,1900,73
AAPL_AUG_CTRL_XNAS_ITCH_mbp1.dbn.zst,AAPL_AUG_CTRL,XNAS.ITCH,AAPL,RECEIVE,1900,1950,58
AAPL_AUG_CTRL_XNAS_ITCH_mbp1.dbn.zst,AAPL_AUG_CTRL,XNAS.ITCH,AAPL,RECEIVE,1950,2000,155
AAPL_AUG_CTRL_XNAS_ITCH_mbp1.dbn.zst,AAPL_AUG_CTRL,XNAS.ITCH,AAPL,RECEIVE,2000,2050,266
AAPL_AUG_CTRL_XNAS_ITCH_mbp1.dbn.zst,AAPL_AUG_CTRL,XNAS.ITCH,AAPL,RECEIVE,2050,2100,16
AAPL_AUG_CTRL_XNAS_ITCH_mbp1.dbn.zst,AAPL_AUG_CTRL,XNAS.ITCH,AAPL,RECEIVE,2100,2150,57
AAPL_AUG_CTRL_XNAS_ITCH_mbp1.dbn.zst,AAPL_AUG_CTRL,XNAS.ITCH,AAPL,RECEIVE,2150,2200,53
AAPL_AUG_CTRL_XNAS_ITCH_mbp1.dbn.zst,AAPL_AUG_CTRL,XNAS.ITCH,AAPL,RECEIVE,2200,2250,39
AAPL_AUG_CTRL_XNAS_ITCH_mbp1.dbn.zst,AAPL_AUG_CTRL,XNAS.ITCH,AAPL,RECEIVE,2250,2300,92
AAPL_AUG_CTRL_XNAS_ITCH_mbp1.dbn.zst,AAPL_AUG_CTRL,XNAS.ITCH,AAPL,RECEIVE,2300,2350,82
AAPL_AUG_CTRL_XNAS_ITCH_mbp1.dbn.zst,AAPL_AUG_CTRL,XNAS.ITCH,AAPL,RECEIVE,2350,2400,79
AAPL_AUG_CTRL_XNAS_ITCH_mbp1.dbn.zst,AAPL_AUG_CTRL,XNAS.ITCH,AAPL,RECEIVE,2400,2450,51
AAPL_AUG_CTRL_XNAS_ITCH_mbp1.dbn.zst,AAPL_AUG_CTRL,XNAS.ITCH,AAPL,RECEIVE,2450,2500,43
AAPL_AUG_CTRL_XNAS_ITCH_mbp1.dbn.zst,AAPL_AUG_CTRL,XNAS.ITCH,AAPL,RECEIVE,2500,2550,67
AAPL_AUG_CTRL_XNAS_ITCH_mbp1.dbn.zst,AAPL_AUG_CTRL,XNAS.ITCH,AAPL,RECEIVE,2550,2600,45
AAPL_AUG_CTRL_XNAS_ITCH_mbp1.dbn.zst,AAPL_AUG_CTRL,XNAS.ITCH,AAPL,RECEIVE,2600,2650,79
AAPL_AUG_CTRL_XNAS_ITCH_mbp1.dbn.zst,AAPL_AUG_CTRL,XNAS.ITCH,AAPL,RECEIVE,2650,2700,35
AAPL_AUG_CTRL_XNAS_ITCH_mbp1.dbn.zst,AAPL_AUG_CTRL,XNAS.ITCH,AAPL,RECEIVE,2700,2750,25
AAPL_AUG_CTRL_XNAS_ITCH_mbp1.dbn.zst,AAPL_AUG_CTRL,XNAS.ITCH,AAPL,RECEIVE,2750,2800,34
AAPL_AUG_CTRL_XNAS_ITCH_mbp1.dbn.zst,AAPL_AUG_CTRL,XNAS.ITCH,AAPL,RECEIVE,2800,2850,38
AAPL_AUG_CTRL_XNAS_ITCH_mbp1.dbn.zst,AAPL_AUG_CTRL,XNAS.ITCH,AAPL,RECEIVE,2850,2900,54
AAPL_AUG_CTRL_XNAS_ITCH_mbp1.dbn.zst,AAPL_AUG_CTRL,XNAS.ITCH,AAPL,RECEIVE,2900,2950,29
AAPL_AUG_CTRL_XNAS_ITCH_mbp1.dbn.zst,AAPL_AUG_CTRL,XNAS.ITCH,AAPL,RECEIVE,2950,3000,26
AAPL_AUG_CTRL_XNAS_ITCH_mbp1.dbn.zst,AAPL_AUG_CTRL,XNAS.ITCH,AAPL,RECEIVE,3000,3050,49
AAPL_AUG_CTRL_XNAS_ITCH_mbp1.dbn.zst,AAPL_AUG_CTRL,XNAS.ITCH,AAPL,RECEIVE,3050,3100,29
AAPL_AUG_CTRL_XNAS_ITCH_mbp1.dbn.zst,AAPL_AUG_CTRL,XNAS.ITCH,AAPL,RECEIVE,3100,3150,53
AAPL_AUG_CTRL_XNAS_ITCH_mbp1.dbn.zst,AAPL_AUG_CTRL,XNAS.ITCH,AAPL,RECEIVE,3150,3200,26
AAPL_AUG_CTRL_XNAS_ITCH_mbp1.dbn.zst,AAPL_AUG_CTRL,XNAS.ITCH,AAPL,RECEIVE,3200,3250,94
AAPL_AUG_CTRL_XNAS_ITCH_mbp1.dbn.zst,AAPL_AUG_CTRL,XNAS.ITCH,AAPL,RECEIVE,3250,3300,43
AAPL_AUG_CTRL_XNAS_ITCH_mbp1.dbn.zst,AAPL_AUG_CTRL,XNAS.ITCH,AAPL,RECEIVE,3300,3350,51
AAPL_AUG_CTRL_XNAS_ITCH_mbp1.dbn.zst,AAPL_AUG_CTRL,XNAS.ITCH,AAPL,RECEIVE,3350,3400,67
AAPL_AUG_CTRL_XNAS_ITCH_mbp1.dbn.zst,AAPL_AUG_CTRL,XNAS.ITCH,AAPL,RECEIVE,3400,3450,39
AAPL_AUG_CTRL_XNAS_ITCH_mbp1.dbn.zst,AAPL_AUG_CTRL,XNAS.ITCH,AAPL,RECEIVE,3450,3500,32
AAPL_AUG_CTRL_XNAS_ITCH_mbp1.dbn.zst,AAPL_AUG_CTRL,XNAS.ITCH,AAPL,RECEIVE,3500,3550,36
AAPL_AUG_CTRL_XNAS_ITCH_mbp1.dbn.zst,AAPL_AUG_CTRL,XNAS.ITCH,AAPL,RECEIVE,3550,3600,38
AAPL_AUG_CTRL_XNAS_ITCH_mbp1.dbn.zst,AAPL_AUG_CTRL,XNAS.ITCH,AAPL,RECEIVE,3600,3650,58
AAPL_AUG_CTRL_XNAS_ITCH_mbp1.dbn.zst,AAPL_AUG_CTRL,XNAS.ITCH,AAPL,RECEIVE,3650,3700,27
AAPL_AUG_CTRL_XNAS_ITCH_mbp1.dbn.zst,AAPL_AUG_CTRL,XNAS.ITCH,AAPL,RECEIVE,3700,3750,50
AAPL_AUG_CTRL_XNAS_ITCH_mbp1.dbn.zst,AAPL_AUG_CTRL,XNAS.ITCH,AAPL,RECEIVE,3750,3800,42
AAPL_AUG_CTRL_XNAS_ITCH_mbp1.dbn.zst,AAPL_AUG_CTRL,XNAS.ITCH,AAPL,RECEIVE,3800,3850,15
AAPL_AUG_CTRL_XNAS_ITCH_mbp1.dbn.zst,AAPL_AUG_CTRL,XNAS.ITCH,AAPL,RECEIVE,3850,3900,39
AAPL_AUG_CTRL_XNAS_ITCH_mbp1.dbn.zst,AAPL_AUG_CTRL,XNAS.ITCH,AAPL,RECEIVE,3900,3950,43
AAPL_AUG_CTRL_XNAS_ITCH_mbp1.dbn.zst,AAPL_AUG_CTRL,XNAS.ITCH,AAPL,RECEIVE,3950,4000,46
AAPL_AUG_CTRL_XNAS_ITCH_mbp1.dbn.zst,AAPL_AUG_CTRL,XNAS.ITCH,AAPL,RECEIVE,4000,4050,49
AAPL_AUG_CTRL_XNAS_ITCH_mbp1.dbn.zst,AAPL_AUG_CTRL,XNAS.ITCH,AAPL,RECEIVE,4050,4100,52
AAPL_AUG_CTRL_XNAS_ITCH_mbp1.dbn.zst,AAPL_AUG_CTRL,XNAS.ITCH,AAPL,RECEIVE,4100,4150,36
AAPL_AUG_CTRL_XNAS_ITCH_mbp1.dbn.zst,AAPL_AUG_CTRL,XNAS.ITCH,AAPL,RECEIVE,4150,4200,35
AAPL_AUG_CTRL_XNAS_ITCH_mbp1.dbn.zst,AAPL_AUG_CTRL,XNAS.ITCH,AAPL,RECEIVE,4200,4250,42
AAPL_AUG_CTRL_XNAS_ITCH_mbp1.dbn.zst,AAPL_AUG_CTRL,XNAS.ITCH,AAPL,RECEIVE,4250,4300,49
AAPL_AUG_CTRL_XNAS_ITCH_mbp1.dbn.zst,AAPL_AUG_CTRL,XNAS.ITCH,AAPL,RECEIVE,4300,4350,15
AAPL_AUG_CTRL_XNAS_ITCH_mbp1.dbn.zst,AAPL_AUG_CTRL,XNAS.ITCH,AAPL,RECEIVE,4350,4400,75
AAPL_AUG_CTRL_XNAS_ITCH_mbp1.dbn.zst,AAPL_AUG_CTRL,XNAS.ITCH,AAPL,RECEIVE,4400,4450,47
AAPL_AUG_CTRL_XNAS_ITCH_mbp1.dbn.zst,AAPL_AUG_CTRL,XNAS.ITCH,AAPL,RECEIVE,4450,4500,35
AAPL_AUG_CTRL_XNAS_ITCH_mbp1.dbn.zst,AAPL_AUG_CTRL,XNAS.ITCH,AAPL,RECEIVE,4500,4550,18
AAPL_AUG_CTRL_XNAS_ITCH_mbp1.dbn.zst,AAPL_AUG_CTRL,XNAS.ITCH,AAPL,RECEIVE,4550,4600,60
AAPL_AUG_CTRL_XNAS_ITCH_mbp1.dbn.zst,AAPL_AUG_CTRL,XNAS.ITCH,AAPL,RECEIVE,4600,4650,16
AAPL_AUG_CTRL_XNAS_ITCH_mbp1.dbn.zst,AAPL_AUG_CTRL,XNAS.ITCH,AAPL,RECEIVE,4650,4700,23
AAPL_AUG_CTRL_XNAS_ITCH_mbp1.dbn.zst,AAPL_AUG_CTRL,XNAS.ITCH,AAPL,RECEIVE,4700,4750,49
AAPL_AUG_CTRL_XNAS_ITCH_mbp1.dbn.zst,AAPL_AUG_CTRL,XNAS.ITCH,AAPL,RECEIVE,4750,4800,71
AAPL_AUG_CTRL_XNAS_ITCH_mbp1.dbn.zst,AAPL_AUG_CTRL,XNAS.ITCH,AAPL,RECEIVE,4800,4850,123
AAPL_AUG_CTRL_XNAS_ITCH_mbp1.dbn.zst,AAPL_AUG_CTRL,XNAS.ITCH,AAPL,RECEIVE,4850,4900,40
AAPL_AUG_CTRL_XNAS_ITCH_mbp1.dbn.zst,AAPL_AUG_CTRL,XNAS.ITCH,AAPL,RECEIVE,4900,4950,42
AAPL_AUG_CTRL_XNAS_ITCH_mbp1.dbn.zst,AAPL_AUG_CTRL,XNAS.ITCH,AAPL,RECEIVE,4950,5000,31
AAPL_AUG_RTH_ARCX_PILLAR_mbp1.dbn.zst,AAPL_AUG_RTH,ARCX.PILLAR,AAPL,EVENT,-5000,-4950,1762
AAPL_AUG_RTH_ARCX_PILLAR_mbp1.dbn.zst,AAPL_AUG_RTH,ARCX.PILLAR,AAPL,EVENT,-4950,-4900,9
AAPL_AUG_RTH_ARCX_PILLAR_mbp1.dbn.zst,AAPL_AUG_RTH,ARCX.PILLAR,AAPL,EVENT,-4900,-4850,25
AAPL_AUG_RTH_ARCX_PILLAR_mbp1.dbn.zst,AAPL_AUG_RTH,ARCX.PILLAR,AAPL,EVENT,-4850,-4800,25
AAPL_AUG_RTH_ARCX_PILLAR_mbp1.dbn.zst,AAPL_AUG_RTH,ARCX.PILLAR,AAPL,EVENT,-4800,-4750,19
AAPL_AUG_RTH_ARCX_PILLAR_mbp1.dbn.zst,AAPL_AUG_RTH,ARCX.PILLAR,AAPL,EVENT,-4750,-4700,31
AAPL_AUG_RTH_ARCX_PILLAR_mbp1.dbn.zst,AAPL_AUG_RTH,ARCX.PILLAR,AAPL,EVENT,-4700,-4650,29
AAPL_AUG_RTH_ARCX_PILLAR_mbp1.dbn.zst,AAPL_AUG_RTH,ARCX.PILLAR,AAPL,EVENT,-4650,-4600,26
AAPL_AUG_RTH_ARCX_PILLAR_mbp1.dbn.zst,AAPL_AUG_RTH,ARCX.PILLAR,AAPL,EVENT,-4600,-4550,27
AAPL_AUG_RTH_ARCX_PILLAR_mbp1.dbn.zst,AAPL_AUG_RTH,ARCX.PILLAR,AAPL,EVENT,-4550,-4500,39
AAPL_AUG_RTH_ARCX_PILLAR_mbp1.dbn.zst,AAPL_AUG_RTH,ARCX.PILLAR,AAPL,EVENT,-4500,-4450,158
AAPL_AUG_RTH_ARCX_PILLAR_mbp1.dbn.zst,AAPL_AUG_RTH,ARCX.PILLAR,AAPL,EVENT,-4450,-4400,76
AAPL_AUG_RTH_ARCX_PILLAR_mbp1.dbn.zst,AAPL_AUG_RTH,ARCX.PILLAR,AAPL,EVENT,-4400,-4350,5
AAPL_AUG_RTH_ARCX_PILLAR_mbp1.dbn.zst,AAPL_AUG_RTH,ARCX.PILLAR,AAPL,EVENT,-4350,-4300,28
AAPL_AUG_RTH_ARCX_PILLAR_mbp1.dbn.zst,AAPL_AUG_RTH,ARCX.PILLAR,AAPL,EVENT,-4300,-4250,20
AAPL_AUG_RTH_ARCX_PILLAR_mbp1.dbn.zst,AAPL_AUG_RTH,ARCX.PILLAR,AAPL,EVENT,-4250,-4200,15
AAPL_AUG_RTH_ARCX_PILLAR_mbp1.dbn.zst,AAPL_AUG_RTH,ARCX.PILLAR,AAPL,EVENT,-4200,-4150,10
AAPL_AUG_RTH_ARCX_PILLAR_mbp1.dbn.zst,AAPL_AUG_RTH,ARCX.PILLAR,AAPL,EVENT,-4150,-4100,11
AAPL_AUG_RTH_ARCX_PILLAR_mbp1.dbn.zst,AAPL_AUG_RTH,ARCX.PILLAR,AAPL,EVENT,-4100,-4050,19
AAPL_AUG_RTH_ARCX_PILLAR_mbp1.dbn.zst,AAPL_AUG_RTH,ARCX.PILLAR,AAPL,EVENT,-4050,-4000,18
AAPL_AUG_RTH_ARCX_PILLAR_mbp1.dbn.zst,AAPL_AUG_RTH,ARCX.PILLAR,AAPL,EVENT,-4000,-3950,29
AAPL_AUG_RTH_ARCX_PILLAR_mbp1.dbn.zst,AAPL_AUG_RTH,ARCX.PILLAR,AAPL,EVENT,-3950,-3900,28
AAPL_AUG_RTH_ARCX_PILLAR_mbp1.dbn.zst,AAPL_AUG_RTH,ARCX.PILLAR,AAPL,EVENT,-3900,-3850,10
AAPL_AUG_RTH_ARCX_PILLAR_mbp1.dbn.zst,AAPL_AUG_RTH,ARCX.PILLAR,AAPL,EVENT,-3850,-3800,10
AAPL_AUG_RTH_ARCX_PILLAR_mbp1.dbn.zst,AAPL_AUG_RTH,ARCX.PILLAR,AAPL,EVENT,-3800,-3750,17
AAPL_AUG_RTH_ARCX_PILLAR_mbp1.dbn.zst,AAPL_AUG_RTH,ARCX.PILLAR,AAPL,EVENT,-3750,-3700,63
AAPL_AUG_RTH_ARCX_PILLAR_mbp1.dbn.zst,AAPL_AUG_RTH,ARCX.PILLAR,AAPL,EVENT,-3700,-3650,52
AAPL_AUG_RTH_ARCX_PILLAR_mbp1.dbn.zst,AAPL_AUG_RTH,ARCX.PILLAR,AAPL,EVENT,-3650,-3600,12
AAPL_AUG_RTH_ARCX_PILLAR_mbp1.dbn.zst,AAPL_AUG_RTH,ARCX.PILLAR,AAPL,EVENT,-3600,-3550,2
AAPL_AUG_RTH_ARCX_PILLAR_mbp1.dbn.zst,AAPL_AUG_RTH,ARCX.PILLAR,AAPL,EVENT,-3550,-3500,43
AAPL_AUG_RTH_ARCX_PILLAR_mbp1.dbn.zst,AAPL_AUG_RTH,ARCX.PILLAR,AAPL,EVENT,-3500,-3450,7
AAPL_AUG_RTH_ARCX_PILLAR_mbp1.dbn.zst,AAPL_AUG_RTH,ARCX.PILLAR,AAPL,EVENT,-3450,-3400,252
AAPL_AUG_RTH_ARCX_PILLAR_mbp1.dbn.zst,AAPL_AUG_RTH,ARCX.PILLAR,AAPL,EVENT,-3400,-3350,36
AAPL_AUG_RTH_ARCX_PILLAR_mbp1.dbn.zst,AAPL_AUG_RTH,ARCX.PILLAR,AAPL,EVENT,-3350,-3300,22
AAPL_AUG_RTH_ARCX_PILLAR_mbp1.dbn.zst,AAPL_AUG_RTH,ARCX.PILLAR,AAPL,EVENT,-3300,-3250,13
AAPL_AUG_RTH_ARCX_PILLAR_mbp1.dbn.zst,AAPL_AUG_RTH,ARCX.PILLAR,AAPL,EVENT,-3250,-3200,92
AAPL_AUG_RTH_ARCX_PILLAR_mbp1.dbn.zst,AAPL_AUG_RTH,ARCX.PILLAR,AAPL,EVENT,-3200,-3150,70
AAPL_AUG_RTH_ARCX_PILLAR_mbp1.dbn.zst,AAPL_AUG_RTH,ARCX.PILLAR,AAPL,EVENT,-3150,-3100,57
AAPL_AUG_RTH_ARCX_PILLAR_mbp1.dbn.zst,AAPL_AUG_RTH,ARCX.PILLAR,AAPL,EVENT,-3100,-3050,17
AAPL_AUG_RTH_ARCX_PILLAR_mbp1.dbn.zst,AAPL_AUG_RTH,ARCX.PILLAR,AAPL,EVENT,-3050,-3000,24
AAPL_AUG_RTH_ARCX_PILLAR_mbp1.dbn.zst,AAPL_AUG_RTH,ARCX.PILLAR,AAPL,EVENT,-3000,-2950,12
AAPL_AUG_RTH_ARCX_PILLAR_mbp1.dbn.zst,AAPL_AUG_RTH,ARCX.PILLAR,AAPL,EVENT,-2950,-2900,25
AAPL_AUG_RTH_ARCX_PILLAR_mbp1.dbn.zst,AAPL_AUG_RTH,ARCX.PILLAR,AAPL,EVENT,-2900,-2850,40
AAPL_AUG_RTH_ARCX_PILLAR_mbp1.dbn.zst,AAPL_AUG_RTH,ARCX.PILLAR,AAPL,EVENT,-2850,-2800,29
AAPL_AUG_RTH_ARCX_PILLAR_mbp1.dbn.zst,AAPL_AUG_RTH,ARCX.PILLAR,AAPL,EVENT,-2800,-2750,79
AAPL_AUG_RTH_ARCX_PILLAR_mbp1.dbn.zst,AAPL_AUG_RTH,ARCX.PILLAR,AAPL,EVENT,-2750,-2700,18
AAPL_AUG_RTH_ARCX_PILLAR_mbp1.dbn.zst,AAPL_AUG_RTH,ARCX.PILLAR,AAPL,EVENT,-2700,-2650,25
AAPL_AUG_RTH_ARCX_PILLAR_mbp1.dbn.zst,AAPL_AUG_RTH,ARCX.PILLAR,AAPL,EVENT,-2650,-2600,79
AAPL_AUG_RTH_ARCX_PILLAR_mbp1.dbn.zst,AAPL_AUG_RTH,ARCX.PILLAR,AAPL,EVENT,-2600,-2550,104
AAPL_AUG_RTH_ARCX_PILLAR_mbp1.dbn.zst,AAPL_AUG_RTH,ARCX.PILLAR,AAPL,EVENT,-2550,-2500,37
AAPL_AUG_RTH_ARCX_PILLAR_mbp1.dbn.zst,AAPL_AUG_RTH,ARCX.PILLAR,AAPL,EVENT,-2500,-2450,23
AAPL_AUG_RTH_ARCX_PILLAR_mbp1.dbn.zst,AAPL_AUG_RTH,ARCX.PILLAR,AAPL,EVENT,-2450,-2400,54
AAPL_AUG_RTH_ARCX_PILLAR_mbp1.dbn.zst,AAPL_AUG_RTH,ARCX.PILLAR,AAPL,EVENT,-2400,-2350,51
AAPL_AUG_RTH_ARCX_PILLAR_mbp1.dbn.zst,AAPL_AUG_RTH,ARCX.PILLAR,AAPL,EVENT,-2350,-2300,73
AAPL_AUG_RTH_ARCX_PILLAR_mbp1.dbn.zst,AAPL_AUG_RTH,ARCX.PILLAR,AAPL,EVENT,-2300,-2250,77
AAPL_AUG_RTH_ARCX_PILLAR_mbp1.dbn.zst,AAPL_AUG_RTH,ARCX.PILLAR,AAPL,EVENT,-2250,-2200,75
AAPL_AUG_RTH_ARCX_PILLAR_mbp1.dbn.zst,AAPL_AUG_RTH,ARCX.PILLAR,AAPL,EVENT,-2200,-2150,299
AAPL_AUG_RTH_ARCX_PILLAR_mbp1.dbn.zst,AAPL_AUG_RTH,ARCX.PILLAR,AAPL,EVENT,-2150,-2100,303
AAPL_AUG_RTH_ARCX_PILLAR_mbp1.dbn.zst,AAPL_AUG_RTH,ARCX.PILLAR,AAPL,EVENT,-2100,-2050,11
AAPL_AUG_RTH_ARCX_PILLAR_mbp1.dbn.zst,AAPL_AUG_RTH,ARCX.PILLAR,AAPL,EVENT,-2050,-2000,38
AAPL_AUG_RTH_ARCX_PILLAR_mbp1.dbn.zst,AAPL_AUG_RTH,ARCX.PILLAR,AAPL,EVENT,-2000,-1950,70
AAPL_AUG_RTH_ARCX_PILLAR_mbp1.dbn.zst,AAPL_AUG_RTH,ARCX.PILLAR,AAPL,EVENT,-1950,-1900,28
AAPL_AUG_RTH_ARCX_PILLAR_mbp1.dbn.zst,AAPL_AUG_RTH,ARCX.PILLAR,AAPL,EVENT,-1900,-1850,1156
AAPL_AUG_RTH_ARCX_PILLAR_mbp1.dbn.zst,AAPL_AUG_RTH,ARCX.PILLAR,AAPL,EVENT,-1850,-1800,72
AAPL_AUG_RTH_ARCX_PILLAR_mbp1.dbn.zst,AAPL_AUG_RTH,ARCX.PILLAR,AAPL,EVENT,-1800,-1750,40
AAPL_AUG_RTH_ARCX_PILLAR_mbp1.dbn.zst,AAPL_AUG_RTH,ARCX.PILLAR,AAPL,EVENT,-1750,-1700,44
AAPL_AUG_RTH_ARCX_PILLAR_mbp1.dbn.zst,AAPL_AUG_RTH,ARCX.PILLAR,AAPL,EVENT,-1700,-1650,103
AAPL_AUG_RTH_ARCX_PILLAR_mbp1.dbn.zst,AAPL_AUG_RTH,ARCX.PILLAR,AAPL,EVENT,-1650,-1600,62
AAPL_AUG_RTH_ARCX_PILLAR_mbp1.dbn.zst,AAPL_AUG_RTH,ARCX.PILLAR,AAPL,EVENT,-1600,-1550,58
AAPL_AUG_RTH_ARCX_PILLAR_mbp1.dbn.zst,AAPL_AUG_RTH,ARCX.PILLAR,AAPL,EVENT,-1550,-1500,71
AAPL_AUG_RTH_ARCX_PILLAR_mbp1.dbn.zst,AAPL_AUG_RTH,ARCX.PILLAR,AAPL,EVENT,-1500,-1450,110
AAPL_AUG_RTH_ARCX_PILLAR_mbp1.dbn.zst,AAPL_AUG_RTH,ARCX.PILLAR,AAPL,EVENT,-1450,-1400,41
AAPL_AUG_RTH_ARCX_PILLAR_mbp1.dbn.zst,AAPL_AUG_RTH,ARCX.PILLAR,AAPL,EVENT,-1400,-1350,27
AAPL_AUG_RTH_ARCX_PILLAR_mbp1.dbn.zst,AAPL_AUG_RTH,ARCX.PILLAR,AAPL,EVENT,-1350,-1300,79
AAPL_AUG_RTH_ARCX_PILLAR_mbp1.dbn.zst,AAPL_AUG_RTH,ARCX.PILLAR,AAPL,EVENT,-1300,-1250,60
AAPL_AUG_RTH_ARCX_PILLAR_mbp1.dbn.zst,AAPL_AUG_RTH,ARCX.PILLAR,AAPL,EVENT,-1250,-1200,250
AAPL_AUG_RTH_ARCX_PILLAR_mbp1.dbn.zst,AAPL_AUG_RTH,ARCX.PILLAR,AAPL,EVENT,-1200,-1150,249
AAPL_AUG_RTH_ARCX_PILLAR_mbp1.dbn.zst,AAPL_AUG_RTH,ARCX.PILLAR,AAPL,EVENT,-1150,-1100,45
AAPL_AUG_RTH_ARCX_PILLAR_mbp1.dbn.zst,AAPL_AUG_RTH,ARCX.PILLAR,AAPL,EVENT,-1100,-1050,69
AAPL_AUG_RTH_ARCX_PILLAR_mbp1.dbn.zst,AAPL_AUG_RTH,ARCX.PILLAR,AAPL,EVENT,-1050,-1000,60
AAPL_AUG_RTH_ARCX_PILLAR_mbp1.dbn.zst,AAPL_AUG_RTH,ARCX.PILLAR,AAPL,EVENT,-1000,-950,49
AAPL_AUG_RTH_ARCX_PILLAR_mbp1.dbn.zst,AAPL_AUG_RTH,ARCX.PILLAR,AAPL,EVENT,-950,-900,50
AAPL_AUG_RTH_ARCX_PILLAR_mbp1.dbn.zst,AAPL_AUG_RTH,ARCX.PILLAR,AAPL,EVENT,-900,-850,156
AAPL_AUG_RTH_ARCX_PILLAR_mbp1.dbn.zst,AAPL_AUG_RTH,ARCX.PILLAR,AAPL,EVENT,-850,-800,121
AAPL_AUG_RTH_ARCX_PILLAR_mbp1.dbn.zst,AAPL_AUG_RTH,ARCX.PILLAR,AAPL,EVENT,-800,-750,197
AAPL_AUG_RTH_ARCX_PILLAR_mbp1.dbn.zst,AAPL_AUG_RTH,ARCX.PILLAR,AAPL,EVENT,-750,-700,110
AAPL_AUG_RTH_ARCX_PILLAR_mbp1.dbn.zst,AAPL_AUG_RTH,ARCX.PILLAR,AAPL,EVENT,-700,-650,459
AAPL_AUG_RTH_ARCX_PILLAR_mbp1.dbn.zst,AAPL_AUG_RTH,ARCX.PILLAR,AAPL,EVENT,-650,-600,208
AAPL_AUG_RTH_ARCX_PILLAR_mbp1.dbn.zst,AAPL_AUG_RTH,ARCX.PILLAR,AAPL,EVENT,-600,-550,220
AAPL_AUG_RTH_ARCX_PILLAR_mbp1.dbn.zst,AAPL_AUG_RTH,ARCX.PILLAR,AAPL,EVENT,-550,-500,119
AAPL_AUG_RTH_ARCX_PILLAR_mbp1.dbn.zst,AAPL_AUG_RTH,ARCX.PILLAR,AAPL,EVENT,-500,-450,349
AAPL_AUG_RTH_ARCX_PILLAR_mbp1.dbn.zst,AAPL_AUG_RTH,ARCX.PILLAR,AAPL,EVENT,-450,-400,164
AAPL_AUG_RTH_ARCX_PILLAR_mbp1.dbn.zst,AAPL_AUG_RTH,ARCX.PILLAR,AAPL,EVENT,-400,-350,145
AAPL_AUG_RTH_ARCX_PILLAR_mbp1.dbn.zst,AAPL_AUG_RTH,ARCX.PILLAR,AAPL,EVENT,-350,-300,227
AAPL_AUG_RTH_ARCX_PILLAR_mbp1.dbn.zst,AAPL_AUG_RTH,ARCX.PILLAR,AAPL,EVENT,-300,-250,156
AAPL_AUG_RTH_ARCX_PILLAR_mbp1.dbn.zst,AAPL_AUG_RTH,ARCX.PILLAR,AAPL,EVENT,-250,-200,271
AAPL_AUG_RTH_ARCX_PILLAR_mbp1.dbn.zst,AAPL_AUG_RTH,ARCX.PILLAR,AAPL,EVENT,-200,-150,1436
AAPL_AUG_RTH_ARCX_PILLAR_mbp1.dbn.zst,AAPL_AUG_RTH,ARCX.PILLAR,AAPL,EVENT,-150,-100,524
AAPL_AUG_RTH_ARCX_PILLAR_mbp1.dbn.zst,AAPL_AUG_RTH,ARCX.PILLAR,AAPL,EVENT,-100,-50,270
AAPL_AUG_RTH_ARCX_PILLAR_mbp1.dbn.zst,AAPL_AUG_RTH,ARCX.PILLAR,AAPL,EVENT,-50,0,416
AAPL_AUG_RTH_ARCX_PILLAR_mbp1.dbn.zst,AAPL_AUG_RTH,ARCX.PILLAR,AAPL,EVENT,0,50,479
AAPL_AUG_RTH_ARCX_PILLAR_mbp1.dbn.zst,AAPL_AUG_RTH,ARCX.PILLAR,AAPL,EVENT,50,100,789
AAPL_AUG_RTH_ARCX_PILLAR_mbp1.dbn.zst,AAPL_AUG_RTH,ARCX.PILLAR,AAPL,EVENT,100,150,610
AAPL_AUG_RTH_ARCX_PILLAR_mbp1.dbn.zst,AAPL_AUG_RTH,ARCX.PILLAR,AAPL,EVENT,150,200,320
AAPL_AUG_RTH_ARCX_PILLAR_mbp1.dbn.zst,AAPL_AUG_RTH,ARCX.PILLAR,AAPL,EVENT,200,250,238
AAPL_AUG_RTH_ARCX_PILLAR_mbp1.dbn.zst,AAPL_AUG_RTH,ARCX.PILLAR,AAPL,EVENT,250,300,139
AAPL_AUG_RTH_ARCX_PILLAR_mbp1.dbn.zst,AAPL_AUG_RTH,ARCX.PILLAR,AAPL,EVENT,300,350,247
AAPL_AUG_RTH_ARCX_PILLAR_mbp1.dbn.zst,AAPL_AUG_RTH,ARCX.PILLAR,AAPL,EVENT,350,400,190
AAPL_AUG_RTH_ARCX_PILLAR_mbp1.dbn.zst,AAPL_AUG_RTH,ARCX.PILLAR,AAPL,EVENT,400,450,87
AAPL_AUG_RTH_ARCX_PILLAR_mbp1.dbn.zst,AAPL_AUG_RTH,ARCX.PILLAR,AAPL,EVENT,450,500,206
AAPL_AUG_RTH_ARCX_PILLAR_mbp1.dbn.zst,AAPL_AUG_RTH,ARCX.PILLAR,AAPL,EVENT,500,550,177
AAPL_AUG_RTH_ARCX_PILLAR_mbp1.dbn.zst,AAPL_AUG_RTH,ARCX.PILLAR,AAPL,EVENT,550,600,55
AAPL_AUG_RTH_ARCX_PILLAR_mbp1.dbn.zst,AAPL_AUG_RTH,ARCX.PILLAR,AAPL,EVENT,600,650,202
AAPL_AUG_RTH_ARCX_PILLAR_mbp1.dbn.zst,AAPL_AUG_RTH,ARCX.PILLAR,AAPL,EVENT,650,700,51
AAPL_AUG_RTH_ARCX_PILLAR_mbp1.dbn.zst,AAPL_AUG_RTH,ARCX.PILLAR,AAPL,EVENT,700,750,66
AAPL_AUG_RTH_ARCX_PILLAR_mbp1.dbn.zst,AAPL_AUG_RTH,ARCX.PILLAR,AAPL,EVENT,750,800,83
AAPL_AUG_RTH_ARCX_PILLAR_mbp1.dbn.zst,AAPL_AUG_RTH,ARCX.PILLAR,AAPL,EVENT,800,850,62
AAPL_AUG_RTH_ARCX_PILLAR_mbp1.dbn.zst,AAPL_AUG_RTH,ARCX.PILLAR,AAPL,EVENT,850,900,116
AAPL_AUG_RTH_ARCX_PILLAR_mbp1.dbn.zst,AAPL_AUG_RTH,ARCX.PILLAR,AAPL,EVENT,900,950,86
AAPL_AUG_RTH_ARCX_PILLAR_mbp1.dbn.zst,AAPL_AUG_RTH,ARCX.PILLAR,AAPL,EVENT,950,1000,57
AAPL_AUG_RTH_ARCX_PILLAR_mbp1.dbn.zst,AAPL_AUG_RTH,ARCX.PILLAR,AAPL,EVENT,1000,1050,54
AAPL_AUG_RTH_ARCX_PILLAR_mbp1.dbn.zst,AAPL_AUG_RTH,ARCX.PILLAR,AAPL,EVENT,1050,1100,64
AAPL_AUG_RTH_ARCX_PILLAR_mbp1.dbn.zst,AAPL_AUG_RTH,ARCX.PILLAR,AAPL,EVENT,1100,1150,75
AAPL_AUG_RTH_ARCX_PILLAR_mbp1.dbn.zst,AAPL_AUG_RTH,ARCX.PILLAR,AAPL,EVENT,1150,1200,25
AAPL_AUG_RTH_ARCX_PILLAR_mbp1.dbn.zst,AAPL_AUG_RTH,ARCX.PILLAR,AAPL,EVENT,1200,1250,743
AAPL_AUG_RTH_ARCX_PILLAR_mbp1.dbn.zst,AAPL_AUG_RTH,ARCX.PILLAR,AAPL,EVENT,1250,1300,60
AAPL_AUG_RTH_ARCX_PILLAR_mbp1.dbn.zst,AAPL_AUG_RTH,ARCX.PILLAR,AAPL,EVENT,1300,1350,26
AAPL_AUG_RTH_ARCX_PILLAR_mbp1.dbn.zst,AAPL_AUG_RTH,ARCX.PILLAR,AAPL,EVENT,1350,1400,90
AAPL_AUG_RTH_ARCX_PILLAR_mbp1.dbn.zst,AAPL_AUG_RTH,ARCX.PILLAR,AAPL,EVENT,1400,1450,48
AAPL_AUG_RTH_ARCX_PILLAR_mbp1.dbn.zst,AAPL_AUG_RTH,ARCX.PILLAR,AAPL,EVENT,1450,1500,40
AAPL_AUG_RTH_ARCX_PILLAR_mbp1.dbn.zst,AAPL_AUG_RTH,ARCX.PILLAR,AAPL,EVENT,1500,1550,14
AAPL_AUG_RTH_ARCX_PILLAR_mbp1.dbn.zst,AAPL_AUG_RTH,ARCX.PILLAR,AAPL,EVENT,1550,1600,92
AAPL_AUG_RTH_ARCX_PILLAR_mbp1.dbn.zst,AAPL_AUG_RTH,ARCX.PILLAR,AAPL,EVENT,1600,1650,54
AAPL_AUG_RTH_ARCX_PILLAR_mbp1.dbn.zst,AAPL_AUG_RTH,ARCX.PILLAR,AAPL,EVENT,1650,1700,43
AAPL_AUG_RTH_ARCX_PILLAR_mbp1.dbn.zst,AAPL_AUG_RTH,ARCX.PILLAR,AAPL,EVENT,1700,1750,37
AAPL_AUG_RTH_ARCX_PILLAR_mbp1.dbn.zst,AAPL_AUG_RTH,ARCX.PILLAR,AAPL,EVENT,1750,1800,70
AAPL_AUG_RTH_ARCX_PILLAR_mbp1.dbn.zst,AAPL_AUG_RTH,ARCX.PILLAR,AAPL,EVENT,1800,1850,36
AAPL_AUG_RTH_ARCX_PILLAR_mbp1.dbn.zst,AAPL_AUG_RTH,ARCX.PILLAR,AAPL,EVENT,1850,1900,27
AAPL_AUG_RTH_ARCX_PILLAR_mbp1.dbn.zst,AAPL_AUG_RTH,ARCX.PILLAR,AAPL,EVENT,1900,1950,20
AAPL_AUG_RTH_ARCX_PILLAR_mbp1.dbn.zst,AAPL_AUG_RTH,ARCX.PILLAR,AAPL,EVENT,1950,2000,39
AAPL_AUG_RTH_ARCX_PILLAR_mbp1.dbn.zst,AAPL_AUG_RTH,ARCX.PILLAR,AAPL,EVENT,2000,2050,20
AAPL_AUG_RTH_ARCX_PILLAR_mbp1.dbn.zst,AAPL_AUG_RTH,ARCX.PILLAR,AAPL,EVENT,2050,2100,46
AAPL_AUG_RTH_ARCX_PILLAR_mbp1.dbn.zst,AAPL_AUG_RTH,ARCX.PILLAR,AAPL,EVENT,2100,2150,20
AAPL_AUG_RTH_ARCX_PILLAR_mbp1.dbn.zst,AAPL_AUG_RTH,ARCX.PILLAR,AAPL,EVENT,2150,2200,67
AAPL_AUG_RTH_ARCX_PILLAR_mbp1.dbn.zst,AAPL_AUG_RTH,ARCX.PILLAR,AAPL,EVENT,2200,2250,45
AAPL_AUG_RTH_ARCX_PILLAR_mbp1.dbn.zst,AAPL_AUG_RTH,ARCX.PILLAR,AAPL,EVENT,2250,2300,16
AAPL_AUG_RTH_ARCX_PILLAR_mbp1.dbn.zst,AAPL_AUG_RTH,ARCX.PILLAR,AAPL,EVENT,2300,2350,62
AAPL_AUG_RTH_ARCX_PILLAR_mbp1.dbn.zst,AAPL_AUG_RTH,ARCX.PILLAR,AAPL,EVENT,2350,2400,60
AAPL_AUG_RTH_ARCX_PILLAR_mbp1.dbn.zst,AAPL_AUG_RTH,ARCX.PILLAR,AAPL,EVENT,2400,2450,70
AAPL_AUG_RTH_ARCX_PILLAR_mbp1.dbn.zst,AAPL_AUG_RTH,ARCX.PILLAR,AAPL,EVENT,2450,2500,49
AAPL_AUG_RTH_ARCX_PILLAR_mbp1.dbn.zst,AAPL_AUG_RTH,ARCX.PILLAR,AAPL,EVENT,2500,2550,22
AAPL_AUG_RTH_ARCX_PILLAR_mbp1.dbn.zst,AAPL_AUG_RTH,ARCX.PILLAR,AAPL,EVENT,2550,2600,67
AAPL_AUG_RTH_ARCX_PILLAR_mbp1.dbn.zst,AAPL_AUG_RTH,ARCX.PILLAR,AAPL,EVENT,2600,2650,107
AAPL_AUG_RTH_ARCX_PILLAR_mbp1.dbn.zst,AAPL_AUG_RTH,ARCX.PILLAR,AAPL,EVENT,2650,2700,70
AAPL_AUG_RTH_ARCX_PILLAR_mbp1.dbn.zst,AAPL_AUG_RTH,ARCX.PILLAR,AAPL,EVENT,2700,2750,67
AAPL_AUG_RTH_ARCX_PILLAR_mbp1.dbn.zst,AAPL_AUG_RTH,ARCX.PILLAR,AAPL,EVENT,2750,2800,31
AAPL_AUG_RTH_ARCX_PILLAR_mbp1.dbn.zst,AAPL_AUG_RTH,ARCX.PILLAR,AAPL,EVENT,2800,2850,13
AAPL_AUG_RTH_ARCX_PILLAR_mbp1.dbn.zst,AAPL_AUG_RTH,ARCX.PILLAR,AAPL,EVENT,2850,2900,20
AAPL_AUG_RTH_ARCX_PILLAR_mbp1.dbn.zst,AAPL_AUG_RTH,ARCX.PILLAR,AAPL,EVENT,2900,2950,14
AAPL_AUG_RTH_ARCX_PILLAR_mbp1.dbn.zst,AAPL_AUG_RTH,ARCX.PILLAR,AAPL,EVENT,2950,3000,24
AAPL_AUG_RTH_ARCX_PILLAR_mbp1.dbn.zst,AAPL_AUG_RTH,ARCX.PILLAR,AAPL,EVENT,3000,3050,10
AAPL_AUG_RTH_ARCX_PILLAR_mbp1.dbn.zst,AAPL_AUG_RTH,ARCX.PILLAR,AAPL,EVENT,3050,3100,7
AAPL_AUG_RTH_ARCX_PILLAR_mbp1.dbn.zst,AAPL_AUG_RTH,ARCX.PILLAR,AAPL,EVENT,3100,3150,4
AAPL_AUG_RTH_ARCX_PILLAR_mbp1.dbn.zst,AAPL_AUG_RTH,ARCX.PILLAR,AAPL,EVENT,3150,3200,29
AAPL_AUG_RTH_ARCX_PILLAR_mbp1.dbn.zst,AAPL_AUG_RTH,ARCX.PILLAR,AAPL,EVENT,3200,3250,10
AAPL_AUG_RTH_ARCX_PILLAR_mbp1.dbn.zst,AAPL_AUG_RTH,ARCX.PILLAR,AAPL,EVENT,3250,3300,19
AAPL_AUG_RTH_ARCX_PILLAR_mbp1.dbn.zst,AAPL_AUG_RTH,ARCX.PILLAR,AAPL,EVENT,3300,3350,8
AAPL_AUG_RTH_ARCX_PILLAR_mbp1.dbn.zst,AAPL_AUG_RTH,ARCX.PILLAR,AAPL,EVENT,3350,3400,10
AAPL_AUG_RTH_ARCX_PILLAR_mbp1.dbn.zst,AAPL_AUG_RTH,ARCX.PILLAR,AAPL,EVENT,3400,3450,17
AAPL_AUG_RTH_ARCX_PILLAR_mbp1.dbn.zst,AAPL_AUG_RTH,ARCX.PILLAR,AAPL,EVENT,3450,3500,40
AAPL_AUG_RTH_ARCX_PILLAR_mbp1.dbn.zst,AAPL_AUG_RTH,ARCX.PILLAR,AAPL,EVENT,3500,3550,23
AAPL_AUG_RTH_ARCX_PILLAR_mbp1.dbn.zst,AAPL_AUG_RTH,ARCX.PILLAR,AAPL,EVENT,3550,3600,24
AAPL_AUG_RTH_ARCX_PILLAR_mbp1.dbn.zst,AAPL_AUG_RTH,ARCX.PILLAR,AAPL,EVENT,3600,3650,50
AAPL_AUG_RTH_ARCX_PILLAR_mbp1.dbn.zst,AAPL_AUG_RTH,ARCX.PILLAR,AAPL,EVENT,3650,3700,27
AAPL_AUG_RTH_ARCX_PILLAR_mbp1.dbn.zst,AAPL_AUG_RTH,ARCX.PILLAR,AAPL,EVENT,3700,3750,19
AAPL_AUG_RTH_ARCX_PILLAR_mbp1.dbn.zst,AAPL_AUG_RTH,ARCX.PILLAR,AAPL,EVENT,3750,3800,30
AAPL_AUG_RTH_ARCX_PILLAR_mbp1.dbn.zst,AAPL_AUG_RTH,ARCX.PILLAR,AAPL,EVENT,3800,3850,27
AAPL_AUG_RTH_ARCX_PILLAR_mbp1.dbn.zst,AAPL_AUG_RTH,ARCX.PILLAR,AAPL,EVENT,3850,3900,17
AAPL_AUG_RTH_ARCX_PILLAR_mbp1.dbn.zst,AAPL_AUG_RTH,ARCX.PILLAR,AAPL,EVENT,3900,3950,27
AAPL_AUG_RTH_ARCX_PILLAR_mbp1.dbn.zst,AAPL_AUG_RTH,ARCX.PILLAR,AAPL,EVENT,3950,4000,55
AAPL_AUG_RTH_ARCX_PILLAR_mbp1.dbn.zst,AAPL_AUG_RTH,ARCX.PILLAR,AAPL,EVENT,4000,4050,8
AAPL_AUG_RTH_ARCX_PILLAR_mbp1.dbn.zst,AAPL_AUG_RTH,ARCX.PILLAR,AAPL,EVENT,4050,4100,25
AAPL_AUG_RTH_ARCX_PILLAR_mbp1.dbn.zst,AAPL_AUG_RTH,ARCX.PILLAR,AAPL,EVENT,4100,4150,39
AAPL_AUG_RTH_ARCX_PILLAR_mbp1.dbn.zst,AAPL_AUG_RTH,ARCX.PILLAR,AAPL,EVENT,4150,4200,13
AAPL_AUG_RTH_ARCX_PILLAR_mbp1.dbn.zst,AAPL_AUG_RTH,ARCX.PILLAR,AAPL,EVENT,4200,4250,8
AAPL_AUG_RTH_ARCX_PILLAR_mbp1.dbn.zst,AAPL_AUG_RTH,ARCX.PILLAR,AAPL,EVENT,4250,4300,17
AAPL_AUG_RTH_ARCX_PILLAR_mbp1.dbn.zst,AAPL_AUG_RTH,ARCX.PILLAR,AAPL,EVENT,4300,4350,19
AAPL_AUG_RTH_ARCX_PILLAR_mbp1.dbn.zst,AAPL_AUG_RTH,ARCX.PILLAR,AAPL,EVENT,4350,4400,17
AAPL_AUG_RTH_ARCX_PILLAR_mbp1.dbn.zst,AAPL_AUG_RTH,ARCX.PILLAR,AAPL,EVENT,4400,4450,27
AAPL_AUG_RTH_ARCX_PILLAR_mbp1.dbn.zst,AAPL_AUG_RTH,ARCX.PILLAR,AAPL,EVENT,4450,4500,83
AAPL_AUG_RTH_ARCX_PILLAR_mbp1.dbn.zst,AAPL_AUG_RTH,ARCX.PILLAR,AAPL,EVENT,4500,4550,25
AAPL_AUG_RTH_ARCX_PILLAR_mbp1.dbn.zst,AAPL_AUG_RTH,ARCX.PILLAR,AAPL,EVENT,4550,4600,20
AAPL_AUG_RTH_ARCX_PILLAR_mbp1.dbn.zst,AAPL_AUG_RTH,ARCX.PILLAR,AAPL,EVENT,4600,4650,10
AAPL_AUG_RTH_ARCX_PILLAR_mbp1.dbn.zst,AAPL_AUG_RTH,ARCX.PILLAR,AAPL,EVENT,4650,4700,7
AAPL_AUG_RTH_ARCX_PILLAR_mbp1.dbn.zst,AAPL_AUG_RTH,ARCX.PILLAR,AAPL,EVENT,4700,4750,5
AAPL_AUG_RTH_ARCX_PILLAR_mbp1.dbn.zst,AAPL_AUG_RTH,ARCX.PILLAR,AAPL,EVENT,4750,4800,6
AAPL_AUG_RTH_ARCX_PILLAR_mbp1.dbn.zst,AAPL_AUG_RTH,ARCX.PILLAR,AAPL,EVENT,4800,4850,5
AAPL_AUG_RTH_ARCX_PILLAR_mbp1.dbn.zst,AAPL_AUG_RTH,ARCX.PILLAR,AAPL,EVENT,4850,4900,13
AAPL_AUG_RTH_ARCX_PILLAR_mbp1.dbn.zst,AAPL_AUG_RTH,ARCX.PILLAR,AAPL,EVENT,4900,4950,7
AAPL_AUG_RTH_ARCX_PILLAR_mbp1.dbn.zst,AAPL_AUG_RTH,ARCX.PILLAR,AAPL,EVENT,4950,5000,38
AAPL_AUG_RTH_ARCX_PILLAR_mbp1.dbn.zst,AAPL_AUG_RTH,ARCX.PILLAR,AAPL,RECEIVE,-5000,-4950,19
AAPL_AUG_RTH_ARCX_PILLAR_mbp1.dbn.zst,AAPL_AUG_RTH,ARCX.PILLAR,AAPL,RECEIVE,-4950,-4900,13
AAPL_AUG_RTH_ARCX_PILLAR_mbp1.dbn.zst,AAPL_AUG_RTH,ARCX.PILLAR,AAPL,RECEIVE,-4900,-4850,18
AAPL_AUG_RTH_ARCX_PILLAR_mbp1.dbn.zst,AAPL_AUG_RTH,ARCX.PILLAR,AAPL,RECEIVE,-4850,-4800,25
AAPL_AUG_RTH_ARCX_PILLAR_mbp1.dbn.zst,AAPL_AUG_RTH,ARCX.PILLAR,AAPL,RECEIVE,-4800,-4750,27
AAPL_AUG_RTH_ARCX_PILLAR_mbp1.dbn.zst,AAPL_AUG_RTH,ARCX.PILLAR,AAPL,RECEIVE,-4750,-4700,14
AAPL_AUG_RTH_ARCX_PILLAR_mbp1.dbn.zst,AAPL_AUG_RTH,ARCX.PILLAR,AAPL,RECEIVE,-4700,-4650,20
AAPL_AUG_RTH_ARCX_PILLAR_mbp1.dbn.zst,AAPL_AUG_RTH,ARCX.PILLAR,AAPL,RECEIVE,-4650,-4600,1007
AAPL_AUG_RTH_ARCX_PILLAR_mbp1.dbn.zst,AAPL_AUG_RTH,ARCX.PILLAR,AAPL,RECEIVE,-4600,-4550,778
AAPL_AUG_RTH_ARCX_PILLAR_mbp1.dbn.zst,AAPL_AUG_RTH,ARCX.PILLAR,AAPL,RECEIVE,-4550,-4500,21
AAPL_AUG_RTH_ARCX_PILLAR_mbp1.dbn.zst,AAPL_AUG_RTH,ARCX.PILLAR,AAPL,RECEIVE,-4500,-4450,25
AAPL_AUG_RTH_ARCX_PILLAR_mbp1.dbn.zst,AAPL_AUG_RTH,ARCX.PILLAR,AAPL,RECEIVE,-4450,-4400,72
AAPL_AUG_RTH_ARCX_PILLAR_mbp1.dbn.zst,AAPL_AUG_RTH,ARCX.PILLAR,AAPL,RECEIVE,-4400,-4350,23
AAPL_AUG_RTH_ARCX_PILLAR_mbp1.dbn.zst,AAPL_AUG_RTH,ARCX.PILLAR,AAPL,RECEIVE,-4350,-4300,21
AAPL_AUG_RTH_ARCX_PILLAR_mbp1.dbn.zst,AAPL_AUG_RTH,ARCX.PILLAR,AAPL,RECEIVE,-4300,-4250,34
AAPL_AUG_RTH_ARCX_PILLAR_mbp1.dbn.zst,AAPL_AUG_RTH,ARCX.PILLAR,AAPL,RECEIVE,-4250,-4200,13
AAPL_AUG_RTH_ARCX_PILLAR_mbp1.dbn.zst,AAPL_AUG_RTH,ARCX.PILLAR,AAPL,RECEIVE,-4200,-4150,15
AAPL_AUG_RTH_ARCX_PILLAR_mbp1.dbn.zst,AAPL_AUG_RTH,ARCX.PILLAR,AAPL,RECEIVE,-4150,-4100,10
AAPL_AUG_RTH_ARCX_PILLAR_mbp1.dbn.zst,AAPL_AUG_RTH,ARCX.PILLAR,AAPL,RECEIVE,-4100,-4050,31
AAPL_AUG_RTH_ARCX_PILLAR_mbp1.dbn.zst,AAPL_AUG_RTH,ARCX.PILLAR,AAPL,RECEIVE,-4050,-4000,23
AAPL_AUG_RTH_ARCX_PILLAR_mbp1.dbn.zst,AAPL_AUG_RTH,ARCX.PILLAR,AAPL,RECEIVE,-4000,-3950,18
AAPL_AUG_RTH_ARCX_PILLAR_mbp1.dbn.zst,AAPL_AUG_RTH,ARCX.PILLAR,AAPL,RECEIVE,-3950,-3900,23
AAPL_AUG_RTH_ARCX_PILLAR_mbp1.dbn.zst,AAPL_AUG_RTH,ARCX.PILLAR,AAPL,RECEIVE,-3900,-3850,13
AAPL_AUG_RTH_ARCX_PILLAR_mbp1.dbn.zst,AAPL_AUG_RTH,ARCX.PILLAR,AAPL,RECEIVE,-3850,-3800,6
AAPL_AUG_RTH_ARCX_PILLAR_mbp1.dbn.zst,AAPL_AUG_RTH,ARCX.PILLAR,AAPL,RECEIVE,-3800,-3750,35
AAPL_AUG_RTH_ARCX_PILLAR_mbp1.dbn.zst,AAPL_AUG_RTH,ARCX.PILLAR,AAPL,RECEIVE,-3750,-3700,92
AAPL_AUG_RTH_ARCX_PILLAR_mbp1.dbn.zst,AAPL_AUG_RTH,ARCX.PILLAR,AAPL,RECEIVE,-3700,-3650,37
AAPL_AUG_RTH_ARCX_PILLAR_mbp1.dbn.zst,AAPL_AUG_RTH,ARCX.PILLAR,AAPL,RECEIVE,-3650,-3600,11
AAPL_AUG_RTH_ARCX_PILLAR_mbp1.dbn.zst,AAPL_AUG_RTH,ARCX.PILLAR,AAPL,RECEIVE,-3600,-3550,109
AAPL_AUG_RTH_ARCX_PILLAR_mbp1.dbn.zst,AAPL_AUG_RTH,ARCX.PILLAR,AAPL,RECEIVE,-3550,-3500,40
AAPL_AUG_RTH_ARCX_PILLAR_mbp1.dbn.zst,AAPL_AUG_RTH,ARCX.PILLAR,AAPL,RECEIVE,-3500,-3450,19
AAPL_AUG_RTH_ARCX_PILLAR_mbp1.dbn.zst,AAPL_AUG_RTH,ARCX.PILLAR,AAPL,RECEIVE,-3450,-3400,14
AAPL_AUG_RTH_ARCX_PILLAR_mbp1.dbn.zst,AAPL_AUG_RTH,ARCX.PILLAR,AAPL,RECEIVE,-3400,-3350,41
AAPL_AUG_RTH_ARCX_PILLAR_mbp1.dbn.zst,AAPL_AUG_RTH,ARCX.PILLAR,AAPL,RECEIVE,-3350,-3300,33
AAPL_AUG_RTH_ARCX_PILLAR_mbp1.dbn.zst,AAPL_AUG_RTH,ARCX.PILLAR,AAPL,RECEIVE,-3300,-3250,22
AAPL_AUG_RTH_ARCX_PILLAR_mbp1.dbn.zst,AAPL_AUG_RTH,ARCX.PILLAR,AAPL,RECEIVE,-3250,-3200,31
AAPL_AUG_RTH_ARCX_PILLAR_mbp1.dbn.zst,AAPL_AUG_RTH,ARCX.PILLAR,AAPL,RECEIVE,-3200,-3150,53
AAPL_AUG_RTH_ARCX_PILLAR_mbp1.dbn.zst,AAPL_AUG_RTH,ARCX.PILLAR,AAPL,RECEIVE,-3150,-3100,55
AAPL_AUG_RTH_ARCX_PILLAR_mbp1.dbn.zst,AAPL_AUG_RTH,ARCX.PILLAR,AAPL,RECEIVE,-3100,-3050,144
AAPL_AUG_RTH_ARCX_PILLAR_mbp1.dbn.zst,AAPL_AUG_RTH,ARCX.PILLAR,AAPL,RECEIVE,-3050,-3000,158
AAPL_AUG_RTH_ARCX_PILLAR_mbp1.dbn.zst,AAPL_AUG_RTH,ARCX.PILLAR,AAPL,RECEIVE,-3000,-2950,26
AAPL_AUG_RTH_ARCX_PILLAR_mbp1.dbn.zst,AAPL_AUG_RTH,ARCX.PILLAR,AAPL,RECEIVE,-2950,-2900,8
AAPL_AUG_RTH_ARCX_PILLAR_mbp1.dbn.zst,AAPL_AUG_RTH,ARCX.PILLAR,AAPL,RECEIVE,-2900,-2850,25
AAPL_AUG_RTH_ARCX_PILLAR_mbp1.dbn.zst,AAPL_AUG_RTH,ARCX.PILLAR,AAPL,RECEIVE,-2850,-2800,11
AAPL_AUG_RTH_ARCX_PILLAR_mbp1.dbn.zst,AAPL_AUG_RTH,ARCX.PILLAR,AAPL,RECEIVE,-2800,-2750,48
AAPL_AUG_RTH_ARCX_PILLAR_mbp1.dbn.zst,AAPL_AUG_RTH,ARCX.PILLAR,AAPL,RECEIVE,-2750,-2700,83
AAPL_AUG_RTH_ARCX_PILLAR_mbp1.dbn.zst,AAPL_AUG_RTH,ARCX.PILLAR,AAPL,RECEIVE,-2700,-2650,19
AAPL_AUG_RTH_ARCX_PILLAR_mbp1.dbn.zst,AAPL_AUG_RTH,ARCX.PILLAR,AAPL,RECEIVE,-2650,-2600,55
AAPL_AUG_RTH_ARCX_PILLAR_mbp1.dbn.zst,AAPL_AUG_RTH,ARCX.PILLAR,AAPL,RECEIVE,-2600,-2550,299
AAPL_AUG_RTH_ARCX_PILLAR_mbp1.dbn.zst,AAPL_AUG_RTH,ARCX.PILLAR,AAPL,RECEIVE,-2550,-2500,294
AAPL_AUG_RTH_ARCX_PILLAR_mbp1.dbn.zst,AAPL_AUG_RTH,ARCX.PILLAR,AAPL,RECEIVE,-2500,-2450,44
AAPL_AUG_RTH_ARCX_PILLAR_mbp1.dbn.zst,AAPL_AUG_RTH,ARCX.PILLAR,AAPL,RECEIVE,-2450,-2400,44
AAPL_AUG_RTH_ARCX_PILLAR_mbp1.dbn.zst,AAPL_AUG_RTH,ARCX.PILLAR,AAPL,RECEIVE,-2400,-2350,40
AAPL_AUG_RTH_ARCX_PILLAR_mbp1.dbn.zst,AAPL_AUG_RTH,ARCX.PILLAR,AAPL,RECEIVE,-2350,-2300,68
AAPL_AUG_RTH_ARCX_PILLAR_mbp1.dbn.zst,AAPL_AUG_RTH,ARCX.PILLAR,AAPL,RECEIVE,-2300,-2250,58
AAPL_AUG_RTH_ARCX_PILLAR_mbp1.dbn.zst,AAPL_AUG_RTH,ARCX.PILLAR,AAPL,RECEIVE,-2250,-2200,54
AAPL_AUG_RTH_ARCX_PILLAR_mbp1.dbn.zst,AAPL_AUG_RTH,ARCX.PILLAR,AAPL,RECEIVE,-2200,-2150,39
AAPL_AUG_RTH_ARCX_PILLAR_mbp1.dbn.zst,AAPL_AUG_RTH,ARCX.PILLAR,AAPL,RECEIVE,-2150,-2100,14
AAPL_AUG_RTH_ARCX_PILLAR_mbp1.dbn.zst,AAPL_AUG_RTH,ARCX.PILLAR,AAPL,RECEIVE,-2100,-2050,15
AAPL_AUG_RTH_ARCX_PILLAR_mbp1.dbn.zst,AAPL_AUG_RTH,ARCX.PILLAR,AAPL,RECEIVE,-2050,-2000,28
AAPL_AUG_RTH_ARCX_PILLAR_mbp1.dbn.zst,AAPL_AUG_RTH,ARCX.PILLAR,AAPL,RECEIVE,-2000,-1950,61
AAPL_AUG_RTH_ARCX_PILLAR_mbp1.dbn.zst,AAPL_AUG_RTH,ARCX.PILLAR,AAPL,RECEIVE,-1950,-1900,26
AAPL_AUG_RTH_ARCX_PILLAR_mbp1.dbn.zst,AAPL_AUG_RTH,ARCX.PILLAR,AAPL,RECEIVE,-1900,-1850,37
AAPL_AUG_RTH_ARCX_PILLAR_mbp1.dbn.zst,AAPL_AUG_RTH,ARCX.PILLAR,AAPL,RECEIVE,-1850,-1800,55
AAPL_AUG_RTH_ARCX_PILLAR_mbp1.dbn.zst,AAPL_AUG_RTH,ARCX.PILLAR,AAPL,RECEIVE,-1800,-1750,38
AAPL_AUG_RTH_ARCX_PILLAR_mbp1.dbn.zst,AAPL_AUG_RTH,ARCX.PILLAR,AAPL,RECEIVE,-1750,-1700,104
AAPL_AUG_RTH_ARCX_PILLAR_mbp1.dbn.zst,AAPL_AUG_RTH,ARCX.PILLAR,AAPL,RECEIVE,-1700,-1650,150
AAPL_AUG_RTH_ARCX_PILLAR_mbp1.dbn.zst,AAPL_AUG_RTH,ARCX.PILLAR,AAPL,RECEIVE,-1650,-1600,78
AAPL_AUG_RTH_ARCX_PILLAR_mbp1.dbn.zst,AAPL_AUG_RTH,ARCX.PILLAR,AAPL,RECEIVE,-1600,-1550,53
AAPL_AUG_RTH_ARCX_PILLAR_mbp1.dbn.zst,AAPL_AUG_RTH,ARCX.PILLAR,AAPL,RECEIVE,-1550,-1500,690
AAPL_AUG_RTH_ARCX_PILLAR_mbp1.dbn.zst,AAPL_AUG_RTH,ARCX.PILLAR,AAPL,RECEIVE,-1500,-1450,1015
AAPL_AUG_RTH_ARCX_PILLAR_mbp1.dbn.zst,AAPL_AUG_RTH,ARCX.PILLAR,AAPL,RECEIVE,-1450,-1400,167
AAPL_AUG_RTH_ARCX_PILLAR_mbp1.dbn.zst,AAPL_AUG_RTH,ARCX.PILLAR,AAPL,RECEIVE,-1400,-1350,55
AAPL_AUG_RTH_ARCX_PILLAR_mbp1.dbn.zst,AAPL_AUG_RTH,ARCX.PILLAR,AAPL,RECEIVE,-1350,-1300,59
AAPL_AUG_RTH_ARCX_PILLAR_mbp1.dbn.zst,AAPL_AUG_RTH,ARCX.PILLAR,AAPL,RECEIVE,-1300,-1250,38
AAPL_AUG_RTH_ARCX_PILLAR_mbp1.dbn.zst,AAPL_AUG_RTH,ARCX.PILLAR,AAPL,RECEIVE,-1250,-1200,60
AAPL_AUG_RTH_ARCX_PILLAR_mbp1.dbn.zst,AAPL_AUG_RTH,ARCX.PILLAR,AAPL,RECEIVE,-1200,-1150,33
AAPL_AUG_RTH_ARCX_PILLAR_mbp1.dbn.zst,AAPL_AUG_RTH,ARCX.PILLAR,AAPL,RECEIVE,-1150,-1100,59
AAPL_AUG_RTH_ARCX_PILLAR_mbp1.dbn.zst,AAPL_AUG_RTH,ARCX.PILLAR,AAPL,RECEIVE,-1100,-1050,62
AAPL_AUG_RTH_ARCX_PILLAR_mbp1.dbn.zst,AAPL_AUG_RTH,ARCX.PILLAR,AAPL,RECEIVE,-1050,-1000,39
AAPL_AUG_RTH_ARCX_PILLAR_mbp1.dbn.zst,AAPL_AUG_RTH,ARCX.PILLAR,AAPL,RECEIVE,-1000,-950,64
AAPL_AUG_RTH_ARCX_PILLAR_mbp1.dbn.zst,AAPL_AUG_RTH,ARCX.PILLAR,AAPL,RECEIVE,-950,-900,51
AAPL_AUG_RTH_ARCX_PILLAR_mbp1.dbn.zst,AAPL_AUG_RTH,ARCX.PILLAR,AAPL,RECEIVE,-900,-850,152
AAPL_AUG_RTH_ARCX_PILLAR_mbp1.dbn.zst,AAPL_AUG_RTH,ARCX.PILLAR,AAPL,RECEIVE,-850,-800,61
AAPL_AUG_RTH_ARCX_PILLAR_mbp1.dbn.zst,AAPL_AUG_RTH,ARCX.PILLAR,AAPL,RECEIVE,-800,-750,109
AAPL_AUG_RTH_ARCX_PILLAR_mbp1.dbn.zst,AAPL_AUG_RTH,ARCX.PILLAR,AAPL,RECEIVE,-750,-700,147
AAPL_AUG_RTH_ARCX_PILLAR_mbp1.dbn.zst,AAPL_AUG_RTH,ARCX.PILLAR,AAPL,RECEIVE,-700,-650,63
AAPL_AUG_RTH_ARCX_PILLAR_mbp1.dbn.zst,AAPL_AUG_RTH,ARCX.PILLAR,AAPL,RECEIVE,-650,-600,199
AAPL_AUG_RTH_ARCX_PILLAR_mbp1.dbn.zst,AAPL_AUG_RTH,ARCX.PILLAR,AAPL,RECEIVE,-600,-550,172
AAPL_AUG_RTH_ARCX_PILLAR_mbp1.dbn.zst,AAPL_AUG_RTH,ARCX.PILLAR,AAPL,RECEIVE,-550,-500,141
AAPL_AUG_RTH_ARCX_PILLAR_mbp1.dbn.zst,AAPL_AUG_RTH,ARCX.PILLAR,AAPL,RECEIVE,-500,-450,167
AAPL_AUG_RTH_ARCX_PILLAR_mbp1.dbn.zst,AAPL_AUG_RTH,ARCX.PILLAR,AAPL,RECEIVE,-450,-400,98
AAPL_AUG_RTH_ARCX_PILLAR_mbp1.dbn.zst,AAPL_AUG_RTH,ARCX.PILLAR,AAPL,RECEIVE,-400,-350,172
AAPL_AUG_RTH_ARCX_PILLAR_mbp1.dbn.zst,AAPL_AUG_RTH,ARCX.PILLAR,AAPL,RECEIVE,-350,-300,187
AAPL_AUG_RTH_ARCX_PILLAR_mbp1.dbn.zst,AAPL_AUG_RTH,ARCX.PILLAR,AAPL,RECEIVE,-300,-250,194
AAPL_AUG_RTH_ARCX_PILLAR_mbp1.dbn.zst,AAPL_AUG_RTH,ARCX.PILLAR,AAPL,RECEIVE,-250,-200,325
AAPL_AUG_RTH_ARCX_PILLAR_mbp1.dbn.zst,AAPL_AUG_RTH,ARCX.PILLAR,AAPL,RECEIVE,-200,-150,287
AAPL_AUG_RTH_ARCX_PILLAR_mbp1.dbn.zst,AAPL_AUG_RTH,ARCX.PILLAR,AAPL,RECEIVE,-150,-100,404
AAPL_AUG_RTH_ARCX_PILLAR_mbp1.dbn.zst,AAPL_AUG_RTH,ARCX.PILLAR,AAPL,RECEIVE,-100,-50,393
AAPL_AUG_RTH_ARCX_PILLAR_mbp1.dbn.zst,AAPL_AUG_RTH,ARCX.PILLAR,AAPL,RECEIVE,-50,0,326
AAPL_AUG_RTH_ARCX_PILLAR_mbp1.dbn.zst,AAPL_AUG_RTH,ARCX.PILLAR,AAPL,RECEIVE,0,50,398
AAPL_AUG_RTH_ARCX_PILLAR_mbp1.dbn.zst,AAPL_AUG_RTH,ARCX.PILLAR,AAPL,RECEIVE,50,100,350
AAPL_AUG_RTH_ARCX_PILLAR_mbp1.dbn.zst,AAPL_AUG_RTH,ARCX.PILLAR,AAPL,RECEIVE,100,150,338
AAPL_AUG_RTH_ARCX_PILLAR_mbp1.dbn.zst,AAPL_AUG_RTH,ARCX.PILLAR,AAPL,RECEIVE,150,200,599
AAPL_AUG_RTH_ARCX_PILLAR_mbp1.dbn.zst,AAPL_AUG_RTH,ARCX.PILLAR,AAPL,RECEIVE,200,250,630
AAPL_AUG_RTH_ARCX_PILLAR_mbp1.dbn.zst,AAPL_AUG_RTH,ARCX.PILLAR,AAPL,RECEIVE,250,300,137
AAPL_AUG_RTH_ARCX_PILLAR_mbp1.dbn.zst,AAPL_AUG_RTH,ARCX.PILLAR,AAPL,RECEIVE,300,350,317
AAPL_AUG_RTH_ARCX_PILLAR_mbp1.dbn.zst,AAPL_AUG_RTH,ARCX.PILLAR,AAPL,RECEIVE,350,400,442
AAPL_AUG_RTH_ARCX_PILLAR_mbp1.dbn.zst,AAPL_AUG_RTH,ARCX.PILLAR,AAPL,RECEIVE,400,450,349
AAPL_AUG_RTH_ARCX_PILLAR_mbp1.dbn.zst,AAPL_AUG_RTH,ARCX.PILLAR,AAPL,RECEIVE,450,500,255
AAPL_AUG_RTH_ARCX_PILLAR_mbp1.dbn.zst,AAPL_AUG_RTH,ARCX.PILLAR,AAPL,RECEIVE,500,550,80
AAPL_AUG_RTH_ARCX_PILLAR_mbp1.dbn.zst,AAPL_AUG_RTH,ARCX.PILLAR,AAPL,RECEIVE,550,600,176
AAPL_AUG_RTH_ARCX_PILLAR_mbp1.dbn.zst,AAPL_AUG_RTH,ARCX.PILLAR,AAPL,RECEIVE,600,650,392
AAPL_AUG_RTH_ARCX_PILLAR_mbp1.dbn.zst,AAPL_AUG_RTH,ARCX.PILLAR,AAPL,RECEIVE,650,700,129
AAPL_AUG_RTH_ARCX_PILLAR_mbp1.dbn.zst,AAPL_AUG_RTH,ARCX.PILLAR,AAPL,RECEIVE,700,750,127
AAPL_AUG_RTH_ARCX_PILLAR_mbp1.dbn.zst,AAPL_AUG_RTH,ARCX.PILLAR,AAPL,RECEIVE,750,800,154
AAPL_AUG_RTH_ARCX_PILLAR_mbp1.dbn.zst,AAPL_AUG_RTH,ARCX.PILLAR,AAPL,RECEIVE,800,850,154
AAPL_AUG_RTH_ARCX_PILLAR_mbp1.dbn.zst,AAPL_AUG_RTH,ARCX.PILLAR,AAPL,RECEIVE,850,900,141
AAPL_AUG_RTH_ARCX_PILLAR_mbp1.dbn.zst,AAPL_AUG_RTH,ARCX.PILLAR,AAPL,RECEIVE,900,950,131
AAPL_AUG_RTH_ARCX_PILLAR_mbp1.dbn.zst,AAPL_AUG_RTH,ARCX.PILLAR,AAPL,RECEIVE,950,1000,113
AAPL_AUG_RTH_ARCX_PILLAR_mbp1.dbn.zst,AAPL_AUG_RTH,ARCX.PILLAR,AAPL,RECEIVE,1000,1050,95
AAPL_AUG_RTH_ARCX_PILLAR_mbp1.dbn.zst,AAPL_AUG_RTH,ARCX.PILLAR,AAPL,RECEIVE,1050,1100,97
AAPL_AUG_RTH_ARCX_PILLAR_mbp1.dbn.zst,AAPL_AUG_RTH,ARCX.PILLAR,AAPL,RECEIVE,1100,1150,77
AAPL_AUG_RTH_ARCX_PILLAR_mbp1.dbn.zst,AAPL_AUG_RTH,ARCX.PILLAR,AAPL,RECEIVE,1150,1200,29
AAPL_AUG_RTH_ARCX_PILLAR_mbp1.dbn.zst,AAPL_AUG_RTH,ARCX.PILLAR,AAPL,RECEIVE,1200,1250,101
AAPL_AUG_RTH_ARCX_PILLAR_mbp1.dbn.zst,AAPL_AUG_RTH,ARCX.PILLAR,AAPL,RECEIVE,1250,1300,136
AAPL_AUG_RTH_ARCX_PILLAR_mbp1.dbn.zst,AAPL_AUG_RTH,ARCX.PILLAR,AAPL,RECEIVE,1300,1350,108
AAPL_AUG_RTH_ARCX_PILLAR_mbp1.dbn.zst,AAPL_AUG_RTH,ARCX.PILLAR,AAPL,RECEIVE,1350,1400,59
AAPL_AUG_RTH_ARCX_PILLAR_mbp1.dbn.zst,AAPL_AUG_RTH,ARCX.PILLAR,AAPL,RECEIVE,1400,1450,106
AAPL_AUG_RTH_ARCX_PILLAR_mbp1.dbn.zst,AAPL_AUG_RTH,ARCX.PILLAR,AAPL,RECEIVE,1450,1500,69
AAPL_AUG_RTH_ARCX_PILLAR_mbp1.dbn.zst,AAPL_AUG_RTH,ARCX.PILLAR,AAPL,RECEIVE,1500,1550,230
AAPL_AUG_RTH_ARCX_PILLAR_mbp1.dbn.zst,AAPL_AUG_RTH,ARCX.PILLAR,AAPL,RECEIVE,1550,1600,469
AAPL_AUG_RTH_ARCX_PILLAR_mbp1.dbn.zst,AAPL_AUG_RTH,ARCX.PILLAR,AAPL,RECEIVE,1600,1650,136
AAPL_AUG_RTH_ARCX_PILLAR_mbp1.dbn.zst,AAPL_AUG_RTH,ARCX.PILLAR,AAPL,RECEIVE,1650,1700,43
AAPL_AUG_RTH_ARCX_PILLAR_mbp1.dbn.zst,AAPL_AUG_RTH,ARCX.PILLAR,AAPL,RECEIVE,1700,1750,12
AAPL_AUG_RTH_ARCX_PILLAR_mbp1.dbn.zst,AAPL_AUG_RTH,ARCX.PILLAR,AAPL,RECEIVE,1750,1800,43
AAPL_AUG_RTH_ARCX_PILLAR_mbp1.dbn.zst,AAPL_AUG_RTH,ARCX.PILLAR,AAPL,RECEIVE,1800,1850,33
AAPL_AUG_RTH_ARCX_PILLAR_mbp1.dbn.zst,AAPL_AUG_RTH,ARCX.PILLAR,AAPL,RECEIVE,1850,1900,25
AAPL_AUG_RTH_ARCX_PILLAR_mbp1.dbn.zst,AAPL_AUG_RTH,ARCX.PILLAR,AAPL,RECEIVE,1900,1950,45
AAPL_AUG_RTH_ARCX_PILLAR_mbp1.dbn.zst,AAPL_AUG_RTH,ARCX.PILLAR,AAPL,RECEIVE,1950,2000,33
AAPL_AUG_RTH_ARCX_PILLAR_mbp1.dbn.zst,AAPL_AUG_RTH,ARCX.PILLAR,AAPL,RECEIVE,2000,2050,84
AAPL_AUG_RTH_ARCX_PILLAR_mbp1.dbn.zst,AAPL_AUG_RTH,ARCX.PILLAR,AAPL,RECEIVE,2050,2100,363
AAPL_AUG_RTH_ARCX_PILLAR_mbp1.dbn.zst,AAPL_AUG_RTH,ARCX.PILLAR,AAPL,RECEIVE,2100,2150,46
AAPL_AUG_RTH_ARCX_PILLAR_mbp1.dbn.zst,AAPL_AUG_RTH,ARCX.PILLAR,AAPL,RECEIVE,2150,2200,39
AAPL_AUG_RTH_ARCX_PILLAR_mbp1.dbn.zst,AAPL_AUG_RTH,ARCX.PILLAR,AAPL,RECEIVE,2200,2250,57
AAPL_AUG_RTH_ARCX_PILLAR_mbp1.dbn.zst,AAPL_AUG_RTH,ARCX.PILLAR,AAPL,RECEIVE,2250,2300,16
AAPL_AUG_RTH_ARCX_PILLAR_mbp1.dbn.zst,AAPL_AUG_RTH,ARCX.PILLAR,AAPL,RECEIVE,2300,2350,25
AAPL_AUG_RTH_ARCX_PILLAR_mbp1.dbn.zst,AAPL_AUG_RTH,ARCX.PILLAR,AAPL,RECEIVE,2350,2400,26
AAPL_AUG_RTH_ARCX_PILLAR_mbp1.dbn.zst,AAPL_AUG_RTH,ARCX.PILLAR,AAPL,RECEIVE,2400,2450,44
AAPL_AUG_RTH_ARCX_PILLAR_mbp1.dbn.zst,AAPL_AUG_RTH,ARCX.PILLAR,AAPL,RECEIVE,2450,2500,54
AAPL_AUG_RTH_ARCX_PILLAR_mbp1.dbn.zst,AAPL_AUG_RTH,ARCX.PILLAR,AAPL,RECEIVE,2500,2550,22
AAPL_AUG_RTH_ARCX_PILLAR_mbp1.dbn.zst,AAPL_AUG_RTH,ARCX.PILLAR,AAPL,RECEIVE,2550,2600,32
AAPL_AUG_RTH_ARCX_PILLAR_mbp1.dbn.zst,AAPL_AUG_RTH,ARCX.PILLAR,AAPL,RECEIVE,2600,2650,65
AAPL_AUG_RTH_ARCX_PILLAR_mbp1.dbn.zst,AAPL_AUG_RTH,ARCX.PILLAR,AAPL,RECEIVE,2650,2700,29
AAPL_AUG_RTH_ARCX_PILLAR_mbp1.dbn.zst,AAPL_AUG_RTH,ARCX.PILLAR,AAPL,RECEIVE,2700,2750,13
AAPL_AUG_RTH_ARCX_PILLAR_mbp1.dbn.zst,AAPL_AUG_RTH,ARCX.PILLAR,AAPL,RECEIVE,2750,2800,47
AAPL_AUG_RTH_ARCX_PILLAR_mbp1.dbn.zst,AAPL_AUG_RTH,ARCX.PILLAR,AAPL,RECEIVE,2800,2850,8
AAPL_AUG_RTH_ARCX_PILLAR_mbp1.dbn.zst,AAPL_AUG_RTH,ARCX.PILLAR,AAPL,RECEIVE,2850,2900,31
AAPL_AUG_RTH_ARCX_PILLAR_mbp1.dbn.zst,AAPL_AUG_RTH,ARCX.PILLAR,AAPL,RECEIVE,2900,2950,17
AAPL_AUG_RTH_ARCX_PILLAR_mbp1.dbn.zst,AAPL_AUG_RTH,ARCX.PILLAR,AAPL,RECEIVE,2950,3000,29
AAPL_AUG_RTH_ARCX_PILLAR_mbp1.dbn.zst,AAPL_AUG_RTH,ARCX.PILLAR,AAPL,RECEIVE,3000,3050,16
AAPL_AUG_RTH_ARCX_PILLAR_mbp1.dbn.zst,AAPL_AUG_RTH,ARCX.PILLAR,AAPL,RECEIVE,3050,3100,37
AAPL_AUG_RTH_ARCX_PILLAR_mbp1.dbn.zst,AAPL_AUG_RTH,ARCX.PILLAR,AAPL,RECEIVE,3100,3150,4
AAPL_AUG_RTH_ARCX_PILLAR_mbp1.dbn.zst,AAPL_AUG_RTH,ARCX.PILLAR,AAPL,RECEIVE,3150,3200,28
AAPL_AUG_RTH_ARCX_PILLAR_mbp1.dbn.zst,AAPL_AUG_RTH,ARCX.PILLAR,AAPL,RECEIVE,3200,3250,9
AAPL_AUG_RTH_ARCX_PILLAR_mbp1.dbn.zst,AAPL_AUG_RTH,ARCX.PILLAR,AAPL,RECEIVE,3250,3300,15
AAPL_AUG_RTH_ARCX_PILLAR_mbp1.dbn.zst,AAPL_AUG_RTH,ARCX.PILLAR,AAPL,RECEIVE,3300,3350,31
AAPL_AUG_RTH_ARCX_PILLAR_mbp1.dbn.zst,AAPL_AUG_RTH,ARCX.PILLAR,AAPL,RECEIVE,3350,3400,34
AAPL_AUG_RTH_ARCX_PILLAR_mbp1.dbn.zst,AAPL_AUG_RTH,ARCX.PILLAR,AAPL,RECEIVE,3400,3450,55
AAPL_AUG_RTH_ARCX_PILLAR_mbp1.dbn.zst,AAPL_AUG_RTH,ARCX.PILLAR,AAPL,RECEIVE,3450,3500,21
AAPL_AUG_RTH_ARCX_PILLAR_mbp1.dbn.zst,AAPL_AUG_RTH,ARCX.PILLAR,AAPL,RECEIVE,3500,3550,65
AAPL_AUG_RTH_ARCX_PILLAR_mbp1.dbn.zst,AAPL_AUG_RTH,ARCX.PILLAR,AAPL,RECEIVE,3550,3600,45
AAPL_AUG_RTH_ARCX_PILLAR_mbp1.dbn.zst,AAPL_AUG_RTH,ARCX.PILLAR,AAPL,RECEIVE,3600,3650,19
AAPL_AUG_RTH_ARCX_PILLAR_mbp1.dbn.zst,AAPL_AUG_RTH,ARCX.PILLAR,AAPL,RECEIVE,3650,3700,11
AAPL_AUG_RTH_ARCX_PILLAR_mbp1.dbn.zst,AAPL_AUG_RTH,ARCX.PILLAR,AAPL,RECEIVE,3700,3750,22
AAPL_AUG_RTH_ARCX_PILLAR_mbp1.dbn.zst,AAPL_AUG_RTH,ARCX.PILLAR,AAPL,RECEIVE,3750,3800,22
AAPL_AUG_RTH_ARCX_PILLAR_mbp1.dbn.zst,AAPL_AUG_RTH,ARCX.PILLAR,AAPL,RECEIVE,3800,3850,83
AAPL_AUG_RTH_ARCX_PILLAR_mbp1.dbn.zst,AAPL_AUG_RTH,ARCX.PILLAR,AAPL,RECEIVE,3850,3900,43
AAPL_AUG_RTH_ARCX_PILLAR_mbp1.dbn.zst,AAPL_AUG_RTH,ARCX.PILLAR,AAPL,RECEIVE,3900,3950,58
AAPL_AUG_RTH_ARCX_PILLAR_mbp1.dbn.zst,AAPL_AUG_RTH,ARCX.PILLAR,AAPL,RECEIVE,3950,4000,22
AAPL_AUG_RTH_ARCX_PILLAR_mbp1.dbn.zst,AAPL_AUG_RTH,ARCX.PILLAR,AAPL,RECEIVE,4000,4050,17
AAPL_AUG_RTH_ARCX_PILLAR_mbp1.dbn.zst,AAPL_AUG_RTH,ARCX.PILLAR,AAPL,RECEIVE,4050,4100,20
AAPL_AUG_RTH_ARCX_PILLAR_mbp1.dbn.zst,AAPL_AUG_RTH,ARCX.PILLAR,AAPL,RECEIVE,4100,4150,15
AAPL_AUG_RTH_ARCX_PILLAR_mbp1.dbn.zst,AAPL_AUG_RTH,ARCX.PILLAR,AAPL,RECEIVE,4150,4200,14
AAPL_AUG_RTH_ARCX_PILLAR_mbp1.dbn.zst,AAPL_AUG_RTH,ARCX.PILLAR,AAPL,RECEIVE,4200,4250,13
AAPL_AUG_RTH_ARCX_PILLAR_mbp1.dbn.zst,AAPL_AUG_RTH,ARCX.PILLAR,AAPL,RECEIVE,4250,4300,19
AAPL_AUG_RTH_ARCX_PILLAR_mbp1.dbn.zst,AAPL_AUG_RTH,ARCX.PILLAR,AAPL,RECEIVE,4300,4350,9
AAPL_AUG_RTH_ARCX_PILLAR_mbp1.dbn.zst,AAPL_AUG_RTH,ARCX.PILLAR,AAPL,RECEIVE,4350,4400,20
AAPL_AUG_RTH_ARCX_PILLAR_mbp1.dbn.zst,AAPL_AUG_RTH,ARCX.PILLAR,AAPL,RECEIVE,4400,4450,27
AAPL_AUG_RTH_ARCX_PILLAR_mbp1.dbn.zst,AAPL_AUG_RTH,ARCX.PILLAR,AAPL,RECEIVE,4450,4500,12
AAPL_AUG_RTH_ARCX_PILLAR_mbp1.dbn.zst,AAPL_AUG_RTH,ARCX.PILLAR,AAPL,RECEIVE,4500,4550,23
AAPL_AUG_RTH_ARCX_PILLAR_mbp1.dbn.zst,AAPL_AUG_RTH,ARCX.PILLAR,AAPL,RECEIVE,4550,4600,17
AAPL_AUG_RTH_ARCX_PILLAR_mbp1.dbn.zst,AAPL_AUG_RTH,ARCX.PILLAR,AAPL,RECEIVE,4600,4650,14
AAPL_AUG_RTH_ARCX_PILLAR_mbp1.dbn.zst,AAPL_AUG_RTH,ARCX.PILLAR,AAPL,RECEIVE,4650,4700,16
AAPL_AUG_RTH_ARCX_PILLAR_mbp1.dbn.zst,AAPL_AUG_RTH,ARCX.PILLAR,AAPL,RECEIVE,4700,4750,3
AAPL_AUG_RTH_ARCX_PILLAR_mbp1.dbn.zst,AAPL_AUG_RTH,ARCX.PILLAR,AAPL,RECEIVE,4750,4800,11
AAPL_AUG_RTH_ARCX_PILLAR_mbp1.dbn.zst,AAPL_AUG_RTH,ARCX.PILLAR,AAPL,RECEIVE,4800,4850,31
AAPL_AUG_RTH_ARCX_PILLAR_mbp1.dbn.zst,AAPL_AUG_RTH,ARCX.PILLAR,AAPL,RECEIVE,4850,4900,11
AAPL_AUG_RTH_ARCX_PILLAR_mbp1.dbn.zst,AAPL_AUG_RTH,ARCX.PILLAR,AAPL,RECEIVE,4900,4950,53
AAPL_AUG_RTH_ARCX_PILLAR_mbp1.dbn.zst,AAPL_AUG_RTH,ARCX.PILLAR,AAPL,RECEIVE,4950,5000,46
AAPL_AUG_RTH_XNAS_ITCH_mbp1.dbn.zst,AAPL_AUG_RTH,XNAS.ITCH,AAPL,EVENT,-5000,-4950,51
AAPL_AUG_RTH_XNAS_ITCH_mbp1.dbn.zst,AAPL_AUG_RTH,XNAS.ITCH,AAPL,EVENT,-4950,-4900,53
AAPL_AUG_RTH_XNAS_ITCH_mbp1.dbn.zst,AAPL_AUG_RTH,XNAS.ITCH,AAPL,EVENT,-4900,-4850,84
AAPL_AUG_RTH_XNAS_ITCH_mbp1.dbn.zst,AAPL_AUG_RTH,XNAS.ITCH,AAPL,EVENT,-4850,-4800,86
AAPL_AUG_RTH_XNAS_ITCH_mbp1.dbn.zst,AAPL_AUG_RTH,XNAS.ITCH,AAPL,EVENT,-4800,-4750,48
AAPL_AUG_RTH_XNAS_ITCH_mbp1.dbn.zst,AAPL_AUG_RTH,XNAS.ITCH,AAPL,EVENT,-4750,-4700,38
AAPL_AUG_RTH_XNAS_ITCH_mbp1.dbn.zst,AAPL_AUG_RTH,XNAS.ITCH,AAPL,EVENT,-4700,-4650,55
AAPL_AUG_RTH_XNAS_ITCH_mbp1.dbn.zst,AAPL_AUG_RTH,XNAS.ITCH,AAPL,EVENT,-4650,-4600,50
AAPL_AUG_RTH_XNAS_ITCH_mbp1.dbn.zst,AAPL_AUG_RTH,XNAS.ITCH,AAPL,EVENT,-4600,-4550,87
AAPL_AUG_RTH_XNAS_ITCH_mbp1.dbn.zst,AAPL_AUG_RTH,XNAS.ITCH,AAPL,EVENT,-4550,-4500,47
AAPL_AUG_RTH_XNAS_ITCH_mbp1.dbn.zst,AAPL_AUG_RTH,XNAS.ITCH,AAPL,EVENT,-4500,-4450,73
AAPL_AUG_RTH_XNAS_ITCH_mbp1.dbn.zst,AAPL_AUG_RTH,XNAS.ITCH,AAPL,EVENT,-4450,-4400,81
AAPL_AUG_RTH_XNAS_ITCH_mbp1.dbn.zst,AAPL_AUG_RTH,XNAS.ITCH,AAPL,EVENT,-4400,-4350,63
AAPL_AUG_RTH_XNAS_ITCH_mbp1.dbn.zst,AAPL_AUG_RTH,XNAS.ITCH,AAPL,EVENT,-4350,-4300,43
AAPL_AUG_RTH_XNAS_ITCH_mbp1.dbn.zst,AAPL_AUG_RTH,XNAS.ITCH,AAPL,EVENT,-4300,-4250,37
AAPL_AUG_RTH_XNAS_ITCH_mbp1.dbn.zst,AAPL_AUG_RTH,XNAS.ITCH,AAPL,EVENT,-4250,-4200,84
AAPL_AUG_RTH_XNAS_ITCH_mbp1.dbn.zst,AAPL_AUG_RTH,XNAS.ITCH,AAPL,EVENT,-4200,-4150,58
AAPL_AUG_RTH_XNAS_ITCH_mbp1.dbn.zst,AAPL_AUG_RTH,XNAS.ITCH,AAPL,EVENT,-4150,-4100,54
AAPL_AUG_RTH_XNAS_ITCH_mbp1.dbn.zst,AAPL_AUG_RTH,XNAS.ITCH,AAPL,EVENT,-4100,-4050,37
AAPL_AUG_RTH_XNAS_ITCH_mbp1.dbn.zst,AAPL_AUG_RTH,XNAS.ITCH,AAPL,EVENT,-4050,-4000,64
AAPL_AUG_RTH_XNAS_ITCH_mbp1.dbn.zst,AAPL_AUG_RTH,XNAS.ITCH,AAPL,EVENT,-4000,-3950,59
AAPL_AUG_RTH_XNAS_ITCH_mbp1.dbn.zst,AAPL_AUG_RTH,XNAS.ITCH,AAPL,EVENT,-3950,-3900,26
AAPL_AUG_RTH_XNAS_ITCH_mbp1.dbn.zst,AAPL_AUG_RTH,XNAS.ITCH,AAPL,EVENT,-3900,-3850,127
AAPL_AUG_RTH_XNAS_ITCH_mbp1.dbn.zst,AAPL_AUG_RTH,XNAS.ITCH,AAPL,EVENT,-3850,-3800,71
AAPL_AUG_RTH_XNAS_ITCH_mbp1.dbn.zst,AAPL_AUG_RTH,XNAS.ITCH,AAPL,EVENT,-3800,-3750,67
AAPL_AUG_RTH_XNAS_ITCH_mbp1.dbn.zst,AAPL_AUG_RTH,XNAS.ITCH,AAPL,EVENT,-3750,-3700,61
AAPL_AUG_RTH_XNAS_ITCH_mbp1.dbn.zst,AAPL_AUG_RTH,XNAS.ITCH,AAPL,EVENT,-3700,-3650,31
AAPL_AUG_RTH_XNAS_ITCH_mbp1.dbn.zst,AAPL_AUG_RTH,XNAS.ITCH,AAPL,EVENT,-3650,-3600,41
AAPL_AUG_RTH_XNAS_ITCH_mbp1.dbn.zst,AAPL_AUG_RTH,XNAS.ITCH,AAPL,EVENT,-3600,-3550,31
AAPL_AUG_RTH_XNAS_ITCH_mbp1.dbn.zst,AAPL_AUG_RTH,XNAS.ITCH,AAPL,EVENT,-3550,-3500,28
AAPL_AUG_RTH_XNAS_ITCH_mbp1.dbn.zst,AAPL_AUG_RTH,XNAS.ITCH,AAPL,EVENT,-3500,-3450,74
AAPL_AUG_RTH_XNAS_ITCH_mbp1.dbn.zst,AAPL_AUG_RTH,XNAS.ITCH,AAPL,EVENT,-3450,-3400,60
AAPL_AUG_RTH_XNAS_ITCH_mbp1.dbn.zst,AAPL_AUG_RTH,XNAS.ITCH,AAPL,EVENT,-3400,-3350,29
AAPL_AUG_RTH_XNAS_ITCH_mbp1.dbn.zst,AAPL_AUG_RTH,XNAS.ITCH,AAPL,EVENT,-3350,-3300,48
AAPL_AUG_RTH_XNAS_ITCH_mbp1.dbn.zst,AAPL_AUG_RTH,XNAS.ITCH,AAPL,EVENT,-3300,-3250,96
AAPL_AUG_RTH_XNAS_ITCH_mbp1.dbn.zst,AAPL_AUG_RTH,XNAS.ITCH,AAPL,EVENT,-3250,-3200,88
AAPL_AUG_RTH_XNAS_ITCH_mbp1.dbn.zst,AAPL_AUG_RTH,XNAS.ITCH,AAPL,EVENT,-3200,-3150,151
AAPL_AUG_RTH_XNAS_ITCH_mbp1.dbn.zst,AAPL_AUG_RTH,XNAS.ITCH,AAPL,EVENT,-3150,-3100,88
AAPL_AUG_RTH_XNAS_ITCH_mbp1.dbn.zst,AAPL_AUG_RTH,XNAS.ITCH,AAPL,EVENT,-3100,-3050,73
AAPL_AUG_RTH_XNAS_ITCH_mbp1.dbn.zst,AAPL_AUG_RTH,XNAS.ITCH,AAPL,EVENT,-3050,-3000,37
AAPL_AUG_RTH_XNAS_ITCH_mbp1.dbn.zst,AAPL_AUG_RTH,XNAS.ITCH,AAPL,EVENT,-3000,-2950,65
AAPL_AUG_RTH_XNAS_ITCH_mbp1.dbn.zst,AAPL_AUG_RTH,XNAS.ITCH,AAPL,EVENT,-2950,-2900,115
AAPL_AUG_RTH_XNAS_ITCH_mbp1.dbn.zst,AAPL_AUG_RTH,XNAS.ITCH,AAPL,EVENT,-2900,-2850,46
AAPL_AUG_RTH_XNAS_ITCH_mbp1.dbn.zst,AAPL_AUG_RTH,XNAS.ITCH,AAPL,EVENT,-2850,-2800,34
AAPL_AUG_RTH_XNAS_ITCH_mbp1.dbn.zst,AAPL_AUG_RTH,XNAS.ITCH,AAPL,EVENT,-2800,-2750,46
AAPL_AUG_RTH_XNAS_ITCH_mbp1.dbn.zst,AAPL_AUG_RTH,XNAS.ITCH,AAPL,EVENT,-2750,-2700,51
AAPL_AUG_RTH_XNAS_ITCH_mbp1.dbn.zst,AAPL_AUG_RTH,XNAS.ITCH,AAPL,EVENT,-2700,-2650,87
AAPL_AUG_RTH_XNAS_ITCH_mbp1.dbn.zst,AAPL_AUG_RTH,XNAS.ITCH,AAPL,EVENT,-2650,-2600,40
AAPL_AUG_RTH_XNAS_ITCH_mbp1.dbn.zst,AAPL_AUG_RTH,XNAS.ITCH,AAPL,EVENT,-2600,-2550,28
AAPL_AUG_RTH_XNAS_ITCH_mbp1.dbn.zst,AAPL_AUG_RTH,XNAS.ITCH,AAPL,EVENT,-2550,-2500,54
AAPL_AUG_RTH_XNAS_ITCH_mbp1.dbn.zst,AAPL_AUG_RTH,XNAS.ITCH,AAPL,EVENT,-2500,-2450,46
AAPL_AUG_RTH_XNAS_ITCH_mbp1.dbn.zst,AAPL_AUG_RTH,XNAS.ITCH,AAPL,EVENT,-2450,-2400,47
AAPL_AUG_RTH_XNAS_ITCH_mbp1.dbn.zst,AAPL_AUG_RTH,XNAS.ITCH,AAPL,EVENT,-2400,-2350,41
AAPL_AUG_RTH_XNAS_ITCH_mbp1.dbn.zst,AAPL_AUG_RTH,XNAS.ITCH,AAPL,EVENT,-2350,-2300,45
AAPL_AUG_RTH_XNAS_ITCH_mbp1.dbn.zst,AAPL_AUG_RTH,XNAS.ITCH,AAPL,EVENT,-2300,-2250,42
AAPL_AUG_RTH_XNAS_ITCH_mbp1.dbn.zst,AAPL_AUG_RTH,XNAS.ITCH,AAPL,EVENT,-2250,-2200,57
AAPL_AUG_RTH_XNAS_ITCH_mbp1.dbn.zst,AAPL_AUG_RTH,XNAS.ITCH,AAPL,EVENT,-2200,-2150,88
AAPL_AUG_RTH_XNAS_ITCH_mbp1.dbn.zst,AAPL_AUG_RTH,XNAS.ITCH,AAPL,EVENT,-2150,-2100,82
AAPL_AUG_RTH_XNAS_ITCH_mbp1.dbn.zst,AAPL_AUG_RTH,XNAS.ITCH,AAPL,EVENT,-2100,-2050,43
AAPL_AUG_RTH_XNAS_ITCH_mbp1.dbn.zst,AAPL_AUG_RTH,XNAS.ITCH,AAPL,EVENT,-2050,-2000,53
AAPL_AUG_RTH_XNAS_ITCH_mbp1.dbn.zst,AAPL_AUG_RTH,XNAS.ITCH,AAPL,EVENT,-2000,-1950,73
AAPL_AUG_RTH_XNAS_ITCH_mbp1.dbn.zst,AAPL_AUG_RTH,XNAS.ITCH,AAPL,EVENT,-1950,-1900,82
AAPL_AUG_RTH_XNAS_ITCH_mbp1.dbn.zst,AAPL_AUG_RTH,XNAS.ITCH,AAPL,EVENT,-1900,-1850,72
AAPL_AUG_RTH_XNAS_ITCH_mbp1.dbn.zst,AAPL_AUG_RTH,XNAS.ITCH,AAPL,EVENT,-1850,-1800,80
AAPL_AUG_RTH_XNAS_ITCH_mbp1.dbn.zst,AAPL_AUG_RTH,XNAS.ITCH,AAPL,EVENT,-1800,-1750,62
AAPL_AUG_RTH_XNAS_ITCH_mbp1.dbn.zst,AAPL_AUG_RTH,XNAS.ITCH,AAPL,EVENT,-1750,-1700,102
AAPL_AUG_RTH_XNAS_ITCH_mbp1.dbn.zst,AAPL_AUG_RTH,XNAS.ITCH,AAPL,EVENT,-1700,-1650,36
AAPL_AUG_RTH_XNAS_ITCH_mbp1.dbn.zst,AAPL_AUG_RTH,XNAS.ITCH,AAPL,EVENT,-1650,-1600,81
AAPL_AUG_RTH_XNAS_ITCH_mbp1.dbn.zst,AAPL_AUG_RTH,XNAS.ITCH,AAPL,EVENT,-1600,-1550,84
AAPL_AUG_RTH_XNAS_ITCH_mbp1.dbn.zst,AAPL_AUG_RTH,XNAS.ITCH,AAPL,EVENT,-1550,-1500,95
AAPL_AUG_RTH_XNAS_ITCH_mbp1.dbn.zst,AAPL_AUG_RTH,XNAS.ITCH,AAPL,EVENT,-1500,-1450,363
AAPL_AUG_RTH_XNAS_ITCH_mbp1.dbn.zst,AAPL_AUG_RTH,XNAS.ITCH,AAPL,EVENT,-1450,-1400,124
AAPL_AUG_RTH_XNAS_ITCH_mbp1.dbn.zst,AAPL_AUG_RTH,XNAS.ITCH,AAPL,EVENT,-1400,-1350,161
AAPL_AUG_RTH_XNAS_ITCH_mbp1.dbn.zst,AAPL_AUG_RTH,XNAS.ITCH,AAPL,EVENT,-1350,-1300,117
AAPL_AUG_RTH_XNAS_ITCH_mbp1.dbn.zst,AAPL_AUG_RTH,XNAS.ITCH,AAPL,EVENT,-1300,-1250,172
AAPL_AUG_RTH_XNAS_ITCH_mbp1.dbn.zst,AAPL_AUG_RTH,XNAS.ITCH,AAPL,EVENT,-1250,-1200,137
AAPL_AUG_RTH_XNAS_ITCH_mbp1.dbn.zst,AAPL_AUG_RTH,XNAS.ITCH,AAPL,EVENT,-1200,-1150,113
AAPL_AUG_RTH_XNAS_ITCH_mbp1.dbn.zst,AAPL_AUG_RTH,XNAS.ITCH,AAPL,EVENT,-1150,-1100,110
AAPL_AUG_RTH_XNAS_ITCH_mbp1.dbn.zst,AAPL_AUG_RTH,XNAS.ITCH,AAPL,EVENT,-1100,-1050,100
AAPL_AUG_RTH_XNAS_ITCH_mbp1.dbn.zst,AAPL_AUG_RTH,XNAS.ITCH,AAPL,EVENT,-1050,-1000,157
AAPL_AUG_RTH_XNAS_ITCH_mbp1.dbn.zst,AAPL_AUG_RTH,XNAS.ITCH,AAPL,EVENT,-1000,-950,306
AAPL_AUG_RTH_XNAS_ITCH_mbp1.dbn.zst,AAPL_AUG_RTH,XNAS.ITCH,AAPL,EVENT,-950,-900,94
AAPL_AUG_RTH_XNAS_ITCH_mbp1.dbn.zst,AAPL_AUG_RTH,XNAS.ITCH,AAPL,EVENT,-900,-850,100
AAPL_AUG_RTH_XNAS_ITCH_mbp1.dbn.zst,AAPL_AUG_RTH,XNAS.ITCH,AAPL,EVENT,-850,-800,177
AAPL_AUG_RTH_XNAS_ITCH_mbp1.dbn.zst,AAPL_AUG_RTH,XNAS.ITCH,AAPL,EVENT,-800,-750,211
AAPL_AUG_RTH_XNAS_ITCH_mbp1.dbn.zst,AAPL_AUG_RTH,XNAS.ITCH,AAPL,EVENT,-750,-700,185
AAPL_AUG_RTH_XNAS_ITCH_mbp1.dbn.zst,AAPL_AUG_RTH,XNAS.ITCH,AAPL,EVENT,-700,-650,265
AAPL_AUG_RTH_XNAS_ITCH_mbp1.dbn.zst,AAPL_AUG_RTH,XNAS.ITCH,AAPL,EVENT,-650,-600,172
AAPL_AUG_RTH_XNAS_ITCH_mbp1.dbn.zst,AAPL_AUG_RTH,XNAS.ITCH,AAPL,EVENT,-600,-550,135
AAPL_AUG_RTH_XNAS_ITCH_mbp1.dbn.zst,AAPL_AUG_RTH,XNAS.ITCH,AAPL,EVENT,-550,-500,224
AAPL_AUG_RTH_XNAS_ITCH_mbp1.dbn.zst,AAPL_AUG_RTH,XNAS.ITCH,AAPL,EVENT,-500,-450,232
AAPL_AUG_RTH_XNAS_ITCH_mbp1.dbn.zst,AAPL_AUG_RTH,XNAS.ITCH,AAPL,EVENT,-450,-400,339
AAPL_AUG_RTH_XNAS_ITCH_mbp1.dbn.zst,AAPL_AUG_RTH,XNAS.ITCH,AAPL,EVENT,-400,-350,334
AAPL_AUG_RTH_XNAS_ITCH_mbp1.dbn.zst,AAPL_AUG_RTH,XNAS.ITCH,AAPL,EVENT,-350,-300,235
AAPL_AUG_RTH_XNAS_ITCH_mbp1.dbn.zst,AAPL_AUG_RTH,XNAS.ITCH,AAPL,EVENT,-300,-250,388
AAPL_AUG_RTH_XNAS_ITCH_mbp1.dbn.zst,AAPL_AUG_RTH,XNAS.ITCH,AAPL,EVENT,-250,-200,745
AAPL_AUG_RTH_XNAS_ITCH_mbp1.dbn.zst,AAPL_AUG_RTH,XNAS.ITCH,AAPL,EVENT,-200,-150,706
AAPL_AUG_RTH_XNAS_ITCH_mbp1.dbn.zst,AAPL_AUG_RTH,XNAS.ITCH,AAPL,EVENT,-150,-100,909
AAPL_AUG_RTH_XNAS_ITCH_mbp1.dbn.zst,AAPL_AUG_RTH,XNAS.ITCH,AAPL,EVENT,-100,-50,1348
AAPL_AUG_RTH_XNAS_ITCH_mbp1.dbn.zst,AAPL_AUG_RTH,XNAS.ITCH,AAPL,EVENT,-50,0,1349
AAPL_AUG_RTH_XNAS_ITCH_mbp1.dbn.zst,AAPL_AUG_RTH,XNAS.ITCH,AAPL,EVENT,0,50,429
AAPL_AUG_RTH_XNAS_ITCH_mbp1.dbn.zst,AAPL_AUG_RTH,XNAS.ITCH,AAPL,EVENT,50,100,300
AAPL_AUG_RTH_XNAS_ITCH_mbp1.dbn.zst,AAPL_AUG_RTH,XNAS.ITCH,AAPL,EVENT,100,150,271
AAPL_AUG_RTH_XNAS_ITCH_mbp1.dbn.zst,AAPL_AUG_RTH,XNAS.ITCH,AAPL,EVENT,150,200,144
AAPL_AUG_RTH_XNAS_ITCH_mbp1.dbn.zst,AAPL_AUG_RTH,XNAS.ITCH,AAPL,EVENT,200,250,192
AAPL_AUG_RTH_XNAS_ITCH_mbp1.dbn.zst,AAPL_AUG_RTH,XNAS.ITCH,AAPL,EVENT,250,300,217
AAPL_AUG_RTH_XNAS_ITCH_mbp1.dbn.zst,AAPL_AUG_RTH,XNAS.ITCH,AAPL,EVENT,300,350,199
AAPL_AUG_RTH_XNAS_ITCH_mbp1.dbn.zst,AAPL_AUG_RTH,XNAS.ITCH,AAPL,EVENT,350,400,137
AAPL_AUG_RTH_XNAS_ITCH_mbp1.dbn.zst,AAPL_AUG_RTH,XNAS.ITCH,AAPL,EVENT,400,450,95
AAPL_AUG_RTH_XNAS_ITCH_mbp1.dbn.zst,AAPL_AUG_RTH,XNAS.ITCH,AAPL,EVENT,450,500,214
AAPL_AUG_RTH_XNAS_ITCH_mbp1.dbn.zst,AAPL_AUG_RTH,XNAS.ITCH,AAPL,EVENT,500,550,135
AAPL_AUG_RTH_XNAS_ITCH_mbp1.dbn.zst,AAPL_AUG_RTH,XNAS.ITCH,AAPL,EVENT,550,600,122
AAPL_AUG_RTH_XNAS_ITCH_mbp1.dbn.zst,AAPL_AUG_RTH,XNAS.ITCH,AAPL,EVENT,600,650,107
AAPL_AUG_RTH_XNAS_ITCH_mbp1.dbn.zst,AAPL_AUG_RTH,XNAS.ITCH,AAPL,EVENT,650,700,142
AAPL_AUG_RTH_XNAS_ITCH_mbp1.dbn.zst,AAPL_AUG_RTH,XNAS.ITCH,AAPL,EVENT,700,750,135
AAPL_AUG_RTH_XNAS_ITCH_mbp1.dbn.zst,AAPL_AUG_RTH,XNAS.ITCH,AAPL,EVENT,750,800,131
AAPL_AUG_RTH_XNAS_ITCH_mbp1.dbn.zst,AAPL_AUG_RTH,XNAS.ITCH,AAPL,EVENT,800,850,138
AAPL_AUG_RTH_XNAS_ITCH_mbp1.dbn.zst,AAPL_AUG_RTH,XNAS.ITCH,AAPL,EVENT,850,900,84
AAPL_AUG_RTH_XNAS_ITCH_mbp1.dbn.zst,AAPL_AUG_RTH,XNAS.ITCH,AAPL,EVENT,900,950,109
AAPL_AUG_RTH_XNAS_ITCH_mbp1.dbn.zst,AAPL_AUG_RTH,XNAS.ITCH,AAPL,EVENT,950,1000,105
AAPL_AUG_RTH_XNAS_ITCH_mbp1.dbn.zst,AAPL_AUG_RTH,XNAS.ITCH,AAPL,EVENT,1000,1050,233
AAPL_AUG_RTH_XNAS_ITCH_mbp1.dbn.zst,AAPL_AUG_RTH,XNAS.ITCH,AAPL,EVENT,1050,1100,69
AAPL_AUG_RTH_XNAS_ITCH_mbp1.dbn.zst,AAPL_AUG_RTH,XNAS.ITCH,AAPL,EVENT,1100,1150,136
AAPL_AUG_RTH_XNAS_ITCH_mbp1.dbn.zst,AAPL_AUG_RTH,XNAS.ITCH,AAPL,EVENT,1150,1200,77
AAPL_AUG_RTH_XNAS_ITCH_mbp1.dbn.zst,AAPL_AUG_RTH,XNAS.ITCH,AAPL,EVENT,1200,1250,85
AAPL_AUG_RTH_XNAS_ITCH_mbp1.dbn.zst,AAPL_AUG_RTH,XNAS.ITCH,AAPL,EVENT,1250,1300,108
AAPL_AUG_RTH_XNAS_ITCH_mbp1.dbn.zst,AAPL_AUG_RTH,XNAS.ITCH,AAPL,EVENT,1300,1350,104
AAPL_AUG_RTH_XNAS_ITCH_mbp1.dbn.zst,AAPL_AUG_RTH,XNAS.ITCH,AAPL,EVENT,1350,1400,95
AAPL_AUG_RTH_XNAS_ITCH_mbp1.dbn.zst,AAPL_AUG_RTH,XNAS.ITCH,AAPL,EVENT,1400,1450,120
AAPL_AUG_RTH_XNAS_ITCH_mbp1.dbn.zst,AAPL_AUG_RTH,XNAS.ITCH,AAPL,EVENT,1450,1500,109
AAPL_AUG_RTH_XNAS_ITCH_mbp1.dbn.zst,AAPL_AUG_RTH,XNAS.ITCH,AAPL,EVENT,1500,1550,34
AAPL_AUG_RTH_XNAS_ITCH_mbp1.dbn.zst,AAPL_AUG_RTH,XNAS.ITCH,AAPL,EVENT,1550,1600,102
AAPL_AUG_RTH_XNAS_ITCH_mbp1.dbn.zst,AAPL_AUG_RTH,XNAS.ITCH,AAPL,EVENT,1600,1650,197
AAPL_AUG_RTH_XNAS_ITCH_mbp1.dbn.zst,AAPL_AUG_RTH,XNAS.ITCH,AAPL,EVENT,1650,1700,58
AAPL_AUG_RTH_XNAS_ITCH_mbp1.dbn.zst,AAPL_AUG_RTH,XNAS.ITCH,AAPL,EVENT,1700,1750,171
AAPL_AUG_RTH_XNAS_ITCH_mbp1.dbn.zst,AAPL_AUG_RTH,XNAS.ITCH,AAPL,EVENT,1750,1800,71
AAPL_AUG_RTH_XNAS_ITCH_mbp1.dbn.zst,AAPL_AUG_RTH,XNAS.ITCH,AAPL,EVENT,1800,1850,107
AAPL_AUG_RTH_XNAS_ITCH_mbp1.dbn.zst,AAPL_AUG_RTH,XNAS.ITCH,AAPL,EVENT,1850,1900,79
AAPL_AUG_RTH_XNAS_ITCH_mbp1.dbn.zst,AAPL_AUG_RTH,XNAS.ITCH,AAPL,EVENT,1900,1950,66
AAPL_AUG_RTH_XNAS_ITCH_mbp1.dbn.zst,AAPL_AUG_RTH,XNAS.ITCH,AAPL,EVENT,1950,2000,63
AAPL_AUG_RTH_XNAS_ITCH_mbp1.dbn.zst,AAPL_AUG_RTH,XNAS.ITCH,AAPL,EVENT,2000,2050,128
AAPL_AUG_RTH_XNAS_ITCH_mbp1.dbn.zst,AAPL_AUG_RTH,XNAS.ITCH,AAPL,EVENT,2050,2100,89
AAPL_AUG_RTH_XNAS_ITCH_mbp1.dbn.zst,AAPL_AUG_RTH,XNAS.ITCH,AAPL,EVENT,2100,2150,83
AAPL_AUG_RTH_XNAS_ITCH_mbp1.dbn.zst,AAPL_AUG_RTH,XNAS.ITCH,AAPL,EVENT,2150,2200,47
AAPL_AUG_RTH_XNAS_ITCH_mbp1.dbn.zst,AAPL_AUG_RTH,XNAS.ITCH,AAPL,EVENT,2200,2250,55
AAPL_AUG_RTH_XNAS_ITCH_mbp1.dbn.zst,AAPL_AUG_RTH,XNAS.ITCH,AAPL,EVENT,2250,2300,106
AAPL_AUG_RTH_XNAS_ITCH_mbp1.dbn.zst,AAPL_AUG_RTH,XNAS.ITCH,AAPL,EVENT,2300,2350,35
AAPL_AUG_RTH_XNAS_ITCH_mbp1.dbn.zst,AAPL_AUG_RTH,XNAS.ITCH,AAPL,EVENT,2350,2400,125
AAPL_AUG_RTH_XNAS_ITCH_mbp1.dbn.zst,AAPL_AUG_RTH,XNAS.ITCH,AAPL,EVENT,2400,2450,65
AAPL_AUG_RTH_XNAS_ITCH_mbp1.dbn.zst,AAPL_AUG_RTH,XNAS.ITCH,AAPL,EVENT,2450,2500,143
AAPL_AUG_RTH_XNAS_ITCH_mbp1.dbn.zst,AAPL_AUG_RTH,XNAS.ITCH,AAPL,EVENT,2500,2550,105
AAPL_AUG_RTH_XNAS_ITCH_mbp1.dbn.zst,AAPL_AUG_RTH,XNAS.ITCH,AAPL,EVENT,2550,2600,40
AAPL_AUG_RTH_XNAS_ITCH_mbp1.dbn.zst,AAPL_AUG_RTH,XNAS.ITCH,AAPL,EVENT,2600,2650,100
AAPL_AUG_RTH_XNAS_ITCH_mbp1.dbn.zst,AAPL_AUG_RTH,XNAS.ITCH,AAPL,EVENT,2650,2700,104
AAPL_AUG_RTH_XNAS_ITCH_mbp1.dbn.zst,AAPL_AUG_RTH,XNAS.ITCH,AAPL,EVENT,2700,2750,56
AAPL_AUG_RTH_XNAS_ITCH_mbp1.dbn.zst,AAPL_AUG_RTH,XNAS.ITCH,AAPL,EVENT,2750,2800,64
AAPL_AUG_RTH_XNAS_ITCH_mbp1.dbn.zst,AAPL_AUG_RTH,XNAS.ITCH,AAPL,EVENT,2800,2850,30
AAPL_AUG_RTH_XNAS_ITCH_mbp1.dbn.zst,AAPL_AUG_RTH,XNAS.ITCH,AAPL,EVENT,2850,2900,45
AAPL_AUG_RTH_XNAS_ITCH_mbp1.dbn.zst,AAPL_AUG_RTH,XNAS.ITCH,AAPL,EVENT,2900,2950,44
AAPL_AUG_RTH_XNAS_ITCH_mbp1.dbn.zst,AAPL_AUG_RTH,XNAS.ITCH,AAPL,EVENT,2950,3000,52
AAPL_AUG_RTH_XNAS_ITCH_mbp1.dbn.zst,AAPL_AUG_RTH,XNAS.ITCH,AAPL,EVENT,3000,3050,44
AAPL_AUG_RTH_XNAS_ITCH_mbp1.dbn.zst,AAPL_AUG_RTH,XNAS.ITCH,AAPL,EVENT,3050,3100,43
AAPL_AUG_RTH_XNAS_ITCH_mbp1.dbn.zst,AAPL_AUG_RTH,XNAS.ITCH,AAPL,EVENT,3100,3150,81
AAPL_AUG_RTH_XNAS_ITCH_mbp1.dbn.zst,AAPL_AUG_RTH,XNAS.ITCH,AAPL,EVENT,3150,3200,49
AAPL_AUG_RTH_XNAS_ITCH_mbp1.dbn.zst,AAPL_AUG_RTH,XNAS.ITCH,AAPL,EVENT,3200,3250,124
AAPL_AUG_RTH_XNAS_ITCH_mbp1.dbn.zst,AAPL_AUG_RTH,XNAS.ITCH,AAPL,EVENT,3250,3300,39
AAPL_AUG_RTH_XNAS_ITCH_mbp1.dbn.zst,AAPL_AUG_RTH,XNAS.ITCH,AAPL,EVENT,3300,3350,57
AAPL_AUG_RTH_XNAS_ITCH_mbp1.dbn.zst,AAPL_AUG_RTH,XNAS.ITCH,AAPL,EVENT,3350,3400,26
AAPL_AUG_RTH_XNAS_ITCH_mbp1.dbn.zst,AAPL_AUG_RTH,XNAS.ITCH,AAPL,EVENT,3400,3450,35
AAPL_AUG_RTH_XNAS_ITCH_mbp1.dbn.zst,AAPL_AUG_RTH,XNAS.ITCH,AAPL,EVENT,3450,3500,39
AAPL_AUG_RTH_XNAS_ITCH_mbp1.dbn.zst,AAPL_AUG_RTH,XNAS.ITCH,AAPL,EVENT,3500,3550,29
AAPL_AUG_RTH_XNAS_ITCH_mbp1.dbn.zst,AAPL_AUG_RTH,XNAS.ITCH,AAPL,EVENT,3550,3600,45
AAPL_AUG_RTH_XNAS_ITCH_mbp1.dbn.zst,AAPL_AUG_RTH,XNAS.ITCH,AAPL,EVENT,3600,3650,61
AAPL_AUG_RTH_XNAS_ITCH_mbp1.dbn.zst,AAPL_AUG_RTH,XNAS.ITCH,AAPL,EVENT,3650,3700,44
AAPL_AUG_RTH_XNAS_ITCH_mbp1.dbn.zst,AAPL_AUG_RTH,XNAS.ITCH,AAPL,EVENT,3700,3750,57
AAPL_AUG_RTH_XNAS_ITCH_mbp1.dbn.zst,AAPL_AUG_RTH,XNAS.ITCH,AAPL,EVENT,3750,3800,63
AAPL_AUG_RTH_XNAS_ITCH_mbp1.dbn.zst,AAPL_AUG_RTH,XNAS.ITCH,AAPL,EVENT,3800,3850,74
AAPL_AUG_RTH_XNAS_ITCH_mbp1.dbn.zst,AAPL_AUG_RTH,XNAS.ITCH,AAPL,EVENT,3850,3900,81
AAPL_AUG_RTH_XNAS_ITCH_mbp1.dbn.zst,AAPL_AUG_RTH,XNAS.ITCH,AAPL,EVENT,3900,3950,74
AAPL_AUG_RTH_XNAS_ITCH_mbp1.dbn.zst,AAPL_AUG_RTH,XNAS.ITCH,AAPL,EVENT,3950,4000,85
AAPL_AUG_RTH_XNAS_ITCH_mbp1.dbn.zst,AAPL_AUG_RTH,XNAS.ITCH,AAPL,EVENT,4000,4050,66
AAPL_AUG_RTH_XNAS_ITCH_mbp1.dbn.zst,AAPL_AUG_RTH,XNAS.ITCH,AAPL,EVENT,4050,4100,69
AAPL_AUG_RTH_XNAS_ITCH_mbp1.dbn.zst,AAPL_AUG_RTH,XNAS.ITCH,AAPL,EVENT,4100,4150,62
AAPL_AUG_RTH_XNAS_ITCH_mbp1.dbn.zst,AAPL_AUG_RTH,XNAS.ITCH,AAPL,EVENT,4150,4200,70
AAPL_AUG_RTH_XNAS_ITCH_mbp1.dbn.zst,AAPL_AUG_RTH,XNAS.ITCH,AAPL,EVENT,4200,4250,23
AAPL_AUG_RTH_XNAS_ITCH_mbp1.dbn.zst,AAPL_AUG_RTH,XNAS.ITCH,AAPL,EVENT,4250,4300,30
AAPL_AUG_RTH_XNAS_ITCH_mbp1.dbn.zst,AAPL_AUG_RTH,XNAS.ITCH,AAPL,EVENT,4300,4350,84
AAPL_AUG_RTH_XNAS_ITCH_mbp1.dbn.zst,AAPL_AUG_RTH,XNAS.ITCH,AAPL,EVENT,4350,4400,29
AAPL_AUG_RTH_XNAS_ITCH_mbp1.dbn.zst,AAPL_AUG_RTH,XNAS.ITCH,AAPL,EVENT,4400,4450,54
AAPL_AUG_RTH_XNAS_ITCH_mbp1.dbn.zst,AAPL_AUG_RTH,XNAS.ITCH,AAPL,EVENT,4450,4500,88
AAPL_AUG_RTH_XNAS_ITCH_mbp1.dbn.zst,AAPL_AUG_RTH,XNAS.ITCH,AAPL,EVENT,4500,4550,34
AAPL_AUG_RTH_XNAS_ITCH_mbp1.dbn.zst,AAPL_AUG_RTH,XNAS.ITCH,AAPL,EVENT,4550,4600,52
AAPL_AUG_RTH_XNAS_ITCH_mbp1.dbn.zst,AAPL_AUG_RTH,XNAS.ITCH,AAPL,EVENT,4600,4650,11
AAPL_AUG_RTH_XNAS_ITCH_mbp1.dbn.zst,AAPL_AUG_RTH,XNAS.ITCH,AAPL,EVENT,4650,4700,35
AAPL_AUG_RTH_XNAS_ITCH_mbp1.dbn.zst,AAPL_AUG_RTH,XNAS.ITCH,AAPL,EVENT,4700,4750,62
AAPL_AUG_RTH_XNAS_ITCH_mbp1.dbn.zst,AAPL_AUG_RTH,XNAS.ITCH,AAPL,EVENT,4750,4800,36
AAPL_AUG_RTH_XNAS_ITCH_mbp1.dbn.zst,AAPL_AUG_RTH,XNAS.ITCH,AAPL,EVENT,4800,4850,42
AAPL_AUG_RTH_XNAS_ITCH_mbp1.dbn.zst,AAPL_AUG_RTH,XNAS.ITCH,AAPL,EVENT,4850,4900,42
AAPL_AUG_RTH_XNAS_ITCH_mbp1.dbn.zst,AAPL_AUG_RTH,XNAS.ITCH,AAPL,EVENT,4900,4950,38
AAPL_AUG_RTH_XNAS_ITCH_mbp1.dbn.zst,AAPL_AUG_RTH,XNAS.ITCH,AAPL,EVENT,4950,5000,39
AAPL_AUG_RTH_XNAS_ITCH_mbp1.dbn.zst,AAPL_AUG_RTH,XNAS.ITCH,AAPL,RECEIVE,-5000,-4950,33
AAPL_AUG_RTH_XNAS_ITCH_mbp1.dbn.zst,AAPL_AUG_RTH,XNAS.ITCH,AAPL,RECEIVE,-4950,-4900,59
AAPL_AUG_RTH_XNAS_ITCH_mbp1.dbn.zst,AAPL_AUG_RTH,XNAS.ITCH,AAPL,RECEIVE,-4900,-4850,105
AAPL_AUG_RTH_XNAS_ITCH_mbp1.dbn.zst,AAPL_AUG_RTH,XNAS.ITCH,AAPL,RECEIVE,-4850,-4800,77
AAPL_AUG_RTH_XNAS_ITCH_mbp1.dbn.zst,AAPL_AUG_RTH,XNAS.ITCH,AAPL,RECEIVE,-4800,-4750,50
AAPL_AUG_RTH_XNAS_ITCH_mbp1.dbn.zst,AAPL_AUG_RTH,XNAS.ITCH,AAPL,RECEIVE,-4750,-4700,37
AAPL_AUG_RTH_XNAS_ITCH_mbp1.dbn.zst,AAPL_AUG_RTH,XNAS.ITCH,AAPL,RECEIVE,-4700,-4650,50
AAPL_AUG_RTH_XNAS_ITCH_mbp1.dbn.zst,AAPL_AUG_RTH,XNAS.ITCH,AAPL,RECEIVE,-4650,-4600,54
AAPL_AUG_RTH_XNAS_ITCH_mbp1.dbn.zst,AAPL_AUG_RTH,XNAS.ITCH,AAPL,RECEIVE,-4600,-4550,100
AAPL_AUG_RTH_XNAS_ITCH_mbp1.dbn.zst,AAPL_AUG_RTH,XNAS.ITCH,AAPL,RECEIVE,-4550,-4500,66
AAPL_AUG_RTH_XNAS_ITCH_mbp1.dbn.zst,AAPL_AUG_RTH,XNAS.ITCH,AAPL,RECEIVE,-4500,-4450,55
AAPL_AUG_RTH_XNAS_ITCH_mbp1.dbn.zst,AAPL_AUG_RTH,XNAS.ITCH,AAPL,RECEIVE,-4450,-4400,33
AAPL_AUG_RTH_XNAS_ITCH_mbp1.dbn.zst,AAPL_AUG_RTH,XNAS.ITCH,AAPL,RECEIVE,-4400,-4350,92
AAPL_AUG_RTH_XNAS_ITCH_mbp1.dbn.zst,AAPL_AUG_RTH,XNAS.ITCH,AAPL,RECEIVE,-4350,-4300,51
AAPL_AUG_RTH_XNAS_ITCH_mbp1.dbn.zst,AAPL_AUG_RTH,XNAS.ITCH,AAPL,RECEIVE,-4300,-4250,56
AAPL_AUG_RTH_XNAS_ITCH_mbp1.dbn.zst,AAPL_AUG_RTH,XNAS.ITCH,AAPL,RECEIVE,-4250,-4200,65
AAPL_AUG_RTH_XNAS_ITCH_mbp1.dbn.zst,AAPL_AUG_RTH,XNAS.ITCH,AAPL,RECEIVE,-4200,-4150,52
AAPL_AUG_RTH_XNAS_ITCH_mbp1.dbn.zst,AAPL_AUG_RTH,XNAS.ITCH,AAPL,RECEIVE,-4150,-4100,50
AAPL_AUG_RTH_XNAS_ITCH_mbp1.dbn.zst,AAPL_AUG_RTH,XNAS.ITCH,AAPL,RECEIVE,-4100,-4050,45
AAPL_AUG_RTH_XNAS_ITCH_mbp1.dbn.zst,AAPL_AUG_RTH,XNAS.ITCH,AAPL,RECEIVE,-4050,-4000,57
AAPL_AUG_RTH_XNAS_ITCH_mbp1.dbn.zst,AAPL_AUG_RTH,XNAS.ITCH,AAPL,RECEIVE,-4000,-3950,62
AAPL_AUG_RTH_XNAS_ITCH_mbp1.dbn.zst,AAPL_AUG_RTH,XNAS.ITCH,AAPL,RECEIVE,-3950,-3900,36
AAPL_AUG_RTH_XNAS_ITCH_mbp1.dbn.zst,AAPL_AUG_RTH,XNAS.ITCH,AAPL,RECEIVE,-3900,-3850,91
AAPL_AUG_RTH_XNAS_ITCH_mbp1.dbn.zst,AAPL_AUG_RTH,XNAS.ITCH,AAPL,RECEIVE,-3850,-3800,93
AAPL_AUG_RTH_XNAS_ITCH_mbp1.dbn.zst,AAPL_AUG_RTH,XNAS.ITCH,AAPL,RECEIVE,-3800,-3750,65
AAPL_AUG_RTH_XNAS_ITCH_mbp1.dbn.zst,AAPL_AUG_RTH,XNAS.ITCH,AAPL,RECEIVE,-3750,-3700,46
AAPL_AUG_RTH_XNAS_ITCH_mbp1.dbn.zst,AAPL_AUG_RTH,XNAS.ITCH,AAPL,RECEIVE,-3700,-3650,50
AAPL_AUG_RTH_XNAS_ITCH_mbp1.dbn.zst,AAPL_AUG_RTH,XNAS.ITCH,AAPL,RECEIVE,-3650,-3600,47
AAPL_AUG_RTH_XNAS_ITCH_mbp1.dbn.zst,AAPL_AUG_RTH,XNAS.ITCH,AAPL,RECEIVE,-3600,-3550,32
AAPL_AUG_RTH_XNAS_ITCH_mbp1.dbn.zst,AAPL_AUG_RTH,XNAS.ITCH,AAPL,RECEIVE,-3550,-3500,26
AAPL_AUG_RTH_XNAS_ITCH_mbp1.dbn.zst,AAPL_AUG_RTH,XNAS.ITCH,AAPL,RECEIVE,-3500,-3450,77
AAPL_AUG_RTH_XNAS_ITCH_mbp1.dbn.zst,AAPL_AUG_RTH,XNAS.ITCH,AAPL,RECEIVE,-3450,-3400,47
AAPL_AUG_RTH_XNAS_ITCH_mbp1.dbn.zst,AAPL_AUG_RTH,XNAS.ITCH,AAPL,RECEIVE,-3400,-3350,34
AAPL_AUG_RTH_XNAS_ITCH_mbp1.dbn.zst,AAPL_AUG_RTH,XNAS.ITCH,AAPL,RECEIVE,-3350,-3300,29
AAPL_AUG_RTH_XNAS_ITCH_mbp1.dbn.zst,AAPL_AUG_RTH,XNAS.ITCH,AAPL,RECEIVE,-3300,-3250,93
AAPL_AUG_RTH_XNAS_ITCH_mbp1.dbn.zst,AAPL_AUG_RTH,XNAS.ITCH,AAPL,RECEIVE,-3250,-3200,112
AAPL_AUG_RTH_XNAS_ITCH_mbp1.dbn.zst,AAPL_AUG_RTH,XNAS.ITCH,AAPL,RECEIVE,-3200,-3150,109
AAPL_AUG_RTH_XNAS_ITCH_mbp1.dbn.zst,AAPL_AUG_RTH,XNAS.ITCH,AAPL,RECEIVE,-3150,-3100,137
AAPL_AUG_RTH_XNAS_ITCH_mbp1.dbn.zst,AAPL_AUG_RTH,XNAS.ITCH,AAPL,RECEIVE,-3100,-3050,80
AAPL_AUG_RTH_XNAS_ITCH_mbp1.dbn.zst,AAPL_AUG_RTH,XNAS.ITCH,AAPL,RECEIVE,-3050,-3000,43
AAPL_AUG_RTH_XNAS_ITCH_mbp1.dbn.zst,AAPL_AUG_RTH,XNAS.ITCH,AAPL,RECEIVE,-3000,-2950,61
AAPL_AUG_RTH_XNAS_ITCH_mbp1.dbn.zst,AAPL_AUG_RTH,XNAS.ITCH,AAPL,RECEIVE,-2950,-2900,109
AAPL_AUG_RTH_XNAS_ITCH_mbp1.dbn.zst,AAPL_AUG_RTH,XNAS.ITCH,AAPL,RECEIVE,-2900,-2850,48
AAPL_AUG_RTH_XNAS_ITCH_mbp1.dbn.zst,AAPL_AUG_RTH,XNAS.ITCH,AAPL,RECEIVE,-2850,-2800,30
AAPL_AUG_RTH_XNAS_ITCH_mbp1.dbn.zst,AAPL_AUG_RTH,XNAS.ITCH,AAPL,RECEIVE,-2800,-2750,32
AAPL_AUG_RTH_XNAS_ITCH_mbp1.dbn.zst,AAPL_AUG_RTH,XNAS.ITCH,AAPL,RECEIVE,-2750,-2700,73
AAPL_AUG_RTH_XNAS_ITCH_mbp1.dbn.zst,AAPL_AUG_RTH,XNAS.ITCH,AAPL,RECEIVE,-2700,-2650,74
AAPL_AUG_RTH_XNAS_ITCH_mbp1.dbn.zst,AAPL_AUG_RTH,XNAS.ITCH,AAPL,RECEIVE,-2650,-2600,40
AAPL_AUG_RTH_XNAS_ITCH_mbp1.dbn.zst,AAPL_AUG_RTH,XNAS.ITCH,AAPL,RECEIVE,-2600,-2550,30
AAPL_AUG_RTH_XNAS_ITCH_mbp1.dbn.zst,AAPL_AUG_RTH,XNAS.ITCH,AAPL,RECEIVE,-2550,-2500,56
AAPL_AUG_RTH_XNAS_ITCH_mbp1.dbn.zst,AAPL_AUG_RTH,XNAS.ITCH,AAPL,RECEIVE,-2500,-2450,28
AAPL_AUG_RTH_XNAS_ITCH_mbp1.dbn.zst,AAPL_AUG_RTH,XNAS.ITCH,AAPL,RECEIVE,-2450,-2400,70
AAPL_AUG_RTH_XNAS_ITCH_mbp1.dbn.zst,AAPL_AUG_RTH,XNAS.ITCH,AAPL,RECEIVE,-2400,-2350,44
AAPL_AUG_RTH_XNAS_ITCH_mbp1.dbn.zst,AAPL_AUG_RTH,XNAS.ITCH,AAPL,RECEIVE,-2350,-2300,28
AAPL_AUG_RTH_XNAS_ITCH_mbp1.dbn.zst,AAPL_AUG_RTH,XNAS.ITCH,AAPL,RECEIVE,-2300,-2250,53
AAPL_AUG_RTH_XNAS_ITCH_mbp1.dbn.zst,AAPL_AUG_RTH,XNAS.ITCH,AAPL,RECEIVE,-2250,-2200,57
AAPL_AUG_RTH_XNAS_ITCH_mbp1.dbn.zst,AAPL_AUG_RTH,XNAS.ITCH,AAPL,RECEIVE,-2200,-2150,60
AAPL_AUG_RTH_XNAS_ITCH_mbp1.dbn.zst,AAPL_AUG_RTH,XNAS.ITCH,AAPL,RECEIVE,-2150,-2100,60
AAPL_AUG_RTH_XNAS_ITCH_mbp1.dbn.zst,AAPL_AUG_RTH,XNAS.ITCH,AAPL,RECEIVE,-2100,-2050,71
AAPL_AUG_RTH_XNAS_ITCH_mbp1.dbn.zst,AAPL_AUG_RTH,XNAS.ITCH,AAPL,RECEIVE,-2050,-2000,56
AAPL_AUG_RTH_XNAS_ITCH_mbp1.dbn.zst,AAPL_AUG_RTH,XNAS.ITCH,AAPL,RECEIVE,-2000,-1950,137
AAPL_AUG_RTH_XNAS_ITCH_mbp1.dbn.zst,AAPL_AUG_RTH,XNAS.ITCH,AAPL,RECEIVE,-1950,-1900,66
AAPL_AUG_RTH_XNAS_ITCH_mbp1.dbn.zst,AAPL_AUG_RTH,XNAS.ITCH,AAPL,RECEIVE,-1900,-1850,76
AAPL_AUG_RTH_XNAS_ITCH_mbp1.dbn.zst,AAPL_AUG_RTH,XNAS.ITCH,AAPL,RECEIVE,-1850,-1800,54
AAPL_AUG_RTH_XNAS_ITCH_mbp1.dbn.zst,AAPL_AUG_RTH,XNAS.ITCH,AAPL,RECEIVE,-1800,-1750,52
AAPL_AUG_RTH_XNAS_ITCH_mbp1.dbn.zst,AAPL_AUG_RTH,XNAS.ITCH,AAPL,RECEIVE,-1750,-1700,154
AAPL_AUG_RTH_XNAS_ITCH_mbp1.dbn.zst,AAPL_AUG_RTH,XNAS.ITCH,AAPL,RECEIVE,-1700,-1650,104
AAPL_AUG_RTH_XNAS_ITCH_mbp1.dbn.zst,AAPL_AUG_RTH,XNAS.ITCH,AAPL,RECEIVE,-1650,-1600,160
AAPL_AUG_RTH_XNAS_ITCH_mbp1.dbn.zst,AAPL_AUG_RTH,XNAS.ITCH,AAPL,RECEIVE,-1600,-1550,133
AAPL_AUG_RTH_XNAS_ITCH_mbp1.dbn.zst,AAPL_AUG_RTH,XNAS.ITCH,AAPL,RECEIVE,-1550,-1500,128
AAPL_AUG_RTH_XNAS_ITCH_mbp1.dbn.zst,AAPL_AUG_RTH,XNAS.ITCH,AAPL,RECEIVE,-1500,-1450,95
AAPL_AUG_RTH_XNAS_ITCH_mbp1.dbn.zst,AAPL_AUG_RTH,XNAS.ITCH,AAPL,RECEIVE,-1450,-1400,145
AAPL_AUG_RTH_XNAS_ITCH_mbp1.dbn.zst,AAPL_AUG_RTH,XNAS.ITCH,AAPL,RECEIVE,-1400,-1350,224
AAPL_AUG_RTH_XNAS_ITCH_mbp1.dbn.zst,AAPL_AUG_RTH,XNAS.ITCH,AAPL,RECEIVE,-1350,-1300,113
AAPL_AUG_RTH_XNAS_ITCH_mbp1.dbn.zst,AAPL_AUG_RTH,XNAS.ITCH,AAPL,RECEIVE,-1300,-1250,118
AAPL_AUG_RTH_XNAS_ITCH_mbp1.dbn.zst,AAPL_AUG_RTH,XNAS.ITCH,AAPL,RECEIVE,-1250,-1200,108
AAPL_AUG_RTH_XNAS_ITCH_mbp1.dbn.zst,AAPL_AUG_RTH,XNAS.ITCH,AAPL,RECEIVE,-1200,-1150,87
AAPL_AUG_RTH_XNAS_ITCH_mbp1.dbn.zst,AAPL_AUG_RTH,XNAS.ITCH,AAPL,RECEIVE,-1150,-1100,134
AAPL_AUG_RTH_XNAS_ITCH_mbp1.dbn.zst,AAPL_AUG_RTH,XNAS.ITCH,AAPL,RECEIVE,-1100,-1050,90
AAPL_AUG_RTH_XNAS_ITCH_mbp1.dbn.zst,AAPL_AUG_RTH,XNAS.ITCH,AAPL,RECEIVE,-1050,-1000,243
AAPL_AUG_RTH_XNAS_ITCH_mbp1.dbn.zst,AAPL_AUG_RTH,XNAS.ITCH,AAPL,RECEIVE,-1000,-950,220
AAPL_AUG_RTH_XNAS_ITCH_mbp1.dbn.zst,AAPL_AUG_RTH,XNAS.ITCH,AAPL,RECEIVE,-950,-900,95
AAPL_AUG_RTH_XNAS_ITCH_mbp1.dbn.zst,AAPL_AUG_RTH,XNAS.ITCH,AAPL,RECEIVE,-900,-850,102
AAPL_AUG_RTH_XNAS_ITCH_mbp1.dbn.zst,AAPL_AUG_RTH,XNAS.ITCH,AAPL,RECEIVE,-850,-800,194
AAPL_AUG_RTH_XNAS_ITCH_mbp1.dbn.zst,AAPL_AUG_RTH,XNAS.ITCH,AAPL,RECEIVE,-800,-750,308
AAPL_AUG_RTH_XNAS_ITCH_mbp1.dbn.zst,AAPL_AUG_RTH,XNAS.ITCH,AAPL,RECEIVE,-750,-700,263
AAPL_AUG_RTH_XNAS_ITCH_mbp1.dbn.zst,AAPL_AUG_RTH,XNAS.ITCH,AAPL,RECEIVE,-700,-650,205
AAPL_AUG_RTH_XNAS_ITCH_mbp1.dbn.zst,AAPL_AUG_RTH,XNAS.ITCH,AAPL,RECEIVE,-650,-600,226
AAPL_AUG_RTH_XNAS_ITCH_mbp1.dbn.zst,AAPL_AUG_RTH,XNAS.ITCH,AAPL,RECEIVE,-600,-550,177
AAPL_AUG_RTH_XNAS_ITCH_mbp1.dbn.zst,AAPL_AUG_RTH,XNAS.ITCH,AAPL,RECEIVE,-550,-500,253
AAPL_AUG_RTH_XNAS_ITCH_mbp1.dbn.zst,AAPL_AUG_RTH,XNAS.ITCH,AAPL,RECEIVE,-500,-450,208
AAPL_AUG_RTH_XNAS_ITCH_mbp1.dbn.zst,AAPL_AUG_RTH,XNAS.ITCH,AAPL,RECEIVE,-450,-400,224
AAPL_AUG_RTH_XNAS_ITCH_mbp1.dbn.zst,AAPL_AUG_RTH,XNAS.ITCH,AAPL,RECEIVE,-400,-350,363
AAPL_AUG_RTH_XNAS_ITCH_mbp1.dbn.zst,AAPL_AUG_RTH,XNAS.ITCH,AAPL,RECEIVE,-350,-300,237
AAPL_AUG_RTH_XNAS_ITCH_mbp1.dbn.zst,AAPL_AUG_RTH,XNAS.ITCH,AAPL,RECEIVE,-300,-250,822
AAPL_AUG_RTH_XNAS_ITCH_mbp1.dbn.zst,AAPL_AUG_RTH,XNAS.ITCH,AAPL,RECEIVE,-250,-200,529
AAPL_AUG_RTH_XNAS_ITCH_mbp1.dbn.zst,AAPL_AUG_RTH,XNAS.ITCH,AAPL,RECEIVE,-200,-150,610
AAPL_AUG_RTH_XNAS_ITCH_mbp1.dbn.zst,AAPL_AUG_RTH,XNAS.ITCH,AAPL,RECEIVE,-150,-100,1450
AAPL_AUG_RTH_XNAS_ITCH_mbp1.dbn.zst,AAPL_AUG_RTH,XNAS.ITCH,AAPL,RECEIVE,-100,-50,885
AAPL_AUG_RTH_XNAS_ITCH_mbp1.dbn.zst,AAPL_AUG_RTH,XNAS.ITCH,AAPL,RECEIVE,-50,0,977
AAPL_AUG_RTH_XNAS_ITCH_mbp1.dbn.zst,AAPL_AUG_RTH,XNAS.ITCH,AAPL,RECEIVE,0,50,457
AAPL_AUG_RTH_XNAS_ITCH_mbp1.dbn.zst,AAPL_AUG_RTH,XNAS.ITCH,AAPL,RECEIVE,50,100,264
AAPL_AUG_RTH_XNAS_ITCH_mbp1.dbn.zst,AAPL_AUG_RTH,XNAS.ITCH,AAPL,RECEIVE,100,150,300
AAPL_AUG_RTH_XNAS_ITCH_mbp1.dbn.zst,AAPL_AUG_RTH,XNAS.ITCH,AAPL,RECEIVE,150,200,132
AAPL_AUG_RTH_XNAS_ITCH_mbp1.dbn.zst,AAPL_AUG_RTH,XNAS.ITCH,AAPL,RECEIVE,200,250,178
AAPL_AUG_RTH_XNAS_ITCH_mbp1.dbn.zst,AAPL_AUG_RTH,XNAS.ITCH,AAPL,RECEIVE,250,300,183
AAPL_AUG_RTH_XNAS_ITCH_mbp1.dbn.zst,AAPL_AUG_RTH,XNAS.ITCH,AAPL,RECEIVE,300,350,222
AAPL_AUG_RTH_XNAS_ITCH_mbp1.dbn.zst,AAPL_AUG_RTH,XNAS.ITCH,AAPL,RECEIVE,350,400,133
AAPL_AUG_RTH_XNAS_ITCH_mbp1.dbn.zst,AAPL_AUG_RTH,XNAS.ITCH,AAPL,RECEIVE,400,450,210
AAPL_AUG_RTH_XNAS_ITCH_mbp1.dbn.zst,AAPL_AUG_RTH,XNAS.ITCH,AAPL,RECEIVE,450,500,133
AAPL_AUG_RTH_XNAS_ITCH_mbp1.dbn.zst,AAPL_AUG_RTH,XNAS.ITCH,AAPL,RECEIVE,500,550,114
AAPL_AUG_RTH_XNAS_ITCH_mbp1.dbn.zst,AAPL_AUG_RTH,XNAS.ITCH,AAPL,RECEIVE,550,600,71
AAPL_AUG_RTH_XNAS_ITCH_mbp1.dbn.zst,AAPL_AUG_RTH,XNAS.ITCH,AAPL,RECEIVE,600,650,96
AAPL_AUG_RTH_XNAS_ITCH_mbp1.dbn.zst,AAPL_AUG_RTH,XNAS.ITCH,AAPL,RECEIVE,650,700,177
AAPL_AUG_RTH_XNAS_ITCH_mbp1.dbn.zst,AAPL_AUG_RTH,XNAS.ITCH,AAPL,RECEIVE,700,750,117
AAPL_AUG_RTH_XNAS_ITCH_mbp1.dbn.zst,AAPL_AUG_RTH,XNAS.ITCH,AAPL,RECEIVE,750,800,147
AAPL_AUG_RTH_XNAS_ITCH_mbp1.dbn.zst,AAPL_AUG_RTH,XNAS.ITCH,AAPL,RECEIVE,800,850,150
AAPL_AUG_RTH_XNAS_ITCH_mbp1.dbn.zst,AAPL_AUG_RTH,XNAS.ITCH,AAPL,RECEIVE,850,900,91
AAPL_AUG_RTH_XNAS_ITCH_mbp1.dbn.zst,AAPL_AUG_RTH,XNAS.ITCH,AAPL,RECEIVE,900,950,102
AAPL_AUG_RTH_XNAS_ITCH_mbp1.dbn.zst,AAPL_AUG_RTH,XNAS.ITCH,AAPL,RECEIVE,950,1000,159
AAPL_AUG_RTH_XNAS_ITCH_mbp1.dbn.zst,AAPL_AUG_RTH,XNAS.ITCH,AAPL,RECEIVE,1000,1050,193
AAPL_AUG_RTH_XNAS_ITCH_mbp1.dbn.zst,AAPL_AUG_RTH,XNAS.ITCH,AAPL,RECEIVE,1050,1100,115
AAPL_AUG_RTH_XNAS_ITCH_mbp1.dbn.zst,AAPL_AUG_RTH,XNAS.ITCH,AAPL,RECEIVE,1100,1150,122
AAPL_AUG_RTH_XNAS_ITCH_mbp1.dbn.zst,AAPL_AUG_RTH,XNAS.ITCH,AAPL,RECEIVE,1150,1200,80
AAPL_AUG_RTH_XNAS_ITCH_mbp1.dbn.zst,AAPL_AUG_RTH,XNAS.ITCH,AAPL,RECEIVE,1200,1250,95
AAPL_AUG_RTH_XNAS_ITCH_mbp1.dbn.zst,AAPL_AUG_RTH,XNAS.ITCH,AAPL,RECEIVE,1250,1300,41
AAPL_AUG_RTH_XNAS_ITCH_mbp1.dbn.zst,AAPL_AUG_RTH,XNAS.ITCH,AAPL,RECEIVE,1300,1350,181
AAPL_AUG_RTH_XNAS_ITCH_mbp1.dbn.zst,AAPL_AUG_RTH,XNAS.ITCH,AAPL,RECEIVE,1350,1400,74
AAPL_AUG_RTH_XNAS_ITCH_mbp1.dbn.zst,AAPL_AUG_RTH,XNAS.ITCH,AAPL,RECEIVE,1400,1450,153
AAPL_AUG_RTH_XNAS_ITCH_mbp1.dbn.zst,AAPL_AUG_RTH,XNAS.ITCH,AAPL,RECEIVE,1450,1500,78
AAPL_AUG_RTH_XNAS_ITCH_mbp1.dbn.zst,AAPL_AUG_RTH,XNAS.ITCH,AAPL,RECEIVE,1500,1550,48
AAPL_AUG_RTH_XNAS_ITCH_mbp1.dbn.zst,AAPL_AUG_RTH,XNAS.ITCH,AAPL,RECEIVE,1550,1600,145
AAPL_AUG_RTH_XNAS_ITCH_mbp1.dbn.zst,AAPL_AUG_RTH,XNAS.ITCH,AAPL,RECEIVE,1600,1650,131
AAPL_AUG_RTH_XNAS_ITCH_mbp1.dbn.zst,AAPL_AUG_RTH,XNAS.ITCH,AAPL,RECEIVE,1650,1700,63
AAPL_AUG_RTH_XNAS_ITCH_mbp1.dbn.zst,AAPL_AUG_RTH,XNAS.ITCH,AAPL,RECEIVE,1700,1750,185
AAPL_AUG_RTH_XNAS_ITCH_mbp1.dbn.zst,AAPL_AUG_RTH,XNAS.ITCH,AAPL,RECEIVE,1750,1800,114
AAPL_AUG_RTH_XNAS_ITCH_mbp1.dbn.zst,AAPL_AUG_RTH,XNAS.ITCH,AAPL,RECEIVE,1800,1850,60
AAPL_AUG_RTH_XNAS_ITCH_mbp1.dbn.zst,AAPL_AUG_RTH,XNAS.ITCH,AAPL,RECEIVE,1850,1900,75
AAPL_AUG_RTH_XNAS_ITCH_mbp1.dbn.zst,AAPL_AUG_RTH,XNAS.ITCH,AAPL,RECEIVE,1900,1950,73
AAPL_AUG_RTH_XNAS_ITCH_mbp1.dbn.zst,AAPL_AUG_RTH,XNAS.ITCH,AAPL,RECEIVE,1950,2000,62
AAPL_AUG_RTH_XNAS_ITCH_mbp1.dbn.zst,AAPL_AUG_RTH,XNAS.ITCH,AAPL,RECEIVE,2000,2050,117
AAPL_AUG_RTH_XNAS_ITCH_mbp1.dbn.zst,AAPL_AUG_RTH,XNAS.ITCH,AAPL,RECEIVE,2050,2100,98
AAPL_AUG_RTH_XNAS_ITCH_mbp1.dbn.zst,AAPL_AUG_RTH,XNAS.ITCH,AAPL,RECEIVE,2100,2150,83
AAPL_AUG_RTH_XNAS_ITCH_mbp1.dbn.zst,AAPL_AUG_RTH,XNAS.ITCH,AAPL,RECEIVE,2150,2200,54
AAPL_AUG_RTH_XNAS_ITCH_mbp1.dbn.zst,AAPL_AUG_RTH,XNAS.ITCH,AAPL,RECEIVE,2200,2250,62
AAPL_AUG_RTH_XNAS_ITCH_mbp1.dbn.zst,AAPL_AUG_RTH,XNAS.ITCH,AAPL,RECEIVE,2250,2300,102
AAPL_AUG_RTH_XNAS_ITCH_mbp1.dbn.zst,AAPL_AUG_RTH,XNAS.ITCH,AAPL,RECEIVE,2300,2350,63
AAPL_AUG_RTH_XNAS_ITCH_mbp1.dbn.zst,AAPL_AUG_RTH,XNAS.ITCH,AAPL,RECEIVE,2350,2400,100
AAPL_AUG_RTH_XNAS_ITCH_mbp1.dbn.zst,AAPL_AUG_RTH,XNAS.ITCH,AAPL,RECEIVE,2400,2450,130
AAPL_AUG_RTH_XNAS_ITCH_mbp1.dbn.zst,AAPL_AUG_RTH,XNAS.ITCH,AAPL,RECEIVE,2450,2500,78
AAPL_AUG_RTH_XNAS_ITCH_mbp1.dbn.zst,AAPL_AUG_RTH,XNAS.ITCH,AAPL,RECEIVE,2500,2550,89
AAPL_AUG_RTH_XNAS_ITCH_mbp1.dbn.zst,AAPL_AUG_RTH,XNAS.ITCH,AAPL,RECEIVE,2550,2600,52
AAPL_AUG_RTH_XNAS_ITCH_mbp1.dbn.zst,AAPL_AUG_RTH,XNAS.ITCH,AAPL,RECEIVE,2600,2650,106
AAPL_AUG_RTH_XNAS_ITCH_mbp1.dbn.zst,AAPL_AUG_RTH,XNAS.ITCH,AAPL,RECEIVE,2650,2700,55
AAPL_AUG_RTH_XNAS_ITCH_mbp1.dbn.zst,AAPL_AUG_RTH,XNAS.ITCH,AAPL,RECEIVE,2700,2750,83
AAPL_AUG_RTH_XNAS_ITCH_mbp1.dbn.zst,AAPL_AUG_RTH,XNAS.ITCH,AAPL,RECEIVE,2750,2800,70
AAPL_AUG_RTH_XNAS_ITCH_mbp1.dbn.zst,AAPL_AUG_RTH,XNAS.ITCH,AAPL,RECEIVE,2800,2850,47
AAPL_AUG_RTH_XNAS_ITCH_mbp1.dbn.zst,AAPL_AUG_RTH,XNAS.ITCH,AAPL,RECEIVE,2850,2900,39
AAPL_AUG_RTH_XNAS_ITCH_mbp1.dbn.zst,AAPL_AUG_RTH,XNAS.ITCH,AAPL,RECEIVE,2900,2950,61
AAPL_AUG_RTH_XNAS_ITCH_mbp1.dbn.zst,AAPL_AUG_RTH,XNAS.ITCH,AAPL,RECEIVE,2950,3000,38
AAPL_AUG_RTH_XNAS_ITCH_mbp1.dbn.zst,AAPL_AUG_RTH,XNAS.ITCH,AAPL,RECEIVE,3000,3050,38
AAPL_AUG_RTH_XNAS_ITCH_mbp1.dbn.zst,AAPL_AUG_RTH,XNAS.ITCH,AAPL,RECEIVE,3050,3100,41
AAPL_AUG_RTH_XNAS_ITCH_mbp1.dbn.zst,AAPL_AUG_RTH,XNAS.ITCH,AAPL,RECEIVE,3100,3150,68
AAPL_AUG_RTH_XNAS_ITCH_mbp1.dbn.zst,AAPL_AUG_RTH,XNAS.ITCH,AAPL,RECEIVE,3150,3200,70
AAPL_AUG_RTH_XNAS_ITCH_mbp1.dbn.zst,AAPL_AUG_RTH,XNAS.ITCH,AAPL,RECEIVE,3200,3250,94
AAPL_AUG_RTH_XNAS_ITCH_mbp1.dbn.zst,AAPL_AUG_RTH,XNAS.ITCH,AAPL,RECEIVE,3250,3300,52
AAPL_AUG_RTH_XNAS_ITCH_mbp1.dbn.zst,AAPL_AUG_RTH,XNAS.ITCH,AAPL,RECEIVE,3300,3350,50
AAPL_AUG_RTH_XNAS_ITCH_mbp1.dbn.zst,AAPL_AUG_RTH,XNAS.ITCH,AAPL,RECEIVE,3350,3400,32
AAPL_AUG_RTH_XNAS_ITCH_mbp1.dbn.zst,AAPL_AUG_RTH,XNAS.ITCH,AAPL,RECEIVE,3400,3450,35
AAPL_AUG_RTH_XNAS_ITCH_mbp1.dbn.zst,AAPL_AUG_RTH,XNAS.ITCH,AAPL,RECEIVE,3450,3500,43
AAPL_AUG_RTH_XNAS_ITCH_mbp1.dbn.zst,AAPL_AUG_RTH,XNAS.ITCH,AAPL,RECEIVE,3500,3550,25
AAPL_AUG_RTH_XNAS_ITCH_mbp1.dbn.zst,AAPL_AUG_RTH,XNAS.ITCH,AAPL,RECEIVE,3550,3600,63
AAPL_AUG_RTH_XNAS_ITCH_mbp1.dbn.zst,AAPL_AUG_RTH,XNAS.ITCH,AAPL,RECEIVE,3600,3650,58
AAPL_AUG_RTH_XNAS_ITCH_mbp1.dbn.zst,AAPL_AUG_RTH,XNAS.ITCH,AAPL,RECEIVE,3650,3700,48
AAPL_AUG_RTH_XNAS_ITCH_mbp1.dbn.zst,AAPL_AUG_RTH,XNAS.ITCH,AAPL,RECEIVE,3700,3750,48
AAPL_AUG_RTH_XNAS_ITCH_mbp1.dbn.zst,AAPL_AUG_RTH,XNAS.ITCH,AAPL,RECEIVE,3750,3800,79
AAPL_AUG_RTH_XNAS_ITCH_mbp1.dbn.zst,AAPL_AUG_RTH,XNAS.ITCH,AAPL,RECEIVE,3800,3850,47
AAPL_AUG_RTH_XNAS_ITCH_mbp1.dbn.zst,AAPL_AUG_RTH,XNAS.ITCH,AAPL,RECEIVE,3850,3900,90
AAPL_AUG_RTH_XNAS_ITCH_mbp1.dbn.zst,AAPL_AUG_RTH,XNAS.ITCH,AAPL,RECEIVE,3900,3950,94
AAPL_AUG_RTH_XNAS_ITCH_mbp1.dbn.zst,AAPL_AUG_RTH,XNAS.ITCH,AAPL,RECEIVE,3950,4000,79
AAPL_AUG_RTH_XNAS_ITCH_mbp1.dbn.zst,AAPL_AUG_RTH,XNAS.ITCH,AAPL,RECEIVE,4000,4050,51
AAPL_AUG_RTH_XNAS_ITCH_mbp1.dbn.zst,AAPL_AUG_RTH,XNAS.ITCH,AAPL,RECEIVE,4050,4100,69
AAPL_AUG_RTH_XNAS_ITCH_mbp1.dbn.zst,AAPL_AUG_RTH,XNAS.ITCH,AAPL,RECEIVE,4100,4150,65
AAPL_AUG_RTH_XNAS_ITCH_mbp1.dbn.zst,AAPL_AUG_RTH,XNAS.ITCH,AAPL,RECEIVE,4150,4200,64
AAPL_AUG_RTH_XNAS_ITCH_mbp1.dbn.zst,AAPL_AUG_RTH,XNAS.ITCH,AAPL,RECEIVE,4200,4250,23
AAPL_AUG_RTH_XNAS_ITCH_mbp1.dbn.zst,AAPL_AUG_RTH,XNAS.ITCH,AAPL,RECEIVE,4250,4300,35
AAPL_AUG_RTH_XNAS_ITCH_mbp1.dbn.zst,AAPL_AUG_RTH,XNAS.ITCH,AAPL,RECEIVE,4300,4350,79
AAPL_AUG_RTH_XNAS_ITCH_mbp1.dbn.zst,AAPL_AUG_RTH,XNAS.ITCH,AAPL,RECEIVE,4350,4400,33
AAPL_AUG_RTH_XNAS_ITCH_mbp1.dbn.zst,AAPL_AUG_RTH,XNAS.ITCH,AAPL,RECEIVE,4400,4450,113
AAPL_AUG_RTH_XNAS_ITCH_mbp1.dbn.zst,AAPL_AUG_RTH,XNAS.ITCH,AAPL,RECEIVE,4450,4500,33
AAPL_AUG_RTH_XNAS_ITCH_mbp1.dbn.zst,AAPL_AUG_RTH,XNAS.ITCH,AAPL,RECEIVE,4500,4550,23
AAPL_AUG_RTH_XNAS_ITCH_mbp1.dbn.zst,AAPL_AUG_RTH,XNAS.ITCH,AAPL,RECEIVE,4550,4600,49
AAPL_AUG_RTH_XNAS_ITCH_mbp1.dbn.zst,AAPL_AUG_RTH,XNAS.ITCH,AAPL,RECEIVE,4600,4650,13
AAPL_AUG_RTH_XNAS_ITCH_mbp1.dbn.zst,AAPL_AUG_RTH,XNAS.ITCH,AAPL,RECEIVE,4650,4700,52
AAPL_AUG_RTH_XNAS_ITCH_mbp1.dbn.zst,AAPL_AUG_RTH,XNAS.ITCH,AAPL,RECEIVE,4700,4750,37
AAPL_AUG_RTH_XNAS_ITCH_mbp1.dbn.zst,AAPL_AUG_RTH,XNAS.ITCH,AAPL,RECEIVE,4750,4800,44
AAPL_AUG_RTH_XNAS_ITCH_mbp1.dbn.zst,AAPL_AUG_RTH,XNAS.ITCH,AAPL,RECEIVE,4800,4850,50
AAPL_AUG_RTH_XNAS_ITCH_mbp1.dbn.zst,AAPL_AUG_RTH,XNAS.ITCH,AAPL,RECEIVE,4850,4900,56
AAPL_AUG_RTH_XNAS_ITCH_mbp1.dbn.zst,AAPL_AUG_RTH,XNAS.ITCH,AAPL,RECEIVE,4900,4950,23
AAPL_AUG_RTH_XNAS_ITCH_mbp1.dbn.zst,AAPL_AUG_RTH,XNAS.ITCH,AAPL,RECEIVE,4950,5000,29
AAPL_AUG_XNAS_ITCH_mbp1.dbn.zst,AAPL_AUG,XNAS.ITCH,AAPL,EVENT,-5000,-4950,0
AAPL_AUG_XNAS_ITCH_mbp1.dbn.zst,AAPL_AUG,XNAS.ITCH,AAPL,EVENT,-4950,-4900,0
AAPL_AUG_XNAS_ITCH_mbp1.dbn.zst,AAPL_AUG,XNAS.ITCH,AAPL,EVENT,-4900,-4850,0
AAPL_AUG_XNAS_ITCH_mbp1.dbn.zst,AAPL_AUG,XNAS.ITCH,AAPL,EVENT,-4850,-4800,2
AAPL_AUG_XNAS_ITCH_mbp1.dbn.zst,AAPL_AUG,XNAS.ITCH,AAPL,EVENT,-4800,-4750,7
AAPL_AUG_XNAS_ITCH_mbp1.dbn.zst,AAPL_AUG,XNAS.ITCH,AAPL,EVENT,-4750,-4700,6
AAPL_AUG_XNAS_ITCH_mbp1.dbn.zst,AAPL_AUG,XNAS.ITCH,AAPL,EVENT,-4700,-4650,4
AAPL_AUG_XNAS_ITCH_mbp1.dbn.zst,AAPL_AUG,XNAS.ITCH,AAPL,EVENT,-4650,-4600,0
AAPL_AUG_XNAS_ITCH_mbp1.dbn.zst,AAPL_AUG,XNAS.ITCH,AAPL,EVENT,-4600,-4550,2
AAPL_AUG_XNAS_ITCH_mbp1.dbn.zst,AAPL_AUG,XNAS.ITCH,AAPL,EVENT,-4550,-4500,0
AAPL_AUG_XNAS_ITCH_mbp1.dbn.zst,AAPL_AUG,XNAS.ITCH,AAPL,EVENT,-4500,-4450,1
AAPL_AUG_XNAS_ITCH_mbp1.dbn.zst,AAPL_AUG,XNAS.ITCH,AAPL,EVENT,-4450,-4400,0
AAPL_AUG_XNAS_ITCH_mbp1.dbn.zst,AAPL_AUG,XNAS.ITCH,AAPL,EVENT,-4400,-4350,0
AAPL_AUG_XNAS_ITCH_mbp1.dbn.zst,AAPL_AUG,XNAS.ITCH,AAPL,EVENT,-4350,-4300,0
AAPL_AUG_XNAS_ITCH_mbp1.dbn.zst,AAPL_AUG,XNAS.ITCH,AAPL,EVENT,-4300,-4250,3
AAPL_AUG_XNAS_ITCH_mbp1.dbn.zst,AAPL_AUG,XNAS.ITCH,AAPL,EVENT,-4250,-4200,4
AAPL_AUG_XNAS_ITCH_mbp1.dbn.zst,AAPL_AUG,XNAS.ITCH,AAPL,EVENT,-4200,-4150,0
AAPL_AUG_XNAS_ITCH_mbp1.dbn.zst,AAPL_AUG,XNAS.ITCH,AAPL,EVENT,-4150,-4100,2
AAPL_AUG_XNAS_ITCH_mbp1.dbn.zst,AAPL_AUG,XNAS.ITCH,AAPL,EVENT,-4100,-4050,5
AAPL_AUG_XNAS_ITCH_mbp1.dbn.zst,AAPL_AUG,XNAS.ITCH,AAPL,EVENT,-4050,-4000,2
AAPL_AUG_XNAS_ITCH_mbp1.dbn.zst,AAPL_AUG,XNAS.ITCH,AAPL,EVENT,-4000,-3950,1
AAPL_AUG_XNAS_ITCH_mbp1.dbn.zst,AAPL_AUG,XNAS.ITCH,AAPL,EVENT,-3950,-3900,2
AAPL_AUG_XNAS_ITCH_mbp1.dbn.zst,AAPL_AUG,XNAS.ITCH,AAPL,EVENT,-3900,-3850,2
AAPL_AUG_XNAS_ITCH_mbp1.dbn.zst,AAPL_AUG,XNAS.ITCH,AAPL,EVENT,-3850,-3800,1
AAPL_AUG_XNAS_ITCH_mbp1.dbn.zst,AAPL_AUG,XNAS.ITCH,AAPL,EVENT,-3800,-3750,1
AAPL_AUG_XNAS_ITCH_mbp1.dbn.zst,AAPL_AUG,XNAS.ITCH,AAPL,EVENT,-3750,-3700,3
AAPL_AUG_XNAS_ITCH_mbp1.dbn.zst,AAPL_AUG,XNAS.ITCH,AAPL,EVENT,-3700,-3650,4
AAPL_AUG_XNAS_ITCH_mbp1.dbn.zst,AAPL_AUG,XNAS.ITCH,AAPL,EVENT,-3650,-3600,37
AAPL_AUG_XNAS_ITCH_mbp1.dbn.zst,AAPL_AUG,XNAS.ITCH,AAPL,EVENT,-3600,-3550,0
AAPL_AUG_XNAS_ITCH_mbp1.dbn.zst,AAPL_AUG,XNAS.ITCH,AAPL,EVENT,-3550,-3500,1
AAPL_AUG_XNAS_ITCH_mbp1.dbn.zst,AAPL_AUG,XNAS.ITCH,AAPL,EVENT,-3500,-3450,0
AAPL_AUG_XNAS_ITCH_mbp1.dbn.zst,AAPL_AUG,XNAS.ITCH,AAPL,EVENT,-3450,-3400,6
AAPL_AUG_XNAS_ITCH_mbp1.dbn.zst,AAPL_AUG,XNAS.ITCH,AAPL,EVENT,-3400,-3350,4
AAPL_AUG_XNAS_ITCH_mbp1.dbn.zst,AAPL_AUG,XNAS.ITCH,AAPL,EVENT,-3350,-3300,2
AAPL_AUG_XNAS_ITCH_mbp1.dbn.zst,AAPL_AUG,XNAS.ITCH,AAPL,EVENT,-3300,-3250,5
AAPL_AUG_XNAS_ITCH_mbp1.dbn.zst,AAPL_AUG,XNAS.ITCH,AAPL,EVENT,-3250,-3200,6
AAPL_AUG_XNAS_ITCH_mbp1.dbn.zst,AAPL_AUG,XNAS.ITCH,AAPL,EVENT,-3200,-3150,4
AAPL_AUG_XNAS_ITCH_mbp1.dbn.zst,AAPL_AUG,XNAS.ITCH,AAPL,EVENT,-3150,-3100,3
AAPL_AUG_XNAS_ITCH_mbp1.dbn.zst,AAPL_AUG,XNAS.ITCH,AAPL,EVENT,-3100,-3050,4
AAPL_AUG_XNAS_ITCH_mbp1.dbn.zst,AAPL_AUG,XNAS.ITCH,AAPL,EVENT,-3050,-3000,2
AAPL_AUG_XNAS_ITCH_mbp1.dbn.zst,AAPL_AUG,XNAS.ITCH,AAPL,EVENT,-3000,-2950,2
AAPL_AUG_XNAS_ITCH_mbp1.dbn.zst,AAPL_AUG,XNAS.ITCH,AAPL,EVENT,-2950,-2900,2
AAPL_AUG_XNAS_ITCH_mbp1.dbn.zst,AAPL_AUG,XNAS.ITCH,AAPL,EVENT,-2900,-2850,2
AAPL_AUG_XNAS_ITCH_mbp1.dbn.zst,AAPL_AUG,XNAS.ITCH,AAPL,EVENT,-2850,-2800,1
AAPL_AUG_XNAS_ITCH_mbp1.dbn.zst,AAPL_AUG,XNAS.ITCH,AAPL,EVENT,-2800,-2750,0
AAPL_AUG_XNAS_ITCH_mbp1.dbn.zst,AAPL_AUG,XNAS.ITCH,AAPL,EVENT,-2750,-2700,2
AAPL_AUG_XNAS_ITCH_mbp1.dbn.zst,AAPL_AUG,XNAS.ITCH,AAPL,EVENT,-2700,-2650,1
AAPL_AUG_XNAS_ITCH_mbp1.dbn.zst,AAPL_AUG,XNAS.ITCH,AAPL,EVENT,-2650,-2600,1
AAPL_AUG_XNAS_ITCH_mbp1.dbn.zst,AAPL_AUG,XNAS.ITCH,AAPL,EVENT,-2600,-2550,0
AAPL_AUG_XNAS_ITCH_mbp1.dbn.zst,AAPL_AUG,XNAS.ITCH,AAPL,EVENT,-2550,-2500,1
AAPL_AUG_XNAS_ITCH_mbp1.dbn.zst,AAPL_AUG,XNAS.ITCH,AAPL,EVENT,-2500,-2450,0
AAPL_AUG_XNAS_ITCH_mbp1.dbn.zst,AAPL_AUG,XNAS.ITCH,AAPL,EVENT,-2450,-2400,1
AAPL_AUG_XNAS_ITCH_mbp1.dbn.zst,AAPL_AUG,XNAS.ITCH,AAPL,EVENT,-2400,-2350,1
AAPL_AUG_XNAS_ITCH_mbp1.dbn.zst,AAPL_AUG,XNAS.ITCH,AAPL,EVENT,-2350,-2300,1
AAPL_AUG_XNAS_ITCH_mbp1.dbn.zst,AAPL_AUG,XNAS.ITCH,AAPL,EVENT,-2300,-2250,0
AAPL_AUG_XNAS_ITCH_mbp1.dbn.zst,AAPL_AUG,XNAS.ITCH,AAPL,EVENT,-2250,-2200,2
AAPL_AUG_XNAS_ITCH_mbp1.dbn.zst,AAPL_AUG,XNAS.ITCH,AAPL,EVENT,-2200,-2150,0
AAPL_AUG_XNAS_ITCH_mbp1.dbn.zst,AAPL_AUG,XNAS.ITCH,AAPL,EVENT,-2150,-2100,1
AAPL_AUG_XNAS_ITCH_mbp1.dbn.zst,AAPL_AUG,XNAS.ITCH,AAPL,EVENT,-2100,-2050,1
AAPL_AUG_XNAS_ITCH_mbp1.dbn.zst,AAPL_AUG,XNAS.ITCH,AAPL,EVENT,-2050,-2000,3
AAPL_AUG_XNAS_ITCH_mbp1.dbn.zst,AAPL_AUG,XNAS.ITCH,AAPL,EVENT,-2000,-1950,1
AAPL_AUG_XNAS_ITCH_mbp1.dbn.zst,AAPL_AUG,XNAS.ITCH,AAPL,EVENT,-1950,-1900,1
AAPL_AUG_XNAS_ITCH_mbp1.dbn.zst,AAPL_AUG,XNAS.ITCH,AAPL,EVENT,-1900,-1850,10
AAPL_AUG_XNAS_ITCH_mbp1.dbn.zst,AAPL_AUG,XNAS.ITCH,AAPL,EVENT,-1850,-1800,4
AAPL_AUG_XNAS_ITCH_mbp1.dbn.zst,AAPL_AUG,XNAS.ITCH,AAPL,EVENT,-1800,-1750,2
AAPL_AUG_XNAS_ITCH_mbp1.dbn.zst,AAPL_AUG,XNAS.ITCH,AAPL,EVENT,-1750,-1700,1
AAPL_AUG_XNAS_ITCH_mbp1.dbn.zst,AAPL_AUG,XNAS.ITCH,AAPL,EVENT,-1700,-1650,0
AAPL_AUG_XNAS_ITCH_mbp1.dbn.zst,AAPL_AUG,XNAS.ITCH,AAPL,EVENT,-1650,-1600,10
AAPL_AUG_XNAS_ITCH_mbp1.dbn.zst,AAPL_AUG,XNAS.ITCH,AAPL,EVENT,-1600,-1550,1
AAPL_AUG_XNAS_ITCH_mbp1.dbn.zst,AAPL_AUG,XNAS.ITCH,AAPL,EVENT,-1550,-1500,0
AAPL_AUG_XNAS_ITCH_mbp1.dbn.zst,AAPL_AUG,XNAS.ITCH,AAPL,EVENT,-1500,-1450,0
AAPL_AUG_XNAS_ITCH_mbp1.dbn.zst,AAPL_AUG,XNAS.ITCH,AAPL,EVENT,-1450,-1400,0
AAPL_AUG_XNAS_ITCH_mbp1.dbn.zst,AAPL_AUG,XNAS.ITCH,AAPL,EVENT,-1400,-1350,2
AAPL_AUG_XNAS_ITCH_mbp1.dbn.zst,AAPL_AUG,XNAS.ITCH,AAPL,EVENT,-1350,-1300,4
AAPL_AUG_XNAS_ITCH_mbp1.dbn.zst,AAPL_AUG,XNAS.ITCH,AAPL,EVENT,-1300,-1250,2
AAPL_AUG_XNAS_ITCH_mbp1.dbn.zst,AAPL_AUG,XNAS.ITCH,AAPL,EVENT,-1250,-1200,3
AAPL_AUG_XNAS_ITCH_mbp1.dbn.zst,AAPL_AUG,XNAS.ITCH,AAPL,EVENT,-1200,-1150,0
AAPL_AUG_XNAS_ITCH_mbp1.dbn.zst,AAPL_AUG,XNAS.ITCH,AAPL,EVENT,-1150,-1100,0
AAPL_AUG_XNAS_ITCH_mbp1.dbn.zst,AAPL_AUG,XNAS.ITCH,AAPL,EVENT,-1100,-1050,2
AAPL_AUG_XNAS_ITCH_mbp1.dbn.zst,AAPL_AUG,XNAS.ITCH,AAPL,EVENT,-1050,-1000,3
AAPL_AUG_XNAS_ITCH_mbp1.dbn.zst,AAPL_AUG,XNAS.ITCH,AAPL,EVENT,-1000,-950,4
AAPL_AUG_XNAS_ITCH_mbp1.dbn.zst,AAPL_AUG,XNAS.ITCH,AAPL,EVENT,-950,-900,1
AAPL_AUG_XNAS_ITCH_mbp1.dbn.zst,AAPL_AUG,XNAS.ITCH,AAPL,EVENT,-900,-850,0
AAPL_AUG_XNAS_ITCH_mbp1.dbn.zst,AAPL_AUG,XNAS.ITCH,AAPL,EVENT,-850,-800,6
AAPL_AUG_XNAS_ITCH_mbp1.dbn.zst,AAPL_AUG,XNAS.ITCH,AAPL,EVENT,-800,-750,4
AAPL_AUG_XNAS_ITCH_mbp1.dbn.zst,AAPL_AUG,XNAS.ITCH,AAPL,EVENT,-750,-700,8
AAPL_AUG_XNAS_ITCH_mbp1.dbn.zst,AAPL_AUG,XNAS.ITCH,AAPL,EVENT,-700,-650,4
AAPL_AUG_XNAS_ITCH_mbp1.dbn.zst,AAPL_AUG,XNAS.ITCH,AAPL,EVENT,-650,-600,4
AAPL_AUG_XNAS_ITCH_mbp1.dbn.zst,AAPL_AUG,XNAS.ITCH,AAPL,EVENT,-600,-550,1
AAPL_AUG_XNAS_ITCH_mbp1.dbn.zst,AAPL_AUG,XNAS.ITCH,AAPL,EVENT,-550,-500,7
AAPL_AUG_XNAS_ITCH_mbp1.dbn.zst,AAPL_AUG,XNAS.ITCH,AAPL,EVENT,-500,-450,6
AAPL_AUG_XNAS_ITCH_mbp1.dbn.zst,AAPL_AUG,XNAS.ITCH,AAPL,EVENT,-450,-400,7
AAPL_AUG_XNAS_ITCH_mbp1.dbn.zst,AAPL_AUG,XNAS.ITCH,AAPL,EVENT,-400,-350,5
AAPL_AUG_XNAS_ITCH_mbp1.dbn.zst,AAPL_AUG,XNAS.ITCH,AAPL,EVENT,-350,-300,6
AAPL_AUG_XNAS_ITCH_mbp1.dbn.zst,AAPL_AUG,XNAS.ITCH,AAPL,EVENT,-300,-250,2
AAPL_AUG_XNAS_ITCH_mbp1.dbn.zst,AAPL_AUG,XNAS.ITCH,AAPL,EVENT,-250,-200,3
AAPL_AUG_XNAS_ITCH_mbp1.dbn.zst,AAPL_AUG,XNAS.ITCH,AAPL,EVENT,-200,-150,21
AAPL_AUG_XNAS_ITCH_mbp1.dbn.zst,AAPL_AUG,XNAS.ITCH,AAPL,EVENT,-150,-100,4
AAPL_AUG_XNAS_ITCH_mbp1.dbn.zst,AAPL_AUG,XNAS.ITCH,AAPL,EVENT,-100,-50,5
AAPL_AUG_XNAS_ITCH_mbp1.dbn.zst,AAPL_AUG,XNAS.ITCH,AAPL,EVENT,-50,0,10
AAPL_AUG_XNAS_ITCH_mbp1.dbn.zst,AAPL_AUG,XNAS.ITCH,AAPL,EVENT,0,50,24
AAPL_AUG_XNAS_ITCH_mbp1.dbn.zst,AAPL_AUG,XNAS.ITCH,AAPL,EVENT,50,100,33
AAPL_AUG_XNAS_ITCH_mbp1.dbn.zst,AAPL_AUG,XNAS.ITCH,AAPL,EVENT,100,150,66
AAPL_AUG_XNAS_ITCH_mbp1.dbn.zst,AAPL_AUG,XNAS.ITCH,AAPL,EVENT,150,200,25
AAPL_AUG_XNAS_ITCH_mbp1.dbn.zst,AAPL_AUG,XNAS.ITCH,AAPL,EVENT,200,250,4
AAPL_AUG_XNAS_ITCH_mbp1.dbn.zst,AAPL_AUG,XNAS.ITCH,AAPL,EVENT,250,300,9
AAPL_AUG_XNAS_ITCH_mbp1.dbn.zst,AAPL_AUG,XNAS.ITCH,AAPL,EVENT,300,350,79
AAPL_AUG_XNAS_ITCH_mbp1.dbn.zst,AAPL_AUG,XNAS.ITCH,AAPL,EVENT,350,400,65
AAPL_AUG_XNAS_ITCH_mbp1.dbn.zst,AAPL_AUG,XNAS.ITCH,AAPL,EVENT,400,450,23
AAPL_AUG_XNAS_ITCH_mbp1.dbn.zst,AAPL_AUG,XNAS.ITCH,AAPL,EVENT,450,500,60
AAPL_AUG_XNAS_ITCH_mbp1.dbn.zst,AAPL_AUG,XNAS.ITCH,AAPL,EVENT,500,550,18
AAPL_AUG_XNAS_ITCH_mbp1.dbn.zst,AAPL_AUG,XNAS.ITCH,AAPL,EVENT,550,600,47
AAPL_AUG_XNAS_ITCH_mbp1.dbn.zst,AAPL_AUG,XNAS.ITCH,AAPL,EVENT,600,650,14
AAPL_AUG_XNAS_ITCH_mbp1.dbn.zst,AAPL_AUG,XNAS.ITCH,AAPL,EVENT,650,700,51
AAPL_AUG_XNAS_ITCH_mbp1.dbn.zst,AAPL_AUG,XNAS.ITCH,AAPL,EVENT,700,750,12
AAPL_AUG_XNAS_ITCH_mbp1.dbn.zst,AAPL_AUG,XNAS.ITCH,AAPL,EVENT,750,800,1
AAPL_AUG_XNAS_ITCH_mbp1.dbn.zst,AAPL_AUG,XNAS.ITCH,AAPL,EVENT,800,850,0
AAPL_AUG_XNAS_ITCH_mbp1.dbn.zst,AAPL_AUG,XNAS.ITCH,AAPL,EVENT,850,900,2
AAPL_AUG_XNAS_ITCH_mbp1.dbn.zst,AAPL_AUG,XNAS.ITCH,AAPL,EVENT,900,950,9
AAPL_AUG_XNAS_ITCH_mbp1.dbn.zst,AAPL_AUG,XNAS.ITCH,AAPL,EVENT,950,1000,0
AAPL_AUG_XNAS_ITCH_mbp1.dbn.zst,AAPL_AUG,XNAS.ITCH,AAPL,EVENT,1000,1050,8
AAPL_AUG_XNAS_ITCH_mbp1.dbn.zst,AAPL_AUG,XNAS.ITCH,AAPL,EVENT,1050,1100,18
AAPL_AUG_XNAS_ITCH_mbp1.dbn.zst,AAPL_AUG,XNAS.ITCH,AAPL,EVENT,1100,1150,32
AAPL_AUG_XNAS_ITCH_mbp1.dbn.zst,AAPL_AUG,XNAS.ITCH,AAPL,EVENT,1150,1200,0
AAPL_AUG_XNAS_ITCH_mbp1.dbn.zst,AAPL_AUG,XNAS.ITCH,AAPL,EVENT,1200,1250,0
AAPL_AUG_XNAS_ITCH_mbp1.dbn.zst,AAPL_AUG,XNAS.ITCH,AAPL,EVENT,1250,1300,3
AAPL_AUG_XNAS_ITCH_mbp1.dbn.zst,AAPL_AUG,XNAS.ITCH,AAPL,EVENT,1300,1350,21
AAPL_AUG_XNAS_ITCH_mbp1.dbn.zst,AAPL_AUG,XNAS.ITCH,AAPL,EVENT,1350,1400,0
AAPL_AUG_XNAS_ITCH_mbp1.dbn.zst,AAPL_AUG,XNAS.ITCH,AAPL,EVENT,1400,1450,3
AAPL_AUG_XNAS_ITCH_mbp1.dbn.zst,AAPL_AUG,XNAS.ITCH,AAPL,EVENT,1450,1500,2
AAPL_AUG_XNAS_ITCH_mbp1.dbn.zst,AAPL_AUG,XNAS.ITCH,AAPL,EVENT,1500,1550,0
AAPL_AUG_XNAS_ITCH_mbp1.dbn.zst,AAPL_AUG,XNAS.ITCH,AAPL,EVENT,1550,1600,0
AAPL_AUG_XNAS_ITCH_mbp1.dbn.zst,AAPL_AUG,XNAS.ITCH,AAPL,EVENT,1600,1650,1
AAPL_AUG_XNAS_ITCH_mbp1.dbn.zst,AAPL_AUG,XNAS.ITCH,AAPL,EVENT,1650,1700,0
AAPL_AUG_XNAS_ITCH_mbp1.dbn.zst,AAPL_AUG,XNAS.ITCH,AAPL,EVENT,1700,1750,0
AAPL_AUG_XNAS_ITCH_mbp1.dbn.zst,AAPL_AUG,XNAS.ITCH,AAPL,EVENT,1750,1800,0
AAPL_AUG_XNAS_ITCH_mbp1.dbn.zst,AAPL_AUG,XNAS.ITCH,AAPL,EVENT,1800,1850,0
AAPL_AUG_XNAS_ITCH_mbp1.dbn.zst,AAPL_AUG,XNAS.ITCH,AAPL,EVENT,1850,1900,0
AAPL_AUG_XNAS_ITCH_mbp1.dbn.zst,AAPL_AUG,XNAS.ITCH,AAPL,EVENT,1900,1950,2
AAPL_AUG_XNAS_ITCH_mbp1.dbn.zst,AAPL_AUG,XNAS.ITCH,AAPL,EVENT,1950,2000,0
AAPL_AUG_XNAS_ITCH_mbp1.dbn.zst,AAPL_AUG,XNAS.ITCH,AAPL,EVENT,2000,2050,3
AAPL_AUG_XNAS_ITCH_mbp1.dbn.zst,AAPL_AUG,XNAS.ITCH,AAPL,EVENT,2050,2100,0
AAPL_AUG_XNAS_ITCH_mbp1.dbn.zst,AAPL_AUG,XNAS.ITCH,AAPL,EVENT,2100,2150,3
AAPL_AUG_XNAS_ITCH_mbp1.dbn.zst,AAPL_AUG,XNAS.ITCH,AAPL,EVENT,2150,2200,0
AAPL_AUG_XNAS_ITCH_mbp1.dbn.zst,AAPL_AUG,XNAS.ITCH,AAPL,EVENT,2200,2250,2
AAPL_AUG_XNAS_ITCH_mbp1.dbn.zst,AAPL_AUG,XNAS.ITCH,AAPL,EVENT,2250,2300,0
AAPL_AUG_XNAS_ITCH_mbp1.dbn.zst,AAPL_AUG,XNAS.ITCH,AAPL,EVENT,2300,2350,0
AAPL_AUG_XNAS_ITCH_mbp1.dbn.zst,AAPL_AUG,XNAS.ITCH,AAPL,EVENT,2350,2400,5
AAPL_AUG_XNAS_ITCH_mbp1.dbn.zst,AAPL_AUG,XNAS.ITCH,AAPL,EVENT,2400,2450,0
AAPL_AUG_XNAS_ITCH_mbp1.dbn.zst,AAPL_AUG,XNAS.ITCH,AAPL,EVENT,2450,2500,3
AAPL_AUG_XNAS_ITCH_mbp1.dbn.zst,AAPL_AUG,XNAS.ITCH,AAPL,EVENT,2500,2550,3
AAPL_AUG_XNAS_ITCH_mbp1.dbn.zst,AAPL_AUG,XNAS.ITCH,AAPL,EVENT,2550,2600,0
AAPL_AUG_XNAS_ITCH_mbp1.dbn.zst,AAPL_AUG,XNAS.ITCH,AAPL,EVENT,2600,2650,2
AAPL_AUG_XNAS_ITCH_mbp1.dbn.zst,AAPL_AUG,XNAS.ITCH,AAPL,EVENT,2650,2700,4
AAPL_AUG_XNAS_ITCH_mbp1.dbn.zst,AAPL_AUG,XNAS.ITCH,AAPL,EVENT,2700,2750,0
AAPL_AUG_XNAS_ITCH_mbp1.dbn.zst,AAPL_AUG,XNAS.ITCH,AAPL,EVENT,2750,2800,0
AAPL_AUG_XNAS_ITCH_mbp1.dbn.zst,AAPL_AUG,XNAS.ITCH,AAPL,EVENT,2800,2850,3
AAPL_AUG_XNAS_ITCH_mbp1.dbn.zst,AAPL_AUG,XNAS.ITCH,AAPL,EVENT,2850,2900,0
AAPL_AUG_XNAS_ITCH_mbp1.dbn.zst,AAPL_AUG,XNAS.ITCH,AAPL,EVENT,2900,2950,0
AAPL_AUG_XNAS_ITCH_mbp1.dbn.zst,AAPL_AUG,XNAS.ITCH,AAPL,EVENT,2950,3000,5
AAPL_AUG_XNAS_ITCH_mbp1.dbn.zst,AAPL_AUG,XNAS.ITCH,AAPL,EVENT,3000,3050,4
AAPL_AUG_XNAS_ITCH_mbp1.dbn.zst,AAPL_AUG,XNAS.ITCH,AAPL,EVENT,3050,3100,1
AAPL_AUG_XNAS_ITCH_mbp1.dbn.zst,AAPL_AUG,XNAS.ITCH,AAPL,EVENT,3100,3150,2
AAPL_AUG_XNAS_ITCH_mbp1.dbn.zst,AAPL_AUG,XNAS.ITCH,AAPL,EVENT,3150,3200,0
AAPL_AUG_XNAS_ITCH_mbp1.dbn.zst,AAPL_AUG,XNAS.ITCH,AAPL,EVENT,3200,3250,1
AAPL_AUG_XNAS_ITCH_mbp1.dbn.zst,AAPL_AUG,XNAS.ITCH,AAPL,EVENT,3250,3300,8
AAPL_AUG_XNAS_ITCH_mbp1.dbn.zst,AAPL_AUG,XNAS.ITCH,AAPL,EVENT,3300,3350,1
AAPL_AUG_XNAS_ITCH_mbp1.dbn.zst,AAPL_AUG,XNAS.ITCH,AAPL,EVENT,3350,3400,0
AAPL_AUG_XNAS_ITCH_mbp1.dbn.zst,AAPL_AUG,XNAS.ITCH,AAPL,EVENT,3400,3450,1
AAPL_AUG_XNAS_ITCH_mbp1.dbn.zst,AAPL_AUG,XNAS.ITCH,AAPL,EVENT,3450,3500,0
AAPL_AUG_XNAS_ITCH_mbp1.dbn.zst,AAPL_AUG,XNAS.ITCH,AAPL,EVENT,3500,3550,1
AAPL_AUG_XNAS_ITCH_mbp1.dbn.zst,AAPL_AUG,XNAS.ITCH,AAPL,EVENT,3550,3600,3
AAPL_AUG_XNAS_ITCH_mbp1.dbn.zst,AAPL_AUG,XNAS.ITCH,AAPL,EVENT,3600,3650,0
AAPL_AUG_XNAS_ITCH_mbp1.dbn.zst,AAPL_AUG,XNAS.ITCH,AAPL,EVENT,3650,3700,1
AAPL_AUG_XNAS_ITCH_mbp1.dbn.zst,AAPL_AUG,XNAS.ITCH,AAPL,EVENT,3700,3750,1
AAPL_AUG_XNAS_ITCH_mbp1.dbn.zst,AAPL_AUG,XNAS.ITCH,AAPL,EVENT,3750,3800,1
AAPL_AUG_XNAS_ITCH_mbp1.dbn.zst,AAPL_AUG,XNAS.ITCH,AAPL,EVENT,3800,3850,1
AAPL_AUG_XNAS_ITCH_mbp1.dbn.zst,AAPL_AUG,XNAS.ITCH,AAPL,EVENT,3850,3900,0
AAPL_AUG_XNAS_ITCH_mbp1.dbn.zst,AAPL_AUG,XNAS.ITCH,AAPL,EVENT,3900,3950,3
AAPL_AUG_XNAS_ITCH_mbp1.dbn.zst,AAPL_AUG,XNAS.ITCH,AAPL,EVENT,3950,4000,0
AAPL_AUG_XNAS_ITCH_mbp1.dbn.zst,AAPL_AUG,XNAS.ITCH,AAPL,EVENT,4000,4050,1
AAPL_AUG_XNAS_ITCH_mbp1.dbn.zst,AAPL_AUG,XNAS.ITCH,AAPL,EVENT,4050,4100,32
AAPL_AUG_XNAS_ITCH_mbp1.dbn.zst,AAPL_AUG,XNAS.ITCH,AAPL,EVENT,4100,4150,0
AAPL_AUG_XNAS_ITCH_mbp1.dbn.zst,AAPL_AUG,XNAS.ITCH,AAPL,EVENT,4150,4200,1
AAPL_AUG_XNAS_ITCH_mbp1.dbn.zst,AAPL_AUG,XNAS.ITCH,AAPL,EVENT,4200,4250,2
AAPL_AUG_XNAS_ITCH_mbp1.dbn.zst,AAPL_AUG,XNAS.ITCH,AAPL,EVENT,4250,4300,28
AAPL_AUG_XNAS_ITCH_mbp1.dbn.zst,AAPL_AUG,XNAS.ITCH,AAPL,EVENT,4300,4350,16
AAPL_AUG_XNAS_ITCH_mbp1.dbn.zst,AAPL_AUG,XNAS.ITCH,AAPL,EVENT,4350,4400,0
AAPL_AUG_XNAS_ITCH_mbp1.dbn.zst,AAPL_AUG,XNAS.ITCH,AAPL,EVENT,4400,4450,1
AAPL_AUG_XNAS_ITCH_mbp1.dbn.zst,AAPL_AUG,XNAS.ITCH,AAPL,EVENT,4450,4500,2
AAPL_AUG_XNAS_ITCH_mbp1.dbn.zst,AAPL_AUG,XNAS.ITCH,AAPL,EVENT,4500,4550,18
AAPL_AUG_XNAS_ITCH_mbp1.dbn.zst,AAPL_AUG,XNAS.ITCH,AAPL,EVENT,4550,4600,43
AAPL_AUG_XNAS_ITCH_mbp1.dbn.zst,AAPL_AUG,XNAS.ITCH,AAPL,EVENT,4600,4650,0
AAPL_AUG_XNAS_ITCH_mbp1.dbn.zst,AAPL_AUG,XNAS.ITCH,AAPL,EVENT,4650,4700,28
AAPL_AUG_XNAS_ITCH_mbp1.dbn.zst,AAPL_AUG,XNAS.ITCH,AAPL,EVENT,4700,4750,0
AAPL_AUG_XNAS_ITCH_mbp1.dbn.zst,AAPL_AUG,XNAS.ITCH,AAPL,EVENT,4750,4800,0
AAPL_AUG_XNAS_ITCH_mbp1.dbn.zst,AAPL_AUG,XNAS.ITCH,AAPL,EVENT,4800,4850,0
AAPL_AUG_XNAS_ITCH_mbp1.dbn.zst,AAPL_AUG,XNAS.ITCH,AAPL,EVENT,4850,4900,0
AAPL_AUG_XNAS_ITCH_mbp1.dbn.zst,AAPL_AUG,XNAS.ITCH,AAPL,EVENT,4900,4950,14
AAPL_AUG_XNAS_ITCH_mbp1.dbn.zst,AAPL_AUG,XNAS.ITCH,AAPL,EVENT,4950,5000,20
AAPL_AUG_XNAS_ITCH_mbp1.dbn.zst,AAPL_AUG,XNAS.ITCH,AAPL,RECEIVE,-5000,-4950,0
AAPL_AUG_XNAS_ITCH_mbp1.dbn.zst,AAPL_AUG,XNAS.ITCH,AAPL,RECEIVE,-4950,-4900,0
AAPL_AUG_XNAS_ITCH_mbp1.dbn.zst,AAPL_AUG,XNAS.ITCH,AAPL,RECEIVE,-4900,-4850,0
AAPL_AUG_XNAS_ITCH_mbp1.dbn.zst,AAPL_AUG,XNAS.ITCH,AAPL,RECEIVE,-4850,-4800,2
AAPL_AUG_XNAS_ITCH_mbp1.dbn.zst,AAPL_AUG,XNAS.ITCH,AAPL,RECEIVE,-4800,-4750,7
AAPL_AUG_XNAS_ITCH_mbp1.dbn.zst,AAPL_AUG,XNAS.ITCH,AAPL,RECEIVE,-4750,-4700,6
AAPL_AUG_XNAS_ITCH_mbp1.dbn.zst,AAPL_AUG,XNAS.ITCH,AAPL,RECEIVE,-4700,-4650,3
AAPL_AUG_XNAS_ITCH_mbp1.dbn.zst,AAPL_AUG,XNAS.ITCH,AAPL,RECEIVE,-4650,-4600,1
AAPL_AUG_XNAS_ITCH_mbp1.dbn.zst,AAPL_AUG,XNAS.ITCH,AAPL,RECEIVE,-4600,-4550,2
AAPL_AUG_XNAS_ITCH_mbp1.dbn.zst,AAPL_AUG,XNAS.ITCH,AAPL,RECEIVE,-4550,-4500,0
AAPL_AUG_XNAS_ITCH_mbp1.dbn.zst,AAPL_AUG,XNAS.ITCH,AAPL,RECEIVE,-4500,-4450,1
AAPL_AUG_XNAS_ITCH_mbp1.dbn.zst,AAPL_AUG,XNAS.ITCH,AAPL,RECEIVE,-4450,-4400,0
AAPL_AUG_XNAS_ITCH_mbp1.dbn.zst,AAPL_AUG,XNAS.ITCH,AAPL,RECEIVE,-4400,-4350,0
AAPL_AUG_XNAS_ITCH_mbp1.dbn.zst,AAPL_AUG,XNAS.ITCH,AAPL,RECEIVE,-4350,-4300,0
AAPL_AUG_XNAS_ITCH_mbp1.dbn.zst,AAPL_AUG,XNAS.ITCH,AAPL,RECEIVE,-4300,-4250,3
AAPL_AUG_XNAS_ITCH_mbp1.dbn.zst,AAPL_AUG,XNAS.ITCH,AAPL,RECEIVE,-4250,-4200,4
AAPL_AUG_XNAS_ITCH_mbp1.dbn.zst,AAPL_AUG,XNAS.ITCH,AAPL,RECEIVE,-4200,-4150,0
AAPL_AUG_XNAS_ITCH_mbp1.dbn.zst,AAPL_AUG,XNAS.ITCH,AAPL,RECEIVE,-4150,-4100,2
AAPL_AUG_XNAS_ITCH_mbp1.dbn.zst,AAPL_AUG,XNAS.ITCH,AAPL,RECEIVE,-4100,-4050,5
AAPL_AUG_XNAS_ITCH_mbp1.dbn.zst,AAPL_AUG,XNAS.ITCH,AAPL,RECEIVE,-4050,-4000,2
AAPL_AUG_XNAS_ITCH_mbp1.dbn.zst,AAPL_AUG,XNAS.ITCH,AAPL,RECEIVE,-4000,-3950,1
AAPL_AUG_XNAS_ITCH_mbp1.dbn.zst,AAPL_AUG,XNAS.ITCH,AAPL,RECEIVE,-3950,-3900,2
AAPL_AUG_XNAS_ITCH_mbp1.dbn.zst,AAPL_AUG,XNAS.ITCH,AAPL,RECEIVE,-3900,-3850,2
AAPL_AUG_XNAS_ITCH_mbp1.dbn.zst,AAPL_AUG,XNAS.ITCH,AAPL,RECEIVE,-3850,-3800,1
AAPL_AUG_XNAS_ITCH_mbp1.dbn.zst,AAPL_AUG,XNAS.ITCH,AAPL,RECEIVE,-3800,-3750,1
AAPL_AUG_XNAS_ITCH_mbp1.dbn.zst,AAPL_AUG,XNAS.ITCH,AAPL,RECEIVE,-3750,-3700,3
AAPL_AUG_XNAS_ITCH_mbp1.dbn.zst,AAPL_AUG,XNAS.ITCH,AAPL,RECEIVE,-3700,-3650,18
AAPL_AUG_XNAS_ITCH_mbp1.dbn.zst,AAPL_AUG,XNAS.ITCH,AAPL,RECEIVE,-3650,-3600,23
AAPL_AUG_XNAS_ITCH_mbp1.dbn.zst,AAPL_AUG,XNAS.ITCH,AAPL,RECEIVE,-3600,-3550,0
AAPL_AUG_XNAS_ITCH_mbp1.dbn.zst,AAPL_AUG,XNAS.ITCH,AAPL,RECEIVE,-3550,-3500,1
AAPL_AUG_XNAS_ITCH_mbp1.dbn.zst,AAPL_AUG,XNAS.ITCH,AAPL,RECEIVE,-3500,-3450,0
AAPL_AUG_XNAS_ITCH_mbp1.dbn.zst,AAPL_AUG,XNAS.ITCH,AAPL,RECEIVE,-3450,-3400,6
AAPL_AUG_XNAS_ITCH_mbp1.dbn.zst,AAPL_AUG,XNAS.ITCH,AAPL,RECEIVE,-3400,-3350,4
AAPL_AUG_XNAS_ITCH_mbp1.dbn.zst,AAPL_AUG,XNAS.ITCH,AAPL,RECEIVE,-3350,-3300,2
AAPL_AUG_XNAS_ITCH_mbp1.dbn.zst,AAPL_AUG,XNAS.ITCH,AAPL,RECEIVE,-3300,-3250,5
AAPL_AUG_XNAS_ITCH_mbp1.dbn.zst,AAPL_AUG,XNAS.ITCH,AAPL,RECEIVE,-3250,-3200,6
AAPL_AUG_XNAS_ITCH_mbp1.dbn.zst,AAPL_AUG,XNAS.ITCH,AAPL,RECEIVE,-3200,-3150,4
AAPL_AUG_XNAS_ITCH_mbp1.dbn.zst,AAPL_AUG,XNAS.ITCH,AAPL,RECEIVE,-3150,-3100,5
AAPL_AUG_XNAS_ITCH_mbp1.dbn.zst,AAPL_AUG,XNAS.ITCH,AAPL,RECEIVE,-3100,-3050,2
AAPL_AUG_XNAS_ITCH_mbp1.dbn.zst,AAPL_AUG,XNAS.ITCH,AAPL,RECEIVE,-3050,-3000,2
AAPL_AUG_XNAS_ITCH_mbp1.dbn.zst,AAPL_AUG,XNAS.ITCH,AAPL,RECEIVE,-3000,-2950,2
AAPL_AUG_XNAS_ITCH_mbp1.dbn.zst,AAPL_AUG,XNAS.ITCH,AAPL,RECEIVE,-2950,-2900,2
AAPL_AUG_XNAS_ITCH_mbp1.dbn.zst,AAPL_AUG,XNAS.ITCH,AAPL,RECEIVE,-2900,-2850,2
AAPL_AUG_XNAS_ITCH_mbp1.dbn.zst,AAPL_AUG,XNAS.ITCH,AAPL,RECEIVE,-2850,-2800,1
AAPL_AUG_XNAS_ITCH_mbp1.dbn.zst,AAPL_AUG,XNAS.ITCH,AAPL,RECEIVE,-2800,-2750,0
AAPL_AUG_XNAS_ITCH_mbp1.dbn.zst,AAPL_AUG,XNAS.ITCH,AAPL,RECEIVE,-2750,-2700,2
AAPL_AUG_XNAS_ITCH_mbp1.dbn.zst,AAPL_AUG,XNAS.ITCH,AAPL,RECEIVE,-2700,-2650,1
AAPL_AUG_XNAS_ITCH_mbp1.dbn.zst,AAPL_AUG,XNAS.ITCH,AAPL,RECEIVE,-2650,-2600,1
AAPL_AUG_XNAS_ITCH_mbp1.dbn.zst,AAPL_AUG,XNAS.ITCH,AAPL,RECEIVE,-2600,-2550,0
AAPL_AUG_XNAS_ITCH_mbp1.dbn.zst,AAPL_AUG,XNAS.ITCH,AAPL,RECEIVE,-2550,-2500,1
AAPL_AUG_XNAS_ITCH_mbp1.dbn.zst,AAPL_AUG,XNAS.ITCH,AAPL,RECEIVE,-2500,-2450,0
AAPL_AUG_XNAS_ITCH_mbp1.dbn.zst,AAPL_AUG,XNAS.ITCH,AAPL,RECEIVE,-2450,-2400,1
AAPL_AUG_XNAS_ITCH_mbp1.dbn.zst,AAPL_AUG,XNAS.ITCH,AAPL,RECEIVE,-2400,-2350,1
AAPL_AUG_XNAS_ITCH_mbp1.dbn.zst,AAPL_AUG,XNAS.ITCH,AAPL,RECEIVE,-2350,-2300,1
AAPL_AUG_XNAS_ITCH_mbp1.dbn.zst,AAPL_AUG,XNAS.ITCH,AAPL,RECEIVE,-2300,-2250,0
AAPL_AUG_XNAS_ITCH_mbp1.dbn.zst,AAPL_AUG,XNAS.ITCH,AAPL,RECEIVE,-2250,-2200,2
AAPL_AUG_XNAS_ITCH_mbp1.dbn.zst,AAPL_AUG,XNAS.ITCH,AAPL,RECEIVE,-2200,-2150,0
AAPL_AUG_XNAS_ITCH_mbp1.dbn.zst,AAPL_AUG,XNAS.ITCH,AAPL,RECEIVE,-2150,-2100,1
AAPL_AUG_XNAS_ITCH_mbp1.dbn.zst,AAPL_AUG,XNAS.ITCH,AAPL,RECEIVE,-2100,-2050,1
AAPL_AUG_XNAS_ITCH_mbp1.dbn.zst,AAPL_AUG,XNAS.ITCH,AAPL,RECEIVE,-2050,-2000,3
AAPL_AUG_XNAS_ITCH_mbp1.dbn.zst,AAPL_AUG,XNAS.ITCH,AAPL,RECEIVE,-2000,-1950,1
AAPL_AUG_XNAS_ITCH_mbp1.dbn.zst,AAPL_AUG,XNAS.ITCH,AAPL,RECEIVE,-1950,-1900,7
AAPL_AUG_XNAS_ITCH_mbp1.dbn.zst,AAPL_AUG,XNAS.ITCH,AAPL,RECEIVE,-1900,-1850,3
AAPL_AUG_XNAS_ITCH_mbp1.dbn.zst,AAPL_AUG,XNAS.ITCH,AAPL,RECEIVE,-1850,-1800,5
AAPL_AUG_XNAS_ITCH_mbp1.dbn.zst,AAPL_AUG,XNAS.ITCH,AAPL,RECEIVE,-1800,-1750,2
AAPL_AUG_XNAS_ITCH_mbp1.dbn.zst,AAPL_AUG,XNAS.ITCH,AAPL,RECEIVE,-1750,-1700,1
AAPL_AUG_XNAS_ITCH_mbp1.dbn.zst,AAPL_AUG,XNAS.ITCH,AAPL,RECEIVE,-1700,-1650,0
AAPL_AUG_XNAS_ITCH_mbp1.dbn.zst,AAPL_AUG,XNAS.ITCH,AAPL,RECEIVE,-1650,-1600,9
AAPL_AUG_XNAS_ITCH_mbp1.dbn.zst,AAPL_AUG,XNAS.ITCH,AAPL,RECEIVE,-1600,-1550,2
AAPL_AUG_XNAS_ITCH_mbp1.dbn.zst,AAPL_AUG,XNAS.ITCH,AAPL,RECEIVE,-1550,-1500,0
AAPL_AUG_XNAS_ITCH_mbp1.dbn.zst,AAPL_AUG,XNAS.ITCH,AAPL,RECEIVE,-1500,-1450,0
AAPL_AUG_XNAS_ITCH_mbp1.dbn.zst,AAPL_AUG,XNAS.ITCH,AAPL,RECEIVE,-1450,-1400,0
AAPL_AUG_XNAS_ITCH_mbp1.dbn.zst,AAPL_AUG,XNAS.ITCH,AAPL,RECEIVE,-1400,-1350,2
AAPL_AUG_XNAS_ITCH_mbp1.dbn.zst,AAPL_AUG,XNAS.ITCH,AAPL,RECEIVE,-1350,-1300,4
AAPL_AUG_XNAS_ITCH_mbp1.dbn.zst,AAPL_AUG,XNAS.ITCH,AAPL,RECEIVE,-1300,-1250,2
AAPL_AUG_XNAS_ITCH_mbp1.dbn.zst,AAPL_AUG,XNAS.ITCH,AAPL,RECEIVE,-1250,-1200,3
AAPL_AUG_XNAS_ITCH_mbp1.dbn.zst,AAPL_AUG,XNAS.ITCH,AAPL,RECEIVE,-1200,-1150,0
AAPL_AUG_XNAS_ITCH_mbp1.dbn.zst,AAPL_AUG,XNAS.ITCH,AAPL,RECEIVE,-1150,-1100,0
AAPL_AUG_XNAS_ITCH_mbp1.dbn.zst,AAPL_AUG,XNAS.ITCH,AAPL,RECEIVE,-1100,-1050,2
AAPL_AUG_XNAS_ITCH_mbp1.dbn.zst,AAPL_AUG,XNAS.ITCH,AAPL,RECEIVE,-1050,-1000,3
AAPL_AUG_XNAS_ITCH_mbp1.dbn.zst,AAPL_AUG,XNAS.ITCH,AAPL,RECEIVE,-1000,-950,3
AAPL_AUG_XNAS_ITCH_mbp1.dbn.zst,AAPL_AUG,XNAS.ITCH,AAPL,RECEIVE,-950,-900,2
AAPL_AUG_XNAS_ITCH_mbp1.dbn.zst,AAPL_AUG,XNAS.ITCH,AAPL,RECEIVE,-900,-850,0
AAPL_AUG_XNAS_ITCH_mbp1.dbn.zst,AAPL_AUG,XNAS.ITCH,AAPL,RECEIVE,-850,-800,6
AAPL_AUG_XNAS_ITCH_mbp1.dbn.zst,AAPL_AUG,XNAS.ITCH,AAPL,RECEIVE,-800,-750,4
AAPL_AUG_XNAS_ITCH_mbp1.dbn.zst,AAPL_AUG,XNAS.ITCH,AAPL,RECEIVE,-750,-700,8
AAPL_AUG_XNAS_ITCH_mbp1.dbn.zst,AAPL_AUG,XNAS.ITCH,AAPL,RECEIVE,-700,-650,4
AAPL_AUG_XNAS_ITCH_mbp1.dbn.zst,AAPL_AUG,XNAS.ITCH,AAPL,RECEIVE,-650,-600,4
AAPL_AUG_XNAS_ITCH_mbp1.dbn.zst,AAPL_AUG,XNAS.ITCH,AAPL,RECEIVE,-600,-550,1
AAPL_AUG_XNAS_ITCH_mbp1.dbn.zst,AAPL_AUG,XNAS.ITCH,AAPL,RECEIVE,-550,-500,6
AAPL_AUG_XNAS_ITCH_mbp1.dbn.zst,AAPL_AUG,XNAS.ITCH,AAPL,RECEIVE,-500,-450,6
AAPL_AUG_XNAS_ITCH_mbp1.dbn.zst,AAPL_AUG,XNAS.ITCH,AAPL,RECEIVE,-450,-400,8
AAPL_AUG_XNAS_ITCH_mbp1.dbn.zst,AAPL_AUG,XNAS.ITCH,AAPL,RECEIVE,-400,-350,4
AAPL_AUG_XNAS_ITCH_mbp1.dbn.zst,AAPL_AUG,XNAS.ITCH,AAPL,RECEIVE,-350,-300,7
AAPL_AUG_XNAS_ITCH_mbp1.dbn.zst,AAPL_AUG,XNAS.ITCH,AAPL,RECEIVE,-300,-250,2
AAPL_AUG_XNAS_ITCH_mbp1.dbn.zst,AAPL_AUG,XNAS.ITCH,AAPL,RECEIVE,-250,-200,3
AAPL_AUG_XNAS_ITCH_mbp1.dbn.zst,AAPL_AUG,XNAS.ITCH,AAPL,RECEIVE,-200,-150,21
AAPL_AUG_XNAS_ITCH_mbp1.dbn.zst,AAPL_AUG,XNAS.ITCH,AAPL,RECEIVE,-150,-100,4
AAPL_AUG_XNAS_ITCH_mbp1.dbn.zst,AAPL_AUG,XNAS.ITCH,AAPL,RECEIVE,-100,-50,4
AAPL_AUG_XNAS_ITCH_mbp1.dbn.zst,AAPL_AUG,XNAS.ITCH,AAPL,RECEIVE,-50,0,11
AAPL_AUG_XNAS_ITCH_mbp1.dbn.zst,AAPL_AUG,XNAS.ITCH,AAPL,RECEIVE,0,50,24
AAPL_AUG_XNAS_ITCH_mbp1.dbn.zst,AAPL_AUG,XNAS.ITCH,AAPL,RECEIVE,50,100,48
AAPL_AUG_XNAS_ITCH_mbp1.dbn.zst,AAPL_AUG,XNAS.ITCH,AAPL,RECEIVE,100,150,51
AAPL_AUG_XNAS_ITCH_mbp1.dbn.zst,AAPL_AUG,XNAS.ITCH,AAPL,RECEIVE,150,200,27
AAPL_AUG_XNAS_ITCH_mbp1.dbn.zst,AAPL_AUG,XNAS.ITCH,AAPL,RECEIVE,200,250,13
AAPL_AUG_XNAS_ITCH_mbp1.dbn.zst,AAPL_AUG,XNAS.ITCH,AAPL,RECEIVE,250,300,56
AAPL_AUG_XNAS_ITCH_mbp1.dbn.zst,AAPL_AUG,XNAS.ITCH,AAPL,RECEIVE,300,350,60
AAPL_AUG_XNAS_ITCH_mbp1.dbn.zst,AAPL_AUG,XNAS.ITCH,AAPL,RECEIVE,350,400,26
AAPL_AUG_XNAS_ITCH_mbp1.dbn.zst,AAPL_AUG,XNAS.ITCH,AAPL,RECEIVE,400,450,23
AAPL_AUG_XNAS_ITCH_mbp1.dbn.zst,AAPL_AUG,XNAS.ITCH,AAPL,RECEIVE,450,500,60
AAPL_AUG_XNAS_ITCH_mbp1.dbn.zst,AAPL_AUG,XNAS.ITCH,AAPL,RECEIVE,500,550,34
AAPL_AUG_XNAS_ITCH_mbp1.dbn.zst,AAPL_AUG,XNAS.ITCH,AAPL,RECEIVE,550,600,31
AAPL_AUG_XNAS_ITCH_mbp1.dbn.zst,AAPL_AUG,XNAS.ITCH,AAPL,RECEIVE,600,650,14
AAPL_AUG_XNAS_ITCH_mbp1.dbn.zst,AAPL_AUG,XNAS.ITCH,AAPL,RECEIVE,650,700,51
AAPL_AUG_XNAS_ITCH_mbp1.dbn.zst,AAPL_AUG,XNAS.ITCH,AAPL,RECEIVE,700,750,12
AAPL_AUG_XNAS_ITCH_mbp1.dbn.zst,AAPL_AUG,XNAS.ITCH,AAPL,RECEIVE,750,800,1
AAPL_AUG_XNAS_ITCH_mbp1.dbn.zst,AAPL_AUG,XNAS.ITCH,AAPL,RECEIVE,800,850,0
AAPL_AUG_XNAS_ITCH_mbp1.dbn.zst,AAPL_AUG,XNAS.ITCH,AAPL,RECEIVE,850,900,2
AAPL_AUG_XNAS_ITCH_mbp1.dbn.zst,AAPL_AUG,XNAS.ITCH,AAPL,RECEIVE,900,950,9
AAPL_AUG_XNAS_ITCH_mbp1.dbn.zst,AAPL_AUG,XNAS.ITCH,AAPL,RECEIVE,950,1000,0
AAPL_AUG_XNAS_ITCH_mbp1.dbn.zst,AAPL_AUG,XNAS.ITCH,AAPL,RECEIVE,1000,1050,8
AAPL_AUG_XNAS_ITCH_mbp1.dbn.zst,AAPL_AUG,XNAS.ITCH,AAPL,RECEIVE,1050,1100,18
AAPL_AUG_XNAS_ITCH_mbp1.dbn.zst,AAPL_AUG,XNAS.ITCH,AAPL,RECEIVE,1100,1150,32
AAPL_AUG_XNAS_ITCH_mbp1.dbn.zst,AAPL_AUG,XNAS.ITCH,AAPL,RECEIVE,1150,1200,0
AAPL_AUG_XNAS_ITCH_mbp1.dbn.zst,AAPL_AUG,XNAS.ITCH,AAPL,RECEIVE,1200,1250,0
AAPL_AUG_XNAS_ITCH_mbp1.dbn.zst,AAPL_AUG,XNAS.ITCH,AAPL,RECEIVE,1250,1300,3
AAPL_AUG_XNAS_ITCH_mbp1.dbn.zst,AAPL_AUG,XNAS.ITCH,AAPL,RECEIVE,1300,1350,21
AAPL_AUG_XNAS_ITCH_mbp1.dbn.zst,AAPL_AUG,XNAS.ITCH,AAPL,RECEIVE,1350,1400,0
AAPL_AUG_XNAS_ITCH_mbp1.dbn.zst,AAPL_AUG,XNAS.ITCH,AAPL,RECEIVE,1400,1450,3
AAPL_AUG_XNAS_ITCH_mbp1.dbn.zst,AAPL_AUG,XNAS.ITCH,AAPL,RECEIVE,1450,1500,2
AAPL_AUG_XNAS_ITCH_mbp1.dbn.zst,AAPL_AUG,XNAS.ITCH,AAPL,RECEIVE,1500,1550,0
AAPL_AUG_XNAS_ITCH_mbp1.dbn.zst,AAPL_AUG,XNAS.ITCH,AAPL,RECEIVE,1550,1600,0
AAPL_AUG_XNAS_ITCH_mbp1.dbn.zst,AAPL_AUG,XNAS.ITCH,AAPL,RECEIVE,1600,1650,1
AAPL_AUG_XNAS_ITCH_mbp1.dbn.zst,AAPL_AUG,XNAS.ITCH,AAPL,RECEIVE,1650,1700,0
AAPL_AUG_XNAS_ITCH_mbp1.dbn.zst,AAPL_AUG,XNAS.ITCH,AAPL,RECEIVE,1700,1750,0
AAPL_AUG_XNAS_ITCH_mbp1.dbn.zst,AAPL_AUG,XNAS.ITCH,AAPL,RECEIVE,1750,1800,0
AAPL_AUG_XNAS_ITCH_mbp1.dbn.zst,AAPL_AUG,XNAS.ITCH,AAPL,RECEIVE,1800,1850,0
AAPL_AUG_XNAS_ITCH_mbp1.dbn.zst,AAPL_AUG,XNAS.ITCH,AAPL,RECEIVE,1850,1900,0
AAPL_AUG_XNAS_ITCH_mbp1.dbn.zst,AAPL_AUG,XNAS.ITCH,AAPL,RECEIVE,1900,1950,2
AAPL_AUG_XNAS_ITCH_mbp1.dbn.zst,AAPL_AUG,XNAS.ITCH,AAPL,RECEIVE,1950,2000,0
AAPL_AUG_XNAS_ITCH_mbp1.dbn.zst,AAPL_AUG,XNAS.ITCH,AAPL,RECEIVE,2000,2050,3
AAPL_AUG_XNAS_ITCH_mbp1.dbn.zst,AAPL_AUG,XNAS.ITCH,AAPL,RECEIVE,2050,2100,0
AAPL_AUG_XNAS_ITCH_mbp1.dbn.zst,AAPL_AUG,XNAS.ITCH,AAPL,RECEIVE,2100,2150,3
AAPL_AUG_XNAS_ITCH_mbp1.dbn.zst,AAPL_AUG,XNAS.ITCH,AAPL,RECEIVE,2150,2200,0
AAPL_AUG_XNAS_ITCH_mbp1.dbn.zst,AAPL_AUG,XNAS.ITCH,AAPL,RECEIVE,2200,2250,2
AAPL_AUG_XNAS_ITCH_mbp1.dbn.zst,AAPL_AUG,XNAS.ITCH,AAPL,RECEIVE,2250,2300,0
AAPL_AUG_XNAS_ITCH_mbp1.dbn.zst,AAPL_AUG,XNAS.ITCH,AAPL,RECEIVE,2300,2350,5
AAPL_AUG_XNAS_ITCH_mbp1.dbn.zst,AAPL_AUG,XNAS.ITCH,AAPL,RECEIVE,2350,2400,0
AAPL_AUG_XNAS_ITCH_mbp1.dbn.zst,AAPL_AUG,XNAS.ITCH,AAPL,RECEIVE,2400,2450,0
AAPL_AUG_XNAS_ITCH_mbp1.dbn.zst,AAPL_AUG,XNAS.ITCH,AAPL,RECEIVE,2450,2500,3
AAPL_AUG_XNAS_ITCH_mbp1.dbn.zst,AAPL_AUG,XNAS.ITCH,AAPL,RECEIVE,2500,2550,3
AAPL_AUG_XNAS_ITCH_mbp1.dbn.zst,AAPL_AUG,XNAS.ITCH,AAPL,RECEIVE,2550,2600,0
AAPL_AUG_XNAS_ITCH_mbp1.dbn.zst,AAPL_AUG,XNAS.ITCH,AAPL,RECEIVE,2600,2650,2
AAPL_AUG_XNAS_ITCH_mbp1.dbn.zst,AAPL_AUG,XNAS.ITCH,AAPL,RECEIVE,2650,2700,4
AAPL_AUG_XNAS_ITCH_mbp1.dbn.zst,AAPL_AUG,XNAS.ITCH,AAPL,RECEIVE,2700,2750,0
AAPL_AUG_XNAS_ITCH_mbp1.dbn.zst,AAPL_AUG,XNAS.ITCH,AAPL,RECEIVE,2750,2800,0
AAPL_AUG_XNAS_ITCH_mbp1.dbn.zst,AAPL_AUG,XNAS.ITCH,AAPL,RECEIVE,2800,2850,3
AAPL_AUG_XNAS_ITCH_mbp1.dbn.zst,AAPL_AUG,XNAS.ITCH,AAPL,RECEIVE,2850,2900,0
AAPL_AUG_XNAS_ITCH_mbp1.dbn.zst,AAPL_AUG,XNAS.ITCH,AAPL,RECEIVE,2900,2950,0
AAPL_AUG_XNAS_ITCH_mbp1.dbn.zst,AAPL_AUG,XNAS.ITCH,AAPL,RECEIVE,2950,3000,5
AAPL_AUG_XNAS_ITCH_mbp1.dbn.zst,AAPL_AUG,XNAS.ITCH,AAPL,RECEIVE,3000,3050,4
AAPL_AUG_XNAS_ITCH_mbp1.dbn.zst,AAPL_AUG,XNAS.ITCH,AAPL,RECEIVE,3050,3100,2
AAPL_AUG_XNAS_ITCH_mbp1.dbn.zst,AAPL_AUG,XNAS.ITCH,AAPL,RECEIVE,3100,3150,1
AAPL_AUG_XNAS_ITCH_mbp1.dbn.zst,AAPL_AUG,XNAS.ITCH,AAPL,RECEIVE,3150,3200,0
AAPL_AUG_XNAS_ITCH_mbp1.dbn.zst,AAPL_AUG,XNAS.ITCH,AAPL,RECEIVE,3200,3250,1
AAPL_AUG_XNAS_ITCH_mbp1.dbn.zst,AAPL_AUG,XNAS.ITCH,AAPL,RECEIVE,3250,3300,8
AAPL_AUG_XNAS_ITCH_mbp1.dbn.zst,AAPL_AUG,XNAS.ITCH,AAPL,RECEIVE,3300,3350,1
AAPL_AUG_XNAS_ITCH_mbp1.dbn.zst,AAPL_AUG,XNAS.ITCH,AAPL,RECEIVE,3350,3400,0
AAPL_AUG_XNAS_ITCH_mbp1.dbn.zst,AAPL_AUG,XNAS.ITCH,AAPL,RECEIVE,3400,3450,1
AAPL_AUG_XNAS_ITCH_mbp1.dbn.zst,AAPL_AUG,XNAS.ITCH,AAPL,RECEIVE,3450,3500,0
AAPL_AUG_XNAS_ITCH_mbp1.dbn.zst,AAPL_AUG,XNAS.ITCH,AAPL,RECEIVE,3500,3550,1
AAPL_AUG_XNAS_ITCH_mbp1.dbn.zst,AAPL_AUG,XNAS.ITCH,AAPL,RECEIVE,3550,3600,3
AAPL_AUG_XNAS_ITCH_mbp1.dbn.zst,AAPL_AUG,XNAS.ITCH,AAPL,RECEIVE,3600,3650,0
AAPL_AUG_XNAS_ITCH_mbp1.dbn.zst,AAPL_AUG,XNAS.ITCH,AAPL,RECEIVE,3650,3700,1
AAPL_AUG_XNAS_ITCH_mbp1.dbn.zst,AAPL_AUG,XNAS.ITCH,AAPL,RECEIVE,3700,3750,1
AAPL_AUG_XNAS_ITCH_mbp1.dbn.zst,AAPL_AUG,XNAS.ITCH,AAPL,RECEIVE,3750,3800,1
AAPL_AUG_XNAS_ITCH_mbp1.dbn.zst,AAPL_AUG,XNAS.ITCH,AAPL,RECEIVE,3800,3850,1
AAPL_AUG_XNAS_ITCH_mbp1.dbn.zst,AAPL_AUG,XNAS.ITCH,AAPL,RECEIVE,3850,3900,0
AAPL_AUG_XNAS_ITCH_mbp1.dbn.zst,AAPL_AUG,XNAS.ITCH,AAPL,RECEIVE,3900,3950,3
AAPL_AUG_XNAS_ITCH_mbp1.dbn.zst,AAPL_AUG,XNAS.ITCH,AAPL,RECEIVE,3950,4000,0
AAPL_AUG_XNAS_ITCH_mbp1.dbn.zst,AAPL_AUG,XNAS.ITCH,AAPL,RECEIVE,4000,4050,15
AAPL_AUG_XNAS_ITCH_mbp1.dbn.zst,AAPL_AUG,XNAS.ITCH,AAPL,RECEIVE,4050,4100,18
AAPL_AUG_XNAS_ITCH_mbp1.dbn.zst,AAPL_AUG,XNAS.ITCH,AAPL,RECEIVE,4100,4150,0
AAPL_AUG_XNAS_ITCH_mbp1.dbn.zst,AAPL_AUG,XNAS.ITCH,AAPL,RECEIVE,4150,4200,1
AAPL_AUG_XNAS_ITCH_mbp1.dbn.zst,AAPL_AUG,XNAS.ITCH,AAPL,RECEIVE,4200,4250,2
AAPL_AUG_XNAS_ITCH_mbp1.dbn.zst,AAPL_AUG,XNAS.ITCH,AAPL,RECEIVE,4250,4300,28
AAPL_AUG_XNAS_ITCH_mbp1.dbn.zst,AAPL_AUG,XNAS.ITCH,AAPL,RECEIVE,4300,4350,16
AAPL_AUG_XNAS_ITCH_mbp1.dbn.zst,AAPL_AUG,XNAS.ITCH,AAPL,RECEIVE,4350,4400,0
AAPL_AUG_XNAS_ITCH_mbp1.dbn.zst,AAPL_AUG,XNAS.ITCH,AAPL,RECEIVE,4400,4450,1
AAPL_AUG_XNAS_ITCH_mbp1.dbn.zst,AAPL_AUG,XNAS.ITCH,AAPL,RECEIVE,4450,4500,2
AAPL_AUG_XNAS_ITCH_mbp1.dbn.zst,AAPL_AUG,XNAS.ITCH,AAPL,RECEIVE,4500,4550,46
AAPL_AUG_XNAS_ITCH_mbp1.dbn.zst,AAPL_AUG,XNAS.ITCH,AAPL,RECEIVE,4550,4600,15
AAPL_AUG_XNAS_ITCH_mbp1.dbn.zst,AAPL_AUG,XNAS.ITCH,AAPL,RECEIVE,4600,4650,14
AAPL_AUG_XNAS_ITCH_mbp1.dbn.zst,AAPL_AUG,XNAS.ITCH,AAPL,RECEIVE,4650,4700,14
AAPL_AUG_XNAS_ITCH_mbp1.dbn.zst,AAPL_AUG,XNAS.ITCH,AAPL,RECEIVE,4700,4750,0
AAPL_AUG_XNAS_ITCH_mbp1.dbn.zst,AAPL_AUG,XNAS.ITCH,AAPL,RECEIVE,4750,4800,0
AAPL_AUG_XNAS_ITCH_mbp1.dbn.zst,AAPL_AUG,XNAS.ITCH,AAPL,RECEIVE,4800,4850,0
AAPL_AUG_XNAS_ITCH_mbp1.dbn.zst,AAPL_AUG,XNAS.ITCH,AAPL,RECEIVE,4850,4900,0
AAPL_AUG_XNAS_ITCH_mbp1.dbn.zst,AAPL_AUG,XNAS.ITCH,AAPL,RECEIVE,4900,4950,14
AAPL_AUG_XNAS_ITCH_mbp1.dbn.zst,AAPL_AUG,XNAS.ITCH,AAPL,RECEIVE,4950,5000,20
AAPL_FEB_ARCX_PILLAR_mbp1.dbn.zst,AAPL_FEB,ARCX.PILLAR,AAPL,EVENT,-5000,-4950,0
AAPL_FEB_ARCX_PILLAR_mbp1.dbn.zst,AAPL_FEB,ARCX.PILLAR,AAPL,EVENT,-4950,-4900,0
AAPL_FEB_ARCX_PILLAR_mbp1.dbn.zst,AAPL_FEB,ARCX.PILLAR,AAPL,EVENT,-4900,-4850,18
AAPL_FEB_ARCX_PILLAR_mbp1.dbn.zst,AAPL_FEB,ARCX.PILLAR,AAPL,EVENT,-4850,-4800,11
AAPL_FEB_ARCX_PILLAR_mbp1.dbn.zst,AAPL_FEB,ARCX.PILLAR,AAPL,EVENT,-4800,-4750,0
AAPL_FEB_ARCX_PILLAR_mbp1.dbn.zst,AAPL_FEB,ARCX.PILLAR,AAPL,EVENT,-4750,-4700,1
AAPL_FEB_ARCX_PILLAR_mbp1.dbn.zst,AAPL_FEB,ARCX.PILLAR,AAPL,EVENT,-4700,-4650,19
AAPL_FEB_ARCX_PILLAR_mbp1.dbn.zst,AAPL_FEB,ARCX.PILLAR,AAPL,EVENT,-4650,-4600,23
AAPL_FEB_ARCX_PILLAR_mbp1.dbn.zst,AAPL_FEB,ARCX.PILLAR,AAPL,EVENT,-4600,-4550,1
AAPL_FEB_ARCX_PILLAR_mbp1.dbn.zst,AAPL_FEB,ARCX.PILLAR,AAPL,EVENT,-4550,-4500,0
AAPL_FEB_ARCX_PILLAR_mbp1.dbn.zst,AAPL_FEB,ARCX.PILLAR,AAPL,EVENT,-4500,-4450,27
AAPL_FEB_ARCX_PILLAR_mbp1.dbn.zst,AAPL_FEB,ARCX.PILLAR,AAPL,EVENT,-4450,-4400,0
AAPL_FEB_ARCX_PILLAR_mbp1.dbn.zst,AAPL_FEB,ARCX.PILLAR,AAPL,EVENT,-4400,-4350,4
AAPL_FEB_ARCX_PILLAR_mbp1.dbn.zst,AAPL_FEB,ARCX.PILLAR,AAPL,EVENT,-4350,-4300,1
AAPL_FEB_ARCX_PILLAR_mbp1.dbn.zst,AAPL_FEB,ARCX.PILLAR,AAPL,EVENT,-4300,-4250,50
AAPL_FEB_ARCX_PILLAR_mbp1.dbn.zst,AAPL_FEB,ARCX.PILLAR,AAPL,EVENT,-4250,-4200,31
AAPL_FEB_ARCX_PILLAR_mbp1.dbn.zst,AAPL_FEB,ARCX.PILLAR,AAPL,EVENT,-4200,-4150,4
AAPL_FEB_ARCX_PILLAR_mbp1.dbn.zst,AAPL_FEB,ARCX.PILLAR,AAPL,EVENT,-4150,-4100,53
AAPL_FEB_ARCX_PILLAR_mbp1.dbn.zst,AAPL_FEB,ARCX.PILLAR,AAPL,EVENT,-4100,-4050,4
AAPL_FEB_ARCX_PILLAR_mbp1.dbn.zst,AAPL_FEB,ARCX.PILLAR,AAPL,EVENT,-4050,-4000,0
AAPL_FEB_ARCX_PILLAR_mbp1.dbn.zst,AAPL_FEB,ARCX.PILLAR,AAPL,EVENT,-4000,-3950,23
AAPL_FEB_ARCX_PILLAR_mbp1.dbn.zst,AAPL_FEB,ARCX.PILLAR,AAPL,EVENT,-3950,-3900,0
AAPL_FEB_ARCX_PILLAR_mbp1.dbn.zst,AAPL_FEB,ARCX.PILLAR,AAPL,EVENT,-3900,-3850,1
AAPL_FEB_ARCX_PILLAR_mbp1.dbn.zst,AAPL_FEB,ARCX.PILLAR,AAPL,EVENT,-3850,-3800,0
AAPL_FEB_ARCX_PILLAR_mbp1.dbn.zst,AAPL_FEB,ARCX.PILLAR,AAPL,EVENT,-3800,-3750,5
AAPL_FEB_ARCX_PILLAR_mbp1.dbn.zst,AAPL_FEB,ARCX.PILLAR,AAPL,EVENT,-3750,-3700,1
AAPL_FEB_ARCX_PILLAR_mbp1.dbn.zst,AAPL_FEB,ARCX.PILLAR,AAPL,EVENT,-3700,-3650,0
AAPL_FEB_ARCX_PILLAR_mbp1.dbn.zst,AAPL_FEB,ARCX.PILLAR,AAPL,EVENT,-3650,-3600,2
AAPL_FEB_ARCX_PILLAR_mbp1.dbn.zst,AAPL_FEB,ARCX.PILLAR,AAPL,EVENT,-3600,-3550,34
AAPL_FEB_ARCX_PILLAR_mbp1.dbn.zst,AAPL_FEB,ARCX.PILLAR,AAPL,EVENT,-3550,-3500,13
AAPL_FEB_ARCX_PILLAR_mbp1.dbn.zst,AAPL_FEB,ARCX.PILLAR,AAPL,EVENT,-3500,-3450,2
AAPL_FEB_ARCX_PILLAR_mbp1.dbn.zst,AAPL_FEB,ARCX.PILLAR,AAPL,EVENT,-3450,-3400,3
AAPL_FEB_ARCX_PILLAR_mbp1.dbn.zst,AAPL_FEB,ARCX.PILLAR,AAPL,EVENT,-3400,-3350,48
AAPL_FEB_ARCX_PILLAR_mbp1.dbn.zst,AAPL_FEB,ARCX.PILLAR,AAPL,EVENT,-3350,-3300,12
AAPL_FEB_ARCX_PILLAR_mbp1.dbn.zst,AAPL_FEB,ARCX.PILLAR,AAPL,EVENT,-3300,-3250,37
AAPL_FEB_ARCX_PILLAR_mbp1.dbn.zst,AAPL_FEB,ARCX.PILLAR,AAPL,EVENT,-3250,-3200,4
AAPL_FEB_ARCX_PILLAR_mbp1.dbn.zst,AAPL_FEB,ARCX.PILLAR,AAPL,EVENT,-3200,-3150,1
AAPL_FEB_ARCX_PILLAR_mbp1.dbn.zst,AAPL_FEB,ARCX.PILLAR,AAPL,EVENT,-3150,-3100,2
AAPL_FEB_ARCX_PILLAR_mbp1.dbn.zst,AAPL_FEB,ARCX.PILLAR,AAPL,EVENT,-3100,-3050,1
AAPL_FEB_ARCX_PILLAR_mbp1.dbn.zst,AAPL_FEB,ARCX.PILLAR,AAPL,EVENT,-3050,-3000,3
AAPL_FEB_ARCX_PILLAR_mbp1.dbn.zst,AAPL_FEB,ARCX.PILLAR,AAPL,EVENT,-3000,-2950,0
AAPL_FEB_ARCX_PILLAR_mbp1.dbn.zst,AAPL_FEB,ARCX.PILLAR,AAPL,EVENT,-2950,-2900,19
AAPL_FEB_ARCX_PILLAR_mbp1.dbn.zst,AAPL_FEB,ARCX.PILLAR,AAPL,EVENT,-2900,-2850,8
AAPL_FEB_ARCX_PILLAR_mbp1.dbn.zst,AAPL_FEB,ARCX.PILLAR,AAPL,EVENT,-2850,-2800,30
AAPL_FEB_ARCX_PILLAR_mbp1.dbn.zst,AAPL_FEB,ARCX.PILLAR,AAPL,EVENT,-2800,-2750,7
AAPL_FEB_ARCX_PILLAR_mbp1.dbn.zst,AAPL_FEB,ARCX.PILLAR,AAPL,EVENT,-2750,-2700,0
AAPL_FEB_ARCX_PILLAR_mbp1.dbn.zst,AAPL_FEB,ARCX.PILLAR,AAPL,EVENT,-2700,-2650,0
AAPL_FEB_ARCX_PILLAR_mbp1.dbn.zst,AAPL_FEB,ARCX.PILLAR,AAPL,EVENT,-2650,-2600,894
AAPL_FEB_ARCX_PILLAR_mbp1.dbn.zst,AAPL_FEB,ARCX.PILLAR,AAPL,EVENT,-2600,-2550,1
AAPL_FEB_ARCX_PILLAR_mbp1.dbn.zst,AAPL_FEB,ARCX.PILLAR,AAPL,EVENT,-2550,-2500,0
AAPL_FEB_ARCX_PILLAR_mbp1.dbn.zst,AAPL_FEB,ARCX.PILLAR,AAPL,EVENT,-2500,-2450,1
AAPL_FEB_ARCX_PILLAR_mbp1.dbn.zst,AAPL_FEB,ARCX.PILLAR,AAPL,EVENT,-2450,-2400,0
AAPL_FEB_ARCX_PILLAR_mbp1.dbn.zst,AAPL_FEB,ARCX.PILLAR,AAPL,EVENT,-2400,-2350,1
AAPL_FEB_ARCX_PILLAR_mbp1.dbn.zst,AAPL_FEB,ARCX.PILLAR,AAPL,EVENT,-2350,-2300,1
AAPL_FEB_ARCX_PILLAR_mbp1.dbn.zst,AAPL_FEB,ARCX.PILLAR,AAPL,EVENT,-2300,-2250,0
AAPL_FEB_ARCX_PILLAR_mbp1.dbn.zst,AAPL_FEB,ARCX.PILLAR,AAPL,EVENT,-2250,-2200,29
AAPL_FEB_ARCX_PILLAR_mbp1.dbn.zst,AAPL_FEB,ARCX.PILLAR,AAPL,EVENT,-2200,-2150,1
AAPL_FEB_ARCX_PILLAR_mbp1.dbn.zst,AAPL_FEB,ARCX.PILLAR,AAPL,EVENT,-2150,-2100,3
AAPL_FEB_ARCX_PILLAR_mbp1.dbn.zst,AAPL_FEB,ARCX.PILLAR,AAPL,EVENT,-2100,-2050,30
AAPL_FEB_ARCX_PILLAR_mbp1.dbn.zst,AAPL_FEB,ARCX.PILLAR,AAPL,EVENT,-2050,-2000,1
AAPL_FEB_ARCX_PILLAR_mbp1.dbn.zst,AAPL_FEB,ARCX.PILLAR,AAPL,EVENT,-2000,-1950,4
AAPL_FEB_ARCX_PILLAR_mbp1.dbn.zst,AAPL_FEB,ARCX.PILLAR,AAPL,EVENT,-1950,-1900,1
AAPL_FEB_ARCX_PILLAR_mbp1.dbn.zst,AAPL_FEB,ARCX.PILLAR,AAPL,EVENT,-1900,-1850,67
AAPL_FEB_ARCX_PILLAR_mbp1.dbn.zst,AAPL_FEB,ARCX.PILLAR,AAPL,EVENT,-1850,-1800,3
AAPL_FEB_ARCX_PILLAR_mbp1.dbn.zst,AAPL_FEB,ARCX.PILLAR,AAPL,EVENT,-1800,-1750,2
AAPL_FEB_ARCX_PILLAR_mbp1.dbn.zst,AAPL_FEB,ARCX.PILLAR,AAPL,EVENT,-1750,-1700,1
AAPL_FEB_ARCX_PILLAR_mbp1.dbn.zst,AAPL_FEB,ARCX.PILLAR,AAPL,EVENT,-1700,-1650,1
AAPL_FEB_ARCX_PILLAR_mbp1.dbn.zst,AAPL_FEB,ARCX.PILLAR,AAPL,EVENT,-1650,-1600,4
AAPL_FEB_ARCX_PILLAR_mbp1.dbn.zst,AAPL_FEB,ARCX.PILLAR,AAPL,EVENT,-1600,-1550,0
AAPL_FEB_ARCX_PILLAR_mbp1.dbn.zst,AAPL_FEB,ARCX.PILLAR,AAPL,EVENT,-1550,-1500,34
AAPL_FEB_ARCX_PILLAR_mbp1.dbn.zst,AAPL_FEB,ARCX.PILLAR,AAPL,EVENT,-1500,-1450,7
AAPL_FEB_ARCX_PILLAR_mbp1.dbn.zst,AAPL_FEB,ARCX.PILLAR,AAPL,EVENT,-1450,-1400,1
AAPL_FEB_ARCX_PILLAR_mbp1.dbn.zst,AAPL_FEB,ARCX.PILLAR,AAPL,EVENT,-1400,-1350,35
AAPL_FEB_ARCX_PILLAR_mbp1.dbn.zst,AAPL_FEB,ARCX.PILLAR,AAPL,EVENT,-1350,-1300,10
AAPL_FEB_ARCX_PILLAR_mbp1.dbn.zst,AAPL_FEB,ARCX.PILLAR,AAPL,EVENT,-1300,-1250,2
AAPL_FEB_ARCX_PILLAR_mbp1.dbn.zst,AAPL_FEB,ARCX.PILLAR,AAPL,EVENT,-1250,-1200,2463
AAPL_FEB_ARCX_PILLAR_mbp1.dbn.zst,AAPL_FEB,ARCX.PILLAR,AAPL,EVENT,-1200,-1150,7803
AAPL_FEB_ARCX_PILLAR_mbp1.dbn.zst,AAPL_FEB,ARCX.PILLAR,AAPL,EVENT,-1150,-1100,2
AAPL_FEB_ARCX_PILLAR_mbp1.dbn.zst,AAPL_FEB,ARCX.PILLAR,AAPL,EVENT,-1100,-1050,10
AAPL_FEB_ARCX_PILLAR_mbp1.dbn.zst,AAPL_FEB,ARCX.PILLAR,AAPL,EVENT,-1050,-1000,2
AAPL_FEB_ARCX_PILLAR_mbp1.dbn.zst,AAPL_FEB,ARCX.PILLAR,AAPL,EVENT,-1000,-950,8
AAPL_FEB_ARCX_PILLAR_mbp1.dbn.zst,AAPL_FEB,ARCX.PILLAR,AAPL,EVENT,-950,-900,15
AAPL_FEB_ARCX_PILLAR_mbp1.dbn.zst,AAPL_FEB,ARCX.PILLAR,AAPL,EVENT,-900,-850,5
AAPL_FEB_ARCX_PILLAR_mbp1.dbn.zst,AAPL_FEB,ARCX.PILLAR,AAPL,EVENT,-850,-800,4
AAPL_FEB_ARCX_PILLAR_mbp1.dbn.zst,AAPL_FEB,ARCX.PILLAR,AAPL,EVENT,-800,-750,5
AAPL_FEB_ARCX_PILLAR_mbp1.dbn.zst,AAPL_FEB,ARCX.PILLAR,AAPL,EVENT,-750,-700,1
AAPL_FEB_ARCX_PILLAR_mbp1.dbn.zst,AAPL_FEB,ARCX.PILLAR,AAPL,EVENT,-700,-650,9
AAPL_FEB_ARCX_PILLAR_mbp1.dbn.zst,AAPL_FEB,ARCX.PILLAR,AAPL,EVENT,-650,-600,1
AAPL_FEB_ARCX_PILLAR_mbp1.dbn.zst,AAPL_FEB,ARCX.PILLAR,AAPL,EVENT,-600,-550,2
AAPL_FEB_ARCX_PILLAR_mbp1.dbn.zst,AAPL_FEB,ARCX.PILLAR,AAPL,EVENT,-550,-500,1
AAPL_FEB_ARCX_PILLAR_mbp1.dbn.zst,AAPL_FEB,ARCX.PILLAR,AAPL,EVENT,-500,-450,91
AAPL_FEB_ARCX_PILLAR_mbp1.dbn.zst,AAPL_FEB,ARCX.PILLAR,AAPL,EVENT,-450,-400,299
AAPL_FEB_ARCX_PILLAR_mbp1.dbn.zst,AAPL_FEB,ARCX.PILLAR,AAPL,EVENT,-400,-350,4
AAPL_FEB_ARCX_PILLAR_mbp1.dbn.zst,AAPL_FEB,ARCX.PILLAR,AAPL,EVENT,-350,-300,3
AAPL_FEB_ARCX_PILLAR_mbp1.dbn.zst,AAPL_FEB,ARCX.PILLAR,AAPL,EVENT,-300,-250,12
AAPL_FEB_ARCX_PILLAR_mbp1.dbn.zst,AAPL_FEB,ARCX.PILLAR,AAPL,EVENT,-250,-200,2
AAPL_FEB_ARCX_PILLAR_mbp1.dbn.zst,AAPL_FEB,ARCX.PILLAR,AAPL,EVENT,-200,-150,2
AAPL_FEB_ARCX_PILLAR_mbp1.dbn.zst,AAPL_FEB,ARCX.PILLAR,AAPL,EVENT,-150,-100,90
AAPL_FEB_ARCX_PILLAR_mbp1.dbn.zst,AAPL_FEB,ARCX.PILLAR,AAPL,EVENT,-100,-50,292
AAPL_FEB_ARCX_PILLAR_mbp1.dbn.zst,AAPL_FEB,ARCX.PILLAR,AAPL,EVENT,-50,0,11
AAPL_FEB_ARCX_PILLAR_mbp1.dbn.zst,AAPL_FEB,ARCX.PILLAR,AAPL,EVENT,0,50,94
AAPL_FEB_ARCX_PILLAR_mbp1.dbn.zst,AAPL_FEB,ARCX.PILLAR,AAPL,EVENT,50,100,302
AAPL_FEB_ARCX_PILLAR_mbp1.dbn.zst,AAPL_FEB,ARCX.PILLAR,AAPL,EVENT,100,150,9
AAPL_FEB_ARCX_PILLAR_mbp1.dbn.zst,AAPL_FEB,ARCX.PILLAR,AAPL,EVENT,150,200,93
AAPL_FEB_ARCX_PILLAR_mbp1.dbn.zst,AAPL_FEB,ARCX.PILLAR,AAPL,EVENT,200,250,309
AAPL_FEB_ARCX_PILLAR_mbp1.dbn.zst,AAPL_FEB,ARCX.PILLAR,AAPL,EVENT,250,300,9
AAPL_FEB_ARCX_PILLAR_mbp1.dbn.zst,AAPL_FEB,ARCX.PILLAR,AAPL,EVENT,300,350,9
AAPL_FEB_ARCX_PILLAR_mbp1.dbn.zst,AAPL_FEB,ARCX.PILLAR,AAPL,EVENT,350,400,14
AAPL_FEB_ARCX_PILLAR_mbp1.dbn.zst,AAPL_FEB,ARCX.PILLAR,AAPL,EVENT,400,450,2
AAPL_FEB_ARCX_PILLAR_mbp1.dbn.zst,AAPL_FEB,ARCX.PILLAR,AAPL,EVENT,450,500,12
AAPL_FEB_ARCX_PILLAR_mbp1.dbn.zst,AAPL_FEB,ARCX.PILLAR,AAPL,EVENT,500,550,35
AAPL_FEB_ARCX_PILLAR_mbp1.dbn.zst,AAPL_FEB,ARCX.PILLAR,AAPL,EVENT,550,600,12
AAPL_FEB_ARCX_PILLAR_mbp1.dbn.zst,AAPL_FEB,ARCX.PILLAR,AAPL,EVENT,600,650,5
AAPL_FEB_ARCX_PILLAR_mbp1.dbn.zst,AAPL_FEB,ARCX.PILLAR,AAPL,EVENT,650,700,6
AAPL_FEB_ARCX_PILLAR_mbp1.dbn.zst,AAPL_FEB,ARCX.PILLAR,AAPL,EVENT,700,750,4
AAPL_FEB_ARCX_PILLAR_mbp1.dbn.zst,AAPL_FEB,ARCX.PILLAR,AAPL,EVENT,750,800,25
AAPL_FEB_ARCX_PILLAR_mbp1.dbn.zst,AAPL_FEB,ARCX.PILLAR,AAPL,EVENT,800,850,11
AAPL_FEB_ARCX_PILLAR_mbp1.dbn.zst,AAPL_FEB,ARCX.PILLAR,AAPL,EVENT,850,900,15
AAPL_FEB_ARCX_PILLAR_mbp1.dbn.zst,AAPL_FEB,ARCX.PILLAR,AAPL,EVENT,900,950,3
AAPL_FEB_ARCX_PILLAR_mbp1.dbn.zst,AAPL_FEB,ARCX.PILLAR,AAPL,EVENT,950,1000,11
AAPL_FEB_ARCX_PILLAR_mbp1.dbn.zst,AAPL_FEB,ARCX.PILLAR,AAPL,EVENT,1000,1050,5
AAPL_FEB_ARCX_PILLAR_mbp1.dbn.zst,AAPL_FEB,ARCX.PILLAR,AAPL,EVENT,1050,1100,1
AAPL_FEB_ARCX_PILLAR_mbp1.dbn.zst,AAPL_FEB,ARCX.PILLAR,AAPL,EVENT,1100,1150,4
AAPL_FEB_ARCX_PILLAR_mbp1.dbn.zst,AAPL_FEB,ARCX.PILLAR,AAPL,EVENT,1150,1200,3
AAPL_FEB_ARCX_PILLAR_mbp1.dbn.zst,AAPL_FEB,ARCX.PILLAR,AAPL,EVENT,1200,1250,11
AAPL_FEB_ARCX_PILLAR_mbp1.dbn.zst,AAPL_FEB,ARCX.PILLAR,AAPL,EVENT,1250,1300,5
AAPL_FEB_ARCX_PILLAR_mbp1.dbn.zst,AAPL_FEB,ARCX.PILLAR,AAPL,EVENT,1300,1350,9
AAPL_FEB_ARCX_PILLAR_mbp1.dbn.zst,AAPL_FEB,ARCX.PILLAR,AAPL,EVENT,1350,1400,5
AAPL_FEB_ARCX_PILLAR_mbp1.dbn.zst,AAPL_FEB,ARCX.PILLAR,AAPL,EVENT,1400,1450,3
AAPL_FEB_ARCX_PILLAR_mbp1.dbn.zst,AAPL_FEB,ARCX.PILLAR,AAPL,EVENT,1450,1500,2
AAPL_FEB_ARCX_PILLAR_mbp1.dbn.zst,AAPL_FEB,ARCX.PILLAR,AAPL,EVENT,1500,1550,5
AAPL_FEB_ARCX_PILLAR_mbp1.dbn.zst,AAPL_FEB,ARCX.PILLAR,AAPL,EVENT,1550,1600,0
AAPL_FEB_ARCX_PILLAR_mbp1.dbn.zst,AAPL_FEB,ARCX.PILLAR,AAPL,EVENT,1600,1650,0
AAPL_FEB_ARCX_PILLAR_mbp1.dbn.zst,AAPL_FEB,ARCX.PILLAR,AAPL,EVENT,1650,1700,2
AAPL_FEB_ARCX_PILLAR_mbp1.dbn.zst,AAPL_FEB,ARCX.PILLAR,AAPL,EVENT,1700,1750,1
AAPL_FEB_ARCX_PILLAR_mbp1.dbn.zst,AAPL_FEB,ARCX.PILLAR,AAPL,EVENT,1750,1800,113
AAPL_FEB_ARCX_PILLAR_mbp1.dbn.zst,AAPL_FEB,ARCX.PILLAR,AAPL,EVENT,1800,1850,13
AAPL_FEB_ARCX_PILLAR_mbp1.dbn.zst,AAPL_FEB,ARCX.PILLAR,AAPL,EVENT,1850,1900,6
AAPL_FEB_ARCX_PILLAR_mbp1.dbn.zst,AAPL_FEB,ARCX.PILLAR,AAPL,EVENT,1900,1950,17
AAPL_FEB_ARCX_PILLAR_mbp1.dbn.zst,AAPL_FEB,ARCX.PILLAR,AAPL,EVENT,1950,2000,5
AAPL_FEB_ARCX_PILLAR_mbp1.dbn.zst,AAPL_FEB,ARCX.PILLAR,AAPL,EVENT,2000,2050,0
AAPL_FEB_ARCX_PILLAR_mbp1.dbn.zst,AAPL_FEB,ARCX.PILLAR,AAPL,EVENT,2050,2100,0
AAPL_FEB_ARCX_PILLAR_mbp1.dbn.zst,AAPL_FEB,ARCX.PILLAR,AAPL,EVENT,2100,2150,2
AAPL_FEB_ARCX_PILLAR_mbp1.dbn.zst,AAPL_FEB,ARCX.PILLAR,AAPL,EVENT,2150,2200,1
AAPL_FEB_ARCX_PILLAR_mbp1.dbn.zst,AAPL_FEB,ARCX.PILLAR,AAPL,EVENT,2200,2250,0
AAPL_FEB_ARCX_PILLAR_mbp1.dbn.zst,AAPL_FEB,ARCX.PILLAR,AAPL,EVENT,2250,2300,2
AAPL_FEB_ARCX_PILLAR_mbp1.dbn.zst,AAPL_FEB,ARCX.PILLAR,AAPL,EVENT,2300,2350,12
AAPL_FEB_ARCX_PILLAR_mbp1.dbn.zst,AAPL_FEB,ARCX.PILLAR,AAPL,EVENT,2350,2400,1
AAPL_FEB_ARCX_PILLAR_mbp1.dbn.zst,AAPL_FEB,ARCX.PILLAR,AAPL,EVENT,2400,2450,1
AAPL_FEB_ARCX_PILLAR_mbp1.dbn.zst,AAPL_FEB,ARCX.PILLAR,AAPL,EVENT,2450,2500,0
AAPL_FEB_ARCX_PILLAR_mbp1.dbn.zst,AAPL_FEB,ARCX.PILLAR,AAPL,EVENT,2500,2550,0
AAPL_FEB_ARCX_PILLAR_mbp1.dbn.zst,AAPL_FEB,ARCX.PILLAR,AAPL,EVENT,2550,2600,0
AAPL_FEB_ARCX_PILLAR_mbp1.dbn.zst,AAPL_FEB,ARCX.PILLAR,AAPL,EVENT,2600,2650,0
AAPL_FEB_ARCX_PILLAR_mbp1.dbn.zst,AAPL_FEB,ARCX.PILLAR,AAPL,EVENT,2650,2700,2
AAPL_FEB_ARCX_PILLAR_mbp1.dbn.zst,AAPL_FEB,ARCX.PILLAR,AAPL,EVENT,2700,2750,1
AAPL_FEB_ARCX_PILLAR_mbp1.dbn.zst,AAPL_FEB,ARCX.PILLAR,AAPL,EVENT,2750,2800,0
AAPL_FEB_ARCX_PILLAR_mbp1.dbn.zst,AAPL_FEB,ARCX.PILLAR,AAPL,EVENT,2800,2850,10
AAPL_FEB_ARCX_PILLAR_mbp1.dbn.zst,AAPL_FEB,ARCX.PILLAR,AAPL,EVENT,2850,2900,0
AAPL_FEB_ARCX_PILLAR_mbp1.dbn.zst,AAPL_FEB,ARCX.PILLAR,AAPL,EVENT,2900,2950,5
AAPL_FEB_ARCX_PILLAR_mbp1.dbn.zst,AAPL_FEB,ARCX.PILLAR,AAPL,EVENT,2950,3000,4
AAPL_FEB_ARCX_PILLAR_mbp1.dbn.zst,AAPL_FEB,ARCX.PILLAR,AAPL,EVENT,3000,3050,43
AAPL_FEB_ARCX_PILLAR_mbp1.dbn.zst,AAPL_FEB,ARCX.PILLAR,AAPL,EVENT,3050,3100,0
AAPL_FEB_ARCX_PILLAR_mbp1.dbn.zst,AAPL_FEB,ARCX.PILLAR,AAPL,EVENT,3100,3150,39
AAPL_FEB_ARCX_PILLAR_mbp1.dbn.zst,AAPL_FEB,ARCX.PILLAR,AAPL,EVENT,3150,3200,17
AAPL_FEB_ARCX_PILLAR_mbp1.dbn.zst,AAPL_FEB,ARCX.PILLAR,AAPL,EVENT,3200,3250,10
AAPL_FEB_ARCX_PILLAR_mbp1.dbn.zst,AAPL_FEB,ARCX.PILLAR,AAPL,EVENT,3250,3300,0
AAPL_FEB_ARCX_PILLAR_mbp1.dbn.zst,AAPL_FEB,ARCX.PILLAR,AAPL,EVENT,3300,3350,0
AAPL_FEB_ARCX_PILLAR_mbp1.dbn.zst,AAPL_FEB,ARCX.PILLAR,AAPL,EVENT,3350,3400,0
AAPL_FEB_ARCX_PILLAR_mbp1.dbn.zst,AAPL_FEB,ARCX.PILLAR,AAPL,EVENT,3400,3450,0
AAPL_FEB_ARCX_PILLAR_mbp1.dbn.zst,AAPL_FEB,ARCX.PILLAR,AAPL,EVENT,3450,3500,1
AAPL_FEB_ARCX_PILLAR_mbp1.dbn.zst,AAPL_FEB,ARCX.PILLAR,AAPL,EVENT,3500,3550,0
AAPL_FEB_ARCX_PILLAR_mbp1.dbn.zst,AAPL_FEB,ARCX.PILLAR,AAPL,EVENT,3550,3600,2
AAPL_FEB_ARCX_PILLAR_mbp1.dbn.zst,AAPL_FEB,ARCX.PILLAR,AAPL,EVENT,3600,3650,3
AAPL_FEB_ARCX_PILLAR_mbp1.dbn.zst,AAPL_FEB,ARCX.PILLAR,AAPL,EVENT,3650,3700,1
AAPL_FEB_ARCX_PILLAR_mbp1.dbn.zst,AAPL_FEB,ARCX.PILLAR,AAPL,EVENT,3700,3750,0
AAPL_FEB_ARCX_PILLAR_mbp1.dbn.zst,AAPL_FEB,ARCX.PILLAR,AAPL,EVENT,3750,3800,0
AAPL_FEB_ARCX_PILLAR_mbp1.dbn.zst,AAPL_FEB,ARCX.PILLAR,AAPL,EVENT,3800,3850,0
AAPL_FEB_ARCX_PILLAR_mbp1.dbn.zst,AAPL_FEB,ARCX.PILLAR,AAPL,EVENT,3850,3900,4
AAPL_FEB_ARCX_PILLAR_mbp1.dbn.zst,AAPL_FEB,ARCX.PILLAR,AAPL,EVENT,3900,3950,1
AAPL_FEB_ARCX_PILLAR_mbp1.dbn.zst,AAPL_FEB,ARCX.PILLAR,AAPL,EVENT,3950,4000,1
AAPL_FEB_ARCX_PILLAR_mbp1.dbn.zst,AAPL_FEB,ARCX.PILLAR,AAPL,EVENT,4000,4050,23
AAPL_FEB_ARCX_PILLAR_mbp1.dbn.zst,AAPL_FEB,ARCX.PILLAR,AAPL,EVENT,4050,4100,4
AAPL_FEB_ARCX_PILLAR_mbp1.dbn.zst,AAPL_FEB,ARCX.PILLAR,AAPL,EVENT,4100,4150,3
AAPL_FEB_ARCX_PILLAR_mbp1.dbn.zst,AAPL_FEB,ARCX.PILLAR,AAPL,EVENT,4150,4200,23
AAPL_FEB_ARCX_PILLAR_mbp1.dbn.zst,AAPL_FEB,ARCX.PILLAR,AAPL,EVENT,4200,4250,2
AAPL_FEB_ARCX_PILLAR_mbp1.dbn.zst,AAPL_FEB,ARCX.PILLAR,AAPL,EVENT,4250,4300,26
AAPL_FEB_ARCX_PILLAR_mbp1.dbn.zst,AAPL_FEB,ARCX.PILLAR,AAPL,EVENT,4300,4350,0
AAPL_FEB_ARCX_PILLAR_mbp1.dbn.zst,AAPL_FEB,ARCX.PILLAR,AAPL,EVENT,4350,4400,7
AAPL_FEB_ARCX_PILLAR_mbp1.dbn.zst,AAPL_FEB,ARCX.PILLAR,AAPL,EVENT,4400,4450,4
AAPL_FEB_ARCX_PILLAR_mbp1.dbn.zst,AAPL_FEB,ARCX.PILLAR,AAPL,EVENT,4450,4500,0
AAPL_FEB_ARCX_PILLAR_mbp1.dbn.zst,AAPL_FEB,ARCX.PILLAR,AAPL,EVENT,4500,4550,126
AAPL_FEB_ARCX_PILLAR_mbp1.dbn.zst,AAPL_FEB,ARCX.PILLAR,AAPL,EVENT,4550,4600,18
AAPL_FEB_ARCX_PILLAR_mbp1.dbn.zst,AAPL_FEB,ARCX.PILLAR,AAPL,EVENT,4600,4650,0
AAPL_FEB_ARCX_PILLAR_mbp1.dbn.zst,AAPL_FEB,ARCX.PILLAR,AAPL,EVENT,4650,4700,0
AAPL_FEB_ARCX_PILLAR_mbp1.dbn.zst,AAPL_FEB,ARCX.PILLAR,AAPL,EVENT,4700,4750,5
AAPL_FEB_ARCX_PILLAR_mbp1.dbn.zst,AAPL_FEB,ARCX.PILLAR,AAPL,EVENT,4750,4800,0
AAPL_FEB_ARCX_PILLAR_mbp1.dbn.zst,AAPL_FEB,ARCX.PILLAR,AAPL,EVENT,4800,4850,0
AAPL_FEB_ARCX_PILLAR_mbp1.dbn.zst,AAPL_FEB,ARCX.PILLAR,AAPL,EVENT,4850,4900,19
AAPL_FEB_ARCX_PILLAR_mbp1.dbn.zst,AAPL_FEB,ARCX.PILLAR,AAPL,EVENT,4900,4950,1
AAPL_FEB_ARCX_PILLAR_mbp1.dbn.zst,AAPL_FEB,ARCX.PILLAR,AAPL,EVENT,4950,5000,2
AAPL_FEB_ARCX_PILLAR_mbp1.dbn.zst,AAPL_FEB,ARCX.PILLAR,AAPL,RECEIVE,-5000,-4950,0
AAPL_FEB_ARCX_PILLAR_mbp1.dbn.zst,AAPL_FEB,ARCX.PILLAR,AAPL,RECEIVE,-4950,-4900,18
AAPL_FEB_ARCX_PILLAR_mbp1.dbn.zst,AAPL_FEB,ARCX.PILLAR,AAPL,RECEIVE,-4900,-4850,0
AAPL_FEB_ARCX_PILLAR_mbp1.dbn.zst,AAPL_FEB,ARCX.PILLAR,AAPL,RECEIVE,-4850,-4800,7
AAPL_FEB_ARCX_PILLAR_mbp1.dbn.zst,AAPL_FEB,ARCX.PILLAR,AAPL,RECEIVE,-4800,-4750,4
AAPL_FEB_ARCX_PILLAR_mbp1.dbn.zst,AAPL_FEB,ARCX.PILLAR,AAPL,RECEIVE,-4750,-4700,19
AAPL_FEB_ARCX_PILLAR_mbp1.dbn.zst,AAPL_FEB,ARCX.PILLAR,AAPL,RECEIVE,-4700,-4650,24
AAPL_FEB_ARCX_PILLAR_mbp1.dbn.zst,AAPL_FEB,ARCX.PILLAR,AAPL,RECEIVE,-4650,-4600,0
AAPL_FEB_ARCX_PILLAR_mbp1.dbn.zst,AAPL_FEB,ARCX.PILLAR,AAPL,RECEIVE,-4600,-4550,1
AAPL_FEB_ARCX_PILLAR_mbp1.dbn.zst,AAPL_FEB,ARCX.PILLAR,AAPL,RECEIVE,-4550,-4500,0
AAPL_FEB_ARCX_PILLAR_mbp1.dbn.zst,AAPL_FEB,ARCX.PILLAR,AAPL,RECEIVE,-4500,-4450,0
AAPL_FEB_ARCX_PILLAR_mbp1.dbn.zst,AAPL_FEB,ARCX.PILLAR,AAPL,RECEIVE,-4450,-4400,10
AAPL_FEB_ARCX_PILLAR_mbp1.dbn.zst,AAPL_FEB,ARCX.PILLAR,AAPL,RECEIVE,-4400,-4350,21
AAPL_FEB_ARCX_PILLAR_mbp1.dbn.zst,AAPL_FEB,ARCX.PILLAR,AAPL,RECEIVE,-4350,-4300,24
AAPL_FEB_ARCX_PILLAR_mbp1.dbn.zst,AAPL_FEB,ARCX.PILLAR,AAPL,RECEIVE,-4300,-4250,0
AAPL_FEB_ARCX_PILLAR_mbp1.dbn.zst,AAPL_FEB,ARCX.PILLAR,AAPL,RECEIVE,-4250,-4200,4
AAPL_FEB_ARCX_PILLAR_mbp1.dbn.zst,AAPL_FEB,ARCX.PILLAR,AAPL,RECEIVE,-4200,-4150,54
AAPL_FEB_ARCX_PILLAR_mbp1.dbn.zst,AAPL_FEB,ARCX.PILLAR,AAPL,RECEIVE,-4150,-4100,30
AAPL_FEB_ARCX_PILLAR_mbp1.dbn.zst,AAPL_FEB,ARCX.PILLAR,AAPL,RECEIVE,-4100,-4050,27
AAPL_FEB_ARCX_PILLAR_mbp1.dbn.zst,AAPL_FEB,ARCX.PILLAR,AAPL,RECEIVE,-4050,-4000,27
AAPL_FEB_ARCX_PILLAR_mbp1.dbn.zst,AAPL_FEB,ARCX.PILLAR,AAPL,RECEIVE,-4000,-3950,0
AAPL_FEB_ARCX_PILLAR_mbp1.dbn.zst,AAPL_FEB,ARCX.PILLAR,AAPL,RECEIVE,-3950,-3900,0
AAPL_FEB_ARCX_PILLAR_mbp1.dbn.zst,AAPL_FEB,ARCX.PILLAR,AAPL,RECEIVE,-3900,-3850,1
AAPL_FEB_ARCX_PILLAR_mbp1.dbn.zst,AAPL_FEB,ARCX.PILLAR,AAPL,RECEIVE,-3850,-3800,0
AAPL_FEB_ARCX_PILLAR_mbp1.dbn.zst,AAPL_FEB,ARCX.PILLAR,AAPL,RECEIVE,-3800,-3750,5
AAPL_FEB_ARCX_PILLAR_mbp1.dbn.zst,AAPL_FEB,ARCX.PILLAR,AAPL,RECEIVE,-3750,-3700,1
AAPL_FEB_ARCX_PILLAR_mbp1.dbn.zst,AAPL_FEB,ARCX.PILLAR,AAPL,RECEIVE,-3700,-3650,0
AAPL_FEB_ARCX_PILLAR_mbp1.dbn.zst,AAPL_FEB,ARCX.PILLAR,AAPL,RECEIVE,-3650,-3600,2
AAPL_FEB_ARCX_PILLAR_mbp1.dbn.zst,AAPL_FEB,ARCX.PILLAR,AAPL,RECEIVE,-3600,-3550,9
AAPL_FEB_ARCX_PILLAR_mbp1.dbn.zst,AAPL_FEB,ARCX.PILLAR,AAPL,RECEIVE,-3550,-3500,21
AAPL_FEB_ARCX_PILLAR_mbp1.dbn.zst,AAPL_FEB,ARCX.PILLAR,AAPL,RECEIVE,-3500,-3450,19
AAPL_FEB_ARCX_PILLAR_mbp1.dbn.zst,AAPL_FEB,ARCX.PILLAR,AAPL,RECEIVE,-3450,-3400,50
AAPL_FEB_ARCX_PILLAR_mbp1.dbn.zst,AAPL_FEB,ARCX.PILLAR,AAPL,RECEIVE,-3400,-3350,1
AAPL_FEB_ARCX_PILLAR_mbp1.dbn.zst,AAPL_FEB,ARCX.PILLAR,AAPL,RECEIVE,-3350,-3300,36
AAPL_FEB_ARCX_PILLAR_mbp1.dbn.zst,AAPL_FEB,ARCX.PILLAR,AAPL,RECEIVE,-3300,-3250,13
AAPL_FEB_ARCX_PILLAR_mbp1.dbn.zst,AAPL_FEB,ARCX.PILLAR,AAPL,RECEIVE,-3250,-3200,4
AAPL_FEB_ARCX_PILLAR_mbp1.dbn.zst,AAPL_FEB,ARCX.PILLAR,AAPL,RECEIVE,-3200,-3150,1
AAPL_FEB_ARCX_PILLAR_mbp1.dbn.zst,AAPL_FEB,ARCX.PILLAR,AAPL,RECEIVE,-3150,-3100,2
AAPL_FEB_ARCX_PILLAR_mbp1.dbn.zst,AAPL_FEB,ARCX.PILLAR,AAPL,RECEIVE,-3100,-3050,28
AAPL_FEB_ARCX_PILLAR_mbp1.dbn.zst,AAPL_FEB,ARCX.PILLAR,AAPL,RECEIVE,-3050,-3000,3
AAPL_FEB_ARCX_PILLAR_mbp1.dbn.zst,AAPL_FEB,ARCX.PILLAR,AAPL,RECEIVE,-3000,-2950,891
AAPL_FEB_ARCX_PILLAR_mbp1.dbn.zst,AAPL_FEB,ARCX.PILLAR,AAPL,RECEIVE,-2950,-2900,19
AAPL_FEB_ARCX_PILLAR_mbp1.dbn.zst,AAPL_FEB,ARCX.PILLAR,AAPL,RECEIVE,-2900,-2850,8
AAPL_FEB_ARCX_PILLAR_mbp1.dbn.zst,AAPL_FEB,ARCX.PILLAR,AAPL,RECEIVE,-2850,-2800,66
AAPL_FEB_ARCX_PILLAR_mbp1.dbn.zst,AAPL_FEB,ARCX.PILLAR,AAPL,RECEIVE,-2800,-2750,22
AAPL_FEB_ARCX_PILLAR_mbp1.dbn.zst,AAPL_FEB,ARCX.PILLAR,AAPL,RECEIVE,-2750,-2700,193
AAPL_FEB_ARCX_PILLAR_mbp1.dbn.zst,AAPL_FEB,ARCX.PILLAR,AAPL,RECEIVE,-2700,-2650,1883
AAPL_FEB_ARCX_PILLAR_mbp1.dbn.zst,AAPL_FEB,ARCX.PILLAR,AAPL,RECEIVE,-2650,-2600,360
AAPL_FEB_ARCX_PILLAR_mbp1.dbn.zst,AAPL_FEB,ARCX.PILLAR,AAPL,RECEIVE,-2600,-2550,1
AAPL_FEB_ARCX_PILLAR_mbp1.dbn.zst,AAPL_FEB,ARCX.PILLAR,AAPL,RECEIVE,-2550,-2500,0
AAPL_FEB_ARCX_PILLAR_mbp1.dbn.zst,AAPL_FEB,ARCX.PILLAR,AAPL,RECEIVE,-2500,-2450,1
AAPL_FEB_ARCX_PILLAR_mbp1.dbn.zst,AAPL_FEB,ARCX.PILLAR,AAPL,RECEIVE,-2450,-2400,191
AAPL_FEB_ARCX_PILLAR_mbp1.dbn.zst,AAPL_FEB,ARCX.PILLAR,AAPL,RECEIVE,-2400,-2350,1717
AAPL_FEB_ARCX_PILLAR_mbp1.dbn.zst,AAPL_FEB,ARCX.PILLAR,AAPL,RECEIVE,-2350,-2300,2081
AAPL_FEB_ARCX_PILLAR_mbp1.dbn.zst,AAPL_FEB,ARCX.PILLAR,AAPL,RECEIVE,-2300,-2250,1150
AAPL_FEB_ARCX_PILLAR_mbp1.dbn.zst,AAPL_FEB,ARCX.PILLAR,AAPL,RECEIVE,-2250,-2200,3
AAPL_FEB_ARCX_PILLAR_mbp1.dbn.zst,AAPL_FEB,ARCX.PILLAR,AAPL,RECEIVE,-2200,-2150,1013
AAPL_FEB_ARCX_PILLAR_mbp1.dbn.zst,AAPL_FEB,ARCX.PILLAR,AAPL,RECEIVE,-2150,-2100,1692
AAPL_FEB_ARCX_PILLAR_mbp1.dbn.zst,AAPL_FEB,ARCX.PILLAR,AAPL,RECEIVE,-2100,-2050,43
AAPL_FEB_ARCX_PILLAR_mbp1.dbn.zst,AAPL_FEB,ARCX.PILLAR,AAPL,RECEIVE,-2050,-2000,52
AAPL_FEB_ARCX_PILLAR_mbp1.dbn.zst,AAPL_FEB,ARCX.PILLAR,AAPL,RECEIVE,-2000,-1950,35
AAPL_FEB_ARCX_PILLAR_mbp1.dbn.zst,AAPL_FEB,ARCX.PILLAR,AAPL,RECEIVE,-1950,-1900,4
AAPL_FEB_ARCX_PILLAR_mbp1.dbn.zst,AAPL_FEB,ARCX.PILLAR,AAPL,RECEIVE,-1900,-1850,30
AAPL_FEB_ARCX_PILLAR_mbp1.dbn.zst,AAPL_FEB,ARCX.PILLAR,AAPL,RECEIVE,-1850,-1800,15
AAPL_FEB_ARCX_PILLAR_mbp1.dbn.zst,AAPL_FEB,ARCX.PILLAR,AAPL,RECEIVE,-1800,-1750,32
AAPL_FEB_ARCX_PILLAR_mbp1.dbn.zst,AAPL_FEB,ARCX.PILLAR,AAPL,RECEIVE,-1750,-1700,124
AAPL_FEB_ARCX_PILLAR_mbp1.dbn.zst,AAPL_FEB,ARCX.PILLAR,AAPL,RECEIVE,-1700,-1650,123
AAPL_FEB_ARCX_PILLAR_mbp1.dbn.zst,AAPL_FEB,ARCX.PILLAR,AAPL,RECEIVE,-1650,-1600,44
AAPL_FEB_ARCX_PILLAR_mbp1.dbn.zst,AAPL_FEB,ARCX.PILLAR,AAPL,RECEIVE,-1600,-1550,41
AAPL_FEB_ARCX_PILLAR_mbp1.dbn.zst,AAPL_FEB,ARCX.PILLAR,AAPL,RECEIVE,-1550,-1500,127
AAPL_FEB_ARCX_PILLAR_mbp1.dbn.zst,AAPL_FEB,ARCX.PILLAR,AAPL,RECEIVE,-1500,-1450,31
AAPL_FEB_ARCX_PILLAR_mbp1.dbn.zst,AAPL_FEB,ARCX.PILLAR,AAPL,RECEIVE,-1450,-1400,59
AAPL_FEB_ARCX_PILLAR_mbp1.dbn.zst,AAPL_FEB,ARCX.PILLAR,AAPL,RECEIVE,-1400,-1350,112
AAPL_FEB_ARCX_PILLAR_mbp1.dbn.zst,AAPL_FEB,ARCX.PILLAR,AAPL,RECEIVE,-1350,-1300,80
AAPL_FEB_ARCX_PILLAR_mbp1.dbn.zst,AAPL_FEB,ARCX.PILLAR,AAPL,RECEIVE,-1300,-1250,81
AAPL_FEB_ARCX_PILLAR_mbp1.dbn.zst,AAPL_FEB,ARCX.PILLAR,AAPL,RECEIVE,-1250,-1200,70
AAPL_FEB_ARCX_PILLAR_mbp1.dbn.zst,AAPL_FEB,ARCX.PILLAR,AAPL,RECEIVE,-1200,-1150,100
AAPL_FEB_ARCX_PILLAR_mbp1.dbn.zst,AAPL_FEB,ARCX.PILLAR,AAPL,RECEIVE,-1150,-1100,129
AAPL_FEB_ARCX_PILLAR_mbp1.dbn.zst,AAPL_FEB,ARCX.PILLAR,AAPL,RECEIVE,-1100,-1050,90
AAPL_FEB_ARCX_PILLAR_mbp1.dbn.zst,AAPL_FEB,ARCX.PILLAR,AAPL,RECEIVE,-1050,-1000,130
AAPL_FEB_ARCX_PILLAR_mbp1.dbn.zst,AAPL_FEB,ARCX.PILLAR,AAPL,RECEIVE,-1000,-950,40
AAPL_FEB_ARCX_PILLAR_mbp1.dbn.zst,AAPL_FEB,ARCX.PILLAR,AAPL,RECEIVE,-950,-900,33
AAPL_FEB_ARCX_PILLAR_mbp1.dbn.zst,AAPL_FEB,ARCX.PILLAR,AAPL,RECEIVE,-900,-850,62
AAPL_FEB_ARCX_PILLAR_mbp1.dbn.zst,AAPL_FEB,ARCX.PILLAR,AAPL,RECEIVE,-850,-800,25
AAPL_FEB_ARCX_PILLAR_mbp1.dbn.zst,AAPL_FEB,ARCX.PILLAR,AAPL,RECEIVE,-800,-750,4
AAPL_FEB_ARCX_PILLAR_mbp1.dbn.zst,AAPL_FEB,ARCX.PILLAR,AAPL,RECEIVE,-750,-700,0
AAPL_FEB_ARCX_PILLAR_mbp1.dbn.zst,AAPL_FEB,ARCX.PILLAR,AAPL,RECEIVE,-700,-650,9
AAPL_FEB_ARCX_PILLAR_mbp1.dbn.zst,AAPL_FEB,ARCX.PILLAR,AAPL,RECEIVE,-650,-600,0
AAPL_FEB_ARCX_PILLAR_mbp1.dbn.zst,AAPL_FEB,ARCX.PILLAR,AAPL,RECEIVE,-600,-550,2
AAPL_FEB_ARCX_PILLAR_mbp1.dbn.zst,AAPL_FEB,ARCX.PILLAR,AAPL,RECEIVE,-550,-500,0
AAPL_FEB_ARCX_PILLAR_mbp1.dbn.zst,AAPL_FEB,ARCX.PILLAR,AAPL,RECEIVE,-500,-450,1
AAPL_FEB_ARCX_PILLAR_mbp1.dbn.zst,AAPL_FEB,ARCX.PILLAR,AAPL,RECEIVE,-450,-400,10
AAPL_FEB_ARCX_PILLAR_mbp1.dbn.zst,AAPL_FEB,ARCX.PILLAR,AAPL,RECEIVE,-400,-350,4
AAPL_FEB_ARCX_PILLAR_mbp1.dbn.zst,AAPL_FEB,ARCX.PILLAR,AAPL,RECEIVE,-350,-300,1
AAPL_FEB_ARCX_PILLAR_mbp1.dbn.zst,AAPL_FEB,ARCX.PILLAR,AAPL,RECEIVE,-300,-250,4
AAPL_FEB_ARCX_PILLAR_mbp1.dbn.zst,AAPL_FEB,ARCX.PILLAR,AAPL,RECEIVE,-250,-200,12
AAPL_FEB_ARCX_PILLAR_mbp1.dbn.zst,AAPL_FEB,ARCX.PILLAR,AAPL,RECEIVE,-200,-150,2
AAPL_FEB_ARCX_PILLAR_mbp1.dbn.zst,AAPL_FEB,ARCX.PILLAR,AAPL,RECEIVE,-150,-100,0
AAPL_FEB_ARCX_PILLAR_mbp1.dbn.zst,AAPL_FEB,ARCX.PILLAR,AAPL,RECEIVE,-100,-50,3
AAPL_FEB_ARCX_PILLAR_mbp1.dbn.zst,AAPL_FEB,ARCX.PILLAR,AAPL,RECEIVE,-50,0,11
AAPL_FEB_ARCX_PILLAR_mbp1.dbn.zst,AAPL_FEB,ARCX.PILLAR,AAPL,RECEIVE,0,50,3
AAPL_FEB_ARCX_PILLAR_mbp1.dbn.zst,AAPL_FEB,ARCX.PILLAR,AAPL,RECEIVE,50,100,14
AAPL_FEB_ARCX_PILLAR_mbp1.dbn.zst,AAPL_FEB,ARCX.PILLAR,AAPL,RECEIVE,100,150,9
AAPL_FEB_ARCX_PILLAR_mbp1.dbn.zst,AAPL_FEB,ARCX.PILLAR,AAPL,RECEIVE,150,200,3
AAPL_FEB_ARCX_PILLAR_mbp1.dbn.zst,AAPL_FEB,ARCX.PILLAR,AAPL,RECEIVE,200,250,26
AAPL_FEB_ARCX_PILLAR_mbp1.dbn.zst,AAPL_FEB,ARCX.PILLAR,AAPL,RECEIVE,250,300,3
AAPL_FEB_ARCX_PILLAR_mbp1.dbn.zst,AAPL_FEB,ARCX.PILLAR,AAPL,RECEIVE,300,350,14
AAPL_FEB_ARCX_PILLAR_mbp1.dbn.zst,AAPL_FEB,ARCX.PILLAR,AAPL,RECEIVE,350,400,9
AAPL_FEB_ARCX_PILLAR_mbp1.dbn.zst,AAPL_FEB,ARCX.PILLAR,AAPL,RECEIVE,400,450,2
AAPL_FEB_ARCX_PILLAR_mbp1.dbn.zst,AAPL_FEB,ARCX.PILLAR,AAPL,RECEIVE,450,500,34
AAPL_FEB_ARCX_PILLAR_mbp1.dbn.zst,AAPL_FEB,ARCX.PILLAR,AAPL,RECEIVE,500,550,13
AAPL_FEB_ARCX_PILLAR_mbp1.dbn.zst,AAPL_FEB,ARCX.PILLAR,AAPL,RECEIVE,550,600,12
AAPL_FEB_ARCX_PILLAR_mbp1.dbn.zst,AAPL_FEB,ARCX.PILLAR,AAPL,RECEIVE,600,650,5
AAPL_FEB_ARCX_PILLAR_mbp1.dbn.zst,AAPL_FEB,ARCX.PILLAR,AAPL,RECEIVE,650,700,6
AAPL_FEB_ARCX_PILLAR_mbp1.dbn.zst,AAPL_FEB,ARCX.PILLAR,AAPL,RECEIVE,700,750,5
AAPL_FEB_ARCX_PILLAR_mbp1.dbn.zst,AAPL_FEB,ARCX.PILLAR,AAPL,RECEIVE,750,800,24
AAPL_FEB_ARCX_PILLAR_mbp1.dbn.zst,AAPL_FEB,ARCX.PILLAR,AAPL,RECEIVE,800,850,11
AAPL_FEB_ARCX_PILLAR_mbp1.dbn.zst,AAPL_FEB,ARCX.PILLAR,AAPL,RECEIVE,850,900,15
AAPL_FEB_ARCX_PILLAR_mbp1.dbn.zst,AAPL_FEB,ARCX.PILLAR,AAPL,RECEIVE,900,950,3
AAPL_FEB_ARCX_PILLAR_mbp1.dbn.zst,AAPL_FEB,ARCX.PILLAR,AAPL,RECEIVE,950,1000,11
AAPL_FEB_ARCX_PILLAR_mbp1.dbn.zst,AAPL_FEB,ARCX.PILLAR,AAPL,RECEIVE,1000,1050,2
AAPL_FEB_ARCX_PILLAR_mbp1.dbn.zst,AAPL_FEB,ARCX.PILLAR,AAPL,RECEIVE,1050,1100,4
AAPL_FEB_ARCX_PILLAR_mbp1.dbn.zst,AAPL_FEB,ARCX.PILLAR,AAPL,RECEIVE,1100,1150,4
AAPL_FEB_ARCX_PILLAR_mbp1.dbn.zst,AAPL_FEB,ARCX.PILLAR,AAPL,RECEIVE,1150,1200,3
AAPL_FEB_ARCX_PILLAR_mbp1.dbn.zst,AAPL_FEB,ARCX.PILLAR,AAPL,RECEIVE,1200,1250,7
AAPL_FEB_ARCX_PILLAR_mbp1.dbn.zst,AAPL_FEB,ARCX.PILLAR,AAPL,RECEIVE,1250,1300,9
AAPL_FEB_ARCX_PILLAR_mbp1.dbn.zst,AAPL_FEB,ARCX.PILLAR,AAPL,RECEIVE,1300,1350,9
AAPL_FEB_ARCX_PILLAR_mbp1.dbn.zst,AAPL_FEB,ARCX.PILLAR,AAPL,RECEIVE,1350,1400,5
AAPL_FEB_ARCX_PILLAR_mbp1.dbn.zst,AAPL_FEB,ARCX.PILLAR,AAPL,RECEIVE,1400,1450,3
AAPL_FEB_ARCX_PILLAR_mbp1.dbn.zst,AAPL_FEB,ARCX.PILLAR,AAPL,RECEIVE,1450,1500,6
AAPL_FEB_ARCX_PILLAR_mbp1.dbn.zst,AAPL_FEB,ARCX.PILLAR,AAPL,RECEIVE,1500,1550,1
AAPL_FEB_ARCX_PILLAR_mbp1.dbn.zst,AAPL_FEB,ARCX.PILLAR,AAPL,RECEIVE,1550,1600,0
AAPL_FEB_ARCX_PILLAR_mbp1.dbn.zst,AAPL_FEB,ARCX.PILLAR,AAPL,RECEIVE,1600,1650,0
AAPL_FEB_ARCX_PILLAR_mbp1.dbn.zst,AAPL_FEB,ARCX.PILLAR,AAPL,RECEIVE,1650,1700,2
AAPL_FEB_ARCX_PILLAR_mbp1.dbn.zst,AAPL_FEB,ARCX.PILLAR,AAPL,RECEIVE,1700,1750,71
AAPL_FEB_ARCX_PILLAR_mbp1.dbn.zst,AAPL_FEB,ARCX.PILLAR,AAPL,RECEIVE,1750,1800,43
AAPL_FEB_ARCX_PILLAR_mbp1.dbn.zst,AAPL_FEB,ARCX.PILLAR,AAPL,RECEIVE,1800,1850,13
AAPL_FEB_ARCX_PILLAR_mbp1.dbn.zst,AAPL_FEB,ARCX.PILLAR,AAPL,RECEIVE,1850,1900,22
AAPL_FEB_ARCX_PILLAR_mbp1.dbn.zst,AAPL_FEB,ARCX.PILLAR,AAPL,RECEIVE,1900,1950,1
AAPL_FEB_ARCX_PILLAR_mbp1.dbn.zst,AAPL_FEB,ARCX.PILLAR,AAPL,RECEIVE,1950,2000,5
AAPL_FEB_ARCX_PILLAR_mbp1.dbn.zst,AAPL_FEB,ARCX.PILLAR,AAPL,RECEIVE,2000,2050,0
AAPL_FEB_ARCX_PILLAR_mbp1.dbn.zst,AAPL_FEB,ARCX.PILLAR,AAPL,RECEIVE,2050,2100,0
AAPL_FEB_ARCX_PILLAR_mbp1.dbn.zst,AAPL_FEB,ARCX.PILLAR,AAPL,RECEIVE,2100,2150,2
AAPL_FEB_ARCX_PILLAR_mbp1.dbn.zst,AAPL_FEB,ARCX.PILLAR,AAPL,RECEIVE,2150,2200,1
AAPL_FEB_ARCX_PILLAR_mbp1.dbn.zst,AAPL_FEB,ARCX.PILLAR,AAPL,RECEIVE,2200,2250,0
AAPL_FEB_ARCX_PILLAR_mbp1.dbn.zst,AAPL_FEB,ARCX.PILLAR,AAPL,RECEIVE,2250,2300,6
AAPL_FEB_ARCX_PILLAR_mbp1.dbn.zst,AAPL_FEB,ARCX.PILLAR,AAPL,RECEIVE,2300,2350,8
AAPL_FEB_ARCX_PILLAR_mbp1.dbn.zst,AAPL_FEB,ARCX.PILLAR,AAPL,RECEIVE,2350,2400,1
AAPL_FEB_ARCX_PILLAR_mbp1.dbn.zst,AAPL_FEB,ARCX.PILLAR,AAPL,RECEIVE,2400,2450,1
AAPL_FEB_ARCX_PILLAR_mbp1.dbn.zst,AAPL_FEB,ARCX.PILLAR,AAPL,RECEIVE,2450,2500,0
AAPL_FEB_ARCX_PILLAR_mbp1.dbn.zst,AAPL_FEB,ARCX.PILLAR,AAPL,RECEIVE,2500,2550,0
AAPL_FEB_ARCX_PILLAR_mbp1.dbn.zst,AAPL_FEB,ARCX.PILLAR,AAPL,RECEIVE,2550,2600,0
AAPL_FEB_ARCX_PILLAR_mbp1.dbn.zst,AAPL_FEB,ARCX.PILLAR,AAPL,RECEIVE,2600,2650,0
AAPL_FEB_ARCX_PILLAR_mbp1.dbn.zst,AAPL_FEB,ARCX.PILLAR,AAPL,RECEIVE,2650,2700,2
AAPL_FEB_ARCX_PILLAR_mbp1.dbn.zst,AAPL_FEB,ARCX.PILLAR,AAPL,RECEIVE,2700,2750,1
AAPL_FEB_ARCX_PILLAR_mbp1.dbn.zst,AAPL_FEB,ARCX.PILLAR,AAPL,RECEIVE,2750,2800,0
AAPL_FEB_ARCX_PILLAR_mbp1.dbn.zst,AAPL_FEB,ARCX.PILLAR,AAPL,RECEIVE,2800,2850,10
AAPL_FEB_ARCX_PILLAR_mbp1.dbn.zst,AAPL_FEB,ARCX.PILLAR,AAPL,RECEIVE,2850,2900,0
AAPL_FEB_ARCX_PILLAR_mbp1.dbn.zst,AAPL_FEB,ARCX.PILLAR,AAPL,RECEIVE,2900,2950,44
AAPL_FEB_ARCX_PILLAR_mbp1.dbn.zst,AAPL_FEB,ARCX.PILLAR,AAPL,RECEIVE,2950,3000,4
AAPL_FEB_ARCX_PILLAR_mbp1.dbn.zst,AAPL_FEB,ARCX.PILLAR,AAPL,RECEIVE,3000,3050,43
AAPL_FEB_ARCX_PILLAR_mbp1.dbn.zst,AAPL_FEB,ARCX.PILLAR,AAPL,RECEIVE,3050,3100,0
AAPL_FEB_ARCX_PILLAR_mbp1.dbn.zst,AAPL_FEB,ARCX.PILLAR,AAPL,RECEIVE,3100,3150,16
AAPL_FEB_ARCX_PILLAR_mbp1.dbn.zst,AAPL_FEB,ARCX.PILLAR,AAPL,RECEIVE,3150,3200,1
AAPL_FEB_ARCX_PILLAR_mbp1.dbn.zst,AAPL_FEB,ARCX.PILLAR,AAPL,RECEIVE,3200,3250,10
AAPL_FEB_ARCX_PILLAR_mbp1.dbn.zst,AAPL_FEB,ARCX.PILLAR,AAPL,RECEIVE,3250,3300,0
AAPL_FEB_ARCX_PILLAR_mbp1.dbn.zst,AAPL_FEB,ARCX.PILLAR,AAPL,RECEIVE,3300,3350,0
AAPL_FEB_ARCX_PILLAR_mbp1.dbn.zst,AAPL_FEB,ARCX.PILLAR,AAPL,RECEIVE,3350,3400,0
AAPL_FEB_ARCX_PILLAR_mbp1.dbn.zst,AAPL_FEB,ARCX.PILLAR,AAPL,RECEIVE,3400,3450,0
AAPL_FEB_ARCX_PILLAR_mbp1.dbn.zst,AAPL_FEB,ARCX.PILLAR,AAPL,RECEIVE,3450,3500,1
AAPL_FEB_ARCX_PILLAR_mbp1.dbn.zst,AAPL_FEB,ARCX.PILLAR,AAPL,RECEIVE,3500,3550,0
AAPL_FEB_ARCX_PILLAR_mbp1.dbn.zst,AAPL_FEB,ARCX.PILLAR,AAPL,RECEIVE,3550,3600,1
AAPL_FEB_ARCX_PILLAR_mbp1.dbn.zst,AAPL_FEB,ARCX.PILLAR,AAPL,RECEIVE,3600,3650,4
AAPL_FEB_ARCX_PILLAR_mbp1.dbn.zst,AAPL_FEB,ARCX.PILLAR,AAPL,RECEIVE,3650,3700,1
AAPL_FEB_ARCX_PILLAR_mbp1.dbn.zst,AAPL_FEB,ARCX.PILLAR,AAPL,RECEIVE,3700,3750,0
AAPL_FEB_ARCX_PILLAR_mbp1.dbn.zst,AAPL_FEB,ARCX.PILLAR,AAPL,RECEIVE,3750,3800,0
AAPL_FEB_ARCX_PILLAR_mbp1.dbn.zst,AAPL_FEB,ARCX.PILLAR,AAPL,RECEIVE,3800,3850,0
AAPL_FEB_ARCX_PILLAR_mbp1.dbn.zst,AAPL_FEB,ARCX.PILLAR,AAPL,RECEIVE,3850,3900,4
AAPL_FEB_ARCX_PILLAR_mbp1.dbn.zst,AAPL_FEB,ARCX.PILLAR,AAPL,RECEIVE,3900,3950,1
AAPL_FEB_ARCX_PILLAR_mbp1.dbn.zst,AAPL_FEB,ARCX.PILLAR,AAPL,RECEIVE,3950,4000,24
AAPL_FEB_ARCX_PILLAR_mbp1.dbn.zst,AAPL_FEB,ARCX.PILLAR,AAPL,RECEIVE,4000,4050,0
AAPL_FEB_ARCX_PILLAR_mbp1.dbn.zst,AAPL_FEB,ARCX.PILLAR,AAPL,RECEIVE,4050,4100,4
AAPL_FEB_ARCX_PILLAR_mbp1.dbn.zst,AAPL_FEB,ARCX.PILLAR,AAPL,RECEIVE,4100,4150,26
AAPL_FEB_ARCX_PILLAR_mbp1.dbn.zst,AAPL_FEB,ARCX.PILLAR,AAPL,RECEIVE,4150,4200,0
AAPL_FEB_ARCX_PILLAR_mbp1.dbn.zst,AAPL_FEB,ARCX.PILLAR,AAPL,RECEIVE,4200,4250,26
AAPL_FEB_ARCX_PILLAR_mbp1.dbn.zst,AAPL_FEB,ARCX.PILLAR,AAPL,RECEIVE,4250,4300,2
AAPL_FEB_ARCX_PILLAR_mbp1.dbn.zst,AAPL_FEB,ARCX.PILLAR,AAPL,RECEIVE,4300,4350,0
AAPL_FEB_ARCX_PILLAR_mbp1.dbn.zst,AAPL_FEB,ARCX.PILLAR,AAPL,RECEIVE,4350,4400,5
AAPL_FEB_ARCX_PILLAR_mbp1.dbn.zst,AAPL_FEB,ARCX.PILLAR,AAPL,RECEIVE,4400,4450,6
AAPL_FEB_ARCX_PILLAR_mbp1.dbn.zst,AAPL_FEB,ARCX.PILLAR,AAPL,RECEIVE,4450,4500,106
AAPL_FEB_ARCX_PILLAR_mbp1.dbn.zst,AAPL_FEB,ARCX.PILLAR,AAPL,RECEIVE,4500,4550,38
AAPL_FEB_ARCX_PILLAR_mbp1.dbn.zst,AAPL_FEB,ARCX.PILLAR,AAPL,RECEIVE,4550,4600,0
AAPL_FEB_ARCX_PILLAR_mbp1.dbn.zst,AAPL_FEB,ARCX.PILLAR,AAPL,RECEIVE,4600,4650,0
AAPL_FEB_ARCX_PILLAR_mbp1.dbn.zst,AAPL_FEB,ARCX.PILLAR,AAPL,RECEIVE,4650,4700,0
AAPL_FEB_ARCX_PILLAR_mbp1.dbn.zst,AAPL_FEB,ARCX.PILLAR,AAPL,RECEIVE,4700,4750,5
AAPL_FEB_ARCX_PILLAR_mbp1.dbn.zst,AAPL_FEB,ARCX.PILLAR,AAPL,RECEIVE,4750,4800,8
AAPL_FEB_ARCX_PILLAR_mbp1.dbn.zst,AAPL_FEB,ARCX.PILLAR,AAPL,RECEIVE,4800,4850,10
AAPL_FEB_ARCX_PILLAR_mbp1.dbn.zst,AAPL_FEB,ARCX.PILLAR,AAPL,RECEIVE,4850,4900,1
AAPL_FEB_ARCX_PILLAR_mbp1.dbn.zst,AAPL_FEB,ARCX.PILLAR,AAPL,RECEIVE,4900,4950,1
AAPL_FEB_ARCX_PILLAR_mbp1.dbn.zst,AAPL_FEB,ARCX.PILLAR,AAPL,RECEIVE,4950,5000,2
AAPL_FEB_CTRL_ARCX_PILLAR_mbp1.dbn.zst,AAPL_FEB_CTRL,ARCX.PILLAR,AAPL,EVENT,-5000,-4950,20
AAPL_FEB_CTRL_ARCX_PILLAR_mbp1.dbn.zst,AAPL_FEB_CTRL,ARCX.PILLAR,AAPL,EVENT,-4950,-4900,3
AAPL_FEB_CTRL_ARCX_PILLAR_mbp1.dbn.zst,AAPL_FEB_CTRL,ARCX.PILLAR,AAPL,EVENT,-4900,-4850,5
AAPL_FEB_CTRL_ARCX_PILLAR_mbp1.dbn.zst,AAPL_FEB_CTRL,ARCX.PILLAR,AAPL,EVENT,-4850,-4800,9
AAPL_FEB_CTRL_ARCX_PILLAR_mbp1.dbn.zst,AAPL_FEB_CTRL,ARCX.PILLAR,AAPL,EVENT,-4800,-4750,18
AAPL_FEB_CTRL_ARCX_PILLAR_mbp1.dbn.zst,AAPL_FEB_CTRL,ARCX.PILLAR,AAPL,EVENT,-4750,-4700,32
AAPL_FEB_CTRL_ARCX_PILLAR_mbp1.dbn.zst,AAPL_FEB_CTRL,ARCX.PILLAR,AAPL,EVENT,-4700,-4650,20
AAPL_FEB_CTRL_ARCX_PILLAR_mbp1.dbn.zst,AAPL_FEB_CTRL,ARCX.PILLAR,AAPL,EVENT,-4650,-4600,42
AAPL_FEB_CTRL_ARCX_PILLAR_mbp1.dbn.zst,AAPL_FEB_CTRL,ARCX.PILLAR,AAPL,EVENT,-4600,-4550,20
AAPL_FEB_CTRL_ARCX_PILLAR_mbp1.dbn.zst,AAPL_FEB_CTRL,ARCX.PILLAR,AAPL,EVENT,-4550,-4500,20
AAPL_FEB_CTRL_ARCX_PILLAR_mbp1.dbn.zst,AAPL_FEB_CTRL,ARCX.PILLAR,AAPL,EVENT,-4500,-4450,4
AAPL_FEB_CTRL_ARCX_PILLAR_mbp1.dbn.zst,AAPL_FEB_CTRL,ARCX.PILLAR,AAPL,EVENT,-4450,-4400,2
AAPL_FEB_CTRL_ARCX_PILLAR_mbp1.dbn.zst,AAPL_FEB_CTRL,ARCX.PILLAR,AAPL,EVENT,-4400,-4350,14
AAPL_FEB_CTRL_ARCX_PILLAR_mbp1.dbn.zst,AAPL_FEB_CTRL,ARCX.PILLAR,AAPL,EVENT,-4350,-4300,10
AAPL_FEB_CTRL_ARCX_PILLAR_mbp1.dbn.zst,AAPL_FEB_CTRL,ARCX.PILLAR,AAPL,EVENT,-4300,-4250,8
AAPL_FEB_CTRL_ARCX_PILLAR_mbp1.dbn.zst,AAPL_FEB_CTRL,ARCX.PILLAR,AAPL,EVENT,-4250,-4200,11
AAPL_FEB_CTRL_ARCX_PILLAR_mbp1.dbn.zst,AAPL_FEB_CTRL,ARCX.PILLAR,AAPL,EVENT,-4200,-4150,15
AAPL_FEB_CTRL_ARCX_PILLAR_mbp1.dbn.zst,AAPL_FEB_CTRL,ARCX.PILLAR,AAPL,EVENT,-4150,-4100,5
AAPL_FEB_CTRL_ARCX_PILLAR_mbp1.dbn.zst,AAPL_FEB_CTRL,ARCX.PILLAR,AAPL,EVENT,-4100,-4050,24
AAPL_FEB_CTRL_ARCX_PILLAR_mbp1.dbn.zst,AAPL_FEB_CTRL,ARCX.PILLAR,AAPL,EVENT,-4050,-4000,14
AAPL_FEB_CTRL_ARCX_PILLAR_mbp1.dbn.zst,AAPL_FEB_CTRL,ARCX.PILLAR,AAPL,EVENT,-4000,-3950,24
AAPL_FEB_CTRL_ARCX_PILLAR_mbp1.dbn.zst,AAPL_FEB_CTRL,ARCX.PILLAR,AAPL,EVENT,-3950,-3900,23
AAPL_FEB_CTRL_ARCX_PILLAR_mbp1.dbn.zst,AAPL_FEB_CTRL,ARCX.PILLAR,AAPL,EVENT,-3900,-3850,20
AAPL_FEB_CTRL_ARCX_PILLAR_mbp1.dbn.zst,AAPL_FEB_CTRL,ARCX.PILLAR,AAPL,EVENT,-3850,-3800,11
AAPL_FEB_CTRL_ARCX_PILLAR_mbp1.dbn.zst,AAPL_FEB_CTRL,ARCX.PILLAR,AAPL,EVENT,-3800,-3750,14
AAPL_FEB_CTRL_ARCX_PILLAR_mbp1.dbn.zst,AAPL_FEB_CTRL,ARCX.PILLAR,AAPL,EVENT,-3750,-3700,22
AAPL_FEB_CTRL_ARCX_PILLAR_mbp1.dbn.zst,AAPL_FEB_CTRL,ARCX.PILLAR,AAPL,EVENT,-3700,-3650,26
AAPL_FEB_CTRL_ARCX_PILLAR_mbp1.dbn.zst,AAPL_FEB_CTRL,ARCX.PILLAR,AAPL,EVENT,-3650,-3600,27
AAPL_FEB_CTRL_ARCX_PILLAR_mbp1.dbn.zst,AAPL_FEB_CTRL,ARCX.PILLAR,AAPL,EVENT,-3600,-3550,16
AAPL_FEB_CTRL_ARCX_PILLAR_mbp1.dbn.zst,AAPL_FEB_CTRL,ARCX.PILLAR,AAPL,EVENT,-3550,-3500,17
AAPL_FEB_CTRL_ARCX_PILLAR_mbp1.dbn.zst,AAPL_FEB_CTRL,ARCX.PILLAR,AAPL,EVENT,-3500,-3450,11
AAPL_FEB_CTRL_ARCX_PILLAR_mbp1.dbn.zst,AAPL_FEB_CTRL,ARCX.PILLAR,AAPL,EVENT,-3450,-3400,109
AAPL_FEB_CTRL_ARCX_PILLAR_mbp1.dbn.zst,AAPL_FEB_CTRL,ARCX.PILLAR,AAPL,EVENT,-3400,-3350,37
AAPL_FEB_CTRL_ARCX_PILLAR_mbp1.dbn.zst,AAPL_FEB_CTRL,ARCX.PILLAR,AAPL,EVENT,-3350,-3300,13
AAPL_FEB_CTRL_ARCX_PILLAR_mbp1.dbn.zst,AAPL_FEB_CTRL,ARCX.PILLAR,AAPL,EVENT,-3300,-3250,38
AAPL_FEB_CTRL_ARCX_PILLAR_mbp1.dbn.zst,AAPL_FEB_CTRL,ARCX.PILLAR,AAPL,EVENT,-3250,-3200,35
AAPL_FEB_CTRL_ARCX_PILLAR_mbp1.dbn.zst,AAPL_FEB_CTRL,ARCX.PILLAR,AAPL,EVENT,-3200,-3150,22
AAPL_FEB_CTRL_ARCX_PILLAR_mbp1.dbn.zst,AAPL_FEB_CTRL,ARCX.PILLAR,AAPL,EVENT,-3150,-3100,19
AAPL_FEB_CTRL_ARCX_PILLAR_mbp1.dbn.zst,AAPL_FEB_CTRL,ARCX.PILLAR,AAPL,EVENT,-3100,-3050,30
AAPL_FEB_CTRL_ARCX_PILLAR_mbp1.dbn.zst,AAPL_FEB_CTRL,ARCX.PILLAR,AAPL,EVENT,-3050,-3000,13
AAPL_FEB_CTRL_ARCX_PILLAR_mbp1.dbn.zst,AAPL_FEB_CTRL,ARCX.PILLAR,AAPL,EVENT,-3000,-2950,19
AAPL_FEB_CTRL_ARCX_PILLAR_mbp1.dbn.zst,AAPL_FEB_CTRL,ARCX.PILLAR,AAPL,EVENT,-2950,-2900,26
AAPL_FEB_CTRL_ARCX_PILLAR_mbp1.dbn.zst,AAPL_FEB_CTRL,ARCX.PILLAR,AAPL,EVENT,-2900,-2850,29
AAPL_FEB_CTRL_ARCX_PILLAR_mbp1.dbn.zst,AAPL_FEB_CTRL,ARCX.PILLAR,AAPL,EVENT,-2850,-2800,38
AAPL_FEB_CTRL_ARCX_PILLAR_mbp1.dbn.zst,AAPL_FEB_CTRL,ARCX.PILLAR,AAPL,EVENT,-2800,-2750,33
AAPL_FEB_CTRL_ARCX_PILLAR_mbp1.dbn.zst,AAPL_FEB_CTRL,ARCX.PILLAR,AAPL,EVENT,-2750,-2700,6
AAPL_FEB_CTRL_ARCX_PILLAR_mbp1.dbn.zst,AAPL_FEB_CTRL,ARCX.PILLAR,AAPL,EVENT,-2700,-2650,41
AAPL_FEB_CTRL_ARCX_PILLAR_mbp1.dbn.zst,AAPL_FEB_CTRL,ARCX.PILLAR,AAPL,EVENT,-2650,-2600,43
AAPL_FEB_CTRL_ARCX_PILLAR_mbp1.dbn.zst,AAPL_FEB_CTRL,ARCX.PILLAR,AAPL,EVENT,-2600,-2550,30
AAPL_FEB_CTRL_ARCX_PILLAR_mbp1.dbn.zst,AAPL_FEB_CTRL,ARCX.PILLAR,AAPL,EVENT,-2550,-2500,65
AAPL_FEB_CTRL_ARCX_PILLAR_mbp1.dbn.zst,AAPL_FEB_CTRL,ARCX.PILLAR,AAPL,EVENT,-2500,-2450,33
AAPL_FEB_CTRL_ARCX_PILLAR_mbp1.dbn.zst,AAPL_FEB_CTRL,ARCX.PILLAR,AAPL,EVENT,-2450,-2400,19
AAPL_FEB_CTRL_ARCX_PILLAR_mbp1.dbn.zst,AAPL_FEB_CTRL,ARCX.PILLAR,AAPL,EVENT,-2400,-2350,9
AAPL_FEB_CTRL_ARCX_PILLAR_mbp1.dbn.zst,AAPL_FEB_CTRL,ARCX.PILLAR,AAPL,EVENT,-2350,-2300,28
AAPL_FEB_CTRL_ARCX_PILLAR_mbp1.dbn.zst,AAPL_FEB_CTRL,ARCX.PILLAR,AAPL,EVENT,-2300,-2250,12
AAPL_FEB_CTRL_ARCX_PILLAR_mbp1.dbn.zst,AAPL_FEB_CTRL,ARCX.PILLAR,AAPL,EVENT,-2250,-2200,42
AAPL_FEB_CTRL_ARCX_PILLAR_mbp1.dbn.zst,AAPL_FEB_CTRL,ARCX.PILLAR,AAPL,EVENT,-2200,-2150,47
AAPL_FEB_CTRL_ARCX_PILLAR_mbp1.dbn.zst,AAPL_FEB_CTRL,ARCX.PILLAR,AAPL,EVENT,-2150,-2100,15
AAPL_FEB_CTRL_ARCX_PILLAR_mbp1.dbn.zst,AAPL_FEB_CTRL,ARCX.PILLAR,AAPL,EVENT,-2100,-2050,36
AAPL_FEB_CTRL_ARCX_PILLAR_mbp1.dbn.zst,AAPL_FEB_CTRL,ARCX.PILLAR,AAPL,EVENT,-2050,-2000,33
AAPL_FEB_CTRL_ARCX_PILLAR_mbp1.dbn.zst,AAPL_FEB_CTRL,ARCX.PILLAR,AAPL,EVENT,-2000,-1950,65
AAPL_FEB_CTRL_ARCX_PILLAR_mbp1.dbn.zst,AAPL_FEB_CTRL,ARCX.PILLAR,AAPL,EVENT,-1950,-1900,55
AAPL_FEB_CTRL_ARCX_PILLAR_mbp1.dbn.zst,AAPL_FEB_CTRL,ARCX.PILLAR,AAPL,EVENT,-1900,-1850,19
AAPL_FEB_CTRL_ARCX_PILLAR_mbp1.dbn.zst,AAPL_FEB_CTRL,ARCX.PILLAR,AAPL,EVENT,-1850,-1800,49
AAPL_FEB_CTRL_ARCX_PILLAR_mbp1.dbn.zst,AAPL_FEB_CTRL,ARCX.PILLAR,AAPL,EVENT,-1800,-1750,56
AAPL_FEB_CTRL_ARCX_PILLAR_mbp1.dbn.zst,AAPL_FEB_CTRL,ARCX.PILLAR,AAPL,EVENT,-1750,-1700,15
AAPL_FEB_CTRL_ARCX_PILLAR_mbp1.dbn.zst,AAPL_FEB_CTRL,ARCX.PILLAR,AAPL,EVENT,-1700,-1650,11
AAPL_FEB_CTRL_ARCX_PILLAR_mbp1.dbn.zst,AAPL_FEB_CTRL,ARCX.PILLAR,AAPL,EVENT,-1650,-1600,134
AAPL_FEB_CTRL_ARCX_PILLAR_mbp1.dbn.zst,AAPL_FEB_CTRL,ARCX.PILLAR,AAPL,EVENT,-1600,-1550,24
AAPL_FEB_CTRL_ARCX_PILLAR_mbp1.dbn.zst,AAPL_FEB_CTRL,ARCX.PILLAR,AAPL,EVENT,-1550,-1500,44
AAPL_FEB_CTRL_ARCX_PILLAR_mbp1.dbn.zst,AAPL_FEB_CTRL,ARCX.PILLAR,AAPL,EVENT,-1500,-1450,42
AAPL_FEB_CTRL_ARCX_PILLAR_mbp1.dbn.zst,AAPL_FEB_CTRL,ARCX.PILLAR,AAPL,EVENT,-1450,-1400,80
AAPL_FEB_CTRL_ARCX_PILLAR_mbp1.dbn.zst,AAPL_FEB_CTRL,ARCX.PILLAR,AAPL,EVENT,-1400,-1350,23
AAPL_FEB_CTRL_ARCX_PILLAR_mbp1.dbn.zst,AAPL_FEB_CTRL,ARCX.PILLAR,AAPL,EVENT,-1350,-1300,47
AAPL_FEB_CTRL_ARCX_PILLAR_mbp1.dbn.zst,AAPL_FEB_CTRL,ARCX.PILLAR,AAPL,EVENT,-1300,-1250,23
AAPL_FEB_CTRL_ARCX_PILLAR_mbp1.dbn.zst,AAPL_FEB_CTRL,ARCX.PILLAR,AAPL,EVENT,-1250,-1200,40
AAPL_FEB_CTRL_ARCX_PILLAR_mbp1.dbn.zst,AAPL_FEB_CTRL,ARCX.PILLAR,AAPL,EVENT,-1200,-1150,94
AAPL_FEB_CTRL_ARCX_PILLAR_mbp1.dbn.zst,AAPL_FEB_CTRL,ARCX.PILLAR,AAPL,EVENT,-1150,-1100,45
AAPL_FEB_CTRL_ARCX_PILLAR_mbp1.dbn.zst,AAPL_FEB_CTRL,ARCX.PILLAR,AAPL,EVENT,-1100,-1050,47
AAPL_FEB_CTRL_ARCX_PILLAR_mbp1.dbn.zst,AAPL_FEB_CTRL,ARCX.PILLAR,AAPL,EVENT,-1050,-1000,94
AAPL_FEB_CTRL_ARCX_PILLAR_mbp1.dbn.zst,AAPL_FEB_CTRL,ARCX.PILLAR,AAPL,EVENT,-1000,-950,90
AAPL_FEB_CTRL_ARCX_PILLAR_mbp1.dbn.zst,AAPL_FEB_CTRL,ARCX.PILLAR,AAPL,EVENT,-950,-900,38
AAPL_FEB_CTRL_ARCX_PILLAR_mbp1.dbn.zst,AAPL_FEB_CTRL,ARCX.PILLAR,AAPL,EVENT,-900,-850,71
AAPL_FEB_CTRL_ARCX_PILLAR_mbp1.dbn.zst,AAPL_FEB_CTRL,ARCX.PILLAR,AAPL,EVENT,-850,-800,55
AAPL_FEB_CTRL_ARCX_PILLAR_mbp1.dbn.zst,AAPL_FEB_CTRL,ARCX.PILLAR,AAPL,EVENT,-800,-750,71
AAPL_FEB_CTRL_ARCX_PILLAR_mbp1.dbn.zst,AAPL_FEB_CTRL,ARCX.PILLAR,AAPL,EVENT,-750,-700,166
AAPL_FEB_CTRL_ARCX_PILLAR_mbp1.dbn.zst,AAPL_FEB_CTRL,ARCX.PILLAR,AAPL,EVENT,-700,-650,48
AAPL_FEB_CTRL_ARCX_PILLAR_mbp1.dbn.zst,AAPL_FEB_CTRL,ARCX.PILLAR,AAPL,EVENT,-650,-600,89
AAPL_FEB_CTRL_ARCX_PILLAR_mbp1.dbn.zst,AAPL_FEB_CTRL,ARCX.PILLAR,AAPL,EVENT,-600,-550,91
AAPL_FEB_CTRL_ARCX_PILLAR_mbp1.dbn.zst,AAPL_FEB_CTRL,ARCX.PILLAR,AAPL,EVENT,-550,-500,99
AAPL_FEB_CTRL_ARCX_PILLAR_mbp1.dbn.zst,AAPL_FEB_CTRL,ARCX.PILLAR,AAPL,EVENT,-500,-450,106
AAPL_FEB_CTRL_ARCX_PILLAR_mbp1.dbn.zst,AAPL_FEB_CTRL,ARCX.PILLAR,AAPL,EVENT,-450,-400,108
AAPL_FEB_CTRL_ARCX_PILLAR_mbp1.dbn.zst,AAPL_FEB_CTRL,ARCX.PILLAR,AAPL,EVENT,-400,-350,123
AAPL_FEB_CTRL_ARCX_PILLAR_mbp1.dbn.zst,AAPL_FEB_CTRL,ARCX.PILLAR,AAPL,EVENT,-350,-300,105
AAPL_FEB_CTRL_ARCX_PILLAR_mbp1.dbn.zst,AAPL_FEB_CTRL,ARCX.PILLAR,AAPL,EVENT,-300,-250,128
AAPL_FEB_CTRL_ARCX_PILLAR_mbp1.dbn.zst,AAPL_FEB_CTRL,ARCX.PILLAR,AAPL,EVENT,-250,-200,167
AAPL_FEB_CTRL_ARCX_PILLAR_mbp1.dbn.zst,AAPL_FEB_CTRL,ARCX.PILLAR,AAPL,EVENT,-200,-150,218
AAPL_FEB_CTRL_ARCX_PILLAR_mbp1.dbn.zst,AAPL_FEB_CTRL,ARCX.PILLAR,AAPL,EVENT,-150,-100,202
AAPL_FEB_CTRL_ARCX_PILLAR_mbp1.dbn.zst,AAPL_FEB_CTRL,ARCX.PILLAR,AAPL,EVENT,-100,-50,362
AAPL_FEB_CTRL_ARCX_PILLAR_mbp1.dbn.zst,AAPL_FEB_CTRL,ARCX.PILLAR,AAPL,EVENT,-50,0,306
AAPL_FEB_CTRL_ARCX_PILLAR_mbp1.dbn.zst,AAPL_FEB_CTRL,ARCX.PILLAR,AAPL,EVENT,0,50,482
AAPL_FEB_CTRL_ARCX_PILLAR_mbp1.dbn.zst,AAPL_FEB_CTRL,ARCX.PILLAR,AAPL,EVENT,50,100,259
AAPL_FEB_CTRL_ARCX_PILLAR_mbp1.dbn.zst,AAPL_FEB_CTRL,ARCX.PILLAR,AAPL,EVENT,100,150,247
AAPL_FEB_CTRL_ARCX_PILLAR_mbp1.dbn.zst,AAPL_FEB_CTRL,ARCX.PILLAR,AAPL,EVENT,150,200,190
AAPL_FEB_CTRL_ARCX_PILLAR_mbp1.dbn.zst,AAPL_FEB_CTRL,ARCX.PILLAR,AAPL,EVENT,200,250,213
AAPL_FEB_CTRL_ARCX_PILLAR_mbp1.dbn.zst,AAPL_FEB_CTRL,ARCX.PILLAR,AAPL,EVENT,250,300,141
AAPL_FEB_CTRL_ARCX_PILLAR_mbp1.dbn.zst,AAPL_FEB_CTRL,ARCX.PILLAR,AAPL,EVENT,300,350,109
AAPL_FEB_CTRL_ARCX_PILLAR_mbp1.dbn.zst,AAPL_FEB_CTRL,ARCX.PILLAR,AAPL,EVENT,350,400,82
AAPL_FEB_CTRL_ARCX_PILLAR_mbp1.dbn.zst,AAPL_FEB_CTRL,ARCX.PILLAR,AAPL,EVENT,400,450,139
AAPL_FEB_CTRL_ARCX_PILLAR_mbp1.dbn.zst,AAPL_FEB_CTRL,ARCX.PILLAR,AAPL,EVENT,450,500,49
AAPL_FEB_CTRL_ARCX_PILLAR_mbp1.dbn.zst,AAPL_FEB_CTRL,ARCX.PILLAR,AAPL,EVENT,500,550,90
AAPL_FEB_CTRL_ARCX_PILLAR_mbp1.dbn.zst,AAPL_FEB_CTRL,ARCX.PILLAR,AAPL,EVENT,550,600,46
AAPL_FEB_CTRL_ARCX_PILLAR_mbp1.dbn.zst,AAPL_FEB_CTRL,ARCX.PILLAR,AAPL,EVENT,600,650,40
AAPL_FEB_CTRL_ARCX_PILLAR_mbp1.dbn.zst,AAPL_FEB_CTRL,ARCX.PILLAR,AAPL,EVENT,650,700,35
AAPL_FEB_CTRL_ARCX_PILLAR_mbp1.dbn.zst,AAPL_FEB_CTRL,ARCX.PILLAR,AAPL,EVENT,700,750,78
AAPL_FEB_CTRL_ARCX_PILLAR_mbp1.dbn.zst,AAPL_FEB_CTRL,ARCX.PILLAR,AAPL,EVENT,750,800,33
AAPL_FEB_CTRL_ARCX_PILLAR_mbp1.dbn.zst,AAPL_FEB_CTRL,ARCX.PILLAR,AAPL,EVENT,800,850,19
AAPL_FEB_CTRL_ARCX_PILLAR_mbp1.dbn.zst,AAPL_FEB_CTRL,ARCX.PILLAR,AAPL,EVENT,850,900,20
AAPL_FEB_CTRL_ARCX_PILLAR_mbp1.dbn.zst,AAPL_FEB_CTRL,ARCX.PILLAR,AAPL,EVENT,900,950,28
AAPL_FEB_CTRL_ARCX_PILLAR_mbp1.dbn.zst,AAPL_FEB_CTRL,ARCX.PILLAR,AAPL,EVENT,950,1000,33
AAPL_FEB_CTRL_ARCX_PILLAR_mbp1.dbn.zst,AAPL_FEB_CTRL,ARCX.PILLAR,AAPL,EVENT,1000,1050,41
AAPL_FEB_CTRL_ARCX_PILLAR_mbp1.dbn.zst,AAPL_FEB_CTRL,ARCX.PILLAR,AAPL,EVENT,1050,1100,40
AAPL_FEB_CTRL_ARCX_PILLAR_mbp1.dbn.zst,AAPL_FEB_CTRL,ARCX.PILLAR,AAPL,EVENT,1100,1150,49
AAPL_FEB_CTRL_ARCX_PILLAR_mbp1.dbn.zst,AAPL_FEB_CTRL,ARCX.PILLAR,AAPL,EVENT,1150,1200,51
AAPL_FEB_CTRL_ARCX_PILLAR_mbp1.dbn.zst,AAPL_FEB_CTRL,ARCX.PILLAR,AAPL,EVENT,1200,1250,137
AAPL_FEB_CTRL_ARCX_PILLAR_mbp1.dbn.zst,AAPL_FEB_CTRL,ARCX.PILLAR,AAPL,EVENT,1250,1300,116
AAPL_FEB_CTRL_ARCX_PILLAR_mbp1.dbn.zst,AAPL_FEB_CTRL,ARCX.PILLAR,AAPL,EVENT,1300,1350,16
AAPL_FEB_CTRL_ARCX_PILLAR_mbp1.dbn.zst,AAPL_FEB_CTRL,ARCX.PILLAR,AAPL,EVENT,1350,1400,28
AAPL_FEB_CTRL_ARCX_PILLAR_mbp1.dbn.zst,AAPL_FEB_CTRL,ARCX.PILLAR,AAPL,EVENT,1400,1450,18
AAPL_FEB_CTRL_ARCX_PILLAR_mbp1.dbn.zst,AAPL_FEB_CTRL,ARCX.PILLAR,AAPL,EVENT,1450,1500,48
AAPL_FEB_CTRL_ARCX_PILLAR_mbp1.dbn.zst,AAPL_FEB_CTRL,ARCX.PILLAR,AAPL,EVENT,1500,1550,81
AAPL_FEB_CTRL_ARCX_PILLAR_mbp1.dbn.zst,AAPL_FEB_CTRL,ARCX.PILLAR,AAPL,EVENT,1550,1600,52
AAPL_FEB_CTRL_ARCX_PILLAR_mbp1.dbn.zst,AAPL_FEB_CTRL,ARCX.PILLAR,AAPL,EVENT,1600,1650,28
AAPL_FEB_CTRL_ARCX_PILLAR_mbp1.dbn.zst,AAPL_FEB_CTRL,ARCX.PILLAR,AAPL,EVENT,1650,1700,35
AAPL_FEB_CTRL_ARCX_PILLAR_mbp1.dbn.zst,AAPL_FEB_CTRL,ARCX.PILLAR,AAPL,EVENT,1700,1750,43
AAPL_FEB_CTRL_ARCX_PILLAR_mbp1.dbn.zst,AAPL_FEB_CTRL,ARCX.PILLAR,AAPL,EVENT,1750,1800,23
AAPL_FEB_CTRL_ARCX_PILLAR_mbp1.dbn.zst,AAPL_FEB_CTRL,ARCX.PILLAR,AAPL,EVENT,1800,1850,12
AAPL_FEB_CTRL_ARCX_PILLAR_mbp1.dbn.zst,AAPL_FEB_CTRL,ARCX.PILLAR,AAPL,EVENT,1850,1900,20
AAPL_FEB_CTRL_ARCX_PILLAR_mbp1.dbn.zst,AAPL_FEB_CTRL,ARCX.PILLAR,AAPL,EVENT,1900,1950,9
AAPL_FEB_CTRL_ARCX_PILLAR_mbp1.dbn.zst,AAPL_FEB_CTRL,ARCX.PILLAR,AAPL,EVENT,1950,2000,18
AAPL_FEB_CTRL_ARCX_PILLAR_mbp1.dbn.zst,AAPL_FEB_CTRL,ARCX.PILLAR,AAPL,EVENT,2000,2050,10
AAPL_FEB_CTRL_ARCX_PILLAR_mbp1.dbn.zst,AAPL_FEB_CTRL,ARCX.PILLAR,AAPL,EVENT,2050,2100,87
AAPL_FEB_CTRL_ARCX_PILLAR_mbp1.dbn.zst,AAPL_FEB_CTRL,ARCX.PILLAR,AAPL,EVENT,2100,2150,54
AAPL_FEB_CTRL_ARCX_PILLAR_mbp1.dbn.zst,AAPL_FEB_CTRL,ARCX.PILLAR,AAPL,EVENT,2150,2200,34
AAPL_FEB_CTRL_ARCX_PILLAR_mbp1.dbn.zst,AAPL_FEB_CTRL,ARCX.PILLAR,AAPL,EVENT,2200,2250,131
AAPL_FEB_CTRL_ARCX_PILLAR_mbp1.dbn.zst,AAPL_FEB_CTRL,ARCX.PILLAR,AAPL,EVENT,2250,2300,16
AAPL_FEB_CTRL_ARCX_PILLAR_mbp1.dbn.zst,AAPL_FEB_CTRL,ARCX.PILLAR,AAPL,EVENT,2300,2350,63
AAPL_FEB_CTRL_ARCX_PILLAR_mbp1.dbn.zst,AAPL_FEB_CTRL,ARCX.PILLAR,AAPL,EVENT,2350,2400,39
AAPL_FEB_CTRL_ARCX_PILLAR_mbp1.dbn.zst,AAPL_FEB_CTRL,ARCX.PILLAR,AAPL,EVENT,2400,2450,59
AAPL_FEB_CTRL_ARCX_PILLAR_mbp1.dbn.zst,AAPL_FEB_CTRL,ARCX.PILLAR,AAPL,EVENT,2450,2500,113
AAPL_FEB_CTRL_ARCX_PILLAR_mbp1.dbn.zst,AAPL_FEB_CTRL,ARCX.PILLAR,AAPL,EVENT,2500,2550,41
AAPL_FEB_CTRL_ARCX_PILLAR_mbp1.dbn.zst,AAPL_FEB_CTRL,ARCX.PILLAR,AAPL,EVENT,2550,2600,23
AAPL_FEB_CTRL_ARCX_PILLAR_mbp1.dbn.zst,AAPL_FEB_CTRL,ARCX.PILLAR,AAPL,EVENT,2600,2650,13
AAPL_FEB_CTRL_ARCX_PILLAR_mbp1.dbn.zst,AAPL_FEB_CTRL,ARCX.PILLAR,AAPL,EVENT,2650,2700,7
AAPL_FEB_CTRL_ARCX_PILLAR_mbp1.dbn.zst,AAPL_FEB_CTRL,ARCX.PILLAR,AAPL,EVENT,2700,2750,30
AAPL_FEB_CTRL_ARCX_PILLAR_mbp1.dbn.zst,AAPL_FEB_CTRL,ARCX.PILLAR,AAPL,EVENT,2750,2800,35
AAPL_FEB_CTRL_ARCX_PILLAR_mbp1.dbn.zst,AAPL_FEB_CTRL,ARCX.PILLAR,AAPL,EVENT,2800,2850,30
AAPL_FEB_CTRL_ARCX_PILLAR_mbp1.dbn.zst,AAPL_FEB_CTRL,ARCX.PILLAR,AAPL,EVENT,2850,2900,24
AAPL_FEB_CTRL_ARCX_PILLAR_mbp1.dbn.zst,AAPL_FEB_CTRL,ARCX.PILLAR,AAPL,EVENT,2900,2950,24
AAPL_FEB_CTRL_ARCX_PILLAR_mbp1.dbn.zst,AAPL_FEB_CTRL,ARCX.PILLAR,AAPL,EVENT,2950,3000,37
AAPL_FEB_CTRL_ARCX_PILLAR_mbp1.dbn.zst,AAPL_FEB_CTRL,ARCX.PILLAR,AAPL,EVENT,3000,3050,24
AAPL_FEB_CTRL_ARCX_PILLAR_mbp1.dbn.zst,AAPL_FEB_CTRL,ARCX.PILLAR,AAPL,EVENT,3050,3100,31
AAPL_FEB_CTRL_ARCX_PILLAR_mbp1.dbn.zst,AAPL_FEB_CTRL,ARCX.PILLAR,AAPL,EVENT,3100,3150,26
AAPL_FEB_CTRL_ARCX_PILLAR_mbp1.dbn.zst,AAPL_FEB_CTRL,ARCX.PILLAR,AAPL,EVENT,3150,3200,12
AAPL_FEB_CTRL_ARCX_PILLAR_mbp1.dbn.zst,AAPL_FEB_CTRL,ARCX.PILLAR,AAPL,EVENT,3200,3250,13
AAPL_FEB_CTRL_ARCX_PILLAR_mbp1.dbn.zst,AAPL_FEB_CTRL,ARCX.PILLAR,AAPL,EVENT,3250,3300,22
AAPL_FEB_CTRL_ARCX_PILLAR_mbp1.dbn.zst,AAPL_FEB_CTRL,ARCX.PILLAR,AAPL,EVENT,3300,3350,19
AAPL_FEB_CTRL_ARCX_PILLAR_mbp1.dbn.zst,AAPL_FEB_CTRL,ARCX.PILLAR,AAPL,EVENT,3350,3400,19
AAPL_FEB_CTRL_ARCX_PILLAR_mbp1.dbn.zst,AAPL_FEB_CTRL,ARCX.PILLAR,AAPL,EVENT,3400,3450,12
AAPL_FEB_CTRL_ARCX_PILLAR_mbp1.dbn.zst,AAPL_FEB_CTRL,ARCX.PILLAR,AAPL,EVENT,3450,3500,19
AAPL_FEB_CTRL_ARCX_PILLAR_mbp1.dbn.zst,AAPL_FEB_CTRL,ARCX.PILLAR,AAPL,EVENT,3500,3550,26
AAPL_FEB_CTRL_ARCX_PILLAR_mbp1.dbn.zst,AAPL_FEB_CTRL,ARCX.PILLAR,AAPL,EVENT,3550,3600,26
AAPL_FEB_CTRL_ARCX_PILLAR_mbp1.dbn.zst,AAPL_FEB_CTRL,ARCX.PILLAR,AAPL,EVENT,3600,3650,41
AAPL_FEB_CTRL_ARCX_PILLAR_mbp1.dbn.zst,AAPL_FEB_CTRL,ARCX.PILLAR,AAPL,EVENT,3650,3700,44
AAPL_FEB_CTRL_ARCX_PILLAR_mbp1.dbn.zst,AAPL_FEB_CTRL,ARCX.PILLAR,AAPL,EVENT,3700,3750,22
AAPL_FEB_CTRL_ARCX_PILLAR_mbp1.dbn.zst,AAPL_FEB_CTRL,ARCX.PILLAR,AAPL,EVENT,3750,3800,26
AAPL_FEB_CTRL_ARCX_PILLAR_mbp1.dbn.zst,AAPL_FEB_CTRL,ARCX.PILLAR,AAPL,EVENT,3800,3850,25
AAPL_FEB_CTRL_ARCX_PILLAR_mbp1.dbn.zst,AAPL_FEB_CTRL,ARCX.PILLAR,AAPL,EVENT,3850,3900,11
AAPL_FEB_CTRL_ARCX_PILLAR_mbp1.dbn.zst,AAPL_FEB_CTRL,ARCX.PILLAR,AAPL,EVENT,3900,3950,25
AAPL_FEB_CTRL_ARCX_PILLAR_mbp1.dbn.zst,AAPL_FEB_CTRL,ARCX.PILLAR,AAPL,EVENT,3950,4000,21
AAPL_FEB_CTRL_ARCX_PILLAR_mbp1.dbn.zst,AAPL_FEB_CTRL,ARCX.PILLAR,AAPL,EVENT,4000,4050,15
AAPL_FEB_CTRL_ARCX_PILLAR_mbp1.dbn.zst,AAPL_FEB_CTRL,ARCX.PILLAR,AAPL,EVENT,4050,4100,9
AAPL_FEB_CTRL_ARCX_PILLAR_mbp1.dbn.zst,AAPL_FEB_CTRL,ARCX.PILLAR,AAPL,EVENT,4100,4150,6
AAPL_FEB_CTRL_ARCX_PILLAR_mbp1.dbn.zst,AAPL_FEB_CTRL,ARCX.PILLAR,AAPL,EVENT,4150,4200,12
AAPL_FEB_CTRL_ARCX_PILLAR_mbp1.dbn.zst,AAPL_FEB_CTRL,ARCX.PILLAR,AAPL,EVENT,4200,4250,11
AAPL_FEB_CTRL_ARCX_PILLAR_mbp1.dbn.zst,AAPL_FEB_CTRL,ARCX.PILLAR,AAPL,EVENT,4250,4300,14
AAPL_FEB_CTRL_ARCX_PILLAR_mbp1.dbn.zst,AAPL_FEB_CTRL,ARCX.PILLAR,AAPL,EVENT,4300,4350,2
AAPL_FEB_CTRL_ARCX_PILLAR_mbp1.dbn.zst,AAPL_FEB_CTRL,ARCX.PILLAR,AAPL,EVENT,4350,4400,27
AAPL_FEB_CTRL_ARCX_PILLAR_mbp1.dbn.zst,AAPL_FEB_CTRL,ARCX.PILLAR,AAPL,EVENT,4400,4450,6
AAPL_FEB_CTRL_ARCX_PILLAR_mbp1.dbn.zst,AAPL_FEB_CTRL,ARCX.PILLAR,AAPL,EVENT,4450,4500,8
AAPL_FEB_CTRL_ARCX_PILLAR_mbp1.dbn.zst,AAPL_FEB_CTRL,ARCX.PILLAR,AAPL,EVENT,4500,4550,17
AAPL_FEB_CTRL_ARCX_PILLAR_mbp1.dbn.zst,AAPL_FEB_CTRL,ARCX.PILLAR,AAPL,EVENT,4550,4600,15
AAPL_FEB_CTRL_ARCX_PILLAR_mbp1.dbn.zst,AAPL_FEB_CTRL,ARCX.PILLAR,AAPL,EVENT,4600,4650,11
AAPL_FEB_CTRL_ARCX_PILLAR_mbp1.dbn.zst,AAPL_FEB_CTRL,ARCX.PILLAR,AAPL,EVENT,4650,4700,12
AAPL_FEB_CTRL_ARCX_PILLAR_mbp1.dbn.zst,AAPL_FEB_CTRL,ARCX.PILLAR,AAPL,EVENT,4700,4750,52
AAPL_FEB_CTRL_ARCX_PILLAR_mbp1.dbn.zst,AAPL_FEB_CTRL,ARCX.PILLAR,AAPL,EVENT,4750,4800,22
AAPL_FEB_CTRL_ARCX_PILLAR_mbp1.dbn.zst,AAPL_FEB_CTRL,ARCX.PILLAR,AAPL,EVENT,4800,4850,12
AAPL_FEB_CTRL_ARCX_PILLAR_mbp1.dbn.zst,AAPL_FEB_CTRL,ARCX.PILLAR,AAPL,EVENT,4850,4900,13
AAPL_FEB_CTRL_ARCX_PILLAR_mbp1.dbn.zst,AAPL_FEB_CTRL,ARCX.PILLAR,AAPL,EVENT,4900,4950,10
AAPL_FEB_CTRL_ARCX_PILLAR_mbp1.dbn.zst,AAPL_FEB_CTRL,ARCX.PILLAR,AAPL,EVENT,4950,5000,12
AAPL_FEB_CTRL_ARCX_PILLAR_mbp1.dbn.zst,AAPL_FEB_CTRL,ARCX.PILLAR,AAPL,RECEIVE,-5000,-4950,7
AAPL_FEB_CTRL_ARCX_PILLAR_mbp1.dbn.zst,AAPL_FEB_CTRL,ARCX.PILLAR,AAPL,RECEIVE,-4950,-4900,16
AAPL_FEB_CTRL_ARCX_PILLAR_mbp1.dbn.zst,AAPL_FEB_CTRL,ARCX.PILLAR,AAPL,RECEIVE,-4900,-4850,5
AAPL_FEB_CTRL_ARCX_PILLAR_mbp1.dbn.zst,AAPL_FEB_CTRL,ARCX.PILLAR,AAPL,RECEIVE,-4850,-4800,4
AAPL_FEB_CTRL_ARCX_PILLAR_mbp1.dbn.zst,AAPL_FEB_CTRL,ARCX.PILLAR,AAPL,RECEIVE,-4800,-4750,10
AAPL_FEB_CTRL_ARCX_PILLAR_mbp1.dbn.zst,AAPL_FEB_CTRL,ARCX.PILLAR,AAPL,RECEIVE,-4750,-4700,29
AAPL_FEB_CTRL_ARCX_PILLAR_mbp1.dbn.zst,AAPL_FEB_CTRL,ARCX.PILLAR,AAPL,RECEIVE,-4700,-4650,21
AAPL_FEB_CTRL_ARCX_PILLAR_mbp1.dbn.zst,AAPL_FEB_CTRL,ARCX.PILLAR,AAPL,RECEIVE,-4650,-4600,29
AAPL_FEB_CTRL_ARCX_PILLAR_mbp1.dbn.zst,AAPL_FEB_CTRL,ARCX.PILLAR,AAPL,RECEIVE,-4600,-4550,32
AAPL_FEB_CTRL_ARCX_PILLAR_mbp1.dbn.zst,AAPL_FEB_CTRL,ARCX.PILLAR,AAPL,RECEIVE,-4550,-4500,20
AAPL_FEB_CTRL_ARCX_PILLAR_mbp1.dbn.zst,AAPL_FEB_CTRL,ARCX.PILLAR,AAPL,RECEIVE,-4500,-4450,3
AAPL_FEB_CTRL_ARCX_PILLAR_mbp1.dbn.zst,AAPL_FEB_CTRL,ARCX.PILLAR,AAPL,RECEIVE,-4450,-4400,13
AAPL_FEB_CTRL_ARCX_PILLAR_mbp1.dbn.zst,AAPL_FEB_CTRL,ARCX.PILLAR,AAPL,RECEIVE,-4400,-4350,13
AAPL_FEB_CTRL_ARCX_PILLAR_mbp1.dbn.zst,AAPL_FEB_CTRL,ARCX.PILLAR,AAPL,RECEIVE,-4350,-4300,7
AAPL_FEB_CTRL_ARCX_PILLAR_mbp1.dbn.zst,AAPL_FEB_CTRL,ARCX.PILLAR,AAPL,RECEIVE,-4300,-4250,13
AAPL_FEB_CTRL_ARCX_PILLAR_mbp1.dbn.zst,AAPL_FEB_CTRL,ARCX.PILLAR,AAPL,RECEIVE,-4250,-4200,8
AAPL_FEB_CTRL_ARCX_PILLAR_mbp1.dbn.zst,AAPL_FEB_CTRL,ARCX.PILLAR,AAPL,RECEIVE,-4200,-4150,9
AAPL_FEB_CTRL_ARCX_PILLAR_mbp1.dbn.zst,AAPL_FEB_CTRL,ARCX.PILLAR,AAPL,RECEIVE,-4150,-4100,14
AAPL_FEB_CTRL_ARCX_PILLAR_mbp1.dbn.zst,AAPL_FEB_CTRL,ARCX.PILLAR,AAPL,RECEIVE,-4100,-4050,12
AAPL_FEB_CTRL_ARCX_PILLAR_mbp1.dbn.zst,AAPL_FEB_CTRL,ARCX.PILLAR,AAPL,RECEIVE,-4050,-4000,9
AAPL_FEB_CTRL_ARCX_PILLAR_mbp1.dbn.zst,AAPL_FEB_CTRL,ARCX.PILLAR,AAPL,RECEIVE,-4000,-3950,20
AAPL_FEB_CTRL_ARCX_PILLAR_mbp1.dbn.zst,AAPL_FEB_CTRL,ARCX.PILLAR,AAPL,RECEIVE,-3950,-3900,28
AAPL_FEB_CTRL_ARCX_PILLAR_mbp1.dbn.zst,AAPL_FEB_CTRL,ARCX.PILLAR,AAPL,RECEIVE,-3900,-3850,11
AAPL_FEB_CTRL_ARCX_PILLAR_mbp1.dbn.zst,AAPL_FEB_CTRL,ARCX.PILLAR,AAPL,RECEIVE,-3850,-3800,27
AAPL_FEB_CTRL_ARCX_PILLAR_mbp1.dbn.zst,AAPL_FEB_CTRL,ARCX.PILLAR,AAPL,RECEIVE,-3800,-3750,24
AAPL_FEB_CTRL_ARCX_PILLAR_mbp1.dbn.zst,AAPL_FEB_CTRL,ARCX.PILLAR,AAPL,RECEIVE,-3750,-3700,9
AAPL_FEB_CTRL_ARCX_PILLAR_mbp1.dbn.zst,AAPL_FEB_CTRL,ARCX.PILLAR,AAPL,RECEIVE,-3700,-3650,23
AAPL_FEB_CTRL_ARCX_PILLAR_mbp1.dbn.zst,AAPL_FEB_CTRL,ARCX.PILLAR,AAPL,RECEIVE,-3650,-3600,33
AAPL_FEB_CTRL_ARCX_PILLAR_mbp1.dbn.zst,AAPL_FEB_CTRL,ARCX.PILLAR,AAPL,RECEIVE,-3600,-3550,25
AAPL_FEB_CTRL_ARCX_PILLAR_mbp1.dbn.zst,AAPL_FEB_CTRL,ARCX.PILLAR,AAPL,RECEIVE,-3550,-3500,9
AAPL_FEB_CTRL_ARCX_PILLAR_mbp1.dbn.zst,AAPL_FEB_CTRL,ARCX.PILLAR,AAPL,RECEIVE,-3500,-3450,13
AAPL_FEB_CTRL_ARCX_PILLAR_mbp1.dbn.zst,AAPL_FEB_CTRL,ARCX.PILLAR,AAPL,RECEIVE,-3450,-3400,37
AAPL_FEB_CTRL_ARCX_PILLAR_mbp1.dbn.zst,AAPL_FEB_CTRL,ARCX.PILLAR,AAPL,RECEIVE,-3400,-3350,54
AAPL_FEB_CTRL_ARCX_PILLAR_mbp1.dbn.zst,AAPL_FEB_CTRL,ARCX.PILLAR,AAPL,RECEIVE,-3350,-3300,29
AAPL_FEB_CTRL_ARCX_PILLAR_mbp1.dbn.zst,AAPL_FEB_CTRL,ARCX.PILLAR,AAPL,RECEIVE,-3300,-3250,47
AAPL_FEB_CTRL_ARCX_PILLAR_mbp1.dbn.zst,AAPL_FEB_CTRL,ARCX.PILLAR,AAPL,RECEIVE,-3250,-3200,39
AAPL_FEB_CTRL_ARCX_PILLAR_mbp1.dbn.zst,AAPL_FEB_CTRL,ARCX.PILLAR,AAPL,RECEIVE,-3200,-3150,16
AAPL_FEB_CTRL_ARCX_PILLAR_mbp1.dbn.zst,AAPL_FEB_CTRL,ARCX.PILLAR,AAPL,RECEIVE,-3150,-3100,25
AAPL_FEB_CTRL_ARCX_PILLAR_mbp1.dbn.zst,AAPL_FEB_CTRL,ARCX.PILLAR,AAPL,RECEIVE,-3100,-3050,25
AAPL_FEB_CTRL_ARCX_PILLAR_mbp1.dbn.zst,AAPL_FEB_CTRL,ARCX.PILLAR,AAPL,RECEIVE,-3050,-3000,31
AAPL_FEB_CTRL_ARCX_PILLAR_mbp1.dbn.zst,AAPL_FEB_CTRL,ARCX.PILLAR,AAPL,RECEIVE,-3000,-2950,20
AAPL_FEB_CTRL_ARCX_PILLAR_mbp1.dbn.zst,AAPL_FEB_CTRL,ARCX.PILLAR,AAPL,RECEIVE,-2950,-2900,5
AAPL_FEB_CTRL_ARCX_PILLAR_mbp1.dbn.zst,AAPL_FEB_CTRL,ARCX.PILLAR,AAPL,RECEIVE,-2900,-2850,35
AAPL_FEB_CTRL_ARCX_PILLAR_mbp1.dbn.zst,AAPL_FEB_CTRL,ARCX.PILLAR,AAPL,RECEIVE,-2850,-2800,38
AAPL_FEB_CTRL_ARCX_PILLAR_mbp1.dbn.zst,AAPL_FEB_CTRL,ARCX.PILLAR,AAPL,RECEIVE,-2800,-2750,15
AAPL_FEB_CTRL_ARCX_PILLAR_mbp1.dbn.zst,AAPL_FEB_CTRL,ARCX.PILLAR,AAPL,RECEIVE,-2750,-2700,30
AAPL_FEB_CTRL_ARCX_PILLAR_mbp1.dbn.zst,AAPL_FEB_CTRL,ARCX.PILLAR,AAPL,RECEIVE,-2700,-2650,42
AAPL_FEB_CTRL_ARCX_PILLAR_mbp1.dbn.zst,AAPL_FEB_CTRL,ARCX.PILLAR,AAPL,RECEIVE,-2650,-2600,28
AAPL_FEB_CTRL_ARCX_PILLAR_mbp1.dbn.zst,AAPL_FEB_CTRL,ARCX.PILLAR,AAPL,RECEIVE,-2600,-2550,47
AAPL_FEB_CTRL_ARCX_PILLAR_mbp1.dbn.zst,AAPL_FEB_CTRL,ARCX.PILLAR,AAPL,RECEIVE,-2550,-2500,63
AAPL_FEB_CTRL_ARCX_PILLAR_mbp1.dbn.zst,AAPL_FEB_CTRL,ARCX.PILLAR,AAPL,RECEIVE,-2500,-2450,31
AAPL_FEB_CTRL_ARCX_PILLAR_mbp1.dbn.zst,AAPL_FEB_CTRL,ARCX.PILLAR,AAPL,RECEIVE,-2450,-2400,26
AAPL_FEB_CTRL_ARCX_PILLAR_mbp1.dbn.zst,AAPL_FEB_CTRL,ARCX.PILLAR,AAPL,RECEIVE,-2400,-2350,13
AAPL_FEB_CTRL_ARCX_PILLAR_mbp1.dbn.zst,AAPL_FEB_CTRL,ARCX.PILLAR,AAPL,RECEIVE,-2350,-2300,29
AAPL_FEB_CTRL_ARCX_PILLAR_mbp1.dbn.zst,AAPL_FEB_CTRL,ARCX.PILLAR,AAPL,RECEIVE,-2300,-2250,24
AAPL_FEB_CTRL_ARCX_PILLAR_mbp1.dbn.zst,AAPL_FEB_CTRL,ARCX.PILLAR,AAPL,RECEIVE,-2250,-2200,16
AAPL_FEB_CTRL_ARCX_PILLAR_mbp1.dbn.zst,AAPL_FEB_CTRL,ARCX.PILLAR,AAPL,RECEIVE,-2200,-2150,11
AAPL_FEB_CTRL_ARCX_PILLAR_mbp1.dbn.zst,AAPL_FEB_CTRL,ARCX.PILLAR,AAPL,RECEIVE,-2150,-2100,43
AAPL_FEB_CTRL_ARCX_PILLAR_mbp1.dbn.zst,AAPL_FEB_CTRL,ARCX.PILLAR,AAPL,RECEIVE,-2100,-2050,29
AAPL_FEB_CTRL_ARCX_PILLAR_mbp1.dbn.zst,AAPL_FEB_CTRL,ARCX.PILLAR,AAPL,RECEIVE,-2050,-2000,30
AAPL_FEB_CTRL_ARCX_PILLAR_mbp1.dbn.zst,AAPL_FEB_CTRL,ARCX.PILLAR,AAPL,RECEIVE,-2000,-1950,36
AAPL_FEB_CTRL_ARCX_PILLAR_mbp1.dbn.zst,AAPL_FEB_CTRL,ARCX.PILLAR,AAPL,RECEIVE,-1950,-1900,54
AAPL_FEB_CTRL_ARCX_PILLAR_mbp1.dbn.zst,AAPL_FEB_CTRL,ARCX.PILLAR,AAPL,RECEIVE,-1900,-1850,29
AAPL_FEB_CTRL_ARCX_PILLAR_mbp1.dbn.zst,AAPL_FEB_CTRL,ARCX.PILLAR,AAPL,RECEIVE,-1850,-1800,29
AAPL_FEB_CTRL_ARCX_PILLAR_mbp1.dbn.zst,AAPL_FEB_CTRL,ARCX.PILLAR,AAPL,RECEIVE,-1800,-1750,108
AAPL_FEB_CTRL_ARCX_PILLAR_mbp1.dbn.zst,AAPL_FEB_CTRL,ARCX.PILLAR,AAPL,RECEIVE,-1750,-1700,29
AAPL_FEB_CTRL_ARCX_PILLAR_mbp1.dbn.zst,AAPL_FEB_CTRL,ARCX.PILLAR,AAPL,RECEIVE,-1700,-1650,9
AAPL_FEB_CTRL_ARCX_PILLAR_mbp1.dbn.zst,AAPL_FEB_CTRL,ARCX.PILLAR,AAPL,RECEIVE,-1650,-1600,31
AAPL_FEB_CTRL_ARCX_PILLAR_mbp1.dbn.zst,AAPL_FEB_CTRL,ARCX.PILLAR,AAPL,RECEIVE,-1600,-1550,39
AAPL_FEB_CTRL_ARCX_PILLAR_mbp1.dbn.zst,AAPL_FEB_CTRL,ARCX.PILLAR,AAPL,RECEIVE,-1550,-1500,42
AAPL_FEB_CTRL_ARCX_PILLAR_mbp1.dbn.zst,AAPL_FEB_CTRL,ARCX.PILLAR,AAPL,RECEIVE,-1500,-1450,80
AAPL_FEB_CTRL_ARCX_PILLAR_mbp1.dbn.zst,AAPL_FEB_CTRL,ARCX.PILLAR,AAPL,RECEIVE,-1450,-1400,103
AAPL_FEB_CTRL_ARCX_PILLAR_mbp1.dbn.zst,AAPL_FEB_CTRL,ARCX.PILLAR,AAPL,RECEIVE,-1400,-1350,24
AAPL_FEB_CTRL_ARCX_PILLAR_mbp1.dbn.zst,AAPL_FEB_CTRL,ARCX.PILLAR,AAPL,RECEIVE,-1350,-1300,31
AAPL_FEB_CTRL_ARCX_PILLAR_mbp1.dbn.zst,AAPL_FEB_CTRL,ARCX.PILLAR,AAPL,RECEIVE,-1300,-1250,39
AAPL_FEB_CTRL_ARCX_PILLAR_mbp1.dbn.zst,AAPL_FEB_CTRL,ARCX.PILLAR,AAPL,RECEIVE,-1250,-1200,65
AAPL_FEB_CTRL_ARCX_PILLAR_mbp1.dbn.zst,AAPL_FEB_CTRL,ARCX.PILLAR,AAPL,RECEIVE,-1200,-1150,75
AAPL_FEB_CTRL_ARCX_PILLAR_mbp1.dbn.zst,AAPL_FEB_CTRL,ARCX.PILLAR,AAPL,RECEIVE,-1150,-1100,51
AAPL_FEB_CTRL_ARCX_PILLAR_mbp1.dbn.zst,AAPL_FEB_CTRL,ARCX.PILLAR,AAPL,RECEIVE,-1100,-1050,47
AAPL_FEB_CTRL_ARCX_PILLAR_mbp1.dbn.zst,AAPL_FEB_CTRL,ARCX.PILLAR,AAPL,RECEIVE,-1050,-1000,52
AAPL_FEB_CTRL_ARCX_PILLAR_mbp1.dbn.zst,AAPL_FEB_CTRL,ARCX.PILLAR,AAPL,RECEIVE,-1000,-950,107
AAPL_FEB_CTRL_ARCX_PILLAR_mbp1.dbn.zst,AAPL_FEB_CTRL,ARCX.PILLAR,AAPL,RECEIVE,-950,-900,40
AAPL_FEB_CTRL_ARCX_PILLAR_mbp1.dbn.zst,AAPL_FEB_CTRL,ARCX.PILLAR,AAPL,RECEIVE,-900,-850,71
AAPL_FEB_CTRL_ARCX_PILLAR_mbp1.dbn.zst,AAPL_FEB_CTRL,ARCX.PILLAR,AAPL,RECEIVE,-850,-800,84
AAPL_FEB_CTRL_ARCX_PILLAR_mbp1.dbn.zst,AAPL_FEB_CTRL,ARCX.PILLAR,AAPL,RECEIVE,-800,-750,61
AAPL_FEB_CTRL_ARCX_PILLAR_mbp1.dbn.zst,AAPL_FEB_CTRL,ARCX.PILLAR,AAPL,RECEIVE,-750,-700,57
AAPL_FEB_CTRL_ARCX_PILLAR_mbp1.dbn.zst,AAPL_FEB_CTRL,ARCX.PILLAR,AAPL,RECEIVE,-700,-650,57
AAPL_FEB_CTRL_ARCX_PILLAR_mbp1.dbn.zst,AAPL_FEB_CTRL,ARCX.PILLAR,AAPL,RECEIVE,-650,-600,70
AAPL_FEB_CTRL_ARCX_PILLAR_mbp1.dbn.zst,AAPL_FEB_CTRL,ARCX.PILLAR,AAPL,RECEIVE,-600,-550,84
AAPL_FEB_CTRL_ARCX_PILLAR_mbp1.dbn.zst,AAPL_FEB_CTRL,ARCX.PILLAR,AAPL,RECEIVE,-550,-500,117
AAPL_FEB_CTRL_ARCX_PILLAR_mbp1.dbn.zst,AAPL_FEB_CTRL,ARCX.PILLAR,AAPL,RECEIVE,-500,-450,115
AAPL_FEB_CTRL_ARCX_PILLAR_mbp1.dbn.zst,AAPL_FEB_CTRL,ARCX.PILLAR,AAPL,RECEIVE,-450,-400,217
AAPL_FEB_CTRL_ARCX_PILLAR_mbp1.dbn.zst,AAPL_FEB_CTRL,ARCX.PILLAR,AAPL,RECEIVE,-400,-350,123
AAPL_FEB_CTRL_ARCX_PILLAR_mbp1.dbn.zst,AAPL_FEB_CTRL,ARCX.PILLAR,AAPL,RECEIVE,-350,-300,122
AAPL_FEB_CTRL_ARCX_PILLAR_mbp1.dbn.zst,AAPL_FEB_CTRL,ARCX.PILLAR,AAPL,RECEIVE,-300,-250,127
AAPL_FEB_CTRL_ARCX_PILLAR_mbp1.dbn.zst,AAPL_FEB_CTRL,ARCX.PILLAR,AAPL,RECEIVE,-250,-200,139
AAPL_FEB_CTRL_ARCX_PILLAR_mbp1.dbn.zst,AAPL_FEB_CTRL,ARCX.PILLAR,AAPL,RECEIVE,-200,-150,169
AAPL_FEB_CTRL_ARCX_PILLAR_mbp1.dbn.zst,AAPL_FEB_CTRL,ARCX.PILLAR,AAPL,RECEIVE,-150,-100,208
AAPL_FEB_CTRL_ARCX_PILLAR_mbp1.dbn.zst,AAPL_FEB_CTRL,ARCX.PILLAR,AAPL,RECEIVE,-100,-50,231
AAPL_FEB_CTRL_ARCX_PILLAR_mbp1.dbn.zst,AAPL_FEB_CTRL,ARCX.PILLAR,AAPL,RECEIVE,-50,0,280
AAPL_FEB_CTRL_ARCX_PILLAR_mbp1.dbn.zst,AAPL_FEB_CTRL,ARCX.PILLAR,AAPL,RECEIVE,0,50,230
AAPL_FEB_CTRL_ARCX_PILLAR_mbp1.dbn.zst,AAPL_FEB_CTRL,ARCX.PILLAR,AAPL,RECEIVE,50,100,243
AAPL_FEB_CTRL_ARCX_PILLAR_mbp1.dbn.zst,AAPL_FEB_CTRL,ARCX.PILLAR,AAPL,RECEIVE,100,150,244
AAPL_FEB_CTRL_ARCX_PILLAR_mbp1.dbn.zst,AAPL_FEB_CTRL,ARCX.PILLAR,AAPL,RECEIVE,150,200,223
AAPL_FEB_CTRL_ARCX_PILLAR_mbp1.dbn.zst,AAPL_FEB_CTRL,ARCX.PILLAR,AAPL,RECEIVE,200,250,193
AAPL_FEB_CTRL_ARCX_PILLAR_mbp1.dbn.zst,AAPL_FEB_CTRL,ARCX.PILLAR,AAPL,RECEIVE,250,300,170
AAPL_FEB_CTRL_ARCX_PILLAR_mbp1.dbn.zst,AAPL_FEB_CTRL,ARCX.PILLAR,AAPL,RECEIVE,300,350,322
AAPL_FEB_CTRL_ARCX_PILLAR_mbp1.dbn.zst,AAPL_FEB_CTRL,ARCX.PILLAR,AAPL,RECEIVE,350,400,147
AAPL_FEB_CTRL_ARCX_PILLAR_mbp1.dbn.zst,AAPL_FEB_CTRL,ARCX.PILLAR,AAPL,RECEIVE,400,450,167
AAPL_FEB_CTRL_ARCX_PILLAR_mbp1.dbn.zst,AAPL_FEB_CTRL,ARCX.PILLAR,AAPL,RECEIVE,450,500,71
AAPL_FEB_CTRL_ARCX_PILLAR_mbp1.dbn.zst,AAPL_FEB_CTRL,ARCX.PILLAR,AAPL,RECEIVE,500,550,80
AAPL_FEB_CTRL_ARCX_PILLAR_mbp1.dbn.zst,AAPL_FEB_CTRL,ARCX.PILLAR,AAPL,RECEIVE,550,600,64
AAPL_FEB_CTRL_ARCX_PILLAR_mbp1.dbn.zst,AAPL_FEB_CTRL,ARCX.PILLAR,AAPL,RECEIVE,600,650,75
AAPL_FEB_CTRL_ARCX_PILLAR_mbp1.dbn.zst,AAPL_FEB_CTRL,ARCX.PILLAR,AAPL,RECEIVE,650,700,90
AAPL_FEB_CTRL_ARCX_PILLAR_mbp1.dbn.zst,AAPL_FEB_CTRL,ARCX.PILLAR,AAPL,RECEIVE,700,750,78
AAPL_FEB_CTRL_ARCX_PILLAR_mbp1.dbn.zst,AAPL_FEB_CTRL,ARCX.PILLAR,AAPL,RECEIVE,750,800,32
AAPL_FEB_CTRL_ARCX_PILLAR_mbp1.dbn.zst,AAPL_FEB_CTRL,ARCX.PILLAR,AAPL,RECEIVE,800,850,19
AAPL_FEB_CTRL_ARCX_PILLAR_mbp1.dbn.zst,AAPL_FEB_CTRL,ARCX.PILLAR,AAPL,RECEIVE,850,900,31
AAPL_FEB_CTRL_ARCX_PILLAR_mbp1.dbn.zst,AAPL_FEB_CTRL,ARCX.PILLAR,AAPL,RECEIVE,900,950,38
AAPL_FEB_CTRL_ARCX_PILLAR_mbp1.dbn.zst,AAPL_FEB_CTRL,ARCX.PILLAR,AAPL,RECEIVE,950,1000,45
AAPL_FEB_CTRL_ARCX_PILLAR_mbp1.dbn.zst,AAPL_FEB_CTRL,ARCX.PILLAR,AAPL,RECEIVE,1000,1050,35
AAPL_FEB_CTRL_ARCX_PILLAR_mbp1.dbn.zst,AAPL_FEB_CTRL,ARCX.PILLAR,AAPL,RECEIVE,1050,1100,45
AAPL_FEB_CTRL_ARCX_PILLAR_mbp1.dbn.zst,AAPL_FEB_CTRL,ARCX.PILLAR,AAPL,RECEIVE,1100,1150,52
AAPL_FEB_CTRL_ARCX_PILLAR_mbp1.dbn.zst,AAPL_FEB_CTRL,ARCX.PILLAR,AAPL,RECEIVE,1150,1200,47
AAPL_FEB_CTRL_ARCX_PILLAR_mbp1.dbn.zst,AAPL_FEB_CTRL,ARCX.PILLAR,AAPL,RECEIVE,1200,1250,154
AAPL_FEB_CTRL_ARCX_PILLAR_mbp1.dbn.zst,AAPL_FEB_CTRL,ARCX.PILLAR,AAPL,RECEIVE,1250,1300,103
AAPL_FEB_CTRL_ARCX_PILLAR_mbp1.dbn.zst,AAPL_FEB_CTRL,ARCX.PILLAR,AAPL,RECEIVE,1300,1350,15
AAPL_FEB_CTRL_ARCX_PILLAR_mbp1.dbn.zst,AAPL_FEB_CTRL,ARCX.PILLAR,AAPL,RECEIVE,1350,1400,42
AAPL_FEB_CTRL_ARCX_PILLAR_mbp1.dbn.zst,AAPL_FEB_CTRL,ARCX.PILLAR,AAPL,RECEIVE,1400,1450,35
AAPL_FEB_CTRL_ARCX_PILLAR_mbp1.dbn.zst,AAPL_FEB_CTRL,ARCX.PILLAR,AAPL,RECEIVE,1450,1500,17
AAPL_FEB_CTRL_ARCX_PILLAR_mbp1.dbn.zst,AAPL_FEB_CTRL,ARCX.PILLAR,AAPL,RECEIVE,1500,1550,86
AAPL_FEB_CTRL_ARCX_PILLAR_mbp1.dbn.zst,AAPL_FEB_CTRL,ARCX.PILLAR,AAPL,RECEIVE,1550,1600,29
AAPL_FEB_CTRL_ARCX_PILLAR_mbp1.dbn.zst,AAPL_FEB_CTRL,ARCX.PILLAR,AAPL,RECEIVE,1600,1650,53
AAPL_FEB_CTRL_ARCX_PILLAR_mbp1.dbn.zst,AAPL_FEB_CTRL,ARCX.PILLAR,AAPL,RECEIVE,1650,1700,38
AAPL_FEB_CTRL_ARCX_PILLAR_mbp1.dbn.zst,AAPL_FEB_CTRL,ARCX.PILLAR,AAPL,RECEIVE,1700,1750,51
AAPL_FEB_CTRL_ARCX_PILLAR_mbp1.dbn.zst,AAPL_FEB_CTRL,ARCX.PILLAR,AAPL,RECEIVE,1750,1800,15
AAPL_FEB_CTRL_ARCX_PILLAR_mbp1.dbn.zst,AAPL_FEB_CTRL,ARCX.PILLAR,AAPL,RECEIVE,1800,1850,12
AAPL_FEB_CTRL_ARCX_PILLAR_mbp1.dbn.zst,AAPL_FEB_CTRL,ARCX.PILLAR,AAPL,RECEIVE,1850,1900,23
AAPL_FEB_CTRL_ARCX_PILLAR_mbp1.dbn.zst,AAPL_FEB_CTRL,ARCX.PILLAR,AAPL,RECEIVE,1900,1950,11
AAPL_FEB_CTRL_ARCX_PILLAR_mbp1.dbn.zst,AAPL_FEB_CTRL,ARCX.PILLAR,AAPL,RECEIVE,1950,2000,12
AAPL_FEB_CTRL_ARCX_PILLAR_mbp1.dbn.zst,AAPL_FEB_CTRL,ARCX.PILLAR,AAPL,RECEIVE,2000,2050,66
AAPL_FEB_CTRL_ARCX_PILLAR_mbp1.dbn.zst,AAPL_FEB_CTRL,ARCX.PILLAR,AAPL,RECEIVE,2050,2100,49
AAPL_FEB_CTRL_ARCX_PILLAR_mbp1.dbn.zst,AAPL_FEB_CTRL,ARCX.PILLAR,AAPL,RECEIVE,2100,2150,38
AAPL_FEB_CTRL_ARCX_PILLAR_mbp1.dbn.zst,AAPL_FEB_CTRL,ARCX.PILLAR,AAPL,RECEIVE,2150,2200,131
AAPL_FEB_CTRL_ARCX_PILLAR_mbp1.dbn.zst,AAPL_FEB_CTRL,ARCX.PILLAR,AAPL,RECEIVE,2200,2250,69
AAPL_FEB_CTRL_ARCX_PILLAR_mbp1.dbn.zst,AAPL_FEB_CTRL,ARCX.PILLAR,AAPL,RECEIVE,2250,2300,36
AAPL_FEB_CTRL_ARCX_PILLAR_mbp1.dbn.zst,AAPL_FEB_CTRL,ARCX.PILLAR,AAPL,RECEIVE,2300,2350,21
AAPL_FEB_CTRL_ARCX_PILLAR_mbp1.dbn.zst,AAPL_FEB_CTRL,ARCX.PILLAR,AAPL,RECEIVE,2350,2400,100
AAPL_FEB_CTRL_ARCX_PILLAR_mbp1.dbn.zst,AAPL_FEB_CTRL,ARCX.PILLAR,AAPL,RECEIVE,2400,2450,44
AAPL_FEB_CTRL_ARCX_PILLAR_mbp1.dbn.zst,AAPL_FEB_CTRL,ARCX.PILLAR,AAPL,RECEIVE,2450,2500,27
AAPL_FEB_CTRL_ARCX_PILLAR_mbp1.dbn.zst,AAPL_FEB_CTRL,ARCX.PILLAR,AAPL,RECEIVE,2500,2550,53
AAPL_FEB_CTRL_ARCX_PILLAR_mbp1.dbn.zst,AAPL_FEB_CTRL,ARCX.PILLAR,AAPL,RECEIVE,2550,2600,38
AAPL_FEB_CTRL_ARCX_PILLAR_mbp1.dbn.zst,AAPL_FEB_CTRL,ARCX.PILLAR,AAPL,RECEIVE,2600,2650,20
AAPL_FEB_CTRL_ARCX_PILLAR_mbp1.dbn.zst,AAPL_FEB_CTRL,ARCX.PILLAR,AAPL,RECEIVE,2650,2700,9
AAPL_FEB_CTRL_ARCX_PILLAR_mbp1.dbn.zst,AAPL_FEB_CTRL,ARCX.PILLAR,AAPL,RECEIVE,2700,2750,31
AAPL_FEB_CTRL_ARCX_PILLAR_mbp1.dbn.zst,AAPL_FEB_CTRL,ARCX.PILLAR,AAPL,RECEIVE,2750,2800,36
AAPL_FEB_CTRL_ARCX_PILLAR_mbp1.dbn.zst,AAPL_FEB_CTRL,ARCX.PILLAR,AAPL,RECEIVE,2800,2850,23
AAPL_FEB_CTRL_ARCX_PILLAR_mbp1.dbn.zst,AAPL_FEB_CTRL,ARCX.PILLAR,AAPL,RECEIVE,2850,2900,19
AAPL_FEB_CTRL_ARCX_PILLAR_mbp1.dbn.zst,AAPL_FEB_CTRL,ARCX.PILLAR,AAPL,RECEIVE,2900,2950,30
AAPL_FEB_CTRL_ARCX_PILLAR_mbp1.dbn.zst,AAPL_FEB_CTRL,ARCX.PILLAR,AAPL,RECEIVE,2950,3000,33
AAPL_FEB_CTRL_ARCX_PILLAR_mbp1.dbn.zst,AAPL_FEB_CTRL,ARCX.PILLAR,AAPL,RECEIVE,3000,3050,25
AAPL_FEB_CTRL_ARCX_PILLAR_mbp1.dbn.zst,AAPL_FEB_CTRL,ARCX.PILLAR,AAPL,RECEIVE,3050,3100,23
AAPL_FEB_CTRL_ARCX_PILLAR_mbp1.dbn.zst,AAPL_FEB_CTRL,ARCX.PILLAR,AAPL,RECEIVE,3100,3150,33
AAPL_FEB_CTRL_ARCX_PILLAR_mbp1.dbn.zst,AAPL_FEB_CTRL,ARCX.PILLAR,AAPL,RECEIVE,3150,3200,23
AAPL_FEB_CTRL_ARCX_PILLAR_mbp1.dbn.zst,AAPL_FEB_CTRL,ARCX.PILLAR,AAPL,RECEIVE,3200,3250,7
AAPL_FEB_CTRL_ARCX_PILLAR_mbp1.dbn.zst,AAPL_FEB_CTRL,ARCX.PILLAR,AAPL,RECEIVE,3250,3300,31
AAPL_FEB_CTRL_ARCX_PILLAR_mbp1.dbn.zst,AAPL_FEB_CTRL,ARCX.PILLAR,AAPL,RECEIVE,3300,3350,7
AAPL_FEB_CTRL_ARCX_PILLAR_mbp1.dbn.zst,AAPL_FEB_CTRL,ARCX.PILLAR,AAPL,RECEIVE,3350,3400,14
AAPL_FEB_CTRL_ARCX_PILLAR_mbp1.dbn.zst,AAPL_FEB_CTRL,ARCX.PILLAR,AAPL,RECEIVE,3400,3450,19
AAPL_FEB_CTRL_ARCX_PILLAR_mbp1.dbn.zst,AAPL_FEB_CTRL,ARCX.PILLAR,AAPL,RECEIVE,3450,3500,18
AAPL_FEB_CTRL_ARCX_PILLAR_mbp1.dbn.zst,AAPL_FEB_CTRL,ARCX.PILLAR,AAPL,RECEIVE,3500,3550,22
AAPL_FEB_CTRL_ARCX_PILLAR_mbp1.dbn.zst,AAPL_FEB_CTRL,ARCX.PILLAR,AAPL,RECEIVE,3550,3600,32
AAPL_FEB_CTRL_ARCX_PILLAR_mbp1.dbn.zst,AAPL_FEB_CTRL,ARCX.PILLAR,AAPL,RECEIVE,3600,3650,32
AAPL_FEB_CTRL_ARCX_PILLAR_mbp1.dbn.zst,AAPL_FEB_CTRL,ARCX.PILLAR,AAPL,RECEIVE,3650,3700,24
AAPL_FEB_CTRL_ARCX_PILLAR_mbp1.dbn.zst,AAPL_FEB_CTRL,ARCX.PILLAR,AAPL,RECEIVE,3700,3750,43
AAPL_FEB_CTRL_ARCX_PILLAR_mbp1.dbn.zst,AAPL_FEB_CTRL,ARCX.PILLAR,AAPL,RECEIVE,3750,3800,28
AAPL_FEB_CTRL_ARCX_PILLAR_mbp1.dbn.zst,AAPL_FEB_CTRL,ARCX.PILLAR,AAPL,RECEIVE,3800,3850,32
AAPL_FEB_CTRL_ARCX_PILLAR_mbp1.dbn.zst,AAPL_FEB_CTRL,ARCX.PILLAR,AAPL,RECEIVE,3850,3900,15
AAPL_FEB_CTRL_ARCX_PILLAR_mbp1.dbn.zst,AAPL_FEB_CTRL,ARCX.PILLAR,AAPL,RECEIVE,3900,3950,29
AAPL_FEB_CTRL_ARCX_PILLAR_mbp1.dbn.zst,AAPL_FEB_CTRL,ARCX.PILLAR,AAPL,RECEIVE,3950,4000,19
AAPL_FEB_CTRL_ARCX_PILLAR_mbp1.dbn.zst,AAPL_FEB_CTRL,ARCX.PILLAR,AAPL,RECEIVE,4000,4050,10
AAPL_FEB_CTRL_ARCX_PILLAR_mbp1.dbn.zst,AAPL_FEB_CTRL,ARCX.PILLAR,AAPL,RECEIVE,4050,4100,7
AAPL_FEB_CTRL_ARCX_PILLAR_mbp1.dbn.zst,AAPL_FEB_CTRL,ARCX.PILLAR,AAPL,RECEIVE,4100,4150,9
AAPL_FEB_CTRL_ARCX_PILLAR_mbp1.dbn.zst,AAPL_FEB_CTRL,ARCX.PILLAR,AAPL,RECEIVE,4150,4200,12
AAPL_FEB_CTRL_ARCX_PILLAR_mbp1.dbn.zst,AAPL_FEB_CTRL,ARCX.PILLAR,AAPL,RECEIVE,4200,4250,13
AAPL_FEB_CTRL_ARCX_PILLAR_mbp1.dbn.zst,AAPL_FEB_CTRL,ARCX.PILLAR,AAPL,RECEIVE,4250,4300,8
AAPL_FEB_CTRL_ARCX_PILLAR_mbp1.dbn.zst,AAPL_FEB_CTRL,ARCX.PILLAR,AAPL,RECEIVE,4300,4350,6
AAPL_FEB_CTRL_ARCX_PILLAR_mbp1.dbn.zst,AAPL_FEB_CTRL,ARCX.PILLAR,AAPL,RECEIVE,4350,4400,24
AAPL_FEB_CTRL_ARCX_PILLAR_mbp1.dbn.zst,AAPL_FEB_CTRL,ARCX.PILLAR,AAPL,RECEIVE,4400,4450,7
AAPL_FEB_CTRL_ARCX_PILLAR_mbp1.dbn.zst,AAPL_FEB_CTRL,ARCX.PILLAR,AAPL,RECEIVE,4450,4500,8
AAPL_FEB_CTRL_ARCX_PILLAR_mbp1.dbn.zst,AAPL_FEB_CTRL,ARCX.PILLAR,AAPL,RECEIVE,4500,4550,21
AAPL_FEB_CTRL_ARCX_PILLAR_mbp1.dbn.zst,AAPL_FEB_CTRL,ARCX.PILLAR,AAPL,RECEIVE,4550,4600,11
AAPL_FEB_CTRL_ARCX_PILLAR_mbp1.dbn.zst,AAPL_FEB_CTRL,ARCX.PILLAR,AAPL,RECEIVE,4600,4650,8
AAPL_FEB_CTRL_ARCX_PILLAR_mbp1.dbn.zst,AAPL_FEB_CTRL,ARCX.PILLAR,AAPL,RECEIVE,4650,4700,17
AAPL_FEB_CTRL_ARCX_PILLAR_mbp1.dbn.zst,AAPL_FEB_CTRL,ARCX.PILLAR,AAPL,RECEIVE,4700,4750,26
AAPL_FEB_CTRL_ARCX_PILLAR_mbp1.dbn.zst,AAPL_FEB_CTRL,ARCX.PILLAR,AAPL,RECEIVE,4750,4800,14
AAPL_FEB_CTRL_ARCX_PILLAR_mbp1.dbn.zst,AAPL_FEB_CTRL,ARCX.PILLAR,AAPL,RECEIVE,4800,4850,7
AAPL_FEB_CTRL_ARCX_PILLAR_mbp1.dbn.zst,AAPL_FEB_CTRL,ARCX.PILLAR,AAPL,RECEIVE,4850,4900,10
AAPL_FEB_CTRL_ARCX_PILLAR_mbp1.dbn.zst,AAPL_FEB_CTRL,ARCX.PILLAR,AAPL,RECEIVE,4900,4950,8
AAPL_FEB_CTRL_ARCX_PILLAR_mbp1.dbn.zst,AAPL_FEB_CTRL,ARCX.PILLAR,AAPL,RECEIVE,4950,5000,14
AAPL_FEB_CTRL_XNAS_ITCH_mbp1.dbn.zst,AAPL_FEB_CTRL,XNAS.ITCH,AAPL,EVENT,-5000,-4950,8
AAPL_FEB_CTRL_XNAS_ITCH_mbp1.dbn.zst,AAPL_FEB_CTRL,XNAS.ITCH,AAPL,EVENT,-4950,-4900,61
AAPL_FEB_CTRL_XNAS_ITCH_mbp1.dbn.zst,AAPL_FEB_CTRL,XNAS.ITCH,AAPL,EVENT,-4900,-4850,14
AAPL_FEB_CTRL_XNAS_ITCH_mbp1.dbn.zst,AAPL_FEB_CTRL,XNAS.ITCH,AAPL,EVENT,-4850,-4800,29
AAPL_FEB_CTRL_XNAS_ITCH_mbp1.dbn.zst,AAPL_FEB_CTRL,XNAS.ITCH,AAPL,EVENT,-4800,-4750,22
AAPL_FEB_CTRL_XNAS_ITCH_mbp1.dbn.zst,AAPL_FEB_CTRL,XNAS.ITCH,AAPL,EVENT,-4750,-4700,15
AAPL_FEB_CTRL_XNAS_ITCH_mbp1.dbn.zst,AAPL_FEB_CTRL,XNAS.ITCH,AAPL,EVENT,-4700,-4650,18
AAPL_FEB_CTRL_XNAS_ITCH_mbp1.dbn.zst,AAPL_FEB_CTRL,XNAS.ITCH,AAPL,EVENT,-4650,-4600,34
AAPL_FEB_CTRL_XNAS_ITCH_mbp1.dbn.zst,AAPL_FEB_CTRL,XNAS.ITCH,AAPL,EVENT,-4600,-4550,33
AAPL_FEB_CTRL_XNAS_ITCH_mbp1.dbn.zst,AAPL_FEB_CTRL,XNAS.ITCH,AAPL,EVENT,-4550,-4500,31
AAPL_FEB_CTRL_XNAS_ITCH_mbp1.dbn.zst,AAPL_FEB_CTRL,XNAS.ITCH,AAPL,EVENT,-4500,-4450,19
AAPL_FEB_CTRL_XNAS_ITCH_mbp1.dbn.zst,AAPL_FEB_CTRL,XNAS.ITCH,AAPL,EVENT,-4450,-4400,34
AAPL_FEB_CTRL_XNAS_ITCH_mbp1.dbn.zst,AAPL_FEB_CTRL,XNAS.ITCH,AAPL,EVENT,-4400,-4350,28
AAPL_FEB_CTRL_XNAS_ITCH_mbp1.dbn.zst,AAPL_FEB_CTRL,XNAS.ITCH,AAPL,EVENT,-4350,-4300,22
AAPL_FEB_CTRL_XNAS_ITCH_mbp1.dbn.zst,AAPL_FEB_CTRL,XNAS.ITCH,AAPL,EVENT,-4300,-4250,18
AAPL_FEB_CTRL_XNAS_ITCH_mbp1.dbn.zst,AAPL_FEB_CTRL,XNAS.ITCH,AAPL,EVENT,-4250,-4200,29
AAPL_FEB_CTRL_XNAS_ITCH_mbp1.dbn.zst,AAPL_FEB_CTRL,XNAS.ITCH,AAPL,EVENT,-4200,-4150,21
AAPL_FEB_CTRL_XNAS_ITCH_mbp1.dbn.zst,AAPL_FEB_CTRL,XNAS.ITCH,AAPL,EVENT,-4150,-4100,15
AAPL_FEB_CTRL_XNAS_ITCH_mbp1.dbn.zst,AAPL_FEB_CTRL,XNAS.ITCH,AAPL,EVENT,-4100,-4050,13
AAPL_FEB_CTRL_XNAS_ITCH_mbp1.dbn.zst,AAPL_FEB_CTRL,XNAS.ITCH,AAPL,EVENT,-4050,-4000,22
AAPL_FEB_CTRL_XNAS_ITCH_mbp1.dbn.zst,AAPL_FEB_CTRL,XNAS.ITCH,AAPL,EVENT,-4000,-3950,17
AAPL_FEB_CTRL_XNAS_ITCH_mbp1.dbn.zst,AAPL_FEB_CTRL,XNAS.ITCH,AAPL,EVENT,-3950,-3900,20
AAPL_FEB_CTRL_XNAS_ITCH_mbp1.dbn.zst,AAPL_FEB_CTRL,XNAS.ITCH,AAPL,EVENT,-3900,-3850,17
AAPL_FEB_CTRL_XNAS_ITCH_mbp1.dbn.zst,AAPL_FEB_CTRL,XNAS.ITCH,AAPL,EVENT,-3850,-3800,17
AAPL_FEB_CTRL_XNAS_ITCH_mbp1.dbn.zst,AAPL_FEB_CTRL,XNAS.ITCH,AAPL,EVENT,-3800,-3750,33
AAPL_FEB_CTRL_XNAS_ITCH_mbp1.dbn.zst,AAPL_FEB_CTRL,XNAS.ITCH,AAPL,EVENT,-3750,-3700,45
AAPL_FEB_CTRL_XNAS_ITCH_mbp1.dbn.zst,AAPL_FEB_CTRL,XNAS.ITCH,AAPL,EVENT,-3700,-3650,16
AAPL_FEB_CTRL_XNAS_ITCH_mbp1.dbn.zst,AAPL_FEB_CTRL,XNAS.ITCH,AAPL,EVENT,-3650,-3600,27
AAPL_FEB_CTRL_XNAS_ITCH_mbp1.dbn.zst,AAPL_FEB_CTRL,XNAS.ITCH,AAPL,EVENT,-3600,-3550,37
AAPL_FEB_CTRL_XNAS_ITCH_mbp1.dbn.zst,AAPL_FEB_CTRL,XNAS.ITCH,AAPL,EVENT,-3550,-3500,45
AAPL_FEB_CTRL_XNAS_ITCH_mbp1.dbn.zst,AAPL_FEB_CTRL,XNAS.ITCH,AAPL,EVENT,-3500,-3450,22
AAPL_FEB_CTRL_XNAS_ITCH_mbp1.dbn.zst,AAPL_FEB_CTRL,XNAS.ITCH,AAPL,EVENT,-3450,-3400,29
AAPL_FEB_CTRL_XNAS_ITCH_mbp1.dbn.zst,AAPL_FEB_CTRL,XNAS.ITCH,AAPL,EVENT,-3400,-3350,32
AAPL_FEB_CTRL_XNAS_ITCH_mbp1.dbn.zst,AAPL_FEB_CTRL,XNAS.ITCH,AAPL,EVENT,-3350,-3300,30
AAPL_FEB_CTRL_XNAS_ITCH_mbp1.dbn.zst,AAPL_FEB_CTRL,XNAS.ITCH,AAPL,EVENT,-3300,-3250,20
AAPL_FEB_CTRL_XNAS_ITCH_mbp1.dbn.zst,AAPL_FEB_CTRL,XNAS.ITCH,AAPL,EVENT,-3250,-3200,34
AAPL_FEB_CTRL_XNAS_ITCH_mbp1.dbn.zst,AAPL_FEB_CTRL,XNAS.ITCH,AAPL,EVENT,-3200,-3150,35
AAPL_FEB_CTRL_XNAS_ITCH_mbp1.dbn.zst,AAPL_FEB_CTRL,XNAS.ITCH,AAPL,EVENT,-3150,-3100,29
AAPL_FEB_CTRL_XNAS_ITCH_mbp1.dbn.zst,AAPL_FEB_CTRL,XNAS.ITCH,AAPL,EVENT,-3100,-3050,17
AAPL_FEB_CTRL_XNAS_ITCH_mbp1.dbn.zst,AAPL_FEB_CTRL,XNAS.ITCH,AAPL,EVENT,-3050,-3000,40
AAPL_FEB_CTRL_XNAS_ITCH_mbp1.dbn.zst,AAPL_FEB_CTRL,XNAS.ITCH,AAPL,EVENT,-3000,-2950,39
AAPL_FEB_CTRL_XNAS_ITCH_mbp1.dbn.zst,AAPL_FEB_CTRL,XNAS.ITCH,AAPL,EVENT,-2950,-2900,42
AAPL_FEB_CTRL_XNAS_ITCH_mbp1.dbn.zst,AAPL_FEB_CTRL,XNAS.ITCH,AAPL,EVENT,-2900,-2850,19
AAPL_FEB_CTRL_XNAS_ITCH_mbp1.dbn.zst,AAPL_FEB_CTRL,XNAS.ITCH,AAPL,EVENT,-2850,-2800,39
AAPL_FEB_CTRL_XNAS_ITCH_mbp1.dbn.zst,AAPL_FEB_CTRL,XNAS.ITCH,AAPL,EVENT,-2800,-2750,26
AAPL_FEB_CTRL_XNAS_ITCH_mbp1.dbn.zst,AAPL_FEB_CTRL,XNAS.ITCH,AAPL,EVENT,-2750,-2700,51
AAPL_FEB_CTRL_XNAS_ITCH_mbp1.dbn.zst,AAPL_FEB_CTRL,XNAS.ITCH,AAPL,EVENT,-2700,-2650,62
AAPL_FEB_CTRL_XNAS_ITCH_mbp1.dbn.zst,AAPL_FEB_CTRL,XNAS.ITCH,AAPL,EVENT,-2650,-2600,47
AAPL_FEB_CTRL_XNAS_ITCH_mbp1.dbn.zst,AAPL_FEB_CTRL,XNAS.ITCH,AAPL,EVENT,-2600,-2550,33
AAPL_FEB_CTRL_XNAS_ITCH_mbp1.dbn.zst,AAPL_FEB_CTRL,XNAS.ITCH,AAPL,EVENT,-2550,-2500,70
AAPL_FEB_CTRL_XNAS_ITCH_mbp1.dbn.zst,AAPL_FEB_CTRL,XNAS.ITCH,AAPL,EVENT,-2500,-2450,60
AAPL_FEB_CTRL_XNAS_ITCH_mbp1.dbn.zst,AAPL_FEB_CTRL,XNAS.ITCH,AAPL,EVENT,-2450,-2400,44
AAPL_FEB_CTRL_XNAS_ITCH_mbp1.dbn.zst,AAPL_FEB_CTRL,XNAS.ITCH,AAPL,EVENT,-2400,-2350,23
AAPL_FEB_CTRL_XNAS_ITCH_mbp1.dbn.zst,AAPL_FEB_CTRL,XNAS.ITCH,AAPL,EVENT,-2350,-2300,35
AAPL_FEB_CTRL_XNAS_ITCH_mbp1.dbn.zst,AAPL_FEB_CTRL,XNAS.ITCH,AAPL,EVENT,-2300,-2250,23
AAPL_FEB_CTRL_XNAS_ITCH_mbp1.dbn.zst,AAPL_FEB_CTRL,XNAS.ITCH,AAPL,EVENT,-2250,-2200,37
AAPL_FEB_CTRL_XNAS_ITCH_mbp1.dbn.zst,AAPL_FEB_CTRL,XNAS.ITCH,AAPL,EVENT,-2200,-2150,34
AAPL_FEB_CTRL_XNAS_ITCH_mbp1.dbn.zst,AAPL_FEB_CTRL,XNAS.ITCH,AAPL,EVENT,-2150,-2100,47
AAPL_FEB_CTRL_XNAS_ITCH_mbp1.dbn.zst,AAPL_FEB_CTRL,XNAS.ITCH,AAPL,EVENT,-2100,-2050,50
AAPL_FEB_CTRL_XNAS_ITCH_mbp1.dbn.zst,AAPL_FEB_CTRL,XNAS.ITCH,AAPL,EVENT,-2050,-2000,93
AAPL_FEB_CTRL_XNAS_ITCH_mbp1.dbn.zst,AAPL_FEB_CTRL,XNAS.ITCH,AAPL,EVENT,-2000,-1950,31
AAPL_FEB_CTRL_XNAS_ITCH_mbp1.dbn.zst,AAPL_FEB_CTRL,XNAS.ITCH,AAPL,EVENT,-1950,-1900,33
AAPL_FEB_CTRL_XNAS_ITCH_mbp1.dbn.zst,AAPL_FEB_CTRL,XNAS.ITCH,AAPL,EVENT,-1900,-1850,47
AAPL_FEB_CTRL_XNAS_ITCH_mbp1.dbn.zst,AAPL_FEB_CTRL,XNAS.ITCH,AAPL,EVENT,-1850,-1800,72
AAPL_FEB_CTRL_XNAS_ITCH_mbp1.dbn.zst,AAPL_FEB_CTRL,XNAS.ITCH,AAPL,EVENT,-1800,-1750,61
AAPL_FEB_CTRL_XNAS_ITCH_mbp1.dbn.zst,AAPL_FEB_CTRL,XNAS.ITCH,AAPL,EVENT,-1750,-1700,77
AAPL_FEB_CTRL_XNAS_ITCH_mbp1.dbn.zst,AAPL_FEB_CTRL,XNAS.ITCH,AAPL,EVENT,-1700,-1650,40
AAPL_FEB_CTRL_XNAS_ITCH_mbp1.dbn.zst,AAPL_FEB_CTRL,XNAS.ITCH,AAPL,EVENT,-1650,-1600,117
AAPL_FEB_CTRL_XNAS_ITCH_mbp1.dbn.zst,AAPL_FEB_CTRL,XNAS.ITCH,AAPL,EVENT,-1600,-1550,40
AAPL_FEB_CTRL_XNAS_ITCH_mbp1.dbn.zst,AAPL_FEB_CTRL,XNAS.ITCH,AAPL,EVENT,-1550,-1500,55
AAPL_FEB_CTRL_XNAS_ITCH_mbp1.dbn.zst,AAPL_FEB_CTRL,XNAS.ITCH,AAPL,EVENT,-1500,-1450,247
AAPL_FEB_CTRL_XNAS_ITCH_mbp1.dbn.zst,AAPL_FEB_CTRL,XNAS.ITCH,AAPL,EVENT,-1450,-1400,100
AAPL_FEB_CTRL_XNAS_ITCH_mbp1.dbn.zst,AAPL_FEB_CTRL,XNAS.ITCH,AAPL,EVENT,-1400,-1350,118
AAPL_FEB_CTRL_XNAS_ITCH_mbp1.dbn.zst,AAPL_FEB_CTRL,XNAS.ITCH,AAPL,EVENT,-1350,-1300,72
AAPL_FEB_CTRL_XNAS_ITCH_mbp1.dbn.zst,AAPL_FEB_CTRL,XNAS.ITCH,AAPL,EVENT,-1300,-1250,120
AAPL_FEB_CTRL_XNAS_ITCH_mbp1.dbn.zst,AAPL_FEB_CTRL,XNAS.ITCH,AAPL,EVENT,-1250,-1200,62
AAPL_FEB_CTRL_XNAS_ITCH_mbp1.dbn.zst,AAPL_FEB_CTRL,XNAS.ITCH,AAPL,EVENT,-1200,-1150,76
AAPL_FEB_CTRL_XNAS_ITCH_mbp1.dbn.zst,AAPL_FEB_CTRL,XNAS.ITCH,AAPL,EVENT,-1150,-1100,85
AAPL_FEB_CTRL_XNAS_ITCH_mbp1.dbn.zst,AAPL_FEB_CTRL,XNAS.ITCH,AAPL,EVENT,-1100,-1050,88
AAPL_FEB_CTRL_XNAS_ITCH_mbp1.dbn.zst,AAPL_FEB_CTRL,XNAS.ITCH,AAPL,EVENT,-1050,-1000,135
AAPL_FEB_CTRL_XNAS_ITCH_mbp1.dbn.zst,AAPL_FEB_CTRL,XNAS.ITCH,AAPL,EVENT,-1000,-950,128
AAPL_FEB_CTRL_XNAS_ITCH_mbp1.dbn.zst,AAPL_FEB_CTRL,XNAS.ITCH,AAPL,EVENT,-950,-900,91
AAPL_FEB_CTRL_XNAS_ITCH_mbp1.dbn.zst,AAPL_FEB_CTRL,XNAS.ITCH,AAPL,EVENT,-900,-850,135
AAPL_FEB_CTRL_XNAS_ITCH_mbp1.dbn.zst,AAPL_FEB_CTRL,XNAS.ITCH,AAPL,EVENT,-850,-800,119
AAPL_FEB_CTRL_XNAS_ITCH_mbp1.dbn.zst,AAPL_FEB_CTRL,XNAS.ITCH,AAPL,EVENT,-800,-750,87
AAPL_FEB_CTRL_XNAS_ITCH_mbp1.dbn.zst,AAPL_FEB_CTRL,XNAS.ITCH,AAPL,EVENT,-750,-700,175
AAPL_FEB_CTRL_XNAS_ITCH_mbp1.dbn.zst,AAPL_FEB_CTRL,XNAS.ITCH,AAPL,EVENT,-700,-650,167
AAPL_FEB_CTRL_XNAS_ITCH_mbp1.dbn.zst,AAPL_FEB_CTRL,XNAS.ITCH,AAPL,EVENT,-650,-600,175
AAPL_FEB_CTRL_XNAS_ITCH_mbp1.dbn.zst,AAPL_FEB_CTRL,XNAS.ITCH,AAPL,EVENT,-600,-550,188
AAPL_FEB_CTRL_XNAS_ITCH_mbp1.dbn.zst,AAPL_FEB_CTRL,XNAS.ITCH,AAPL,EVENT,-550,-500,109
AAPL_FEB_CTRL_XNAS_ITCH_mbp1.dbn.zst,AAPL_FEB_CTRL,XNAS.ITCH,AAPL,EVENT,-500,-450,239
AAPL_FEB_CTRL_XNAS_ITCH_mbp1.dbn.zst,AAPL_FEB_CTRL,XNAS.ITCH,AAPL,EVENT,-450,-400,160
AAPL_FEB_CTRL_XNAS_ITCH_mbp1.dbn.zst,AAPL_FEB_CTRL,XNAS.ITCH,AAPL,EVENT,-400,-350,165
AAPL_FEB_CTRL_XNAS_ITCH_mbp1.dbn.zst,AAPL_FEB_CTRL,XNAS.ITCH,AAPL,EVENT,-350,-300,148
AAPL_FEB_CTRL_XNAS_ITCH_mbp1.dbn.zst,AAPL_FEB_CTRL,XNAS.ITCH,AAPL,EVENT,-300,-250,185
AAPL_FEB_CTRL_XNAS_ITCH_mbp1.dbn.zst,AAPL_FEB_CTRL,XNAS.ITCH,AAPL,EVENT,-250,-200,363
AAPL_FEB_CTRL_XNAS_ITCH_mbp1.dbn.zst,AAPL_FEB_CTRL,XNAS.ITCH,AAPL,EVENT,-200,-150,518
AAPL_FEB_CTRL_XNAS_ITCH_mbp1.dbn.zst,AAPL_FEB_CTRL,XNAS.ITCH,AAPL,EVENT,-150,-100,513
AAPL_FEB_CTRL_XNAS_ITCH_mbp1.dbn.zst,AAPL_FEB_CTRL,XNAS.ITCH,AAPL,EVENT,-100,-50,676
AAPL_FEB_CTRL_XNAS_ITCH_mbp1.dbn.zst,AAPL_FEB_CTRL,XNAS.ITCH,AAPL,EVENT,-50,0,664
AAPL_FEB_CTRL_XNAS_ITCH_mbp1.dbn.zst,AAPL_FEB_CTRL,XNAS.ITCH,AAPL,EVENT,0,50,297
AAPL_FEB_CTRL_XNAS_ITCH_mbp1.dbn.zst,AAPL_FEB_CTRL,XNAS.ITCH,AAPL,EVENT,50,100,224
AAPL_FEB_CTRL_XNAS_ITCH_mbp1.dbn.zst,AAPL_FEB_CTRL,XNAS.ITCH,AAPL,EVENT,100,150,289
AAPL_FEB_CTRL_XNAS_ITCH_mbp1.dbn.zst,AAPL_FEB_CTRL,XNAS.ITCH,AAPL,EVENT,150,200,258
AAPL_FEB_CTRL_XNAS_ITCH_mbp1.dbn.zst,AAPL_FEB_CTRL,XNAS.ITCH,AAPL,EVENT,200,250,183
AAPL_FEB_CTRL_XNAS_ITCH_mbp1.dbn.zst,AAPL_FEB_CTRL,XNAS.ITCH,AAPL,EVENT,250,300,123
AAPL_FEB_CTRL_XNAS_ITCH_mbp1.dbn.zst,AAPL_FEB_CTRL,XNAS.ITCH,AAPL,EVENT,300,350,178
AAPL_FEB_CTRL_XNAS_ITCH_mbp1.dbn.zst,AAPL_FEB_CTRL,XNAS.ITCH,AAPL,EVENT,350,400,138
AAPL_FEB_CTRL_XNAS_ITCH_mbp1.dbn.zst,AAPL_FEB_CTRL,XNAS.ITCH,AAPL,EVENT,400,450,101
AAPL_FEB_CTRL_XNAS_ITCH_mbp1.dbn.zst,AAPL_FEB_CTRL,XNAS.ITCH,AAPL,EVENT,450,500,134
AAPL_FEB_CTRL_XNAS_ITCH_mbp1.dbn.zst,AAPL_FEB_CTRL,XNAS.ITCH,AAPL,EVENT,500,550,49
AAPL_FEB_CTRL_XNAS_ITCH_mbp1.dbn.zst,AAPL_FEB_CTRL,XNAS.ITCH,AAPL,EVENT,550,600,75
AAPL_FEB_CTRL_XNAS_ITCH_mbp1.dbn.zst,AAPL_FEB_CTRL,XNAS.ITCH,AAPL,EVENT,600,650,108
AAPL_FEB_CTRL_XNAS_ITCH_mbp1.dbn.zst,AAPL_FEB_CTRL,XNAS.ITCH,AAPL,EVENT,650,700,114
AAPL_FEB_CTRL_XNAS_ITCH_mbp1.dbn.zst,AAPL_FEB_CTRL,XNAS.ITCH,AAPL,EVENT,700,750,93
AAPL_FEB_CTRL_XNAS_ITCH_mbp1.dbn.zst,AAPL_FEB_CTRL,XNAS.ITCH,AAPL,EVENT,750,800,67
AAPL_FEB_CTRL_XNAS_ITCH_mbp1.dbn.zst,AAPL_FEB_CTRL,XNAS.ITCH,AAPL,EVENT,800,850,45
AAPL_FEB_CTRL_XNAS_ITCH_mbp1.dbn.zst,AAPL_FEB_CTRL,XNAS.ITCH,AAPL,EVENT,850,900,30
AAPL_FEB_CTRL_XNAS_ITCH_mbp1.dbn.zst,AAPL_FEB_CTRL,XNAS.ITCH,AAPL,EVENT,900,950,101
AAPL_FEB_CTRL_XNAS_ITCH_mbp1.dbn.zst,AAPL_FEB_CTRL,XNAS.ITCH,AAPL,EVENT,950,1000,97
AAPL_FEB_CTRL_XNAS_ITCH_mbp1.dbn.zst,AAPL_FEB_CTRL,XNAS.ITCH,AAPL,EVENT,1000,1050,95
AAPL_FEB_CTRL_XNAS_ITCH_mbp1.dbn.zst,AAPL_FEB_CTRL,XNAS.ITCH,AAPL,EVENT,1050,1100,39
AAPL_FEB_CTRL_XNAS_ITCH_mbp1.dbn.zst,AAPL_FEB_CTRL,XNAS.ITCH,AAPL,EVENT,1100,1150,89
AAPL_FEB_CTRL_XNAS_ITCH_mbp1.dbn.zst,AAPL_FEB_CTRL,XNAS.ITCH,AAPL,EVENT,1150,1200,64
AAPL_FEB_CTRL_XNAS_ITCH_mbp1.dbn.zst,AAPL_FEB_CTRL,XNAS.ITCH,AAPL,EVENT,1200,1250,39
AAPL_FEB_CTRL_XNAS_ITCH_mbp1.dbn.zst,AAPL_FEB_CTRL,XNAS.ITCH,AAPL,EVENT,1250,1300,53
AAPL_FEB_CTRL_XNAS_ITCH_mbp1.dbn.zst,AAPL_FEB_CTRL,XNAS.ITCH,AAPL,EVENT,1300,1350,48
AAPL_FEB_CTRL_XNAS_ITCH_mbp1.dbn.zst,AAPL_FEB_CTRL,XNAS.ITCH,AAPL,EVENT,1350,1400,90
AAPL_FEB_CTRL_XNAS_ITCH_mbp1.dbn.zst,AAPL_FEB_CTRL,XNAS.ITCH,AAPL,EVENT,1400,1450,125
AAPL_FEB_CTRL_XNAS_ITCH_mbp1.dbn.zst,AAPL_FEB_CTRL,XNAS.ITCH,AAPL,EVENT,1450,1500,557
AAPL_FEB_CTRL_XNAS_ITCH_mbp1.dbn.zst,AAPL_FEB_CTRL,XNAS.ITCH,AAPL,EVENT,1500,1550,60
AAPL_FEB_CTRL_XNAS_ITCH_mbp1.dbn.zst,AAPL_FEB_CTRL,XNAS.ITCH,AAPL,EVENT,1550,1600,90
AAPL_FEB_CTRL_XNAS_ITCH_mbp1.dbn.zst,AAPL_FEB_CTRL,XNAS.ITCH,AAPL,EVENT,1600,1650,59
AAPL_FEB_CTRL_XNAS_ITCH_mbp1.dbn.zst,AAPL_FEB_CTRL,XNAS.ITCH,AAPL,EVENT,1650,1700,60
AAPL_FEB_CTRL_XNAS_ITCH_mbp1.dbn.zst,AAPL_FEB_CTRL,XNAS.ITCH,AAPL,EVENT,1700,1750,32
AAPL_FEB_CTRL_XNAS_ITCH_mbp1.dbn.zst,AAPL_FEB_CTRL,XNAS.ITCH,AAPL,EVENT,1750,1800,88
AAPL_FEB_CTRL_XNAS_ITCH_mbp1.dbn.zst,AAPL_FEB_CTRL,XNAS.ITCH,AAPL,EVENT,1800,1850,133
AAPL_FEB_CTRL_XNAS_ITCH_mbp1.dbn.zst,AAPL_FEB_CTRL,XNAS.ITCH,AAPL,EVENT,1850,1900,60
AAPL_FEB_CTRL_XNAS_ITCH_mbp1.dbn.zst,AAPL_FEB_CTRL,XNAS.ITCH,AAPL,EVENT,1900,1950,62
AAPL_FEB_CTRL_XNAS_ITCH_mbp1.dbn.zst,AAPL_FEB_CTRL,XNAS.ITCH,AAPL,EVENT,1950,2000,44
AAPL_FEB_CTRL_XNAS_ITCH_mbp1.dbn.zst,AAPL_FEB_CTRL,XNAS.ITCH,AAPL,EVENT,2000,2050,62
AAPL_FEB_CTRL_XNAS_ITCH_mbp1.dbn.zst,AAPL_FEB_CTRL,XNAS.ITCH,AAPL,EVENT,2050,2100,27
AAPL_FEB_CTRL_XNAS_ITCH_mbp1.dbn.zst,AAPL_FEB_CTRL,XNAS.ITCH,AAPL,EVENT,2100,2150,33
AAPL_FEB_CTRL_XNAS_ITCH_mbp1.dbn.zst,AAPL_FEB_CTRL,XNAS.ITCH,AAPL,EVENT,2150,2200,34
AAPL_FEB_CTRL_XNAS_ITCH_mbp1.dbn.zst,AAPL_FEB_CTRL,XNAS.ITCH,AAPL,EVENT,2200,2250,42
AAPL_FEB_CTRL_XNAS_ITCH_mbp1.dbn.zst,AAPL_FEB_CTRL,XNAS.ITCH,AAPL,EVENT,2250,2300,70
AAPL_FEB_CTRL_XNAS_ITCH_mbp1.dbn.zst,AAPL_FEB_CTRL,XNAS.ITCH,AAPL,EVENT,2300,2350,172
AAPL_FEB_CTRL_XNAS_ITCH_mbp1.dbn.zst,AAPL_FEB_CTRL,XNAS.ITCH,AAPL,EVENT,2350,2400,78
AAPL_FEB_CTRL_XNAS_ITCH_mbp1.dbn.zst,AAPL_FEB_CTRL,XNAS.ITCH,AAPL,EVENT,2400,2450,37
AAPL_FEB_CTRL_XNAS_ITCH_mbp1.dbn.zst,AAPL_FEB_CTRL,XNAS.ITCH,AAPL,EVENT,2450,2500,34
AAPL_FEB_CTRL_XNAS_ITCH_mbp1.dbn.zst,AAPL_FEB_CTRL,XNAS.ITCH,AAPL,EVENT,2500,2550,37
AAPL_FEB_CTRL_XNAS_ITCH_mbp1.dbn.zst,AAPL_FEB_CTRL,XNAS.ITCH,AAPL,EVENT,2550,2600,39
AAPL_FEB_CTRL_XNAS_ITCH_mbp1.dbn.zst,AAPL_FEB_CTRL,XNAS.ITCH,AAPL,EVENT,2600,2650,40
AAPL_FEB_CTRL_XNAS_ITCH_mbp1.dbn.zst,AAPL_FEB_CTRL,XNAS.ITCH,AAPL,EVENT,2650,2700,54
AAPL_FEB_CTRL_XNAS_ITCH_mbp1.dbn.zst,AAPL_FEB_CTRL,XNAS.ITCH,AAPL,EVENT,2700,2750,21
AAPL_FEB_CTRL_XNAS_ITCH_mbp1.dbn.zst,AAPL_FEB_CTRL,XNAS.ITCH,AAPL,EVENT,2750,2800,66
AAPL_FEB_CTRL_XNAS_ITCH_mbp1.dbn.zst,AAPL_FEB_CTRL,XNAS.ITCH,AAPL,EVENT,2800,2850,31
AAPL_FEB_CTRL_XNAS_ITCH_mbp1.dbn.zst,AAPL_FEB_CTRL,XNAS.ITCH,AAPL,EVENT,2850,2900,46
AAPL_FEB_CTRL_XNAS_ITCH_mbp1.dbn.zst,AAPL_FEB_CTRL,XNAS.ITCH,AAPL,EVENT,2900,2950,46
AAPL_FEB_CTRL_XNAS_ITCH_mbp1.dbn.zst,AAPL_FEB_CTRL,XNAS.ITCH,AAPL,EVENT,2950,3000,66
AAPL_FEB_CTRL_XNAS_ITCH_mbp1.dbn.zst,AAPL_FEB_CTRL,XNAS.ITCH,AAPL,EVENT,3000,3050,24
AAPL_FEB_CTRL_XNAS_ITCH_mbp1.dbn.zst,AAPL_FEB_CTRL,XNAS.ITCH,AAPL,EVENT,3050,3100,36
AAPL_FEB_CTRL_XNAS_ITCH_mbp1.dbn.zst,AAPL_FEB_CTRL,XNAS.ITCH,AAPL,EVENT,3100,3150,15
AAPL_FEB_CTRL_XNAS_ITCH_mbp1.dbn.zst,AAPL_FEB_CTRL,XNAS.ITCH,AAPL,EVENT,3150,3200,36
AAPL_FEB_CTRL_XNAS_ITCH_mbp1.dbn.zst,AAPL_FEB_CTRL,XNAS.ITCH,AAPL,EVENT,3200,3250,57
AAPL_FEB_CTRL_XNAS_ITCH_mbp1.dbn.zst,AAPL_FEB_CTRL,XNAS.ITCH,AAPL,EVENT,3250,3300,47
AAPL_FEB_CTRL_XNAS_ITCH_mbp1.dbn.zst,AAPL_FEB_CTRL,XNAS.ITCH,AAPL,EVENT,3300,3350,48
AAPL_FEB_CTRL_XNAS_ITCH_mbp1.dbn.zst,AAPL_FEB_CTRL,XNAS.ITCH,AAPL,EVENT,3350,3400,34
AAPL_FEB_CTRL_XNAS_ITCH_mbp1.dbn.zst,AAPL_FEB_CTRL,XNAS.ITCH,AAPL,EVENT,3400,3450,40
AAPL_FEB_CTRL_XNAS_ITCH_mbp1.dbn.zst,AAPL_FEB_CTRL,XNAS.ITCH,AAPL,EVENT,3450,3500,16
AAPL_FEB_CTRL_XNAS_ITCH_mbp1.dbn.zst,AAPL_FEB_CTRL,XNAS.ITCH,AAPL,EVENT,3500,3550,20
AAPL_FEB_CTRL_XNAS_ITCH_mbp1.dbn.zst,AAPL_FEB_CTRL,XNAS.ITCH,AAPL,EVENT,3550,3600,17
AAPL_FEB_CTRL_XNAS_ITCH_mbp1.dbn.zst,AAPL_FEB_CTRL,XNAS.ITCH,AAPL,EVENT,3600,3650,19
AAPL_FEB_CTRL_XNAS_ITCH_mbp1.dbn.zst,AAPL_FEB_CTRL,XNAS.ITCH,AAPL,EVENT,3650,3700,14
AAPL_FEB_CTRL_XNAS_ITCH_mbp1.dbn.zst,AAPL_FEB_CTRL,XNAS.ITCH,AAPL,EVENT,3700,3750,23
AAPL_FEB_CTRL_XNAS_ITCH_mbp1.dbn.zst,AAPL_FEB_CTRL,XNAS.ITCH,AAPL,EVENT,3750,3800,26
AAPL_FEB_CTRL_XNAS_ITCH_mbp1.dbn.zst,AAPL_FEB_CTRL,XNAS.ITCH,AAPL,EVENT,3800,3850,22
AAPL_FEB_CTRL_XNAS_ITCH_mbp1.dbn.zst,AAPL_FEB_CTRL,XNAS.ITCH,AAPL,EVENT,3850,3900,13
AAPL_FEB_CTRL_XNAS_ITCH_mbp1.dbn.zst,AAPL_FEB_CTRL,XNAS.ITCH,AAPL,EVENT,3900,3950,16
AAPL_FEB_CTRL_XNAS_ITCH_mbp1.dbn.zst,AAPL_FEB_CTRL,XNAS.ITCH,AAPL,EVENT,3950,4000,19
AAPL_FEB_CTRL_XNAS_ITCH_mbp1.dbn.zst,AAPL_FEB_CTRL,XNAS.ITCH,AAPL,EVENT,4000,4050,65
AAPL_FEB_CTRL_XNAS_ITCH_mbp1.dbn.zst,AAPL_FEB_CTRL,XNAS.ITCH,AAPL,EVENT,4050,4100,14
AAPL_FEB_CTRL_XNAS_ITCH_mbp1.dbn.zst,AAPL_FEB_CTRL,XNAS.ITCH,AAPL,EVENT,4100,4150,81
AAPL_FEB_CTRL_XNAS_ITCH_mbp1.dbn.zst,AAPL_FEB_CTRL,XNAS.ITCH,AAPL,EVENT,4150,4200,39
AAPL_FEB_CTRL_XNAS_ITCH_mbp1.dbn.zst,AAPL_FEB_CTRL,XNAS.ITCH,AAPL,EVENT,4200,4250,59
AAPL_FEB_CTRL_XNAS_ITCH_mbp1.dbn.zst,AAPL_FEB_CTRL,XNAS.ITCH,AAPL,EVENT,4250,4300,51
AAPL_FEB_CTRL_XNAS_ITCH_mbp1.dbn.zst,AAPL_FEB_CTRL,XNAS.ITCH,AAPL,EVENT,4300,4350,23
AAPL_FEB_CTRL_XNAS_ITCH_mbp1.dbn.zst,AAPL_FEB_CTRL,XNAS.ITCH,AAPL,EVENT,4350,4400,14
AAPL_FEB_CTRL_XNAS_ITCH_mbp1.dbn.zst,AAPL_FEB_CTRL,XNAS.ITCH,AAPL,EVENT,4400,4450,14
AAPL_FEB_CTRL_XNAS_ITCH_mbp1.dbn.zst,AAPL_FEB_CTRL,XNAS.ITCH,AAPL,EVENT,4450,4500,8
AAPL_FEB_CTRL_XNAS_ITCH_mbp1.dbn.zst,AAPL_FEB_CTRL,XNAS.ITCH,AAPL,EVENT,4500,4550,24
AAPL_FEB_CTRL_XNAS_ITCH_mbp1.dbn.zst,AAPL_FEB_CTRL,XNAS.ITCH,AAPL,EVENT,4550,4600,40
AAPL_FEB_CTRL_XNAS_ITCH_mbp1.dbn.zst,AAPL_FEB_CTRL,XNAS.ITCH,AAPL,EVENT,4600,4650,19
AAPL_FEB_CTRL_XNAS_ITCH_mbp1.dbn.zst,AAPL_FEB_CTRL,XNAS.ITCH,AAPL,EVENT,4650,4700,48
AAPL_FEB_CTRL_XNAS_ITCH_mbp1.dbn.zst,AAPL_FEB_CTRL,XNAS.ITCH,AAPL,EVENT,4700,4750,36
AAPL_FEB_CTRL_XNAS_ITCH_mbp1.dbn.zst,AAPL_FEB_CTRL,XNAS.ITCH,AAPL,EVENT,4750,4800,32
AAPL_FEB_CTRL_XNAS_ITCH_mbp1.dbn.zst,AAPL_FEB_CTRL,XNAS.ITCH,AAPL,EVENT,4800,4850,56
AAPL_FEB_CTRL_XNAS_ITCH_mbp1.dbn.zst,AAPL_FEB_CTRL,XNAS.ITCH,AAPL,EVENT,4850,4900,38
AAPL_FEB_CTRL_XNAS_ITCH_mbp1.dbn.zst,AAPL_FEB_CTRL,XNAS.ITCH,AAPL,EVENT,4900,4950,15
AAPL_FEB_CTRL_XNAS_ITCH_mbp1.dbn.zst,AAPL_FEB_CTRL,XNAS.ITCH,AAPL,EVENT,4950,5000,30
AAPL_FEB_CTRL_XNAS_ITCH_mbp1.dbn.zst,AAPL_FEB_CTRL,XNAS.ITCH,AAPL,RECEIVE,-5000,-4950,10
AAPL_FEB_CTRL_XNAS_ITCH_mbp1.dbn.zst,AAPL_FEB_CTRL,XNAS.ITCH,AAPL,RECEIVE,-4950,-4900,47
AAPL_FEB_CTRL_XNAS_ITCH_mbp1.dbn.zst,AAPL_FEB_CTRL,XNAS.ITCH,AAPL,RECEIVE,-4900,-4850,24
AAPL_FEB_CTRL_XNAS_ITCH_mbp1.dbn.zst,AAPL_FEB_CTRL,XNAS.ITCH,AAPL,RECEIVE,-4850,-4800,31
AAPL_FEB_CTRL_XNAS_ITCH_mbp1.dbn.zst,AAPL_FEB_CTRL,XNAS.ITCH,AAPL,RECEIVE,-4800,-4750,29
AAPL_FEB_CTRL_XNAS_ITCH_mbp1.dbn.zst,AAPL_FEB_CTRL,XNAS.ITCH,AAPL,RECEIVE,-4750,-4700,15
AAPL_FEB_CTRL_XNAS_ITCH_mbp1.dbn.zst,AAPL_FEB_CTRL,XNAS.ITCH,AAPL,RECEIVE,-4700,-4650,14
AAPL_FEB_CTRL_XNAS_ITCH_mbp1.dbn.zst,AAPL_FEB_CTRL,XNAS.ITCH,AAPL,RECEIVE,-4650,-4600,21
AAPL_FEB_CTRL_XNAS_ITCH_mbp1.dbn.zst,AAPL_FEB_CTRL,XNAS.ITCH,AAPL,RECEIVE,-4600,-4550,43
AAPL_FEB_CTRL_XNAS_ITCH_mbp1.dbn.zst,AAPL_FEB_CTRL,XNAS.ITCH,AAPL,RECEIVE,-4550,-4500,30
AAPL_FEB_CTRL_XNAS_ITCH_mbp1.dbn.zst,AAPL_FEB_CTRL,XNAS.ITCH,AAPL,RECEIVE,-4500,-4450,18
AAPL_FEB_CTRL_XNAS_ITCH_mbp1.dbn.zst,AAPL_FEB_CTRL,XNAS.ITCH,AAPL,RECEIVE,-4450,-4400,30
AAPL_FEB_CTRL_XNAS_ITCH_mbp1.dbn.zst,AAPL_FEB_CTRL,XNAS.ITCH,AAPL,RECEIVE,-4400,-4350,23
AAPL_FEB_CTRL_XNAS_ITCH_mbp1.dbn.zst,AAPL_FEB_CTRL,XNAS.ITCH,AAPL,RECEIVE,-4350,-4300,32
AAPL_FEB_CTRL_XNAS_ITCH_mbp1.dbn.zst,AAPL_FEB_CTRL,XNAS.ITCH,AAPL,RECEIVE,-4300,-4250,13
AAPL_FEB_CTRL_XNAS_ITCH_mbp1.dbn.zst,AAPL_FEB_CTRL,XNAS.ITCH,AAPL,RECEIVE,-4250,-4200,31
AAPL_FEB_CTRL_XNAS_ITCH_mbp1.dbn.zst,AAPL_FEB_CTRL,XNAS.ITCH,AAPL,RECEIVE,-4200,-4150,18
AAPL_FEB_CTRL_XNAS_ITCH_mbp1.dbn.zst,AAPL_FEB_CTRL,XNAS.ITCH,AAPL,RECEIVE,-4150,-4100,18
AAPL_FEB_CTRL_XNAS_ITCH_mbp1.dbn.zst,AAPL_FEB_CTRL,XNAS.ITCH,AAPL,RECEIVE,-4100,-4050,14
AAPL_FEB_CTRL_XNAS_ITCH_mbp1.dbn.zst,AAPL_FEB_CTRL,XNAS.ITCH,AAPL,RECEIVE,-4050,-4000,22
AAPL_FEB_CTRL_XNAS_ITCH_mbp1.dbn.zst,AAPL_FEB_CTRL,XNAS.ITCH,AAPL,RECEIVE,-4000,-3950,19
AAPL_FEB_CTRL_XNAS_ITCH_mbp1.dbn.zst,AAPL_FEB_CTRL,XNAS.ITCH,AAPL,RECEIVE,-3950,-3900,14
AAPL_FEB_CTRL_XNAS_ITCH_mbp1.dbn.zst,AAPL_FEB_CTRL,XNAS.ITCH,AAPL,RECEIVE,-3900,-3850,19
AAPL_FEB_CTRL_XNAS_ITCH_mbp1.dbn.zst,AAPL_FEB_CTRL,XNAS.ITCH,AAPL,RECEIVE,-3850,-3800,11
AAPL_FEB_CTRL_XNAS_ITCH_mbp1.dbn.zst,AAPL_FEB_CTRL,XNAS.ITCH,AAPL,RECEIVE,-3800,-3750,30
AAPL_FEB_CTRL_XNAS_ITCH_mbp1.dbn.zst,AAPL_FEB_CTRL,XNAS.ITCH,AAPL,RECEIVE,-3750,-3700,54
AAPL_FEB_CTRL_XNAS_ITCH_mbp1.dbn.zst,AAPL_FEB_CTRL,XNAS.ITCH,AAPL,RECEIVE,-3700,-3650,17
AAPL_FEB_CTRL_XNAS_ITCH_mbp1.dbn.zst,AAPL_FEB_CTRL,XNAS.ITCH,AAPL,RECEIVE,-3650,-3600,21
AAPL_FEB_CTRL_XNAS_ITCH_mbp1.dbn.zst,AAPL_FEB_CTRL,XNAS.ITCH,AAPL,RECEIVE,-3600,-3550,46
AAPL_FEB_CTRL_XNAS_ITCH_mbp1.dbn.zst,AAPL_FEB_CTRL,XNAS.ITCH,AAPL,RECEIVE,-3550,-3500,39
AAPL_FEB_CTRL_XNAS_ITCH_mbp1.dbn.zst,AAPL_FEB_CTRL,XNAS.ITCH,AAPL,RECEIVE,-3500,-3450,38
AAPL_FEB_CTRL_XNAS_ITCH_mbp1.dbn.zst,AAPL_FEB_CTRL,XNAS.ITCH,AAPL,RECEIVE,-3450,-3400,19
AAPL_FEB_CTRL_XNAS_ITCH_mbp1.dbn.zst,AAPL_FEB_CTRL,XNAS.ITCH,AAPL,RECEIVE,-3400,-3350,35
AAPL_FEB_CTRL_XNAS_ITCH_mbp1.dbn.zst,AAPL_FEB_CTRL,XNAS.ITCH,AAPL,RECEIVE,-3350,-3300,24
AAPL_FEB_CTRL_XNAS_ITCH_mbp1.dbn.zst,AAPL_FEB_CTRL,XNAS.ITCH,AAPL,RECEIVE,-3300,-3250,24
AAPL_FEB_CTRL_XNAS_ITCH_mbp1.dbn.zst,AAPL_FEB_CTRL,XNAS.ITCH,AAPL,RECEIVE,-3250,-3200,36
AAPL_FEB_CTRL_XNAS_ITCH_mbp1.dbn.zst,AAPL_FEB_CTRL,XNAS.ITCH,AAPL,RECEIVE,-3200,-3150,37
AAPL_FEB_CTRL_XNAS_ITCH_mbp1.dbn.zst,AAPL_FEB_CTRL,XNAS.ITCH,AAPL,RECEIVE,-3150,-3100,28
AAPL_FEB_CTRL_XNAS_ITCH_mbp1.dbn.zst,AAPL_FEB_CTRL,XNAS.ITCH,AAPL,RECEIVE,-3100,-3050,16
AAPL_FEB_CTRL_XNAS_ITCH_mbp1.dbn.zst,AAPL_FEB_CTRL,XNAS.ITCH,AAPL,RECEIVE,-3050,-3000,43
AAPL_FEB_CTRL_XNAS_ITCH_mbp1.dbn.zst,AAPL_FEB_CTRL,XNAS.ITCH,AAPL,RECEIVE,-3000,-2950,42
AAPL_FEB_CTRL_XNAS_ITCH_mbp1.dbn.zst,AAPL_FEB_CTRL,XNAS.ITCH,AAPL,RECEIVE,-2950,-2900,37
AAPL_FEB_CTRL_XNAS_ITCH_mbp1.dbn.zst,AAPL_FEB_CTRL,XNAS.ITCH,AAPL,RECEIVE,-2900,-2850,12
AAPL_FEB_CTRL_XNAS_ITCH_mbp1.dbn.zst,AAPL_FEB_CTRL,XNAS.ITCH,AAPL,RECEIVE,-2850,-2800,45
AAPL_FEB_CTRL_XNAS_ITCH_mbp1.dbn.zst,AAPL_FEB_CTRL,XNAS.ITCH,AAPL,RECEIVE,-2800,-2750,42
AAPL_FEB_CTRL_XNAS_ITCH_mbp1.dbn.zst,AAPL_FEB_CTRL,XNAS.ITCH,AAPL,RECEIVE,-2750,-2700,34
AAPL_FEB_CTRL_XNAS_ITCH_mbp1.dbn.zst,AAPL_FEB_CTRL,XNAS.ITCH,AAPL,RECEIVE,-2700,-2650,57
AAPL_FEB_CTRL_XNAS_ITCH_mbp1.dbn.zst,AAPL_FEB_CTRL,XNAS.ITCH,AAPL,RECEIVE,-2650,-2600,46
AAPL_FEB_CTRL_XNAS_ITCH_mbp1.dbn.zst,AAPL_FEB_CTRL,XNAS.ITCH,AAPL,RECEIVE,-2600,-2550,35
AAPL_FEB_CTRL_XNAS_ITCH_mbp1.dbn.zst,AAPL_FEB_CTRL,XNAS.ITCH,AAPL,RECEIVE,-2550,-2500,74
AAPL_FEB_CTRL_XNAS_ITCH_mbp1.dbn.zst,AAPL_FEB_CTRL,XNAS.ITCH,AAPL,RECEIVE,-2500,-2450,56
AAPL_FEB_CTRL_XNAS_ITCH_mbp1.dbn.zst,AAPL_FEB_CTRL,XNAS.ITCH,AAPL,RECEIVE,-2450,-2400,39
AAPL_FEB_CTRL_XNAS_ITCH_mbp1.dbn.zst,AAPL_FEB_CTRL,XNAS.ITCH,AAPL,RECEIVE,-2400,-2350,26
AAPL_FEB_CTRL_XNAS_ITCH_mbp1.dbn.zst,AAPL_FEB_CTRL,XNAS.ITCH,AAPL,RECEIVE,-2350,-2300,34
AAPL_FEB_CTRL_XNAS_ITCH_mbp1.dbn.zst,AAPL_FEB_CTRL,XNAS.ITCH,AAPL,RECEIVE,-2300,-2250,32
AAPL_FEB_CTRL_XNAS_ITCH_mbp1.dbn.zst,AAPL_FEB_CTRL,XNAS.ITCH,AAPL,RECEIVE,-2250,-2200,54
AAPL_FEB_CTRL_XNAS_ITCH_mbp1.dbn.zst,AAPL_FEB_CTRL,XNAS.ITCH,AAPL,RECEIVE,-2200,-2150,31
AAPL_FEB_CTRL_XNAS_ITCH_mbp1.dbn.zst,AAPL_FEB_CTRL,XNAS.ITCH,AAPL,RECEIVE,-2150,-2100,48
AAPL_FEB_CTRL_XNAS_ITCH_mbp1.dbn.zst,AAPL_FEB_CTRL,XNAS.ITCH,AAPL,RECEIVE,-2100,-2050,66
AAPL_FEB_CTRL_XNAS_ITCH_mbp1.dbn.zst,AAPL_FEB_CTRL,XNAS.ITCH,AAPL,RECEIVE,-2050,-2000,84
AAPL_FEB_CTRL_XNAS_ITCH_mbp1.dbn.zst,AAPL_FEB_CTRL,XNAS.ITCH,AAPL,RECEIVE,-2000,-1950,41
AAPL_FEB_CTRL_XNAS_ITCH_mbp1.dbn.zst,AAPL_FEB_CTRL,XNAS.ITCH,AAPL,RECEIVE,-1950,-1900,36
AAPL_FEB_CTRL_XNAS_ITCH_mbp1.dbn.zst,AAPL_FEB_CTRL,XNAS.ITCH,AAPL,RECEIVE,-1900,-1850,70
AAPL_FEB_CTRL_XNAS_ITCH_mbp1.dbn.zst,AAPL_FEB_CTRL,XNAS.ITCH,AAPL,RECEIVE,-1850,-1800,28
AAPL_FEB_CTRL_XNAS_ITCH_mbp1.dbn.zst,AAPL_FEB_CTRL,XNAS.ITCH,AAPL,RECEIVE,-1800,-1750,92
AAPL_FEB_CTRL_XNAS_ITCH_mbp1.dbn.zst,AAPL_FEB_CTRL,XNAS.ITCH,AAPL,RECEIVE,-1750,-1700,31
AAPL_FEB_CTRL_XNAS_ITCH_mbp1.dbn.zst,AAPL_FEB_CTRL,XNAS.ITCH,AAPL,RECEIVE,-1700,-1650,72
AAPL_FEB_CTRL_XNAS_ITCH_mbp1.dbn.zst,AAPL_FEB_CTRL,XNAS.ITCH,AAPL,RECEIVE,-1650,-1600,83
AAPL_FEB_CTRL_XNAS_ITCH_mbp1.dbn.zst,AAPL_FEB_CTRL,XNAS.ITCH,AAPL,RECEIVE,-1600,-1550,45
AAPL_FEB_CTRL_XNAS_ITCH_mbp1.dbn.zst,AAPL_FEB_CTRL,XNAS.ITCH,AAPL,RECEIVE,-1550,-1500,63
AAPL_FEB_CTRL_XNAS_ITCH_mbp1.dbn.zst,AAPL_FEB_CTRL,XNAS.ITCH,AAPL,RECEIVE,-1500,-1450,236
AAPL_FEB_CTRL_XNAS_ITCH_mbp1.dbn.zst,AAPL_FEB_CTRL,XNAS.ITCH,AAPL,RECEIVE,-1450,-1400,140
AAPL_FEB_CTRL_XNAS_ITCH_mbp1.dbn.zst,AAPL_FEB_CTRL,XNAS.ITCH,AAPL,RECEIVE,-1400,-1350,80
AAPL_FEB_CTRL_XNAS_ITCH_mbp1.dbn.zst,AAPL_FEB_CTRL,XNAS.ITCH,AAPL,RECEIVE,-1350,-1300,97
AAPL_FEB_CTRL_XNAS_ITCH_mbp1.dbn.zst,AAPL_FEB_CTRL,XNAS.ITCH,AAPL,RECEIVE,-1300,-1250,104
AAPL_FEB_CTRL_XNAS_ITCH_mbp1.dbn.zst,AAPL_FEB_CTRL,XNAS.ITCH,AAPL,RECEIVE,-1250,-1200,54
AAPL_FEB_CTRL_XNAS_ITCH_mbp1.dbn.zst,AAPL_FEB_CTRL,XNAS.ITCH,AAPL,RECEIVE,-1200,-1150,75
AAPL_FEB_CTRL_XNAS_ITCH_mbp1.dbn.zst,AAPL_FEB_CTRL,XNAS.ITCH,AAPL,RECEIVE,-1150,-1100,71
AAPL_FEB_CTRL_XNAS_ITCH_mbp1.dbn.zst,AAPL_FEB_CTRL,XNAS.ITCH,AAPL,RECEIVE,-1100,-1050,88
AAPL_FEB_CTRL_XNAS_ITCH_mbp1.dbn.zst,AAPL_FEB_CTRL,XNAS.ITCH,AAPL,RECEIVE,-1050,-1000,145
AAPL_FEB_CTRL_XNAS_ITCH_mbp1.dbn.zst,AAPL_FEB_CTRL,XNAS.ITCH,AAPL,RECEIVE,-1000,-950,114
AAPL_FEB_CTRL_XNAS_ITCH_mbp1.dbn.zst,AAPL_FEB_CTRL,XNAS.ITCH,AAPL,RECEIVE,-950,-900,93
AAPL_FEB_CTRL_XNAS_ITCH_mbp1.dbn.zst,AAPL_FEB_CTRL,XNAS.ITCH,AAPL,RECEIVE,-900,-850,175
AAPL_FEB_CTRL_XNAS_ITCH_mbp1.dbn.zst,AAPL_FEB_CTRL,XNAS.ITCH,AAPL,RECEIVE,-850,-800,97
AAPL_FEB_CTRL_XNAS_ITCH_mbp1.dbn.zst,AAPL_FEB_CTRL,XNAS.ITCH,AAPL,RECEIVE,-800,-750,110
AAPL_FEB_CTRL_XNAS_ITCH_mbp1.dbn.zst,AAPL_FEB_CTRL,XNAS.ITCH,AAPL,RECEIVE,-750,-700,156
AAPL_FEB_CTRL_XNAS_ITCH_mbp1.dbn.zst,AAPL_FEB_CTRL,XNAS.ITCH,AAPL,RECEIVE,-700,-650,185
AAPL_FEB_CTRL_XNAS_ITCH_mbp1.dbn.zst,AAPL_FEB_CTRL,XNAS.ITCH,AAPL,RECEIVE,-650,-600,195
AAPL_FEB_CTRL_XNAS_ITCH_mbp1.dbn.zst,AAPL_FEB_CTRL,XNAS.ITCH,AAPL,RECEIVE,-600,-550,178
AAPL_FEB_CTRL_XNAS_ITCH_mbp1.dbn.zst,AAPL_FEB_CTRL,XNAS.ITCH,AAPL,RECEIVE,-550,-500,133
AAPL_FEB_CTRL_XNAS_ITCH_mbp1.dbn.zst,AAPL_FEB_CTRL,XNAS.ITCH,AAPL,RECEIVE,-500,-450,182
AAPL_FEB_CTRL_XNAS_ITCH_mbp1.dbn.zst,AAPL_FEB_CTRL,XNAS.ITCH,AAPL,RECEIVE,-450,-400,179
AAPL_FEB_CTRL_XNAS_ITCH_mbp1.dbn.zst,AAPL_FEB_CTRL,XNAS.ITCH,AAPL,RECEIVE,-400,-350,149
AAPL_FEB_CTRL_XNAS_ITCH_mbp1.dbn.zst,AAPL_FEB_CTRL,XNAS.ITCH,AAPL,RECEIVE,-350,-300,201
AAPL_FEB_CTRL_XNAS_ITCH_mbp1.dbn.zst,AAPL_FEB_CTRL,XNAS.ITCH,AAPL,RECEIVE,-300,-250,237
AAPL_FEB_CTRL_XNAS_ITCH_mbp1.dbn.zst,AAPL_FEB_CTRL,XNAS.ITCH,AAPL,RECEIVE,-250,-200,312
AAPL_FEB_CTRL_XNAS_ITCH_mbp1.dbn.zst,AAPL_FEB_CTRL,XNAS.ITCH,AAPL,RECEIVE,-200,-150,565
AAPL_FEB_CTRL_XNAS_ITCH_mbp1.dbn.zst,AAPL_FEB_CTRL,XNAS.ITCH,AAPL,RECEIVE,-150,-100,541
AAPL_FEB_CTRL_XNAS_ITCH_mbp1.dbn.zst,AAPL_FEB_CTRL,XNAS.ITCH,AAPL,RECEIVE,-100,-50,622
AAPL_FEB_CTRL_XNAS_ITCH_mbp1.dbn.zst,AAPL_FEB_CTRL,XNAS.ITCH,AAPL,RECEIVE,-50,0,538
AAPL_FEB_CTRL_XNAS_ITCH_mbp1.dbn.zst,AAPL_FEB_CTRL,XNAS.ITCH,AAPL,RECEIVE,0,50,358
AAPL_FEB_CTRL_XNAS_ITCH_mbp1.dbn.zst,AAPL_FEB_CTRL,XNAS.ITCH,AAPL,RECEIVE,50,100,190
AAPL_FEB_CTRL_XNAS_ITCH_mbp1.dbn.zst,AAPL_FEB_CTRL,XNAS.ITCH,AAPL,RECEIVE,100,150,385
AAPL_FEB_CTRL_XNAS_ITCH_mbp1.dbn.zst,AAPL_FEB_CTRL,XNAS.ITCH,AAPL,RECEIVE,150,200,190
AAPL_FEB_CTRL_XNAS_ITCH_mbp1.dbn.zst,AAPL_FEB_CTRL,XNAS.ITCH,AAPL,RECEIVE,200,250,182
AAPL_FEB_CTRL_XNAS_ITCH_mbp1.dbn.zst,AAPL_FEB_CTRL,XNAS.ITCH,AAPL,RECEIVE,250,300,115
AAPL_FEB_CTRL_XNAS_ITCH_mbp1.dbn.zst,AAPL_FEB_CTRL,XNAS.ITCH,AAPL,RECEIVE,300,350,165
AAPL_FEB_CTRL_XNAS_ITCH_mbp1.dbn.zst,AAPL_FEB_CTRL,XNAS.ITCH,AAPL,RECEIVE,350,400,128
AAPL_FEB_CTRL_XNAS_ITCH_mbp1.dbn.zst,AAPL_FEB_CTRL,XNAS.ITCH,AAPL,RECEIVE,400,450,116
AAPL_FEB_CTRL_XNAS_ITCH_mbp1.dbn.zst,AAPL_FEB_CTRL,XNAS.ITCH,AAPL,RECEIVE,450,500,133
AAPL_FEB_CTRL_XNAS_ITCH_mbp1.dbn.zst,AAPL_FEB_CTRL,XNAS.ITCH,AAPL,RECEIVE,500,550,56
AAPL_FEB_CTRL_XNAS_ITCH_mbp1.dbn.zst,AAPL_FEB_CTRL,XNAS.ITCH,AAPL,RECEIVE,550,600,63
AAPL_FEB_CTRL_XNAS_ITCH_mbp1.dbn.zst,AAPL_FEB_CTRL,XNAS.ITCH,AAPL,RECEIVE,600,650,104
AAPL_FEB_CTRL_XNAS_ITCH_mbp1.dbn.zst,AAPL_FEB_CTRL,XNAS.ITCH,AAPL,RECEIVE,650,700,137
AAPL_FEB_CTRL_XNAS_ITCH_mbp1.dbn.zst,AAPL_FEB_CTRL,XNAS.ITCH,AAPL,RECEIVE,700,750,80
AAPL_FEB_CTRL_XNAS_ITCH_mbp1.dbn.zst,AAPL_FEB_CTRL,XNAS.ITCH,AAPL,RECEIVE,750,800,70
AAPL_FEB_CTRL_XNAS_ITCH_mbp1.dbn.zst,AAPL_FEB_CTRL,XNAS.ITCH,AAPL,RECEIVE,800,850,44
AAPL_FEB_CTRL_XNAS_ITCH_mbp1.dbn.zst,AAPL_FEB_CTRL,XNAS.ITCH,AAPL,RECEIVE,850,900,18
AAPL_FEB_CTRL_XNAS_ITCH_mbp1.dbn.zst,AAPL_FEB_CTRL,XNAS.ITCH,AAPL,RECEIVE,900,950,108
AAPL_FEB_CTRL_XNAS_ITCH_mbp1.dbn.zst,AAPL_FEB_CTRL,XNAS.ITCH,AAPL,RECEIVE,950,1000,93
AAPL_FEB_CTRL_XNAS_ITCH_mbp1.dbn.zst,AAPL_FEB_CTRL,XNAS.ITCH,AAPL,RECEIVE,1000,1050,66
AAPL_FEB_CTRL_XNAS_ITCH_mbp1.dbn.zst,AAPL_FEB_CTRL,XNAS.ITCH,AAPL,RECEIVE,1050,1100,108
AAPL_FEB_CTRL_XNAS_ITCH_mbp1.dbn.zst,AAPL_FEB_CTRL,XNAS.ITCH,AAPL,RECEIVE,1100,1150,52
AAPL_FEB_CTRL_XNAS_ITCH_mbp1.dbn.zst,AAPL_FEB_CTRL,XNAS.ITCH,AAPL,RECEIVE,1150,1200,65
AAPL_FEB_CTRL_XNAS_ITCH_mbp1.dbn.zst,AAPL_FEB_CTRL,XNAS.ITCH,AAPL,RECEIVE,1200,1250,51
AAPL_FEB_CTRL_XNAS_ITCH_mbp1.dbn.zst,AAPL_FEB_CTRL,XNAS.ITCH,AAPL,RECEIVE,1250,1300,75
AAPL_FEB_CTRL_XNAS_ITCH_mbp1.dbn.zst,AAPL_FEB_CTRL,XNAS.ITCH,AAPL,RECEIVE,1300,1350,189
AAPL_FEB_CTRL_XNAS_ITCH_mbp1.dbn.zst,AAPL_FEB_CTRL,XNAS.ITCH,AAPL,RECEIVE,1350,1400,230
AAPL_FEB_CTRL_XNAS_ITCH_mbp1.dbn.zst,AAPL_FEB_CTRL,XNAS.ITCH,AAPL,RECEIVE,1400,1450,265
AAPL_FEB_CTRL_XNAS_ITCH_mbp1.dbn.zst,AAPL_FEB_CTRL,XNAS.ITCH,AAPL,RECEIVE,1450,1500,80
AAPL_FEB_CTRL_XNAS_ITCH_mbp1.dbn.zst,AAPL_FEB_CTRL,XNAS.ITCH,AAPL,RECEIVE,1500,1550,79
AAPL_FEB_CTRL_XNAS_ITCH_mbp1.dbn.zst,AAPL_FEB_CTRL,XNAS.ITCH,AAPL,RECEIVE,1550,1600,45
AAPL_FEB_CTRL_XNAS_ITCH_mbp1.dbn.zst,AAPL_FEB_CTRL,XNAS.ITCH,AAPL,RECEIVE,1600,1650,57
AAPL_FEB_CTRL_XNAS_ITCH_mbp1.dbn.zst,AAPL_FEB_CTRL,XNAS.ITCH,AAPL,RECEIVE,1650,1700,76
AAPL_FEB_CTRL_XNAS_ITCH_mbp1.dbn.zst,AAPL_FEB_CTRL,XNAS.ITCH,AAPL,RECEIVE,1700,1750,82
AAPL_FEB_CTRL_XNAS_ITCH_mbp1.dbn.zst,AAPL_FEB_CTRL,XNAS.ITCH,AAPL,RECEIVE,1750,1800,98
AAPL_FEB_CTRL_XNAS_ITCH_mbp1.dbn.zst,AAPL_FEB_CTRL,XNAS.ITCH,AAPL,RECEIVE,1800,1850,82
AAPL_FEB_CTRL_XNAS_ITCH_mbp1.dbn.zst,AAPL_FEB_CTRL,XNAS.ITCH,AAPL,RECEIVE,1850,1900,86
AAPL_FEB_CTRL_XNAS_ITCH_mbp1.dbn.zst,AAPL_FEB_CTRL,XNAS.ITCH,AAPL,RECEIVE,1900,1950,65
AAPL_FEB_CTRL_XNAS_ITCH_mbp1.dbn.zst,AAPL_FEB_CTRL,XNAS.ITCH,AAPL,RECEIVE,1950,2000,43
AAPL_FEB_CTRL_XNAS_ITCH_mbp1.dbn.zst,AAPL_FEB_CTRL,XNAS.ITCH,AAPL,RECEIVE,2000,2050,57
AAPL_FEB_CTRL_XNAS_ITCH_mbp1.dbn.zst,AAPL_FEB_CTRL,XNAS.ITCH,AAPL,RECEIVE,2050,2100,21
AAPL_FEB_CTRL_XNAS_ITCH_mbp1.dbn.zst,AAPL_FEB_CTRL,XNAS.ITCH,AAPL,RECEIVE,2100,2150,36
AAPL_FEB_CTRL_XNAS_ITCH_mbp1.dbn.zst,AAPL_FEB_CTRL,XNAS.ITCH,AAPL,RECEIVE,2150,2200,33
AAPL_FEB_CTRL_XNAS_ITCH_mbp1.dbn.zst,AAPL_FEB_CTRL,XNAS.ITCH,AAPL,RECEIVE,2200,2250,44
AAPL_FEB_CTRL_XNAS_ITCH_mbp1.dbn.zst,AAPL_FEB_CTRL,XNAS.ITCH,AAPL,RECEIVE,2250,2300,142
AAPL_FEB_CTRL_XNAS_ITCH_mbp1.dbn.zst,AAPL_FEB_CTRL,XNAS.ITCH,AAPL,RECEIVE,2300,2350,89
AAPL_FEB_CTRL_XNAS_ITCH_mbp1.dbn.zst,AAPL_FEB_CTRL,XNAS.ITCH,AAPL,RECEIVE,2350,2400,76
AAPL_FEB_CTRL_XNAS_ITCH_mbp1.dbn.zst,AAPL_FEB_CTRL,XNAS.ITCH,AAPL,RECEIVE,2400,2450,36
AAPL_FEB_CTRL_XNAS_ITCH_mbp1.dbn.zst,AAPL_FEB_CTRL,XNAS.ITCH,AAPL,RECEIVE,2450,2500,50
AAPL_FEB_CTRL_XNAS_ITCH_mbp1.dbn.zst,AAPL_FEB_CTRL,XNAS.ITCH,AAPL,RECEIVE,2500,2550,41
AAPL_FEB_CTRL_XNAS_ITCH_mbp1.dbn.zst,AAPL_FEB_CTRL,XNAS.ITCH,AAPL,RECEIVE,2550,2600,39
AAPL_FEB_CTRL_XNAS_ITCH_mbp1.dbn.zst,AAPL_FEB_CTRL,XNAS.ITCH,AAPL,RECEIVE,2600,2650,32
AAPL_FEB_CTRL_XNAS_ITCH_mbp1.dbn.zst,AAPL_FEB_CTRL,XNAS.ITCH,AAPL,RECEIVE,2650,2700,61
AAPL_FEB_CTRL_XNAS_ITCH_mbp1.dbn.zst,AAPL_FEB_CTRL,XNAS.ITCH,AAPL,RECEIVE,2700,2750,24
AAPL_FEB_CTRL_XNAS_ITCH_mbp1.dbn.zst,AAPL_FEB_CTRL,XNAS.ITCH,AAPL,RECEIVE,2750,2800,60
AAPL_FEB_CTRL_XNAS_ITCH_mbp1.dbn.zst,AAPL_FEB_CTRL,XNAS.ITCH,AAPL,RECEIVE,2800,2850,29
AAPL_FEB_CTRL_XNAS_ITCH_mbp1.dbn.zst,AAPL_FEB_CTRL,XNAS.ITCH,AAPL,RECEIVE,2850,2900,51
AAPL_FEB_CTRL_XNAS_ITCH_mbp1.dbn.zst,AAPL_FEB_CTRL,XNAS.ITCH,AAPL,RECEIVE,2900,2950,40
AAPL_FEB_CTRL_XNAS_ITCH_mbp1.dbn.zst,AAPL_FEB_CTRL,XNAS.ITCH,AAPL,RECEIVE,2950,3000,60
AAPL_FEB_CTRL_XNAS_ITCH_mbp1.dbn.zst,AAPL_FEB_CTRL,XNAS.ITCH,AAPL,RECEIVE,3000,3050,38
AAPL_FEB_CTRL_XNAS_ITCH_mbp1.dbn.zst,AAPL_FEB_CTRL,XNAS.ITCH,AAPL,RECEIVE,3050,3100,26
AAPL_FEB_CTRL_XNAS_ITCH_mbp1.dbn.zst,AAPL_FEB_CTRL,XNAS.ITCH,AAPL,RECEIVE,3100,3150,26
AAPL_FEB_CTRL_XNAS_ITCH_mbp1.dbn.zst,AAPL_FEB_CTRL,XNAS.ITCH,AAPL,RECEIVE,3150,3200,34
AAPL_FEB_CTRL_XNAS_ITCH_mbp1.dbn.zst,AAPL_FEB_CTRL,XNAS.ITCH,AAPL,RECEIVE,3200,3250,46
AAPL_FEB_CTRL_XNAS_ITCH_mbp1.dbn.zst,AAPL_FEB_CTRL,XNAS.ITCH,AAPL,RECEIVE,3250,3300,85
AAPL_FEB_CTRL_XNAS_ITCH_mbp1.dbn.zst,AAPL_FEB_CTRL,XNAS.ITCH,AAPL,RECEIVE,3300,3350,24
AAPL_FEB_CTRL_XNAS_ITCH_mbp1.dbn.zst,AAPL_FEB_CTRL,XNAS.ITCH,AAPL,RECEIVE,3350,3400,32
AAPL_FEB_CTRL_XNAS_ITCH_mbp1.dbn.zst,AAPL_FEB_CTRL,XNAS.ITCH,AAPL,RECEIVE,3400,3450,36
AAPL_FEB_CTRL_XNAS_ITCH_mbp1.dbn.zst,AAPL_FEB_CTRL,XNAS.ITCH,AAPL,RECEIVE,3450,3500,19
AAPL_FEB_CTRL_XNAS_ITCH_mbp1.dbn.zst,AAPL_FEB_CTRL,XNAS.ITCH,AAPL,RECEIVE,3500,3550,21
AAPL_FEB_CTRL_XNAS_ITCH_mbp1.dbn.zst,AAPL_FEB_CTRL,XNAS.ITCH,AAPL,RECEIVE,3550,3600,13
AAPL_FEB_CTRL_XNAS_ITCH_mbp1.dbn.zst,AAPL_FEB_CTRL,XNAS.ITCH,AAPL,RECEIVE,3600,3650,21
AAPL_FEB_CTRL_XNAS_ITCH_mbp1.dbn.zst,AAPL_FEB_CTRL,XNAS.ITCH,AAPL,RECEIVE,3650,3700,17
AAPL_FEB_CTRL_XNAS_ITCH_mbp1.dbn.zst,AAPL_FEB_CTRL,XNAS.ITCH,AAPL,RECEIVE,3700,3750,26
AAPL_FEB_CTRL_XNAS_ITCH_mbp1.dbn.zst,AAPL_FEB_CTRL,XNAS.ITCH,AAPL,RECEIVE,3750,3800,33
AAPL_FEB_CTRL_XNAS_ITCH_mbp1.dbn.zst,AAPL_FEB_CTRL,XNAS.ITCH,AAPL,RECEIVE,3800,3850,15
AAPL_FEB_CTRL_XNAS_ITCH_mbp1.dbn.zst,AAPL_FEB_CTRL,XNAS.ITCH,AAPL,RECEIVE,3850,3900,11
AAPL_FEB_CTRL_XNAS_ITCH_mbp1.dbn.zst,AAPL_FEB_CTRL,XNAS.ITCH,AAPL,RECEIVE,3900,3950,16
AAPL_FEB_CTRL_XNAS_ITCH_mbp1.dbn.zst,AAPL_FEB_CTRL,XNAS.ITCH,AAPL,RECEIVE,3950,4000,37
AAPL_FEB_CTRL_XNAS_ITCH_mbp1.dbn.zst,AAPL_FEB_CTRL,XNAS.ITCH,AAPL,RECEIVE,4000,4050,44
AAPL_FEB_CTRL_XNAS_ITCH_mbp1.dbn.zst,AAPL_FEB_CTRL,XNAS.ITCH,AAPL,RECEIVE,4050,4100,44
AAPL_FEB_CTRL_XNAS_ITCH_mbp1.dbn.zst,AAPL_FEB_CTRL,XNAS.ITCH,AAPL,RECEIVE,4100,4150,54
AAPL_FEB_CTRL_XNAS_ITCH_mbp1.dbn.zst,AAPL_FEB_CTRL,XNAS.ITCH,AAPL,RECEIVE,4150,4200,41
AAPL_FEB_CTRL_XNAS_ITCH_mbp1.dbn.zst,AAPL_FEB_CTRL,XNAS.ITCH,AAPL,RECEIVE,4200,4250,53
AAPL_FEB_CTRL_XNAS_ITCH_mbp1.dbn.zst,AAPL_FEB_CTRL,XNAS.ITCH,AAPL,RECEIVE,4250,4300,61
AAPL_FEB_CTRL_XNAS_ITCH_mbp1.dbn.zst,AAPL_FEB_CTRL,XNAS.ITCH,AAPL,RECEIVE,4300,4350,11
AAPL_FEB_CTRL_XNAS_ITCH_mbp1.dbn.zst,AAPL_FEB_CTRL,XNAS.ITCH,AAPL,RECEIVE,4350,4400,14
AAPL_FEB_CTRL_XNAS_ITCH_mbp1.dbn.zst,AAPL_FEB_CTRL,XNAS.ITCH,AAPL,RECEIVE,4400,4450,6
AAPL_FEB_CTRL_XNAS_ITCH_mbp1.dbn.zst,AAPL_FEB_CTRL,XNAS.ITCH,AAPL,RECEIVE,4450,4500,15
AAPL_FEB_CTRL_XNAS_ITCH_mbp1.dbn.zst,AAPL_FEB_CTRL,XNAS.ITCH,AAPL,RECEIVE,4500,4550,28
AAPL_FEB_CTRL_XNAS_ITCH_mbp1.dbn.zst,AAPL_FEB_CTRL,XNAS.ITCH,AAPL,RECEIVE,4550,4600,37
AAPL_FEB_CTRL_XNAS_ITCH_mbp1.dbn.zst,AAPL_FEB_CTRL,XNAS.ITCH,AAPL,RECEIVE,4600,4650,24
AAPL_FEB_CTRL_XNAS_ITCH_mbp1.dbn.zst,AAPL_FEB_CTRL,XNAS.ITCH,AAPL,RECEIVE,4650,4700,45
AAPL_FEB_CTRL_XNAS_ITCH_mbp1.dbn.zst,AAPL_FEB_CTRL,XNAS.ITCH,AAPL,RECEIVE,4700,4750,32
AAPL_FEB_CTRL_XNAS_ITCH_mbp1.dbn.zst,AAPL_FEB_CTRL,XNAS.ITCH,AAPL,RECEIVE,4750,4800,43
AAPL_FEB_CTRL_XNAS_ITCH_mbp1.dbn.zst,AAPL_FEB_CTRL,XNAS.ITCH,AAPL,RECEIVE,4800,4850,37
AAPL_FEB_CTRL_XNAS_ITCH_mbp1.dbn.zst,AAPL_FEB_CTRL,XNAS.ITCH,AAPL,RECEIVE,4850,4900,48
AAPL_FEB_CTRL_XNAS_ITCH_mbp1.dbn.zst,AAPL_FEB_CTRL,XNAS.ITCH,AAPL,RECEIVE,4900,4950,15
AAPL_FEB_CTRL_XNAS_ITCH_mbp1.dbn.zst,AAPL_FEB_CTRL,XNAS.ITCH,AAPL,RECEIVE,4950,5000,32
AAPL_FEB_RTH_ARCX_PILLAR_mbp1.dbn.zst,AAPL_FEB_RTH,ARCX.PILLAR,AAPL,EVENT,-5000,-4950,61
AAPL_FEB_RTH_ARCX_PILLAR_mbp1.dbn.zst,AAPL_FEB_RTH,ARCX.PILLAR,AAPL,EVENT,-4950,-4900,98
AAPL_FEB_RTH_ARCX_PILLAR_mbp1.dbn.zst,AAPL_FEB_RTH,ARCX.PILLAR,AAPL,EVENT,-4900,-4850,86
AAPL_FEB_RTH_ARCX_PILLAR_mbp1.dbn.zst,AAPL_FEB_RTH,ARCX.PILLAR,AAPL,EVENT,-4850,-4800,110
AAPL_FEB_RTH_ARCX_PILLAR_mbp1.dbn.zst,AAPL_FEB_RTH,ARCX.PILLAR,AAPL,EVENT,-4800,-4750,109
AAPL_FEB_RTH_ARCX_PILLAR_mbp1.dbn.zst,AAPL_FEB_RTH,ARCX.PILLAR,AAPL,EVENT,-4750,-4700,58
AAPL_FEB_RTH_ARCX_PILLAR_mbp1.dbn.zst,AAPL_FEB_RTH,ARCX.PILLAR,AAPL,EVENT,-4700,-4650,84
AAPL_FEB_RTH_ARCX_PILLAR_mbp1.dbn.zst,AAPL_FEB_RTH,ARCX.PILLAR,AAPL,EVENT,-4650,-4600,133
AAPL_FEB_RTH_ARCX_PILLAR_mbp1.dbn.zst,AAPL_FEB_RTH,ARCX.PILLAR,AAPL,EVENT,-4600,-4550,85
AAPL_FEB_RTH_ARCX_PILLAR_mbp1.dbn.zst,AAPL_FEB_RTH,ARCX.PILLAR,AAPL,EVENT,-4550,-4500,116
AAPL_FEB_RTH_ARCX_PILLAR_mbp1.dbn.zst,AAPL_FEB_RTH,ARCX.PILLAR,AAPL,EVENT,-4500,-4450,113
AAPL_FEB_RTH_ARCX_PILLAR_mbp1.dbn.zst,AAPL_FEB_RTH,ARCX.PILLAR,AAPL,EVENT,-4450,-4400,78
AAPL_FEB_RTH_ARCX_PILLAR_mbp1.dbn.zst,AAPL_FEB_RTH,ARCX.PILLAR,AAPL,EVENT,-4400,-4350,94
AAPL_FEB_RTH_ARCX_PILLAR_mbp1.dbn.zst,AAPL_FEB_RTH,ARCX.PILLAR,AAPL,EVENT,-4350,-4300,84
AAPL_FEB_RTH_ARCX_PILLAR_mbp1.dbn.zst,AAPL_FEB_RTH,ARCX.PILLAR,AAPL,EVENT,-4300,-4250,74
AAPL_FEB_RTH_ARCX_PILLAR_mbp1.dbn.zst,AAPL_FEB_RTH,ARCX.PILLAR,AAPL,EVENT,-4250,-4200,176
AAPL_FEB_RTH_ARCX_PILLAR_mbp1.dbn.zst,AAPL_FEB_RTH,ARCX.PILLAR,AAPL,EVENT,-4200,-4150,144
AAPL_FEB_RTH_ARCX_PILLAR_mbp1.dbn.zst,AAPL_FEB_RTH,ARCX.PILLAR,AAPL,EVENT,-4150,-4100,72
AAPL_FEB_RTH_ARCX_PILLAR_mbp1.dbn.zst,AAPL_FEB_RTH,ARCX.PILLAR,AAPL,EVENT,-4100,-4050,83
AAPL_FEB_RTH_ARCX_PILLAR_mbp1.dbn.zst,AAPL_FEB_RTH,ARCX.PILLAR,AAPL,EVENT,-4050,-4000,123
AAPL_FEB_RTH_ARCX_PILLAR_mbp1.dbn.zst,AAPL_FEB_RTH,ARCX.PILLAR,AAPL,EVENT,-4000,-3950,135
AAPL_FEB_RTH_ARCX_PILLAR_mbp1.dbn.zst,AAPL_FEB_RTH,ARCX.PILLAR,AAPL,EVENT,-3950,-3900,116
AAPL_FEB_RTH_ARCX_PILLAR_mbp1.dbn.zst,AAPL_FEB_RTH,ARCX.PILLAR,AAPL,EVENT,-3900,-3850,95
AAPL_FEB_RTH_ARCX_PILLAR_mbp1.dbn.zst,AAPL_FEB_RTH,ARCX.PILLAR,AAPL,EVENT,-3850,-3800,110
AAPL_FEB_RTH_ARCX_PILLAR_mbp1.dbn.zst,AAPL_FEB_RTH,ARCX.PILLAR,AAPL,EVENT,-3800,-3750,86
AAPL_FEB_RTH_ARCX_PILLAR_mbp1.dbn.zst,AAPL_FEB_RTH,ARCX.PILLAR,AAPL,EVENT,-3750,-3700,90
AAPL_FEB_RTH_ARCX_PILLAR_mbp1.dbn.zst,AAPL_FEB_RTH,ARCX.PILLAR,AAPL,EVENT,-3700,-3650,138
AAPL_FEB_RTH_ARCX_PILLAR_mbp1.dbn.zst,AAPL_FEB_RTH,ARCX.PILLAR,AAPL,EVENT,-3650,-3600,122
AAPL_FEB_RTH_ARCX_PILLAR_mbp1.dbn.zst,AAPL_FEB_RTH,ARCX.PILLAR,AAPL,EVENT,-3600,-3550,81
AAPL_FEB_RTH_ARCX_PILLAR_mbp1.dbn.zst,AAPL_FEB_RTH,ARCX.PILLAR,AAPL,EVENT,-3550,-3500,108
AAPL_FEB_RTH_ARCX_PILLAR_mbp1.dbn.zst,AAPL_FEB_RTH,ARCX.PILLAR,AAPL,EVENT,-3500,-3450,126
AAPL_FEB_RTH_ARCX_PILLAR_mbp1.dbn.zst,AAPL_FEB_RTH,ARCX.PILLAR,AAPL,EVENT,-3450,-3400,170
AAPL_FEB_RTH_ARCX_PILLAR_mbp1.dbn.zst,AAPL_FEB_RTH,ARCX.PILLAR,AAPL,EVENT,-3400,-3350,179
AAPL_FEB_RTH_ARCX_PILLAR_mbp1.dbn.zst,AAPL_FEB_RTH,ARCX.PILLAR,AAPL,EVENT,-3350,-3300,188
AAPL_FEB_RTH_ARCX_PILLAR_mbp1.dbn.zst,AAPL_FEB_RTH,ARCX.PILLAR,AAPL,EVENT,-3300,-3250,164
AAPL_FEB_RTH_ARCX_PILLAR_mbp1.dbn.zst,AAPL_FEB_RTH,ARCX.PILLAR,AAPL,EVENT,-3250,-3200,221
AAPL_FEB_RTH_ARCX_PILLAR_mbp1.dbn.zst,AAPL_FEB_RTH,ARCX.PILLAR,AAPL,EVENT,-3200,-3150,330
AAPL_FEB_RTH_ARCX_PILLAR_mbp1.dbn.zst,AAPL_FEB_RTH,ARCX.PILLAR,AAPL,EVENT,-3150,-3100,169
AAPL_FEB_RTH_ARCX_PILLAR_mbp1.dbn.zst,AAPL_FEB_RTH,ARCX.PILLAR,AAPL,EVENT,-3100,-3050,266
AAPL_FEB_RTH_ARCX_PILLAR_mbp1.dbn.zst,AAPL_FEB_RTH,ARCX.PILLAR,AAPL,EVENT,-3050,-3000,350
AAPL_FEB_RTH_ARCX_PILLAR_mbp1.dbn.zst,AAPL_FEB_RTH,ARCX.PILLAR,AAPL,EVENT,-3000,-2950,155
AAPL_FEB_RTH_ARCX_PILLAR_mbp1.dbn.zst,AAPL_FEB_RTH,ARCX.PILLAR,AAPL,EVENT,-2950,-2900,208
AAPL_FEB_RTH_ARCX_PILLAR_mbp1.dbn.zst,AAPL_FEB_RTH,ARCX.PILLAR,AAPL,EVENT,-2900,-2850,196
AAPL_FEB_RTH_ARCX_PILLAR_mbp1.dbn.zst,AAPL_FEB_RTH,ARCX.PILLAR,AAPL,EVENT,-2850,-2800,168
AAPL_FEB_RTH_ARCX_PILLAR_mbp1.dbn.zst,AAPL_FEB_RTH,ARCX.PILLAR,AAPL,EVENT,-2800,-2750,97
AAPL_FEB_RTH_ARCX_PILLAR_mbp1.dbn.zst,AAPL_FEB_RTH,ARCX.PILLAR,AAPL,EVENT,-2750,-2700,138
AAPL_FEB_RTH_ARCX_PILLAR_mbp1.dbn.zst,AAPL_FEB_RTH,ARCX.PILLAR,AAPL,EVENT,-2700,-2650,143
AAPL_FEB_RTH_ARCX_PILLAR_mbp1.dbn.zst,AAPL_FEB_RTH,ARCX.PILLAR,AAPL,EVENT,-2650,-2600,95
AAPL_FEB_RTH_ARCX_PILLAR_mbp1.dbn.zst,AAPL_FEB_RTH,ARCX.PILLAR,AAPL,EVENT,-2600,-2550,89
AAPL_FEB_RTH_ARCX_PILLAR_mbp1.dbn.zst,AAPL_FEB_RTH,ARCX.PILLAR,AAPL,EVENT,-2550,-2500,107
AAPL_FEB_RTH_ARCX_PILLAR_mbp1.dbn.zst,AAPL_FEB_RTH,ARCX.PILLAR,AAPL,EVENT,-2500,-2450,240
AAPL_FEB_RTH_ARCX_PILLAR_mbp1.dbn.zst,AAPL_FEB_RTH,ARCX.PILLAR,AAPL,EVENT,-2450,-2400,219
AAPL_FEB_RTH_ARCX_PILLAR_mbp1.dbn.zst,AAPL_FEB_RTH,ARCX.PILLAR,AAPL,EVENT,-2400,-2350,122
AAPL_FEB_RTH_ARCX_PILLAR_mbp1.dbn.zst,AAPL_FEB_RTH,ARCX.PILLAR,AAPL,EVENT,-2350,-2300,272
AAPL_FEB_RTH_ARCX_PILLAR_mbp1.dbn.zst,AAPL_FEB_RTH,ARCX.PILLAR,AAPL,EVENT,-2300,-2250,179
AAPL_FEB_RTH_ARCX_PILLAR_mbp1.dbn.zst,AAPL_FEB_RTH,ARCX.PILLAR,AAPL,EVENT,-2250,-2200,228
AAPL_FEB_RTH_ARCX_PILLAR_mbp1.dbn.zst,AAPL_FEB_RTH,ARCX.PILLAR,AAPL,EVENT,-2200,-2150,247
AAPL_FEB_RTH_ARCX_PILLAR_mbp1.dbn.zst,AAPL_FEB_RTH,ARCX.PILLAR,AAPL,EVENT,-2150,-2100,129
AAPL_FEB_RTH_ARCX_PILLAR_mbp1.dbn.zst,AAPL_FEB_RTH,ARCX.PILLAR,AAPL,EVENT,-2100,-2050,147
AAPL_FEB_RTH_ARCX_PILLAR_mbp1.dbn.zst,AAPL_FEB_RTH,ARCX.PILLAR,AAPL,EVENT,-2050,-2000,110
AAPL_FEB_RTH_ARCX_PILLAR_mbp1.dbn.zst,AAPL_FEB_RTH,ARCX.PILLAR,AAPL,EVENT,-2000,-1950,184
AAPL_FEB_RTH_ARCX_PILLAR_mbp1.dbn.zst,AAPL_FEB_RTH,ARCX.PILLAR,AAPL,EVENT,-1950,-1900,118
AAPL_FEB_RTH_ARCX_PILLAR_mbp1.dbn.zst,AAPL_FEB_RTH,ARCX.PILLAR,AAPL,EVENT,-1900,-1850,190
AAPL_FEB_RTH_ARCX_PILLAR_mbp1.dbn.zst,AAPL_FEB_RTH,ARCX.PILLAR,AAPL,EVENT,-1850,-1800,130
AAPL_FEB_RTH_ARCX_PILLAR_mbp1.dbn.zst,AAPL_FEB_RTH,ARCX.PILLAR,AAPL,EVENT,-1800,-1750,64
AAPL_FEB_RTH_ARCX_PILLAR_mbp1.dbn.zst,AAPL_FEB_RTH,ARCX.PILLAR,AAPL,EVENT,-1750,-1700,177
AAPL_FEB_RTH_ARCX_PILLAR_mbp1.dbn.zst,AAPL_FEB_RTH,ARCX.PILLAR,AAPL,EVENT,-1700,-1650,130
AAPL_FEB_RTH_ARCX_PILLAR_mbp1.dbn.zst,AAPL_FEB_RTH,ARCX.PILLAR,AAPL,EVENT,-1650,-1600,148
AAPL_FEB_RTH_ARCX_PILLAR_mbp1.dbn.zst,AAPL_FEB_RTH,ARCX.PILLAR,AAPL,EVENT,-1600,-1550,235
AAPL_FEB_RTH_ARCX_PILLAR_mbp1.dbn.zst,AAPL_FEB_RTH,ARCX.PILLAR,AAPL,EVENT,-1550,-1500,317
AAPL_FEB_RTH_ARCX_PILLAR_mbp1.dbn.zst,AAPL_FEB_RTH,ARCX.PILLAR,AAPL,EVENT,-1500,-1450,191
AAPL_FEB_RTH_ARCX_PILLAR_mbp1.dbn.zst,AAPL_FEB_RTH,ARCX.PILLAR,AAPL,EVENT,-1450,-1400,216
AAPL_FEB_RTH_ARCX_PILLAR_mbp1.dbn.zst,AAPL_FEB_RTH,ARCX.PILLAR,AAPL,EVENT,-1400,-1350,295
AAPL_FEB_RTH_ARCX_PILLAR_mbp1.dbn.zst,AAPL_FEB_RTH,ARCX.PILLAR,AAPL,EVENT,-1350,-1300,337
AAPL_FEB_RTH_ARCX_PILLAR_mbp1.dbn.zst,AAPL_FEB_RTH,ARCX.PILLAR,AAPL,EVENT,-1300,-1250,202
AAPL_FEB_RTH_ARCX_PILLAR_mbp1.dbn.zst,AAPL_FEB_RTH,ARCX.PILLAR,AAPL,EVENT,-1250,-1200,198
AAPL_FEB_RTH_ARCX_PILLAR_mbp1.dbn.zst,AAPL_FEB_RTH,ARCX.PILLAR,AAPL,EVENT,-1200,-1150,182
AAPL_FEB_RTH_ARCX_PILLAR_mbp1.dbn.zst,AAPL_FEB_RTH,ARCX.PILLAR,AAPL,EVENT,-1150,-1100,200
AAPL_FEB_RTH_ARCX_PILLAR_mbp1.dbn.zst,AAPL_FEB_RTH,ARCX.PILLAR,AAPL,EVENT,-1100,-1050,192
AAPL_FEB_RTH_ARCX_PILLAR_mbp1.dbn.zst,AAPL_FEB_RTH,ARCX.PILLAR,AAPL,EVENT,-1050,-1000,383
AAPL_FEB_RTH_ARCX_PILLAR_mbp1.dbn.zst,AAPL_FEB_RTH,ARCX.PILLAR,AAPL,EVENT,-1000,-950,345
AAPL_FEB_RTH_ARCX_PILLAR_mbp1.dbn.zst,AAPL_FEB_RTH,ARCX.PILLAR,AAPL,EVENT,-950,-900,237
AAPL_FEB_RTH_ARCX_PILLAR_mbp1.dbn.zst,AAPL_FEB_RTH,ARCX.PILLAR,AAPL,EVENT,-900,-850,245
AAPL_FEB_RTH_ARCX_PILLAR_mbp1.dbn.zst,AAPL_FEB_RTH,ARCX.PILLAR,AAPL,EVENT,-850,-800,301
AAPL_FEB_RTH_ARCX_PILLAR_mbp1.dbn.zst,AAPL_FEB_RTH,ARCX.PILLAR,AAPL,EVENT,-800,-750,219
AAPL_FEB_RTH_ARCX_PILLAR_mbp1.dbn.zst,AAPL_FEB_RTH,ARCX.PILLAR,AAPL,EVENT,-750,-700,315
AAPL_FEB_RTH_ARCX_PILLAR_mbp1.dbn.zst,AAPL_FEB_RTH,ARCX.PILLAR,AAPL,EVENT,-700,-650,367
AAPL_FEB_RTH_ARCX_PILLAR_mbp1.dbn.zst,AAPL_FEB_RTH,ARCX.PILLAR,AAPL,EVENT,-650,-600,331
AAPL_FEB_RTH_ARCX_PILLAR_mbp1.dbn.zst,AAPL_FEB_RTH,ARCX.PILLAR,AAPL,EVENT,-600,-550,439
AAPL_FEB_RTH_ARCX_PILLAR_mbp1.dbn.zst,AAPL_FEB_RTH,ARCX.PILLAR,AAPL,EVENT,-550,-500,484
AAPL_FEB_RTH_ARCX_PILLAR_mbp1.dbn.zst,AAPL_FEB_RTH,ARCX.PILLAR,AAPL,EVENT,-500,-450,667
AAPL_FEB_RTH_ARCX_PILLAR_mbp1.dbn.zst,AAPL_FEB_RTH,ARCX.PILLAR,AAPL,EVENT,-450,-400,387
AAPL_FEB_RTH_ARCX_PILLAR_mbp1.dbn.zst,AAPL_FEB_RTH,ARCX.PILLAR,AAPL,EVENT,-400,-350,309
AAPL_FEB_RTH_ARCX_PILLAR_mbp1.dbn.zst,AAPL_FEB_RTH,ARCX.PILLAR,AAPL,EVENT,-350,-300,384
AAPL_FEB_RTH_ARCX_PILLAR_mbp1.dbn.zst,AAPL_FEB_RTH,ARCX.PILLAR,AAPL,EVENT,-300,-250,461
AAPL_FEB_RTH_ARCX_PILLAR_mbp1.dbn.zst,AAPL_FEB_RTH,ARCX.PILLAR,AAPL,EVENT,-250,-200,664
AAPL_FEB_RTH_ARCX_PILLAR_mbp1.dbn.zst,AAPL_FEB_RTH,ARCX.PILLAR,AAPL,EVENT,-200,-150,709
AAPL_FEB_RTH_ARCX_PILLAR_mbp1.dbn.zst,AAPL_FEB_RTH,ARCX.PILLAR,AAPL,EVENT,-150,-100,778
AAPL_FEB_RTH_ARCX_PILLAR_mbp1.dbn.zst,AAPL_FEB_RTH,ARCX.PILLAR,AAPL,EVENT,-100,-50,1242
AAPL_FEB_RTH_ARCX_PILLAR_mbp1.dbn.zst,AAPL_FEB_RTH,ARCX.PILLAR,AAPL,EVENT,-50,0,1033
AAPL_FEB_RTH_ARCX_PILLAR_mbp1.dbn.zst,AAPL_FEB_RTH,ARCX.PILLAR,AAPL,EVENT,0,50,845
AAPL_FEB_RTH_ARCX_PILLAR_mbp1.dbn.zst,AAPL_FEB_RTH,ARCX.PILLAR,AAPL,EVENT,50,100,777
AAPL_FEB_RTH_ARCX_PILLAR_mbp1.dbn.zst,AAPL_FEB_RTH,ARCX.PILLAR,AAPL,EVENT,100,150,717
AAPL_FEB_RTH_ARCX_PILLAR_mbp1.dbn.zst,AAPL_FEB_RTH,ARCX.PILLAR,AAPL,EVENT,150,200,596
AAPL_FEB_RTH_ARCX_PILLAR_mbp1.dbn.zst,AAPL_FEB_RTH,ARCX.PILLAR,AAPL,EVENT,200,250,468
AAPL_FEB_RTH_ARCX_PILLAR_mbp1.dbn.zst,AAPL_FEB_RTH,ARCX.PILLAR,AAPL,EVENT,250,300,877
AAPL_FEB_RTH_ARCX_PILLAR_mbp1.dbn.zst,AAPL_FEB_RTH,ARCX.PILLAR,AAPL,EVENT,300,350,488
AAPL_FEB_RTH_ARCX_PILLAR_mbp1.dbn.zst,AAPL_FEB_RTH,ARCX.PILLAR,AAPL,EVENT,350,400,464
AAPL_FEB_RTH_ARCX_PILLAR_mbp1.dbn.zst,AAPL_FEB_RTH,ARCX.PILLAR,AAPL,EVENT,400,450,243
AAPL_FEB_RTH_ARCX_PILLAR_mbp1.dbn.zst,AAPL_FEB_RTH,ARCX.PILLAR,AAPL,EVENT,450,500,270
AAPL_FEB_RTH_ARCX_PILLAR_mbp1.dbn.zst,AAPL_FEB_RTH,ARCX.PILLAR,AAPL,EVENT,500,550,218
AAPL_FEB_RTH_ARCX_PILLAR_mbp1.dbn.zst,AAPL_FEB_RTH,ARCX.PILLAR,AAPL,EVENT,550,600,212
AAPL_FEB_RTH_ARCX_PILLAR_mbp1.dbn.zst,AAPL_FEB_RTH,ARCX.PILLAR,AAPL,EVENT,600,650,362
AAPL_FEB_RTH_ARCX_PILLAR_mbp1.dbn.zst,AAPL_FEB_RTH,ARCX.PILLAR,AAPL,EVENT,650,700,259
AAPL_FEB_RTH_ARCX_PILLAR_mbp1.dbn.zst,AAPL_FEB_RTH,ARCX.PILLAR,AAPL,EVENT,700,750,240
AAPL_FEB_RTH_ARCX_PILLAR_mbp1.dbn.zst,AAPL_FEB_RTH,ARCX.PILLAR,AAPL,EVENT,750,800,238
AAPL_FEB_RTH_ARCX_PILLAR_mbp1.dbn.zst,AAPL_FEB_RTH,ARCX.PILLAR,AAPL,EVENT,800,850,213
AAPL_FEB_RTH_ARCX_PILLAR_mbp1.dbn.zst,AAPL_FEB_RTH,ARCX.PILLAR,AAPL,EVENT,850,900,191
AAPL_FEB_RTH_ARCX_PILLAR_mbp1.dbn.zst,AAPL_FEB_RTH,ARCX.PILLAR,AAPL,EVENT,900,950,172
AAPL_FEB_RTH_ARCX_PILLAR_mbp1.dbn.zst,AAPL_FEB_RTH,ARCX.PILLAR,AAPL,EVENT,950,1000,167
AAPL_FEB_RTH_ARCX_PILLAR_mbp1.dbn.zst,AAPL_FEB_RTH,ARCX.PILLAR,AAPL,EVENT,1000,1050,213
AAPL_FEB_RTH_ARCX_PILLAR_mbp1.dbn.zst,AAPL_FEB_RTH,ARCX.PILLAR,AAPL,EVENT,1050,1100,194
AAPL_FEB_RTH_ARCX_PILLAR_mbp1.dbn.zst,AAPL_FEB_RTH,ARCX.PILLAR,AAPL,EVENT,1100,1150,136
AAPL_FEB_RTH_ARCX_PILLAR_mbp1.dbn.zst,AAPL_FEB_RTH,ARCX.PILLAR,AAPL,EVENT,1150,1200,193
AAPL_FEB_RTH_ARCX_PILLAR_mbp1.dbn.zst,AAPL_FEB_RTH,ARCX.PILLAR,AAPL,EVENT,1200,1250,156
AAPL_FEB_RTH_ARCX_PILLAR_mbp1.dbn.zst,AAPL_FEB_RTH,ARCX.PILLAR,AAPL,EVENT,1250,1300,211
AAPL_FEB_RTH_ARCX_PILLAR_mbp1.dbn.zst,AAPL_FEB_RTH,ARCX.PILLAR,AAPL,EVENT,1300,1350,121
AAPL_FEB_RTH_ARCX_PILLAR_mbp1.dbn.zst,AAPL_FEB_RTH,ARCX.PILLAR,AAPL,EVENT,1350,1400,162
AAPL_FEB_RTH_ARCX_PILLAR_mbp1.dbn.zst,AAPL_FEB_RTH,ARCX.PILLAR,AAPL,EVENT,1400,1450,165
AAPL_FEB_RTH_ARCX_PILLAR_mbp1.dbn.zst,AAPL_FEB_RTH,ARCX.PILLAR,AAPL,EVENT,1450,1500,117
AAPL_FEB_RTH_ARCX_PILLAR_mbp1.dbn.zst,AAPL_FEB_RTH,ARCX.PILLAR,AAPL,EVENT,1500,1550,122
AAPL_FEB_RTH_ARCX_PILLAR_mbp1.dbn.zst,AAPL_FEB_RTH,ARCX.PILLAR,AAPL,EVENT,1550,1600,137
AAPL_FEB_RTH_ARCX_PILLAR_mbp1.dbn.zst,AAPL_FEB_RTH,ARCX.PILLAR,AAPL,EVENT,1600,1650,149
AAPL_FEB_RTH_ARCX_PILLAR_mbp1.dbn.zst,AAPL_FEB_RTH,ARCX.PILLAR,AAPL,EVENT,1650,1700,117
AAPL_FEB_RTH_ARCX_PILLAR_mbp1.dbn.zst,AAPL_FEB_RTH,ARCX.PILLAR,AAPL,EVENT,1700,1750,172
AAPL_FEB_RTH_ARCX_PILLAR_mbp1.dbn.zst,AAPL_FEB_RTH,ARCX.PILLAR,AAPL,EVENT,1750,1800,135
AAPL_FEB_RTH_ARCX_PILLAR_mbp1.dbn.zst,AAPL_FEB_RTH,ARCX.PILLAR,AAPL,EVENT,1800,1850,152
AAPL_FEB_RTH_ARCX_PILLAR_mbp1.dbn.zst,AAPL_FEB_RTH,ARCX.PILLAR,AAPL,EVENT,1850,1900,166
AAPL_FEB_RTH_ARCX_PILLAR_mbp1.dbn.zst,AAPL_FEB_RTH,ARCX.PILLAR,AAPL,EVENT,1900,1950,189
AAPL_FEB_RTH_ARCX_PILLAR_mbp1.dbn.zst,AAPL_FEB_RTH,ARCX.PILLAR,AAPL,EVENT,1950,2000,159
AAPL_FEB_RTH_ARCX_PILLAR_mbp1.dbn.zst,AAPL_FEB_RTH,ARCX.PILLAR,AAPL,EVENT,2000,2050,157
AAPL_FEB_RTH_ARCX_PILLAR_mbp1.dbn.zst,AAPL_FEB_RTH,ARCX.PILLAR,AAPL,EVENT,2050,2100,105
AAPL_FEB_RTH_ARCX_PILLAR_mbp1.dbn.zst,AAPL_FEB_RTH,ARCX.PILLAR,AAPL,EVENT,2100,2150,228
AAPL_FEB_RTH_ARCX_PILLAR_mbp1.dbn.zst,AAPL_FEB_RTH,ARCX.PILLAR,AAPL,EVENT,2150,2200,90
AAPL_FEB_RTH_ARCX_PILLAR_mbp1.dbn.zst,AAPL_FEB_RTH,ARCX.PILLAR,AAPL,EVENT,2200,2250,106
AAPL_FEB_RTH_ARCX_PILLAR_mbp1.dbn.zst,AAPL_FEB_RTH,ARCX.PILLAR,AAPL,EVENT,2250,2300,98
AAPL_FEB_RTH_ARCX_PILLAR_mbp1.dbn.zst,AAPL_FEB_RTH,ARCX.PILLAR,AAPL,EVENT,2300,2350,76
AAPL_FEB_RTH_ARCX_PILLAR_mbp1.dbn.zst,AAPL_FEB_RTH,ARCX.PILLAR,AAPL,EVENT,2350,2400,111
AAPL_FEB_RTH_ARCX_PILLAR_mbp1.dbn.zst,AAPL_FEB_RTH,ARCX.PILLAR,AAPL,EVENT,2400,2450,155
AAPL_FEB_RTH_ARCX_PILLAR_mbp1.dbn.zst,AAPL_FEB_RTH,ARCX.PILLAR,AAPL,EVENT,2450,2500,132
AAPL_FEB_RTH_ARCX_PILLAR_mbp1.dbn.zst,AAPL_FEB_RTH,ARCX.PILLAR,AAPL,EVENT,2500,2550,114
AAPL_FEB_RTH_ARCX_PILLAR_mbp1.dbn.zst,AAPL_FEB_RTH,ARCX.PILLAR,AAPL,EVENT,2550,2600,127
AAPL_FEB_RTH_ARCX_PILLAR_mbp1.dbn.zst,AAPL_FEB_RTH,ARCX.PILLAR,AAPL,EVENT,2600,2650,133
AAPL_FEB_RTH_ARCX_PILLAR_mbp1.dbn.zst,AAPL_FEB_RTH,ARCX.PILLAR,AAPL,EVENT,2650,2700,138
AAPL_FEB_RTH_ARCX_PILLAR_mbp1.dbn.zst,AAPL_FEB_RTH,ARCX.PILLAR,AAPL,EVENT,2700,2750,114
AAPL_FEB_RTH_ARCX_PILLAR_mbp1.dbn.zst,AAPL_FEB_RTH,ARCX.PILLAR,AAPL,EVENT,2750,2800,159
AAPL_FEB_RTH_ARCX_PILLAR_mbp1.dbn.zst,AAPL_FEB_RTH,ARCX.PILLAR,AAPL,EVENT,2800,2850,251
AAPL_FEB_RTH_ARCX_PILLAR_mbp1.dbn.zst,AAPL_FEB_RTH,ARCX.PILLAR,AAPL,EVENT,2850,2900,81
AAPL_FEB_RTH_ARCX_PILLAR_mbp1.dbn.zst,AAPL_FEB_RTH,ARCX.PILLAR,AAPL,EVENT,2900,2950,174
AAPL_FEB_RTH_ARCX_PILLAR_mbp1.dbn.zst,AAPL_FEB_RTH,ARCX.PILLAR,AAPL,EVENT,2950,3000,96
AAPL_FEB_RTH_ARCX_PILLAR_mbp1.dbn.zst,AAPL_FEB_RTH,ARCX.PILLAR,AAPL,EVENT,3000,3050,127
AAPL_FEB_RTH_ARCX_PILLAR_mbp1.dbn.zst,AAPL_FEB_RTH,ARCX.PILLAR,AAPL,EVENT,3050,3100,150
AAPL_FEB_RTH_ARCX_PILLAR_mbp1.dbn.zst,AAPL_FEB_RTH,ARCX.PILLAR,AAPL,EVENT,3100,3150,137
AAPL_FEB_RTH_ARCX_PILLAR_mbp1.dbn.zst,AAPL_FEB_RTH,ARCX.PILLAR,AAPL,EVENT,3150,3200,103
AAPL_FEB_RTH_ARCX_PILLAR_mbp1.dbn.zst,AAPL_FEB_RTH,ARCX.PILLAR,AAPL,EVENT,3200,3250,171
AAPL_FEB_RTH_ARCX_PILLAR_mbp1.dbn.zst,AAPL_FEB_RTH,ARCX.PILLAR,AAPL,EVENT,3250,3300,183
AAPL_FEB_RTH_ARCX_PILLAR_mbp1.dbn.zst,AAPL_FEB_RTH,ARCX.PILLAR,AAPL,EVENT,3300,3350,177
AAPL_FEB_RTH_ARCX_PILLAR_mbp1.dbn.zst,AAPL_FEB_RTH,ARCX.PILLAR,AAPL,EVENT,3350,3400,147
AAPL_FEB_RTH_ARCX_PILLAR_mbp1.dbn.zst,AAPL_FEB_RTH,ARCX.PILLAR,AAPL,EVENT,3400,3450,192
AAPL_FEB_RTH_ARCX_PILLAR_mbp1.dbn.zst,AAPL_FEB_RTH,ARCX.PILLAR,AAPL,EVENT,3450,3500,147
AAPL_FEB_RTH_ARCX_PILLAR_mbp1.dbn.zst,AAPL_FEB_RTH,ARCX.PILLAR,AAPL,EVENT,3500,3550,131
AAPL_FEB_RTH_ARCX_PILLAR_mbp1.dbn.zst,AAPL_FEB_RTH,ARCX.PILLAR,AAPL,EVENT,3550,3600,143
AAPL_FEB_RTH_ARCX_PILLAR_mbp1.dbn.zst,AAPL_FEB_RTH,ARCX.PILLAR,AAPL,EVENT,3600,3650,113
AAPL_FEB_RTH_ARCX_PILLAR_mbp1.dbn.zst,AAPL_FEB_RTH,ARCX.PILLAR,AAPL,EVENT,3650,3700,100
AAPL_FEB_RTH_ARCX_PILLAR_mbp1.dbn.zst,AAPL_FEB_RTH,ARCX.PILLAR,AAPL,EVENT,3700,3750,145
AAPL_FEB_RTH_ARCX_PILLAR_mbp1.dbn.zst,AAPL_FEB_RTH,ARCX.PILLAR,AAPL,EVENT,3750,3800,100
AAPL_FEB_RTH_ARCX_PILLAR_mbp1.dbn.zst,AAPL_FEB_RTH,ARCX.PILLAR,AAPL,EVENT,3800,3850,114
AAPL_FEB_RTH_ARCX_PILLAR_mbp1.dbn.zst,AAPL_FEB_RTH,ARCX.PILLAR,AAPL,EVENT,3850,3900,121
AAPL_FEB_RTH_ARCX_PILLAR_mbp1.dbn.zst,AAPL_FEB_RTH,ARCX.PILLAR,AAPL,EVENT,3900,3950,123
AAPL_FEB_RTH_ARCX_PILLAR_mbp1.dbn.zst,AAPL_FEB_RTH,ARCX.PILLAR,AAPL,EVENT,3950,4000,192
AAPL_FEB_RTH_ARCX_PILLAR_mbp1.dbn.zst,AAPL_FEB_RTH,ARCX.PILLAR,AAPL,EVENT,4000,4050,46
AAPL_FEB_RTH_ARCX_PILLAR_mbp1.dbn.zst,AAPL_FEB_RTH,ARCX.PILLAR,AAPL,EVENT,4050,4100,68
AAPL_FEB_RTH_ARCX_PILLAR_mbp1.dbn.zst,AAPL_FEB_RTH,ARCX.PILLAR,AAPL,EVENT,4100,4150,134
AAPL_FEB_RTH_ARCX_PILLAR_mbp1.dbn.zst,AAPL_FEB_RTH,ARCX.PILLAR,AAPL,EVENT,4150,4200,140
AAPL_FEB_RTH_ARCX_PILLAR_mbp1.dbn.zst,AAPL_FEB_RTH,ARCX.PILLAR,AAPL,EVENT,4200,4250,122
AAPL_FEB_RTH_ARCX_PILLAR_mbp1.dbn.zst,AAPL_FEB_RTH,ARCX.PILLAR,AAPL,EVENT,4250,4300,120
AAPL_FEB_RTH_ARCX_PILLAR_mbp1.dbn.zst,AAPL_FEB_RTH,ARCX.PILLAR,AAPL,EVENT,4300,4350,144
AAPL_FEB_RTH_ARCX_PILLAR_mbp1.dbn.zst,AAPL_FEB_RTH,ARCX.PILLAR,AAPL,EVENT,4350,4400,151
AAPL_FEB_RTH_ARCX_PILLAR_mbp1.dbn.zst,AAPL_FEB_RTH,ARCX.PILLAR,AAPL,EVENT,4400,4450,118
AAPL_FEB_RTH_ARCX_PILLAR_mbp1.dbn.zst,AAPL_FEB_RTH,ARCX.PILLAR,AAPL,EVENT,4450,4500,93
AAPL_FEB_RTH_ARCX_PILLAR_mbp1.dbn.zst,AAPL_FEB_RTH,ARCX.PILLAR,AAPL,EVENT,4500,4550,153
AAPL_FEB_RTH_ARCX_PILLAR_mbp1.dbn.zst,AAPL_FEB_RTH,ARCX.PILLAR,AAPL,EVENT,4550,4600,65
AAPL_FEB_RTH_ARCX_PILLAR_mbp1.dbn.zst,AAPL_FEB_RTH,ARCX.PILLAR,AAPL,EVENT,4600,4650,83
AAPL_FEB_RTH_ARCX_PILLAR_mbp1.dbn.zst,AAPL_FEB_RTH,ARCX.PILLAR,AAPL,EVENT,4650,4700,75
AAPL_FEB_RTH_ARCX_PILLAR_mbp1.dbn.zst,AAPL_FEB_RTH,ARCX.PILLAR,AAPL,EVENT,4700,4750,117
AAPL_FEB_RTH_ARCX_PILLAR_mbp1.dbn.zst,AAPL_FEB_RTH,ARCX.PILLAR,AAPL,EVENT,4750,4800,88
AAPL_FEB_RTH_ARCX_PILLAR_mbp1.dbn.zst,AAPL_FEB_RTH,ARCX.PILLAR,AAPL,EVENT,4800,4850,126
AAPL_FEB_RTH_ARCX_PILLAR_mbp1.dbn.zst,AAPL_FEB_RTH,ARCX.PILLAR,AAPL,EVENT,4850,4900,71
AAPL_FEB_RTH_ARCX_PILLAR_mbp1.dbn.zst,AAPL_FEB_RTH,ARCX.PILLAR,AAPL,EVENT,4900,4950,101
AAPL_FEB_RTH_ARCX_PILLAR_mbp1.dbn.zst,AAPL_FEB_RTH,ARCX.PILLAR,AAPL,EVENT,4950,5000,150
AAPL_FEB_RTH_ARCX_PILLAR_mbp1.dbn.zst,AAPL_FEB_RTH,ARCX.PILLAR,AAPL,RECEIVE,-5000,-4950,74
AAPL_FEB_RTH_ARCX_PILLAR_mbp1.dbn.zst,AAPL_FEB_RTH,ARCX.PILLAR,AAPL,RECEIVE,-4950,-4900,68
AAPL_FEB_RTH_ARCX_PILLAR_mbp1.dbn.zst,AAPL_FEB_RTH,ARCX.PILLAR,AAPL,RECEIVE,-4900,-4850,146
AAPL_FEB_RTH_ARCX_PILLAR_mbp1.dbn.zst,AAPL_FEB_RTH,ARCX.PILLAR,AAPL,RECEIVE,-4850,-4800,89
AAPL_FEB_RTH_ARCX_PILLAR_mbp1.dbn.zst,AAPL_FEB_RTH,ARCX.PILLAR,AAPL,RECEIVE,-4800,-4750,118
AAPL_FEB_RTH_ARCX_PILLAR_mbp1.dbn.zst,AAPL_FEB_RTH,ARCX.PILLAR,AAPL,RECEIVE,-4750,-4700,74
AAPL_FEB_RTH_ARCX_PILLAR_mbp1.dbn.zst,AAPL_FEB_RTH,ARCX.PILLAR,AAPL,RECEIVE,-4700,-4650,122
AAPL_FEB_RTH_ARCX_PILLAR_mbp1.dbn.zst,AAPL_FEB_RTH,ARCX.PILLAR,AAPL,RECEIVE,-4650,-4600,147
AAPL_FEB_RTH_ARCX_PILLAR_mbp1.dbn.zst,AAPL_FEB_RTH,ARCX.PILLAR,AAPL,RECEIVE,-4600,-4550,65
AAPL_FEB_RTH_ARCX_PILLAR_mbp1.dbn.zst,AAPL_FEB_RTH,ARCX.PILLAR,AAPL,RECEIVE,-4550,-4500,102
AAPL_FEB_RTH_ARCX_PILLAR_mbp1.dbn.zst,AAPL_FEB_RTH,ARCX.PILLAR,AAPL,RECEIVE,-4500,-4450,56
AAPL_FEB_RTH_ARCX_PILLAR_mbp1.dbn.zst,AAPL_FEB_RTH,ARCX.PILLAR,AAPL,RECEIVE,-4450,-4400,84
AAPL_FEB_RTH_ARCX_PILLAR_mbp1.dbn.zst,AAPL_FEB_RTH,ARCX.PILLAR,AAPL,RECEIVE,-4400,-4350,98
AAPL_FEB_RTH_ARCX_PILLAR_mbp1.dbn.zst,AAPL_FEB_RTH,ARCX.PILLAR,AAPL,RECEIVE,-4350,-4300,67
AAPL_FEB_RTH_ARCX_PILLAR_mbp1.dbn.zst,AAPL_FEB_RTH,ARCX.PILLAR,AAPL,RECEIVE,-4300,-4250,91
AAPL_FEB_RTH_ARCX_PILLAR_mbp1.dbn.zst,AAPL_FEB_RTH,ARCX.PILLAR,AAPL,RECEIVE,-4250,-4200,147
AAPL_FEB_RTH_ARCX_PILLAR_mbp1.dbn.zst,AAPL_FEB_RTH,ARCX.PILLAR,AAPL,RECEIVE,-4200,-4150,113
AAPL_FEB_RTH_ARCX_PILLAR_mbp1.dbn.zst,AAPL_FEB_RTH,ARCX.PILLAR,AAPL,RECEIVE,-4150,-4100,132
AAPL_FEB_RTH_ARCX_PILLAR_mbp1.dbn.zst,AAPL_FEB_RTH,ARCX.PILLAR,AAPL,RECEIVE,-4100,-4050,103
AAPL_FEB_RTH_ARCX_PILLAR_mbp1.dbn.zst,AAPL_FEB_RTH,ARCX.PILLAR,AAPL,RECEIVE,-4050,-4000,116
AAPL_FEB_RTH_ARCX_PILLAR_mbp1.dbn.zst,AAPL_FEB_RTH,ARCX.PILLAR,AAPL,RECEIVE,-4000,-3950,114
AAPL_FEB_RTH_ARCX_PILLAR_mbp1.dbn.zst,AAPL_FEB_RTH,ARCX.PILLAR,AAPL,RECEIVE,-3950,-3900,100
AAPL_FEB_RTH_ARCX_PILLAR_mbp1.dbn.zst,AAPL_FEB_RTH,ARCX.PILLAR,AAPL,RECEIVE,-3900,-3850,180
AAPL_FEB_RTH_ARCX_PILLAR_mbp1.dbn.zst,AAPL_FEB_RTH,ARCX.PILLAR,AAPL,RECEIVE,-3850,-3800,81
AAPL_FEB_RTH_ARCX_PILLAR_mbp1.dbn.zst,AAPL_FEB_RTH,ARCX.PILLAR,AAPL,RECEIVE,-3800,-3750,89
AAPL_FEB_RTH_ARCX_PILLAR_mbp1.dbn.zst,AAPL_FEB_RTH,ARCX.PILLAR,AAPL,RECEIVE,-3750,-3700,82
AAPL_FEB_RTH_ARCX_PILLAR_mbp1.dbn.zst,AAPL_FEB_RTH,ARCX.PILLAR,AAPL,RECEIVE,-3700,-3650,85
AAPL_FEB_RTH_ARCX_PILLAR_mbp1.dbn.zst,AAPL_FEB_RTH,ARCX.PILLAR,AAPL,RECEIVE,-3650,-3600,103
AAPL_FEB_RTH_ARCX_PILLAR_mbp1.dbn.zst,AAPL_FEB_RTH,ARCX.PILLAR,AAPL,RECEIVE,-3600,-3550,146
AAPL_FEB_RTH_ARCX_PILLAR_mbp1.dbn.zst,AAPL_FEB_RTH,ARCX.PILLAR,AAPL,RECEIVE,-3550,-3500,103
AAPL_FEB_RTH_ARCX_PILLAR_mbp1.dbn.zst,AAPL_FEB_RTH,ARCX.PILLAR,AAPL,RECEIVE,-3500,-3450,118
AAPL_FEB_RTH_ARCX_PILLAR_mbp1.dbn.zst,AAPL_FEB_RTH,ARCX.PILLAR,AAPL,RECEIVE,-3450,-3400,97
AAPL_FEB_RTH_ARCX_PILLAR_mbp1.dbn.zst,AAPL_FEB_RTH,ARCX.PILLAR,AAPL,RECEIVE,-3400,-3350,170
AAPL_FEB_RTH_ARCX_PILLAR_mbp1.dbn.zst,AAPL_FEB_RTH,ARCX.PILLAR,AAPL,RECEIVE,-3350,-3300,142
AAPL_FEB_RTH_ARCX_PILLAR_mbp1.dbn.zst,AAPL_FEB_RTH,ARCX.PILLAR,AAPL,RECEIVE,-3300,-3250,145
AAPL_FEB_RTH_ARCX_PILLAR_mbp1.dbn.zst,AAPL_FEB_RTH,ARCX.PILLAR,AAPL,RECEIVE,-3250,-3200,147
AAPL_FEB_RTH_ARCX_PILLAR_mbp1.dbn.zst,AAPL_FEB_RTH,ARCX.PILLAR,AAPL,RECEIVE,-3200,-3150,72
AAPL_FEB_RTH_ARCX_PILLAR_mbp1.dbn.zst,AAPL_FEB_RTH,ARCX.PILLAR,AAPL,RECEIVE,-3150,-3100,85
AAPL_FEB_RTH_ARCX_PILLAR_mbp1.dbn.zst,AAPL_FEB_RTH,ARCX.PILLAR,AAPL,RECEIVE,-3100,-3050,115
AAPL_FEB_RTH_ARCX_PILLAR_mbp1.dbn.zst,AAPL_FEB_RTH,ARCX.PILLAR,AAPL,RECEIVE,-3050,-3000,103
AAPL_FEB_RTH_ARCX_PILLAR_mbp1.dbn.zst,AAPL_FEB_RTH,ARCX.PILLAR,AAPL,RECEIVE,-3000,-2950,94
AAPL_FEB_RTH_ARCX_PILLAR_mbp1.dbn.zst,AAPL_FEB_RTH,ARCX.PILLAR,AAPL,RECEIVE,-2950,-2900,129
AAPL_FEB_RTH_ARCX_PILLAR_mbp1.dbn.zst,AAPL_FEB_RTH,ARCX.PILLAR,AAPL,RECEIVE,-2900,-2850,223
AAPL_FEB_RTH_ARCX_PILLAR_mbp1.dbn.zst,AAPL_FEB_RTH,ARCX.PILLAR,AAPL,RECEIVE,-2850,-2800,203
AAPL_FEB_RTH_ARCX_PILLAR_mbp1.dbn.zst,AAPL_FEB_RTH,ARCX.PILLAR,AAPL,RECEIVE,-2800,-2750,159
AAPL_FEB_RTH_ARCX_PILLAR_mbp1.dbn.zst,AAPL_FEB_RTH,ARCX.PILLAR,AAPL,RECEIVE,-2750,-2700,183
AAPL_FEB_RTH_ARCX_PILLAR_mbp1.dbn.zst,AAPL_FEB_RTH,ARCX.PILLAR,AAPL,RECEIVE,-2700,-2650,186
AAPL_FEB_RTH_ARCX_PILLAR_mbp1.dbn.zst,AAPL_FEB_RTH,ARCX.PILLAR,AAPL,RECEIVE,-2650,-2600,188
AAPL_FEB_RTH_ARCX_PILLAR_mbp1.dbn.zst,AAPL_FEB_RTH,ARCX.PILLAR,AAPL,RECEIVE,-2600,-2550,115
AAPL_FEB_RTH_ARCX_PILLAR_mbp1.dbn.zst,AAPL_FEB_RTH,ARCX.PILLAR,AAPL,RECEIVE,-2550,-2500,236
AAPL_FEB_RTH_ARCX_PILLAR_mbp1.dbn.zst,AAPL_FEB_RTH,ARCX.PILLAR,AAPL,RECEIVE,-2500,-2450,309
AAPL_FEB_RTH_ARCX_PILLAR_mbp1.dbn.zst,AAPL_FEB_RTH,ARCX.PILLAR,AAPL,RECEIVE,-2450,-2400,146
AAPL_FEB_RTH_ARCX_PILLAR_mbp1.dbn.zst,AAPL_FEB_RTH,ARCX.PILLAR,AAPL,RECEIVE,-2400,-2350,143
AAPL_FEB_RTH_ARCX_PILLAR_mbp1.dbn.zst,AAPL_FEB_RTH,ARCX.PILLAR,AAPL,RECEIVE,-2350,-2300,229
AAPL_FEB_RTH_ARCX_PILLAR_mbp1.dbn.zst,AAPL_FEB_RTH,ARCX.PILLAR,AAPL,RECEIVE,-2300,-2250,222
AAPL_FEB_RTH_ARCX_PILLAR_mbp1.dbn.zst,AAPL_FEB_RTH,ARCX.PILLAR,AAPL,RECEIVE,-2250,-2200,227
AAPL_FEB_RTH_ARCX_PILLAR_mbp1.dbn.zst,AAPL_FEB_RTH,ARCX.PILLAR,AAPL,RECEIVE,-2200,-2150,177
AAPL_FEB_RTH_ARCX_PILLAR_mbp1.dbn.zst,AAPL_FEB_RTH,ARCX.PILLAR,AAPL,RECEIVE,-2150,-2100,296
AAPL_FEB_RTH_ARCX_PILLAR_mbp1.dbn.zst,AAPL_FEB_RTH,ARCX.PILLAR,AAPL,RECEIVE,-2100,-2050,228
AAPL_FEB_RTH_ARCX_PILLAR_mbp1.dbn.zst,AAPL_FEB_RTH,ARCX.PILLAR,AAPL,RECEIVE,-2050,-2000,136
AAPL_FEB_RTH_ARCX_PILLAR_mbp1.dbn.zst,AAPL_FEB_RTH,ARCX.PILLAR,AAPL,RECEIVE,-2000,-1950,135
AAPL_FEB_RTH_ARCX_PILLAR_mbp1.dbn.zst,AAPL_FEB_RTH,ARCX.PILLAR,AAPL,RECEIVE,-1950,-1900,166
AAPL_FEB_RTH_ARCX_PILLAR_mbp1.dbn.zst,AAPL_FEB_RTH,ARCX.PILLAR,AAPL,RECEIVE,-1900,-1850,311
AAPL_FEB_RTH_ARCX_PILLAR_mbp1.dbn.zst,AAPL_FEB_RTH,ARCX.PILLAR,AAPL,RECEIVE,-1850,-1800,147
AAPL_FEB_RTH_ARCX_PILLAR_mbp1.dbn.zst,AAPL_FEB_RTH,ARCX.PILLAR,AAPL,RECEIVE,-1800,-1750,96
AAPL_FEB_RTH_ARCX_PILLAR_mbp1.dbn.zst,AAPL_FEB_RTH,ARCX.PILLAR,AAPL,RECEIVE,-1750,-1700,287
AAPL_FEB_RTH_ARCX_PILLAR_mbp1.dbn.zst,AAPL_FEB_RTH,ARCX.PILLAR,AAPL,RECEIVE,-1700,-1650,167
AAPL_FEB_RTH_ARCX_PILLAR_mbp1.dbn.zst,AAPL_FEB_RTH,ARCX.PILLAR,AAPL,RECEIVE,-1650,-1600,245
AAPL_FEB_RTH_ARCX_PILLAR_mbp1.dbn.zst,AAPL_FEB_RTH,ARCX.PILLAR,AAPL,RECEIVE,-1600,-1550,331
AAPL_FEB_RTH_ARCX_PILLAR_mbp1.dbn.zst,AAPL_FEB_RTH,ARCX.PILLAR,AAPL,RECEIVE,-1550,-1500,268
AAPL_FEB_RTH_ARCX_PILLAR_mbp1.dbn.zst,AAPL_FEB_RTH,ARCX.PILLAR,AAPL,RECEIVE,-1500,-1450,378
AAPL_FEB_RTH_ARCX_PILLAR_mbp1.dbn.zst,AAPL_FEB_RTH,ARCX.PILLAR,AAPL,RECEIVE,-1450,-1400,214
AAPL_FEB_RTH_ARCX_PILLAR_mbp1.dbn.zst,AAPL_FEB_RTH,ARCX.PILLAR,AAPL,RECEIVE,-1400,-1350,199
AAPL_FEB_RTH_ARCX_PILLAR_mbp1.dbn.zst,AAPL_FEB_RTH,ARCX.PILLAR,AAPL,RECEIVE,-1350,-1300,213
AAPL_FEB_RTH_ARCX_PILLAR_mbp1.dbn.zst,AAPL_FEB_RTH,ARCX.PILLAR,AAPL,RECEIVE,-1300,-1250,194
AAPL_FEB_RTH_ARCX_PILLAR_mbp1.dbn.zst,AAPL_FEB_RTH,ARCX.PILLAR,AAPL,RECEIVE,-1250,-1200,235
AAPL_FEB_RTH_ARCX_PILLAR_mbp1.dbn.zst,AAPL_FEB_RTH,ARCX.PILLAR,AAPL,RECEIVE,-1200,-1150,167
AAPL_FEB_RTH_ARCX_PILLAR_mbp1.dbn.zst,AAPL_FEB_RTH,ARCX.PILLAR,AAPL,RECEIVE,-1150,-1100,173
AAPL_FEB_RTH_ARCX_PILLAR_mbp1.dbn.zst,AAPL_FEB_RTH,ARCX.PILLAR,AAPL,RECEIVE,-1100,-1050,233
AAPL_FEB_RTH_ARCX_PILLAR_mbp1.dbn.zst,AAPL_FEB_RTH,ARCX.PILLAR,AAPL,RECEIVE,-1050,-1000,345
AAPL_FEB_RTH_ARCX_PILLAR_mbp1.dbn.zst,AAPL_FEB_RTH,ARCX.PILLAR,AAPL,RECEIVE,-1000,-950,384
AAPL_FEB_RTH_ARCX_PILLAR_mbp1.dbn.zst,AAPL_FEB_RTH,ARCX.PILLAR,AAPL,RECEIVE,-950,-900,248
AAPL_FEB_RTH_ARCX_PILLAR_mbp1.dbn.zst,AAPL_FEB_RTH,ARCX.PILLAR,AAPL,RECEIVE,-900,-850,165
AAPL_FEB_RTH_ARCX_PILLAR_mbp1.dbn.zst,AAPL_FEB_RTH,ARCX.PILLAR,AAPL,RECEIVE,-850,-800,207
AAPL_FEB_RTH_ARCX_PILLAR_mbp1.dbn.zst,AAPL_FEB_RTH,ARCX.PILLAR,AAPL,RECEIVE,-800,-750,194
AAPL_FEB_RTH_ARCX_PILLAR_mbp1.dbn.zst,AAPL_FEB_RTH,ARCX.PILLAR,AAPL,RECEIVE,-750,-700,296
AAPL_FEB_RTH_ARCX_PILLAR_mbp1.dbn.zst,AAPL_FEB_RTH,ARCX.PILLAR,AAPL,RECEIVE,-700,-650,292
AAPL_FEB_RTH_ARCX_PILLAR_mbp1.dbn.zst,AAPL_FEB_RTH,ARCX.PILLAR,AAPL,RECEIVE,-650,-600,350
AAPL_FEB_RTH_ARCX_PILLAR_mbp1.dbn.zst,AAPL_FEB_RTH,ARCX.PILLAR,AAPL,RECEIVE,-600,-550,358
AAPL_FEB_RTH_ARCX_PILLAR_mbp1.dbn.zst,AAPL_FEB_RTH,ARCX.PILLAR,AAPL,RECEIVE,-550,-500,318
AAPL_FEB_RTH_ARCX_PILLAR_mbp1.dbn.zst,AAPL_FEB_RTH,ARCX.PILLAR,AAPL,RECEIVE,-500,-450,336
AAPL_FEB_RTH_ARCX_PILLAR_mbp1.dbn.zst,AAPL_FEB_RTH,ARCX.PILLAR,AAPL,RECEIVE,-450,-400,328
AAPL_FEB_RTH_ARCX_PILLAR_mbp1.dbn.zst,AAPL_FEB_RTH,ARCX.PILLAR,AAPL,RECEIVE,-400,-350,394
AAPL_FEB_RTH_ARCX_PILLAR_mbp1.dbn.zst,AAPL_FEB_RTH,ARCX.PILLAR,AAPL,RECEIVE,-350,-300,477
AAPL_FEB_RTH_ARCX_PILLAR_mbp1.dbn.zst,AAPL_FEB_RTH,ARCX.PILLAR,AAPL,RECEIVE,-300,-250,579
AAPL_FEB_RTH_ARCX_PILLAR_mbp1.dbn.zst,AAPL_FEB_RTH,ARCX.PILLAR,AAPL,RECEIVE,-250,-200,546
AAPL_FEB_RTH_ARCX_PILLAR_mbp1.dbn.zst,AAPL_FEB_RTH,ARCX.PILLAR,AAPL,RECEIVE,-200,-150,652
AAPL_FEB_RTH_ARCX_PILLAR_mbp1.dbn.zst,AAPL_FEB_RTH,ARCX.PILLAR,AAPL,RECEIVE,-150,-100,806
AAPL_FEB_RTH_ARCX_PILLAR_mbp1.dbn.zst,AAPL_FEB_RTH,ARCX.PILLAR,AAPL,RECEIVE,-100,-50,808
AAPL_FEB_RTH_ARCX_PILLAR_mbp1.dbn.zst,AAPL_FEB_RTH,ARCX.PILLAR,AAPL,RECEIVE,-50,0,638
AAPL_FEB_RTH_ARCX_PILLAR_mbp1.dbn.zst,AAPL_FEB_RTH,ARCX.PILLAR,AAPL,RECEIVE,0,50,630
AAPL_FEB_RTH_ARCX_PILLAR_mbp1.dbn.zst,AAPL_FEB_RTH,ARCX.PILLAR,AAPL,RECEIVE,50,100,616
AAPL_FEB_RTH_ARCX_PILLAR_mbp1.dbn.zst,AAPL_FEB_RTH,ARCX.PILLAR,AAPL,RECEIVE,100,150,871
AAPL_FEB_RTH_ARCX_PILLAR_mbp1.dbn.zst,AAPL_FEB_RTH,ARCX.PILLAR,AAPL,RECEIVE,150,200,611
AAPL_FEB_RTH_ARCX_PILLAR_mbp1.dbn.zst,AAPL_FEB_RTH,ARCX.PILLAR,AAPL,RECEIVE,200,250,462
AAPL_FEB_RTH_ARCX_PILLAR_mbp1.dbn.zst,AAPL_FEB_RTH,ARCX.PILLAR,AAPL,RECEIVE,250,300,461
AAPL_FEB_RTH_ARCX_PILLAR_mbp1.dbn.zst,AAPL_FEB_RTH,ARCX.PILLAR,AAPL,RECEIVE,300,350,417
AAPL_FEB_RTH_ARCX_PILLAR_mbp1.dbn.zst,AAPL_FEB_RTH,ARCX.PILLAR,AAPL,RECEIVE,350,400,415
AAPL_FEB_RTH_ARCX_PILLAR_mbp1.dbn.zst,AAPL_FEB_RTH,ARCX.PILLAR,AAPL,RECEIVE,400,450,319
AAPL_FEB_RTH_ARCX_PILLAR_mbp1.dbn.zst,AAPL_FEB_RTH,ARCX.PILLAR,AAPL,RECEIVE,450,500,454
AAPL_FEB_RTH_ARCX_PILLAR_mbp1.dbn.zst,AAPL_FEB_RTH,ARCX.PILLAR,AAPL,RECEIVE,500,550,324
AAPL_FEB_RTH_ARCX_PILLAR_mbp1.dbn.zst,AAPL_FEB_RTH,ARCX.PILLAR,AAPL,RECEIVE,550,600,456
AAPL_FEB_RTH_ARCX_PILLAR_mbp1.dbn.zst,AAPL_FEB_RTH,ARCX.PILLAR,AAPL,RECEIVE,600,650,401
AAPL_FEB_RTH_ARCX_PILLAR_mbp1.dbn.zst,AAPL_FEB_RTH,ARCX.PILLAR,AAPL,RECEIVE,650,700,239
AAPL_FEB_RTH_ARCX_PILLAR_mbp1.dbn.zst,AAPL_FEB_RTH,ARCX.PILLAR,AAPL,RECEIVE,700,750,258
AAPL_FEB_RTH_ARCX_PILLAR_mbp1.dbn.zst,AAPL_FEB_RTH,ARCX.PILLAR,AAPL,RECEIVE,750,800,215
AAPL_FEB_RTH_ARCX_PILLAR_mbp1.dbn.zst,AAPL_FEB_RTH,ARCX.PILLAR,AAPL,RECEIVE,800,850,344
AAPL_FEB_RTH_ARCX_PILLAR_mbp1.dbn.zst,AAPL_FEB_RTH,ARCX.PILLAR,AAPL,RECEIVE,850,900,270
AAPL_FEB_RTH_ARCX_PILLAR_mbp1.dbn.zst,AAPL_FEB_RTH,ARCX.PILLAR,AAPL,RECEIVE,900,950,189
AAPL_FEB_RTH_ARCX_PILLAR_mbp1.dbn.zst,AAPL_FEB_RTH,ARCX.PILLAR,AAPL,RECEIVE,950,1000,233
AAPL_FEB_RTH_ARCX_PILLAR_mbp1.dbn.zst,AAPL_FEB_RTH,ARCX.PILLAR,AAPL,RECEIVE,1000,1050,279
AAPL_FEB_RTH_ARCX_PILLAR_mbp1.dbn.zst,AAPL_FEB_RTH,ARCX.PILLAR,AAPL,RECEIVE,1050,1100,456
AAPL_FEB_RTH_ARCX_PILLAR_mbp1.dbn.zst,AAPL_FEB_RTH,ARCX.PILLAR,AAPL,RECEIVE,1100,1150,258
AAPL_FEB_RTH_ARCX_PILLAR_mbp1.dbn.zst,AAPL_FEB_RTH,ARCX.PILLAR,AAPL,RECEIVE,1150,1200,219
AAPL_FEB_RTH_ARCX_PILLAR_mbp1.dbn.zst,AAPL_FEB_RTH,ARCX.PILLAR,AAPL,RECEIVE,1200,1250,331
AAPL_FEB_RTH_ARCX_PILLAR_mbp1.dbn.zst,AAPL_FEB_RTH,ARCX.PILLAR,AAPL,RECEIVE,1250,1300,198
AAPL_FEB_RTH_ARCX_PILLAR_mbp1.dbn.zst,AAPL_FEB_RTH,ARCX.PILLAR,AAPL,RECEIVE,1300,1350,152
AAPL_FEB_RTH_ARCX_PILLAR_mbp1.dbn.zst,AAPL_FEB_RTH,ARCX.PILLAR,AAPL,RECEIVE,1350,1400,172
AAPL_FEB_RTH_ARCX_PILLAR_mbp1.dbn.zst,AAPL_FEB_RTH,ARCX.PILLAR,AAPL,RECEIVE,1400,1450,126
AAPL_FEB_RTH_ARCX_PILLAR_mbp1.dbn.zst,AAPL_FEB_RTH,ARCX.PILLAR,AAPL,RECEIVE,1450,1500,131
AAPL_FEB_RTH_ARCX_PILLAR_mbp1.dbn.zst,AAPL_FEB_RTH,ARCX.PILLAR,AAPL,RECEIVE,1500,1550,123
AAPL_FEB_RTH_ARCX_PILLAR_mbp1.dbn.zst,AAPL_FEB_RTH,ARCX.PILLAR,AAPL,RECEIVE,1550,1600,144
AAPL_FEB_RTH_ARCX_PILLAR_mbp1.dbn.zst,AAPL_FEB_RTH,ARCX.PILLAR,AAPL,RECEIVE,1600,1650,113
AAPL_FEB_RTH_ARCX_PILLAR_mbp1.dbn.zst,AAPL_FEB_RTH,ARCX.PILLAR,AAPL,RECEIVE,1650,1700,156
AAPL_FEB_RTH_ARCX_PILLAR_mbp1.dbn.zst,AAPL_FEB_RTH,ARCX.PILLAR,AAPL,RECEIVE,1700,1750,181
AAPL_FEB_RTH_ARCX_PILLAR_mbp1.dbn.zst,AAPL_FEB_RTH,ARCX.PILLAR,AAPL,RECEIVE,1750,1800,190
AAPL_FEB_RTH_ARCX_PILLAR_mbp1.dbn.zst,AAPL_FEB_RTH,ARCX.PILLAR,AAPL,RECEIVE,1800,1850,202
AAPL_FEB_RTH_ARCX_PILLAR_mbp1.dbn.zst,AAPL_FEB_RTH,ARCX.PILLAR,AAPL,RECEIVE,1850,1900,161
AAPL_FEB_RTH_ARCX_PILLAR_mbp1.dbn.zst,AAPL_FEB_RTH,ARCX.PILLAR,AAPL,RECEIVE,1900,1950,177
AAPL_FEB_RTH_ARCX_PILLAR_mbp1.dbn.zst,AAPL_FEB_RTH,ARCX.PILLAR,AAPL,RECEIVE,1950,2000,196
AAPL_FEB_RTH_ARCX_PILLAR_mbp1.dbn.zst,AAPL_FEB_RTH,ARCX.PILLAR,AAPL,RECEIVE,2000,2050,146
AAPL_FEB_RTH_ARCX_PILLAR_mbp1.dbn.zst,AAPL_FEB_RTH,ARCX.PILLAR,AAPL,RECEIVE,2050,2100,142
AAPL_FEB_RTH_ARCX_PILLAR_mbp1.dbn.zst,AAPL_FEB_RTH,ARCX.PILLAR,AAPL,RECEIVE,2100,2150,202
AAPL_FEB_RTH_ARCX_PILLAR_mbp1.dbn.zst,AAPL_FEB_RTH,ARCX.PILLAR,AAPL,RECEIVE,2150,2200,103
AAPL_FEB_RTH_ARCX_PILLAR_mbp1.dbn.zst,AAPL_FEB_RTH,ARCX.PILLAR,AAPL,RECEIVE,2200,2250,107
AAPL_FEB_RTH_ARCX_PILLAR_mbp1.dbn.zst,AAPL_FEB_RTH,ARCX.PILLAR,AAPL,RECEIVE,2250,2300,88
AAPL_FEB_RTH_ARCX_PILLAR_mbp1.dbn.zst,AAPL_FEB_RTH,ARCX.PILLAR,AAPL,RECEIVE,2300,2350,94
AAPL_FEB_RTH_ARCX_PILLAR_mbp1.dbn.zst,AAPL_FEB_RTH,ARCX.PILLAR,AAPL,RECEIVE,2350,2400,83
AAPL_FEB_RTH_ARCX_PILLAR_mbp1.dbn.zst,AAPL_FEB_RTH,ARCX.PILLAR,AAPL,RECEIVE,2400,2450,135
AAPL_FEB_RTH_ARCX_PILLAR_mbp1.dbn.zst,AAPL_FEB_RTH,ARCX.PILLAR,AAPL,RECEIVE,2450,2500,164
AAPL_FEB_RTH_ARCX_PILLAR_mbp1.dbn.zst,AAPL_FEB_RTH,ARCX.PILLAR,AAPL,RECEIVE,2500,2550,107
AAPL_FEB_RTH_ARCX_PILLAR_mbp1.dbn.zst,AAPL_FEB_RTH,ARCX.PILLAR,AAPL,RECEIVE,2550,2600,176
AAPL_FEB_RTH_ARCX_PILLAR_mbp1.dbn.zst,AAPL_FEB_RTH,ARCX.PILLAR,AAPL,RECEIVE,2600,2650,118
AAPL_FEB_RTH_ARCX_PILLAR_mbp1.dbn.zst,AAPL_FEB_RTH,ARCX.PILLAR,AAPL,RECEIVE,2650,2700,249
AAPL_FEB_RTH_ARCX_PILLAR_mbp1.dbn.zst,AAPL_FEB_RTH,ARCX.PILLAR,AAPL,RECEIVE,2700,2750,131
AAPL_FEB_RTH_ARCX_PILLAR_mbp1.dbn.zst,AAPL_FEB_RTH,ARCX.PILLAR,AAPL,RECEIVE,2750,2800,88
AAPL_FEB_RTH_ARCX_PILLAR_mbp1.dbn.zst,AAPL_FEB_RTH,ARCX.PILLAR,AAPL,RECEIVE,2800,2850,99
AAPL_FEB_RTH_ARCX_PILLAR_mbp1.dbn.zst,AAPL_FEB_RTH,ARCX.PILLAR,AAPL,RECEIVE,2850,2900,178
AAPL_FEB_RTH_ARCX_PILLAR_mbp1.dbn.zst,AAPL_FEB_RTH,ARCX.PILLAR,AAPL,RECEIVE,2900,2950,95
AAPL_FEB_RTH_ARCX_PILLAR_mbp1.dbn.zst,AAPL_FEB_RTH,ARCX.PILLAR,AAPL,RECEIVE,2950,3000,72
AAPL_FEB_RTH_ARCX_PILLAR_mbp1.dbn.zst,AAPL_FEB_RTH,ARCX.PILLAR,AAPL,RECEIVE,3000,3050,159
AAPL_FEB_RTH_ARCX_PILLAR_mbp1.dbn.zst,AAPL_FEB_RTH,ARCX.PILLAR,AAPL,RECEIVE,3050,3100,168
AAPL_FEB_RTH_ARCX_PILLAR_mbp1.dbn.zst,AAPL_FEB_RTH,ARCX.PILLAR,AAPL,RECEIVE,3100,3150,112
AAPL_FEB_RTH_ARCX_PILLAR_mbp1.dbn.zst,AAPL_FEB_RTH,ARCX.PILLAR,AAPL,RECEIVE,3150,3200,146
AAPL_FEB_RTH_ARCX_PILLAR_mbp1.dbn.zst,AAPL_FEB_RTH,ARCX.PILLAR,AAPL,RECEIVE,3200,3250,202
AAPL_FEB_RTH_ARCX_PILLAR_mbp1.dbn.zst,AAPL_FEB_RTH,ARCX.PILLAR,AAPL,RECEIVE,3250,3300,153
AAPL_FEB_RTH_ARCX_PILLAR_mbp1.dbn.zst,AAPL_FEB_RTH,ARCX.PILLAR,AAPL,RECEIVE,3300,3350,133
AAPL_FEB_RTH_ARCX_PILLAR_mbp1.dbn.zst,AAPL_FEB_RTH,ARCX.PILLAR,AAPL,RECEIVE,3350,3400,187
AAPL_FEB_RTH_ARCX_PILLAR_mbp1.dbn.zst,AAPL_FEB_RTH,ARCX.PILLAR,AAPL,RECEIVE,3400,3450,97
AAPL_FEB_RTH_ARCX_PILLAR_mbp1.dbn.zst,AAPL_FEB_RTH,ARCX.PILLAR,AAPL,RECEIVE,3450,3500,262
AAPL_FEB_RTH_ARCX_PILLAR_mbp1.dbn.zst,AAPL_FEB_RTH,ARCX.PILLAR,AAPL,RECEIVE,3500,3550,230
AAPL_FEB_RTH_ARCX_PILLAR_mbp1.dbn.zst,AAPL_FEB_RTH,ARCX.PILLAR,AAPL,RECEIVE,3550,3600,98
AAPL_FEB_RTH_ARCX_PILLAR_mbp1.dbn.zst,AAPL_FEB_RTH,ARCX.PILLAR,AAPL,RECEIVE,3600,3650,186
AAPL_FEB_RTH_ARCX_PILLAR_mbp1.dbn.zst,AAPL_FEB_RTH,ARCX.PILLAR,AAPL,RECEIVE,3650,3700,149
AAPL_FEB_RTH_ARCX_PILLAR_mbp1.dbn.zst,AAPL_FEB_RTH,ARCX.PILLAR,AAPL,RECEIVE,3700,3750,172
AAPL_FEB_RTH_ARCX_PILLAR_mbp1.dbn.zst,AAPL_FEB_RTH,ARCX.PILLAR,AAPL,RECEIVE,3750,3800,140
AAPL_FEB_RTH_ARCX_PILLAR_mbp1.dbn.zst,AAPL_FEB_RTH,ARCX.PILLAR,AAPL,RECEIVE,3800,3850,146
AAPL_FEB_RTH_ARCX_PILLAR_mbp1.dbn.zst,AAPL_FEB_RTH,ARCX.PILLAR,AAPL,RECEIVE,3850,3900,163
AAPL_FEB_RTH_ARCX_PILLAR_mbp1.dbn.zst,AAPL_FEB_RTH,ARCX.PILLAR,AAPL,RECEIVE,3900,3950,144
AAPL_FEB_RTH_ARCX_PILLAR_mbp1.dbn.zst,AAPL_FEB_RTH,ARCX.PILLAR,AAPL,RECEIVE,3950,4000,100
AAPL_FEB_RTH_ARCX_PILLAR_mbp1.dbn.zst,AAPL_FEB_RTH,ARCX.PILLAR,AAPL,RECEIVE,4000,4050,97
AAPL_FEB_RTH_ARCX_PILLAR_mbp1.dbn.zst,AAPL_FEB_RTH,ARCX.PILLAR,AAPL,RECEIVE,4050,4100,88
AAPL_FEB_RTH_ARCX_PILLAR_mbp1.dbn.zst,AAPL_FEB_RTH,ARCX.PILLAR,AAPL,RECEIVE,4100,4150,70
AAPL_FEB_RTH_ARCX_PILLAR_mbp1.dbn.zst,AAPL_FEB_RTH,ARCX.PILLAR,AAPL,RECEIVE,4150,4200,116
AAPL_FEB_RTH_ARCX_PILLAR_mbp1.dbn.zst,AAPL_FEB_RTH,ARCX.PILLAR,AAPL,RECEIVE,4200,4250,132
AAPL_FEB_RTH_ARCX_PILLAR_mbp1.dbn.zst,AAPL_FEB_RTH,ARCX.PILLAR,AAPL,RECEIVE,4250,4300,171
AAPL_FEB_RTH_ARCX_PILLAR_mbp1.dbn.zst,AAPL_FEB_RTH,ARCX.PILLAR,AAPL,RECEIVE,4300,4350,142
AAPL_FEB_RTH_ARCX_PILLAR_mbp1.dbn.zst,AAPL_FEB_RTH,ARCX.PILLAR,AAPL,RECEIVE,4350,4400,146
AAPL_FEB_RTH_ARCX_PILLAR_mbp1.dbn.zst,AAPL_FEB_RTH,ARCX.PILLAR,AAPL,RECEIVE,4400,4450,103
AAPL_FEB_RTH_ARCX_PILLAR_mbp1.dbn.zst,AAPL_FEB_RTH,ARCX.PILLAR,AAPL,RECEIVE,4450,4500,165
AAPL_FEB_RTH_ARCX_PILLAR_mbp1.dbn.zst,AAPL_FEB_RTH,ARCX.PILLAR,AAPL,RECEIVE,4500,4550,125
AAPL_FEB_RTH_ARCX_PILLAR_mbp1.dbn.zst,AAPL_FEB_RTH,ARCX.PILLAR,AAPL,RECEIVE,4550,4600,75
AAPL_FEB_RTH_ARCX_PILLAR_mbp1.dbn.zst,AAPL_FEB_RTH,ARCX.PILLAR,AAPL,RECEIVE,4600,4650,104
AAPL_FEB_RTH_ARCX_PILLAR_mbp1.dbn.zst,AAPL_FEB_RTH,ARCX.PILLAR,AAPL,RECEIVE,4650,4700,72
AAPL_FEB_RTH_ARCX_PILLAR_mbp1.dbn.zst,AAPL_FEB_RTH,ARCX.PILLAR,AAPL,RECEIVE,4700,4750,137
AAPL_FEB_RTH_ARCX_PILLAR_mbp1.dbn.zst,AAPL_FEB_RTH,ARCX.PILLAR,AAPL,RECEIVE,4750,4800,84
AAPL_FEB_RTH_ARCX_PILLAR_mbp1.dbn.zst,AAPL_FEB_RTH,ARCX.PILLAR,AAPL,RECEIVE,4800,4850,184
AAPL_FEB_RTH_ARCX_PILLAR_mbp1.dbn.zst,AAPL_FEB_RTH,ARCX.PILLAR,AAPL,RECEIVE,4850,4900,69
AAPL_FEB_RTH_ARCX_PILLAR_mbp1.dbn.zst,AAPL_FEB_RTH,ARCX.PILLAR,AAPL,RECEIVE,4900,4950,92
AAPL_FEB_RTH_ARCX_PILLAR_mbp1.dbn.zst,AAPL_FEB_RTH,ARCX.PILLAR,AAPL,RECEIVE,4950,5000,170
AAPL_FEB_RTH_XNAS_ITCH_mbp1.dbn.zst,AAPL_FEB_RTH,XNAS.ITCH,AAPL,EVENT,-5000,-4950,63
AAPL_FEB_RTH_XNAS_ITCH_mbp1.dbn.zst,AAPL_FEB_RTH,XNAS.ITCH,AAPL,EVENT,-4950,-4900,156
AAPL_FEB_RTH_XNAS_ITCH_mbp1.dbn.zst,AAPL_FEB_RTH,XNAS.ITCH,AAPL,EVENT,-4900,-4850,196
AAPL_FEB_RTH_XNAS_ITCH_mbp1.dbn.zst,AAPL_FEB_RTH,XNAS.ITCH,AAPL,EVENT,-4850,-4800,254
AAPL_FEB_RTH_XNAS_ITCH_mbp1.dbn.zst,AAPL_FEB_RTH,XNAS.ITCH,AAPL,EVENT,-4800,-4750,140
AAPL_FEB_RTH_XNAS_ITCH_mbp1.dbn.zst,AAPL_FEB_RTH,XNAS.ITCH,AAPL,EVENT,-4750,-4700,150
AAPL_FEB_RTH_XNAS_ITCH_mbp1.dbn.zst,AAPL_FEB_RTH,XNAS.ITCH,AAPL,EVENT,-4700,-4650,109
AAPL_FEB_RTH_XNAS_ITCH_mbp1.dbn.zst,AAPL_FEB_RTH,XNAS.ITCH,AAPL,EVENT,-4650,-4600,85
AAPL_FEB_RTH_XNAS_ITCH_mbp1.dbn.zst,AAPL_FEB_RTH,XNAS.ITCH,AAPL,EVENT,-4600,-4550,90
AAPL_FEB_RTH_XNAS_ITCH_mbp1.dbn.zst,AAPL_FEB_RTH,XNAS.ITCH,AAPL,EVENT,-4550,-4500,199
AAPL_FEB_RTH_XNAS_ITCH_mbp1.dbn.zst,AAPL_FEB_RTH,XNAS.ITCH,AAPL,EVENT,-4500,-4450,138
AAPL_FEB_RTH_XNAS_ITCH_mbp1.dbn.zst,AAPL_FEB_RTH,XNAS.ITCH,AAPL,EVENT,-4450,-4400,125
AAPL_FEB_RTH_XNAS_ITCH_mbp1.dbn.zst,AAPL_FEB_RTH,XNAS.ITCH,AAPL,EVENT,-4400,-4350,154
AAPL_FEB_RTH_XNAS_ITCH_mbp1.dbn.zst,AAPL_FEB_RTH,XNAS.ITCH,AAPL,EVENT,-4350,-4300,241
AAPL_FEB_RTH_XNAS_ITCH_mbp1.dbn.zst,AAPL_FEB_RTH,XNAS.ITCH,AAPL,EVENT,-4300,-4250,120
AAPL_FEB_RTH_XNAS_ITCH_mbp1.dbn.zst,AAPL_FEB_RTH,XNAS.ITCH,AAPL,EVENT,-4250,-4200,168
AAPL_FEB_RTH_XNAS_ITCH_mbp1.dbn.zst,AAPL_FEB_RTH,XNAS.ITCH,AAPL,EVENT,-4200,-4150,175
AAPL_FEB_RTH_XNAS_ITCH_mbp1.dbn.zst,AAPL_FEB_RTH,XNAS.ITCH,AAPL,EVENT,-4150,-4100,171
AAPL_FEB_RTH_XNAS_ITCH_mbp1.dbn.zst,AAPL_FEB_RTH,XNAS.ITCH,AAPL,EVENT,-4100,-4050,136
AAPL_FEB_RTH_XNAS_ITCH_mbp1.dbn.zst,AAPL_FEB_RTH,XNAS.ITCH,AAPL,EVENT,-4050,-4000,459
AAPL_FEB_RTH_XNAS_ITCH_mbp1.dbn.zst,AAPL_FEB_RTH,XNAS.ITCH,AAPL,EVENT,-4000,-3950,157
AAPL_FEB_RTH_XNAS_ITCH_mbp1.dbn.zst,AAPL_FEB_RTH,XNAS.ITCH,AAPL,EVENT,-3950,-3900,128
AAPL_FEB_RTH_XNAS_ITCH_mbp1.dbn.zst,AAPL_FEB_RTH,XNAS.ITCH,AAPL,EVENT,-3900,-3850,132
AAPL_FEB_RTH_XNAS_ITCH_mbp1.dbn.zst,AAPL_FEB_RTH,XNAS.ITCH,AAPL,EVENT,-3850,-3800,618
AAPL_FEB_RTH_XNAS_ITCH_mbp1.dbn.zst,AAPL_FEB_RTH,XNAS.ITCH,AAPL,EVENT,-3800,-3750,180
AAPL_FEB_RTH_XNAS_ITCH_mbp1.dbn.zst,AAPL_FEB_RTH,XNAS.ITCH,AAPL,EVENT,-3750,-3700,114
AAPL_FEB_RTH_XNAS_ITCH_mbp1.dbn.zst,AAPL_FEB_RTH,XNAS.ITCH,AAPL,EVENT,-3700,-3650,139
AAPL_FEB_RTH_XNAS_ITCH_mbp1.dbn.zst,AAPL_FEB_RTH,XNAS.ITCH,AAPL,EVENT,-3650,-3600,88
AAPL_FEB_RTH_XNAS_ITCH_mbp1.dbn.zst,AAPL_FEB_RTH,XNAS.ITCH,AAPL,EVENT,-3600,-3550,277
AAPL_FEB_RTH_XNAS_ITCH_mbp1.dbn.zst,AAPL_FEB_RTH,XNAS.ITCH,AAPL,EVENT,-3550,-3500,124
AAPL_FEB_RTH_XNAS_ITCH_mbp1.dbn.zst,AAPL_FEB_RTH,XNAS.ITCH,AAPL,EVENT,-3500,-3450,108
AAPL_FEB_RTH_XNAS_ITCH_mbp1.dbn.zst,AAPL_FEB_RTH,XNAS.ITCH,AAPL,EVENT,-3450,-3400,129
AAPL_FEB_RTH_XNAS_ITCH_mbp1.dbn.zst,AAPL_FEB_RTH,XNAS.ITCH,AAPL,EVENT,-3400,-3350,111
AAPL_FEB_RTH_XNAS_ITCH_mbp1.dbn.zst,AAPL_FEB_RTH,XNAS.ITCH,AAPL,EVENT,-3350,-3300,161
AAPL_FEB_RTH_XNAS_ITCH_mbp1.dbn.zst,AAPL_FEB_RTH,XNAS.ITCH,AAPL,EVENT,-3300,-3250,203
AAPL_FEB_RTH_XNAS_ITCH_mbp1.dbn.zst,AAPL_FEB_RTH,XNAS.ITCH,AAPL,EVENT,-3250,-3200,247
AAPL_FEB_RTH_XNAS_ITCH_mbp1.dbn.zst,AAPL_FEB_RTH,XNAS.ITCH,AAPL,EVENT,-3200,-3150,221
AAPL_FEB_RTH_XNAS_ITCH_mbp1.dbn.zst,AAPL_FEB_RTH,XNAS.ITCH,AAPL,EVENT,-3150,-3100,131
AAPL_FEB_RTH_XNAS_ITCH_mbp1.dbn.zst,AAPL_FEB_RTH,XNAS.ITCH,AAPL,EVENT,-3100,-3050,205
AAPL_FEB_RTH_XNAS_ITCH_mbp1.dbn.zst,AAPL_FEB_RTH,XNAS.ITCH,AAPL,EVENT,-3050,-3000,263
AAPL_FEB_RTH_XNAS_ITCH_mbp1.dbn.zst,AAPL_FEB_RTH,XNAS.ITCH,AAPL,EVENT,-3000,-2950,239
AAPL_FEB_RTH_XNAS_ITCH_mbp1.dbn.zst,AAPL_FEB_RTH,XNAS.ITCH,AAPL,EVENT,-2950,-2900,144
AAPL_FEB_RTH_XNAS_ITCH_mbp1.dbn.zst,AAPL_FEB_RTH,XNAS.ITCH,AAPL,EVENT,-2900,-2850,182
AAPL_FEB_RTH_XNAS_ITCH_mbp1.dbn.zst,AAPL_FEB_RTH,XNAS.ITCH,AAPL,EVENT,-2850,-2800,180
AAPL_FEB_RTH_XNAS_ITCH_mbp1.dbn.zst,AAPL_FEB_RTH,XNAS.ITCH,AAPL,EVENT,-2800,-2750,295
AAPL_FEB_RTH_XNAS_ITCH_mbp1.dbn.zst,AAPL_FEB_RTH,XNAS.ITCH,AAPL,EVENT,-2750,-2700,192
AAPL_FEB_RTH_XNAS_ITCH_mbp1.dbn.zst,AAPL_FEB_RTH,XNAS.ITCH,AAPL,EVENT,-2700,-2650,169
AAPL_FEB_RTH_XNAS_ITCH_mbp1.dbn.zst,AAPL_FEB_RTH,XNAS.ITCH,AAPL,EVENT,-2650,-2600,272
AAPL_FEB_RTH_XNAS_ITCH_mbp1.dbn.zst,AAPL_FEB_RTH,XNAS.ITCH,AAPL,EVENT,-2600,-2550,335
AAPL_FEB_RTH_XNAS_ITCH_mbp1.dbn.zst,AAPL_FEB_RTH,XNAS.ITCH,AAPL,EVENT,-2550,-2500,528
AAPL_FEB_RTH_XNAS_ITCH_mbp1.dbn.zst,AAPL_FEB_RTH,XNAS.ITCH,AAPL,EVENT,-2500,-2450,183
AAPL_FEB_RTH_XNAS_ITCH_mbp1.dbn.zst,AAPL_FEB_RTH,XNAS.ITCH,AAPL,EVENT,-2450,-2400,229
AAPL_FEB_RTH_XNAS_ITCH_mbp1.dbn.zst,AAPL_FEB_RTH,XNAS.ITCH,AAPL,EVENT,-2400,-2350,313
AAPL_FEB_RTH_XNAS_ITCH_mbp1.dbn.zst,AAPL_FEB_RTH,XNAS.ITCH,AAPL,EVENT,-2350,-2300,246
AAPL_FEB_RTH_XNAS_ITCH_mbp1.dbn.zst,AAPL_FEB_RTH,XNAS.ITCH,AAPL,EVENT,-2300,-2250,329
AAPL_FEB_RTH_XNAS_ITCH_mbp1.dbn.zst,AAPL_FEB_RTH,XNAS.ITCH,AAPL,EVENT,-2250,-2200,155
AAPL_FEB_RTH_XNAS_ITCH_mbp1.dbn.zst,AAPL_FEB_RTH,XNAS.ITCH,AAPL,EVENT,-2200,-2150,243
AAPL_FEB_RTH_XNAS_ITCH_mbp1.dbn.zst,AAPL_FEB_RTH,XNAS.ITCH,AAPL,EVENT,-2150,-2100,142
AAPL_FEB_RTH_XNAS_ITCH_mbp1.dbn.zst,AAPL_FEB_RTH,XNAS.ITCH,AAPL,EVENT,-2100,-2050,159
AAPL_FEB_RTH_XNAS_ITCH_mbp1.dbn.zst,AAPL_FEB_RTH,XNAS.ITCH,AAPL,EVENT,-2050,-2000,255
AAPL_FEB_RTH_XNAS_ITCH_mbp1.dbn.zst,AAPL_FEB_RTH,XNAS.ITCH,AAPL,EVENT,-2000,-1950,379
AAPL_FEB_RTH_XNAS_ITCH_mbp1.dbn.zst,AAPL_FEB_RTH,XNAS.ITCH,AAPL,EVENT,-1950,-1900,353
AAPL_FEB_RTH_XNAS_ITCH_mbp1.dbn.zst,AAPL_FEB_RTH,XNAS.ITCH,AAPL,EVENT,-1900,-1850,176
AAPL_FEB_RTH_XNAS_ITCH_mbp1.dbn.zst,AAPL_FEB_RTH,XNAS.ITCH,AAPL,EVENT,-1850,-1800,275
AAPL_FEB_RTH_XNAS_ITCH_mbp1.dbn.zst,AAPL_FEB_RTH,XNAS.ITCH,AAPL,EVENT,-1800,-1750,219
AAPL_FEB_RTH_XNAS_ITCH_mbp1.dbn.zst,AAPL_FEB_RTH,XNAS.ITCH,AAPL,EVENT,-1750,-1700,325
AAPL_FEB_RTH_XNAS_ITCH_mbp1.dbn.zst,AAPL_FEB_RTH,XNAS.ITCH,AAPL,EVENT,-1700,-1650,607
AAPL_FEB_RTH_XNAS_ITCH_mbp1.dbn.zst,AAPL_FEB_RTH,XNAS.ITCH,AAPL,EVENT,-1650,-1600,168
AAPL_FEB_RTH_XNAS_ITCH_mbp1.dbn.zst,AAPL_FEB_RTH,XNAS.ITCH,AAPL,EVENT,-1600,-1550,294
AAPL_FEB_RTH_XNAS_ITCH_mbp1.dbn.zst,AAPL_FEB_RTH,XNAS.ITCH,AAPL,EVENT,-1550,-1500,210
AAPL_FEB_RTH_XNAS_ITCH_mbp1.dbn.zst,AAPL_FEB_RTH,XNAS.ITCH,AAPL,EVENT,-1500,-1450,344
AAPL_FEB_RTH_XNAS_ITCH_mbp1.dbn.zst,AAPL_FEB_RTH,XNAS.ITCH,AAPL,EVENT,-1450,-1400,237
AAPL_FEB_RTH_XNAS_ITCH_mbp1.dbn.zst,AAPL_FEB_RTH,XNAS.ITCH,AAPL,EVENT,-1400,-1350,329
AAPL_FEB_RTH_XNAS_ITCH_mbp1.dbn.zst,AAPL_FEB_RTH,XNAS.ITCH,AAPL,EVENT,-1350,-1300,280
AAPL_FEB_RTH_XNAS_ITCH_mbp1.dbn.zst,AAPL_FEB_RTH,XNAS.ITCH,AAPL,EVENT,-1300,-1250,328
AAPL_FEB_RTH_XNAS_ITCH_mbp1.dbn.zst,AAPL_FEB_RTH,XNAS.ITCH,AAPL,EVENT,-1250,-1200,489
AAPL_FEB_RTH_XNAS_ITCH_mbp1.dbn.zst,AAPL_FEB_RTH,XNAS.ITCH,AAPL,EVENT,-1200,-1150,285
AAPL_FEB_RTH_XNAS_ITCH_mbp1.dbn.zst,AAPL_FEB_RTH,XNAS.ITCH,AAPL,EVENT,-1150,-1100,499
AAPL_FEB_RTH_XNAS_ITCH_mbp1.dbn.zst,AAPL_FEB_RTH,XNAS.ITCH,AAPL,EVENT,-1100,-1050,449
AAPL_FEB_RTH_XNAS_ITCH_mbp1.dbn.zst,AAPL_FEB_RTH,XNAS.ITCH,AAPL,EVENT,-1050,-1000,575
AAPL_FEB_RTH_XNAS_ITCH_mbp1.dbn.zst,AAPL_FEB_RTH,XNAS.ITCH,AAPL,EVENT,-1000,-950,478
AAPL_FEB_RTH_XNAS_ITCH_mbp1.dbn.zst,AAPL_FEB_RTH,XNAS.ITCH,AAPL,EVENT,-950,-900,363
AAPL_FEB_RTH_XNAS_ITCH_mbp1.dbn.zst,AAPL_FEB_RTH,XNAS.ITCH,AAPL,EVENT,-900,-850,449
AAPL_FEB_RTH_XNAS_ITCH_mbp1.dbn.zst,AAPL_FEB_RTH,XNAS.ITCH,AAPL,EVENT,-850,-800,373
AAPL_FEB_RTH_XNAS_ITCH_mbp1.dbn.zst,AAPL_FEB_RTH,XNAS.ITCH,AAPL,EVENT,-800,-750,501
AAPL_FEB_RTH_XNAS_ITCH_mbp1.dbn.zst,AAPL_FEB_RTH,XNAS.ITCH,AAPL,EVENT,-750,-700,353
AAPL_FEB_RTH_XNAS_ITCH_mbp1.dbn.zst,AAPL_FEB_RTH,XNAS.ITCH,AAPL,EVENT,-700,-650,444
AAPL_FEB_RTH_XNAS_ITCH_mbp1.dbn.zst,AAPL_FEB_RTH,XNAS.ITCH,AAPL,EVENT,-650,-600,496
AAPL_FEB_RTH_XNAS_ITCH_mbp1.dbn.zst,AAPL_FEB_RTH,XNAS.ITCH,AAPL,EVENT,-600,-550,630
AAPL_FEB_RTH_XNAS_ITCH_mbp1.dbn.zst,AAPL_FEB_RTH,XNAS.ITCH,AAPL,EVENT,-550,-500,542
AAPL_FEB_RTH_XNAS_ITCH_mbp1.dbn.zst,AAPL_FEB_RTH,XNAS.ITCH,AAPL,EVENT,-500,-450,589
AAPL_FEB_RTH_XNAS_ITCH_mbp1.dbn.zst,AAPL_FEB_RTH,XNAS.ITCH,AAPL,EVENT,-450,-400,806
AAPL_FEB_RTH_XNAS_ITCH_mbp1.dbn.zst,AAPL_FEB_RTH,XNAS.ITCH,AAPL,EVENT,-400,-350,732
AAPL_FEB_RTH_XNAS_ITCH_mbp1.dbn.zst,AAPL_FEB_RTH,XNAS.ITCH,AAPL,EVENT,-350,-300,616
AAPL_FEB_RTH_XNAS_ITCH_mbp1.dbn.zst,AAPL_FEB_RTH,XNAS.ITCH,AAPL,EVENT,-300,-250,766
AAPL_FEB_RTH_XNAS_ITCH_mbp1.dbn.zst,AAPL_FEB_RTH,XNAS.ITCH,AAPL,EVENT,-250,-200,858
AAPL_FEB_RTH_XNAS_ITCH_mbp1.dbn.zst,AAPL_FEB_RTH,XNAS.ITCH,AAPL,EVENT,-200,-150,1156
AAPL_FEB_RTH_XNAS_ITCH_mbp1.dbn.zst,AAPL_FEB_RTH,XNAS.ITCH,AAPL,EVENT,-150,-100,1657
AAPL_FEB_RTH_XNAS_ITCH_mbp1.dbn.zst,AAPL_FEB_RTH,XNAS.ITCH,AAPL,EVENT,-100,-50,1516
AAPL_FEB_RTH_XNAS_ITCH_mbp1.dbn.zst,AAPL_FEB_RTH,XNAS.ITCH,AAPL,EVENT,-50,0,1170
AAPL_FEB_RTH_XNAS_ITCH_mbp1.dbn.zst,AAPL_FEB_RTH,XNAS.ITCH,AAPL,EVENT,0,50,714
AAPL_FEB_RTH_XNAS_ITCH_mbp1.dbn.zst,AAPL_FEB_RTH,XNAS.ITCH,AAPL,EVENT,50,100,893
AAPL_FEB_RTH_XNAS_ITCH_mbp1.dbn.zst,AAPL_FEB_RTH,XNAS.ITCH,AAPL,EVENT,100,150,512
AAPL_FEB_RTH_XNAS_ITCH_mbp1.dbn.zst,AAPL_FEB_RTH,XNAS.ITCH,AAPL,EVENT,150,200,519
AAPL_FEB_RTH_XNAS_ITCH_mbp1.dbn.zst,AAPL_FEB_RTH,XNAS.ITCH,AAPL,EVENT,200,250,484
AAPL_FEB_RTH_XNAS_ITCH_mbp1.dbn.zst,AAPL_FEB_RTH,XNAS.ITCH,AAPL,EVENT,250,300,315
AAPL_FEB_RTH_XNAS_ITCH_mbp1.dbn.zst,AAPL_FEB_RTH,XNAS.ITCH,AAPL,EVENT,300,350,358
AAPL_FEB_RTH_XNAS_ITCH_mbp1.dbn.zst,AAPL_FEB_RTH,XNAS.ITCH,AAPL,EVENT,350,400,328
AAPL_FEB_RTH_XNAS_ITCH_mbp1.dbn.zst,AAPL_FEB_RTH,XNAS.ITCH,AAPL,EVENT,400,450,312
AAPL_FEB_RTH_XNAS_ITCH_mbp1.dbn.zst,AAPL_FEB_RTH,XNAS.ITCH,AAPL,EVENT,450,500,356
AAPL_FEB_RTH_XNAS_ITCH_mbp1.dbn.zst,AAPL_FEB_RTH,XNAS.ITCH,AAPL,EVENT,500,550,333
AAPL_FEB_RTH_XNAS_ITCH_mbp1.dbn.zst,AAPL_FEB_RTH,XNAS.ITCH,AAPL,EVENT,550,600,395
AAPL_FEB_RTH_XNAS_ITCH_mbp1.dbn.zst,AAPL_FEB_RTH,XNAS.ITCH,AAPL,EVENT,600,650,415
AAPL_FEB_RTH_XNAS_ITCH_mbp1.dbn.zst,AAPL_FEB_RTH,XNAS.ITCH,AAPL,EVENT,650,700,375
AAPL_FEB_RTH_XNAS_ITCH_mbp1.dbn.zst,AAPL_FEB_RTH,XNAS.ITCH,AAPL,EVENT,700,750,314
AAPL_FEB_RTH_XNAS_ITCH_mbp1.dbn.zst,AAPL_FEB_RTH,XNAS.ITCH,AAPL,EVENT,750,800,319
AAPL_FEB_RTH_XNAS_ITCH_mbp1.dbn.zst,AAPL_FEB_RTH,XNAS.ITCH,AAPL,EVENT,800,850,225
AAPL_FEB_RTH_XNAS_ITCH_mbp1.dbn.zst,AAPL_FEB_RTH,XNAS.ITCH,AAPL,EVENT,850,900,230
AAPL_FEB_RTH_XNAS_ITCH_mbp1.dbn.zst,AAPL_FEB_RTH,XNAS.ITCH,AAPL,EVENT,900,950,279
AAPL_FEB_RTH_XNAS_ITCH_mbp1.dbn.zst,AAPL_FEB_RTH,XNAS.ITCH,AAPL,EVENT,950,1000,237
AAPL_FEB_RTH_XNAS_ITCH_mbp1.dbn.zst,AAPL_FEB_RTH,XNAS.ITCH,AAPL,EVENT,1000,1050,218
AAPL_FEB_RTH_XNAS_ITCH_mbp1.dbn.zst,AAPL_FEB_RTH,XNAS.ITCH,AAPL,EVENT,1050,1100,265
AAPL_FEB_RTH_XNAS_ITCH_mbp1.dbn.zst,AAPL_FEB_RTH,XNAS.ITCH,AAPL,EVENT,1100,1150,255
AAPL_FEB_RTH_XNAS_ITCH_mbp1.dbn.zst,AAPL_FEB_RTH,XNAS.ITCH,AAPL,EVENT,1150,1200,188
AAPL_FEB_RTH_XNAS_ITCH_mbp1.dbn.zst,AAPL_FEB_RTH,XNAS.ITCH,AAPL,EVENT,1200,1250,166
AAPL_FEB_RTH_XNAS_ITCH_mbp1.dbn.zst,AAPL_FEB_RTH,XNAS.ITCH,AAPL,EVENT,1250,1300,180
AAPL_FEB_RTH_XNAS_ITCH_mbp1.dbn.zst,AAPL_FEB_RTH,XNAS.ITCH,AAPL,EVENT,1300,1350,191
AAPL_FEB_RTH_XNAS_ITCH_mbp1.dbn.zst,AAPL_FEB_RTH,XNAS.ITCH,AAPL,EVENT,1350,1400,199
AAPL_FEB_RTH_XNAS_ITCH_mbp1.dbn.zst,AAPL_FEB_RTH,XNAS.ITCH,AAPL,EVENT,1400,1450,218
AAPL_FEB_RTH_XNAS_ITCH_mbp1.dbn.zst,AAPL_FEB_RTH,XNAS.ITCH,AAPL,EVENT,1450,1500,195
AAPL_FEB_RTH_XNAS_ITCH_mbp1.dbn.zst,AAPL_FEB_RTH,XNAS.ITCH,AAPL,EVENT,1500,1550,192
AAPL_FEB_RTH_XNAS_ITCH_mbp1.dbn.zst,AAPL_FEB_RTH,XNAS.ITCH,AAPL,EVENT,1550,1600,151
AAPL_FEB_RTH_XNAS_ITCH_mbp1.dbn.zst,AAPL_FEB_RTH,XNAS.ITCH,AAPL,EVENT,1600,1650,129
AAPL_FEB_RTH_XNAS_ITCH_mbp1.dbn.zst,AAPL_FEB_RTH,XNAS.ITCH,AAPL,EVENT,1650,1700,140
AAPL_FEB_RTH_XNAS_ITCH_mbp1.dbn.zst,AAPL_FEB_RTH,XNAS.ITCH,AAPL,EVENT,1700,1750,135
AAPL_FEB_RTH_XNAS_ITCH_mbp1.dbn.zst,AAPL_FEB_RTH,XNAS.ITCH,AAPL,EVENT,1750,1800,152
AAPL_FEB_RTH_XNAS_ITCH_mbp1.dbn.zst,AAPL_FEB_RTH,XNAS.ITCH,AAPL,EVENT,1800,1850,206
AAPL_FEB_RTH_XNAS_ITCH_mbp1.dbn.zst,AAPL_FEB_RTH,XNAS.ITCH,AAPL,EVENT,1850,1900,149
AAPL_FEB_RTH_XNAS_ITCH_mbp1.dbn.zst,AAPL_FEB_RTH,XNAS.ITCH,AAPL,EVENT,1900,1950,146
AAPL_FEB_RTH_XNAS_ITCH_mbp1.dbn.zst,AAPL_FEB_RTH,XNAS.ITCH,AAPL,EVENT,1950,2000,156
AAPL_FEB_RTH_XNAS_ITCH_mbp1.dbn.zst,AAPL_FEB_RTH,XNAS.ITCH,AAPL,EVENT,2000,2050,154
AAPL_FEB_RTH_XNAS_ITCH_mbp1.dbn.zst,AAPL_FEB_RTH,XNAS.ITCH,AAPL,EVENT,2050,2100,140
AAPL_FEB_RTH_XNAS_ITCH_mbp1.dbn.zst,AAPL_FEB_RTH,XNAS.ITCH,AAPL,EVENT,2100,2150,174
AAPL_FEB_RTH_XNAS_ITCH_mbp1.dbn.zst,AAPL_FEB_RTH,XNAS.ITCH,AAPL,EVENT,2150,2200,146
AAPL_FEB_RTH_XNAS_ITCH_mbp1.dbn.zst,AAPL_FEB_RTH,XNAS.ITCH,AAPL,EVENT,2200,2250,183
AAPL_FEB_RTH_XNAS_ITCH_mbp1.dbn.zst,AAPL_FEB_RTH,XNAS.ITCH,AAPL,EVENT,2250,2300,136
AAPL_FEB_RTH_XNAS_ITCH_mbp1.dbn.zst,AAPL_FEB_RTH,XNAS.ITCH,AAPL,EVENT,2300,2350,185
AAPL_FEB_RTH_XNAS_ITCH_mbp1.dbn.zst,AAPL_FEB_RTH,XNAS.ITCH,AAPL,EVENT,2350,2400,124
AAPL_FEB_RTH_XNAS_ITCH_mbp1.dbn.zst,AAPL_FEB_RTH,XNAS.ITCH,AAPL,EVENT,2400,2450,177
AAPL_FEB_RTH_XNAS_ITCH_mbp1.dbn.zst,AAPL_FEB_RTH,XNAS.ITCH,AAPL,EVENT,2450,2500,157
AAPL_FEB_RTH_XNAS_ITCH_mbp1.dbn.zst,AAPL_FEB_RTH,XNAS.ITCH,AAPL,EVENT,2500,2550,129
AAPL_FEB_RTH_XNAS_ITCH_mbp1.dbn.zst,AAPL_FEB_RTH,XNAS.ITCH,AAPL,EVENT,2550,2600,119
AAPL_FEB_RTH_XNAS_ITCH_mbp1.dbn.zst,AAPL_FEB_RTH,XNAS.ITCH,AAPL,EVENT,2600,2650,101
AAPL_FEB_RTH_XNAS_ITCH_mbp1.dbn.zst,AAPL_FEB_RTH,XNAS.ITCH,AAPL,EVENT,2650,2700,129
AAPL_FEB_RTH_XNAS_ITCH_mbp1.dbn.zst,AAPL_FEB_RTH,XNAS.ITCH,AAPL,EVENT,2700,2750,125
AAPL_FEB_RTH_XNAS_ITCH_mbp1.dbn.zst,AAPL_FEB_RTH,XNAS.ITCH,AAPL,EVENT,2750,2800,173
AAPL_FEB_RTH_XNAS_ITCH_mbp1.dbn.zst,AAPL_FEB_RTH,XNAS.ITCH,AAPL,EVENT,2800,2850,104
AAPL_FEB_RTH_XNAS_ITCH_mbp1.dbn.zst,AAPL_FEB_RTH,XNAS.ITCH,AAPL,EVENT,2850,2900,137
AAPL_FEB_RTH_XNAS_ITCH_mbp1.dbn.zst,AAPL_FEB_RTH,XNAS.ITCH,AAPL,EVENT,2900,2950,313
AAPL_FEB_RTH_XNAS_ITCH_mbp1.dbn.zst,AAPL_FEB_RTH,XNAS.ITCH,AAPL,EVENT,2950,3000,79
AAPL_FEB_RTH_XNAS_ITCH_mbp1.dbn.zst,AAPL_FEB_RTH,XNAS.ITCH,AAPL,EVENT,3000,3050,141
AAPL_FEB_RTH_XNAS_ITCH_mbp1.dbn.zst,AAPL_FEB_RTH,XNAS.ITCH,AAPL,EVENT,3050,3100,119
AAPL_FEB_RTH_XNAS_ITCH_mbp1.dbn.zst,AAPL_FEB_RTH,XNAS.ITCH,AAPL,EVENT,3100,3150,83
AAPL_FEB_RTH_XNAS_ITCH_mbp1.dbn.zst,AAPL_FEB_RTH,XNAS.ITCH,AAPL,EVENT,3150,3200,144
AAPL_FEB_RTH_XNAS_ITCH_mbp1.dbn.zst,AAPL_FEB_RTH,XNAS.ITCH,AAPL,EVENT,3200,3250,83
AAPL_FEB_RTH_XNAS_ITCH_mbp1.dbn.zst,AAPL_FEB_RTH,XNAS.ITCH,AAPL,EVENT,3250,3300,112
AAPL_FEB_RTH_XNAS_ITCH_mbp1.dbn.zst,AAPL_FEB_RTH,XNAS.ITCH,AAPL,EVENT,3300,3350,112
AAPL_FEB_RTH_XNAS_ITCH_mbp1.dbn.zst,AAPL_FEB_RTH,XNAS.ITCH,AAPL,EVENT,3350,3400,100
AAPL_FEB_RTH_XNAS_ITCH_mbp1.dbn.zst,AAPL_FEB_RTH,XNAS.ITCH,AAPL,EVENT,3400,3450,70
AAPL_FEB_RTH_XNAS_ITCH_mbp1.dbn.zst,AAPL_FEB_RTH,XNAS.ITCH,AAPL,EVENT,3450,3500,71
AAPL_FEB_RTH_XNAS_ITCH_mbp1.dbn.zst,AAPL_FEB_RTH,XNAS.ITCH,AAPL,EVENT,3500,3550,96
AAPL_FEB_RTH_XNAS_ITCH_mbp1.dbn.zst,AAPL_FEB_RTH,XNAS.ITCH,AAPL,EVENT,3550,3600,121
AAPL_FEB_RTH_XNAS_ITCH_mbp1.dbn.zst,AAPL_FEB_RTH,XNAS.ITCH,AAPL,EVENT,3600,3650,122
AAPL_FEB_RTH_XNAS_ITCH_mbp1.dbn.zst,AAPL_FEB_RTH,XNAS.ITCH,AAPL,EVENT,3650,3700,132
AAPL_FEB_RTH_XNAS_ITCH_mbp1.dbn.zst,AAPL_FEB_RTH,XNAS.ITCH,AAPL,EVENT,3700,3750,108
AAPL_FEB_RTH_XNAS_ITCH_mbp1.dbn.zst,AAPL_FEB_RTH,XNAS.ITCH,AAPL,EVENT,3750,3800,71
AAPL_FEB_RTH_XNAS_ITCH_mbp1.dbn.zst,AAPL_FEB_RTH,XNAS.ITCH,AAPL,EVENT,3800,3850,136
AAPL_FEB_RTH_XNAS_ITCH_mbp1.dbn.zst,AAPL_FEB_RTH,XNAS.ITCH,AAPL,EVENT,3850,3900,116
AAPL_FEB_RTH_XNAS_ITCH_mbp1.dbn.zst,AAPL_FEB_RTH,XNAS.ITCH,AAPL,EVENT,3900,3950,120
AAPL_FEB_RTH_XNAS_ITCH_mbp1.dbn.zst,AAPL_FEB_RTH,XNAS.ITCH,AAPL,EVENT,3950,4000,124
AAPL_FEB_RTH_XNAS_ITCH_mbp1.dbn.zst,AAPL_FEB_RTH,XNAS.ITCH,AAPL,EVENT,4000,4050,100
AAPL_FEB_RTH_XNAS_ITCH_mbp1.dbn.zst,AAPL_FEB_RTH,XNAS.ITCH,AAPL,EVENT,4050,4100,127
AAPL_FEB_RTH_XNAS_ITCH_mbp1.dbn.zst,AAPL_FEB_RTH,XNAS.ITCH,AAPL,EVENT,4100,4150,106
AAPL_FEB_RTH_XNAS_ITCH_mbp1.dbn.zst,AAPL_FEB_RTH,XNAS.ITCH,AAPL,EVENT,4150,4200,105
AAPL_FEB_RTH_XNAS_ITCH_mbp1.dbn.zst,AAPL_FEB_RTH,XNAS.ITCH,AAPL,EVENT,4200,4250,103
AAPL_FEB_RTH_XNAS_ITCH_mbp1.dbn.zst,AAPL_FEB_RTH,XNAS.ITCH,AAPL,EVENT,4250,4300,106
AAPL_FEB_RTH_XNAS_ITCH_mbp1.dbn.zst,AAPL_FEB_RTH,XNAS.ITCH,AAPL,EVENT,4300,4350,136
AAPL_FEB_RTH_XNAS_ITCH_mbp1.dbn.zst,AAPL_FEB_RTH,XNAS.ITCH,AAPL,EVENT,4350,4400,95
AAPL_FEB_RTH_XNAS_ITCH_mbp1.dbn.zst,AAPL_FEB_RTH,XNAS.ITCH,AAPL,EVENT,4400,4450,184
AAPL_FEB_RTH_XNAS_ITCH_mbp1.dbn.zst,AAPL_FEB_RTH,XNAS.ITCH,AAPL,EVENT,4450,4500,187
AAPL_FEB_RTH_XNAS_ITCH_mbp1.dbn.zst,AAPL_FEB_RTH,XNAS.ITCH,AAPL,EVENT,4500,4550,129
AAPL_FEB_RTH_XNAS_ITCH_mbp1.dbn.zst,AAPL_FEB_RTH,XNAS.ITCH,AAPL,EVENT,4550,4600,111
AAPL_FEB_RTH_XNAS_ITCH_mbp1.dbn.zst,AAPL_FEB_RTH,XNAS.ITCH,AAPL,EVENT,4600,4650,118
AAPL_FEB_RTH_XNAS_ITCH_mbp1.dbn.zst,AAPL_FEB_RTH,XNAS.ITCH,AAPL,EVENT,4650,4700,128
AAPL_FEB_RTH_XNAS_ITCH_mbp1.dbn.zst,AAPL_FEB_RTH,XNAS.ITCH,AAPL,EVENT,4700,4750,134
AAPL_FEB_RTH_XNAS_ITCH_mbp1.dbn.zst,AAPL_FEB_RTH,XNAS.ITCH,AAPL,EVENT,4750,4800,119
AAPL_FEB_RTH_XNAS_ITCH_mbp1.dbn.zst,AAPL_FEB_RTH,XNAS.ITCH,AAPL,EVENT,4800,4850,74
AAPL_FEB_RTH_XNAS_ITCH_mbp1.dbn.zst,AAPL_FEB_RTH,XNAS.ITCH,AAPL,EVENT,4850,4900,83
AAPL_FEB_RTH_XNAS_ITCH_mbp1.dbn.zst,AAPL_FEB_RTH,XNAS.ITCH,AAPL,EVENT,4900,4950,53
AAPL_FEB_RTH_XNAS_ITCH_mbp1.dbn.zst,AAPL_FEB_RTH,XNAS.ITCH,AAPL,EVENT,4950,5000,116
AAPL_FEB_RTH_XNAS_ITCH_mbp1.dbn.zst,AAPL_FEB_RTH,XNAS.ITCH,AAPL,RECEIVE,-5000,-4950,100
AAPL_FEB_RTH_XNAS_ITCH_mbp1.dbn.zst,AAPL_FEB_RTH,XNAS.ITCH,AAPL,RECEIVE,-4950,-4900,120
AAPL_FEB_RTH_XNAS_ITCH_mbp1.dbn.zst,AAPL_FEB_RTH,XNAS.ITCH,AAPL,RECEIVE,-4900,-4850,178
AAPL_FEB_RTH_XNAS_ITCH_mbp1.dbn.zst,AAPL_FEB_RTH,XNAS.ITCH,AAPL,RECEIVE,-4850,-4800,268
AAPL_FEB_RTH_XNAS_ITCH_mbp1.dbn.zst,AAPL_FEB_RTH,XNAS.ITCH,AAPL,RECEIVE,-4800,-4750,164
AAPL_FEB_RTH_XNAS_ITCH_mbp1.dbn.zst,AAPL_FEB_RTH,XNAS.ITCH,AAPL,RECEIVE,-4750,-4700,169
AAPL_FEB_RTH_XNAS_ITCH_mbp1.dbn.zst,AAPL_FEB_RTH,XNAS.ITCH,AAPL,RECEIVE,-4700,-4650,114
AAPL_FEB_RTH_XNAS_ITCH_mbp1.dbn.zst,AAPL_FEB_RTH,XNAS.ITCH,AAPL,RECEIVE,-4650,-4600,94
AAPL_FEB_RTH_XNAS_ITCH_mbp1.dbn.zst,AAPL_FEB_RTH,XNAS.ITCH,AAPL,RECEIVE,-4600,-4550,92
AAPL_FEB_RTH_XNAS_ITCH_mbp1.dbn.zst,AAPL_FEB_RTH,XNAS.ITCH,AAPL,RECEIVE,-4550,-4500,207
AAPL_FEB_RTH_XNAS_ITCH_mbp1.dbn.zst,AAPL_FEB_RTH,XNAS.ITCH,AAPL,RECEIVE,-4500,-4450,154
AAPL_FEB_RTH_XNAS_ITCH_mbp1.dbn.zst,AAPL_FEB_RTH,XNAS.ITCH,AAPL,RECEIVE,-4450,-4400,124
AAPL_FEB_RTH_XNAS_ITCH_mbp1.dbn.zst,AAPL_FEB_RTH,XNAS.ITCH,AAPL,RECEIVE,-4400,-4350,191
AAPL_FEB_RTH_XNAS_ITCH_mbp1.dbn.zst,AAPL_FEB_RTH,XNAS.ITCH,AAPL,RECEIVE,-4350,-4300,159
AAPL_FEB_RTH_XNAS_ITCH_mbp1.dbn.zst,AAPL_FEB_RTH,XNAS.ITCH,AAPL,RECEIVE,-4300,-4250,339
AAPL_FEB_RTH_XNAS_ITCH_mbp1.dbn.zst,AAPL_FEB_RTH,XNAS.ITCH,AAPL,RECEIVE,-4250,-4200,168
AAPL_FEB_RTH_XNAS_ITCH_mbp1.dbn.zst,AAPL_FEB_RTH,XNAS.ITCH,AAPL,RECEIVE,-4200,-4150,173
AAPL_FEB_RTH_XNAS_ITCH_mbp1.dbn.zst,AAPL_FEB_RTH,XNAS.ITCH,AAPL,RECEIVE,-4150,-4100,506
AAPL_FEB_RTH_XNAS_ITCH_mbp1.dbn.zst,AAPL_FEB_RTH,XNAS.ITCH,AAPL,RECEIVE,-4100,-4050,219
AAPL_FEB_RTH_XNAS_ITCH_mbp1.dbn.zst,AAPL_FEB_RTH,XNAS.ITCH,AAPL,RECEIVE,-4050,-4000,250
AAPL_FEB_RTH_XNAS_ITCH_mbp1.dbn.zst,AAPL_FEB_RTH,XNAS.ITCH,AAPL,RECEIVE,-4000,-3950,144
AAPL_FEB_RTH_XNAS_ITCH_mbp1.dbn.zst,AAPL_FEB_RTH,XNAS.ITCH,AAPL,RECEIVE,-3950,-3900,141
AAPL_FEB_RTH_XNAS_ITCH_mbp1.dbn.zst,AAPL_FEB_RTH,XNAS.ITCH,AAPL,RECEIVE,-3900,-3850,160
AAPL_FEB_RTH_XNAS_ITCH_mbp1.dbn.zst,AAPL_FEB_RTH,XNAS.ITCH,AAPL,RECEIVE,-3850,-3800,151
AAPL_FEB_RTH_XNAS_ITCH_mbp1.dbn.zst,AAPL_FEB_RTH,XNAS.ITCH,AAPL,RECEIVE,-3800,-3750,222
AAPL_FEB_RTH_XNAS_ITCH_mbp1.dbn.zst,AAPL_FEB_RTH,XNAS.ITCH,AAPL,RECEIVE,-3750,-3700,165
AAPL_FEB_RTH_XNAS_ITCH_mbp1.dbn.zst,AAPL_FEB_RTH,XNAS.ITCH,AAPL,RECEIVE,-3700,-3650,61
AAPL_FEB_RTH_XNAS_ITCH_mbp1.dbn.zst,AAPL_FEB_RTH,XNAS.ITCH,AAPL,RECEIVE,-3650,-3600,228
AAPL_FEB_RTH_XNAS_ITCH_mbp1.dbn.zst,AAPL_FEB_RTH,XNAS.ITCH,AAPL,RECEIVE,-3600,-3550,119
AAPL_FEB_RTH_XNAS_ITCH_mbp1.dbn.zst,AAPL_FEB_RTH,XNAS.ITCH,AAPL,RECEIVE,-3550,-3500,116
AAPL_FEB_RTH_XNAS_ITCH_mbp1.dbn.zst,AAPL_FEB_RTH,XNAS.ITCH,AAPL,RECEIVE,-3500,-3450,113
AAPL_FEB_RTH_XNAS_ITCH_mbp1.dbn.zst,AAPL_FEB_RTH,XNAS.ITCH,AAPL,RECEIVE,-3450,-3400,135
AAPL_FEB_RTH_XNAS_ITCH_mbp1.dbn.zst,AAPL_FEB_RTH,XNAS.ITCH,AAPL,RECEIVE,-3400,-3350,109
AAPL_FEB_RTH_XNAS_ITCH_mbp1.dbn.zst,AAPL_FEB_RTH,XNAS.ITCH,AAPL,RECEIVE,-3350,-3300,245
AAPL_FEB_RTH_XNAS_ITCH_mbp1.dbn.zst,AAPL_FEB_RTH,XNAS.ITCH,AAPL,RECEIVE,-3300,-3250,160
AAPL_FEB_RTH_XNAS_ITCH_mbp1.dbn.zst,AAPL_FEB_RTH,XNAS.ITCH,AAPL,RECEIVE,-3250,-3200,234
AAPL_FEB_RTH_XNAS_ITCH_mbp1.dbn.zst,AAPL_FEB_RTH,XNAS.ITCH,AAPL,RECEIVE,-3200,-3150,362
AAPL_FEB_RTH_XNAS_ITCH_mbp1.dbn.zst,AAPL_FEB_RTH,XNAS.ITCH,AAPL,RECEIVE,-3150,-3100,116
AAPL_FEB_RTH_XNAS_ITCH_mbp1.dbn.zst,AAPL_FEB_RTH,XNAS.ITCH,AAPL,RECEIVE,-3100,-3050,139
AAPL_FEB_RTH_XNAS_ITCH_mbp1.dbn.zst,AAPL_FEB_RTH,XNAS.ITCH,AAPL,RECEIVE,-3050,-3000,337
AAPL_FEB_RTH_XNAS_ITCH_mbp1.dbn.zst,AAPL_FEB_RTH,XNAS.ITCH,AAPL,RECEIVE,-3000,-2950,108
AAPL_FEB_RTH_XNAS_ITCH_mbp1.dbn.zst,AAPL_FEB_RTH,XNAS.ITCH,AAPL,RECEIVE,-2950,-2900,206
AAPL_FEB_RTH_XNAS_ITCH_mbp1.dbn.zst,AAPL_FEB_RTH,XNAS.ITCH,AAPL,RECEIVE,-2900,-2850,189
AAPL_FEB_RTH_XNAS_ITCH_mbp1.dbn.zst,AAPL_FEB_RTH,XNAS.ITCH,AAPL,RECEIVE,-2850,-2800,244
AAPL_FEB_RTH_XNAS_ITCH_mbp1.dbn.zst,AAPL_FEB_RTH,XNAS.ITCH,AAPL,RECEIVE,-2800,-2750,403
AAPL_FEB_RTH_XNAS_ITCH_mbp1.dbn.zst,AAPL_FEB_RTH,XNAS.ITCH,AAPL,RECEIVE,-2750,-2700,250
AAPL_FEB_RTH_XNAS_ITCH_mbp1.dbn.zst,AAPL_FEB_RTH,XNAS.ITCH,AAPL,RECEIVE,-2700,-2650,188
AAPL_FEB_RTH_XNAS_ITCH_mbp1.dbn.zst,AAPL_FEB_RTH,XNAS.ITCH,AAPL,RECEIVE,-2650,-2600,324
AAPL_FEB_RTH_XNAS_ITCH_mbp1.dbn.zst,AAPL_FEB_RTH,XNAS.ITCH,AAPL,RECEIVE,-2600,-2550,210
AAPL_FEB_RTH_XNAS_ITCH_mbp1.dbn.zst,AAPL_FEB_RTH,XNAS.ITCH,AAPL,RECEIVE,-2550,-2500,325
AAPL_FEB_RTH_XNAS_ITCH_mbp1.dbn.zst,AAPL_FEB_RTH,XNAS.ITCH,AAPL,RECEIVE,-2500,-2450,445
AAPL_FEB_RTH_XNAS_ITCH_mbp1.dbn.zst,AAPL_FEB_RTH,XNAS.ITCH,AAPL,RECEIVE,-2450,-2400,216
AAPL_FEB_RTH_XNAS_ITCH_mbp1.dbn.zst,AAPL_FEB_RTH,XNAS.ITCH,AAPL,RECEIVE,-2400,-2350,212
AAPL_FEB_RTH_XNAS_ITCH_mbp1.dbn.zst,AAPL_FEB_RTH,XNAS.ITCH,AAPL,RECEIVE,-2350,-2300,452
AAPL_FEB_RTH_XNAS_ITCH_mbp1.dbn.zst,AAPL_FEB_RTH,XNAS.ITCH,AAPL,RECEIVE,-2300,-2250,248
AAPL_FEB_RTH_XNAS_ITCH_mbp1.dbn.zst,AAPL_FEB_RTH,XNAS.ITCH,AAPL,RECEIVE,-2250,-2200,159
AAPL_FEB_RTH_XNAS_ITCH_mbp1.dbn.zst,AAPL_FEB_RTH,XNAS.ITCH,AAPL,RECEIVE,-2200,-2150,192
AAPL_FEB_RTH_XNAS_ITCH_mbp1.dbn.zst,AAPL_FEB_RTH,XNAS.ITCH,AAPL,RECEIVE,-2150,-2100,379
AAPL_FEB_RTH_XNAS_ITCH_mbp1.dbn.zst,AAPL_FEB_RTH,XNAS.ITCH,AAPL,RECEIVE,-2100,-2050,316
AAPL_FEB_RTH_XNAS_ITCH_mbp1.dbn.zst,AAPL_FEB_RTH,XNAS.ITCH,AAPL,RECEIVE,-2050,-2000,330
AAPL_FEB_RTH_XNAS_ITCH_mbp1.dbn.zst,AAPL_FEB_RTH,XNAS.ITCH,AAPL,RECEIVE,-2000,-1950,208
AAPL_FEB_RTH_XNAS_ITCH_mbp1.dbn.zst,AAPL_FEB_RTH,XNAS.ITCH,AAPL,RECEIVE,-1950,-1900,235
AAPL_FEB_RTH_XNAS_ITCH_mbp1.dbn.zst,AAPL_FEB_RTH,XNAS.ITCH,AAPL,RECEIVE,-1900,-1850,162
AAPL_FEB_RTH_XNAS_ITCH_mbp1.dbn.zst,AAPL_FEB_RTH,XNAS.ITCH,AAPL,RECEIVE,-1850,-1800,256
AAPL_FEB_RTH_XNAS_ITCH_mbp1.dbn.zst,AAPL_FEB_RTH,XNAS.ITCH,AAPL,RECEIVE,-1800,-1750,248
AAPL_FEB_RTH_XNAS_ITCH_mbp1.dbn.zst,AAPL_FEB_RTH,XNAS.ITCH,AAPL,RECEIVE,-1750,-1700,184
AAPL_FEB_RTH_XNAS_ITCH_mbp1.dbn.zst,AAPL_FEB_RTH,XNAS.ITCH,AAPL,RECEIVE,-1700,-1650,149
AAPL_FEB_RTH_XNAS_ITCH_mbp1.dbn.zst,AAPL_FEB_RTH,XNAS.ITCH,AAPL,RECEIVE,-1650,-1600,183
AAPL_FEB_RTH_XNAS_ITCH_mbp1.dbn.zst,AAPL_FEB_RTH,XNAS.ITCH,AAPL,RECEIVE,-1600,-1550,284
AAPL_FEB_RTH_XNAS_ITCH_mbp1.dbn.zst,AAPL_FEB_RTH,XNAS.ITCH,AAPL,RECEIVE,-1550,-1500,399
AAPL_FEB_RTH_XNAS_ITCH_mbp1.dbn.zst,AAPL_FEB_RTH,XNAS.ITCH,AAPL,RECEIVE,-1500,-1450,465
AAPL_FEB_RTH_XNAS_ITCH_mbp1.dbn.zst,AAPL_FEB_RTH,XNAS.ITCH,AAPL,RECEIVE,-1450,-1400,246
AAPL_FEB_RTH_XNAS_ITCH_mbp1.dbn.zst,AAPL_FEB_RTH,XNAS.ITCH,AAPL,RECEIVE,-1400,-1350,508
AAPL_FEB_RTH_XNAS_ITCH_mbp1.dbn.zst,AAPL_FEB_RTH,XNAS.ITCH,AAPL,RECEIVE,-1350,-1300,359
AAPL_FEB_RTH_XNAS_ITCH_mbp1.dbn.zst,AAPL_FEB_RTH,XNAS.ITCH,AAPL,RECEIVE,-1300,-1250,328
AAPL_FEB_RTH_XNAS_ITCH_mbp1.dbn.zst,AAPL_FEB_RTH,XNAS.ITCH,AAPL,RECEIVE,-1250,-1200,264
AAPL_FEB_RTH_XNAS_ITCH_mbp1.dbn.zst,AAPL_FEB_RTH,XNAS.ITCH,AAPL,RECEIVE,-1200,-1150,307
AAPL_FEB_RTH_XNAS_ITCH_mbp1.dbn.zst,AAPL_FEB_RTH,XNAS.ITCH,AAPL,RECEIVE,-1150,-1100,501
AAPL_FEB_RTH_XNAS_ITCH_mbp1.dbn.zst,AAPL_FEB_RTH,XNAS.ITCH,AAPL,RECEIVE,-1100,-1050,486
AAPL_FEB_RTH_XNAS_ITCH_mbp1.dbn.zst,AAPL_FEB_RTH,XNAS.ITCH,AAPL,RECEIVE,-1050,-1000,423
AAPL_FEB_RTH_XNAS_ITCH_mbp1.dbn.zst,AAPL_FEB_RTH,XNAS.ITCH,AAPL,RECEIVE,-1000,-950,350
AAPL_FEB_RTH_XNAS_ITCH_mbp1.dbn.zst,AAPL_FEB_RTH,XNAS.ITCH,AAPL,RECEIVE,-950,-900,289
AAPL_FEB_RTH_XNAS_ITCH_mbp1.dbn.zst,AAPL_FEB_RTH,XNAS.ITCH,AAPL,RECEIVE,-900,-850,501
AAPL_FEB_RTH_XNAS_ITCH_mbp1.dbn.zst,AAPL_FEB_RTH,XNAS.ITCH,AAPL,RECEIVE,-850,-800,338
AAPL_FEB_RTH_XNAS_ITCH_mbp1.dbn.zst,AAPL_FEB_RTH,XNAS.ITCH,AAPL,RECEIVE,-800,-750,543
AAPL_FEB_RTH_XNAS_ITCH_mbp1.dbn.zst,AAPL_FEB_RTH,XNAS.ITCH,AAPL,RECEIVE,-750,-700,405
AAPL_FEB_RTH_XNAS_ITCH_mbp1.dbn.zst,AAPL_FEB_RTH,XNAS.ITCH,AAPL,RECEIVE,-700,-650,438
AAPL_FEB_RTH_XNAS_ITCH_mbp1.dbn.zst,AAPL_FEB_RTH,XNAS.ITCH,AAPL,RECEIVE,-650,-600,559
AAPL_FEB_RTH_XNAS_ITCH_mbp1.dbn.zst,AAPL_FEB_RTH,XNAS.ITCH,AAPL,RECEIVE,-600,-550,616
AAPL_FEB_RTH_XNAS_ITCH_mbp1.dbn.zst,AAPL_FEB_RTH,XNAS.ITCH,AAPL,RECEIVE,-550,-500,669
AAPL_FEB_RTH_XNAS_ITCH_mbp1.dbn.zst,AAPL_FEB_RTH,XNAS.ITCH,AAPL,RECEIVE,-500,-450,606
AAPL_FEB_RTH_XNAS_ITCH_mbp1.dbn.zst,AAPL_FEB_RTH,XNAS.ITCH,AAPL,RECEIVE,-450,-400,791
AAPL_FEB_RTH_XNAS_ITCH_mbp1.dbn.zst,AAPL_FEB_RTH,XNAS.ITCH,AAPL,RECEIVE,-400,-350,689
AAPL_FEB_RTH_XNAS_ITCH_mbp1.dbn.zst,AAPL_FEB_RTH,XNAS.ITCH,AAPL,RECEIVE,-350,-300,1128
AAPL_FEB_RTH_XNAS_ITCH_mbp1.dbn.zst,AAPL_FEB_RTH,XNAS.ITCH,AAPL,RECEIVE,-300,-250,589
AAPL_FEB_RTH_XNAS_ITCH_mbp1.dbn.zst,AAPL_FEB_RTH,XNAS.ITCH,AAPL,RECEIVE,-250,-200,903
AAPL_FEB_RTH_XNAS_ITCH_mbp1.dbn.zst,AAPL_FEB_RTH,XNAS.ITCH,AAPL,RECEIVE,-200,-150,1086
AAPL_FEB_RTH_XNAS_ITCH_mbp1.dbn.zst,AAPL_FEB_RTH,XNAS.ITCH,AAPL,RECEIVE,-150,-100,1246
AAPL_FEB_RTH_XNAS_ITCH_mbp1.dbn.zst,AAPL_FEB_RTH,XNAS.ITCH,AAPL,RECEIVE,-100,-50,1374
AAPL_FEB_RTH_XNAS_ITCH_mbp1.dbn.zst,AAPL_FEB_RTH,XNAS.ITCH,AAPL,RECEIVE,-50,0,1045
AAPL_FEB_RTH_XNAS_ITCH_mbp1.dbn.zst,AAPL_FEB_RTH,XNAS.ITCH,AAPL,RECEIVE,0,50,698
AAPL_FEB_RTH_XNAS_ITCH_mbp1.dbn.zst,AAPL_FEB_RTH,XNAS.ITCH,AAPL,RECEIVE,50,100,692
AAPL_FEB_RTH_XNAS_ITCH_mbp1.dbn.zst,AAPL_FEB_RTH,XNAS.ITCH,AAPL,RECEIVE,100,150,826
AAPL_FEB_RTH_XNAS_ITCH_mbp1.dbn.zst,AAPL_FEB_RTH,XNAS.ITCH,AAPL,RECEIVE,150,200,443
AAPL_FEB_RTH_XNAS_ITCH_mbp1.dbn.zst,AAPL_FEB_RTH,XNAS.ITCH,AAPL,RECEIVE,200,250,451
AAPL_FEB_RTH_XNAS_ITCH_mbp1.dbn.zst,AAPL_FEB_RTH,XNAS.ITCH,AAPL,RECEIVE,250,300,347
AAPL_FEB_RTH_XNAS_ITCH_mbp1.dbn.zst,AAPL_FEB_RTH,XNAS.ITCH,AAPL,RECEIVE,300,350,375
AAPL_FEB_RTH_XNAS_ITCH_mbp1.dbn.zst,AAPL_FEB_RTH,XNAS.ITCH,AAPL,RECEIVE,350,400,317
AAPL_FEB_RTH_XNAS_ITCH_mbp1.dbn.zst,AAPL_FEB_RTH,XNAS.ITCH,AAPL,RECEIVE,400,450,283
AAPL_FEB_RTH_XNAS_ITCH_mbp1.dbn.zst,AAPL_FEB_RTH,XNAS.ITCH,AAPL,RECEIVE,450,500,353
AAPL_FEB_RTH_XNAS_ITCH_mbp1.dbn.zst,AAPL_FEB_RTH,XNAS.ITCH,AAPL,RECEIVE,500,550,317
AAPL_FEB_RTH_XNAS_ITCH_mbp1.dbn.zst,AAPL_FEB_RTH,XNAS.ITCH,AAPL,RECEIVE,550,600,306
AAPL_FEB_RTH_XNAS_ITCH_mbp1.dbn.zst,AAPL_FEB_RTH,XNAS.ITCH,AAPL,RECEIVE,600,650,320
AAPL_FEB_RTH_XNAS_ITCH_mbp1.dbn.zst,AAPL_FEB_RTH,XNAS.ITCH,AAPL,RECEIVE,650,700,383
AAPL_FEB_RTH_XNAS_ITCH_mbp1.dbn.zst,AAPL_FEB_RTH,XNAS.ITCH,AAPL,RECEIVE,700,750,372
AAPL_FEB_RTH_XNAS_ITCH_mbp1.dbn.zst,AAPL_FEB_RTH,XNAS.ITCH,AAPL,RECEIVE,750,800,361
AAPL_FEB_RTH_XNAS_ITCH_mbp1.dbn.zst,AAPL_FEB_RTH,XNAS.ITCH,AAPL,RECEIVE,800,850,259
AAPL_FEB_RTH_XNAS_ITCH_mbp1.dbn.zst,AAPL_FEB_RTH,XNAS.ITCH,AAPL,RECEIVE,850,900,247
AAPL_FEB_RTH_XNAS_ITCH_mbp1.dbn.zst,AAPL_FEB_RTH,XNAS.ITCH,AAPL,RECEIVE,900,950,239
AAPL_FEB_RTH_XNAS_ITCH_mbp1.dbn.zst,AAPL_FEB_RTH,XNAS.ITCH,AAPL,RECEIVE,950,1000,236
AAPL_FEB_RTH_XNAS_ITCH_mbp1.dbn.zst,AAPL_FEB_RTH,XNAS.ITCH,AAPL,RECEIVE,1000,1050,221
AAPL_FEB_RTH_XNAS_ITCH_mbp1.dbn.zst,AAPL_FEB_RTH,XNAS.ITCH,AAPL,RECEIVE,1050,1100,316
AAPL_FEB_RTH_XNAS_ITCH_mbp1.dbn.zst,AAPL_FEB_RTH,XNAS.ITCH,AAPL,RECEIVE,1100,1150,282
AAPL_FEB_RTH_XNAS_ITCH_mbp1.dbn.zst,AAPL_FEB_RTH,XNAS.ITCH,AAPL,RECEIVE,1150,1200,221
AAPL_FEB_RTH_XNAS_ITCH_mbp1.dbn.zst,AAPL_FEB_RTH,XNAS.ITCH,AAPL,RECEIVE,1200,1250,174
AAPL_FEB_RTH_XNAS_ITCH_mbp1.dbn.zst,AAPL_FEB_RTH,XNAS.ITCH,AAPL,RECEIVE,1250,1300,173
AAPL_FEB_RTH_XNAS_ITCH_mbp1.dbn.zst,AAPL_FEB_RTH,XNAS.ITCH,AAPL,RECEIVE,1300,1350,186
AAPL_FEB_RTH_XNAS_ITCH_mbp1.dbn.zst,AAPL_FEB_RTH,XNAS.ITCH,AAPL,RECEIVE,1350,1400,183
AAPL_FEB_RTH_XNAS_ITCH_mbp1.dbn.zst,AAPL_FEB_RTH,XNAS.ITCH,AAPL,RECEIVE,1400,1450,193
AAPL_FEB_RTH_XNAS_ITCH_mbp1.dbn.zst,AAPL_FEB_RTH,XNAS.ITCH,AAPL,RECEIVE,1450,1500,194
AAPL_FEB_RTH_XNAS_ITCH_mbp1.dbn.zst,AAPL_FEB_RTH,XNAS.ITCH,AAPL,RECEIVE,1500,1550,187
AAPL_FEB_RTH_XNAS_ITCH_mbp1.dbn.zst,AAPL_FEB_RTH,XNAS.ITCH,AAPL,RECEIVE,1550,1600,183
AAPL_FEB_RTH_XNAS_ITCH_mbp1.dbn.zst,AAPL_FEB_RTH,XNAS.ITCH,AAPL,RECEIVE,1600,1650,131
AAPL_FEB_RTH_XNAS_ITCH_mbp1.dbn.zst,AAPL_FEB_RTH,XNAS.ITCH,AAPL,RECEIVE,1650,1700,151
AAPL_FEB_RTH_XNAS_ITCH_mbp1.dbn.zst,AAPL_FEB_RTH,XNAS.ITCH,AAPL,RECEIVE,1700,1750,153
AAPL_FEB_RTH_XNAS_ITCH_mbp1.dbn.zst,AAPL_FEB_RTH,XNAS.ITCH,AAPL,RECEIVE,1750,1800,153
AAPL_FEB_RTH_XNAS_ITCH_mbp1.dbn.zst,AAPL_FEB_RTH,XNAS.ITCH,AAPL,RECEIVE,1800,1850,191
AAPL_FEB_RTH_XNAS_ITCH_mbp1.dbn.zst,AAPL_FEB_RTH,XNAS.ITCH,AAPL,RECEIVE,1850,1900,125
AAPL_FEB_RTH_XNAS_ITCH_mbp1.dbn.zst,AAPL_FEB_RTH,XNAS.ITCH,AAPL,RECEIVE,1900,1950,142
AAPL_FEB_RTH_XNAS_ITCH_mbp1.dbn.zst,AAPL_FEB_RTH,XNAS.ITCH,AAPL,RECEIVE,1950,2000,181
AAPL_FEB_RTH_XNAS_ITCH_mbp1.dbn.zst,AAPL_FEB_RTH,XNAS.ITCH,AAPL,RECEIVE,2000,2050,144
AAPL_FEB_RTH_XNAS_ITCH_mbp1.dbn.zst,AAPL_FEB_RTH,XNAS.ITCH,AAPL,RECEIVE,2050,2100,137
AAPL_FEB_RTH_XNAS_ITCH_mbp1.dbn.zst,AAPL_FEB_RTH,XNAS.ITCH,AAPL,RECEIVE,2100,2150,198
AAPL_FEB_RTH_XNAS_ITCH_mbp1.dbn.zst,AAPL_FEB_RTH,XNAS.ITCH,AAPL,RECEIVE,2150,2200,140
AAPL_FEB_RTH_XNAS_ITCH_mbp1.dbn.zst,AAPL_FEB_RTH,XNAS.ITCH,AAPL,RECEIVE,2200,2250,168
AAPL_FEB_RTH_XNAS_ITCH_mbp1.dbn.zst,AAPL_FEB_RTH,XNAS.ITCH,AAPL,RECEIVE,2250,2300,147
AAPL_FEB_RTH_XNAS_ITCH_mbp1.dbn.zst,AAPL_FEB_RTH,XNAS.ITCH,AAPL,RECEIVE,2300,2350,167
AAPL_FEB_RTH_XNAS_ITCH_mbp1.dbn.zst,AAPL_FEB_RTH,XNAS.ITCH,AAPL,RECEIVE,2350,2400,128
AAPL_FEB_RTH_XNAS_ITCH_mbp1.dbn.zst,AAPL_FEB_RTH,XNAS.ITCH,AAPL,RECEIVE,2400,2450,201
AAPL_FEB_RTH_XNAS_ITCH_mbp1.dbn.zst,AAPL_FEB_RTH,XNAS.ITCH,AAPL,RECEIVE,2450,2500,138
AAPL_FEB_RTH_XNAS_ITCH_mbp1.dbn.zst,AAPL_FEB_RTH,XNAS.ITCH,AAPL,RECEIVE,2500,2550,147
AAPL_FEB_RTH_XNAS_ITCH_mbp1.dbn.zst,AAPL_FEB_RTH,XNAS.ITCH,AAPL,RECEIVE,2550,2600,126
AAPL_FEB_RTH_XNAS_ITCH_mbp1.dbn.zst,AAPL_FEB_RTH,XNAS.ITCH,AAPL,RECEIVE,2600,2650,110
AAPL_FEB_RTH_XNAS_ITCH_mbp1.dbn.zst,AAPL_FEB_RTH,XNAS.ITCH,AAPL,RECEIVE,2650,2700,146
AAPL_FEB_RTH_XNAS_ITCH_mbp1.dbn.zst,AAPL_FEB_RTH,XNAS.ITCH,AAPL,RECEIVE,2700,2750,125
AAPL_FEB_RTH_XNAS_ITCH_mbp1.dbn.zst,AAPL_FEB_RTH,XNAS.ITCH,AAPL,RECEIVE,2750,2800,145
AAPL_FEB_RTH_XNAS_ITCH_mbp1.dbn.zst,AAPL_FEB_RTH,XNAS.ITCH,AAPL,RECEIVE,2800,2850,115
AAPL_FEB_RTH_XNAS_ITCH_mbp1.dbn.zst,AAPL_FEB_RTH,XNAS.ITCH,AAPL,RECEIVE,2850,2900,219
AAPL_FEB_RTH_XNAS_ITCH_mbp1.dbn.zst,AAPL_FEB_RTH,XNAS.ITCH,AAPL,RECEIVE,2900,2950,185
AAPL_FEB_RTH_XNAS_ITCH_mbp1.dbn.zst,AAPL_FEB_RTH,XNAS.ITCH,AAPL,RECEIVE,2950,3000,85
AAPL_FEB_RTH_XNAS_ITCH_mbp1.dbn.zst,AAPL_FEB_RTH,XNAS.ITCH,AAPL,RECEIVE,3000,3050,128
AAPL_FEB_RTH_XNAS_ITCH_mbp1.dbn.zst,AAPL_FEB_RTH,XNAS.ITCH,AAPL,RECEIVE,3050,3100,141
AAPL_FEB_RTH_XNAS_ITCH_mbp1.dbn.zst,AAPL_FEB_RTH,XNAS.ITCH,AAPL,RECEIVE,3100,3150,96
AAPL_FEB_RTH_XNAS_ITCH_mbp1.dbn.zst,AAPL_FEB_RTH,XNAS.ITCH,AAPL,RECEIVE,3150,3200,130
AAPL_FEB_RTH_XNAS_ITCH_mbp1.dbn.zst,AAPL_FEB_RTH,XNAS.ITCH,AAPL,RECEIVE,3200,3250,90
AAPL_FEB_RTH_XNAS_ITCH_mbp1.dbn.zst,AAPL_FEB_RTH,XNAS.ITCH,AAPL,RECEIVE,3250,3300,101
AAPL_FEB_RTH_XNAS_ITCH_mbp1.dbn.zst,AAPL_FEB_RTH,XNAS.ITCH,AAPL,RECEIVE,3300,3350,93
AAPL_FEB_RTH_XNAS_ITCH_mbp1.dbn.zst,AAPL_FEB_RTH,XNAS.ITCH,AAPL,RECEIVE,3350,3400,103
AAPL_FEB_RTH_XNAS_ITCH_mbp1.dbn.zst,AAPL_FEB_RTH,XNAS.ITCH,AAPL,RECEIVE,3400,3450,82
AAPL_FEB_RTH_XNAS_ITCH_mbp1.dbn.zst,AAPL_FEB_RTH,XNAS.ITCH,AAPL,RECEIVE,3450,3500,85
AAPL_FEB_RTH_XNAS_ITCH_mbp1.dbn.zst,AAPL_FEB_RTH,XNAS.ITCH,AAPL,RECEIVE,3500,3550,91
AAPL_FEB_RTH_XNAS_ITCH_mbp1.dbn.zst,AAPL_FEB_RTH,XNAS.ITCH,AAPL,RECEIVE,3550,3600,139
AAPL_FEB_RTH_XNAS_ITCH_mbp1.dbn.zst,AAPL_FEB_RTH,XNAS.ITCH,AAPL,RECEIVE,3600,3650,151
AAPL_FEB_RTH_XNAS_ITCH_mbp1.dbn.zst,AAPL_FEB_RTH,XNAS.ITCH,AAPL,RECEIVE,3650,3700,94
AAPL_FEB_RTH_XNAS_ITCH_mbp1.dbn.zst,AAPL_FEB_RTH,XNAS.ITCH,AAPL,RECEIVE,3700,3750,90
AAPL_FEB_RTH_XNAS_ITCH_mbp1.dbn.zst,AAPL_FEB_RTH,XNAS.ITCH,AAPL,RECEIVE,3750,3800,117
AAPL_FEB_RTH_XNAS_ITCH_mbp1.dbn.zst,AAPL_FEB_RTH,XNAS.ITCH,AAPL,RECEIVE,3800,3850,108
AAPL_FEB_RTH_XNAS_ITCH_mbp1.dbn.zst,AAPL_FEB_RTH,XNAS.ITCH,AAPL,RECEIVE,3850,3900,148
AAPL_FEB_RTH_XNAS_ITCH_mbp1.dbn.zst,AAPL_FEB_RTH,XNAS.ITCH,AAPL,RECEIVE,3900,3950,180
AAPL_FEB_RTH_XNAS_ITCH_mbp1.dbn.zst,AAPL_FEB_RTH,XNAS.ITCH,AAPL,RECEIVE,3950,4000,164
AAPL_FEB_RTH_XNAS_ITCH_mbp1.dbn.zst,AAPL_FEB_RTH,XNAS.ITCH,AAPL,RECEIVE,4000,4050,177
AAPL_FEB_RTH_XNAS_ITCH_mbp1.dbn.zst,AAPL_FEB_RTH,XNAS.ITCH,AAPL,RECEIVE,4050,4100,171
AAPL_FEB_RTH_XNAS_ITCH_mbp1.dbn.zst,AAPL_FEB_RTH,XNAS.ITCH,AAPL,RECEIVE,4100,4150,163
AAPL_FEB_RTH_XNAS_ITCH_mbp1.dbn.zst,AAPL_FEB_RTH,XNAS.ITCH,AAPL,RECEIVE,4150,4200,137
AAPL_FEB_RTH_XNAS_ITCH_mbp1.dbn.zst,AAPL_FEB_RTH,XNAS.ITCH,AAPL,RECEIVE,4200,4250,156
AAPL_FEB_RTH_XNAS_ITCH_mbp1.dbn.zst,AAPL_FEB_RTH,XNAS.ITCH,AAPL,RECEIVE,4250,4300,176
AAPL_FEB_RTH_XNAS_ITCH_mbp1.dbn.zst,AAPL_FEB_RTH,XNAS.ITCH,AAPL,RECEIVE,4300,4350,197
AAPL_FEB_RTH_XNAS_ITCH_mbp1.dbn.zst,AAPL_FEB_RTH,XNAS.ITCH,AAPL,RECEIVE,4350,4400,179
AAPL_FEB_RTH_XNAS_ITCH_mbp1.dbn.zst,AAPL_FEB_RTH,XNAS.ITCH,AAPL,RECEIVE,4400,4450,233
AAPL_FEB_RTH_XNAS_ITCH_mbp1.dbn.zst,AAPL_FEB_RTH,XNAS.ITCH,AAPL,RECEIVE,4450,4500,234
AAPL_FEB_RTH_XNAS_ITCH_mbp1.dbn.zst,AAPL_FEB_RTH,XNAS.ITCH,AAPL,RECEIVE,4500,4550,205
AAPL_FEB_RTH_XNAS_ITCH_mbp1.dbn.zst,AAPL_FEB_RTH,XNAS.ITCH,AAPL,RECEIVE,4550,4600,155
AAPL_FEB_RTH_XNAS_ITCH_mbp1.dbn.zst,AAPL_FEB_RTH,XNAS.ITCH,AAPL,RECEIVE,4600,4650,185
AAPL_FEB_RTH_XNAS_ITCH_mbp1.dbn.zst,AAPL_FEB_RTH,XNAS.ITCH,AAPL,RECEIVE,4650,4700,176
AAPL_FEB_RTH_XNAS_ITCH_mbp1.dbn.zst,AAPL_FEB_RTH,XNAS.ITCH,AAPL,RECEIVE,4700,4750,215
AAPL_FEB_RTH_XNAS_ITCH_mbp1.dbn.zst,AAPL_FEB_RTH,XNAS.ITCH,AAPL,RECEIVE,4750,4800,133
AAPL_FEB_RTH_XNAS_ITCH_mbp1.dbn.zst,AAPL_FEB_RTH,XNAS.ITCH,AAPL,RECEIVE,4800,4850,123
AAPL_FEB_RTH_XNAS_ITCH_mbp1.dbn.zst,AAPL_FEB_RTH,XNAS.ITCH,AAPL,RECEIVE,4850,4900,137
AAPL_FEB_RTH_XNAS_ITCH_mbp1.dbn.zst,AAPL_FEB_RTH,XNAS.ITCH,AAPL,RECEIVE,4900,4950,126
AAPL_FEB_RTH_XNAS_ITCH_mbp1.dbn.zst,AAPL_FEB_RTH,XNAS.ITCH,AAPL,RECEIVE,4950,5000,165
AAPL_FEB_XNAS_ITCH_mbp1.dbn.zst,AAPL_FEB,XNAS.ITCH,AAPL,EVENT,-5000,-4950,0
AAPL_FEB_XNAS_ITCH_mbp1.dbn.zst,AAPL_FEB,XNAS.ITCH,AAPL,EVENT,-4950,-4900,17
AAPL_FEB_XNAS_ITCH_mbp1.dbn.zst,AAPL_FEB,XNAS.ITCH,AAPL,EVENT,-4900,-4850,0
AAPL_FEB_XNAS_ITCH_mbp1.dbn.zst,AAPL_FEB,XNAS.ITCH,AAPL,EVENT,-4850,-4800,0
AAPL_FEB_XNAS_ITCH_mbp1.dbn.zst,AAPL_FEB,XNAS.ITCH,AAPL,EVENT,-4800,-4750,3
AAPL_FEB_XNAS_ITCH_mbp1.dbn.zst,AAPL_FEB,XNAS.ITCH,AAPL,EVENT,-4750,-4700,33
AAPL_FEB_XNAS_ITCH_mbp1.dbn.zst,AAPL_FEB,XNAS.ITCH,AAPL,EVENT,-4700,-4650,0
AAPL_FEB_XNAS_ITCH_mbp1.dbn.zst,AAPL_FEB,XNAS.ITCH,AAPL,EVENT,-4650,-4600,1
AAPL_FEB_XNAS_ITCH_mbp1.dbn.zst,AAPL_FEB,XNAS.ITCH,AAPL,EVENT,-4600,-4550,2
AAPL_FEB_XNAS_ITCH_mbp1.dbn.zst,AAPL_FEB,XNAS.ITCH,AAPL,EVENT,-4550,-4500,8
AAPL_FEB_XNAS_ITCH_mbp1.dbn.zst,AAPL_FEB,XNAS.ITCH,AAPL,EVENT,-4500,-4450,2
AAPL_FEB_XNAS_ITCH_mbp1.dbn.zst,AAPL_FEB,XNAS.ITCH,AAPL,EVENT,-4450,-4400,2
AAPL_FEB_XNAS_ITCH_mbp1.dbn.zst,AAPL_FEB,XNAS.ITCH,AAPL,EVENT,-4400,-4350,1
AAPL_FEB_XNAS_ITCH_mbp1.dbn.zst,AAPL_FEB,XNAS.ITCH,AAPL,EVENT,-4350,-4300,1
AAPL_FEB_XNAS_ITCH_mbp1.dbn.zst,AAPL_FEB,XNAS.ITCH,AAPL,EVENT,-4300,-4250,2
AAPL_FEB_XNAS_ITCH_mbp1.dbn.zst,AAPL_FEB,XNAS.ITCH,AAPL,EVENT,-4250,-4200,11
AAPL_FEB_XNAS_ITCH_mbp1.dbn.zst,AAPL_FEB,XNAS.ITCH,AAPL,EVENT,-4200,-4150,5
AAPL_FEB_XNAS_ITCH_mbp1.dbn.zst,AAPL_FEB,XNAS.ITCH,AAPL,EVENT,-4150,-4100,2
AAPL_FEB_XNAS_ITCH_mbp1.dbn.zst,AAPL_FEB,XNAS.ITCH,AAPL,EVENT,-4100,-4050,15
AAPL_FEB_XNAS_ITCH_mbp1.dbn.zst,AAPL_FEB,XNAS.ITCH,AAPL,EVENT,-4050,-4000,2
AAPL_FEB_XNAS_ITCH_mbp1.dbn.zst,AAPL_FEB,XNAS.ITCH,AAPL,EVENT,-4000,-3950,11
AAPL_FEB_XNAS_ITCH_mbp1.dbn.zst,AAPL_FEB,XNAS.ITCH,AAPL,EVENT,-3950,-3900,2
AAPL_FEB_XNAS_ITCH_mbp1.dbn.zst,AAPL_FEB,XNAS.ITCH,AAPL,EVENT,-3900,-3850,0
AAPL_FEB_XNAS_ITCH_mbp1.dbn.zst,AAPL_FEB,XNAS.ITCH,AAPL,EVENT,-3850,-3800,0
AAPL_FEB_XNAS_ITCH_mbp1.dbn.zst,AAPL_FEB,XNAS.ITCH,AAPL,EVENT,-3800,-3750,0
AAPL_FEB_XNAS_ITCH_mbp1.dbn.zst,AAPL_FEB,XNAS.ITCH,AAPL,EVENT,-3750,-3700,1
AAPL_FEB_XNAS_ITCH_mbp1.dbn.zst,AAPL_FEB,XNAS.ITCH,AAPL,EVENT,-3700,-3650,0
AAPL_FEB_XNAS_ITCH_mbp1.dbn.zst,AAPL_FEB,XNAS.ITCH,AAPL,EVENT,-3650,-3600,1
AAPL_FEB_XNAS_ITCH_mbp1.dbn.zst,AAPL_FEB,XNAS.ITCH,AAPL,EVENT,-3600,-3550,0
AAPL_FEB_XNAS_ITCH_mbp1.dbn.zst,AAPL_FEB,XNAS.ITCH,AAPL,EVENT,-3550,-3500,1
AAPL_FEB_XNAS_ITCH_mbp1.dbn.zst,AAPL_FEB,XNAS.ITCH,AAPL,EVENT,-3500,-3450,4
AAPL_FEB_XNAS_ITCH_mbp1.dbn.zst,AAPL_FEB,XNAS.ITCH,AAPL,EVENT,-3450,-3400,0
AAPL_FEB_XNAS_ITCH_mbp1.dbn.zst,AAPL_FEB,XNAS.ITCH,AAPL,EVENT,-3400,-3350,20
AAPL_FEB_XNAS_ITCH_mbp1.dbn.zst,AAPL_FEB,XNAS.ITCH,AAPL,EVENT,-3350,-3300,6
AAPL_FEB_XNAS_ITCH_mbp1.dbn.zst,AAPL_FEB,XNAS.ITCH,AAPL,EVENT,-3300,-3250,1
AAPL_FEB_XNAS_ITCH_mbp1.dbn.zst,AAPL_FEB,XNAS.ITCH,AAPL,EVENT,-3250,-3200,3
AAPL_FEB_XNAS_ITCH_mbp1.dbn.zst,AAPL_FEB,XNAS.ITCH,AAPL,EVENT,-3200,-3150,1
AAPL_FEB_XNAS_ITCH_mbp1.dbn.zst,AAPL_FEB,XNAS.ITCH,AAPL,EVENT,-3150,-3100,11
AAPL_FEB_XNAS_ITCH_mbp1.dbn.zst,AAPL_FEB,XNAS.ITCH,AAPL,EVENT,-3100,-3050,2
AAPL_FEB_XNAS_ITCH_mbp1.dbn.zst,AAPL_FEB,XNAS.ITCH,AAPL,EVENT,-3050,-3000,0
AAPL_FEB_XNAS_ITCH_mbp1.dbn.zst,AAPL_FEB,XNAS.ITCH,AAPL,EVENT,-3000,-2950,5
AAPL_FEB_XNAS_ITCH_mbp1.dbn.zst,AAPL_FEB,XNAS.ITCH,AAPL,EVENT,-2950,-2900,0
AAPL_FEB_XNAS_ITCH_mbp1.dbn.zst,AAPL_FEB,XNAS.ITCH,AAPL,EVENT,-2900,-2850,2
AAPL_FEB_XNAS_ITCH_mbp1.dbn.zst,AAPL_FEB,XNAS.ITCH,AAPL,EVENT,-2850,-2800,0
AAPL_FEB_XNAS_ITCH_mbp1.dbn.zst,AAPL_FEB,XNAS.ITCH,AAPL,EVENT,-2800,-2750,0
AAPL_FEB_XNAS_ITCH_mbp1.dbn.zst,AAPL_FEB,XNAS.ITCH,AAPL,EVENT,-2750,-2700,49
AAPL_FEB_XNAS_ITCH_mbp1.dbn.zst,AAPL_FEB,XNAS.ITCH,AAPL,EVENT,-2700,-2650,0
AAPL_FEB_XNAS_ITCH_mbp1.dbn.zst,AAPL_FEB,XNAS.ITCH,AAPL,EVENT,-2650,-2600,0
AAPL_FEB_XNAS_ITCH_mbp1.dbn.zst,AAPL_FEB,XNAS.ITCH,AAPL,EVENT,-2600,-2550,2
AAPL_FEB_XNAS_ITCH_mbp1.dbn.zst,AAPL_FEB,XNAS.ITCH,AAPL,EVENT,-2550,-2500,1
AAPL_FEB_XNAS_ITCH_mbp1.dbn.zst,AAPL_FEB,XNAS.ITCH,AAPL,EVENT,-2500,-2450,18
AAPL_FEB_XNAS_ITCH_mbp1.dbn.zst,AAPL_FEB,XNAS.ITCH,AAPL,EVENT,-2450,-2400,1
AAPL_FEB_XNAS_ITCH_mbp1.dbn.zst,AAPL_FEB,XNAS.ITCH,AAPL,EVENT,-2400,-2350,1
AAPL_FEB_XNAS_ITCH_mbp1.dbn.zst,AAPL_FEB,XNAS.ITCH,AAPL,EVENT,-2350,-2300,5
AAPL_FEB_XNAS_ITCH_mbp1.dbn.zst,AAPL_FEB,XNAS.ITCH,AAPL,EVENT,-2300,-2250,0
AAPL_FEB_XNAS_ITCH_mbp1.dbn.zst,AAPL_FEB,XNAS.ITCH,AAPL,EVENT,-2250,-2200,26
AAPL_FEB_XNAS_ITCH_mbp1.dbn.zst,AAPL_FEB,XNAS.ITCH,AAPL,EVENT,-2200,-2150,2
AAPL_FEB_XNAS_ITCH_mbp1.dbn.zst,AAPL_FEB,XNAS.ITCH,AAPL,EVENT,-2150,-2100,1169
AAPL_FEB_XNAS_ITCH_mbp1.dbn.zst,AAPL_FEB,XNAS.ITCH,AAPL,EVENT,-2100,-2050,41
AAPL_FEB_XNAS_ITCH_mbp1.dbn.zst,AAPL_FEB,XNAS.ITCH,AAPL,EVENT,-2050,-2000,9
AAPL_FEB_XNAS_ITCH_mbp1.dbn.zst,AAPL_FEB,XNAS.ITCH,AAPL,EVENT,-2000,-1950,34
AAPL_FEB_XNAS_ITCH_mbp1.dbn.zst,AAPL_FEB,XNAS.ITCH,AAPL,EVENT,-1950,-1900,85
AAPL_FEB_XNAS_ITCH_mbp1.dbn.zst,AAPL_FEB,XNAS.ITCH,AAPL,EVENT,-1900,-1850,3
AAPL_FEB_XNAS_ITCH_mbp1.dbn.zst,AAPL_FEB,XNAS.ITCH,AAPL,EVENT,-1850,-1800,0
AAPL_FEB_XNAS_ITCH_mbp1.dbn.zst,AAPL_FEB,XNAS.ITCH,AAPL,EVENT,-1800,-1750,9
AAPL_FEB_XNAS_ITCH_mbp1.dbn.zst,AAPL_FEB,XNAS.ITCH,AAPL,EVENT,-1750,-1700,6
AAPL_FEB_XNAS_ITCH_mbp1.dbn.zst,AAPL_FEB,XNAS.ITCH,AAPL,EVENT,-1700,-1650,0
AAPL_FEB_XNAS_ITCH_mbp1.dbn.zst,AAPL_FEB,XNAS.ITCH,AAPL,EVENT,-1650,-1600,146
AAPL_FEB_XNAS_ITCH_mbp1.dbn.zst,AAPL_FEB,XNAS.ITCH,AAPL,EVENT,-1600,-1550,4
AAPL_FEB_XNAS_ITCH_mbp1.dbn.zst,AAPL_FEB,XNAS.ITCH,AAPL,EVENT,-1550,-1500,8
AAPL_FEB_XNAS_ITCH_mbp1.dbn.zst,AAPL_FEB,XNAS.ITCH,AAPL,EVENT,-1500,-1450,42
AAPL_FEB_XNAS_ITCH_mbp1.dbn.zst,AAPL_FEB,XNAS.ITCH,AAPL,EVENT,-1450,-1400,80
AAPL_FEB_XNAS_ITCH_mbp1.dbn.zst,AAPL_FEB,XNAS.ITCH,AAPL,EVENT,-1400,-1350,0
AAPL_FEB_XNAS_ITCH_mbp1.dbn.zst,AAPL_FEB,XNAS.ITCH,AAPL,EVENT,-1350,-1300,2354
AAPL_FEB_XNAS_ITCH_mbp1.dbn.zst,AAPL_FEB,XNAS.ITCH,AAPL,EVENT,-1300,-1250,10
AAPL_FEB_XNAS_ITCH_mbp1.dbn.zst,AAPL_FEB,XNAS.ITCH,AAPL,EVENT,-1250,-1200,18
AAPL_FEB_XNAS_ITCH_mbp1.dbn.zst,AAPL_FEB,XNAS.ITCH,AAPL,EVENT,-1200,-1150,168
AAPL_FEB_XNAS_ITCH_mbp1.dbn.zst,AAPL_FEB,XNAS.ITCH,AAPL,EVENT,-1150,-1100,37
AAPL_FEB_XNAS_ITCH_mbp1.dbn.zst,AAPL_FEB,XNAS.ITCH,AAPL,EVENT,-1100,-1050,84
AAPL_FEB_XNAS_ITCH_mbp1.dbn.zst,AAPL_FEB,XNAS.ITCH,AAPL,EVENT,-1050,-1000,18
AAPL_FEB_XNAS_ITCH_mbp1.dbn.zst,AAPL_FEB,XNAS.ITCH,AAPL,EVENT,-1000,-950,28
AAPL_FEB_XNAS_ITCH_mbp1.dbn.zst,AAPL_FEB,XNAS.ITCH,AAPL,EVENT,-950,-900,63
AAPL_FEB_XNAS_ITCH_mbp1.dbn.zst,AAPL_FEB,XNAS.ITCH,AAPL,EVENT,-900,-850,1
AAPL_FEB_XNAS_ITCH_mbp1.dbn.zst,AAPL_FEB,XNAS.ITCH,AAPL,EVENT,-850,-800,312
AAPL_FEB_XNAS_ITCH_mbp1.dbn.zst,AAPL_FEB,XNAS.ITCH,AAPL,EVENT,-800,-750,16
AAPL_FEB_XNAS_ITCH_mbp1.dbn.zst,AAPL_FEB,XNAS.ITCH,AAPL,EVENT,-750,-700,37
AAPL_FEB_XNAS_ITCH_mbp1.dbn.zst,AAPL_FEB,XNAS.ITCH,AAPL,EVENT,-700,-650,35
AAPL_FEB_XNAS_ITCH_mbp1.dbn.zst,AAPL_FEB,XNAS.ITCH,AAPL,EVENT,-650,-600,37
AAPL_FEB_XNAS_ITCH_mbp1.dbn.zst,AAPL_FEB,XNAS.ITCH,AAPL,EVENT,-600,-550,45
AAPL_FEB_XNAS_ITCH_mbp1.dbn.zst,AAPL_FEB,XNAS.ITCH,AAPL,EVENT,-550,-500,110
AAPL_FEB_XNAS_ITCH_mbp1.dbn.zst,AAPL_FEB,XNAS.ITCH,AAPL,EVENT,-500,-450,9
AAPL_FEB_XNAS_ITCH_mbp1.dbn.zst,AAPL_FEB,XNAS.ITCH,AAPL,EVENT,-450,-400,7
AAPL_FEB_XNAS_ITCH_mbp1.dbn.zst,AAPL_FEB,XNAS.ITCH,AAPL,EVENT,-400,-350,51
AAPL_FEB_XNAS_ITCH_mbp1.dbn.zst,AAPL_FEB,XNAS.ITCH,AAPL,EVENT,-350,-300,7
AAPL_FEB_XNAS_ITCH_mbp1.dbn.zst,AAPL_FEB,XNAS.ITCH,AAPL,EVENT,-300,-250,5
AAPL_FEB_XNAS_ITCH_mbp1.dbn.zst,AAPL_FEB,XNAS.ITCH,AAPL,EVENT,-250,-200,9
AAPL_FEB_XNAS_ITCH_mbp1.dbn.zst,AAPL_FEB,XNAS.ITCH,AAPL,EVENT,-200,-150,21
AAPL_FEB_XNAS_ITCH_mbp1.dbn.zst,AAPL_FEB,XNAS.ITCH,AAPL,EVENT,-150,-100,7
AAPL_FEB_XNAS_ITCH_mbp1.dbn.zst,AAPL_FEB,XNAS.ITCH,AAPL,EVENT,-100,-50,5
AAPL_FEB_XNAS_ITCH_mbp1.dbn.zst,AAPL_FEB,XNAS.ITCH,AAPL,EVENT,-50,0,12
AAPL_FEB_XNAS_ITCH_mbp1.dbn.zst,AAPL_FEB,XNAS.ITCH,AAPL,EVENT,0,50,7
AAPL_FEB_XNAS_ITCH_mbp1.dbn.zst,AAPL_FEB,XNAS.ITCH,AAPL,EVENT,50,100,1812
AAPL_FEB_XNAS_ITCH_mbp1.dbn.zst,AAPL_FEB,XNAS.ITCH,AAPL,EVENT,100,150,19
AAPL_FEB_XNAS_ITCH_mbp1.dbn.zst,AAPL_FEB,XNAS.ITCH,AAPL,EVENT,150,200,8
AAPL_FEB_XNAS_ITCH_mbp1.dbn.zst,AAPL_FEB,XNAS.ITCH,AAPL,EVENT,200,250,117
AAPL_FEB_XNAS_ITCH_mbp1.dbn.zst,AAPL_FEB,XNAS.ITCH,AAPL,EVENT,250,300,154
AAPL_FEB_XNAS_ITCH_mbp1.dbn.zst,AAPL_FEB,XNAS.ITCH,AAPL,EVENT,300,350,4
AAPL_FEB_XNAS_ITCH_mbp1.dbn.zst,AAPL_FEB,XNAS.ITCH,AAPL,EVENT,350,400,3
AAPL_FEB_XNAS_ITCH_mbp1.dbn.zst,AAPL_FEB,XNAS.ITCH,AAPL,EVENT,400,450,16
AAPL_FEB_XNAS_ITCH_mbp1.dbn.zst,AAPL_FEB,XNAS.ITCH,AAPL,EVENT,450,500,18
AAPL_FEB_XNAS_ITCH_mbp1.dbn.zst,AAPL_FEB,XNAS.ITCH,AAPL,EVENT,500,550,12
AAPL_FEB_XNAS_ITCH_mbp1.dbn.zst,AAPL_FEB,XNAS.ITCH,AAPL,EVENT,550,600,231
AAPL_FEB_XNAS_ITCH_mbp1.dbn.zst,AAPL_FEB,XNAS.ITCH,AAPL,EVENT,600,650,7
AAPL_FEB_XNAS_ITCH_mbp1.dbn.zst,AAPL_FEB,XNAS.ITCH,AAPL,EVENT,650,700,8
AAPL_FEB_XNAS_ITCH_mbp1.dbn.zst,AAPL_FEB,XNAS.ITCH,AAPL,EVENT,700,750,83
AAPL_FEB_XNAS_ITCH_mbp1.dbn.zst,AAPL_FEB,XNAS.ITCH,AAPL,EVENT,750,800,2
AAPL_FEB_XNAS_ITCH_mbp1.dbn.zst,AAPL_FEB,XNAS.ITCH,AAPL,EVENT,800,850,1
AAPL_FEB_XNAS_ITCH_mbp1.dbn.zst,AAPL_FEB,XNAS.ITCH,AAPL,EVENT,850,900,4
AAPL_FEB_XNAS_ITCH_mbp1.dbn.zst,AAPL_FEB,XNAS.ITCH,AAPL,EVENT,900,950,2
AAPL_FEB_XNAS_ITCH_mbp1.dbn.zst,AAPL_FEB,XNAS.ITCH,AAPL,EVENT,950,1000,5
AAPL_FEB_XNAS_ITCH_mbp1.dbn.zst,AAPL_FEB,XNAS.ITCH,AAPL,EVENT,1000,1050,8
AAPL_FEB_XNAS_ITCH_mbp1.dbn.zst,AAPL_FEB,XNAS.ITCH,AAPL,EVENT,1050,1100,7
AAPL_FEB_XNAS_ITCH_mbp1.dbn.zst,AAPL_FEB,XNAS.ITCH,AAPL,EVENT,1100,1150,303
AAPL_FEB_XNAS_ITCH_mbp1.dbn.zst,AAPL_FEB,XNAS.ITCH,AAPL,EVENT,1150,1200,6
AAPL_FEB_XNAS_ITCH_mbp1.dbn.zst,AAPL_FEB,XNAS.ITCH,AAPL,EVENT,1200,1250,9
AAPL_FEB_XNAS_ITCH_mbp1.dbn.zst,AAPL_FEB,XNAS.ITCH,AAPL,EVENT,1250,1300,13
AAPL_FEB_XNAS_ITCH_mbp1.dbn.zst,AAPL_FEB,XNAS.ITCH,AAPL,EVENT,1300,1350,0
AAPL_FEB_XNAS_ITCH_mbp1.dbn.zst,AAPL_FEB,XNAS.ITCH,AAPL,EVENT,1350,1400,7
AAPL_FEB_XNAS_ITCH_mbp1.dbn.zst,AAPL_FEB,XNAS.ITCH,AAPL,EVENT,1400,1450,0
AAPL_FEB_XNAS_ITCH_mbp1.dbn.zst,AAPL_FEB,XNAS.ITCH,AAPL,EVENT,1450,1500,1
AAPL_FEB_XNAS_ITCH_mbp1.dbn.zst,AAPL_FEB,XNAS.ITCH,AAPL,EVENT,1500,1550,151
AAPL_FEB_XNAS_ITCH_mbp1.dbn.zst,AAPL_FEB,XNAS.ITCH,AAPL,EVENT,1550,1600,1
AAPL_FEB_XNAS_ITCH_mbp1.dbn.zst,AAPL_FEB,XNAS.ITCH,AAPL,EVENT,1600,1650,7
AAPL_FEB_XNAS_ITCH_mbp1.dbn.zst,AAPL_FEB,XNAS.ITCH,AAPL,EVENT,1650,1700,118
AAPL_FEB_XNAS_ITCH_mbp1.dbn.zst,AAPL_FEB,XNAS.ITCH,AAPL,EVENT,1700,1750,9
AAPL_FEB_XNAS_ITCH_mbp1.dbn.zst,AAPL_FEB,XNAS.ITCH,AAPL,EVENT,1750,1800,33
AAPL_FEB_XNAS_ITCH_mbp1.dbn.zst,AAPL_FEB,XNAS.ITCH,AAPL,EVENT,1800,1850,3
AAPL_FEB_XNAS_ITCH_mbp1.dbn.zst,AAPL_FEB,XNAS.ITCH,AAPL,EVENT,1850,1900,590
AAPL_FEB_XNAS_ITCH_mbp1.dbn.zst,AAPL_FEB,XNAS.ITCH,AAPL,EVENT,1900,1950,6
AAPL_FEB_XNAS_ITCH_mbp1.dbn.zst,AAPL_FEB,XNAS.ITCH,AAPL,EVENT,1950,2000,8
AAPL_FEB_XNAS_ITCH_mbp1.dbn.zst,AAPL_FEB,XNAS.ITCH,AAPL,EVENT,2000,2050,8
AAPL_FEB_XNAS_ITCH_mbp1.dbn.zst,AAPL_FEB,XNAS.ITCH,AAPL,EVENT,2050,2100,10
AAPL_FEB_XNAS_ITCH_mbp1.dbn.zst,AAPL_FEB,XNAS.ITCH,AAPL,EVENT,2100,2150,25
AAPL_FEB_XNAS_ITCH_mbp1.dbn.zst,AAPL_FEB,XNAS.ITCH,AAPL,EVENT,2150,2200,7
AAPL_FEB_XNAS_ITCH_mbp1.dbn.zst,AAPL_FEB,XNAS.ITCH,AAPL,EVENT,2200,2250,7
AAPL_FEB_XNAS_ITCH_mbp1.dbn.zst,AAPL_FEB,XNAS.ITCH,AAPL,EVENT,2250,2300,10
AAPL_FEB_XNAS_ITCH_mbp1.dbn.zst,AAPL_FEB,XNAS.ITCH,AAPL,EVENT,2300,2350,12
AAPL_FEB_XNAS_ITCH_mbp1.dbn.zst,AAPL_FEB,XNAS.ITCH,AAPL,EVENT,2350,2400,5
AAPL_FEB_XNAS_ITCH_mbp1.dbn.zst,AAPL_FEB,XNAS.ITCH,AAPL,EVENT,2400,2450,5
AAPL_FEB_XNAS_ITCH_mbp1.dbn.zst,AAPL_FEB,XNAS.ITCH,AAPL,EVENT,2450,2500,14
AAPL_FEB_XNAS_ITCH_mbp1.dbn.zst,AAPL_FEB,XNAS.ITCH,AAPL,EVENT,2500,2550,9
AAPL_FEB_XNAS_ITCH_mbp1.dbn.zst,AAPL_FEB,XNAS.ITCH,AAPL,EVENT,2550,2600,19
AAPL_FEB_XNAS_ITCH_mbp1.dbn.zst,AAPL_FEB,XNAS.ITCH,AAPL,EVENT,2600,2650,11
AAPL_FEB_XNAS_ITCH_mbp1.dbn.zst,AAPL_FEB,XNAS.ITCH,AAPL,EVENT,2650,2700,22
AAPL_FEB_XNAS_ITCH_mbp1.dbn.zst,AAPL_FEB,XNAS.ITCH,AAPL,EVENT,2700,2750,5
AAPL_FEB_XNAS_ITCH_mbp1.dbn.zst,AAPL_FEB,XNAS.ITCH,AAPL,EVENT,2750,2800,0
AAPL_FEB_XNAS_ITCH_mbp1.dbn.zst,AAPL_FEB,XNAS.ITCH,AAPL,EVENT,2800,2850,12
AAPL_FEB_XNAS_ITCH_mbp1.dbn.zst,AAPL_FEB,XNAS.ITCH,AAPL,EVENT,2850,2900,126
AAPL_FEB_XNAS_ITCH_mbp1.dbn.zst,AAPL_FEB,XNAS.ITCH,AAPL,EVENT,2900,2950,3
AAPL_FEB_XNAS_ITCH_mbp1.dbn.zst,AAPL_FEB,XNAS.ITCH,AAPL,EVENT,2950,3000,75
AAPL_FEB_XNAS_ITCH_mbp1.dbn.zst,AAPL_FEB,XNAS.ITCH,AAPL,EVENT,3000,3050,7
AAPL_FEB_XNAS_ITCH_mbp1.dbn.zst,AAPL_FEB,XNAS.ITCH,AAPL,EVENT,3050,3100,3
AAPL_FEB_XNAS_ITCH_mbp1.dbn.zst,AAPL_FEB,XNAS.ITCH,AAPL,EVENT,3100,3150,153
AAPL_FEB_XNAS_ITCH_mbp1.dbn.zst,AAPL_FEB,XNAS.ITCH,AAPL,EVENT,3150,3200,161
AAPL_FEB_XNAS_ITCH_mbp1.dbn.zst,AAPL_FEB,XNAS.ITCH,AAPL,EVENT,3200,3250,0
AAPL_FEB_XNAS_ITCH_mbp1.dbn.zst,AAPL_FEB,XNAS.ITCH,AAPL,EVENT,3250,3300,833
AAPL_FEB_XNAS_ITCH_mbp1.dbn.zst,AAPL_FEB,XNAS.ITCH,AAPL,EVENT,3300,3350,12
AAPL_FEB_XNAS_ITCH_mbp1.dbn.zst,AAPL_FEB,XNAS.ITCH,AAPL,EVENT,3350,3400,0
AAPL_FEB_XNAS_ITCH_mbp1.dbn.zst,AAPL_FEB,XNAS.ITCH,AAPL,EVENT,3400,3450,14
AAPL_FEB_XNAS_ITCH_mbp1.dbn.zst,AAPL_FEB,XNAS.ITCH,AAPL,EVENT,3450,3500,0
AAPL_FEB_XNAS_ITCH_mbp1.dbn.zst,AAPL_FEB,XNAS.ITCH,AAPL,EVENT,3500,3550,3
AAPL_FEB_XNAS_ITCH_mbp1.dbn.zst,AAPL_FEB,XNAS.ITCH,AAPL,EVENT,3550,3600,8
AAPL_FEB_XNAS_ITCH_mbp1.dbn.zst,AAPL_FEB,XNAS.ITCH,AAPL,EVENT,3600,3650,7
AAPL_FEB_XNAS_ITCH_mbp1.dbn.zst,AAPL_FEB,XNAS.ITCH,AAPL,EVENT,3650,3700,1
AAPL_FEB_XNAS_ITCH_mbp1.dbn.zst,AAPL_FEB,XNAS.ITCH,AAPL,EVENT,3700,3750,153
AAPL_FEB_XNAS_ITCH_mbp1.dbn.zst,AAPL_FEB,XNAS.ITCH,AAPL,EVENT,3750,3800,22
AAPL_FEB_XNAS_ITCH_mbp1.dbn.zst,AAPL_FEB,XNAS.ITCH,AAPL,EVENT,3800,3850,5
AAPL_FEB_XNAS_ITCH_mbp1.dbn.zst,AAPL_FEB,XNAS.ITCH,AAPL,EVENT,3850,3900,309
AAPL_FEB_XNAS_ITCH_mbp1.dbn.zst,AAPL_FEB,XNAS.ITCH,AAPL,EVENT,3900,3950,34
AAPL_FEB_XNAS_ITCH_mbp1.dbn.zst,AAPL_FEB,XNAS.ITCH,AAPL,EVENT,3950,4000,315
AAPL_FEB_XNAS_ITCH_mbp1.dbn.zst,AAPL_FEB,XNAS.ITCH,AAPL,EVENT,4000,4050,298
AAPL_FEB_XNAS_ITCH_mbp1.dbn.zst,AAPL_FEB,XNAS.ITCH,AAPL,EVENT,4050,4100,453
AAPL_FEB_XNAS_ITCH_mbp1.dbn.zst,AAPL_FEB,XNAS.ITCH,AAPL,EVENT,4100,4150,16
AAPL_FEB_XNAS_ITCH_mbp1.dbn.zst,AAPL_FEB,XNAS.ITCH,AAPL,EVENT,4150,4200,20
AAPL_FEB_XNAS_ITCH_mbp1.dbn.zst,AAPL_FEB,XNAS.ITCH,AAPL,EVENT,4200,4250,21
AAPL_FEB_XNAS_ITCH_mbp1.dbn.zst,AAPL_FEB,XNAS.ITCH,AAPL,EVENT,4250,4300,28
AAPL_FEB_XNAS_ITCH_mbp1.dbn.zst,AAPL_FEB,XNAS.ITCH,AAPL,EVENT,4300,4350,18
AAPL_FEB_XNAS_ITCH_mbp1.dbn.zst,AAPL_FEB,XNAS.ITCH,AAPL,EVENT,4350,4400,16
AAPL_FEB_XNAS_ITCH_mbp1.dbn.zst,AAPL_FEB,XNAS.ITCH,AAPL,EVENT,4400,4450,15
AAPL_FEB_XNAS_ITCH_mbp1.dbn.zst,AAPL_FEB,XNAS.ITCH,AAPL,EVENT,4450,4500,22
AAPL_FEB_XNAS_ITCH_mbp1.dbn.zst,AAPL_FEB,XNAS.ITCH,AAPL,EVENT,4500,4550,16
AAPL_FEB_XNAS_ITCH_mbp1.dbn.zst,AAPL_FEB,XNAS.ITCH,AAPL,EVENT,4550,4600,20
AAPL_FEB_XNAS_ITCH_mbp1.dbn.zst,AAPL_FEB,XNAS.ITCH,AAPL,EVENT,4600,4650,17
AAPL_FEB_XNAS_ITCH_mbp1.dbn.zst,AAPL_FEB,XNAS.ITCH,AAPL,EVENT,4650,4700,22
AAPL_FEB_XNAS_ITCH_mbp1.dbn.zst,AAPL_FEB,XNAS.ITCH,AAPL,EVENT,4700,4750,31
AAPL_FEB_XNAS_ITCH_mbp1.dbn.zst,AAPL_FEB,XNAS.ITCH,AAPL,EVENT,4750,4800,6
AAPL_FEB_XNAS_ITCH_mbp1.dbn.zst,AAPL_FEB,XNAS.ITCH,AAPL,EVENT,4800,4850,22
AAPL_FEB_XNAS_ITCH_mbp1.dbn.zst,AAPL_FEB,XNAS.ITCH,AAPL,EVENT,4850,4900,10
AAPL_FEB_XNAS_ITCH_mbp1.dbn.zst,AAPL_FEB,XNAS.ITCH,AAPL,EVENT,4900,4950,13
AAPL_FEB_XNAS_ITCH_mbp1.dbn.zst,AAPL_FEB,XNAS.ITCH,AAPL,EVENT,4950,5000,2
AAPL_FEB_XNAS_ITCH_mbp1.dbn.zst,AAPL_FEB,XNAS.ITCH,AAPL,RECEIVE,-5000,-4950,0
AAPL_FEB_XNAS_ITCH_mbp1.dbn.zst,AAPL_FEB,XNAS.ITCH,AAPL,RECEIVE,-4950,-4900,1
AAPL_FEB_XNAS_ITCH_mbp1.dbn.zst,AAPL_FEB,XNAS.ITCH,AAPL,RECEIVE,-4900,-4850,16
AAPL_FEB_XNAS_ITCH_mbp1.dbn.zst,AAPL_FEB,XNAS.ITCH,AAPL,RECEIVE,-4850,-4800,0
AAPL_FEB_XNAS_ITCH_mbp1.dbn.zst,AAPL_FEB,XNAS.ITCH,AAPL,RECEIVE,-4800,-4750,3
AAPL_FEB_XNAS_ITCH_mbp1.dbn.zst,AAPL_FEB,XNAS.ITCH,AAPL,RECEIVE,-4750,-4700,1
AAPL_FEB_XNAS_ITCH_mbp1.dbn.zst,AAPL_FEB,XNAS.ITCH,AAPL,RECEIVE,-4700,-4650,32
AAPL_FEB_XNAS_ITCH_mbp1.dbn.zst,AAPL_FEB,XNAS.ITCH,AAPL,RECEIVE,-4650,-4600,1
AAPL_FEB_XNAS_ITCH_mbp1.dbn.zst,AAPL_FEB,XNAS.ITCH,AAPL,RECEIVE,-4600,-4550,2
AAPL_FEB_XNAS_ITCH_mbp1.dbn.zst,AAPL_FEB,XNAS.ITCH,AAPL,RECEIVE,-4550,-4500,8
AAPL_FEB_XNAS_ITCH_mbp1.dbn.zst,AAPL_FEB,XNAS.ITCH,AAPL,RECEIVE,-4500,-4450,2
AAPL_FEB_XNAS_ITCH_mbp1.dbn.zst,AAPL_FEB,XNAS.ITCH,AAPL,RECEIVE,-4450,-4400,3
AAPL_FEB_XNAS_ITCH_mbp1.dbn.zst,AAPL_FEB,XNAS.ITCH,AAPL,RECEIVE,-4400,-4350,0
AAPL_FEB_XNAS_ITCH_mbp1.dbn.zst,AAPL_FEB,XNAS.ITCH,AAPL,RECEIVE,-4350,-4300,1
AAPL_FEB_XNAS_ITCH_mbp1.dbn.zst,AAPL_FEB,XNAS.ITCH,AAPL,RECEIVE,-4300,-4250,2
AAPL_FEB_XNAS_ITCH_mbp1.dbn.zst,AAPL_FEB,XNAS.ITCH,AAPL,RECEIVE,-4250,-4200,11
AAPL_FEB_XNAS_ITCH_mbp1.dbn.zst,AAPL_FEB,XNAS.ITCH,AAPL,RECEIVE,-4200,-4150,5
AAPL_FEB_XNAS_ITCH_mbp1.dbn.zst,AAPL_FEB,XNAS.ITCH,AAPL,RECEIVE,-4150,-4100,4
AAPL_FEB_XNAS_ITCH_mbp1.dbn.zst,AAPL_FEB,XNAS.ITCH,AAPL,RECEIVE,-4100,-4050,13
AAPL_FEB_XNAS_ITCH_mbp1.dbn.zst,AAPL_FEB,XNAS.ITCH,AAPL,RECEIVE,-4050,-4000,2
AAPL_FEB_XNAS_ITCH_mbp1.dbn.zst,AAPL_FEB,XNAS.ITCH,AAPL,RECEIVE,-4000,-3950,11
AAPL_FEB_XNAS_ITCH_mbp1.dbn.zst,AAPL_FEB,XNAS.ITCH,AAPL,RECEIVE,-3950,-3900,2
AAPL_FEB_XNAS_ITCH_mbp1.dbn.zst,AAPL_FEB,XNAS.ITCH,AAPL,RECEIVE,-3900,-3850,0
AAPL_FEB_XNAS_ITCH_mbp1.dbn.zst,AAPL_FEB,XNAS.ITCH,AAPL,RECEIVE,-3850,-3800,0
AAPL_FEB_XNAS_ITCH_mbp1.dbn.zst,AAPL_FEB,XNAS.ITCH,AAPL,RECEIVE,-3800,-3750,0
AAPL_FEB_XNAS_ITCH_mbp1.dbn.zst,AAPL_FEB,XNAS.ITCH,AAPL,RECEIVE,-3750,-3700,1
AAPL_FEB_XNAS_ITCH_mbp1.dbn.zst,AAPL_FEB,XNAS.ITCH,AAPL,RECEIVE,-3700,-3650,0
AAPL_FEB_XNAS_ITCH_mbp1.dbn.zst,AAPL_FEB,XNAS.ITCH,AAPL,RECEIVE,-3650,-3600,1
AAPL_FEB_XNAS_ITCH_mbp1.dbn.zst,AAPL_FEB,XNAS.ITCH,AAPL,RECEIVE,-3600,-3550,0
AAPL_FEB_XNAS_ITCH_mbp1.dbn.zst,AAPL_FEB,XNAS.ITCH,AAPL,RECEIVE,-3550,-3500,1
AAPL_FEB_XNAS_ITCH_mbp1.dbn.zst,AAPL_FEB,XNAS.ITCH,AAPL,RECEIVE,-3500,-3450,4
AAPL_FEB_XNAS_ITCH_mbp1.dbn.zst,AAPL_FEB,XNAS.ITCH,AAPL,RECEIVE,-3450,-3400,0
AAPL_FEB_XNAS_ITCH_mbp1.dbn.zst,AAPL_FEB,XNAS.ITCH,AAPL,RECEIVE,-3400,-3350,4
AAPL_FEB_XNAS_ITCH_mbp1.dbn.zst,AAPL_FEB,XNAS.ITCH,AAPL,RECEIVE,-3350,-3300,22
AAPL_FEB_XNAS_ITCH_mbp1.dbn.zst,AAPL_FEB,XNAS.ITCH,AAPL,RECEIVE,-3300,-3250,1
AAPL_FEB_XNAS_ITCH_mbp1.dbn.zst,AAPL_FEB,XNAS.ITCH,AAPL,RECEIVE,-3250,-3200,3
AAPL_FEB_XNAS_ITCH_mbp1.dbn.zst,AAPL_FEB,XNAS.ITCH,AAPL,RECEIVE,-3200,-3150,1
AAPL_FEB_XNAS_ITCH_mbp1.dbn.zst,AAPL_FEB,XNAS.ITCH,AAPL,RECEIVE,-3150,-3100,11
AAPL_FEB_XNAS_ITCH_mbp1.dbn.zst,AAPL_FEB,XNAS.ITCH,AAPL,RECEIVE,-3100,-3050,2
AAPL_FEB_XNAS_ITCH_mbp1.dbn.zst,AAPL_FEB,XNAS.ITCH,AAPL,RECEIVE,-3050,-3000,0
AAPL_FEB_XNAS_ITCH_mbp1.dbn.zst,AAPL_FEB,XNAS.ITCH,AAPL,RECEIVE,-3000,-2950,5
AAPL_FEB_XNAS_ITCH_mbp1.dbn.zst,AAPL_FEB,XNAS.ITCH,AAPL,RECEIVE,-2950,-2900,0
AAPL_FEB_XNAS_ITCH_mbp1.dbn.zst,AAPL_FEB,XNAS.ITCH,AAPL,RECEIVE,-2900,-2850,2
AAPL_FEB_XNAS_ITCH_mbp1.dbn.zst,AAPL_FEB,XNAS.ITCH,AAPL,RECEIVE,-2850,-2800,0
AAPL_FEB_XNAS_ITCH_mbp1.dbn.zst,AAPL_FEB,XNAS.ITCH,AAPL,RECEIVE,-2800,-2750,0
AAPL_FEB_XNAS_ITCH_mbp1.dbn.zst,AAPL_FEB,XNAS.ITCH,AAPL,RECEIVE,-2750,-2700,1
AAPL_FEB_XNAS_ITCH_mbp1.dbn.zst,AAPL_FEB,XNAS.ITCH,AAPL,RECEIVE,-2700,-2650,48
AAPL_FEB_XNAS_ITCH_mbp1.dbn.zst,AAPL_FEB,XNAS.ITCH,AAPL,RECEIVE,-2650,-2600,0
AAPL_FEB_XNAS_ITCH_mbp1.dbn.zst,AAPL_FEB,XNAS.ITCH,AAPL,RECEIVE,-2600,-2550,2
AAPL_FEB_XNAS_ITCH_mbp1.dbn.zst,AAPL_FEB,XNAS.ITCH,AAPL,RECEIVE,-2550,-2500,1
AAPL_FEB_XNAS_ITCH_mbp1.dbn.zst,AAPL_FEB,XNAS.ITCH,AAPL,RECEIVE,-2500,-2450,0
AAPL_FEB_XNAS_ITCH_mbp1.dbn.zst,AAPL_FEB,XNAS.ITCH,AAPL,RECEIVE,-2450,-2400,19
AAPL_FEB_XNAS_ITCH_mbp1.dbn.zst,AAPL_FEB,XNAS.ITCH,AAPL,RECEIVE,-2400,-2350,1
AAPL_FEB_XNAS_ITCH_mbp1.dbn.zst,AAPL_FEB,XNAS.ITCH,AAPL,RECEIVE,-2350,-2300,5
AAPL_FEB_XNAS_ITCH_mbp1.dbn.zst,AAPL_FEB,XNAS.ITCH,AAPL,RECEIVE,-2300,-2250,0
AAPL_FEB_XNAS_ITCH_mbp1.dbn.zst,AAPL_FEB,XNAS.ITCH,AAPL,RECEIVE,-2250,-2200,10
AAPL_FEB_XNAS_ITCH_mbp1.dbn.zst,AAPL_FEB,XNAS.ITCH,AAPL,RECEIVE,-2200,-2150,9
AAPL_FEB_XNAS_ITCH_mbp1.dbn.zst,AAPL_FEB,XNAS.ITCH,AAPL,RECEIVE,-2150,-2100,499
AAPL_FEB_XNAS_ITCH_mbp1.dbn.zst,AAPL_FEB,XNAS.ITCH,AAPL,RECEIVE,-2100,-2050,688
AAPL_FEB_XNAS_ITCH_mbp1.dbn.zst,AAPL_FEB,XNAS.ITCH,AAPL,RECEIVE,-2050,-2000,50
AAPL_FEB_XNAS_ITCH_mbp1.dbn.zst,AAPL_FEB,XNAS.ITCH,AAPL,RECEIVE,-2000,-1950,62
AAPL_FEB_XNAS_ITCH_mbp1.dbn.zst,AAPL_FEB,XNAS.ITCH,AAPL,RECEIVE,-1950,-1900,16
AAPL_FEB_XNAS_ITCH_mbp1.dbn.zst,AAPL_FEB,XNAS.ITCH,AAPL,RECEIVE,-1900,-1850,35
AAPL_FEB_XNAS_ITCH_mbp1.dbn.zst,AAPL_FEB,XNAS.ITCH,AAPL,RECEIVE,-1850,-1800,0
AAPL_FEB_XNAS_ITCH_mbp1.dbn.zst,AAPL_FEB,XNAS.ITCH,AAPL,RECEIVE,-1800,-1750,9
AAPL_FEB_XNAS_ITCH_mbp1.dbn.zst,AAPL_FEB,XNAS.ITCH,AAPL,RECEIVE,-1750,-1700,6
AAPL_FEB_XNAS_ITCH_mbp1.dbn.zst,AAPL_FEB,XNAS.ITCH,AAPL,RECEIVE,-1700,-1650,78
AAPL_FEB_XNAS_ITCH_mbp1.dbn.zst,AAPL_FEB,XNAS.ITCH,AAPL,RECEIVE,-1650,-1600,68
AAPL_FEB_XNAS_ITCH_mbp1.dbn.zst,AAPL_FEB,XNAS.ITCH,AAPL,RECEIVE,-1600,-1550,4
AAPL_FEB_XNAS_ITCH_mbp1.dbn.zst,AAPL_FEB,XNAS.ITCH,AAPL,RECEIVE,-1550,-1500,8
AAPL_FEB_XNAS_ITCH_mbp1.dbn.zst,AAPL_FEB,XNAS.ITCH,AAPL,RECEIVE,-1500,-1450,10
AAPL_FEB_XNAS_ITCH_mbp1.dbn.zst,AAPL_FEB,XNAS.ITCH,AAPL,RECEIVE,-1450,-1400,480
AAPL_FEB_XNAS_ITCH_mbp1.dbn.zst,AAPL_FEB,XNAS.ITCH,AAPL,RECEIVE,-1400,-1350,825
AAPL_FEB_XNAS_ITCH_mbp1.dbn.zst,AAPL_FEB,XNAS.ITCH,AAPL,RECEIVE,-1350,-1300,864
AAPL_FEB_XNAS_ITCH_mbp1.dbn.zst,AAPL_FEB,XNAS.ITCH,AAPL,RECEIVE,-1300,-1250,360
AAPL_FEB_XNAS_ITCH_mbp1.dbn.zst,AAPL_FEB,XNAS.ITCH,AAPL,RECEIVE,-1250,-1200,62
AAPL_FEB_XNAS_ITCH_mbp1.dbn.zst,AAPL_FEB,XNAS.ITCH,AAPL,RECEIVE,-1200,-1150,55
AAPL_FEB_XNAS_ITCH_mbp1.dbn.zst,AAPL_FEB,XNAS.ITCH,AAPL,RECEIVE,-1150,-1100,21
AAPL_FEB_XNAS_ITCH_mbp1.dbn.zst,AAPL_FEB,XNAS.ITCH,AAPL,RECEIVE,-1100,-1050,36
AAPL_FEB_XNAS_ITCH_mbp1.dbn.zst,AAPL_FEB,XNAS.ITCH,AAPL,RECEIVE,-1050,-1000,82
AAPL_FEB_XNAS_ITCH_mbp1.dbn.zst,AAPL_FEB,XNAS.ITCH,AAPL,RECEIVE,-1000,-950,114
AAPL_FEB_XNAS_ITCH_mbp1.dbn.zst,AAPL_FEB,XNAS.ITCH,AAPL,RECEIVE,-950,-900,111
AAPL_FEB_XNAS_ITCH_mbp1.dbn.zst,AAPL_FEB,XNAS.ITCH,AAPL,RECEIVE,-900,-850,151
AAPL_FEB_XNAS_ITCH_mbp1.dbn.zst,AAPL_FEB,XNAS.ITCH,AAPL,RECEIVE,-850,-800,28
AAPL_FEB_XNAS_ITCH_mbp1.dbn.zst,AAPL_FEB,XNAS.ITCH,AAPL,RECEIVE,-800,-750,16
AAPL_FEB_XNAS_ITCH_mbp1.dbn.zst,AAPL_FEB,XNAS.ITCH,AAPL,RECEIVE,-750,-700,21
AAPL_FEB_XNAS_ITCH_mbp1.dbn.zst,AAPL_FEB,XNAS.ITCH,AAPL,RECEIVE,-700,-650,19
AAPL_FEB_XNAS_ITCH_mbp1.dbn.zst,AAPL_FEB,XNAS.ITCH,AAPL,RECEIVE,-650,-600,22
AAPL_FEB_XNAS_ITCH_mbp1.dbn.zst,AAPL_FEB,XNAS.ITCH,AAPL,RECEIVE,-600,-550,100
AAPL_FEB_XNAS_ITCH_mbp1.dbn.zst,AAPL_FEB,XNAS.ITCH,AAPL,RECEIVE,-550,-500,61
AAPL_FEB_XNAS_ITCH_mbp1.dbn.zst,AAPL_FEB,XNAS.ITCH,AAPL,RECEIVE,-500,-450,66
AAPL_FEB_XNAS_ITCH_mbp1.dbn.zst,AAPL_FEB,XNAS.ITCH,AAPL,RECEIVE,-450,-400,7
AAPL_FEB_XNAS_ITCH_mbp1.dbn.zst,AAPL_FEB,XNAS.ITCH,AAPL,RECEIVE,-400,-350,3
AAPL_FEB_XNAS_ITCH_mbp1.dbn.zst,AAPL_FEB,XNAS.ITCH,AAPL,RECEIVE,-350,-300,55
AAPL_FEB_XNAS_ITCH_mbp1.dbn.zst,AAPL_FEB,XNAS.ITCH,AAPL,RECEIVE,-300,-250,5
AAPL_FEB_XNAS_ITCH_mbp1.dbn.zst,AAPL_FEB,XNAS.ITCH,AAPL,RECEIVE,-250,-200,7
AAPL_FEB_XNAS_ITCH_mbp1.dbn.zst,AAPL_FEB,XNAS.ITCH,AAPL,RECEIVE,-200,-150,21
AAPL_FEB_XNAS_ITCH_mbp1.dbn.zst,AAPL_FEB,XNAS.ITCH,AAPL,RECEIVE,-150,-100,9
AAPL_FEB_XNAS_ITCH_mbp1.dbn.zst,AAPL_FEB,XNAS.ITCH,AAPL,RECEIVE,-100,-50,6
AAPL_FEB_XNAS_ITCH_mbp1.dbn.zst,AAPL_FEB,XNAS.ITCH,AAPL,RECEIVE,-50,0,11
AAPL_FEB_XNAS_ITCH_mbp1.dbn.zst,AAPL_FEB,XNAS.ITCH,AAPL,RECEIVE,0,50,736
AAPL_FEB_XNAS_ITCH_mbp1.dbn.zst,AAPL_FEB,XNAS.ITCH,AAPL,RECEIVE,50,100,957
AAPL_FEB_XNAS_ITCH_mbp1.dbn.zst,AAPL_FEB,XNAS.ITCH,AAPL,RECEIVE,100,150,199
AAPL_FEB_XNAS_ITCH_mbp1.dbn.zst,AAPL_FEB,XNAS.ITCH,AAPL,RECEIVE,150,200,123
AAPL_FEB_XNAS_ITCH_mbp1.dbn.zst,AAPL_FEB,XNAS.ITCH,AAPL,RECEIVE,200,250,77
AAPL_FEB_XNAS_ITCH_mbp1.dbn.zst,AAPL_FEB,XNAS.ITCH,AAPL,RECEIVE,250,300,25
AAPL_FEB_XNAS_ITCH_mbp1.dbn.zst,AAPL_FEB,XNAS.ITCH,AAPL,RECEIVE,300,350,4
AAPL_FEB_XNAS_ITCH_mbp1.dbn.zst,AAPL_FEB,XNAS.ITCH,AAPL,RECEIVE,350,400,3
AAPL_FEB_XNAS_ITCH_mbp1.dbn.zst,AAPL_FEB,XNAS.ITCH,AAPL,RECEIVE,400,450,16
AAPL_FEB_XNAS_ITCH_mbp1.dbn.zst,AAPL_FEB,XNAS.ITCH,AAPL,RECEIVE,450,500,126
AAPL_FEB_XNAS_ITCH_mbp1.dbn.zst,AAPL_FEB,XNAS.ITCH,AAPL,RECEIVE,500,550,130
AAPL_FEB_XNAS_ITCH_mbp1.dbn.zst,AAPL_FEB,XNAS.ITCH,AAPL,RECEIVE,550,600,5
AAPL_FEB_XNAS_ITCH_mbp1.dbn.zst,AAPL_FEB,XNAS.ITCH,AAPL,RECEIVE,600,650,7
AAPL_FEB_XNAS_ITCH_mbp1.dbn.zst,AAPL_FEB,XNAS.ITCH,AAPL,RECEIVE,650,700,62
AAPL_FEB_XNAS_ITCH_mbp1.dbn.zst,AAPL_FEB,XNAS.ITCH,AAPL,RECEIVE,700,750,29
AAPL_FEB_XNAS_ITCH_mbp1.dbn.zst,AAPL_FEB,XNAS.ITCH,AAPL,RECEIVE,750,800,2
AAPL_FEB_XNAS_ITCH_mbp1.dbn.zst,AAPL_FEB,XNAS.ITCH,AAPL,RECEIVE,800,850,2
AAPL_FEB_XNAS_ITCH_mbp1.dbn.zst,AAPL_FEB,XNAS.ITCH,AAPL,RECEIVE,850,900,3
AAPL_FEB_XNAS_ITCH_mbp1.dbn.zst,AAPL_FEB,XNAS.ITCH,AAPL,RECEIVE,900,950,2
AAPL_FEB_XNAS_ITCH_mbp1.dbn.zst,AAPL_FEB,XNAS.ITCH,AAPL,RECEIVE,950,1000,5
AAPL_FEB_XNAS_ITCH_mbp1.dbn.zst,AAPL_FEB,XNAS.ITCH,AAPL,RECEIVE,1000,1050,89
AAPL_FEB_XNAS_ITCH_mbp1.dbn.zst,AAPL_FEB,XNAS.ITCH,AAPL,RECEIVE,1050,1100,202
AAPL_FEB_XNAS_ITCH_mbp1.dbn.zst,AAPL_FEB,XNAS.ITCH,AAPL,RECEIVE,1100,1150,27
AAPL_FEB_XNAS_ITCH_mbp1.dbn.zst,AAPL_FEB,XNAS.ITCH,AAPL,RECEIVE,1150,1200,6
AAPL_FEB_XNAS_ITCH_mbp1.dbn.zst,AAPL_FEB,XNAS.ITCH,AAPL,RECEIVE,1200,1250,9
AAPL_FEB_XNAS_ITCH_mbp1.dbn.zst,AAPL_FEB,XNAS.ITCH,AAPL,RECEIVE,1250,1300,13
AAPL_FEB_XNAS_ITCH_mbp1.dbn.zst,AAPL_FEB,XNAS.ITCH,AAPL,RECEIVE,1300,1350,7
AAPL_FEB_XNAS_ITCH_mbp1.dbn.zst,AAPL_FEB,XNAS.ITCH,AAPL,RECEIVE,1350,1400,53
AAPL_FEB_XNAS_ITCH_mbp1.dbn.zst,AAPL_FEB,XNAS.ITCH,AAPL,RECEIVE,1400,1450,60
AAPL_FEB_XNAS_ITCH_mbp1.dbn.zst,AAPL_FEB,XNAS.ITCH,AAPL,RECEIVE,1450,1500,30
AAPL_FEB_XNAS_ITCH_mbp1.dbn.zst,AAPL_FEB,XNAS.ITCH,AAPL,RECEIVE,1500,1550,9
AAPL_FEB_XNAS_ITCH_mbp1.dbn.zst,AAPL_FEB,XNAS.ITCH,AAPL,RECEIVE,1550,1600,55
AAPL_FEB_XNAS_ITCH_mbp1.dbn.zst,AAPL_FEB,XNAS.ITCH,AAPL,RECEIVE,1600,1650,52
AAPL_FEB_XNAS_ITCH_mbp1.dbn.zst,AAPL_FEB,XNAS.ITCH,AAPL,RECEIVE,1650,1700,19
AAPL_FEB_XNAS_ITCH_mbp1.dbn.zst,AAPL_FEB,XNAS.ITCH,AAPL,RECEIVE,1700,1750,94
AAPL_FEB_XNAS_ITCH_mbp1.dbn.zst,AAPL_FEB,XNAS.ITCH,AAPL,RECEIVE,1750,1800,205
AAPL_FEB_XNAS_ITCH_mbp1.dbn.zst,AAPL_FEB,XNAS.ITCH,AAPL,RECEIVE,1800,1850,243
AAPL_FEB_XNAS_ITCH_mbp1.dbn.zst,AAPL_FEB,XNAS.ITCH,AAPL,RECEIVE,1850,1900,94
AAPL_FEB_XNAS_ITCH_mbp1.dbn.zst,AAPL_FEB,XNAS.ITCH,AAPL,RECEIVE,1900,1950,5
AAPL_FEB_XNAS_ITCH_mbp1.dbn.zst,AAPL_FEB,XNAS.ITCH,AAPL,RECEIVE,1950,2000,10
AAPL_FEB_XNAS_ITCH_mbp1.dbn.zst,AAPL_FEB,XNAS.ITCH,AAPL,RECEIVE,2000,2050,6
AAPL_FEB_XNAS_ITCH_mbp1.dbn.zst,AAPL_FEB,XNAS.ITCH,AAPL,RECEIVE,2050,2100,10
AAPL_FEB_XNAS_ITCH_mbp1.dbn.zst,AAPL_FEB,XNAS.ITCH,AAPL,RECEIVE,2100,2150,25
AAPL_FEB_XNAS_ITCH_mbp1.dbn.zst,AAPL_FEB,XNAS.ITCH,AAPL,RECEIVE,2150,2200,7
AAPL_FEB_XNAS_ITCH_mbp1.dbn.zst,AAPL_FEB,XNAS.ITCH,AAPL,RECEIVE,2200,2250,7
AAPL_FEB_XNAS_ITCH_mbp1.dbn.zst,AAPL_FEB,XNAS.ITCH,AAPL,RECEIVE,2250,2300,10
AAPL_FEB_XNAS_ITCH_mbp1.dbn.zst,AAPL_FEB,XNAS.ITCH,AAPL,RECEIVE,2300,2350,12
AAPL_FEB_XNAS_ITCH_mbp1.dbn.zst,AAPL_FEB,XNAS.ITCH,AAPL,RECEIVE,2350,2400,5
AAPL_FEB_XNAS_ITCH_mbp1.dbn.zst,AAPL_FEB,XNAS.ITCH,AAPL,RECEIVE,2400,2450,5
AAPL_FEB_XNAS_ITCH_mbp1.dbn.zst,AAPL_FEB,XNAS.ITCH,AAPL,RECEIVE,2450,2500,14
AAPL_FEB_XNAS_ITCH_mbp1.dbn.zst,AAPL_FEB,XNAS.ITCH,AAPL,RECEIVE,2500,2550,9
AAPL_FEB_XNAS_ITCH_mbp1.dbn.zst,AAPL_FEB,XNAS.ITCH,AAPL,RECEIVE,2550,2600,19
AAPL_FEB_XNAS_ITCH_mbp1.dbn.zst,AAPL_FEB,XNAS.ITCH,AAPL,RECEIVE,2600,2650,11
AAPL_FEB_XNAS_ITCH_mbp1.dbn.zst,AAPL_FEB,XNAS.ITCH,AAPL,RECEIVE,2650,2700,22
AAPL_FEB_XNAS_ITCH_mbp1.dbn.zst,AAPL_FEB,XNAS.ITCH,AAPL,RECEIVE,2700,2750,5
AAPL_FEB_XNAS_ITCH_mbp1.dbn.zst,AAPL_FEB,XNAS.ITCH,AAPL,RECEIVE,2750,2800,25
AAPL_FEB_XNAS_ITCH_mbp1.dbn.zst,AAPL_FEB,XNAS.ITCH,AAPL,RECEIVE,2800,2850,74
AAPL_FEB_XNAS_ITCH_mbp1.dbn.zst,AAPL_FEB,XNAS.ITCH,AAPL,RECEIVE,2850,2900,48
AAPL_FEB_XNAS_ITCH_mbp1.dbn.zst,AAPL_FEB,XNAS.ITCH,AAPL,RECEIVE,2900,2950,63
AAPL_FEB_XNAS_ITCH_mbp1.dbn.zst,AAPL_FEB,XNAS.ITCH,AAPL,RECEIVE,2950,3000,6
AAPL_FEB_XNAS_ITCH_mbp1.dbn.zst,AAPL_FEB,XNAS.ITCH,AAPL,RECEIVE,3000,3050,55
AAPL_FEB_XNAS_ITCH_mbp1.dbn.zst,AAPL_FEB,XNAS.ITCH,AAPL,RECEIVE,3050,3100,97
AAPL_FEB_XNAS_ITCH_mbp1.dbn.zst,AAPL_FEB,XNAS.ITCH,AAPL,RECEIVE,3100,3150,119
AAPL_FEB_XNAS_ITCH_mbp1.dbn.zst,AAPL_FEB,XNAS.ITCH,AAPL,RECEIVE,3150,3200,212
AAPL_FEB_XNAS_ITCH_mbp1.dbn.zst,AAPL_FEB,XNAS.ITCH,AAPL,RECEIVE,3200,3250,522
AAPL_FEB_XNAS_ITCH_mbp1.dbn.zst,AAPL_FEB,XNAS.ITCH,AAPL,RECEIVE,3250,3300,152
AAPL_FEB_XNAS_ITCH_mbp1.dbn.zst,AAPL_FEB,XNAS.ITCH,AAPL,RECEIVE,3300,3350,12
AAPL_FEB_XNAS_ITCH_mbp1.dbn.zst,AAPL_FEB,XNAS.ITCH,AAPL,RECEIVE,3350,3400,0
AAPL_FEB_XNAS_ITCH_mbp1.dbn.zst,AAPL_FEB,XNAS.ITCH,AAPL,RECEIVE,3400,3450,14
AAPL_FEB_XNAS_ITCH_mbp1.dbn.zst,AAPL_FEB,XNAS.ITCH,AAPL,RECEIVE,3450,3500,0
AAPL_FEB_XNAS_ITCH_mbp1.dbn.zst,AAPL_FEB,XNAS.ITCH,AAPL,RECEIVE,3500,3550,5
AAPL_FEB_XNAS_ITCH_mbp1.dbn.zst,AAPL_FEB,XNAS.ITCH,AAPL,RECEIVE,3550,3600,21
AAPL_FEB_XNAS_ITCH_mbp1.dbn.zst,AAPL_FEB,XNAS.ITCH,AAPL,RECEIVE,3600,3650,60
AAPL_FEB_XNAS_ITCH_mbp1.dbn.zst,AAPL_FEB,XNAS.ITCH,AAPL,RECEIVE,3650,3700,45
AAPL_FEB_XNAS_ITCH_mbp1.dbn.zst,AAPL_FEB,XNAS.ITCH,AAPL,RECEIVE,3700,3750,88
AAPL_FEB_XNAS_ITCH_mbp1.dbn.zst,AAPL_FEB,XNAS.ITCH,AAPL,RECEIVE,3750,3800,124
AAPL_FEB_XNAS_ITCH_mbp1.dbn.zst,AAPL_FEB,XNAS.ITCH,AAPL,RECEIVE,3800,3850,229
AAPL_FEB_XNAS_ITCH_mbp1.dbn.zst,AAPL_FEB,XNAS.ITCH,AAPL,RECEIVE,3850,3900,175
AAPL_FEB_XNAS_ITCH_mbp1.dbn.zst,AAPL_FEB,XNAS.ITCH,AAPL,RECEIVE,3900,3950,366
AAPL_FEB_XNAS_ITCH_mbp1.dbn.zst,AAPL_FEB,XNAS.ITCH,AAPL,RECEIVE,3950,4000,294
AAPL_FEB_XNAS_ITCH_mbp1.dbn.zst,AAPL_FEB,XNAS.ITCH,AAPL,RECEIVE,4000,4050,177
AAPL_FEB_XNAS_ITCH_mbp1.dbn.zst,AAPL_FEB,XNAS.ITCH,AAPL,RECEIVE,4050,4100,24
AAPL_FEB_XNAS_ITCH_mbp1.dbn.zst,AAPL_FEB,XNAS.ITCH,AAPL,RECEIVE,4100,4150,16
AAPL_FEB_XNAS_ITCH_mbp1.dbn.zst,AAPL_FEB,XNAS.ITCH,AAPL,RECEIVE,4150,4200,23
AAPL_FEB_XNAS_ITCH_mbp1.dbn.zst,AAPL_FEB,XNAS.ITCH,AAPL,RECEIVE,4200,4250,18
AAPL_FEB_XNAS_ITCH_mbp1.dbn.zst,AAPL_FEB,XNAS.ITCH,AAPL,RECEIVE,4250,4300,33
AAPL_FEB_XNAS_ITCH_mbp1.dbn.zst,AAPL_FEB,XNAS.ITCH,AAPL,RECEIVE,4300,4350,13
AAPL_FEB_XNAS_ITCH_mbp1.dbn.zst,AAPL_FEB,XNAS.ITCH,AAPL,RECEIVE,4350,4400,16
AAPL_FEB_XNAS_ITCH_mbp1.dbn.zst,AAPL_FEB,XNAS.ITCH,AAPL,RECEIVE,4400,4450,16
AAPL_FEB_XNAS_ITCH_mbp1.dbn.zst,AAPL_FEB,XNAS.ITCH,AAPL,RECEIVE,4450,4500,21
AAPL_FEB_XNAS_ITCH_mbp1.dbn.zst,AAPL_FEB,XNAS.ITCH,AAPL,RECEIVE,4500,4550,17
AAPL_FEB_XNAS_ITCH_mbp1.dbn.zst,AAPL_FEB,XNAS.ITCH,AAPL,RECEIVE,4550,4600,19
AAPL_FEB_XNAS_ITCH_mbp1.dbn.zst,AAPL_FEB,XNAS.ITCH,AAPL,RECEIVE,4600,4650,17
AAPL_FEB_XNAS_ITCH_mbp1.dbn.zst,AAPL_FEB,XNAS.ITCH,AAPL,RECEIVE,4650,4700,20
AAPL_FEB_XNAS_ITCH_mbp1.dbn.zst,AAPL_FEB,XNAS.ITCH,AAPL,RECEIVE,4700,4750,33
AAPL_FEB_XNAS_ITCH_mbp1.dbn.zst,AAPL_FEB,XNAS.ITCH,AAPL,RECEIVE,4750,4800,7
AAPL_FEB_XNAS_ITCH_mbp1.dbn.zst,AAPL_FEB,XNAS.ITCH,AAPL,RECEIVE,4800,4850,24
AAPL_FEB_XNAS_ITCH_mbp1.dbn.zst,AAPL_FEB,XNAS.ITCH,AAPL,RECEIVE,4850,4900,8
AAPL_FEB_XNAS_ITCH_mbp1.dbn.zst,AAPL_FEB,XNAS.ITCH,AAPL,RECEIVE,4900,4950,12
AAPL_FEB_XNAS_ITCH_mbp1.dbn.zst,AAPL_FEB,XNAS.ITCH,AAPL,RECEIVE,4950,5000,2
XOM_JAN_ARCX_PILLAR_mbp1.dbn.zst,XOM_JAN,ARCX.PILLAR,XOM,EVENT,-5000,-4950,0
XOM_JAN_ARCX_PILLAR_mbp1.dbn.zst,XOM_JAN,ARCX.PILLAR,XOM,EVENT,-4950,-4900,0
XOM_JAN_ARCX_PILLAR_mbp1.dbn.zst,XOM_JAN,ARCX.PILLAR,XOM,EVENT,-4900,-4850,0
XOM_JAN_ARCX_PILLAR_mbp1.dbn.zst,XOM_JAN,ARCX.PILLAR,XOM,EVENT,-4850,-4800,0
XOM_JAN_ARCX_PILLAR_mbp1.dbn.zst,XOM_JAN,ARCX.PILLAR,XOM,EVENT,-4800,-4750,0
XOM_JAN_ARCX_PILLAR_mbp1.dbn.zst,XOM_JAN,ARCX.PILLAR,XOM,EVENT,-4750,-4700,0
XOM_JAN_ARCX_PILLAR_mbp1.dbn.zst,XOM_JAN,ARCX.PILLAR,XOM,EVENT,-4700,-4650,0
XOM_JAN_ARCX_PILLAR_mbp1.dbn.zst,XOM_JAN,ARCX.PILLAR,XOM,EVENT,-4650,-4600,0
XOM_JAN_ARCX_PILLAR_mbp1.dbn.zst,XOM_JAN,ARCX.PILLAR,XOM,EVENT,-4600,-4550,0
XOM_JAN_ARCX_PILLAR_mbp1.dbn.zst,XOM_JAN,ARCX.PILLAR,XOM,EVENT,-4550,-4500,0
XOM_JAN_ARCX_PILLAR_mbp1.dbn.zst,XOM_JAN,ARCX.PILLAR,XOM,EVENT,-4500,-4450,0
XOM_JAN_ARCX_PILLAR_mbp1.dbn.zst,XOM_JAN,ARCX.PILLAR,XOM,EVENT,-4450,-4400,0
XOM_JAN_ARCX_PILLAR_mbp1.dbn.zst,XOM_JAN,ARCX.PILLAR,XOM,EVENT,-4400,-4350,0
XOM_JAN_ARCX_PILLAR_mbp1.dbn.zst,XOM_JAN,ARCX.PILLAR,XOM,EVENT,-4350,-4300,0
XOM_JAN_ARCX_PILLAR_mbp1.dbn.zst,XOM_JAN,ARCX.PILLAR,XOM,EVENT,-4300,-4250,0
XOM_JAN_ARCX_PILLAR_mbp1.dbn.zst,XOM_JAN,ARCX.PILLAR,XOM,EVENT,-4250,-4200,0
XOM_JAN_ARCX_PILLAR_mbp1.dbn.zst,XOM_JAN,ARCX.PILLAR,XOM,EVENT,-4200,-4150,0
XOM_JAN_ARCX_PILLAR_mbp1.dbn.zst,XOM_JAN,ARCX.PILLAR,XOM,EVENT,-4150,-4100,0
XOM_JAN_ARCX_PILLAR_mbp1.dbn.zst,XOM_JAN,ARCX.PILLAR,XOM,EVENT,-4100,-4050,0
XOM_JAN_ARCX_PILLAR_mbp1.dbn.zst,XOM_JAN,ARCX.PILLAR,XOM,EVENT,-4050,-4000,0
XOM_JAN_ARCX_PILLAR_mbp1.dbn.zst,XOM_JAN,ARCX.PILLAR,XOM,EVENT,-4000,-3950,0
XOM_JAN_ARCX_PILLAR_mbp1.dbn.zst,XOM_JAN,ARCX.PILLAR,XOM,EVENT,-3950,-3900,0
XOM_JAN_ARCX_PILLAR_mbp1.dbn.zst,XOM_JAN,ARCX.PILLAR,XOM,EVENT,-3900,-3850,0
XOM_JAN_ARCX_PILLAR_mbp1.dbn.zst,XOM_JAN,ARCX.PILLAR,XOM,EVENT,-3850,-3800,0
XOM_JAN_ARCX_PILLAR_mbp1.dbn.zst,XOM_JAN,ARCX.PILLAR,XOM,EVENT,-3800,-3750,0
XOM_JAN_ARCX_PILLAR_mbp1.dbn.zst,XOM_JAN,ARCX.PILLAR,XOM,EVENT,-3750,-3700,0
XOM_JAN_ARCX_PILLAR_mbp1.dbn.zst,XOM_JAN,ARCX.PILLAR,XOM,EVENT,-3700,-3650,0
XOM_JAN_ARCX_PILLAR_mbp1.dbn.zst,XOM_JAN,ARCX.PILLAR,XOM,EVENT,-3650,-3600,0
XOM_JAN_ARCX_PILLAR_mbp1.dbn.zst,XOM_JAN,ARCX.PILLAR,XOM,EVENT,-3600,-3550,0
XOM_JAN_ARCX_PILLAR_mbp1.dbn.zst,XOM_JAN,ARCX.PILLAR,XOM,EVENT,-3550,-3500,0
XOM_JAN_ARCX_PILLAR_mbp1.dbn.zst,XOM_JAN,ARCX.PILLAR,XOM,EVENT,-3500,-3450,0
XOM_JAN_ARCX_PILLAR_mbp1.dbn.zst,XOM_JAN,ARCX.PILLAR,XOM,EVENT,-3450,-3400,0
XOM_JAN_ARCX_PILLAR_mbp1.dbn.zst,XOM_JAN,ARCX.PILLAR,XOM,EVENT,-3400,-3350,0
XOM_JAN_ARCX_PILLAR_mbp1.dbn.zst,XOM_JAN,ARCX.PILLAR,XOM,EVENT,-3350,-3300,0
XOM_JAN_ARCX_PILLAR_mbp1.dbn.zst,XOM_JAN,ARCX.PILLAR,XOM,EVENT,-3300,-3250,0
XOM_JAN_ARCX_PILLAR_mbp1.dbn.zst,XOM_JAN,ARCX.PILLAR,XOM,EVENT,-3250,-3200,0
XOM_JAN_ARCX_PILLAR_mbp1.dbn.zst,XOM_JAN,ARCX.PILLAR,XOM,EVENT,-3200,-3150,0
XOM_JAN_ARCX_PILLAR_mbp1.dbn.zst,XOM_JAN,ARCX.PILLAR,XOM,EVENT,-3150,-3100,0
XOM_JAN_ARCX_PILLAR_mbp1.dbn.zst,XOM_JAN,ARCX.PILLAR,XOM,EVENT,-3100,-3050,0
XOM_JAN_ARCX_PILLAR_mbp1.dbn.zst,XOM_JAN,ARCX.PILLAR,XOM,EVENT,-3050,-3000,0
XOM_JAN_ARCX_PILLAR_mbp1.dbn.zst,XOM_JAN,ARCX.PILLAR,XOM,EVENT,-3000,-2950,0
XOM_JAN_ARCX_PILLAR_mbp1.dbn.zst,XOM_JAN,ARCX.PILLAR,XOM,EVENT,-2950,-2900,0
XOM_JAN_ARCX_PILLAR_mbp1.dbn.zst,XOM_JAN,ARCX.PILLAR,XOM,EVENT,-2900,-2850,0
XOM_JAN_ARCX_PILLAR_mbp1.dbn.zst,XOM_JAN,ARCX.PILLAR,XOM,EVENT,-2850,-2800,0
XOM_JAN_ARCX_PILLAR_mbp1.dbn.zst,XOM_JAN,ARCX.PILLAR,XOM,EVENT,-2800,-2750,0
XOM_JAN_ARCX_PILLAR_mbp1.dbn.zst,XOM_JAN,ARCX.PILLAR,XOM,EVENT,-2750,-2700,0
XOM_JAN_ARCX_PILLAR_mbp1.dbn.zst,XOM_JAN,ARCX.PILLAR,XOM,EVENT,-2700,-2650,0
XOM_JAN_ARCX_PILLAR_mbp1.dbn.zst,XOM_JAN,ARCX.PILLAR,XOM,EVENT,-2650,-2600,0
XOM_JAN_ARCX_PILLAR_mbp1.dbn.zst,XOM_JAN,ARCX.PILLAR,XOM,EVENT,-2600,-2550,0
XOM_JAN_ARCX_PILLAR_mbp1.dbn.zst,XOM_JAN,ARCX.PILLAR,XOM,EVENT,-2550,-2500,0
XOM_JAN_ARCX_PILLAR_mbp1.dbn.zst,XOM_JAN,ARCX.PILLAR,XOM,EVENT,-2500,-2450,0
XOM_JAN_ARCX_PILLAR_mbp1.dbn.zst,XOM_JAN,ARCX.PILLAR,XOM,EVENT,-2450,-2400,0
XOM_JAN_ARCX_PILLAR_mbp1.dbn.zst,XOM_JAN,ARCX.PILLAR,XOM,EVENT,-2400,-2350,0
XOM_JAN_ARCX_PILLAR_mbp1.dbn.zst,XOM_JAN,ARCX.PILLAR,XOM,EVENT,-2350,-2300,0
XOM_JAN_ARCX_PILLAR_mbp1.dbn.zst,XOM_JAN,ARCX.PILLAR,XOM,EVENT,-2300,-2250,0
XOM_JAN_ARCX_PILLAR_mbp1.dbn.zst,XOM_JAN,ARCX.PILLAR,XOM,EVENT,-2250,-2200,0
XOM_JAN_ARCX_PILLAR_mbp1.dbn.zst,XOM_JAN,ARCX.PILLAR,XOM,EVENT,-2200,-2150,0
XOM_JAN_ARCX_PILLAR_mbp1.dbn.zst,XOM_JAN,ARCX.PILLAR,XOM,EVENT,-2150,-2100,0
XOM_JAN_ARCX_PILLAR_mbp1.dbn.zst,XOM_JAN,ARCX.PILLAR,XOM,EVENT,-2100,-2050,0
XOM_JAN_ARCX_PILLAR_mbp1.dbn.zst,XOM_JAN,ARCX.PILLAR,XOM,EVENT,-2050,-2000,0
XOM_JAN_ARCX_PILLAR_mbp1.dbn.zst,XOM_JAN,ARCX.PILLAR,XOM,EVENT,-2000,-1950,0
XOM_JAN_ARCX_PILLAR_mbp1.dbn.zst,XOM_JAN,ARCX.PILLAR,XOM,EVENT,-1950,-1900,0
XOM_JAN_ARCX_PILLAR_mbp1.dbn.zst,XOM_JAN,ARCX.PILLAR,XOM,EVENT,-1900,-1850,0
XOM_JAN_ARCX_PILLAR_mbp1.dbn.zst,XOM_JAN,ARCX.PILLAR,XOM,EVENT,-1850,-1800,0
XOM_JAN_ARCX_PILLAR_mbp1.dbn.zst,XOM_JAN,ARCX.PILLAR,XOM,EVENT,-1800,-1750,0
XOM_JAN_ARCX_PILLAR_mbp1.dbn.zst,XOM_JAN,ARCX.PILLAR,XOM,EVENT,-1750,-1700,0
XOM_JAN_ARCX_PILLAR_mbp1.dbn.zst,XOM_JAN,ARCX.PILLAR,XOM,EVENT,-1700,-1650,0
XOM_JAN_ARCX_PILLAR_mbp1.dbn.zst,XOM_JAN,ARCX.PILLAR,XOM,EVENT,-1650,-1600,0
XOM_JAN_ARCX_PILLAR_mbp1.dbn.zst,XOM_JAN,ARCX.PILLAR,XOM,EVENT,-1600,-1550,0
XOM_JAN_ARCX_PILLAR_mbp1.dbn.zst,XOM_JAN,ARCX.PILLAR,XOM,EVENT,-1550,-1500,0
XOM_JAN_ARCX_PILLAR_mbp1.dbn.zst,XOM_JAN,ARCX.PILLAR,XOM,EVENT,-1500,-1450,0
XOM_JAN_ARCX_PILLAR_mbp1.dbn.zst,XOM_JAN,ARCX.PILLAR,XOM,EVENT,-1450,-1400,0
XOM_JAN_ARCX_PILLAR_mbp1.dbn.zst,XOM_JAN,ARCX.PILLAR,XOM,EVENT,-1400,-1350,0
XOM_JAN_ARCX_PILLAR_mbp1.dbn.zst,XOM_JAN,ARCX.PILLAR,XOM,EVENT,-1350,-1300,0
XOM_JAN_ARCX_PILLAR_mbp1.dbn.zst,XOM_JAN,ARCX.PILLAR,XOM,EVENT,-1300,-1250,0
XOM_JAN_ARCX_PILLAR_mbp1.dbn.zst,XOM_JAN,ARCX.PILLAR,XOM,EVENT,-1250,-1200,0
XOM_JAN_ARCX_PILLAR_mbp1.dbn.zst,XOM_JAN,ARCX.PILLAR,XOM,EVENT,-1200,-1150,0
XOM_JAN_ARCX_PILLAR_mbp1.dbn.zst,XOM_JAN,ARCX.PILLAR,XOM,EVENT,-1150,-1100,0
XOM_JAN_ARCX_PILLAR_mbp1.dbn.zst,XOM_JAN,ARCX.PILLAR,XOM,EVENT,-1100,-1050,0
XOM_JAN_ARCX_PILLAR_mbp1.dbn.zst,XOM_JAN,ARCX.PILLAR,XOM,EVENT,-1050,-1000,0
XOM_JAN_ARCX_PILLAR_mbp1.dbn.zst,XOM_JAN,ARCX.PILLAR,XOM,EVENT,-1000,-950,0
XOM_JAN_ARCX_PILLAR_mbp1.dbn.zst,XOM_JAN,ARCX.PILLAR,XOM,EVENT,-950,-900,0
XOM_JAN_ARCX_PILLAR_mbp1.dbn.zst,XOM_JAN,ARCX.PILLAR,XOM,EVENT,-900,-850,0
XOM_JAN_ARCX_PILLAR_mbp1.dbn.zst,XOM_JAN,ARCX.PILLAR,XOM,EVENT,-850,-800,0
XOM_JAN_ARCX_PILLAR_mbp1.dbn.zst,XOM_JAN,ARCX.PILLAR,XOM,EVENT,-800,-750,0
XOM_JAN_ARCX_PILLAR_mbp1.dbn.zst,XOM_JAN,ARCX.PILLAR,XOM,EVENT,-750,-700,0
XOM_JAN_ARCX_PILLAR_mbp1.dbn.zst,XOM_JAN,ARCX.PILLAR,XOM,EVENT,-700,-650,0
XOM_JAN_ARCX_PILLAR_mbp1.dbn.zst,XOM_JAN,ARCX.PILLAR,XOM,EVENT,-650,-600,0
XOM_JAN_ARCX_PILLAR_mbp1.dbn.zst,XOM_JAN,ARCX.PILLAR,XOM,EVENT,-600,-550,0
XOM_JAN_ARCX_PILLAR_mbp1.dbn.zst,XOM_JAN,ARCX.PILLAR,XOM,EVENT,-550,-500,0
XOM_JAN_ARCX_PILLAR_mbp1.dbn.zst,XOM_JAN,ARCX.PILLAR,XOM,EVENT,-500,-450,0
XOM_JAN_ARCX_PILLAR_mbp1.dbn.zst,XOM_JAN,ARCX.PILLAR,XOM,EVENT,-450,-400,0
XOM_JAN_ARCX_PILLAR_mbp1.dbn.zst,XOM_JAN,ARCX.PILLAR,XOM,EVENT,-400,-350,0
XOM_JAN_ARCX_PILLAR_mbp1.dbn.zst,XOM_JAN,ARCX.PILLAR,XOM,EVENT,-350,-300,0
XOM_JAN_ARCX_PILLAR_mbp1.dbn.zst,XOM_JAN,ARCX.PILLAR,XOM,EVENT,-300,-250,0
XOM_JAN_ARCX_PILLAR_mbp1.dbn.zst,XOM_JAN,ARCX.PILLAR,XOM,EVENT,-250,-200,0
XOM_JAN_ARCX_PILLAR_mbp1.dbn.zst,XOM_JAN,ARCX.PILLAR,XOM,EVENT,-200,-150,0
XOM_JAN_ARCX_PILLAR_mbp1.dbn.zst,XOM_JAN,ARCX.PILLAR,XOM,EVENT,-150,-100,0
XOM_JAN_ARCX_PILLAR_mbp1.dbn.zst,XOM_JAN,ARCX.PILLAR,XOM,EVENT,-100,-50,0
XOM_JAN_ARCX_PILLAR_mbp1.dbn.zst,XOM_JAN,ARCX.PILLAR,XOM,EVENT,-50,0,0
XOM_JAN_ARCX_PILLAR_mbp1.dbn.zst,XOM_JAN,ARCX.PILLAR,XOM,EVENT,0,50,0
XOM_JAN_ARCX_PILLAR_mbp1.dbn.zst,XOM_JAN,ARCX.PILLAR,XOM,EVENT,50,100,0
XOM_JAN_ARCX_PILLAR_mbp1.dbn.zst,XOM_JAN,ARCX.PILLAR,XOM,EVENT,100,150,0
XOM_JAN_ARCX_PILLAR_mbp1.dbn.zst,XOM_JAN,ARCX.PILLAR,XOM,EVENT,150,200,0
XOM_JAN_ARCX_PILLAR_mbp1.dbn.zst,XOM_JAN,ARCX.PILLAR,XOM,EVENT,200,250,0
XOM_JAN_ARCX_PILLAR_mbp1.dbn.zst,XOM_JAN,ARCX.PILLAR,XOM,EVENT,250,300,0
XOM_JAN_ARCX_PILLAR_mbp1.dbn.zst,XOM_JAN,ARCX.PILLAR,XOM,EVENT,300,350,0
XOM_JAN_ARCX_PILLAR_mbp1.dbn.zst,XOM_JAN,ARCX.PILLAR,XOM,EVENT,350,400,0
XOM_JAN_ARCX_PILLAR_mbp1.dbn.zst,XOM_JAN,ARCX.PILLAR,XOM,EVENT,400,450,0
XOM_JAN_ARCX_PILLAR_mbp1.dbn.zst,XOM_JAN,ARCX.PILLAR,XOM,EVENT,450,500,0
XOM_JAN_ARCX_PILLAR_mbp1.dbn.zst,XOM_JAN,ARCX.PILLAR,XOM,EVENT,500,550,0
XOM_JAN_ARCX_PILLAR_mbp1.dbn.zst,XOM_JAN,ARCX.PILLAR,XOM,EVENT,550,600,0
XOM_JAN_ARCX_PILLAR_mbp1.dbn.zst,XOM_JAN,ARCX.PILLAR,XOM,EVENT,600,650,0
XOM_JAN_ARCX_PILLAR_mbp1.dbn.zst,XOM_JAN,ARCX.PILLAR,XOM,EVENT,650,700,0
XOM_JAN_ARCX_PILLAR_mbp1.dbn.zst,XOM_JAN,ARCX.PILLAR,XOM,EVENT,700,750,0
XOM_JAN_ARCX_PILLAR_mbp1.dbn.zst,XOM_JAN,ARCX.PILLAR,XOM,EVENT,750,800,0
XOM_JAN_ARCX_PILLAR_mbp1.dbn.zst,XOM_JAN,ARCX.PILLAR,XOM,EVENT,800,850,0
XOM_JAN_ARCX_PILLAR_mbp1.dbn.zst,XOM_JAN,ARCX.PILLAR,XOM,EVENT,850,900,0
XOM_JAN_ARCX_PILLAR_mbp1.dbn.zst,XOM_JAN,ARCX.PILLAR,XOM,EVENT,900,950,0
XOM_JAN_ARCX_PILLAR_mbp1.dbn.zst,XOM_JAN,ARCX.PILLAR,XOM,EVENT,950,1000,0
XOM_JAN_ARCX_PILLAR_mbp1.dbn.zst,XOM_JAN,ARCX.PILLAR,XOM,EVENT,1000,1050,0
XOM_JAN_ARCX_PILLAR_mbp1.dbn.zst,XOM_JAN,ARCX.PILLAR,XOM,EVENT,1050,1100,0
XOM_JAN_ARCX_PILLAR_mbp1.dbn.zst,XOM_JAN,ARCX.PILLAR,XOM,EVENT,1100,1150,0
XOM_JAN_ARCX_PILLAR_mbp1.dbn.zst,XOM_JAN,ARCX.PILLAR,XOM,EVENT,1150,1200,0
XOM_JAN_ARCX_PILLAR_mbp1.dbn.zst,XOM_JAN,ARCX.PILLAR,XOM,EVENT,1200,1250,0
XOM_JAN_ARCX_PILLAR_mbp1.dbn.zst,XOM_JAN,ARCX.PILLAR,XOM,EVENT,1250,1300,0
XOM_JAN_ARCX_PILLAR_mbp1.dbn.zst,XOM_JAN,ARCX.PILLAR,XOM,EVENT,1300,1350,0
XOM_JAN_ARCX_PILLAR_mbp1.dbn.zst,XOM_JAN,ARCX.PILLAR,XOM,EVENT,1350,1400,0
XOM_JAN_ARCX_PILLAR_mbp1.dbn.zst,XOM_JAN,ARCX.PILLAR,XOM,EVENT,1400,1450,0
XOM_JAN_ARCX_PILLAR_mbp1.dbn.zst,XOM_JAN,ARCX.PILLAR,XOM,EVENT,1450,1500,0
XOM_JAN_ARCX_PILLAR_mbp1.dbn.zst,XOM_JAN,ARCX.PILLAR,XOM,EVENT,1500,1550,0
XOM_JAN_ARCX_PILLAR_mbp1.dbn.zst,XOM_JAN,ARCX.PILLAR,XOM,EVENT,1550,1600,0
XOM_JAN_ARCX_PILLAR_mbp1.dbn.zst,XOM_JAN,ARCX.PILLAR,XOM,EVENT,1600,1650,0
XOM_JAN_ARCX_PILLAR_mbp1.dbn.zst,XOM_JAN,ARCX.PILLAR,XOM,EVENT,1650,1700,0
XOM_JAN_ARCX_PILLAR_mbp1.dbn.zst,XOM_JAN,ARCX.PILLAR,XOM,EVENT,1700,1750,0
XOM_JAN_ARCX_PILLAR_mbp1.dbn.zst,XOM_JAN,ARCX.PILLAR,XOM,EVENT,1750,1800,0
XOM_JAN_ARCX_PILLAR_mbp1.dbn.zst,XOM_JAN,ARCX.PILLAR,XOM,EVENT,1800,1850,0
XOM_JAN_ARCX_PILLAR_mbp1.dbn.zst,XOM_JAN,ARCX.PILLAR,XOM,EVENT,1850,1900,0
XOM_JAN_ARCX_PILLAR_mbp1.dbn.zst,XOM_JAN,ARCX.PILLAR,XOM,EVENT,1900,1950,0
XOM_JAN_ARCX_PILLAR_mbp1.dbn.zst,XOM_JAN,ARCX.PILLAR,XOM,EVENT,1950,2000,0
XOM_JAN_ARCX_PILLAR_mbp1.dbn.zst,XOM_JAN,ARCX.PILLAR,XOM,EVENT,2000,2050,0
XOM_JAN_ARCX_PILLAR_mbp1.dbn.zst,XOM_JAN,ARCX.PILLAR,XOM,EVENT,2050,2100,0
XOM_JAN_ARCX_PILLAR_mbp1.dbn.zst,XOM_JAN,ARCX.PILLAR,XOM,EVENT,2100,2150,0
XOM_JAN_ARCX_PILLAR_mbp1.dbn.zst,XOM_JAN,ARCX.PILLAR,XOM,EVENT,2150,2200,0
XOM_JAN_ARCX_PILLAR_mbp1.dbn.zst,XOM_JAN,ARCX.PILLAR,XOM,EVENT,2200,2250,0
XOM_JAN_ARCX_PILLAR_mbp1.dbn.zst,XOM_JAN,ARCX.PILLAR,XOM,EVENT,2250,2300,0
XOM_JAN_ARCX_PILLAR_mbp1.dbn.zst,XOM_JAN,ARCX.PILLAR,XOM,EVENT,2300,2350,0
XOM_JAN_ARCX_PILLAR_mbp1.dbn.zst,XOM_JAN,ARCX.PILLAR,XOM,EVENT,2350,2400,0
XOM_JAN_ARCX_PILLAR_mbp1.dbn.zst,XOM_JAN,ARCX.PILLAR,XOM,EVENT,2400,2450,0
XOM_JAN_ARCX_PILLAR_mbp1.dbn.zst,XOM_JAN,ARCX.PILLAR,XOM,EVENT,2450,2500,0
XOM_JAN_ARCX_PILLAR_mbp1.dbn.zst,XOM_JAN,ARCX.PILLAR,XOM,EVENT,2500,2550,0
XOM_JAN_ARCX_PILLAR_mbp1.dbn.zst,XOM_JAN,ARCX.PILLAR,XOM,EVENT,2550,2600,0
XOM_JAN_ARCX_PILLAR_mbp1.dbn.zst,XOM_JAN,ARCX.PILLAR,XOM,EVENT,2600,2650,0
XOM_JAN_ARCX_PILLAR_mbp1.dbn.zst,XOM_JAN,ARCX.PILLAR,XOM,EVENT,2650,2700,0
XOM_JAN_ARCX_PILLAR_mbp1.dbn.zst,XOM_JAN,ARCX.PILLAR,XOM,EVENT,2700,2750,0
XOM_JAN_ARCX_PILLAR_mbp1.dbn.zst,XOM_JAN,ARCX.PILLAR,XOM,EVENT,2750,2800,0
XOM_JAN_ARCX_PILLAR_mbp1.dbn.zst,XOM_JAN,ARCX.PILLAR,XOM,EVENT,2800,2850,0
XOM_JAN_ARCX_PILLAR_mbp1.dbn.zst,XOM_JAN,ARCX.PILLAR,XOM,EVENT,2850,2900,0
XOM_JAN_ARCX_PILLAR_mbp1.dbn.zst,XOM_JAN,ARCX.PILLAR,XOM,EVENT,2900,2950,0
XOM_JAN_ARCX_PILLAR_mbp1.dbn.zst,XOM_JAN,ARCX.PILLAR,XOM,EVENT,2950,3000,0
XOM_JAN_ARCX_PILLAR_mbp1.dbn.zst,XOM_JAN,ARCX.PILLAR,XOM,EVENT,3000,3050,0
XOM_JAN_ARCX_PILLAR_mbp1.dbn.zst,XOM_JAN,ARCX.PILLAR,XOM,EVENT,3050,3100,0
XOM_JAN_ARCX_PILLAR_mbp1.dbn.zst,XOM_JAN,ARCX.PILLAR,XOM,EVENT,3100,3150,0
XOM_JAN_ARCX_PILLAR_mbp1.dbn.zst,XOM_JAN,ARCX.PILLAR,XOM,EVENT,3150,3200,0
XOM_JAN_ARCX_PILLAR_mbp1.dbn.zst,XOM_JAN,ARCX.PILLAR,XOM,EVENT,3200,3250,0
XOM_JAN_ARCX_PILLAR_mbp1.dbn.zst,XOM_JAN,ARCX.PILLAR,XOM,EVENT,3250,3300,0
XOM_JAN_ARCX_PILLAR_mbp1.dbn.zst,XOM_JAN,ARCX.PILLAR,XOM,EVENT,3300,3350,0
XOM_JAN_ARCX_PILLAR_mbp1.dbn.zst,XOM_JAN,ARCX.PILLAR,XOM,EVENT,3350,3400,0
XOM_JAN_ARCX_PILLAR_mbp1.dbn.zst,XOM_JAN,ARCX.PILLAR,XOM,EVENT,3400,3450,0
XOM_JAN_ARCX_PILLAR_mbp1.dbn.zst,XOM_JAN,ARCX.PILLAR,XOM,EVENT,3450,3500,0
XOM_JAN_ARCX_PILLAR_mbp1.dbn.zst,XOM_JAN,ARCX.PILLAR,XOM,EVENT,3500,3550,0
XOM_JAN_ARCX_PILLAR_mbp1.dbn.zst,XOM_JAN,ARCX.PILLAR,XOM,EVENT,3550,3600,0
XOM_JAN_ARCX_PILLAR_mbp1.dbn.zst,XOM_JAN,ARCX.PILLAR,XOM,EVENT,3600,3650,0
XOM_JAN_ARCX_PILLAR_mbp1.dbn.zst,XOM_JAN,ARCX.PILLAR,XOM,EVENT,3650,3700,0
XOM_JAN_ARCX_PILLAR_mbp1.dbn.zst,XOM_JAN,ARCX.PILLAR,XOM,EVENT,3700,3750,0
XOM_JAN_ARCX_PILLAR_mbp1.dbn.zst,XOM_JAN,ARCX.PILLAR,XOM,EVENT,3750,3800,0
XOM_JAN_ARCX_PILLAR_mbp1.dbn.zst,XOM_JAN,ARCX.PILLAR,XOM,EVENT,3800,3850,0
XOM_JAN_ARCX_PILLAR_mbp1.dbn.zst,XOM_JAN,ARCX.PILLAR,XOM,EVENT,3850,3900,0
XOM_JAN_ARCX_PILLAR_mbp1.dbn.zst,XOM_JAN,ARCX.PILLAR,XOM,EVENT,3900,3950,0
XOM_JAN_ARCX_PILLAR_mbp1.dbn.zst,XOM_JAN,ARCX.PILLAR,XOM,EVENT,3950,4000,0
XOM_JAN_ARCX_PILLAR_mbp1.dbn.zst,XOM_JAN,ARCX.PILLAR,XOM,EVENT,4000,4050,0
XOM_JAN_ARCX_PILLAR_mbp1.dbn.zst,XOM_JAN,ARCX.PILLAR,XOM,EVENT,4050,4100,0
XOM_JAN_ARCX_PILLAR_mbp1.dbn.zst,XOM_JAN,ARCX.PILLAR,XOM,EVENT,4100,4150,0
XOM_JAN_ARCX_PILLAR_mbp1.dbn.zst,XOM_JAN,ARCX.PILLAR,XOM,EVENT,4150,4200,0
XOM_JAN_ARCX_PILLAR_mbp1.dbn.zst,XOM_JAN,ARCX.PILLAR,XOM,EVENT,4200,4250,0
XOM_JAN_ARCX_PILLAR_mbp1.dbn.zst,XOM_JAN,ARCX.PILLAR,XOM,EVENT,4250,4300,0
XOM_JAN_ARCX_PILLAR_mbp1.dbn.zst,XOM_JAN,ARCX.PILLAR,XOM,EVENT,4300,4350,0
XOM_JAN_ARCX_PILLAR_mbp1.dbn.zst,XOM_JAN,ARCX.PILLAR,XOM,EVENT,4350,4400,0
XOM_JAN_ARCX_PILLAR_mbp1.dbn.zst,XOM_JAN,ARCX.PILLAR,XOM,EVENT,4400,4450,0
XOM_JAN_ARCX_PILLAR_mbp1.dbn.zst,XOM_JAN,ARCX.PILLAR,XOM,EVENT,4450,4500,0
XOM_JAN_ARCX_PILLAR_mbp1.dbn.zst,XOM_JAN,ARCX.PILLAR,XOM,EVENT,4500,4550,0
XOM_JAN_ARCX_PILLAR_mbp1.dbn.zst,XOM_JAN,ARCX.PILLAR,XOM,EVENT,4550,4600,0
XOM_JAN_ARCX_PILLAR_mbp1.dbn.zst,XOM_JAN,ARCX.PILLAR,XOM,EVENT,4600,4650,0
XOM_JAN_ARCX_PILLAR_mbp1.dbn.zst,XOM_JAN,ARCX.PILLAR,XOM,EVENT,4650,4700,0
XOM_JAN_ARCX_PILLAR_mbp1.dbn.zst,XOM_JAN,ARCX.PILLAR,XOM,EVENT,4700,4750,0
XOM_JAN_ARCX_PILLAR_mbp1.dbn.zst,XOM_JAN,ARCX.PILLAR,XOM,EVENT,4750,4800,0
XOM_JAN_ARCX_PILLAR_mbp1.dbn.zst,XOM_JAN,ARCX.PILLAR,XOM,EVENT,4800,4850,0
XOM_JAN_ARCX_PILLAR_mbp1.dbn.zst,XOM_JAN,ARCX.PILLAR,XOM,EVENT,4850,4900,0
XOM_JAN_ARCX_PILLAR_mbp1.dbn.zst,XOM_JAN,ARCX.PILLAR,XOM,EVENT,4900,4950,0
XOM_JAN_ARCX_PILLAR_mbp1.dbn.zst,XOM_JAN,ARCX.PILLAR,XOM,EVENT,4950,5000,0
XOM_JAN_ARCX_PILLAR_mbp1.dbn.zst,XOM_JAN,ARCX.PILLAR,XOM,RECEIVE,-5000,-4950,0
XOM_JAN_ARCX_PILLAR_mbp1.dbn.zst,XOM_JAN,ARCX.PILLAR,XOM,RECEIVE,-4950,-4900,0
XOM_JAN_ARCX_PILLAR_mbp1.dbn.zst,XOM_JAN,ARCX.PILLAR,XOM,RECEIVE,-4900,-4850,0
XOM_JAN_ARCX_PILLAR_mbp1.dbn.zst,XOM_JAN,ARCX.PILLAR,XOM,RECEIVE,-4850,-4800,0
XOM_JAN_ARCX_PILLAR_mbp1.dbn.zst,XOM_JAN,ARCX.PILLAR,XOM,RECEIVE,-4800,-4750,0
XOM_JAN_ARCX_PILLAR_mbp1.dbn.zst,XOM_JAN,ARCX.PILLAR,XOM,RECEIVE,-4750,-4700,0
XOM_JAN_ARCX_PILLAR_mbp1.dbn.zst,XOM_JAN,ARCX.PILLAR,XOM,RECEIVE,-4700,-4650,0
XOM_JAN_ARCX_PILLAR_mbp1.dbn.zst,XOM_JAN,ARCX.PILLAR,XOM,RECEIVE,-4650,-4600,0
XOM_JAN_ARCX_PILLAR_mbp1.dbn.zst,XOM_JAN,ARCX.PILLAR,XOM,RECEIVE,-4600,-4550,0
XOM_JAN_ARCX_PILLAR_mbp1.dbn.zst,XOM_JAN,ARCX.PILLAR,XOM,RECEIVE,-4550,-4500,0
XOM_JAN_ARCX_PILLAR_mbp1.dbn.zst,XOM_JAN,ARCX.PILLAR,XOM,RECEIVE,-4500,-4450,0
XOM_JAN_ARCX_PILLAR_mbp1.dbn.zst,XOM_JAN,ARCX.PILLAR,XOM,RECEIVE,-4450,-4400,0
XOM_JAN_ARCX_PILLAR_mbp1.dbn.zst,XOM_JAN,ARCX.PILLAR,XOM,RECEIVE,-4400,-4350,0
XOM_JAN_ARCX_PILLAR_mbp1.dbn.zst,XOM_JAN,ARCX.PILLAR,XOM,RECEIVE,-4350,-4300,0
XOM_JAN_ARCX_PILLAR_mbp1.dbn.zst,XOM_JAN,ARCX.PILLAR,XOM,RECEIVE,-4300,-4250,0
XOM_JAN_ARCX_PILLAR_mbp1.dbn.zst,XOM_JAN,ARCX.PILLAR,XOM,RECEIVE,-4250,-4200,0
XOM_JAN_ARCX_PILLAR_mbp1.dbn.zst,XOM_JAN,ARCX.PILLAR,XOM,RECEIVE,-4200,-4150,0
XOM_JAN_ARCX_PILLAR_mbp1.dbn.zst,XOM_JAN,ARCX.PILLAR,XOM,RECEIVE,-4150,-4100,0
XOM_JAN_ARCX_PILLAR_mbp1.dbn.zst,XOM_JAN,ARCX.PILLAR,XOM,RECEIVE,-4100,-4050,0
XOM_JAN_ARCX_PILLAR_mbp1.dbn.zst,XOM_JAN,ARCX.PILLAR,XOM,RECEIVE,-4050,-4000,0
XOM_JAN_ARCX_PILLAR_mbp1.dbn.zst,XOM_JAN,ARCX.PILLAR,XOM,RECEIVE,-4000,-3950,0
XOM_JAN_ARCX_PILLAR_mbp1.dbn.zst,XOM_JAN,ARCX.PILLAR,XOM,RECEIVE,-3950,-3900,0
XOM_JAN_ARCX_PILLAR_mbp1.dbn.zst,XOM_JAN,ARCX.PILLAR,XOM,RECEIVE,-3900,-3850,0
XOM_JAN_ARCX_PILLAR_mbp1.dbn.zst,XOM_JAN,ARCX.PILLAR,XOM,RECEIVE,-3850,-3800,0
XOM_JAN_ARCX_PILLAR_mbp1.dbn.zst,XOM_JAN,ARCX.PILLAR,XOM,RECEIVE,-3800,-3750,0
XOM_JAN_ARCX_PILLAR_mbp1.dbn.zst,XOM_JAN,ARCX.PILLAR,XOM,RECEIVE,-3750,-3700,0
XOM_JAN_ARCX_PILLAR_mbp1.dbn.zst,XOM_JAN,ARCX.PILLAR,XOM,RECEIVE,-3700,-3650,0
XOM_JAN_ARCX_PILLAR_mbp1.dbn.zst,XOM_JAN,ARCX.PILLAR,XOM,RECEIVE,-3650,-3600,0
XOM_JAN_ARCX_PILLAR_mbp1.dbn.zst,XOM_JAN,ARCX.PILLAR,XOM,RECEIVE,-3600,-3550,0
XOM_JAN_ARCX_PILLAR_mbp1.dbn.zst,XOM_JAN,ARCX.PILLAR,XOM,RECEIVE,-3550,-3500,0
XOM_JAN_ARCX_PILLAR_mbp1.dbn.zst,XOM_JAN,ARCX.PILLAR,XOM,RECEIVE,-3500,-3450,0
XOM_JAN_ARCX_PILLAR_mbp1.dbn.zst,XOM_JAN,ARCX.PILLAR,XOM,RECEIVE,-3450,-3400,0
XOM_JAN_ARCX_PILLAR_mbp1.dbn.zst,XOM_JAN,ARCX.PILLAR,XOM,RECEIVE,-3400,-3350,0
XOM_JAN_ARCX_PILLAR_mbp1.dbn.zst,XOM_JAN,ARCX.PILLAR,XOM,RECEIVE,-3350,-3300,0
XOM_JAN_ARCX_PILLAR_mbp1.dbn.zst,XOM_JAN,ARCX.PILLAR,XOM,RECEIVE,-3300,-3250,0
XOM_JAN_ARCX_PILLAR_mbp1.dbn.zst,XOM_JAN,ARCX.PILLAR,XOM,RECEIVE,-3250,-3200,0
XOM_JAN_ARCX_PILLAR_mbp1.dbn.zst,XOM_JAN,ARCX.PILLAR,XOM,RECEIVE,-3200,-3150,0
XOM_JAN_ARCX_PILLAR_mbp1.dbn.zst,XOM_JAN,ARCX.PILLAR,XOM,RECEIVE,-3150,-3100,0
XOM_JAN_ARCX_PILLAR_mbp1.dbn.zst,XOM_JAN,ARCX.PILLAR,XOM,RECEIVE,-3100,-3050,0
XOM_JAN_ARCX_PILLAR_mbp1.dbn.zst,XOM_JAN,ARCX.PILLAR,XOM,RECEIVE,-3050,-3000,0
XOM_JAN_ARCX_PILLAR_mbp1.dbn.zst,XOM_JAN,ARCX.PILLAR,XOM,RECEIVE,-3000,-2950,0
XOM_JAN_ARCX_PILLAR_mbp1.dbn.zst,XOM_JAN,ARCX.PILLAR,XOM,RECEIVE,-2950,-2900,0
XOM_JAN_ARCX_PILLAR_mbp1.dbn.zst,XOM_JAN,ARCX.PILLAR,XOM,RECEIVE,-2900,-2850,0
XOM_JAN_ARCX_PILLAR_mbp1.dbn.zst,XOM_JAN,ARCX.PILLAR,XOM,RECEIVE,-2850,-2800,0
XOM_JAN_ARCX_PILLAR_mbp1.dbn.zst,XOM_JAN,ARCX.PILLAR,XOM,RECEIVE,-2800,-2750,0
XOM_JAN_ARCX_PILLAR_mbp1.dbn.zst,XOM_JAN,ARCX.PILLAR,XOM,RECEIVE,-2750,-2700,0
XOM_JAN_ARCX_PILLAR_mbp1.dbn.zst,XOM_JAN,ARCX.PILLAR,XOM,RECEIVE,-2700,-2650,0
XOM_JAN_ARCX_PILLAR_mbp1.dbn.zst,XOM_JAN,ARCX.PILLAR,XOM,RECEIVE,-2650,-2600,0
XOM_JAN_ARCX_PILLAR_mbp1.dbn.zst,XOM_JAN,ARCX.PILLAR,XOM,RECEIVE,-2600,-2550,0
XOM_JAN_ARCX_PILLAR_mbp1.dbn.zst,XOM_JAN,ARCX.PILLAR,XOM,RECEIVE,-2550,-2500,0
XOM_JAN_ARCX_PILLAR_mbp1.dbn.zst,XOM_JAN,ARCX.PILLAR,XOM,RECEIVE,-2500,-2450,0
XOM_JAN_ARCX_PILLAR_mbp1.dbn.zst,XOM_JAN,ARCX.PILLAR,XOM,RECEIVE,-2450,-2400,0
XOM_JAN_ARCX_PILLAR_mbp1.dbn.zst,XOM_JAN,ARCX.PILLAR,XOM,RECEIVE,-2400,-2350,0
XOM_JAN_ARCX_PILLAR_mbp1.dbn.zst,XOM_JAN,ARCX.PILLAR,XOM,RECEIVE,-2350,-2300,0
XOM_JAN_ARCX_PILLAR_mbp1.dbn.zst,XOM_JAN,ARCX.PILLAR,XOM,RECEIVE,-2300,-2250,0
XOM_JAN_ARCX_PILLAR_mbp1.dbn.zst,XOM_JAN,ARCX.PILLAR,XOM,RECEIVE,-2250,-2200,0
XOM_JAN_ARCX_PILLAR_mbp1.dbn.zst,XOM_JAN,ARCX.PILLAR,XOM,RECEIVE,-2200,-2150,0
XOM_JAN_ARCX_PILLAR_mbp1.dbn.zst,XOM_JAN,ARCX.PILLAR,XOM,RECEIVE,-2150,-2100,0
XOM_JAN_ARCX_PILLAR_mbp1.dbn.zst,XOM_JAN,ARCX.PILLAR,XOM,RECEIVE,-2100,-2050,0
XOM_JAN_ARCX_PILLAR_mbp1.dbn.zst,XOM_JAN,ARCX.PILLAR,XOM,RECEIVE,-2050,-2000,0
XOM_JAN_ARCX_PILLAR_mbp1.dbn.zst,XOM_JAN,ARCX.PILLAR,XOM,RECEIVE,-2000,-1950,0
XOM_JAN_ARCX_PILLAR_mbp1.dbn.zst,XOM_JAN,ARCX.PILLAR,XOM,RECEIVE,-1950,-1900,0
XOM_JAN_ARCX_PILLAR_mbp1.dbn.zst,XOM_JAN,ARCX.PILLAR,XOM,RECEIVE,-1900,-1850,0
XOM_JAN_ARCX_PILLAR_mbp1.dbn.zst,XOM_JAN,ARCX.PILLAR,XOM,RECEIVE,-1850,-1800,0
XOM_JAN_ARCX_PILLAR_mbp1.dbn.zst,XOM_JAN,ARCX.PILLAR,XOM,RECEIVE,-1800,-1750,0
XOM_JAN_ARCX_PILLAR_mbp1.dbn.zst,XOM_JAN,ARCX.PILLAR,XOM,RECEIVE,-1750,-1700,0
XOM_JAN_ARCX_PILLAR_mbp1.dbn.zst,XOM_JAN,ARCX.PILLAR,XOM,RECEIVE,-1700,-1650,0
XOM_JAN_ARCX_PILLAR_mbp1.dbn.zst,XOM_JAN,ARCX.PILLAR,XOM,RECEIVE,-1650,-1600,0
XOM_JAN_ARCX_PILLAR_mbp1.dbn.zst,XOM_JAN,ARCX.PILLAR,XOM,RECEIVE,-1600,-1550,0
XOM_JAN_ARCX_PILLAR_mbp1.dbn.zst,XOM_JAN,ARCX.PILLAR,XOM,RECEIVE,-1550,-1500,0
XOM_JAN_ARCX_PILLAR_mbp1.dbn.zst,XOM_JAN,ARCX.PILLAR,XOM,RECEIVE,-1500,-1450,0
XOM_JAN_ARCX_PILLAR_mbp1.dbn.zst,XOM_JAN,ARCX.PILLAR,XOM,RECEIVE,-1450,-1400,0
XOM_JAN_ARCX_PILLAR_mbp1.dbn.zst,XOM_JAN,ARCX.PILLAR,XOM,RECEIVE,-1400,-1350,0
XOM_JAN_ARCX_PILLAR_mbp1.dbn.zst,XOM_JAN,ARCX.PILLAR,XOM,RECEIVE,-1350,-1300,0
XOM_JAN_ARCX_PILLAR_mbp1.dbn.zst,XOM_JAN,ARCX.PILLAR,XOM,RECEIVE,-1300,-1250,0
XOM_JAN_ARCX_PILLAR_mbp1.dbn.zst,XOM_JAN,ARCX.PILLAR,XOM,RECEIVE,-1250,-1200,0
XOM_JAN_ARCX_PILLAR_mbp1.dbn.zst,XOM_JAN,ARCX.PILLAR,XOM,RECEIVE,-1200,-1150,0
XOM_JAN_ARCX_PILLAR_mbp1.dbn.zst,XOM_JAN,ARCX.PILLAR,XOM,RECEIVE,-1150,-1100,0
XOM_JAN_ARCX_PILLAR_mbp1.dbn.zst,XOM_JAN,ARCX.PILLAR,XOM,RECEIVE,-1100,-1050,0
XOM_JAN_ARCX_PILLAR_mbp1.dbn.zst,XOM_JAN,ARCX.PILLAR,XOM,RECEIVE,-1050,-1000,0
XOM_JAN_ARCX_PILLAR_mbp1.dbn.zst,XOM_JAN,ARCX.PILLAR,XOM,RECEIVE,-1000,-950,0
XOM_JAN_ARCX_PILLAR_mbp1.dbn.zst,XOM_JAN,ARCX.PILLAR,XOM,RECEIVE,-950,-900,0
XOM_JAN_ARCX_PILLAR_mbp1.dbn.zst,XOM_JAN,ARCX.PILLAR,XOM,RECEIVE,-900,-850,0
XOM_JAN_ARCX_PILLAR_mbp1.dbn.zst,XOM_JAN,ARCX.PILLAR,XOM,RECEIVE,-850,-800,0
XOM_JAN_ARCX_PILLAR_mbp1.dbn.zst,XOM_JAN,ARCX.PILLAR,XOM,RECEIVE,-800,-750,0
XOM_JAN_ARCX_PILLAR_mbp1.dbn.zst,XOM_JAN,ARCX.PILLAR,XOM,RECEIVE,-750,-700,0
XOM_JAN_ARCX_PILLAR_mbp1.dbn.zst,XOM_JAN,ARCX.PILLAR,XOM,RECEIVE,-700,-650,0
XOM_JAN_ARCX_PILLAR_mbp1.dbn.zst,XOM_JAN,ARCX.PILLAR,XOM,RECEIVE,-650,-600,0
XOM_JAN_ARCX_PILLAR_mbp1.dbn.zst,XOM_JAN,ARCX.PILLAR,XOM,RECEIVE,-600,-550,0
XOM_JAN_ARCX_PILLAR_mbp1.dbn.zst,XOM_JAN,ARCX.PILLAR,XOM,RECEIVE,-550,-500,0
XOM_JAN_ARCX_PILLAR_mbp1.dbn.zst,XOM_JAN,ARCX.PILLAR,XOM,RECEIVE,-500,-450,0
XOM_JAN_ARCX_PILLAR_mbp1.dbn.zst,XOM_JAN,ARCX.PILLAR,XOM,RECEIVE,-450,-400,0
XOM_JAN_ARCX_PILLAR_mbp1.dbn.zst,XOM_JAN,ARCX.PILLAR,XOM,RECEIVE,-400,-350,0
XOM_JAN_ARCX_PILLAR_mbp1.dbn.zst,XOM_JAN,ARCX.PILLAR,XOM,RECEIVE,-350,-300,0
XOM_JAN_ARCX_PILLAR_mbp1.dbn.zst,XOM_JAN,ARCX.PILLAR,XOM,RECEIVE,-300,-250,0
XOM_JAN_ARCX_PILLAR_mbp1.dbn.zst,XOM_JAN,ARCX.PILLAR,XOM,RECEIVE,-250,-200,0
XOM_JAN_ARCX_PILLAR_mbp1.dbn.zst,XOM_JAN,ARCX.PILLAR,XOM,RECEIVE,-200,-150,0
XOM_JAN_ARCX_PILLAR_mbp1.dbn.zst,XOM_JAN,ARCX.PILLAR,XOM,RECEIVE,-150,-100,0
XOM_JAN_ARCX_PILLAR_mbp1.dbn.zst,XOM_JAN,ARCX.PILLAR,XOM,RECEIVE,-100,-50,0
XOM_JAN_ARCX_PILLAR_mbp1.dbn.zst,XOM_JAN,ARCX.PILLAR,XOM,RECEIVE,-50,0,0
XOM_JAN_ARCX_PILLAR_mbp1.dbn.zst,XOM_JAN,ARCX.PILLAR,XOM,RECEIVE,0,50,0
XOM_JAN_ARCX_PILLAR_mbp1.dbn.zst,XOM_JAN,ARCX.PILLAR,XOM,RECEIVE,50,100,0
XOM_JAN_ARCX_PILLAR_mbp1.dbn.zst,XOM_JAN,ARCX.PILLAR,XOM,RECEIVE,100,150,0
XOM_JAN_ARCX_PILLAR_mbp1.dbn.zst,XOM_JAN,ARCX.PILLAR,XOM,RECEIVE,150,200,0
XOM_JAN_ARCX_PILLAR_mbp1.dbn.zst,XOM_JAN,ARCX.PILLAR,XOM,RECEIVE,200,250,0
XOM_JAN_ARCX_PILLAR_mbp1.dbn.zst,XOM_JAN,ARCX.PILLAR,XOM,RECEIVE,250,300,0
XOM_JAN_ARCX_PILLAR_mbp1.dbn.zst,XOM_JAN,ARCX.PILLAR,XOM,RECEIVE,300,350,0
XOM_JAN_ARCX_PILLAR_mbp1.dbn.zst,XOM_JAN,ARCX.PILLAR,XOM,RECEIVE,350,400,0
XOM_JAN_ARCX_PILLAR_mbp1.dbn.zst,XOM_JAN,ARCX.PILLAR,XOM,RECEIVE,400,450,0
XOM_JAN_ARCX_PILLAR_mbp1.dbn.zst,XOM_JAN,ARCX.PILLAR,XOM,RECEIVE,450,500,0
XOM_JAN_ARCX_PILLAR_mbp1.dbn.zst,XOM_JAN,ARCX.PILLAR,XOM,RECEIVE,500,550,0
XOM_JAN_ARCX_PILLAR_mbp1.dbn.zst,XOM_JAN,ARCX.PILLAR,XOM,RECEIVE,550,600,0
XOM_JAN_ARCX_PILLAR_mbp1.dbn.zst,XOM_JAN,ARCX.PILLAR,XOM,RECEIVE,600,650,0
XOM_JAN_ARCX_PILLAR_mbp1.dbn.zst,XOM_JAN,ARCX.PILLAR,XOM,RECEIVE,650,700,0
XOM_JAN_ARCX_PILLAR_mbp1.dbn.zst,XOM_JAN,ARCX.PILLAR,XOM,RECEIVE,700,750,0
XOM_JAN_ARCX_PILLAR_mbp1.dbn.zst,XOM_JAN,ARCX.PILLAR,XOM,RECEIVE,750,800,0
XOM_JAN_ARCX_PILLAR_mbp1.dbn.zst,XOM_JAN,ARCX.PILLAR,XOM,RECEIVE,800,850,0
XOM_JAN_ARCX_PILLAR_mbp1.dbn.zst,XOM_JAN,ARCX.PILLAR,XOM,RECEIVE,850,900,0
XOM_JAN_ARCX_PILLAR_mbp1.dbn.zst,XOM_JAN,ARCX.PILLAR,XOM,RECEIVE,900,950,0
XOM_JAN_ARCX_PILLAR_mbp1.dbn.zst,XOM_JAN,ARCX.PILLAR,XOM,RECEIVE,950,1000,0
XOM_JAN_ARCX_PILLAR_mbp1.dbn.zst,XOM_JAN,ARCX.PILLAR,XOM,RECEIVE,1000,1050,0
XOM_JAN_ARCX_PILLAR_mbp1.dbn.zst,XOM_JAN,ARCX.PILLAR,XOM,RECEIVE,1050,1100,0
XOM_JAN_ARCX_PILLAR_mbp1.dbn.zst,XOM_JAN,ARCX.PILLAR,XOM,RECEIVE,1100,1150,0
XOM_JAN_ARCX_PILLAR_mbp1.dbn.zst,XOM_JAN,ARCX.PILLAR,XOM,RECEIVE,1150,1200,0
XOM_JAN_ARCX_PILLAR_mbp1.dbn.zst,XOM_JAN,ARCX.PILLAR,XOM,RECEIVE,1200,1250,0
XOM_JAN_ARCX_PILLAR_mbp1.dbn.zst,XOM_JAN,ARCX.PILLAR,XOM,RECEIVE,1250,1300,0
XOM_JAN_ARCX_PILLAR_mbp1.dbn.zst,XOM_JAN,ARCX.PILLAR,XOM,RECEIVE,1300,1350,0
XOM_JAN_ARCX_PILLAR_mbp1.dbn.zst,XOM_JAN,ARCX.PILLAR,XOM,RECEIVE,1350,1400,0
XOM_JAN_ARCX_PILLAR_mbp1.dbn.zst,XOM_JAN,ARCX.PILLAR,XOM,RECEIVE,1400,1450,0
XOM_JAN_ARCX_PILLAR_mbp1.dbn.zst,XOM_JAN,ARCX.PILLAR,XOM,RECEIVE,1450,1500,0
XOM_JAN_ARCX_PILLAR_mbp1.dbn.zst,XOM_JAN,ARCX.PILLAR,XOM,RECEIVE,1500,1550,0
XOM_JAN_ARCX_PILLAR_mbp1.dbn.zst,XOM_JAN,ARCX.PILLAR,XOM,RECEIVE,1550,1600,0
XOM_JAN_ARCX_PILLAR_mbp1.dbn.zst,XOM_JAN,ARCX.PILLAR,XOM,RECEIVE,1600,1650,0
XOM_JAN_ARCX_PILLAR_mbp1.dbn.zst,XOM_JAN,ARCX.PILLAR,XOM,RECEIVE,1650,1700,0
XOM_JAN_ARCX_PILLAR_mbp1.dbn.zst,XOM_JAN,ARCX.PILLAR,XOM,RECEIVE,1700,1750,0
XOM_JAN_ARCX_PILLAR_mbp1.dbn.zst,XOM_JAN,ARCX.PILLAR,XOM,RECEIVE,1750,1800,0
XOM_JAN_ARCX_PILLAR_mbp1.dbn.zst,XOM_JAN,ARCX.PILLAR,XOM,RECEIVE,1800,1850,0
XOM_JAN_ARCX_PILLAR_mbp1.dbn.zst,XOM_JAN,ARCX.PILLAR,XOM,RECEIVE,1850,1900,0
XOM_JAN_ARCX_PILLAR_mbp1.dbn.zst,XOM_JAN,ARCX.PILLAR,XOM,RECEIVE,1900,1950,0
XOM_JAN_ARCX_PILLAR_mbp1.dbn.zst,XOM_JAN,ARCX.PILLAR,XOM,RECEIVE,1950,2000,0
XOM_JAN_ARCX_PILLAR_mbp1.dbn.zst,XOM_JAN,ARCX.PILLAR,XOM,RECEIVE,2000,2050,0
XOM_JAN_ARCX_PILLAR_mbp1.dbn.zst,XOM_JAN,ARCX.PILLAR,XOM,RECEIVE,2050,2100,0
XOM_JAN_ARCX_PILLAR_mbp1.dbn.zst,XOM_JAN,ARCX.PILLAR,XOM,RECEIVE,2100,2150,0
XOM_JAN_ARCX_PILLAR_mbp1.dbn.zst,XOM_JAN,ARCX.PILLAR,XOM,RECEIVE,2150,2200,0
XOM_JAN_ARCX_PILLAR_mbp1.dbn.zst,XOM_JAN,ARCX.PILLAR,XOM,RECEIVE,2200,2250,0
XOM_JAN_ARCX_PILLAR_mbp1.dbn.zst,XOM_JAN,ARCX.PILLAR,XOM,RECEIVE,2250,2300,0
XOM_JAN_ARCX_PILLAR_mbp1.dbn.zst,XOM_JAN,ARCX.PILLAR,XOM,RECEIVE,2300,2350,0
XOM_JAN_ARCX_PILLAR_mbp1.dbn.zst,XOM_JAN,ARCX.PILLAR,XOM,RECEIVE,2350,2400,0
XOM_JAN_ARCX_PILLAR_mbp1.dbn.zst,XOM_JAN,ARCX.PILLAR,XOM,RECEIVE,2400,2450,0
XOM_JAN_ARCX_PILLAR_mbp1.dbn.zst,XOM_JAN,ARCX.PILLAR,XOM,RECEIVE,2450,2500,0
XOM_JAN_ARCX_PILLAR_mbp1.dbn.zst,XOM_JAN,ARCX.PILLAR,XOM,RECEIVE,2500,2550,0
XOM_JAN_ARCX_PILLAR_mbp1.dbn.zst,XOM_JAN,ARCX.PILLAR,XOM,RECEIVE,2550,2600,0
XOM_JAN_ARCX_PILLAR_mbp1.dbn.zst,XOM_JAN,ARCX.PILLAR,XOM,RECEIVE,2600,2650,0
XOM_JAN_ARCX_PILLAR_mbp1.dbn.zst,XOM_JAN,ARCX.PILLAR,XOM,RECEIVE,2650,2700,0
XOM_JAN_ARCX_PILLAR_mbp1.dbn.zst,XOM_JAN,ARCX.PILLAR,XOM,RECEIVE,2700,2750,0
XOM_JAN_ARCX_PILLAR_mbp1.dbn.zst,XOM_JAN,ARCX.PILLAR,XOM,RECEIVE,2750,2800,0
XOM_JAN_ARCX_PILLAR_mbp1.dbn.zst,XOM_JAN,ARCX.PILLAR,XOM,RECEIVE,2800,2850,0
XOM_JAN_ARCX_PILLAR_mbp1.dbn.zst,XOM_JAN,ARCX.PILLAR,XOM,RECEIVE,2850,2900,0
XOM_JAN_ARCX_PILLAR_mbp1.dbn.zst,XOM_JAN,ARCX.PILLAR,XOM,RECEIVE,2900,2950,0
XOM_JAN_ARCX_PILLAR_mbp1.dbn.zst,XOM_JAN,ARCX.PILLAR,XOM,RECEIVE,2950,3000,0
XOM_JAN_ARCX_PILLAR_mbp1.dbn.zst,XOM_JAN,ARCX.PILLAR,XOM,RECEIVE,3000,3050,0
XOM_JAN_ARCX_PILLAR_mbp1.dbn.zst,XOM_JAN,ARCX.PILLAR,XOM,RECEIVE,3050,3100,0
XOM_JAN_ARCX_PILLAR_mbp1.dbn.zst,XOM_JAN,ARCX.PILLAR,XOM,RECEIVE,3100,3150,0
XOM_JAN_ARCX_PILLAR_mbp1.dbn.zst,XOM_JAN,ARCX.PILLAR,XOM,RECEIVE,3150,3200,0
XOM_JAN_ARCX_PILLAR_mbp1.dbn.zst,XOM_JAN,ARCX.PILLAR,XOM,RECEIVE,3200,3250,0
XOM_JAN_ARCX_PILLAR_mbp1.dbn.zst,XOM_JAN,ARCX.PILLAR,XOM,RECEIVE,3250,3300,0
XOM_JAN_ARCX_PILLAR_mbp1.dbn.zst,XOM_JAN,ARCX.PILLAR,XOM,RECEIVE,3300,3350,0
XOM_JAN_ARCX_PILLAR_mbp1.dbn.zst,XOM_JAN,ARCX.PILLAR,XOM,RECEIVE,3350,3400,0
XOM_JAN_ARCX_PILLAR_mbp1.dbn.zst,XOM_JAN,ARCX.PILLAR,XOM,RECEIVE,3400,3450,0
XOM_JAN_ARCX_PILLAR_mbp1.dbn.zst,XOM_JAN,ARCX.PILLAR,XOM,RECEIVE,3450,3500,0
XOM_JAN_ARCX_PILLAR_mbp1.dbn.zst,XOM_JAN,ARCX.PILLAR,XOM,RECEIVE,3500,3550,0
XOM_JAN_ARCX_PILLAR_mbp1.dbn.zst,XOM_JAN,ARCX.PILLAR,XOM,RECEIVE,3550,3600,0
XOM_JAN_ARCX_PILLAR_mbp1.dbn.zst,XOM_JAN,ARCX.PILLAR,XOM,RECEIVE,3600,3650,0
XOM_JAN_ARCX_PILLAR_mbp1.dbn.zst,XOM_JAN,ARCX.PILLAR,XOM,RECEIVE,3650,3700,0
XOM_JAN_ARCX_PILLAR_mbp1.dbn.zst,XOM_JAN,ARCX.PILLAR,XOM,RECEIVE,3700,3750,0
XOM_JAN_ARCX_PILLAR_mbp1.dbn.zst,XOM_JAN,ARCX.PILLAR,XOM,RECEIVE,3750,3800,0
XOM_JAN_ARCX_PILLAR_mbp1.dbn.zst,XOM_JAN,ARCX.PILLAR,XOM,RECEIVE,3800,3850,0
XOM_JAN_ARCX_PILLAR_mbp1.dbn.zst,XOM_JAN,ARCX.PILLAR,XOM,RECEIVE,3850,3900,0
XOM_JAN_ARCX_PILLAR_mbp1.dbn.zst,XOM_JAN,ARCX.PILLAR,XOM,RECEIVE,3900,3950,0
XOM_JAN_ARCX_PILLAR_mbp1.dbn.zst,XOM_JAN,ARCX.PILLAR,XOM,RECEIVE,3950,4000,0
XOM_JAN_ARCX_PILLAR_mbp1.dbn.zst,XOM_JAN,ARCX.PILLAR,XOM,RECEIVE,4000,4050,0
XOM_JAN_ARCX_PILLAR_mbp1.dbn.zst,XOM_JAN,ARCX.PILLAR,XOM,RECEIVE,4050,4100,0
XOM_JAN_ARCX_PILLAR_mbp1.dbn.zst,XOM_JAN,ARCX.PILLAR,XOM,RECEIVE,4100,4150,0
XOM_JAN_ARCX_PILLAR_mbp1.dbn.zst,XOM_JAN,ARCX.PILLAR,XOM,RECEIVE,4150,4200,0
XOM_JAN_ARCX_PILLAR_mbp1.dbn.zst,XOM_JAN,ARCX.PILLAR,XOM,RECEIVE,4200,4250,0
XOM_JAN_ARCX_PILLAR_mbp1.dbn.zst,XOM_JAN,ARCX.PILLAR,XOM,RECEIVE,4250,4300,0
XOM_JAN_ARCX_PILLAR_mbp1.dbn.zst,XOM_JAN,ARCX.PILLAR,XOM,RECEIVE,4300,4350,0
XOM_JAN_ARCX_PILLAR_mbp1.dbn.zst,XOM_JAN,ARCX.PILLAR,XOM,RECEIVE,4350,4400,0
XOM_JAN_ARCX_PILLAR_mbp1.dbn.zst,XOM_JAN,ARCX.PILLAR,XOM,RECEIVE,4400,4450,0
XOM_JAN_ARCX_PILLAR_mbp1.dbn.zst,XOM_JAN,ARCX.PILLAR,XOM,RECEIVE,4450,4500,0
XOM_JAN_ARCX_PILLAR_mbp1.dbn.zst,XOM_JAN,ARCX.PILLAR,XOM,RECEIVE,4500,4550,0
XOM_JAN_ARCX_PILLAR_mbp1.dbn.zst,XOM_JAN,ARCX.PILLAR,XOM,RECEIVE,4550,4600,0
XOM_JAN_ARCX_PILLAR_mbp1.dbn.zst,XOM_JAN,ARCX.PILLAR,XOM,RECEIVE,4600,4650,0
XOM_JAN_ARCX_PILLAR_mbp1.dbn.zst,XOM_JAN,ARCX.PILLAR,XOM,RECEIVE,4650,4700,0
XOM_JAN_ARCX_PILLAR_mbp1.dbn.zst,XOM_JAN,ARCX.PILLAR,XOM,RECEIVE,4700,4750,0
XOM_JAN_ARCX_PILLAR_mbp1.dbn.zst,XOM_JAN,ARCX.PILLAR,XOM,RECEIVE,4750,4800,0
XOM_JAN_ARCX_PILLAR_mbp1.dbn.zst,XOM_JAN,ARCX.PILLAR,XOM,RECEIVE,4800,4850,0
XOM_JAN_ARCX_PILLAR_mbp1.dbn.zst,XOM_JAN,ARCX.PILLAR,XOM,RECEIVE,4850,4900,0
XOM_JAN_ARCX_PILLAR_mbp1.dbn.zst,XOM_JAN,ARCX.PILLAR,XOM,RECEIVE,4900,4950,0
XOM_JAN_ARCX_PILLAR_mbp1.dbn.zst,XOM_JAN,ARCX.PILLAR,XOM,RECEIVE,4950,5000,0
XOM_JAN_CTRL_ARCX_PILLAR_mbp1.dbn.zst,XOM_JAN_CTRL,ARCX.PILLAR,XOM,EVENT,-5000,-4950,0
XOM_JAN_CTRL_ARCX_PILLAR_mbp1.dbn.zst,XOM_JAN_CTRL,ARCX.PILLAR,XOM,EVENT,-4950,-4900,1
XOM_JAN_CTRL_ARCX_PILLAR_mbp1.dbn.zst,XOM_JAN_CTRL,ARCX.PILLAR,XOM,EVENT,-4900,-4850,2
XOM_JAN_CTRL_ARCX_PILLAR_mbp1.dbn.zst,XOM_JAN_CTRL,ARCX.PILLAR,XOM,EVENT,-4850,-4800,3
XOM_JAN_CTRL_ARCX_PILLAR_mbp1.dbn.zst,XOM_JAN_CTRL,ARCX.PILLAR,XOM,EVENT,-4800,-4750,4
XOM_JAN_CTRL_ARCX_PILLAR_mbp1.dbn.zst,XOM_JAN_CTRL,ARCX.PILLAR,XOM,EVENT,-4750,-4700,1
XOM_JAN_CTRL_ARCX_PILLAR_mbp1.dbn.zst,XOM_JAN_CTRL,ARCX.PILLAR,XOM,EVENT,-4700,-4650,1
XOM_JAN_CTRL_ARCX_PILLAR_mbp1.dbn.zst,XOM_JAN_CTRL,ARCX.PILLAR,XOM,EVENT,-4650,-4600,4
XOM_JAN_CTRL_ARCX_PILLAR_mbp1.dbn.zst,XOM_JAN_CTRL,ARCX.PILLAR,XOM,EVENT,-4600,-4550,4
XOM_JAN_CTRL_ARCX_PILLAR_mbp1.dbn.zst,XOM_JAN_CTRL,ARCX.PILLAR,XOM,EVENT,-4550,-4500,10
XOM_JAN_CTRL_ARCX_PILLAR_mbp1.dbn.zst,XOM_JAN_CTRL,ARCX.PILLAR,XOM,EVENT,-4500,-4450,2
XOM_JAN_CTRL_ARCX_PILLAR_mbp1.dbn.zst,XOM_JAN_CTRL,ARCX.PILLAR,XOM,EVENT,-4450,-4400,5
XOM_JAN_CTRL_ARCX_PILLAR_mbp1.dbn.zst,XOM_JAN_CTRL,ARCX.PILLAR,XOM,EVENT,-4400,-4350,2
XOM_JAN_CTRL_ARCX_PILLAR_mbp1.dbn.zst,XOM_JAN_CTRL,ARCX.PILLAR,XOM,EVENT,-4350,-4300,15
XOM_JAN_CTRL_ARCX_PILLAR_mbp1.dbn.zst,XOM_JAN_CTRL,ARCX.PILLAR,XOM,EVENT,-4300,-4250,37
XOM_JAN_CTRL_ARCX_PILLAR_mbp1.dbn.zst,XOM_JAN_CTRL,ARCX.PILLAR,XOM,EVENT,-4250,-4200,3
XOM_JAN_CTRL_ARCX_PILLAR_mbp1.dbn.zst,XOM_JAN_CTRL,ARCX.PILLAR,XOM,EVENT,-4200,-4150,1
XOM_JAN_CTRL_ARCX_PILLAR_mbp1.dbn.zst,XOM_JAN_CTRL,ARCX.PILLAR,XOM,EVENT,-4150,-4100,15
XOM_JAN_CTRL_ARCX_PILLAR_mbp1.dbn.zst,XOM_JAN_CTRL,ARCX.PILLAR,XOM,EVENT,-4100,-4050,3
XOM_JAN_CTRL_ARCX_PILLAR_mbp1.dbn.zst,XOM_JAN_CTRL,ARCX.PILLAR,XOM,EVENT,-4050,-4000,1
XOM_JAN_CTRL_ARCX_PILLAR_mbp1.dbn.zst,XOM_JAN_CTRL,ARCX.PILLAR,XOM,EVENT,-4000,-3950,1
XOM_JAN_CTRL_ARCX_PILLAR_mbp1.dbn.zst,XOM_JAN_CTRL,ARCX.PILLAR,XOM,EVENT,-3950,-3900,2
XOM_JAN_CTRL_ARCX_PILLAR_mbp1.dbn.zst,XOM_JAN_CTRL,ARCX.PILLAR,XOM,EVENT,-3900,-3850,0
XOM_JAN_CTRL_ARCX_PILLAR_mbp1.dbn.zst,XOM_JAN_CTRL,ARCX.PILLAR,XOM,EVENT,-3850,-3800,1
XOM_JAN_CTRL_ARCX_PILLAR_mbp1.dbn.zst,XOM_JAN_CTRL,ARCX.PILLAR,XOM,EVENT,-3800,-3750,0
XOM_JAN_CTRL_ARCX_PILLAR_mbp1.dbn.zst,XOM_JAN_CTRL,ARCX.PILLAR,XOM,EVENT,-3750,-3700,0
XOM_JAN_CTRL_ARCX_PILLAR_mbp1.dbn.zst,XOM_JAN_CTRL,ARCX.PILLAR,XOM,EVENT,-3700,-3650,1
XOM_JAN_CTRL_ARCX_PILLAR_mbp1.dbn.zst,XOM_JAN_CTRL,ARCX.PILLAR,XOM,EVENT,-3650,-3600,2
XOM_JAN_CTRL_ARCX_PILLAR_mbp1.dbn.zst,XOM_JAN_CTRL,ARCX.PILLAR,XOM,EVENT,-3600,-3550,0
XOM_JAN_CTRL_ARCX_PILLAR_mbp1.dbn.zst,XOM_JAN_CTRL,ARCX.PILLAR,XOM,EVENT,-3550,-3500,1
XOM_JAN_CTRL_ARCX_PILLAR_mbp1.dbn.zst,XOM_JAN_CTRL,ARCX.PILLAR,XOM,EVENT,-3500,-3450,0
XOM_JAN_CTRL_ARCX_PILLAR_mbp1.dbn.zst,XOM_JAN_CTRL,ARCX.PILLAR,XOM,EVENT,-3450,-3400,0
XOM_JAN_CTRL_ARCX_PILLAR_mbp1.dbn.zst,XOM_JAN_CTRL,ARCX.PILLAR,XOM,EVENT,-3400,-3350,1
XOM_JAN_CTRL_ARCX_PILLAR_mbp1.dbn.zst,XOM_JAN_CTRL,ARCX.PILLAR,XOM,EVENT,-3350,-3300,4
XOM_JAN_CTRL_ARCX_PILLAR_mbp1.dbn.zst,XOM_JAN_CTRL,ARCX.PILLAR,XOM,EVENT,-3300,-3250,0
XOM_JAN_CTRL_ARCX_PILLAR_mbp1.dbn.zst,XOM_JAN_CTRL,ARCX.PILLAR,XOM,EVENT,-3250,-3200,8
XOM_JAN_CTRL_ARCX_PILLAR_mbp1.dbn.zst,XOM_JAN_CTRL,ARCX.PILLAR,XOM,EVENT,-3200,-3150,6
XOM_JAN_CTRL_ARCX_PILLAR_mbp1.dbn.zst,XOM_JAN_CTRL,ARCX.PILLAR,XOM,EVENT,-3150,-3100,2
XOM_JAN_CTRL_ARCX_PILLAR_mbp1.dbn.zst,XOM_JAN_CTRL,ARCX.PILLAR,XOM,EVENT,-3100,-3050,1
XOM_JAN_CTRL_ARCX_PILLAR_mbp1.dbn.zst,XOM_JAN_CTRL,ARCX.PILLAR,XOM,EVENT,-3050,-3000,3
XOM_JAN_CTRL_ARCX_PILLAR_mbp1.dbn.zst,XOM_JAN_CTRL,ARCX.PILLAR,XOM,EVENT,-3000,-2950,0
XOM_JAN_CTRL_ARCX_PILLAR_mbp1.dbn.zst,XOM_JAN_CTRL,ARCX.PILLAR,XOM,EVENT,-2950,-2900,3
XOM_JAN_CTRL_ARCX_PILLAR_mbp1.dbn.zst,XOM_JAN_CTRL,ARCX.PILLAR,XOM,EVENT,-2900,-2850,0
XOM_JAN_CTRL_ARCX_PILLAR_mbp1.dbn.zst,XOM_JAN_CTRL,ARCX.PILLAR,XOM,EVENT,-2850,-2800,3
XOM_JAN_CTRL_ARCX_PILLAR_mbp1.dbn.zst,XOM_JAN_CTRL,ARCX.PILLAR,XOM,EVENT,-2800,-2750,0
XOM_JAN_CTRL_ARCX_PILLAR_mbp1.dbn.zst,XOM_JAN_CTRL,ARCX.PILLAR,XOM,EVENT,-2750,-2700,0
XOM_JAN_CTRL_ARCX_PILLAR_mbp1.dbn.zst,XOM_JAN_CTRL,ARCX.PILLAR,XOM,EVENT,-2700,-2650,0
XOM_JAN_CTRL_ARCX_PILLAR_mbp1.dbn.zst,XOM_JAN_CTRL,ARCX.PILLAR,XOM,EVENT,-2650,-2600,0
XOM_JAN_CTRL_ARCX_PILLAR_mbp1.dbn.zst,XOM_JAN_CTRL,ARCX.PILLAR,XOM,EVENT,-2600,-2550,0
XOM_JAN_CTRL_ARCX_PILLAR_mbp1.dbn.zst,XOM_JAN_CTRL,ARCX.PILLAR,XOM,EVENT,-2550,-2500,0
XOM_JAN_CTRL_ARCX_PILLAR_mbp1.dbn.zst,XOM_JAN_CTRL,ARCX.PILLAR,XOM,EVENT,-2500,-2450,0
XOM_JAN_CTRL_ARCX_PILLAR_mbp1.dbn.zst,XOM_JAN_CTRL,ARCX.PILLAR,XOM,EVENT,-2450,-2400,0
XOM_JAN_CTRL_ARCX_PILLAR_mbp1.dbn.zst,XOM_JAN_CTRL,ARCX.PILLAR,XOM,EVENT,-2400,-2350,4
XOM_JAN_CTRL_ARCX_PILLAR_mbp1.dbn.zst,XOM_JAN_CTRL,ARCX.PILLAR,XOM,EVENT,-2350,-2300,14
XOM_JAN_CTRL_ARCX_PILLAR_mbp1.dbn.zst,XOM_JAN_CTRL,ARCX.PILLAR,XOM,EVENT,-2300,-2250,0
XOM_JAN_CTRL_ARCX_PILLAR_mbp1.dbn.zst,XOM_JAN_CTRL,ARCX.PILLAR,XOM,EVENT,-2250,-2200,2
XOM_JAN_CTRL_ARCX_PILLAR_mbp1.dbn.zst,XOM_JAN_CTRL,ARCX.PILLAR,XOM,EVENT,-2200,-2150,0
XOM_JAN_CTRL_ARCX_PILLAR_mbp1.dbn.zst,XOM_JAN_CTRL,ARCX.PILLAR,XOM,EVENT,-2150,-2100,5
XOM_JAN_CTRL_ARCX_PILLAR_mbp1.dbn.zst,XOM_JAN_CTRL,ARCX.PILLAR,XOM,EVENT,-2100,-2050,0
XOM_JAN_CTRL_ARCX_PILLAR_mbp1.dbn.zst,XOM_JAN_CTRL,ARCX.PILLAR,XOM,EVENT,-2050,-2000,0
XOM_JAN_CTRL_ARCX_PILLAR_mbp1.dbn.zst,XOM_JAN_CTRL,ARCX.PILLAR,XOM,EVENT,-2000,-1950,4
XOM_JAN_CTRL_ARCX_PILLAR_mbp1.dbn.zst,XOM_JAN_CTRL,ARCX.PILLAR,XOM,EVENT,-1950,-1900,3
XOM_JAN_CTRL_ARCX_PILLAR_mbp1.dbn.zst,XOM_JAN_CTRL,ARCX.PILLAR,XOM,EVENT,-1900,-1850,10
XOM_JAN_CTRL_ARCX_PILLAR_mbp1.dbn.zst,XOM_JAN_CTRL,ARCX.PILLAR,XOM,EVENT,-1850,-1800,24
XOM_JAN_CTRL_ARCX_PILLAR_mbp1.dbn.zst,XOM_JAN_CTRL,ARCX.PILLAR,XOM,EVENT,-1800,-1750,1
XOM_JAN_CTRL_ARCX_PILLAR_mbp1.dbn.zst,XOM_JAN_CTRL,ARCX.PILLAR,XOM,EVENT,-1750,-1700,9
XOM_JAN_CTRL_ARCX_PILLAR_mbp1.dbn.zst,XOM_JAN_CTRL,ARCX.PILLAR,XOM,EVENT,-1700,-1650,6
XOM_JAN_CTRL_ARCX_PILLAR_mbp1.dbn.zst,XOM_JAN_CTRL,ARCX.PILLAR,XOM,EVENT,-1650,-1600,4
XOM_JAN_CTRL_ARCX_PILLAR_mbp1.dbn.zst,XOM_JAN_CTRL,ARCX.PILLAR,XOM,EVENT,-1600,-1550,2
XOM_JAN_CTRL_ARCX_PILLAR_mbp1.dbn.zst,XOM_JAN_CTRL,ARCX.PILLAR,XOM,EVENT,-1550,-1500,10
XOM_JAN_CTRL_ARCX_PILLAR_mbp1.dbn.zst,XOM_JAN_CTRL,ARCX.PILLAR,XOM,EVENT,-1500,-1450,4
XOM_JAN_CTRL_ARCX_PILLAR_mbp1.dbn.zst,XOM_JAN_CTRL,ARCX.PILLAR,XOM,EVENT,-1450,-1400,2
XOM_JAN_CTRL_ARCX_PILLAR_mbp1.dbn.zst,XOM_JAN_CTRL,ARCX.PILLAR,XOM,EVENT,-1400,-1350,7
XOM_JAN_CTRL_ARCX_PILLAR_mbp1.dbn.zst,XOM_JAN_CTRL,ARCX.PILLAR,XOM,EVENT,-1350,-1300,6
XOM_JAN_CTRL_ARCX_PILLAR_mbp1.dbn.zst,XOM_JAN_CTRL,ARCX.PILLAR,XOM,EVENT,-1300,-1250,8
XOM_JAN_CTRL_ARCX_PILLAR_mbp1.dbn.zst,XOM_JAN_CTRL,ARCX.PILLAR,XOM,EVENT,-1250,-1200,4
XOM_JAN_CTRL_ARCX_PILLAR_mbp1.dbn.zst,XOM_JAN_CTRL,ARCX.PILLAR,XOM,EVENT,-1200,-1150,6
XOM_JAN_CTRL_ARCX_PILLAR_mbp1.dbn.zst,XOM_JAN_CTRL,ARCX.PILLAR,XOM,EVENT,-1150,-1100,13
XOM_JAN_CTRL_ARCX_PILLAR_mbp1.dbn.zst,XOM_JAN_CTRL,ARCX.PILLAR,XOM,EVENT,-1100,-1050,5
XOM_JAN_CTRL_ARCX_PILLAR_mbp1.dbn.zst,XOM_JAN_CTRL,ARCX.PILLAR,XOM,EVENT,-1050,-1000,3
XOM_JAN_CTRL_ARCX_PILLAR_mbp1.dbn.zst,XOM_JAN_CTRL,ARCX.PILLAR,XOM,EVENT,-1000,-950,5
XOM_JAN_CTRL_ARCX_PILLAR_mbp1.dbn.zst,XOM_JAN_CTRL,ARCX.PILLAR,XOM,EVENT,-950,-900,6
XOM_JAN_CTRL_ARCX_PILLAR_mbp1.dbn.zst,XOM_JAN_CTRL,ARCX.PILLAR,XOM,EVENT,-900,-850,12
XOM_JAN_CTRL_ARCX_PILLAR_mbp1.dbn.zst,XOM_JAN_CTRL,ARCX.PILLAR,XOM,EVENT,-850,-800,6
XOM_JAN_CTRL_ARCX_PILLAR_mbp1.dbn.zst,XOM_JAN_CTRL,ARCX.PILLAR,XOM,EVENT,-800,-750,15
XOM_JAN_CTRL_ARCX_PILLAR_mbp1.dbn.zst,XOM_JAN_CTRL,ARCX.PILLAR,XOM,EVENT,-750,-700,8
XOM_JAN_CTRL_ARCX_PILLAR_mbp1.dbn.zst,XOM_JAN_CTRL,ARCX.PILLAR,XOM,EVENT,-700,-650,16
XOM_JAN_CTRL_ARCX_PILLAR_mbp1.dbn.zst,XOM_JAN_CTRL,ARCX.PILLAR,XOM,EVENT,-650,-600,11
XOM_JAN_CTRL_ARCX_PILLAR_mbp1.dbn.zst,XOM_JAN_CTRL,ARCX.PILLAR,XOM,EVENT,-600,-550,17
XOM_JAN_CTRL_ARCX_PILLAR_mbp1.dbn.zst,XOM_JAN_CTRL,ARCX.PILLAR,XOM,EVENT,-550,-500,18
XOM_JAN_CTRL_ARCX_PILLAR_mbp1.dbn.zst,XOM_JAN_CTRL,ARCX.PILLAR,XOM,EVENT,-500,-450,3
XOM_JAN_CTRL_ARCX_PILLAR_mbp1.dbn.zst,XOM_JAN_CTRL,ARCX.PILLAR,XOM,EVENT,-450,-400,4
XOM_JAN_CTRL_ARCX_PILLAR_mbp1.dbn.zst,XOM_JAN_CTRL,ARCX.PILLAR,XOM,EVENT,-400,-350,12
XOM_JAN_CTRL_ARCX_PILLAR_mbp1.dbn.zst,XOM_JAN_CTRL,ARCX.PILLAR,XOM,EVENT,-350,-300,14
XOM_JAN_CTRL_ARCX_PILLAR_mbp1.dbn.zst,XOM_JAN_CTRL,ARCX.PILLAR,XOM,EVENT,-300,-250,25
XOM_JAN_CTRL_ARCX_PILLAR_mbp1.dbn.zst,XOM_JAN_CTRL,ARCX.PILLAR,XOM,EVENT,-250,-200,23
XOM_JAN_CTRL_ARCX_PILLAR_mbp1.dbn.zst,XOM_JAN_CTRL,ARCX.PILLAR,XOM,EVENT,-200,-150,15
XOM_JAN_CTRL_ARCX_PILLAR_mbp1.dbn.zst,XOM_JAN_CTRL,ARCX.PILLAR,XOM,EVENT,-150,-100,21
XOM_JAN_CTRL_ARCX_PILLAR_mbp1.dbn.zst,XOM_JAN_CTRL,ARCX.PILLAR,XOM,EVENT,-100,-50,3
XOM_JAN_CTRL_ARCX_PILLAR_mbp1.dbn.zst,XOM_JAN_CTRL,ARCX.PILLAR,XOM,EVENT,-50,0,8
XOM_JAN_CTRL_ARCX_PILLAR_mbp1.dbn.zst,XOM_JAN_CTRL,ARCX.PILLAR,XOM,EVENT,0,50,6
XOM_JAN_CTRL_ARCX_PILLAR_mbp1.dbn.zst,XOM_JAN_CTRL,ARCX.PILLAR,XOM,EVENT,50,100,2
XOM_JAN_CTRL_ARCX_PILLAR_mbp1.dbn.zst,XOM_JAN_CTRL,ARCX.PILLAR,XOM,EVENT,100,150,2
XOM_JAN_CTRL_ARCX_PILLAR_mbp1.dbn.zst,XOM_JAN_CTRL,ARCX.PILLAR,XOM,EVENT,150,200,1
XOM_JAN_CTRL_ARCX_PILLAR_mbp1.dbn.zst,XOM_JAN_CTRL,ARCX.PILLAR,XOM,EVENT,200,250,0
XOM_JAN_CTRL_ARCX_PILLAR_mbp1.dbn.zst,XOM_JAN_CTRL,ARCX.PILLAR,XOM,EVENT,250,300,0
XOM_JAN_CTRL_ARCX_PILLAR_mbp1.dbn.zst,XOM_JAN_CTRL,ARCX.PILLAR,XOM,EVENT,300,350,1
XOM_JAN_CTRL_ARCX_PILLAR_mbp1.dbn.zst,XOM_JAN_CTRL,ARCX.PILLAR,XOM,EVENT,350,400,0
XOM_JAN_CTRL_ARCX_PILLAR_mbp1.dbn.zst,XOM_JAN_CTRL,ARCX.PILLAR,XOM,EVENT,400,450,1
XOM_JAN_CTRL_ARCX_PILLAR_mbp1.dbn.zst,XOM_JAN_CTRL,ARCX.PILLAR,XOM,EVENT,450,500,2
XOM_JAN_CTRL_ARCX_PILLAR_mbp1.dbn.zst,XOM_JAN_CTRL,ARCX.PILLAR,XOM,EVENT,500,550,0
XOM_JAN_CTRL_ARCX_PILLAR_mbp1.dbn.zst,XOM_JAN_CTRL,ARCX.PILLAR,XOM,EVENT,550,600,3
XOM_JAN_CTRL_ARCX_PILLAR_mbp1.dbn.zst,XOM_JAN_CTRL,ARCX.PILLAR,XOM,EVENT,600,650,4
XOM_JAN_CTRL_ARCX_PILLAR_mbp1.dbn.zst,XOM_JAN_CTRL,ARCX.PILLAR,XOM,EVENT,650,700,1
XOM_JAN_CTRL_ARCX_PILLAR_mbp1.dbn.zst,XOM_JAN_CTRL,ARCX.PILLAR,XOM,EVENT,700,750,1
XOM_JAN_CTRL_ARCX_PILLAR_mbp1.dbn.zst,XOM_JAN_CTRL,ARCX.PILLAR,XOM,EVENT,750,800,0
XOM_JAN_CTRL_ARCX_PILLAR_mbp1.dbn.zst,XOM_JAN_CTRL,ARCX.PILLAR,XOM,EVENT,800,850,2
XOM_JAN_CTRL_ARCX_PILLAR_mbp1.dbn.zst,XOM_JAN_CTRL,ARCX.PILLAR,XOM,EVENT,850,900,0
XOM_JAN_CTRL_ARCX_PILLAR_mbp1.dbn.zst,XOM_JAN_CTRL,ARCX.PILLAR,XOM,EVENT,900,950,0
XOM_JAN_CTRL_ARCX_PILLAR_mbp1.dbn.zst,XOM_JAN_CTRL,ARCX.PILLAR,XOM,EVENT,950,1000,0
XOM_JAN_CTRL_ARCX_PILLAR_mbp1.dbn.zst,XOM_JAN_CTRL,ARCX.PILLAR,XOM,EVENT,1000,1050,0
XOM_JAN_CTRL_ARCX_PILLAR_mbp1.dbn.zst,XOM_JAN_CTRL,ARCX.PILLAR,XOM,EVENT,1050,1100,0
XOM_JAN_CTRL_ARCX_PILLAR_mbp1.dbn.zst,XOM_JAN_CTRL,ARCX.PILLAR,XOM,EVENT,1100,1150,0
XOM_JAN_CTRL_ARCX_PILLAR_mbp1.dbn.zst,XOM_JAN_CTRL,ARCX.PILLAR,XOM,EVENT,1150,1200,0
XOM_JAN_CTRL_ARCX_PILLAR_mbp1.dbn.zst,XOM_JAN_CTRL,ARCX.PILLAR,XOM,EVENT,1200,1250,0
XOM_JAN_CTRL_ARCX_PILLAR_mbp1.dbn.zst,XOM_JAN_CTRL,ARCX.PILLAR,XOM,EVENT,1250,1300,2
XOM_JAN_CTRL_ARCX_PILLAR_mbp1.dbn.zst,XOM_JAN_CTRL,ARCX.PILLAR,XOM,EVENT,1300,1350,1
XOM_JAN_CTRL_ARCX_PILLAR_mbp1.dbn.zst,XOM_JAN_CTRL,ARCX.PILLAR,XOM,EVENT,1350,1400,1
XOM_JAN_CTRL_ARCX_PILLAR_mbp1.dbn.zst,XOM_JAN_CTRL,ARCX.PILLAR,XOM,EVENT,1400,1450,1
XOM_JAN_CTRL_ARCX_PILLAR_mbp1.dbn.zst,XOM_JAN_CTRL,ARCX.PILLAR,XOM,EVENT,1450,1500,1
XOM_JAN_CTRL_ARCX_PILLAR_mbp1.dbn.zst,XOM_JAN_CTRL,ARCX.PILLAR,XOM,EVENT,1500,1550,1
XOM_JAN_CTRL_ARCX_PILLAR_mbp1.dbn.zst,XOM_JAN_CTRL,ARCX.PILLAR,XOM,EVENT,1550,1600,0
XOM_JAN_CTRL_ARCX_PILLAR_mbp1.dbn.zst,XOM_JAN_CTRL,ARCX.PILLAR,XOM,EVENT,1600,1650,0
XOM_JAN_CTRL_ARCX_PILLAR_mbp1.dbn.zst,XOM_JAN_CTRL,ARCX.PILLAR,XOM,EVENT,1650,1700,0
XOM_JAN_CTRL_ARCX_PILLAR_mbp1.dbn.zst,XOM_JAN_CTRL,ARCX.PILLAR,XOM,EVENT,1700,1750,0
XOM_JAN_CTRL_ARCX_PILLAR_mbp1.dbn.zst,XOM_JAN_CTRL,ARCX.PILLAR,XOM,EVENT,1750,1800,4
XOM_JAN_CTRL_ARCX_PILLAR_mbp1.dbn.zst,XOM_JAN_CTRL,ARCX.PILLAR,XOM,EVENT,1800,1850,0
XOM_JAN_CTRL_ARCX_PILLAR_mbp1.dbn.zst,XOM_JAN_CTRL,ARCX.PILLAR,XOM,EVENT,1850,1900,0
XOM_JAN_CTRL_ARCX_PILLAR_mbp1.dbn.zst,XOM_JAN_CTRL,ARCX.PILLAR,XOM,EVENT,1900,1950,3
XOM_JAN_CTRL_ARCX_PILLAR_mbp1.dbn.zst,XOM_JAN_CTRL,ARCX.PILLAR,XOM,EVENT,1950,2000,2
XOM_JAN_CTRL_ARCX_PILLAR_mbp1.dbn.zst,XOM_JAN_CTRL,ARCX.PILLAR,XOM,EVENT,2000,2050,7
XOM_JAN_CTRL_ARCX_PILLAR_mbp1.dbn.zst,XOM_JAN_CTRL,ARCX.PILLAR,XOM,EVENT,2050,2100,2
XOM_JAN_CTRL_ARCX_PILLAR_mbp1.dbn.zst,XOM_JAN_CTRL,ARCX.PILLAR,XOM,EVENT,2100,2150,0
XOM_JAN_CTRL_ARCX_PILLAR_mbp1.dbn.zst,XOM_JAN_CTRL,ARCX.PILLAR,XOM,EVENT,2150,2200,0
XOM_JAN_CTRL_ARCX_PILLAR_mbp1.dbn.zst,XOM_JAN_CTRL,ARCX.PILLAR,XOM,EVENT,2200,2250,0
XOM_JAN_CTRL_ARCX_PILLAR_mbp1.dbn.zst,XOM_JAN_CTRL,ARCX.PILLAR,XOM,EVENT,2250,2300,0
XOM_JAN_CTRL_ARCX_PILLAR_mbp1.dbn.zst,XOM_JAN_CTRL,ARCX.PILLAR,XOM,EVENT,2300,2350,2
XOM_JAN_CTRL_ARCX_PILLAR_mbp1.dbn.zst,XOM_JAN_CTRL,ARCX.PILLAR,XOM,EVENT,2350,2400,1
XOM_JAN_CTRL_ARCX_PILLAR_mbp1.dbn.zst,XOM_JAN_CTRL,ARCX.PILLAR,XOM,EVENT,2400,2450,0
XOM_JAN_CTRL_ARCX_PILLAR_mbp1.dbn.zst,XOM_JAN_CTRL,ARCX.PILLAR,XOM,EVENT,2450,2500,0
XOM_JAN_CTRL_ARCX_PILLAR_mbp1.dbn.zst,XOM_JAN_CTRL,ARCX.PILLAR,XOM,EVENT,2500,2550,0
XOM_JAN_CTRL_ARCX_PILLAR_mbp1.dbn.zst,XOM_JAN_CTRL,ARCX.PILLAR,XOM,EVENT,2550,2600,1
XOM_JAN_CTRL_ARCX_PILLAR_mbp1.dbn.zst,XOM_JAN_CTRL,ARCX.PILLAR,XOM,EVENT,2600,2650,0
XOM_JAN_CTRL_ARCX_PILLAR_mbp1.dbn.zst,XOM_JAN_CTRL,ARCX.PILLAR,XOM,EVENT,2650,2700,0
XOM_JAN_CTRL_ARCX_PILLAR_mbp1.dbn.zst,XOM_JAN_CTRL,ARCX.PILLAR,XOM,EVENT,2700,2750,1
XOM_JAN_CTRL_ARCX_PILLAR_mbp1.dbn.zst,XOM_JAN_CTRL,ARCX.PILLAR,XOM,EVENT,2750,2800,4
XOM_JAN_CTRL_ARCX_PILLAR_mbp1.dbn.zst,XOM_JAN_CTRL,ARCX.PILLAR,XOM,EVENT,2800,2850,0
XOM_JAN_CTRL_ARCX_PILLAR_mbp1.dbn.zst,XOM_JAN_CTRL,ARCX.PILLAR,XOM,EVENT,2850,2900,1
XOM_JAN_CTRL_ARCX_PILLAR_mbp1.dbn.zst,XOM_JAN_CTRL,ARCX.PILLAR,XOM,EVENT,2900,2950,1
XOM_JAN_CTRL_ARCX_PILLAR_mbp1.dbn.zst,XOM_JAN_CTRL,ARCX.PILLAR,XOM,EVENT,2950,3000,1
XOM_JAN_CTRL_ARCX_PILLAR_mbp1.dbn.zst,XOM_JAN_CTRL,ARCX.PILLAR,XOM,EVENT,3000,3050,3
XOM_JAN_CTRL_ARCX_PILLAR_mbp1.dbn.zst,XOM_JAN_CTRL,ARCX.PILLAR,XOM,EVENT,3050,3100,2
XOM_JAN_CTRL_ARCX_PILLAR_mbp1.dbn.zst,XOM_JAN_CTRL,ARCX.PILLAR,XOM,EVENT,3100,3150,1
XOM_JAN_CTRL_ARCX_PILLAR_mbp1.dbn.zst,XOM_JAN_CTRL,ARCX.PILLAR,XOM,EVENT,3150,3200,1
XOM_JAN_CTRL_ARCX_PILLAR_mbp1.dbn.zst,XOM_JAN_CTRL,ARCX.PILLAR,XOM,EVENT,3200,3250,0
XOM_JAN_CTRL_ARCX_PILLAR_mbp1.dbn.zst,XOM_JAN_CTRL,ARCX.PILLAR,XOM,EVENT,3250,3300,3
XOM_JAN_CTRL_ARCX_PILLAR_mbp1.dbn.zst,XOM_JAN_CTRL,ARCX.PILLAR,XOM,EVENT,3300,3350,9
XOM_JAN_CTRL_ARCX_PILLAR_mbp1.dbn.zst,XOM_JAN_CTRL,ARCX.PILLAR,XOM,EVENT,3350,3400,12
XOM_JAN_CTRL_ARCX_PILLAR_mbp1.dbn.zst,XOM_JAN_CTRL,ARCX.PILLAR,XOM,EVENT,3400,3450,5
XOM_JAN_CTRL_ARCX_PILLAR_mbp1.dbn.zst,XOM_JAN_CTRL,ARCX.PILLAR,XOM,EVENT,3450,3500,5
XOM_JAN_CTRL_ARCX_PILLAR_mbp1.dbn.zst,XOM_JAN_CTRL,ARCX.PILLAR,XOM,EVENT,3500,3550,0
XOM_JAN_CTRL_ARCX_PILLAR_mbp1.dbn.zst,XOM_JAN_CTRL,ARCX.PILLAR,XOM,EVENT,3550,3600,0
XOM_JAN_CTRL_ARCX_PILLAR_mbp1.dbn.zst,XOM_JAN_CTRL,ARCX.PILLAR,XOM,EVENT,3600,3650,0
XOM_JAN_CTRL_ARCX_PILLAR_mbp1.dbn.zst,XOM_JAN_CTRL,ARCX.PILLAR,XOM,EVENT,3650,3700,0
XOM_JAN_CTRL_ARCX_PILLAR_mbp1.dbn.zst,XOM_JAN_CTRL,ARCX.PILLAR,XOM,EVENT,3700,3750,0
XOM_JAN_CTRL_ARCX_PILLAR_mbp1.dbn.zst,XOM_JAN_CTRL,ARCX.PILLAR,XOM,EVENT,3750,3800,0
XOM_JAN_CTRL_ARCX_PILLAR_mbp1.dbn.zst,XOM_JAN_CTRL,ARCX.PILLAR,XOM,EVENT,3800,3850,0
XOM_JAN_CTRL_ARCX_PILLAR_mbp1.dbn.zst,XOM_JAN_CTRL,ARCX.PILLAR,XOM,EVENT,3850,3900,0
XOM_JAN_CTRL_ARCX_PILLAR_mbp1.dbn.zst,XOM_JAN_CTRL,ARCX.PILLAR,XOM,EVENT,3900,3950,1
XOM_JAN_CTRL_ARCX_PILLAR_mbp1.dbn.zst,XOM_JAN_CTRL,ARCX.PILLAR,XOM,EVENT,3950,4000,0
XOM_JAN_CTRL_ARCX_PILLAR_mbp1.dbn.zst,XOM_JAN_CTRL,ARCX.PILLAR,XOM,EVENT,4000,4050,0
XOM_JAN_CTRL_ARCX_PILLAR_mbp1.dbn.zst,XOM_JAN_CTRL,ARCX.PILLAR,XOM,EVENT,4050,4100,2
XOM_JAN_CTRL_ARCX_PILLAR_mbp1.dbn.zst,XOM_JAN_CTRL,ARCX.PILLAR,XOM,EVENT,4100,4150,0
XOM_JAN_CTRL_ARCX_PILLAR_mbp1.dbn.zst,XOM_JAN_CTRL,ARCX.PILLAR,XOM,EVENT,4150,4200,0
XOM_JAN_CTRL_ARCX_PILLAR_mbp1.dbn.zst,XOM_JAN_CTRL,ARCX.PILLAR,XOM,EVENT,4200,4250,0
XOM_JAN_CTRL_ARCX_PILLAR_mbp1.dbn.zst,XOM_JAN_CTRL,ARCX.PILLAR,XOM,EVENT,4250,4300,0
XOM_JAN_CTRL_ARCX_PILLAR_mbp1.dbn.zst,XOM_JAN_CTRL,ARCX.PILLAR,XOM,EVENT,4300,4350,0
XOM_JAN_CTRL_ARCX_PILLAR_mbp1.dbn.zst,XOM_JAN_CTRL,ARCX.PILLAR,XOM,EVENT,4350,4400,1
XOM_JAN_CTRL_ARCX_PILLAR_mbp1.dbn.zst,XOM_JAN_CTRL,ARCX.PILLAR,XOM,EVENT,4400,4450,0
XOM_JAN_CTRL_ARCX_PILLAR_mbp1.dbn.zst,XOM_JAN_CTRL,ARCX.PILLAR,XOM,EVENT,4450,4500,0
XOM_JAN_CTRL_ARCX_PILLAR_mbp1.dbn.zst,XOM_JAN_CTRL,ARCX.PILLAR,XOM,EVENT,4500,4550,0
XOM_JAN_CTRL_ARCX_PILLAR_mbp1.dbn.zst,XOM_JAN_CTRL,ARCX.PILLAR,XOM,EVENT,4550,4600,0
XOM_JAN_CTRL_ARCX_PILLAR_mbp1.dbn.zst,XOM_JAN_CTRL,ARCX.PILLAR,XOM,EVENT,4600,4650,0
XOM_JAN_CTRL_ARCX_PILLAR_mbp1.dbn.zst,XOM_JAN_CTRL,ARCX.PILLAR,XOM,EVENT,4650,4700,0
XOM_JAN_CTRL_ARCX_PILLAR_mbp1.dbn.zst,XOM_JAN_CTRL,ARCX.PILLAR,XOM,EVENT,4700,4750,0
XOM_JAN_CTRL_ARCX_PILLAR_mbp1.dbn.zst,XOM_JAN_CTRL,ARCX.PILLAR,XOM,EVENT,4750,4800,5
XOM_JAN_CTRL_ARCX_PILLAR_mbp1.dbn.zst,XOM_JAN_CTRL,ARCX.PILLAR,XOM,EVENT,4800,4850,0
XOM_JAN_CTRL_ARCX_PILLAR_mbp1.dbn.zst,XOM_JAN_CTRL,ARCX.PILLAR,XOM,EVENT,4850,4900,10
XOM_JAN_CTRL_ARCX_PILLAR_mbp1.dbn.zst,XOM_JAN_CTRL,ARCX.PILLAR,XOM,EVENT,4900,4950,10
XOM_JAN_CTRL_ARCX_PILLAR_mbp1.dbn.zst,XOM_JAN_CTRL,ARCX.PILLAR,XOM,EVENT,4950,5000,2
XOM_JAN_CTRL_ARCX_PILLAR_mbp1.dbn.zst,XOM_JAN_CTRL,ARCX.PILLAR,XOM,RECEIVE,-5000,-4950,0
XOM_JAN_CTRL_ARCX_PILLAR_mbp1.dbn.zst,XOM_JAN_CTRL,ARCX.PILLAR,XOM,RECEIVE,-4950,-4900,1
XOM_JAN_CTRL_ARCX_PILLAR_mbp1.dbn.zst,XOM_JAN_CTRL,ARCX.PILLAR,XOM,RECEIVE,-4900,-4850,2
XOM_JAN_CTRL_ARCX_PILLAR_mbp1.dbn.zst,XOM_JAN_CTRL,ARCX.PILLAR,XOM,RECEIVE,-4850,-4800,3
XOM_JAN_CTRL_ARCX_PILLAR_mbp1.dbn.zst,XOM_JAN_CTRL,ARCX.PILLAR,XOM,RECEIVE,-4800,-4750,0
XOM_JAN_CTRL_ARCX_PILLAR_mbp1.dbn.zst,XOM_JAN_CTRL,ARCX.PILLAR,XOM,RECEIVE,-4750,-4700,5
XOM_JAN_CTRL_ARCX_PILLAR_mbp1.dbn.zst,XOM_JAN_CTRL,ARCX.PILLAR,XOM,RECEIVE,-4700,-4650,1
XOM_JAN_CTRL_ARCX_PILLAR_mbp1.dbn.zst,XOM_JAN_CTRL,ARCX.PILLAR,XOM,RECEIVE,-4650,-4600,2
XOM_JAN_CTRL_ARCX_PILLAR_mbp1.dbn.zst,XOM_JAN_CTRL,ARCX.PILLAR,XOM,RECEIVE,-4600,-4550,6
XOM_JAN_CTRL_ARCX_PILLAR_mbp1.dbn.zst,XOM_JAN_CTRL,ARCX.PILLAR,XOM,RECEIVE,-4550,-4500,10
XOM_JAN_CTRL_ARCX_PILLAR_mbp1.dbn.zst,XOM_JAN_CTRL,ARCX.PILLAR,XOM,RECEIVE,-4500,-4450,2
XOM_JAN_CTRL_ARCX_PILLAR_mbp1.dbn.zst,XOM_JAN_CTRL,ARCX.PILLAR,XOM,RECEIVE,-4450,-4400,3
XOM_JAN_CTRL_ARCX_PILLAR_mbp1.dbn.zst,XOM_JAN_CTRL,ARCX.PILLAR,XOM,RECEIVE,-4400,-4350,4
XOM_JAN_CTRL_ARCX_PILLAR_mbp1.dbn.zst,XOM_JAN_CTRL,ARCX.PILLAR,XOM,RECEIVE,-4350,-4300,0
XOM_JAN_CTRL_ARCX_PILLAR_mbp1.dbn.zst,XOM_JAN_CTRL,ARCX.PILLAR,XOM,RECEIVE,-4300,-4250,32
XOM_JAN_CTRL_ARCX_PILLAR_mbp1.dbn.zst,XOM_JAN_CTRL,ARCX.PILLAR,XOM,RECEIVE,-4250,-4200,24
XOM_JAN_CTRL_ARCX_PILLAR_mbp1.dbn.zst,XOM_JAN_CTRL,ARCX.PILLAR,XOM,RECEIVE,-4200,-4150,0
XOM_JAN_CTRL_ARCX_PILLAR_mbp1.dbn.zst,XOM_JAN_CTRL,ARCX.PILLAR,XOM,RECEIVE,-4150,-4100,11
XOM_JAN_CTRL_ARCX_PILLAR_mbp1.dbn.zst,XOM_JAN_CTRL,ARCX.PILLAR,XOM,RECEIVE,-4100,-4050,7
XOM_JAN_CTRL_ARCX_PILLAR_mbp1.dbn.zst,XOM_JAN_CTRL,ARCX.PILLAR,XOM,RECEIVE,-4050,-4000,1
XOM_JAN_CTRL_ARCX_PILLAR_mbp1.dbn.zst,XOM_JAN_CTRL,ARCX.PILLAR,XOM,RECEIVE,-4000,-3950,1
XOM_JAN_CTRL_ARCX_PILLAR_mbp1.dbn.zst,XOM_JAN_CTRL,ARCX.PILLAR,XOM,RECEIVE,-3950,-3900,2
XOM_JAN_CTRL_ARCX_PILLAR_mbp1.dbn.zst,XOM_JAN_CTRL,ARCX.PILLAR,XOM,RECEIVE,-3900,-3850,0
XOM_JAN_CTRL_ARCX_PILLAR_mbp1.dbn.zst,XOM_JAN_CTRL,ARCX.PILLAR,XOM,RECEIVE,-3850,-3800,1
XOM_JAN_CTRL_ARCX_PILLAR_mbp1.dbn.zst,XOM_JAN_CTRL,ARCX.PILLAR,XOM,RECEIVE,-3800,-3750,0
XOM_JAN_CTRL_ARCX_PILLAR_mbp1.dbn.zst,XOM_JAN_CTRL,ARCX.PILLAR,XOM,RECEIVE,-3750,-3700,0
XOM_JAN_CTRL_ARCX_PILLAR_mbp1.dbn.zst,XOM_JAN_CTRL,ARCX.PILLAR,XOM,RECEIVE,-3700,-3650,1
XOM_JAN_CTRL_ARCX_PILLAR_mbp1.dbn.zst,XOM_JAN_CTRL,ARCX.PILLAR,XOM,RECEIVE,-3650,-3600,0
XOM_JAN_CTRL_ARCX_PILLAR_mbp1.dbn.zst,XOM_JAN_CTRL,ARCX.PILLAR,XOM,RECEIVE,-3600,-3550,2
XOM_JAN_CTRL_ARCX_PILLAR_mbp1.dbn.zst,XOM_JAN_CTRL,ARCX.PILLAR,XOM,RECEIVE,-3550,-3500,1
XOM_JAN_CTRL_ARCX_PILLAR_mbp1.dbn.zst,XOM_JAN_CTRL,ARCX.PILLAR,XOM,RECEIVE,-3500,-3450,0
XOM_JAN_CTRL_ARCX_PILLAR_mbp1.dbn.zst,XOM_JAN_CTRL,ARCX.PILLAR,XOM,RECEIVE,-3450,-3400,1
XOM_JAN_CTRL_ARCX_PILLAR_mbp1.dbn.zst,XOM_JAN_CTRL,ARCX.PILLAR,XOM,RECEIVE,-3400,-3350,0
XOM_JAN_CTRL_ARCX_PILLAR_mbp1.dbn.zst,XOM_JAN_CTRL,ARCX.PILLAR,XOM,RECEIVE,-3350,-3300,4
XOM_JAN_CTRL_ARCX_PILLAR_mbp1.dbn.zst,XOM_JAN_CTRL,ARCX.PILLAR,XOM,RECEIVE,-3300,-3250,0
XOM_JAN_CTRL_ARCX_PILLAR_mbp1.dbn.zst,XOM_JAN_CTRL,ARCX.PILLAR,XOM,RECEIVE,-3250,-3200,1
XOM_JAN_CTRL_ARCX_PILLAR_mbp1.dbn.zst,XOM_JAN_CTRL,ARCX.PILLAR,XOM,RECEIVE,-3200,-3150,13
XOM_JAN_CTRL_ARCX_PILLAR_mbp1.dbn.zst,XOM_JAN_CTRL,ARCX.PILLAR,XOM,RECEIVE,-3150,-3100,2
XOM_JAN_CTRL_ARCX_PILLAR_mbp1.dbn.zst,XOM_JAN_CTRL,ARCX.PILLAR,XOM,RECEIVE,-3100,-3050,0
XOM_JAN_CTRL_ARCX_PILLAR_mbp1.dbn.zst,XOM_JAN_CTRL,ARCX.PILLAR,XOM,RECEIVE,-3050,-3000,4
XOM_JAN_CTRL_ARCX_PILLAR_mbp1.dbn.zst,XOM_JAN_CTRL,ARCX.PILLAR,XOM,RECEIVE,-3000,-2950,0
XOM_JAN_CTRL_ARCX_PILLAR_mbp1.dbn.zst,XOM_JAN_CTRL,ARCX.PILLAR,XOM,RECEIVE,-2950,-2900,3
XOM_JAN_CTRL_ARCX_PILLAR_mbp1.dbn.zst,XOM_JAN_CTRL,ARCX.PILLAR,XOM,RECEIVE,-2900,-2850,2
XOM_JAN_CTRL_ARCX_PILLAR_mbp1.dbn.zst,XOM_JAN_CTRL,ARCX.PILLAR,XOM,RECEIVE,-2850,-2800,1
XOM_JAN_CTRL_ARCX_PILLAR_mbp1.dbn.zst,XOM_JAN_CTRL,ARCX.PILLAR,XOM,RECEIVE,-2800,-2750,0
XOM_JAN_CTRL_ARCX_PILLAR_mbp1.dbn.zst,XOM_JAN_CTRL,ARCX.PILLAR,XOM,RECEIVE,-2750,-2700,0
XOM_JAN_CTRL_ARCX_PILLAR_mbp1.dbn.zst,XOM_JAN_CTRL,ARCX.PILLAR,XOM,RECEIVE,-2700,-2650,0
XOM_JAN_CTRL_ARCX_PILLAR_mbp1.dbn.zst,XOM_JAN_CTRL,ARCX.PILLAR,XOM,RECEIVE,-2650,-2600,0
XOM_JAN_CTRL_ARCX_PILLAR_mbp1.dbn.zst,XOM_JAN_CTRL,ARCX.PILLAR,XOM,RECEIVE,-2600,-2550,0
XOM_JAN_CTRL_ARCX_PILLAR_mbp1.dbn.zst,XOM_JAN_CTRL,ARCX.PILLAR,XOM,RECEIVE,-2550,-2500,0
XOM_JAN_CTRL_ARCX_PILLAR_mbp1.dbn.zst,XOM_JAN_CTRL,ARCX.PILLAR,XOM,RECEIVE,-2500,-2450,0
XOM_JAN_CTRL_ARCX_PILLAR_mbp1.dbn.zst,XOM_JAN_CTRL,ARCX.PILLAR,XOM,RECEIVE,-2450,-2400,0
XOM_JAN_CTRL_ARCX_PILLAR_mbp1.dbn.zst,XOM_JAN_CTRL,ARCX.PILLAR,XOM,RECEIVE,-2400,-2350,3
XOM_JAN_CTRL_ARCX_PILLAR_mbp1.dbn.zst,XOM_JAN_CTRL,ARCX.PILLAR,XOM,RECEIVE,-2350,-2300,1
XOM_JAN_CTRL_ARCX_PILLAR_mbp1.dbn.zst,XOM_JAN_CTRL,ARCX.PILLAR,XOM,RECEIVE,-2300,-2250,14
XOM_JAN_CTRL_ARCX_PILLAR_mbp1.dbn.zst,XOM_JAN_CTRL,ARCX.PILLAR,XOM,RECEIVE,-2250,-2200,2
XOM_JAN_CTRL_ARCX_PILLAR_mbp1.dbn.zst,XOM_JAN_CTRL,ARCX.PILLAR,XOM,RECEIVE,-2200,-2150,0
XOM_JAN_CTRL_ARCX_PILLAR_mbp1.dbn.zst,XOM_JAN_CTRL,ARCX.PILLAR,XOM,RECEIVE,-2150,-2100,5
XOM_JAN_CTRL_ARCX_PILLAR_mbp1.dbn.zst,XOM_JAN_CTRL,ARCX.PILLAR,XOM,RECEIVE,-2100,-2050,0
XOM_JAN_CTRL_ARCX_PILLAR_mbp1.dbn.zst,XOM_JAN_CTRL,ARCX.PILLAR,XOM,RECEIVE,-2050,-2000,0
XOM_JAN_CTRL_ARCX_PILLAR_mbp1.dbn.zst,XOM_JAN_CTRL,ARCX.PILLAR,XOM,RECEIVE,-2000,-1950,4
XOM_JAN_CTRL_ARCX_PILLAR_mbp1.dbn.zst,XOM_JAN_CTRL,ARCX.PILLAR,XOM,RECEIVE,-1950,-1900,3
XOM_JAN_CTRL_ARCX_PILLAR_mbp1.dbn.zst,XOM_JAN_CTRL,ARCX.PILLAR,XOM,RECEIVE,-1900,-1850,10
XOM_JAN_CTRL_ARCX_PILLAR_mbp1.dbn.zst,XOM_JAN_CTRL,ARCX.PILLAR,XOM,RECEIVE,-1850,-1800,4
XOM_JAN_CTRL_ARCX_PILLAR_mbp1.dbn.zst,XOM_JAN_CTRL,ARCX.PILLAR,XOM,RECEIVE,-1800,-1750,18
XOM_JAN_CTRL_ARCX_PILLAR_mbp1.dbn.zst,XOM_JAN_CTRL,ARCX.PILLAR,XOM,RECEIVE,-1750,-1700,6
XOM_JAN_CTRL_ARCX_PILLAR_mbp1.dbn.zst,XOM_JAN_CTRL,ARCX.PILLAR,XOM,RECEIVE,-1700,-1650,12
XOM_JAN_CTRL_ARCX_PILLAR_mbp1.dbn.zst,XOM_JAN_CTRL,ARCX.PILLAR,XOM,RECEIVE,-1650,-1600,4
XOM_JAN_CTRL_ARCX_PILLAR_mbp1.dbn.zst,XOM_JAN_CTRL,ARCX.PILLAR,XOM,RECEIVE,-1600,-1550,2
XOM_JAN_CTRL_ARCX_PILLAR_mbp1.dbn.zst,XOM_JAN_CTRL,ARCX.PILLAR,XOM,RECEIVE,-1550,-1500,10
XOM_JAN_CTRL_ARCX_PILLAR_mbp1.dbn.zst,XOM_JAN_CTRL,ARCX.PILLAR,XOM,RECEIVE,-1500,-1450,4
XOM_JAN_CTRL_ARCX_PILLAR_mbp1.dbn.zst,XOM_JAN_CTRL,ARCX.PILLAR,XOM,RECEIVE,-1450,-1400,2
XOM_JAN_CTRL_ARCX_PILLAR_mbp1.dbn.zst,XOM_JAN_CTRL,ARCX.PILLAR,XOM,RECEIVE,-1400,-1350,7
XOM_JAN_CTRL_ARCX_PILLAR_mbp1.dbn.zst,XOM_JAN_CTRL,ARCX.PILLAR,XOM,RECEIVE,-1350,-1300,6
XOM_JAN_CTRL_ARCX_PILLAR_mbp1.dbn.zst,XOM_JAN_CTRL,ARCX.PILLAR,XOM,RECEIVE,-1300,-1250,3
XOM_JAN_CTRL_ARCX_PILLAR_mbp1.dbn.zst,XOM_JAN_CTRL,ARCX.PILLAR,XOM,RECEIVE,-1250,-1200,8
XOM_JAN_CTRL_ARCX_PILLAR_mbp1.dbn.zst,XOM_JAN_CTRL,ARCX.PILLAR,XOM,RECEIVE,-1200,-1150,5
XOM_JAN_CTRL_ARCX_PILLAR_mbp1.dbn.zst,XOM_JAN_CTRL,ARCX.PILLAR,XOM,RECEIVE,-1150,-1100,6
XOM_JAN_CTRL_ARCX_PILLAR_mbp1.dbn.zst,XOM_JAN_CTRL,ARCX.PILLAR,XOM,RECEIVE,-1100,-1050,15
XOM_JAN_CTRL_ARCX_PILLAR_mbp1.dbn.zst,XOM_JAN_CTRL,ARCX.PILLAR,XOM,RECEIVE,-1050,-1000,2
XOM_JAN_CTRL_ARCX_PILLAR_mbp1.dbn.zst,XOM_JAN_CTRL,ARCX.PILLAR,XOM,RECEIVE,-1000,-950,5
XOM_JAN_CTRL_ARCX_PILLAR_mbp1.dbn.zst,XOM_JAN_CTRL,ARCX.PILLAR,XOM,RECEIVE,-950,-900,6
XOM_JAN_CTRL_ARCX_PILLAR_mbp1.dbn.zst,XOM_JAN_CTRL,ARCX.PILLAR,XOM,RECEIVE,-900,-850,12
XOM_JAN_CTRL_ARCX_PILLAR_mbp1.dbn.zst,XOM_JAN_CTRL,ARCX.PILLAR,XOM,RECEIVE,-850,-800,12
XOM_JAN_CTRL_ARCX_PILLAR_mbp1.dbn.zst,XOM_JAN_CTRL,ARCX.PILLAR,XOM,RECEIVE,-800,-750,7
XOM_JAN_CTRL_ARCX_PILLAR_mbp1.dbn.zst,XOM_JAN_CTRL,ARCX.PILLAR,XOM,RECEIVE,-750,-700,8
XOM_JAN_CTRL_ARCX_PILLAR_mbp1.dbn.zst,XOM_JAN_CTRL,ARCX.PILLAR,XOM,RECEIVE,-700,-650,16
XOM_JAN_CTRL_ARCX_PILLAR_mbp1.dbn.zst,XOM_JAN_CTRL,ARCX.PILLAR,XOM,RECEIVE,-650,-600,14
XOM_JAN_CTRL_ARCX_PILLAR_mbp1.dbn.zst,XOM_JAN_CTRL,ARCX.PILLAR,XOM,RECEIVE,-600,-550,11
XOM_JAN_CTRL_ARCX_PILLAR_mbp1.dbn.zst,XOM_JAN_CTRL,ARCX.PILLAR,XOM,RECEIVE,-550,-500,21
XOM_JAN_CTRL_ARCX_PILLAR_mbp1.dbn.zst,XOM_JAN_CTRL,ARCX.PILLAR,XOM,RECEIVE,-500,-450,5
XOM_JAN_CTRL_ARCX_PILLAR_mbp1.dbn.zst,XOM_JAN_CTRL,ARCX.PILLAR,XOM,RECEIVE,-450,-400,7
XOM_JAN_CTRL_ARCX_PILLAR_mbp1.dbn.zst,XOM_JAN_CTRL,ARCX.PILLAR,XOM,RECEIVE,-400,-350,19
XOM_JAN_CTRL_ARCX_PILLAR_mbp1.dbn.zst,XOM_JAN_CTRL,ARCX.PILLAR,XOM,RECEIVE,-350,-300,6
XOM_JAN_CTRL_ARCX_PILLAR_mbp1.dbn.zst,XOM_JAN_CTRL,ARCX.PILLAR,XOM,RECEIVE,-300,-250,8
XOM_JAN_CTRL_ARCX_PILLAR_mbp1.dbn.zst,XOM_JAN_CTRL,ARCX.PILLAR,XOM,RECEIVE,-250,-200,21
XOM_JAN_CTRL_ARCX_PILLAR_mbp1.dbn.zst,XOM_JAN_CTRL,ARCX.PILLAR,XOM,RECEIVE,-200,-150,27
XOM_JAN_CTRL_ARCX_PILLAR_mbp1.dbn.zst,XOM_JAN_CTRL,ARCX.PILLAR,XOM,RECEIVE,-150,-100,6
XOM_JAN_CTRL_ARCX_PILLAR_mbp1.dbn.zst,XOM_JAN_CTRL,ARCX.PILLAR,XOM,RECEIVE,-100,-50,23
XOM_JAN_CTRL_ARCX_PILLAR_mbp1.dbn.zst,XOM_JAN_CTRL,ARCX.PILLAR,XOM,RECEIVE,-50,0,8
XOM_JAN_CTRL_ARCX_PILLAR_mbp1.dbn.zst,XOM_JAN_CTRL,ARCX.PILLAR,XOM,RECEIVE,0,50,6
XOM_JAN_CTRL_ARCX_PILLAR_mbp1.dbn.zst,XOM_JAN_CTRL,ARCX.PILLAR,XOM,RECEIVE,50,100,2
XOM_JAN_CTRL_ARCX_PILLAR_mbp1.dbn.zst,XOM_JAN_CTRL,ARCX.PILLAR,XOM,RECEIVE,100,150,2
XOM_JAN_CTRL_ARCX_PILLAR_mbp1.dbn.zst,XOM_JAN_CTRL,ARCX.PILLAR,XOM,RECEIVE,150,200,1
XOM_JAN_CTRL_ARCX_PILLAR_mbp1.dbn.zst,XOM_JAN_CTRL,ARCX.PILLAR,XOM,RECEIVE,200,250,0
XOM_JAN_CTRL_ARCX_PILLAR_mbp1.dbn.zst,XOM_JAN_CTRL,ARCX.PILLAR,XOM,RECEIVE,250,300,0
XOM_JAN_CTRL_ARCX_PILLAR_mbp1.dbn.zst,XOM_JAN_CTRL,ARCX.PILLAR,XOM,RECEIVE,300,350,1
XOM_JAN_CTRL_ARCX_PILLAR_mbp1.dbn.zst,XOM_JAN_CTRL,ARCX.PILLAR,XOM,RECEIVE,350,400,0
XOM_JAN_CTRL_ARCX_PILLAR_mbp1.dbn.zst,XOM_JAN_CTRL,ARCX.PILLAR,XOM,RECEIVE,400,450,1
XOM_JAN_CTRL_ARCX_PILLAR_mbp1.dbn.zst,XOM_JAN_CTRL,ARCX.PILLAR,XOM,RECEIVE,450,500,2
XOM_JAN_CTRL_ARCX_PILLAR_mbp1.dbn.zst,XOM_JAN_CTRL,ARCX.PILLAR,XOM,RECEIVE,500,550,0
XOM_JAN_CTRL_ARCX_PILLAR_mbp1.dbn.zst,XOM_JAN_CTRL,ARCX.PILLAR,XOM,RECEIVE,550,600,4
XOM_JAN_CTRL_ARCX_PILLAR_mbp1.dbn.zst,XOM_JAN_CTRL,ARCX.PILLAR,XOM,RECEIVE,600,650,3
XOM_JAN_CTRL_ARCX_PILLAR_mbp1.dbn.zst,XOM_JAN_CTRL,ARCX.PILLAR,XOM,RECEIVE,650,700,1
XOM_JAN_CTRL_ARCX_PILLAR_mbp1.dbn.zst,XOM_JAN_CTRL,ARCX.PILLAR,XOM,RECEIVE,700,750,1
XOM_JAN_CTRL_ARCX_PILLAR_mbp1.dbn.zst,XOM_JAN_CTRL,ARCX.PILLAR,XOM,RECEIVE,750,800,0
XOM_JAN_CTRL_ARCX_PILLAR_mbp1.dbn.zst,XOM_JAN_CTRL,ARCX.PILLAR,XOM,RECEIVE,800,850,2
XOM_JAN_CTRL_ARCX_PILLAR_mbp1.dbn.zst,XOM_JAN_CTRL,ARCX.PILLAR,XOM,RECEIVE,850,900,0
XOM_JAN_CTRL_ARCX_PILLAR_mbp1.dbn.zst,XOM_JAN_CTRL,ARCX.PILLAR,XOM,RECEIVE,900,950,0
XOM_JAN_CTRL_ARCX_PILLAR_mbp1.dbn.zst,XOM_JAN_CTRL,ARCX.PILLAR,XOM,RECEIVE,950,1000,0
XOM_JAN_CTRL_ARCX_PILLAR_mbp1.dbn.zst,XOM_JAN_CTRL,ARCX.PILLAR,XOM,RECEIVE,1000,1050,0
XOM_JAN_CTRL_ARCX_PILLAR_mbp1.dbn.zst,XOM_JAN_CTRL,ARCX.PILLAR,XOM,RECEIVE,1050,1100,0
XOM_JAN_CTRL_ARCX_PILLAR_mbp1.dbn.zst,XOM_JAN_CTRL,ARCX.PILLAR,XOM,RECEIVE,1100,1150,0
XOM_JAN_CTRL_ARCX_PILLAR_mbp1.dbn.zst,XOM_JAN_CTRL,ARCX.PILLAR,XOM,RECEIVE,1150,1200,0
XOM_JAN_CTRL_ARCX_PILLAR_mbp1.dbn.zst,XOM_JAN_CTRL,ARCX.PILLAR,XOM,RECEIVE,1200,1250,0
XOM_JAN_CTRL_ARCX_PILLAR_mbp1.dbn.zst,XOM_JAN_CTRL,ARCX.PILLAR,XOM,RECEIVE,1250,1300,3
XOM_JAN_CTRL_ARCX_PILLAR_mbp1.dbn.zst,XOM_JAN_CTRL,ARCX.PILLAR,XOM,RECEIVE,1300,1350,0
XOM_JAN_CTRL_ARCX_PILLAR_mbp1.dbn.zst,XOM_JAN_CTRL,ARCX.PILLAR,XOM,RECEIVE,1350,1400,1
XOM_JAN_CTRL_ARCX_PILLAR_mbp1.dbn.zst,XOM_JAN_CTRL,ARCX.PILLAR,XOM,RECEIVE,1400,1450,1
XOM_JAN_CTRL_ARCX_PILLAR_mbp1.dbn.zst,XOM_JAN_CTRL,ARCX.PILLAR,XOM,RECEIVE,1450,1500,1
XOM_JAN_CTRL_ARCX_PILLAR_mbp1.dbn.zst,XOM_JAN_CTRL,ARCX.PILLAR,XOM,RECEIVE,1500,1550,1
XOM_JAN_CTRL_ARCX_PILLAR_mbp1.dbn.zst,XOM_JAN_CTRL,ARCX.PILLAR,XOM,RECEIVE,1550,1600,0
XOM_JAN_CTRL_ARCX_PILLAR_mbp1.dbn.zst,XOM_JAN_CTRL,ARCX.PILLAR,XOM,RECEIVE,1600,1650,0
XOM_JAN_CTRL_ARCX_PILLAR_mbp1.dbn.zst,XOM_JAN_CTRL,ARCX.PILLAR,XOM,RECEIVE,1650,1700,0
XOM_JAN_CTRL_ARCX_PILLAR_mbp1.dbn.zst,XOM_JAN_CTRL,ARCX.PILLAR,XOM,RECEIVE,1700,1750,0
XOM_JAN_CTRL_ARCX_PILLAR_mbp1.dbn.zst,XOM_JAN_CTRL,ARCX.PILLAR,XOM,RECEIVE,1750,1800,4
XOM_JAN_CTRL_ARCX_PILLAR_mbp1.dbn.zst,XOM_JAN_CTRL,ARCX.PILLAR,XOM,RECEIVE,1800,1850,0
XOM_JAN_CTRL_ARCX_PILLAR_mbp1.dbn.zst,XOM_JAN_CTRL,ARCX.PILLAR,XOM,RECEIVE,1850,1900,0
XOM_JAN_CTRL_ARCX_PILLAR_mbp1.dbn.zst,XOM_JAN_CTRL,ARCX.PILLAR,XOM,RECEIVE,1900,1950,3
XOM_JAN_CTRL_ARCX_PILLAR_mbp1.dbn.zst,XOM_JAN_CTRL,ARCX.PILLAR,XOM,RECEIVE,1950,2000,2
XOM_JAN_CTRL_ARCX_PILLAR_mbp1.dbn.zst,XOM_JAN_CTRL,ARCX.PILLAR,XOM,RECEIVE,2000,2050,7
XOM_JAN_CTRL_ARCX_PILLAR_mbp1.dbn.zst,XOM_JAN_CTRL,ARCX.PILLAR,XOM,RECEIVE,2050,2100,0
XOM_JAN_CTRL_ARCX_PILLAR_mbp1.dbn.zst,XOM_JAN_CTRL,ARCX.PILLAR,XOM,RECEIVE,2100,2150,2
XOM_JAN_CTRL_ARCX_PILLAR_mbp1.dbn.zst,XOM_JAN_CTRL,ARCX.PILLAR,XOM,RECEIVE,2150,2200,0
XOM_JAN_CTRL_ARCX_PILLAR_mbp1.dbn.zst,XOM_JAN_CTRL,ARCX.PILLAR,XOM,RECEIVE,2200,2250,0
XOM_JAN_CTRL_ARCX_PILLAR_mbp1.dbn.zst,XOM_JAN_CTRL,ARCX.PILLAR,XOM,RECEIVE,2250,2300,0
XOM_JAN_CTRL_ARCX_PILLAR_mbp1.dbn.zst,XOM_JAN_CTRL,ARCX.PILLAR,XOM,RECEIVE,2300,2350,2
XOM_JAN_CTRL_ARCX_PILLAR_mbp1.dbn.zst,XOM_JAN_CTRL,ARCX.PILLAR,XOM,RECEIVE,2350,2400,1
XOM_JAN_CTRL_ARCX_PILLAR_mbp1.dbn.zst,XOM_JAN_CTRL,ARCX.PILLAR,XOM,RECEIVE,2400,2450,0
XOM_JAN_CTRL_ARCX_PILLAR_mbp1.dbn.zst,XOM_JAN_CTRL,ARCX.PILLAR,XOM,RECEIVE,2450,2500,0
XOM_JAN_CTRL_ARCX_PILLAR_mbp1.dbn.zst,XOM_JAN_CTRL,ARCX.PILLAR,XOM,RECEIVE,2500,2550,0
XOM_JAN_CTRL_ARCX_PILLAR_mbp1.dbn.zst,XOM_JAN_CTRL,ARCX.PILLAR,XOM,RECEIVE,2550,2600,0
XOM_JAN_CTRL_ARCX_PILLAR_mbp1.dbn.zst,XOM_JAN_CTRL,ARCX.PILLAR,XOM,RECEIVE,2600,2650,1
XOM_JAN_CTRL_ARCX_PILLAR_mbp1.dbn.zst,XOM_JAN_CTRL,ARCX.PILLAR,XOM,RECEIVE,2650,2700,0
XOM_JAN_CTRL_ARCX_PILLAR_mbp1.dbn.zst,XOM_JAN_CTRL,ARCX.PILLAR,XOM,RECEIVE,2700,2750,1
XOM_JAN_CTRL_ARCX_PILLAR_mbp1.dbn.zst,XOM_JAN_CTRL,ARCX.PILLAR,XOM,RECEIVE,2750,2800,4
XOM_JAN_CTRL_ARCX_PILLAR_mbp1.dbn.zst,XOM_JAN_CTRL,ARCX.PILLAR,XOM,RECEIVE,2800,2850,0
XOM_JAN_CTRL_ARCX_PILLAR_mbp1.dbn.zst,XOM_JAN_CTRL,ARCX.PILLAR,XOM,RECEIVE,2850,2900,1
XOM_JAN_CTRL_ARCX_PILLAR_mbp1.dbn.zst,XOM_JAN_CTRL,ARCX.PILLAR,XOM,RECEIVE,2900,2950,1
XOM_JAN_CTRL_ARCX_PILLAR_mbp1.dbn.zst,XOM_JAN_CTRL,ARCX.PILLAR,XOM,RECEIVE,2950,3000,2
XOM_JAN_CTRL_ARCX_PILLAR_mbp1.dbn.zst,XOM_JAN_CTRL,ARCX.PILLAR,XOM,RECEIVE,3000,3050,2
XOM_JAN_CTRL_ARCX_PILLAR_mbp1.dbn.zst,XOM_JAN_CTRL,ARCX.PILLAR,XOM,RECEIVE,3050,3100,2
XOM_JAN_CTRL_ARCX_PILLAR_mbp1.dbn.zst,XOM_JAN_CTRL,ARCX.PILLAR,XOM,RECEIVE,3100,3150,1
XOM_JAN_CTRL_ARCX_PILLAR_mbp1.dbn.zst,XOM_JAN_CTRL,ARCX.PILLAR,XOM,RECEIVE,3150,3200,1
XOM_JAN_CTRL_ARCX_PILLAR_mbp1.dbn.zst,XOM_JAN_CTRL,ARCX.PILLAR,XOM,RECEIVE,3200,3250,0
XOM_JAN_CTRL_ARCX_PILLAR_mbp1.dbn.zst,XOM_JAN_CTRL,ARCX.PILLAR,XOM,RECEIVE,3250,3300,3
XOM_JAN_CTRL_ARCX_PILLAR_mbp1.dbn.zst,XOM_JAN_CTRL,ARCX.PILLAR,XOM,RECEIVE,3300,3350,19
XOM_JAN_CTRL_ARCX_PILLAR_mbp1.dbn.zst,XOM_JAN_CTRL,ARCX.PILLAR,XOM,RECEIVE,3350,3400,2
XOM_JAN_CTRL_ARCX_PILLAR_mbp1.dbn.zst,XOM_JAN_CTRL,ARCX.PILLAR,XOM,RECEIVE,3400,3450,0
XOM_JAN_CTRL_ARCX_PILLAR_mbp1.dbn.zst,XOM_JAN_CTRL,ARCX.PILLAR,XOM,RECEIVE,3450,3500,10
XOM_JAN_CTRL_ARCX_PILLAR_mbp1.dbn.zst,XOM_JAN_CTRL,ARCX.PILLAR,XOM,RECEIVE,3500,3550,0
XOM_JAN_CTRL_ARCX_PILLAR_mbp1.dbn.zst,XOM_JAN_CTRL,ARCX.PILLAR,XOM,RECEIVE,3550,3600,0
XOM_JAN_CTRL_ARCX_PILLAR_mbp1.dbn.zst,XOM_JAN_CTRL,ARCX.PILLAR,XOM,RECEIVE,3600,3650,0
XOM_JAN_CTRL_ARCX_PILLAR_mbp1.dbn.zst,XOM_JAN_CTRL,ARCX.PILLAR,XOM,RECEIVE,3650,3700,0
XOM_JAN_CTRL_ARCX_PILLAR_mbp1.dbn.zst,XOM_JAN_CTRL,ARCX.PILLAR,XOM,RECEIVE,3700,3750,0
XOM_JAN_CTRL_ARCX_PILLAR_mbp1.dbn.zst,XOM_JAN_CTRL,ARCX.PILLAR,XOM,RECEIVE,3750,3800,0
XOM_JAN_CTRL_ARCX_PILLAR_mbp1.dbn.zst,XOM_JAN_CTRL,ARCX.PILLAR,XOM,RECEIVE,3800,3850,0
XOM_JAN_CTRL_ARCX_PILLAR_mbp1.dbn.zst,XOM_JAN_CTRL,ARCX.PILLAR,XOM,RECEIVE,3850,3900,0
XOM_JAN_CTRL_ARCX_PILLAR_mbp1.dbn.zst,XOM_JAN_CTRL,ARCX.PILLAR,XOM,RECEIVE,3900,3950,1
XOM_JAN_CTRL_ARCX_PILLAR_mbp1.dbn.zst,XOM_JAN_CTRL,ARCX.PILLAR,XOM,RECEIVE,3950,4000,0
XOM_JAN_CTRL_ARCX_PILLAR_mbp1.dbn.zst,XOM_JAN_CTRL,ARCX.PILLAR,XOM,RECEIVE,4000,4050,0
XOM_JAN_CTRL_ARCX_PILLAR_mbp1.dbn.zst,XOM_JAN_CTRL,ARCX.PILLAR,XOM,RECEIVE,4050,4100,2
XOM_JAN_CTRL_ARCX_PILLAR_mbp1.dbn.zst,XOM_JAN_CTRL,ARCX.PILLAR,XOM,RECEIVE,4100,4150,0
XOM_JAN_CTRL_ARCX_PILLAR_mbp1.dbn.zst,XOM_JAN_CTRL,ARCX.PILLAR,XOM,RECEIVE,4150,4200,0
XOM_JAN_CTRL_ARCX_PILLAR_mbp1.dbn.zst,XOM_JAN_CTRL,ARCX.PILLAR,XOM,RECEIVE,4200,4250,0
XOM_JAN_CTRL_ARCX_PILLAR_mbp1.dbn.zst,XOM_JAN_CTRL,ARCX.PILLAR,XOM,RECEIVE,4250,4300,0
XOM_JAN_CTRL_ARCX_PILLAR_mbp1.dbn.zst,XOM_JAN_CTRL,ARCX.PILLAR,XOM,RECEIVE,4300,4350,0
XOM_JAN_CTRL_ARCX_PILLAR_mbp1.dbn.zst,XOM_JAN_CTRL,ARCX.PILLAR,XOM,RECEIVE,4350,4400,1
XOM_JAN_CTRL_ARCX_PILLAR_mbp1.dbn.zst,XOM_JAN_CTRL,ARCX.PILLAR,XOM,RECEIVE,4400,4450,0
XOM_JAN_CTRL_ARCX_PILLAR_mbp1.dbn.zst,XOM_JAN_CTRL,ARCX.PILLAR,XOM,RECEIVE,4450,4500,0
XOM_JAN_CTRL_ARCX_PILLAR_mbp1.dbn.zst,XOM_JAN_CTRL,ARCX.PILLAR,XOM,RECEIVE,4500,4550,0
XOM_JAN_CTRL_ARCX_PILLAR_mbp1.dbn.zst,XOM_JAN_CTRL,ARCX.PILLAR,XOM,RECEIVE,4550,4600,0
XOM_JAN_CTRL_ARCX_PILLAR_mbp1.dbn.zst,XOM_JAN_CTRL,ARCX.PILLAR,XOM,RECEIVE,4600,4650,0
XOM_JAN_CTRL_ARCX_PILLAR_mbp1.dbn.zst,XOM_JAN_CTRL,ARCX.PILLAR,XOM,RECEIVE,4650,4700,0
XOM_JAN_CTRL_ARCX_PILLAR_mbp1.dbn.zst,XOM_JAN_CTRL,ARCX.PILLAR,XOM,RECEIVE,4700,4750,0
XOM_JAN_CTRL_ARCX_PILLAR_mbp1.dbn.zst,XOM_JAN_CTRL,ARCX.PILLAR,XOM,RECEIVE,4750,4800,0
XOM_JAN_CTRL_ARCX_PILLAR_mbp1.dbn.zst,XOM_JAN_CTRL,ARCX.PILLAR,XOM,RECEIVE,4800,4850,5
XOM_JAN_CTRL_ARCX_PILLAR_mbp1.dbn.zst,XOM_JAN_CTRL,ARCX.PILLAR,XOM,RECEIVE,4850,4900,0
XOM_JAN_CTRL_ARCX_PILLAR_mbp1.dbn.zst,XOM_JAN_CTRL,ARCX.PILLAR,XOM,RECEIVE,4900,4950,20
XOM_JAN_CTRL_ARCX_PILLAR_mbp1.dbn.zst,XOM_JAN_CTRL,ARCX.PILLAR,XOM,RECEIVE,4950,5000,2
XOM_JAN_CTRL_XNAS_ITCH_mbp1.dbn.zst,XOM_JAN_CTRL,XNAS.ITCH,XOM,EVENT,-5000,-4950,14
XOM_JAN_CTRL_XNAS_ITCH_mbp1.dbn.zst,XOM_JAN_CTRL,XNAS.ITCH,XOM,EVENT,-4950,-4900,5
XOM_JAN_CTRL_XNAS_ITCH_mbp1.dbn.zst,XOM_JAN_CTRL,XNAS.ITCH,XOM,EVENT,-4900,-4850,0
XOM_JAN_CTRL_XNAS_ITCH_mbp1.dbn.zst,XOM_JAN_CTRL,XNAS.ITCH,XOM,EVENT,-4850,-4800,3
XOM_JAN_CTRL_XNAS_ITCH_mbp1.dbn.zst,XOM_JAN_CTRL,XNAS.ITCH,XOM,EVENT,-4800,-4750,0
XOM_JAN_CTRL_XNAS_ITCH_mbp1.dbn.zst,XOM_JAN_CTRL,XNAS.ITCH,XOM,EVENT,-4750,-4700,2
XOM_JAN_CTRL_XNAS_ITCH_mbp1.dbn.zst,XOM_JAN_CTRL,XNAS.ITCH,XOM,EVENT,-4700,-4650,4
XOM_JAN_CTRL_XNAS_ITCH_mbp1.dbn.zst,XOM_JAN_CTRL,XNAS.ITCH,XOM,EVENT,-4650,-4600,17
XOM_JAN_CTRL_XNAS_ITCH_mbp1.dbn.zst,XOM_JAN_CTRL,XNAS.ITCH,XOM,EVENT,-4600,-4550,2
XOM_JAN_CTRL_XNAS_ITCH_mbp1.dbn.zst,XOM_JAN_CTRL,XNAS.ITCH,XOM,EVENT,-4550,-4500,4
XOM_JAN_CTRL_XNAS_ITCH_mbp1.dbn.zst,XOM_JAN_CTRL,XNAS.ITCH,XOM,EVENT,-4500,-4450,2
XOM_JAN_CTRL_XNAS_ITCH_mbp1.dbn.zst,XOM_JAN_CTRL,XNAS.ITCH,XOM,EVENT,-4450,-4400,3
XOM_JAN_CTRL_XNAS_ITCH_mbp1.dbn.zst,XOM_JAN_CTRL,XNAS.ITCH,XOM,EVENT,-4400,-4350,4
XOM_JAN_CTRL_XNAS_ITCH_mbp1.dbn.zst,XOM_JAN_CTRL,XNAS.ITCH,XOM,EVENT,-4350,-4300,4
XOM_JAN_CTRL_XNAS_ITCH_mbp1.dbn.zst,XOM_JAN_CTRL,XNAS.ITCH,XOM,EVENT,-4300,-4250,3
XOM_JAN_CTRL_XNAS_ITCH_mbp1.dbn.zst,XOM_JAN_CTRL,XNAS.ITCH,XOM,EVENT,-4250,-4200,3
XOM_JAN_CTRL_XNAS_ITCH_mbp1.dbn.zst,XOM_JAN_CTRL,XNAS.ITCH,XOM,EVENT,-4200,-4150,4
XOM_JAN_CTRL_XNAS_ITCH_mbp1.dbn.zst,XOM_JAN_CTRL,XNAS.ITCH,XOM,EVENT,-4150,-4100,3
XOM_JAN_CTRL_XNAS_ITCH_mbp1.dbn.zst,XOM_JAN_CTRL,XNAS.ITCH,XOM,EVENT,-4100,-4050,1
XOM_JAN_CTRL_XNAS_ITCH_mbp1.dbn.zst,XOM_JAN_CTRL,XNAS.ITCH,XOM,EVENT,-4050,-4000,7
XOM_JAN_CTRL_XNAS_ITCH_mbp1.dbn.zst,XOM_JAN_CTRL,XNAS.ITCH,XOM,EVENT,-4000,-3950,0
XOM_JAN_CTRL_XNAS_ITCH_mbp1.dbn.zst,XOM_JAN_CTRL,XNAS.ITCH,XOM,EVENT,-3950,-3900,0
XOM_JAN_CTRL_XNAS_ITCH_mbp1.dbn.zst,XOM_JAN_CTRL,XNAS.ITCH,XOM,EVENT,-3900,-3850,0
XOM_JAN_CTRL_XNAS_ITCH_mbp1.dbn.zst,XOM_JAN_CTRL,XNAS.ITCH,XOM,EVENT,-3850,-3800,0
XOM_JAN_CTRL_XNAS_ITCH_mbp1.dbn.zst,XOM_JAN_CTRL,XNAS.ITCH,XOM,EVENT,-3800,-3750,2
XOM_JAN_CTRL_XNAS_ITCH_mbp1.dbn.zst,XOM_JAN_CTRL,XNAS.ITCH,XOM,EVENT,-3750,-3700,4
XOM_JAN_CTRL_XNAS_ITCH_mbp1.dbn.zst,XOM_JAN_CTRL,XNAS.ITCH,XOM,EVENT,-3700,-3650,6
XOM_JAN_CTRL_XNAS_ITCH_mbp1.dbn.zst,XOM_JAN_CTRL,XNAS.ITCH,XOM,EVENT,-3650,-3600,0
XOM_JAN_CTRL_XNAS_ITCH_mbp1.dbn.zst,XOM_JAN_CTRL,XNAS.ITCH,XOM,EVENT,-3600,-3550,8
XOM_JAN_CTRL_XNAS_ITCH_mbp1.dbn.zst,XOM_JAN_CTRL,XNAS.ITCH,XOM,EVENT,-3550,-3500,2
XOM_JAN_CTRL_XNAS_ITCH_mbp1.dbn.zst,XOM_JAN_CTRL,XNAS.ITCH,XOM,EVENT,-3500,-3450,0
XOM_JAN_CTRL_XNAS_ITCH_mbp1.dbn.zst,XOM_JAN_CTRL,XNAS.ITCH,XOM,EVENT,-3450,-3400,1
XOM_JAN_CTRL_XNAS_ITCH_mbp1.dbn.zst,XOM_JAN_CTRL,XNAS.ITCH,XOM,EVENT,-3400,-3350,0
XOM_JAN_CTRL_XNAS_ITCH_mbp1.dbn.zst,XOM_JAN_CTRL,XNAS.ITCH,XOM,EVENT,-3350,-3300,1
XOM_JAN_CTRL_XNAS_ITCH_mbp1.dbn.zst,XOM_JAN_CTRL,XNAS.ITCH,XOM,EVENT,-3300,-3250,0
XOM_JAN_CTRL_XNAS_ITCH_mbp1.dbn.zst,XOM_JAN_CTRL,XNAS.ITCH,XOM,EVENT,-3250,-3200,0
XOM_JAN_CTRL_XNAS_ITCH_mbp1.dbn.zst,XOM_JAN_CTRL,XNAS.ITCH,XOM,EVENT,-3200,-3150,2
XOM_JAN_CTRL_XNAS_ITCH_mbp1.dbn.zst,XOM_JAN_CTRL,XNAS.ITCH,XOM,EVENT,-3150,-3100,1
XOM_JAN_CTRL_XNAS_ITCH_mbp1.dbn.zst,XOM_JAN_CTRL,XNAS.ITCH,XOM,EVENT,-3100,-3050,4
XOM_JAN_CTRL_XNAS_ITCH_mbp1.dbn.zst,XOM_JAN_CTRL,XNAS.ITCH,XOM,EVENT,-3050,-3000,2
XOM_JAN_CTRL_XNAS_ITCH_mbp1.dbn.zst,XOM_JAN_CTRL,XNAS.ITCH,XOM,EVENT,-3000,-2950,2
XOM_JAN_CTRL_XNAS_ITCH_mbp1.dbn.zst,XOM_JAN_CTRL,XNAS.ITCH,XOM,EVENT,-2950,-2900,2
XOM_JAN_CTRL_XNAS_ITCH_mbp1.dbn.zst,XOM_JAN_CTRL,XNAS.ITCH,XOM,EVENT,-2900,-2850,0
XOM_JAN_CTRL_XNAS_ITCH_mbp1.dbn.zst,XOM_JAN_CTRL,XNAS.ITCH,XOM,EVENT,-2850,-2800,0
XOM_JAN_CTRL_XNAS_ITCH_mbp1.dbn.zst,XOM_JAN_CTRL,XNAS.ITCH,XOM,EVENT,-2800,-2750,6
XOM_JAN_CTRL_XNAS_ITCH_mbp1.dbn.zst,XOM_JAN_CTRL,XNAS.ITCH,XOM,EVENT,-2750,-2700,4
XOM_JAN_CTRL_XNAS_ITCH_mbp1.dbn.zst,XOM_JAN_CTRL,XNAS.ITCH,XOM,EVENT,-2700,-2650,2
XOM_JAN_CTRL_XNAS_ITCH_mbp1.dbn.zst,XOM_JAN_CTRL,XNAS.ITCH,XOM,EVENT,-2650,-2600,2
XOM_JAN_CTRL_XNAS_ITCH_mbp1.dbn.zst,XOM_JAN_CTRL,XNAS.ITCH,XOM,EVENT,-2600,-2550,2
XOM_JAN_CTRL_XNAS_ITCH_mbp1.dbn.zst,XOM_JAN_CTRL,XNAS.ITCH,XOM,EVENT,-2550,-2500,0
XOM_JAN_CTRL_XNAS_ITCH_mbp1.dbn.zst,XOM_JAN_CTRL,XNAS.ITCH,XOM,EVENT,-2500,-2450,5
XOM_JAN_CTRL_XNAS_ITCH_mbp1.dbn.zst,XOM_JAN_CTRL,XNAS.ITCH,XOM,EVENT,-2450,-2400,4
XOM_JAN_CTRL_XNAS_ITCH_mbp1.dbn.zst,XOM_JAN_CTRL,XNAS.ITCH,XOM,EVENT,-2400,-2350,0
XOM_JAN_CTRL_XNAS_ITCH_mbp1.dbn.zst,XOM_JAN_CTRL,XNAS.ITCH,XOM,EVENT,-2350,-2300,3
XOM_JAN_CTRL_XNAS_ITCH_mbp1.dbn.zst,XOM_JAN_CTRL,XNAS.ITCH,XOM,EVENT,-2300,-2250,1
XOM_JAN_CTRL_XNAS_ITCH_mbp1.dbn.zst,XOM_JAN_CTRL,XNAS.ITCH,XOM,EVENT,-2250,-2200,1
XOM_JAN_CTRL_XNAS_ITCH_mbp1.dbn.zst,XOM_JAN_CTRL,XNAS.ITCH,XOM,EVENT,-2200,-2150,3
XOM_JAN_CTRL_XNAS_ITCH_mbp1.dbn.zst,XOM_JAN_CTRL,XNAS.ITCH,XOM,EVENT,-2150,-2100,6
XOM_JAN_CTRL_XNAS_ITCH_mbp1.dbn.zst,XOM_JAN_CTRL,XNAS.ITCH,XOM,EVENT,-2100,-2050,11
XOM_JAN_CTRL_XNAS_ITCH_mbp1.dbn.zst,XOM_JAN_CTRL,XNAS.ITCH,XOM,EVENT,-2050,-2000,2
XOM_JAN_CTRL_XNAS_ITCH_mbp1.dbn.zst,XOM_JAN_CTRL,XNAS.ITCH,XOM,EVENT,-2000,-1950,0
XOM_JAN_CTRL_XNAS_ITCH_mbp1.dbn.zst,XOM_JAN_CTRL,XNAS.ITCH,XOM,EVENT,-1950,-1900,3
XOM_JAN_CTRL_XNAS_ITCH_mbp1.dbn.zst,XOM_JAN_CTRL,XNAS.ITCH,XOM,EVENT,-1900,-1850,2
XOM_JAN_CTRL_XNAS_ITCH_mbp1.dbn.zst,XOM_JAN_CTRL,XNAS.ITCH,XOM,EVENT,-1850,-1800,0
XOM_JAN_CTRL_XNAS_ITCH_mbp1.dbn.zst,XOM_JAN_CTRL,XNAS.ITCH,XOM,EVENT,-1800,-1750,2
XOM_JAN_CTRL_XNAS_ITCH_mbp1.dbn.zst,XOM_JAN_CTRL,XNAS.ITCH,XOM,EVENT,-1750,-1700,0
XOM_JAN_CTRL_XNAS_ITCH_mbp1.dbn.zst,XOM_JAN_CTRL,XNAS.ITCH,XOM,EVENT,-1700,-1650,1
XOM_JAN_CTRL_XNAS_ITCH_mbp1.dbn.zst,XOM_JAN_CTRL,XNAS.ITCH,XOM,EVENT,-1650,-1600,6
XOM_JAN_CTRL_XNAS_ITCH_mbp1.dbn.zst,XOM_JAN_CTRL,XNAS.ITCH,XOM,EVENT,-1600,-1550,9
XOM_JAN_CTRL_XNAS_ITCH_mbp1.dbn.zst,XOM_JAN_CTRL,XNAS.ITCH,XOM,EVENT,-1550,-1500,1
XOM_JAN_CTRL_XNAS_ITCH_mbp1.dbn.zst,XOM_JAN_CTRL,XNAS.ITCH,XOM,EVENT,-1500,-1450,4
XOM_JAN_CTRL_XNAS_ITCH_mbp1.dbn.zst,XOM_JAN_CTRL,XNAS.ITCH,XOM,EVENT,-1450,-1400,4
XOM_JAN_CTRL_XNAS_ITCH_mbp1.dbn.zst,XOM_JAN_CTRL,XNAS.ITCH,XOM,EVENT,-1400,-1350,6
XOM_JAN_CTRL_XNAS_ITCH_mbp1.dbn.zst,XOM_JAN_CTRL,XNAS.ITCH,XOM,EVENT,-1350,-1300,6
XOM_JAN_CTRL_XNAS_ITCH_mbp1.dbn.zst,XOM_JAN_CTRL,XNAS.ITCH,XOM,EVENT,-1300,-1250,8
XOM_JAN_CTRL_XNAS_ITCH_mbp1.dbn.zst,XOM_JAN_CTRL,XNAS.ITCH,XOM,EVENT,-1250,-1200,8
XOM_JAN_CTRL_XNAS_ITCH_mbp1.dbn.zst,XOM_JAN_CTRL,XNAS.ITCH,XOM,EVENT,-1200,-1150,12
XOM_JAN_CTRL_XNAS_ITCH_mbp1.dbn.zst,XOM_JAN_CTRL,XNAS.ITCH,XOM,EVENT,-1150,-1100,12
XOM_JAN_CTRL_XNAS_ITCH_mbp1.dbn.zst,XOM_JAN_CTRL,XNAS.ITCH,XOM,EVENT,-1100,-1050,7
XOM_JAN_CTRL_XNAS_ITCH_mbp1.dbn.zst,XOM_JAN_CTRL,XNAS.ITCH,XOM,EVENT,-1050,-1000,11
XOM_JAN_CTRL_XNAS_ITCH_mbp1.dbn.zst,XOM_JAN_CTRL,XNAS.ITCH,XOM,EVENT,-1000,-950,16
XOM_JAN_CTRL_XNAS_ITCH_mbp1.dbn.zst,XOM_JAN_CTRL,XNAS.ITCH,XOM,EVENT,-950,-900,23
XOM_JAN_CTRL_XNAS_ITCH_mbp1.dbn.zst,XOM_JAN_CTRL,XNAS.ITCH,XOM,EVENT,-900,-850,6
XOM_JAN_CTRL_XNAS_ITCH_mbp1.dbn.zst,XOM_JAN_CTRL,XNAS.ITCH,XOM,EVENT,-850,-800,4
XOM_JAN_CTRL_XNAS_ITCH_mbp1.dbn.zst,XOM_JAN_CTRL,XNAS.ITCH,XOM,EVENT,-800,-750,10
XOM_JAN_CTRL_XNAS_ITCH_mbp1.dbn.zst,XOM_JAN_CTRL,XNAS.ITCH,XOM,EVENT,-750,-700,12
XOM_JAN_CTRL_XNAS_ITCH_mbp1.dbn.zst,XOM_JAN_CTRL,XNAS.ITCH,XOM,EVENT,-700,-650,6
XOM_JAN_CTRL_XNAS_ITCH_mbp1.dbn.zst,XOM_JAN_CTRL,XNAS.ITCH,XOM,EVENT,-650,-600,17
XOM_JAN_CTRL_XNAS_ITCH_mbp1.dbn.zst,XOM_JAN_CTRL,XNAS.ITCH,XOM,EVENT,-600,-550,6
XOM_JAN_CTRL_XNAS_ITCH_mbp1.dbn.zst,XOM_JAN_CTRL,XNAS.ITCH,XOM,EVENT,-550,-500,8
XOM_JAN_CTRL_XNAS_ITCH_mbp1.dbn.zst,XOM_JAN_CTRL,XNAS.ITCH,XOM,EVENT,-500,-450,7
XOM_JAN_CTRL_XNAS_ITCH_mbp1.dbn.zst,XOM_JAN_CTRL,XNAS.ITCH,XOM,EVENT,-450,-400,14
XOM_JAN_CTRL_XNAS_ITCH_mbp1.dbn.zst,XOM_JAN_CTRL,XNAS.ITCH,XOM,EVENT,-400,-350,15
XOM_JAN_CTRL_XNAS_ITCH_mbp1.dbn.zst,XOM_JAN_CTRL,XNAS.ITCH,XOM,EVENT,-350,-300,21
XOM_JAN_CTRL_XNAS_ITCH_mbp1.dbn.zst,XOM_JAN_CTRL,XNAS.ITCH,XOM,EVENT,-300,-250,2
XOM_JAN_CTRL_XNAS_ITCH_mbp1.dbn.zst,XOM_JAN_CTRL,XNAS.ITCH,XOM,EVENT,-250,-200,7
XOM_JAN_CTRL_XNAS_ITCH_mbp1.dbn.zst,XOM_JAN_CTRL,XNAS.ITCH,XOM,EVENT,-200,-150,8
XOM_JAN_CTRL_XNAS_ITCH_mbp1.dbn.zst,XOM_JAN_CTRL,XNAS.ITCH,XOM,EVENT,-150,-100,8
XOM_JAN_CTRL_XNAS_ITCH_mbp1.dbn.zst,XOM_JAN_CTRL,XNAS.ITCH,XOM,EVENT,-100,-50,3
XOM_JAN_CTRL_XNAS_ITCH_mbp1.dbn.zst,XOM_JAN_CTRL,XNAS.ITCH,XOM,EVENT,-50,0,7
XOM_JAN_CTRL_XNAS_ITCH_mbp1.dbn.zst,XOM_JAN_CTRL,XNAS.ITCH,XOM,EVENT,0,50,9
XOM_JAN_CTRL_XNAS_ITCH_mbp1.dbn.zst,XOM_JAN_CTRL,XNAS.ITCH,XOM,EVENT,50,100,0
XOM_JAN_CTRL_XNAS_ITCH_mbp1.dbn.zst,XOM_JAN_CTRL,XNAS.ITCH,XOM,EVENT,100,150,0
XOM_JAN_CTRL_XNAS_ITCH_mbp1.dbn.zst,XOM_JAN_CTRL,XNAS.ITCH,XOM,EVENT,150,200,5
XOM_JAN_CTRL_XNAS_ITCH_mbp1.dbn.zst,XOM_JAN_CTRL,XNAS.ITCH,XOM,EVENT,200,250,4
XOM_JAN_CTRL_XNAS_ITCH_mbp1.dbn.zst,XOM_JAN_CTRL,XNAS.ITCH,XOM,EVENT,250,300,4
XOM_JAN_CTRL_XNAS_ITCH_mbp1.dbn.zst,XOM_JAN_CTRL,XNAS.ITCH,XOM,EVENT,300,350,5
XOM_JAN_CTRL_XNAS_ITCH_mbp1.dbn.zst,XOM_JAN_CTRL,XNAS.ITCH,XOM,EVENT,350,400,1
XOM_JAN_CTRL_XNAS_ITCH_mbp1.dbn.zst,XOM_JAN_CTRL,XNAS.ITCH,XOM,EVENT,400,450,1
XOM_JAN_CTRL_XNAS_ITCH_mbp1.dbn.zst,XOM_JAN_CTRL,XNAS.ITCH,XOM,EVENT,450,500,4
XOM_JAN_CTRL_XNAS_ITCH_mbp1.dbn.zst,XOM_JAN_CTRL,XNAS.ITCH,XOM,EVENT,500,550,2
XOM_JAN_CTRL_XNAS_ITCH_mbp1.dbn.zst,XOM_JAN_CTRL,XNAS.ITCH,XOM,EVENT,550,600,0
XOM_JAN_CTRL_XNAS_ITCH_mbp1.dbn.zst,XOM_JAN_CTRL,XNAS.ITCH,XOM,EVENT,600,650,1
XOM_JAN_CTRL_XNAS_ITCH_mbp1.dbn.zst,XOM_JAN_CTRL,XNAS.ITCH,XOM,EVENT,650,700,0
XOM_JAN_CTRL_XNAS_ITCH_mbp1.dbn.zst,XOM_JAN_CTRL,XNAS.ITCH,XOM,EVENT,700,750,1
XOM_JAN_CTRL_XNAS_ITCH_mbp1.dbn.zst,XOM_JAN_CTRL,XNAS.ITCH,XOM,EVENT,750,800,8
XOM_JAN_CTRL_XNAS_ITCH_mbp1.dbn.zst,XOM_JAN_CTRL,XNAS.ITCH,XOM,EVENT,800,850,2
XOM_JAN_CTRL_XNAS_ITCH_mbp1.dbn.zst,XOM_JAN_CTRL,XNAS.ITCH,XOM,EVENT,850,900,3
XOM_JAN_CTRL_XNAS_ITCH_mbp1.dbn.zst,XOM_JAN_CTRL,XNAS.ITCH,XOM,EVENT,900,950,5
XOM_JAN_CTRL_XNAS_ITCH_mbp1.dbn.zst,XOM_JAN_CTRL,XNAS.ITCH,XOM,EVENT,950,1000,4
XOM_JAN_CTRL_XNAS_ITCH_mbp1.dbn.zst,XOM_JAN_CTRL,XNAS.ITCH,XOM,EVENT,1000,1050,2
XOM_JAN_CTRL_XNAS_ITCH_mbp1.dbn.zst,XOM_JAN_CTRL,XNAS.ITCH,XOM,EVENT,1050,1100,4
XOM_JAN_CTRL_XNAS_ITCH_mbp1.dbn.zst,XOM_JAN_CTRL,XNAS.ITCH,XOM,EVENT,1100,1150,1
XOM_JAN_CTRL_XNAS_ITCH_mbp1.dbn.zst,XOM_JAN_CTRL,XNAS.ITCH,XOM,EVENT,1150,1200,0
XOM_JAN_CTRL_XNAS_ITCH_mbp1.dbn.zst,XOM_JAN_CTRL,XNAS.ITCH,XOM,EVENT,1200,1250,0
XOM_JAN_CTRL_XNAS_ITCH_mbp1.dbn.zst,XOM_JAN_CTRL,XNAS.ITCH,XOM,EVENT,1250,1300,2
XOM_JAN_CTRL_XNAS_ITCH_mbp1.dbn.zst,XOM_JAN_CTRL,XNAS.ITCH,XOM,EVENT,1300,1350,1
XOM_JAN_CTRL_XNAS_ITCH_mbp1.dbn.zst,XOM_JAN_CTRL,XNAS.ITCH,XOM,EVENT,1350,1400,3
XOM_JAN_CTRL_XNAS_ITCH_mbp1.dbn.zst,XOM_JAN_CTRL,XNAS.ITCH,XOM,EVENT,1400,1450,5
XOM_JAN_CTRL_XNAS_ITCH_mbp1.dbn.zst,XOM_JAN_CTRL,XNAS.ITCH,XOM,EVENT,1450,1500,0
XOM_JAN_CTRL_XNAS_ITCH_mbp1.dbn.zst,XOM_JAN_CTRL,XNAS.ITCH,XOM,EVENT,1500,1550,7
XOM_JAN_CTRL_XNAS_ITCH_mbp1.dbn.zst,XOM_JAN_CTRL,XNAS.ITCH,XOM,EVENT,1550,1600,8
XOM_JAN_CTRL_XNAS_ITCH_mbp1.dbn.zst,XOM_JAN_CTRL,XNAS.ITCH,XOM,EVENT,1600,1650,0
XOM_JAN_CTRL_XNAS_ITCH_mbp1.dbn.zst,XOM_JAN_CTRL,XNAS.ITCH,XOM,EVENT,1650,1700,0
XOM_JAN_CTRL_XNAS_ITCH_mbp1.dbn.zst,XOM_JAN_CTRL,XNAS.ITCH,XOM,EVENT,1700,1750,0
XOM_JAN_CTRL_XNAS_ITCH_mbp1.dbn.zst,XOM_JAN_CTRL,XNAS.ITCH,XOM,EVENT,1750,1800,1
XOM_JAN_CTRL_XNAS_ITCH_mbp1.dbn.zst,XOM_JAN_CTRL,XNAS.ITCH,XOM,EVENT,1800,1850,0
XOM_JAN_CTRL_XNAS_ITCH_mbp1.dbn.zst,XOM_JAN_CTRL,XNAS.ITCH,XOM,EVENT,1850,1900,1
XOM_JAN_CTRL_XNAS_ITCH_mbp1.dbn.zst,XOM_JAN_CTRL,XNAS.ITCH,XOM,EVENT,1900,1950,0
XOM_JAN_CTRL_XNAS_ITCH_mbp1.dbn.zst,XOM_JAN_CTRL,XNAS.ITCH,XOM,EVENT,1950,2000,0
XOM_JAN_CTRL_XNAS_ITCH_mbp1.dbn.zst,XOM_JAN_CTRL,XNAS.ITCH,XOM,EVENT,2000,2050,0
XOM_JAN_CTRL_XNAS_ITCH_mbp1.dbn.zst,XOM_JAN_CTRL,XNAS.ITCH,XOM,EVENT,2050,2100,0
XOM_JAN_CTRL_XNAS_ITCH_mbp1.dbn.zst,XOM_JAN_CTRL,XNAS.ITCH,XOM,EVENT,2100,2150,0
XOM_JAN_CTRL_XNAS_ITCH_mbp1.dbn.zst,XOM_JAN_CTRL,XNAS.ITCH,XOM,EVENT,2150,2200,2
XOM_JAN_CTRL_XNAS_ITCH_mbp1.dbn.zst,XOM_JAN_CTRL,XNAS.ITCH,XOM,EVENT,2200,2250,0
XOM_JAN_CTRL_XNAS_ITCH_mbp1.dbn.zst,XOM_JAN_CTRL,XNAS.ITCH,XOM,EVENT,2250,2300,0
XOM_JAN_CTRL_XNAS_ITCH_mbp1.dbn.zst,XOM_JAN_CTRL,XNAS.ITCH,XOM,EVENT,2300,2350,0
XOM_JAN_CTRL_XNAS_ITCH_mbp1.dbn.zst,XOM_JAN_CTRL,XNAS.ITCH,XOM,EVENT,2350,2400,0
XOM_JAN_CTRL_XNAS_ITCH_mbp1.dbn.zst,XOM_JAN_CTRL,XNAS.ITCH,XOM,EVENT,2400,2450,2
XOM_JAN_CTRL_XNAS_ITCH_mbp1.dbn.zst,XOM_JAN_CTRL,XNAS.ITCH,XOM,EVENT,2450,2500,4
XOM_JAN_CTRL_XNAS_ITCH_mbp1.dbn.zst,XOM_JAN_CTRL,XNAS.ITCH,XOM,EVENT,2500,2550,1
XOM_JAN_CTRL_XNAS_ITCH_mbp1.dbn.zst,XOM_JAN_CTRL,XNAS.ITCH,XOM,EVENT,2550,2600,0
XOM_JAN_CTRL_XNAS_ITCH_mbp1.dbn.zst,XOM_JAN_CTRL,XNAS.ITCH,XOM,EVENT,2600,2650,3
XOM_JAN_CTRL_XNAS_ITCH_mbp1.dbn.zst,XOM_JAN_CTRL,XNAS.ITCH,XOM,EVENT,2650,2700,0
XOM_JAN_CTRL_XNAS_ITCH_mbp1.dbn.zst,XOM_JAN_CTRL,XNAS.ITCH,XOM,EVENT,2700,2750,0
XOM_JAN_CTRL_XNAS_ITCH_mbp1.dbn.zst,XOM_JAN_CTRL,XNAS.ITCH,XOM,EVENT,2750,2800,4
XOM_JAN_CTRL_XNAS_ITCH_mbp1.dbn.zst,XOM_JAN_CTRL,XNAS.ITCH,XOM,EVENT,2800,2850,0
XOM_JAN_CTRL_XNAS_ITCH_mbp1.dbn.zst,XOM_JAN_CTRL,XNAS.ITCH,XOM,EVENT,2850,2900,1
XOM_JAN_CTRL_XNAS_ITCH_mbp1.dbn.zst,XOM_JAN_CTRL,XNAS.ITCH,XOM,EVENT,2900,2950,1
XOM_JAN_CTRL_XNAS_ITCH_mbp1.dbn.zst,XOM_JAN_CTRL,XNAS.ITCH,XOM,EVENT,2950,3000,0
XOM_JAN_CTRL_XNAS_ITCH_mbp1.dbn.zst,XOM_JAN_CTRL,XNAS.ITCH,XOM,EVENT,3000,3050,0
XOM_JAN_CTRL_XNAS_ITCH_mbp1.dbn.zst,XOM_JAN_CTRL,XNAS.ITCH,XOM,EVENT,3050,3100,6
XOM_JAN_CTRL_XNAS_ITCH_mbp1.dbn.zst,XOM_JAN_CTRL,XNAS.ITCH,XOM,EVENT,3100,3150,0
XOM_JAN_CTRL_XNAS_ITCH_mbp1.dbn.zst,XOM_JAN_CTRL,XNAS.ITCH,XOM,EVENT,3150,3200,0
XOM_JAN_CTRL_XNAS_ITCH_mbp1.dbn.zst,XOM_JAN_CTRL,XNAS.ITCH,XOM,EVENT,3200,3250,0
XOM_JAN_CTRL_XNAS_ITCH_mbp1.dbn.zst,XOM_JAN_CTRL,XNAS.ITCH,XOM,EVENT,3250,3300,1
XOM_JAN_CTRL_XNAS_ITCH_mbp1.dbn.zst,XOM_JAN_CTRL,XNAS.ITCH,XOM,EVENT,3300,3350,12
XOM_JAN_CTRL_XNAS_ITCH_mbp1.dbn.zst,XOM_JAN_CTRL,XNAS.ITCH,XOM,EVENT,3350,3400,0
XOM_JAN_CTRL_XNAS_ITCH_mbp1.dbn.zst,XOM_JAN_CTRL,XNAS.ITCH,XOM,EVENT,3400,3450,4
XOM_JAN_CTRL_XNAS_ITCH_mbp1.dbn.zst,XOM_JAN_CTRL,XNAS.ITCH,XOM,EVENT,3450,3500,1
XOM_JAN_CTRL_XNAS_ITCH_mbp1.dbn.zst,XOM_JAN_CTRL,XNAS.ITCH,XOM,EVENT,3500,3550,2
XOM_JAN_CTRL_XNAS_ITCH_mbp1.dbn.zst,XOM_JAN_CTRL,XNAS.ITCH,XOM,EVENT,3550,3600,2
XOM_JAN_CTRL_XNAS_ITCH_mbp1.dbn.zst,XOM_JAN_CTRL,XNAS.ITCH,XOM,EVENT,3600,3650,4
XOM_JAN_CTRL_XNAS_ITCH_mbp1.dbn.zst,XOM_JAN_CTRL,XNAS.ITCH,XOM,EVENT,3650,3700,3
XOM_JAN_CTRL_XNAS_ITCH_mbp1.dbn.zst,XOM_JAN_CTRL,XNAS.ITCH,XOM,EVENT,3700,3750,3
XOM_JAN_CTRL_XNAS_ITCH_mbp1.dbn.zst,XOM_JAN_CTRL,XNAS.ITCH,XOM,EVENT,3750,3800,0
XOM_JAN_CTRL_XNAS_ITCH_mbp1.dbn.zst,XOM_JAN_CTRL,XNAS.ITCH,XOM,EVENT,3800,3850,0
XOM_JAN_CTRL_XNAS_ITCH_mbp1.dbn.zst,XOM_JAN_CTRL,XNAS.ITCH,XOM,EVENT,3850,3900,3
XOM_JAN_CTRL_XNAS_ITCH_mbp1.dbn.zst,XOM_JAN_CTRL,XNAS.ITCH,XOM,EVENT,3900,3950,5
XOM_JAN_CTRL_XNAS_ITCH_mbp1.dbn.zst,XOM_JAN_CTRL,XNAS.ITCH,XOM,EVENT,3950,4000,4
XOM_JAN_CTRL_XNAS_ITCH_mbp1.dbn.zst,XOM_JAN_CTRL,XNAS.ITCH,XOM,EVENT,4000,4050,6
XOM_JAN_CTRL_XNAS_ITCH_mbp1.dbn.zst,XOM_JAN_CTRL,XNAS.ITCH,XOM,EVENT,4050,4100,1
XOM_JAN_CTRL_XNAS_ITCH_mbp1.dbn.zst,XOM_JAN_CTRL,XNAS.ITCH,XOM,EVENT,4100,4150,6
XOM_JAN_CTRL_XNAS_ITCH_mbp1.dbn.zst,XOM_JAN_CTRL,XNAS.ITCH,XOM,EVENT,4150,4200,1
XOM_JAN_CTRL_XNAS_ITCH_mbp1.dbn.zst,XOM_JAN_CTRL,XNAS.ITCH,XOM,EVENT,4200,4250,0
XOM_JAN_CTRL_XNAS_ITCH_mbp1.dbn.zst,XOM_JAN_CTRL,XNAS.ITCH,XOM,EVENT,4250,4300,5
XOM_JAN_CTRL_XNAS_ITCH_mbp1.dbn.zst,XOM_JAN_CTRL,XNAS.ITCH,XOM,EVENT,4300,4350,0
XOM_JAN_CTRL_XNAS_ITCH_mbp1.dbn.zst,XOM_JAN_CTRL,XNAS.ITCH,XOM,EVENT,4350,4400,0
XOM_JAN_CTRL_XNAS_ITCH_mbp1.dbn.zst,XOM_JAN_CTRL,XNAS.ITCH,XOM,EVENT,4400,4450,0
XOM_JAN_CTRL_XNAS_ITCH_mbp1.dbn.zst,XOM_JAN_CTRL,XNAS.ITCH,XOM,EVENT,4450,4500,2
XOM_JAN_CTRL_XNAS_ITCH_mbp1.dbn.zst,XOM_JAN_CTRL,XNAS.ITCH,XOM,EVENT,4500,4550,9
XOM_JAN_CTRL_XNAS_ITCH_mbp1.dbn.zst,XOM_JAN_CTRL,XNAS.ITCH,XOM,EVENT,4550,4600,2
XOM_JAN_CTRL_XNAS_ITCH_mbp1.dbn.zst,XOM_JAN_CTRL,XNAS.ITCH,XOM,EVENT,4600,4650,1
XOM_JAN_CTRL_XNAS_ITCH_mbp1.dbn.zst,XOM_JAN_CTRL,XNAS.ITCH,XOM,EVENT,4650,4700,0
XOM_JAN_CTRL_XNAS_ITCH_mbp1.dbn.zst,XOM_JAN_CTRL,XNAS.ITCH,XOM,EVENT,4700,4750,0
XOM_JAN_CTRL_XNAS_ITCH_mbp1.dbn.zst,XOM_JAN_CTRL,XNAS.ITCH,XOM,EVENT,4750,4800,0
XOM_JAN_CTRL_XNAS_ITCH_mbp1.dbn.zst,XOM_JAN_CTRL,XNAS.ITCH,XOM,EVENT,4800,4850,1
XOM_JAN_CTRL_XNAS_ITCH_mbp1.dbn.zst,XOM_JAN_CTRL,XNAS.ITCH,XOM,EVENT,4850,4900,10
XOM_JAN_CTRL_XNAS_ITCH_mbp1.dbn.zst,XOM_JAN_CTRL,XNAS.ITCH,XOM,EVENT,4900,4950,0
XOM_JAN_CTRL_XNAS_ITCH_mbp1.dbn.zst,XOM_JAN_CTRL,XNAS.ITCH,XOM,EVENT,4950,5000,1
XOM_JAN_CTRL_XNAS_ITCH_mbp1.dbn.zst,XOM_JAN_CTRL,XNAS.ITCH,XOM,RECEIVE,-5000,-4950,16
XOM_JAN_CTRL_XNAS_ITCH_mbp1.dbn.zst,XOM_JAN_CTRL,XNAS.ITCH,XOM,RECEIVE,-4950,-4900,4
XOM_JAN_CTRL_XNAS_ITCH_mbp1.dbn.zst,XOM_JAN_CTRL,XNAS.ITCH,XOM,RECEIVE,-4900,-4850,1
XOM_JAN_CTRL_XNAS_ITCH_mbp1.dbn.zst,XOM_JAN_CTRL,XNAS.ITCH,XOM,RECEIVE,-4850,-4800,3
XOM_JAN_CTRL_XNAS_ITCH_mbp1.dbn.zst,XOM_JAN_CTRL,XNAS.ITCH,XOM,RECEIVE,-4800,-4750,0
XOM_JAN_CTRL_XNAS_ITCH_mbp1.dbn.zst,XOM_JAN_CTRL,XNAS.ITCH,XOM,RECEIVE,-4750,-4700,2
XOM_JAN_CTRL_XNAS_ITCH_mbp1.dbn.zst,XOM_JAN_CTRL,XNAS.ITCH,XOM,RECEIVE,-4700,-4650,0
XOM_JAN_CTRL_XNAS_ITCH_mbp1.dbn.zst,XOM_JAN_CTRL,XNAS.ITCH,XOM,RECEIVE,-4650,-4600,17
XOM_JAN_CTRL_XNAS_ITCH_mbp1.dbn.zst,XOM_JAN_CTRL,XNAS.ITCH,XOM,RECEIVE,-4600,-4550,6
XOM_JAN_CTRL_XNAS_ITCH_mbp1.dbn.zst,XOM_JAN_CTRL,XNAS.ITCH,XOM,RECEIVE,-4550,-4500,4
XOM_JAN_CTRL_XNAS_ITCH_mbp1.dbn.zst,XOM_JAN_CTRL,XNAS.ITCH,XOM,RECEIVE,-4500,-4450,2
XOM_JAN_CTRL_XNAS_ITCH_mbp1.dbn.zst,XOM_JAN_CTRL,XNAS.ITCH,XOM,RECEIVE,-4450,-4400,3
XOM_JAN_CTRL_XNAS_ITCH_mbp1.dbn.zst,XOM_JAN_CTRL,XNAS.ITCH,XOM,RECEIVE,-4400,-4350,4
XOM_JAN_CTRL_XNAS_ITCH_mbp1.dbn.zst,XOM_JAN_CTRL,XNAS.ITCH,XOM,RECEIVE,-4350,-4300,4
XOM_JAN_CTRL_XNAS_ITCH_mbp1.dbn.zst,XOM_JAN_CTRL,XNAS.ITCH,XOM,RECEIVE,-4300,-4250,3
XOM_JAN_CTRL_XNAS_ITCH_mbp1.dbn.zst,XOM_JAN_CTRL,XNAS.ITCH,XOM,RECEIVE,-4250,-4200,1
XOM_JAN_CTRL_XNAS_ITCH_mbp1.dbn.zst,XOM_JAN_CTRL,XNAS.ITCH,XOM,RECEIVE,-4200,-4150,5
XOM_JAN_CTRL_XNAS_ITCH_mbp1.dbn.zst,XOM_JAN_CTRL,XNAS.ITCH,XOM,RECEIVE,-4150,-4100,3
XOM_JAN_CTRL_XNAS_ITCH_mbp1.dbn.zst,XOM_JAN_CTRL,XNAS.ITCH,XOM,RECEIVE,-4100,-4050,2
XOM_JAN_CTRL_XNAS_ITCH_mbp1.dbn.zst,XOM_JAN_CTRL,XNAS.ITCH,XOM,RECEIVE,-4050,-4000,7
XOM_JAN_CTRL_XNAS_ITCH_mbp1.dbn.zst,XOM_JAN_CTRL,XNAS.ITCH,XOM,RECEIVE,-4000,-3950,0
XOM_JAN_CTRL_XNAS_ITCH_mbp1.dbn.zst,XOM_JAN_CTRL,XNAS.ITCH,XOM,RECEIVE,-3950,-3900,0
XOM_JAN_CTRL_XNAS_ITCH_mbp1.dbn.zst,XOM_JAN_CTRL,XNAS.ITCH,XOM,RECEIVE,-3900,-3850,0
XOM_JAN_CTRL_XNAS_ITCH_mbp1.dbn.zst,XOM_JAN_CTRL,XNAS.ITCH,XOM,RECEIVE,-3850,-3800,0
XOM_JAN_CTRL_XNAS_ITCH_mbp1.dbn.zst,XOM_JAN_CTRL,XNAS.ITCH,XOM,RECEIVE,-3800,-3750,2
XOM_JAN_CTRL_XNAS_ITCH_mbp1.dbn.zst,XOM_JAN_CTRL,XNAS.ITCH,XOM,RECEIVE,-3750,-3700,4
XOM_JAN_CTRL_XNAS_ITCH_mbp1.dbn.zst,XOM_JAN_CTRL,XNAS.ITCH,XOM,RECEIVE,-3700,-3650,6
XOM_JAN_CTRL_XNAS_ITCH_mbp1.dbn.zst,XOM_JAN_CTRL,XNAS.ITCH,XOM,RECEIVE,-3650,-3600,1
XOM_JAN_CTRL_XNAS_ITCH_mbp1.dbn.zst,XOM_JAN_CTRL,XNAS.ITCH,XOM,RECEIVE,-3600,-3550,5
XOM_JAN_CTRL_XNAS_ITCH_mbp1.dbn.zst,XOM_JAN_CTRL,XNAS.ITCH,XOM,RECEIVE,-3550,-3500,4
XOM_JAN_CTRL_XNAS_ITCH_mbp1.dbn.zst,XOM_JAN_CTRL,XNAS.ITCH,XOM,RECEIVE,-3500,-3450,0
XOM_JAN_CTRL_XNAS_ITCH_mbp1.dbn.zst,XOM_JAN_CTRL,XNAS.ITCH,XOM,RECEIVE,-3450,-3400,1
XOM_JAN_CTRL_XNAS_ITCH_mbp1.dbn.zst,XOM_JAN_CTRL,XNAS.ITCH,XOM,RECEIVE,-3400,-3350,0
XOM_JAN_CTRL_XNAS_ITCH_mbp1.dbn.zst,XOM_JAN_CTRL,XNAS.ITCH,XOM,RECEIVE,-3350,-3300,1
XOM_JAN_CTRL_XNAS_ITCH_mbp1.dbn.zst,XOM_JAN_CTRL,XNAS.ITCH,XOM,RECEIVE,-3300,-3250,0
XOM_JAN_CTRL_XNAS_ITCH_mbp1.dbn.zst,XOM_JAN_CTRL,XNAS.ITCH,XOM,RECEIVE,-3250,-3200,0
XOM_JAN_CTRL_XNAS_ITCH_mbp1.dbn.zst,XOM_JAN_CTRL,XNAS.ITCH,XOM,RECEIVE,-3200,-3150,2
XOM_JAN_CTRL_XNAS_ITCH_mbp1.dbn.zst,XOM_JAN_CTRL,XNAS.ITCH,XOM,RECEIVE,-3150,-3100,1
XOM_JAN_CTRL_XNAS_ITCH_mbp1.dbn.zst,XOM_JAN_CTRL,XNAS.ITCH,XOM,RECEIVE,-3100,-3050,4
XOM_JAN_CTRL_XNAS_ITCH_mbp1.dbn.zst,XOM_JAN_CTRL,XNAS.ITCH,XOM,RECEIVE,-3050,-3000,2
XOM_JAN_CTRL_XNAS_ITCH_mbp1.dbn.zst,XOM_JAN_CTRL,XNAS.ITCH,XOM,RECEIVE,-3000,-2950,2
XOM_JAN_CTRL_XNAS_ITCH_mbp1.dbn.zst,XOM_JAN_CTRL,XNAS.ITCH,XOM,RECEIVE,-2950,-2900,2
XOM_JAN_CTRL_XNAS_ITCH_mbp1.dbn.zst,XOM_JAN_CTRL,XNAS.ITCH,XOM,RECEIVE,-2900,-2850,0
XOM_JAN_CTRL_XNAS_ITCH_mbp1.dbn.zst,XOM_JAN_CTRL,XNAS.ITCH,XOM,RECEIVE,-2850,-2800,0
XOM_JAN_CTRL_XNAS_ITCH_mbp1.dbn.zst,XOM_JAN_CTRL,XNAS.ITCH,XOM,RECEIVE,-2800,-2750,6
XOM_JAN_CTRL_XNAS_ITCH_mbp1.dbn.zst,XOM_JAN_CTRL,XNAS.ITCH,XOM,RECEIVE,-2750,-2700,3
XOM_JAN_CTRL_XNAS_ITCH_mbp1.dbn.zst,XOM_JAN_CTRL,XNAS.ITCH,XOM,RECEIVE,-2700,-2650,3
XOM_JAN_CTRL_XNAS_ITCH_mbp1.dbn.zst,XOM_JAN_CTRL,XNAS.ITCH,XOM,RECEIVE,-2650,-2600,2
XOM_JAN_CTRL_XNAS_ITCH_mbp1.dbn.zst,XOM_JAN_CTRL,XNAS.ITCH,XOM,RECEIVE,-2600,-2550,2
XOM_JAN_CTRL_XNAS_ITCH_mbp1.dbn.zst,XOM_JAN_CTRL,XNAS.ITCH,XOM,RECEIVE,-2550,-2500,0
XOM_JAN_CTRL_XNAS_ITCH_mbp1.dbn.zst,XOM_JAN_CTRL,XNAS.ITCH,XOM,RECEIVE,-2500,-2450,1
XOM_JAN_CTRL_XNAS_ITCH_mbp1.dbn.zst,XOM_JAN_CTRL,XNAS.ITCH,XOM,RECEIVE,-2450,-2400,8
XOM_JAN_CTRL_XNAS_ITCH_mbp1.dbn.zst,XOM_JAN_CTRL,XNAS.ITCH,XOM,RECEIVE,-2400,-2350,0
XOM_JAN_CTRL_XNAS_ITCH_mbp1.dbn.zst,XOM_JAN_CTRL,XNAS.ITCH,XOM,RECEIVE,-2350,-2300,3
XOM_JAN_CTRL_XNAS_ITCH_mbp1.dbn.zst,XOM_JAN_CTRL,XNAS.ITCH,XOM,RECEIVE,-2300,-2250,1
XOM_JAN_CTRL_XNAS_ITCH_mbp1.dbn.zst,XOM_JAN_CTRL,XNAS.ITCH,XOM,RECEIVE,-2250,-2200,1
XOM_JAN_CTRL_XNAS_ITCH_mbp1.dbn.zst,XOM_JAN_CTRL,XNAS.ITCH,XOM,RECEIVE,-2200,-2150,3
XOM_JAN_CTRL_XNAS_ITCH_mbp1.dbn.zst,XOM_JAN_CTRL,XNAS.ITCH,XOM,RECEIVE,-2150,-2100,6
XOM_JAN_CTRL_XNAS_ITCH_mbp1.dbn.zst,XOM_JAN_CTRL,XNAS.ITCH,XOM,RECEIVE,-2100,-2050,11
XOM_JAN_CTRL_XNAS_ITCH_mbp1.dbn.zst,XOM_JAN_CTRL,XNAS.ITCH,XOM,RECEIVE,-2050,-2000,2
XOM_JAN_CTRL_XNAS_ITCH_mbp1.dbn.zst,XOM_JAN_CTRL,XNAS.ITCH,XOM,RECEIVE,-2000,-1950,0
XOM_JAN_CTRL_XNAS_ITCH_mbp1.dbn.zst,XOM_JAN_CTRL,XNAS.ITCH,XOM,RECEIVE,-1950,-1900,3
XOM_JAN_CTRL_XNAS_ITCH_mbp1.dbn.zst,XOM_JAN_CTRL,XNAS.ITCH,XOM,RECEIVE,-1900,-1850,2
XOM_JAN_CTRL_XNAS_ITCH_mbp1.dbn.zst,XOM_JAN_CTRL,XNAS.ITCH,XOM,RECEIVE,-1850,-1800,0
XOM_JAN_CTRL_XNAS_ITCH_mbp1.dbn.zst,XOM_JAN_CTRL,XNAS.ITCH,XOM,RECEIVE,-1800,-1750,2
XOM_JAN_CTRL_XNAS_ITCH_mbp1.dbn.zst,XOM_JAN_CTRL,XNAS.ITCH,XOM,RECEIVE,-1750,-1700,1
XOM_JAN_CTRL_XNAS_ITCH_mbp1.dbn.zst,XOM_JAN_CTRL,XNAS.ITCH,XOM,RECEIVE,-1700,-1650,0
XOM_JAN_CTRL_XNAS_ITCH_mbp1.dbn.zst,XOM_JAN_CTRL,XNAS.ITCH,XOM,RECEIVE,-1650,-1600,9
XOM_JAN_CTRL_XNAS_ITCH_mbp1.dbn.zst,XOM_JAN_CTRL,XNAS.ITCH,XOM,RECEIVE,-1600,-1550,6
XOM_JAN_CTRL_XNAS_ITCH_mbp1.dbn.zst,XOM_JAN_CTRL,XNAS.ITCH,XOM,RECEIVE,-1550,-1500,2
XOM_JAN_CTRL_XNAS_ITCH_mbp1.dbn.zst,XOM_JAN_CTRL,XNAS.ITCH,XOM,RECEIVE,-1500,-1450,4
XOM_JAN_CTRL_XNAS_ITCH_mbp1.dbn.zst,XOM_JAN_CTRL,XNAS.ITCH,XOM,RECEIVE,-1450,-1400,4
XOM_JAN_CTRL_XNAS_ITCH_mbp1.dbn.zst,XOM_JAN_CTRL,XNAS.ITCH,XOM,RECEIVE,-1400,-1350,5
XOM_JAN_CTRL_XNAS_ITCH_mbp1.dbn.zst,XOM_JAN_CTRL,XNAS.ITCH,XOM,RECEIVE,-1350,-1300,7
XOM_JAN_CTRL_XNAS_ITCH_mbp1.dbn.zst,XOM_JAN_CTRL,XNAS.ITCH,XOM,RECEIVE,-1300,-1250,7
XOM_JAN_CTRL_XNAS_ITCH_mbp1.dbn.zst,XOM_JAN_CTRL,XNAS.ITCH,XOM,RECEIVE,-1250,-1200,10
XOM_JAN_CTRL_XNAS_ITCH_mbp1.dbn.zst,XOM_JAN_CTRL,XNAS.ITCH,XOM,RECEIVE,-1200,-1150,11
XOM_JAN_CTRL_XNAS_ITCH_mbp1.dbn.zst,XOM_JAN_CTRL,XNAS.ITCH,XOM,RECEIVE,-1150,-1100,11
XOM_JAN_CTRL_XNAS_ITCH_mbp1.dbn.zst,XOM_JAN_CTRL,XNAS.ITCH,XOM,RECEIVE,-1100,-1050,7
XOM_JAN_CTRL_XNAS_ITCH_mbp1.dbn.zst,XOM_JAN_CTRL,XNAS.ITCH,XOM,RECEIVE,-1050,-1000,13
XOM_JAN_CTRL_XNAS_ITCH_mbp1.dbn.zst,XOM_JAN_CTRL,XNAS.ITCH,XOM,RECEIVE,-1000,-950,24
XOM_JAN_CTRL_XNAS_ITCH_mbp1.dbn.zst,XOM_JAN_CTRL,XNAS.ITCH,XOM,RECEIVE,-950,-900,13
XOM_JAN_CTRL_XNAS_ITCH_mbp1.dbn.zst,XOM_JAN_CTRL,XNAS.ITCH,XOM,RECEIVE,-900,-850,6
XOM_JAN_CTRL_XNAS_ITCH_mbp1.dbn.zst,XOM_JAN_CTRL,XNAS.ITCH,XOM,RECEIVE,-850,-800,1
XOM_JAN_CTRL_XNAS_ITCH_mbp1.dbn.zst,XOM_JAN_CTRL,XNAS.ITCH,XOM,RECEIVE,-800,-750,8
XOM_JAN_CTRL_XNAS_ITCH_mbp1.dbn.zst,XOM_JAN_CTRL,XNAS.ITCH,XOM,RECEIVE,-750,-700,17
XOM_JAN_CTRL_XNAS_ITCH_mbp1.dbn.zst,XOM_JAN_CTRL,XNAS.ITCH,XOM,RECEIVE,-700,-650,6
XOM_JAN_CTRL_XNAS_ITCH_mbp1.dbn.zst,XOM_JAN_CTRL,XNAS.ITCH,XOM,RECEIVE,-650,-600,19
XOM_JAN_CTRL_XNAS_ITCH_mbp1.dbn.zst,XOM_JAN_CTRL,XNAS.ITCH,XOM,RECEIVE,-600,-550,4
XOM_JAN_CTRL_XNAS_ITCH_mbp1.dbn.zst,XOM_JAN_CTRL,XNAS.ITCH,XOM,RECEIVE,-550,-500,9
XOM_JAN_CTRL_XNAS_ITCH_mbp1.dbn.zst,XOM_JAN_CTRL,XNAS.ITCH,XOM,RECEIVE,-500,-450,10
XOM_JAN_CTRL_XNAS_ITCH_mbp1.dbn.zst,XOM_JAN_CTRL,XNAS.ITCH,XOM,RECEIVE,-450,-400,9
XOM_JAN_CTRL_XNAS_ITCH_mbp1.dbn.zst,XOM_JAN_CTRL,XNAS.ITCH,XOM,RECEIVE,-400,-350,14
XOM_JAN_CTRL_XNAS_ITCH_mbp1.dbn.zst,XOM_JAN_CTRL,XNAS.ITCH,XOM,RECEIVE,-350,-300,12
XOM_JAN_CTRL_XNAS_ITCH_mbp1.dbn.zst,XOM_JAN_CTRL,XNAS.ITCH,XOM,RECEIVE,-300,-250,16
XOM_JAN_CTRL_XNAS_ITCH_mbp1.dbn.zst,XOM_JAN_CTRL,XNAS.ITCH,XOM,RECEIVE,-250,-200,7
XOM_JAN_CTRL_XNAS_ITCH_mbp1.dbn.zst,XOM_JAN_CTRL,XNAS.ITCH,XOM,RECEIVE,-200,-150,5
XOM_JAN_CTRL_XNAS_ITCH_mbp1.dbn.zst,XOM_JAN_CTRL,XNAS.ITCH,XOM,RECEIVE,-150,-100,9
XOM_JAN_CTRL_XNAS_ITCH_mbp1.dbn.zst,XOM_JAN_CTRL,XNAS.ITCH,XOM,RECEIVE,-100,-50,3
XOM_JAN_CTRL_XNAS_ITCH_mbp1.dbn.zst,XOM_JAN_CTRL,XNAS.ITCH,XOM,RECEIVE,-50,0,6
XOM_JAN_CTRL_XNAS_ITCH_mbp1.dbn.zst,XOM_JAN_CTRL,XNAS.ITCH,XOM,RECEIVE,0,50,9
XOM_JAN_CTRL_XNAS_ITCH_mbp1.dbn.zst,XOM_JAN_CTRL,XNAS.ITCH,XOM,RECEIVE,50,100,0
XOM_JAN_CTRL_XNAS_ITCH_mbp1.dbn.zst,XOM_JAN_CTRL,XNAS.ITCH,XOM,RECEIVE,100,150,0
XOM_JAN_CTRL_XNAS_ITCH_mbp1.dbn.zst,XOM_JAN_CTRL,XNAS.ITCH,XOM,RECEIVE,150,200,5
XOM_JAN_CTRL_XNAS_ITCH_mbp1.dbn.zst,XOM_JAN_CTRL,XNAS.ITCH,XOM,RECEIVE,200,250,4
XOM_JAN_CTRL_XNAS_ITCH_mbp1.dbn.zst,XOM_JAN_CTRL,XNAS.ITCH,XOM,RECEIVE,250,300,4
XOM_JAN_CTRL_XNAS_ITCH_mbp1.dbn.zst,XOM_JAN_CTRL,XNAS.ITCH,XOM,RECEIVE,300,350,5
XOM_JAN_CTRL_XNAS_ITCH_mbp1.dbn.zst,XOM_JAN_CTRL,XNAS.ITCH,XOM,RECEIVE,350,400,1
XOM_JAN_CTRL_XNAS_ITCH_mbp1.dbn.zst,XOM_JAN_CTRL,XNAS.ITCH,XOM,RECEIVE,400,450,1
XOM_JAN_CTRL_XNAS_ITCH_mbp1.dbn.zst,XOM_JAN_CTRL,XNAS.ITCH,XOM,RECEIVE,450,500,4
XOM_JAN_CTRL_XNAS_ITCH_mbp1.dbn.zst,XOM_JAN_CTRL,XNAS.ITCH,XOM,RECEIVE,500,550,2
XOM_JAN_CTRL_XNAS_ITCH_mbp1.dbn.zst,XOM_JAN_CTRL,XNAS.ITCH,XOM,RECEIVE,550,600,0
XOM_JAN_CTRL_XNAS_ITCH_mbp1.dbn.zst,XOM_JAN_CTRL,XNAS.ITCH,XOM,RECEIVE,600,650,1
XOM_JAN_CTRL_XNAS_ITCH_mbp1.dbn.zst,XOM_JAN_CTRL,XNAS.ITCH,XOM,RECEIVE,650,700,0
XOM_JAN_CTRL_XNAS_ITCH_mbp1.dbn.zst,XOM_JAN_CTRL,XNAS.ITCH,XOM,RECEIVE,700,750,1
XOM_JAN_CTRL_XNAS_ITCH_mbp1.dbn.zst,XOM_JAN_CTRL,XNAS.ITCH,XOM,RECEIVE,750,800,8
XOM_JAN_CTRL_XNAS_ITCH_mbp1.dbn.zst,XOM_JAN_CTRL,XNAS.ITCH,XOM,RECEIVE,800,850,2
XOM_JAN_CTRL_XNAS_ITCH_mbp1.dbn.zst,XOM_JAN_CTRL,XNAS.ITCH,XOM,RECEIVE,850,900,3
XOM_JAN_CTRL_XNAS_ITCH_mbp1.dbn.zst,XOM_JAN_CTRL,XNAS.ITCH,XOM,RECEIVE,900,950,5
XOM_JAN_CTRL_XNAS_ITCH_mbp1.dbn.zst,XOM_JAN_CTRL,XNAS.ITCH,XOM,RECEIVE,950,1000,4
XOM_JAN_CTRL_XNAS_ITCH_mbp1.dbn.zst,XOM_JAN_CTRL,XNAS.ITCH,XOM,RECEIVE,1000,1050,2
XOM_JAN_CTRL_XNAS_ITCH_mbp1.dbn.zst,XOM_JAN_CTRL,XNAS.ITCH,XOM,RECEIVE,1050,1100,4
XOM_JAN_CTRL_XNAS_ITCH_mbp1.dbn.zst,XOM_JAN_CTRL,XNAS.ITCH,XOM,RECEIVE,1100,1150,1
XOM_JAN_CTRL_XNAS_ITCH_mbp1.dbn.zst,XOM_JAN_CTRL,XNAS.ITCH,XOM,RECEIVE,1150,1200,0
XOM_JAN_CTRL_XNAS_ITCH_mbp1.dbn.zst,XOM_JAN_CTRL,XNAS.ITCH,XOM,RECEIVE,1200,1250,0
XOM_JAN_CTRL_XNAS_ITCH_mbp1.dbn.zst,XOM_JAN_CTRL,XNAS.ITCH,XOM,RECEIVE,1250,1300,2
XOM_JAN_CTRL_XNAS_ITCH_mbp1.dbn.zst,XOM_JAN_CTRL,XNAS.ITCH,XOM,RECEIVE,1300,1350,1
XOM_JAN_CTRL_XNAS_ITCH_mbp1.dbn.zst,XOM_JAN_CTRL,XNAS.ITCH,XOM,RECEIVE,1350,1400,4
XOM_JAN_CTRL_XNAS_ITCH_mbp1.dbn.zst,XOM_JAN_CTRL,XNAS.ITCH,XOM,RECEIVE,1400,1450,0
XOM_JAN_CTRL_XNAS_ITCH_mbp1.dbn.zst,XOM_JAN_CTRL,XNAS.ITCH,XOM,RECEIVE,1450,1500,4
XOM_JAN_CTRL_XNAS_ITCH_mbp1.dbn.zst,XOM_JAN_CTRL,XNAS.ITCH,XOM,RECEIVE,1500,1550,10
XOM_JAN_CTRL_XNAS_ITCH_mbp1.dbn.zst,XOM_JAN_CTRL,XNAS.ITCH,XOM,RECEIVE,1550,1600,5
XOM_JAN_CTRL_XNAS_ITCH_mbp1.dbn.zst,XOM_JAN_CTRL,XNAS.ITCH,XOM,RECEIVE,1600,1650,0
XOM_JAN_CTRL_XNAS_ITCH_mbp1.dbn.zst,XOM_JAN_CTRL,XNAS.ITCH,XOM,RECEIVE,1650,1700,0
XOM_JAN_CTRL_XNAS_ITCH_mbp1.dbn.zst,XOM_JAN_CTRL,XNAS.ITCH,XOM,RECEIVE,1700,1750,1
XOM_JAN_CTRL_XNAS_ITCH_mbp1.dbn.zst,XOM_JAN_CTRL,XNAS.ITCH,XOM,RECEIVE,1750,1800,0
XOM_JAN_CTRL_XNAS_ITCH_mbp1.dbn.zst,XOM_JAN_CTRL,XNAS.ITCH,XOM,RECEIVE,1800,1850,0
XOM_JAN_CTRL_XNAS_ITCH_mbp1.dbn.zst,XOM_JAN_CTRL,XNAS.ITCH,XOM,RECEIVE,1850,1900,1
XOM_JAN_CTRL_XNAS_ITCH_mbp1.dbn.zst,XOM_JAN_CTRL,XNAS.ITCH,XOM,RECEIVE,1900,1950,0
XOM_JAN_CTRL_XNAS_ITCH_mbp1.dbn.zst,XOM_JAN_CTRL,XNAS.ITCH,XOM,RECEIVE,1950,2000,0
XOM_JAN_CTRL_XNAS_ITCH_mbp1.dbn.zst,XOM_JAN_CTRL,XNAS.ITCH,XOM,RECEIVE,2000,2050,0
XOM_JAN_CTRL_XNAS_ITCH_mbp1.dbn.zst,XOM_JAN_CTRL,XNAS.ITCH,XOM,RECEIVE,2050,2100,0
XOM_JAN_CTRL_XNAS_ITCH_mbp1.dbn.zst,XOM_JAN_CTRL,XNAS.ITCH,XOM,RECEIVE,2100,2150,0
XOM_JAN_CTRL_XNAS_ITCH_mbp1.dbn.zst,XOM_JAN_CTRL,XNAS.ITCH,XOM,RECEIVE,2150,2200,2
XOM_JAN_CTRL_XNAS_ITCH_mbp1.dbn.zst,XOM_JAN_CTRL,XNAS.ITCH,XOM,RECEIVE,2200,2250,0
XOM_JAN_CTRL_XNAS_ITCH_mbp1.dbn.zst,XOM_JAN_CTRL,XNAS.ITCH,XOM,RECEIVE,2250,2300,0
XOM_JAN_CTRL_XNAS_ITCH_mbp1.dbn.zst,XOM_JAN_CTRL,XNAS.ITCH,XOM,RECEIVE,2300,2350,0
XOM_JAN_CTRL_XNAS_ITCH_mbp1.dbn.zst,XOM_JAN_CTRL,XNAS.ITCH,XOM,RECEIVE,2350,2400,0
XOM_JAN_CTRL_XNAS_ITCH_mbp1.dbn.zst,XOM_JAN_CTRL,XNAS.ITCH,XOM,RECEIVE,2400,2450,0
XOM_JAN_CTRL_XNAS_ITCH_mbp1.dbn.zst,XOM_JAN_CTRL,XNAS.ITCH,XOM,RECEIVE,2450,2500,6
XOM_JAN_CTRL_XNAS_ITCH_mbp1.dbn.zst,XOM_JAN_CTRL,XNAS.ITCH,XOM,RECEIVE,2500,2550,1
XOM_JAN_CTRL_XNAS_ITCH_mbp1.dbn.zst,XOM_JAN_CTRL,XNAS.ITCH,XOM,RECEIVE,2550,2600,0
XOM_JAN_CTRL_XNAS_ITCH_mbp1.dbn.zst,XOM_JAN_CTRL,XNAS.ITCH,XOM,RECEIVE,2600,2650,3
XOM_JAN_CTRL_XNAS_ITCH_mbp1.dbn.zst,XOM_JAN_CTRL,XNAS.ITCH,XOM,RECEIVE,2650,2700,0
XOM_JAN_CTRL_XNAS_ITCH_mbp1.dbn.zst,XOM_JAN_CTRL,XNAS.ITCH,XOM,RECEIVE,2700,2750,0
XOM_JAN_CTRL_XNAS_ITCH_mbp1.dbn.zst,XOM_JAN_CTRL,XNAS.ITCH,XOM,RECEIVE,2750,2800,4
XOM_JAN_CTRL_XNAS_ITCH_mbp1.dbn.zst,XOM_JAN_CTRL,XNAS.ITCH,XOM,RECEIVE,2800,2850,0
XOM_JAN_CTRL_XNAS_ITCH_mbp1.dbn.zst,XOM_JAN_CTRL,XNAS.ITCH,XOM,RECEIVE,2850,2900,1
XOM_JAN_CTRL_XNAS_ITCH_mbp1.dbn.zst,XOM_JAN_CTRL,XNAS.ITCH,XOM,RECEIVE,2900,2950,1
XOM_JAN_CTRL_XNAS_ITCH_mbp1.dbn.zst,XOM_JAN_CTRL,XNAS.ITCH,XOM,RECEIVE,2950,3000,0
XOM_JAN_CTRL_XNAS_ITCH_mbp1.dbn.zst,XOM_JAN_CTRL,XNAS.ITCH,XOM,RECEIVE,3000,3050,0
XOM_JAN_CTRL_XNAS_ITCH_mbp1.dbn.zst,XOM_JAN_CTRL,XNAS.ITCH,XOM,RECEIVE,3050,3100,6
XOM_JAN_CTRL_XNAS_ITCH_mbp1.dbn.zst,XOM_JAN_CTRL,XNAS.ITCH,XOM,RECEIVE,3100,3150,0
XOM_JAN_CTRL_XNAS_ITCH_mbp1.dbn.zst,XOM_JAN_CTRL,XNAS.ITCH,XOM,RECEIVE,3150,3200,0
XOM_JAN_CTRL_XNAS_ITCH_mbp1.dbn.zst,XOM_JAN_CTRL,XNAS.ITCH,XOM,RECEIVE,3200,3250,1
XOM_JAN_CTRL_XNAS_ITCH_mbp1.dbn.zst,XOM_JAN_CTRL,XNAS.ITCH,XOM,RECEIVE,3250,3300,0
XOM_JAN_CTRL_XNAS_ITCH_mbp1.dbn.zst,XOM_JAN_CTRL,XNAS.ITCH,XOM,RECEIVE,3300,3350,12
XOM_JAN_CTRL_XNAS_ITCH_mbp1.dbn.zst,XOM_JAN_CTRL,XNAS.ITCH,XOM,RECEIVE,3350,3400,1
XOM_JAN_CTRL_XNAS_ITCH_mbp1.dbn.zst,XOM_JAN_CTRL,XNAS.ITCH,XOM,RECEIVE,3400,3450,4
XOM_JAN_CTRL_XNAS_ITCH_mbp1.dbn.zst,XOM_JAN_CTRL,XNAS.ITCH,XOM,RECEIVE,3450,3500,0
XOM_JAN_CTRL_XNAS_ITCH_mbp1.dbn.zst,XOM_JAN_CTRL,XNAS.ITCH,XOM,RECEIVE,3500,3550,2
XOM_JAN_CTRL_XNAS_ITCH_mbp1.dbn.zst,XOM_JAN_CTRL,XNAS.ITCH,XOM,RECEIVE,3550,3600,2
XOM_JAN_CTRL_XNAS_ITCH_mbp1.dbn.zst,XOM_JAN_CTRL,XNAS.ITCH,XOM,RECEIVE,3600,3650,4
XOM_JAN_CTRL_XNAS_ITCH_mbp1.dbn.zst,XOM_JAN_CTRL,XNAS.ITCH,XOM,RECEIVE,3650,3700,3
XOM_JAN_CTRL_XNAS_ITCH_mbp1.dbn.zst,XOM_JAN_CTRL,XNAS.ITCH,XOM,RECEIVE,3700,3750,3
XOM_JAN_CTRL_XNAS_ITCH_mbp1.dbn.zst,XOM_JAN_CTRL,XNAS.ITCH,XOM,RECEIVE,3750,3800,0
XOM_JAN_CTRL_XNAS_ITCH_mbp1.dbn.zst,XOM_JAN_CTRL,XNAS.ITCH,XOM,RECEIVE,3800,3850,0
XOM_JAN_CTRL_XNAS_ITCH_mbp1.dbn.zst,XOM_JAN_CTRL,XNAS.ITCH,XOM,RECEIVE,3850,3900,3
XOM_JAN_CTRL_XNAS_ITCH_mbp1.dbn.zst,XOM_JAN_CTRL,XNAS.ITCH,XOM,RECEIVE,3900,3950,5
XOM_JAN_CTRL_XNAS_ITCH_mbp1.dbn.zst,XOM_JAN_CTRL,XNAS.ITCH,XOM,RECEIVE,3950,4000,4
XOM_JAN_CTRL_XNAS_ITCH_mbp1.dbn.zst,XOM_JAN_CTRL,XNAS.ITCH,XOM,RECEIVE,4000,4050,6
XOM_JAN_CTRL_XNAS_ITCH_mbp1.dbn.zst,XOM_JAN_CTRL,XNAS.ITCH,XOM,RECEIVE,4050,4100,0
XOM_JAN_CTRL_XNAS_ITCH_mbp1.dbn.zst,XOM_JAN_CTRL,XNAS.ITCH,XOM,RECEIVE,4100,4150,7
XOM_JAN_CTRL_XNAS_ITCH_mbp1.dbn.zst,XOM_JAN_CTRL,XNAS.ITCH,XOM,RECEIVE,4150,4200,1
XOM_JAN_CTRL_XNAS_ITCH_mbp1.dbn.zst,XOM_JAN_CTRL,XNAS.ITCH,XOM,RECEIVE,4200,4250,0
XOM_JAN_CTRL_XNAS_ITCH_mbp1.dbn.zst,XOM_JAN_CTRL,XNAS.ITCH,XOM,RECEIVE,4250,4300,5
XOM_JAN_CTRL_XNAS_ITCH_mbp1.dbn.zst,XOM_JAN_CTRL,XNAS.ITCH,XOM,RECEIVE,4300,4350,0
XOM_JAN_CTRL_XNAS_ITCH_mbp1.dbn.zst,XOM_JAN_CTRL,XNAS.ITCH,XOM,RECEIVE,4350,4400,0
XOM_JAN_CTRL_XNAS_ITCH_mbp1.dbn.zst,XOM_JAN_CTRL,XNAS.ITCH,XOM,RECEIVE,4400,4450,0
XOM_JAN_CTRL_XNAS_ITCH_mbp1.dbn.zst,XOM_JAN_CTRL,XNAS.ITCH,XOM,RECEIVE,4450,4500,2
XOM_JAN_CTRL_XNAS_ITCH_mbp1.dbn.zst,XOM_JAN_CTRL,XNAS.ITCH,XOM,RECEIVE,4500,4550,9
XOM_JAN_CTRL_XNAS_ITCH_mbp1.dbn.zst,XOM_JAN_CTRL,XNAS.ITCH,XOM,RECEIVE,4550,4600,2
XOM_JAN_CTRL_XNAS_ITCH_mbp1.dbn.zst,XOM_JAN_CTRL,XNAS.ITCH,XOM,RECEIVE,4600,4650,1
XOM_JAN_CTRL_XNAS_ITCH_mbp1.dbn.zst,XOM_JAN_CTRL,XNAS.ITCH,XOM,RECEIVE,4650,4700,0
XOM_JAN_CTRL_XNAS_ITCH_mbp1.dbn.zst,XOM_JAN_CTRL,XNAS.ITCH,XOM,RECEIVE,4700,4750,0
XOM_JAN_CTRL_XNAS_ITCH_mbp1.dbn.zst,XOM_JAN_CTRL,XNAS.ITCH,XOM,RECEIVE,4750,4800,0
XOM_JAN_CTRL_XNAS_ITCH_mbp1.dbn.zst,XOM_JAN_CTRL,XNAS.ITCH,XOM,RECEIVE,4800,4850,1
XOM_JAN_CTRL_XNAS_ITCH_mbp1.dbn.zst,XOM_JAN_CTRL,XNAS.ITCH,XOM,RECEIVE,4850,4900,10
XOM_JAN_CTRL_XNAS_ITCH_mbp1.dbn.zst,XOM_JAN_CTRL,XNAS.ITCH,XOM,RECEIVE,4900,4950,0
XOM_JAN_CTRL_XNAS_ITCH_mbp1.dbn.zst,XOM_JAN_CTRL,XNAS.ITCH,XOM,RECEIVE,4950,5000,1
XOM_JAN_RTH_ARCX_PILLAR_mbp1.dbn.zst,XOM_JAN_RTH,ARCX.PILLAR,XOM,EVENT,-5000,-4950,8
XOM_JAN_RTH_ARCX_PILLAR_mbp1.dbn.zst,XOM_JAN_RTH,ARCX.PILLAR,XOM,EVENT,-4950,-4900,8
XOM_JAN_RTH_ARCX_PILLAR_mbp1.dbn.zst,XOM_JAN_RTH,ARCX.PILLAR,XOM,EVENT,-4900,-4850,6
XOM_JAN_RTH_ARCX_PILLAR_mbp1.dbn.zst,XOM_JAN_RTH,ARCX.PILLAR,XOM,EVENT,-4850,-4800,8
XOM_JAN_RTH_ARCX_PILLAR_mbp1.dbn.zst,XOM_JAN_RTH,ARCX.PILLAR,XOM,EVENT,-4800,-4750,2
XOM_JAN_RTH_ARCX_PILLAR_mbp1.dbn.zst,XOM_JAN_RTH,ARCX.PILLAR,XOM,EVENT,-4750,-4700,0
XOM_JAN_RTH_ARCX_PILLAR_mbp1.dbn.zst,XOM_JAN_RTH,ARCX.PILLAR,XOM,EVENT,-4700,-4650,10
XOM_JAN_RTH_ARCX_PILLAR_mbp1.dbn.zst,XOM_JAN_RTH,ARCX.PILLAR,XOM,EVENT,-4650,-4600,4
XOM_JAN_RTH_ARCX_PILLAR_mbp1.dbn.zst,XOM_JAN_RTH,ARCX.PILLAR,XOM,EVENT,-4600,-4550,30
XOM_JAN_RTH_ARCX_PILLAR_mbp1.dbn.zst,XOM_JAN_RTH,ARCX.PILLAR,XOM,EVENT,-4550,-4500,0
XOM_JAN_RTH_ARCX_PILLAR_mbp1.dbn.zst,XOM_JAN_RTH,ARCX.PILLAR,XOM,EVENT,-4500,-4450,42
XOM_JAN_RTH_ARCX_PILLAR_mbp1.dbn.zst,XOM_JAN_RTH,ARCX.PILLAR,XOM,EVENT,-4450,-4400,3
XOM_JAN_RTH_ARCX_PILLAR_mbp1.dbn.zst,XOM_JAN_RTH,ARCX.PILLAR,XOM,EVENT,-4400,-4350,15
XOM_JAN_RTH_ARCX_PILLAR_mbp1.dbn.zst,XOM_JAN_RTH,ARCX.PILLAR,XOM,EVENT,-4350,-4300,14
XOM_JAN_RTH_ARCX_PILLAR_mbp1.dbn.zst,XOM_JAN_RTH,ARCX.PILLAR,XOM,EVENT,-4300,-4250,8
XOM_JAN_RTH_ARCX_PILLAR_mbp1.dbn.zst,XOM_JAN_RTH,ARCX.PILLAR,XOM,EVENT,-4250,-4200,13
XOM_JAN_RTH_ARCX_PILLAR_mbp1.dbn.zst,XOM_JAN_RTH,ARCX.PILLAR,XOM,EVENT,-4200,-4150,2
XOM_JAN_RTH_ARCX_PILLAR_mbp1.dbn.zst,XOM_JAN_RTH,ARCX.PILLAR,XOM,EVENT,-4150,-4100,4
XOM_JAN_RTH_ARCX_PILLAR_mbp1.dbn.zst,XOM_JAN_RTH,ARCX.PILLAR,XOM,EVENT,-4100,-4050,2
XOM_JAN_RTH_ARCX_PILLAR_mbp1.dbn.zst,XOM_JAN_RTH,ARCX.PILLAR,XOM,EVENT,-4050,-4000,8
XOM_JAN_RTH_ARCX_PILLAR_mbp1.dbn.zst,XOM_JAN_RTH,ARCX.PILLAR,XOM,EVENT,-4000,-3950,1
XOM_JAN_RTH_ARCX_PILLAR_mbp1.dbn.zst,XOM_JAN_RTH,ARCX.PILLAR,XOM,EVENT,-3950,-3900,0
XOM_JAN_RTH_ARCX_PILLAR_mbp1.dbn.zst,XOM_JAN_RTH,ARCX.PILLAR,XOM,EVENT,-3900,-3850,0
XOM_JAN_RTH_ARCX_PILLAR_mbp1.dbn.zst,XOM_JAN_RTH,ARCX.PILLAR,XOM,EVENT,-3850,-3800,3
XOM_JAN_RTH_ARCX_PILLAR_mbp1.dbn.zst,XOM_JAN_RTH,ARCX.PILLAR,XOM,EVENT,-3800,-3750,8
XOM_JAN_RTH_ARCX_PILLAR_mbp1.dbn.zst,XOM_JAN_RTH,ARCX.PILLAR,XOM,EVENT,-3750,-3700,5
XOM_JAN_RTH_ARCX_PILLAR_mbp1.dbn.zst,XOM_JAN_RTH,ARCX.PILLAR,XOM,EVENT,-3700,-3650,8
XOM_JAN_RTH_ARCX_PILLAR_mbp1.dbn.zst,XOM_JAN_RTH,ARCX.PILLAR,XOM,EVENT,-3650,-3600,0
XOM_JAN_RTH_ARCX_PILLAR_mbp1.dbn.zst,XOM_JAN_RTH,ARCX.PILLAR,XOM,EVENT,-3600,-3550,19
XOM_JAN_RTH_ARCX_PILLAR_mbp1.dbn.zst,XOM_JAN_RTH,ARCX.PILLAR,XOM,EVENT,-3550,-3500,0
XOM_JAN_RTH_ARCX_PILLAR_mbp1.dbn.zst,XOM_JAN_RTH,ARCX.PILLAR,XOM,EVENT,-3500,-3450,1
XOM_JAN_RTH_ARCX_PILLAR_mbp1.dbn.zst,XOM_JAN_RTH,ARCX.PILLAR,XOM,EVENT,-3450,-3400,4
XOM_JAN_RTH_ARCX_PILLAR_mbp1.dbn.zst,XOM_JAN_RTH,ARCX.PILLAR,XOM,EVENT,-3400,-3350,2
XOM_JAN_RTH_ARCX_PILLAR_mbp1.dbn.zst,XOM_JAN_RTH,ARCX.PILLAR,XOM,EVENT,-3350,-3300,0
XOM_JAN_RTH_ARCX_PILLAR_mbp1.dbn.zst,XOM_JAN_RTH,ARCX.PILLAR,XOM,EVENT,-3300,-3250,4
XOM_JAN_RTH_ARCX_PILLAR_mbp1.dbn.zst,XOM_JAN_RTH,ARCX.PILLAR,XOM,EVENT,-3250,-3200,3
XOM_JAN_RTH_ARCX_PILLAR_mbp1.dbn.zst,XOM_JAN_RTH,ARCX.PILLAR,XOM,EVENT,-3200,-3150,16
XOM_JAN_RTH_ARCX_PILLAR_mbp1.dbn.zst,XOM_JAN_RTH,ARCX.PILLAR,XOM,EVENT,-3150,-3100,2
XOM_JAN_RTH_ARCX_PILLAR_mbp1.dbn.zst,XOM_JAN_RTH,ARCX.PILLAR,XOM,EVENT,-3100,-3050,10
XOM_JAN_RTH_ARCX_PILLAR_mbp1.dbn.zst,XOM_JAN_RTH,ARCX.PILLAR,XOM,EVENT,-3050,-3000,3
XOM_JAN_RTH_ARCX_PILLAR_mbp1.dbn.zst,XOM_JAN_RTH,ARCX.PILLAR,XOM,EVENT,-3000,-2950,0
XOM_JAN_RTH_ARCX_PILLAR_mbp1.dbn.zst,XOM_JAN_RTH,ARCX.PILLAR,XOM,EVENT,-2950,-2900,13
XOM_JAN_RTH_ARCX_PILLAR_mbp1.dbn.zst,XOM_JAN_RTH,ARCX.PILLAR,XOM,EVENT,-2900,-2850,2
XOM_JAN_RTH_ARCX_PILLAR_mbp1.dbn.zst,XOM_JAN_RTH,ARCX.PILLAR,XOM,EVENT,-2850,-2800,2
XOM_JAN_RTH_ARCX_PILLAR_mbp1.dbn.zst,XOM_JAN_RTH,ARCX.PILLAR,XOM,EVENT,-2800,-2750,3
XOM_JAN_RTH_ARCX_PILLAR_mbp1.dbn.zst,XOM_JAN_RTH,ARCX.PILLAR,XOM,EVENT,-2750,-2700,3
XOM_JAN_RTH_ARCX_PILLAR_mbp1.dbn.zst,XOM_JAN_RTH,ARCX.PILLAR,XOM,EVENT,-2700,-2650,4
XOM_JAN_RTH_ARCX_PILLAR_mbp1.dbn.zst,XOM_JAN_RTH,ARCX.PILLAR,XOM,EVENT,-2650,-2600,2
XOM_JAN_RTH_ARCX_PILLAR_mbp1.dbn.zst,XOM_JAN_RTH,ARCX.PILLAR,XOM,EVENT,-2600,-2550,7
XOM_JAN_RTH_ARCX_PILLAR_mbp1.dbn.zst,XOM_JAN_RTH,ARCX.PILLAR,XOM,EVENT,-2550,-2500,1
XOM_JAN_RTH_ARCX_PILLAR_mbp1.dbn.zst,XOM_JAN_RTH,ARCX.PILLAR,XOM,EVENT,-2500,-2450,1
XOM_JAN_RTH_ARCX_PILLAR_mbp1.dbn.zst,XOM_JAN_RTH,ARCX.PILLAR,XOM,EVENT,-2450,-2400,6
XOM_JAN_RTH_ARCX_PILLAR_mbp1.dbn.zst,XOM_JAN_RTH,ARCX.PILLAR,XOM,EVENT,-2400,-2350,8
XOM_JAN_RTH_ARCX_PILLAR_mbp1.dbn.zst,XOM_JAN_RTH,ARCX.PILLAR,XOM,EVENT,-2350,-2300,5
XOM_JAN_RTH_ARCX_PILLAR_mbp1.dbn.zst,XOM_JAN_RTH,ARCX.PILLAR,XOM,EVENT,-2300,-2250,5
XOM_JAN_RTH_ARCX_PILLAR_mbp1.dbn.zst,XOM_JAN_RTH,ARCX.PILLAR,XOM,EVENT,-2250,-2200,0
XOM_JAN_RTH_ARCX_PILLAR_mbp1.dbn.zst,XOM_JAN_RTH,ARCX.PILLAR,XOM,EVENT,-2200,-2150,12
XOM_JAN_RTH_ARCX_PILLAR_mbp1.dbn.zst,XOM_JAN_RTH,ARCX.PILLAR,XOM,EVENT,-2150,-2100,3
XOM_JAN_RTH_ARCX_PILLAR_mbp1.dbn.zst,XOM_JAN_RTH,ARCX.PILLAR,XOM,EVENT,-2100,-2050,2
XOM_JAN_RTH_ARCX_PILLAR_mbp1.dbn.zst,XOM_JAN_RTH,ARCX.PILLAR,XOM,EVENT,-2050,-2000,5
XOM_JAN_RTH_ARCX_PILLAR_mbp1.dbn.zst,XOM_JAN_RTH,ARCX.PILLAR,XOM,EVENT,-2000,-1950,1
XOM_JAN_RTH_ARCX_PILLAR_mbp1.dbn.zst,XOM_JAN_RTH,ARCX.PILLAR,XOM,EVENT,-1950,-1900,1
XOM_JAN_RTH_ARCX_PILLAR_mbp1.dbn.zst,XOM_JAN_RTH,ARCX.PILLAR,XOM,EVENT,-1900,-1850,1
XOM_JAN_RTH_ARCX_PILLAR_mbp1.dbn.zst,XOM_JAN_RTH,ARCX.PILLAR,XOM,EVENT,-1850,-1800,2
XOM_JAN_RTH_ARCX_PILLAR_mbp1.dbn.zst,XOM_JAN_RTH,ARCX.PILLAR,XOM,EVENT,-1800,-1750,7
XOM_JAN_RTH_ARCX_PILLAR_mbp1.dbn.zst,XOM_JAN_RTH,ARCX.PILLAR,XOM,EVENT,-1750,-1700,6
XOM_JAN_RTH_ARCX_PILLAR_mbp1.dbn.zst,XOM_JAN_RTH,ARCX.PILLAR,XOM,EVENT,-1700,-1650,7
XOM_JAN_RTH_ARCX_PILLAR_mbp1.dbn.zst,XOM_JAN_RTH,ARCX.PILLAR,XOM,EVENT,-1650,-1600,11
XOM_JAN_RTH_ARCX_PILLAR_mbp1.dbn.zst,XOM_JAN_RTH,ARCX.PILLAR,XOM,EVENT,-1600,-1550,16
XOM_JAN_RTH_ARCX_PILLAR_mbp1.dbn.zst,XOM_JAN_RTH,ARCX.PILLAR,XOM,EVENT,-1550,-1500,26
XOM_JAN_RTH_ARCX_PILLAR_mbp1.dbn.zst,XOM_JAN_RTH,ARCX.PILLAR,XOM,EVENT,-1500,-1450,6
XOM_JAN_RTH_ARCX_PILLAR_mbp1.dbn.zst,XOM_JAN_RTH,ARCX.PILLAR,XOM,EVENT,-1450,-1400,9
XOM_JAN_RTH_ARCX_PILLAR_mbp1.dbn.zst,XOM_JAN_RTH,ARCX.PILLAR,XOM,EVENT,-1400,-1350,9
XOM_JAN_RTH_ARCX_PILLAR_mbp1.dbn.zst,XOM_JAN_RTH,ARCX.PILLAR,XOM,EVENT,-1350,-1300,20
XOM_JAN_RTH_ARCX_PILLAR_mbp1.dbn.zst,XOM_JAN_RTH,ARCX.PILLAR,XOM,EVENT,-1300,-1250,4
XOM_JAN_RTH_ARCX_PILLAR_mbp1.dbn.zst,XOM_JAN_RTH,ARCX.PILLAR,XOM,EVENT,-1250,-1200,12
XOM_JAN_RTH_ARCX_PILLAR_mbp1.dbn.zst,XOM_JAN_RTH,ARCX.PILLAR,XOM,EVENT,-1200,-1150,8
XOM_JAN_RTH_ARCX_PILLAR_mbp1.dbn.zst,XOM_JAN_RTH,ARCX.PILLAR,XOM,EVENT,-1150,-1100,6
XOM_JAN_RTH_ARCX_PILLAR_mbp1.dbn.zst,XOM_JAN_RTH,ARCX.PILLAR,XOM,EVENT,-1100,-1050,26
XOM_JAN_RTH_ARCX_PILLAR_mbp1.dbn.zst,XOM_JAN_RTH,ARCX.PILLAR,XOM,EVENT,-1050,-1000,8
XOM_JAN_RTH_ARCX_PILLAR_mbp1.dbn.zst,XOM_JAN_RTH,ARCX.PILLAR,XOM,EVENT,-1000,-950,10
XOM_JAN_RTH_ARCX_PILLAR_mbp1.dbn.zst,XOM_JAN_RTH,ARCX.PILLAR,XOM,EVENT,-950,-900,19
XOM_JAN_RTH_ARCX_PILLAR_mbp1.dbn.zst,XOM_JAN_RTH,ARCX.PILLAR,XOM,EVENT,-900,-850,19
XOM_JAN_RTH_ARCX_PILLAR_mbp1.dbn.zst,XOM_JAN_RTH,ARCX.PILLAR,XOM,EVENT,-850,-800,14
XOM_JAN_RTH_ARCX_PILLAR_mbp1.dbn.zst,XOM_JAN_RTH,ARCX.PILLAR,XOM,EVENT,-800,-750,13
XOM_JAN_RTH_ARCX_PILLAR_mbp1.dbn.zst,XOM_JAN_RTH,ARCX.PILLAR,XOM,EVENT,-750,-700,18
XOM_JAN_RTH_ARCX_PILLAR_mbp1.dbn.zst,XOM_JAN_RTH,ARCX.PILLAR,XOM,EVENT,-700,-650,10
XOM_JAN_RTH_ARCX_PILLAR_mbp1.dbn.zst,XOM_JAN_RTH,ARCX.PILLAR,XOM,EVENT,-650,-600,17
XOM_JAN_RTH_ARCX_PILLAR_mbp1.dbn.zst,XOM_JAN_RTH,ARCX.PILLAR,XOM,EVENT,-600,-550,17
XOM_JAN_RTH_ARCX_PILLAR_mbp1.dbn.zst,XOM_JAN_RTH,ARCX.PILLAR,XOM,EVENT,-550,-500,11
XOM_JAN_RTH_ARCX_PILLAR_mbp1.dbn.zst,XOM_JAN_RTH,ARCX.PILLAR,XOM,EVENT,-500,-450,9
XOM_JAN_RTH_ARCX_PILLAR_mbp1.dbn.zst,XOM_JAN_RTH,ARCX.PILLAR,XOM,EVENT,-450,-400,8
XOM_JAN_RTH_ARCX_PILLAR_mbp1.dbn.zst,XOM_JAN_RTH,ARCX.PILLAR,XOM,EVENT,-400,-350,22
XOM_JAN_RTH_ARCX_PILLAR_mbp1.dbn.zst,XOM_JAN_RTH,ARCX.PILLAR,XOM,EVENT,-350,-300,16
XOM_JAN_RTH_ARCX_PILLAR_mbp1.dbn.zst,XOM_JAN_RTH,ARCX.PILLAR,XOM,EVENT,-300,-250,13
XOM_JAN_RTH_ARCX_PILLAR_mbp1.dbn.zst,XOM_JAN_RTH,ARCX.PILLAR,XOM,EVENT,-250,-200,7
XOM_JAN_RTH_ARCX_PILLAR_mbp1.dbn.zst,XOM_JAN_RTH,ARCX.PILLAR,XOM,EVENT,-200,-150,6
XOM_JAN_RTH_ARCX_PILLAR_mbp1.dbn.zst,XOM_JAN_RTH,ARCX.PILLAR,XOM,EVENT,-150,-100,12
XOM_JAN_RTH_ARCX_PILLAR_mbp1.dbn.zst,XOM_JAN_RTH,ARCX.PILLAR,XOM,EVENT,-100,-50,4
XOM_JAN_RTH_ARCX_PILLAR_mbp1.dbn.zst,XOM_JAN_RTH,ARCX.PILLAR,XOM,EVENT,-50,0,3
XOM_JAN_RTH_ARCX_PILLAR_mbp1.dbn.zst,XOM_JAN_RTH,ARCX.PILLAR,XOM,EVENT,0,50,10
XOM_JAN_RTH_ARCX_PILLAR_mbp1.dbn.zst,XOM_JAN_RTH,ARCX.PILLAR,XOM,EVENT,50,100,19
XOM_JAN_RTH_ARCX_PILLAR_mbp1.dbn.zst,XOM_JAN_RTH,ARCX.PILLAR,XOM,EVENT,100,150,9
XOM_JAN_RTH_ARCX_PILLAR_mbp1.dbn.zst,XOM_JAN_RTH,ARCX.PILLAR,XOM,EVENT,150,200,3
XOM_JAN_RTH_ARCX_PILLAR_mbp1.dbn.zst,XOM_JAN_RTH,ARCX.PILLAR,XOM,EVENT,200,250,9
XOM_JAN_RTH_ARCX_PILLAR_mbp1.dbn.zst,XOM_JAN_RTH,ARCX.PILLAR,XOM,EVENT,250,300,11
XOM_JAN_RTH_ARCX_PILLAR_mbp1.dbn.zst,XOM_JAN_RTH,ARCX.PILLAR,XOM,EVENT,300,350,23
XOM_JAN_RTH_ARCX_PILLAR_mbp1.dbn.zst,XOM_JAN_RTH,ARCX.PILLAR,XOM,EVENT,350,400,5
XOM_JAN_RTH_ARCX_PILLAR_mbp1.dbn.zst,XOM_JAN_RTH,ARCX.PILLAR,XOM,EVENT,400,450,6
XOM_JAN_RTH_ARCX_PILLAR_mbp1.dbn.zst,XOM_JAN_RTH,ARCX.PILLAR,XOM,EVENT,450,500,3
XOM_JAN_RTH_ARCX_PILLAR_mbp1.dbn.zst,XOM_JAN_RTH,ARCX.PILLAR,XOM,EVENT,500,550,3
XOM_JAN_RTH_ARCX_PILLAR_mbp1.dbn.zst,XOM_JAN_RTH,ARCX.PILLAR,XOM,EVENT,550,600,1
XOM_JAN_RTH_ARCX_PILLAR_mbp1.dbn.zst,XOM_JAN_RTH,ARCX.PILLAR,XOM,EVENT,600,650,1
XOM_JAN_RTH_ARCX_PILLAR_mbp1.dbn.zst,XOM_JAN_RTH,ARCX.PILLAR,XOM,EVENT,650,700,3
XOM_JAN_RTH_ARCX_PILLAR_mbp1.dbn.zst,XOM_JAN_RTH,ARCX.PILLAR,XOM,EVENT,700,750,1
XOM_JAN_RTH_ARCX_PILLAR_mbp1.dbn.zst,XOM_JAN_RTH,ARCX.PILLAR,XOM,EVENT,750,800,0
XOM_JAN_RTH_ARCX_PILLAR_mbp1.dbn.zst,XOM_JAN_RTH,ARCX.PILLAR,XOM,EVENT,800,850,0
XOM_JAN_RTH_ARCX_PILLAR_mbp1.dbn.zst,XOM_JAN_RTH,ARCX.PILLAR,XOM,EVENT,850,900,0
XOM_JAN_RTH_ARCX_PILLAR_mbp1.dbn.zst,XOM_JAN_RTH,ARCX.PILLAR,XOM,EVENT,900,950,5
XOM_JAN_RTH_ARCX_PILLAR_mbp1.dbn.zst,XOM_JAN_RTH,ARCX.PILLAR,XOM,EVENT,950,1000,2
XOM_JAN_RTH_ARCX_PILLAR_mbp1.dbn.zst,XOM_JAN_RTH,ARCX.PILLAR,XOM,EVENT,1000,1050,0
XOM_JAN_RTH_ARCX_PILLAR_mbp1.dbn.zst,XOM_JAN_RTH,ARCX.PILLAR,XOM,EVENT,1050,1100,4
XOM_JAN_RTH_ARCX_PILLAR_mbp1.dbn.zst,XOM_JAN_RTH,ARCX.PILLAR,XOM,EVENT,1100,1150,0
XOM_JAN_RTH_ARCX_PILLAR_mbp1.dbn.zst,XOM_JAN_RTH,ARCX.PILLAR,XOM,EVENT,1150,1200,5
XOM_JAN_RTH_ARCX_PILLAR_mbp1.dbn.zst,XOM_JAN_RTH,ARCX.PILLAR,XOM,EVENT,1200,1250,2
XOM_JAN_RTH_ARCX_PILLAR_mbp1.dbn.zst,XOM_JAN_RTH,ARCX.PILLAR,XOM,EVENT,1250,1300,2
XOM_JAN_RTH_ARCX_PILLAR_mbp1.dbn.zst,XOM_JAN_RTH,ARCX.PILLAR,XOM,EVENT,1300,1350,2
XOM_JAN_RTH_ARCX_PILLAR_mbp1.dbn.zst,XOM_JAN_RTH,ARCX.PILLAR,XOM,EVENT,1350,1400,0
XOM_JAN_RTH_ARCX_PILLAR_mbp1.dbn.zst,XOM_JAN_RTH,ARCX.PILLAR,XOM,EVENT,1400,1450,0
XOM_JAN_RTH_ARCX_PILLAR_mbp1.dbn.zst,XOM_JAN_RTH,ARCX.PILLAR,XOM,EVENT,1450,1500,0
XOM_JAN_RTH_ARCX_PILLAR_mbp1.dbn.zst,XOM_JAN_RTH,ARCX.PILLAR,XOM,EVENT,1500,1550,0
XOM_JAN_RTH_ARCX_PILLAR_mbp1.dbn.zst,XOM_JAN_RTH,ARCX.PILLAR,XOM,EVENT,1550,1600,2
XOM_JAN_RTH_ARCX_PILLAR_mbp1.dbn.zst,XOM_JAN_RTH,ARCX.PILLAR,XOM,EVENT,1600,1650,0
XOM_JAN_RTH_ARCX_PILLAR_mbp1.dbn.zst,XOM_JAN_RTH,ARCX.PILLAR,XOM,EVENT,1650,1700,0
XOM_JAN_RTH_ARCX_PILLAR_mbp1.dbn.zst,XOM_JAN_RTH,ARCX.PILLAR,XOM,EVENT,1700,1750,7
XOM_JAN_RTH_ARCX_PILLAR_mbp1.dbn.zst,XOM_JAN_RTH,ARCX.PILLAR,XOM,EVENT,1750,1800,0
XOM_JAN_RTH_ARCX_PILLAR_mbp1.dbn.zst,XOM_JAN_RTH,ARCX.PILLAR,XOM,EVENT,1800,1850,12
XOM_JAN_RTH_ARCX_PILLAR_mbp1.dbn.zst,XOM_JAN_RTH,ARCX.PILLAR,XOM,EVENT,1850,1900,4
XOM_JAN_RTH_ARCX_PILLAR_mbp1.dbn.zst,XOM_JAN_RTH,ARCX.PILLAR,XOM,EVENT,1900,1950,1
XOM_JAN_RTH_ARCX_PILLAR_mbp1.dbn.zst,XOM_JAN_RTH,ARCX.PILLAR,XOM,EVENT,1950,2000,0
XOM_JAN_RTH_ARCX_PILLAR_mbp1.dbn.zst,XOM_JAN_RTH,ARCX.PILLAR,XOM,EVENT,2000,2050,2
XOM_JAN_RTH_ARCX_PILLAR_mbp1.dbn.zst,XOM_JAN_RTH,ARCX.PILLAR,XOM,EVENT,2050,2100,2
XOM_JAN_RTH_ARCX_PILLAR_mbp1.dbn.zst,XOM_JAN_RTH,ARCX.PILLAR,XOM,EVENT,2100,2150,2
XOM_JAN_RTH_ARCX_PILLAR_mbp1.dbn.zst,XOM_JAN_RTH,ARCX.PILLAR,XOM,EVENT,2150,2200,1
XOM_JAN_RTH_ARCX_PILLAR_mbp1.dbn.zst,XOM_JAN_RTH,ARCX.PILLAR,XOM,EVENT,2200,2250,0
XOM_JAN_RTH_ARCX_PILLAR_mbp1.dbn.zst,XOM_JAN_RTH,ARCX.PILLAR,XOM,EVENT,2250,2300,2
XOM_JAN_RTH_ARCX_PILLAR_mbp1.dbn.zst,XOM_JAN_RTH,ARCX.PILLAR,XOM,EVENT,2300,2350,0
XOM_JAN_RTH_ARCX_PILLAR_mbp1.dbn.zst,XOM_JAN_RTH,ARCX.PILLAR,XOM,EVENT,2350,2400,1
XOM_JAN_RTH_ARCX_PILLAR_mbp1.dbn.zst,XOM_JAN_RTH,ARCX.PILLAR,XOM,EVENT,2400,2450,4
XOM_JAN_RTH_ARCX_PILLAR_mbp1.dbn.zst,XOM_JAN_RTH,ARCX.PILLAR,XOM,EVENT,2450,2500,8
XOM_JAN_RTH_ARCX_PILLAR_mbp1.dbn.zst,XOM_JAN_RTH,ARCX.PILLAR,XOM,EVENT,2500,2550,3
XOM_JAN_RTH_ARCX_PILLAR_mbp1.dbn.zst,XOM_JAN_RTH,ARCX.PILLAR,XOM,EVENT,2550,2600,9
XOM_JAN_RTH_ARCX_PILLAR_mbp1.dbn.zst,XOM_JAN_RTH,ARCX.PILLAR,XOM,EVENT,2600,2650,0
XOM_JAN_RTH_ARCX_PILLAR_mbp1.dbn.zst,XOM_JAN_RTH,ARCX.PILLAR,XOM,EVENT,2650,2700,5
XOM_JAN_RTH_ARCX_PILLAR_mbp1.dbn.zst,XOM_JAN_RTH,ARCX.PILLAR,XOM,EVENT,2700,2750,3
XOM_JAN_RTH_ARCX_PILLAR_mbp1.dbn.zst,XOM_JAN_RTH,ARCX.PILLAR,XOM,EVENT,2750,2800,0
XOM_JAN_RTH_ARCX_PILLAR_mbp1.dbn.zst,XOM_JAN_RTH,ARCX.PILLAR,XOM,EVENT,2800,2850,8
XOM_JAN_RTH_ARCX_PILLAR_mbp1.dbn.zst,XOM_JAN_RTH,ARCX.PILLAR,XOM,EVENT,2850,2900,9
XOM_JAN_RTH_ARCX_PILLAR_mbp1.dbn.zst,XOM_JAN_RTH,ARCX.PILLAR,XOM,EVENT,2900,2950,0
XOM_JAN_RTH_ARCX_PILLAR_mbp1.dbn.zst,XOM_JAN_RTH,ARCX.PILLAR,XOM,EVENT,2950,3000,8
XOM_JAN_RTH_ARCX_PILLAR_mbp1.dbn.zst,XOM_JAN_RTH,ARCX.PILLAR,XOM,EVENT,3000,3050,2
XOM_JAN_RTH_ARCX_PILLAR_mbp1.dbn.zst,XOM_JAN_RTH,ARCX.PILLAR,XOM,EVENT,3050,3100,1
XOM_JAN_RTH_ARCX_PILLAR_mbp1.dbn.zst,XOM_JAN_RTH,ARCX.PILLAR,XOM,EVENT,3100,3150,6
XOM_JAN_RTH_ARCX_PILLAR_mbp1.dbn.zst,XOM_JAN_RTH,ARCX.PILLAR,XOM,EVENT,3150,3200,0
XOM_JAN_RTH_ARCX_PILLAR_mbp1.dbn.zst,XOM_JAN_RTH,ARCX.PILLAR,XOM,EVENT,3200,3250,6
XOM_JAN_RTH_ARCX_PILLAR_mbp1.dbn.zst,XOM_JAN_RTH,ARCX.PILLAR,XOM,EVENT,3250,3300,2
XOM_JAN_RTH_ARCX_PILLAR_mbp1.dbn.zst,XOM_JAN_RTH,ARCX.PILLAR,XOM,EVENT,3300,3350,3
XOM_JAN_RTH_ARCX_PILLAR_mbp1.dbn.zst,XOM_JAN_RTH,ARCX.PILLAR,XOM,EVENT,3350,3400,13
XOM_JAN_RTH_ARCX_PILLAR_mbp1.dbn.zst,XOM_JAN_RTH,ARCX.PILLAR,XOM,EVENT,3400,3450,0
XOM_JAN_RTH_ARCX_PILLAR_mbp1.dbn.zst,XOM_JAN_RTH,ARCX.PILLAR,XOM,EVENT,3450,3500,0
XOM_JAN_RTH_ARCX_PILLAR_mbp1.dbn.zst,XOM_JAN_RTH,ARCX.PILLAR,XOM,EVENT,3500,3550,0
XOM_JAN_RTH_ARCX_PILLAR_mbp1.dbn.zst,XOM_JAN_RTH,ARCX.PILLAR,XOM,EVENT,3550,3600,13
XOM_JAN_RTH_ARCX_PILLAR_mbp1.dbn.zst,XOM_JAN_RTH,ARCX.PILLAR,XOM,EVENT,3600,3650,2
XOM_JAN_RTH_ARCX_PILLAR_mbp1.dbn.zst,XOM_JAN_RTH,ARCX.PILLAR,XOM,EVENT,3650,3700,1
XOM_JAN_RTH_ARCX_PILLAR_mbp1.dbn.zst,XOM_JAN_RTH,ARCX.PILLAR,XOM,EVENT,3700,3750,0
XOM_JAN_RTH_ARCX_PILLAR_mbp1.dbn.zst,XOM_JAN_RTH,ARCX.PILLAR,XOM,EVENT,3750,3800,4
XOM_JAN_RTH_ARCX_PILLAR_mbp1.dbn.zst,XOM_JAN_RTH,ARCX.PILLAR,XOM,EVENT,3800,3850,5
XOM_JAN_RTH_ARCX_PILLAR_mbp1.dbn.zst,XOM_JAN_RTH,ARCX.PILLAR,XOM,EVENT,3850,3900,2
XOM_JAN_RTH_ARCX_PILLAR_mbp1.dbn.zst,XOM_JAN_RTH,ARCX.PILLAR,XOM,EVENT,3900,3950,13
XOM_JAN_RTH_ARCX_PILLAR_mbp1.dbn.zst,XOM_JAN_RTH,ARCX.PILLAR,XOM,EVENT,3950,4000,1
XOM_JAN_RTH_ARCX_PILLAR_mbp1.dbn.zst,XOM_JAN_RTH,ARCX.PILLAR,XOM,EVENT,4000,4050,9
XOM_JAN_RTH_ARCX_PILLAR_mbp1.dbn.zst,XOM_JAN_RTH,ARCX.PILLAR,XOM,EVENT,4050,4100,7
XOM_JAN_RTH_ARCX_PILLAR_mbp1.dbn.zst,XOM_JAN_RTH,ARCX.PILLAR,XOM,EVENT,4100,4150,0
XOM_JAN_RTH_ARCX_PILLAR_mbp1.dbn.zst,XOM_JAN_RTH,ARCX.PILLAR,XOM,EVENT,4150,4200,1
XOM_JAN_RTH_ARCX_PILLAR_mbp1.dbn.zst,XOM_JAN_RTH,ARCX.PILLAR,XOM,EVENT,4200,4250,1
XOM_JAN_RTH_ARCX_PILLAR_mbp1.dbn.zst,XOM_JAN_RTH,ARCX.PILLAR,XOM,EVENT,4250,4300,0
XOM_JAN_RTH_ARCX_PILLAR_mbp1.dbn.zst,XOM_JAN_RTH,ARCX.PILLAR,XOM,EVENT,4300,4350,1
XOM_JAN_RTH_ARCX_PILLAR_mbp1.dbn.zst,XOM_JAN_RTH,ARCX.PILLAR,XOM,EVENT,4350,4400,1
XOM_JAN_RTH_ARCX_PILLAR_mbp1.dbn.zst,XOM_JAN_RTH,ARCX.PILLAR,XOM,EVENT,4400,4450,7
XOM_JAN_RTH_ARCX_PILLAR_mbp1.dbn.zst,XOM_JAN_RTH,ARCX.PILLAR,XOM,EVENT,4450,4500,12
XOM_JAN_RTH_ARCX_PILLAR_mbp1.dbn.zst,XOM_JAN_RTH,ARCX.PILLAR,XOM,EVENT,4500,4550,1
XOM_JAN_RTH_ARCX_PILLAR_mbp1.dbn.zst,XOM_JAN_RTH,ARCX.PILLAR,XOM,EVENT,4550,4600,19
XOM_JAN_RTH_ARCX_PILLAR_mbp1.dbn.zst,XOM_JAN_RTH,ARCX.PILLAR,XOM,EVENT,4600,4650,18
XOM_JAN_RTH_ARCX_PILLAR_mbp1.dbn.zst,XOM_JAN_RTH,ARCX.PILLAR,XOM,EVENT,4650,4700,7
XOM_JAN_RTH_ARCX_PILLAR_mbp1.dbn.zst,XOM_JAN_RTH,ARCX.PILLAR,XOM,EVENT,4700,4750,0
XOM_JAN_RTH_ARCX_PILLAR_mbp1.dbn.zst,XOM_JAN_RTH,ARCX.PILLAR,XOM,EVENT,4750,4800,2
XOM_JAN_RTH_ARCX_PILLAR_mbp1.dbn.zst,XOM_JAN_RTH,ARCX.PILLAR,XOM,EVENT,4800,4850,3
XOM_JAN_RTH_ARCX_PILLAR_mbp1.dbn.zst,XOM_JAN_RTH,ARCX.PILLAR,XOM,EVENT,4850,4900,7
XOM_JAN_RTH_ARCX_PILLAR_mbp1.dbn.zst,XOM_JAN_RTH,ARCX.PILLAR,XOM,EVENT,4900,4950,3
XOM_JAN_RTH_ARCX_PILLAR_mbp1.dbn.zst,XOM_JAN_RTH,ARCX.PILLAR,XOM,EVENT,4950,5000,0
XOM_JAN_RTH_ARCX_PILLAR_mbp1.dbn.zst,XOM_JAN_RTH,ARCX.PILLAR,XOM,RECEIVE,-5000,-4950,11
XOM_JAN_RTH_ARCX_PILLAR_mbp1.dbn.zst,XOM_JAN_RTH,ARCX.PILLAR,XOM,RECEIVE,-4950,-4900,7
XOM_JAN_RTH_ARCX_PILLAR_mbp1.dbn.zst,XOM_JAN_RTH,ARCX.PILLAR,XOM,RECEIVE,-4900,-4850,6
XOM_JAN_RTH_ARCX_PILLAR_mbp1.dbn.zst,XOM_JAN_RTH,ARCX.PILLAR,XOM,RECEIVE,-4850,-4800,0
XOM_JAN_RTH_ARCX_PILLAR_mbp1.dbn.zst,XOM_JAN_RTH,ARCX.PILLAR,XOM,RECEIVE,-4800,-4750,10
XOM_JAN_RTH_ARCX_PILLAR_mbp1.dbn.zst,XOM_JAN_RTH,ARCX.PILLAR,XOM,RECEIVE,-4750,-4700,0
XOM_JAN_RTH_ARCX_PILLAR_mbp1.dbn.zst,XOM_JAN_RTH,ARCX.PILLAR,XOM,RECEIVE,-4700,-4650,10
XOM_JAN_RTH_ARCX_PILLAR_mbp1.dbn.zst,XOM_JAN_RTH,ARCX.PILLAR,XOM,RECEIVE,-4650,-4600,3
XOM_JAN_RTH_ARCX_PILLAR_mbp1.dbn.zst,XOM_JAN_RTH,ARCX.PILLAR,XOM,RECEIVE,-4600,-4550,25
XOM_JAN_RTH_ARCX_PILLAR_mbp1.dbn.zst,XOM_JAN_RTH,ARCX.PILLAR,XOM,RECEIVE,-4550,-4500,6
XOM_JAN_RTH_ARCX_PILLAR_mbp1.dbn.zst,XOM_JAN_RTH,ARCX.PILLAR,XOM,RECEIVE,-4500,-4450,37
XOM_JAN_RTH_ARCX_PILLAR_mbp1.dbn.zst,XOM_JAN_RTH,ARCX.PILLAR,XOM,RECEIVE,-4450,-4400,8
XOM_JAN_RTH_ARCX_PILLAR_mbp1.dbn.zst,XOM_JAN_RTH,ARCX.PILLAR,XOM,RECEIVE,-4400,-4350,8
XOM_JAN_RTH_ARCX_PILLAR_mbp1.dbn.zst,XOM_JAN_RTH,ARCX.PILLAR,XOM,RECEIVE,-4350,-4300,16
XOM_JAN_RTH_ARCX_PILLAR_mbp1.dbn.zst,XOM_JAN_RTH,ARCX.PILLAR,XOM,RECEIVE,-4300,-4250,16
XOM_JAN_RTH_ARCX_PILLAR_mbp1.dbn.zst,XOM_JAN_RTH,ARCX.PILLAR,XOM,RECEIVE,-4250,-4200,13
XOM_JAN_RTH_ARCX_PILLAR_mbp1.dbn.zst,XOM_JAN_RTH,ARCX.PILLAR,XOM,RECEIVE,-4200,-4150,3
XOM_JAN_RTH_ARCX_PILLAR_mbp1.dbn.zst,XOM_JAN_RTH,ARCX.PILLAR,XOM,RECEIVE,-4150,-4100,3
XOM_JAN_RTH_ARCX_PILLAR_mbp1.dbn.zst,XOM_JAN_RTH,ARCX.PILLAR,XOM,RECEIVE,-4100,-4050,0
XOM_JAN_RTH_ARCX_PILLAR_mbp1.dbn.zst,XOM_JAN_RTH,ARCX.PILLAR,XOM,RECEIVE,-4050,-4000,0
XOM_JAN_RTH_ARCX_PILLAR_mbp1.dbn.zst,XOM_JAN_RTH,ARCX.PILLAR,XOM,RECEIVE,-4000,-3950,3
XOM_JAN_RTH_ARCX_PILLAR_mbp1.dbn.zst,XOM_JAN_RTH,ARCX.PILLAR,XOM,RECEIVE,-3950,-3900,0
XOM_JAN_RTH_ARCX_PILLAR_mbp1.dbn.zst,XOM_JAN_RTH,ARCX.PILLAR,XOM,RECEIVE,-3900,-3850,0
XOM_JAN_RTH_ARCX_PILLAR_mbp1.dbn.zst,XOM_JAN_RTH,ARCX.PILLAR,XOM,RECEIVE,-3850,-3800,3
XOM_JAN_RTH_ARCX_PILLAR_mbp1.dbn.zst,XOM_JAN_RTH,ARCX.PILLAR,XOM,RECEIVE,-3800,-3750,12
XOM_JAN_RTH_ARCX_PILLAR_mbp1.dbn.zst,XOM_JAN_RTH,ARCX.PILLAR,XOM,RECEIVE,-3750,-3700,6
XOM_JAN_RTH_ARCX_PILLAR_mbp1.dbn.zst,XOM_JAN_RTH,ARCX.PILLAR,XOM,RECEIVE,-3700,-3650,11
XOM_JAN_RTH_ARCX_PILLAR_mbp1.dbn.zst,XOM_JAN_RTH,ARCX.PILLAR,XOM,RECEIVE,-3650,-3600,2
XOM_JAN_RTH_ARCX_PILLAR_mbp1.dbn.zst,XOM_JAN_RTH,ARCX.PILLAR,XOM,RECEIVE,-3600,-3550,17
XOM_JAN_RTH_ARCX_PILLAR_mbp1.dbn.zst,XOM_JAN_RTH,ARCX.PILLAR,XOM,RECEIVE,-3550,-3500,0
XOM_JAN_RTH_ARCX_PILLAR_mbp1.dbn.zst,XOM_JAN_RTH,ARCX.PILLAR,XOM,RECEIVE,-3500,-3450,1
XOM_JAN_RTH_ARCX_PILLAR_mbp1.dbn.zst,XOM_JAN_RTH,ARCX.PILLAR,XOM,RECEIVE,-3450,-3400,5
XOM_JAN_RTH_ARCX_PILLAR_mbp1.dbn.zst,XOM_JAN_RTH,ARCX.PILLAR,XOM,RECEIVE,-3400,-3350,1
XOM_JAN_RTH_ARCX_PILLAR_mbp1.dbn.zst,XOM_JAN_RTH,ARCX.PILLAR,XOM,RECEIVE,-3350,-3300,0
XOM_JAN_RTH_ARCX_PILLAR_mbp1.dbn.zst,XOM_JAN_RTH,ARCX.PILLAR,XOM,RECEIVE,-3300,-3250,1
XOM_JAN_RTH_ARCX_PILLAR_mbp1.dbn.zst,XOM_JAN_RTH,ARCX.PILLAR,XOM,RECEIVE,-3250,-3200,3
XOM_JAN_RTH_ARCX_PILLAR_mbp1.dbn.zst,XOM_JAN_RTH,ARCX.PILLAR,XOM,RECEIVE,-3200,-3150,0
XOM_JAN_RTH_ARCX_PILLAR_mbp1.dbn.zst,XOM_JAN_RTH,ARCX.PILLAR,XOM,RECEIVE,-3150,-3100,2
XOM_JAN_RTH_ARCX_PILLAR_mbp1.dbn.zst,XOM_JAN_RTH,ARCX.PILLAR,XOM,RECEIVE,-3100,-3050,1
XOM_JAN_RTH_ARCX_PILLAR_mbp1.dbn.zst,XOM_JAN_RTH,ARCX.PILLAR,XOM,RECEIVE,-3050,-3000,3
XOM_JAN_RTH_ARCX_PILLAR_mbp1.dbn.zst,XOM_JAN_RTH,ARCX.PILLAR,XOM,RECEIVE,-3000,-2950,0
XOM_JAN_RTH_ARCX_PILLAR_mbp1.dbn.zst,XOM_JAN_RTH,ARCX.PILLAR,XOM,RECEIVE,-2950,-2900,10
XOM_JAN_RTH_ARCX_PILLAR_mbp1.dbn.zst,XOM_JAN_RTH,ARCX.PILLAR,XOM,RECEIVE,-2900,-2850,3
XOM_JAN_RTH_ARCX_PILLAR_mbp1.dbn.zst,XOM_JAN_RTH,ARCX.PILLAR,XOM,RECEIVE,-2850,-2800,2
XOM_JAN_RTH_ARCX_PILLAR_mbp1.dbn.zst,XOM_JAN_RTH,ARCX.PILLAR,XOM,RECEIVE,-2800,-2750,3
XOM_JAN_RTH_ARCX_PILLAR_mbp1.dbn.zst,XOM_JAN_RTH,ARCX.PILLAR,XOM,RECEIVE,-2750,-2700,2
XOM_JAN_RTH_ARCX_PILLAR_mbp1.dbn.zst,XOM_JAN_RTH,ARCX.PILLAR,XOM,RECEIVE,-2700,-2650,4
XOM_JAN_RTH_ARCX_PILLAR_mbp1.dbn.zst,XOM_JAN_RTH,ARCX.PILLAR,XOM,RECEIVE,-2650,-2600,2
XOM_JAN_RTH_ARCX_PILLAR_mbp1.dbn.zst,XOM_JAN_RTH,ARCX.PILLAR,XOM,RECEIVE,-2600,-2550,6
XOM_JAN_RTH_ARCX_PILLAR_mbp1.dbn.zst,XOM_JAN_RTH,ARCX.PILLAR,XOM,RECEIVE,-2550,-2500,2
XOM_JAN_RTH_ARCX_PILLAR_mbp1.dbn.zst,XOM_JAN_RTH,ARCX.PILLAR,XOM,RECEIVE,-2500,-2450,1
XOM_JAN_RTH_ARCX_PILLAR_mbp1.dbn.zst,XOM_JAN_RTH,ARCX.PILLAR,XOM,RECEIVE,-2450,-2400,4
XOM_JAN_RTH_ARCX_PILLAR_mbp1.dbn.zst,XOM_JAN_RTH,ARCX.PILLAR,XOM,RECEIVE,-2400,-2350,10
XOM_JAN_RTH_ARCX_PILLAR_mbp1.dbn.zst,XOM_JAN_RTH,ARCX.PILLAR,XOM,RECEIVE,-2350,-2300,5
XOM_JAN_RTH_ARCX_PILLAR_mbp1.dbn.zst,XOM_JAN_RTH,ARCX.PILLAR,XOM,RECEIVE,-2300,-2250,5
XOM_JAN_RTH_ARCX_PILLAR_mbp1.dbn.zst,XOM_JAN_RTH,ARCX.PILLAR,XOM,RECEIVE,-2250,-2200,0
XOM_JAN_RTH_ARCX_PILLAR_mbp1.dbn.zst,XOM_JAN_RTH,ARCX.PILLAR,XOM,RECEIVE,-2200,-2150,12
XOM_JAN_RTH_ARCX_PILLAR_mbp1.dbn.zst,XOM_JAN_RTH,ARCX.PILLAR,XOM,RECEIVE,-2150,-2100,3
XOM_JAN_RTH_ARCX_PILLAR_mbp1.dbn.zst,XOM_JAN_RTH,ARCX.PILLAR,XOM,RECEIVE,-2100,-2050,1
XOM_JAN_RTH_ARCX_PILLAR_mbp1.dbn.zst,XOM_JAN_RTH,ARCX.PILLAR,XOM,RECEIVE,-2050,-2000,5
XOM_JAN_RTH_ARCX_PILLAR_mbp1.dbn.zst,XOM_JAN_RTH,ARCX.PILLAR,XOM,RECEIVE,-2000,-1950,1
XOM_JAN_RTH_ARCX_PILLAR_mbp1.dbn.zst,XOM_JAN_RTH,ARCX.PILLAR,XOM,RECEIVE,-1950,-1900,1
XOM_JAN_RTH_ARCX_PILLAR_mbp1.dbn.zst,XOM_JAN_RTH,ARCX.PILLAR,XOM,RECEIVE,-1900,-1850,1
XOM_JAN_RTH_ARCX_PILLAR_mbp1.dbn.zst,XOM_JAN_RTH,ARCX.PILLAR,XOM,RECEIVE,-1850,-1800,7
XOM_JAN_RTH_ARCX_PILLAR_mbp1.dbn.zst,XOM_JAN_RTH,ARCX.PILLAR,XOM,RECEIVE,-1800,-1750,5
XOM_JAN_RTH_ARCX_PILLAR_mbp1.dbn.zst,XOM_JAN_RTH,ARCX.PILLAR,XOM,RECEIVE,-1750,-1700,5
XOM_JAN_RTH_ARCX_PILLAR_mbp1.dbn.zst,XOM_JAN_RTH,ARCX.PILLAR,XOM,RECEIVE,-1700,-1650,4
XOM_JAN_RTH_ARCX_PILLAR_mbp1.dbn.zst,XOM_JAN_RTH,ARCX.PILLAR,XOM,RECEIVE,-1650,-1600,20
XOM_JAN_RTH_ARCX_PILLAR_mbp1.dbn.zst,XOM_JAN_RTH,ARCX.PILLAR,XOM,RECEIVE,-1600,-1550,26
XOM_JAN_RTH_ARCX_PILLAR_mbp1.dbn.zst,XOM_JAN_RTH,ARCX.PILLAR,XOM,RECEIVE,-1550,-1500,21
XOM_JAN_RTH_ARCX_PILLAR_mbp1.dbn.zst,XOM_JAN_RTH,ARCX.PILLAR,XOM,RECEIVE,-1500,-1450,6
XOM_JAN_RTH_ARCX_PILLAR_mbp1.dbn.zst,XOM_JAN_RTH,ARCX.PILLAR,XOM,RECEIVE,-1450,-1400,7
XOM_JAN_RTH_ARCX_PILLAR_mbp1.dbn.zst,XOM_JAN_RTH,ARCX.PILLAR,XOM,RECEIVE,-1400,-1350,18
XOM_JAN_RTH_ARCX_PILLAR_mbp1.dbn.zst,XOM_JAN_RTH,ARCX.PILLAR,XOM,RECEIVE,-1350,-1300,28
XOM_JAN_RTH_ARCX_PILLAR_mbp1.dbn.zst,XOM_JAN_RTH,ARCX.PILLAR,XOM,RECEIVE,-1300,-1250,5
XOM_JAN_RTH_ARCX_PILLAR_mbp1.dbn.zst,XOM_JAN_RTH,ARCX.PILLAR,XOM,RECEIVE,-1250,-1200,11
XOM_JAN_RTH_ARCX_PILLAR_mbp1.dbn.zst,XOM_JAN_RTH,ARCX.PILLAR,XOM,RECEIVE,-1200,-1150,8
XOM_JAN_RTH_ARCX_PILLAR_mbp1.dbn.zst,XOM_JAN_RTH,ARCX.PILLAR,XOM,RECEIVE,-1150,-1100,6
XOM_JAN_RTH_ARCX_PILLAR_mbp1.dbn.zst,XOM_JAN_RTH,ARCX.PILLAR,XOM,RECEIVE,-1100,-1050,2
XOM_JAN_RTH_ARCX_PILLAR_mbp1.dbn.zst,XOM_JAN_RTH,ARCX.PILLAR,XOM,RECEIVE,-1050,-1000,9
XOM_JAN_RTH_ARCX_PILLAR_mbp1.dbn.zst,XOM_JAN_RTH,ARCX.PILLAR,XOM,RECEIVE,-1000,-950,10
XOM_JAN_RTH_ARCX_PILLAR_mbp1.dbn.zst,XOM_JAN_RTH,ARCX.PILLAR,XOM,RECEIVE,-950,-900,27
XOM_JAN_RTH_ARCX_PILLAR_mbp1.dbn.zst,XOM_JAN_RTH,ARCX.PILLAR,XOM,RECEIVE,-900,-850,10
XOM_JAN_RTH_ARCX_PILLAR_mbp1.dbn.zst,XOM_JAN_RTH,ARCX.PILLAR,XOM,RECEIVE,-850,-800,14
XOM_JAN_RTH_ARCX_PILLAR_mbp1.dbn.zst,XOM_JAN_RTH,ARCX.PILLAR,XOM,RECEIVE,-800,-750,22
XOM_JAN_RTH_ARCX_PILLAR_mbp1.dbn.zst,XOM_JAN_RTH,ARCX.PILLAR,XOM,RECEIVE,-750,-700,20
XOM_JAN_RTH_ARCX_PILLAR_mbp1.dbn.zst,XOM_JAN_RTH,ARCX.PILLAR,XOM,RECEIVE,-700,-650,8
XOM_JAN_RTH_ARCX_PILLAR_mbp1.dbn.zst,XOM_JAN_RTH,ARCX.PILLAR,XOM,RECEIVE,-650,-600,9
XOM_JAN_RTH_ARCX_PILLAR_mbp1.dbn.zst,XOM_JAN_RTH,ARCX.PILLAR,XOM,RECEIVE,-600,-550,8
XOM_JAN_RTH_ARCX_PILLAR_mbp1.dbn.zst,XOM_JAN_RTH,ARCX.PILLAR,XOM,RECEIVE,-550,-500,13
XOM_JAN_RTH_ARCX_PILLAR_mbp1.dbn.zst,XOM_JAN_RTH,ARCX.PILLAR,XOM,RECEIVE,-500,-450,13
XOM_JAN_RTH_ARCX_PILLAR_mbp1.dbn.zst,XOM_JAN_RTH,ARCX.PILLAR,XOM,RECEIVE,-450,-400,18
XOM_JAN_RTH_ARCX_PILLAR_mbp1.dbn.zst,XOM_JAN_RTH,ARCX.PILLAR,XOM,RECEIVE,-400,-350,13
XOM_JAN_RTH_ARCX_PILLAR_mbp1.dbn.zst,XOM_JAN_RTH,ARCX.PILLAR,XOM,RECEIVE,-350,-300,16
XOM_JAN_RTH_ARCX_PILLAR_mbp1.dbn.zst,XOM_JAN_RTH,ARCX.PILLAR,XOM,RECEIVE,-300,-250,14
XOM_JAN_RTH_ARCX_PILLAR_mbp1.dbn.zst,XOM_JAN_RTH,ARCX.PILLAR,XOM,RECEIVE,-250,-200,12
XOM_JAN_RTH_ARCX_PILLAR_mbp1.dbn.zst,XOM_JAN_RTH,ARCX.PILLAR,XOM,RECEIVE,-200,-150,2
XOM_JAN_RTH_ARCX_PILLAR_mbp1.dbn.zst,XOM_JAN_RTH,ARCX.PILLAR,XOM,RECEIVE,-150,-100,12
XOM_JAN_RTH_ARCX_PILLAR_mbp1.dbn.zst,XOM_JAN_RTH,ARCX.PILLAR,XOM,RECEIVE,-100,-50,3
XOM_JAN_RTH_ARCX_PILLAR_mbp1.dbn.zst,XOM_JAN_RTH,ARCX.PILLAR,XOM,RECEIVE,-50,0,4
XOM_JAN_RTH_ARCX_PILLAR_mbp1.dbn.zst,XOM_JAN_RTH,ARCX.PILLAR,XOM,RECEIVE,0,50,8
XOM_JAN_RTH_ARCX_PILLAR_mbp1.dbn.zst,XOM_JAN_RTH,ARCX.PILLAR,XOM,RECEIVE,50,100,11
XOM_JAN_RTH_ARCX_PILLAR_mbp1.dbn.zst,XOM_JAN_RTH,ARCX.PILLAR,XOM,RECEIVE,100,150,13
XOM_JAN_RTH_ARCX_PILLAR_mbp1.dbn.zst,XOM_JAN_RTH,ARCX.PILLAR,XOM,RECEIVE,150,200,3
XOM_JAN_RTH_ARCX_PILLAR_mbp1.dbn.zst,XOM_JAN_RTH,ARCX.PILLAR,XOM,RECEIVE,200,250,12
XOM_JAN_RTH_ARCX_PILLAR_mbp1.dbn.zst,XOM_JAN_RTH,ARCX.PILLAR,XOM,RECEIVE,250,300,14
XOM_JAN_RTH_ARCX_PILLAR_mbp1.dbn.zst,XOM_JAN_RTH,ARCX.PILLAR,XOM,RECEIVE,300,350,22
XOM_JAN_RTH_ARCX_PILLAR_mbp1.dbn.zst,XOM_JAN_RTH,ARCX.PILLAR,XOM,RECEIVE,350,400,6
XOM_JAN_RTH_ARCX_PILLAR_mbp1.dbn.zst,XOM_JAN_RTH,ARCX.PILLAR,XOM,RECEIVE,400,450,6
XOM_JAN_RTH_ARCX_PILLAR_mbp1.dbn.zst,XOM_JAN_RTH,ARCX.PILLAR,XOM,RECEIVE,450,500,7
XOM_JAN_RTH_ARCX_PILLAR_mbp1.dbn.zst,XOM_JAN_RTH,ARCX.PILLAR,XOM,RECEIVE,500,550,0
XOM_JAN_RTH_ARCX_PILLAR_mbp1.dbn.zst,XOM_JAN_RTH,ARCX.PILLAR,XOM,RECEIVE,550,600,1
XOM_JAN_RTH_ARCX_PILLAR_mbp1.dbn.zst,XOM_JAN_RTH,ARCX.PILLAR,XOM,RECEIVE,600,650,2
XOM_JAN_RTH_ARCX_PILLAR_mbp1.dbn.zst,XOM_JAN_RTH,ARCX.PILLAR,XOM,RECEIVE,650,700,3
XOM_JAN_RTH_ARCX_PILLAR_mbp1.dbn.zst,XOM_JAN_RTH,ARCX.PILLAR,XOM,RECEIVE,700,750,1
XOM_JAN_RTH_ARCX_PILLAR_mbp1.dbn.zst,XOM_JAN_RTH,ARCX.PILLAR,XOM,RECEIVE,750,800,0
XOM_JAN_RTH_ARCX_PILLAR_mbp1.dbn.zst,XOM_JAN_RTH,ARCX.PILLAR,XOM,RECEIVE,800,850,0
XOM_JAN_RTH_ARCX_PILLAR_mbp1.dbn.zst,XOM_JAN_RTH,ARCX.PILLAR,XOM,RECEIVE,850,900,0
XOM_JAN_RTH_ARCX_PILLAR_mbp1.dbn.zst,XOM_JAN_RTH,ARCX.PILLAR,XOM,RECEIVE,900,950,6
XOM_JAN_RTH_ARCX_PILLAR_mbp1.dbn.zst,XOM_JAN_RTH,ARCX.PILLAR,XOM,RECEIVE,950,1000,1
XOM_JAN_RTH_ARCX_PILLAR_mbp1.dbn.zst,XOM_JAN_RTH,ARCX.PILLAR,XOM,RECEIVE,1000,1050,4
XOM_JAN_RTH_ARCX_PILLAR_mbp1.dbn.zst,XOM_JAN_RTH,ARCX.PILLAR,XOM,RECEIVE,1050,1100,0
XOM_JAN_RTH_ARCX_PILLAR_mbp1.dbn.zst,XOM_JAN_RTH,ARCX.PILLAR,XOM,RECEIVE,1100,1150,3
XOM_JAN_RTH_ARCX_PILLAR_mbp1.dbn.zst,XOM_JAN_RTH,ARCX.PILLAR,XOM,RECEIVE,1150,1200,2
XOM_JAN_RTH_ARCX_PILLAR_mbp1.dbn.zst,XOM_JAN_RTH,ARCX.PILLAR,XOM,RECEIVE,1200,1250,2
XOM_JAN_RTH_ARCX_PILLAR_mbp1.dbn.zst,XOM_JAN_RTH,ARCX.PILLAR,XOM,RECEIVE,1250,1300,2
XOM_JAN_RTH_ARCX_PILLAR_mbp1.dbn.zst,XOM_JAN_RTH,ARCX.PILLAR,XOM,RECEIVE,1300,1350,1
XOM_JAN_RTH_ARCX_PILLAR_mbp1.dbn.zst,XOM_JAN_RTH,ARCX.PILLAR,XOM,RECEIVE,1350,1400,10
XOM_JAN_RTH_ARCX_PILLAR_mbp1.dbn.zst,XOM_JAN_RTH,ARCX.PILLAR,XOM,RECEIVE,1400,1450,16
XOM_JAN_RTH_ARCX_PILLAR_mbp1.dbn.zst,XOM_JAN_RTH,ARCX.PILLAR,XOM,RECEIVE,1450,1500,0
XOM_JAN_RTH_ARCX_PILLAR_mbp1.dbn.zst,XOM_JAN_RTH,ARCX.PILLAR,XOM,RECEIVE,1500,1550,0
XOM_JAN_RTH_ARCX_PILLAR_mbp1.dbn.zst,XOM_JAN_RTH,ARCX.PILLAR,XOM,RECEIVE,1550,1600,2
XOM_JAN_RTH_ARCX_PILLAR_mbp1.dbn.zst,XOM_JAN_RTH,ARCX.PILLAR,XOM,RECEIVE,1600,1650,0
XOM_JAN_RTH_ARCX_PILLAR_mbp1.dbn.zst,XOM_JAN_RTH,ARCX.PILLAR,XOM,RECEIVE,1650,1700,0
XOM_JAN_RTH_ARCX_PILLAR_mbp1.dbn.zst,XOM_JAN_RTH,ARCX.PILLAR,XOM,RECEIVE,1700,1750,7
XOM_JAN_RTH_ARCX_PILLAR_mbp1.dbn.zst,XOM_JAN_RTH,ARCX.PILLAR,XOM,RECEIVE,1750,1800,0
XOM_JAN_RTH_ARCX_PILLAR_mbp1.dbn.zst,XOM_JAN_RTH,ARCX.PILLAR,XOM,RECEIVE,1800,1850,12
XOM_JAN_RTH_ARCX_PILLAR_mbp1.dbn.zst,XOM_JAN_RTH,ARCX.PILLAR,XOM,RECEIVE,1850,1900,4
XOM_JAN_RTH_ARCX_PILLAR_mbp1.dbn.zst,XOM_JAN_RTH,ARCX.PILLAR,XOM,RECEIVE,1900,1950,1
XOM_JAN_RTH_ARCX_PILLAR_mbp1.dbn.zst,XOM_JAN_RTH,ARCX.PILLAR,XOM,RECEIVE,1950,2000,0
XOM_JAN_RTH_ARCX_PILLAR_mbp1.dbn.zst,XOM_JAN_RTH,ARCX.PILLAR,XOM,RECEIVE,2000,2050,2
XOM_JAN_RTH_ARCX_PILLAR_mbp1.dbn.zst,XOM_JAN_RTH,ARCX.PILLAR,XOM,RECEIVE,2050,2100,0
XOM_JAN_RTH_ARCX_PILLAR_mbp1.dbn.zst,XOM_JAN_RTH,ARCX.PILLAR,XOM,RECEIVE,2100,2150,4
XOM_JAN_RTH_ARCX_PILLAR_mbp1.dbn.zst,XOM_JAN_RTH,ARCX.PILLAR,XOM,RECEIVE,2150,2200,0
XOM_JAN_RTH_ARCX_PILLAR_mbp1.dbn.zst,XOM_JAN_RTH,ARCX.PILLAR,XOM,RECEIVE,2200,2250,1
XOM_JAN_RTH_ARCX_PILLAR_mbp1.dbn.zst,XOM_JAN_RTH,ARCX.PILLAR,XOM,RECEIVE,2250,2300,2
XOM_JAN_RTH_ARCX_PILLAR_mbp1.dbn.zst,XOM_JAN_RTH,ARCX.PILLAR,XOM,RECEIVE,2300,2350,0
XOM_JAN_RTH_ARCX_PILLAR_mbp1.dbn.zst,XOM_JAN_RTH,ARCX.PILLAR,XOM,RECEIVE,2350,2400,1
XOM_JAN_RTH_ARCX_PILLAR_mbp1.dbn.zst,XOM_JAN_RTH,ARCX.PILLAR,XOM,RECEIVE,2400,2450,2
XOM_JAN_RTH_ARCX_PILLAR_mbp1.dbn.zst,XOM_JAN_RTH,ARCX.PILLAR,XOM,RECEIVE,2450,2500,5
XOM_JAN_RTH_ARCX_PILLAR_mbp1.dbn.zst,XOM_JAN_RTH,ARCX.PILLAR,XOM,RECEIVE,2500,2550,13
XOM_JAN_RTH_ARCX_PILLAR_mbp1.dbn.zst,XOM_JAN_RTH,ARCX.PILLAR,XOM,RECEIVE,2550,2600,2
XOM_JAN_RTH_ARCX_PILLAR_mbp1.dbn.zst,XOM_JAN_RTH,ARCX.PILLAR,XOM,RECEIVE,2600,2650,1
XOM_JAN_RTH_ARCX_PILLAR_mbp1.dbn.zst,XOM_JAN_RTH,ARCX.PILLAR,XOM,RECEIVE,2650,2700,5
XOM_JAN_RTH_ARCX_PILLAR_mbp1.dbn.zst,XOM_JAN_RTH,ARCX.PILLAR,XOM,RECEIVE,2700,2750,3
XOM_JAN_RTH_ARCX_PILLAR_mbp1.dbn.zst,XOM_JAN_RTH,ARCX.PILLAR,XOM,RECEIVE,2750,2800,0
XOM_JAN_RTH_ARCX_PILLAR_mbp1.dbn.zst,XOM_JAN_RTH,ARCX.PILLAR,XOM,RECEIVE,2800,2850,8
XOM_JAN_RTH_ARCX_PILLAR_mbp1.dbn.zst,XOM_JAN_RTH,ARCX.PILLAR,XOM,RECEIVE,2850,2900,9
XOM_JAN_RTH_ARCX_PILLAR_mbp1.dbn.zst,XOM_JAN_RTH,ARCX.PILLAR,XOM,RECEIVE,2900,2950,8
XOM_JAN_RTH_ARCX_PILLAR_mbp1.dbn.zst,XOM_JAN_RTH,ARCX.PILLAR,XOM,RECEIVE,2950,3000,0
XOM_JAN_RTH_ARCX_PILLAR_mbp1.dbn.zst,XOM_JAN_RTH,ARCX.PILLAR,XOM,RECEIVE,3000,3050,1
XOM_JAN_RTH_ARCX_PILLAR_mbp1.dbn.zst,XOM_JAN_RTH,ARCX.PILLAR,XOM,RECEIVE,3050,3100,2
XOM_JAN_RTH_ARCX_PILLAR_mbp1.dbn.zst,XOM_JAN_RTH,ARCX.PILLAR,XOM,RECEIVE,3100,3150,6
XOM_JAN_RTH_ARCX_PILLAR_mbp1.dbn.zst,XOM_JAN_RTH,ARCX.PILLAR,XOM,RECEIVE,3150,3200,0
XOM_JAN_RTH_ARCX_PILLAR_mbp1.dbn.zst,XOM_JAN_RTH,ARCX.PILLAR,XOM,RECEIVE,3200,3250,6
XOM_JAN_RTH_ARCX_PILLAR_mbp1.dbn.zst,XOM_JAN_RTH,ARCX.PILLAR,XOM,RECEIVE,3250,3300,2
XOM_JAN_RTH_ARCX_PILLAR_mbp1.dbn.zst,XOM_JAN_RTH,ARCX.PILLAR,XOM,RECEIVE,3300,3350,3
XOM_JAN_RTH_ARCX_PILLAR_mbp1.dbn.zst,XOM_JAN_RTH,ARCX.PILLAR,XOM,RECEIVE,3350,3400,10
XOM_JAN_RTH_ARCX_PILLAR_mbp1.dbn.zst,XOM_JAN_RTH,ARCX.PILLAR,XOM,RECEIVE,3400,3450,3
XOM_JAN_RTH_ARCX_PILLAR_mbp1.dbn.zst,XOM_JAN_RTH,ARCX.PILLAR,XOM,RECEIVE,3450,3500,0
XOM_JAN_RTH_ARCX_PILLAR_mbp1.dbn.zst,XOM_JAN_RTH,ARCX.PILLAR,XOM,RECEIVE,3500,3550,12
XOM_JAN_RTH_ARCX_PILLAR_mbp1.dbn.zst,XOM_JAN_RTH,ARCX.PILLAR,XOM,RECEIVE,3550,3600,1
XOM_JAN_RTH_ARCX_PILLAR_mbp1.dbn.zst,XOM_JAN_RTH,ARCX.PILLAR,XOM,RECEIVE,3600,3650,2
XOM_JAN_RTH_ARCX_PILLAR_mbp1.dbn.zst,XOM_JAN_RTH,ARCX.PILLAR,XOM,RECEIVE,3650,3700,2
XOM_JAN_RTH_ARCX_PILLAR_mbp1.dbn.zst,XOM_JAN_RTH,ARCX.PILLAR,XOM,RECEIVE,3700,3750,0
XOM_JAN_RTH_ARCX_PILLAR_mbp1.dbn.zst,XOM_JAN_RTH,ARCX.PILLAR,XOM,RECEIVE,3750,3800,4
XOM_JAN_RTH_ARCX_PILLAR_mbp1.dbn.zst,XOM_JAN_RTH,ARCX.PILLAR,XOM,RECEIVE,3800,3850,5
XOM_JAN_RTH_ARCX_PILLAR_mbp1.dbn.zst,XOM_JAN_RTH,ARCX.PILLAR,XOM,RECEIVE,3850,3900,2
XOM_JAN_RTH_ARCX_PILLAR_mbp1.dbn.zst,XOM_JAN_RTH,ARCX.PILLAR,XOM,RECEIVE,3900,3950,13
XOM_JAN_RTH_ARCX_PILLAR_mbp1.dbn.zst,XOM_JAN_RTH,ARCX.PILLAR,XOM,RECEIVE,3950,4000,4
XOM_JAN_RTH_ARCX_PILLAR_mbp1.dbn.zst,XOM_JAN_RTH,ARCX.PILLAR,XOM,RECEIVE,4000,4050,6
XOM_JAN_RTH_ARCX_PILLAR_mbp1.dbn.zst,XOM_JAN_RTH,ARCX.PILLAR,XOM,RECEIVE,4050,4100,7
XOM_JAN_RTH_ARCX_PILLAR_mbp1.dbn.zst,XOM_JAN_RTH,ARCX.PILLAR,XOM,RECEIVE,4100,4150,0
XOM_JAN_RTH_ARCX_PILLAR_mbp1.dbn.zst,XOM_JAN_RTH,ARCX.PILLAR,XOM,RECEIVE,4150,4200,1
XOM_JAN_RTH_ARCX_PILLAR_mbp1.dbn.zst,XOM_JAN_RTH,ARCX.PILLAR,XOM,RECEIVE,4200,4250,1
XOM_JAN_RTH_ARCX_PILLAR_mbp1.dbn.zst,XOM_JAN_RTH,ARCX.PILLAR,XOM,RECEIVE,4250,4300,0
XOM_JAN_RTH_ARCX_PILLAR_mbp1.dbn.zst,XOM_JAN_RTH,ARCX.PILLAR,XOM,RECEIVE,4300,4350,0
XOM_JAN_RTH_ARCX_PILLAR_mbp1.dbn.zst,XOM_JAN_RTH,ARCX.PILLAR,XOM,RECEIVE,4350,4400,2
XOM_JAN_RTH_ARCX_PILLAR_mbp1.dbn.zst,XOM_JAN_RTH,ARCX.PILLAR,XOM,RECEIVE,4400,4450,10
XOM_JAN_RTH_ARCX_PILLAR_mbp1.dbn.zst,XOM_JAN_RTH,ARCX.PILLAR,XOM,RECEIVE,4450,4500,3
XOM_JAN_RTH_ARCX_PILLAR_mbp1.dbn.zst,XOM_JAN_RTH,ARCX.PILLAR,XOM,RECEIVE,4500,4550,16
XOM_JAN_RTH_ARCX_PILLAR_mbp1.dbn.zst,XOM_JAN_RTH,ARCX.PILLAR,XOM,RECEIVE,4550,4600,10
XOM_JAN_RTH_ARCX_PILLAR_mbp1.dbn.zst,XOM_JAN_RTH,ARCX.PILLAR,XOM,RECEIVE,4600,4650,22
XOM_JAN_RTH_ARCX_PILLAR_mbp1.dbn.zst,XOM_JAN_RTH,ARCX.PILLAR,XOM,RECEIVE,4650,4700,3
XOM_JAN_RTH_ARCX_PILLAR_mbp1.dbn.zst,XOM_JAN_RTH,ARCX.PILLAR,XOM,RECEIVE,4700,4750,0
XOM_JAN_RTH_ARCX_PILLAR_mbp1.dbn.zst,XOM_JAN_RTH,ARCX.PILLAR,XOM,RECEIVE,4750,4800,2
XOM_JAN_RTH_ARCX_PILLAR_mbp1.dbn.zst,XOM_JAN_RTH,ARCX.PILLAR,XOM,RECEIVE,4800,4850,3
XOM_JAN_RTH_ARCX_PILLAR_mbp1.dbn.zst,XOM_JAN_RTH,ARCX.PILLAR,XOM,RECEIVE,4850,4900,4
XOM_JAN_RTH_ARCX_PILLAR_mbp1.dbn.zst,XOM_JAN_RTH,ARCX.PILLAR,XOM,RECEIVE,4900,4950,3
XOM_JAN_RTH_ARCX_PILLAR_mbp1.dbn.zst,XOM_JAN_RTH,ARCX.PILLAR,XOM,RECEIVE,4950,5000,3
XOM_JAN_RTH_XNAS_ITCH_mbp1.dbn.zst,XOM_JAN_RTH,XNAS.ITCH,XOM,EVENT,-5000,-4950,7
XOM_JAN_RTH_XNAS_ITCH_mbp1.dbn.zst,XOM_JAN_RTH,XNAS.ITCH,XOM,EVENT,-4950,-4900,2
XOM_JAN_RTH_XNAS_ITCH_mbp1.dbn.zst,XOM_JAN_RTH,XNAS.ITCH,XOM,EVENT,-4900,-4850,0
XOM_JAN_RTH_XNAS_ITCH_mbp1.dbn.zst,XOM_JAN_RTH,XNAS.ITCH,XOM,EVENT,-4850,-4800,8
XOM_JAN_RTH_XNAS_ITCH_mbp1.dbn.zst,XOM_JAN_RTH,XNAS.ITCH,XOM,EVENT,-4800,-4750,0
XOM_JAN_RTH_XNAS_ITCH_mbp1.dbn.zst,XOM_JAN_RTH,XNAS.ITCH,XOM,EVENT,-4750,-4700,0
XOM_JAN_RTH_XNAS_ITCH_mbp1.dbn.zst,XOM_JAN_RTH,XNAS.ITCH,XOM,EVENT,-4700,-4650,5
XOM_JAN_RTH_XNAS_ITCH_mbp1.dbn.zst,XOM_JAN_RTH,XNAS.ITCH,XOM,EVENT,-4650,-4600,1
XOM_JAN_RTH_XNAS_ITCH_mbp1.dbn.zst,XOM_JAN_RTH,XNAS.ITCH,XOM,EVENT,-4600,-4550,1
XOM_JAN_RTH_XNAS_ITCH_mbp1.dbn.zst,XOM_JAN_RTH,XNAS.ITCH,XOM,EVENT,-4550,-4500,5
XOM_JAN_RTH_XNAS_ITCH_mbp1.dbn.zst,XOM_JAN_RTH,XNAS.ITCH,XOM,EVENT,-4500,-4450,1
XOM_JAN_RTH_XNAS_ITCH_mbp1.dbn.zst,XOM_JAN_RTH,XNAS.ITCH,XOM,EVENT,-4450,-4400,4
XOM_JAN_RTH_XNAS_ITCH_mbp1.dbn.zst,XOM_JAN_RTH,XNAS.ITCH,XOM,EVENT,-4400,-4350,0
XOM_JAN_RTH_XNAS_ITCH_mbp1.dbn.zst,XOM_JAN_RTH,XNAS.ITCH,XOM,EVENT,-4350,-4300,8
XOM_JAN_RTH_XNAS_ITCH_mbp1.dbn.zst,XOM_JAN_RTH,XNAS.ITCH,XOM,EVENT,-4300,-4250,5
XOM_JAN_RTH_XNAS_ITCH_mbp1.dbn.zst,XOM_JAN_RTH,XNAS.ITCH,XOM,EVENT,-4250,-4200,4
XOM_JAN_RTH_XNAS_ITCH_mbp1.dbn.zst,XOM_JAN_RTH,XNAS.ITCH,XOM,EVENT,-4200,-4150,7
XOM_JAN_RTH_XNAS_ITCH_mbp1.dbn.zst,XOM_JAN_RTH,XNAS.ITCH,XOM,EVENT,-4150,-4100,2
XOM_JAN_RTH_XNAS_ITCH_mbp1.dbn.zst,XOM_JAN_RTH,XNAS.ITCH,XOM,EVENT,-4100,-4050,9
XOM_JAN_RTH_XNAS_ITCH_mbp1.dbn.zst,XOM_JAN_RTH,XNAS.ITCH,XOM,EVENT,-4050,-4000,1
XOM_JAN_RTH_XNAS_ITCH_mbp1.dbn.zst,XOM_JAN_RTH,XNAS.ITCH,XOM,EVENT,-4000,-3950,1
XOM_JAN_RTH_XNAS_ITCH_mbp1.dbn.zst,XOM_JAN_RTH,XNAS.ITCH,XOM,EVENT,-3950,-3900,1
XOM_JAN_RTH_XNAS_ITCH_mbp1.dbn.zst,XOM_JAN_RTH,XNAS.ITCH,XOM,EVENT,-3900,-3850,2
XOM_JAN_RTH_XNAS_ITCH_mbp1.dbn.zst,XOM_JAN_RTH,XNAS.ITCH,XOM,EVENT,-3850,-3800,7
XOM_JAN_RTH_XNAS_ITCH_mbp1.dbn.zst,XOM_JAN_RTH,XNAS.ITCH,XOM,EVENT,-3800,-3750,12
XOM_JAN_RTH_XNAS_ITCH_mbp1.dbn.zst,XOM_JAN_RTH,XNAS.ITCH,XOM,EVENT,-3750,-3700,4
XOM_JAN_RTH_XNAS_ITCH_mbp1.dbn.zst,XOM_JAN_RTH,XNAS.ITCH,XOM,EVENT,-3700,-3650,3
XOM_JAN_RTH_XNAS_ITCH_mbp1.dbn.zst,XOM_JAN_RTH,XNAS.ITCH,XOM,EVENT,-3650,-3600,0
XOM_JAN_RTH_XNAS_ITCH_mbp1.dbn.zst,XOM_JAN_RTH,XNAS.ITCH,XOM,EVENT,-3600,-3550,2
XOM_JAN_RTH_XNAS_ITCH_mbp1.dbn.zst,XOM_JAN_RTH,XNAS.ITCH,XOM,EVENT,-3550,-3500,2
XOM_JAN_RTH_XNAS_ITCH_mbp1.dbn.zst,XOM_JAN_RTH,XNAS.ITCH,XOM,EVENT,-3500,-3450,2
XOM_JAN_RTH_XNAS_ITCH_mbp1.dbn.zst,XOM_JAN_RTH,XNAS.ITCH,XOM,EVENT,-3450,-3400,0
XOM_JAN_RTH_XNAS_ITCH_mbp1.dbn.zst,XOM_JAN_RTH,XNAS.ITCH,XOM,EVENT,-3400,-3350,4
XOM_JAN_RTH_XNAS_ITCH_mbp1.dbn.zst,XOM_JAN_RTH,XNAS.ITCH,XOM,EVENT,-3350,-3300,3
XOM_JAN_RTH_XNAS_ITCH_mbp1.dbn.zst,XOM_JAN_RTH,XNAS.ITCH,XOM,EVENT,-3300,-3250,1
XOM_JAN_RTH_XNAS_ITCH_mbp1.dbn.zst,XOM_JAN_RTH,XNAS.ITCH,XOM,EVENT,-3250,-3200,5
XOM_JAN_RTH_XNAS_ITCH_mbp1.dbn.zst,XOM_JAN_RTH,XNAS.ITCH,XOM,EVENT,-3200,-3150,3
XOM_JAN_RTH_XNAS_ITCH_mbp1.dbn.zst,XOM_JAN_RTH,XNAS.ITCH,XOM,EVENT,-3150,-3100,5
XOM_JAN_RTH_XNAS_ITCH_mbp1.dbn.zst,XOM_JAN_RTH,XNAS.ITCH,XOM,EVENT,-3100,-3050,13
XOM_JAN_RTH_XNAS_ITCH_mbp1.dbn.zst,XOM_JAN_RTH,XNAS.ITCH,XOM,EVENT,-3050,-3000,9
XOM_JAN_RTH_XNAS_ITCH_mbp1.dbn.zst,XOM_JAN_RTH,XNAS.ITCH,XOM,EVENT,-3000,-2950,9
XOM_JAN_RTH_XNAS_ITCH_mbp1.dbn.zst,XOM_JAN_RTH,XNAS.ITCH,XOM,EVENT,-2950,-2900,2
XOM_JAN_RTH_XNAS_ITCH_mbp1.dbn.zst,XOM_JAN_RTH,XNAS.ITCH,XOM,EVENT,-2900,-2850,0
XOM_JAN_RTH_XNAS_ITCH_mbp1.dbn.zst,XOM_JAN_RTH,XNAS.ITCH,XOM,EVENT,-2850,-2800,4
XOM_JAN_RTH_XNAS_ITCH_mbp1.dbn.zst,XOM_JAN_RTH,XNAS.ITCH,XOM,EVENT,-2800,-2750,3
XOM_JAN_RTH_XNAS_ITCH_mbp1.dbn.zst,XOM_JAN_RTH,XNAS.ITCH,XOM,EVENT,-2750,-2700,6
XOM_JAN_RTH_XNAS_ITCH_mbp1.dbn.zst,XOM_JAN_RTH,XNAS.ITCH,XOM,EVENT,-2700,-2650,0
XOM_JAN_RTH_XNAS_ITCH_mbp1.dbn.zst,XOM_JAN_RTH,XNAS.ITCH,XOM,EVENT,-2650,-2600,1
XOM_JAN_RTH_XNAS_ITCH_mbp1.dbn.zst,XOM_JAN_RTH,XNAS.ITCH,XOM,EVENT,-2600,-2550,9
XOM_JAN_RTH_XNAS_ITCH_mbp1.dbn.zst,XOM_JAN_RTH,XNAS.ITCH,XOM,EVENT,-2550,-2500,0
XOM_JAN_RTH_XNAS_ITCH_mbp1.dbn.zst,XOM_JAN_RTH,XNAS.ITCH,XOM,EVENT,-2500,-2450,1
XOM_JAN_RTH_XNAS_ITCH_mbp1.dbn.zst,XOM_JAN_RTH,XNAS.ITCH,XOM,EVENT,-2450,-2400,1
XOM_JAN_RTH_XNAS_ITCH_mbp1.dbn.zst,XOM_JAN_RTH,XNAS.ITCH,XOM,EVENT,-2400,-2350,6
XOM_JAN_RTH_XNAS_ITCH_mbp1.dbn.zst,XOM_JAN_RTH,XNAS.ITCH,XOM,EVENT,-2350,-2300,8
XOM_JAN_RTH_XNAS_ITCH_mbp1.dbn.zst,XOM_JAN_RTH,XNAS.ITCH,XOM,EVENT,-2300,-2250,14
XOM_JAN_RTH_XNAS_ITCH_mbp1.dbn.zst,XOM_JAN_RTH,XNAS.ITCH,XOM,EVENT,-2250,-2200,6
XOM_JAN_RTH_XNAS_ITCH_mbp1.dbn.zst,XOM_JAN_RTH,XNAS.ITCH,XOM,EVENT,-2200,-2150,4
XOM_JAN_RTH_XNAS_ITCH_mbp1.dbn.zst,XOM_JAN_RTH,XNAS.ITCH,XOM,EVENT,-2150,-2100,11
XOM_JAN_RTH_XNAS_ITCH_mbp1.dbn.zst,XOM_JAN_RTH,XNAS.ITCH,XOM,EVENT,-2100,-2050,6
XOM_JAN_RTH_XNAS_ITCH_mbp1.dbn.zst,XOM_JAN_RTH,XNAS.ITCH,XOM,EVENT,-2050,-2000,26
XOM_JAN_RTH_XNAS_ITCH_mbp1.dbn.zst,XOM_JAN_RTH,XNAS.ITCH,XOM,EVENT,-2000,-1950,1
XOM_JAN_RTH_XNAS_ITCH_mbp1.dbn.zst,XOM_JAN_RTH,XNAS.ITCH,XOM,EVENT,-1950,-1900,2
XOM_JAN_RTH_XNAS_ITCH_mbp1.dbn.zst,XOM_JAN_RTH,XNAS.ITCH,XOM,EVENT,-1900,-1850,6
XOM_JAN_RTH_XNAS_ITCH_mbp1.dbn.zst,XOM_JAN_RTH,XNAS.ITCH,XOM,EVENT,-1850,-1800,7
XOM_JAN_RTH_XNAS_ITCH_mbp1.dbn.zst,XOM_JAN_RTH,XNAS.ITCH,XOM,EVENT,-1800,-1750,14
XOM_JAN_RTH_XNAS_ITCH_mbp1.dbn.zst,XOM_JAN_RTH,XNAS.ITCH,XOM,EVENT,-1750,-1700,28
XOM_JAN_RTH_XNAS_ITCH_mbp1.dbn.zst,XOM_JAN_RTH,XNAS.ITCH,XOM,EVENT,-1700,-1650,3
XOM_JAN_RTH_XNAS_ITCH_mbp1.dbn.zst,XOM_JAN_RTH,XNAS.ITCH,XOM,EVENT,-1650,-1600,9
XOM_JAN_RTH_XNAS_ITCH_mbp1.dbn.zst,XOM_JAN_RTH,XNAS.ITCH,XOM,EVENT,-1600,-1550,11
XOM_JAN_RTH_XNAS_ITCH_mbp1.dbn.zst,XOM_JAN_RTH,XNAS.ITCH,XOM,EVENT,-1550,-1500,19
XOM_JAN_RTH_XNAS_ITCH_mbp1.dbn.zst,XOM_JAN_RTH,XNAS.ITCH,XOM,EVENT,-1500,-1450,18
XOM_JAN_RTH_XNAS_ITCH_mbp1.dbn.zst,XOM_JAN_RTH,XNAS.ITCH,XOM,EVENT,-1450,-1400,13
XOM_JAN_RTH_XNAS_ITCH_mbp1.dbn.zst,XOM_JAN_RTH,XNAS.ITCH,XOM,EVENT,-1400,-1350,5
XOM_JAN_RTH_XNAS_ITCH_mbp1.dbn.zst,XOM_JAN_RTH,XNAS.ITCH,XOM,EVENT,-1350,-1300,11
XOM_JAN_RTH_XNAS_ITCH_mbp1.dbn.zst,XOM_JAN_RTH,XNAS.ITCH,XOM,EVENT,-1300,-1250,24
XOM_JAN_RTH_XNAS_ITCH_mbp1.dbn.zst,XOM_JAN_RTH,XNAS.ITCH,XOM,EVENT,-1250,-1200,19
XOM_JAN_RTH_XNAS_ITCH_mbp1.dbn.zst,XOM_JAN_RTH,XNAS.ITCH,XOM,EVENT,-1200,-1150,7
XOM_JAN_RTH_XNAS_ITCH_mbp1.dbn.zst,XOM_JAN_RTH,XNAS.ITCH,XOM,EVENT,-1150,-1100,11
XOM_JAN_RTH_XNAS_ITCH_mbp1.dbn.zst,XOM_JAN_RTH,XNAS.ITCH,XOM,EVENT,-1100,-1050,10
XOM_JAN_RTH_XNAS_ITCH_mbp1.dbn.zst,XOM_JAN_RTH,XNAS.ITCH,XOM,EVENT,-1050,-1000,15
XOM_JAN_RTH_XNAS_ITCH_mbp1.dbn.zst,XOM_JAN_RTH,XNAS.ITCH,XOM,EVENT,-1000,-950,31
XOM_JAN_RTH_XNAS_ITCH_mbp1.dbn.zst,XOM_JAN_RTH,XNAS.ITCH,XOM,EVENT,-950,-900,23
XOM_JAN_RTH_XNAS_ITCH_mbp1.dbn.zst,XOM_JAN_RTH,XNAS.ITCH,XOM,EVENT,-900,-850,23
XOM_JAN_RTH_XNAS_ITCH_mbp1.dbn.zst,XOM_JAN_RTH,XNAS.ITCH,XOM,EVENT,-850,-800,12
XOM_JAN_RTH_XNAS_ITCH_mbp1.dbn.zst,XOM_JAN_RTH,XNAS.ITCH,XOM,EVENT,-800,-750,26
XOM_JAN_RTH_XNAS_ITCH_mbp1.dbn.zst,XOM_JAN_RTH,XNAS.ITCH,XOM,EVENT,-750,-700,12
XOM_JAN_RTH_XNAS_ITCH_mbp1.dbn.zst,XOM_JAN_RTH,XNAS.ITCH,XOM,EVENT,-700,-650,13
XOM_JAN_RTH_XNAS_ITCH_mbp1.dbn.zst,XOM_JAN_RTH,XNAS.ITCH,XOM,EVENT,-650,-600,13
XOM_JAN_RTH_XNAS_ITCH_mbp1.dbn.zst,XOM_JAN_RTH,XNAS.ITCH,XOM,EVENT,-600,-550,23
XOM_JAN_RTH_XNAS_ITCH_mbp1.dbn.zst,XOM_JAN_RTH,XNAS.ITCH,XOM,EVENT,-550,-500,19
XOM_JAN_RTH_XNAS_ITCH_mbp1.dbn.zst,XOM_JAN_RTH,XNAS.ITCH,XOM,EVENT,-500,-450,12
XOM_JAN_RTH_XNAS_ITCH_mbp1.dbn.zst,XOM_JAN_RTH,XNAS.ITCH,XOM,EVENT,-450,-400,13
XOM_JAN_RTH_XNAS_ITCH_mbp1.dbn.zst,XOM_JAN_RTH,XNAS.ITCH,XOM,EVENT,-400,-350,8
XOM_JAN_RTH_XNAS_ITCH_mbp1.dbn.zst,XOM_JAN_RTH,XNAS.ITCH,XOM,EVENT,-350,-300,10
XOM_JAN_RTH_XNAS_ITCH_mbp1.dbn.zst,XOM_JAN_RTH,XNAS.ITCH,XOM,EVENT,-300,-250,4
XOM_JAN_RTH_XNAS_ITCH_mbp1.dbn.zst,XOM_JAN_RTH,XNAS.ITCH,XOM,EVENT,-250,-200,10
XOM_JAN_RTH_XNAS_ITCH_mbp1.dbn.zst,XOM_JAN_RTH,XNAS.ITCH,XOM,EVENT,-200,-150,7
XOM_JAN_RTH_XNAS_ITCH_mbp1.dbn.zst,XOM_JAN_RTH,XNAS.ITCH,XOM,EVENT,-150,-100,12
XOM_JAN_RTH_XNAS_ITCH_mbp1.dbn.zst,XOM_JAN_RTH,XNAS.ITCH,XOM,EVENT,-100,-50,43
XOM_JAN_RTH_XNAS_ITCH_mbp1.dbn.zst,XOM_JAN_RTH,XNAS.ITCH,XOM,EVENT,-50,0,11
XOM_JAN_RTH_XNAS_ITCH_mbp1.dbn.zst,XOM_JAN_RTH,XNAS.ITCH,XOM,EVENT,0,50,12
XOM_JAN_RTH_XNAS_ITCH_mbp1.dbn.zst,XOM_JAN_RTH,XNAS.ITCH,XOM,EVENT,50,100,4
XOM_JAN_RTH_XNAS_ITCH_mbp1.dbn.zst,XOM_JAN_RTH,XNAS.ITCH,XOM,EVENT,100,150,3
XOM_JAN_RTH_XNAS_ITCH_mbp1.dbn.zst,XOM_JAN_RTH,XNAS.ITCH,XOM,EVENT,150,200,11
XOM_JAN_RTH_XNAS_ITCH_mbp1.dbn.zst,XOM_JAN_RTH,XNAS.ITCH,XOM,EVENT,200,250,1
XOM_JAN_RTH_XNAS_ITCH_mbp1.dbn.zst,XOM_JAN_RTH,XNAS.ITCH,XOM,EVENT,250,300,10
XOM_JAN_RTH_XNAS_ITCH_mbp1.dbn.zst,XOM_JAN_RTH,XNAS.ITCH,XOM,EVENT,300,350,10
XOM_JAN_RTH_XNAS_ITCH_mbp1.dbn.zst,XOM_JAN_RTH,XNAS.ITCH,XOM,EVENT,350,400,1
XOM_JAN_RTH_XNAS_ITCH_mbp1.dbn.zst,XOM_JAN_RTH,XNAS.ITCH,XOM,EVENT,400,450,2
XOM_JAN_RTH_XNAS_ITCH_mbp1.dbn.zst,XOM_JAN_RTH,XNAS.ITCH,XOM,EVENT,450,500,3
XOM_JAN_RTH_XNAS_ITCH_mbp1.dbn.zst,XOM_JAN_RTH,XNAS.ITCH,XOM,EVENT,500,550,5
XOM_JAN_RTH_XNAS_ITCH_mbp1.dbn.zst,XOM_JAN_RTH,XNAS.ITCH,XOM,EVENT,550,600,5
XOM_JAN_RTH_XNAS_ITCH_mbp1.dbn.zst,XOM_JAN_RTH,XNAS.ITCH,XOM,EVENT,600,650,3
XOM_JAN_RTH_XNAS_ITCH_mbp1.dbn.zst,XOM_JAN_RTH,XNAS.ITCH,XOM,EVENT,650,700,7
XOM_JAN_RTH_XNAS_ITCH_mbp1.dbn.zst,XOM_JAN_RTH,XNAS.ITCH,XOM,EVENT,700,750,13
XOM_JAN_RTH_XNAS_ITCH_mbp1.dbn.zst,XOM_JAN_RTH,XNAS.ITCH,XOM,EVENT,750,800,12
XOM_JAN_RTH_XNAS_ITCH_mbp1.dbn.zst,XOM_JAN_RTH,XNAS.ITCH,XOM,EVENT,800,850,7
XOM_JAN_RTH_XNAS_ITCH_mbp1.dbn.zst,XOM_JAN_RTH,XNAS.ITCH,XOM,EVENT,850,900,1
XOM_JAN_RTH_XNAS_ITCH_mbp1.dbn.zst,XOM_JAN_RTH,XNAS.ITCH,XOM,EVENT,900,950,2
XOM_JAN_RTH_XNAS_ITCH_mbp1.dbn.zst,XOM_JAN_RTH,XNAS.ITCH,XOM,EVENT,950,1000,5
XOM_JAN_RTH_XNAS_ITCH_mbp1.dbn.zst,XOM_JAN_RTH,XNAS.ITCH,XOM,EVENT,1000,1050,10
XOM_JAN_RTH_XNAS_ITCH_mbp1.dbn.zst,XOM_JAN_RTH,XNAS.ITCH,XOM,EVENT,1050,1100,2
XOM_JAN_RTH_XNAS_ITCH_mbp1.dbn.zst,XOM_JAN_RTH,XNAS.ITCH,XOM,EVENT,1100,1150,6
XOM_JAN_RTH_XNAS_ITCH_mbp1.dbn.zst,XOM_JAN_RTH,XNAS.ITCH,XOM,EVENT,1150,1200,8
XOM_JAN_RTH_XNAS_ITCH_mbp1.dbn.zst,XOM_JAN_RTH,XNAS.ITCH,XOM,EVENT,1200,1250,3
XOM_JAN_RTH_XNAS_ITCH_mbp1.dbn.zst,XOM_JAN_RTH,XNAS.ITCH,XOM,EVENT,1250,1300,1
XOM_JAN_RTH_XNAS_ITCH_mbp1.dbn.zst,XOM_JAN_RTH,XNAS.ITCH,XOM,EVENT,1300,1350,5
XOM_JAN_RTH_XNAS_ITCH_mbp1.dbn.zst,XOM_JAN_RTH,XNAS.ITCH,XOM,EVENT,1350,1400,4
XOM_JAN_RTH_XNAS_ITCH_mbp1.dbn.zst,XOM_JAN_RTH,XNAS.ITCH,XOM,EVENT,1400,1450,0
XOM_JAN_RTH_XNAS_ITCH_mbp1.dbn.zst,XOM_JAN_RTH,XNAS.ITCH,XOM,EVENT,1450,1500,0
XOM_JAN_RTH_XNAS_ITCH_mbp1.dbn.zst,XOM_JAN_RTH,XNAS.ITCH,XOM,EVENT,1500,1550,2
XOM_JAN_RTH_XNAS_ITCH_mbp1.dbn.zst,XOM_JAN_RTH,XNAS.ITCH,XOM,EVENT,1550,1600,0
XOM_JAN_RTH_XNAS_ITCH_mbp1.dbn.zst,XOM_JAN_RTH,XNAS.ITCH,XOM,EVENT,1600,1650,0
XOM_JAN_RTH_XNAS_ITCH_mbp1.dbn.zst,XOM_JAN_RTH,XNAS.ITCH,XOM,EVENT,1650,1700,10
XOM_JAN_RTH_XNAS_ITCH_mbp1.dbn.zst,XOM_JAN_RTH,XNAS.ITCH,XOM,EVENT,1700,1750,2
XOM_JAN_RTH_XNAS_ITCH_mbp1.dbn.zst,XOM_JAN_RTH,XNAS.ITCH,XOM,EVENT,1750,1800,1
XOM_JAN_RTH_XNAS_ITCH_mbp1.dbn.zst,XOM_JAN_RTH,XNAS.ITCH,XOM,EVENT,1800,1850,0
XOM_JAN_RTH_XNAS_ITCH_mbp1.dbn.zst,XOM_JAN_RTH,XNAS.ITCH,XOM,EVENT,1850,1900,14
XOM_JAN_RTH_XNAS_ITCH_mbp1.dbn.zst,XOM_JAN_RTH,XNAS.ITCH,XOM,EVENT,1900,1950,1
XOM_JAN_RTH_XNAS_ITCH_mbp1.dbn.zst,XOM_JAN_RTH,XNAS.ITCH,XOM,EVENT,1950,2000,2
XOM_JAN_RTH_XNAS_ITCH_mbp1.dbn.zst,XOM_JAN_RTH,XNAS.ITCH,XOM,EVENT,2000,2050,20
XOM_JAN_RTH_XNAS_ITCH_mbp1.dbn.zst,XOM_JAN_RTH,XNAS.ITCH,XOM,EVENT,2050,2100,2
XOM_JAN_RTH_XNAS_ITCH_mbp1.dbn.zst,XOM_JAN_RTH,XNAS.ITCH,XOM,EVENT,2100,2150,1
XOM_JAN_RTH_XNAS_ITCH_mbp1.dbn.zst,XOM_JAN_RTH,XNAS.ITCH,XOM,EVENT,2150,2200,2
XOM_JAN_RTH_XNAS_ITCH_mbp1.dbn.zst,XOM_JAN_RTH,XNAS.ITCH,XOM,EVENT,2200,2250,4
XOM_JAN_RTH_XNAS_ITCH_mbp1.dbn.zst,XOM_JAN_RTH,XNAS.ITCH,XOM,EVENT,2250,2300,0
XOM_JAN_RTH_XNAS_ITCH_mbp1.dbn.zst,XOM_JAN_RTH,XNAS.ITCH,XOM,EVENT,2300,2350,4
XOM_JAN_RTH_XNAS_ITCH_mbp1.dbn.zst,XOM_JAN_RTH,XNAS.ITCH,XOM,EVENT,2350,2400,5
XOM_JAN_RTH_XNAS_ITCH_mbp1.dbn.zst,XOM_JAN_RTH,XNAS.ITCH,XOM,EVENT,2400,2450,0
XOM_JAN_RTH_XNAS_ITCH_mbp1.dbn.zst,XOM_JAN_RTH,XNAS.ITCH,XOM,EVENT,2450,2500,2
XOM_JAN_RTH_XNAS_ITCH_mbp1.dbn.zst,XOM_JAN_RTH,XNAS.ITCH,XOM,EVENT,2500,2550,0
XOM_JAN_RTH_XNAS_ITCH_mbp1.dbn.zst,XOM_JAN_RTH,XNAS.ITCH,XOM,EVENT,2550,2600,0
XOM_JAN_RTH_XNAS_ITCH_mbp1.dbn.zst,XOM_JAN_RTH,XNAS.ITCH,XOM,EVENT,2600,2650,2
XOM_JAN_RTH_XNAS_ITCH_mbp1.dbn.zst,XOM_JAN_RTH,XNAS.ITCH,XOM,EVENT,2650,2700,3
XOM_JAN_RTH_XNAS_ITCH_mbp1.dbn.zst,XOM_JAN_RTH,XNAS.ITCH,XOM,EVENT,2700,2750,2
XOM_JAN_RTH_XNAS_ITCH_mbp1.dbn.zst,XOM_JAN_RTH,XNAS.ITCH,XOM,EVENT,2750,2800,0
XOM_JAN_RTH_XNAS_ITCH_mbp1.dbn.zst,XOM_JAN_RTH,XNAS.ITCH,XOM,EVENT,2800,2850,3
XOM_JAN_RTH_XNAS_ITCH_mbp1.dbn.zst,XOM_JAN_RTH,XNAS.ITCH,XOM,EVENT,2850,2900,2
XOM_JAN_RTH_XNAS_ITCH_mbp1.dbn.zst,XOM_JAN_RTH,XNAS.ITCH,XOM,EVENT,2900,2950,3
XOM_JAN_RTH_XNAS_ITCH_mbp1.dbn.zst,XOM_JAN_RTH,XNAS.ITCH,XOM,EVENT,2950,3000,4
XOM_JAN_RTH_XNAS_ITCH_mbp1.dbn.zst,XOM_JAN_RTH,XNAS.ITCH,XOM,EVENT,3000,3050,2
XOM_JAN_RTH_XNAS_ITCH_mbp1.dbn.zst,XOM_JAN_RTH,XNAS.ITCH,XOM,EVENT,3050,3100,7
XOM_JAN_RTH_XNAS_ITCH_mbp1.dbn.zst,XOM_JAN_RTH,XNAS.ITCH,XOM,EVENT,3100,3150,0
XOM_JAN_RTH_XNAS_ITCH_mbp1.dbn.zst,XOM_JAN_RTH,XNAS.ITCH,XOM,EVENT,3150,3200,1
XOM_JAN_RTH_XNAS_ITCH_mbp1.dbn.zst,XOM_JAN_RTH,XNAS.ITCH,XOM,EVENT,3200,3250,0
XOM_JAN_RTH_XNAS_ITCH_mbp1.dbn.zst,XOM_JAN_RTH,XNAS.ITCH,XOM,EVENT,3250,3300,0
XOM_JAN_RTH_XNAS_ITCH_mbp1.dbn.zst,XOM_JAN_RTH,XNAS.ITCH,XOM,EVENT,3300,3350,4
XOM_JAN_RTH_XNAS_ITCH_mbp1.dbn.zst,XOM_JAN_RTH,XNAS.ITCH,XOM,EVENT,3350,3400,1
XOM_JAN_RTH_XNAS_ITCH_mbp1.dbn.zst,XOM_JAN_RTH,XNAS.ITCH,XOM,EVENT,3400,3450,7
XOM_JAN_RTH_XNAS_ITCH_mbp1.dbn.zst,XOM_JAN_RTH,XNAS.ITCH,XOM,EVENT,3450,3500,2
XOM_JAN_RTH_XNAS_ITCH_mbp1.dbn.zst,XOM_JAN_RTH,XNAS.ITCH,XOM,EVENT,3500,3550,4
XOM_JAN_RTH_XNAS_ITCH_mbp1.dbn.zst,XOM_JAN_RTH,XNAS.ITCH,XOM,EVENT,3550,3600,0
XOM_JAN_RTH_XNAS_ITCH_mbp1.dbn.zst,XOM_JAN_RTH,XNAS.ITCH,XOM,EVENT,3600,3650,0
XOM_JAN_RTH_XNAS_ITCH_mbp1.dbn.zst,XOM_JAN_RTH,XNAS.ITCH,XOM,EVENT,3650,3700,1
XOM_JAN_RTH_XNAS_ITCH_mbp1.dbn.zst,XOM_JAN_RTH,XNAS.ITCH,XOM,EVENT,3700,3750,4
XOM_JAN_RTH_XNAS_ITCH_mbp1.dbn.zst,XOM_JAN_RTH,XNAS.ITCH,XOM,EVENT,3750,3800,1
XOM_JAN_RTH_XNAS_ITCH_mbp1.dbn.zst,XOM_JAN_RTH,XNAS.ITCH,XOM,EVENT,3800,3850,6
XOM_JAN_RTH_XNAS_ITCH_mbp1.dbn.zst,XOM_JAN_RTH,XNAS.ITCH,XOM,EVENT,3850,3900,0
XOM_JAN_RTH_XNAS_ITCH_mbp1.dbn.zst,XOM_JAN_RTH,XNAS.ITCH,XOM,EVENT,3900,3950,5
XOM_JAN_RTH_XNAS_ITCH_mbp1.dbn.zst,XOM_JAN_RTH,XNAS.ITCH,XOM,EVENT,3950,4000,1
XOM_JAN_RTH_XNAS_ITCH_mbp1.dbn.zst,XOM_JAN_RTH,XNAS.ITCH,XOM,EVENT,4000,4050,2
XOM_JAN_RTH_XNAS_ITCH_mbp1.dbn.zst,XOM_JAN_RTH,XNAS.ITCH,XOM,EVENT,4050,4100,4
XOM_JAN_RTH_XNAS_ITCH_mbp1.dbn.zst,XOM_JAN_RTH,XNAS.ITCH,XOM,EVENT,4100,4150,2
XOM_JAN_RTH_XNAS_ITCH_mbp1.dbn.zst,XOM_JAN_RTH,XNAS.ITCH,XOM,EVENT,4150,4200,0
XOM_JAN_RTH_XNAS_ITCH_mbp1.dbn.zst,XOM_JAN_RTH,XNAS.ITCH,XOM,EVENT,4200,4250,0
XOM_JAN_RTH_XNAS_ITCH_mbp1.dbn.zst,XOM_JAN_RTH,XNAS.ITCH,XOM,EVENT,4250,4300,6
XOM_JAN_RTH_XNAS_ITCH_mbp1.dbn.zst,XOM_JAN_RTH,XNAS.ITCH,XOM,EVENT,4300,4350,0
XOM_JAN_RTH_XNAS_ITCH_mbp1.dbn.zst,XOM_JAN_RTH,XNAS.ITCH,XOM,EVENT,4350,4400,9
XOM_JAN_RTH_XNAS_ITCH_mbp1.dbn.zst,XOM_JAN_RTH,XNAS.ITCH,XOM,EVENT,4400,4450,3
XOM_JAN_RTH_XNAS_ITCH_mbp1.dbn.zst,XOM_JAN_RTH,XNAS.ITCH,XOM,EVENT,4450,4500,2
XOM_JAN_RTH_XNAS_ITCH_mbp1.dbn.zst,XOM_JAN_RTH,XNAS.ITCH,XOM,EVENT,4500,4550,4
XOM_JAN_RTH_XNAS_ITCH_mbp1.dbn.zst,XOM_JAN_RTH,XNAS.ITCH,XOM,EVENT,4550,4600,4
XOM_JAN_RTH_XNAS_ITCH_mbp1.dbn.zst,XOM_JAN_RTH,XNAS.ITCH,XOM,EVENT,4600,4650,4
XOM_JAN_RTH_XNAS_ITCH_mbp1.dbn.zst,XOM_JAN_RTH,XNAS.ITCH,XOM,EVENT,4650,4700,0
XOM_JAN_RTH_XNAS_ITCH_mbp1.dbn.zst,XOM_JAN_RTH,XNAS.ITCH,XOM,EVENT,4700,4750,4
XOM_JAN_RTH_XNAS_ITCH_mbp1.dbn.zst,XOM_JAN_RTH,XNAS.ITCH,XOM,EVENT,4750,4800,4
XOM_JAN_RTH_XNAS_ITCH_mbp1.dbn.zst,XOM_JAN_RTH,XNAS.ITCH,XOM,EVENT,4800,4850,23
XOM_JAN_RTH_XNAS_ITCH_mbp1.dbn.zst,XOM_JAN_RTH,XNAS.ITCH,XOM,EVENT,4850,4900,12
XOM_JAN_RTH_XNAS_ITCH_mbp1.dbn.zst,XOM_JAN_RTH,XNAS.ITCH,XOM,EVENT,4900,4950,5
XOM_JAN_RTH_XNAS_ITCH_mbp1.dbn.zst,XOM_JAN_RTH,XNAS.ITCH,XOM,EVENT,4950,5000,16
XOM_JAN_RTH_XNAS_ITCH_mbp1.dbn.zst,XOM_JAN_RTH,XNAS.ITCH,XOM,RECEIVE,-5000,-4950,8
XOM_JAN_RTH_XNAS_ITCH_mbp1.dbn.zst,XOM_JAN_RTH,XNAS.ITCH,XOM,RECEIVE,-4950,-4900,0
XOM_JAN_RTH_XNAS_ITCH_mbp1.dbn.zst,XOM_JAN_RTH,XNAS.ITCH,XOM,RECEIVE,-4900,-4850,0
XOM_JAN_RTH_XNAS_ITCH_mbp1.dbn.zst,XOM_JAN_RTH,XNAS.ITCH,XOM,RECEIVE,-4850,-4800,6
XOM_JAN_RTH_XNAS_ITCH_mbp1.dbn.zst,XOM_JAN_RTH,XNAS.ITCH,XOM,RECEIVE,-4800,-4750,2
XOM_JAN_RTH_XNAS_ITCH_mbp1.dbn.zst,XOM_JAN_RTH,XNAS.ITCH,XOM,RECEIVE,-4750,-4700,0
XOM_JAN_RTH_XNAS_ITCH_mbp1.dbn.zst,XOM_JAN_RTH,XNAS.ITCH,XOM,RECEIVE,-4700,-4650,5
XOM_JAN_RTH_XNAS_ITCH_mbp1.dbn.zst,XOM_JAN_RTH,XNAS.ITCH,XOM,RECEIVE,-4650,-4600,1
XOM_JAN_RTH_XNAS_ITCH_mbp1.dbn.zst,XOM_JAN_RTH,XNAS.ITCH,XOM,RECEIVE,-4600,-4550,1
XOM_JAN_RTH_XNAS_ITCH_mbp1.dbn.zst,XOM_JAN_RTH,XNAS.ITCH,XOM,RECEIVE,-4550,-4500,4
XOM_JAN_RTH_XNAS_ITCH_mbp1.dbn.zst,XOM_JAN_RTH,XNAS.ITCH,XOM,RECEIVE,-4500,-4450,2
XOM_JAN_RTH_XNAS_ITCH_mbp1.dbn.zst,XOM_JAN_RTH,XNAS.ITCH,XOM,RECEIVE,-4450,-4400,4
XOM_JAN_RTH_XNAS_ITCH_mbp1.dbn.zst,XOM_JAN_RTH,XNAS.ITCH,XOM,RECEIVE,-4400,-4350,0
XOM_JAN_RTH_XNAS_ITCH_mbp1.dbn.zst,XOM_JAN_RTH,XNAS.ITCH,XOM,RECEIVE,-4350,-4300,8
XOM_JAN_RTH_XNAS_ITCH_mbp1.dbn.zst,XOM_JAN_RTH,XNAS.ITCH,XOM,RECEIVE,-4300,-4250,1
XOM_JAN_RTH_XNAS_ITCH_mbp1.dbn.zst,XOM_JAN_RTH,XNAS.ITCH,XOM,RECEIVE,-4250,-4200,9
XOM_JAN_RTH_XNAS_ITCH_mbp1.dbn.zst,XOM_JAN_RTH,XNAS.ITCH,XOM,RECEIVE,-4200,-4150,6
XOM_JAN_RTH_XNAS_ITCH_mbp1.dbn.zst,XOM_JAN_RTH,XNAS.ITCH,XOM,RECEIVE,-4150,-4100,2
XOM_JAN_RTH_XNAS_ITCH_mbp1.dbn.zst,XOM_JAN_RTH,XNAS.ITCH,XOM,RECEIVE,-4100,-4050,9
XOM_JAN_RTH_XNAS_ITCH_mbp1.dbn.zst,XOM_JAN_RTH,XNAS.ITCH,XOM,RECEIVE,-4050,-4000,0
XOM_JAN_RTH_XNAS_ITCH_mbp1.dbn.zst,XOM_JAN_RTH,XNAS.ITCH,XOM,RECEIVE,-4000,-3950,2
XOM_JAN_RTH_XNAS_ITCH_mbp1.dbn.zst,XOM_JAN_RTH,XNAS.ITCH,XOM,RECEIVE,-3950,-3900,1
XOM_JAN_RTH_XNAS_ITCH_mbp1.dbn.zst,XOM_JAN_RTH,XNAS.ITCH,XOM,RECEIVE,-3900,-3850,2
XOM_JAN_RTH_XNAS_ITCH_mbp1.dbn.zst,XOM_JAN_RTH,XNAS.ITCH,XOM,RECEIVE,-3850,-3800,6
XOM_JAN_RTH_XNAS_ITCH_mbp1.dbn.zst,XOM_JAN_RTH,XNAS.ITCH,XOM,RECEIVE,-3800,-3750,12
XOM_JAN_RTH_XNAS_ITCH_mbp1.dbn.zst,XOM_JAN_RTH,XNAS.ITCH,XOM,RECEIVE,-3750,-3700,1
XOM_JAN_RTH_XNAS_ITCH_mbp1.dbn.zst,XOM_JAN_RTH,XNAS.ITCH,XOM,RECEIVE,-3700,-3650,3
XOM_JAN_RTH_XNAS_ITCH_mbp1.dbn.zst,XOM_JAN_RTH,XNAS.ITCH,XOM,RECEIVE,-3650,-3600,4
XOM_JAN_RTH_XNAS_ITCH_mbp1.dbn.zst,XOM_JAN_RTH,XNAS.ITCH,XOM,RECEIVE,-3600,-3550,2
XOM_JAN_RTH_XNAS_ITCH_mbp1.dbn.zst,XOM_JAN_RTH,XNAS.ITCH,XOM,RECEIVE,-3550,-3500,1
XOM_JAN_RTH_XNAS_ITCH_mbp1.dbn.zst,XOM_JAN_RTH,XNAS.ITCH,XOM,RECEIVE,-3500,-3450,3
XOM_JAN_RTH_XNAS_ITCH_mbp1.dbn.zst,XOM_JAN_RTH,XNAS.ITCH,XOM,RECEIVE,-3450,-3400,4
XOM_JAN_RTH_XNAS_ITCH_mbp1.dbn.zst,XOM_JAN_RTH,XNAS.ITCH,XOM,RECEIVE,-3400,-3350,0
XOM_JAN_RTH_XNAS_ITCH_mbp1.dbn.zst,XOM_JAN_RTH,XNAS.ITCH,XOM,RECEIVE,-3350,-3300,3
XOM_JAN_RTH_XNAS_ITCH_mbp1.dbn.zst,XOM_JAN_RTH,XNAS.ITCH,XOM,RECEIVE,-3300,-3250,2
XOM_JAN_RTH_XNAS_ITCH_mbp1.dbn.zst,XOM_JAN_RTH,XNAS.ITCH,XOM,RECEIVE,-3250,-3200,4
XOM_JAN_RTH_XNAS_ITCH_mbp1.dbn.zst,XOM_JAN_RTH,XNAS.ITCH,XOM,RECEIVE,-3200,-3150,3
XOM_JAN_RTH_XNAS_ITCH_mbp1.dbn.zst,XOM_JAN_RTH,XNAS.ITCH,XOM,RECEIVE,-3150,-3100,5
XOM_JAN_RTH_XNAS_ITCH_mbp1.dbn.zst,XOM_JAN_RTH,XNAS.ITCH,XOM,RECEIVE,-3100,-3050,14
XOM_JAN_RTH_XNAS_ITCH_mbp1.dbn.zst,XOM_JAN_RTH,XNAS.ITCH,XOM,RECEIVE,-3050,-3000,8
XOM_JAN_RTH_XNAS_ITCH_mbp1.dbn.zst,XOM_JAN_RTH,XNAS.ITCH,XOM,RECEIVE,-3000,-2950,8
XOM_JAN_RTH_XNAS_ITCH_mbp1.dbn.zst,XOM_JAN_RTH,XNAS.ITCH,XOM,RECEIVE,-2950,-2900,3
XOM_JAN_RTH_XNAS_ITCH_mbp1.dbn.zst,XOM_JAN_RTH,XNAS.ITCH,XOM,RECEIVE,-2900,-2850,0
XOM_JAN_RTH_XNAS_ITCH_mbp1.dbn.zst,XOM_JAN_RTH,XNAS.ITCH,XOM,RECEIVE,-2850,-2800,4
XOM_JAN_RTH_XNAS_ITCH_mbp1.dbn.zst,XOM_JAN_RTH,XNAS.ITCH,XOM,RECEIVE,-2800,-2750,3
XOM_JAN_RTH_XNAS_ITCH_mbp1.dbn.zst,XOM_JAN_RTH,XNAS.ITCH,XOM,RECEIVE,-2750,-2700,6
XOM_JAN_RTH_XNAS_ITCH_mbp1.dbn.zst,XOM_JAN_RTH,XNAS.ITCH,XOM,RECEIVE,-2700,-2650,0
XOM_JAN_RTH_XNAS_ITCH_mbp1.dbn.zst,XOM_JAN_RTH,XNAS.ITCH,XOM,RECEIVE,-2650,-2600,2
XOM_JAN_RTH_XNAS_ITCH_mbp1.dbn.zst,XOM_JAN_RTH,XNAS.ITCH,XOM,RECEIVE,-2600,-2550,8
XOM_JAN_RTH_XNAS_ITCH_mbp1.dbn.zst,XOM_JAN_RTH,XNAS.ITCH,XOM,RECEIVE,-2550,-2500,0
XOM_JAN_RTH_XNAS_ITCH_mbp1.dbn.zst,XOM_JAN_RTH,XNAS.ITCH,XOM,RECEIVE,-2500,-2450,1
XOM_JAN_RTH_XNAS_ITCH_mbp1.dbn.zst,XOM_JAN_RTH,XNAS.ITCH,XOM,RECEIVE,-2450,-2400,1
XOM_JAN_RTH_XNAS_ITCH_mbp1.dbn.zst,XOM_JAN_RTH,XNAS.ITCH,XOM,RECEIVE,-2400,-2350,5
XOM_JAN_RTH_XNAS_ITCH_mbp1.dbn.zst,XOM_JAN_RTH,XNAS.ITCH,XOM,RECEIVE,-2350,-2300,9
XOM_JAN_RTH_XNAS_ITCH_mbp1.dbn.zst,XOM_JAN_RTH,XNAS.ITCH,XOM,RECEIVE,-2300,-2250,10
XOM_JAN_RTH_XNAS_ITCH_mbp1.dbn.zst,XOM_JAN_RTH,XNAS.ITCH,XOM,RECEIVE,-2250,-2200,12
XOM_JAN_RTH_XNAS_ITCH_mbp1.dbn.zst,XOM_JAN_RTH,XNAS.ITCH,XOM,RECEIVE,-2200,-2150,1
XOM_JAN_RTH_XNAS_ITCH_mbp1.dbn.zst,XOM_JAN_RTH,XNAS.ITCH,XOM,RECEIVE,-2150,-2100,14
XOM_JAN_RTH_XNAS_ITCH_mbp1.dbn.zst,XOM_JAN_RTH,XNAS.ITCH,XOM,RECEIVE,-2100,-2050,4
XOM_JAN_RTH_XNAS_ITCH_mbp1.dbn.zst,XOM_JAN_RTH,XNAS.ITCH,XOM,RECEIVE,-2050,-2000,24
XOM_JAN_RTH_XNAS_ITCH_mbp1.dbn.zst,XOM_JAN_RTH,XNAS.ITCH,XOM,RECEIVE,-2000,-1950,3
XOM_JAN_RTH_XNAS_ITCH_mbp1.dbn.zst,XOM_JAN_RTH,XNAS.ITCH,XOM,RECEIVE,-1950,-1900,4
XOM_JAN_RTH_XNAS_ITCH_mbp1.dbn.zst,XOM_JAN_RTH,XNAS.ITCH,XOM,RECEIVE,-1900,-1850,4
XOM_JAN_RTH_XNAS_ITCH_mbp1.dbn.zst,XOM_JAN_RTH,XNAS.ITCH,XOM,RECEIVE,-1850,-1800,7
XOM_JAN_RTH_XNAS_ITCH_mbp1.dbn.zst,XOM_JAN_RTH,XNAS.ITCH,XOM,RECEIVE,-1800,-1750,9
XOM_JAN_RTH_XNAS_ITCH_mbp1.dbn.zst,XOM_JAN_RTH,XNAS.ITCH,XOM,RECEIVE,-1750,-1700,31
XOM_JAN_RTH_XNAS_ITCH_mbp1.dbn.zst,XOM_JAN_RTH,XNAS.ITCH,XOM,RECEIVE,-1700,-1650,5
XOM_JAN_RTH_XNAS_ITCH_mbp1.dbn.zst,XOM_JAN_RTH,XNAS.ITCH,XOM,RECEIVE,-1650,-1600,9
XOM_JAN_RTH_XNAS_ITCH_mbp1.dbn.zst,XOM_JAN_RTH,XNAS.ITCH,XOM,RECEIVE,-1600,-1550,10
XOM_JAN_RTH_XNAS_ITCH_mbp1.dbn.zst,XOM_JAN_RTH,XNAS.ITCH,XOM,RECEIVE,-1550,-1500,20
XOM_JAN_RTH_XNAS_ITCH_mbp1.dbn.zst,XOM_JAN_RTH,XNAS.ITCH,XOM,RECEIVE,-1500,-1450,11
XOM_JAN_RTH_XNAS_ITCH_mbp1.dbn.zst,XOM_JAN_RTH,XNAS.ITCH,XOM,RECEIVE,-1450,-1400,18
XOM_JAN_RTH_XNAS_ITCH_mbp1.dbn.zst,XOM_JAN_RTH,XNAS.ITCH,XOM,RECEIVE,-1400,-1350,6
XOM_JAN_RTH_XNAS_ITCH_mbp1.dbn.zst,XOM_JAN_RTH,XNAS.ITCH,XOM,RECEIVE,-1350,-1300,7
XOM_JAN_RTH_XNAS_ITCH_mbp1.dbn.zst,XOM_JAN_RTH,XNAS.ITCH,XOM,RECEIVE,-1300,-1250,18
XOM_JAN_RTH_XNAS_ITCH_mbp1.dbn.zst,XOM_JAN_RTH,XNAS.ITCH,XOM,RECEIVE,-1250,-1200,27
XOM_JAN_RTH_XNAS_ITCH_mbp1.dbn.zst,XOM_JAN_RTH,XNAS.ITCH,XOM,RECEIVE,-1200,-1150,11
XOM_JAN_RTH_XNAS_ITCH_mbp1.dbn.zst,XOM_JAN_RTH,XNAS.ITCH,XOM,RECEIVE,-1150,-1100,12
XOM_JAN_RTH_XNAS_ITCH_mbp1.dbn.zst,XOM_JAN_RTH,XNAS.ITCH,XOM,RECEIVE,-1100,-1050,16
XOM_JAN_RTH_XNAS_ITCH_mbp1.dbn.zst,XOM_JAN_RTH,XNAS.ITCH,XOM,RECEIVE,-1050,-1000,8
XOM_JAN_RTH_XNAS_ITCH_mbp1.dbn.zst,XOM_JAN_RTH,XNAS.ITCH,XOM,RECEIVE,-1000,-950,31
XOM_JAN_RTH_XNAS_ITCH_mbp1.dbn.zst,XOM_JAN_RTH,XNAS.ITCH,XOM,RECEIVE,-950,-900,23
XOM_JAN_RTH_XNAS_ITCH_mbp1.dbn.zst,XOM_JAN_RTH,XNAS.ITCH,XOM,RECEIVE,-900,-850,19
XOM_JAN_RTH_XNAS_ITCH_mbp1.dbn.zst,XOM_JAN_RTH,XNAS.ITCH,XOM,RECEIVE,-850,-800,17
XOM_JAN_RTH_XNAS_ITCH_mbp1.dbn.zst,XOM_JAN_RTH,XNAS.ITCH,XOM,RECEIVE,-800,-750,26
XOM_JAN_RTH_XNAS_ITCH_mbp1.dbn.zst,XOM_JAN_RTH,XNAS.ITCH,XOM,RECEIVE,-750,-700,10
XOM_JAN_RTH_XNAS_ITCH_mbp1.dbn.zst,XOM_JAN_RTH,XNAS.ITCH,XOM,RECEIVE,-700,-650,17
XOM_JAN_RTH_XNAS_ITCH_mbp1.dbn.zst,XOM_JAN_RTH,XNAS.ITCH,XOM,RECEIVE,-650,-600,11
XOM_JAN_RTH_XNAS_ITCH_mbp1.dbn.zst,XOM_JAN_RTH,XNAS.ITCH,XOM,RECEIVE,-600,-550,22
XOM_JAN_RTH_XNAS_ITCH_mbp1.dbn.zst,XOM_JAN_RTH,XNAS.ITCH,XOM,RECEIVE,-550,-500,19
XOM_JAN_RTH_XNAS_ITCH_mbp1.dbn.zst,XOM_JAN_RTH,XNAS.ITCH,XOM,RECEIVE,-500,-450,11
XOM_JAN_RTH_XNAS_ITCH_mbp1.dbn.zst,XOM_JAN_RTH,XNAS.ITCH,XOM,RECEIVE,-450,-400,8
XOM_JAN_RTH_XNAS_ITCH_mbp1.dbn.zst,XOM_JAN_RTH,XNAS.ITCH,XOM,RECEIVE,-400,-350,7
XOM_JAN_RTH_XNAS_ITCH_mbp1.dbn.zst,XOM_JAN_RTH,XNAS.ITCH,XOM,RECEIVE,-350,-300,16
XOM_JAN_RTH_XNAS_ITCH_mbp1.dbn.zst,XOM_JAN_RTH,XNAS.ITCH,XOM,RECEIVE,-300,-250,5
XOM_JAN_RTH_XNAS_ITCH_mbp1.dbn.zst,XOM_JAN_RTH,XNAS.ITCH,XOM,RECEIVE,-250,-200,9
XOM_JAN_RTH_XNAS_ITCH_mbp1.dbn.zst,XOM_JAN_RTH,XNAS.ITCH,XOM,RECEIVE,-200,-150,16
XOM_JAN_RTH_XNAS_ITCH_mbp1.dbn.zst,XOM_JAN_RTH,XNAS.ITCH,XOM,RECEIVE,-150,-100,27
XOM_JAN_RTH_XNAS_ITCH_mbp1.dbn.zst,XOM_JAN_RTH,XNAS.ITCH,XOM,RECEIVE,-100,-50,19
XOM_JAN_RTH_XNAS_ITCH_mbp1.dbn.zst,XOM_JAN_RTH,XNAS.ITCH,XOM,RECEIVE,-50,0,10
XOM_JAN_RTH_XNAS_ITCH_mbp1.dbn.zst,XOM_JAN_RTH,XNAS.ITCH,XOM,RECEIVE,0,50,13
XOM_JAN_RTH_XNAS_ITCH_mbp1.dbn.zst,XOM_JAN_RTH,XNAS.ITCH,XOM,RECEIVE,50,100,4
XOM_JAN_RTH_XNAS_ITCH_mbp1.dbn.zst,XOM_JAN_RTH,XNAS.ITCH,XOM,RECEIVE,100,150,4
XOM_JAN_RTH_XNAS_ITCH_mbp1.dbn.zst,XOM_JAN_RTH,XNAS.ITCH,XOM,RECEIVE,150,200,10
XOM_JAN_RTH_XNAS_ITCH_mbp1.dbn.zst,XOM_JAN_RTH,XNAS.ITCH,XOM,RECEIVE,200,250,0
XOM_JAN_RTH_XNAS_ITCH_mbp1.dbn.zst,XOM_JAN_RTH,XNAS.ITCH,XOM,RECEIVE,250,300,11
XOM_JAN_RTH_XNAS_ITCH_mbp1.dbn.zst,XOM_JAN_RTH,XNAS.ITCH,XOM,RECEIVE,300,350,11
XOM_JAN_RTH_XNAS_ITCH_mbp1.dbn.zst,XOM_JAN_RTH,XNAS.ITCH,XOM,RECEIVE,350,400,0
XOM_JAN_RTH_XNAS_ITCH_mbp1.dbn.zst,XOM_JAN_RTH,XNAS.ITCH,XOM,RECEIVE,400,450,2
XOM_JAN_RTH_XNAS_ITCH_mbp1.dbn.zst,XOM_JAN_RTH,XNAS.ITCH,XOM,RECEIVE,450,500,3
XOM_JAN_RTH_XNAS_ITCH_mbp1.dbn.zst,XOM_JAN_RTH,XNAS.ITCH,XOM,RECEIVE,500,550,4
XOM_JAN_RTH_XNAS_ITCH_mbp1.dbn.zst,XOM_JAN_RTH,XNAS.ITCH,XOM,RECEIVE,550,600,6
XOM_JAN_RTH_XNAS_ITCH_mbp1.dbn.zst,XOM_JAN_RTH,XNAS.ITCH,XOM,RECEIVE,600,650,3
XOM_JAN_RTH_XNAS_ITCH_mbp1.dbn.zst,XOM_JAN_RTH,XNAS.ITCH,XOM,RECEIVE,650,700,9
XOM_JAN_RTH_XNAS_ITCH_mbp1.dbn.zst,XOM_JAN_RTH,XNAS.ITCH,XOM,RECEIVE,700,750,11
XOM_JAN_RTH_XNAS_ITCH_mbp1.dbn.zst,XOM_JAN_RTH,XNAS.ITCH,XOM,RECEIVE,750,800,14
XOM_JAN_RTH_XNAS_ITCH_mbp1.dbn.zst,XOM_JAN_RTH,XNAS.ITCH,XOM,RECEIVE,800,850,5
XOM_JAN_RTH_XNAS_ITCH_mbp1.dbn.zst,XOM_JAN_RTH,XNAS.ITCH,XOM,RECEIVE,850,900,1
XOM_JAN_RTH_XNAS_ITCH_mbp1.dbn.zst,XOM_JAN_RTH,XNAS.ITCH,XOM,RECEIVE,900,950,4
XOM_JAN_RTH_XNAS_ITCH_mbp1.dbn.zst,XOM_JAN_RTH,XNAS.ITCH,XOM,RECEIVE,950,1000,3
XOM_JAN_RTH_XNAS_ITCH_mbp1.dbn.zst,XOM_JAN_RTH,XNAS.ITCH,XOM,RECEIVE,1000,1050,10
XOM_JAN_RTH_XNAS_ITCH_mbp1.dbn.zst,XOM_JAN_RTH,XNAS.ITCH,XOM,RECEIVE,1050,1100,2
XOM_JAN_RTH_XNAS_ITCH_mbp1.dbn.zst,XOM_JAN_RTH,XNAS.ITCH,XOM,RECEIVE,1100,1150,6
XOM_JAN_RTH_XNAS_ITCH_mbp1.dbn.zst,XOM_JAN_RTH,XNAS.ITCH,XOM,RECEIVE,1150,1200,8
XOM_JAN_RTH_XNAS_ITCH_mbp1.dbn.zst,XOM_JAN_RTH,XNAS.ITCH,XOM,RECEIVE,1200,1250,3
XOM_JAN_RTH_XNAS_ITCH_mbp1.dbn.zst,XOM_JAN_RTH,XNAS.ITCH,XOM,RECEIVE,1250,1300,1
XOM_JAN_RTH_XNAS_ITCH_mbp1.dbn.zst,XOM_JAN_RTH,XNAS.ITCH,XOM,RECEIVE,1300,1350,5
XOM_JAN_RTH_XNAS_ITCH_mbp1.dbn.zst,XOM_JAN_RTH,XNAS.ITCH,XOM,RECEIVE,1350,1400,4
XOM_JAN_RTH_XNAS_ITCH_mbp1.dbn.zst,XOM_JAN_RTH,XNAS.ITCH,XOM,RECEIVE,1400,1450,0
XOM_JAN_RTH_XNAS_ITCH_mbp1.dbn.zst,XOM_JAN_RTH,XNAS.ITCH,XOM,RECEIVE,1450,1500,0
XOM_JAN_RTH_XNAS_ITCH_mbp1.dbn.zst,XOM_JAN_RTH,XNAS.ITCH,XOM,RECEIVE,1500,1550,1
XOM_JAN_RTH_XNAS_ITCH_mbp1.dbn.zst,XOM_JAN_RTH,XNAS.ITCH,XOM,RECEIVE,1550,1600,1
XOM_JAN_RTH_XNAS_ITCH_mbp1.dbn.zst,XOM_JAN_RTH,XNAS.ITCH,XOM,RECEIVE,1600,1650,0
XOM_JAN_RTH_XNAS_ITCH_mbp1.dbn.zst,XOM_JAN_RTH,XNAS.ITCH,XOM,RECEIVE,1650,1700,3
XOM_JAN_RTH_XNAS_ITCH_mbp1.dbn.zst,XOM_JAN_RTH,XNAS.ITCH,XOM,RECEIVE,1700,1750,9
XOM_JAN_RTH_XNAS_ITCH_mbp1.dbn.zst,XOM_JAN_RTH,XNAS.ITCH,XOM,RECEIVE,1750,1800,1
XOM_JAN_RTH_XNAS_ITCH_mbp1.dbn.zst,XOM_JAN_RTH,XNAS.ITCH,XOM,RECEIVE,1800,1850,0
XOM_JAN_RTH_XNAS_ITCH_mbp1.dbn.zst,XOM_JAN_RTH,XNAS.ITCH,XOM,RECEIVE,1850,1900,0
XOM_JAN_RTH_XNAS_ITCH_mbp1.dbn.zst,XOM_JAN_RTH,XNAS.ITCH,XOM,RECEIVE,1900,1950,15
XOM_JAN_RTH_XNAS_ITCH_mbp1.dbn.zst,XOM_JAN_RTH,XNAS.ITCH,XOM,RECEIVE,1950,2000,1
XOM_JAN_RTH_XNAS_ITCH_mbp1.dbn.zst,XOM_JAN_RTH,XNAS.ITCH,XOM,RECEIVE,2000,2050,7
XOM_JAN_RTH_XNAS_ITCH_mbp1.dbn.zst,XOM_JAN_RTH,XNAS.ITCH,XOM,RECEIVE,2050,2100,16
XOM_JAN_RTH_XNAS_ITCH_mbp1.dbn.zst,XOM_JAN_RTH,XNAS.ITCH,XOM,RECEIVE,2100,2150,1
XOM_JAN_RTH_XNAS_ITCH_mbp1.dbn.zst,XOM_JAN_RTH,XNAS.ITCH,XOM,RECEIVE,2150,2200,2
XOM_JAN_RTH_XNAS_ITCH_mbp1.dbn.zst,XOM_JAN_RTH,XNAS.ITCH,XOM,RECEIVE,2200,2250,4
XOM_JAN_RTH_XNAS_ITCH_mbp1.dbn.zst,XOM_JAN_RTH,XNAS.ITCH,XOM,RECEIVE,2250,2300,0
XOM_JAN_RTH_XNAS_ITCH_mbp1.dbn.zst,XOM_JAN_RTH,XNAS.ITCH,XOM,RECEIVE,2300,2350,4
XOM_JAN_RTH_XNAS_ITCH_mbp1.dbn.zst,XOM_JAN_RTH,XNAS.ITCH,XOM,RECEIVE,2350,2400,5
XOM_JAN_RTH_XNAS_ITCH_mbp1.dbn.zst,XOM_JAN_RTH,XNAS.ITCH,XOM,RECEIVE,2400,2450,0
XOM_JAN_RTH_XNAS_ITCH_mbp1.dbn.zst,XOM_JAN_RTH,XNAS.ITCH,XOM,RECEIVE,2450,2500,2
XOM_JAN_RTH_XNAS_ITCH_mbp1.dbn.zst,XOM_JAN_RTH,XNAS.ITCH,XOM,RECEIVE,2500,2550,0
XOM_JAN_RTH_XNAS_ITCH_mbp1.dbn.zst,XOM_JAN_RTH,XNAS.ITCH,XOM,RECEIVE,2550,2600,0
XOM_JAN_RTH_XNAS_ITCH_mbp1.dbn.zst,XOM_JAN_RTH,XNAS.ITCH,XOM,RECEIVE,2600,2650,2
XOM_JAN_RTH_XNAS_ITCH_mbp1.dbn.zst,XOM_JAN_RTH,XNAS.ITCH,XOM,RECEIVE,2650,2700,4
XOM_JAN_RTH_XNAS_ITCH_mbp1.dbn.zst,XOM_JAN_RTH,XNAS.ITCH,XOM,RECEIVE,2700,2750,1
XOM_JAN_RTH_XNAS_ITCH_mbp1.dbn.zst,XOM_JAN_RTH,XNAS.ITCH,XOM,RECEIVE,2750,2800,0
XOM_JAN_RTH_XNAS_ITCH_mbp1.dbn.zst,XOM_JAN_RTH,XNAS.ITCH,XOM,RECEIVE,2800,2850,3
XOM_JAN_RTH_XNAS_ITCH_mbp1.dbn.zst,XOM_JAN_RTH,XNAS.ITCH,XOM,RECEIVE,2850,2900,2
XOM_JAN_RTH_XNAS_ITCH_mbp1.dbn.zst,XOM_JAN_RTH,XNAS.ITCH,XOM,RECEIVE,2900,2950,2
XOM_JAN_RTH_XNAS_ITCH_mbp1.dbn.zst,XOM_JAN_RTH,XNAS.ITCH,XOM,RECEIVE,2950,3000,5
XOM_JAN_RTH_XNAS_ITCH_mbp1.dbn.zst,XOM_JAN_RTH,XNAS.ITCH,XOM,RECEIVE,3000,3050,2
XOM_JAN_RTH_XNAS_ITCH_mbp1.dbn.zst,XOM_JAN_RTH,XNAS.ITCH,XOM,RECEIVE,3050,3100,7
XOM_JAN_RTH_XNAS_ITCH_mbp1.dbn.zst,XOM_JAN_RTH,XNAS.ITCH,XOM,RECEIVE,3100,3150,0
XOM_JAN_RTH_XNAS_ITCH_mbp1.dbn.zst,XOM_JAN_RTH,XNAS.ITCH,XOM,RECEIVE,3150,3200,1
XOM_JAN_RTH_XNAS_ITCH_mbp1.dbn.zst,XOM_JAN_RTH,XNAS.ITCH,XOM,RECEIVE,3200,3250,0
XOM_JAN_RTH_XNAS_ITCH_mbp1.dbn.zst,XOM_JAN_RTH,XNAS.ITCH,XOM,RECEIVE,3250,3300,0
XOM_JAN_RTH_XNAS_ITCH_mbp1.dbn.zst,XOM_JAN_RTH,XNAS.ITCH,XOM,RECEIVE,3300,3350,3
XOM_JAN_RTH_XNAS_ITCH_mbp1.dbn.zst,XOM_JAN_RTH,XNAS.ITCH,XOM,RECEIVE,3350,3400,4
XOM_JAN_RTH_XNAS_ITCH_mbp1.dbn.zst,XOM_JAN_RTH,XNAS.ITCH,XOM,RECEIVE,3400,3450,5
XOM_JAN_RTH_XNAS_ITCH_mbp1.dbn.zst,XOM_JAN_RTH,XNAS.ITCH,XOM,RECEIVE,3450,3500,1
XOM_JAN_RTH_XNAS_ITCH_mbp1.dbn.zst,XOM_JAN_RTH,XNAS.ITCH,XOM,RECEIVE,3500,3550,5
XOM_JAN_RTH_XNAS_ITCH_mbp1.dbn.zst,XOM_JAN_RTH,XNAS.ITCH,XOM,RECEIVE,3550,3600,0
XOM_JAN_RTH_XNAS_ITCH_mbp1.dbn.zst,XOM_JAN_RTH,XNAS.ITCH,XOM,RECEIVE,3600,3650,0
XOM_JAN_RTH_XNAS_ITCH_mbp1.dbn.zst,XOM_JAN_RTH,XNAS.ITCH,XOM,RECEIVE,3650,3700,1
XOM_JAN_RTH_XNAS_ITCH_mbp1.dbn.zst,XOM_JAN_RTH,XNAS.ITCH,XOM,RECEIVE,3700,3750,4
XOM_JAN_RTH_XNAS_ITCH_mbp1.dbn.zst,XOM_JAN_RTH,XNAS.ITCH,XOM,RECEIVE,3750,3800,2
XOM_JAN_RTH_XNAS_ITCH_mbp1.dbn.zst,XOM_JAN_RTH,XNAS.ITCH,XOM,RECEIVE,3800,3850,5
XOM_JAN_RTH_XNAS_ITCH_mbp1.dbn.zst,XOM_JAN_RTH,XNAS.ITCH,XOM,RECEIVE,3850,3900,0
XOM_JAN_RTH_XNAS_ITCH_mbp1.dbn.zst,XOM_JAN_RTH,XNAS.ITCH,XOM,RECEIVE,3900,3950,4
XOM_JAN_RTH_XNAS_ITCH_mbp1.dbn.zst,XOM_JAN_RTH,XNAS.ITCH,XOM,RECEIVE,3950,4000,2
XOM_JAN_RTH_XNAS_ITCH_mbp1.dbn.zst,XOM_JAN_RTH,XNAS.ITCH,XOM,RECEIVE,4000,4050,2
XOM_JAN_RTH_XNAS_ITCH_mbp1.dbn.zst,XOM_JAN_RTH,XNAS.ITCH,XOM,RECEIVE,4050,4100,4
XOM_JAN_RTH_XNAS_ITCH_mbp1.dbn.zst,XOM_JAN_RTH,XNAS.ITCH,XOM,RECEIVE,4100,4150,2
XOM_JAN_RTH_XNAS_ITCH_mbp1.dbn.zst,XOM_JAN_RTH,XNAS.ITCH,XOM,RECEIVE,4150,4200,0
XOM_JAN_RTH_XNAS_ITCH_mbp1.dbn.zst,XOM_JAN_RTH,XNAS.ITCH,XOM,RECEIVE,4200,4250,0
XOM_JAN_RTH_XNAS_ITCH_mbp1.dbn.zst,XOM_JAN_RTH,XNAS.ITCH,XOM,RECEIVE,4250,4300,6
XOM_JAN_RTH_XNAS_ITCH_mbp1.dbn.zst,XOM_JAN_RTH,XNAS.ITCH,XOM,RECEIVE,4300,4350,0
XOM_JAN_RTH_XNAS_ITCH_mbp1.dbn.zst,XOM_JAN_RTH,XNAS.ITCH,XOM,RECEIVE,4350,4400,9
XOM_JAN_RTH_XNAS_ITCH_mbp1.dbn.zst,XOM_JAN_RTH,XNAS.ITCH,XOM,RECEIVE,4400,4450,3
XOM_JAN_RTH_XNAS_ITCH_mbp1.dbn.zst,XOM_JAN_RTH,XNAS.ITCH,XOM,RECEIVE,4450,4500,2
XOM_JAN_RTH_XNAS_ITCH_mbp1.dbn.zst,XOM_JAN_RTH,XNAS.ITCH,XOM,RECEIVE,4500,4550,4
XOM_JAN_RTH_XNAS_ITCH_mbp1.dbn.zst,XOM_JAN_RTH,XNAS.ITCH,XOM,RECEIVE,4550,4600,4
XOM_JAN_RTH_XNAS_ITCH_mbp1.dbn.zst,XOM_JAN_RTH,XNAS.ITCH,XOM,RECEIVE,4600,4650,4
XOM_JAN_RTH_XNAS_ITCH_mbp1.dbn.zst,XOM_JAN_RTH,XNAS.ITCH,XOM,RECEIVE,4650,4700,0
XOM_JAN_RTH_XNAS_ITCH_mbp1.dbn.zst,XOM_JAN_RTH,XNAS.ITCH,XOM,RECEIVE,4700,4750,4
XOM_JAN_RTH_XNAS_ITCH_mbp1.dbn.zst,XOM_JAN_RTH,XNAS.ITCH,XOM,RECEIVE,4750,4800,3
XOM_JAN_RTH_XNAS_ITCH_mbp1.dbn.zst,XOM_JAN_RTH,XNAS.ITCH,XOM,RECEIVE,4800,4850,24
XOM_JAN_RTH_XNAS_ITCH_mbp1.dbn.zst,XOM_JAN_RTH,XNAS.ITCH,XOM,RECEIVE,4850,4900,12
XOM_JAN_RTH_XNAS_ITCH_mbp1.dbn.zst,XOM_JAN_RTH,XNAS.ITCH,XOM,RECEIVE,4900,4950,5
XOM_JAN_RTH_XNAS_ITCH_mbp1.dbn.zst,XOM_JAN_RTH,XNAS.ITCH,XOM,RECEIVE,4950,5000,2
XOM_JAN_XNAS_ITCH_mbp1.dbn.zst,XOM_JAN,XNAS.ITCH,XOM,EVENT,-5000,-4950,0
XOM_JAN_XNAS_ITCH_mbp1.dbn.zst,XOM_JAN,XNAS.ITCH,XOM,EVENT,-4950,-4900,0
XOM_JAN_XNAS_ITCH_mbp1.dbn.zst,XOM_JAN,XNAS.ITCH,XOM,EVENT,-4900,-4850,0
XOM_JAN_XNAS_ITCH_mbp1.dbn.zst,XOM_JAN,XNAS.ITCH,XOM,EVENT,-4850,-4800,0
XOM_JAN_XNAS_ITCH_mbp1.dbn.zst,XOM_JAN,XNAS.ITCH,XOM,EVENT,-4800,-4750,0
XOM_JAN_XNAS_ITCH_mbp1.dbn.zst,XOM_JAN,XNAS.ITCH,XOM,EVENT,-4750,-4700,0
XOM_JAN_XNAS_ITCH_mbp1.dbn.zst,XOM_JAN,XNAS.ITCH,XOM,EVENT,-4700,-4650,0
XOM_JAN_XNAS_ITCH_mbp1.dbn.zst,XOM_JAN,XNAS.ITCH,XOM,EVENT,-4650,-4600,0
XOM_JAN_XNAS_ITCH_mbp1.dbn.zst,XOM_JAN,XNAS.ITCH,XOM,EVENT,-4600,-4550,0
XOM_JAN_XNAS_ITCH_mbp1.dbn.zst,XOM_JAN,XNAS.ITCH,XOM,EVENT,-4550,-4500,0
XOM_JAN_XNAS_ITCH_mbp1.dbn.zst,XOM_JAN,XNAS.ITCH,XOM,EVENT,-4500,-4450,0
XOM_JAN_XNAS_ITCH_mbp1.dbn.zst,XOM_JAN,XNAS.ITCH,XOM,EVENT,-4450,-4400,0
XOM_JAN_XNAS_ITCH_mbp1.dbn.zst,XOM_JAN,XNAS.ITCH,XOM,EVENT,-4400,-4350,0
XOM_JAN_XNAS_ITCH_mbp1.dbn.zst,XOM_JAN,XNAS.ITCH,XOM,EVENT,-4350,-4300,0
XOM_JAN_XNAS_ITCH_mbp1.dbn.zst,XOM_JAN,XNAS.ITCH,XOM,EVENT,-4300,-4250,0
XOM_JAN_XNAS_ITCH_mbp1.dbn.zst,XOM_JAN,XNAS.ITCH,XOM,EVENT,-4250,-4200,0
XOM_JAN_XNAS_ITCH_mbp1.dbn.zst,XOM_JAN,XNAS.ITCH,XOM,EVENT,-4200,-4150,0
XOM_JAN_XNAS_ITCH_mbp1.dbn.zst,XOM_JAN,XNAS.ITCH,XOM,EVENT,-4150,-4100,0
XOM_JAN_XNAS_ITCH_mbp1.dbn.zst,XOM_JAN,XNAS.ITCH,XOM,EVENT,-4100,-4050,0
XOM_JAN_XNAS_ITCH_mbp1.dbn.zst,XOM_JAN,XNAS.ITCH,XOM,EVENT,-4050,-4000,0
XOM_JAN_XNAS_ITCH_mbp1.dbn.zst,XOM_JAN,XNAS.ITCH,XOM,EVENT,-4000,-3950,0
XOM_JAN_XNAS_ITCH_mbp1.dbn.zst,XOM_JAN,XNAS.ITCH,XOM,EVENT,-3950,-3900,0
XOM_JAN_XNAS_ITCH_mbp1.dbn.zst,XOM_JAN,XNAS.ITCH,XOM,EVENT,-3900,-3850,0
XOM_JAN_XNAS_ITCH_mbp1.dbn.zst,XOM_JAN,XNAS.ITCH,XOM,EVENT,-3850,-3800,0
XOM_JAN_XNAS_ITCH_mbp1.dbn.zst,XOM_JAN,XNAS.ITCH,XOM,EVENT,-3800,-3750,0
XOM_JAN_XNAS_ITCH_mbp1.dbn.zst,XOM_JAN,XNAS.ITCH,XOM,EVENT,-3750,-3700,0
XOM_JAN_XNAS_ITCH_mbp1.dbn.zst,XOM_JAN,XNAS.ITCH,XOM,EVENT,-3700,-3650,0
XOM_JAN_XNAS_ITCH_mbp1.dbn.zst,XOM_JAN,XNAS.ITCH,XOM,EVENT,-3650,-3600,0
XOM_JAN_XNAS_ITCH_mbp1.dbn.zst,XOM_JAN,XNAS.ITCH,XOM,EVENT,-3600,-3550,0
XOM_JAN_XNAS_ITCH_mbp1.dbn.zst,XOM_JAN,XNAS.ITCH,XOM,EVENT,-3550,-3500,0
XOM_JAN_XNAS_ITCH_mbp1.dbn.zst,XOM_JAN,XNAS.ITCH,XOM,EVENT,-3500,-3450,0
XOM_JAN_XNAS_ITCH_mbp1.dbn.zst,XOM_JAN,XNAS.ITCH,XOM,EVENT,-3450,-3400,0
XOM_JAN_XNAS_ITCH_mbp1.dbn.zst,XOM_JAN,XNAS.ITCH,XOM,EVENT,-3400,-3350,0
XOM_JAN_XNAS_ITCH_mbp1.dbn.zst,XOM_JAN,XNAS.ITCH,XOM,EVENT,-3350,-3300,0
XOM_JAN_XNAS_ITCH_mbp1.dbn.zst,XOM_JAN,XNAS.ITCH,XOM,EVENT,-3300,-3250,0
XOM_JAN_XNAS_ITCH_mbp1.dbn.zst,XOM_JAN,XNAS.ITCH,XOM,EVENT,-3250,-3200,0
XOM_JAN_XNAS_ITCH_mbp1.dbn.zst,XOM_JAN,XNAS.ITCH,XOM,EVENT,-3200,-3150,0
XOM_JAN_XNAS_ITCH_mbp1.dbn.zst,XOM_JAN,XNAS.ITCH,XOM,EVENT,-3150,-3100,0
XOM_JAN_XNAS_ITCH_mbp1.dbn.zst,XOM_JAN,XNAS.ITCH,XOM,EVENT,-3100,-3050,0
XOM_JAN_XNAS_ITCH_mbp1.dbn.zst,XOM_JAN,XNAS.ITCH,XOM,EVENT,-3050,-3000,0
XOM_JAN_XNAS_ITCH_mbp1.dbn.zst,XOM_JAN,XNAS.ITCH,XOM,EVENT,-3000,-2950,0
XOM_JAN_XNAS_ITCH_mbp1.dbn.zst,XOM_JAN,XNAS.ITCH,XOM,EVENT,-2950,-2900,0
XOM_JAN_XNAS_ITCH_mbp1.dbn.zst,XOM_JAN,XNAS.ITCH,XOM,EVENT,-2900,-2850,0
XOM_JAN_XNAS_ITCH_mbp1.dbn.zst,XOM_JAN,XNAS.ITCH,XOM,EVENT,-2850,-2800,0
XOM_JAN_XNAS_ITCH_mbp1.dbn.zst,XOM_JAN,XNAS.ITCH,XOM,EVENT,-2800,-2750,0
XOM_JAN_XNAS_ITCH_mbp1.dbn.zst,XOM_JAN,XNAS.ITCH,XOM,EVENT,-2750,-2700,0
XOM_JAN_XNAS_ITCH_mbp1.dbn.zst,XOM_JAN,XNAS.ITCH,XOM,EVENT,-2700,-2650,0
XOM_JAN_XNAS_ITCH_mbp1.dbn.zst,XOM_JAN,XNAS.ITCH,XOM,EVENT,-2650,-2600,0
XOM_JAN_XNAS_ITCH_mbp1.dbn.zst,XOM_JAN,XNAS.ITCH,XOM,EVENT,-2600,-2550,0
XOM_JAN_XNAS_ITCH_mbp1.dbn.zst,XOM_JAN,XNAS.ITCH,XOM,EVENT,-2550,-2500,0
XOM_JAN_XNAS_ITCH_mbp1.dbn.zst,XOM_JAN,XNAS.ITCH,XOM,EVENT,-2500,-2450,0
XOM_JAN_XNAS_ITCH_mbp1.dbn.zst,XOM_JAN,XNAS.ITCH,XOM,EVENT,-2450,-2400,0
XOM_JAN_XNAS_ITCH_mbp1.dbn.zst,XOM_JAN,XNAS.ITCH,XOM,EVENT,-2400,-2350,0
XOM_JAN_XNAS_ITCH_mbp1.dbn.zst,XOM_JAN,XNAS.ITCH,XOM,EVENT,-2350,-2300,0
XOM_JAN_XNAS_ITCH_mbp1.dbn.zst,XOM_JAN,XNAS.ITCH,XOM,EVENT,-2300,-2250,0
XOM_JAN_XNAS_ITCH_mbp1.dbn.zst,XOM_JAN,XNAS.ITCH,XOM,EVENT,-2250,-2200,0
XOM_JAN_XNAS_ITCH_mbp1.dbn.zst,XOM_JAN,XNAS.ITCH,XOM,EVENT,-2200,-2150,0
XOM_JAN_XNAS_ITCH_mbp1.dbn.zst,XOM_JAN,XNAS.ITCH,XOM,EVENT,-2150,-2100,0
XOM_JAN_XNAS_ITCH_mbp1.dbn.zst,XOM_JAN,XNAS.ITCH,XOM,EVENT,-2100,-2050,0
XOM_JAN_XNAS_ITCH_mbp1.dbn.zst,XOM_JAN,XNAS.ITCH,XOM,EVENT,-2050,-2000,0
XOM_JAN_XNAS_ITCH_mbp1.dbn.zst,XOM_JAN,XNAS.ITCH,XOM,EVENT,-2000,-1950,0
XOM_JAN_XNAS_ITCH_mbp1.dbn.zst,XOM_JAN,XNAS.ITCH,XOM,EVENT,-1950,-1900,0
XOM_JAN_XNAS_ITCH_mbp1.dbn.zst,XOM_JAN,XNAS.ITCH,XOM,EVENT,-1900,-1850,0
XOM_JAN_XNAS_ITCH_mbp1.dbn.zst,XOM_JAN,XNAS.ITCH,XOM,EVENT,-1850,-1800,0
XOM_JAN_XNAS_ITCH_mbp1.dbn.zst,XOM_JAN,XNAS.ITCH,XOM,EVENT,-1800,-1750,0
XOM_JAN_XNAS_ITCH_mbp1.dbn.zst,XOM_JAN,XNAS.ITCH,XOM,EVENT,-1750,-1700,0
XOM_JAN_XNAS_ITCH_mbp1.dbn.zst,XOM_JAN,XNAS.ITCH,XOM,EVENT,-1700,-1650,0
XOM_JAN_XNAS_ITCH_mbp1.dbn.zst,XOM_JAN,XNAS.ITCH,XOM,EVENT,-1650,-1600,0
XOM_JAN_XNAS_ITCH_mbp1.dbn.zst,XOM_JAN,XNAS.ITCH,XOM,EVENT,-1600,-1550,0
XOM_JAN_XNAS_ITCH_mbp1.dbn.zst,XOM_JAN,XNAS.ITCH,XOM,EVENT,-1550,-1500,0
XOM_JAN_XNAS_ITCH_mbp1.dbn.zst,XOM_JAN,XNAS.ITCH,XOM,EVENT,-1500,-1450,0
XOM_JAN_XNAS_ITCH_mbp1.dbn.zst,XOM_JAN,XNAS.ITCH,XOM,EVENT,-1450,-1400,0
XOM_JAN_XNAS_ITCH_mbp1.dbn.zst,XOM_JAN,XNAS.ITCH,XOM,EVENT,-1400,-1350,0
XOM_JAN_XNAS_ITCH_mbp1.dbn.zst,XOM_JAN,XNAS.ITCH,XOM,EVENT,-1350,-1300,0
XOM_JAN_XNAS_ITCH_mbp1.dbn.zst,XOM_JAN,XNAS.ITCH,XOM,EVENT,-1300,-1250,0
XOM_JAN_XNAS_ITCH_mbp1.dbn.zst,XOM_JAN,XNAS.ITCH,XOM,EVENT,-1250,-1200,0
XOM_JAN_XNAS_ITCH_mbp1.dbn.zst,XOM_JAN,XNAS.ITCH,XOM,EVENT,-1200,-1150,0
XOM_JAN_XNAS_ITCH_mbp1.dbn.zst,XOM_JAN,XNAS.ITCH,XOM,EVENT,-1150,-1100,0
XOM_JAN_XNAS_ITCH_mbp1.dbn.zst,XOM_JAN,XNAS.ITCH,XOM,EVENT,-1100,-1050,0
XOM_JAN_XNAS_ITCH_mbp1.dbn.zst,XOM_JAN,XNAS.ITCH,XOM,EVENT,-1050,-1000,0
XOM_JAN_XNAS_ITCH_mbp1.dbn.zst,XOM_JAN,XNAS.ITCH,XOM,EVENT,-1000,-950,0
XOM_JAN_XNAS_ITCH_mbp1.dbn.zst,XOM_JAN,XNAS.ITCH,XOM,EVENT,-950,-900,0
XOM_JAN_XNAS_ITCH_mbp1.dbn.zst,XOM_JAN,XNAS.ITCH,XOM,EVENT,-900,-850,0
XOM_JAN_XNAS_ITCH_mbp1.dbn.zst,XOM_JAN,XNAS.ITCH,XOM,EVENT,-850,-800,0
XOM_JAN_XNAS_ITCH_mbp1.dbn.zst,XOM_JAN,XNAS.ITCH,XOM,EVENT,-800,-750,0
XOM_JAN_XNAS_ITCH_mbp1.dbn.zst,XOM_JAN,XNAS.ITCH,XOM,EVENT,-750,-700,0
XOM_JAN_XNAS_ITCH_mbp1.dbn.zst,XOM_JAN,XNAS.ITCH,XOM,EVENT,-700,-650,0
XOM_JAN_XNAS_ITCH_mbp1.dbn.zst,XOM_JAN,XNAS.ITCH,XOM,EVENT,-650,-600,0
XOM_JAN_XNAS_ITCH_mbp1.dbn.zst,XOM_JAN,XNAS.ITCH,XOM,EVENT,-600,-550,0
XOM_JAN_XNAS_ITCH_mbp1.dbn.zst,XOM_JAN,XNAS.ITCH,XOM,EVENT,-550,-500,0
XOM_JAN_XNAS_ITCH_mbp1.dbn.zst,XOM_JAN,XNAS.ITCH,XOM,EVENT,-500,-450,0
XOM_JAN_XNAS_ITCH_mbp1.dbn.zst,XOM_JAN,XNAS.ITCH,XOM,EVENT,-450,-400,0
XOM_JAN_XNAS_ITCH_mbp1.dbn.zst,XOM_JAN,XNAS.ITCH,XOM,EVENT,-400,-350,0
XOM_JAN_XNAS_ITCH_mbp1.dbn.zst,XOM_JAN,XNAS.ITCH,XOM,EVENT,-350,-300,0
XOM_JAN_XNAS_ITCH_mbp1.dbn.zst,XOM_JAN,XNAS.ITCH,XOM,EVENT,-300,-250,0
XOM_JAN_XNAS_ITCH_mbp1.dbn.zst,XOM_JAN,XNAS.ITCH,XOM,EVENT,-250,-200,0
XOM_JAN_XNAS_ITCH_mbp1.dbn.zst,XOM_JAN,XNAS.ITCH,XOM,EVENT,-200,-150,0
XOM_JAN_XNAS_ITCH_mbp1.dbn.zst,XOM_JAN,XNAS.ITCH,XOM,EVENT,-150,-100,0
XOM_JAN_XNAS_ITCH_mbp1.dbn.zst,XOM_JAN,XNAS.ITCH,XOM,EVENT,-100,-50,0
XOM_JAN_XNAS_ITCH_mbp1.dbn.zst,XOM_JAN,XNAS.ITCH,XOM,EVENT,-50,0,0
XOM_JAN_XNAS_ITCH_mbp1.dbn.zst,XOM_JAN,XNAS.ITCH,XOM,EVENT,0,50,0
XOM_JAN_XNAS_ITCH_mbp1.dbn.zst,XOM_JAN,XNAS.ITCH,XOM,EVENT,50,100,0
XOM_JAN_XNAS_ITCH_mbp1.dbn.zst,XOM_JAN,XNAS.ITCH,XOM,EVENT,100,150,0
XOM_JAN_XNAS_ITCH_mbp1.dbn.zst,XOM_JAN,XNAS.ITCH,XOM,EVENT,150,200,0
XOM_JAN_XNAS_ITCH_mbp1.dbn.zst,XOM_JAN,XNAS.ITCH,XOM,EVENT,200,250,0
XOM_JAN_XNAS_ITCH_mbp1.dbn.zst,XOM_JAN,XNAS.ITCH,XOM,EVENT,250,300,0
XOM_JAN_XNAS_ITCH_mbp1.dbn.zst,XOM_JAN,XNAS.ITCH,XOM,EVENT,300,350,0
XOM_JAN_XNAS_ITCH_mbp1.dbn.zst,XOM_JAN,XNAS.ITCH,XOM,EVENT,350,400,0
XOM_JAN_XNAS_ITCH_mbp1.dbn.zst,XOM_JAN,XNAS.ITCH,XOM,EVENT,400,450,0
XOM_JAN_XNAS_ITCH_mbp1.dbn.zst,XOM_JAN,XNAS.ITCH,XOM,EVENT,450,500,0
XOM_JAN_XNAS_ITCH_mbp1.dbn.zst,XOM_JAN,XNAS.ITCH,XOM,EVENT,500,550,0
XOM_JAN_XNAS_ITCH_mbp1.dbn.zst,XOM_JAN,XNAS.ITCH,XOM,EVENT,550,600,0
XOM_JAN_XNAS_ITCH_mbp1.dbn.zst,XOM_JAN,XNAS.ITCH,XOM,EVENT,600,650,0
XOM_JAN_XNAS_ITCH_mbp1.dbn.zst,XOM_JAN,XNAS.ITCH,XOM,EVENT,650,700,0
XOM_JAN_XNAS_ITCH_mbp1.dbn.zst,XOM_JAN,XNAS.ITCH,XOM,EVENT,700,750,0
XOM_JAN_XNAS_ITCH_mbp1.dbn.zst,XOM_JAN,XNAS.ITCH,XOM,EVENT,750,800,0
XOM_JAN_XNAS_ITCH_mbp1.dbn.zst,XOM_JAN,XNAS.ITCH,XOM,EVENT,800,850,0
XOM_JAN_XNAS_ITCH_mbp1.dbn.zst,XOM_JAN,XNAS.ITCH,XOM,EVENT,850,900,0
XOM_JAN_XNAS_ITCH_mbp1.dbn.zst,XOM_JAN,XNAS.ITCH,XOM,EVENT,900,950,0
XOM_JAN_XNAS_ITCH_mbp1.dbn.zst,XOM_JAN,XNAS.ITCH,XOM,EVENT,950,1000,0
XOM_JAN_XNAS_ITCH_mbp1.dbn.zst,XOM_JAN,XNAS.ITCH,XOM,EVENT,1000,1050,0
XOM_JAN_XNAS_ITCH_mbp1.dbn.zst,XOM_JAN,XNAS.ITCH,XOM,EVENT,1050,1100,0
XOM_JAN_XNAS_ITCH_mbp1.dbn.zst,XOM_JAN,XNAS.ITCH,XOM,EVENT,1100,1150,0
XOM_JAN_XNAS_ITCH_mbp1.dbn.zst,XOM_JAN,XNAS.ITCH,XOM,EVENT,1150,1200,0
XOM_JAN_XNAS_ITCH_mbp1.dbn.zst,XOM_JAN,XNAS.ITCH,XOM,EVENT,1200,1250,0
XOM_JAN_XNAS_ITCH_mbp1.dbn.zst,XOM_JAN,XNAS.ITCH,XOM,EVENT,1250,1300,0
XOM_JAN_XNAS_ITCH_mbp1.dbn.zst,XOM_JAN,XNAS.ITCH,XOM,EVENT,1300,1350,0
XOM_JAN_XNAS_ITCH_mbp1.dbn.zst,XOM_JAN,XNAS.ITCH,XOM,EVENT,1350,1400,0
XOM_JAN_XNAS_ITCH_mbp1.dbn.zst,XOM_JAN,XNAS.ITCH,XOM,EVENT,1400,1450,0
XOM_JAN_XNAS_ITCH_mbp1.dbn.zst,XOM_JAN,XNAS.ITCH,XOM,EVENT,1450,1500,0
XOM_JAN_XNAS_ITCH_mbp1.dbn.zst,XOM_JAN,XNAS.ITCH,XOM,EVENT,1500,1550,0
XOM_JAN_XNAS_ITCH_mbp1.dbn.zst,XOM_JAN,XNAS.ITCH,XOM,EVENT,1550,1600,0
XOM_JAN_XNAS_ITCH_mbp1.dbn.zst,XOM_JAN,XNAS.ITCH,XOM,EVENT,1600,1650,0
XOM_JAN_XNAS_ITCH_mbp1.dbn.zst,XOM_JAN,XNAS.ITCH,XOM,EVENT,1650,1700,0
XOM_JAN_XNAS_ITCH_mbp1.dbn.zst,XOM_JAN,XNAS.ITCH,XOM,EVENT,1700,1750,0
XOM_JAN_XNAS_ITCH_mbp1.dbn.zst,XOM_JAN,XNAS.ITCH,XOM,EVENT,1750,1800,0
XOM_JAN_XNAS_ITCH_mbp1.dbn.zst,XOM_JAN,XNAS.ITCH,XOM,EVENT,1800,1850,0
XOM_JAN_XNAS_ITCH_mbp1.dbn.zst,XOM_JAN,XNAS.ITCH,XOM,EVENT,1850,1900,0
XOM_JAN_XNAS_ITCH_mbp1.dbn.zst,XOM_JAN,XNAS.ITCH,XOM,EVENT,1900,1950,0
XOM_JAN_XNAS_ITCH_mbp1.dbn.zst,XOM_JAN,XNAS.ITCH,XOM,EVENT,1950,2000,0
XOM_JAN_XNAS_ITCH_mbp1.dbn.zst,XOM_JAN,XNAS.ITCH,XOM,EVENT,2000,2050,0
XOM_JAN_XNAS_ITCH_mbp1.dbn.zst,XOM_JAN,XNAS.ITCH,XOM,EVENT,2050,2100,0
XOM_JAN_XNAS_ITCH_mbp1.dbn.zst,XOM_JAN,XNAS.ITCH,XOM,EVENT,2100,2150,0
XOM_JAN_XNAS_ITCH_mbp1.dbn.zst,XOM_JAN,XNAS.ITCH,XOM,EVENT,2150,2200,0
XOM_JAN_XNAS_ITCH_mbp1.dbn.zst,XOM_JAN,XNAS.ITCH,XOM,EVENT,2200,2250,0
XOM_JAN_XNAS_ITCH_mbp1.dbn.zst,XOM_JAN,XNAS.ITCH,XOM,EVENT,2250,2300,0
XOM_JAN_XNAS_ITCH_mbp1.dbn.zst,XOM_JAN,XNAS.ITCH,XOM,EVENT,2300,2350,0
XOM_JAN_XNAS_ITCH_mbp1.dbn.zst,XOM_JAN,XNAS.ITCH,XOM,EVENT,2350,2400,0
XOM_JAN_XNAS_ITCH_mbp1.dbn.zst,XOM_JAN,XNAS.ITCH,XOM,EVENT,2400,2450,0
XOM_JAN_XNAS_ITCH_mbp1.dbn.zst,XOM_JAN,XNAS.ITCH,XOM,EVENT,2450,2500,0
XOM_JAN_XNAS_ITCH_mbp1.dbn.zst,XOM_JAN,XNAS.ITCH,XOM,EVENT,2500,2550,0
XOM_JAN_XNAS_ITCH_mbp1.dbn.zst,XOM_JAN,XNAS.ITCH,XOM,EVENT,2550,2600,0
XOM_JAN_XNAS_ITCH_mbp1.dbn.zst,XOM_JAN,XNAS.ITCH,XOM,EVENT,2600,2650,0
XOM_JAN_XNAS_ITCH_mbp1.dbn.zst,XOM_JAN,XNAS.ITCH,XOM,EVENT,2650,2700,0
XOM_JAN_XNAS_ITCH_mbp1.dbn.zst,XOM_JAN,XNAS.ITCH,XOM,EVENT,2700,2750,0
XOM_JAN_XNAS_ITCH_mbp1.dbn.zst,XOM_JAN,XNAS.ITCH,XOM,EVENT,2750,2800,0
XOM_JAN_XNAS_ITCH_mbp1.dbn.zst,XOM_JAN,XNAS.ITCH,XOM,EVENT,2800,2850,0
XOM_JAN_XNAS_ITCH_mbp1.dbn.zst,XOM_JAN,XNAS.ITCH,XOM,EVENT,2850,2900,0
XOM_JAN_XNAS_ITCH_mbp1.dbn.zst,XOM_JAN,XNAS.ITCH,XOM,EVENT,2900,2950,0
XOM_JAN_XNAS_ITCH_mbp1.dbn.zst,XOM_JAN,XNAS.ITCH,XOM,EVENT,2950,3000,0
XOM_JAN_XNAS_ITCH_mbp1.dbn.zst,XOM_JAN,XNAS.ITCH,XOM,EVENT,3000,3050,0
XOM_JAN_XNAS_ITCH_mbp1.dbn.zst,XOM_JAN,XNAS.ITCH,XOM,EVENT,3050,3100,0
XOM_JAN_XNAS_ITCH_mbp1.dbn.zst,XOM_JAN,XNAS.ITCH,XOM,EVENT,3100,3150,0
XOM_JAN_XNAS_ITCH_mbp1.dbn.zst,XOM_JAN,XNAS.ITCH,XOM,EVENT,3150,3200,0
XOM_JAN_XNAS_ITCH_mbp1.dbn.zst,XOM_JAN,XNAS.ITCH,XOM,EVENT,3200,3250,0
XOM_JAN_XNAS_ITCH_mbp1.dbn.zst,XOM_JAN,XNAS.ITCH,XOM,EVENT,3250,3300,0
XOM_JAN_XNAS_ITCH_mbp1.dbn.zst,XOM_JAN,XNAS.ITCH,XOM,EVENT,3300,3350,0
XOM_JAN_XNAS_ITCH_mbp1.dbn.zst,XOM_JAN,XNAS.ITCH,XOM,EVENT,3350,3400,0
XOM_JAN_XNAS_ITCH_mbp1.dbn.zst,XOM_JAN,XNAS.ITCH,XOM,EVENT,3400,3450,0
XOM_JAN_XNAS_ITCH_mbp1.dbn.zst,XOM_JAN,XNAS.ITCH,XOM,EVENT,3450,3500,0
XOM_JAN_XNAS_ITCH_mbp1.dbn.zst,XOM_JAN,XNAS.ITCH,XOM,EVENT,3500,3550,0
XOM_JAN_XNAS_ITCH_mbp1.dbn.zst,XOM_JAN,XNAS.ITCH,XOM,EVENT,3550,3600,0
XOM_JAN_XNAS_ITCH_mbp1.dbn.zst,XOM_JAN,XNAS.ITCH,XOM,EVENT,3600,3650,0
XOM_JAN_XNAS_ITCH_mbp1.dbn.zst,XOM_JAN,XNAS.ITCH,XOM,EVENT,3650,3700,0
XOM_JAN_XNAS_ITCH_mbp1.dbn.zst,XOM_JAN,XNAS.ITCH,XOM,EVENT,3700,3750,0
XOM_JAN_XNAS_ITCH_mbp1.dbn.zst,XOM_JAN,XNAS.ITCH,XOM,EVENT,3750,3800,0
XOM_JAN_XNAS_ITCH_mbp1.dbn.zst,XOM_JAN,XNAS.ITCH,XOM,EVENT,3800,3850,0
XOM_JAN_XNAS_ITCH_mbp1.dbn.zst,XOM_JAN,XNAS.ITCH,XOM,EVENT,3850,3900,0
XOM_JAN_XNAS_ITCH_mbp1.dbn.zst,XOM_JAN,XNAS.ITCH,XOM,EVENT,3900,3950,0
XOM_JAN_XNAS_ITCH_mbp1.dbn.zst,XOM_JAN,XNAS.ITCH,XOM,EVENT,3950,4000,0
XOM_JAN_XNAS_ITCH_mbp1.dbn.zst,XOM_JAN,XNAS.ITCH,XOM,EVENT,4000,4050,0
XOM_JAN_XNAS_ITCH_mbp1.dbn.zst,XOM_JAN,XNAS.ITCH,XOM,EVENT,4050,4100,0
XOM_JAN_XNAS_ITCH_mbp1.dbn.zst,XOM_JAN,XNAS.ITCH,XOM,EVENT,4100,4150,0
XOM_JAN_XNAS_ITCH_mbp1.dbn.zst,XOM_JAN,XNAS.ITCH,XOM,EVENT,4150,4200,0
XOM_JAN_XNAS_ITCH_mbp1.dbn.zst,XOM_JAN,XNAS.ITCH,XOM,EVENT,4200,4250,0
XOM_JAN_XNAS_ITCH_mbp1.dbn.zst,XOM_JAN,XNAS.ITCH,XOM,EVENT,4250,4300,0
XOM_JAN_XNAS_ITCH_mbp1.dbn.zst,XOM_JAN,XNAS.ITCH,XOM,EVENT,4300,4350,0
XOM_JAN_XNAS_ITCH_mbp1.dbn.zst,XOM_JAN,XNAS.ITCH,XOM,EVENT,4350,4400,0
XOM_JAN_XNAS_ITCH_mbp1.dbn.zst,XOM_JAN,XNAS.ITCH,XOM,EVENT,4400,4450,0
XOM_JAN_XNAS_ITCH_mbp1.dbn.zst,XOM_JAN,XNAS.ITCH,XOM,EVENT,4450,4500,0
XOM_JAN_XNAS_ITCH_mbp1.dbn.zst,XOM_JAN,XNAS.ITCH,XOM,EVENT,4500,4550,0
XOM_JAN_XNAS_ITCH_mbp1.dbn.zst,XOM_JAN,XNAS.ITCH,XOM,EVENT,4550,4600,0
XOM_JAN_XNAS_ITCH_mbp1.dbn.zst,XOM_JAN,XNAS.ITCH,XOM,EVENT,4600,4650,0
XOM_JAN_XNAS_ITCH_mbp1.dbn.zst,XOM_JAN,XNAS.ITCH,XOM,EVENT,4650,4700,0
XOM_JAN_XNAS_ITCH_mbp1.dbn.zst,XOM_JAN,XNAS.ITCH,XOM,EVENT,4700,4750,0
XOM_JAN_XNAS_ITCH_mbp1.dbn.zst,XOM_JAN,XNAS.ITCH,XOM,EVENT,4750,4800,0
XOM_JAN_XNAS_ITCH_mbp1.dbn.zst,XOM_JAN,XNAS.ITCH,XOM,EVENT,4800,4850,0
XOM_JAN_XNAS_ITCH_mbp1.dbn.zst,XOM_JAN,XNAS.ITCH,XOM,EVENT,4850,4900,0
XOM_JAN_XNAS_ITCH_mbp1.dbn.zst,XOM_JAN,XNAS.ITCH,XOM,EVENT,4900,4950,0
XOM_JAN_XNAS_ITCH_mbp1.dbn.zst,XOM_JAN,XNAS.ITCH,XOM,EVENT,4950,5000,0
XOM_JAN_XNAS_ITCH_mbp1.dbn.zst,XOM_JAN,XNAS.ITCH,XOM,RECEIVE,-5000,-4950,0
XOM_JAN_XNAS_ITCH_mbp1.dbn.zst,XOM_JAN,XNAS.ITCH,XOM,RECEIVE,-4950,-4900,0
XOM_JAN_XNAS_ITCH_mbp1.dbn.zst,XOM_JAN,XNAS.ITCH,XOM,RECEIVE,-4900,-4850,0
XOM_JAN_XNAS_ITCH_mbp1.dbn.zst,XOM_JAN,XNAS.ITCH,XOM,RECEIVE,-4850,-4800,0
XOM_JAN_XNAS_ITCH_mbp1.dbn.zst,XOM_JAN,XNAS.ITCH,XOM,RECEIVE,-4800,-4750,0
XOM_JAN_XNAS_ITCH_mbp1.dbn.zst,XOM_JAN,XNAS.ITCH,XOM,RECEIVE,-4750,-4700,0
XOM_JAN_XNAS_ITCH_mbp1.dbn.zst,XOM_JAN,XNAS.ITCH,XOM,RECEIVE,-4700,-4650,0
XOM_JAN_XNAS_ITCH_mbp1.dbn.zst,XOM_JAN,XNAS.ITCH,XOM,RECEIVE,-4650,-4600,0
XOM_JAN_XNAS_ITCH_mbp1.dbn.zst,XOM_JAN,XNAS.ITCH,XOM,RECEIVE,-4600,-4550,0
XOM_JAN_XNAS_ITCH_mbp1.dbn.zst,XOM_JAN,XNAS.ITCH,XOM,RECEIVE,-4550,-4500,0
XOM_JAN_XNAS_ITCH_mbp1.dbn.zst,XOM_JAN,XNAS.ITCH,XOM,RECEIVE,-4500,-4450,0
XOM_JAN_XNAS_ITCH_mbp1.dbn.zst,XOM_JAN,XNAS.ITCH,XOM,RECEIVE,-4450,-4400,0
XOM_JAN_XNAS_ITCH_mbp1.dbn.zst,XOM_JAN,XNAS.ITCH,XOM,RECEIVE,-4400,-4350,0
XOM_JAN_XNAS_ITCH_mbp1.dbn.zst,XOM_JAN,XNAS.ITCH,XOM,RECEIVE,-4350,-4300,0
XOM_JAN_XNAS_ITCH_mbp1.dbn.zst,XOM_JAN,XNAS.ITCH,XOM,RECEIVE,-4300,-4250,0
XOM_JAN_XNAS_ITCH_mbp1.dbn.zst,XOM_JAN,XNAS.ITCH,XOM,RECEIVE,-4250,-4200,0
XOM_JAN_XNAS_ITCH_mbp1.dbn.zst,XOM_JAN,XNAS.ITCH,XOM,RECEIVE,-4200,-4150,0
XOM_JAN_XNAS_ITCH_mbp1.dbn.zst,XOM_JAN,XNAS.ITCH,XOM,RECEIVE,-4150,-4100,0
XOM_JAN_XNAS_ITCH_mbp1.dbn.zst,XOM_JAN,XNAS.ITCH,XOM,RECEIVE,-4100,-4050,0
XOM_JAN_XNAS_ITCH_mbp1.dbn.zst,XOM_JAN,XNAS.ITCH,XOM,RECEIVE,-4050,-4000,0
XOM_JAN_XNAS_ITCH_mbp1.dbn.zst,XOM_JAN,XNAS.ITCH,XOM,RECEIVE,-4000,-3950,0
XOM_JAN_XNAS_ITCH_mbp1.dbn.zst,XOM_JAN,XNAS.ITCH,XOM,RECEIVE,-3950,-3900,0
XOM_JAN_XNAS_ITCH_mbp1.dbn.zst,XOM_JAN,XNAS.ITCH,XOM,RECEIVE,-3900,-3850,0
XOM_JAN_XNAS_ITCH_mbp1.dbn.zst,XOM_JAN,XNAS.ITCH,XOM,RECEIVE,-3850,-3800,0
XOM_JAN_XNAS_ITCH_mbp1.dbn.zst,XOM_JAN,XNAS.ITCH,XOM,RECEIVE,-3800,-3750,0
XOM_JAN_XNAS_ITCH_mbp1.dbn.zst,XOM_JAN,XNAS.ITCH,XOM,RECEIVE,-3750,-3700,0
XOM_JAN_XNAS_ITCH_mbp1.dbn.zst,XOM_JAN,XNAS.ITCH,XOM,RECEIVE,-3700,-3650,0
XOM_JAN_XNAS_ITCH_mbp1.dbn.zst,XOM_JAN,XNAS.ITCH,XOM,RECEIVE,-3650,-3600,0
XOM_JAN_XNAS_ITCH_mbp1.dbn.zst,XOM_JAN,XNAS.ITCH,XOM,RECEIVE,-3600,-3550,0
XOM_JAN_XNAS_ITCH_mbp1.dbn.zst,XOM_JAN,XNAS.ITCH,XOM,RECEIVE,-3550,-3500,0
XOM_JAN_XNAS_ITCH_mbp1.dbn.zst,XOM_JAN,XNAS.ITCH,XOM,RECEIVE,-3500,-3450,0
XOM_JAN_XNAS_ITCH_mbp1.dbn.zst,XOM_JAN,XNAS.ITCH,XOM,RECEIVE,-3450,-3400,0
XOM_JAN_XNAS_ITCH_mbp1.dbn.zst,XOM_JAN,XNAS.ITCH,XOM,RECEIVE,-3400,-3350,0
XOM_JAN_XNAS_ITCH_mbp1.dbn.zst,XOM_JAN,XNAS.ITCH,XOM,RECEIVE,-3350,-3300,0
XOM_JAN_XNAS_ITCH_mbp1.dbn.zst,XOM_JAN,XNAS.ITCH,XOM,RECEIVE,-3300,-3250,0
XOM_JAN_XNAS_ITCH_mbp1.dbn.zst,XOM_JAN,XNAS.ITCH,XOM,RECEIVE,-3250,-3200,0
XOM_JAN_XNAS_ITCH_mbp1.dbn.zst,XOM_JAN,XNAS.ITCH,XOM,RECEIVE,-3200,-3150,0
XOM_JAN_XNAS_ITCH_mbp1.dbn.zst,XOM_JAN,XNAS.ITCH,XOM,RECEIVE,-3150,-3100,0
XOM_JAN_XNAS_ITCH_mbp1.dbn.zst,XOM_JAN,XNAS.ITCH,XOM,RECEIVE,-3100,-3050,0
XOM_JAN_XNAS_ITCH_mbp1.dbn.zst,XOM_JAN,XNAS.ITCH,XOM,RECEIVE,-3050,-3000,0
XOM_JAN_XNAS_ITCH_mbp1.dbn.zst,XOM_JAN,XNAS.ITCH,XOM,RECEIVE,-3000,-2950,0
XOM_JAN_XNAS_ITCH_mbp1.dbn.zst,XOM_JAN,XNAS.ITCH,XOM,RECEIVE,-2950,-2900,0
XOM_JAN_XNAS_ITCH_mbp1.dbn.zst,XOM_JAN,XNAS.ITCH,XOM,RECEIVE,-2900,-2850,0
XOM_JAN_XNAS_ITCH_mbp1.dbn.zst,XOM_JAN,XNAS.ITCH,XOM,RECEIVE,-2850,-2800,0
XOM_JAN_XNAS_ITCH_mbp1.dbn.zst,XOM_JAN,XNAS.ITCH,XOM,RECEIVE,-2800,-2750,0
XOM_JAN_XNAS_ITCH_mbp1.dbn.zst,XOM_JAN,XNAS.ITCH,XOM,RECEIVE,-2750,-2700,0
XOM_JAN_XNAS_ITCH_mbp1.dbn.zst,XOM_JAN,XNAS.ITCH,XOM,RECEIVE,-2700,-2650,0
XOM_JAN_XNAS_ITCH_mbp1.dbn.zst,XOM_JAN,XNAS.ITCH,XOM,RECEIVE,-2650,-2600,0
XOM_JAN_XNAS_ITCH_mbp1.dbn.zst,XOM_JAN,XNAS.ITCH,XOM,RECEIVE,-2600,-2550,0
XOM_JAN_XNAS_ITCH_mbp1.dbn.zst,XOM_JAN,XNAS.ITCH,XOM,RECEIVE,-2550,-2500,0
XOM_JAN_XNAS_ITCH_mbp1.dbn.zst,XOM_JAN,XNAS.ITCH,XOM,RECEIVE,-2500,-2450,0
XOM_JAN_XNAS_ITCH_mbp1.dbn.zst,XOM_JAN,XNAS.ITCH,XOM,RECEIVE,-2450,-2400,0
XOM_JAN_XNAS_ITCH_mbp1.dbn.zst,XOM_JAN,XNAS.ITCH,XOM,RECEIVE,-2400,-2350,0
XOM_JAN_XNAS_ITCH_mbp1.dbn.zst,XOM_JAN,XNAS.ITCH,XOM,RECEIVE,-2350,-2300,0
XOM_JAN_XNAS_ITCH_mbp1.dbn.zst,XOM_JAN,XNAS.ITCH,XOM,RECEIVE,-2300,-2250,0
XOM_JAN_XNAS_ITCH_mbp1.dbn.zst,XOM_JAN,XNAS.ITCH,XOM,RECEIVE,-2250,-2200,0
XOM_JAN_XNAS_ITCH_mbp1.dbn.zst,XOM_JAN,XNAS.ITCH,XOM,RECEIVE,-2200,-2150,0
XOM_JAN_XNAS_ITCH_mbp1.dbn.zst,XOM_JAN,XNAS.ITCH,XOM,RECEIVE,-2150,-2100,0
XOM_JAN_XNAS_ITCH_mbp1.dbn.zst,XOM_JAN,XNAS.ITCH,XOM,RECEIVE,-2100,-2050,0
XOM_JAN_XNAS_ITCH_mbp1.dbn.zst,XOM_JAN,XNAS.ITCH,XOM,RECEIVE,-2050,-2000,0
XOM_JAN_XNAS_ITCH_mbp1.dbn.zst,XOM_JAN,XNAS.ITCH,XOM,RECEIVE,-2000,-1950,0
XOM_JAN_XNAS_ITCH_mbp1.dbn.zst,XOM_JAN,XNAS.ITCH,XOM,RECEIVE,-1950,-1900,0
XOM_JAN_XNAS_ITCH_mbp1.dbn.zst,XOM_JAN,XNAS.ITCH,XOM,RECEIVE,-1900,-1850,0
XOM_JAN_XNAS_ITCH_mbp1.dbn.zst,XOM_JAN,XNAS.ITCH,XOM,RECEIVE,-1850,-1800,0
XOM_JAN_XNAS_ITCH_mbp1.dbn.zst,XOM_JAN,XNAS.ITCH,XOM,RECEIVE,-1800,-1750,0
XOM_JAN_XNAS_ITCH_mbp1.dbn.zst,XOM_JAN,XNAS.ITCH,XOM,RECEIVE,-1750,-1700,0
XOM_JAN_XNAS_ITCH_mbp1.dbn.zst,XOM_JAN,XNAS.ITCH,XOM,RECEIVE,-1700,-1650,0
XOM_JAN_XNAS_ITCH_mbp1.dbn.zst,XOM_JAN,XNAS.ITCH,XOM,RECEIVE,-1650,-1600,0
XOM_JAN_XNAS_ITCH_mbp1.dbn.zst,XOM_JAN,XNAS.ITCH,XOM,RECEIVE,-1600,-1550,0
XOM_JAN_XNAS_ITCH_mbp1.dbn.zst,XOM_JAN,XNAS.ITCH,XOM,RECEIVE,-1550,-1500,0
XOM_JAN_XNAS_ITCH_mbp1.dbn.zst,XOM_JAN,XNAS.ITCH,XOM,RECEIVE,-1500,-1450,0
XOM_JAN_XNAS_ITCH_mbp1.dbn.zst,XOM_JAN,XNAS.ITCH,XOM,RECEIVE,-1450,-1400,0
XOM_JAN_XNAS_ITCH_mbp1.dbn.zst,XOM_JAN,XNAS.ITCH,XOM,RECEIVE,-1400,-1350,0
XOM_JAN_XNAS_ITCH_mbp1.dbn.zst,XOM_JAN,XNAS.ITCH,XOM,RECEIVE,-1350,-1300,0
XOM_JAN_XNAS_ITCH_mbp1.dbn.zst,XOM_JAN,XNAS.ITCH,XOM,RECEIVE,-1300,-1250,0
XOM_JAN_XNAS_ITCH_mbp1.dbn.zst,XOM_JAN,XNAS.ITCH,XOM,RECEIVE,-1250,-1200,0
XOM_JAN_XNAS_ITCH_mbp1.dbn.zst,XOM_JAN,XNAS.ITCH,XOM,RECEIVE,-1200,-1150,0
XOM_JAN_XNAS_ITCH_mbp1.dbn.zst,XOM_JAN,XNAS.ITCH,XOM,RECEIVE,-1150,-1100,0
XOM_JAN_XNAS_ITCH_mbp1.dbn.zst,XOM_JAN,XNAS.ITCH,XOM,RECEIVE,-1100,-1050,0
XOM_JAN_XNAS_ITCH_mbp1.dbn.zst,XOM_JAN,XNAS.ITCH,XOM,RECEIVE,-1050,-1000,0
XOM_JAN_XNAS_ITCH_mbp1.dbn.zst,XOM_JAN,XNAS.ITCH,XOM,RECEIVE,-1000,-950,0
XOM_JAN_XNAS_ITCH_mbp1.dbn.zst,XOM_JAN,XNAS.ITCH,XOM,RECEIVE,-950,-900,0
XOM_JAN_XNAS_ITCH_mbp1.dbn.zst,XOM_JAN,XNAS.ITCH,XOM,RECEIVE,-900,-850,0
XOM_JAN_XNAS_ITCH_mbp1.dbn.zst,XOM_JAN,XNAS.ITCH,XOM,RECEIVE,-850,-800,0
XOM_JAN_XNAS_ITCH_mbp1.dbn.zst,XOM_JAN,XNAS.ITCH,XOM,RECEIVE,-800,-750,0
XOM_JAN_XNAS_ITCH_mbp1.dbn.zst,XOM_JAN,XNAS.ITCH,XOM,RECEIVE,-750,-700,0
XOM_JAN_XNAS_ITCH_mbp1.dbn.zst,XOM_JAN,XNAS.ITCH,XOM,RECEIVE,-700,-650,0
XOM_JAN_XNAS_ITCH_mbp1.dbn.zst,XOM_JAN,XNAS.ITCH,XOM,RECEIVE,-650,-600,0
XOM_JAN_XNAS_ITCH_mbp1.dbn.zst,XOM_JAN,XNAS.ITCH,XOM,RECEIVE,-600,-550,0
XOM_JAN_XNAS_ITCH_mbp1.dbn.zst,XOM_JAN,XNAS.ITCH,XOM,RECEIVE,-550,-500,0
XOM_JAN_XNAS_ITCH_mbp1.dbn.zst,XOM_JAN,XNAS.ITCH,XOM,RECEIVE,-500,-450,0
XOM_JAN_XNAS_ITCH_mbp1.dbn.zst,XOM_JAN,XNAS.ITCH,XOM,RECEIVE,-450,-400,0
XOM_JAN_XNAS_ITCH_mbp1.dbn.zst,XOM_JAN,XNAS.ITCH,XOM,RECEIVE,-400,-350,0
XOM_JAN_XNAS_ITCH_mbp1.dbn.zst,XOM_JAN,XNAS.ITCH,XOM,RECEIVE,-350,-300,0
XOM_JAN_XNAS_ITCH_mbp1.dbn.zst,XOM_JAN,XNAS.ITCH,XOM,RECEIVE,-300,-250,0
XOM_JAN_XNAS_ITCH_mbp1.dbn.zst,XOM_JAN,XNAS.ITCH,XOM,RECEIVE,-250,-200,0
XOM_JAN_XNAS_ITCH_mbp1.dbn.zst,XOM_JAN,XNAS.ITCH,XOM,RECEIVE,-200,-150,0
XOM_JAN_XNAS_ITCH_mbp1.dbn.zst,XOM_JAN,XNAS.ITCH,XOM,RECEIVE,-150,-100,0
XOM_JAN_XNAS_ITCH_mbp1.dbn.zst,XOM_JAN,XNAS.ITCH,XOM,RECEIVE,-100,-50,0
XOM_JAN_XNAS_ITCH_mbp1.dbn.zst,XOM_JAN,XNAS.ITCH,XOM,RECEIVE,-50,0,0
XOM_JAN_XNAS_ITCH_mbp1.dbn.zst,XOM_JAN,XNAS.ITCH,XOM,RECEIVE,0,50,0
XOM_JAN_XNAS_ITCH_mbp1.dbn.zst,XOM_JAN,XNAS.ITCH,XOM,RECEIVE,50,100,0
XOM_JAN_XNAS_ITCH_mbp1.dbn.zst,XOM_JAN,XNAS.ITCH,XOM,RECEIVE,100,150,0
XOM_JAN_XNAS_ITCH_mbp1.dbn.zst,XOM_JAN,XNAS.ITCH,XOM,RECEIVE,150,200,0
XOM_JAN_XNAS_ITCH_mbp1.dbn.zst,XOM_JAN,XNAS.ITCH,XOM,RECEIVE,200,250,0
XOM_JAN_XNAS_ITCH_mbp1.dbn.zst,XOM_JAN,XNAS.ITCH,XOM,RECEIVE,250,300,0
XOM_JAN_XNAS_ITCH_mbp1.dbn.zst,XOM_JAN,XNAS.ITCH,XOM,RECEIVE,300,350,0
XOM_JAN_XNAS_ITCH_mbp1.dbn.zst,XOM_JAN,XNAS.ITCH,XOM,RECEIVE,350,400,0
XOM_JAN_XNAS_ITCH_mbp1.dbn.zst,XOM_JAN,XNAS.ITCH,XOM,RECEIVE,400,450,0
XOM_JAN_XNAS_ITCH_mbp1.dbn.zst,XOM_JAN,XNAS.ITCH,XOM,RECEIVE,450,500,0
XOM_JAN_XNAS_ITCH_mbp1.dbn.zst,XOM_JAN,XNAS.ITCH,XOM,RECEIVE,500,550,0
XOM_JAN_XNAS_ITCH_mbp1.dbn.zst,XOM_JAN,XNAS.ITCH,XOM,RECEIVE,550,600,0
XOM_JAN_XNAS_ITCH_mbp1.dbn.zst,XOM_JAN,XNAS.ITCH,XOM,RECEIVE,600,650,0
XOM_JAN_XNAS_ITCH_mbp1.dbn.zst,XOM_JAN,XNAS.ITCH,XOM,RECEIVE,650,700,0
XOM_JAN_XNAS_ITCH_mbp1.dbn.zst,XOM_JAN,XNAS.ITCH,XOM,RECEIVE,700,750,0
XOM_JAN_XNAS_ITCH_mbp1.dbn.zst,XOM_JAN,XNAS.ITCH,XOM,RECEIVE,750,800,0
XOM_JAN_XNAS_ITCH_mbp1.dbn.zst,XOM_JAN,XNAS.ITCH,XOM,RECEIVE,800,850,0
XOM_JAN_XNAS_ITCH_mbp1.dbn.zst,XOM_JAN,XNAS.ITCH,XOM,RECEIVE,850,900,0
XOM_JAN_XNAS_ITCH_mbp1.dbn.zst,XOM_JAN,XNAS.ITCH,XOM,RECEIVE,900,950,0
XOM_JAN_XNAS_ITCH_mbp1.dbn.zst,XOM_JAN,XNAS.ITCH,XOM,RECEIVE,950,1000,0
XOM_JAN_XNAS_ITCH_mbp1.dbn.zst,XOM_JAN,XNAS.ITCH,XOM,RECEIVE,1000,1050,0
XOM_JAN_XNAS_ITCH_mbp1.dbn.zst,XOM_JAN,XNAS.ITCH,XOM,RECEIVE,1050,1100,0
XOM_JAN_XNAS_ITCH_mbp1.dbn.zst,XOM_JAN,XNAS.ITCH,XOM,RECEIVE,1100,1150,0
XOM_JAN_XNAS_ITCH_mbp1.dbn.zst,XOM_JAN,XNAS.ITCH,XOM,RECEIVE,1150,1200,0
XOM_JAN_XNAS_ITCH_mbp1.dbn.zst,XOM_JAN,XNAS.ITCH,XOM,RECEIVE,1200,1250,0
XOM_JAN_XNAS_ITCH_mbp1.dbn.zst,XOM_JAN,XNAS.ITCH,XOM,RECEIVE,1250,1300,0
XOM_JAN_XNAS_ITCH_mbp1.dbn.zst,XOM_JAN,XNAS.ITCH,XOM,RECEIVE,1300,1350,0
XOM_JAN_XNAS_ITCH_mbp1.dbn.zst,XOM_JAN,XNAS.ITCH,XOM,RECEIVE,1350,1400,0
XOM_JAN_XNAS_ITCH_mbp1.dbn.zst,XOM_JAN,XNAS.ITCH,XOM,RECEIVE,1400,1450,0
XOM_JAN_XNAS_ITCH_mbp1.dbn.zst,XOM_JAN,XNAS.ITCH,XOM,RECEIVE,1450,1500,0
XOM_JAN_XNAS_ITCH_mbp1.dbn.zst,XOM_JAN,XNAS.ITCH,XOM,RECEIVE,1500,1550,0
XOM_JAN_XNAS_ITCH_mbp1.dbn.zst,XOM_JAN,XNAS.ITCH,XOM,RECEIVE,1550,1600,0
XOM_JAN_XNAS_ITCH_mbp1.dbn.zst,XOM_JAN,XNAS.ITCH,XOM,RECEIVE,1600,1650,0
XOM_JAN_XNAS_ITCH_mbp1.dbn.zst,XOM_JAN,XNAS.ITCH,XOM,RECEIVE,1650,1700,0
XOM_JAN_XNAS_ITCH_mbp1.dbn.zst,XOM_JAN,XNAS.ITCH,XOM,RECEIVE,1700,1750,0
XOM_JAN_XNAS_ITCH_mbp1.dbn.zst,XOM_JAN,XNAS.ITCH,XOM,RECEIVE,1750,1800,0
XOM_JAN_XNAS_ITCH_mbp1.dbn.zst,XOM_JAN,XNAS.ITCH,XOM,RECEIVE,1800,1850,0
XOM_JAN_XNAS_ITCH_mbp1.dbn.zst,XOM_JAN,XNAS.ITCH,XOM,RECEIVE,1850,1900,0
XOM_JAN_XNAS_ITCH_mbp1.dbn.zst,XOM_JAN,XNAS.ITCH,XOM,RECEIVE,1900,1950,0
XOM_JAN_XNAS_ITCH_mbp1.dbn.zst,XOM_JAN,XNAS.ITCH,XOM,RECEIVE,1950,2000,0
XOM_JAN_XNAS_ITCH_mbp1.dbn.zst,XOM_JAN,XNAS.ITCH,XOM,RECEIVE,2000,2050,0
XOM_JAN_XNAS_ITCH_mbp1.dbn.zst,XOM_JAN,XNAS.ITCH,XOM,RECEIVE,2050,2100,0
XOM_JAN_XNAS_ITCH_mbp1.dbn.zst,XOM_JAN,XNAS.ITCH,XOM,RECEIVE,2100,2150,0
XOM_JAN_XNAS_ITCH_mbp1.dbn.zst,XOM_JAN,XNAS.ITCH,XOM,RECEIVE,2150,2200,0
XOM_JAN_XNAS_ITCH_mbp1.dbn.zst,XOM_JAN,XNAS.ITCH,XOM,RECEIVE,2200,2250,0
XOM_JAN_XNAS_ITCH_mbp1.dbn.zst,XOM_JAN,XNAS.ITCH,XOM,RECEIVE,2250,2300,0
XOM_JAN_XNAS_ITCH_mbp1.dbn.zst,XOM_JAN,XNAS.ITCH,XOM,RECEIVE,2300,2350,0
XOM_JAN_XNAS_ITCH_mbp1.dbn.zst,XOM_JAN,XNAS.ITCH,XOM,RECEIVE,2350,2400,0
XOM_JAN_XNAS_ITCH_mbp1.dbn.zst,XOM_JAN,XNAS.ITCH,XOM,RECEIVE,2400,2450,0
XOM_JAN_XNAS_ITCH_mbp1.dbn.zst,XOM_JAN,XNAS.ITCH,XOM,RECEIVE,2450,2500,0
XOM_JAN_XNAS_ITCH_mbp1.dbn.zst,XOM_JAN,XNAS.ITCH,XOM,RECEIVE,2500,2550,0
XOM_JAN_XNAS_ITCH_mbp1.dbn.zst,XOM_JAN,XNAS.ITCH,XOM,RECEIVE,2550,2600,0
XOM_JAN_XNAS_ITCH_mbp1.dbn.zst,XOM_JAN,XNAS.ITCH,XOM,RECEIVE,2600,2650,0
XOM_JAN_XNAS_ITCH_mbp1.dbn.zst,XOM_JAN,XNAS.ITCH,XOM,RECEIVE,2650,2700,0
XOM_JAN_XNAS_ITCH_mbp1.dbn.zst,XOM_JAN,XNAS.ITCH,XOM,RECEIVE,2700,2750,0
XOM_JAN_XNAS_ITCH_mbp1.dbn.zst,XOM_JAN,XNAS.ITCH,XOM,RECEIVE,2750,2800,0
XOM_JAN_XNAS_ITCH_mbp1.dbn.zst,XOM_JAN,XNAS.ITCH,XOM,RECEIVE,2800,2850,0
XOM_JAN_XNAS_ITCH_mbp1.dbn.zst,XOM_JAN,XNAS.ITCH,XOM,RECEIVE,2850,2900,0
XOM_JAN_XNAS_ITCH_mbp1.dbn.zst,XOM_JAN,XNAS.ITCH,XOM,RECEIVE,2900,2950,0
XOM_JAN_XNAS_ITCH_mbp1.dbn.zst,XOM_JAN,XNAS.ITCH,XOM,RECEIVE,2950,3000,0
XOM_JAN_XNAS_ITCH_mbp1.dbn.zst,XOM_JAN,XNAS.ITCH,XOM,RECEIVE,3000,3050,0
XOM_JAN_XNAS_ITCH_mbp1.dbn.zst,XOM_JAN,XNAS.ITCH,XOM,RECEIVE,3050,3100,0
XOM_JAN_XNAS_ITCH_mbp1.dbn.zst,XOM_JAN,XNAS.ITCH,XOM,RECEIVE,3100,3150,0
XOM_JAN_XNAS_ITCH_mbp1.dbn.zst,XOM_JAN,XNAS.ITCH,XOM,RECEIVE,3150,3200,0
XOM_JAN_XNAS_ITCH_mbp1.dbn.zst,XOM_JAN,XNAS.ITCH,XOM,RECEIVE,3200,3250,0
XOM_JAN_XNAS_ITCH_mbp1.dbn.zst,XOM_JAN,XNAS.ITCH,XOM,RECEIVE,3250,3300,0
XOM_JAN_XNAS_ITCH_mbp1.dbn.zst,XOM_JAN,XNAS.ITCH,XOM,RECEIVE,3300,3350,0
XOM_JAN_XNAS_ITCH_mbp1.dbn.zst,XOM_JAN,XNAS.ITCH,XOM,RECEIVE,3350,3400,0
XOM_JAN_XNAS_ITCH_mbp1.dbn.zst,XOM_JAN,XNAS.ITCH,XOM,RECEIVE,3400,3450,0
XOM_JAN_XNAS_ITCH_mbp1.dbn.zst,XOM_JAN,XNAS.ITCH,XOM,RECEIVE,3450,3500,0
XOM_JAN_XNAS_ITCH_mbp1.dbn.zst,XOM_JAN,XNAS.ITCH,XOM,RECEIVE,3500,3550,0
XOM_JAN_XNAS_ITCH_mbp1.dbn.zst,XOM_JAN,XNAS.ITCH,XOM,RECEIVE,3550,3600,0
XOM_JAN_XNAS_ITCH_mbp1.dbn.zst,XOM_JAN,XNAS.ITCH,XOM,RECEIVE,3600,3650,0
XOM_JAN_XNAS_ITCH_mbp1.dbn.zst,XOM_JAN,XNAS.ITCH,XOM,RECEIVE,3650,3700,0
XOM_JAN_XNAS_ITCH_mbp1.dbn.zst,XOM_JAN,XNAS.ITCH,XOM,RECEIVE,3700,3750,0
XOM_JAN_XNAS_ITCH_mbp1.dbn.zst,XOM_JAN,XNAS.ITCH,XOM,RECEIVE,3750,3800,0
XOM_JAN_XNAS_ITCH_mbp1.dbn.zst,XOM_JAN,XNAS.ITCH,XOM,RECEIVE,3800,3850,0
XOM_JAN_XNAS_ITCH_mbp1.dbn.zst,XOM_JAN,XNAS.ITCH,XOM,RECEIVE,3850,3900,0
XOM_JAN_XNAS_ITCH_mbp1.dbn.zst,XOM_JAN,XNAS.ITCH,XOM,RECEIVE,3900,3950,0
XOM_JAN_XNAS_ITCH_mbp1.dbn.zst,XOM_JAN,XNAS.ITCH,XOM,RECEIVE,3950,4000,0
XOM_JAN_XNAS_ITCH_mbp1.dbn.zst,XOM_JAN,XNAS.ITCH,XOM,RECEIVE,4000,4050,0
XOM_JAN_XNAS_ITCH_mbp1.dbn.zst,XOM_JAN,XNAS.ITCH,XOM,RECEIVE,4050,4100,0
XOM_JAN_XNAS_ITCH_mbp1.dbn.zst,XOM_JAN,XNAS.ITCH,XOM,RECEIVE,4100,4150,0
XOM_JAN_XNAS_ITCH_mbp1.dbn.zst,XOM_JAN,XNAS.ITCH,XOM,RECEIVE,4150,4200,0
XOM_JAN_XNAS_ITCH_mbp1.dbn.zst,XOM_JAN,XNAS.ITCH,XOM,RECEIVE,4200,4250,0
XOM_JAN_XNAS_ITCH_mbp1.dbn.zst,XOM_JAN,XNAS.ITCH,XOM,RECEIVE,4250,4300,0
XOM_JAN_XNAS_ITCH_mbp1.dbn.zst,XOM_JAN,XNAS.ITCH,XOM,RECEIVE,4300,4350,0
XOM_JAN_XNAS_ITCH_mbp1.dbn.zst,XOM_JAN,XNAS.ITCH,XOM,RECEIVE,4350,4400,0
XOM_JAN_XNAS_ITCH_mbp1.dbn.zst,XOM_JAN,XNAS.ITCH,XOM,RECEIVE,4400,4450,0
XOM_JAN_XNAS_ITCH_mbp1.dbn.zst,XOM_JAN,XNAS.ITCH,XOM,RECEIVE,4450,4500,0
XOM_JAN_XNAS_ITCH_mbp1.dbn.zst,XOM_JAN,XNAS.ITCH,XOM,RECEIVE,4500,4550,0
XOM_JAN_XNAS_ITCH_mbp1.dbn.zst,XOM_JAN,XNAS.ITCH,XOM,RECEIVE,4550,4600,0
XOM_JAN_XNAS_ITCH_mbp1.dbn.zst,XOM_JAN,XNAS.ITCH,XOM,RECEIVE,4600,4650,0
XOM_JAN_XNAS_ITCH_mbp1.dbn.zst,XOM_JAN,XNAS.ITCH,XOM,RECEIVE,4650,4700,0
XOM_JAN_XNAS_ITCH_mbp1.dbn.zst,XOM_JAN,XNAS.ITCH,XOM,RECEIVE,4700,4750,0
XOM_JAN_XNAS_ITCH_mbp1.dbn.zst,XOM_JAN,XNAS.ITCH,XOM,RECEIVE,4750,4800,0
XOM_JAN_XNAS_ITCH_mbp1.dbn.zst,XOM_JAN,XNAS.ITCH,XOM,RECEIVE,4800,4850,0
XOM_JAN_XNAS_ITCH_mbp1.dbn.zst,XOM_JAN,XNAS.ITCH,XOM,RECEIVE,4850,4900,0
XOM_JAN_XNAS_ITCH_mbp1.dbn.zst,XOM_JAN,XNAS.ITCH,XOM,RECEIVE,4900,4950,0
XOM_JAN_XNAS_ITCH_mbp1.dbn.zst,XOM_JAN,XNAS.ITCH,XOM,RECEIVE,4950,5000,0
