census_2018,aioe_admin_equal,aioe_ability_direct,aioe_oews2018_source_weighted,dv_rating_alpha,dv_rating_beta,dv_rating_gamma,dingel_neiman_telework,eloundou_target_soc_component_count,eloundou_target_soc_weight_basis,dv_rating_alpha_target_soc_covered_weight,dv_rating_alpha_target_soc_partial_weighted_sum,dv_rating_beta_target_soc_covered_weight,dv_rating_beta_target_soc_partial_weighted_sum,dv_rating_gamma_target_soc_covered_weight,dv_rating_gamma_target_soc_partial_weighted_sum,dingel_neiman_target_soc_component_count,dingel_neiman_target_soc_weight_basis,dingel_neiman_telework_target_soc_covered_weight,dingel_neiman_telework_target_soc_partial_weighted_sum
0010,1.334246,0.667753413458,1.334246,0.133333333333,0.507777777778,0.882222222222,1,1,oews_2021_employment,1,0.133333333333,1,0.507777777778,1,0.882222222222,1,oews_2021_employment,1,1
0020,0.5748773,0.312941632831,0.5748773,0,0.480769230769,0.961538461538,1,1,oews_2021_employment,1,0,1,0.480769230769,1,0.961538461538,1,oews_2021_employment,1,1
0030,,,,0.0333333333333,0.4,0.766666666667,,1,oews_2021_employment,1,0.0333333333333,1,0.4,1,0.766666666667,1,oews_2021_employment,0,
0040,1.294387,0.611214599077,1.294387,0,0.476744186047,0.953488372093,1,1,oews_2021_employment,1,0,1,0.476744186047,1,0.953488372093,1,oews_2021_employment,1,1
0051,1.315032,0.621293508547,1.315032,0.0625,0.5,0.9375,1,1,oews_2021_employment,1,0.0625,1,0.5,1,0.9375,1,oews_2021_employment,1,1
0052,1.26628,0.591220126487,1.26628,0,0.45,0.9,1,1,oews_2021_employment,1,0,1,0.45,1,0.9,1,oews_2021_employment,1,1
0060,1.293689,,1.293689,0.143018424855,0.553490787572,0.963963150289,,2,oews_2021_employment,1,0.143018424855,1,0.553490787572,1,0.963963150289,2,oews_2021_employment,0,
0101,0.7398278,0.363795259739,0.7398278,0.0869565217391,0.391304347826,0.695652173913,,1,oews_2021_employment,1,0.0869565217391,1,0.391304347826,1,0.695652173913,1,oews_2021_employment,0,
0102,0.7398278,,0.7398278,0.0357142857143,0.400162337662,0.76461038961,,1,oews_2021_employment,1,0.0357142857143,1,0.400162337662,1,0.76461038961,1,oews_2021_employment,0,
0110,1.059853,0.520597711148,1.059853,0.121212121212,0.530303030303,0.939393939394,1,1,oews_2021_employment,1,0.121212121212,1,0.530303030303,1,0.939393939394,1,oews_2021_employment,1,1
0120,1.446232,0.713143350046,1.446232,0,0.485055230669,0.970110461339,1,1,oews_2021_employment,1,0,1,0.485055230669,1,0.970110461339,1,oews_2021_employment,1,1
0135,1.298235,0.597012594792,1.298235,0.131578947368,0.513157894737,0.894736842105,1,1,oews_2021_employment,1,0.131578947368,1,0.513157894737,1,0.894736842105,1,oews_2021_employment,1,1
0136,1.320417,0.612691650741,1.320417,0.04,0.48,0.92,1,1,oews_2021_employment,1,0.04,1,0.48,1,0.92,1,oews_2021_employment,1,1
0137,1.284423,0.62229029278,1.284423,0.0909090909091,0.5,0.909090909091,1,1,oews_2021_employment,1,0.0909090909091,1,0.5,1,0.909090909091,1,oews_2021_employment,1,1
0140,0.5086878,0.332018712696,0.5086878,0.0707451026437,0.405718701503,0.740692300362,0,1,oews_2021_employment,1,0.0707451026437,1,0.405718701503,1,0.740692300362,1,oews_2021_employment,1,0
0150,1.423426,0.68984555362,1.423426,0.228571428571,0.585714285714,0.942857142857,1,1,oews_2021_employment,1,0.228571428571,1,0.585714285714,1,0.942857142857,1,oews_2021_employment,1,1
0160,0.8907923,0.569389713743,0.8907923,0.0178571428571,0.486525974026,0.955194805195,0.666666666667,1,oews_2021_employment,1,0.0178571428571,1,0.486525974026,1,0.955194805195,1,oews_2021_employment,1,0.666666666667
0205,-0.1443684,0.168313109228,-0.1443684,0.0408163265306,0.367346938776,0.69387755102,0,1,oews_2021_employment,1,0.0408163265306,1,0.367346938776,1,0.69387755102,1,oews_2021_employment,1,0
0220,1.029139,0.485918131459,1.029139,0.0444444444444,0.444444444444,0.844444444444,0,1,oews_2021_employment,1,0.0444444444444,1,0.444444444444,1,0.844444444444,1,oews_2021_employment,1,0
0230,0.925523375,0.509421663539,1.08892009723,,,,0.894935766152,4,oews_2021_employment,0.906963321542,0.0229496116535,0.906963321542,0.390641788134,0.906963321542,0.758333964615,4,oews_2021_employment,1,0.894935766152
0300,0.8370105,0.464470842362,0.8370105,0.051724137931,0.442610837438,0.833497536946,0.5,1,oews_2021_employment,1,0.051724137931,1,0.442610837438,1,0.833497536946,1,oews_2021_employment,1,0.5
0310,-0.1213112,0.15831401489,-0.1213112,0.0625,0.416666666667,0.770833333333,0,1,oews_2021_employment,1,0.0625,1,0.416666666667,1,0.770833333333,1,oews_2021_employment,1,0
0325,0.3719018,0.276822256271,0.3719018,0.142857142857,0.428571428571,0.714285714286,,1,oews_2021_employment,1,0.142857142857,1,0.428571428571,1,0.714285714286,1,oews_2021_employment,0,
0335,0.89730395,0.391805748033,0.963446681205,0.20155145003,0.390562469163,0.579573488296,,2,oews_2021_employment,1,0.20155145003,1,0.390562469163,1,0.579573488296,2,oews_2021_employment,0.170549860205,0
0340,0.4021726,0.280563742758,0.4021726,0.0434782608696,0.45652173913,0.869565217391,0,1,oews_2021_employment,1,0.0434782608696,1,0.45652173913,1,0.869565217391,1,oews_2021_employment,1,0
0350,1.260259,0.590126432811,1.260259,0,0.428571428571,0.857142857143,1,1,oews_2021_employment,1,0,1,0.428571428571,1,0.857142857143,1,oews_2021_employment,1,1
0360,1.327906,0.669950984163,1.327906,0.111552064673,0.530696798493,0.949841532314,1,1,oews_2021_employment,1,0.111552064673,1,0.530696798493,1,0.949841532314,1,oews_2021_employment,1,1
0400,0.8233757,0.422014878384,0.8233757,0.142857142857,0.52380952381,0.904761904762,1,1,oews_2021_employment,1,0.142857142857,1,0.52380952381,1,0.904761904762,1,oews_2021_employment,1,1
0410,1.215396,0.609432819557,1.215396,0,0.443181818182,0.886363636364,1,1,oews_2021_employment,1,0,1,0.443181818182,1,0.886363636364,1,oews_2021_employment,1,1
0420,1.156153,0.520143981968,1.156153,0.0714285714286,0.392857142857,0.714285714286,1,1,oews_2021_employment,1,0.0714285714286,1,0.392857142857,1,0.714285714286,1,oews_2021_employment,1,1
0425,1.030768,0.45530218478,1.030768,0,0.422222222222,0.844444444444,0,1,oews_2021_employment,1,0,1,0.422222222222,1,0.844444444444,1,oews_2021_employment,1,0
0426,0.9646872,0.212210631706,0.9646872,0.162525879917,0.452122153209,0.741718426501,,1,oews_2021_employment,1,0.162525879917,1,0.452122153209,1,0.741718426501,1,oews_2021_employment,0,
0440,0.9646872,0.460639300072,0.9646872,0.0712777805905,0.491267364041,0.911256947492,0.888888888889,1,oews_2021_employment,1,0.0712777805905,1,0.491267364041,1,0.911256947492,1,oews_2021_employment,1,0.888888888889
0500,1.068559,0.599258264951,1.068559,0.173913043478,0.54347826087,0.913043478261,1,1,oews_2021_employment,1,0.173913043478,1,0.54347826087,1,0.913043478261,1,oews_2021_employment,1,1
0510,0.7687054,0.38008997507,,0.0555555555556,0.527777777778,1,1,1,equal_missing_oews_employment,1,0.0555555555556,1,0.527777777778,1,1,1,equal_missing_oews_employment,1,1
0520,0.8188258,0.354397196102,,0.0333333333333,0.466666666667,0.9,1,1,equal_missing_oews_employment,1,0.0333333333333,1,0.466666666667,1,0.9,1,equal_missing_oews_employment,1,1
0530,1.509181,0.66793593334,,0.0526315789474,0.473684210526,0.894736842105,1,1,equal_missing_oews_employment,1,0.0526315789474,1,0.473684210526,1,0.894736842105,1,equal_missing_oews_employment,1,1
0540,0.96875975,0.440504418549,1.2433897505,0.0768422143178,0.519210553579,0.961578892841,0.960527678972,2,oews_2021_employment,1,0.0768422143178,1,0.519210553579,1,0.961578892841,2,oews_2021_employment,1,0.960527678972
0565,0.6981205,0.405229461078,0.6981205,0.234296048976,0.526304274931,0.818312500886,0.5,1,oews_2021_employment,1,0.234296048976,1,0.526304274931,1,0.818312500886,1,oews_2021_employment,1,0.5
0600,1.367669,0.622982842261,1.367669,0,0.5,1,1,1,oews_2021_employment,1,0,1,0.5,1,1,1,oews_2021_employment,1,1
0630,0.7531605,0.403959172379,1.35661660745,0.320190532259,0.636460402172,0.952730272086,1,3,oews_2021_employment,1,0.320190532259,1,0.636460402172,1,0.952730272086,3,oews_2021_employment,1,1
0640,1.440985,0.650327705323,1.440985,0.0789473684211,0.473684210526,0.868421052632,1,1,oews_2021_employment,1,0.0789473684211,1,0.473684210526,1,0.868421052632,1,oews_2021_employment,1,1
0650,1.198409,0.622706714948,1.198409,0.105263157895,0.552631578947,1,1,1,oews_2021_employment,1,0.105263157895,1,0.552631578947,1,1,1,oews_2021_employment,1,1
0700,1.297303,0.658514935087,1.297303,0.0860240939685,0.527860531833,0.969696969697,1,1,oews_2021_employment,1,0.0860240939685,1,0.527860531833,1,0.969696969697,1,oews_2021_employment,1,1
0705,1.08169306667,,1.06456359461,0.1,0.55,1,,1,oews_2021_employment,1,0.1,1,0.55,1,1,1,oews_2021_employment,0,
0710,1.432417,0.676832970532,1.432417,0.0952380952381,0.404761904762,0.714285714286,1,1,oews_2021_employment,1,0.0952380952381,1,0.404761904762,1,0.714285714286,1,oews_2021_employment,1,1
0725,0.3740207,0.292698478324,0.3740207,0.108108108108,0.486486486486,0.864864864865,0,1,oews_2021_employment,1,0.108108108108,1,0.486486486486,1,0.864864864865,1,oews_2021_employment,1,0
0726,1.242567,0.606723997637,1.242567,0.153846153846,0.519230769231,0.884615384615,0,1,oews_2021_employment,1,0.153846153846,1,0.519230769231,1,0.884615384615,1,oews_2021_employment,1,0
0735,1.426757,0.672519208323,1.426757,0.0491803278689,0.524590163934,1,1,1,oews_2021_employment,1,0.0491803278689,1,0.524590163934,1,1,1,oews_2021_employment,1,1
0750,1.047687,0.649660550254,1.047687,0.224152296674,0.582840766028,0.941529235382,0.833333333333,1,oews_2021_employment,1,0.224152296674,1,0.582840766028,1,0.941529235382,1,oews_2021_employment,1,0.833333333333
0800,1.481956,0.69676592556,1.481956,0.12,0.56,1,1,1,oews_2021_employment,1,0.12,1,0.56,1,1,1,oews_2021_employment,1,1
0810,0.8413203,0.371105944977,0.8413203,0.0803571428571,0.53125,0.982142857143,,2,equal_missing_oews_employment,1,0.0803571428571,1,0.53125,1,0.982142857143,2,equal_missing_oews_employment,0,
0820,1.502988,0.708804987478,1.502988,0.08,0.52,0.96,1,1,oews_2021_employment,1,0.08,1,0.52,1,0.96,1,oews_2021_employment,1,1
0830,1.345268,0.666654945772,1.345268,0.111111111111,0.555555555556,1,1,1,oews_2021_employment,1,0.111111111111,1,0.555555555556,1,1,1,oews_2021_employment,1,1
0845,1.380615,,1.380615,0,0.461538461538,0.923076923077,1,1,oews_2021_employment,1,0,1,0.461538461538,1,0.923076923077,1,oews_2021_employment,1,1
0850,1.400749,0.693575612459,1.400749,0.0526315789474,0.5,0.947368421053,1,1,oews_2021_employment,1,0.0526315789474,1,0.5,1,0.947368421053,1,oews_2021_employment,1,1
0860,1.326652,0.591492211952,1.326652,0.142857142857,0.571428571429,1,1,1,oews_2021_employment,1,0.142857142857,1,0.571428571429,1,1,1,oews_2021_employment,1,1
0900,1.526064,0.717593215049,1.526064,0.0606060606061,0.5,0.939393939394,1,1,oews_2021_employment,1,0.0606060606061,1,0.5,1,0.939393939394,1,oews_2021_employment,1,1
0910,1.38556,0.593612026591,1.3857014441,0.210278675283,0.593775701278,0.977272727273,0.0840872374798,2,oews_2021_employment,1,0.210278675283,1,0.593775701278,1,0.977272727273,2,oews_2021_employment,1,0.0840872374798
0930,1.36682,0.653205356999,1.36682,0.193548387097,0.58064516129,0.967741935484,0,1,oews_2021_employment,1,0.193548387097,1,0.58064516129,1,0.967741935484,1,oews_2021_employment,1,0
0940,1.29371,0.56791957701,1.29371,0.25,0.625,1,0,1,oews_2021_employment,1,0.25,1,0.625,1,1,1,oews_2021_employment,1,0
0960,1.3238701,0.622396427219,1.41775613386,0.130003446328,0.551276075486,0.972548704644,,15,equal_missing_oews_employment,1,0.130003446328,1,0.551276075486,1,0.972548704644,15,equal_missing_oews_employment,0.8,0.6
1005,1.154269,0.570754578944,1.154269,0.384615384615,0.634615384615,0.884615384615,,1,oews_2021_employment,1,0.384615384615,1,0.634615384615,1,0.884615384615,1,oews_2021_employment,0,
1006,1.19815,0.594120690737,1.19815,0.294117647059,0.617424242424,0.94073083779,,1,oews_2021_employment,1,0.294117647059,1,0.617424242424,1,0.94073083779,1,oews_2021_employment,0,
1007,1.250146,0.575214021997,1.250146,0.347826086957,0.652173913043,0.95652173913,,1,oews_2021_employment,1,0.347826086957,1,0.652173913043,1,0.95652173913,1,oews_2021_employment,0,
1010,1.271506,0.563491275557,1.271506,0.9,0.95,1,,1,oews_2021_employment,1,0.9,1,0.95,1,1,1,oews_2021_employment,0,
1021,1.2421155,,1.22644334181,0.789473684211,0.868421052632,0.947368421053,,1,oews_2021_employment,1,0.789473684211,1,0.868421052632,1,0.947368421053,1,oews_2021_employment,0,
1022,1.23897866667,0.557790995425,1.22785651039,0.80701754386,0.877192982456,0.947368421053,,1,oews_2021_employment,1,0.80701754386,1,0.877192982456,1,0.947368421053,1,oews_2021_employment,0,
1031,1.089463,0.534186998938,1.089463,0.865384615385,0.932692307692,1,,1,oews_2021_employment,1,0.865384615385,1,0.932692307692,1,1,1,oews_2021_employment,0,
1032,1.161084,0.556544267279,1.19685789258,0.5,0.75,1,,1,oews_2021_employment,1,0.5,1,0.75,1,1,1,oews_2021_employment,0,
1050,0.5427018,0.338689915941,0.408043224043,0.448071090496,0.616097749431,0.784124408367,,2,oews_2021_employment,1,0.448071090496,1,0.616097749431,1,0.784124408367,2,oews_2021_employment,0,
1065,1.03445862,0.498355068216,0.979170998473,0.558632813489,0.747205536917,0.935778260344,,4,oews_2021_employment,1,0.558632813489,1,0.747205536917,1,0.935778260344,4,oews_2021_employment,0,
1105,0.7895315,0.43901302229,0.7895315,0.540540540541,0.72972972973,0.918918918919,,1,oews_2021_employment,1,0.540540540541,1,0.72972972973,1,0.918918918919,1,oews_2021_employment,0,
1106,0.5803306,0.412004588784,0.5803306,0.354886968085,0.635222739362,0.915558510638,,1,oews_2021_employment,1,0.354886968085,1,0.635222739362,1,0.915558510638,1,oews_2021_employment,0,
1108,0.96837845,0.606525878514,1.1886166935,0.476622877717,0.735786186333,0.994949494949,,1,oews_2021_employment,1,0.476622877717,1,0.735786186333,1,0.994949494949,1,oews_2021_employment,0,
1200,1.516474,0.726151057595,1.516474,0,0.5,1,1,1,oews_2021_employment,1,0,1,0.5,1,1,1,oews_2021_employment,1,1
1210,1.472319,0.737186940762,1.472319,1,1,1,1,1,oews_2021_employment,1,1,1,1,1,1,1,oews_2021_employment,1,1
1220,1.40002,0.684762388774,1.40002,0.258064516129,0.629032258065,1,1,1,oews_2021_employment,1,0.258064516129,1,0.629032258065,1,1,1,oews_2021_employment,1,1
1230,1.382724,0.633022162016,1.382724,0.449473684211,0.724736842105,1,1,1,oews_2021_employment,1,0.449473684211,1,0.724736842105,1,1,1,oews_2021_employment,1,1
1240,1.30550346,0.687319293807,1.41144756563,0.323525870202,0.661513089288,0.999500308374,,6,oews_2021_employment,1,0.323525870202,1,0.661513089288,1,0.999500308374,6,oews_2021_employment,0.58482800287,0.58482800287
1305,1.047142,0.575006464443,1.047142,0.0697674418605,0.488372093023,0.906976744186,1,1,oews_2021_employment,1,0.0697674418605,1,0.488372093023,1,0.906976744186,1,oews_2021_employment,1,1
1306,1.034388,0.558395917126,1.034388,0,0.421052631579,0.842105263158,1,1,oews_2021_employment,1,0,1,0.421052631579,1,0.842105263158,1,oews_2021_employment,1,1
1310,0.48152925,0.277510387269,0.27760526226,0.125943808851,0.512191890301,0.898439971751,0.60686440678,2,oews_2021_employment,1,0.125943808851,1,0.512191890301,1,0.898439971751,2,oews_2021_employment,1,0.60686440678
1320,1.338738,0.673339132974,1.338738,0.214285714286,0.571428571429,0.928571428571,1,1,oews_2021_employment,1,0.214285714286,1,0.571428571429,1,0.928571428571,1,oews_2021_employment,1,1
1330,0.9409636,0.443597800123,0.9409636,0.0740740740741,0.425925925926,0.777777777778,0,1,oews_2021_employment,1,0.0740740740741,1,0.425925925926,1,0.777777777778,1,oews_2021_employment,1,0
1340,0.9874239,0.512638605845,0.9874239,0.230769230769,0.589743589744,0.948717948718,1,1,oews_2021_employment,1,0.230769230769,1,0.589743589744,1,0.948717948718,1,oews_2021_employment,1,1
1350,1.341336,0.636317303535,1.341336,0.0769230769231,0.461538461538,0.846153846154,0,1,oews_2021_employment,1,0.0769230769231,1,0.461538461538,1,0.846153846154,1,oews_2021_employment,1,0
1360,1.282867,0.644556105367,1.282867,0.0556277056277,0.482142857143,0.908658008658,1,1,oews_2021_employment,1,0.0556277056277,1,0.482142857143,1,0.908658008658,1,oews_2021_employment,1,1
1400,1.141812,0.579349099124,1.141812,0.545454545455,0.727272727273,0.909090909091,1,1,oews_2021_employment,1,0.545454545455,1,0.727272727273,1,0.909090909091,1,oews_2021_employment,1,1
1410,0.8960914,0.451697334732,0.933772585178,0.310527027244,0.583553862215,0.856580697186,1,2,oews_2021_employment,1,0.310527027244,1,0.583553862215,1,0.856580697186,2,oews_2021_employment,1,1
1420,1.343561,0.675456763769,1.343561,0.12962962963,0.555555555556,0.981481481481,1,1,oews_2021_employment,1,0.12962962963,1,0.555555555556,1,0.981481481481,1,oews_2021_employment,1,1
1430,1.06638175,0.500512386382,1.12560538624,0.177636216786,0.550736761188,0.92383730559,0.48796898344,2,oews_2021_employment,1,0.177636216786,1,0.550736761188,1,0.92383730559,2,oews_2021_employment,1,0.48796898344
1440,0.5472173,0.335478558991,0.5472173,0.105263157895,0.421052631579,0.736842105263,0.5,1,oews_2021_employment,1,0.105263157895,1,0.421052631579,1,0.736842105263,1,oews_2021_employment,1,0.5
1450,1.037278,0.491342503615,1.037278,0.146341463415,0.487804878049,0.829268292683,0,1,oews_2021_employment,1,0.146341463415,1,0.487804878049,1,0.829268292683,1,oews_2021_employment,1,0
1460,1.004709,0.52445285023,1.004709,0.206183310534,0.531293509652,0.85640370877,0.333333333333,1,oews_2021_employment,1,0.206183310534,1,0.531293509652,1,0.85640370877,1,oews_2021_employment,1,0.333333333333
1500,1.34695,0.638122804824,1.34695,0.111111111111,0.481481481481,0.851851851852,0,1,oews_2021_employment,1,0.111111111111,1,0.481481481481,1,0.851851851852,1,oews_2021_employment,1,0
1510,1.303009,0.646782529075,1.303009,0.25,0.55,0.85,0,1,oews_2021_employment,1,0.25,1,0.55,1,0.85,1,oews_2021_employment,1,0
1520,1.247779,0.672062730174,1.247779,0.166666666667,0.527777777778,0.888888888889,1,1,oews_2021_employment,1,0.166666666667,1,0.527777777778,1,0.888888888889,1,oews_2021_employment,1,1
1530,0.787566,0.442830369994,0.787566,0.197452759051,0.522649620028,0.847846481004,0.454545454545,1,oews_2021_employment,1,0.197452759051,1,0.522649620028,1,0.847846481004,1,oews_2021_employment,1,0.454545454545
1541,0.9233925,0.498074263953,0.9233925,0.12,0.54,0.96,1,1,oews_2021_employment,1,0.12,1,0.54,1,0.96,1,oews_2021_employment,1,1
1545,0.891521866667,0.476275527955,0.895650571592,,,,,4,oews_2021_employment,0.917386609071,0.104966071856,0.917386609071,0.488950163136,0.917386609071,0.872934254416,4,oews_2021_employment,0.917386609071,0.917386609071
1551,0.3515252,0.316100648775,0.3515252,0.188679245283,0.405660377358,0.622641509434,0,1,oews_2021_employment,1,0.188679245283,1,0.405660377358,1,0.622641509434,1,oews_2021_employment,1,0
1555,0.254914311111,0.232317310603,0.379724722697,0.148013546556,0.406827092555,0.665640638554,,9,oews_2021_employment,1,0.148013546556,1,0.406827092555,1,0.665640638554,9,oews_2021_employment,0.978054888596,0.165672682209
1560,0.0852324,0.22578940659,0.0852324,0.0851063829787,0.5,0.914893617021,0.5,1,oews_2021_employment,1,0.0851063829787,1,0.5,1,0.914893617021,1,oews_2021_employment,1,0.5
1600,0.822595033333,0.396389778464,0.73569115358,0.010929175807,0.432279913773,0.853630651739,0.576621748668,3,oews_2021_employment,1,0.010929175807,1,0.432279913773,1,0.853630651739,3,oews_2021_employment,1,0.576621748668
1610,0.732350975,0.436610400608,0.811716895983,0.168549701873,0.482459683043,0.796369664213,0.402661899086,4,oews_2021_employment,1,0.168549701873,1,0.482459683043,1,0.796369664213,4,oews_2021_employment,1,0.402661899086
1640,-0.05767485,0.200148056471,-0.000592922247631,0.0426417056682,0.418160341804,0.79367897794,0.234529381175,2,oews_2021_employment,1,0.0426417056682,1,0.418160341804,1,0.79367897794,2,oews_2021_employment,1,0.234529381175
1650,1.3581075,0.670168713137,1.28859415277,0.169077046486,0.517091770561,0.865106494636,1,2,oews_2021_employment,1,0.169077046486,1,0.517091770561,1,0.865106494636,2,oews_2021_employment,1,1
1660,,,,,,,,1,oews_2021_employment,0,,0,,0,,1,oews_2021_employment,0,
1700,1.3597365,0.655702445498,1.34879374317,0.502989749431,0.722522779043,0.942055808656,1,2,oews_2021_employment,1,0.502989749431,1,0.722522779043,1,0.942055808656,2,oews_2021_employment,1,1
1710,1.373917,0.62774287125,1.373917,0.173913043478,0.565217391304,0.95652173913,1,1,oews_2021_employment,1,0.173913043478,1,0.565217391304,1,0.95652173913,1,oews_2021_employment,1,1
1720,0.76694105,0.44167754483,0.545653375945,0.0844398971324,0.387875531818,0.691311166504,0,2,oews_2021_employment,1,0.0844398971324,1,0.387875531818,1,0.691311166504,2,oews_2021_employment,1,0
1745,1.014113,0.48988079804,1.014113,0.0623666717739,0.521716295214,0.981065918654,1,1,oews_2021_employment,1,0.0623666717739,1,0.521716295214,1,0.981065918654,1,oews_2021_employment,1,1
1750,0.789656066667,0.436071441106,0.918266218263,0.0768808965121,0.508254748416,0.93962860032,1,3,oews_2021_employment,1,0.0768808965121,1,0.508254748416,1,0.93962860032,3,oews_2021_employment,1,1
1760,1.140157,0.583965415908,1.140157,0,0.45652173913,0.913043478261,1,1,oews_2021_employment,1,0,1,0.45652173913,1,0.913043478261,1,oews_2021_employment,1,1
1800,1.403764,0.698483166137,1.403764,0.105263157895,0.552631578947,1,1,1,oews_2021_employment,1,0.105263157895,1,0.552631578947,1,1,1,oews_2021_employment,1,1
1815,1.42653,0.673908459629,1.42653,0.25,0.625,1,1,1,oews_2021_employment,1,0.25,1,0.625,1,1,1,oews_2021_employment,1,1
1821,1.456361,0.724144167425,1.456361,0.0925925925926,0.37037037037,0.648148148148,,1,oews_2021_employment,1,0.0925925925926,1,0.37037037037,1,0.648148148148,1,oews_2021_employment,0,
1822,1.456361,0.674334426831,1.456361,0,0.391891891892,0.783783783784,,1,oews_2021_employment,1,0,1,0.391891891892,1,0.783783783784,1,oews_2021_employment,0,
1825,1.42626275,0.700315606505,1.44883758966,0.048681085697,0.389352914534,0.730024743371,,4,oews_2021_employment,1,0.048681085697,1,0.389352914534,1,0.730024743371,4,oews_2021_employment,0.111171115569,0.111171115569
1830,1.411125,0.670864722623,1.411125,0.153846153846,0.538461538462,0.923076923077,1,1,oews_2021_employment,1,0.153846153846,1,0.538461538462,1,0.923076923077,1,oews_2021_employment,1,1
1840,1.227516,0.625844126654,1.227516,0,0.477272727273,0.954545454545,0,1,oews_2021_employment,1,0,1,0.477272727273,1,0.954545454545,1,oews_2021_employment,1,0
1860,1.1957393,0.57444083726,1.25381127827,0.0847231531086,0.503977867965,0.923232582822,0.942918791683,5,oews_2021_employment,1,0.0847231531086,1,0.503977867965,1,0.923232582822,5,oews_2021_employment,1,0.942918791683
1900,0.095719,0.199538654982,0.095719,0.208409034834,0.385559604472,0.562710174109,,2,oews_2021_employment,1,0.208409034834,1,0.385559604472,1,0.562710174109,2,oews_2021_employment,0,
1910,0.3012355,0.242197496632,0.3012355,0.2,0.416666666667,0.633333333333,0,1,oews_2021_employment,1,0.2,1,0.416666666667,1,0.633333333333,1,oews_2021_employment,1,0
1920,0.0628057,0.22293969203,0.0628057,0.142857142857,0.392857142857,0.642857142857,0,1,oews_2021_employment,1,0.142857142857,1,0.392857142857,1,0.642857142857,1,oews_2021_employment,1,0
1935,0.15839535,0.194492655524,0.276064909125,0.201683236456,0.446088038009,0.690492839561,,3,oews_2021_employment,1,0.201683236456,1,0.446088038009,1,0.690492839561,3,oews_2021_employment,0,
1940,0.1696743,0.253112426705,0.1696743,0.111471861472,0.185064935065,0.258658008658,0,1,oews_2021_employment,1,0.111471861472,1,0.185064935065,1,0.258658008658,1,oews_2021_employment,1,0
1950,1.204652,0.589579705505,1.204652,0.424242424242,0.666666666667,0.909090909091,0.5,1,oews_2021_employment,1,0.424242424242,1,0.666666666667,1,0.909090909091,1,oews_2021_employment,1,0.5
1970,0.198946423077,0.236576680439,0.238740161604,0.183078485017,0.443199800096,0.703321115174,,12,oews_2021_employment,1,0.183078485017,1,0.443199800096,1,0.703321115174,12,oews_2021_employment,0.707043542942,0.159728977132
1980,0.61731185,0.329968483055,0.761229610008,0.0607585254416,0.343945988498,0.627133451554,,2,oews_2021_employment,1,0.0607585254416,1,0.343945988498,1,0.627133451554,2,oews_2021_employment,0,
2001,1.030841,0.501171287433,,0.0888888888889,0.2,0.311111111111,1,1,equal_missing_oews_employment,1,0.0888888888889,1,0.2,1,0.311111111111,1,equal_missing_oews_employment,1,1
2002,0.9739287,0.452041589434,0.9739287,0.0526315789474,0.289473684211,0.526315789474,1,1,oews_2021_employment,1,0.0526315789474,1,0.289473684211,1,0.526315789474,1,oews_2021_employment,1,1
2003,1.367434,0.648432414672,1.367434,0.0740740740741,0.111111111111,0.148148148148,1,1,oews_2021_employment,1,0.0740740740741,1,0.111111111111,1,0.148148148148,1,oews_2021_employment,1,1
2004,1.34239,0.590119661037,,0.078431372549,0.254901960784,0.43137254902,0,1,equal_missing_oews_employment,1,0.078431372549,1,0.254901960784,1,0.43137254902,1,equal_missing_oews_employment,1,0
2005,0.5025014,0.491346756987,0.5025014,0.0645161290323,0.354838709677,0.645161290323,1,1,oews_2021_employment,1,0.0645161290323,1,0.354838709677,1,0.645161290323,1,oews_2021_employment,1,1
2006,,,,,,,,1,oews_2021_employment,0,,0,,0,,1,oews_2021_employment,0,
2011,0.7761707,0.357001091094,0.7761707,0.0571428571429,0.242857142857,0.428571428571,0,1,oews_2021_employment,1,0.0571428571429,1,0.242857142857,1,0.428571428571,1,oews_2021_employment,1,0
2012,0.9339648,0.459893412504,0.9339648,0.03125,0.34375,0.65625,0,1,oews_2021_employment,1,0.03125,1,0.34375,1,0.65625,1,oews_2021_employment,1,0
2013,1.119216,0.529660284909,1.119216,0,0.270833333333,0.541666666667,0,1,oews_2021_employment,1,0,1,0.270833333333,1,0.541666666667,1,oews_2021_employment,1,0
2014,,,,,,,,1,oews_2021_employment,0,,0,,0,,1,oews_2021_employment,0,
2015,0.5272448,0.203754366198,0.5272448,0.157894736842,0.394736842105,0.631578947368,1,1,oews_2021_employment,1,0.157894736842,1,0.394736842105,1,0.631578947368,1,oews_2021_employment,1,1
2016,0.4652255,0.338006018679,0.4652255,0.214285714286,0.392857142857,0.571428571429,0,1,oews_2021_employment,1,0.214285714286,1,0.392857142857,1,0.571428571429,1,oews_2021_employment,1,0
2025,0.4303128,0.266962343195,0.456344425564,,,,,5,oews_2021_employment,0.869981235586,0.171039022119,0.869981235586,0.346758847923,0.869981235586,0.522478673727,5,oews_2021_employment,0.869981235586,0.131981149643
2040,1.282559,0.590971274586,1.282559,0.190476190476,0.333333333333,0.47619047619,1,1,oews_2021_employment,1,0.190476190476,1,0.333333333333,1,0.47619047619,1,oews_2021_employment,1,1
2050,1.210922,0.579955990917,1.210922,0.151515151515,0.439393939394,0.727272727273,1,1,oews_2021_employment,1,0.151515151515,1,0.439393939394,1,0.727272727273,1,oews_2021_employment,1,1
2060,,,,,,,,1,oews_2021_employment,0,,0,,0,,1,oews_2021_employment,0,
2100,1.328783,0.636797505806,1.328783,0,0.425,0.85,1,1,oews_2021_employment,1,0,1,0.425,1,0.85,1,oews_2021_employment,1,1
2105,1.462973,0.709604890323,1.462973,0.137931034483,0.51724137931,0.896551724138,1,1,oews_2021_employment,1,0.137931034483,1,0.51724137931,1,0.896551724138,1,oews_2021_employment,1,1
2110,1.434267,0.70816714098,1.45277457423,0.057969721471,0.452689819544,0.847409917617,0.432277834525,3,oews_2021_employment,1,0.057969721471,1,0.452689819544,1,0.847409917617,3,oews_2021_employment,1,0.432277834525
2145,1.292055,0.591144006175,1.292055,0.2,0.525,0.85,1,1,oews_2021_employment,1,0.2,1,0.525,1,0.85,1,oews_2021_employment,1,1
2170,1.279954,0.55058933348,1.279954,0.214285714286,0.571428571429,0.928571428571,1,1,oews_2021_employment,1,0.214285714286,1,0.571428571429,1,0.928571428571,1,oews_2021_employment,1,1
2180,,,,,,,,1,oews_2021_employment,0,,0,,0,,1,oews_2021_employment,0,
2205,1.21272186,0.56546815037,1.05679432051,,,,,37,oews_2021_employment,0.839498713215,0.139892531076,0.839498713215,0.401469549766,0.839498713215,0.663046568456,37,oews_2021_employment,0.839498713215,0.824385513409
2300,0.19752095,0.242446654943,0.109418054629,0.0592367646825,0.22859311977,0.397949474858,1,2,oews_2021_employment,1,0.0592367646825,1,0.22859311977,1,0.397949474858,2,oews_2021_employment,1,1
2310,0.897771066667,0.430969761767,1.00466297191,0.060546234378,0.322218482511,0.583890730644,1,3,oews_2021_employment,1,0.060546234378,1,0.322218482511,1,0.583890730644,3,oews_2021_employment,1,1
2320,0.78238775,0.419993547537,1.13521262144,0.0408929835329,0.333333333333,0.625773683134,1,2,oews_2021_employment,1,0.0408929835329,1,0.333333333333,1,0.625773683134,2,oews_2021_employment,1,1
2330,0.573016533333,0.319581943672,0.779958267173,0.132461982462,0.308023920524,0.483585858586,,6,equal_missing_oews_employment,1,0.132461982462,1,0.308023920524,1,0.483585858586,6,equal_missing_oews_employment,0.333333333333,0.166666666667
2350,1.32533,0.637407050181,,0.171428571429,0.542857142857,0.914285714286,,1,oews_2021_employment,1,0.171428571429,1,0.542857142857,1,0.914285714286,1,oews_2021_employment,0,
2360,1.1702586,0.514071400769,0.684265413722,,,,,5,oews_2021_employment,0.825126919727,0.181336553597,0.825126919727,0.327860870782,0.825126919727,0.474385187967,5,oews_2021_employment,0.445886526329,0.445886526329
2400,0.440671766667,0.286488873001,0.383026278047,0.0953996944186,0.397395570035,0.699391445651,0.610103166133,3,oews_2021_employment,1,0.0953996944186,1,0.397395570035,1,0.699391445651,3,oews_2021_employment,1,0.610103166133
2435,0.7439546,0.39222835555,0.995705195935,0.157894736842,0.535087719298,0.912280701754,,1,oews_2021_employment,1,0.157894736842,1,0.535087719298,1,0.912280701754,1,oews_2021_employment,0,
2440,0.037965,0.0910084075994,0.037965,0.384615384615,0.567307692308,0.75,1,1,oews_2021_employment,1,0.384615384615,1,0.567307692308,1,0.75,1,oews_2021_employment,1,1
2545,0.6165867,0.532768903047,0.510952724552,,,,,4,equal_missing_oews_employment,0.75,0.191666666667,0.75,0.290909090909,0.75,0.390151515152,4,equal_missing_oews_employment,0,
2555,0.77143415,0.512048179603,0.591952054789,,,,,7,equal_missing_oews_employment,0.714285714286,0.145105820106,0.714285714286,0.288786676287,0.714285714286,0.432467532468,7,equal_missing_oews_employment,0.285714285714,0.142857142857
2600,0.057449225,0.213708991982,0.604038789238,,,,,5,oews_2021_employment,0.91103888287,0.047232080962,0.91103888287,0.442286521961,0.91103888287,0.83734096296,5,oews_2021_employment,0.91103888287,0.866016612495
2631,0.867039,0.462174915227,0.867039,0,0.465517241379,0.931034482759,1,1,oews_2021_employment,1,0,1,0.465517241379,1,0.931034482759,1,oews_2021_employment,1,1
2632,0.5801539,0.401539466965,0.5801539,0,0.390625,0.78125,1,1,oews_2021_employment,1,0,1,0.390625,1,0.78125,1,oews_2021_employment,1,1
2633,-0.2718452,0.0597880386475,-0.2718452,0.0666666666667,0.2,0.333333333333,1,1,oews_2021_employment,1,0.0666666666667,1,0.2,1,0.333333333333,1,oews_2021_employment,1,1
2634,0.7156958,0.431500802487,0.7156958,0,0.5,1,1,1,oews_2021_employment,1,0,1,0.5,1,1,1,oews_2021_employment,1,1
2635,1.12168,0.576472837788,1.12168,0,0.5,1,1,1,oews_2021_employment,1,0,1,0.5,1,1,1,oews_2021_employment,1,1
2636,-1.001413,-0.0496585013195,-1.001413,0,0.30487804878,0.609756097561,0,1,oews_2021_employment,1,0,1,0.30487804878,1,0.609756097561,1,oews_2021_employment,1,0
2640,0.279911171429,0.281017987152,0.232338024658,,,,,8,oews_2021_employment,0.980630690566,0.00456195707959,0.980630690566,0.403260694313,0.980630690566,0.801959431547,8,oews_2021_employment,0.980630690566,0.676899389838
2700,0.1590935,0.191584263752,0.1590935,0.15625,0.1875,0.21875,0,1,oews_2021_employment,1,0.15625,1,0.1875,1,0.21875,1,oews_2021_employment,1,0
2710,0.9388108,0.483427926607,0.9388108,0.0938352427714,0.46958537916,0.845335515548,0.4,1,oews_2021_employment,1,0.0938352427714,1,0.46958537916,1,0.845335515548,1,oews_2021_employment,1,0.4
2721,-1.814336,-0.18268529554,-1.814336,0,0,0,1,1,oews_2021_employment,1,0,1,0,1,0,1,oews_2021_employment,1,1
2722,0.1168668,0.21371138567,0.1168668,0.0666666666667,0.3,0.533333333333,1,1,oews_2021_employment,1,0.0666666666667,1,0.3,1,0.533333333333,1,oews_2021_employment,1,1
2723,-0.0325617,0.161787722623,-0.0325617,0.25,0.3125,0.375,0,1,oews_2021_employment,1,0.25,1,0.3125,1,0.375,1,oews_2021_employment,1,0
2740,-2.1227635,-0.266535319797,-2.29376853275,0.0290816326531,0.148368409864,0.267655187075,0,2,oews_2021_employment,1,0.0290816326531,1,0.148368409864,1,0.267655187075,2,oews_2021_employment,1,0
2751,0.8829641,0.44760205222,0.8829641,0.526315789474,0.710526315789,0.894736842105,0.5,1,oews_2021_employment,1,0.526315789474,1,0.710526315789,1,0.894736842105,1,oews_2021_employment,1,0.5
2752,-0.0040058,0.15541163761,-0.0040058,0.244897959184,0.408163265306,0.571428571429,0,1,oews_2021_employment,1,0.244897959184,1,0.408163265306,1,0.571428571429,1,oews_2021_employment,1,0
2755,,,,0.421052631579,0.526315789474,0.631578947368,,1,oews_2021_employment,1,0.421052631579,1,0.526315789474,1,0.631578947368,1,oews_2021_employment,0,
2770,,,,,,,,1,oews_2021_employment,0,,0,,0,,1,oews_2021_employment,0,
2805,0.8493547,0.379868369045,0.8493547,0.4,0.65,0.9,0,1,oews_2021_employment,1,0.4,1,0.65,1,0.9,1,oews_2021_employment,1,0
2810,1.175098,0.558647983624,1.18350855659,0.3,0.65,1,,1,oews_2021_employment,1,0.3,1,0.65,1,1,1,oews_2021_employment,0,
2825,1.284927,0.654483227641,1.284927,0.242424242424,0.590909090909,0.939393939394,1,1,oews_2021_employment,1,0.242424242424,1,0.590909090909,1,0.939393939394,1,oews_2021_employment,1,1
2830,1.128221,0.541585900447,1.128221,0.352941176471,0.647058823529,0.941176470588,1,1,oews_2021_employment,1,0.352941176471,1,0.647058823529,1,0.941176470588,1,oews_2021_employment,1,1
2840,1.184001,0.551825679583,1.184001,0.466666666667,0.7,0.933333333333,1,1,oews_2021_employment,1,0.466666666667,1,0.7,1,0.933333333333,1,oews_2021_employment,1,1
2850,0.9879274,0.512774727531,0.9879274,0.809829059829,0.877136752137,0.944444444444,1,1,oews_2021_employment,1,0.809829059829,1,0.877136752137,1,0.944444444444,1,oews_2021_employment,1,1
2861,1.111319,0.497753400991,1.111319,0.88,0.88,0.88,0,1,oews_2021_employment,1,0.88,1,0.88,1,0.88,1,oews_2021_employment,1,0
2862,0.835246,0.396717400424,0.835246,0.916666666667,0.958333333333,1,,1,oews_2021_employment,1,0.916666666667,1,0.958333333333,1,1,1,oews_2021_employment,0,
2865,0.6650665,,0.6650665,,,,,1,oews_2021_employment,0,,0,,0,,1,oews_2021_employment,0,
2905,0.1939988,0.231227563208,0.0771402196645,0.160669122498,0.446872021846,0.733074921193,,4,oews_2021_employment,1,0.160669122498,1,0.446872021846,1,0.733074921193,4,oews_2021_employment,0.952936001759,0.952936001759
2910,-0.1680973,0.107050391778,-0.1680973,0.0416666666667,0.385416666667,0.729166666667,1,1,oews_2021_employment,1,0.0416666666667,1,0.385416666667,1,0.729166666667,1,oews_2021_employment,1,1
2920,0.26935305,0.257018552364,0.372354389683,0.0899096533541,0.484314789376,0.878719925398,0.580211136411,2,oews_2021_employment,1,0.0899096533541,1,0.484314789376,1,0.878719925398,2,oews_2021_employment,1,0.580211136411
2970,,,,,,,,1,oews_2021_employment,0,,0,,0,,1,oews_2021_employment,0,
3000,-0.1911757,0.135611462154,-0.1911757,0.181818181818,0.454545454545,0.727272727273,0,1,oews_2021_employment,1,0.181818181818,1,0.454545454545,1,0.727272727273,1,oews_2021_employment,1,0
3010,-0.103693525,0.225946747908,-0.168654472912,,,,,5,oews_2021_employment,0.961905525704,0.0435800785949,0.961905525704,0.232264889654,0.961905525704,0.420949700712,5,oews_2021_employment,0.961905525704,0
3030,1.342809,0.667851672435,1.342809,0.146341463415,0.548780487805,0.951219512195,0,1,oews_2021_employment,1,0.146341463415,1,0.548780487805,1,0.951219512195,1,oews_2021_employment,1,0
3040,0.5040194,0.388448011877,0.5040194,0,0.3,0.6,0,1,oews_2021_employment,1,0,1,0.3,1,0.6,1,oews_2021_employment,1,0
3050,0.6058705,0.360294511481,0.6058705,0.114285714286,0.428571428571,0.742857142857,0,1,oews_2021_employment,1,0.114285714286,1,0.428571428571,1,0.742857142857,1,oews_2021_employment,1,0
3065,0.7086123,,0.7086123,0.0588235294118,0.441176470588,0.823529411765,,1,oews_2021_employment,1,0.0588235294118,1,0.441176470588,1,0.823529411765,1,oews_2021_employment,0,
3070,0.7086123,0.37965015202,0.7086123,0,0.488888888889,0.977777777778,,1,oews_2021_employment,1,0,1,0.488888888889,1,0.977777777778,1,oews_2021_employment,0,
3090,0.576161185,0.401560105743,0.478206193819,,,,,20,oews_2021_employment,0.968532993035,0.0552196044126,0.968532993035,0.357114018298,0.968532993035,0.659008432184,20,oews_2021_employment,0,
3100,0.139313025,0.346711753781,0.646983125547,,,,,4,oews_2021_employment,0.49227865477,0.0318814737059,0.49227865477,0.183037656838,0.49227865477,0.33419383997,4,oews_2021_employment,0,
3110,0.1059147,0.240611684346,0.1059147,0,0.270833333333,0.541666666667,0,1,oews_2021_employment,1,0,1,0.270833333333,1,0.541666666667,1,oews_2021_employment,1,0
3120,0.6279185,0.416940370221,0.6279185,0,0.285714285714,0.571428571429,0,1,oews_2021_employment,1,0,1,0.285714285714,1,0.571428571429,1,oews_2021_employment,1,0
3140,0.6329063,0.415537401257,0.6329063,0.136363636364,0.454545454545,0.772727272727,0,1,oews_2021_employment,1,0.136363636364,1,0.454545454545,1,0.772727272727,1,oews_2021_employment,1,0
3150,0.1151615,0.225738290751,0.1151615,0.110606060606,0.289015151515,0.467424242424,0,1,oews_2021_employment,1,0.110606060606,1,0.289015151515,1,0.467424242424,1,oews_2021_employment,1,0
3160,-0.3581922,0.0962076666535,-0.3581922,0.0851063829787,0.191489361702,0.297872340426,0,1,oews_2021_employment,1,0.0851063829787,1,0.191489361702,1,0.297872340426,1,oews_2021_employment,1,0
3200,-0.2189393,0.143774165739,-0.2189393,0.0487804878049,0.280487804878,0.512195121951,0,1,oews_2021_employment,1,0.0487804878049,1,0.280487804878,1,0.512195121951,1,oews_2021_employment,1,0
3210,0.2190109,0.124239894502,0.2190109,0.0909090909091,0.318181818182,0.545454545455,0.666666666667,1,oews_2021_employment,1,0.0909090909091,1,0.318181818182,1,0.545454545455,1,oews_2021_employment,1,0.666666666667
3220,-0.1880507,0.146502804476,-0.1880507,0.0952380952381,0.202380952381,0.309523809524,0,1,oews_2021_employment,1,0.0952380952381,1,0.202380952381,1,0.309523809524,1,oews_2021_employment,1,0
3230,1.146267,0.501107728614,1.146267,0.170731707317,0.451219512195,0.731707317073,1,1,oews_2021_employment,1,0.170731707317,1,0.451219512195,1,0.731707317073,1,oews_2021_employment,1,1
3235,-0.0331901,0.169855879548,-0.0331901,0.04,0.26,0.48,0,1,oews_2021_employment,1,0.04,1,0.26,1,0.48,1,oews_2021_employment,1,0
3245,,0.303177968255,,0.0879432624113,0.365602836879,0.643262411348,,1,oews_2021_employment,1,0.0879432624113,1,0.365602836879,1,0.643262411348,1,oews_2021_employment,0,
3250,-0.0749958,0.216779633095,-0.0749958,0.0810810810811,0.27027027027,0.459459459459,0,1,oews_2021_employment,1,0.0810810810811,1,0.27027027027,1,0.459459459459,1,oews_2021_employment,1,0
3255,0.2294097,0.288438371533,0.2294097,0.0694878411135,0.380190007037,0.690892172961,0,1,oews_2021_employment,1,0.0694878411135,1,0.380190007037,1,0.690892172961,1,oews_2021_employment,1,0
3256,0.2413191,0.298283873005,0.2413191,0,0.166666666667,0.333333333333,0,1,oews_2021_employment,1,0,1,0.166666666667,1,0.333333333333,1,oews_2021_employment,1,0
3257,0.1966265,0.2720494499,0.1966265,0.19512195122,0.390243902439,0.585365853659,0,1,oews_2021_employment,1,0.19512195122,1,0.390243902439,1,0.585365853659,1,oews_2021_employment,1,0
3258,0.1900572,0.266087281786,0.1900572,0.037037037037,0.481481481481,0.925925925926,0,1,oews_2021_employment,1,0.037037037037,1,0.481481481481,1,0.925925925926,1,oews_2021_employment,1,0
3261,0.7109566,0.158040836381,0.7109566,0.166666666667,0.166666666667,0.166666666667,,1,oews_2021_employment,1,0.166666666667,1,0.166666666667,1,0.166666666667,1,oews_2021_employment,0,
3270,0.7109566,0.480448750668,0.7109566,0.196314102564,0.496394230769,0.796474358974,,1,oews_2021_employment,1,0.196314102564,1,0.496394230769,1,0.796474358974,1,oews_2021_employment,0,
3300,0.0772376,0.272581794521,,0.0704156403941,0.254297259852,0.43817887931,0,2,equal_missing_oews_employment,1,0.0704156403941,1,0.254297259852,1,0.43817887931,2,equal_missing_oews_employment,1,0
3310,-0.416508,0.0903650551856,-0.416508,0.0625,0.1875,0.3125,,1,oews_2021_employment,1,0.0625,1,0.1875,1,0.3125,1,oews_2021_employment,0,
3321,-0.0909526,0.190588630428,-0.0909526,0.0857142857143,0.357142857143,0.628571428571,0,1,oews_2021_employment,1,0.0857142857143,1,0.357142857143,1,0.628571428571,1,oews_2021_employment,1,0
3322,-0.264054,0.130280120527,-0.264054,0.105263157895,0.302631578947,0.5,0,1,oews_2021_employment,1,0.105263157895,1,0.302631578947,1,0.5,1,oews_2021_employment,1,0
3323,-0.5559037,0.0478963481268,-0.5559037,0,0.377192982456,0.754385964912,0,1,oews_2021_employment,1,0,1,0.377192982456,1,0.754385964912,1,oews_2021_employment,1,0
3324,-0.0727627,0.179766649499,-0.0727627,0.0444444444444,0.322222222222,0.6,0,1,oews_2021_employment,1,0.0444444444444,1,0.322222222222,1,0.6,1,oews_2021_employment,1,0
3330,-0.1969999,0.153304704438,-0.33915210824,0.0397050117777,0.351755380051,0.663805748323,,6,oews_2021_employment,1,0.0397050117777,1,0.351755380051,1,0.663805748323,6,oews_2021_employment,0.994123264527,0
3401,-0.6863446,,-0.6863446,0.166666666667,0.208333333333,0.25,,1,oews_2021_employment,1,0.166666666667,1,0.208333333333,1,0.25,1,oews_2021_employment,0,
3402,-0.6863446,,-0.6863446,0.0769230769231,0.153846153846,0.230769230769,,1,oews_2021_employment,1,0.0769230769231,1,0.153846153846,1,0.230769230769,1,oews_2021_employment,0,
3421,0.0070256,0.181204151511,0.0070256,0.294117647059,0.426470588235,0.558823529412,0,1,oews_2021_employment,1,0.294117647059,1,0.426470588235,1,0.558823529412,1,oews_2021_employment,1,0
3422,-0.2203484,0.123470941686,-0.2203484,0,0.12,0.24,0,1,oews_2021_employment,1,0,1,0.12,1,0.24,1,oews_2021_employment,1,0
3423,-0.4830476,0.101803511797,-0.4830476,0.0333333333333,0.0666666666667,0.1,0,1,oews_2021_employment,1,0.0333333333333,1,0.0666666666667,1,0.1,1,oews_2021_employment,1,0
3424,-0.3623179,0.131772701256,-0.3623179,0.0655737704918,0.16393442623,0.262295081967,0,1,oews_2021_employment,1,0.0655737704918,1,0.16393442623,1,0.262295081967,1,oews_2021_employment,1,0
3430,-0.184330416667,0.139404288345,-0.132135025507,0.174011592416,0.304705146603,0.435398700789,0,6,oews_2021_employment,1,0.174011592416,1,0.304705146603,1,0.435398700789,6,oews_2021_employment,1,0
3500,-0.5137373,0.10829289503,-0.5137373,0.0789473684211,0.25,0.421052631579,0,1,oews_2021_employment,1,0.0789473684211,1,0.25,1,0.421052631579,1,oews_2021_employment,1,0
3515,0.5738765,,0.5738765,0.235294117647,0.617647058824,1,,1,oews_2021_employment,1,0.235294117647,1,0.617647058824,1,1,1,oews_2021_employment,0,
3520,0.1013966,0.258846961377,0.1013966,0.0952380952381,0.285714285714,0.47619047619,0,1,oews_2021_employment,1,0.0952380952381,1,0.285714285714,1,0.47619047619,1,oews_2021_employment,1,0
3545,0.06039275,0.276651757437,-0.209425927772,0.0664353640769,0.388613515357,0.710791666637,0,3,oews_2021_employment,1,0.0664353640769,1,0.388613515357,1,0.710791666637,3,oews_2021_employment,1,0
3550,0.409846266667,0.230411582417,0.451783333538,0.167790780351,0.397381652549,0.626972524748,,5,oews_2021_employment,1,0.167790780351,1,0.397381652549,1,0.626972524748,5,oews_2021_employment,0.569342495705,0.224972669061
3601,-0.644942,0.0466746536387,-0.644942,0.0769230769231,0.0769230769231,0.0769230769231,,1,equal_missing_oews_employment,1,0.0769230769231,1,0.0769230769231,1,0.0769230769231,1,equal_missing_oews_employment,0,
3602,-0.5737774,-0.0554424383029,-0.5737774,0.166666666667,0.222222222222,0.277777777778,,1,equal_missing_oews_employment,1,0.166666666667,1,0.222222222222,1,0.277777777778,1,equal_missing_oews_employment,0,
3603,-0.9040212,-0.0817657366188,-0.9040212,0.0508474576271,0.101694915254,0.152542372881,,1,oews_2021_employment,1,0.0508474576271,1,0.101694915254,1,0.152542372881,1,oews_2021_employment,0,
3605,-1.02660606667,-0.0839113296236,-0.914066148708,0.0512806263263,0.0990644367741,0.146848247222,,3,oews_2021_employment,1,0.0512806263263,1,0.0990644367741,1,0.146848247222,3,oews_2021_employment,0,
3610,-0.5444042,0.0163533444788,-0.385412562192,0.188734761787,0.265457675824,0.342180589861,0,2,oews_2021_employment,1,0.188734761787,1,0.265457675824,1,0.342180589861,2,oews_2021_employment,1,0
3620,-0.70659,-0.0233369840672,-0.648234702601,0.108374389301,0.162561583951,0.216748778601,0,2,oews_2021_employment,1,0.108374389301,1,0.162561583951,1,0.216748778601,2,oews_2021_employment,1,0
3630,-1.410233,-0.232628441849,-1.410233,0.0740740740741,0.0740740740741,0.0740740740741,0,1,oews_2021_employment,1,0.0740740740741,1,0.0740740740741,1,0.0740740740741,1,oews_2021_employment,1,0
3640,-0.5268759,0.0673440062943,-0.5268759,0.133333333333,0.266666666667,0.4,0,1,oews_2021_employment,1,0.133333333333,1,0.266666666667,1,0.4,1,oews_2021_employment,1,0
3645,0.1497917,0.216520668762,0.1497917,0.179487179487,0.358974358974,0.538461538462,0,1,oews_2021_employment,1,0.179487179487,1,0.358974358974,1,0.538461538462,1,oews_2021_employment,1,0
3646,1.06259,0.526116562715,1.06259,0.821428571429,0.875,0.928571428571,1,1,oews_2021_employment,1,0.821428571429,1,0.875,1,0.928571428571,1,oews_2021_employment,1,1
3647,-0.1552654,0.0906185138603,-0.1552654,0.24,0.38,0.52,0,1,oews_2021_employment,1,0.24,1,0.38,1,0.52,1,oews_2021_employment,1,0
3648,-0.7735824,-0.0409847425812,-0.7735824,0.111111111111,0.222222222222,0.333333333333,0,1,oews_2021_employment,1,0.111111111111,1,0.222222222222,1,0.333333333333,1,oews_2021_employment,1,0
3649,-0.2778475,0.0855648406238,-0.2778475,0.146341463415,0.182926829268,0.219512195122,0,1,oews_2021_employment,1,0.146341463415,1,0.182926829268,1,0.219512195122,1,oews_2021_employment,1,0
3655,-0.135755825,0.152180490887,-0.107411401867,0.183938220523,0.32487995025,0.465821679977,0.0698360010662,8,oews_2021_employment,1,0.183938220523,1,0.32487995025,1,0.465821679977,8,oews_2021_employment,1,0.0698360010662
3700,-0.5584278,0.0582604882332,-0.5584278,0.217391304348,0.282608695652,0.347826086957,0,1,oews_2021_employment,1,0.217391304348,1,0.282608695652,1,0.347826086957,1,oews_2021_employment,1,0
3710,-0.1923298,0.168810736055,-0.1923298,0.105263157895,0.328947368421,0.552631578947,0,1,oews_2021_employment,1,0.105263157895,1,0.328947368421,1,0.552631578947,1,oews_2021_employment,1,0
3720,-0.593021,0.0822185533535,-0.593021,0.22641509434,0.415094339623,0.603773584906,0,1,oews_2021_employment,1,0.22641509434,1,0.415094339623,1,0.603773584906,1,oews_2021_employment,1,0
3725,,,,0.238095238095,0.404761904762,0.571428571429,,1,oews_2021_employment,1,0.238095238095,1,0.404761904762,1,0.571428571429,1,oews_2021_employment,0,
3735,,,,,,,,1,oews_2021_employment,0,,0,,0,,1,oews_2021_employment,0,
3740,-1.320232,-0.0763495143555,-1.320232,0.105263157895,0.140350877193,0.175438596491,0,1,oews_2021_employment,1,0.105263157895,1,0.140350877193,1,0.175438596491,1,oews_2021_employment,1,0
3750,-0.07580985,0.164628368971,0.0225168648704,0.133082015854,0.277344614942,0.421607214029,0,2,oews_2021_employment,1,0.133082015854,1,0.277344614942,1,0.421607214029,2,oews_2021_employment,1,0
3801,-0.5103183,0.0296454729525,-0.5103183,0.0357142857143,0.0357142857143,0.0357142857143,0,1,oews_2021_employment,1,0.0357142857143,1,0.0357142857143,1,0.0357142857143,1,oews_2021_employment,1,0
3802,-0.8875365,0.00256151497616,-0.8875365,0.227272727273,0.261363636364,0.295454545455,0,1,oews_2021_employment,1,0.227272727273,1,0.261363636364,1,0.295454545455,1,oews_2021_employment,1,0
3820,0.2257696,0.313236983923,0.2257696,0.0883861236802,0.397410759175,0.706435394671,0.2,1,oews_2021_employment,1,0.0883861236802,1,0.397410759175,1,0.706435394671,1,oews_2021_employment,1,0.2
3830,-0.4585168,0.0979687364979,-0.4585168,0.0909090909091,0.284090909091,0.477272727273,0,1,oews_2021_employment,1,0.0909090909091,1,0.284090909091,1,0.477272727273,1,oews_2021_employment,1,0
3840,-0.6239931,-0.00362469202603,-0.6239931,0.179487179487,0.320512820513,0.461538461538,0,1,oews_2021_employment,1,0.179487179487,1,0.320512820513,1,0.461538461538,1,oews_2021_employment,1,0
3870,-0.7443319,0.0871885796317,-0.669135735302,0.176835419095,0.35064744166,0.524459464226,0,2,oews_2021_employment,1,0.176835419095,1,0.35064744166,1,0.524459464226,2,oews_2021_employment,1,0
3900,-0.5946321,0.0220627620451,-0.5946321,0.266666666667,0.35,0.433333333333,0,1,oews_2021_employment,1,0.266666666667,1,0.35,1,0.433333333333,1,oews_2021_employment,1,0
3910,0.7483108,0.381005089012,0.7483108,0.0740740740741,0.388888888889,0.703703703704,1,1,oews_2021_employment,1,0.0740740740741,1,0.388888888889,1,0.703703703704,1,oews_2021_employment,1,1
3930,0.1687756,0.193014532236,-0.380660989978,0.167384889039,0.169000889377,0.170616889714,0.0086186684673,2,oews_2021_employment,1,0.167384889039,1,0.169000889377,1,0.170616889714,2,oews_2021_employment,1,0.0086186684673
3940,-0.5699511,-0.0392036293733,-0.5699511,0.0526315789474,0.105263157895,0.157894736842,0,1,oews_2021_employment,1,0.0526315789474,1,0.105263157895,1,0.157894736842,1,oews_2021_employment,1,0
3945,-0.5068558,0.0588457031525,-0.5068558,0,0.26,0.52,0,1,oews_2021_employment,1,0,1,0.26,1,0.52,1,oews_2021_employment,1,0
3946,0.0764088,,0.0764088,0.166666666667,0.166666666667,0.166666666667,,1,oews_2021_employment,1,0.166666666667,1,0.166666666667,1,0.166666666667,1,oews_2021_employment,0,
3960,-0.27916556,0.064522267493,-0.305741056945,0.0810551911785,0.193332020647,0.305608850115,,5,oews_2021_employment,1,0.0810551911785,1,0.193332020647,1,0.305608850115,5,oews_2021_employment,0.861983780412,0.249806612601
4000,-0.2676433,0.126310857164,-0.2676433,0.0952380952381,0.261904761905,0.428571428571,0,1,oews_2021_employment,1,0.0952380952381,1,0.261904761905,1,0.428571428571,1,oews_2021_employment,1,0
4010,-0.2575492,0.12564897454,-0.2575492,0.222222222222,0.511111111111,0.8,0,1,oews_2021_employment,1,0.222222222222,1,0.511111111111,1,0.8,1,oews_2021_employment,1,0
4020,-0.6942435,-0.0416688953885,-0.708530618606,,,,,6,oews_2021_employment,0.992726937949,0.0183662961574,0.992726937949,0.0642256773249,0.992726937949,0.110085058492,6,oews_2021_employment,0.992726937949,0.000176122581317
4030,-1.226416,-0.200369116393,-1.226416,0.0185185185185,0.037037037037,0.0555555555556,0,1,oews_2021_employment,1,0.0185185185185,1,0.037037037037,1,0.0555555555556,1,oews_2021_employment,1,0
4040,-0.6159883,0.0391767295727,-0.6159883,0.111111111111,0.194444444444,0.277777777778,0,1,oews_2021_employment,1,0.111111111111,1,0.194444444444,1,0.277777777778,1,oews_2021_employment,1,0
4055,-0.5078111,-0.000373087862914,-0.525339196105,0.063048245614,0.0970394736842,0.131030701754,,1,oews_2021_employment,1,0.063048245614,1,0.0970394736842,1,0.131030701754,1,oews_2021_employment,0,
4110,-0.9481003,-0.0638228797838,-0.9481003,0.0816326530612,0.183673469388,0.285714285714,0,1,oews_2021_employment,1,0.0816326530612,1,0.183673469388,1,0.285714285714,1,oews_2021_employment,1,0
4120,-0.7270206,-0.109537966923,-0.7270206,0.0740740740741,0.12962962963,0.185185185185,0,1,oews_2021_employment,1,0.0740740740741,1,0.12962962963,1,0.185185185185,1,oews_2021_employment,1,0
4130,-1.927078,-0.363359062692,-1.927078,0,0,0,0,1,oews_2021_employment,1,0,1,0,1,0,1,oews_2021_employment,1,0
4140,-1.738612,-0.278163761122,-1.738612,0,0,0,0,1,oews_2021_employment,1,0,1,0,1,0,1,oews_2021_employment,1,0
4150,-0.0565477,0.0929138249845,-0.0565477,0.0571428571429,0.228571428571,0.4,0,1,oews_2021_employment,1,0.0571428571429,1,0.228571428571,1,0.4,1,oews_2021_employment,1,0
4160,,,,,,,,1,oews_2021_employment,0,,0,,0,,1,oews_2021_employment,0,
4200,-0.5854128,-0.000768786137222,-0.5854128,0.163265306122,0.265306122449,0.367346938776,0,1,oews_2021_employment,1,0.163265306122,1,0.265306122449,1,0.367346938776,1,oews_2021_employment,1,0
4210,-0.5548871,0.0373051532439,-0.5548871,0.145454545455,0.354545454545,0.563636363636,0,1,oews_2021_employment,1,0.145454545455,1,0.354545454545,1,0.563636363636,1,oews_2021_employment,1,0
4220,-1.458429,-0.309316063374,-1.4495395606,,,,,3,oews_2021_employment,0.993753285376,0,0.993753285376,0,0.993753285376,0,3,oews_2021_employment,0.993753285376,0
4230,-1.480657,-0.315970943599,-1.480657,0,0,0,0,1,oews_2021_employment,1,0,1,0,1,0,1,oews_2021_employment,1,0
4240,-0.7255374,0.0278343629687,-0.7255374,0.166666666667,0.25,0.333333333333,0,1,oews_2021_employment,1,0.166666666667,1,0.25,1,0.333333333333,1,oews_2021_employment,1,0
4251,-1.824293,-0.280876892411,-1.824293,0,0.0243902439024,0.0487804878049,0,1,oews_2021_employment,1,0,1,0.0243902439024,1,0.0487804878049,1,oews_2021_employment,1,0
4252,-1.727035,-0.193649403605,-1.727035,0.0487804878049,0.0609756097561,0.0731707317073,0,1,oews_2021_employment,1,0.0487804878049,1,0.0609756097561,1,0.0731707317073,1,oews_2021_employment,1,0
4255,-1.47870716667,-0.167540618792,-1.79660551171,,,,,4,oews_2021_employment,0.983841550883,0.00209524780604,0.983841550883,0.0263920807985,0.983841550883,0.0506889137911,4,oews_2021_employment,0.983841550883,0
4330,0.46295045,0.250213821773,0.4303075,0.144137130943,0.399572976219,0.655008821495,,3,oews_2021_employment,1,0.144137130943,1,0.399572976219,1,0.655008821495,3,oews_2021_employment,0,
4340,-0.9167759,-0.0306932964994,-0.9167759,0.0689655172414,0.103448275862,0.137931034483,0,1,oews_2021_employment,1,0.0689655172414,1,0.103448275862,1,0.137931034483,1,oews_2021_employment,1,0
4350,-0.8890408,-0.108241264231,-0.8890408,0.181818181818,0.272727272727,0.363636363636,0,1,oews_2021_employment,1,0.181818181818,1,0.272727272727,1,0.363636363636,1,oews_2021_employment,1,0
4400,0.2629292,0.18018581159,0.104104764429,,,,,3,oews_2021_employment,0.869418295921,0.125960528567,0.869418295921,0.129367572887,0.869418295921,0.132774617206,3,oews_2021_employment,0.869418295921,0.780835143616
4420,-0.2420959,0.0231642546867,-0.2420959,0.114285714286,0.142857142857,0.171428571429,1,1,oews_2021_employment,1,0.114285714286,1,0.142857142857,1,0.171428571429,1,oews_2021_employment,1,1
4435,-0.202615857143,0.054726505185,-0.341553029926,,,,,9,oews_2021_employment,0.963934504487,0.162983058178,0.963934504487,0.181023614571,0.963934504487,0.199064170963,9,oews_2021_employment,0.963934504487,0.285635860225
4461,-0.4886874,0.0156410147088,-0.416272021965,0.130118079283,0.158684521841,0.1872509644,,4,oews_2021_employment,1,0.130118079283,1,0.158684521841,1,0.1872509644,4,oews_2021_employment,0.967772511848,0
4465,-0.1903759,0.0983834925493,-0.1903759,0.093023255814,0.162790697674,0.232558139535,0,1,oews_2021_employment,1,0.093023255814,1,0.162790697674,1,0.232558139535,1,oews_2021_employment,1,0
4500,-0.7294621,-0.084783452833,-0.7294621,0.0882352941176,0.161764705882,0.235294117647,0,1,oews_2021_employment,1,0.0882352941176,1,0.161764705882,1,0.235294117647,1,oews_2021_employment,1,0
4510,-0.6824517,0.0313637648919,-0.6824517,0.0526315789474,0.0789473684211,0.105263157895,0,1,oews_2021_employment,1,0.0526315789474,1,0.0789473684211,1,0.105263157895,1,oews_2021_employment,1,0
4521,0.0335124,0.141133515487,0.0335124,0.0555555555556,0.0833333333333,0.111111111111,0,1,oews_2021_employment,1,0.0555555555556,1,0.0833333333333,1,0.111111111111,1,oews_2021_employment,1,0
4522,-0.2628396,0.0893880316752,-0.2628396,0.0606060606061,0.19696969697,0.333333333333,0,1,oews_2021_employment,1,0.0606060606061,1,0.19696969697,1,0.333333333333,1,oews_2021_employment,1,0
4525,-0.398578,0.0356648430985,-0.132245585014,0.06145118952,0.120689388147,0.179927586774,0.0107314936487,4,oews_2021_employment,1,0.06145118952,1,0.120689388147,1,0.179927586774,4,oews_2021_employment,1,0.0107314936487
4530,-0.2080915,0.0640336293566,-0.272854378382,0.110841327554,0.345772135604,0.580702943654,0,2,oews_2021_employment,1,0.110841327554,1,0.345772135604,1,0.580702943654,2,oews_2021_employment,1,0
4540,0.48273945,0.339180077973,,0.156923076923,0.324615384615,0.492307692308,0,2,equal_missing_oews_employment,1,0.156923076923,1,0.324615384615,1,0.492307692308,2,equal_missing_oews_employment,1,0
4600,-0.3834794,0.0739073791183,-0.3834794,0.110872235872,0.141431203931,0.17199017199,1,1,oews_2021_employment,1,0.110872235872,1,0.141431203931,1,0.17199017199,1,oews_2021_employment,1,1
4621,-2.111948,-0.329041679722,-2.111948,0,0.0147058823529,0.0294117647059,0,1,oews_2021_employment,1,0,1,0.0147058823529,1,0.0294117647059,1,oews_2021_employment,1,0
4622,-0.2441154,0.100846619493,-0.2441154,0.119047619048,0.238095238095,0.357142857143,1,1,oews_2021_employment,1,0.119047619048,1,0.238095238095,1,0.357142857143,1,oews_2021_employment,1,1
4640,0.4746119,0.225333307942,0.4746119,0.1,0.24,0.38,1,1,oews_2021_employment,1,0.1,1,0.24,1,0.38,1,oews_2021_employment,1,1
4655,,,,,,,,1,oews_2021_employment,0,,0,,0,,1,oews_2021_employment,0,
4700,0.0191826,0.181796494561,0.0191826,0.0810810810811,0.486486486486,0.891891891892,0,1,oews_2021_employment,1,0.0810810810811,1,0.486486486486,1,0.891891891892,1,oews_2021_employment,1,0
4710,1.316195,0.594820559228,1.316195,0.111111111111,0.537037037037,0.962962962963,1,1,oews_2021_employment,1,0.111111111111,1,0.537037037037,1,0.962962962963,1,oews_2021_employment,1,1
4720,-0.14909065,0.0872733729489,-0.246896686143,0.14004169749,0.209572816076,0.279103934662,0,2,oews_2021_employment,1,0.14004169749,1,0.209572816076,1,0.279103934662,2,oews_2021_employment,1,0
4740,0.0784367,0.128333345319,0.0784367,0.258064516129,0.532258064516,0.806451612903,0,1,oews_2021_employment,1,0.258064516129,1,0.532258064516,1,0.806451612903,1,oews_2021_employment,1,0
4750,-0.1184909,0.159675857659,-0.1184909,0.171428571429,0.342857142857,0.514285714286,0,1,oews_2021_employment,1,0.171428571429,1,0.342857142857,1,0.514285714286,1,oews_2021_employment,1,0
4760,0.0873069,0.168350371658,0.0873069,0.0789473684211,0.342105263158,0.605263157895,0,1,oews_2021_employment,1,0.0789473684211,1,0.342105263158,1,0.605263157895,1,oews_2021_employment,1,0
4800,1.162588,0.547581348421,1.162588,0.179487179487,0.538461538462,0.897435897436,0,1,oews_2021_employment,1,0.179487179487,1,0.538461538462,1,0.897435897436,1,oews_2021_employment,1,0
4810,1.341258,0.624431339718,1.341258,0.151515151515,0.575757575758,1,1,1,oews_2021_employment,1,0.151515151515,1,0.575757575758,1,1,1,oews_2021_employment,1,1
4820,1.256298,0.588034143645,1.256298,0.211538461538,0.605769230769,1,1,1,oews_2021_employment,1,0.211538461538,1,0.605769230769,1,1,1,oews_2021_employment,1,1
4830,1.133598,0.512686250361,1.133598,0.125,0.5625,1,0,1,oews_2021_employment,1,0.125,1,0.5625,1,1,1,oews_2021_employment,1,0
4840,1.302674,,1.302674,0.333333333333,0.633333333333,0.933333333333,,1,oews_2021_employment,1,0.333333333333,1,0.633333333333,1,0.933333333333,1,oews_2021_employment,0,
4850,0.8568333,0.389631897674,0.835402057402,0.212722640035,0.599099659829,0.985476679623,1,2,oews_2021_employment,1,0.212722640035,1,0.599099659829,1,0.985476679623,2,oews_2021_employment,1,1
4900,-0.4992279,-0.0187030046737,0.0748082188978,0.0551270035806,0.133131473338,0.211135943095,0.0468603561387,2,oews_2021_employment,1,0.0551270035806,1,0.133131473338,1,0.211135943095,2,oews_2021_employment,1,0.0468603561387
4920,1.00731275,0.427474945512,0.923197877715,0,0.450998306444,0.901996612889,0.215972903111,2,oews_2021_employment,1,0,1,0.450998306444,1,0.901996612889,2,oews_2021_employment,1,0.215972903111
4930,1.145416,0.595117774425,1.145416,0.159090909091,0.511363636364,0.863636363636,1,1,oews_2021_employment,1,0.159090909091,1,0.511363636364,1,0.863636363636,1,oews_2021_employment,1,1
4940,1.118129,0.491785980046,1.118129,0.611111111111,0.805555555556,1,1,1,oews_2021_employment,1,0.611111111111,1,0.805555555556,1,1,1,oews_2021_employment,1,1
4950,1.107101,0.468363274697,1.107101,0.173913043478,0.260869565217,0.347826086957,0,1,oews_2021_employment,1,0.173913043478,1,0.260869565217,1,0.347826086957,1,oews_2021_employment,1,0
4965,,,,,,,,1,oews_2021_employment,0,,0,,0,,1,oews_2021_employment,0,
5000,1.038688,0.479412624944,1.038688,0.0833333333333,0.489583333333,0.895833333333,1,1,oews_2021_employment,1,0.0833333333333,1,0.489583333333,1,0.895833333333,1,oews_2021_employment,1,1
5010,0.9832644,0.483102733133,0.9832644,0.516129032258,0.629032258065,0.741935483871,1,1,oews_2021_employment,1,0.516129032258,1,0.629032258065,1,0.741935483871,1,oews_2021_employment,1,1
5020,1.019712,0.509704526818,1.019712,0.842105263158,0.894736842105,0.947368421053,0,1,oews_2021_employment,1,0.842105263158,1,0.894736842105,1,0.947368421053,1,oews_2021_employment,1,0
5040,0.926126,,0.926126,,,,,1,oews_2021_employment,0,,0,,0,,1,oews_2021_employment,0,
5100,1.271991,0.583819460414,1.271991,0.392857142857,0.696428571429,1,1,1,oews_2021_employment,1,0.392857142857,1,0.696428571429,1,1,1,oews_2021_employment,1,1
5110,1.333455,0.610855688596,1.333455,0.690476190476,0.77380952381,0.857142857143,0.5,1,oews_2021_employment,1,0.690476190476,1,0.77380952381,1,0.857142857143,1,oews_2021_employment,1,0.5
5120,1.039749,0.508391636164,1.039749,0.604651162791,0.802325581395,1,1,1,oews_2021_employment,1,0.604651162791,1,0.802325581395,1,1,1,oews_2021_employment,1,1
5130,0.4026518,0.239981691063,0.4026518,0.387096774194,0.41935483871,0.451612903226,0,1,oews_2021_employment,1,0.387096774194,1,0.41935483871,1,0.451612903226,1,oews_2021_employment,1,0
5140,1.257632,0.563104966948,1.257632,0.675675675676,0.837837837838,1,1,1,oews_2021_employment,1,0.675675675676,1,0.837837837838,1,1,1,oews_2021_employment,1,1
5150,1.487838,0.696316342509,1.487838,0.257142857143,0.614285714286,0.971428571429,1,1,oews_2021_employment,1,0.257142857143,1,0.614285714286,1,0.971428571429,1,oews_2021_employment,1,1
5160,0.4727723,0.285843034111,0.4727723,0.3125,0.541666666667,0.770833333333,0,1,oews_2021_employment,1,0.3125,1,0.541666666667,1,0.770833333333,1,oews_2021_employment,1,0
5165,,,,,,,,1,oews_2021_employment,0,,0,,0,,1,oews_2021_employment,0,
5200,1.144877,0.586732315975,1.144877,0.533333333333,0.766666666667,1,1,1,oews_2021_employment,1,0.533333333333,1,0.766666666667,1,1,1,oews_2021_employment,1,1
5210,1.149758,0.547439190075,1.149758,0.964285714286,0.964285714286,0.964285714286,1,1,oews_2021_employment,1,0.964285714286,1,0.964285714286,1,0.964285714286,1,oews_2021_employment,1,1
5220,1.166267,0.536210066151,1.166267,0.436363636364,0.7,0.963636363636,0.333333333333,1,oews_2021_employment,1,0.436363636364,1,0.7,1,0.963636363636,1,oews_2021_employment,1,0.333333333333
5230,1.440296,0.653045833326,1.440296,0.35,0.65,0.95,1,1,oews_2021_employment,1,0.35,1,0.65,1,0.95,1,oews_2021_employment,1,1
5240,0.9562519,0.583697161438,0.9562519,0.136363636364,0.568181818182,1,0.5,1,oews_2021_employment,1,0.136363636364,1,0.568181818182,1,1,1,oews_2021_employment,1,0.5
5250,1.226286,0.565475617617,1.226286,0.4,0.68,0.96,0,1,oews_2021_employment,1,0.4,1,0.68,1,0.96,1,oews_2021_employment,1,0
5260,0.2839743,0.242575508707,0.2839743,0.676470588235,0.794117647059,0.911764705882,1,1,oews_2021_employment,1,0.676470588235,1,0.794117647059,1,0.911764705882,1,oews_2021_employment,1,1
5300,0.6063127,0.28678184586,0.6063127,0.205128205128,0.5,0.794871794872,0,1,oews_2021_employment,1,0.205128205128,1,0.5,1,0.794871794872,1,oews_2021_employment,1,0
5310,1.297031,0.572039041192,1.297031,0.51724137931,0.672413793103,0.827586206897,1,1,oews_2021_employment,1,0.51724137931,1,0.672413793103,1,0.827586206897,1,oews_2021_employment,1,1
5320,0.2038919,0.191390460452,0.2038919,0.327586206897,0.534482758621,0.741379310345,0,1,oews_2021_employment,1,0.327586206897,1,0.534482758621,1,0.741379310345,1,oews_2021_employment,1,0
5330,1.364395,0.614330161051,1.364395,0.1875,0.59375,1,0,1,oews_2021_employment,1,0.1875,1,0.59375,1,1,1,oews_2021_employment,1,0
5340,1.174998,0.495307086732,1.174998,0.28,0.56,0.84,0,1,oews_2021_employment,1,0.28,1,0.56,1,0.84,1,oews_2021_employment,1,0
5350,0.8388861,0.391744573545,0.8388861,0.428571428571,0.714285714286,1,1,1,oews_2021_employment,1,0.428571428571,1,0.714285714286,1,1,1,oews_2021_employment,1,1
5360,1.353098,0.626800268743,1.353098,0.275862068966,0.620689655172,0.965517241379,1,1,oews_2021_employment,1,0.275862068966,1,0.620689655172,1,0.965517241379,1,oews_2021_employment,1,1
5400,1.013186,0.482729006681,1.013186,0.2,0.533333333333,0.866666666667,0,1,oews_2021_employment,1,0.2,1,0.533333333333,1,0.866666666667,1,oews_2021_employment,1,0
5410,0.227312,0.236855123112,0.227312,0.114285714286,0.457142857143,0.8,0,1,oews_2021_employment,1,0.114285714286,1,0.457142857143,1,0.8,1,oews_2021_employment,1,0
5420,,,,,,,,1,oews_2021_employment,0,,0,,0,,1,oews_2021_employment,0,
5500,1.405415,0.667957379607,1.405415,0.206117781589,0.527301315037,0.848484848485,1,1,oews_2021_employment,1,0.206117781589,1,0.527301315037,1,0.848484848485,1,oews_2021_employment,1,1
5510,-0.9591126,-0.0794215426428,-0.9591126,0.241379310345,0.310344827586,0.379310344828,1,1,oews_2021_employment,1,0.241379310345,1,0.310344827586,1,0.379310344828,1,oews_2021_employment,1,1
5521,0.9074452,0.421225938542,0.9074452,0.40625,0.65625,0.90625,0,1,oews_2021_employment,1,0.40625,1,0.65625,1,0.90625,1,oews_2021_employment,1,0
5522,1.234523,0.600841858985,1.234523,0.347826086957,0.673913043478,1,1,1,oews_2021_employment,1,0.347826086957,1,0.673913043478,1,1,1,oews_2021_employment,1,1
5530,-0.9723772,-0.111289131803,-0.9723772,0.333333333333,0.4375,0.541666666667,0,1,oews_2021_employment,1,0.333333333333,1,0.4375,1,0.541666666667,1,oews_2021_employment,1,0
5540,-0.5186997,0.0330166122641,-0.5186997,0.148148148148,0.314814814815,0.481481481481,0,1,oews_2021_employment,1,0.148148148148,1,0.314814814815,1,0.481481481481,1,oews_2021_employment,1,0
5550,-1.064715,-0.124947739627,-1.064715,0.205128205128,0.230769230769,0.25641025641,0,1,oews_2021_employment,1,0.205128205128,1,0.230769230769,1,0.25641025641,1,oews_2021_employment,1,0
5560,-1.185001,-0.126975087661,-1.185001,0.1,0.1,0.1,0,1,oews_2021_employment,1,0.1,1,0.1,1,0.1,1,oews_2021_employment,1,0
5600,0.6999103,0.297196862003,0.6999103,0.269230769231,0.596153846154,0.923076923077,0,1,oews_2021_employment,1,0.269230769231,1,0.596153846154,1,0.923076923077,1,oews_2021_employment,1,0
5610,-0.7463213,-0.0336098612256,-0.7463213,0.285714285714,0.5,0.714285714286,0,1,oews_2021_employment,1,0.285714285714,1,0.5,1,0.714285714286,1,oews_2021_employment,1,0
5630,-0.1860789,0.136186567476,-0.1860789,0.206896551724,0.293103448276,0.379310344828,0,1,oews_2021_employment,1,0.206896551724,1,0.293103448276,1,0.379310344828,1,oews_2021_employment,1,0
5710,1.079643,0.500943600462,1.079643,0.378378378378,0.648648648649,0.918918918919,1,1,oews_2021_employment,1,0.378378378378,1,0.648648648649,1,0.918918918919,1,oews_2021_employment,1,1
5720,1.014541,0.479605236353,1.014541,0.391304347826,0.695652173913,1,1,1,oews_2021_employment,1,0.391304347826,1,0.695652173913,1,1,1,oews_2021_employment,1,1
5730,1.217982,0.561564396067,1.217982,0.333333333333,0.666666666667,1,1,1,oews_2021_employment,1,0.333333333333,1,0.666666666667,1,1,1,oews_2021_employment,1,1
5740,1.099056,0.508218094754,1.099056,0.384615384615,0.644230769231,0.903846153846,1,1,oews_2021_employment,1,0.384615384615,1,0.644230769231,1,0.903846153846,1,oews_2021_employment,1,1
5810,0.3108081,0.262889866427,0.3108081,0.857142857143,0.892857142857,0.928571428571,1,1,oews_2021_employment,1,0.857142857143,1,0.892857142857,1,0.928571428571,1,oews_2021_employment,1,1
5820,0.6219606,0.360600997047,0.6219606,0.702702702703,0.743243243243,0.783783783784,1,1,oews_2021_employment,1,0.702702702703,1,0.743243243243,1,0.783783783784,1,oews_2021_employment,1,1
5830,0.3437743,0.267824751017,0.3437743,0.322580645161,0.645161290323,0.967741935484,1,1,oews_2021_employment,1,0.322580645161,1,0.645161290323,1,0.967741935484,1,oews_2021_employment,1,1
5840,1.240201,0.544467900079,1.240201,0.666666666667,0.833333333333,1,1,1,oews_2021_employment,1,0.666666666667,1,0.833333333333,1,1,1,oews_2021_employment,1,1
5850,-0.8184676,-0.0562824798139,-0.8184676,0.108108108108,0.216216216216,0.324324324324,1,1,oews_2021_employment,1,0.108108108108,1,0.216216216216,1,0.324324324324,1,oews_2021_employment,1,1
5860,0.9888986,0.467952357705,0.9888986,0.363636363636,0.575757575758,0.787878787879,1,1,oews_2021_employment,1,0.363636363636,1,0.575757575758,1,0.787878787879,1,oews_2021_employment,1,1
5900,-0.5171404,0.0272694474248,-0.5171404,0.294117647059,0.397058823529,0.5,1,1,oews_2021_employment,1,0.294117647059,1,0.397058823529,1,0.5,1,oews_2021_employment,1,1
5910,1.288375,0.526770569378,1.288375,0.95,0.975,1,1,1,oews_2021_employment,1,0.95,1,0.975,1,1,1,oews_2021_employment,1,1
5920,1.389965,0.64398268281,1.389965,0.826086956522,0.891304347826,0.95652173913,1,1,oews_2021_employment,1,0.826086956522,1,0.891304347826,1,0.95652173913,1,oews_2021_employment,1,1
5940,,,,,,,,1,oews_2021_employment,0,,0,,0,,1,oews_2021_employment,0,
6005,-0.4791843,0.0999293231138,-0.4791843,0.140350877193,0.280701754386,0.421052631579,0.25,1,oews_2021_employment,1,0.140350877193,1,0.280701754386,1,0.421052631579,1,oews_2021_employment,1,0.25
6010,0.1704867,0.207709491312,0.1704867,0.0833333333333,0.291666666667,0.5,0,1,oews_2021_employment,1,0.0833333333333,1,0.291666666667,1,0.5,1,oews_2021_employment,1,0
6020,-1.044292,-0.136724692954,-1.044292,0.0909090909091,0.166666666667,0.242424242424,0,1,oews_2021_employment,1,0.0909090909091,1,0.166666666667,1,0.242424242424,1,oews_2021_employment,1,0
6040,-1.370968,-0.367907613705,-1.370968,0.1,0.1,0.1,0,1,oews_2021_employment,1,0.1,1,0.1,1,0.1,1,oews_2021_employment,1,0
6050,-1.284979,-0.131390705987,-1.5144880029,,,,,4,oews_2021_employment,0.982247831907,0.0576217915139,0.982247831907,0.121453204121,0.982247831907,0.185284616728,4,oews_2021_employment,0.982247831907,0
6115,-1.409023,-0.16833907965,,0,0.0438596491228,0.0877192982456,,1,equal_missing_oews_employment,1,0,1,0.0438596491228,1,0.0877192982456,1,equal_missing_oews_employment,0,
6120,-1.064205,-0.0280692863692,-1.064205,0.0434782608696,0.0434782608696,0.0434782608696,0,1,oews_2021_employment,1,0.0434782608696,1,0.0434782608696,1,0.0434782608696,1,oews_2021_employment,1,0
6130,-1.09197983333,-0.0837336050829,-1.06151756921,,,,,4,oews_2021_employment,0.914491948917,0.132790810661,0.914491948917,0.155462334522,0.914491948917,0.178133858383,4,oews_2021_employment,0.914491948917,0
6200,-0.3054048,0.111564796576,-0.3054048,0.0333333333333,0.416666666667,0.8,0,1,oews_2021_employment,1,0.0333333333333,1,0.416666666667,1,0.8,1,oews_2021_employment,1,0
6210,-1.097532,-0.0635839314163,-1.097532,0,0.030303030303,0.0606060606061,0,1,oews_2021_employment,1,0,1,0.030303030303,1,0.0606060606061,1,oews_2021_employment,1,0
6220,-1.7345495,-0.190035938429,-1.74794910139,0,0.0331319950258,0.0662639900515,0,2,oews_2021_employment,1,0,1,0.0331319950258,1,0.0662639900515,2,oews_2021_employment,1,0
6230,-1.323631,-0.116529404646,-1.323631,0.0444444444444,0.144444444444,0.244444444444,0,1,oews_2021_employment,1,0.0444444444444,1,0.144444444444,1,0.244444444444,1,oews_2021_employment,1,0
6240,-1.45993825,-0.183409158296,-1.37168883353,0.0123100849384,0.061590800335,0.110871515732,0,4,oews_2021_employment,1,0.0123100849384,1,0.061590800335,1,0.110871515732,4,oews_2021_employment,1,0
6250,-1.776736,-0.225685812964,-1.77738762888,0,0,0,0,2,oews_2021_employment,1,0,1,0,1,0,2,oews_2021_employment,1,0
6260,-1.622988,-0.223206550592,-1.622988,0,0.05,0.1,0,1,oews_2021_employment,1,0,1,0.05,1,0.1,1,oews_2021_employment,1,0
6305,-1.0954186,-0.0948259544223,-0.916894643257,0.0388728953691,0.0485911192114,0.0583093430536,0,3,oews_2021_employment,1,0.0388728953691,1,0.0485911192114,1,0.0583093430536,3,oews_2021_employment,1,0
6330,-1.5943725,-0.22713734619,-1.63163553968,0,0.0362255560531,0.0724511121063,0,2,oews_2021_employment,1,0,1,0.0362255560531,1,0.0724511121063,2,oews_2021_employment,1,0
6355,-0.7796905,-0.002696735881,-0.7796905,0.0975609756098,0.146341463415,0.19512195122,0,1,oews_2021_employment,1,0.0975609756098,1,0.146341463415,1,0.19512195122,1,oews_2021_employment,1,0
6360,-1.388901,-0.195494978311,-1.388901,0,0.0833333333333,0.166666666667,0,1,oews_2021_employment,1,0,1,0.0833333333333,1,0.166666666667,1,oews_2021_employment,1,0
6400,-1.4436935,-0.168825649201,-1.46611719451,0,0.047818773654,0.0956375473079,0,2,oews_2021_employment,1,0,1,0.047818773654,1,0.0956375473079,2,oews_2021_employment,1,0
6410,-1.65776,-0.253517751799,-1.58966785986,0.0565254103119,0.0568174459752,0.0571094816385,0,2,oews_2021_employment,1,0.0565254103119,1,0.0568174459752,1,0.0571094816385,2,oews_2021_employment,1,0
6441,-1.225611,-0.12625404937,-1.225611,0,0.0357142857143,0.0714285714286,0,1,oews_2021_employment,1,0,1,0.0357142857143,1,0.0714285714286,1,oews_2021_employment,1,0
6442,-1.121219,-0.0438654135514,-1.121219,0.0185185185185,0.0753161698284,0.132113821138,0,1,oews_2021_employment,1,0.0185185185185,1,0.0753161698284,1,0.132113821138,1,oews_2021_employment,1,0
6460,-1.755588,-0.241219828012,-1.755588,0.0769230769231,0.0769230769231,0.0769230769231,0,1,oews_2021_employment,1,0.0769230769231,1,0.0769230769231,1,0.0769230769231,1,oews_2021_employment,1,0
6500,-1.970997,-0.28543822433,-1.970997,0,0.0714285714286,0.142857142857,0,1,oews_2021_employment,1,0,1,0.0714285714286,1,0.142857142857,1,oews_2021_employment,1,0
6515,-1.752941,-0.233540043505,-1.752941,0,0.04,0.08,0,1,oews_2021_employment,1,0,1,0.04,1,0.08,1,oews_2021_employment,1,0
6520,-1.174972,-0.0972150056144,-1.174972,0,0.0657894736842,0.131578947368,0,1,oews_2021_employment,1,0,1,0.0657894736842,1,0.131578947368,1,oews_2021_employment,1,0
6530,-1.780065,-0.170844278603,-1.780065,0,0.0285714285714,0.0571428571429,0,1,oews_2021_employment,1,0,1,0.0285714285714,1,0.0571428571429,1,oews_2021_employment,1,0
6540,-0.9441692,-0.0485955652254,-0.9441692,0,0.11,0.22,0,1,oews_2021_employment,1,0,1,0.11,1,0.22,1,oews_2021_employment,1,0
6600,-1.74940066667,-0.232331686782,-1.63422245342,,,,,7,oews_2021_employment,0.86805219913,0.00850534604911,0.86805219913,0.00850534604911,0.86805219913,0.00850534604911,7,oews_2021_employment,0.86805219913,0
6660,0.2860245,0.221608349782,0.2860245,0,0.334104289319,0.668208578638,0,1,oews_2021_employment,1,0,1,0.334104289319,1,0.668208578638,1,oews_2021_employment,1,0
6700,-0.8604742,-0.000617741304311,-0.8604742,0.157894736842,0.184210526316,0.210526315789,0,1,oews_2021_employment,1,0.157894736842,1,0.184210526316,1,0.210526315789,1,oews_2021_employment,1,0
6710,-1.902113,-0.293614290406,-1.902113,0.0512820512821,0.0512820512821,0.0512820512821,0,1,oews_2021_employment,1,0.0512820512821,1,0.0512820512821,1,0.0512820512821,1,oews_2021_employment,1,0
6720,-0.6887439,0.0611337918707,-0.6887439,0.0322580645161,0.0806451612903,0.129032258065,0,1,oews_2021_employment,1,0.0322580645161,1,0.0806451612903,1,0.129032258065,1,oews_2021_employment,1,0
6730,-1.27909,-0.0970191464229,-1.27909,0,0.0161290322581,0.0322580645161,0,1,oews_2021_employment,1,0,1,0.0161290322581,1,0.0322580645161,1,oews_2021_employment,1,0
6740,-1.39906,-0.114133301868,-1.39906,0,0,0,0,1,oews_2021_employment,1,0,1,0,1,0,1,oews_2021_employment,1,0
6750,-1.210591,-0.100278759075,-1.210591,0.0625,0.078125,0.09375,0,1,oews_2021_employment,1,0.0625,1,0.078125,1,0.09375,1,oews_2021_employment,1,0
6765,-0.92778715,-0.0501145802946,,0.075,0.120833333333,0.166666666667,0.25,2,equal_missing_oews_employment,1,0.075,1,0.120833333333,1,0.166666666667,2,equal_missing_oews_employment,1,0.25
6800,-1.0535502,-0.0309301946266,-0.990162483943,0.0521675635234,0.0521675635234,0.0521675635234,0,3,oews_2021_employment,1,0.0521675635234,1,0.0521675635234,1,0.0521675635234,3,oews_2021_employment,1,0
6821,-1.144356,-0.0737694034,-1.144356,0,0,0,,1,oews_2021_employment,1,0,1,0,1,0,1,oews_2021_employment,0,
6825,-0.7018391,0.0187077005637,-0.7018391,0.0909090909091,0.136363636364,0.181818181818,,1,oews_2021_employment,1,0.0909090909091,1,0.136363636364,1,0.181818181818,1,oews_2021_employment,0,
6835,-0.73743305,0.0398997951763,-0.718631226976,0.125,0.135416666667,0.145833333333,,1,oews_2021_employment,1,0.125,1,0.135416666667,1,0.145833333333,1,oews_2021_employment,0,
6850,-1.3198242,-0.109431681332,-1.24685106908,,,,,4,oews_2021_employment,0.869780901199,0.00427814684138,0.869780901199,0.00427814684138,0.869780901199,0.00427814684138,4,oews_2021_employment,0.609342703597,0
6920,-1.518977,-0.189019820856,-1.518977,0,0,0,0,1,oews_2021_employment,1,0,1,0,1,0,1,oews_2021_employment,1,0
6950,-1.19376385333,-0.076615796001,-1.18531813831,,,,,14,oews_2021_employment,0.953471881307,0.0268348983068,0.953471881307,0.0329246109043,0.953471881307,0.0390143235017,14,oews_2021_employment,0.608792887143,0
7000,-0.0205169,0.222099923198,-0.0205169,0.025641025641,0.410256410256,0.794871794872,0,1,oews_2021_employment,1,0.025641025641,1,0.410256410256,1,0.794871794872,1,oews_2021_employment,1,0
7010,-0.3458247,0.0902769831462,-0.3458247,0.285714285714,0.367346938776,0.448979591837,0,1,oews_2021_employment,1,0.285714285714,1,0.367346938776,1,0.448979591837,1,oews_2021_employment,1,0
7020,-0.7432931,-0.000503276727278,-0.8405068979,0.220658404559,0.268462416999,0.316266429439,0,2,oews_2021_employment,1,0.220658404559,1,0.268462416999,1,0.316266429439,2,oews_2021_employment,1,0
7030,-0.1728535,0.147115493198,-0.1728535,0.12,0.24,0.36,0,1,oews_2021_employment,1,0.12,1,0.24,1,0.36,1,oews_2021_employment,1,0
7040,-0.8106341,0.00490789011134,-0.8106341,0.0961538461538,0.105769230769,0.115384615385,0,1,oews_2021_employment,1,0.0961538461538,1,0.105769230769,1,0.115384615385,1,oews_2021_employment,1,0
7050,-0.8303875,-0.0353988805544,-0.8303875,0.16,0.24,0.32,0,1,oews_2021_employment,1,0.16,1,0.24,1,0.32,1,oews_2021_employment,1,0
7100,-0.610608875,0.0447759217704,-0.585755825992,0.135782086744,0.227546136511,0.319310186278,0,8,oews_2021_employment,1,0.135782086744,1,0.227546136511,1,0.319310186278,8,oews_2021_employment,1,0
7110,-0.7915968,0.0303391380427,-0.7915968,0.166666666667,0.166666666667,0.166666666667,0,1,oews_2021_employment,1,0.166666666667,1,0.166666666667,1,0.166666666667,1,oews_2021_employment,1,0
7120,-0.571284,0.0440155463124,-0.571284,0.190476190476,0.238095238095,0.285714285714,0,1,oews_2021_employment,1,0.190476190476,1,0.238095238095,1,0.285714285714,1,oews_2021_employment,1,0
7130,-0.6926484,0.0137190711544,-0.6926484,0.0666666666667,0.166666666667,0.266666666667,0,1,oews_2021_employment,1,0.0666666666667,1,0.166666666667,1,0.266666666667,1,oews_2021_employment,1,0
7140,-0.6551197,0.0680154130212,-0.6551197,0.089552238806,0.134328358209,0.179104477612,0,1,oews_2021_employment,1,0.089552238806,1,0.134328358209,1,0.179104477612,1,oews_2021_employment,1,0
7150,-1.180589,-0.121768018084,-1.180589,0,0.0425531914894,0.0851063829787,0,1,oews_2021_employment,1,0,1,0.0425531914894,1,0.0851063829787,1,oews_2021_employment,1,0
7160,-1.202285,-0.153508281103,-1.202285,0,0,0,0,1,oews_2021_employment,1,0,1,0,1,0,1,oews_2021_employment,1,0
7200,-0.9547055,-0.00509422942719,-0.9547055,0.0363636363636,0.0818181818182,0.127272727273,0,1,oews_2021_employment,1,0.0363636363636,1,0.0818181818182,1,0.127272727273,1,oews_2021_employment,1,0
7210,-1.010472,-0.0461752379227,-1.010472,0,0,0,0,1,oews_2021_employment,1,0,1,0,1,0,1,oews_2021_employment,1,0
7220,-1.27498233333,-0.0875481949047,-1.21074097923,0.0629094396674,0.102291808775,0.141674177882,0,3,oews_2021_employment,1,0.0629094396674,1,0.102291808775,1,0.141674177882,3,oews_2021_employment,1,0
7240,-0.848074,-0.0149253202523,-0.863164573326,0.0924797729743,0.10950292839,0.126526083806,0,3,oews_2021_employment,1,0.0924797729743,1,0.10950292839,1,0.126526083806,3,oews_2021_employment,1,0
7260,-1.13257866667,-0.0864932809453,-1.42582408346,0.00783669558373,0.02015335729,0.0324700189962,0,3,oews_2021_employment,1,0.00783669558373,1,0.02015335729,1,0.0324700189962,3,oews_2021_employment,1,0
7300,-1.07192165,-0.0668110850863,-0.95035775254,0.093758473691,0.132801907886,0.171845342082,0,2,oews_2021_employment,1,0.093758473691,1,0.132801907886,1,0.171845342082,2,oews_2021_employment,1,0
7315,-0.8491117,-0.00275904921586,-0.8491117,0.0701754385965,0.105263157895,0.140350877193,0,1,oews_2021_employment,1,0.0701754385965,1,0.105263157895,1,0.140350877193,1,oews_2021_employment,1,0
7320,-0.9703799,-0.0320004342923,-0.9703799,0.0727272727273,0.145454545455,0.218181818182,0,1,oews_2021_employment,1,0.0727272727273,1,0.145454545455,1,0.218181818182,1,oews_2021_employment,1,0
7330,-1.15256855,-0.0781111570677,-1.11908089692,0.16742947419,0.236670683742,0.305911893294,0,4,oews_2021_employment,1,0.16742947419,1,0.236670683742,1,0.305911893294,4,oews_2021_employment,1,0
7340,-1.014408,-0.0738441493481,-1.014408,0.0392156862745,0.137254901961,0.235294117647,0,1,oews_2021_employment,1,0.0392156862745,1,0.137254901961,1,0.235294117647,1,oews_2021_employment,1,0
7350,-0.9735492,-0.0579664172665,-0.9735492,0.114285714286,0.142857142857,0.171428571429,0,1,oews_2021_employment,1,0.114285714286,1,0.142857142857,1,0.171428571429,1,oews_2021_employment,1,0
7360,-1.266085,-0.0621164913387,-1.266085,0,0.0217391304348,0.0434782608696,0,1,oews_2021_employment,1,0,1,0.0217391304348,1,0.0434782608696,1,oews_2021_employment,1,0
7410,-1.081398,-0.0174318955819,-1.081398,0,0,0,0,1,oews_2021_employment,1,0,1,0,1,0,1,oews_2021_employment,1,0
7420,-1.083883,-0.0841230640975,-1.083883,0.03125,0.03125,0.03125,0,1,oews_2021_employment,1,0.03125,1,0.03125,1,0.03125,1,oews_2021_employment,1,0
7430,-0.241317075,0.146597769329,-0.289205663157,,,,,5,oews_2021_employment,0.850932510398,0.113339269523,0.850932510398,0.231442089979,0.850932510398,0.349544910435,5,oews_2021_employment,0.850932510398,0
7440,-0.9709935,-0.0137602954063,-0.9709935,0,0.0434782608696,0.0869565217391,0,1,oews_2021_employment,1,0,1,0.0434782608696,1,0.0869565217391,1,oews_2021_employment,1,0
7510,-0.7233995,-0.0449742480945,-0.7233995,0.321428571429,0.321428571429,0.321428571429,1,1,oews_2021_employment,1,0.321428571429,1,0.321428571429,1,0.321428571429,1,oews_2021_employment,1,1
7520,-1.102728,-0.0369239517789,-1.102728,0,0.0666666666667,0.133333333333,0,1,oews_2021_employment,1,0,1,0.0666666666667,1,0.133333333333,1,oews_2021_employment,1,0
7540,-0.8657498,-0.0169166629327,-0.8657498,0.08,0.08,0.08,0,1,oews_2021_employment,1,0.08,1,0.08,1,0.08,1,oews_2021_employment,1,0
7550,-1.414062,-0.106122042711,-1.414062,0.0769230769231,0.0769230769231,0.0769230769231,0,1,oews_2021_employment,1,0.0769230769231,1,0.0769230769231,1,0.0769230769231,1,oews_2021_employment,1,0
7560,-1.221519,-0.094963069842,-1.221519,0,0,0,0,1,oews_2021_employment,1,0,1,0,1,0,1,oews_2021_employment,1,0
7610,-1.346555,-0.175645382346,-1.346555,0,0.0333333333333,0.0666666666667,0,1,oews_2021_employment,1,0,1,0.0333333333333,1,0.0666666666667,1,oews_2021_employment,1,0
7640,-1.05501693333,-0.0531469620773,-0.901839771301,0.0657885833322,0.147999928412,0.230211273492,0.0840300237994,8,oews_2021_employment,1,0.0657885833322,1,0.147999928412,1,0.230211273492,8,oews_2021_employment,1,0.0840300237994
7700,-0.0845282,0.178123162937,-0.0845282,0.15,0.4,0.65,0,1,oews_2021_employment,1,0.15,1,0.4,1,0.65,1,oews_2021_employment,1,0
7710,-0.8684706,-0.0493934669097,-0.8684706,0,0.025,0.05,0,1,oews_2021_employment,1,0,1,0.025,1,0.05,1,oews_2021_employment,1,0
7720,-0.650526833333,-0.00304000862179,-0.8289722,0.0868945868946,0.121276871277,0.155659155659,0,3,equal_missing_oews_employment,1,0.0868945868946,1,0.121276871277,1,0.155659155659,3,equal_missing_oews_employment,1,0
7730,-0.9561453,-0.0782445012281,-0.9561453,0,0.0952380952381,0.190476190476,0,1,oews_2021_employment,1,0,1,0.0952380952381,1,0.190476190476,1,oews_2021_employment,1,0
7740,-1.076307,-0.131104094048,-1.076307,0,0.0227272727273,0.0454545454545,0,1,oews_2021_employment,1,0,1,0.0227272727273,1,0.0454545454545,1,oews_2021_employment,1,0
7750,-0.794982511111,-0.0359469809211,-0.999696250675,,,,,10,equal_missing_oews_employment,0.9,0.0437154348919,0.9,0.0822923432776,0.9,0.120869251663,10,equal_missing_oews_employment,0.7,0
7800,-0.3852989,0.0256144480307,-0.3852989,0.147058823529,0.264705882353,0.382352941176,0,1,oews_2021_employment,1,0.147058823529,1,0.264705882353,1,0.382352941176,1,oews_2021_employment,1,0
7810,-1.30376346667,-0.173612954132,-1.20704063531,0.0210725590315,0.0526813975787,0.0842902361259,0,3,oews_2021_employment,1,0.0210725590315,1,0.0526813975787,1,0.0842902361259,3,oews_2021_employment,1,0
7830,-0.758859,-0.0202230632154,-0.758859,0.0666666666667,0.0666666666667,0.0666666666667,0,1,oews_2021_employment,1,0.0666666666667,1,0.0666666666667,1,0.0666666666667,1,oews_2021_employment,1,0
7840,-0.3791114,0.0814525423083,-0.3791114,0.102564102564,0.115384615385,0.128205128205,0,1,oews_2021_employment,1,0.102564102564,1,0.115384615385,1,0.128205128205,1,oews_2021_employment,1,0
7850,-0.5559894,0.0071815953049,-0.5559894,0.129032258065,0.129032258065,0.129032258065,0,1,oews_2021_employment,1,0.129032258065,1,0.129032258065,1,0.129032258065,1,oews_2021_employment,1,0
7855,,,,,,,,1,oews_2021_employment,0,,0,,0,,1,oews_2021_employment,0,
7905,-0.8199637,0.112651758991,-0.98910524771,0.289443320783,0.327772505212,0.366101689641,,2,oews_2021_employment,1,0.289443320783,1,0.327772505212,1,0.366101689641,2,oews_2021_employment,0,
7925,-1.04274323333,-0.0678713023492,-1.13694314208,0.0362775663656,0.0711597406889,0.106041915012,0,3,oews_2021_employment,1,0.0362775663656,1,0.0711597406889,1,0.106041915012,3,oews_2021_employment,1,0
7950,-1.036569,-0.0812886738497,-1.036569,0,0.01,0.02,0,1,oews_2021_employment,1,0,1,0.01,1,0.02,1,oews_2021_employment,1,0
8000,-0.9901662,-0.0584109980613,-0.9901662,0.0322580645161,0.0645161290323,0.0967741935484,0,1,oews_2021_employment,1,0.0322580645161,1,0.0645161290323,1,0.0967741935484,1,oews_2021_employment,1,0
8025,-0.94484206,-0.0628938474982,-1.00892747466,0.0270534126869,0.0455360704303,0.0640187281736,0,5,oews_2021_employment,1,0.0270534126869,1,0.0455360704303,1,0.0640187281736,5,oews_2021_employment,1,0
8030,-0.8675535,-0.0367803383973,-0.8675535,0.163265306122,0.234693877551,0.30612244898,0,1,oews_2021_employment,1,0.163265306122,1,0.234693877551,1,0.30612244898,1,oews_2021_employment,1,0
8040,-1.0883025,-0.080026770664,-1.11876393221,0.0585707824514,0.0732134780642,0.0878561736771,0,2,oews_2021_employment,1,0.0585707824514,1,0.0732134780642,1,0.0878561736771,2,oews_2021_employment,1,0
8060,-0.6776654,0.000163253160536,-0.696251340544,0.113818021227,0.157993904599,0.202169787971,0,2,oews_2021_employment,1,0.113818021227,1,0.157993904599,1,0.202169787971,2,oews_2021_employment,1,0
8100,-1.443244,-0.1604337833,-1.19772030321,0.0214657923049,0.0751302730671,0.128794753829,0,2,oews_2021_employment,1,0.0214657923049,1,0.0751302730671,1,0.128794753829,2,oews_2021_employment,1,0
8130,-0.5317897,0.0342075971144,-0.5317897,0.09375,0.1875,0.28125,0,1,oews_2021_employment,1,0.09375,1,0.1875,1,0.28125,1,oews_2021_employment,1,0
8140,-1.1000035,-0.121281097139,-1.18145748019,0.0761191847098,0.0868292339452,0.0975392831805,0,2,oews_2021_employment,1,0.0761191847098,1,0.0868292339452,1,0.0975392831805,2,oews_2021_employment,1,0
8225,-0.9655829,-0.0611019130396,-1.00446057177,,,,,24,oews_2021_employment,0.988531141561,0.0765985503745,0.988531141561,0.112848772672,0.988531141561,0.149098994969,24,oews_2021_employment,0.988531141561,0
8250,0.4107973,0.332096863835,0.4107973,0.0625,0.4375,0.8125,1,1,oews_2021_employment,1,0.0625,1,0.4375,1,0.8125,1,oews_2021_employment,1,1
8255,-0.7093881,-0.00265903607303,-0.7093881,0.175,0.2875,0.4,0,1,oews_2021_employment,1,0.175,1,0.2875,1,0.4,1,oews_2021_employment,1,0
8256,-0.9062089,-0.0540406136005,-0.9062089,0.0512820512821,0.0897435897436,0.128205128205,0,1,oews_2021_employment,1,0.0512820512821,1,0.0897435897436,1,0.128205128205,1,oews_2021_employment,1,0
8300,-1.054399,-0.156963854401,-1.054399,0.025,0.05,0.075,0,1,oews_2021_employment,1,0.025,1,0.05,1,0.075,1,oews_2021_employment,1,0
8310,-1.950063,-0.47407376806,-1.950063,0,0.0104166666667,0.0208333333333,0,1,oews_2021_employment,1,0,1,0.0104166666667,1,0.0208333333333,1,oews_2021_employment,1,0
8320,-0.9639661,-0.0743168673349,-0.9639661,0.046511627907,0.0813953488372,0.116279069767,0,1,oews_2021_employment,1,0.046511627907,1,0.0813953488372,1,0.116279069767,1,oews_2021_employment,1,0
8335,-1.0103835,-0.136561932994,-1.00282949639,0.0340100805502,0.0698267907662,0.105643500982,0,2,oews_2021_employment,1,0.0340100805502,1,0.0698267907662,1,0.105643500982,2,oews_2021_employment,1,0
8350,-0.5146243,0.0498465452321,-0.464483149057,0.0366138059701,0.0813316231343,0.126049440299,0,2,oews_2021_employment,1,0.0366138059701,1,0.0813316231343,1,0.126049440299,2,oews_2021_employment,1,0
8365,-1.1296178,-0.107039288447,-1.21946157811,0.106600197584,0.129806071064,0.153011944544,0,4,oews_2021_employment,1,0.106600197584,1,0.129806071064,1,0.153011944544,4,oews_2021_employment,1,0
8450,-1.313735,-0.116894798317,-1.313735,0.117647058824,0.191176470588,0.264705882353,0,1,oews_2021_employment,1,0.117647058824,1,0.191176470588,1,0.264705882353,1,oews_2021_employment,1,0
8465,-0.752179033333,0.0055378103234,-1.05305098874,,,,,4,oews_2021_employment,0.780286058935,0.0804281656092,0.780286058935,0.135006299637,0.780286058935,0.189584433665,4,oews_2021_employment,0.780286058935,0.0554885404101
8500,-1.327489,-0.123700075406,-1.327489,0.0588235294118,0.117647058824,0.176470588235,0,1,oews_2021_employment,1,0.0588235294118,1,0.117647058824,1,0.176470588235,1,oews_2021_employment,1,0
8510,-1.197727,-0.118905077065,-1.197727,0,0.0285714285714,0.0571428571429,0,1,oews_2021_employment,1,0,1,0.0285714285714,1,0.0571428571429,1,oews_2021_employment,1,0
8530,-1.165031,-0.13878204947,-1.165031,0,0.0588235294118,0.117647058824,0,1,oews_2021_employment,1,0,1,0.0588235294118,1,0.117647058824,1,oews_2021_employment,1,0
8540,-1.130357,-0.117494321637,-1.130357,0.0217391304348,0.0652173913043,0.108695652174,0,1,oews_2021_employment,1,0.0217391304348,1,0.0652173913043,1,0.108695652174,1,oews_2021_employment,1,0
8555,-1.10106465,-0.0866948104738,-1.22074507777,,,,,7,oews_2021_employment,0.965666912626,0.0304050679635,0.965666912626,0.0806119528841,0.965666912626,0.130818837805,7,oews_2021_employment,0.965666912626,0
8600,0.307824566667,0.182788400491,-0.0222011587032,0.0937526284767,0.222181427261,0.350610226046,0,3,oews_2021_employment,1,0.0937526284767,1,0.222181427261,1,0.350610226046,3,oews_2021_employment,1,0
8610,-0.5032496,0.0611043179875,-0.5032496,0.139534883721,0.162790697674,0.186046511628,0,1,oews_2021_employment,1,0.139534883721,1,0.162790697674,1,0.186046511628,1,oews_2021_employment,1,0
8620,-0.44501,0.0806669678568,-0.44501,0.125,0.125,0.125,0,1,oews_2021_employment,1,0.125,1,0.125,1,0.125,1,oews_2021_employment,1,0
8630,-0.430402775,0.0873539645841,-0.401973387629,0.0378372135994,0.148533814252,0.259230414905,0,4,oews_2021_employment,1,0.0378372135994,1,0.148533814252,1,0.259230414905,4,oews_2021_employment,1,0
8640,-0.72471755,0.00985316512883,-0.671502791082,0.0955407025106,0.14924748778,0.20295427305,0,2,oews_2021_employment,1,0.0955407025106,1,0.14924748778,1,0.20295427305,2,oews_2021_employment,1,0
8650,-1.00322133333,-0.0641499061682,-0.908958362216,0.10291641051,0.10291641051,0.10291641051,0,3,oews_2021_employment,1,0.10291641051,1,0.10291641051,1,0.10291641051,3,oews_2021_employment,1,0
8710,-1.01363295,-0.0950452053218,-1.0598317914,0.0398163308892,0.0597244963337,0.0796326617783,0,2,oews_2021_employment,1,0.0398163308892,1,0.0597244963337,1,0.0796326617783,2,oews_2021_employment,1,0
8720,-1.042151,-0.0780556119596,-1.042151,0.075,0.075,0.075,0,1,oews_2021_employment,1,0.075,1,0.075,1,0.075,1,oews_2021_employment,1,0
8730,-0.9582346,-0.0674210025929,-0.9582346,0.16,0.16,0.16,0,1,oews_2021_employment,1,0.16,1,0.16,1,0.16,1,oews_2021_employment,1,0
8740,-0.0293395,0.0567669460049,-0.0293395,0.270833333333,0.416666666667,0.5625,0,1,oews_2021_employment,1,0.270833333333,1,0.416666666667,1,0.5625,1,oews_2021_employment,1,0
8750,-0.1560197,0.226522445379,-0.1560197,0.0357142857143,0.205357142857,0.375,0.333333333333,1,oews_2021_employment,1,0.0357142857143,1,0.205357142857,1,0.375,1,oews_2021_employment,1,0.333333333333
8760,-0.363436366667,0.120179594119,-0.309927326183,0.0154310092687,0.0776242906442,0.13981757202,0.276835331968,3,oews_2021_employment,1,0.0154310092687,1,0.0776242906442,1,0.13981757202,3,oews_2021_employment,1,0.276835331968
8800,-0.978608,-0.0596044536269,-0.978608,0,0,0,0,1,oews_2021_employment,1,0,1,0,1,0,1,oews_2021_employment,1,0
8810,-1.17981423333,-0.108561836256,-1.22572420994,0.0201010235058,0.0402020470116,0.0603030705174,,2,oews_2021_employment,1,0.0201010235058,1,0.0402020470116,1,0.0603030705174,2,oews_2021_employment,0.0753529187333,0.0753529187333
8830,-0.3615806,0.0978575990451,-0.3615806,0.08,0.38,0.68,0,1,oews_2021_employment,1,0.08,1,0.38,1,0.68,1,oews_2021_employment,1,0
8850,-1.311418,-0.126617085874,-1.311418,0.0645161290323,0.0645161290323,0.0645161290323,0,1,oews_2021_employment,1,0.0645161290323,1,0.0645161290323,1,0.0645161290323,1,oews_2021_employment,1,0
8865,-1.15821736667,-0.107151128956,-1.28292948445,,,,0,9,oews_2021_employment,0.654093369418,0.0215252914015,0.654093369418,0.0421122559289,0.654093369418,0.0626992204563,9,oews_2021_employment,1,0
8910,-0.6395226,0.0166267017683,-0.6395226,0,0.136363636364,0.272727272727,0,1,oews_2021_employment,1,0,1,0.136363636364,1,0.272727272727,1,oews_2021_employment,1,0
8920,-1.183408,-0.107504505525,-1.183408,0.0227272727273,0.0709815546772,0.119235836627,0,1,oews_2021_employment,1,0.0227272727273,1,0.0709815546772,1,0.119235836627,1,oews_2021_employment,1,0
8930,-0.8740445,-0.047510927676,-0.8740445,0,0,0,0,1,oews_2021_employment,1,0,1,0,1,0,1,oews_2021_employment,1,0
8940,-1.610915,-0.227408431561,-1.610915,0,0.0192307692308,0.0384615384615,0,1,oews_2021_employment,1,0,1,0.0192307692308,1,0.0384615384615,1,oews_2021_employment,1,0
8950,-1.411304,-0.171172659994,-1.411304,0.0444444444444,0.0888888888889,0.133333333333,0,1,oews_2021_employment,1,0.0444444444444,1,0.0888888888889,1,0.133333333333,1,oews_2021_employment,1,0
8990,-1.0116144,-0.0594412505893,-1.10288839372,,,,,16,oews_2021_employment,0.845134418781,0.0560417725571,0.845134418781,0.0751396970658,0.845134418781,0.0942376215745,16,oews_2021_employment,0.750814085574,0.00897387353275
9005,0.0461706666667,0.161793137417,0.387517572055,,,,,5,equal_missing_oews_employment,0.8,0.0817553166736,0.8,0.252406967906,0.8,0.423058619138,5,equal_missing_oews_employment,0,
9030,-0.1943979,0.18225363273,-0.199119370636,0.0987431129477,0.31310261708,0.527462121212,0,2,oews_2021_employment,1,0.0987431129477,1,0.31310261708,1,0.527462121212,2,oews_2021_employment,1,0
9040,0.8186859,0.437677915302,0.947063439505,0.0933878221761,0.35020433316,0.607020844145,0.627364066194,2,oews_2021_employment,1,0.0933878221761,1,0.35020433316,1,0.607020844145,2,oews_2021_employment,1,0.627364066194
9050,-0.7621183,0.0213768102194,-0.7621183,0.145833333333,0.166666666667,0.1875,0,1,oews_2021_employment,1,0.145833333333,1,0.166666666667,1,0.1875,1,oews_2021_employment,1,0
9110,-0.8298703,0.00817130632444,-0.8298703,0.0909090909091,0.0909090909091,0.0909090909091,0,1,oews_2021_employment,1,0.0909090909091,1,0.0909090909091,1,0.0909090909091,1,oews_2021_employment,1,0
9121,-0.2977046,,-0.2977046,0.294117647059,0.323529411765,0.352941176471,,1,oews_2021_employment,1,0.294117647059,1,0.323529411765,1,0.352941176471,1,oews_2021_employment,0,
9122,-0.605453,0.0378890795747,-0.605453,0.222222222222,0.240740740741,0.259259259259,,1,oews_2021_employment,1,0.222222222222,1,0.240740740741,1,0.259259259259,1,oews_2021_employment,0,
9130,-0.999622233333,-0.0746622116602,-1.08508179729,0.200158029209,0.312292386253,0.424426743298,0,3,oews_2021_employment,1,0.200158029209,1,0.312292386253,1,0.424426743298,3,oews_2021_employment,1,0
9141,-0.46498245,,-0.395392778331,0.192307692308,0.25,0.307692307692,,1,oews_2021_employment,1,0.192307692308,1,0.25,1,0.307692307692,1,oews_2021_employment,0,
9142,-0.6322603,,-0.6322603,0.25,0.28125,0.3125,,1,oews_2021_employment,1,0.25,1,0.28125,1,0.3125,1,oews_2021_employment,0,
9150,,,,,,,,1,oews_2021_employment,0,,0,,0,,1,oews_2021_employment,0,
9210,-0.6649155,0.0645490900447,-0.544668118846,0.21328567841,0.277380653417,0.341475628423,0,2,oews_2021_employment,1,0.21328567841,1,0.277380653417,1,0.341475628423,2,oews_2021_employment,1,0
9240,-0.4662731,0.0952570589451,-0.4662731,0.0833333333333,0.277777777778,0.472222222222,0,1,oews_2021_employment,1,0.0833333333333,1,0.277777777778,1,0.472222222222,1,oews_2021_employment,1,0
9265,-0.733394166667,0.0538077147571,-0.610690102918,,,,,6,oews_2021_employment,0.99042981867,0.158120862516,0.99042981867,0.271229092712,0.99042981867,0.384337322908,6,oews_2021_employment,0.854432505037,0
9300,-1.150001,-0.0513447173569,-1.150001,0.0212765957447,0.0425531914894,0.063829787234,0,1,oews_2021_employment,1,0.0212765957447,1,0.0425531914894,1,0.063829787234,1,oews_2021_employment,1,0
9310,-0.6576527,0.0673642215036,-0.457799108946,0.18487441347,0.243698090483,0.302521767496,0,2,oews_2021_employment,1,0.18487441347,1,0.243698090483,1,0.302521767496,2,oews_2021_employment,1,0
9330,-0.5264951,0.070370409474,-0.5264951,0.125,0.171875,0.21875,0,1,oews_2021_employment,1,0.125,1,0.171875,1,0.21875,1,oews_2021_employment,1,0
9350,-0.8353891,-0.0560654392116,-0.8353891,0.0357142857143,0.107142857143,0.178571428571,0,1,oews_2021_employment,1,0.0357142857143,1,0.107142857143,1,0.178571428571,1,oews_2021_employment,1,0
9365,-1.221489,-0.0923136389501,-1.221489,0.128532889506,0.131266860841,0.134000832176,,2,oews_2021_employment,1,0.128532889506,1,0.131266860841,1,0.134000832176,2,oews_2021_employment,0.901577031945,0
9410,-0.18376,0.144200184609,-0.18376,0.18702020202,0.412575757576,0.638131313131,0,1,oews_2021_employment,1,0.18702020202,1,0.412575757576,1,0.638131313131,1,oews_2021_employment,1,0
9415,-0.3752249,0.060838984822,-0.3752249,0.166666666667,0.222222222222,0.277777777778,0,1,oews_2021_employment,1,0.166666666667,1,0.222222222222,1,0.277777777778,1,oews_2021_employment,1,0
9430,-0.474748616667,0.0774848042928,-0.844657617099,,,,,8,oews_2021_employment,0.952037114553,0.102536003856,0.952037114553,0.159805610364,0.952037114553,0.217075216871,8,oews_2021_employment,0.90958560067,0
9510,-1.030619,-0.0328992291824,-1.030619,0.105263157895,0.184210526316,0.263157894737,0,1,oews_2021_employment,1,0.105263157895,1,0.184210526316,1,0.263157894737,1,oews_2021_employment,1,0
9570,-1.12620497143,-0.0953658012405,-1.35885380819,0.0692507797356,0.0998585486549,0.130466317574,,14,oews_2021_employment,1,0.0692507797356,1,0.0998585486549,1,0.130466317574,14,oews_2021_employment,0.658039407149,0
9600,-1.39869,-0.171887255028,-1.39869,0,0.03125,0.0625,0,1,oews_2021_employment,1,0,1,0.03125,1,0.0625,1,oews_2021_employment,1,0
9610,-1.629897,-0.321348552716,-1.629897,0.0555555555556,0.0833333333333,0.111111111111,0,1,oews_2021_employment,1,0.0555555555556,1,0.0833333333333,1,0.111111111111,1,oews_2021_employment,1,0
9620,-1.709183,-0.174533114853,-1.709183,0.0417391304348,0.0417391304348,0.0417391304348,0,1,oews_2021_employment,1,0.0417391304348,1,0.0417391304348,1,0.0417391304348,1,oews_2021_employment,1,0
9630,-1.037413,-0.118003455384,-1.037413,0.0909090909091,0.0909090909091,0.0909090909091,0,1,oews_2021_employment,1,0.0909090909091,1,0.0909090909091,1,0.0909090909091,1,oews_2021_employment,1,0
9640,-1.51362,-0.258896342663,-1.51362,0.1,0.1,0.1,0,1,oews_2021_employment,1,0.1,1,0.1,1,0.1,1,oews_2021_employment,1,0
9645,-0.7892948,-0.101803868362,-0.7892948,0.109090909091,0.181818181818,0.254545454545,,1,oews_2021_employment,1,0.109090909091,1,0.181818181818,1,0.254545454545,1,oews_2021_employment,0,
9650,-0.874829633333,-0.0232228173039,-0.943235138099,0.0825111718513,0.116191591826,0.149872011801,0,3,oews_2021_employment,1,0.0825111718513,1,0.116191591826,1,0.149872011801,3,oews_2021_employment,1,0
9720,-1.283373,-0.135760917101,-1.283373,0.178571428571,0.196428571429,0.214285714286,0,1,oews_2021_employment,1,0.178571428571,1,0.196428571429,1,0.214285714286,1,oews_2021_employment,1,0
9760,-1.266058,-0.104925301999,-1.18412067598,,,,,2,oews_2021_employment,0.349826388889,0.0249875992063,0.349826388889,0.0249875992063,0.349826388889,0.0249875992063,2,oews_2021_employment,0.349826388889,0
9800,,,,,,,,8,equal_missing_oews_employment,0,,0,,0,,8,equal_missing_oews_employment,0,
9810,,,,,,,,3,equal_missing_oews_employment,0,,0,,0,,3,equal_missing_oews_employment,0,
9825,,,,,,,,8,equal_missing_oews_employment,0,,0,,0,,8,equal_missing_oews_employment,0,
