analysis_id,row_index,column_index,row_quarter,column_quarter,covariance
unconditioned__full_2017Q1_2022Q3,1,1,2017Q1,2017Q1,0.008609090523298122
unconditioned__full_2017Q1_2022Q3,1,2,2017Q1,2017Q2,0.00822036293065241
unconditioned__full_2017Q1_2022Q3,1,3,2017Q1,2017Q3,0.006085626626376232
unconditioned__full_2017Q1_2022Q3,1,4,2017Q1,2017Q4,0.004810077770695267
unconditioned__full_2017Q1_2022Q3,1,5,2017Q1,2018Q1,0.006543112153966921
unconditioned__full_2017Q1_2022Q3,1,6,2017Q1,2018Q2,0.008026400305344482
unconditioned__full_2017Q1_2022Q3,1,7,2017Q1,2018Q3,0.007610808066790358
unconditioned__full_2017Q1_2022Q3,1,8,2017Q1,2018Q4,0.006843067484981836
unconditioned__full_2017Q1_2022Q3,1,9,2017Q1,2019Q1,0.005875981010476379
unconditioned__full_2017Q1_2022Q3,1,10,2017Q1,2019Q2,0.0060412777073605445
unconditioned__full_2017Q1_2022Q3,1,11,2017Q1,2019Q3,0.005829176556913377
unconditioned__full_2017Q1_2022Q3,1,12,2017Q1,2019Q4,0.005556200355990247
unconditioned__full_2017Q1_2022Q3,1,13,2017Q1,2020Q1,0.005524312230238122
unconditioned__full_2017Q1_2022Q3,1,14,2017Q1,2020Q2,0.005121076509173605
unconditioned__full_2017Q1_2022Q3,1,15,2017Q1,2020Q3,0.005990680151381737
unconditioned__full_2017Q1_2022Q3,1,16,2017Q1,2020Q4,0.004006617587266472
unconditioned__full_2017Q1_2022Q3,1,17,2017Q1,2021Q1,0.0049297689147266704
unconditioned__full_2017Q1_2022Q3,1,18,2017Q1,2021Q2,0.006200806681865489
unconditioned__full_2017Q1_2022Q3,1,19,2017Q1,2021Q3,0.005622811748554157
unconditioned__full_2017Q1_2022Q3,1,20,2017Q1,2021Q4,0.004726832310556708
unconditioned__full_2017Q1_2022Q3,1,21,2017Q1,2022Q1,0.004431390403999297
unconditioned__full_2017Q1_2022Q3,1,22,2017Q1,2022Q2,0.005118045290270162
unconditioned__full_2017Q1_2022Q3,1,23,2017Q1,2022Q3,0.004249600118710076
unconditioned__full_2017Q1_2022Q3,1,24,2017Q1,2023Q1,0.0027771968295165804
unconditioned__full_2017Q1_2022Q3,1,25,2017Q1,2023Q2,0.0045768892871917355
unconditioned__full_2017Q1_2022Q3,1,26,2017Q1,2023Q3,0.0032979112756110268
unconditioned__full_2017Q1_2022Q3,1,27,2017Q1,2023Q4,0.004739353395134434
unconditioned__full_2017Q1_2022Q3,1,28,2017Q1,2024Q1,0.004169815897033503
unconditioned__full_2017Q1_2022Q3,1,29,2017Q1,2024Q2,0.002784015766764472
unconditioned__full_2017Q1_2022Q3,1,30,2017Q1,2024Q3,0.004079271713325641
unconditioned__full_2017Q1_2022Q3,1,31,2017Q1,2024Q4,0.005130028084235188
unconditioned__full_2017Q1_2022Q3,1,32,2017Q1,2025Q1,0.004593957342596386
unconditioned__full_2017Q1_2022Q3,1,33,2017Q1,2025Q2,0.004855832753069074
unconditioned__full_2017Q1_2022Q3,1,34,2017Q1,2025Q3,0.00448641072149885
unconditioned__full_2017Q1_2022Q3,1,35,2017Q1,2025Q4,0.004332910350254242
unconditioned__full_2017Q1_2022Q3,1,36,2017Q1,2026Q1,0.003845767854309717
unconditioned__full_2017Q1_2022Q3,1,37,2017Q1,2026Q2,0.0036942198254276857
unconditioned__full_2017Q1_2022Q3,1,38,2017Q1,2026Q3,0.004835398802491522
unconditioned__full_2017Q1_2022Q3,2,1,2017Q2,2017Q1,0.00822036293065241
unconditioned__full_2017Q1_2022Q3,2,2,2017Q2,2017Q2,0.010857177320550904
unconditioned__full_2017Q1_2022Q3,2,3,2017Q2,2017Q3,0.007450195746898758
unconditioned__full_2017Q1_2022Q3,2,4,2017Q2,2017Q4,0.005263708401163253
unconditioned__full_2017Q1_2022Q3,2,5,2017Q2,2018Q1,0.007632059808277766
unconditioned__full_2017Q1_2022Q3,2,6,2017Q2,2018Q2,0.010272190558802434
unconditioned__full_2017Q1_2022Q3,2,7,2017Q2,2018Q3,0.009524702187053527
unconditioned__full_2017Q1_2022Q3,2,8,2017Q2,2018Q4,0.008181019720122388
unconditioned__full_2017Q1_2022Q3,2,9,2017Q2,2019Q1,0.006677428587161869
unconditioned__full_2017Q1_2022Q3,2,10,2017Q2,2019Q2,0.006945199549927301
unconditioned__full_2017Q1_2022Q3,2,11,2017Q2,2019Q3,0.00679804547523488
unconditioned__full_2017Q1_2022Q3,2,12,2017Q2,2019Q4,0.006444342338771603
unconditioned__full_2017Q1_2022Q3,2,13,2017Q2,2020Q1,0.006208939786355647
unconditioned__full_2017Q1_2022Q3,2,14,2017Q2,2020Q2,0.005939038065868474
unconditioned__full_2017Q1_2022Q3,2,15,2017Q2,2020Q3,0.006847088357507823
unconditioned__full_2017Q1_2022Q3,2,16,2017Q2,2020Q4,0.004964497255794469
unconditioned__full_2017Q1_2022Q3,2,17,2017Q2,2021Q1,0.005609339907564906
unconditioned__full_2017Q1_2022Q3,2,18,2017Q2,2021Q2,0.007379402668497652
unconditioned__full_2017Q1_2022Q3,2,19,2017Q2,2021Q3,0.0067984299192002575
unconditioned__full_2017Q1_2022Q3,2,20,2017Q2,2021Q4,0.006157105031194973
unconditioned__full_2017Q1_2022Q3,2,21,2017Q2,2022Q1,0.004976905612857542
unconditioned__full_2017Q1_2022Q3,2,22,2017Q2,2022Q2,0.005360914048902422
unconditioned__full_2017Q1_2022Q3,2,23,2017Q2,2022Q3,0.004594457419994669
unconditioned__full_2017Q1_2022Q3,2,24,2017Q2,2023Q1,0.0032006824950132616
unconditioned__full_2017Q1_2022Q3,2,25,2017Q2,2023Q2,0.005860164659256699
unconditioned__full_2017Q1_2022Q3,2,26,2017Q2,2023Q3,0.004303845096519017
unconditioned__full_2017Q1_2022Q3,2,27,2017Q2,2023Q4,0.005312380943245161
unconditioned__full_2017Q1_2022Q3,2,28,2017Q2,2024Q1,0.0045727690369221545
unconditioned__full_2017Q1_2022Q3,2,29,2017Q2,2024Q2,0.0030763589819841662
unconditioned__full_2017Q1_2022Q3,2,30,2017Q2,2024Q3,0.005106505156285742
unconditioned__full_2017Q1_2022Q3,2,31,2017Q2,2024Q4,0.006027086404569632
unconditioned__full_2017Q1_2022Q3,2,32,2017Q2,2025Q1,0.005666921657763122
unconditioned__full_2017Q1_2022Q3,2,33,2017Q2,2025Q2,0.006040653120581644
unconditioned__full_2017Q1_2022Q3,2,34,2017Q2,2025Q3,0.004616638584775833
unconditioned__full_2017Q1_2022Q3,2,35,2017Q2,2025Q4,0.0048884844908540885
unconditioned__full_2017Q1_2022Q3,2,36,2017Q2,2026Q1,0.004716630657658159
unconditioned__full_2017Q1_2022Q3,2,37,2017Q2,2026Q2,0.004224699657738931
unconditioned__full_2017Q1_2022Q3,2,38,2017Q2,2026Q3,0.00576418331912025
unconditioned__full_2017Q1_2022Q3,3,1,2017Q3,2017Q1,0.006085626626376232
unconditioned__full_2017Q1_2022Q3,3,2,2017Q3,2017Q2,0.007450195746898758
unconditioned__full_2017Q1_2022Q3,3,3,2017Q3,2017Q3,0.006871941757502685
unconditioned__full_2017Q1_2022Q3,3,4,2017Q3,2017Q4,0.004722567620341457
unconditioned__full_2017Q1_2022Q3,3,5,2017Q3,2018Q1,0.005751484453583387
unconditioned__full_2017Q1_2022Q3,3,6,2017Q3,2018Q2,0.007438751890352106
unconditioned__full_2017Q1_2022Q3,3,7,2017Q3,2018Q3,0.0071871246548872204
unconditioned__full_2017Q1_2022Q3,3,8,2017Q3,2018Q4,0.006128655353504757
unconditioned__full_2017Q1_2022Q3,3,9,2017Q3,2019Q1,0.005247620651274792
unconditioned__full_2017Q1_2022Q3,3,10,2017Q3,2019Q2,0.005387768915849296
unconditioned__full_2017Q1_2022Q3,3,11,2017Q3,2019Q3,0.004998433966039394
unconditioned__full_2017Q1_2022Q3,3,12,2017Q3,2019Q4,0.004588392257606887
unconditioned__full_2017Q1_2022Q3,3,13,2017Q3,2020Q1,0.004514828146354584
unconditioned__full_2017Q1_2022Q3,3,14,2017Q3,2020Q2,0.004197044366630416
unconditioned__full_2017Q1_2022Q3,3,15,2017Q3,2020Q3,0.00501064685356039
unconditioned__full_2017Q1_2022Q3,3,16,2017Q3,2020Q4,0.0037254054203843976
unconditioned__full_2017Q1_2022Q3,3,17,2017Q3,2021Q1,0.004512237637719541
unconditioned__full_2017Q1_2022Q3,3,18,2017Q3,2021Q2,0.004965403621729391
unconditioned__full_2017Q1_2022Q3,3,19,2017Q3,2021Q3,0.0047341780628229885
unconditioned__full_2017Q1_2022Q3,3,20,2017Q3,2021Q4,0.004368596576440068
unconditioned__full_2017Q1_2022Q3,3,21,2017Q3,2022Q1,0.003853447181503592
unconditioned__full_2017Q1_2022Q3,3,22,2017Q3,2022Q2,0.00406190578379227
unconditioned__full_2017Q1_2022Q3,3,23,2017Q3,2022Q3,0.0035184088085806415
unconditioned__full_2017Q1_2022Q3,3,24,2017Q3,2023Q1,0.0021394294643647415
unconditioned__full_2017Q1_2022Q3,3,25,2017Q3,2023Q2,0.0038833170118203987
unconditioned__full_2017Q1_2022Q3,3,26,2017Q3,2023Q3,0.003267363470483969
unconditioned__full_2017Q1_2022Q3,3,27,2017Q3,2023Q4,0.0038024193581137292
unconditioned__full_2017Q1_2022Q3,3,28,2017Q3,2024Q1,0.0032181897238323437
unconditioned__full_2017Q1_2022Q3,3,29,2017Q3,2024Q2,0.0021320852477503833
unconditioned__full_2017Q1_2022Q3,3,30,2017Q3,2024Q3,0.003194338779276177
unconditioned__full_2017Q1_2022Q3,3,31,2017Q3,2024Q4,0.004038120970250474
unconditioned__full_2017Q1_2022Q3,3,32,2017Q3,2025Q1,0.004152936314609695
unconditioned__full_2017Q1_2022Q3,3,33,2017Q3,2025Q2,0.00439149324421844
unconditioned__full_2017Q1_2022Q3,3,34,2017Q3,2025Q3,0.0031888628838672804
unconditioned__full_2017Q1_2022Q3,3,35,2017Q3,2025Q4,0.003177096031732234
unconditioned__full_2017Q1_2022Q3,3,36,2017Q3,2026Q1,0.002714821766609942
unconditioned__full_2017Q1_2022Q3,3,37,2017Q3,2026Q2,0.0024850832606760054
unconditioned__full_2017Q1_2022Q3,3,38,2017Q3,2026Q3,0.003227169956944778
unconditioned__full_2017Q1_2022Q3,4,1,2017Q4,2017Q1,0.004810077770695267
unconditioned__full_2017Q1_2022Q3,4,2,2017Q4,2017Q2,0.005263708401163253
unconditioned__full_2017Q1_2022Q3,4,3,2017Q4,2017Q3,0.004722567620341457
unconditioned__full_2017Q1_2022Q3,4,4,2017Q4,2017Q4,0.007019137049737924
unconditioned__full_2017Q1_2022Q3,4,5,2017Q4,2018Q1,0.0062549850765679735
unconditioned__full_2017Q1_2022Q3,4,6,2017Q4,2018Q2,0.004705683392617653
unconditioned__full_2017Q1_2022Q3,4,7,2017Q4,2018Q3,0.005021875850251996
unconditioned__full_2017Q1_2022Q3,4,8,2017Q4,2018Q4,0.004657885048001168
unconditioned__full_2017Q1_2022Q3,4,9,2017Q4,2019Q1,0.005305351256524411
unconditioned__full_2017Q1_2022Q3,4,10,2017Q4,2019Q2,0.004277132217821158
unconditioned__full_2017Q1_2022Q3,4,11,2017Q4,2019Q3,0.004891600664347894
unconditioned__full_2017Q1_2022Q3,4,12,2017Q4,2019Q4,0.004433925962097818
unconditioned__full_2017Q1_2022Q3,4,13,2017Q4,2020Q1,0.004928327352552895
unconditioned__full_2017Q1_2022Q3,4,14,2017Q4,2020Q2,0.0052542453331234275
unconditioned__full_2017Q1_2022Q3,4,15,2017Q4,2020Q3,0.005861302121934588
unconditioned__full_2017Q1_2022Q3,4,16,2017Q4,2020Q4,0.0038393186790589015
unconditioned__full_2017Q1_2022Q3,4,17,2017Q4,2021Q1,0.004638016438392262
unconditioned__full_2017Q1_2022Q3,4,18,2017Q4,2021Q2,0.004684256487660367
unconditioned__full_2017Q1_2022Q3,4,19,2017Q4,2021Q3,0.004331383773636056
unconditioned__full_2017Q1_2022Q3,4,20,2017Q4,2021Q4,0.0030527688635590185
unconditioned__full_2017Q1_2022Q3,4,21,2017Q4,2022Q1,0.0048293412284707285
unconditioned__full_2017Q1_2022Q3,4,22,2017Q4,2022Q2,0.004337667086686362
unconditioned__full_2017Q1_2022Q3,4,23,2017Q4,2022Q3,0.004326957168046238
unconditioned__full_2017Q1_2022Q3,4,24,2017Q4,2023Q1,0.003581631288721049
unconditioned__full_2017Q1_2022Q3,4,25,2017Q4,2023Q2,0.0034064134065251595
unconditioned__full_2017Q1_2022Q3,4,26,2017Q4,2023Q3,0.003615630468061413
unconditioned__full_2017Q1_2022Q3,4,27,2017Q4,2023Q4,0.00348024016951816
unconditioned__full_2017Q1_2022Q3,4,28,2017Q4,2024Q1,0.004030883772894734
unconditioned__full_2017Q1_2022Q3,4,29,2017Q4,2024Q2,0.004408875816875505
unconditioned__full_2017Q1_2022Q3,4,30,2017Q4,2024Q3,0.003332931362685992
unconditioned__full_2017Q1_2022Q3,4,31,2017Q4,2024Q4,0.0036946182124376185
unconditioned__full_2017Q1_2022Q3,4,32,2017Q4,2025Q1,0.004529567881298907
unconditioned__full_2017Q1_2022Q3,4,33,2017Q4,2025Q2,0.005692887060010455
unconditioned__full_2017Q1_2022Q3,4,34,2017Q4,2025Q3,0.004765862446738091
unconditioned__full_2017Q1_2022Q3,4,35,2017Q4,2025Q4,0.0037955136842269368
unconditioned__full_2017Q1_2022Q3,4,36,2017Q4,2026Q1,0.0034142815799474003
unconditioned__full_2017Q1_2022Q3,4,37,2017Q4,2026Q2,0.0034354156923475333
unconditioned__full_2017Q1_2022Q3,4,38,2017Q4,2026Q3,0.004196081392920615
unconditioned__full_2017Q1_2022Q3,5,1,2018Q1,2017Q1,0.006543112153966921
unconditioned__full_2017Q1_2022Q3,5,2,2018Q1,2017Q2,0.007632059808277766
unconditioned__full_2017Q1_2022Q3,5,3,2018Q1,2017Q3,0.005751484453583387
unconditioned__full_2017Q1_2022Q3,5,4,2018Q1,2017Q4,0.0062549850765679735
unconditioned__full_2017Q1_2022Q3,5,5,2018Q1,2018Q1,0.009160638019584423
unconditioned__full_2017Q1_2022Q3,5,6,2018Q1,2018Q2,0.0078499035241935
unconditioned__full_2017Q1_2022Q3,5,7,2018Q1,2018Q3,0.007043616773822117
unconditioned__full_2017Q1_2022Q3,5,8,2018Q1,2018Q4,0.006244129312260448
unconditioned__full_2017Q1_2022Q3,5,9,2018Q1,2019Q1,0.006338345668032741
unconditioned__full_2017Q1_2022Q3,5,10,2018Q1,2019Q2,0.00605680586745511
unconditioned__full_2017Q1_2022Q3,5,11,2018Q1,2019Q3,0.00631433907141885
unconditioned__full_2017Q1_2022Q3,5,12,2018Q1,2019Q4,0.004916109710984445
unconditioned__full_2017Q1_2022Q3,5,13,2018Q1,2020Q1,0.005665460866665719
unconditioned__full_2017Q1_2022Q3,5,14,2018Q1,2020Q2,0.0058148513372339415
unconditioned__full_2017Q1_2022Q3,5,15,2018Q1,2020Q3,0.007158765362121539
unconditioned__full_2017Q1_2022Q3,5,16,2018Q1,2020Q4,0.004988217425071271
unconditioned__full_2017Q1_2022Q3,5,17,2018Q1,2021Q1,0.005807034164964297
unconditioned__full_2017Q1_2022Q3,5,18,2018Q1,2021Q2,0.006228922146133539
unconditioned__full_2017Q1_2022Q3,5,19,2018Q1,2021Q3,0.005505653708690174
unconditioned__full_2017Q1_2022Q3,5,20,2018Q1,2021Q4,0.00431745192898112
unconditioned__full_2017Q1_2022Q3,5,21,2018Q1,2022Q1,0.005626862292740479
unconditioned__full_2017Q1_2022Q3,5,22,2018Q1,2022Q2,0.005845258594385196
unconditioned__full_2017Q1_2022Q3,5,23,2018Q1,2022Q3,0.005023809583785524
unconditioned__full_2017Q1_2022Q3,5,24,2018Q1,2023Q1,0.004389977597497288
unconditioned__full_2017Q1_2022Q3,5,25,2018Q1,2023Q2,0.004920586937009332
unconditioned__full_2017Q1_2022Q3,5,26,2018Q1,2023Q3,0.00464513823773565
unconditioned__full_2017Q1_2022Q3,5,27,2018Q1,2023Q4,0.004701190112244163
unconditioned__full_2017Q1_2022Q3,5,28,2018Q1,2024Q1,0.004889453566267055
unconditioned__full_2017Q1_2022Q3,5,29,2018Q1,2024Q2,0.004693506476084783
unconditioned__full_2017Q1_2022Q3,5,30,2018Q1,2024Q3,0.005386908610725825
unconditioned__full_2017Q1_2022Q3,5,31,2018Q1,2024Q4,0.005315746732087545
unconditioned__full_2017Q1_2022Q3,5,32,2018Q1,2025Q1,0.005124580667888422
unconditioned__full_2017Q1_2022Q3,5,33,2018Q1,2025Q2,0.0075994899066047505
unconditioned__full_2017Q1_2022Q3,5,34,2018Q1,2025Q3,0.006286115576398195
unconditioned__full_2017Q1_2022Q3,5,35,2018Q1,2025Q4,0.004726276924802703
unconditioned__full_2017Q1_2022Q3,5,36,2018Q1,2026Q1,0.00470361289191026
unconditioned__full_2017Q1_2022Q3,5,37,2018Q1,2026Q2,0.004306115298873148
unconditioned__full_2017Q1_2022Q3,5,38,2018Q1,2026Q3,0.005485268233807119
unconditioned__full_2017Q1_2022Q3,6,1,2018Q2,2017Q1,0.008026400305344484
unconditioned__full_2017Q1_2022Q3,6,2,2018Q2,2017Q2,0.010272190558802432
unconditioned__full_2017Q1_2022Q3,6,3,2018Q2,2017Q3,0.007438751890352106
unconditioned__full_2017Q1_2022Q3,6,4,2018Q2,2017Q4,0.004705683392617654
unconditioned__full_2017Q1_2022Q3,6,5,2018Q2,2018Q1,0.0078499035241935
unconditioned__full_2017Q1_2022Q3,6,6,2018Q2,2018Q2,0.012892056090531708
unconditioned__full_2017Q1_2022Q3,6,7,2018Q2,2018Q3,0.010885740252366789
unconditioned__full_2017Q1_2022Q3,6,8,2018Q2,2018Q4,0.009029044049858048
unconditioned__full_2017Q1_2022Q3,6,9,2018Q2,2019Q1,0.00682382841542104
unconditioned__full_2017Q1_2022Q3,6,10,2018Q2,2019Q2,0.007451885560850547
unconditioned__full_2017Q1_2022Q3,6,11,2018Q2,2019Q3,0.007373932081666475
unconditioned__full_2017Q1_2022Q3,6,12,2018Q2,2019Q4,0.006502354004521732
unconditioned__full_2017Q1_2022Q3,6,13,2018Q2,2020Q1,0.005670409424912129
unconditioned__full_2017Q1_2022Q3,6,14,2018Q2,2020Q2,0.005528751826656227
unconditioned__full_2017Q1_2022Q3,6,15,2018Q2,2020Q3,0.007142224699532807
unconditioned__full_2017Q1_2022Q3,6,16,2018Q2,2020Q4,0.0051599121471128905
unconditioned__full_2017Q1_2022Q3,6,17,2018Q2,2021Q1,0.0051964364443639
unconditioned__full_2017Q1_2022Q3,6,18,2018Q2,2021Q2,0.006606815569047727
unconditioned__full_2017Q1_2022Q3,6,19,2018Q2,2021Q3,0.006978637759129807
unconditioned__full_2017Q1_2022Q3,6,20,2018Q2,2021Q4,0.006203020309095083
unconditioned__full_2017Q1_2022Q3,6,21,2018Q2,2022Q1,0.004897582941587877
unconditioned__full_2017Q1_2022Q3,6,22,2018Q2,2022Q2,0.00517632515946462
unconditioned__full_2017Q1_2022Q3,6,23,2018Q2,2022Q3,0.004344988326602862
unconditioned__full_2017Q1_2022Q3,6,24,2018Q2,2023Q1,0.002555124046253665
unconditioned__full_2017Q1_2022Q3,6,25,2018Q2,2023Q2,0.006662069809462346
unconditioned__full_2017Q1_2022Q3,6,26,2018Q2,2023Q3,0.0047169257517534965
unconditioned__full_2017Q1_2022Q3,6,27,2018Q2,2023Q4,0.005584898376956174
unconditioned__full_2017Q1_2022Q3,6,28,2018Q2,2024Q1,0.00448222527005938
unconditioned__full_2017Q1_2022Q3,6,29,2018Q2,2024Q2,0.002810343591231363
unconditioned__full_2017Q1_2022Q3,6,30,2018Q2,2024Q3,0.005529327353173214
unconditioned__full_2017Q1_2022Q3,6,31,2018Q2,2024Q4,0.006062756817552818
unconditioned__full_2017Q1_2022Q3,6,32,2018Q2,2025Q1,0.005808987012767178
unconditioned__full_2017Q1_2022Q3,6,33,2018Q2,2025Q2,0.007029328624609726
unconditioned__full_2017Q1_2022Q3,6,34,2018Q2,2025Q3,0.004457701069375529
unconditioned__full_2017Q1_2022Q3,6,35,2018Q2,2025Q4,0.004160209855221166
unconditioned__full_2017Q1_2022Q3,6,36,2018Q2,2026Q1,0.00506724275857691
unconditioned__full_2017Q1_2022Q3,6,37,2018Q2,2026Q2,0.004879329246507229
unconditioned__full_2017Q1_2022Q3,6,38,2018Q2,2026Q3,0.00615313647346501
unconditioned__full_2017Q1_2022Q3,7,1,2018Q3,2017Q1,0.007610808066790358
unconditioned__full_2017Q1_2022Q3,7,2,2018Q3,2017Q2,0.009524702187053527
unconditioned__full_2017Q1_2022Q3,7,3,2018Q3,2017Q3,0.0071871246548872204
unconditioned__full_2017Q1_2022Q3,7,4,2018Q3,2017Q4,0.005021875850251996
unconditioned__full_2017Q1_2022Q3,7,5,2018Q3,2018Q1,0.007043616773822117
unconditioned__full_2017Q1_2022Q3,7,6,2018Q3,2018Q2,0.010885740252366789
unconditioned__full_2017Q1_2022Q3,7,7,2018Q3,2018Q3,0.01187814227954166
unconditioned__full_2017Q1_2022Q3,7,8,2018Q3,2018Q4,0.008599130929840361
unconditioned__full_2017Q1_2022Q3,7,9,2018Q3,2019Q1,0.006786657388843915
unconditioned__full_2017Q1_2022Q3,7,10,2018Q3,2019Q2,0.006866030795819542
unconditioned__full_2017Q1_2022Q3,7,11,2018Q3,2019Q3,0.007699024798952023
unconditioned__full_2017Q1_2022Q3,7,12,2018Q3,2019Q4,0.006630942494239342
unconditioned__full_2017Q1_2022Q3,7,13,2018Q3,2020Q1,0.006109149613182767
unconditioned__full_2017Q1_2022Q3,7,14,2018Q3,2020Q2,0.00606255431243231
unconditioned__full_2017Q1_2022Q3,7,15,2018Q3,2020Q3,0.006561159235293403
unconditioned__full_2017Q1_2022Q3,7,16,2018Q3,2020Q4,0.004624253971810861
unconditioned__full_2017Q1_2022Q3,7,17,2018Q3,2021Q1,0.005526943199347748
unconditioned__full_2017Q1_2022Q3,7,18,2018Q3,2021Q2,0.006535837933200955
unconditioned__full_2017Q1_2022Q3,7,19,2018Q3,2021Q3,0.006166843182223321
unconditioned__full_2017Q1_2022Q3,7,20,2018Q3,2021Q4,0.005606997221487304
unconditioned__full_2017Q1_2022Q3,7,21,2018Q3,2022Q1,0.004675166235163235
unconditioned__full_2017Q1_2022Q3,7,22,2018Q3,2022Q2,0.005110584823680936
unconditioned__full_2017Q1_2022Q3,7,23,2018Q3,2022Q3,0.004438674764134254
unconditioned__full_2017Q1_2022Q3,7,24,2018Q3,2023Q1,0.0022897773689473386
unconditioned__full_2017Q1_2022Q3,7,25,2018Q3,2023Q2,0.005336725876554508
unconditioned__full_2017Q1_2022Q3,7,26,2018Q3,2023Q3,0.004395547246553281
unconditioned__full_2017Q1_2022Q3,7,27,2018Q3,2023Q4,0.005170893520550016
unconditioned__full_2017Q1_2022Q3,7,28,2018Q3,2024Q1,0.003785087409866502
unconditioned__full_2017Q1_2022Q3,7,29,2018Q3,2024Q2,0.002854448533803286
unconditioned__full_2017Q1_2022Q3,7,30,2018Q3,2024Q3,0.004583002551197049
unconditioned__full_2017Q1_2022Q3,7,31,2018Q3,2024Q4,0.005443078192672606
unconditioned__full_2017Q1_2022Q3,7,32,2018Q3,2025Q1,0.00574862738359478
unconditioned__full_2017Q1_2022Q3,7,33,2018Q3,2025Q2,0.006197310416991664
unconditioned__full_2017Q1_2022Q3,7,34,2018Q3,2025Q3,0.003989403941551503
unconditioned__full_2017Q1_2022Q3,7,35,2018Q3,2025Q4,0.0032496660330383837
unconditioned__full_2017Q1_2022Q3,7,36,2018Q3,2026Q1,0.003780936549094688
unconditioned__full_2017Q1_2022Q3,7,37,2018Q3,2026Q2,0.004294443459624663
unconditioned__full_2017Q1_2022Q3,7,38,2018Q3,2026Q3,0.00553846706592687
unconditioned__full_2017Q1_2022Q3,8,1,2018Q4,2017Q1,0.006843067484981837
unconditioned__full_2017Q1_2022Q3,8,2,2018Q4,2017Q2,0.008181019720122388
unconditioned__full_2017Q1_2022Q3,8,3,2018Q4,2017Q3,0.006128655353504757
unconditioned__full_2017Q1_2022Q3,8,4,2018Q4,2017Q4,0.004657885048001168
unconditioned__full_2017Q1_2022Q3,8,5,2018Q4,2018Q1,0.006244129312260448
unconditioned__full_2017Q1_2022Q3,8,6,2018Q4,2018Q2,0.009029044049858046
unconditioned__full_2017Q1_2022Q3,8,7,2018Q4,2018Q3,0.008599130929840361
unconditioned__full_2017Q1_2022Q3,8,8,2018Q4,2018Q4,0.009608089793437115
unconditioned__full_2017Q1_2022Q3,8,9,2018Q4,2019Q1,0.006490279296596776
unconditioned__full_2017Q1_2022Q3,8,10,2018Q4,2019Q2,0.0059055228272190015
unconditioned__full_2017Q1_2022Q3,8,11,2018Q4,2019Q3,0.005764974827058376
unconditioned__full_2017Q1_2022Q3,8,12,2018Q4,2019Q4,0.005678078919786037
unconditioned__full_2017Q1_2022Q3,8,13,2018Q4,2020Q1,0.005384745390622258
unconditioned__full_2017Q1_2022Q3,8,14,2018Q4,2020Q2,0.004752718433546878
unconditioned__full_2017Q1_2022Q3,8,15,2018Q4,2020Q3,0.005546076129919395
unconditioned__full_2017Q1_2022Q3,8,16,2018Q4,2020Q4,0.004086911700789557
unconditioned__full_2017Q1_2022Q3,8,17,2018Q4,2021Q1,0.005129277082646534
unconditioned__full_2017Q1_2022Q3,8,18,2018Q4,2021Q2,0.006092148989871197
unconditioned__full_2017Q1_2022Q3,8,19,2018Q4,2021Q3,0.006408697830895654
unconditioned__full_2017Q1_2022Q3,8,20,2018Q4,2021Q4,0.005514480960914087
unconditioned__full_2017Q1_2022Q3,8,21,2018Q4,2022Q1,0.004327823690484666
unconditioned__full_2017Q1_2022Q3,8,22,2018Q4,2022Q2,0.005155127251419356
unconditioned__full_2017Q1_2022Q3,8,23,2018Q4,2022Q3,0.004161058176866399
unconditioned__full_2017Q1_2022Q3,8,24,2018Q4,2023Q1,0.002662669482158914
unconditioned__full_2017Q1_2022Q3,8,25,2018Q4,2023Q2,0.005230312105332962
unconditioned__full_2017Q1_2022Q3,8,26,2018Q4,2023Q3,0.003713495353572906
unconditioned__full_2017Q1_2022Q3,8,27,2018Q4,2023Q4,0.0048059342060826175
unconditioned__full_2017Q1_2022Q3,8,28,2018Q4,2024Q1,0.004941914223655865
unconditioned__full_2017Q1_2022Q3,8,29,2018Q4,2024Q2,0.0035475268635583156
unconditioned__full_2017Q1_2022Q3,8,30,2018Q4,2024Q3,0.005079160655164655
unconditioned__full_2017Q1_2022Q3,8,31,2018Q4,2024Q4,0.005337013415711113
unconditioned__full_2017Q1_2022Q3,8,32,2018Q4,2025Q1,0.004696934157153583
unconditioned__full_2017Q1_2022Q3,8,33,2018Q4,2025Q2,0.0055032829848211786
unconditioned__full_2017Q1_2022Q3,8,34,2018Q4,2025Q3,0.0045985649821400215
unconditioned__full_2017Q1_2022Q3,8,35,2018Q4,2025Q4,0.003973726352088367
unconditioned__full_2017Q1_2022Q3,8,36,2018Q4,2026Q1,0.004764724061411086
unconditioned__full_2017Q1_2022Q3,8,37,2018Q4,2026Q2,0.004273920412860248
unconditioned__full_2017Q1_2022Q3,8,38,2018Q4,2026Q3,0.005132548455692229
unconditioned__full_2017Q1_2022Q3,9,1,2019Q1,2017Q1,0.005875981010476379
unconditioned__full_2017Q1_2022Q3,9,2,2019Q1,2017Q2,0.006677428587161869
unconditioned__full_2017Q1_2022Q3,9,3,2019Q1,2017Q3,0.005247620651274792
unconditioned__full_2017Q1_2022Q3,9,4,2019Q1,2017Q4,0.005305351256524411
unconditioned__full_2017Q1_2022Q3,9,5,2019Q1,2018Q1,0.006338345668032741
unconditioned__full_2017Q1_2022Q3,9,6,2019Q1,2018Q2,0.00682382841542104
unconditioned__full_2017Q1_2022Q3,9,7,2019Q1,2018Q3,0.006786657388843915
unconditioned__full_2017Q1_2022Q3,9,8,2019Q1,2018Q4,0.006490279296596776
unconditioned__full_2017Q1_2022Q3,9,9,2019Q1,2019Q1,0.008093659105240774
unconditioned__full_2017Q1_2022Q3,9,10,2019Q1,2019Q2,0.0062060502253117825
unconditioned__full_2017Q1_2022Q3,9,11,2019Q1,2019Q3,0.0057118188710258465
unconditioned__full_2017Q1_2022Q3,9,12,2019Q1,2019Q4,0.005396356955837836
unconditioned__full_2017Q1_2022Q3,9,13,2019Q1,2020Q1,0.005523733025488737
unconditioned__full_2017Q1_2022Q3,9,14,2019Q1,2020Q2,0.005617360886876331
unconditioned__full_2017Q1_2022Q3,9,15,2019Q1,2020Q3,0.005967630195403639
unconditioned__full_2017Q1_2022Q3,9,16,2019Q1,2020Q4,0.004251789593512795
unconditioned__full_2017Q1_2022Q3,9,17,2019Q1,2021Q1,0.005139369317458148
unconditioned__full_2017Q1_2022Q3,9,18,2019Q1,2021Q2,0.005343781630285396
unconditioned__full_2017Q1_2022Q3,9,19,2019Q1,2021Q3,0.004723036022495562
unconditioned__full_2017Q1_2022Q3,9,20,2019Q1,2021Q4,0.004385108718736367
unconditioned__full_2017Q1_2022Q3,9,21,2019Q1,2022Q1,0.005103053238426186
unconditioned__full_2017Q1_2022Q3,9,22,2019Q1,2022Q2,0.004996134235458187
unconditioned__full_2017Q1_2022Q3,9,23,2019Q1,2022Q3,0.004253528388472519
unconditioned__full_2017Q1_2022Q3,9,24,2019Q1,2023Q1,0.0026129994216086863
unconditioned__full_2017Q1_2022Q3,9,25,2019Q1,2023Q2,0.0037731028874734137
unconditioned__full_2017Q1_2022Q3,9,26,2019Q1,2023Q3,0.004055851799756068
unconditioned__full_2017Q1_2022Q3,9,27,2019Q1,2023Q4,0.004371677266816837
unconditioned__full_2017Q1_2022Q3,9,28,2019Q1,2024Q1,0.004477078155549269
unconditioned__full_2017Q1_2022Q3,9,29,2019Q1,2024Q2,0.0039138826956604715
unconditioned__full_2017Q1_2022Q3,9,30,2019Q1,2024Q3,0.00418389513255217
unconditioned__full_2017Q1_2022Q3,9,31,2019Q1,2024Q4,0.004003998639928895
unconditioned__full_2017Q1_2022Q3,9,32,2019Q1,2025Q1,0.005124735220381418
unconditioned__full_2017Q1_2022Q3,9,33,2019Q1,2025Q2,0.005503340626666006
unconditioned__full_2017Q1_2022Q3,9,34,2019Q1,2025Q3,0.00468322684413161
unconditioned__full_2017Q1_2022Q3,9,35,2019Q1,2025Q4,0.0032228633719453637
unconditioned__full_2017Q1_2022Q3,9,36,2019Q1,2026Q1,0.003867616699572446
unconditioned__full_2017Q1_2022Q3,9,37,2019Q1,2026Q2,0.0034970142644760284
unconditioned__full_2017Q1_2022Q3,9,38,2019Q1,2026Q3,0.004033728180654702
unconditioned__full_2017Q1_2022Q3,10,1,2019Q2,2017Q1,0.0060412777073605445
unconditioned__full_2017Q1_2022Q3,10,2,2019Q2,2017Q2,0.006945199549927301
unconditioned__full_2017Q1_2022Q3,10,3,2019Q2,2017Q3,0.005387768915849297
unconditioned__full_2017Q1_2022Q3,10,4,2019Q2,2017Q4,0.004277132217821158
unconditioned__full_2017Q1_2022Q3,10,5,2019Q2,2018Q1,0.00605680586745511
unconditioned__full_2017Q1_2022Q3,10,6,2019Q2,2018Q2,0.007451885560850547
unconditioned__full_2017Q1_2022Q3,10,7,2019Q2,2018Q3,0.006866030795819542
unconditioned__full_2017Q1_2022Q3,10,8,2019Q2,2018Q4,0.0059055228272190015
unconditioned__full_2017Q1_2022Q3,10,9,2019Q2,2019Q1,0.0062060502253117825
unconditioned__full_2017Q1_2022Q3,10,10,2019Q2,2019Q2,0.00761387229528619
unconditioned__full_2017Q1_2022Q3,10,11,2019Q2,2019Q3,0.005879881786131924
unconditioned__full_2017Q1_2022Q3,10,12,2019Q2,2019Q4,0.004473698346986928
unconditioned__full_2017Q1_2022Q3,10,13,2019Q2,2020Q1,0.004676877658767207
unconditioned__full_2017Q1_2022Q3,10,14,2019Q2,2020Q2,0.004414387812127761
unconditioned__full_2017Q1_2022Q3,10,15,2019Q2,2020Q3,0.004731167075626426
unconditioned__full_2017Q1_2022Q3,10,16,2019Q2,2020Q4,0.0036322015040767715
unconditioned__full_2017Q1_2022Q3,10,17,2019Q2,2021Q1,0.004755461285311251
unconditioned__full_2017Q1_2022Q3,10,18,2019Q2,2021Q2,0.0049777527744109575
unconditioned__full_2017Q1_2022Q3,10,19,2019Q2,2021Q3,0.004417406289779234
unconditioned__full_2017Q1_2022Q3,10,20,2019Q2,2021Q4,0.0042738708523908375
unconditioned__full_2017Q1_2022Q3,10,21,2019Q2,2022Q1,0.00382597093309943
unconditioned__full_2017Q1_2022Q3,10,22,2019Q2,2022Q2,0.004241825129566686
unconditioned__full_2017Q1_2022Q3,10,23,2019Q2,2022Q3,0.0035196576810034106
unconditioned__full_2017Q1_2022Q3,10,24,2019Q2,2023Q1,0.0022225721057130138
unconditioned__full_2017Q1_2022Q3,10,25,2019Q2,2023Q2,0.0035032315910765574
unconditioned__full_2017Q1_2022Q3,10,26,2019Q2,2023Q3,0.0031739819137378235
unconditioned__full_2017Q1_2022Q3,10,27,2019Q2,2023Q4,0.004318996867355783
unconditioned__full_2017Q1_2022Q3,10,28,2019Q2,2024Q1,0.0037122823180972637
unconditioned__full_2017Q1_2022Q3,10,29,2019Q2,2024Q2,0.002502466916986777
unconditioned__full_2017Q1_2022Q3,10,30,2019Q2,2024Q3,0.004459851870001163
unconditioned__full_2017Q1_2022Q3,10,31,2019Q2,2024Q4,0.0042225680924367565
unconditioned__full_2017Q1_2022Q3,10,32,2019Q2,2025Q1,0.004474879562061297
unconditioned__full_2017Q1_2022Q3,10,33,2019Q2,2025Q2,0.0048467242932948955
unconditioned__full_2017Q1_2022Q3,10,34,2019Q2,2025Q3,0.003602076200925163
unconditioned__full_2017Q1_2022Q3,10,35,2019Q2,2025Q4,0.003123361095334032
unconditioned__full_2017Q1_2022Q3,10,36,2019Q2,2026Q1,0.0031991963939410092
unconditioned__full_2017Q1_2022Q3,10,37,2019Q2,2026Q2,0.003343985268854639
unconditioned__full_2017Q1_2022Q3,10,38,2019Q2,2026Q3,0.0036875644585623577
unconditioned__full_2017Q1_2022Q3,11,1,2019Q3,2017Q1,0.005829176556913377
unconditioned__full_2017Q1_2022Q3,11,2,2019Q3,2017Q2,0.006798045475234879
unconditioned__full_2017Q1_2022Q3,11,3,2019Q3,2017Q3,0.004998433966039394
unconditioned__full_2017Q1_2022Q3,11,4,2019Q3,2017Q4,0.004891600664347894
unconditioned__full_2017Q1_2022Q3,11,5,2019Q3,2018Q1,0.00631433907141885
unconditioned__full_2017Q1_2022Q3,11,6,2019Q3,2018Q2,0.007373932081666475
unconditioned__full_2017Q1_2022Q3,11,7,2019Q3,2018Q3,0.007699024798952023
unconditioned__full_2017Q1_2022Q3,11,8,2019Q3,2018Q4,0.005764974827058376
unconditioned__full_2017Q1_2022Q3,11,9,2019Q3,2019Q1,0.0057118188710258465
unconditioned__full_2017Q1_2022Q3,11,10,2019Q3,2019Q2,0.0058798817861319234
unconditioned__full_2017Q1_2022Q3,11,11,2019Q3,2019Q3,0.008851394663927082
unconditioned__full_2017Q1_2022Q3,11,12,2019Q3,2019Q4,0.006220391942364724
unconditioned__full_2017Q1_2022Q3,11,13,2019Q3,2020Q1,0.005403308674737796
unconditioned__full_2017Q1_2022Q3,11,14,2019Q3,2020Q2,0.005549734008909334
unconditioned__full_2017Q1_2022Q3,11,15,2019Q3,2020Q3,0.006447972979530375
unconditioned__full_2017Q1_2022Q3,11,16,2019Q3,2020Q4,0.004459965705450149
unconditioned__full_2017Q1_2022Q3,11,17,2019Q3,2021Q1,0.005055894978535881
unconditioned__full_2017Q1_2022Q3,11,18,2019Q3,2021Q2,0.005144639585510425
unconditioned__full_2017Q1_2022Q3,11,19,2019Q3,2021Q3,0.00488793968024485
unconditioned__full_2017Q1_2022Q3,11,20,2019Q3,2021Q4,0.003273235014039138
unconditioned__full_2017Q1_2022Q3,11,21,2019Q3,2022Q1,0.004355854005426098
unconditioned__full_2017Q1_2022Q3,11,22,2019Q3,2022Q2,0.004427277756727236
unconditioned__full_2017Q1_2022Q3,11,23,2019Q3,2022Q3,0.004552364124415153
unconditioned__full_2017Q1_2022Q3,11,24,2019Q3,2023Q1,0.0032577550058849962
unconditioned__full_2017Q1_2022Q3,11,25,2019Q3,2023Q2,0.004053363279966222
unconditioned__full_2017Q1_2022Q3,11,26,2019Q3,2023Q3,0.004414817797405602
unconditioned__full_2017Q1_2022Q3,11,27,2019Q3,2023Q4,0.004636981358768777
unconditioned__full_2017Q1_2022Q3,11,28,2019Q3,2024Q1,0.004202288284228407
unconditioned__full_2017Q1_2022Q3,11,29,2019Q3,2024Q2,0.004044154050526485
unconditioned__full_2017Q1_2022Q3,11,30,2019Q3,2024Q3,0.0040270887680942495
unconditioned__full_2017Q1_2022Q3,11,31,2019Q3,2024Q4,0.004098868465283679
unconditioned__full_2017Q1_2022Q3,11,32,2019Q3,2025Q1,0.005814813042800715
unconditioned__full_2017Q1_2022Q3,11,33,2019Q3,2025Q2,0.006814026241223846
unconditioned__full_2017Q1_2022Q3,11,34,2019Q3,2025Q3,0.00542024540861077
unconditioned__full_2017Q1_2022Q3,11,35,2019Q3,2025Q4,0.0037123731182403478
unconditioned__full_2017Q1_2022Q3,11,36,2019Q3,2026Q1,0.004325527314386379
unconditioned__full_2017Q1_2022Q3,11,37,2019Q3,2026Q2,0.004814247526461493
unconditioned__full_2017Q1_2022Q3,11,38,2019Q3,2026Q3,0.0054011782936753665
unconditioned__full_2017Q1_2022Q3,12,1,2019Q4,2017Q1,0.0055562003559902476
unconditioned__full_2017Q1_2022Q3,12,2,2019Q4,2017Q2,0.006444342338771603
unconditioned__full_2017Q1_2022Q3,12,3,2019Q4,2017Q3,0.004588392257606887
unconditioned__full_2017Q1_2022Q3,12,4,2019Q4,2017Q4,0.004433925962097817
unconditioned__full_2017Q1_2022Q3,12,5,2019Q4,2018Q1,0.004916109710984445
unconditioned__full_2017Q1_2022Q3,12,6,2019Q4,2018Q2,0.006502354004521732
unconditioned__full_2017Q1_2022Q3,12,7,2019Q4,2018Q3,0.006630942494239342
unconditioned__full_2017Q1_2022Q3,12,8,2019Q4,2018Q4,0.005678078919786037
unconditioned__full_2017Q1_2022Q3,12,9,2019Q4,2019Q1,0.005396356955837836
unconditioned__full_2017Q1_2022Q3,12,10,2019Q4,2019Q2,0.004473698346986928
unconditioned__full_2017Q1_2022Q3,12,11,2019Q4,2019Q3,0.006220391942364723
unconditioned__full_2017Q1_2022Q3,12,12,2019Q4,2019Q4,0.00765717760041598
unconditioned__full_2017Q1_2022Q3,12,13,2019Q4,2020Q1,0.00592274523882677
unconditioned__full_2017Q1_2022Q3,12,14,2019Q4,2020Q2,0.005657343408230747
unconditioned__full_2017Q1_2022Q3,12,15,2019Q4,2020Q3,0.005775940492441024
unconditioned__full_2017Q1_2022Q3,12,16,2019Q4,2020Q4,0.003887900839173952
unconditioned__full_2017Q1_2022Q3,12,17,2019Q4,2021Q1,0.004124043404176469
unconditioned__full_2017Q1_2022Q3,12,18,2019Q4,2021Q2,0.005450949214992954
unconditioned__full_2017Q1_2022Q3,12,19,2019Q4,2021Q3,0.005107391303089032
unconditioned__full_2017Q1_2022Q3,12,20,2019Q4,2021Q4,0.0038173057864760006
unconditioned__full_2017Q1_2022Q3,12,21,2019Q4,2022Q1,0.0033951175214349512
unconditioned__full_2017Q1_2022Q3,12,22,2019Q4,2022Q2,0.0035216300520905597
unconditioned__full_2017Q1_2022Q3,12,23,2019Q4,2022Q3,0.003370844164551761
unconditioned__full_2017Q1_2022Q3,12,24,2019Q4,2023Q1,0.0025130222900161922
unconditioned__full_2017Q1_2022Q3,12,25,2019Q4,2023Q2,0.004375668757887092
unconditioned__full_2017Q1_2022Q3,12,26,2019Q4,2023Q3,0.0030840710246356697
unconditioned__full_2017Q1_2022Q3,12,27,2019Q4,2023Q4,0.0041786533171852824
unconditioned__full_2017Q1_2022Q3,12,28,2019Q4,2024Q1,0.003666786271481491
unconditioned__full_2017Q1_2022Q3,12,29,2019Q4,2024Q2,0.0032594922661567044
unconditioned__full_2017Q1_2022Q3,12,30,2019Q4,2024Q3,0.003693691931810397
unconditioned__full_2017Q1_2022Q3,12,31,2019Q4,2024Q4,0.004266707754392439
unconditioned__full_2017Q1_2022Q3,12,32,2019Q4,2025Q1,0.004731287903157234
unconditioned__full_2017Q1_2022Q3,12,33,2019Q4,2025Q2,0.0049077845283046805
unconditioned__full_2017Q1_2022Q3,12,34,2019Q4,2025Q3,0.004463028630139354
unconditioned__full_2017Q1_2022Q3,12,35,2019Q4,2025Q4,0.003602124512635286
unconditioned__full_2017Q1_2022Q3,12,36,2019Q4,2026Q1,0.0041913173681398675
unconditioned__full_2017Q1_2022Q3,12,37,2019Q4,2026Q2,0.004842759448780951
unconditioned__full_2017Q1_2022Q3,12,38,2019Q4,2026Q3,0.005352547076301927
unconditioned__full_2017Q1_2022Q3,13,1,2020Q1,2017Q1,0.005524312230238122
unconditioned__full_2017Q1_2022Q3,13,2,2020Q1,2017Q2,0.006208939786355647
unconditioned__full_2017Q1_2022Q3,13,3,2020Q1,2017Q3,0.004514828146354584
unconditioned__full_2017Q1_2022Q3,13,4,2020Q1,2017Q4,0.004928327352552895
unconditioned__full_2017Q1_2022Q3,13,5,2020Q1,2018Q1,0.005665460866665719
unconditioned__full_2017Q1_2022Q3,13,6,2020Q1,2018Q2,0.005670409424912129
unconditioned__full_2017Q1_2022Q3,13,7,2020Q1,2018Q3,0.006109149613182768
unconditioned__full_2017Q1_2022Q3,13,8,2020Q1,2018Q4,0.005384745390622258
unconditioned__full_2017Q1_2022Q3,13,9,2020Q1,2019Q1,0.005523733025488737
unconditioned__full_2017Q1_2022Q3,13,10,2020Q1,2019Q2,0.004676877658767207
unconditioned__full_2017Q1_2022Q3,13,11,2020Q1,2019Q3,0.005403308674737794
unconditioned__full_2017Q1_2022Q3,13,12,2020Q1,2019Q4,0.00592274523882677
unconditioned__full_2017Q1_2022Q3,13,13,2020Q1,2020Q1,0.007436249644279797
unconditioned__full_2017Q1_2022Q3,13,14,2020Q1,2020Q2,0.006479602098820438
unconditioned__full_2017Q1_2022Q3,13,15,2020Q1,2020Q3,0.006138167343953758
unconditioned__full_2017Q1_2022Q3,13,16,2020Q1,2020Q4,0.003956660931571123
unconditioned__full_2017Q1_2022Q3,13,17,2020Q1,2021Q1,0.005134013142903958
unconditioned__full_2017Q1_2022Q3,13,18,2020Q1,2021Q2,0.0055177132072151535
unconditioned__full_2017Q1_2022Q3,13,19,2020Q1,2021Q3,0.005106824850104108
unconditioned__full_2017Q1_2022Q3,13,20,2020Q1,2021Q4,0.004284901580136677
unconditioned__full_2017Q1_2022Q3,13,21,2020Q1,2022Q1,0.004064530419617272
unconditioned__full_2017Q1_2022Q3,13,22,2020Q1,2022Q2,0.0045260318559637615
unconditioned__full_2017Q1_2022Q3,13,23,2020Q1,2022Q3,0.004215860082683697
unconditioned__full_2017Q1_2022Q3,13,24,2020Q1,2023Q1,0.0032501715270163486
unconditioned__full_2017Q1_2022Q3,13,25,2020Q1,2023Q2,0.004226692317593153
unconditioned__full_2017Q1_2022Q3,13,26,2020Q1,2023Q3,0.003503957057701519
unconditioned__full_2017Q1_2022Q3,13,27,2020Q1,2023Q4,0.004310682824935066
unconditioned__full_2017Q1_2022Q3,13,28,2020Q1,2024Q1,0.004533382941372779
unconditioned__full_2017Q1_2022Q3,13,29,2020Q1,2024Q2,0.004688252981157066
unconditioned__full_2017Q1_2022Q3,13,30,2020Q1,2024Q3,0.004340153584147074
unconditioned__full_2017Q1_2022Q3,13,31,2020Q1,2024Q4,0.0050454132824901176
unconditioned__full_2017Q1_2022Q3,13,32,2020Q1,2025Q1,0.005397133280263976
unconditioned__full_2017Q1_2022Q3,13,33,2020Q1,2025Q2,0.0058323756340206215
unconditioned__full_2017Q1_2022Q3,13,34,2020Q1,2025Q3,0.004461738755209181
unconditioned__full_2017Q1_2022Q3,13,35,2020Q1,2025Q4,0.0036150531606025803
unconditioned__full_2017Q1_2022Q3,13,36,2020Q1,2026Q1,0.004047546719661791
unconditioned__full_2017Q1_2022Q3,13,37,2020Q1,2026Q2,0.004167696616839494
unconditioned__full_2017Q1_2022Q3,13,38,2020Q1,2026Q3,0.004971396884670595
unconditioned__full_2017Q1_2022Q3,14,1,2020Q2,2017Q1,0.005121076509173604
unconditioned__full_2017Q1_2022Q3,14,2,2020Q2,2017Q2,0.005939038065868474
unconditioned__full_2017Q1_2022Q3,14,3,2020Q2,2017Q3,0.004197044366630416
unconditioned__full_2017Q1_2022Q3,14,4,2020Q2,2017Q4,0.0052542453331234275
unconditioned__full_2017Q1_2022Q3,14,5,2020Q2,2018Q1,0.005814851337233942
unconditioned__full_2017Q1_2022Q3,14,6,2020Q2,2018Q2,0.005528751826656226
unconditioned__full_2017Q1_2022Q3,14,7,2020Q2,2018Q3,0.0060625543124323104
unconditioned__full_2017Q1_2022Q3,14,8,2020Q2,2018Q4,0.004752718433546878
unconditioned__full_2017Q1_2022Q3,14,9,2020Q2,2019Q1,0.005617360886876331
unconditioned__full_2017Q1_2022Q3,14,10,2020Q2,2019Q2,0.004414387812127761
unconditioned__full_2017Q1_2022Q3,14,11,2020Q2,2019Q3,0.005549734008909334
unconditioned__full_2017Q1_2022Q3,14,12,2020Q2,2019Q4,0.005657343408230747
unconditioned__full_2017Q1_2022Q3,14,13,2020Q2,2020Q1,0.006479602098820438
unconditioned__full_2017Q1_2022Q3,14,14,2020Q2,2020Q2,0.010266083297729434
unconditioned__full_2017Q1_2022Q3,14,15,2020Q2,2020Q3,0.007795783978251961
unconditioned__full_2017Q1_2022Q3,14,16,2020Q2,2020Q4,0.004852096092982585
unconditioned__full_2017Q1_2022Q3,14,17,2020Q2,2021Q1,0.006028540547933484
unconditioned__full_2017Q1_2022Q3,14,18,2020Q2,2021Q2,0.005949844925070502
unconditioned__full_2017Q1_2022Q3,14,19,2020Q2,2021Q3,0.005606743915249013
unconditioned__full_2017Q1_2022Q3,14,20,2020Q2,2021Q4,0.004166687776665582
unconditioned__full_2017Q1_2022Q3,14,21,2020Q2,2022Q1,0.005561989359086347
unconditioned__full_2017Q1_2022Q3,14,22,2020Q2,2022Q2,0.004940537218750446
unconditioned__full_2017Q1_2022Q3,14,23,2020Q2,2022Q3,0.004858855506333909
unconditioned__full_2017Q1_2022Q3,14,24,2020Q2,2023Q1,0.004587275090545165
unconditioned__full_2017Q1_2022Q3,14,25,2020Q2,2023Q2,0.004813510037748976
unconditioned__full_2017Q1_2022Q3,14,26,2020Q2,2023Q3,0.003634100947922307
unconditioned__full_2017Q1_2022Q3,14,27,2020Q2,2023Q4,0.00452041996088534
unconditioned__full_2017Q1_2022Q3,14,28,2020Q2,2024Q1,0.004738846315979336
unconditioned__full_2017Q1_2022Q3,14,29,2020Q2,2024Q2,0.005165234268753706
unconditioned__full_2017Q1_2022Q3,14,30,2020Q2,2024Q3,0.0043604538055795426
unconditioned__full_2017Q1_2022Q3,14,31,2020Q2,2024Q4,0.005618876490185578
unconditioned__full_2017Q1_2022Q3,14,32,2020Q2,2025Q1,0.006520681499286606
unconditioned__full_2017Q1_2022Q3,14,33,2020Q2,2025Q2,0.007096688434979453
unconditioned__full_2017Q1_2022Q3,14,34,2020Q2,2025Q3,0.005426385379955372
unconditioned__full_2017Q1_2022Q3,14,35,2020Q2,2025Q4,0.00441811816849054
unconditioned__full_2017Q1_2022Q3,14,36,2020Q2,2026Q1,0.004494699334284536
unconditioned__full_2017Q1_2022Q3,14,37,2020Q2,2026Q2,0.004617312392477766
unconditioned__full_2017Q1_2022Q3,14,38,2020Q2,2026Q3,0.005001521548857229
unconditioned__full_2017Q1_2022Q3,15,1,2020Q3,2017Q1,0.005990680151381737
unconditioned__full_2017Q1_2022Q3,15,2,2020Q3,2017Q2,0.006847088357507823
unconditioned__full_2017Q1_2022Q3,15,3,2020Q3,2017Q3,0.00501064685356039
unconditioned__full_2017Q1_2022Q3,15,4,2020Q3,2017Q4,0.005861302121934588
unconditioned__full_2017Q1_2022Q3,15,5,2020Q3,2018Q1,0.007158765362121539
unconditioned__full_2017Q1_2022Q3,15,6,2020Q3,2018Q2,0.007142224699532806
unconditioned__full_2017Q1_2022Q3,15,7,2020Q3,2018Q3,0.006561159235293403
unconditioned__full_2017Q1_2022Q3,15,8,2020Q3,2018Q4,0.005546076129919395
unconditioned__full_2017Q1_2022Q3,15,9,2020Q3,2019Q1,0.005967630195403639
unconditioned__full_2017Q1_2022Q3,15,10,2020Q3,2019Q2,0.004731167075626427
unconditioned__full_2017Q1_2022Q3,15,11,2020Q3,2019Q3,0.006447972979530375
unconditioned__full_2017Q1_2022Q3,15,12,2020Q3,2019Q4,0.005775940492441024
unconditioned__full_2017Q1_2022Q3,15,13,2020Q3,2020Q1,0.006138167343953758
unconditioned__full_2017Q1_2022Q3,15,14,2020Q3,2020Q2,0.007795783978251961
unconditioned__full_2017Q1_2022Q3,15,15,2020Q3,2020Q3,0.009721274303913705
unconditioned__full_2017Q1_2022Q3,15,16,2020Q3,2020Q4,0.0055645244276847465
unconditioned__full_2017Q1_2022Q3,15,17,2020Q3,2021Q1,0.006207393182827429
unconditioned__full_2017Q1_2022Q3,15,18,2020Q3,2021Q2,0.006046986527269973
unconditioned__full_2017Q1_2022Q3,15,19,2020Q3,2021Q3,0.005646798686917492
unconditioned__full_2017Q1_2022Q3,15,20,2020Q3,2021Q4,0.00393605502804029
unconditioned__full_2017Q1_2022Q3,15,21,2020Q3,2022Q1,0.005853571219337888
unconditioned__full_2017Q1_2022Q3,15,22,2020Q3,2022Q2,0.0054512226949952015
unconditioned__full_2017Q1_2022Q3,15,23,2020Q3,2022Q3,0.005291828090864967
unconditioned__full_2017Q1_2022Q3,15,24,2020Q3,2023Q1,0.005268714800475988
unconditioned__full_2017Q1_2022Q3,15,25,2020Q3,2023Q2,0.005392639291288439
unconditioned__full_2017Q1_2022Q3,15,26,2020Q3,2023Q3,0.0042393915246724135
unconditioned__full_2017Q1_2022Q3,15,27,2020Q3,2023Q4,0.004652842780065495
unconditioned__full_2017Q1_2022Q3,15,28,2020Q3,2024Q1,0.005380680253523134
unconditioned__full_2017Q1_2022Q3,15,29,2020Q3,2024Q2,0.005632063532694998
unconditioned__full_2017Q1_2022Q3,15,30,2020Q3,2024Q3,0.005017614720000714
unconditioned__full_2017Q1_2022Q3,15,31,2020Q3,2024Q4,0.005553695350939003
unconditioned__full_2017Q1_2022Q3,15,32,2020Q3,2025Q1,0.006298283838233684
unconditioned__full_2017Q1_2022Q3,15,33,2020Q3,2025Q2,0.008585058717131621
unconditioned__full_2017Q1_2022Q3,15,34,2020Q3,2025Q3,0.006788479665224451
unconditioned__full_2017Q1_2022Q3,15,35,2020Q3,2025Q4,0.005061129622606727
unconditioned__full_2017Q1_2022Q3,15,36,2020Q3,2026Q1,0.005751754142144915
unconditioned__full_2017Q1_2022Q3,15,37,2020Q3,2026Q2,0.005116061247299934
unconditioned__full_2017Q1_2022Q3,15,38,2020Q3,2026Q3,0.0058798538201575885
unconditioned__full_2017Q1_2022Q3,16,1,2020Q4,2017Q1,0.004006617587266471
unconditioned__full_2017Q1_2022Q3,16,2,2020Q4,2017Q2,0.004964497255794469
unconditioned__full_2017Q1_2022Q3,16,3,2020Q4,2017Q3,0.0037254054203843976
unconditioned__full_2017Q1_2022Q3,16,4,2020Q4,2017Q4,0.0038393186790589015
unconditioned__full_2017Q1_2022Q3,16,5,2020Q4,2018Q1,0.004988217425071271
unconditioned__full_2017Q1_2022Q3,16,6,2020Q4,2018Q2,0.0051599121471128905
unconditioned__full_2017Q1_2022Q3,16,7,2020Q4,2018Q3,0.004624253971810861
unconditioned__full_2017Q1_2022Q3,16,8,2020Q4,2018Q4,0.004086911700789557
unconditioned__full_2017Q1_2022Q3,16,9,2020Q4,2019Q1,0.004251789593512795
unconditioned__full_2017Q1_2022Q3,16,10,2020Q4,2019Q2,0.003632201504076771
unconditioned__full_2017Q1_2022Q3,16,11,2020Q4,2019Q3,0.0044599657054501494
unconditioned__full_2017Q1_2022Q3,16,12,2020Q4,2019Q4,0.0038879008391739514
unconditioned__full_2017Q1_2022Q3,16,13,2020Q4,2020Q1,0.003956660931571122
unconditioned__full_2017Q1_2022Q3,16,14,2020Q4,2020Q2,0.004852096092982585
unconditioned__full_2017Q1_2022Q3,16,15,2020Q4,2020Q3,0.0055645244276847465
unconditioned__full_2017Q1_2022Q3,16,16,2020Q4,2020Q4,0.006481301217587588
unconditioned__full_2017Q1_2022Q3,16,17,2020Q4,2021Q1,0.005425710823141838
unconditioned__full_2017Q1_2022Q3,16,18,2020Q4,2021Q2,0.004648535929004821
unconditioned__full_2017Q1_2022Q3,16,19,2020Q4,2021Q3,0.0051224488176304095
unconditioned__full_2017Q1_2022Q3,16,20,2020Q4,2021Q4,0.0033852953005268508
unconditioned__full_2017Q1_2022Q3,16,21,2020Q4,2022Q1,0.004232118948840761
unconditioned__full_2017Q1_2022Q3,16,22,2020Q4,2022Q2,0.004258764521600063
unconditioned__full_2017Q1_2022Q3,16,23,2020Q4,2022Q3,0.003932403965503576
unconditioned__full_2017Q1_2022Q3,16,24,2020Q4,2023Q1,0.003866762866816212
unconditioned__full_2017Q1_2022Q3,16,25,2020Q4,2023Q2,0.004600496228907532
unconditioned__full_2017Q1_2022Q3,16,26,2020Q4,2023Q3,0.0035752862351007483
unconditioned__full_2017Q1_2022Q3,16,27,2020Q4,2023Q4,0.0036024139031344353
unconditioned__full_2017Q1_2022Q3,16,28,2020Q4,2024Q1,0.004614969115658576
unconditioned__full_2017Q1_2022Q3,16,29,2020Q4,2024Q2,0.004202543952546534
unconditioned__full_2017Q1_2022Q3,16,30,2020Q4,2024Q3,0.004127728113661244
unconditioned__full_2017Q1_2022Q3,16,31,2020Q4,2024Q4,0.003689495671275134
unconditioned__full_2017Q1_2022Q3,16,32,2020Q4,2025Q1,0.0038526391017485104
unconditioned__full_2017Q1_2022Q3,16,33,2020Q4,2025Q2,0.005694215113717308
unconditioned__full_2017Q1_2022Q3,16,34,2020Q4,2025Q3,0.005026432196518998
unconditioned__full_2017Q1_2022Q3,16,35,2020Q4,2025Q4,0.003904809243028573
unconditioned__full_2017Q1_2022Q3,16,36,2020Q4,2026Q1,0.004745672692673664
unconditioned__full_2017Q1_2022Q3,16,37,2020Q4,2026Q2,0.004075511657895602
unconditioned__full_2017Q1_2022Q3,16,38,2020Q4,2026Q3,0.004816550173013188
unconditioned__full_2017Q1_2022Q3,17,1,2021Q1,2017Q1,0.0049297689147266704
unconditioned__full_2017Q1_2022Q3,17,2,2021Q1,2017Q2,0.005609339907564906
unconditioned__full_2017Q1_2022Q3,17,3,2021Q1,2017Q3,0.004512237637719541
unconditioned__full_2017Q1_2022Q3,17,4,2021Q1,2017Q4,0.004638016438392262
unconditioned__full_2017Q1_2022Q3,17,5,2021Q1,2018Q1,0.005807034164964297
unconditioned__full_2017Q1_2022Q3,17,6,2021Q1,2018Q2,0.0051964364443639
unconditioned__full_2017Q1_2022Q3,17,7,2021Q1,2018Q3,0.005526943199347748
unconditioned__full_2017Q1_2022Q3,17,8,2021Q1,2018Q4,0.005129277082646534
unconditioned__full_2017Q1_2022Q3,17,9,2021Q1,2019Q1,0.005139369317458148
unconditioned__full_2017Q1_2022Q3,17,10,2021Q1,2019Q2,0.004755461285311251
unconditioned__full_2017Q1_2022Q3,17,11,2021Q1,2019Q3,0.005055894978535882
unconditioned__full_2017Q1_2022Q3,17,12,2021Q1,2019Q4,0.004124043404176469
unconditioned__full_2017Q1_2022Q3,17,13,2021Q1,2020Q1,0.005134013142903958
unconditioned__full_2017Q1_2022Q3,17,14,2021Q1,2020Q2,0.006028540547933484
unconditioned__full_2017Q1_2022Q3,17,15,2021Q1,2020Q3,0.006207393182827429
unconditioned__full_2017Q1_2022Q3,17,16,2021Q1,2020Q4,0.005425710823141838
unconditioned__full_2017Q1_2022Q3,17,17,2021Q1,2021Q1,0.008663852785318917
unconditioned__full_2017Q1_2022Q3,17,18,2021Q1,2021Q2,0.005936166077588425
unconditioned__full_2017Q1_2022Q3,17,19,2021Q1,2021Q3,0.0050554180316587025
unconditioned__full_2017Q1_2022Q3,17,20,2021Q1,2021Q4,0.003965322489012826
unconditioned__full_2017Q1_2022Q3,17,21,2021Q1,2022Q1,0.005036371971245278
unconditioned__full_2017Q1_2022Q3,17,22,2021Q1,2022Q2,0.0059658653248567325
unconditioned__full_2017Q1_2022Q3,17,23,2021Q1,2022Q3,0.005046479048722031
unconditioned__full_2017Q1_2022Q3,17,24,2021Q1,2023Q1,0.004933721021045407
unconditioned__full_2017Q1_2022Q3,17,25,2021Q1,2023Q2,0.004497309937248549
unconditioned__full_2017Q1_2022Q3,17,26,2021Q1,2023Q3,0.0035149918082252826
unconditioned__full_2017Q1_2022Q3,17,27,2021Q1,2023Q4,0.004184101168178914
unconditioned__full_2017Q1_2022Q3,17,28,2021Q1,2024Q1,0.005728105904179565
unconditioned__full_2017Q1_2022Q3,17,29,2021Q1,2024Q2,0.005354134683934415
unconditioned__full_2017Q1_2022Q3,17,30,2021Q1,2024Q3,0.004551759639236539
unconditioned__full_2017Q1_2022Q3,17,31,2021Q1,2024Q4,0.004403412065068794
unconditioned__full_2017Q1_2022Q3,17,32,2021Q1,2025Q1,0.004620423891099218
unconditioned__full_2017Q1_2022Q3,17,33,2021Q1,2025Q2,0.006591922857977477
unconditioned__full_2017Q1_2022Q3,17,34,2021Q1,2025Q3,0.005529837334693408
unconditioned__full_2017Q1_2022Q3,17,35,2021Q1,2025Q4,0.004081737659152236
unconditioned__full_2017Q1_2022Q3,17,36,2021Q1,2026Q1,0.004915436174276108
unconditioned__full_2017Q1_2022Q3,17,37,2021Q1,2026Q2,0.004295709415641734
unconditioned__full_2017Q1_2022Q3,17,38,2021Q1,2026Q3,0.004314370850257664
unconditioned__full_2017Q1_2022Q3,18,1,2021Q2,2017Q1,0.006200806681865489
unconditioned__full_2017Q1_2022Q3,18,2,2021Q2,2017Q2,0.007379402668497652
unconditioned__full_2017Q1_2022Q3,18,3,2021Q2,2017Q3,0.004965403621729391
unconditioned__full_2017Q1_2022Q3,18,4,2021Q2,2017Q4,0.004684256487660368
unconditioned__full_2017Q1_2022Q3,18,5,2021Q2,2018Q1,0.006228922146133539
unconditioned__full_2017Q1_2022Q3,18,6,2021Q2,2018Q2,0.006606815569047726
unconditioned__full_2017Q1_2022Q3,18,7,2021Q2,2018Q3,0.006535837933200957
unconditioned__full_2017Q1_2022Q3,18,8,2021Q2,2018Q4,0.006092148989871197
unconditioned__full_2017Q1_2022Q3,18,9,2021Q2,2019Q1,0.005343781630285396
unconditioned__full_2017Q1_2022Q3,18,10,2021Q2,2019Q2,0.0049777527744109575
unconditioned__full_2017Q1_2022Q3,18,11,2021Q2,2019Q3,0.005144639585510426
unconditioned__full_2017Q1_2022Q3,18,12,2021Q2,2019Q4,0.005450949214992954
unconditioned__full_2017Q1_2022Q3,18,13,2021Q2,2020Q1,0.0055177132072151535
unconditioned__full_2017Q1_2022Q3,18,14,2021Q2,2020Q2,0.005949844925070502
unconditioned__full_2017Q1_2022Q3,18,15,2021Q2,2020Q3,0.006046986527269973
unconditioned__full_2017Q1_2022Q3,18,16,2021Q2,2020Q4,0.004648535929004821
unconditioned__full_2017Q1_2022Q3,18,17,2021Q2,2021Q1,0.005936166077588424
unconditioned__full_2017Q1_2022Q3,18,18,2021Q2,2021Q2,0.00838168978883819
unconditioned__full_2017Q1_2022Q3,18,19,2021Q2,2021Q3,0.006180204964945618
unconditioned__full_2017Q1_2022Q3,18,20,2021Q2,2021Q4,0.005149102390120117
unconditioned__full_2017Q1_2022Q3,18,21,2021Q2,2022Q1,0.00444439851857157
unconditioned__full_2017Q1_2022Q3,18,22,2021Q2,2022Q2,0.005081452184239011
unconditioned__full_2017Q1_2022Q3,18,23,2021Q2,2022Q3,0.004177800637107076
unconditioned__full_2017Q1_2022Q3,18,24,2021Q2,2023Q1,0.003498879183133268
unconditioned__full_2017Q1_2022Q3,18,25,2021Q2,2023Q2,0.005046184328789458
unconditioned__full_2017Q1_2022Q3,18,26,2021Q2,2023Q3,0.003514100337071102
unconditioned__full_2017Q1_2022Q3,18,27,2021Q2,2023Q4,0.004611971584394071
unconditioned__full_2017Q1_2022Q3,18,28,2021Q2,2024Q1,0.004837301677969273
unconditioned__full_2017Q1_2022Q3,18,29,2021Q2,2024Q2,0.003796577831702237
unconditioned__full_2017Q1_2022Q3,18,30,2021Q2,2024Q3,0.00439304012752927
unconditioned__full_2017Q1_2022Q3,18,31,2021Q2,2024Q4,0.005127646883377305
unconditioned__full_2017Q1_2022Q3,18,32,2021Q2,2025Q1,0.004832958026516167
unconditioned__full_2017Q1_2022Q3,18,33,2021Q2,2025Q2,0.006201997661438198
unconditioned__full_2017Q1_2022Q3,18,34,2021Q2,2025Q3,0.0053755332690920326
unconditioned__full_2017Q1_2022Q3,18,35,2021Q2,2025Q4,0.004633292471163042
unconditioned__full_2017Q1_2022Q3,18,36,2021Q2,2026Q1,0.004658870040675818
unconditioned__full_2017Q1_2022Q3,18,37,2021Q2,2026Q2,0.004499536293189941
unconditioned__full_2017Q1_2022Q3,18,38,2021Q2,2026Q3,0.0060071432100045575
unconditioned__full_2017Q1_2022Q3,19,1,2021Q3,2017Q1,0.005622811748554157
unconditioned__full_2017Q1_2022Q3,19,2,2021Q3,2017Q2,0.0067984299192002575
unconditioned__full_2017Q1_2022Q3,19,3,2021Q3,2017Q3,0.0047341780628229885
unconditioned__full_2017Q1_2022Q3,19,4,2021Q3,2017Q4,0.004331383773636056
unconditioned__full_2017Q1_2022Q3,19,5,2021Q3,2018Q1,0.0055056537086901735
unconditioned__full_2017Q1_2022Q3,19,6,2021Q3,2018Q2,0.006978637759129808
unconditioned__full_2017Q1_2022Q3,19,7,2021Q3,2018Q3,0.0061668431822233215
unconditioned__full_2017Q1_2022Q3,19,8,2021Q3,2018Q4,0.006408697830895656
unconditioned__full_2017Q1_2022Q3,19,9,2021Q3,2019Q1,0.004723036022495562
unconditioned__full_2017Q1_2022Q3,19,10,2021Q3,2019Q2,0.004417406289779234
unconditioned__full_2017Q1_2022Q3,19,11,2021Q3,2019Q3,0.00488793968024485
unconditioned__full_2017Q1_2022Q3,19,12,2021Q3,2019Q4,0.005107391303089032
unconditioned__full_2017Q1_2022Q3,19,13,2021Q3,2020Q1,0.005106824850104108
unconditioned__full_2017Q1_2022Q3,19,14,2021Q3,2020Q2,0.005606743915249013
unconditioned__full_2017Q1_2022Q3,19,15,2021Q3,2020Q3,0.005646798686917492
unconditioned__full_2017Q1_2022Q3,19,16,2021Q3,2020Q4,0.0051224488176304095
unconditioned__full_2017Q1_2022Q3,19,17,2021Q3,2021Q1,0.0050554180316587025
unconditioned__full_2017Q1_2022Q3,19,18,2021Q3,2021Q2,0.006180204964945618
unconditioned__full_2017Q1_2022Q3,19,19,2021Q3,2021Q3,0.007911057414601446
unconditioned__full_2017Q1_2022Q3,19,20,2021Q3,2021Q4,0.005511588373673966
unconditioned__full_2017Q1_2022Q3,19,21,2021Q3,2022Q1,0.004766141368982593
unconditioned__full_2017Q1_2022Q3,19,22,2021Q3,2022Q2,0.004608572554755531
unconditioned__full_2017Q1_2022Q3,19,23,2021Q3,2022Q3,0.0042694991621213116
unconditioned__full_2017Q1_2022Q3,19,24,2021Q3,2023Q1,0.00364935778538214
unconditioned__full_2017Q1_2022Q3,19,25,2021Q3,2023Q2,0.005829261026024442
unconditioned__full_2017Q1_2022Q3,19,26,2021Q3,2023Q3,0.003583901026141865
unconditioned__full_2017Q1_2022Q3,19,27,2021Q3,2023Q4,0.004245716743562872
unconditioned__full_2017Q1_2022Q3,19,28,2021Q3,2024Q1,0.004701791580210525
unconditioned__full_2017Q1_2022Q3,19,29,2021Q3,2024Q2,0.003900072843034982
unconditioned__full_2017Q1_2022Q3,19,30,2021Q3,2024Q3,0.004706855489014283
unconditioned__full_2017Q1_2022Q3,19,31,2021Q3,2024Q4,0.005135941080924853
unconditioned__full_2017Q1_2022Q3,19,32,2021Q3,2025Q1,0.004805926832904647
unconditioned__full_2017Q1_2022Q3,19,33,2021Q3,2025Q2,0.006066457560269768
unconditioned__full_2017Q1_2022Q3,19,34,2021Q3,2025Q3,0.004940297792036229
unconditioned__full_2017Q1_2022Q3,19,35,2021Q3,2025Q4,0.0045054907799928715
unconditioned__full_2017Q1_2022Q3,19,36,2021Q3,2026Q1,0.005258882108569821
unconditioned__full_2017Q1_2022Q3,19,37,2021Q3,2026Q2,0.005062051043509177
unconditioned__full_2017Q1_2022Q3,19,38,2021Q3,2026Q3,0.005920148119776092
unconditioned__full_2017Q1_2022Q3,20,1,2021Q4,2017Q1,0.004726832310556708
unconditioned__full_2017Q1_2022Q3,20,2,2021Q4,2017Q2,0.006157105031194973
unconditioned__full_2017Q1_2022Q3,20,3,2021Q4,2017Q3,0.004368596576440068
unconditioned__full_2017Q1_2022Q3,20,4,2021Q4,2017Q4,0.0030527688635590185
unconditioned__full_2017Q1_2022Q3,20,5,2021Q4,2018Q1,0.00431745192898112
unconditioned__full_2017Q1_2022Q3,20,6,2021Q4,2018Q2,0.006203020309095083
unconditioned__full_2017Q1_2022Q3,20,7,2021Q4,2018Q3,0.005606997221487303
unconditioned__full_2017Q1_2022Q3,20,8,2021Q4,2018Q4,0.005514480960914087
unconditioned__full_2017Q1_2022Q3,20,9,2021Q4,2019Q1,0.004385108718736367
unconditioned__full_2017Q1_2022Q3,20,10,2021Q4,2019Q2,0.0042738708523908375
unconditioned__full_2017Q1_2022Q3,20,11,2021Q4,2019Q3,0.003273235014039138
unconditioned__full_2017Q1_2022Q3,20,12,2021Q4,2019Q4,0.0038173057864760006
unconditioned__full_2017Q1_2022Q3,20,13,2021Q4,2020Q1,0.004284901580136677
unconditioned__full_2017Q1_2022Q3,20,14,2021Q4,2020Q2,0.004166687776665582
unconditioned__full_2017Q1_2022Q3,20,15,2021Q4,2020Q3,0.00393605502804029
unconditioned__full_2017Q1_2022Q3,20,16,2021Q4,2020Q4,0.003385295300526851
unconditioned__full_2017Q1_2022Q3,20,17,2021Q4,2021Q1,0.003965322489012826
unconditioned__full_2017Q1_2022Q3,20,18,2021Q4,2021Q2,0.005149102390120117
unconditioned__full_2017Q1_2022Q3,20,19,2021Q4,2021Q3,0.005511588373673966
unconditioned__full_2017Q1_2022Q3,20,20,2021Q4,2021Q4,0.006795798175637132
unconditioned__full_2017Q1_2022Q3,20,21,2021Q4,2022Q1,0.0040976080082570625
unconditioned__full_2017Q1_2022Q3,20,22,2021Q4,2022Q2,0.003515265299007603
unconditioned__full_2017Q1_2022Q3,20,23,2021Q4,2022Q3,0.0026038077903109387
unconditioned__full_2017Q1_2022Q3,20,24,2021Q4,2023Q1,0.001740103041787355
unconditioned__full_2017Q1_2022Q3,20,25,2021Q4,2023Q2,0.0041132131620532746
unconditioned__full_2017Q1_2022Q3,20,26,2021Q4,2023Q3,0.002965485005666068
unconditioned__full_2017Q1_2022Q3,20,27,2021Q4,2023Q4,0.0038236543358630927
unconditioned__full_2017Q1_2022Q3,20,28,2021Q4,2024Q1,0.0030003387368581465
unconditioned__full_2017Q1_2022Q3,20,29,2021Q4,2024Q2,0.0018024298267538083
unconditioned__full_2017Q1_2022Q3,20,30,2021Q4,2024Q3,0.0035443660613081723
unconditioned__full_2017Q1_2022Q3,20,31,2021Q4,2024Q4,0.003985277200016242
unconditioned__full_2017Q1_2022Q3,20,32,2021Q4,2025Q1,0.0035933673204557913
unconditioned__full_2017Q1_2022Q3,20,33,2021Q4,2025Q2,0.003963497449245753
unconditioned__full_2017Q1_2022Q3,20,34,2021Q4,2025Q3,0.002447483640727636
unconditioned__full_2017Q1_2022Q3,20,35,2021Q4,2025Q4,0.002742897344788417
unconditioned__full_2017Q1_2022Q3,20,36,2021Q4,2026Q1,0.003169088311487679
unconditioned__full_2017Q1_2022Q3,20,37,2021Q4,2026Q2,0.003014051405866928
unconditioned__full_2017Q1_2022Q3,20,38,2021Q4,2026Q3,0.0033101586286551988
unconditioned__full_2017Q1_2022Q3,21,1,2022Q1,2017Q1,0.004431390403999297
unconditioned__full_2017Q1_2022Q3,21,2,2022Q1,2017Q2,0.004976905612857542
unconditioned__full_2017Q1_2022Q3,21,3,2022Q1,2017Q3,0.003853447181503592
unconditioned__full_2017Q1_2022Q3,21,4,2022Q1,2017Q4,0.0048293412284707285
unconditioned__full_2017Q1_2022Q3,21,5,2022Q1,2018Q1,0.005626862292740479
unconditioned__full_2017Q1_2022Q3,21,6,2022Q1,2018Q2,0.004897582941587877
unconditioned__full_2017Q1_2022Q3,21,7,2022Q1,2018Q3,0.004675166235163235
unconditioned__full_2017Q1_2022Q3,21,8,2022Q1,2018Q4,0.004327823690484666
unconditioned__full_2017Q1_2022Q3,21,9,2022Q1,2019Q1,0.005103053238426186
unconditioned__full_2017Q1_2022Q3,21,10,2022Q1,2019Q2,0.00382597093309943
unconditioned__full_2017Q1_2022Q3,21,11,2022Q1,2019Q3,0.004355854005426098
unconditioned__full_2017Q1_2022Q3,21,12,2022Q1,2019Q4,0.0033951175214349512
unconditioned__full_2017Q1_2022Q3,21,13,2022Q1,2020Q1,0.004064530419617272
unconditioned__full_2017Q1_2022Q3,21,14,2022Q1,2020Q2,0.005561989359086346
unconditioned__full_2017Q1_2022Q3,21,15,2022Q1,2020Q3,0.005853571219337888
unconditioned__full_2017Q1_2022Q3,21,16,2022Q1,2020Q4,0.004232118948840761
unconditioned__full_2017Q1_2022Q3,21,17,2022Q1,2021Q1,0.005036371971245279
unconditioned__full_2017Q1_2022Q3,21,18,2022Q1,2021Q2,0.00444439851857157
unconditioned__full_2017Q1_2022Q3,21,19,2022Q1,2021Q3,0.0047661413689825925
unconditioned__full_2017Q1_2022Q3,21,20,2022Q1,2021Q4,0.0040976080082570625
unconditioned__full_2017Q1_2022Q3,21,21,2022Q1,2022Q1,0.007492705642179011
unconditioned__full_2017Q1_2022Q3,21,22,2022Q1,2022Q2,0.0055917199730136586
unconditioned__full_2017Q1_2022Q3,21,23,2022Q1,2022Q3,0.004717352597988394
unconditioned__full_2017Q1_2022Q3,21,24,2022Q1,2023Q1,0.004186181139867656
unconditioned__full_2017Q1_2022Q3,21,25,2022Q1,2023Q2,0.004135492069169676
unconditioned__full_2017Q1_2022Q3,21,26,2022Q1,2023Q3,0.0038394453216252806
unconditioned__full_2017Q1_2022Q3,21,27,2022Q1,2023Q4,0.0036270101967792417
unconditioned__full_2017Q1_2022Q3,21,28,2022Q1,2024Q1,0.004150083642236817
unconditioned__full_2017Q1_2022Q3,21,29,2022Q1,2024Q2,0.004441138082652441
unconditioned__full_2017Q1_2022Q3,21,30,2022Q1,2024Q3,0.004115581172727407
unconditioned__full_2017Q1_2022Q3,21,31,2022Q1,2024Q4,0.004117846319014415
unconditioned__full_2017Q1_2022Q3,21,32,2022Q1,2025Q1,0.005115567405503479
unconditioned__full_2017Q1_2022Q3,21,33,2022Q1,2025Q2,0.006061275229837425
unconditioned__full_2017Q1_2022Q3,21,34,2022Q1,2025Q3,0.005231739702856456
unconditioned__full_2017Q1_2022Q3,21,35,2022Q1,2025Q4,0.004008678848076021
unconditioned__full_2017Q1_2022Q3,21,36,2022Q1,2026Q1,0.00439232351691222
unconditioned__full_2017Q1_2022Q3,21,37,2022Q1,2026Q2,0.003521103356362692
unconditioned__full_2017Q1_2022Q3,21,38,2022Q1,2026Q3,0.00409386153509321
unconditioned__full_2017Q1_2022Q3,22,1,2022Q2,2017Q1,0.005118045290270163
unconditioned__full_2017Q1_2022Q3,22,2,2022Q2,2017Q2,0.005360914048902421
unconditioned__full_2017Q1_2022Q3,22,3,2022Q2,2017Q3,0.00406190578379227
unconditioned__full_2017Q1_2022Q3,22,4,2022Q2,2017Q4,0.004337667086686362
unconditioned__full_2017Q1_2022Q3,22,5,2022Q2,2018Q1,0.005845258594385196
unconditioned__full_2017Q1_2022Q3,22,6,2022Q2,2018Q2,0.00517632515946462
unconditioned__full_2017Q1_2022Q3,22,7,2022Q2,2018Q3,0.005110584823680936
unconditioned__full_2017Q1_2022Q3,22,8,2022Q2,2018Q4,0.005155127251419356
unconditioned__full_2017Q1_2022Q3,22,9,2022Q2,2019Q1,0.004996134235458187
unconditioned__full_2017Q1_2022Q3,22,10,2022Q2,2019Q2,0.004241825129566686
unconditioned__full_2017Q1_2022Q3,22,11,2022Q2,2019Q3,0.004427277756727236
unconditioned__full_2017Q1_2022Q3,22,12,2022Q2,2019Q4,0.0035216300520905597
unconditioned__full_2017Q1_2022Q3,22,13,2022Q2,2020Q1,0.0045260318559637615
unconditioned__full_2017Q1_2022Q3,22,14,2022Q2,2020Q2,0.004940537218750446
unconditioned__full_2017Q1_2022Q3,22,15,2022Q2,2020Q3,0.005451222694995202
unconditioned__full_2017Q1_2022Q3,22,16,2022Q2,2020Q4,0.004258764521600063
unconditioned__full_2017Q1_2022Q3,22,17,2022Q2,2021Q1,0.0059658653248567325
unconditioned__full_2017Q1_2022Q3,22,18,2022Q2,2021Q2,0.005081452184239011
unconditioned__full_2017Q1_2022Q3,22,19,2022Q2,2021Q3,0.004608572554755531
unconditioned__full_2017Q1_2022Q3,22,20,2022Q2,2021Q4,0.0035152652990076035
unconditioned__full_2017Q1_2022Q3,22,21,2022Q2,2022Q1,0.0055917199730136586
unconditioned__full_2017Q1_2022Q3,22,22,2022Q2,2022Q2,0.007049263631471332
unconditioned__full_2017Q1_2022Q3,22,23,2022Q2,2022Q3,0.005358618430789518
unconditioned__full_2017Q1_2022Q3,22,24,2022Q2,2023Q1,0.004112821977712086
unconditioned__full_2017Q1_2022Q3,22,25,2022Q2,2023Q2,0.00403535558401859
unconditioned__full_2017Q1_2022Q3,22,26,2022Q2,2023Q3,0.0035381179853627284
unconditioned__full_2017Q1_2022Q3,22,27,2022Q2,2023Q4,0.0033920595220172274
unconditioned__full_2017Q1_2022Q3,22,28,2022Q2,2024Q1,0.004722334584127947
unconditioned__full_2017Q1_2022Q3,22,29,2022Q2,2024Q2,0.004975526033863883
unconditioned__full_2017Q1_2022Q3,22,30,2022Q2,2024Q3,0.004599415003668785
unconditioned__full_2017Q1_2022Q3,22,31,2022Q2,2024Q4,0.004426306088861529
unconditioned__full_2017Q1_2022Q3,22,32,2022Q2,2025Q1,0.004333734314018895
unconditioned__full_2017Q1_2022Q3,22,33,2022Q2,2025Q2,0.005990429561057123
unconditioned__full_2017Q1_2022Q3,22,34,2022Q2,2025Q3,0.005588316013786612
unconditioned__full_2017Q1_2022Q3,22,35,2022Q2,2025Q4,0.004560954051228565
unconditioned__full_2017Q1_2022Q3,22,36,2022Q2,2026Q1,0.0046174647621447865
unconditioned__full_2017Q1_2022Q3,22,37,2022Q2,2026Q2,0.0034131266741814154
unconditioned__full_2017Q1_2022Q3,22,38,2022Q2,2026Q3,0.0044893273747760075
unconditioned__full_2017Q1_2022Q3,23,1,2022Q3,2017Q1,0.004249600118710076
unconditioned__full_2017Q1_2022Q3,23,2,2022Q3,2017Q2,0.004594457419994669
unconditioned__full_2017Q1_2022Q3,23,3,2022Q3,2017Q3,0.0035184088085806415
unconditioned__full_2017Q1_2022Q3,23,4,2022Q3,2017Q4,0.004326957168046238
unconditioned__full_2017Q1_2022Q3,23,5,2022Q3,2018Q1,0.005023809583785524
unconditioned__full_2017Q1_2022Q3,23,6,2022Q3,2018Q2,0.004344988326602861
unconditioned__full_2017Q1_2022Q3,23,7,2022Q3,2018Q3,0.004438674764134254
unconditioned__full_2017Q1_2022Q3,23,8,2022Q3,2018Q4,0.004161058176866399
unconditioned__full_2017Q1_2022Q3,23,9,2022Q3,2019Q1,0.004253528388472519
unconditioned__full_2017Q1_2022Q3,23,10,2022Q3,2019Q2,0.0035196576810034106
unconditioned__full_2017Q1_2022Q3,23,11,2022Q3,2019Q3,0.004552364124415153
unconditioned__full_2017Q1_2022Q3,23,12,2022Q3,2019Q4,0.0033708441645517607
unconditioned__full_2017Q1_2022Q3,23,13,2022Q3,2020Q1,0.004215860082683697
unconditioned__full_2017Q1_2022Q3,23,14,2022Q3,2020Q2,0.004858855506333909
unconditioned__full_2017Q1_2022Q3,23,15,2022Q3,2020Q3,0.005291828090864967
unconditioned__full_2017Q1_2022Q3,23,16,2022Q3,2020Q4,0.003932403965503576
unconditioned__full_2017Q1_2022Q3,23,17,2022Q3,2021Q1,0.005046479048722031
unconditioned__full_2017Q1_2022Q3,23,18,2022Q3,2021Q2,0.004177800637107076
unconditioned__full_2017Q1_2022Q3,23,19,2022Q3,2021Q3,0.0042694991621213116
unconditioned__full_2017Q1_2022Q3,23,20,2022Q3,2021Q4,0.0026038077903109387
unconditioned__full_2017Q1_2022Q3,23,21,2022Q3,2022Q1,0.004717352597988394
unconditioned__full_2017Q1_2022Q3,23,22,2022Q3,2022Q2,0.005358618430789518
unconditioned__full_2017Q1_2022Q3,23,23,2022Q3,2022Q3,0.006083795696621883
unconditioned__full_2017Q1_2022Q3,23,24,2022Q3,2023Q1,0.0035130126112635504
unconditioned__full_2017Q1_2022Q3,23,25,2022Q3,2023Q2,0.0033411425190443163
unconditioned__full_2017Q1_2022Q3,23,26,2022Q3,2023Q3,0.003580848718655042
unconditioned__full_2017Q1_2022Q3,23,27,2022Q3,2023Q4,0.0031978939617960636
unconditioned__full_2017Q1_2022Q3,23,28,2022Q3,2024Q1,0.004457989662395888
unconditioned__full_2017Q1_2022Q3,23,29,2022Q3,2024Q2,0.0048456989863650685
unconditioned__full_2017Q1_2022Q3,23,30,2022Q3,2024Q3,0.003802836875853894
unconditioned__full_2017Q1_2022Q3,23,31,2022Q3,2024Q4,0.003925167011562591
unconditioned__full_2017Q1_2022Q3,23,32,2022Q3,2025Q1,0.004524087517728527
unconditioned__full_2017Q1_2022Q3,23,33,2022Q3,2025Q2,0.006080682752202447
unconditioned__full_2017Q1_2022Q3,23,34,2022Q3,2025Q3,0.005245823848962362
unconditioned__full_2017Q1_2022Q3,23,35,2022Q3,2025Q4,0.003946871941457466
unconditioned__full_2017Q1_2022Q3,23,36,2022Q3,2026Q1,0.004124463818784157
unconditioned__full_2017Q1_2022Q3,23,37,2022Q3,2026Q2,0.003624665542376266
unconditioned__full_2017Q1_2022Q3,23,38,2022Q3,2026Q3,0.0043248914608939246
unconditioned__full_2017Q1_2022Q3,24,1,2023Q1,2017Q1,0.002777196829516581
unconditioned__full_2017Q1_2022Q3,24,2,2023Q1,2017Q2,0.0032006824950132616
unconditioned__full_2017Q1_2022Q3,24,3,2023Q1,2017Q3,0.0021394294643647415
unconditioned__full_2017Q1_2022Q3,24,4,2023Q1,2017Q4,0.003581631288721049
unconditioned__full_2017Q1_2022Q3,24,5,2023Q1,2018Q1,0.004389977597497288
unconditioned__full_2017Q1_2022Q3,24,6,2023Q1,2018Q2,0.002555124046253665
unconditioned__full_2017Q1_2022Q3,24,7,2023Q1,2018Q3,0.0022897773689473386
unconditioned__full_2017Q1_2022Q3,24,8,2023Q1,2018Q4,0.002662669482158914
unconditioned__full_2017Q1_2022Q3,24,9,2023Q1,2019Q1,0.0026129994216086863
unconditioned__full_2017Q1_2022Q3,24,10,2023Q1,2019Q2,0.0022225721057130138
unconditioned__full_2017Q1_2022Q3,24,11,2023Q1,2019Q3,0.0032577550058849967
unconditioned__full_2017Q1_2022Q3,24,12,2023Q1,2019Q4,0.002513022290016192
unconditioned__full_2017Q1_2022Q3,24,13,2023Q1,2020Q1,0.0032501715270163486
unconditioned__full_2017Q1_2022Q3,24,14,2023Q1,2020Q2,0.004587275090545165
unconditioned__full_2017Q1_2022Q3,24,15,2023Q1,2020Q3,0.005268714800475989
unconditioned__full_2017Q1_2022Q3,24,16,2023Q1,2020Q4,0.0038667628668162114
unconditioned__full_2017Q1_2022Q3,24,17,2023Q1,2021Q1,0.004933721021045407
unconditioned__full_2017Q1_2022Q3,24,18,2023Q1,2021Q2,0.003498879183133268
unconditioned__full_2017Q1_2022Q3,24,19,2023Q1,2021Q3,0.0036493577853821406
unconditioned__full_2017Q1_2022Q3,24,20,2023Q1,2021Q4,0.001740103041787355
unconditioned__full_2017Q1_2022Q3,24,21,2023Q1,2022Q1,0.004186181139867656
unconditioned__full_2017Q1_2022Q3,24,22,2023Q1,2022Q2,0.004112821977712086
unconditioned__full_2017Q1_2022Q3,24,23,2023Q1,2022Q3,0.0035130126112635504
unconditioned__full_2017Q1_2022Q3,24,24,2023Q1,2023Q1,0.006918535790978578
unconditioned__full_2017Q1_2022Q3,24,25,2023Q1,2023Q2,0.004225908834575775
unconditioned__full_2017Q1_2022Q3,24,26,2023Q1,2023Q3,0.002965109729660068
unconditioned__full_2017Q1_2022Q3,24,27,2023Q1,2023Q4,0.0029701862886294984
unconditioned__full_2017Q1_2022Q3,24,28,2023Q1,2024Q1,0.0048516319880502826
unconditioned__full_2017Q1_2022Q3,24,29,2023Q1,2024Q2,0.005378756814133847
unconditioned__full_2017Q1_2022Q3,24,30,2023Q1,2024Q3,0.004405068121228185
unconditioned__full_2017Q1_2022Q3,24,31,2023Q1,2024Q4,0.00391970079920846
unconditioned__full_2017Q1_2022Q3,24,32,2023Q1,2025Q1,0.003725054182199561
unconditioned__full_2017Q1_2022Q3,24,33,2023Q1,2025Q2,0.005728300743528354
unconditioned__full_2017Q1_2022Q3,24,34,2023Q1,2025Q3,0.0054729519850327795
unconditioned__full_2017Q1_2022Q3,24,35,2023Q1,2025Q4,0.004132932995249845
unconditioned__full_2017Q1_2022Q3,24,36,2023Q1,2026Q1,0.0054312893293219314
unconditioned__full_2017Q1_2022Q3,24,37,2023Q1,2026Q2,0.0041490332402241824
unconditioned__full_2017Q1_2022Q3,24,38,2023Q1,2026Q3,0.004937721184377988
unconditioned__full_2017Q1_2022Q3,25,1,2023Q2,2017Q1,0.0045768892871917355
unconditioned__full_2017Q1_2022Q3,25,2,2023Q2,2017Q2,0.005860164659256699
unconditioned__full_2017Q1_2022Q3,25,3,2023Q2,2017Q3,0.0038833170118203987
unconditioned__full_2017Q1_2022Q3,25,4,2023Q2,2017Q4,0.0034064134065251595
unconditioned__full_2017Q1_2022Q3,25,5,2023Q2,2018Q1,0.004920586937009332
unconditioned__full_2017Q1_2022Q3,25,6,2023Q2,2018Q2,0.006662069809462346
unconditioned__full_2017Q1_2022Q3,25,7,2023Q2,2018Q3,0.005336725876554508
unconditioned__full_2017Q1_2022Q3,25,8,2023Q2,2018Q4,0.005230312105332962
unconditioned__full_2017Q1_2022Q3,25,9,2023Q2,2019Q1,0.0037731028874734137
unconditioned__full_2017Q1_2022Q3,25,10,2023Q2,2019Q2,0.0035032315910765574
unconditioned__full_2017Q1_2022Q3,25,11,2023Q2,2019Q3,0.004053363279966222
unconditioned__full_2017Q1_2022Q3,25,12,2023Q2,2019Q4,0.004375668757887093
unconditioned__full_2017Q1_2022Q3,25,13,2023Q2,2020Q1,0.004226692317593153
unconditioned__full_2017Q1_2022Q3,25,14,2023Q2,2020Q2,0.004813510037748976
unconditioned__full_2017Q1_2022Q3,25,15,2023Q2,2020Q3,0.005392639291288439
unconditioned__full_2017Q1_2022Q3,25,16,2023Q2,2020Q4,0.004600496228907532
unconditioned__full_2017Q1_2022Q3,25,17,2023Q2,2021Q1,0.004497309937248549
unconditioned__full_2017Q1_2022Q3,25,18,2023Q2,2021Q2,0.005046184328789458
unconditioned__full_2017Q1_2022Q3,25,19,2023Q2,2021Q3,0.005829261026024442
unconditioned__full_2017Q1_2022Q3,25,20,2023Q2,2021Q4,0.004113213162053275
unconditioned__full_2017Q1_2022Q3,25,21,2023Q2,2022Q1,0.004135492069169676
unconditioned__full_2017Q1_2022Q3,25,22,2023Q2,2022Q2,0.0040353555840185905
unconditioned__full_2017Q1_2022Q3,25,23,2023Q2,2022Q3,0.0033411425190443163
unconditioned__full_2017Q1_2022Q3,25,24,2023Q2,2023Q1,0.004225908834575775
unconditioned__full_2017Q1_2022Q3,25,25,2023Q2,2023Q2,0.00753505304609948
unconditioned__full_2017Q1_2022Q3,25,26,2023Q2,2023Q3,0.004538762330426473
unconditioned__full_2017Q1_2022Q3,25,27,2023Q2,2023Q4,0.004447824418805113
unconditioned__full_2017Q1_2022Q3,25,28,2023Q2,2024Q1,0.005318003569095741
unconditioned__full_2017Q1_2022Q3,25,29,2023Q2,2024Q2,0.0040142253698875995
unconditioned__full_2017Q1_2022Q3,25,30,2023Q2,2024Q3,0.005018431226786655
unconditioned__full_2017Q1_2022Q3,25,31,2023Q2,2024Q4,0.005346872952164916
unconditioned__full_2017Q1_2022Q3,25,32,2023Q2,2025Q1,0.0050298768375819335
unconditioned__full_2017Q1_2022Q3,25,33,2023Q2,2025Q2,0.00650366080231996
unconditioned__full_2017Q1_2022Q3,25,34,2023Q2,2025Q3,0.004808706178607316
unconditioned__full_2017Q1_2022Q3,25,35,2023Q2,2025Q4,0.004513309738332608
unconditioned__full_2017Q1_2022Q3,25,36,2023Q2,2026Q1,0.005374380618874672
unconditioned__full_2017Q1_2022Q3,25,37,2023Q2,2026Q2,0.005451977589531788
unconditioned__full_2017Q1_2022Q3,25,38,2023Q2,2026Q3,0.006302808302857454
unconditioned__full_2017Q1_2022Q3,26,1,2023Q3,2017Q1,0.0032979112756110268
unconditioned__full_2017Q1_2022Q3,26,2,2023Q3,2017Q2,0.004303845096519017
unconditioned__full_2017Q1_2022Q3,26,3,2023Q3,2017Q3,0.003267363470483969
unconditioned__full_2017Q1_2022Q3,26,4,2023Q3,2017Q4,0.0036156304680614124
unconditioned__full_2017Q1_2022Q3,26,5,2023Q3,2018Q1,0.004645138237735651
unconditioned__full_2017Q1_2022Q3,26,6,2023Q3,2018Q2,0.0047169257517534965
unconditioned__full_2017Q1_2022Q3,26,7,2023Q3,2018Q3,0.004395547246553281
unconditioned__full_2017Q1_2022Q3,26,8,2023Q3,2018Q4,0.003713495353572906
unconditioned__full_2017Q1_2022Q3,26,9,2023Q3,2019Q1,0.004055851799756068
unconditioned__full_2017Q1_2022Q3,26,10,2023Q3,2019Q2,0.003173981913737824
unconditioned__full_2017Q1_2022Q3,26,11,2023Q3,2019Q3,0.004414817797405602
unconditioned__full_2017Q1_2022Q3,26,12,2023Q3,2019Q4,0.0030840710246356692
unconditioned__full_2017Q1_2022Q3,26,13,2023Q3,2020Q1,0.003503957057701519
unconditioned__full_2017Q1_2022Q3,26,14,2023Q3,2020Q2,0.003634100947922307
unconditioned__full_2017Q1_2022Q3,26,15,2023Q3,2020Q3,0.0042393915246724135
unconditioned__full_2017Q1_2022Q3,26,16,2023Q3,2020Q4,0.0035752862351007483
unconditioned__full_2017Q1_2022Q3,26,17,2023Q3,2021Q1,0.003514991808225283
unconditioned__full_2017Q1_2022Q3,26,18,2023Q3,2021Q2,0.003514100337071102
unconditioned__full_2017Q1_2022Q3,26,19,2023Q3,2021Q3,0.003583901026141865
unconditioned__full_2017Q1_2022Q3,26,20,2023Q3,2021Q4,0.0029654850056660674
unconditioned__full_2017Q1_2022Q3,26,21,2023Q3,2022Q1,0.00383944532162528
unconditioned__full_2017Q1_2022Q3,26,22,2023Q3,2022Q2,0.0035381179853627284
unconditioned__full_2017Q1_2022Q3,26,23,2023Q3,2022Q3,0.0035808487186550415
unconditioned__full_2017Q1_2022Q3,26,24,2023Q3,2023Q1,0.002965109729660068
unconditioned__full_2017Q1_2022Q3,26,25,2023Q3,2023Q2,0.004538762330426473
unconditioned__full_2017Q1_2022Q3,26,26,2023Q3,2023Q3,0.006481346027643944
unconditioned__full_2017Q1_2022Q3,26,27,2023Q3,2023Q4,0.004306062881264689
unconditioned__full_2017Q1_2022Q3,26,28,2023Q3,2024Q1,0.004296176554318041
unconditioned__full_2017Q1_2022Q3,26,29,2023Q3,2024Q2,0.003857388171729972
unconditioned__full_2017Q1_2022Q3,26,30,2023Q3,2024Q3,0.003604406618560216
unconditioned__full_2017Q1_2022Q3,26,31,2023Q3,2024Q4,0.0032184075693405885
unconditioned__full_2017Q1_2022Q3,26,32,2023Q3,2025Q1,0.004488292405409903
unconditioned__full_2017Q1_2022Q3,26,33,2023Q3,2025Q2,0.00610193353512029
unconditioned__full_2017Q1_2022Q3,26,34,2023Q3,2025Q3,0.004069850810204594
unconditioned__full_2017Q1_2022Q3,26,35,2023Q3,2025Q4,0.0029766141732666855
unconditioned__full_2017Q1_2022Q3,26,36,2023Q3,2026Q1,0.0036949935240142852
unconditioned__full_2017Q1_2022Q3,26,37,2023Q3,2026Q2,0.003781111899926002
unconditioned__full_2017Q1_2022Q3,26,38,2023Q3,2026Q3,0.0041812504427020825
unconditioned__full_2017Q1_2022Q3,27,1,2023Q4,2017Q1,0.004739353395134435
unconditioned__full_2017Q1_2022Q3,27,2,2023Q4,2017Q2,0.005312380943245161
unconditioned__full_2017Q1_2022Q3,27,3,2023Q4,2017Q3,0.0038024193581137292
unconditioned__full_2017Q1_2022Q3,27,4,2023Q4,2017Q4,0.00348024016951816
unconditioned__full_2017Q1_2022Q3,27,5,2023Q4,2018Q1,0.004701190112244163
unconditioned__full_2017Q1_2022Q3,27,6,2023Q4,2018Q2,0.005584898376956174
unconditioned__full_2017Q1_2022Q3,27,7,2023Q4,2018Q3,0.0051708935205500165
unconditioned__full_2017Q1_2022Q3,27,8,2023Q4,2018Q4,0.004805934206082618
unconditioned__full_2017Q1_2022Q3,27,9,2023Q4,2019Q1,0.004371677266816837
unconditioned__full_2017Q1_2022Q3,27,10,2023Q4,2019Q2,0.004318996867355783
unconditioned__full_2017Q1_2022Q3,27,11,2023Q4,2019Q3,0.004636981358768777
unconditioned__full_2017Q1_2022Q3,27,12,2023Q4,2019Q4,0.0041786533171852824
unconditioned__full_2017Q1_2022Q3,27,13,2023Q4,2020Q1,0.004310682824935066
unconditioned__full_2017Q1_2022Q3,27,14,2023Q4,2020Q2,0.004520419960885341
unconditioned__full_2017Q1_2022Q3,27,15,2023Q4,2020Q3,0.004652842780065495
unconditioned__full_2017Q1_2022Q3,27,16,2023Q4,2020Q4,0.0036024139031344353
unconditioned__full_2017Q1_2022Q3,27,17,2023Q4,2021Q1,0.004184101168178914
unconditioned__full_2017Q1_2022Q3,27,18,2023Q4,2021Q2,0.004611971584394071
unconditioned__full_2017Q1_2022Q3,27,19,2023Q4,2021Q3,0.004245716743562872
unconditioned__full_2017Q1_2022Q3,27,20,2023Q4,2021Q4,0.0038236543358630927
unconditioned__full_2017Q1_2022Q3,27,21,2023Q4,2022Q1,0.0036270101967792417
unconditioned__full_2017Q1_2022Q3,27,22,2023Q4,2022Q2,0.0033920595220172274
unconditioned__full_2017Q1_2022Q3,27,23,2023Q4,2022Q3,0.0031978939617960636
unconditioned__full_2017Q1_2022Q3,27,24,2023Q4,2023Q1,0.0029701862886294984
unconditioned__full_2017Q1_2022Q3,27,25,2023Q4,2023Q2,0.004447824418805113
unconditioned__full_2017Q1_2022Q3,27,26,2023Q4,2023Q3,0.004306062881264689
unconditioned__full_2017Q1_2022Q3,27,27,2023Q4,2023Q4,0.00606185372901615
unconditioned__full_2017Q1_2022Q3,27,28,2023Q4,2024Q1,0.00458439628593218
unconditioned__full_2017Q1_2022Q3,27,29,2023Q4,2024Q2,0.0030584290496279715
unconditioned__full_2017Q1_2022Q3,27,30,2023Q4,2024Q3,0.004273930335152778
unconditioned__full_2017Q1_2022Q3,27,31,2023Q4,2024Q4,0.004354682984401698
unconditioned__full_2017Q1_2022Q3,27,32,2023Q4,2025Q1,0.004787186210828468
unconditioned__full_2017Q1_2022Q3,27,33,2023Q4,2025Q2,0.005027493237803151
unconditioned__full_2017Q1_2022Q3,27,34,2023Q4,2025Q3,0.003916695530591456
unconditioned__full_2017Q1_2022Q3,27,35,2023Q4,2025Q4,0.003244965690462481
unconditioned__full_2017Q1_2022Q3,27,36,2023Q4,2026Q1,0.0037627401887139057
unconditioned__full_2017Q1_2022Q3,27,37,2023Q4,2026Q2,0.004593854555885287
unconditioned__full_2017Q1_2022Q3,27,38,2023Q4,2026Q3,0.0045960598301899
unconditioned__full_2017Q1_2022Q3,28,1,2024Q1,2017Q1,0.004169815897033503
unconditioned__full_2017Q1_2022Q3,28,2,2024Q1,2017Q2,0.0045727690369221545
unconditioned__full_2017Q1_2022Q3,28,3,2024Q1,2017Q3,0.0032181897238323432
unconditioned__full_2017Q1_2022Q3,28,4,2024Q1,2017Q4,0.004030883772894734
unconditioned__full_2017Q1_2022Q3,28,5,2024Q1,2018Q1,0.004889453566267054
unconditioned__full_2017Q1_2022Q3,28,6,2024Q1,2018Q2,0.004482225270059379
unconditioned__full_2017Q1_2022Q3,28,7,2024Q1,2018Q3,0.0037850874098665018
unconditioned__full_2017Q1_2022Q3,28,8,2024Q1,2018Q4,0.004941914223655864
unconditioned__full_2017Q1_2022Q3,28,9,2024Q1,2019Q1,0.0044770781555492686
unconditioned__full_2017Q1_2022Q3,28,10,2024Q1,2019Q2,0.0037122823180972637
unconditioned__full_2017Q1_2022Q3,28,11,2024Q1,2019Q3,0.004202288284228407
unconditioned__full_2017Q1_2022Q3,28,12,2024Q1,2019Q4,0.003666786271481491
unconditioned__full_2017Q1_2022Q3,28,13,2024Q1,2020Q1,0.004533382941372779
unconditioned__full_2017Q1_2022Q3,28,14,2024Q1,2020Q2,0.004738846315979336
unconditioned__full_2017Q1_2022Q3,28,15,2024Q1,2020Q3,0.005380680253523134
unconditioned__full_2017Q1_2022Q3,28,16,2024Q1,2020Q4,0.004614969115658576
unconditioned__full_2017Q1_2022Q3,28,17,2024Q1,2021Q1,0.005728105904179565
unconditioned__full_2017Q1_2022Q3,28,18,2024Q1,2021Q2,0.004837301677969273
unconditioned__full_2017Q1_2022Q3,28,19,2024Q1,2021Q3,0.004701791580210525
unconditioned__full_2017Q1_2022Q3,28,20,2024Q1,2021Q4,0.0030003387368581465
unconditioned__full_2017Q1_2022Q3,28,21,2024Q1,2022Q1,0.004150083642236817
unconditioned__full_2017Q1_2022Q3,28,22,2024Q1,2022Q2,0.004722334584127947
unconditioned__full_2017Q1_2022Q3,28,23,2024Q1,2022Q3,0.004457989662395888
unconditioned__full_2017Q1_2022Q3,28,24,2024Q1,2023Q1,0.0048516319880502826
unconditioned__full_2017Q1_2022Q3,28,25,2024Q1,2023Q2,0.005318003569095741
unconditioned__full_2017Q1_2022Q3,28,26,2024Q1,2023Q3,0.004296176554318042
unconditioned__full_2017Q1_2022Q3,28,27,2024Q1,2023Q4,0.00458439628593218
unconditioned__full_2017Q1_2022Q3,28,28,2024Q1,2024Q1,0.008362722393404272
unconditioned__full_2017Q1_2022Q3,28,29,2024Q1,2024Q2,0.006972077450470357
unconditioned__full_2017Q1_2022Q3,28,30,2024Q1,2024Q3,0.005434338882851815
unconditioned__full_2017Q1_2022Q3,28,31,2024Q1,2024Q4,0.004988611162186453
unconditioned__full_2017Q1_2022Q3,28,32,2024Q1,2025Q1,0.004972712830243585
unconditioned__full_2017Q1_2022Q3,28,33,2024Q1,2025Q2,0.007176724713139907
unconditioned__full_2017Q1_2022Q3,28,34,2024Q1,2025Q3,0.006282685467790712
unconditioned__full_2017Q1_2022Q3,28,35,2024Q1,2025Q4,0.00473397430921597
unconditioned__full_2017Q1_2022Q3,28,36,2024Q1,2026Q1,0.006753696368235274
unconditioned__full_2017Q1_2022Q3,28,37,2024Q1,2026Q2,0.005451370829160461
unconditioned__full_2017Q1_2022Q3,28,38,2024Q1,2026Q3,0.006210944425268615
unconditioned__full_2017Q1_2022Q3,29,1,2024Q2,2017Q1,0.0027840157667644726
unconditioned__full_2017Q1_2022Q3,29,2,2024Q2,2017Q2,0.0030763589819841662
unconditioned__full_2017Q1_2022Q3,29,3,2024Q2,2017Q3,0.002132085247750383
unconditioned__full_2017Q1_2022Q3,29,4,2024Q2,2017Q4,0.004408875816875505
unconditioned__full_2017Q1_2022Q3,29,5,2024Q2,2018Q1,0.004693506476084783
unconditioned__full_2017Q1_2022Q3,29,6,2024Q2,2018Q2,0.002810343591231363
unconditioned__full_2017Q1_2022Q3,29,7,2024Q2,2018Q3,0.0028544485338032857
unconditioned__full_2017Q1_2022Q3,29,8,2024Q2,2018Q4,0.0035475268635583156
unconditioned__full_2017Q1_2022Q3,29,9,2024Q2,2019Q1,0.003913882695660472
unconditioned__full_2017Q1_2022Q3,29,10,2024Q2,2019Q2,0.002502466916986777
unconditioned__full_2017Q1_2022Q3,29,11,2024Q2,2019Q3,0.004044154050526486
unconditioned__full_2017Q1_2022Q3,29,12,2024Q2,2019Q4,0.0032594922661567044
unconditioned__full_2017Q1_2022Q3,29,13,2024Q2,2020Q1,0.004688252981157065
unconditioned__full_2017Q1_2022Q3,29,14,2024Q2,2020Q2,0.005165234268753706
unconditioned__full_2017Q1_2022Q3,29,15,2024Q2,2020Q3,0.005632063532694998
unconditioned__full_2017Q1_2022Q3,29,16,2024Q2,2020Q4,0.004202543952546534
unconditioned__full_2017Q1_2022Q3,29,17,2024Q2,2021Q1,0.005354134683934414
unconditioned__full_2017Q1_2022Q3,29,18,2024Q2,2021Q2,0.003796577831702237
unconditioned__full_2017Q1_2022Q3,29,19,2024Q2,2021Q3,0.003900072843034982
unconditioned__full_2017Q1_2022Q3,29,20,2024Q2,2021Q4,0.0018024298267538083
unconditioned__full_2017Q1_2022Q3,29,21,2024Q2,2022Q1,0.004441138082652441
unconditioned__full_2017Q1_2022Q3,29,22,2024Q2,2022Q2,0.004975526033863883
unconditioned__full_2017Q1_2022Q3,29,23,2024Q2,2022Q3,0.0048456989863650685
unconditioned__full_2017Q1_2022Q3,29,24,2024Q2,2023Q1,0.005378756814133847
unconditioned__full_2017Q1_2022Q3,29,25,2024Q2,2023Q2,0.0040142253698875995
unconditioned__full_2017Q1_2022Q3,29,26,2024Q2,2023Q3,0.003857388171729972
unconditioned__full_2017Q1_2022Q3,29,27,2024Q2,2023Q4,0.0030584290496279715
unconditioned__full_2017Q1_2022Q3,29,28,2024Q2,2024Q1,0.006972077450470357
unconditioned__full_2017Q1_2022Q3,29,29,2024Q2,2024Q2,0.009230175100679897
unconditioned__full_2017Q1_2022Q3,29,30,2024Q2,2024Q3,0.005378712929407789
unconditioned__full_2017Q1_2022Q3,29,31,2024Q2,2024Q4,0.004510698931668172
unconditioned__full_2017Q1_2022Q3,29,32,2024Q2,2025Q1,0.004824507083343215
unconditioned__full_2017Q1_2022Q3,29,33,2024Q2,2025Q2,0.007785145917763328
unconditioned__full_2017Q1_2022Q3,29,34,2024Q2,2025Q3,0.006402456429450207
unconditioned__full_2017Q1_2022Q3,29,35,2024Q2,2025Q4,0.0041135167662725665
unconditioned__full_2017Q1_2022Q3,29,36,2024Q2,2026Q1,0.006375789604181184
unconditioned__full_2017Q1_2022Q3,29,37,2024Q2,2026Q2,0.004922454896292917
unconditioned__full_2017Q1_2022Q3,29,38,2024Q2,2026Q3,0.005797389354306055
unconditioned__full_2017Q1_2022Q3,30,1,2024Q3,2017Q1,0.004079271713325641
unconditioned__full_2017Q1_2022Q3,30,2,2024Q3,2017Q2,0.005106505156285742
unconditioned__full_2017Q1_2022Q3,30,3,2024Q3,2017Q3,0.003194338779276177
unconditioned__full_2017Q1_2022Q3,30,4,2024Q3,2017Q4,0.003332931362685992
unconditioned__full_2017Q1_2022Q3,30,5,2024Q3,2018Q1,0.005386908610725825
unconditioned__full_2017Q1_2022Q3,30,6,2024Q3,2018Q2,0.0055293273531732134
unconditioned__full_2017Q1_2022Q3,30,7,2024Q3,2018Q3,0.004583002551197049
unconditioned__full_2017Q1_2022Q3,30,8,2024Q3,2018Q4,0.005079160655164655
unconditioned__full_2017Q1_2022Q3,30,9,2024Q3,2019Q1,0.00418389513255217
unconditioned__full_2017Q1_2022Q3,30,10,2024Q3,2019Q2,0.004459851870001162
unconditioned__full_2017Q1_2022Q3,30,11,2024Q3,2019Q3,0.0040270887680942495
unconditioned__full_2017Q1_2022Q3,30,12,2024Q3,2019Q4,0.003693691931810397
unconditioned__full_2017Q1_2022Q3,30,13,2024Q3,2020Q1,0.004340153584147074
unconditioned__full_2017Q1_2022Q3,30,14,2024Q3,2020Q2,0.004360453805579542
unconditioned__full_2017Q1_2022Q3,30,15,2024Q3,2020Q3,0.005017614720000714
unconditioned__full_2017Q1_2022Q3,30,16,2024Q3,2020Q4,0.004127728113661244
unconditioned__full_2017Q1_2022Q3,30,17,2024Q3,2021Q1,0.004551759639236539
unconditioned__full_2017Q1_2022Q3,30,18,2024Q3,2021Q2,0.004393040127529269
unconditioned__full_2017Q1_2022Q3,30,19,2024Q3,2021Q3,0.004706855489014283
unconditioned__full_2017Q1_2022Q3,30,20,2024Q3,2021Q4,0.0035443660613081723
unconditioned__full_2017Q1_2022Q3,30,21,2024Q3,2022Q1,0.004115581172727406
unconditioned__full_2017Q1_2022Q3,30,22,2024Q3,2022Q2,0.004599415003668785
unconditioned__full_2017Q1_2022Q3,30,23,2024Q3,2022Q3,0.0038028368758538937
unconditioned__full_2017Q1_2022Q3,30,24,2024Q3,2023Q1,0.004405068121228185
unconditioned__full_2017Q1_2022Q3,30,25,2024Q3,2023Q2,0.005018431226786655
unconditioned__full_2017Q1_2022Q3,30,26,2024Q3,2023Q3,0.0036044066185602166
unconditioned__full_2017Q1_2022Q3,30,27,2024Q3,2023Q4,0.004273930335152778
unconditioned__full_2017Q1_2022Q3,30,28,2024Q3,2024Q1,0.005434338882851816
unconditioned__full_2017Q1_2022Q3,30,29,2024Q3,2024Q2,0.0053787129294077885
unconditioned__full_2017Q1_2022Q3,30,30,2024Q3,2024Q3,0.007266310871411575
unconditioned__full_2017Q1_2022Q3,30,31,2024Q3,2024Q4,0.005836515292926169
unconditioned__full_2017Q1_2022Q3,30,32,2024Q3,2025Q1,0.0044966116649896234
unconditioned__full_2017Q1_2022Q3,30,33,2024Q3,2025Q2,0.007025771866627598
unconditioned__full_2017Q1_2022Q3,30,34,2024Q3,2025Q3,0.005809446567363003
unconditioned__full_2017Q1_2022Q3,30,35,2024Q3,2025Q4,0.004559606088855188
unconditioned__full_2017Q1_2022Q3,30,36,2024Q3,2026Q1,0.005763727063448812
unconditioned__full_2017Q1_2022Q3,30,37,2024Q3,2026Q2,0.005215190156996095
unconditioned__full_2017Q1_2022Q3,30,38,2024Q3,2026Q3,0.006091537875775387
unconditioned__full_2017Q1_2022Q3,31,1,2024Q4,2017Q1,0.005130028084235188
unconditioned__full_2017Q1_2022Q3,31,2,2024Q4,2017Q2,0.006027086404569632
unconditioned__full_2017Q1_2022Q3,31,3,2024Q4,2017Q3,0.004038120970250474
unconditioned__full_2017Q1_2022Q3,31,4,2024Q4,2017Q4,0.0036946182124376185
unconditioned__full_2017Q1_2022Q3,31,5,2024Q4,2018Q1,0.005315746732087545
unconditioned__full_2017Q1_2022Q3,31,6,2024Q4,2018Q2,0.006062756817552818
unconditioned__full_2017Q1_2022Q3,31,7,2024Q4,2018Q3,0.005443078192672606
unconditioned__full_2017Q1_2022Q3,31,8,2024Q4,2018Q4,0.005337013415711113
unconditioned__full_2017Q1_2022Q3,31,9,2024Q4,2019Q1,0.0040039986399288945
unconditioned__full_2017Q1_2022Q3,31,10,2024Q4,2019Q2,0.004222568092436757
unconditioned__full_2017Q1_2022Q3,31,11,2024Q4,2019Q3,0.004098868465283679
unconditioned__full_2017Q1_2022Q3,31,12,2024Q4,2019Q4,0.004266707754392439
unconditioned__full_2017Q1_2022Q3,31,13,2024Q4,2020Q1,0.0050454132824901176
unconditioned__full_2017Q1_2022Q3,31,14,2024Q4,2020Q2,0.005618876490185578
unconditioned__full_2017Q1_2022Q3,31,15,2024Q4,2020Q3,0.005553695350939003
unconditioned__full_2017Q1_2022Q3,31,16,2024Q4,2020Q4,0.003689495671275134
unconditioned__full_2017Q1_2022Q3,31,17,2024Q4,2021Q1,0.004403412065068794
unconditioned__full_2017Q1_2022Q3,31,18,2024Q4,2021Q2,0.005127646883377305
unconditioned__full_2017Q1_2022Q3,31,19,2024Q4,2021Q3,0.005135941080924853
unconditioned__full_2017Q1_2022Q3,31,20,2024Q4,2021Q4,0.003985277200016242
unconditioned__full_2017Q1_2022Q3,31,21,2024Q4,2022Q1,0.0041178463190144135
unconditioned__full_2017Q1_2022Q3,31,22,2024Q4,2022Q2,0.004426306088861529
unconditioned__full_2017Q1_2022Q3,31,23,2024Q4,2022Q3,0.003925167011562591
unconditioned__full_2017Q1_2022Q3,31,24,2024Q4,2023Q1,0.00391970079920846
unconditioned__full_2017Q1_2022Q3,31,25,2024Q4,2023Q2,0.005346872952164916
unconditioned__full_2017Q1_2022Q3,31,26,2024Q4,2023Q3,0.003218407569340589
unconditioned__full_2017Q1_2022Q3,31,27,2024Q4,2023Q4,0.004354682984401698
unconditioned__full_2017Q1_2022Q3,31,28,2024Q4,2024Q1,0.004988611162186453
unconditioned__full_2017Q1_2022Q3,31,29,2024Q4,2024Q2,0.004510698931668172
unconditioned__full_2017Q1_2022Q3,31,30,2024Q4,2024Q3,0.00583651529292617
unconditioned__full_2017Q1_2022Q3,31,31,2024Q4,2024Q4,0.007732202534229732
unconditioned__full_2017Q1_2022Q3,31,32,2024Q4,2025Q1,0.005581411611900573
unconditioned__full_2017Q1_2022Q3,31,33,2024Q4,2025Q2,0.006700261070133837
unconditioned__full_2017Q1_2022Q3,31,34,2024Q4,2025Q3,0.005408501525056446
unconditioned__full_2017Q1_2022Q3,31,35,2024Q4,2025Q4,0.004725810526226109
unconditioned__full_2017Q1_2022Q3,31,36,2024Q4,2026Q1,0.005376514879285121
unconditioned__full_2017Q1_2022Q3,31,37,2024Q4,2026Q2,0.005122641455005886
unconditioned__full_2017Q1_2022Q3,31,38,2024Q4,2026Q3,0.005900612488102133
unconditioned__full_2017Q1_2022Q3,32,1,2025Q1,2017Q1,0.004593957342596386
unconditioned__full_2017Q1_2022Q3,32,2,2025Q1,2017Q2,0.005666921657763122
unconditioned__full_2017Q1_2022Q3,32,3,2025Q1,2017Q3,0.0041529363146096945
unconditioned__full_2017Q1_2022Q3,32,4,2025Q1,2017Q4,0.004529567881298906
unconditioned__full_2017Q1_2022Q3,32,5,2025Q1,2018Q1,0.005124580667888422
unconditioned__full_2017Q1_2022Q3,32,6,2025Q1,2018Q2,0.005808987012767178
unconditioned__full_2017Q1_2022Q3,32,7,2025Q1,2018Q3,0.00574862738359478
unconditioned__full_2017Q1_2022Q3,32,8,2025Q1,2018Q4,0.004696934157153584
unconditioned__full_2017Q1_2022Q3,32,9,2025Q1,2019Q1,0.005124735220381418
unconditioned__full_2017Q1_2022Q3,32,10,2025Q1,2019Q2,0.004474879562061296
unconditioned__full_2017Q1_2022Q3,32,11,2025Q1,2019Q3,0.005814813042800715
unconditioned__full_2017Q1_2022Q3,32,12,2025Q1,2019Q4,0.004731287903157234
unconditioned__full_2017Q1_2022Q3,32,13,2025Q1,2020Q1,0.005397133280263976
unconditioned__full_2017Q1_2022Q3,32,14,2025Q1,2020Q2,0.006520681499286606
unconditioned__full_2017Q1_2022Q3,32,15,2025Q1,2020Q3,0.006298283838233684
unconditioned__full_2017Q1_2022Q3,32,16,2025Q1,2020Q4,0.0038526391017485104
unconditioned__full_2017Q1_2022Q3,32,17,2025Q1,2021Q1,0.004620423891099219
unconditioned__full_2017Q1_2022Q3,32,18,2025Q1,2021Q2,0.004832958026516167
unconditioned__full_2017Q1_2022Q3,32,19,2025Q1,2021Q3,0.004805926832904647
unconditioned__full_2017Q1_2022Q3,32,20,2025Q1,2021Q4,0.0035933673204557913
unconditioned__full_2017Q1_2022Q3,32,21,2025Q1,2022Q1,0.005115567405503479
unconditioned__full_2017Q1_2022Q3,32,22,2025Q1,2022Q2,0.004333734314018895
unconditioned__full_2017Q1_2022Q3,32,23,2025Q1,2022Q3,0.004524087517728527
unconditioned__full_2017Q1_2022Q3,32,24,2025Q1,2023Q1,0.003725054182199561
unconditioned__full_2017Q1_2022Q3,32,25,2025Q1,2023Q2,0.0050298768375819335
unconditioned__full_2017Q1_2022Q3,32,26,2025Q1,2023Q3,0.004488292405409903
unconditioned__full_2017Q1_2022Q3,32,27,2025Q1,2023Q4,0.004787186210828468
unconditioned__full_2017Q1_2022Q3,32,28,2025Q1,2024Q1,0.004972712830243585
unconditioned__full_2017Q1_2022Q3,32,29,2025Q1,2024Q2,0.004824507083343216
unconditioned__full_2017Q1_2022Q3,32,30,2025Q1,2024Q3,0.0044966116649896234
unconditioned__full_2017Q1_2022Q3,32,31,2025Q1,2024Q4,0.005581411611900573
unconditioned__full_2017Q1_2022Q3,32,32,2025Q1,2025Q1,0.00798546298890085
unconditioned__full_2017Q1_2022Q3,32,33,2025Q1,2025Q2,0.007852791083908722
unconditioned__full_2017Q1_2022Q3,32,34,2025Q1,2025Q3,0.005170102913429448
unconditioned__full_2017Q1_2022Q3,32,35,2025Q1,2025Q4,0.004185059088298076
unconditioned__full_2017Q1_2022Q3,32,36,2025Q1,2026Q1,0.004626531147345218
unconditioned__full_2017Q1_2022Q3,32,37,2025Q1,2026Q2,0.004991860184350585
unconditioned__full_2017Q1_2022Q3,32,38,2025Q1,2026Q3,0.005661543230212624
unconditioned__full_2017Q1_2022Q3,33,1,2025Q2,2017Q1,0.004855832753069074
unconditioned__full_2017Q1_2022Q3,33,2,2025Q2,2017Q2,0.006040653120581644
unconditioned__full_2017Q1_2022Q3,33,3,2025Q2,2017Q3,0.00439149324421844
unconditioned__full_2017Q1_2022Q3,33,4,2025Q2,2017Q4,0.005692887060010455
unconditioned__full_2017Q1_2022Q3,33,5,2025Q2,2018Q1,0.0075994899066047505
unconditioned__full_2017Q1_2022Q3,33,6,2025Q2,2018Q2,0.007029328624609726
unconditioned__full_2017Q1_2022Q3,33,7,2025Q2,2018Q3,0.006197310416991664
unconditioned__full_2017Q1_2022Q3,33,8,2025Q2,2018Q4,0.0055032829848211786
unconditioned__full_2017Q1_2022Q3,33,9,2025Q2,2019Q1,0.005503340626666006
unconditioned__full_2017Q1_2022Q3,33,10,2025Q2,2019Q2,0.0048467242932948955
unconditioned__full_2017Q1_2022Q3,33,11,2025Q2,2019Q3,0.006814026241223847
unconditioned__full_2017Q1_2022Q3,33,12,2025Q2,2019Q4,0.0049077845283046805
unconditioned__full_2017Q1_2022Q3,33,13,2025Q2,2020Q1,0.0058323756340206215
unconditioned__full_2017Q1_2022Q3,33,14,2025Q2,2020Q2,0.007096688434979453
unconditioned__full_2017Q1_2022Q3,33,15,2025Q2,2020Q3,0.008585058717131621
unconditioned__full_2017Q1_2022Q3,33,16,2025Q2,2020Q4,0.005694215113717308
unconditioned__full_2017Q1_2022Q3,33,17,2025Q2,2021Q1,0.006591922857977477
unconditioned__full_2017Q1_2022Q3,33,18,2025Q2,2021Q2,0.006201997661438198
unconditioned__full_2017Q1_2022Q3,33,19,2025Q2,2021Q3,0.006066457560269768
unconditioned__full_2017Q1_2022Q3,33,20,2025Q2,2021Q4,0.003963497449245754
unconditioned__full_2017Q1_2022Q3,33,21,2025Q2,2022Q1,0.006061275229837425
unconditioned__full_2017Q1_2022Q3,33,22,2025Q2,2022Q2,0.005990429561057123
unconditioned__full_2017Q1_2022Q3,33,23,2025Q2,2022Q3,0.006080682752202447
unconditioned__full_2017Q1_2022Q3,33,24,2025Q2,2023Q1,0.005728300743528354
unconditioned__full_2017Q1_2022Q3,33,25,2025Q2,2023Q2,0.00650366080231996
unconditioned__full_2017Q1_2022Q3,33,26,2025Q2,2023Q3,0.0061019335351202904
unconditioned__full_2017Q1_2022Q3,33,27,2025Q2,2023Q4,0.005027493237803151
unconditioned__full_2017Q1_2022Q3,33,28,2025Q2,2024Q1,0.007176724713139907
unconditioned__full_2017Q1_2022Q3,33,29,2025Q2,2024Q2,0.007785145917763329
unconditioned__full_2017Q1_2022Q3,33,30,2025Q2,2024Q3,0.007025771866627598
unconditioned__full_2017Q1_2022Q3,33,31,2025Q2,2024Q4,0.006700261070133837
unconditioned__full_2017Q1_2022Q3,33,32,2025Q2,2025Q1,0.00785279108390872
unconditioned__full_2017Q1_2022Q3,33,33,2025Q2,2025Q2,0.013928545094172478
unconditioned__full_2017Q1_2022Q3,33,34,2025Q2,2025Q3,0.00915182837502951
unconditioned__full_2017Q1_2022Q3,33,35,2025Q2,2025Q4,0.00556050670351228
unconditioned__full_2017Q1_2022Q3,33,36,2025Q2,2026Q1,0.006987034329310594
unconditioned__full_2017Q1_2022Q3,33,37,2025Q2,2026Q2,0.007117861284699276
unconditioned__full_2017Q1_2022Q3,33,38,2025Q2,2026Q3,0.007824447047556247
unconditioned__full_2017Q1_2022Q3,34,1,2025Q3,2017Q1,0.00448641072149885
unconditioned__full_2017Q1_2022Q3,34,2,2025Q3,2017Q2,0.004616638584775833
unconditioned__full_2017Q1_2022Q3,34,3,2025Q3,2017Q3,0.0031888628838672795
unconditioned__full_2017Q1_2022Q3,34,4,2025Q3,2017Q4,0.004765862446738092
unconditioned__full_2017Q1_2022Q3,34,5,2025Q3,2018Q1,0.006286115576398195
unconditioned__full_2017Q1_2022Q3,34,6,2025Q3,2018Q2,0.004457701069375529
unconditioned__full_2017Q1_2022Q3,34,7,2025Q3,2018Q3,0.003989403941551503
unconditioned__full_2017Q1_2022Q3,34,8,2025Q3,2018Q4,0.0045985649821400215
unconditioned__full_2017Q1_2022Q3,34,9,2025Q3,2019Q1,0.00468322684413161
unconditioned__full_2017Q1_2022Q3,34,10,2025Q3,2019Q2,0.003602076200925163
unconditioned__full_2017Q1_2022Q3,34,11,2025Q3,2019Q3,0.005420245408610771
unconditioned__full_2017Q1_2022Q3,34,12,2025Q3,2019Q4,0.004463028630139354
unconditioned__full_2017Q1_2022Q3,34,13,2025Q3,2020Q1,0.0044617387552091815
unconditioned__full_2017Q1_2022Q3,34,14,2025Q3,2020Q2,0.005426385379955372
unconditioned__full_2017Q1_2022Q3,34,15,2025Q3,2020Q3,0.006788479665224451
unconditioned__full_2017Q1_2022Q3,34,16,2025Q3,2020Q4,0.005026432196518998
unconditioned__full_2017Q1_2022Q3,34,17,2025Q3,2021Q1,0.005529837334693408
unconditioned__full_2017Q1_2022Q3,34,18,2025Q3,2021Q2,0.0053755332690920326
unconditioned__full_2017Q1_2022Q3,34,19,2025Q3,2021Q3,0.00494029779203623
unconditioned__full_2017Q1_2022Q3,34,20,2025Q3,2021Q4,0.0024474836407276357
unconditioned__full_2017Q1_2022Q3,34,21,2025Q3,2022Q1,0.005231739702856456
unconditioned__full_2017Q1_2022Q3,34,22,2025Q3,2022Q2,0.005588316013786611
unconditioned__full_2017Q1_2022Q3,34,23,2025Q3,2022Q3,0.005245823848962362
unconditioned__full_2017Q1_2022Q3,34,24,2025Q3,2023Q1,0.00547295198503278
unconditioned__full_2017Q1_2022Q3,34,25,2025Q3,2023Q2,0.004808706178607316
unconditioned__full_2017Q1_2022Q3,34,26,2025Q3,2023Q3,0.004069850810204594
unconditioned__full_2017Q1_2022Q3,34,27,2025Q3,2023Q4,0.003916695530591456
unconditioned__full_2017Q1_2022Q3,34,28,2025Q3,2024Q1,0.006282685467790712
unconditioned__full_2017Q1_2022Q3,34,29,2025Q3,2024Q2,0.006402456429450207
unconditioned__full_2017Q1_2022Q3,34,30,2025Q3,2024Q3,0.005809446567363003
unconditioned__full_2017Q1_2022Q3,34,31,2025Q3,2024Q4,0.005408501525056446
unconditioned__full_2017Q1_2022Q3,34,32,2025Q3,2025Q1,0.005170102913429448
unconditioned__full_2017Q1_2022Q3,34,33,2025Q3,2025Q2,0.00915182837502951
unconditioned__full_2017Q1_2022Q3,34,34,2025Q3,2025Q3,0.010110501691233783
unconditioned__full_2017Q1_2022Q3,34,35,2025Q3,2025Q4,0.00611084244010144
unconditioned__full_2017Q1_2022Q3,34,36,2025Q3,2026Q1,0.006460495025141191
unconditioned__full_2017Q1_2022Q3,34,37,2025Q3,2026Q2,0.005701266028350429
unconditioned__full_2017Q1_2022Q3,34,38,2025Q3,2026Q3,0.006828967212852673
unconditioned__full_2017Q1_2022Q3,35,1,2025Q4,2017Q1,0.004332910350254242
unconditioned__full_2017Q1_2022Q3,35,2,2025Q4,2017Q2,0.0048884844908540885
unconditioned__full_2017Q1_2022Q3,35,3,2025Q4,2017Q3,0.003177096031732234
unconditioned__full_2017Q1_2022Q3,35,4,2025Q4,2017Q4,0.0037955136842269368
unconditioned__full_2017Q1_2022Q3,35,5,2025Q4,2018Q1,0.004726276924802704
unconditioned__full_2017Q1_2022Q3,35,6,2025Q4,2018Q2,0.004160209855221166
unconditioned__full_2017Q1_2022Q3,35,7,2025Q4,2018Q3,0.0032496660330383837
unconditioned__full_2017Q1_2022Q3,35,8,2025Q4,2018Q4,0.003973726352088366
unconditioned__full_2017Q1_2022Q3,35,9,2025Q4,2019Q1,0.0032228633719453637
unconditioned__full_2017Q1_2022Q3,35,10,2025Q4,2019Q2,0.003123361095334032
unconditioned__full_2017Q1_2022Q3,35,11,2025Q4,2019Q3,0.003712373118240348
unconditioned__full_2017Q1_2022Q3,35,12,2025Q4,2019Q4,0.0036021245126352857
unconditioned__full_2017Q1_2022Q3,35,13,2025Q4,2020Q1,0.0036150531606025807
unconditioned__full_2017Q1_2022Q3,35,14,2025Q4,2020Q2,0.004418118168490539
unconditioned__full_2017Q1_2022Q3,35,15,2025Q4,2020Q3,0.005061129622606727
unconditioned__full_2017Q1_2022Q3,35,16,2025Q4,2020Q4,0.003904809243028573
unconditioned__full_2017Q1_2022Q3,35,17,2025Q4,2021Q1,0.004081737659152236
unconditioned__full_2017Q1_2022Q3,35,18,2025Q4,2021Q2,0.004633292471163042
unconditioned__full_2017Q1_2022Q3,35,19,2025Q4,2021Q3,0.0045054907799928715
unconditioned__full_2017Q1_2022Q3,35,20,2025Q4,2021Q4,0.0027428973447884164
unconditioned__full_2017Q1_2022Q3,35,21,2025Q4,2022Q1,0.004008678848076021
unconditioned__full_2017Q1_2022Q3,35,22,2025Q4,2022Q2,0.004560954051228565
unconditioned__full_2017Q1_2022Q3,35,23,2025Q4,2022Q3,0.003946871941457466
unconditioned__full_2017Q1_2022Q3,35,24,2025Q4,2023Q1,0.004132932995249845
unconditioned__full_2017Q1_2022Q3,35,25,2025Q4,2023Q2,0.004513309738332608
unconditioned__full_2017Q1_2022Q3,35,26,2025Q4,2023Q3,0.0029766141732666855
unconditioned__full_2017Q1_2022Q3,35,27,2025Q4,2023Q4,0.003244965690462481
unconditioned__full_2017Q1_2022Q3,35,28,2025Q4,2024Q1,0.00473397430921597
unconditioned__full_2017Q1_2022Q3,35,29,2025Q4,2024Q2,0.004113516766272567
unconditioned__full_2017Q1_2022Q3,35,30,2025Q4,2024Q3,0.004559606088855188
unconditioned__full_2017Q1_2022Q3,35,31,2025Q4,2024Q4,0.004725810526226109
unconditioned__full_2017Q1_2022Q3,35,32,2025Q4,2025Q1,0.004185059088298076
unconditioned__full_2017Q1_2022Q3,35,33,2025Q4,2025Q2,0.00556050670351228
unconditioned__full_2017Q1_2022Q3,35,34,2025Q4,2025Q3,0.006110842440101441
unconditioned__full_2017Q1_2022Q3,35,35,2025Q4,2025Q4,0.007649238125978817
unconditioned__full_2017Q1_2022Q3,35,36,2025Q4,2026Q1,0.005366481796697762
unconditioned__full_2017Q1_2022Q3,35,37,2025Q4,2026Q2,0.003845398600246
unconditioned__full_2017Q1_2022Q3,35,38,2025Q4,2026Q3,0.005148407076747454
unconditioned__full_2017Q1_2022Q3,36,1,2026Q1,2017Q1,0.003845767854309717
unconditioned__full_2017Q1_2022Q3,36,2,2026Q1,2017Q2,0.00471663065765816
unconditioned__full_2017Q1_2022Q3,36,3,2026Q1,2017Q3,0.002714821766609942
unconditioned__full_2017Q1_2022Q3,36,4,2026Q1,2017Q4,0.0034142815799474003
unconditioned__full_2017Q1_2022Q3,36,5,2026Q1,2018Q1,0.00470361289191026
unconditioned__full_2017Q1_2022Q3,36,6,2026Q1,2018Q2,0.00506724275857691
unconditioned__full_2017Q1_2022Q3,36,7,2026Q1,2018Q3,0.003780936549094688
unconditioned__full_2017Q1_2022Q3,36,8,2026Q1,2018Q4,0.004764724061411086
unconditioned__full_2017Q1_2022Q3,36,9,2026Q1,2019Q1,0.003867616699572446
unconditioned__full_2017Q1_2022Q3,36,10,2026Q1,2019Q2,0.0031991963939410092
unconditioned__full_2017Q1_2022Q3,36,11,2026Q1,2019Q3,0.004325527314386379
unconditioned__full_2017Q1_2022Q3,36,12,2026Q1,2019Q4,0.0041913173681398675
unconditioned__full_2017Q1_2022Q3,36,13,2026Q1,2020Q1,0.00404754671966179
unconditioned__full_2017Q1_2022Q3,36,14,2026Q1,2020Q2,0.004494699334284535
unconditioned__full_2017Q1_2022Q3,36,15,2026Q1,2020Q3,0.005751754142144915
unconditioned__full_2017Q1_2022Q3,36,16,2026Q1,2020Q4,0.004745672692673664
unconditioned__full_2017Q1_2022Q3,36,17,2026Q1,2021Q1,0.004915436174276108
unconditioned__full_2017Q1_2022Q3,36,18,2026Q1,2021Q2,0.004658870040675818
unconditioned__full_2017Q1_2022Q3,36,19,2026Q1,2021Q3,0.005258882108569821
unconditioned__full_2017Q1_2022Q3,36,20,2026Q1,2021Q4,0.0031690883114876786
unconditioned__full_2017Q1_2022Q3,36,21,2026Q1,2022Q1,0.00439232351691222
unconditioned__full_2017Q1_2022Q3,36,22,2026Q1,2022Q2,0.0046174647621447865
unconditioned__full_2017Q1_2022Q3,36,23,2026Q1,2022Q3,0.004124463818784156
unconditioned__full_2017Q1_2022Q3,36,24,2026Q1,2023Q1,0.0054312893293219314
unconditioned__full_2017Q1_2022Q3,36,25,2026Q1,2023Q2,0.005374380618874672
unconditioned__full_2017Q1_2022Q3,36,26,2026Q1,2023Q3,0.003694993524014285
unconditioned__full_2017Q1_2022Q3,36,27,2026Q1,2023Q4,0.0037627401887139057
unconditioned__full_2017Q1_2022Q3,36,28,2026Q1,2024Q1,0.006753696368235274
unconditioned__full_2017Q1_2022Q3,36,29,2026Q1,2024Q2,0.006375789604181184
unconditioned__full_2017Q1_2022Q3,36,30,2026Q1,2024Q3,0.005763727063448812
unconditioned__full_2017Q1_2022Q3,36,31,2026Q1,2024Q4,0.005376514879285121
unconditioned__full_2017Q1_2022Q3,36,32,2026Q1,2025Q1,0.004626531147345219
unconditioned__full_2017Q1_2022Q3,36,33,2026Q1,2025Q2,0.006987034329310594
unconditioned__full_2017Q1_2022Q3,36,34,2026Q1,2025Q3,0.006460495025141191
unconditioned__full_2017Q1_2022Q3,36,35,2026Q1,2025Q4,0.005366481796697762
unconditioned__full_2017Q1_2022Q3,36,36,2026Q1,2026Q1,0.009757636844764196
unconditioned__full_2017Q1_2022Q3,36,37,2026Q1,2026Q2,0.0064380215268648
unconditioned__full_2017Q1_2022Q3,36,38,2026Q1,2026Q3,0.007114536160068701
unconditioned__full_2017Q1_2022Q3,37,1,2026Q2,2017Q1,0.0036942198254276857
unconditioned__full_2017Q1_2022Q3,37,2,2026Q2,2017Q2,0.004224699657738932
unconditioned__full_2017Q1_2022Q3,37,3,2026Q2,2017Q3,0.0024850832606760054
unconditioned__full_2017Q1_2022Q3,37,4,2026Q2,2017Q4,0.0034354156923475333
unconditioned__full_2017Q1_2022Q3,37,5,2026Q2,2018Q1,0.004306115298873148
unconditioned__full_2017Q1_2022Q3,37,6,2026Q2,2018Q2,0.004879329246507229
unconditioned__full_2017Q1_2022Q3,37,7,2026Q2,2018Q3,0.004294443459624663
unconditioned__full_2017Q1_2022Q3,37,8,2026Q2,2018Q4,0.004273920412860249
unconditioned__full_2017Q1_2022Q3,37,9,2026Q2,2019Q1,0.003497014264476028
unconditioned__full_2017Q1_2022Q3,37,10,2026Q2,2019Q2,0.003343985268854639
unconditioned__full_2017Q1_2022Q3,37,11,2026Q2,2019Q3,0.004814247526461493
unconditioned__full_2017Q1_2022Q3,37,12,2026Q2,2019Q4,0.004842759448780951
unconditioned__full_2017Q1_2022Q3,37,13,2026Q2,2020Q1,0.004167696616839494
unconditioned__full_2017Q1_2022Q3,37,14,2026Q2,2020Q2,0.004617312392477766
unconditioned__full_2017Q1_2022Q3,37,15,2026Q2,2020Q3,0.005116061247299934
unconditioned__full_2017Q1_2022Q3,37,16,2026Q2,2020Q4,0.004075511657895602
unconditioned__full_2017Q1_2022Q3,37,17,2026Q2,2021Q1,0.0042957094156417346
unconditioned__full_2017Q1_2022Q3,37,18,2026Q2,2021Q2,0.004499536293189941
unconditioned__full_2017Q1_2022Q3,37,19,2026Q2,2021Q3,0.005062051043509177
unconditioned__full_2017Q1_2022Q3,37,20,2026Q2,2021Q4,0.003014051405866928
unconditioned__full_2017Q1_2022Q3,37,21,2026Q2,2022Q1,0.003521103356362692
unconditioned__full_2017Q1_2022Q3,37,22,2026Q2,2022Q2,0.0034131266741814154
unconditioned__full_2017Q1_2022Q3,37,23,2026Q2,2022Q3,0.003624665542376266
unconditioned__full_2017Q1_2022Q3,37,24,2026Q2,2023Q1,0.004149033240224183
unconditioned__full_2017Q1_2022Q3,37,25,2026Q2,2023Q2,0.005451977589531787
unconditioned__full_2017Q1_2022Q3,37,26,2026Q2,2023Q3,0.003781111899926002
unconditioned__full_2017Q1_2022Q3,37,27,2026Q2,2023Q4,0.004593854555885287
unconditioned__full_2017Q1_2022Q3,37,28,2026Q2,2024Q1,0.005451370829160462
unconditioned__full_2017Q1_2022Q3,37,29,2026Q2,2024Q2,0.004922454896292917
unconditioned__full_2017Q1_2022Q3,37,30,2026Q2,2024Q3,0.005215190156996095
unconditioned__full_2017Q1_2022Q3,37,31,2026Q2,2024Q4,0.005122641455005886
unconditioned__full_2017Q1_2022Q3,37,32,2026Q2,2025Q1,0.004991860184350585
unconditioned__full_2017Q1_2022Q3,37,33,2026Q2,2025Q2,0.007117861284699276
unconditioned__full_2017Q1_2022Q3,37,34,2026Q2,2025Q3,0.005701266028350428
unconditioned__full_2017Q1_2022Q3,37,35,2026Q2,2025Q4,0.0038453986002459995
unconditioned__full_2017Q1_2022Q3,37,36,2026Q2,2026Q1,0.0064380215268648
unconditioned__full_2017Q1_2022Q3,37,37,2026Q2,2026Q2,0.00805011172569695
unconditioned__full_2017Q1_2022Q3,37,38,2026Q2,2026Q3,0.0076820936216202736
unconditioned__full_2017Q1_2022Q3,38,1,2026Q3,2017Q1,0.004835398802491522
unconditioned__full_2017Q1_2022Q3,38,2,2026Q3,2017Q2,0.00576418331912025
unconditioned__full_2017Q1_2022Q3,38,3,2026Q3,2017Q3,0.0032271699569447775
unconditioned__full_2017Q1_2022Q3,38,4,2026Q3,2017Q4,0.004196081392920614
unconditioned__full_2017Q1_2022Q3,38,5,2026Q3,2018Q1,0.0054852682338071175
unconditioned__full_2017Q1_2022Q3,38,6,2026Q3,2018Q2,0.00615313647346501
unconditioned__full_2017Q1_2022Q3,38,7,2026Q3,2018Q3,0.00553846706592687
unconditioned__full_2017Q1_2022Q3,38,8,2026Q3,2018Q4,0.005132548455692229
unconditioned__full_2017Q1_2022Q3,38,9,2026Q3,2019Q1,0.004033728180654702
unconditioned__full_2017Q1_2022Q3,38,10,2026Q3,2019Q2,0.0036875644585623573
unconditioned__full_2017Q1_2022Q3,38,11,2026Q3,2019Q3,0.005401178293675367
unconditioned__full_2017Q1_2022Q3,38,12,2026Q3,2019Q4,0.005352547076301926
unconditioned__full_2017Q1_2022Q3,38,13,2026Q3,2020Q1,0.004971396884670595
unconditioned__full_2017Q1_2022Q3,38,14,2026Q3,2020Q2,0.005001521548857229
unconditioned__full_2017Q1_2022Q3,38,15,2026Q3,2020Q3,0.0058798538201575885
unconditioned__full_2017Q1_2022Q3,38,16,2026Q3,2020Q4,0.004816550173013187
unconditioned__full_2017Q1_2022Q3,38,17,2026Q3,2021Q1,0.004314370850257664
unconditioned__full_2017Q1_2022Q3,38,18,2026Q3,2021Q2,0.006007143210004558
unconditioned__full_2017Q1_2022Q3,38,19,2026Q3,2021Q3,0.005920148119776092
unconditioned__full_2017Q1_2022Q3,38,20,2026Q3,2021Q4,0.0033101586286551988
unconditioned__full_2017Q1_2022Q3,38,21,2026Q3,2022Q1,0.00409386153509321
unconditioned__full_2017Q1_2022Q3,38,22,2026Q3,2022Q2,0.0044893273747760075
unconditioned__full_2017Q1_2022Q3,38,23,2026Q3,2022Q3,0.0043248914608939246
unconditioned__full_2017Q1_2022Q3,38,24,2026Q3,2023Q1,0.004937721184377988
unconditioned__full_2017Q1_2022Q3,38,25,2026Q3,2023Q2,0.006302808302857454
unconditioned__full_2017Q1_2022Q3,38,26,2026Q3,2023Q3,0.004181250442702082
unconditioned__full_2017Q1_2022Q3,38,27,2026Q3,2023Q4,0.004596059830189899
unconditioned__full_2017Q1_2022Q3,38,28,2026Q3,2024Q1,0.006210944425268615
unconditioned__full_2017Q1_2022Q3,38,29,2026Q3,2024Q2,0.005797389354306055
unconditioned__full_2017Q1_2022Q3,38,30,2026Q3,2024Q3,0.006091537875775387
unconditioned__full_2017Q1_2022Q3,38,31,2026Q3,2024Q4,0.005900612488102133
unconditioned__full_2017Q1_2022Q3,38,32,2026Q3,2025Q1,0.005661543230212623
unconditioned__full_2017Q1_2022Q3,38,33,2026Q3,2025Q2,0.007824447047556247
unconditioned__full_2017Q1_2022Q3,38,34,2026Q3,2025Q3,0.006828967212852673
unconditioned__full_2017Q1_2022Q3,38,35,2026Q3,2025Q4,0.005148407076747454
unconditioned__full_2017Q1_2022Q3,38,36,2026Q3,2026Q1,0.007114536160068701
unconditioned__full_2017Q1_2022Q3,38,37,2026Q3,2026Q2,0.0076820936216202736
unconditioned__full_2017Q1_2022Q3,38,38,2026Q3,2026Q3,0.012100724553989903
unconditioned__recent_2021Q1_2022Q3,1,1,2021Q1,2021Q1,0.008663852785318917
unconditioned__recent_2021Q1_2022Q3,1,2,2021Q1,2021Q2,0.005936166077588425
unconditioned__recent_2021Q1_2022Q3,1,3,2021Q1,2021Q3,0.0050554180316587025
unconditioned__recent_2021Q1_2022Q3,1,4,2021Q1,2021Q4,0.003965322489012826
unconditioned__recent_2021Q1_2022Q3,1,5,2021Q1,2022Q1,0.005036371971245278
unconditioned__recent_2021Q1_2022Q3,1,6,2021Q1,2022Q2,0.0059658653248567325
unconditioned__recent_2021Q1_2022Q3,1,7,2021Q1,2022Q3,0.005046479048722031
unconditioned__recent_2021Q1_2022Q3,1,8,2021Q1,2023Q1,0.004933721021045407
unconditioned__recent_2021Q1_2022Q3,1,9,2021Q1,2023Q2,0.004497309937248549
unconditioned__recent_2021Q1_2022Q3,1,10,2021Q1,2023Q3,0.0035149918082252826
unconditioned__recent_2021Q1_2022Q3,1,11,2021Q1,2023Q4,0.004184101168178914
unconditioned__recent_2021Q1_2022Q3,1,12,2021Q1,2024Q1,0.005728105904179565
unconditioned__recent_2021Q1_2022Q3,1,13,2021Q1,2024Q2,0.005354134683934415
unconditioned__recent_2021Q1_2022Q3,1,14,2021Q1,2024Q3,0.004551759639236539
unconditioned__recent_2021Q1_2022Q3,1,15,2021Q1,2024Q4,0.004403412065068794
unconditioned__recent_2021Q1_2022Q3,1,16,2021Q1,2025Q1,0.004620423891099218
unconditioned__recent_2021Q1_2022Q3,1,17,2021Q1,2025Q2,0.006591922857977477
unconditioned__recent_2021Q1_2022Q3,1,18,2021Q1,2025Q3,0.005529837334693408
unconditioned__recent_2021Q1_2022Q3,1,19,2021Q1,2025Q4,0.004081737659152236
unconditioned__recent_2021Q1_2022Q3,1,20,2021Q1,2026Q1,0.004915436174276108
unconditioned__recent_2021Q1_2022Q3,1,21,2021Q1,2026Q2,0.004295709415641734
unconditioned__recent_2021Q1_2022Q3,1,22,2021Q1,2026Q3,0.004314370850257664
unconditioned__recent_2021Q1_2022Q3,2,1,2021Q2,2021Q1,0.005936166077588424
unconditioned__recent_2021Q1_2022Q3,2,2,2021Q2,2021Q2,0.00838168978883819
unconditioned__recent_2021Q1_2022Q3,2,3,2021Q2,2021Q3,0.006180204964945618
unconditioned__recent_2021Q1_2022Q3,2,4,2021Q2,2021Q4,0.005149102390120117
unconditioned__recent_2021Q1_2022Q3,2,5,2021Q2,2022Q1,0.00444439851857157
unconditioned__recent_2021Q1_2022Q3,2,6,2021Q2,2022Q2,0.005081452184239011
unconditioned__recent_2021Q1_2022Q3,2,7,2021Q2,2022Q3,0.004177800637107076
unconditioned__recent_2021Q1_2022Q3,2,8,2021Q2,2023Q1,0.003498879183133268
unconditioned__recent_2021Q1_2022Q3,2,9,2021Q2,2023Q2,0.005046184328789458
unconditioned__recent_2021Q1_2022Q3,2,10,2021Q2,2023Q3,0.003514100337071102
unconditioned__recent_2021Q1_2022Q3,2,11,2021Q2,2023Q4,0.004611971584394071
unconditioned__recent_2021Q1_2022Q3,2,12,2021Q2,2024Q1,0.004837301677969273
unconditioned__recent_2021Q1_2022Q3,2,13,2021Q2,2024Q2,0.003796577831702237
unconditioned__recent_2021Q1_2022Q3,2,14,2021Q2,2024Q3,0.00439304012752927
unconditioned__recent_2021Q1_2022Q3,2,15,2021Q2,2024Q4,0.005127646883377305
unconditioned__recent_2021Q1_2022Q3,2,16,2021Q2,2025Q1,0.004832958026516167
unconditioned__recent_2021Q1_2022Q3,2,17,2021Q2,2025Q2,0.006201997661438198
unconditioned__recent_2021Q1_2022Q3,2,18,2021Q2,2025Q3,0.0053755332690920326
unconditioned__recent_2021Q1_2022Q3,2,19,2021Q2,2025Q4,0.004633292471163042
unconditioned__recent_2021Q1_2022Q3,2,20,2021Q2,2026Q1,0.004658870040675818
unconditioned__recent_2021Q1_2022Q3,2,21,2021Q2,2026Q2,0.004499536293189941
unconditioned__recent_2021Q1_2022Q3,2,22,2021Q2,2026Q3,0.0060071432100045575
unconditioned__recent_2021Q1_2022Q3,3,1,2021Q3,2021Q1,0.0050554180316587025
unconditioned__recent_2021Q1_2022Q3,3,2,2021Q3,2021Q2,0.006180204964945618
unconditioned__recent_2021Q1_2022Q3,3,3,2021Q3,2021Q3,0.007911057414601446
unconditioned__recent_2021Q1_2022Q3,3,4,2021Q3,2021Q4,0.005511588373673966
unconditioned__recent_2021Q1_2022Q3,3,5,2021Q3,2022Q1,0.004766141368982593
unconditioned__recent_2021Q1_2022Q3,3,6,2021Q3,2022Q2,0.004608572554755531
unconditioned__recent_2021Q1_2022Q3,3,7,2021Q3,2022Q3,0.0042694991621213116
unconditioned__recent_2021Q1_2022Q3,3,8,2021Q3,2023Q1,0.00364935778538214
unconditioned__recent_2021Q1_2022Q3,3,9,2021Q3,2023Q2,0.005829261026024442
unconditioned__recent_2021Q1_2022Q3,3,10,2021Q3,2023Q3,0.003583901026141865
unconditioned__recent_2021Q1_2022Q3,3,11,2021Q3,2023Q4,0.004245716743562872
unconditioned__recent_2021Q1_2022Q3,3,12,2021Q3,2024Q1,0.004701791580210525
unconditioned__recent_2021Q1_2022Q3,3,13,2021Q3,2024Q2,0.003900072843034982
unconditioned__recent_2021Q1_2022Q3,3,14,2021Q3,2024Q3,0.004706855489014283
unconditioned__recent_2021Q1_2022Q3,3,15,2021Q3,2024Q4,0.005135941080924853
unconditioned__recent_2021Q1_2022Q3,3,16,2021Q3,2025Q1,0.004805926832904647
unconditioned__recent_2021Q1_2022Q3,3,17,2021Q3,2025Q2,0.006066457560269768
unconditioned__recent_2021Q1_2022Q3,3,18,2021Q3,2025Q3,0.004940297792036229
unconditioned__recent_2021Q1_2022Q3,3,19,2021Q3,2025Q4,0.0045054907799928715
unconditioned__recent_2021Q1_2022Q3,3,20,2021Q3,2026Q1,0.005258882108569821
unconditioned__recent_2021Q1_2022Q3,3,21,2021Q3,2026Q2,0.005062051043509177
unconditioned__recent_2021Q1_2022Q3,3,22,2021Q3,2026Q3,0.005920148119776092
unconditioned__recent_2021Q1_2022Q3,4,1,2021Q4,2021Q1,0.003965322489012826
unconditioned__recent_2021Q1_2022Q3,4,2,2021Q4,2021Q2,0.005149102390120117
unconditioned__recent_2021Q1_2022Q3,4,3,2021Q4,2021Q3,0.005511588373673966
unconditioned__recent_2021Q1_2022Q3,4,4,2021Q4,2021Q4,0.006795798175637132
unconditioned__recent_2021Q1_2022Q3,4,5,2021Q4,2022Q1,0.0040976080082570625
unconditioned__recent_2021Q1_2022Q3,4,6,2021Q4,2022Q2,0.003515265299007603
unconditioned__recent_2021Q1_2022Q3,4,7,2021Q4,2022Q3,0.0026038077903109387
unconditioned__recent_2021Q1_2022Q3,4,8,2021Q4,2023Q1,0.001740103041787355
unconditioned__recent_2021Q1_2022Q3,4,9,2021Q4,2023Q2,0.0041132131620532746
unconditioned__recent_2021Q1_2022Q3,4,10,2021Q4,2023Q3,0.002965485005666068
unconditioned__recent_2021Q1_2022Q3,4,11,2021Q4,2023Q4,0.0038236543358630927
unconditioned__recent_2021Q1_2022Q3,4,12,2021Q4,2024Q1,0.0030003387368581465
unconditioned__recent_2021Q1_2022Q3,4,13,2021Q4,2024Q2,0.0018024298267538083
unconditioned__recent_2021Q1_2022Q3,4,14,2021Q4,2024Q3,0.0035443660613081723
unconditioned__recent_2021Q1_2022Q3,4,15,2021Q4,2024Q4,0.003985277200016242
unconditioned__recent_2021Q1_2022Q3,4,16,2021Q4,2025Q1,0.0035933673204557913
unconditioned__recent_2021Q1_2022Q3,4,17,2021Q4,2025Q2,0.003963497449245753
unconditioned__recent_2021Q1_2022Q3,4,18,2021Q4,2025Q3,0.002447483640727636
unconditioned__recent_2021Q1_2022Q3,4,19,2021Q4,2025Q4,0.002742897344788417
unconditioned__recent_2021Q1_2022Q3,4,20,2021Q4,2026Q1,0.003169088311487679
unconditioned__recent_2021Q1_2022Q3,4,21,2021Q4,2026Q2,0.003014051405866928
unconditioned__recent_2021Q1_2022Q3,4,22,2021Q4,2026Q3,0.0033101586286551988
unconditioned__recent_2021Q1_2022Q3,5,1,2022Q1,2021Q1,0.005036371971245279
unconditioned__recent_2021Q1_2022Q3,5,2,2022Q1,2021Q2,0.00444439851857157
unconditioned__recent_2021Q1_2022Q3,5,3,2022Q1,2021Q3,0.0047661413689825925
unconditioned__recent_2021Q1_2022Q3,5,4,2022Q1,2021Q4,0.0040976080082570625
unconditioned__recent_2021Q1_2022Q3,5,5,2022Q1,2022Q1,0.007492705642179011
unconditioned__recent_2021Q1_2022Q3,5,6,2022Q1,2022Q2,0.0055917199730136586
unconditioned__recent_2021Q1_2022Q3,5,7,2022Q1,2022Q3,0.004717352597988394
unconditioned__recent_2021Q1_2022Q3,5,8,2022Q1,2023Q1,0.004186181139867656
unconditioned__recent_2021Q1_2022Q3,5,9,2022Q1,2023Q2,0.004135492069169676
unconditioned__recent_2021Q1_2022Q3,5,10,2022Q1,2023Q3,0.0038394453216252806
unconditioned__recent_2021Q1_2022Q3,5,11,2022Q1,2023Q4,0.0036270101967792417
unconditioned__recent_2021Q1_2022Q3,5,12,2022Q1,2024Q1,0.004150083642236817
unconditioned__recent_2021Q1_2022Q3,5,13,2022Q1,2024Q2,0.004441138082652441
unconditioned__recent_2021Q1_2022Q3,5,14,2022Q1,2024Q3,0.004115581172727407
unconditioned__recent_2021Q1_2022Q3,5,15,2022Q1,2024Q4,0.004117846319014415
unconditioned__recent_2021Q1_2022Q3,5,16,2022Q1,2025Q1,0.005115567405503479
unconditioned__recent_2021Q1_2022Q3,5,17,2022Q1,2025Q2,0.006061275229837425
unconditioned__recent_2021Q1_2022Q3,5,18,2022Q1,2025Q3,0.005231739702856456
unconditioned__recent_2021Q1_2022Q3,5,19,2022Q1,2025Q4,0.004008678848076021
unconditioned__recent_2021Q1_2022Q3,5,20,2022Q1,2026Q1,0.00439232351691222
unconditioned__recent_2021Q1_2022Q3,5,21,2022Q1,2026Q2,0.003521103356362692
unconditioned__recent_2021Q1_2022Q3,5,22,2022Q1,2026Q3,0.00409386153509321
unconditioned__recent_2021Q1_2022Q3,6,1,2022Q2,2021Q1,0.0059658653248567325
unconditioned__recent_2021Q1_2022Q3,6,2,2022Q2,2021Q2,0.005081452184239011
unconditioned__recent_2021Q1_2022Q3,6,3,2022Q2,2021Q3,0.004608572554755531
unconditioned__recent_2021Q1_2022Q3,6,4,2022Q2,2021Q4,0.0035152652990076035
unconditioned__recent_2021Q1_2022Q3,6,5,2022Q2,2022Q1,0.0055917199730136586
unconditioned__recent_2021Q1_2022Q3,6,6,2022Q2,2022Q2,0.007049263631471332
unconditioned__recent_2021Q1_2022Q3,6,7,2022Q2,2022Q3,0.005358618430789518
unconditioned__recent_2021Q1_2022Q3,6,8,2022Q2,2023Q1,0.004112821977712086
unconditioned__recent_2021Q1_2022Q3,6,9,2022Q2,2023Q2,0.00403535558401859
unconditioned__recent_2021Q1_2022Q3,6,10,2022Q2,2023Q3,0.0035381179853627284
unconditioned__recent_2021Q1_2022Q3,6,11,2022Q2,2023Q4,0.0033920595220172274
unconditioned__recent_2021Q1_2022Q3,6,12,2022Q2,2024Q1,0.004722334584127947
unconditioned__recent_2021Q1_2022Q3,6,13,2022Q2,2024Q2,0.004975526033863883
unconditioned__recent_2021Q1_2022Q3,6,14,2022Q2,2024Q3,0.004599415003668785
unconditioned__recent_2021Q1_2022Q3,6,15,2022Q2,2024Q4,0.004426306088861529
unconditioned__recent_2021Q1_2022Q3,6,16,2022Q2,2025Q1,0.004333734314018895
unconditioned__recent_2021Q1_2022Q3,6,17,2022Q2,2025Q2,0.005990429561057123
unconditioned__recent_2021Q1_2022Q3,6,18,2022Q2,2025Q3,0.005588316013786612
unconditioned__recent_2021Q1_2022Q3,6,19,2022Q2,2025Q4,0.004560954051228565
unconditioned__recent_2021Q1_2022Q3,6,20,2022Q2,2026Q1,0.0046174647621447865
unconditioned__recent_2021Q1_2022Q3,6,21,2022Q2,2026Q2,0.0034131266741814154
unconditioned__recent_2021Q1_2022Q3,6,22,2022Q2,2026Q3,0.0044893273747760075
unconditioned__recent_2021Q1_2022Q3,7,1,2022Q3,2021Q1,0.005046479048722031
unconditioned__recent_2021Q1_2022Q3,7,2,2022Q3,2021Q2,0.004177800637107076
unconditioned__recent_2021Q1_2022Q3,7,3,2022Q3,2021Q3,0.0042694991621213116
unconditioned__recent_2021Q1_2022Q3,7,4,2022Q3,2021Q4,0.0026038077903109387
unconditioned__recent_2021Q1_2022Q3,7,5,2022Q3,2022Q1,0.004717352597988394
unconditioned__recent_2021Q1_2022Q3,7,6,2022Q3,2022Q2,0.005358618430789518
unconditioned__recent_2021Q1_2022Q3,7,7,2022Q3,2022Q3,0.006083795696621883
unconditioned__recent_2021Q1_2022Q3,7,8,2022Q3,2023Q1,0.0035130126112635504
unconditioned__recent_2021Q1_2022Q3,7,9,2022Q3,2023Q2,0.0033411425190443163
unconditioned__recent_2021Q1_2022Q3,7,10,2022Q3,2023Q3,0.003580848718655042
unconditioned__recent_2021Q1_2022Q3,7,11,2022Q3,2023Q4,0.0031978939617960636
unconditioned__recent_2021Q1_2022Q3,7,12,2022Q3,2024Q1,0.004457989662395888
unconditioned__recent_2021Q1_2022Q3,7,13,2022Q3,2024Q2,0.0048456989863650685
unconditioned__recent_2021Q1_2022Q3,7,14,2022Q3,2024Q3,0.003802836875853894
unconditioned__recent_2021Q1_2022Q3,7,15,2022Q3,2024Q4,0.003925167011562591
unconditioned__recent_2021Q1_2022Q3,7,16,2022Q3,2025Q1,0.004524087517728527
unconditioned__recent_2021Q1_2022Q3,7,17,2022Q3,2025Q2,0.006080682752202447
unconditioned__recent_2021Q1_2022Q3,7,18,2022Q3,2025Q3,0.005245823848962362
unconditioned__recent_2021Q1_2022Q3,7,19,2022Q3,2025Q4,0.003946871941457466
unconditioned__recent_2021Q1_2022Q3,7,20,2022Q3,2026Q1,0.004124463818784157
unconditioned__recent_2021Q1_2022Q3,7,21,2022Q3,2026Q2,0.003624665542376266
unconditioned__recent_2021Q1_2022Q3,7,22,2022Q3,2026Q3,0.0043248914608939246
unconditioned__recent_2021Q1_2022Q3,8,1,2023Q1,2021Q1,0.004933721021045407
unconditioned__recent_2021Q1_2022Q3,8,2,2023Q1,2021Q2,0.003498879183133268
unconditioned__recent_2021Q1_2022Q3,8,3,2023Q1,2021Q3,0.0036493577853821406
unconditioned__recent_2021Q1_2022Q3,8,4,2023Q1,2021Q4,0.001740103041787355
unconditioned__recent_2021Q1_2022Q3,8,5,2023Q1,2022Q1,0.004186181139867656
unconditioned__recent_2021Q1_2022Q3,8,6,2023Q1,2022Q2,0.004112821977712086
unconditioned__recent_2021Q1_2022Q3,8,7,2023Q1,2022Q3,0.0035130126112635504
unconditioned__recent_2021Q1_2022Q3,8,8,2023Q1,2023Q1,0.006918535790978578
unconditioned__recent_2021Q1_2022Q3,8,9,2023Q1,2023Q2,0.004225908834575775
unconditioned__recent_2021Q1_2022Q3,8,10,2023Q1,2023Q3,0.002965109729660068
unconditioned__recent_2021Q1_2022Q3,8,11,2023Q1,2023Q4,0.0029701862886294984
unconditioned__recent_2021Q1_2022Q3,8,12,2023Q1,2024Q1,0.0048516319880502826
unconditioned__recent_2021Q1_2022Q3,8,13,2023Q1,2024Q2,0.005378756814133847
unconditioned__recent_2021Q1_2022Q3,8,14,2023Q1,2024Q3,0.004405068121228185
unconditioned__recent_2021Q1_2022Q3,8,15,2023Q1,2024Q4,0.00391970079920846
unconditioned__recent_2021Q1_2022Q3,8,16,2023Q1,2025Q1,0.003725054182199561
unconditioned__recent_2021Q1_2022Q3,8,17,2023Q1,2025Q2,0.005728300743528354
unconditioned__recent_2021Q1_2022Q3,8,18,2023Q1,2025Q3,0.0054729519850327795
unconditioned__recent_2021Q1_2022Q3,8,19,2023Q1,2025Q4,0.004132932995249845
unconditioned__recent_2021Q1_2022Q3,8,20,2023Q1,2026Q1,0.0054312893293219314
unconditioned__recent_2021Q1_2022Q3,8,21,2023Q1,2026Q2,0.0041490332402241824
unconditioned__recent_2021Q1_2022Q3,8,22,2023Q1,2026Q3,0.004937721184377988
unconditioned__recent_2021Q1_2022Q3,9,1,2023Q2,2021Q1,0.004497309937248549
unconditioned__recent_2021Q1_2022Q3,9,2,2023Q2,2021Q2,0.005046184328789458
unconditioned__recent_2021Q1_2022Q3,9,3,2023Q2,2021Q3,0.005829261026024442
unconditioned__recent_2021Q1_2022Q3,9,4,2023Q2,2021Q4,0.004113213162053275
unconditioned__recent_2021Q1_2022Q3,9,5,2023Q2,2022Q1,0.004135492069169676
unconditioned__recent_2021Q1_2022Q3,9,6,2023Q2,2022Q2,0.0040353555840185905
unconditioned__recent_2021Q1_2022Q3,9,7,2023Q2,2022Q3,0.0033411425190443163
unconditioned__recent_2021Q1_2022Q3,9,8,2023Q2,2023Q1,0.004225908834575775
unconditioned__recent_2021Q1_2022Q3,9,9,2023Q2,2023Q2,0.00753505304609948
unconditioned__recent_2021Q1_2022Q3,9,10,2023Q2,2023Q3,0.004538762330426473
unconditioned__recent_2021Q1_2022Q3,9,11,2023Q2,2023Q4,0.004447824418805113
unconditioned__recent_2021Q1_2022Q3,9,12,2023Q2,2024Q1,0.005318003569095741
unconditioned__recent_2021Q1_2022Q3,9,13,2023Q2,2024Q2,0.0040142253698875995
unconditioned__recent_2021Q1_2022Q3,9,14,2023Q2,2024Q3,0.005018431226786655
unconditioned__recent_2021Q1_2022Q3,9,15,2023Q2,2024Q4,0.005346872952164916
unconditioned__recent_2021Q1_2022Q3,9,16,2023Q2,2025Q1,0.0050298768375819335
unconditioned__recent_2021Q1_2022Q3,9,17,2023Q2,2025Q2,0.00650366080231996
unconditioned__recent_2021Q1_2022Q3,9,18,2023Q2,2025Q3,0.004808706178607316
unconditioned__recent_2021Q1_2022Q3,9,19,2023Q2,2025Q4,0.004513309738332608
unconditioned__recent_2021Q1_2022Q3,9,20,2023Q2,2026Q1,0.005374380618874672
unconditioned__recent_2021Q1_2022Q3,9,21,2023Q2,2026Q2,0.005451977589531788
unconditioned__recent_2021Q1_2022Q3,9,22,2023Q2,2026Q3,0.006302808302857454
unconditioned__recent_2021Q1_2022Q3,10,1,2023Q3,2021Q1,0.003514991808225283
unconditioned__recent_2021Q1_2022Q3,10,2,2023Q3,2021Q2,0.003514100337071102
unconditioned__recent_2021Q1_2022Q3,10,3,2023Q3,2021Q3,0.003583901026141865
unconditioned__recent_2021Q1_2022Q3,10,4,2023Q3,2021Q4,0.0029654850056660674
unconditioned__recent_2021Q1_2022Q3,10,5,2023Q3,2022Q1,0.00383944532162528
unconditioned__recent_2021Q1_2022Q3,10,6,2023Q3,2022Q2,0.0035381179853627284
unconditioned__recent_2021Q1_2022Q3,10,7,2023Q3,2022Q3,0.0035808487186550415
unconditioned__recent_2021Q1_2022Q3,10,8,2023Q3,2023Q1,0.002965109729660068
unconditioned__recent_2021Q1_2022Q3,10,9,2023Q3,2023Q2,0.004538762330426473
unconditioned__recent_2021Q1_2022Q3,10,10,2023Q3,2023Q3,0.006481346027643944
unconditioned__recent_2021Q1_2022Q3,10,11,2023Q3,2023Q4,0.004306062881264689
unconditioned__recent_2021Q1_2022Q3,10,12,2023Q3,2024Q1,0.004296176554318041
unconditioned__recent_2021Q1_2022Q3,10,13,2023Q3,2024Q2,0.003857388171729972
unconditioned__recent_2021Q1_2022Q3,10,14,2023Q3,2024Q3,0.003604406618560216
unconditioned__recent_2021Q1_2022Q3,10,15,2023Q3,2024Q4,0.0032184075693405885
unconditioned__recent_2021Q1_2022Q3,10,16,2023Q3,2025Q1,0.004488292405409903
unconditioned__recent_2021Q1_2022Q3,10,17,2023Q3,2025Q2,0.00610193353512029
unconditioned__recent_2021Q1_2022Q3,10,18,2023Q3,2025Q3,0.004069850810204594
unconditioned__recent_2021Q1_2022Q3,10,19,2023Q3,2025Q4,0.0029766141732666855
unconditioned__recent_2021Q1_2022Q3,10,20,2023Q3,2026Q1,0.0036949935240142852
unconditioned__recent_2021Q1_2022Q3,10,21,2023Q3,2026Q2,0.003781111899926002
unconditioned__recent_2021Q1_2022Q3,10,22,2023Q3,2026Q3,0.0041812504427020825
unconditioned__recent_2021Q1_2022Q3,11,1,2023Q4,2021Q1,0.004184101168178914
unconditioned__recent_2021Q1_2022Q3,11,2,2023Q4,2021Q2,0.004611971584394071
unconditioned__recent_2021Q1_2022Q3,11,3,2023Q4,2021Q3,0.004245716743562872
unconditioned__recent_2021Q1_2022Q3,11,4,2023Q4,2021Q4,0.0038236543358630927
unconditioned__recent_2021Q1_2022Q3,11,5,2023Q4,2022Q1,0.0036270101967792417
unconditioned__recent_2021Q1_2022Q3,11,6,2023Q4,2022Q2,0.0033920595220172274
unconditioned__recent_2021Q1_2022Q3,11,7,2023Q4,2022Q3,0.0031978939617960636
unconditioned__recent_2021Q1_2022Q3,11,8,2023Q4,2023Q1,0.0029701862886294984
unconditioned__recent_2021Q1_2022Q3,11,9,2023Q4,2023Q2,0.004447824418805113
unconditioned__recent_2021Q1_2022Q3,11,10,2023Q4,2023Q3,0.004306062881264689
unconditioned__recent_2021Q1_2022Q3,11,11,2023Q4,2023Q4,0.00606185372901615
unconditioned__recent_2021Q1_2022Q3,11,12,2023Q4,2024Q1,0.00458439628593218
unconditioned__recent_2021Q1_2022Q3,11,13,2023Q4,2024Q2,0.0030584290496279715
unconditioned__recent_2021Q1_2022Q3,11,14,2023Q4,2024Q3,0.004273930335152778
unconditioned__recent_2021Q1_2022Q3,11,15,2023Q4,2024Q4,0.004354682984401698
unconditioned__recent_2021Q1_2022Q3,11,16,2023Q4,2025Q1,0.004787186210828468
unconditioned__recent_2021Q1_2022Q3,11,17,2023Q4,2025Q2,0.005027493237803151
unconditioned__recent_2021Q1_2022Q3,11,18,2023Q4,2025Q3,0.003916695530591456
unconditioned__recent_2021Q1_2022Q3,11,19,2023Q4,2025Q4,0.003244965690462481
unconditioned__recent_2021Q1_2022Q3,11,20,2023Q4,2026Q1,0.0037627401887139057
unconditioned__recent_2021Q1_2022Q3,11,21,2023Q4,2026Q2,0.004593854555885287
unconditioned__recent_2021Q1_2022Q3,11,22,2023Q4,2026Q3,0.0045960598301899
unconditioned__recent_2021Q1_2022Q3,12,1,2024Q1,2021Q1,0.005728105904179565
unconditioned__recent_2021Q1_2022Q3,12,2,2024Q1,2021Q2,0.004837301677969273
unconditioned__recent_2021Q1_2022Q3,12,3,2024Q1,2021Q3,0.004701791580210525
unconditioned__recent_2021Q1_2022Q3,12,4,2024Q1,2021Q4,0.0030003387368581465
unconditioned__recent_2021Q1_2022Q3,12,5,2024Q1,2022Q1,0.004150083642236817
unconditioned__recent_2021Q1_2022Q3,12,6,2024Q1,2022Q2,0.004722334584127947
unconditioned__recent_2021Q1_2022Q3,12,7,2024Q1,2022Q3,0.004457989662395888
unconditioned__recent_2021Q1_2022Q3,12,8,2024Q1,2023Q1,0.0048516319880502826
unconditioned__recent_2021Q1_2022Q3,12,9,2024Q1,2023Q2,0.005318003569095741
unconditioned__recent_2021Q1_2022Q3,12,10,2024Q1,2023Q3,0.004296176554318042
unconditioned__recent_2021Q1_2022Q3,12,11,2024Q1,2023Q4,0.00458439628593218
unconditioned__recent_2021Q1_2022Q3,12,12,2024Q1,2024Q1,0.008362722393404272
unconditioned__recent_2021Q1_2022Q3,12,13,2024Q1,2024Q2,0.006972077450470357
unconditioned__recent_2021Q1_2022Q3,12,14,2024Q1,2024Q3,0.005434338882851815
unconditioned__recent_2021Q1_2022Q3,12,15,2024Q1,2024Q4,0.004988611162186453
unconditioned__recent_2021Q1_2022Q3,12,16,2024Q1,2025Q1,0.004972712830243585
unconditioned__recent_2021Q1_2022Q3,12,17,2024Q1,2025Q2,0.007176724713139907
unconditioned__recent_2021Q1_2022Q3,12,18,2024Q1,2025Q3,0.006282685467790712
unconditioned__recent_2021Q1_2022Q3,12,19,2024Q1,2025Q4,0.00473397430921597
unconditioned__recent_2021Q1_2022Q3,12,20,2024Q1,2026Q1,0.006753696368235274
unconditioned__recent_2021Q1_2022Q3,12,21,2024Q1,2026Q2,0.005451370829160461
unconditioned__recent_2021Q1_2022Q3,12,22,2024Q1,2026Q3,0.006210944425268615
unconditioned__recent_2021Q1_2022Q3,13,1,2024Q2,2021Q1,0.005354134683934414
unconditioned__recent_2021Q1_2022Q3,13,2,2024Q2,2021Q2,0.003796577831702237
unconditioned__recent_2021Q1_2022Q3,13,3,2024Q2,2021Q3,0.003900072843034982
unconditioned__recent_2021Q1_2022Q3,13,4,2024Q2,2021Q4,0.0018024298267538083
unconditioned__recent_2021Q1_2022Q3,13,5,2024Q2,2022Q1,0.004441138082652441
unconditioned__recent_2021Q1_2022Q3,13,6,2024Q2,2022Q2,0.004975526033863883
unconditioned__recent_2021Q1_2022Q3,13,7,2024Q2,2022Q3,0.0048456989863650685
unconditioned__recent_2021Q1_2022Q3,13,8,2024Q2,2023Q1,0.005378756814133847
unconditioned__recent_2021Q1_2022Q3,13,9,2024Q2,2023Q2,0.0040142253698875995
unconditioned__recent_2021Q1_2022Q3,13,10,2024Q2,2023Q3,0.003857388171729972
unconditioned__recent_2021Q1_2022Q3,13,11,2024Q2,2023Q4,0.0030584290496279715
unconditioned__recent_2021Q1_2022Q3,13,12,2024Q2,2024Q1,0.006972077450470357
unconditioned__recent_2021Q1_2022Q3,13,13,2024Q2,2024Q2,0.009230175100679897
unconditioned__recent_2021Q1_2022Q3,13,14,2024Q2,2024Q3,0.005378712929407789
unconditioned__recent_2021Q1_2022Q3,13,15,2024Q2,2024Q4,0.004510698931668172
unconditioned__recent_2021Q1_2022Q3,13,16,2024Q2,2025Q1,0.004824507083343215
unconditioned__recent_2021Q1_2022Q3,13,17,2024Q2,2025Q2,0.007785145917763328
unconditioned__recent_2021Q1_2022Q3,13,18,2024Q2,2025Q3,0.006402456429450207
unconditioned__recent_2021Q1_2022Q3,13,19,2024Q2,2025Q4,0.0041135167662725665
unconditioned__recent_2021Q1_2022Q3,13,20,2024Q2,2026Q1,0.006375789604181184
unconditioned__recent_2021Q1_2022Q3,13,21,2024Q2,2026Q2,0.004922454896292917
unconditioned__recent_2021Q1_2022Q3,13,22,2024Q2,2026Q3,0.005797389354306055
unconditioned__recent_2021Q1_2022Q3,14,1,2024Q3,2021Q1,0.004551759639236539
unconditioned__recent_2021Q1_2022Q3,14,2,2024Q3,2021Q2,0.004393040127529269
unconditioned__recent_2021Q1_2022Q3,14,3,2024Q3,2021Q3,0.004706855489014283
unconditioned__recent_2021Q1_2022Q3,14,4,2024Q3,2021Q4,0.0035443660613081723
unconditioned__recent_2021Q1_2022Q3,14,5,2024Q3,2022Q1,0.004115581172727406
unconditioned__recent_2021Q1_2022Q3,14,6,2024Q3,2022Q2,0.004599415003668785
unconditioned__recent_2021Q1_2022Q3,14,7,2024Q3,2022Q3,0.0038028368758538937
unconditioned__recent_2021Q1_2022Q3,14,8,2024Q3,2023Q1,0.004405068121228185
unconditioned__recent_2021Q1_2022Q3,14,9,2024Q3,2023Q2,0.005018431226786655
unconditioned__recent_2021Q1_2022Q3,14,10,2024Q3,2023Q3,0.0036044066185602166
unconditioned__recent_2021Q1_2022Q3,14,11,2024Q3,2023Q4,0.004273930335152778
unconditioned__recent_2021Q1_2022Q3,14,12,2024Q3,2024Q1,0.005434338882851816
unconditioned__recent_2021Q1_2022Q3,14,13,2024Q3,2024Q2,0.0053787129294077885
unconditioned__recent_2021Q1_2022Q3,14,14,2024Q3,2024Q3,0.007266310871411575
unconditioned__recent_2021Q1_2022Q3,14,15,2024Q3,2024Q4,0.005836515292926169
unconditioned__recent_2021Q1_2022Q3,14,16,2024Q3,2025Q1,0.0044966116649896234
unconditioned__recent_2021Q1_2022Q3,14,17,2024Q3,2025Q2,0.007025771866627598
unconditioned__recent_2021Q1_2022Q3,14,18,2024Q3,2025Q3,0.005809446567363003
unconditioned__recent_2021Q1_2022Q3,14,19,2024Q3,2025Q4,0.004559606088855188
unconditioned__recent_2021Q1_2022Q3,14,20,2024Q3,2026Q1,0.005763727063448812
unconditioned__recent_2021Q1_2022Q3,14,21,2024Q3,2026Q2,0.005215190156996095
unconditioned__recent_2021Q1_2022Q3,14,22,2024Q3,2026Q3,0.006091537875775387
unconditioned__recent_2021Q1_2022Q3,15,1,2024Q4,2021Q1,0.004403412065068794
unconditioned__recent_2021Q1_2022Q3,15,2,2024Q4,2021Q2,0.005127646883377305
unconditioned__recent_2021Q1_2022Q3,15,3,2024Q4,2021Q3,0.005135941080924853
unconditioned__recent_2021Q1_2022Q3,15,4,2024Q4,2021Q4,0.003985277200016242
unconditioned__recent_2021Q1_2022Q3,15,5,2024Q4,2022Q1,0.0041178463190144135
unconditioned__recent_2021Q1_2022Q3,15,6,2024Q4,2022Q2,0.004426306088861529
unconditioned__recent_2021Q1_2022Q3,15,7,2024Q4,2022Q3,0.003925167011562591
unconditioned__recent_2021Q1_2022Q3,15,8,2024Q4,2023Q1,0.00391970079920846
unconditioned__recent_2021Q1_2022Q3,15,9,2024Q4,2023Q2,0.005346872952164916
unconditioned__recent_2021Q1_2022Q3,15,10,2024Q4,2023Q3,0.003218407569340589
unconditioned__recent_2021Q1_2022Q3,15,11,2024Q4,2023Q4,0.004354682984401698
unconditioned__recent_2021Q1_2022Q3,15,12,2024Q4,2024Q1,0.004988611162186453
unconditioned__recent_2021Q1_2022Q3,15,13,2024Q4,2024Q2,0.004510698931668172
unconditioned__recent_2021Q1_2022Q3,15,14,2024Q4,2024Q3,0.00583651529292617
unconditioned__recent_2021Q1_2022Q3,15,15,2024Q4,2024Q4,0.007732202534229732
unconditioned__recent_2021Q1_2022Q3,15,16,2024Q4,2025Q1,0.005581411611900573
unconditioned__recent_2021Q1_2022Q3,15,17,2024Q4,2025Q2,0.006700261070133837
unconditioned__recent_2021Q1_2022Q3,15,18,2024Q4,2025Q3,0.005408501525056446
unconditioned__recent_2021Q1_2022Q3,15,19,2024Q4,2025Q4,0.004725810526226109
unconditioned__recent_2021Q1_2022Q3,15,20,2024Q4,2026Q1,0.005376514879285121
unconditioned__recent_2021Q1_2022Q3,15,21,2024Q4,2026Q2,0.005122641455005886
unconditioned__recent_2021Q1_2022Q3,15,22,2024Q4,2026Q3,0.005900612488102133
unconditioned__recent_2021Q1_2022Q3,16,1,2025Q1,2021Q1,0.004620423891099219
unconditioned__recent_2021Q1_2022Q3,16,2,2025Q1,2021Q2,0.004832958026516167
unconditioned__recent_2021Q1_2022Q3,16,3,2025Q1,2021Q3,0.004805926832904647
unconditioned__recent_2021Q1_2022Q3,16,4,2025Q1,2021Q4,0.0035933673204557913
unconditioned__recent_2021Q1_2022Q3,16,5,2025Q1,2022Q1,0.005115567405503479
unconditioned__recent_2021Q1_2022Q3,16,6,2025Q1,2022Q2,0.004333734314018895
unconditioned__recent_2021Q1_2022Q3,16,7,2025Q1,2022Q3,0.004524087517728527
unconditioned__recent_2021Q1_2022Q3,16,8,2025Q1,2023Q1,0.003725054182199561
unconditioned__recent_2021Q1_2022Q3,16,9,2025Q1,2023Q2,0.0050298768375819335
unconditioned__recent_2021Q1_2022Q3,16,10,2025Q1,2023Q3,0.004488292405409903
unconditioned__recent_2021Q1_2022Q3,16,11,2025Q1,2023Q4,0.004787186210828468
unconditioned__recent_2021Q1_2022Q3,16,12,2025Q1,2024Q1,0.004972712830243585
unconditioned__recent_2021Q1_2022Q3,16,13,2025Q1,2024Q2,0.004824507083343216
unconditioned__recent_2021Q1_2022Q3,16,14,2025Q1,2024Q3,0.0044966116649896234
unconditioned__recent_2021Q1_2022Q3,16,15,2025Q1,2024Q4,0.005581411611900573
unconditioned__recent_2021Q1_2022Q3,16,16,2025Q1,2025Q1,0.00798546298890085
unconditioned__recent_2021Q1_2022Q3,16,17,2025Q1,2025Q2,0.007852791083908722
unconditioned__recent_2021Q1_2022Q3,16,18,2025Q1,2025Q3,0.005170102913429448
unconditioned__recent_2021Q1_2022Q3,16,19,2025Q1,2025Q4,0.004185059088298076
unconditioned__recent_2021Q1_2022Q3,16,20,2025Q1,2026Q1,0.004626531147345218
unconditioned__recent_2021Q1_2022Q3,16,21,2025Q1,2026Q2,0.004991860184350585
unconditioned__recent_2021Q1_2022Q3,16,22,2025Q1,2026Q3,0.005661543230212624
unconditioned__recent_2021Q1_2022Q3,17,1,2025Q2,2021Q1,0.006591922857977477
unconditioned__recent_2021Q1_2022Q3,17,2,2025Q2,2021Q2,0.006201997661438198
unconditioned__recent_2021Q1_2022Q3,17,3,2025Q2,2021Q3,0.006066457560269768
unconditioned__recent_2021Q1_2022Q3,17,4,2025Q2,2021Q4,0.003963497449245754
unconditioned__recent_2021Q1_2022Q3,17,5,2025Q2,2022Q1,0.006061275229837425
unconditioned__recent_2021Q1_2022Q3,17,6,2025Q2,2022Q2,0.005990429561057123
unconditioned__recent_2021Q1_2022Q3,17,7,2025Q2,2022Q3,0.006080682752202447
unconditioned__recent_2021Q1_2022Q3,17,8,2025Q2,2023Q1,0.005728300743528354
unconditioned__recent_2021Q1_2022Q3,17,9,2025Q2,2023Q2,0.00650366080231996
unconditioned__recent_2021Q1_2022Q3,17,10,2025Q2,2023Q3,0.0061019335351202904
unconditioned__recent_2021Q1_2022Q3,17,11,2025Q2,2023Q4,0.005027493237803151
unconditioned__recent_2021Q1_2022Q3,17,12,2025Q2,2024Q1,0.007176724713139907
unconditioned__recent_2021Q1_2022Q3,17,13,2025Q2,2024Q2,0.007785145917763329
unconditioned__recent_2021Q1_2022Q3,17,14,2025Q2,2024Q3,0.007025771866627598
unconditioned__recent_2021Q1_2022Q3,17,15,2025Q2,2024Q4,0.006700261070133837
unconditioned__recent_2021Q1_2022Q3,17,16,2025Q2,2025Q1,0.00785279108390872
unconditioned__recent_2021Q1_2022Q3,17,17,2025Q2,2025Q2,0.013928545094172478
unconditioned__recent_2021Q1_2022Q3,17,18,2025Q2,2025Q3,0.00915182837502951
unconditioned__recent_2021Q1_2022Q3,17,19,2025Q2,2025Q4,0.00556050670351228
unconditioned__recent_2021Q1_2022Q3,17,20,2025Q2,2026Q1,0.006987034329310594
unconditioned__recent_2021Q1_2022Q3,17,21,2025Q2,2026Q2,0.007117861284699276
unconditioned__recent_2021Q1_2022Q3,17,22,2025Q2,2026Q3,0.007824447047556247
unconditioned__recent_2021Q1_2022Q3,18,1,2025Q3,2021Q1,0.005529837334693408
unconditioned__recent_2021Q1_2022Q3,18,2,2025Q3,2021Q2,0.0053755332690920326
unconditioned__recent_2021Q1_2022Q3,18,3,2025Q3,2021Q3,0.00494029779203623
unconditioned__recent_2021Q1_2022Q3,18,4,2025Q3,2021Q4,0.0024474836407276357
unconditioned__recent_2021Q1_2022Q3,18,5,2025Q3,2022Q1,0.005231739702856456
unconditioned__recent_2021Q1_2022Q3,18,6,2025Q3,2022Q2,0.005588316013786611
unconditioned__recent_2021Q1_2022Q3,18,7,2025Q3,2022Q3,0.005245823848962362
unconditioned__recent_2021Q1_2022Q3,18,8,2025Q3,2023Q1,0.00547295198503278
unconditioned__recent_2021Q1_2022Q3,18,9,2025Q3,2023Q2,0.004808706178607316
unconditioned__recent_2021Q1_2022Q3,18,10,2025Q3,2023Q3,0.004069850810204594
unconditioned__recent_2021Q1_2022Q3,18,11,2025Q3,2023Q4,0.003916695530591456
unconditioned__recent_2021Q1_2022Q3,18,12,2025Q3,2024Q1,0.006282685467790712
unconditioned__recent_2021Q1_2022Q3,18,13,2025Q3,2024Q2,0.006402456429450207
unconditioned__recent_2021Q1_2022Q3,18,14,2025Q3,2024Q3,0.005809446567363003
unconditioned__recent_2021Q1_2022Q3,18,15,2025Q3,2024Q4,0.005408501525056446
unconditioned__recent_2021Q1_2022Q3,18,16,2025Q3,2025Q1,0.005170102913429448
unconditioned__recent_2021Q1_2022Q3,18,17,2025Q3,2025Q2,0.00915182837502951
unconditioned__recent_2021Q1_2022Q3,18,18,2025Q3,2025Q3,0.010110501691233783
unconditioned__recent_2021Q1_2022Q3,18,19,2025Q3,2025Q4,0.00611084244010144
unconditioned__recent_2021Q1_2022Q3,18,20,2025Q3,2026Q1,0.006460495025141191
unconditioned__recent_2021Q1_2022Q3,18,21,2025Q3,2026Q2,0.005701266028350429
unconditioned__recent_2021Q1_2022Q3,18,22,2025Q3,2026Q3,0.006828967212852673
unconditioned__recent_2021Q1_2022Q3,19,1,2025Q4,2021Q1,0.004081737659152236
unconditioned__recent_2021Q1_2022Q3,19,2,2025Q4,2021Q2,0.004633292471163042
unconditioned__recent_2021Q1_2022Q3,19,3,2025Q4,2021Q3,0.0045054907799928715
unconditioned__recent_2021Q1_2022Q3,19,4,2025Q4,2021Q4,0.0027428973447884164
unconditioned__recent_2021Q1_2022Q3,19,5,2025Q4,2022Q1,0.004008678848076021
unconditioned__recent_2021Q1_2022Q3,19,6,2025Q4,2022Q2,0.004560954051228565
unconditioned__recent_2021Q1_2022Q3,19,7,2025Q4,2022Q3,0.003946871941457466
unconditioned__recent_2021Q1_2022Q3,19,8,2025Q4,2023Q1,0.004132932995249845
unconditioned__recent_2021Q1_2022Q3,19,9,2025Q4,2023Q2,0.004513309738332608
unconditioned__recent_2021Q1_2022Q3,19,10,2025Q4,2023Q3,0.0029766141732666855
unconditioned__recent_2021Q1_2022Q3,19,11,2025Q4,2023Q4,0.003244965690462481
unconditioned__recent_2021Q1_2022Q3,19,12,2025Q4,2024Q1,0.00473397430921597
unconditioned__recent_2021Q1_2022Q3,19,13,2025Q4,2024Q2,0.004113516766272567
unconditioned__recent_2021Q1_2022Q3,19,14,2025Q4,2024Q3,0.004559606088855188
unconditioned__recent_2021Q1_2022Q3,19,15,2025Q4,2024Q4,0.004725810526226109
unconditioned__recent_2021Q1_2022Q3,19,16,2025Q4,2025Q1,0.004185059088298076
unconditioned__recent_2021Q1_2022Q3,19,17,2025Q4,2025Q2,0.00556050670351228
unconditioned__recent_2021Q1_2022Q3,19,18,2025Q4,2025Q3,0.006110842440101441
unconditioned__recent_2021Q1_2022Q3,19,19,2025Q4,2025Q4,0.007649238125978817
unconditioned__recent_2021Q1_2022Q3,19,20,2025Q4,2026Q1,0.005366481796697762
unconditioned__recent_2021Q1_2022Q3,19,21,2025Q4,2026Q2,0.003845398600246
unconditioned__recent_2021Q1_2022Q3,19,22,2025Q4,2026Q3,0.005148407076747454
unconditioned__recent_2021Q1_2022Q3,20,1,2026Q1,2021Q1,0.004915436174276108
unconditioned__recent_2021Q1_2022Q3,20,2,2026Q1,2021Q2,0.004658870040675818
unconditioned__recent_2021Q1_2022Q3,20,3,2026Q1,2021Q3,0.005258882108569821
unconditioned__recent_2021Q1_2022Q3,20,4,2026Q1,2021Q4,0.0031690883114876786
unconditioned__recent_2021Q1_2022Q3,20,5,2026Q1,2022Q1,0.00439232351691222
unconditioned__recent_2021Q1_2022Q3,20,6,2026Q1,2022Q2,0.0046174647621447865
unconditioned__recent_2021Q1_2022Q3,20,7,2026Q1,2022Q3,0.004124463818784156
unconditioned__recent_2021Q1_2022Q3,20,8,2026Q1,2023Q1,0.0054312893293219314
unconditioned__recent_2021Q1_2022Q3,20,9,2026Q1,2023Q2,0.005374380618874672
unconditioned__recent_2021Q1_2022Q3,20,10,2026Q1,2023Q3,0.003694993524014285
unconditioned__recent_2021Q1_2022Q3,20,11,2026Q1,2023Q4,0.0037627401887139057
unconditioned__recent_2021Q1_2022Q3,20,12,2026Q1,2024Q1,0.006753696368235274
unconditioned__recent_2021Q1_2022Q3,20,13,2026Q1,2024Q2,0.006375789604181184
unconditioned__recent_2021Q1_2022Q3,20,14,2026Q1,2024Q3,0.005763727063448812
unconditioned__recent_2021Q1_2022Q3,20,15,2026Q1,2024Q4,0.005376514879285121
unconditioned__recent_2021Q1_2022Q3,20,16,2026Q1,2025Q1,0.004626531147345219
unconditioned__recent_2021Q1_2022Q3,20,17,2026Q1,2025Q2,0.006987034329310594
unconditioned__recent_2021Q1_2022Q3,20,18,2026Q1,2025Q3,0.006460495025141191
unconditioned__recent_2021Q1_2022Q3,20,19,2026Q1,2025Q4,0.005366481796697762
unconditioned__recent_2021Q1_2022Q3,20,20,2026Q1,2026Q1,0.009757636844764196
unconditioned__recent_2021Q1_2022Q3,20,21,2026Q1,2026Q2,0.0064380215268648
unconditioned__recent_2021Q1_2022Q3,20,22,2026Q1,2026Q3,0.007114536160068701
unconditioned__recent_2021Q1_2022Q3,21,1,2026Q2,2021Q1,0.0042957094156417346
unconditioned__recent_2021Q1_2022Q3,21,2,2026Q2,2021Q2,0.004499536293189941
unconditioned__recent_2021Q1_2022Q3,21,3,2026Q2,2021Q3,0.005062051043509177
unconditioned__recent_2021Q1_2022Q3,21,4,2026Q2,2021Q4,0.003014051405866928
unconditioned__recent_2021Q1_2022Q3,21,5,2026Q2,2022Q1,0.003521103356362692
unconditioned__recent_2021Q1_2022Q3,21,6,2026Q2,2022Q2,0.0034131266741814154
unconditioned__recent_2021Q1_2022Q3,21,7,2026Q2,2022Q3,0.003624665542376266
unconditioned__recent_2021Q1_2022Q3,21,8,2026Q2,2023Q1,0.004149033240224183
unconditioned__recent_2021Q1_2022Q3,21,9,2026Q2,2023Q2,0.005451977589531787
unconditioned__recent_2021Q1_2022Q3,21,10,2026Q2,2023Q3,0.003781111899926002
unconditioned__recent_2021Q1_2022Q3,21,11,2026Q2,2023Q4,0.004593854555885287
unconditioned__recent_2021Q1_2022Q3,21,12,2026Q2,2024Q1,0.005451370829160462
unconditioned__recent_2021Q1_2022Q3,21,13,2026Q2,2024Q2,0.004922454896292917
unconditioned__recent_2021Q1_2022Q3,21,14,2026Q2,2024Q3,0.005215190156996095
unconditioned__recent_2021Q1_2022Q3,21,15,2026Q2,2024Q4,0.005122641455005886
unconditioned__recent_2021Q1_2022Q3,21,16,2026Q2,2025Q1,0.004991860184350585
unconditioned__recent_2021Q1_2022Q3,21,17,2026Q2,2025Q2,0.007117861284699276
unconditioned__recent_2021Q1_2022Q3,21,18,2026Q2,2025Q3,0.005701266028350428
unconditioned__recent_2021Q1_2022Q3,21,19,2026Q2,2025Q4,0.0038453986002459995
unconditioned__recent_2021Q1_2022Q3,21,20,2026Q2,2026Q1,0.0064380215268648
unconditioned__recent_2021Q1_2022Q3,21,21,2026Q2,2026Q2,0.00805011172569695
unconditioned__recent_2021Q1_2022Q3,21,22,2026Q2,2026Q3,0.0076820936216202736
unconditioned__recent_2021Q1_2022Q3,22,1,2026Q3,2021Q1,0.004314370850257664
unconditioned__recent_2021Q1_2022Q3,22,2,2026Q3,2021Q2,0.006007143210004558
unconditioned__recent_2021Q1_2022Q3,22,3,2026Q3,2021Q3,0.005920148119776092
unconditioned__recent_2021Q1_2022Q3,22,4,2026Q3,2021Q4,0.0033101586286551988
unconditioned__recent_2021Q1_2022Q3,22,5,2026Q3,2022Q1,0.00409386153509321
unconditioned__recent_2021Q1_2022Q3,22,6,2026Q3,2022Q2,0.0044893273747760075
unconditioned__recent_2021Q1_2022Q3,22,7,2026Q3,2022Q3,0.0043248914608939246
unconditioned__recent_2021Q1_2022Q3,22,8,2026Q3,2023Q1,0.004937721184377988
unconditioned__recent_2021Q1_2022Q3,22,9,2026Q3,2023Q2,0.006302808302857454
unconditioned__recent_2021Q1_2022Q3,22,10,2026Q3,2023Q3,0.004181250442702082
unconditioned__recent_2021Q1_2022Q3,22,11,2026Q3,2023Q4,0.004596059830189899
unconditioned__recent_2021Q1_2022Q3,22,12,2026Q3,2024Q1,0.006210944425268615
unconditioned__recent_2021Q1_2022Q3,22,13,2026Q3,2024Q2,0.005797389354306055
unconditioned__recent_2021Q1_2022Q3,22,14,2026Q3,2024Q3,0.006091537875775387
unconditioned__recent_2021Q1_2022Q3,22,15,2026Q3,2024Q4,0.005900612488102133
unconditioned__recent_2021Q1_2022Q3,22,16,2026Q3,2025Q1,0.005661543230212623
unconditioned__recent_2021Q1_2022Q3,22,17,2026Q3,2025Q2,0.007824447047556247
unconditioned__recent_2021Q1_2022Q3,22,18,2026Q3,2025Q3,0.006828967212852673
unconditioned__recent_2021Q1_2022Q3,22,19,2026Q3,2025Q4,0.005148407076747454
unconditioned__recent_2021Q1_2022Q3,22,20,2026Q3,2026Q1,0.007114536160068701
unconditioned__recent_2021Q1_2022Q3,22,21,2026Q3,2026Q2,0.0076820936216202736
unconditioned__recent_2021Q1_2022Q3,22,22,2026Q3,2026Q3,0.012100724553989903
family_month__full_2017Q1_2022Q3,1,1,2017Q1,2017Q1,0.025356484757663528
family_month__full_2017Q1_2022Q3,1,2,2017Q1,2017Q2,0.019898797267972196
family_month__full_2017Q1_2022Q3,1,3,2017Q1,2017Q3,0.01656164716863434
family_month__full_2017Q1_2022Q3,1,4,2017Q1,2017Q4,0.01628107117009645
family_month__full_2017Q1_2022Q3,1,5,2017Q1,2018Q1,0.01669429973607779
family_month__full_2017Q1_2022Q3,1,6,2017Q1,2018Q2,0.014812079609101449
family_month__full_2017Q1_2022Q3,1,7,2017Q1,2018Q3,0.017196613570129124
family_month__full_2017Q1_2022Q3,1,8,2017Q1,2018Q4,0.014128339281250995
family_month__full_2017Q1_2022Q3,1,9,2017Q1,2019Q1,0.015989120843186176
family_month__full_2017Q1_2022Q3,1,10,2017Q1,2019Q2,0.016752726144200085
family_month__full_2017Q1_2022Q3,1,11,2017Q1,2019Q3,0.016711547228082154
family_month__full_2017Q1_2022Q3,1,12,2017Q1,2019Q4,0.015793472640331194
family_month__full_2017Q1_2022Q3,1,13,2017Q1,2020Q1,0.012676431909252833
family_month__full_2017Q1_2022Q3,1,14,2017Q1,2020Q2,0.004747226332176238
family_month__full_2017Q1_2022Q3,1,15,2017Q1,2020Q3,0.011131587715766339
family_month__full_2017Q1_2022Q3,1,16,2017Q1,2020Q4,0.006290399238636068
family_month__full_2017Q1_2022Q3,1,17,2017Q1,2021Q1,0.006329906485357254
family_month__full_2017Q1_2022Q3,1,18,2017Q1,2021Q2,0.010279078268351347
family_month__full_2017Q1_2022Q3,1,19,2017Q1,2021Q3,0.01149449430007438
family_month__full_2017Q1_2022Q3,1,20,2017Q1,2021Q4,0.007440514510317348
family_month__full_2017Q1_2022Q3,1,21,2017Q1,2022Q1,0.007625285304990578
family_month__full_2017Q1_2022Q3,1,22,2017Q1,2022Q2,0.007856455347801408
family_month__full_2017Q1_2022Q3,1,23,2017Q1,2022Q3,0.0044986979467905195
family_month__full_2017Q1_2022Q3,1,24,2017Q1,2023Q1,0.007368170696823993
family_month__full_2017Q1_2022Q3,1,25,2017Q1,2023Q2,0.01113912417209426
family_month__full_2017Q1_2022Q3,1,26,2017Q1,2023Q3,0.011329769338184189
family_month__full_2017Q1_2022Q3,1,27,2017Q1,2023Q4,0.01244750293924591
family_month__full_2017Q1_2022Q3,1,28,2017Q1,2024Q1,0.008865959413074718
family_month__full_2017Q1_2022Q3,1,29,2017Q1,2024Q2,0.006269266087963209
family_month__full_2017Q1_2022Q3,1,30,2017Q1,2024Q3,0.011895784466023143
family_month__full_2017Q1_2022Q3,1,31,2017Q1,2024Q4,0.013226912117022269
family_month__full_2017Q1_2022Q3,1,32,2017Q1,2025Q1,0.008659579090393072
family_month__full_2017Q1_2022Q3,1,33,2017Q1,2025Q2,0.013606022983055164
family_month__full_2017Q1_2022Q3,1,34,2017Q1,2025Q3,0.01260603835265454
family_month__full_2017Q1_2022Q3,1,35,2017Q1,2025Q4,0.013302787744041412
family_month__full_2017Q1_2022Q3,1,36,2017Q1,2026Q1,0.010241182906311829
family_month__full_2017Q1_2022Q3,1,37,2017Q1,2026Q2,0.014353515099270705
family_month__full_2017Q1_2022Q3,1,38,2017Q1,2026Q3,0.013344679255689267
family_month__full_2017Q1_2022Q3,2,1,2017Q2,2017Q1,0.019898797267972192
family_month__full_2017Q1_2022Q3,2,2,2017Q2,2017Q2,0.02491400234788007
family_month__full_2017Q1_2022Q3,2,3,2017Q2,2017Q3,0.018538813100695002
family_month__full_2017Q1_2022Q3,2,4,2017Q2,2017Q4,0.016952089883050324
family_month__full_2017Q1_2022Q3,2,5,2017Q2,2018Q1,0.018976764790673006
family_month__full_2017Q1_2022Q3,2,6,2017Q2,2018Q2,0.017726677199372414
family_month__full_2017Q1_2022Q3,2,7,2017Q2,2018Q3,0.018192583962734807
family_month__full_2017Q1_2022Q3,2,8,2017Q2,2018Q4,0.015923797415126062
family_month__full_2017Q1_2022Q3,2,9,2017Q2,2019Q1,0.018266178201772898
family_month__full_2017Q1_2022Q3,2,10,2017Q2,2019Q2,0.017462978761224716
family_month__full_2017Q1_2022Q3,2,11,2017Q2,2019Q3,0.01692621510235706
family_month__full_2017Q1_2022Q3,2,12,2017Q2,2019Q4,0.015770181638107866
family_month__full_2017Q1_2022Q3,2,13,2017Q2,2020Q1,0.013380314225146307
family_month__full_2017Q1_2022Q3,2,14,2017Q2,2020Q2,0.007464031596234712
family_month__full_2017Q1_2022Q3,2,15,2017Q2,2020Q3,0.012700378750523236
family_month__full_2017Q1_2022Q3,2,16,2017Q2,2020Q4,0.007108886999741006
family_month__full_2017Q1_2022Q3,2,17,2017Q2,2021Q1,0.006679227147669152
family_month__full_2017Q1_2022Q3,2,18,2017Q2,2021Q2,0.009290912598137172
family_month__full_2017Q1_2022Q3,2,19,2017Q2,2021Q3,0.009722785158129918
family_month__full_2017Q1_2022Q3,2,20,2017Q2,2021Q4,0.007793402272412583
family_month__full_2017Q1_2022Q3,2,21,2017Q2,2022Q1,0.0099111589425745
family_month__full_2017Q1_2022Q3,2,22,2017Q2,2022Q2,0.007845590702298144
family_month__full_2017Q1_2022Q3,2,23,2017Q2,2022Q3,0.004860351432359439
family_month__full_2017Q1_2022Q3,2,24,2017Q2,2023Q1,0.007478033317113561
family_month__full_2017Q1_2022Q3,2,25,2017Q2,2023Q2,0.009938368004513195
family_month__full_2017Q1_2022Q3,2,26,2017Q2,2023Q3,0.010547497145065546
family_month__full_2017Q1_2022Q3,2,27,2017Q2,2023Q4,0.01281246293948796
family_month__full_2017Q1_2022Q3,2,28,2017Q2,2024Q1,0.008566004572200452
family_month__full_2017Q1_2022Q3,2,29,2017Q2,2024Q2,0.006997280201338836
family_month__full_2017Q1_2022Q3,2,30,2017Q2,2024Q3,0.014587388111594688
family_month__full_2017Q1_2022Q3,2,31,2017Q2,2024Q4,0.013346065478037742
family_month__full_2017Q1_2022Q3,2,32,2017Q2,2025Q1,0.009768083461527279
family_month__full_2017Q1_2022Q3,2,33,2017Q2,2025Q2,0.01536228262359164
family_month__full_2017Q1_2022Q3,2,34,2017Q2,2025Q3,0.012384735623181417
family_month__full_2017Q1_2022Q3,2,35,2017Q2,2025Q4,0.013113750751844122
family_month__full_2017Q1_2022Q3,2,36,2017Q2,2026Q1,0.011573253305232241
family_month__full_2017Q1_2022Q3,2,37,2017Q2,2026Q2,0.014846499725843097
family_month__full_2017Q1_2022Q3,2,38,2017Q2,2026Q3,0.011642478211905692
family_month__full_2017Q1_2022Q3,3,1,2017Q3,2017Q1,0.01656164716863434
family_month__full_2017Q1_2022Q3,3,2,2017Q3,2017Q2,0.018538813100695
family_month__full_2017Q1_2022Q3,3,3,2017Q3,2017Q3,0.021388019002415264
family_month__full_2017Q1_2022Q3,3,4,2017Q3,2017Q4,0.017143403703595333
family_month__full_2017Q1_2022Q3,3,5,2017Q3,2018Q1,0.016123138542601646
family_month__full_2017Q1_2022Q3,3,6,2017Q3,2018Q2,0.0158188246419739
family_month__full_2017Q1_2022Q3,3,7,2017Q3,2018Q3,0.01684281286263327
family_month__full_2017Q1_2022Q3,3,8,2017Q3,2018Q4,0.013972607640375178
family_month__full_2017Q1_2022Q3,3,9,2017Q3,2019Q1,0.01615112331449546
family_month__full_2017Q1_2022Q3,3,10,2017Q3,2019Q2,0.015770279966829896
family_month__full_2017Q1_2022Q3,3,11,2017Q3,2019Q3,0.014938743274271908
family_month__full_2017Q1_2022Q3,3,12,2017Q3,2019Q4,0.01492031149854449
family_month__full_2017Q1_2022Q3,3,13,2017Q3,2020Q1,0.012094963723501044
family_month__full_2017Q1_2022Q3,3,14,2017Q3,2020Q2,0.006155467585089783
family_month__full_2017Q1_2022Q3,3,15,2017Q3,2020Q3,0.009597010466048161
family_month__full_2017Q1_2022Q3,3,16,2017Q3,2020Q4,0.006597484876790072
family_month__full_2017Q1_2022Q3,3,17,2017Q3,2021Q1,0.005821063495985733
family_month__full_2017Q1_2022Q3,3,18,2017Q3,2021Q2,0.006743791900385404
family_month__full_2017Q1_2022Q3,3,19,2017Q3,2021Q3,0.009955957189912193
family_month__full_2017Q1_2022Q3,3,20,2017Q3,2021Q4,0.006350651037650645
family_month__full_2017Q1_2022Q3,3,21,2017Q3,2022Q1,0.008319987327895444
family_month__full_2017Q1_2022Q3,3,22,2017Q3,2022Q2,0.008041353040757402
family_month__full_2017Q1_2022Q3,3,23,2017Q3,2022Q3,0.004710780147515986
family_month__full_2017Q1_2022Q3,3,24,2017Q3,2023Q1,0.004760914348621999
family_month__full_2017Q1_2022Q3,3,25,2017Q3,2023Q2,0.0083894714983836
family_month__full_2017Q1_2022Q3,3,26,2017Q3,2023Q3,0.009437096899670188
family_month__full_2017Q1_2022Q3,3,27,2017Q3,2023Q4,0.010530669133115012
family_month__full_2017Q1_2022Q3,3,28,2017Q3,2024Q1,0.006347860821164578
family_month__full_2017Q1_2022Q3,3,29,2017Q3,2024Q2,0.004532227781763039
family_month__full_2017Q1_2022Q3,3,30,2017Q3,2024Q3,0.01055542389061314
family_month__full_2017Q1_2022Q3,3,31,2017Q3,2024Q4,0.010497664197760853
family_month__full_2017Q1_2022Q3,3,32,2017Q3,2025Q1,0.008634512369178905
family_month__full_2017Q1_2022Q3,3,33,2017Q3,2025Q2,0.010428546247733556
family_month__full_2017Q1_2022Q3,3,34,2017Q3,2025Q3,0.008672497350386164
family_month__full_2017Q1_2022Q3,3,35,2017Q3,2025Q4,0.010149552363676147
family_month__full_2017Q1_2022Q3,3,36,2017Q3,2026Q1,0.008175161093446235
family_month__full_2017Q1_2022Q3,3,37,2017Q3,2026Q2,0.010747594492703152
family_month__full_2017Q1_2022Q3,3,38,2017Q3,2026Q3,0.007499227469371749
family_month__full_2017Q1_2022Q3,4,1,2017Q4,2017Q1,0.016281071170096452
family_month__full_2017Q1_2022Q3,4,2,2017Q4,2017Q2,0.016952089883050324
family_month__full_2017Q1_2022Q3,4,3,2017Q4,2017Q3,0.017143403703595336
family_month__full_2017Q1_2022Q3,4,4,2017Q4,2017Q4,0.02058817757979269
family_month__full_2017Q1_2022Q3,4,5,2017Q4,2018Q1,0.016959101993875233
family_month__full_2017Q1_2022Q3,4,6,2017Q4,2018Q2,0.014580252373625965
family_month__full_2017Q1_2022Q3,4,7,2017Q4,2018Q3,0.015408991980963398
family_month__full_2017Q1_2022Q3,4,8,2017Q4,2018Q4,0.013342000932639441
family_month__full_2017Q1_2022Q3,4,9,2017Q4,2019Q1,0.015334322209722247
family_month__full_2017Q1_2022Q3,4,10,2017Q4,2019Q2,0.01538801883469257
family_month__full_2017Q1_2022Q3,4,11,2017Q4,2019Q3,0.015050903933346654
family_month__full_2017Q1_2022Q3,4,12,2017Q4,2019Q4,0.014342382243966563
family_month__full_2017Q1_2022Q3,4,13,2017Q4,2020Q1,0.011020770358726836
family_month__full_2017Q1_2022Q3,4,14,2017Q4,2020Q2,0.0064359476011850054
family_month__full_2017Q1_2022Q3,4,15,2017Q4,2020Q3,0.01207990153706823
family_month__full_2017Q1_2022Q3,4,16,2017Q4,2020Q4,0.00820103344829578
family_month__full_2017Q1_2022Q3,4,17,2017Q4,2021Q1,0.0071046487914883955
family_month__full_2017Q1_2022Q3,4,18,2017Q4,2021Q2,0.009231339811615995
family_month__full_2017Q1_2022Q3,4,19,2017Q4,2021Q3,0.011223399732765217
family_month__full_2017Q1_2022Q3,4,20,2017Q4,2021Q4,0.007235134266858926
family_month__full_2017Q1_2022Q3,4,21,2017Q4,2022Q1,0.010546836677501083
family_month__full_2017Q1_2022Q3,4,22,2017Q4,2022Q2,0.009293399906405004
family_month__full_2017Q1_2022Q3,4,23,2017Q4,2022Q3,0.005515550892852206
family_month__full_2017Q1_2022Q3,4,24,2017Q4,2023Q1,0.00723492350098673
family_month__full_2017Q1_2022Q3,4,25,2017Q4,2023Q2,0.010045951470818774
family_month__full_2017Q1_2022Q3,4,26,2017Q4,2023Q3,0.009996392231444214
family_month__full_2017Q1_2022Q3,4,27,2017Q4,2023Q4,0.011678775207618572
family_month__full_2017Q1_2022Q3,4,28,2017Q4,2024Q1,0.008768691145823852
family_month__full_2017Q1_2022Q3,4,29,2017Q4,2024Q2,0.006814170405163638
family_month__full_2017Q1_2022Q3,4,30,2017Q4,2024Q3,0.011747887498234577
family_month__full_2017Q1_2022Q3,4,31,2017Q4,2024Q4,0.011282863189903573
family_month__full_2017Q1_2022Q3,4,32,2017Q4,2025Q1,0.009193802402463997
family_month__full_2017Q1_2022Q3,4,33,2017Q4,2025Q2,0.013239615401078077
family_month__full_2017Q1_2022Q3,4,34,2017Q4,2025Q3,0.010478494585860955
family_month__full_2017Q1_2022Q3,4,35,2017Q4,2025Q4,0.01138223302178872
family_month__full_2017Q1_2022Q3,4,36,2017Q4,2026Q1,0.009718045277395337
family_month__full_2017Q1_2022Q3,4,37,2017Q4,2026Q2,0.012179559882111585
family_month__full_2017Q1_2022Q3,4,38,2017Q4,2026Q3,0.010064689070356032
family_month__full_2017Q1_2022Q3,5,1,2018Q1,2017Q1,0.016694299736077795
family_month__full_2017Q1_2022Q3,5,2,2018Q1,2017Q2,0.018976764790673006
family_month__full_2017Q1_2022Q3,5,3,2018Q1,2017Q3,0.016123138542601646
family_month__full_2017Q1_2022Q3,5,4,2018Q1,2017Q4,0.016959101993875236
family_month__full_2017Q1_2022Q3,5,5,2018Q1,2018Q1,0.024929691884907967
family_month__full_2017Q1_2022Q3,5,6,2018Q1,2018Q2,0.017642685135251284
family_month__full_2017Q1_2022Q3,5,7,2018Q1,2018Q3,0.01626754046284265
family_month__full_2017Q1_2022Q3,5,8,2018Q1,2018Q4,0.013017857705341997
family_month__full_2017Q1_2022Q3,5,9,2018Q1,2019Q1,0.016507763280377456
family_month__full_2017Q1_2022Q3,5,10,2018Q1,2019Q2,0.016732424945763227
family_month__full_2017Q1_2022Q3,5,11,2018Q1,2019Q3,0.015952628157744866
family_month__full_2017Q1_2022Q3,5,12,2018Q1,2019Q4,0.014782152724753377
family_month__full_2017Q1_2022Q3,5,13,2018Q1,2020Q1,0.012401067657494002
family_month__full_2017Q1_2022Q3,5,14,2018Q1,2020Q2,0.008748462018220531
family_month__full_2017Q1_2022Q3,5,15,2018Q1,2020Q3,0.015569827780008306
family_month__full_2017Q1_2022Q3,5,16,2018Q1,2020Q4,0.008791935210826586
family_month__full_2017Q1_2022Q3,5,17,2018Q1,2021Q1,0.008079294056510658
family_month__full_2017Q1_2022Q3,5,18,2018Q1,2021Q2,0.011364192743494317
family_month__full_2017Q1_2022Q3,5,19,2018Q1,2021Q3,0.01035325856408799
family_month__full_2017Q1_2022Q3,5,20,2018Q1,2021Q4,0.007099390803357379
family_month__full_2017Q1_2022Q3,5,21,2018Q1,2022Q1,0.009449963753451942
family_month__full_2017Q1_2022Q3,5,22,2018Q1,2022Q2,0.007512142529604276
family_month__full_2017Q1_2022Q3,5,23,2018Q1,2022Q3,0.0049924449604730045
family_month__full_2017Q1_2022Q3,5,24,2018Q1,2023Q1,0.007958090235888428
family_month__full_2017Q1_2022Q3,5,25,2018Q1,2023Q2,0.011079926185916026
family_month__full_2017Q1_2022Q3,5,26,2018Q1,2023Q3,0.011121822239242091
family_month__full_2017Q1_2022Q3,5,27,2018Q1,2023Q4,0.01275622919704935
family_month__full_2017Q1_2022Q3,5,28,2018Q1,2024Q1,0.008858572874235195
family_month__full_2017Q1_2022Q3,5,29,2018Q1,2024Q2,0.0074401282159096424
family_month__full_2017Q1_2022Q3,5,30,2018Q1,2024Q3,0.014961212759723128
family_month__full_2017Q1_2022Q3,5,31,2018Q1,2024Q4,0.01341954885145056
family_month__full_2017Q1_2022Q3,5,32,2018Q1,2025Q1,0.010052679214359352
family_month__full_2017Q1_2022Q3,5,33,2018Q1,2025Q2,0.01946065460274118
family_month__full_2017Q1_2022Q3,5,34,2018Q1,2025Q3,0.015160143103144185
family_month__full_2017Q1_2022Q3,5,35,2018Q1,2025Q4,0.012713004979808323
family_month__full_2017Q1_2022Q3,5,36,2018Q1,2026Q1,0.012255864997445977
family_month__full_2017Q1_2022Q3,5,37,2018Q1,2026Q2,0.01425967601315532
family_month__full_2017Q1_2022Q3,5,38,2018Q1,2026Q3,0.010090296350753744
family_month__full_2017Q1_2022Q3,6,1,2018Q2,2017Q1,0.01481207960910145
family_month__full_2017Q1_2022Q3,6,2,2018Q2,2017Q2,0.017726677199372414
family_month__full_2017Q1_2022Q3,6,3,2018Q2,2017Q3,0.015818824641973903
family_month__full_2017Q1_2022Q3,6,4,2018Q2,2017Q4,0.014580252373625965
family_month__full_2017Q1_2022Q3,6,5,2018Q2,2018Q1,0.017642685135251284
family_month__full_2017Q1_2022Q3,6,6,2018Q2,2018Q2,0.020727888691575276
family_month__full_2017Q1_2022Q3,6,7,2018Q2,2018Q3,0.01864182809336693
family_month__full_2017Q1_2022Q3,6,8,2018Q2,2018Q4,0.013977788218300348
family_month__full_2017Q1_2022Q3,6,9,2018Q2,2019Q1,0.015459997261184192
family_month__full_2017Q1_2022Q3,6,10,2018Q2,2019Q2,0.016048489434646495
family_month__full_2017Q1_2022Q3,6,11,2018Q2,2019Q3,0.015401394201345158
family_month__full_2017Q1_2022Q3,6,12,2018Q2,2019Q4,0.014763477691661706
family_month__full_2017Q1_2022Q3,6,13,2018Q2,2020Q1,0.011642735480946954
family_month__full_2017Q1_2022Q3,6,14,2018Q2,2020Q2,0.0061723979088881805
family_month__full_2017Q1_2022Q3,6,15,2018Q2,2020Q3,0.011709072585899916
family_month__full_2017Q1_2022Q3,6,16,2018Q2,2020Q4,0.007627803344766797
family_month__full_2017Q1_2022Q3,6,17,2018Q2,2021Q1,0.005802621027782213
family_month__full_2017Q1_2022Q3,6,18,2018Q2,2021Q2,0.007432188150132405
family_month__full_2017Q1_2022Q3,6,19,2018Q2,2021Q3,0.009573422574539619
family_month__full_2017Q1_2022Q3,6,20,2018Q2,2021Q4,0.006339701152318267
family_month__full_2017Q1_2022Q3,6,21,2018Q2,2022Q1,0.00918171294715319
family_month__full_2017Q1_2022Q3,6,22,2018Q2,2022Q2,0.0083602522027126
family_month__full_2017Q1_2022Q3,6,23,2018Q2,2022Q3,0.005119519365075025
family_month__full_2017Q1_2022Q3,6,24,2018Q2,2023Q1,0.006385873131576375
family_month__full_2017Q1_2022Q3,6,25,2018Q2,2023Q2,0.01035646151431195
family_month__full_2017Q1_2022Q3,6,26,2018Q2,2023Q3,0.010013200738067551
family_month__full_2017Q1_2022Q3,6,27,2018Q2,2023Q4,0.010214063478086873
family_month__full_2017Q1_2022Q3,6,28,2018Q2,2024Q1,0.007348627362729631
family_month__full_2017Q1_2022Q3,6,29,2018Q2,2024Q2,0.0059201499671159355
family_month__full_2017Q1_2022Q3,6,30,2018Q2,2024Q3,0.012362514758007329
family_month__full_2017Q1_2022Q3,6,31,2018Q2,2024Q4,0.01078885542372638
family_month__full_2017Q1_2022Q3,6,32,2018Q2,2025Q1,0.00877591283250532
family_month__full_2017Q1_2022Q3,6,33,2018Q2,2025Q2,0.015097087767159234
family_month__full_2017Q1_2022Q3,6,34,2018Q2,2025Q3,0.011254090590401658
family_month__full_2017Q1_2022Q3,6,35,2018Q2,2025Q4,0.009729905160366748
family_month__full_2017Q1_2022Q3,6,36,2018Q2,2026Q1,0.00946194216908559
family_month__full_2017Q1_2022Q3,6,37,2018Q2,2026Q2,0.011443923816334918
family_month__full_2017Q1_2022Q3,6,38,2018Q2,2026Q3,0.009199750105710013
family_month__full_2017Q1_2022Q3,7,1,2018Q3,2017Q1,0.017196613570129124
family_month__full_2017Q1_2022Q3,7,2,2018Q3,2017Q2,0.018192583962734807
family_month__full_2017Q1_2022Q3,7,3,2018Q3,2017Q3,0.01684281286263327
family_month__full_2017Q1_2022Q3,7,4,2018Q3,2017Q4,0.015408991980963398
family_month__full_2017Q1_2022Q3,7,5,2018Q3,2018Q1,0.01626754046284265
family_month__full_2017Q1_2022Q3,7,6,2018Q3,2018Q2,0.018641828093366928
family_month__full_2017Q1_2022Q3,7,7,2018Q3,2018Q3,0.026741868742854863
family_month__full_2017Q1_2022Q3,7,8,2018Q3,2018Q4,0.017479296148781506
family_month__full_2017Q1_2022Q3,7,9,2018Q3,2019Q1,0.01787224665719404
family_month__full_2017Q1_2022Q3,7,10,2018Q3,2019Q2,0.017361249002917325
family_month__full_2017Q1_2022Q3,7,11,2018Q3,2019Q3,0.019005336634560423
family_month__full_2017Q1_2022Q3,7,12,2018Q3,2019Q4,0.017500916601143262
family_month__full_2017Q1_2022Q3,7,13,2018Q3,2020Q1,0.012948498137532637
family_month__full_2017Q1_2022Q3,7,14,2018Q3,2020Q2,0.006127936433668588
family_month__full_2017Q1_2022Q3,7,15,2018Q3,2020Q3,0.012371400437074364
family_month__full_2017Q1_2022Q3,7,16,2018Q3,2020Q4,0.009286447655971208
family_month__full_2017Q1_2022Q3,7,17,2018Q3,2021Q1,0.006252099413569492
family_month__full_2017Q1_2022Q3,7,18,2018Q3,2021Q2,0.010443151113027672
family_month__full_2017Q1_2022Q3,7,19,2018Q3,2021Q3,0.01000679600593551
family_month__full_2017Q1_2022Q3,7,20,2018Q3,2021Q4,0.007313535642766628
family_month__full_2017Q1_2022Q3,7,21,2018Q3,2022Q1,0.011112605150379214
family_month__full_2017Q1_2022Q3,7,22,2018Q3,2022Q2,0.01181027583038059
family_month__full_2017Q1_2022Q3,7,23,2018Q3,2022Q3,0.007718958922950316
family_month__full_2017Q1_2022Q3,7,24,2018Q3,2023Q1,0.007943938080404183
family_month__full_2017Q1_2022Q3,7,25,2018Q3,2023Q2,0.010021704181296071
family_month__full_2017Q1_2022Q3,7,26,2018Q3,2023Q3,0.010691716300390168
family_month__full_2017Q1_2022Q3,7,27,2018Q3,2023Q4,0.008821863429883165
family_month__full_2017Q1_2022Q3,7,28,2018Q3,2024Q1,0.00518128536968052
family_month__full_2017Q1_2022Q3,7,29,2018Q3,2024Q2,0.0058171524816924836
family_month__full_2017Q1_2022Q3,7,30,2018Q3,2024Q3,0.01138242560591019
family_month__full_2017Q1_2022Q3,7,31,2018Q3,2024Q4,0.010192382396499739
family_month__full_2017Q1_2022Q3,7,32,2018Q3,2025Q1,0.009835611078815417
family_month__full_2017Q1_2022Q3,7,33,2018Q3,2025Q2,0.015252134024146692
family_month__full_2017Q1_2022Q3,7,34,2018Q3,2025Q3,0.01350102527937183
family_month__full_2017Q1_2022Q3,7,35,2018Q3,2025Q4,0.009238460102204867
family_month__full_2017Q1_2022Q3,7,36,2018Q3,2026Q1,0.0072871772484081575
family_month__full_2017Q1_2022Q3,7,37,2018Q3,2026Q2,0.011489970294502086
family_month__full_2017Q1_2022Q3,7,38,2018Q3,2026Q3,0.013387085262929687
family_month__full_2017Q1_2022Q3,8,1,2018Q4,2017Q1,0.014128339281250995
family_month__full_2017Q1_2022Q3,8,2,2018Q4,2017Q2,0.015923797415126062
family_month__full_2017Q1_2022Q3,8,3,2018Q4,2017Q3,0.013972607640375178
family_month__full_2017Q1_2022Q3,8,4,2018Q4,2017Q4,0.013342000932639441
family_month__full_2017Q1_2022Q3,8,5,2018Q4,2018Q1,0.013017857705341997
family_month__full_2017Q1_2022Q3,8,6,2018Q4,2018Q2,0.013977788218300348
family_month__full_2017Q1_2022Q3,8,7,2018Q4,2018Q3,0.017479296148781506
family_month__full_2017Q1_2022Q3,8,8,2018Q4,2018Q4,0.019717823034283065
family_month__full_2017Q1_2022Q3,8,9,2018Q4,2019Q1,0.018226998945328365
family_month__full_2017Q1_2022Q3,8,10,2018Q4,2019Q2,0.014875194346528698
family_month__full_2017Q1_2022Q3,8,11,2018Q4,2019Q3,0.01403076508855948
family_month__full_2017Q1_2022Q3,8,12,2018Q4,2019Q4,0.014079886568002183
family_month__full_2017Q1_2022Q3,8,13,2018Q4,2020Q1,0.011245769329151247
family_month__full_2017Q1_2022Q3,8,14,2018Q4,2020Q2,0.007664806920994587
family_month__full_2017Q1_2022Q3,8,15,2018Q4,2020Q3,0.011609378572686017
family_month__full_2017Q1_2022Q3,8,16,2018Q4,2020Q4,0.00853934202136256
family_month__full_2017Q1_2022Q3,8,17,2018Q4,2021Q1,0.008600993666740064
family_month__full_2017Q1_2022Q3,8,18,2018Q4,2021Q2,0.008610229230264025
family_month__full_2017Q1_2022Q3,8,19,2018Q4,2021Q3,0.009103627527933316
family_month__full_2017Q1_2022Q3,8,20,2018Q4,2021Q4,0.007839734126552008
family_month__full_2017Q1_2022Q3,8,21,2018Q4,2022Q1,0.009576561922470493
family_month__full_2017Q1_2022Q3,8,22,2018Q4,2022Q2,0.008904838099548663
family_month__full_2017Q1_2022Q3,8,23,2018Q4,2022Q3,0.005368130573584359
family_month__full_2017Q1_2022Q3,8,24,2018Q4,2023Q1,0.006666669520864191
family_month__full_2017Q1_2022Q3,8,25,2018Q4,2023Q2,0.007863646661530829
family_month__full_2017Q1_2022Q3,8,26,2018Q4,2023Q3,0.007435610346953234
family_month__full_2017Q1_2022Q3,8,27,2018Q4,2023Q4,0.009453567520586839
family_month__full_2017Q1_2022Q3,8,28,2018Q4,2024Q1,0.006631577658744968
family_month__full_2017Q1_2022Q3,8,29,2018Q4,2024Q2,0.005717349003107804
family_month__full_2017Q1_2022Q3,8,30,2018Q4,2024Q3,0.010658357990909714
family_month__full_2017Q1_2022Q3,8,31,2018Q4,2024Q4,0.00933764014037771
family_month__full_2017Q1_2022Q3,8,32,2018Q4,2025Q1,0.0071721319085669005
family_month__full_2017Q1_2022Q3,8,33,2018Q4,2025Q2,0.011200888699817555
family_month__full_2017Q1_2022Q3,8,34,2018Q4,2025Q3,0.011509940493037173
family_month__full_2017Q1_2022Q3,8,35,2018Q4,2025Q4,0.009759096474605383
family_month__full_2017Q1_2022Q3,8,36,2018Q4,2026Q1,0.008552647606476251
family_month__full_2017Q1_2022Q3,8,37,2018Q4,2026Q2,0.01090868908971061
family_month__full_2017Q1_2022Q3,8,38,2018Q4,2026Q3,0.009687884120633396
family_month__full_2017Q1_2022Q3,9,1,2019Q1,2017Q1,0.015989120843186176
family_month__full_2017Q1_2022Q3,9,2,2019Q1,2017Q2,0.018266178201772895
family_month__full_2017Q1_2022Q3,9,3,2019Q1,2017Q3,0.01615112331449546
family_month__full_2017Q1_2022Q3,9,4,2019Q1,2017Q4,0.015334322209722247
family_month__full_2017Q1_2022Q3,9,5,2019Q1,2018Q1,0.016507763280377456
family_month__full_2017Q1_2022Q3,9,6,2019Q1,2018Q2,0.015459997261184192
family_month__full_2017Q1_2022Q3,9,7,2019Q1,2018Q3,0.01787224665719404
family_month__full_2017Q1_2022Q3,9,8,2019Q1,2018Q4,0.018226998945328365
family_month__full_2017Q1_2022Q3,9,9,2019Q1,2019Q1,0.026653488949222617
family_month__full_2017Q1_2022Q3,9,10,2019Q1,2019Q2,0.019696617902437433
family_month__full_2017Q1_2022Q3,9,11,2019Q1,2019Q3,0.016320163076941355
family_month__full_2017Q1_2022Q3,9,12,2019Q1,2019Q4,0.01660669064446057
family_month__full_2017Q1_2022Q3,9,13,2019Q1,2020Q1,0.01277234847064982
family_month__full_2017Q1_2022Q3,9,14,2019Q1,2020Q2,0.008980048419131206
family_month__full_2017Q1_2022Q3,9,15,2019Q1,2020Q3,0.011684003974441508
family_month__full_2017Q1_2022Q3,9,16,2019Q1,2020Q4,0.010925071193487852
family_month__full_2017Q1_2022Q3,9,17,2019Q1,2021Q1,0.009044562346279924
family_month__full_2017Q1_2022Q3,9,18,2019Q1,2021Q2,0.008849957537446355
family_month__full_2017Q1_2022Q3,9,19,2019Q1,2021Q3,0.009980901434482475
family_month__full_2017Q1_2022Q3,9,20,2019Q1,2021Q4,0.006801825476696462
family_month__full_2017Q1_2022Q3,9,21,2019Q1,2022Q1,0.010245502212324255
family_month__full_2017Q1_2022Q3,9,22,2019Q1,2022Q2,0.00939339799530693
family_month__full_2017Q1_2022Q3,9,23,2019Q1,2022Q3,0.0051012172123414065
family_month__full_2017Q1_2022Q3,9,24,2019Q1,2023Q1,0.005869826208521948
family_month__full_2017Q1_2022Q3,9,25,2019Q1,2023Q2,0.008172862698070892
family_month__full_2017Q1_2022Q3,9,26,2019Q1,2023Q3,0.009167519328893732
family_month__full_2017Q1_2022Q3,9,27,2019Q1,2023Q4,0.009269477428861484
family_month__full_2017Q1_2022Q3,9,28,2019Q1,2024Q1,0.00640555053155115
family_month__full_2017Q1_2022Q3,9,29,2019Q1,2024Q2,0.004901845897373495
family_month__full_2017Q1_2022Q3,9,30,2019Q1,2024Q3,0.00998861639472546
family_month__full_2017Q1_2022Q3,9,31,2019Q1,2024Q4,0.008718508716105442
family_month__full_2017Q1_2022Q3,9,32,2019Q1,2025Q1,0.00899690393925095
family_month__full_2017Q1_2022Q3,9,33,2019Q1,2025Q2,0.012886588988254025
family_month__full_2017Q1_2022Q3,9,34,2019Q1,2025Q3,0.011094343978378985
family_month__full_2017Q1_2022Q3,9,35,2019Q1,2025Q4,0.009996366771687835
family_month__full_2017Q1_2022Q3,9,36,2019Q1,2026Q1,0.009602882540714383
family_month__full_2017Q1_2022Q3,9,37,2019Q1,2026Q2,0.01128148220178279
family_month__full_2017Q1_2022Q3,9,38,2019Q1,2026Q3,0.009554494764906846
family_month__full_2017Q1_2022Q3,10,1,2019Q2,2017Q1,0.01675272614420009
family_month__full_2017Q1_2022Q3,10,2,2019Q2,2017Q2,0.017462978761224716
family_month__full_2017Q1_2022Q3,10,3,2019Q2,2017Q3,0.015770279966829896
family_month__full_2017Q1_2022Q3,10,4,2019Q2,2017Q4,0.01538801883469257
family_month__full_2017Q1_2022Q3,10,5,2019Q2,2018Q1,0.016732424945763227
family_month__full_2017Q1_2022Q3,10,6,2019Q2,2018Q2,0.016048489434646495
family_month__full_2017Q1_2022Q3,10,7,2019Q2,2018Q3,0.01736124900291733
family_month__full_2017Q1_2022Q3,10,8,2019Q2,2018Q4,0.014875194346528698
family_month__full_2017Q1_2022Q3,10,9,2019Q2,2019Q1,0.01969661790243743
family_month__full_2017Q1_2022Q3,10,10,2019Q2,2019Q2,0.02253998674011582
family_month__full_2017Q1_2022Q3,10,11,2019Q2,2019Q3,0.01745272702245178
family_month__full_2017Q1_2022Q3,10,12,2019Q2,2019Q4,0.014558281649201938
family_month__full_2017Q1_2022Q3,10,13,2019Q2,2020Q1,0.011419691030929184
family_month__full_2017Q1_2022Q3,10,14,2019Q2,2020Q2,0.005704260123954299
family_month__full_2017Q1_2022Q3,10,15,2019Q2,2020Q3,0.009994307317770141
family_month__full_2017Q1_2022Q3,10,16,2019Q2,2020Q4,0.007789366872396365
family_month__full_2017Q1_2022Q3,10,17,2019Q2,2021Q1,0.0071153692112155605
family_month__full_2017Q1_2022Q3,10,18,2019Q2,2021Q2,0.008091839187685029
family_month__full_2017Q1_2022Q3,10,19,2019Q2,2021Q3,0.010248136939609943
family_month__full_2017Q1_2022Q3,10,20,2019Q2,2021Q4,0.006049252182810041
family_month__full_2017Q1_2022Q3,10,21,2019Q2,2022Q1,0.008563550970658751
family_month__full_2017Q1_2022Q3,10,22,2019Q2,2022Q2,0.00801175002659218
family_month__full_2017Q1_2022Q3,10,23,2019Q2,2022Q3,0.004296111224790252
family_month__full_2017Q1_2022Q3,10,24,2019Q2,2023Q1,0.004907264096992653
family_month__full_2017Q1_2022Q3,10,25,2019Q2,2023Q2,0.008398182098241403
family_month__full_2017Q1_2022Q3,10,26,2019Q2,2023Q3,0.008345896790037628
family_month__full_2017Q1_2022Q3,10,27,2019Q2,2023Q4,0.00994782014658567
family_month__full_2017Q1_2022Q3,10,28,2019Q2,2024Q1,0.006099132913597238
family_month__full_2017Q1_2022Q3,10,29,2019Q2,2024Q2,0.003604936945710976
family_month__full_2017Q1_2022Q3,10,30,2019Q2,2024Q3,0.010260026336695089
family_month__full_2017Q1_2022Q3,10,31,2019Q2,2024Q4,0.010427342710591595
family_month__full_2017Q1_2022Q3,10,32,2019Q2,2025Q1,0.008892949241407391
family_month__full_2017Q1_2022Q3,10,33,2019Q2,2025Q2,0.013909990369592456
family_month__full_2017Q1_2022Q3,10,34,2019Q2,2025Q3,0.011240651571291296
family_month__full_2017Q1_2022Q3,10,35,2019Q2,2025Q4,0.01016666645361713
family_month__full_2017Q1_2022Q3,10,36,2019Q2,2026Q1,0.008397599992753428
family_month__full_2017Q1_2022Q3,10,37,2019Q2,2026Q2,0.01197282859301395
family_month__full_2017Q1_2022Q3,10,38,2019Q2,2026Q3,0.01023402903047425
family_month__full_2017Q1_2022Q3,11,1,2019Q3,2017Q1,0.016711547228082158
family_month__full_2017Q1_2022Q3,11,2,2019Q3,2017Q2,0.01692621510235706
family_month__full_2017Q1_2022Q3,11,3,2019Q3,2017Q3,0.014938743274271908
family_month__full_2017Q1_2022Q3,11,4,2019Q3,2017Q4,0.015050903933346654
family_month__full_2017Q1_2022Q3,11,5,2019Q3,2018Q1,0.015952628157744866
family_month__full_2017Q1_2022Q3,11,6,2019Q3,2018Q2,0.015401394201345158
family_month__full_2017Q1_2022Q3,11,7,2019Q3,2018Q3,0.019005336634560423
family_month__full_2017Q1_2022Q3,11,8,2019Q3,2018Q4,0.01403076508855948
family_month__full_2017Q1_2022Q3,11,9,2019Q3,2019Q1,0.016320163076941355
family_month__full_2017Q1_2022Q3,11,10,2019Q3,2019Q2,0.01745272702245178
family_month__full_2017Q1_2022Q3,11,11,2019Q3,2019Q3,0.022931595053115445
family_month__full_2017Q1_2022Q3,11,12,2019Q3,2019Q4,0.01623135499784762
family_month__full_2017Q1_2022Q3,11,13,2019Q3,2020Q1,0.011372921655314606
family_month__full_2017Q1_2022Q3,11,14,2019Q3,2020Q2,0.004909004958137172
family_month__full_2017Q1_2022Q3,11,15,2019Q3,2020Q3,0.009858968976584408
family_month__full_2017Q1_2022Q3,11,16,2019Q3,2020Q4,0.005532049548740564
family_month__full_2017Q1_2022Q3,11,17,2019Q3,2021Q1,0.006049303006687431
family_month__full_2017Q1_2022Q3,11,18,2019Q3,2021Q2,0.009483012527407873
family_month__full_2017Q1_2022Q3,11,19,2019Q3,2021Q3,0.009394696990113145
family_month__full_2017Q1_2022Q3,11,20,2019Q3,2021Q4,0.005535252500456696
family_month__full_2017Q1_2022Q3,11,21,2019Q3,2022Q1,0.009844797567014287
family_month__full_2017Q1_2022Q3,11,22,2019Q3,2022Q2,0.009663743862748412
family_month__full_2017Q1_2022Q3,11,23,2019Q3,2022Q3,0.006454746224065118
family_month__full_2017Q1_2022Q3,11,24,2019Q3,2023Q1,0.006251460276642617
family_month__full_2017Q1_2022Q3,11,25,2019Q3,2023Q2,0.007292224820892755
family_month__full_2017Q1_2022Q3,11,26,2019Q3,2023Q3,0.00963099772675771
family_month__full_2017Q1_2022Q3,11,27,2019Q3,2023Q4,0.00893087425584609
family_month__full_2017Q1_2022Q3,11,28,2019Q3,2024Q1,0.0061821687155935254
family_month__full_2017Q1_2022Q3,11,29,2019Q3,2024Q2,0.004931026142229749
family_month__full_2017Q1_2022Q3,11,30,2019Q3,2024Q3,0.009002291601178042
family_month__full_2017Q1_2022Q3,11,31,2019Q3,2024Q4,0.010846146777508475
family_month__full_2017Q1_2022Q3,11,32,2019Q3,2025Q1,0.009415126145073244
family_month__full_2017Q1_2022Q3,11,33,2019Q3,2025Q2,0.014185566440569314
family_month__full_2017Q1_2022Q3,11,34,2019Q3,2025Q3,0.012775720353555148
family_month__full_2017Q1_2022Q3,11,35,2019Q3,2025Q4,0.010386395497150074
family_month__full_2017Q1_2022Q3,11,36,2019Q3,2026Q1,0.009702263578392599
family_month__full_2017Q1_2022Q3,11,37,2019Q3,2026Q2,0.011395301185678382
family_month__full_2017Q1_2022Q3,11,38,2019Q3,2026Q3,0.011411517605232223
family_month__full_2017Q1_2022Q3,12,1,2019Q4,2017Q1,0.015793472640331194
family_month__full_2017Q1_2022Q3,12,2,2019Q4,2017Q2,0.015770181638107866
family_month__full_2017Q1_2022Q3,12,3,2019Q4,2017Q3,0.01492031149854449
family_month__full_2017Q1_2022Q3,12,4,2019Q4,2017Q4,0.01434238224396656
family_month__full_2017Q1_2022Q3,12,5,2019Q4,2018Q1,0.014782152724753377
family_month__full_2017Q1_2022Q3,12,6,2019Q4,2018Q2,0.014763477691661706
family_month__full_2017Q1_2022Q3,12,7,2019Q4,2018Q3,0.017500916601143262
family_month__full_2017Q1_2022Q3,12,8,2019Q4,2018Q4,0.014079886568002183
family_month__full_2017Q1_2022Q3,12,9,2019Q4,2019Q1,0.016606690644460565
family_month__full_2017Q1_2022Q3,12,10,2019Q4,2019Q2,0.014558281649201938
family_month__full_2017Q1_2022Q3,12,11,2019Q4,2019Q3,0.01623135499784762
family_month__full_2017Q1_2022Q3,12,12,2019Q4,2019Q4,0.02139141680527637
family_month__full_2017Q1_2022Q3,12,13,2019Q4,2020Q1,0.013546380653819117
family_month__full_2017Q1_2022Q3,12,14,2019Q4,2020Q2,0.007436585533601068
family_month__full_2017Q1_2022Q3,12,15,2019Q4,2020Q3,0.011477732576352389
family_month__full_2017Q1_2022Q3,12,16,2019Q4,2020Q4,0.009957499808969556
family_month__full_2017Q1_2022Q3,12,17,2019Q4,2021Q1,0.008484623972412913
family_month__full_2017Q1_2022Q3,12,18,2019Q4,2021Q2,0.012187517658923102
family_month__full_2017Q1_2022Q3,12,19,2019Q4,2021Q3,0.012394789571659825
family_month__full_2017Q1_2022Q3,12,20,2019Q4,2021Q4,0.007680155556317502
family_month__full_2017Q1_2022Q3,12,21,2019Q4,2022Q1,0.009460113587929317
family_month__full_2017Q1_2022Q3,12,22,2019Q4,2022Q2,0.01022369251298971
family_month__full_2017Q1_2022Q3,12,23,2019Q4,2022Q3,0.007224894240526174
family_month__full_2017Q1_2022Q3,12,24,2019Q4,2023Q1,0.009761932251441667
family_month__full_2017Q1_2022Q3,12,25,2019Q4,2023Q2,0.009771464283911036
family_month__full_2017Q1_2022Q3,12,26,2019Q4,2023Q3,0.008114770750169024
family_month__full_2017Q1_2022Q3,12,27,2019Q4,2023Q4,0.008482391881675223
family_month__full_2017Q1_2022Q3,12,28,2019Q4,2024Q1,0.0076119504104179645
family_month__full_2017Q1_2022Q3,12,29,2019Q4,2024Q2,0.007185726281826753
family_month__full_2017Q1_2022Q3,12,30,2019Q4,2024Q3,0.010536365062013007
family_month__full_2017Q1_2022Q3,12,31,2019Q4,2024Q4,0.008963715325547336
family_month__full_2017Q1_2022Q3,12,32,2019Q4,2025Q1,0.009169443046811186
family_month__full_2017Q1_2022Q3,12,33,2019Q4,2025Q2,0.01430257425129609
family_month__full_2017Q1_2022Q3,12,34,2019Q4,2025Q3,0.012784707755741814
family_month__full_2017Q1_2022Q3,12,35,2019Q4,2025Q4,0.010483449610676557
family_month__full_2017Q1_2022Q3,12,36,2019Q4,2026Q1,0.01013779159517636
family_month__full_2017Q1_2022Q3,12,37,2019Q4,2026Q2,0.012407272256554087
family_month__full_2017Q1_2022Q3,12,38,2019Q4,2026Q3,0.010454925111111023
family_month__full_2017Q1_2022Q3,13,1,2020Q1,2017Q1,0.012676431909252833
family_month__full_2017Q1_2022Q3,13,2,2020Q1,2017Q2,0.013380314225146307
family_month__full_2017Q1_2022Q3,13,3,2020Q1,2017Q3,0.012094963723501044
family_month__full_2017Q1_2022Q3,13,4,2020Q1,2017Q4,0.011020770358726836
family_month__full_2017Q1_2022Q3,13,5,2020Q1,2018Q1,0.012401067657494002
family_month__full_2017Q1_2022Q3,13,6,2020Q1,2018Q2,0.011642735480946954
family_month__full_2017Q1_2022Q3,13,7,2020Q1,2018Q3,0.012948498137532637
family_month__full_2017Q1_2022Q3,13,8,2020Q1,2018Q4,0.011245769329151247
family_month__full_2017Q1_2022Q3,13,9,2020Q1,2019Q1,0.012772348470649817
family_month__full_2017Q1_2022Q3,13,10,2020Q1,2019Q2,0.011419691030929184
family_month__full_2017Q1_2022Q3,13,11,2020Q1,2019Q3,0.011372921655314606
family_month__full_2017Q1_2022Q3,13,12,2020Q1,2019Q4,0.013546380653819117
family_month__full_2017Q1_2022Q3,13,13,2020Q1,2020Q1,0.017367640555912625
family_month__full_2017Q1_2022Q3,13,14,2020Q1,2020Q2,0.008418837708881789
family_month__full_2017Q1_2022Q3,13,15,2020Q1,2020Q3,0.008128609922440999
family_month__full_2017Q1_2022Q3,13,16,2020Q1,2020Q4,0.004818349534314724
family_month__full_2017Q1_2022Q3,13,17,2020Q1,2021Q1,0.00626353156422353
family_month__full_2017Q1_2022Q3,13,18,2020Q1,2021Q2,0.005965645426278827
family_month__full_2017Q1_2022Q3,13,19,2020Q1,2021Q3,0.008255621201816603
family_month__full_2017Q1_2022Q3,13,20,2020Q1,2021Q4,0.006477437784196462
family_month__full_2017Q1_2022Q3,13,21,2020Q1,2022Q1,0.0066524479370286506
family_month__full_2017Q1_2022Q3,13,22,2020Q1,2022Q2,0.007140177637842104
family_month__full_2017Q1_2022Q3,13,23,2020Q1,2022Q3,0.004080422458498068
family_month__full_2017Q1_2022Q3,13,24,2020Q1,2023Q1,0.00604701412085205
family_month__full_2017Q1_2022Q3,13,25,2020Q1,2023Q2,0.009256832019657924
family_month__full_2017Q1_2022Q3,13,26,2020Q1,2023Q3,0.008626824366687652
family_month__full_2017Q1_2022Q3,13,27,2020Q1,2023Q4,0.009069686932749184
family_month__full_2017Q1_2022Q3,13,28,2020Q1,2024Q1,0.007814138889768885
family_month__full_2017Q1_2022Q3,13,29,2020Q1,2024Q2,0.00786270498085522
family_month__full_2017Q1_2022Q3,13,30,2020Q1,2024Q3,0.010921968866340913
family_month__full_2017Q1_2022Q3,13,31,2020Q1,2024Q4,0.010725659339077646
family_month__full_2017Q1_2022Q3,13,32,2020Q1,2025Q1,0.008737070081921428
family_month__full_2017Q1_2022Q3,13,33,2020Q1,2025Q2,0.011620870760593453
family_month__full_2017Q1_2022Q3,13,34,2020Q1,2025Q3,0.008690668510939114
family_month__full_2017Q1_2022Q3,13,35,2020Q1,2025Q4,0.008829267464973105
family_month__full_2017Q1_2022Q3,13,36,2020Q1,2026Q1,0.008414447373474954
family_month__full_2017Q1_2022Q3,13,37,2020Q1,2026Q2,0.010668960667774688
family_month__full_2017Q1_2022Q3,13,38,2020Q1,2026Q3,0.009914420270747668
family_month__full_2017Q1_2022Q3,14,1,2020Q2,2017Q1,0.004747226332176239
family_month__full_2017Q1_2022Q3,14,2,2020Q2,2017Q2,0.007464031596234712
family_month__full_2017Q1_2022Q3,14,3,2020Q2,2017Q3,0.006155467585089783
family_month__full_2017Q1_2022Q3,14,4,2020Q2,2017Q4,0.0064359476011850054
family_month__full_2017Q1_2022Q3,14,5,2020Q2,2018Q1,0.008748462018220531
family_month__full_2017Q1_2022Q3,14,6,2020Q2,2018Q2,0.0061723979088881805
family_month__full_2017Q1_2022Q3,14,7,2020Q2,2018Q3,0.006127936433668588
family_month__full_2017Q1_2022Q3,14,8,2020Q2,2018Q4,0.007664806920994587
family_month__full_2017Q1_2022Q3,14,9,2020Q2,2019Q1,0.008980048419131206
family_month__full_2017Q1_2022Q3,14,10,2020Q2,2019Q2,0.005704260123954299
family_month__full_2017Q1_2022Q3,14,11,2020Q2,2019Q3,0.004909004958137172
family_month__full_2017Q1_2022Q3,14,12,2020Q2,2019Q4,0.007436585533601067
family_month__full_2017Q1_2022Q3,14,13,2020Q2,2020Q1,0.008418837708881789
family_month__full_2017Q1_2022Q3,14,14,2020Q2,2020Q2,0.017282418193790478
family_month__full_2017Q1_2022Q3,14,15,2020Q2,2020Q3,0.011101649699455943
family_month__full_2017Q1_2022Q3,14,16,2020Q2,2020Q4,0.005475530765134708
family_month__full_2017Q1_2022Q3,14,17,2020Q2,2021Q1,0.007323999615744302
family_month__full_2017Q1_2022Q3,14,18,2020Q2,2021Q2,0.007982859869348883
family_month__full_2017Q1_2022Q3,14,19,2020Q2,2021Q3,0.0074885845121208175
family_month__full_2017Q1_2022Q3,14,20,2020Q2,2021Q4,0.0070949342097638
family_month__full_2017Q1_2022Q3,14,21,2020Q2,2022Q1,0.007351664032861931
family_month__full_2017Q1_2022Q3,14,22,2020Q2,2022Q2,0.004966859519821405
family_month__full_2017Q1_2022Q3,14,23,2020Q2,2022Q3,0.00453805751673848
family_month__full_2017Q1_2022Q3,14,24,2020Q2,2023Q1,0.0061516778749473745
family_month__full_2017Q1_2022Q3,14,25,2020Q2,2023Q2,0.006099977642698338
family_month__full_2017Q1_2022Q3,14,26,2020Q2,2023Q3,0.004258493930878882
family_month__full_2017Q1_2022Q3,14,27,2020Q2,2023Q4,0.007244101072132222
family_month__full_2017Q1_2022Q3,14,28,2020Q2,2024Q1,0.005880808790583215
family_month__full_2017Q1_2022Q3,14,29,2020Q2,2024Q2,0.006362649383116451
family_month__full_2017Q1_2022Q3,14,30,2020Q2,2024Q3,0.008266972288033761
family_month__full_2017Q1_2022Q3,14,31,2020Q2,2024Q4,0.00970801961084252
family_month__full_2017Q1_2022Q3,14,32,2020Q2,2025Q1,0.007131052758452822
family_month__full_2017Q1_2022Q3,14,33,2020Q2,2025Q2,0.010803230553026694
family_month__full_2017Q1_2022Q3,14,34,2020Q2,2025Q3,0.009511145192915923
family_month__full_2017Q1_2022Q3,14,35,2020Q2,2025Q4,0.006841760971557788
family_month__full_2017Q1_2022Q3,14,36,2020Q2,2026Q1,0.008417494853289412
family_month__full_2017Q1_2022Q3,14,37,2020Q2,2026Q2,0.009230579949003379
family_month__full_2017Q1_2022Q3,14,38,2020Q2,2026Q3,0.006622080503763254
family_month__full_2017Q1_2022Q3,15,1,2020Q3,2017Q1,0.011131587715766339
family_month__full_2017Q1_2022Q3,15,2,2020Q3,2017Q2,0.012700378750523239
family_month__full_2017Q1_2022Q3,15,3,2020Q3,2017Q3,0.009597010466048161
family_month__full_2017Q1_2022Q3,15,4,2020Q3,2017Q4,0.01207990153706823
family_month__full_2017Q1_2022Q3,15,5,2020Q3,2018Q1,0.01556982778000831
family_month__full_2017Q1_2022Q3,15,6,2020Q3,2018Q2,0.011709072585899918
family_month__full_2017Q1_2022Q3,15,7,2020Q3,2018Q3,0.012371400437074364
family_month__full_2017Q1_2022Q3,15,8,2020Q3,2018Q4,0.011609378572686017
family_month__full_2017Q1_2022Q3,15,9,2020Q3,2019Q1,0.011684003974441508
family_month__full_2017Q1_2022Q3,15,10,2020Q3,2019Q2,0.00999430731777014
family_month__full_2017Q1_2022Q3,15,11,2020Q3,2019Q3,0.009858968976584408
family_month__full_2017Q1_2022Q3,15,12,2020Q3,2019Q4,0.011477732576352389
family_month__full_2017Q1_2022Q3,15,13,2020Q3,2020Q1,0.008128609922441
family_month__full_2017Q1_2022Q3,15,14,2020Q3,2020Q2,0.011101649699455943
family_month__full_2017Q1_2022Q3,15,15,2020Q3,2020Q3,0.02275805888586239
family_month__full_2017Q1_2022Q3,15,16,2020Q3,2020Q4,0.013269782531671007
family_month__full_2017Q1_2022Q3,15,17,2020Q3,2021Q1,0.010343463382690519
family_month__full_2017Q1_2022Q3,15,18,2020Q3,2021Q2,0.015363765637627643
family_month__full_2017Q1_2022Q3,15,19,2020Q3,2021Q3,0.010794006094747885
family_month__full_2017Q1_2022Q3,15,20,2020Q3,2021Q4,0.009488926496803197
family_month__full_2017Q1_2022Q3,15,21,2020Q3,2022Q1,0.010945041823923524
family_month__full_2017Q1_2022Q3,15,22,2020Q3,2022Q2,0.008386912186022973
family_month__full_2017Q1_2022Q3,15,23,2020Q3,2022Q3,0.008060974189666151
family_month__full_2017Q1_2022Q3,15,24,2020Q3,2023Q1,0.011580851034944965
family_month__full_2017Q1_2022Q3,15,25,2020Q3,2023Q2,0.009840429724423895
family_month__full_2017Q1_2022Q3,15,26,2020Q3,2023Q3,0.007848549612569491
family_month__full_2017Q1_2022Q3,15,27,2020Q3,2023Q4,0.010662924965921515
family_month__full_2017Q1_2022Q3,15,28,2020Q3,2024Q1,0.009802057517307599
family_month__full_2017Q1_2022Q3,15,29,2020Q3,2024Q2,0.009031771210350389
family_month__full_2017Q1_2022Q3,15,30,2020Q3,2024Q3,0.012862867004736218
family_month__full_2017Q1_2022Q3,15,31,2020Q3,2024Q4,0.009712972952230236
family_month__full_2017Q1_2022Q3,15,32,2020Q3,2025Q1,0.008325619444425798
family_month__full_2017Q1_2022Q3,15,33,2020Q3,2025Q2,0.018064402127562967
family_month__full_2017Q1_2022Q3,15,34,2020Q3,2025Q3,0.01646890141335269
family_month__full_2017Q1_2022Q3,15,35,2020Q3,2025Q4,0.01139470201705412
family_month__full_2017Q1_2022Q3,15,36,2020Q3,2026Q1,0.009878182286800834
family_month__full_2017Q1_2022Q3,15,37,2020Q3,2026Q2,0.011837921170624063
family_month__full_2017Q1_2022Q3,15,38,2020Q3,2026Q3,0.009298021913883708
family_month__full_2017Q1_2022Q3,16,1,2020Q4,2017Q1,0.006290399238636068
family_month__full_2017Q1_2022Q3,16,2,2020Q4,2017Q2,0.007108886999741006
family_month__full_2017Q1_2022Q3,16,3,2020Q4,2017Q3,0.0065974848767900735
family_month__full_2017Q1_2022Q3,16,4,2020Q4,2017Q4,0.00820103344829578
family_month__full_2017Q1_2022Q3,16,5,2020Q4,2018Q1,0.008791935210826586
family_month__full_2017Q1_2022Q3,16,6,2020Q4,2018Q2,0.007627803344766797
family_month__full_2017Q1_2022Q3,16,7,2020Q4,2018Q3,0.009286447655971208
family_month__full_2017Q1_2022Q3,16,8,2020Q4,2018Q4,0.00853934202136256
family_month__full_2017Q1_2022Q3,16,9,2020Q4,2019Q1,0.010925071193487852
family_month__full_2017Q1_2022Q3,16,10,2020Q4,2019Q2,0.007789366872396366
family_month__full_2017Q1_2022Q3,16,11,2020Q4,2019Q3,0.005532049548740564
family_month__full_2017Q1_2022Q3,16,12,2020Q4,2019Q4,0.009957499808969558
family_month__full_2017Q1_2022Q3,16,13,2020Q4,2020Q1,0.004818349534314725
family_month__full_2017Q1_2022Q3,16,14,2020Q4,2020Q2,0.005475530765134708
family_month__full_2017Q1_2022Q3,16,15,2020Q4,2020Q3,0.013269782531671007
family_month__full_2017Q1_2022Q3,16,16,2020Q4,2020Q4,0.023298591554842485
family_month__full_2017Q1_2022Q3,16,17,2020Q4,2021Q1,0.011833174490976692
family_month__full_2017Q1_2022Q3,16,18,2020Q4,2021Q2,0.016000938241809367
family_month__full_2017Q1_2022Q3,16,19,2020Q4,2021Q3,0.01360773891254368
family_month__full_2017Q1_2022Q3,16,20,2020Q4,2021Q4,0.010799934930617337
family_month__full_2017Q1_2022Q3,16,21,2020Q4,2022Q1,0.009883878356856082
family_month__full_2017Q1_2022Q3,16,22,2020Q4,2022Q2,0.009090176016359162
family_month__full_2017Q1_2022Q3,16,23,2020Q4,2022Q3,0.007460523258815203
family_month__full_2017Q1_2022Q3,16,24,2020Q4,2023Q1,0.00955581230029327
family_month__full_2017Q1_2022Q3,16,25,2020Q4,2023Q2,0.010141388217803818
family_month__full_2017Q1_2022Q3,16,26,2020Q4,2023Q3,0.006479324446412687
family_month__full_2017Q1_2022Q3,16,27,2020Q4,2023Q4,0.008050577259114525
family_month__full_2017Q1_2022Q3,16,28,2020Q4,2024Q1,0.007997484320929593
family_month__full_2017Q1_2022Q3,16,29,2020Q4,2024Q2,0.0080191135516453
family_month__full_2017Q1_2022Q3,16,30,2020Q4,2024Q3,0.005866854251870439
family_month__full_2017Q1_2022Q3,16,31,2020Q4,2024Q4,0.002547851098365251
family_month__full_2017Q1_2022Q3,16,32,2020Q4,2025Q1,0.007442869531206599
family_month__full_2017Q1_2022Q3,16,33,2020Q4,2025Q2,0.01060805372451033
family_month__full_2017Q1_2022Q3,16,34,2020Q4,2025Q3,0.009692697666496507
family_month__full_2017Q1_2022Q3,16,35,2020Q4,2025Q4,0.007170880003932798
family_month__full_2017Q1_2022Q3,16,36,2020Q4,2026Q1,0.007586205944271749
family_month__full_2017Q1_2022Q3,16,37,2020Q4,2026Q2,0.0070947227032130645
family_month__full_2017Q1_2022Q3,16,38,2020Q4,2026Q3,0.004704926537822945
family_month__full_2017Q1_2022Q3,17,1,2021Q1,2017Q1,0.006329906485357254
family_month__full_2017Q1_2022Q3,17,2,2021Q1,2017Q2,0.006679227147669152
family_month__full_2017Q1_2022Q3,17,3,2021Q1,2017Q3,0.005821063495985733
family_month__full_2017Q1_2022Q3,17,4,2021Q1,2017Q4,0.007104648791488396
family_month__full_2017Q1_2022Q3,17,5,2021Q1,2018Q1,0.008079294056510656
family_month__full_2017Q1_2022Q3,17,6,2021Q1,2018Q2,0.005802621027782213
family_month__full_2017Q1_2022Q3,17,7,2021Q1,2018Q3,0.0062520994135694926
family_month__full_2017Q1_2022Q3,17,8,2021Q1,2018Q4,0.008600993666740064
family_month__full_2017Q1_2022Q3,17,9,2021Q1,2019Q1,0.009044562346279924
family_month__full_2017Q1_2022Q3,17,10,2021Q1,2019Q2,0.0071153692112155605
family_month__full_2017Q1_2022Q3,17,11,2021Q1,2019Q3,0.006049303006687429
family_month__full_2017Q1_2022Q3,17,12,2021Q1,2019Q4,0.008484623972412914
family_month__full_2017Q1_2022Q3,17,13,2021Q1,2020Q1,0.00626353156422353
family_month__full_2017Q1_2022Q3,17,14,2021Q1,2020Q2,0.007323999615744302
family_month__full_2017Q1_2022Q3,17,15,2021Q1,2020Q3,0.010343463382690519
family_month__full_2017Q1_2022Q3,17,16,2021Q1,2020Q4,0.011833174490976692
family_month__full_2017Q1_2022Q3,17,17,2021Q1,2021Q1,0.01517853450629308
family_month__full_2017Q1_2022Q3,17,18,2021Q1,2021Q2,0.013835910928330974
family_month__full_2017Q1_2022Q3,17,19,2021Q1,2021Q3,0.009926389335366784
family_month__full_2017Q1_2022Q3,17,20,2021Q1,2021Q4,0.009471974689506203
family_month__full_2017Q1_2022Q3,17,21,2021Q1,2022Q1,0.008993038860681741
family_month__full_2017Q1_2022Q3,17,22,2021Q1,2022Q2,0.008120792544847186
family_month__full_2017Q1_2022Q3,17,23,2021Q1,2022Q3,0.005641183497267252
family_month__full_2017Q1_2022Q3,17,24,2021Q1,2023Q1,0.008449186369302975
family_month__full_2017Q1_2022Q3,17,25,2021Q1,2023Q2,0.007379779003664506
family_month__full_2017Q1_2022Q3,17,26,2021Q1,2023Q3,0.0047537077721397335
family_month__full_2017Q1_2022Q3,17,27,2021Q1,2023Q4,0.008678714217978278
family_month__full_2017Q1_2022Q3,17,28,2021Q1,2024Q1,0.00818355970386261
family_month__full_2017Q1_2022Q3,17,29,2021Q1,2024Q2,0.006269059869297888
family_month__full_2017Q1_2022Q3,17,30,2021Q1,2024Q3,0.004961946574044369
family_month__full_2017Q1_2022Q3,17,31,2021Q1,2024Q4,0.004588163047004622
family_month__full_2017Q1_2022Q3,17,32,2021Q1,2025Q1,0.006770659331285433
family_month__full_2017Q1_2022Q3,17,33,2021Q1,2025Q2,0.011145718250560412
family_month__full_2017Q1_2022Q3,17,34,2021Q1,2025Q3,0.009974588915509302
family_month__full_2017Q1_2022Q3,17,35,2021Q1,2025Q4,0.006884401589710662
family_month__full_2017Q1_2022Q3,17,36,2021Q1,2026Q1,0.007347458472830566
family_month__full_2017Q1_2022Q3,17,37,2021Q1,2026Q2,0.006882108711948519
family_month__full_2017Q1_2022Q3,17,38,2021Q1,2026Q3,0.003779151149934784
family_month__full_2017Q1_2022Q3,18,1,2021Q2,2017Q1,0.010279078268351347
family_month__full_2017Q1_2022Q3,18,2,2021Q2,2017Q2,0.009290912598137172
family_month__full_2017Q1_2022Q3,18,3,2021Q2,2017Q3,0.006743791900385404
family_month__full_2017Q1_2022Q3,18,4,2021Q2,2017Q4,0.009231339811615995
family_month__full_2017Q1_2022Q3,18,5,2021Q2,2018Q1,0.011364192743494317
family_month__full_2017Q1_2022Q3,18,6,2021Q2,2018Q2,0.007432188150132405
family_month__full_2017Q1_2022Q3,18,7,2021Q2,2018Q3,0.010443151113027672
family_month__full_2017Q1_2022Q3,18,8,2021Q2,2018Q4,0.008610229230264027
family_month__full_2017Q1_2022Q3,18,9,2021Q2,2019Q1,0.008849957537446357
family_month__full_2017Q1_2022Q3,18,10,2021Q2,2019Q2,0.008091839187685029
family_month__full_2017Q1_2022Q3,18,11,2021Q2,2019Q3,0.009483012527407873
family_month__full_2017Q1_2022Q3,18,12,2021Q2,2019Q4,0.012187517658923104
family_month__full_2017Q1_2022Q3,18,13,2021Q2,2020Q1,0.005965645426278828
family_month__full_2017Q1_2022Q3,18,14,2021Q2,2020Q2,0.007982859869348883
family_month__full_2017Q1_2022Q3,18,15,2021Q2,2020Q3,0.015363765637627643
family_month__full_2017Q1_2022Q3,18,16,2021Q2,2020Q4,0.016000938241809367
family_month__full_2017Q1_2022Q3,18,17,2021Q2,2021Q1,0.013835910928330974
family_month__full_2017Q1_2022Q3,18,18,2021Q2,2021Q2,0.0318935061823295
family_month__full_2017Q1_2022Q3,18,19,2021Q2,2021Q3,0.016752450479826913
family_month__full_2017Q1_2022Q3,18,20,2021Q2,2021Q4,0.016286713367847924
family_month__full_2017Q1_2022Q3,18,21,2021Q2,2022Q1,0.01670217170325647
family_month__full_2017Q1_2022Q3,18,22,2021Q2,2022Q2,0.013568345643869759
family_month__full_2017Q1_2022Q3,18,23,2021Q2,2022Q3,0.010981562383073353
family_month__full_2017Q1_2022Q3,18,24,2021Q2,2023Q1,0.015597131109648714
family_month__full_2017Q1_2022Q3,18,25,2021Q2,2023Q2,0.0110311412640357
family_month__full_2017Q1_2022Q3,18,26,2021Q2,2023Q3,0.007392202980066094
family_month__full_2017Q1_2022Q3,18,27,2021Q2,2023Q4,0.009714203328286375
family_month__full_2017Q1_2022Q3,18,28,2021Q2,2024Q1,0.010395464936239355
family_month__full_2017Q1_2022Q3,18,29,2021Q2,2024Q2,0.009147889622214743
family_month__full_2017Q1_2022Q3,18,30,2021Q2,2024Q3,0.00494176846359522
family_month__full_2017Q1_2022Q3,18,31,2021Q2,2024Q4,0.0036178325267783905
family_month__full_2017Q1_2022Q3,18,32,2021Q2,2025Q1,0.01147000208305431
family_month__full_2017Q1_2022Q3,18,33,2021Q2,2025Q2,0.020471743239571738
family_month__full_2017Q1_2022Q3,18,34,2021Q2,2025Q3,0.018181457944602422
family_month__full_2017Q1_2022Q3,18,35,2021Q2,2025Q4,0.009694386651100088
family_month__full_2017Q1_2022Q3,18,36,2021Q2,2026Q1,0.010552218354720108
family_month__full_2017Q1_2022Q3,18,37,2021Q2,2026Q2,0.011523581344998193
family_month__full_2017Q1_2022Q3,18,38,2021Q2,2026Q3,0.011096509414878143
family_month__full_2017Q1_2022Q3,19,1,2021Q3,2017Q1,0.011494494300074378
family_month__full_2017Q1_2022Q3,19,2,2021Q3,2017Q2,0.009722785158129917
family_month__full_2017Q1_2022Q3,19,3,2021Q3,2017Q3,0.009955957189912193
family_month__full_2017Q1_2022Q3,19,4,2021Q3,2017Q4,0.011223399732765215
family_month__full_2017Q1_2022Q3,19,5,2021Q3,2018Q1,0.010353258564087989
family_month__full_2017Q1_2022Q3,19,6,2021Q3,2018Q2,0.009573422574539619
family_month__full_2017Q1_2022Q3,19,7,2021Q3,2018Q3,0.01000679600593551
family_month__full_2017Q1_2022Q3,19,8,2021Q3,2018Q4,0.009103627527933316
family_month__full_2017Q1_2022Q3,19,9,2021Q3,2019Q1,0.009980901434482475
family_month__full_2017Q1_2022Q3,19,10,2021Q3,2019Q2,0.010248136939609942
family_month__full_2017Q1_2022Q3,19,11,2021Q3,2019Q3,0.009394696990113147
family_month__full_2017Q1_2022Q3,19,12,2021Q3,2019Q4,0.012394789571659825
family_month__full_2017Q1_2022Q3,19,13,2021Q3,2020Q1,0.008255621201816603
family_month__full_2017Q1_2022Q3,19,14,2021Q3,2020Q2,0.0074885845121208175
family_month__full_2017Q1_2022Q3,19,15,2021Q3,2020Q3,0.010794006094747885
family_month__full_2017Q1_2022Q3,19,16,2021Q3,2020Q4,0.01360773891254368
family_month__full_2017Q1_2022Q3,19,17,2021Q3,2021Q1,0.009926389335366782
family_month__full_2017Q1_2022Q3,19,18,2021Q3,2021Q2,0.016752450479826913
family_month__full_2017Q1_2022Q3,19,19,2021Q3,2021Q3,0.020981366210157976
family_month__full_2017Q1_2022Q3,19,20,2021Q3,2021Q4,0.012487938615678807
family_month__full_2017Q1_2022Q3,19,21,2021Q3,2022Q1,0.010725194627753155
family_month__full_2017Q1_2022Q3,19,22,2021Q3,2022Q2,0.009606127273480588
family_month__full_2017Q1_2022Q3,19,23,2021Q3,2022Q3,0.008139647404442797
family_month__full_2017Q1_2022Q3,19,24,2021Q3,2023Q1,0.009611534709783542
family_month__full_2017Q1_2022Q3,19,25,2021Q3,2023Q2,0.012376719460857794
family_month__full_2017Q1_2022Q3,19,26,2021Q3,2023Q3,0.008687916897953507
family_month__full_2017Q1_2022Q3,19,27,2021Q3,2023Q4,0.010310003639032799
family_month__full_2017Q1_2022Q3,19,28,2021Q3,2024Q1,0.009990160655859713
family_month__full_2017Q1_2022Q3,19,29,2021Q3,2024Q2,0.00830898005065127
family_month__full_2017Q1_2022Q3,19,30,2021Q3,2024Q3,0.007241415077751404
family_month__full_2017Q1_2022Q3,19,31,2021Q3,2024Q4,0.008742481748978037
family_month__full_2017Q1_2022Q3,19,32,2021Q3,2025Q1,0.010273934108865953
family_month__full_2017Q1_2022Q3,19,33,2021Q3,2025Q2,0.01381788238952523
family_month__full_2017Q1_2022Q3,19,34,2021Q3,2025Q3,0.011721954965068553
family_month__full_2017Q1_2022Q3,19,35,2021Q3,2025Q4,0.012032109965249081
family_month__full_2017Q1_2022Q3,19,36,2021Q3,2026Q1,0.01301148346151915
family_month__full_2017Q1_2022Q3,19,37,2021Q3,2026Q2,0.012044680012859337
family_month__full_2017Q1_2022Q3,19,38,2021Q3,2026Q3,0.009485489030616141
family_month__full_2017Q1_2022Q3,20,1,2021Q4,2017Q1,0.007440514510317348
family_month__full_2017Q1_2022Q3,20,2,2021Q4,2017Q2,0.007793402272412584
family_month__full_2017Q1_2022Q3,20,3,2021Q4,2017Q3,0.006350651037650645
family_month__full_2017Q1_2022Q3,20,4,2021Q4,2017Q4,0.007235134266858926
family_month__full_2017Q1_2022Q3,20,5,2021Q4,2018Q1,0.007099390803357379
family_month__full_2017Q1_2022Q3,20,6,2021Q4,2018Q2,0.006339701152318267
family_month__full_2017Q1_2022Q3,20,7,2021Q4,2018Q3,0.007313535642766628
family_month__full_2017Q1_2022Q3,20,8,2021Q4,2018Q4,0.007839734126552008
family_month__full_2017Q1_2022Q3,20,9,2021Q4,2019Q1,0.006801825476696463
family_month__full_2017Q1_2022Q3,20,10,2021Q4,2019Q2,0.006049252182810041
family_month__full_2017Q1_2022Q3,20,11,2021Q4,2019Q3,0.005535252500456695
family_month__full_2017Q1_2022Q3,20,12,2021Q4,2019Q4,0.007680155556317501
family_month__full_2017Q1_2022Q3,20,13,2021Q4,2020Q1,0.006477437784196462
family_month__full_2017Q1_2022Q3,20,14,2021Q4,2020Q2,0.007094934209763799
family_month__full_2017Q1_2022Q3,20,15,2021Q4,2020Q3,0.009488926496803197
family_month__full_2017Q1_2022Q3,20,16,2021Q4,2020Q4,0.010799934930617337
family_month__full_2017Q1_2022Q3,20,17,2021Q4,2021Q1,0.009471974689506203
family_month__full_2017Q1_2022Q3,20,18,2021Q4,2021Q2,0.016286713367847924
family_month__full_2017Q1_2022Q3,20,19,2021Q4,2021Q3,0.012487938615678807
family_month__full_2017Q1_2022Q3,20,20,2021Q4,2021Q4,0.016332653654248117
family_month__full_2017Q1_2022Q3,20,21,2021Q4,2022Q1,0.012009176807420079
family_month__full_2017Q1_2022Q3,20,22,2021Q4,2022Q2,0.008531314227462629
family_month__full_2017Q1_2022Q3,20,23,2021Q4,2022Q3,0.007263505765362193
family_month__full_2017Q1_2022Q3,20,24,2021Q4,2023Q1,0.008976039877056767
family_month__full_2017Q1_2022Q3,20,25,2021Q4,2023Q2,0.00818352243417286
family_month__full_2017Q1_2022Q3,20,26,2021Q4,2023Q3,0.006813927641155711
family_month__full_2017Q1_2022Q3,20,27,2021Q4,2023Q4,0.009131100481622767
family_month__full_2017Q1_2022Q3,20,28,2021Q4,2024Q1,0.007794146772474458
family_month__full_2017Q1_2022Q3,20,29,2021Q4,2024Q2,0.00746134199126385
family_month__full_2017Q1_2022Q3,20,30,2021Q4,2024Q3,0.0049547355450308885
family_month__full_2017Q1_2022Q3,20,31,2021Q4,2024Q4,0.004304135453736559
family_month__full_2017Q1_2022Q3,20,32,2021Q4,2025Q1,0.008621043331184486
family_month__full_2017Q1_2022Q3,20,33,2021Q4,2025Q2,0.01231640681135716
family_month__full_2017Q1_2022Q3,20,34,2021Q4,2025Q3,0.00973841759982183
family_month__full_2017Q1_2022Q3,20,35,2021Q4,2025Q4,0.007921937371191496
family_month__full_2017Q1_2022Q3,20,36,2021Q4,2026Q1,0.006778567433675404
family_month__full_2017Q1_2022Q3,20,37,2021Q4,2026Q2,0.0075729573164839276
family_month__full_2017Q1_2022Q3,20,38,2021Q4,2026Q3,0.006393036145499192
family_month__full_2017Q1_2022Q3,21,1,2022Q1,2017Q1,0.007625285304990577
family_month__full_2017Q1_2022Q3,21,2,2022Q1,2017Q2,0.0099111589425745
family_month__full_2017Q1_2022Q3,21,3,2022Q1,2017Q3,0.008319987327895444
family_month__full_2017Q1_2022Q3,21,4,2022Q1,2017Q4,0.010546836677501083
family_month__full_2017Q1_2022Q3,21,5,2022Q1,2018Q1,0.009449963753451942
family_month__full_2017Q1_2022Q3,21,6,2022Q1,2018Q2,0.00918171294715319
family_month__full_2017Q1_2022Q3,21,7,2022Q1,2018Q3,0.011112605150379214
family_month__full_2017Q1_2022Q3,21,8,2022Q1,2018Q4,0.009576561922470493
family_month__full_2017Q1_2022Q3,21,9,2022Q1,2019Q1,0.010245502212324255
family_month__full_2017Q1_2022Q3,21,10,2022Q1,2019Q2,0.00856355097065875
family_month__full_2017Q1_2022Q3,21,11,2022Q1,2019Q3,0.009844797567014285
family_month__full_2017Q1_2022Q3,21,12,2022Q1,2019Q4,0.009460113587929317
family_month__full_2017Q1_2022Q3,21,13,2022Q1,2020Q1,0.0066524479370286506
family_month__full_2017Q1_2022Q3,21,14,2022Q1,2020Q2,0.007351664032861931
family_month__full_2017Q1_2022Q3,21,15,2022Q1,2020Q3,0.010945041823923524
family_month__full_2017Q1_2022Q3,21,16,2022Q1,2020Q4,0.009883878356856082
family_month__full_2017Q1_2022Q3,21,17,2022Q1,2021Q1,0.008993038860681743
family_month__full_2017Q1_2022Q3,21,18,2022Q1,2021Q2,0.01670217170325647
family_month__full_2017Q1_2022Q3,21,19,2022Q1,2021Q3,0.010725194627753155
family_month__full_2017Q1_2022Q3,21,20,2022Q1,2021Q4,0.012009176807420079
family_month__full_2017Q1_2022Q3,21,21,2022Q1,2022Q1,0.020084194585782207
family_month__full_2017Q1_2022Q3,21,22,2022Q1,2022Q2,0.0141774739168136
family_month__full_2017Q1_2022Q3,21,23,2022Q1,2022Q3,0.009999189303147154
family_month__full_2017Q1_2022Q3,21,24,2022Q1,2023Q1,0.010829002541216711
family_month__full_2017Q1_2022Q3,21,25,2022Q1,2023Q2,0.008133965053570506
family_month__full_2017Q1_2022Q3,21,26,2022Q1,2023Q3,0.007182581551485615
family_month__full_2017Q1_2022Q3,21,27,2022Q1,2023Q4,0.007740426232928333
family_month__full_2017Q1_2022Q3,21,28,2022Q1,2024Q1,0.0076799260030213975
family_month__full_2017Q1_2022Q3,21,29,2022Q1,2024Q2,0.007699837996066852
family_month__full_2017Q1_2022Q3,21,30,2022Q1,2024Q3,0.006924691148825248
family_month__full_2017Q1_2022Q3,21,31,2022Q1,2024Q4,0.005737839599243691
family_month__full_2017Q1_2022Q3,21,32,2022Q1,2025Q1,0.010321544557197639
family_month__full_2017Q1_2022Q3,21,33,2022Q1,2025Q2,0.015039043097595864
family_month__full_2017Q1_2022Q3,21,34,2022Q1,2025Q3,0.013944625546347018
family_month__full_2017Q1_2022Q3,21,35,2022Q1,2025Q4,0.008629234264463485
family_month__full_2017Q1_2022Q3,21,36,2022Q1,2026Q1,0.008538070962823734
family_month__full_2017Q1_2022Q3,21,37,2022Q1,2026Q2,0.00894282451089888
family_month__full_2017Q1_2022Q3,21,38,2022Q1,2026Q3,0.009048061283372634
family_month__full_2017Q1_2022Q3,22,1,2022Q2,2017Q1,0.007856455347801408
family_month__full_2017Q1_2022Q3,22,2,2022Q2,2017Q2,0.007845590702298144
family_month__full_2017Q1_2022Q3,22,3,2022Q2,2017Q3,0.008041353040757402
family_month__full_2017Q1_2022Q3,22,4,2022Q2,2017Q4,0.009293399906405006
family_month__full_2017Q1_2022Q3,22,5,2022Q2,2018Q1,0.007512142529604276
family_month__full_2017Q1_2022Q3,22,6,2022Q2,2018Q2,0.008360252202712602
family_month__full_2017Q1_2022Q3,22,7,2022Q2,2018Q3,0.01181027583038059
family_month__full_2017Q1_2022Q3,22,8,2022Q2,2018Q4,0.008904838099548664
family_month__full_2017Q1_2022Q3,22,9,2022Q2,2019Q1,0.009393397995306932
family_month__full_2017Q1_2022Q3,22,10,2022Q2,2019Q2,0.00801175002659218
family_month__full_2017Q1_2022Q3,22,11,2022Q2,2019Q3,0.00966374386274841
family_month__full_2017Q1_2022Q3,22,12,2022Q2,2019Q4,0.010223692512989711
family_month__full_2017Q1_2022Q3,22,13,2022Q2,2020Q1,0.007140177637842105
family_month__full_2017Q1_2022Q3,22,14,2022Q2,2020Q2,0.004966859519821405
family_month__full_2017Q1_2022Q3,22,15,2022Q2,2020Q3,0.008386912186022973
family_month__full_2017Q1_2022Q3,22,16,2022Q2,2020Q4,0.009090176016359162
family_month__full_2017Q1_2022Q3,22,17,2022Q2,2021Q1,0.008120792544847186
family_month__full_2017Q1_2022Q3,22,18,2022Q2,2021Q2,0.013568345643869759
family_month__full_2017Q1_2022Q3,22,19,2022Q2,2021Q3,0.009606127273480588
family_month__full_2017Q1_2022Q3,22,20,2022Q2,2021Q4,0.008531314227462629
family_month__full_2017Q1_2022Q3,22,21,2022Q2,2022Q1,0.0141774739168136
family_month__full_2017Q1_2022Q3,22,22,2022Q2,2022Q2,0.018137603055075984
family_month__full_2017Q1_2022Q3,22,23,2022Q2,2022Q3,0.010701946353487691
family_month__full_2017Q1_2022Q3,22,24,2022Q2,2023Q1,0.00940822791193692
family_month__full_2017Q1_2022Q3,22,25,2022Q2,2023Q2,0.0083029222549326
family_month__full_2017Q1_2022Q3,22,26,2022Q2,2023Q3,0.006783384014095224
family_month__full_2017Q1_2022Q3,22,27,2022Q2,2023Q4,0.0049890031090343975
family_month__full_2017Q1_2022Q3,22,28,2022Q2,2024Q1,0.006053167210785599
family_month__full_2017Q1_2022Q3,22,29,2022Q2,2024Q2,0.006536099207571254
family_month__full_2017Q1_2022Q3,22,30,2022Q2,2024Q3,0.00573158081997529
family_month__full_2017Q1_2022Q3,22,31,2022Q2,2024Q4,0.004945854173543923
family_month__full_2017Q1_2022Q3,22,32,2022Q2,2025Q1,0.008501695854839633
family_month__full_2017Q1_2022Q3,22,33,2022Q2,2025Q2,0.011859037008172571
family_month__full_2017Q1_2022Q3,22,34,2022Q2,2025Q3,0.012090268473110743
family_month__full_2017Q1_2022Q3,22,35,2022Q2,2025Q4,0.006001952534295604
family_month__full_2017Q1_2022Q3,22,36,2022Q2,2026Q1,0.006304839398584103
family_month__full_2017Q1_2022Q3,22,37,2022Q2,2026Q2,0.007588213850381088
family_month__full_2017Q1_2022Q3,22,38,2022Q2,2026Q3,0.0098484945839801
family_month__full_2017Q1_2022Q3,23,1,2022Q3,2017Q1,0.0044986979467905195
family_month__full_2017Q1_2022Q3,23,2,2022Q3,2017Q2,0.004860351432359439
family_month__full_2017Q1_2022Q3,23,3,2022Q3,2017Q3,0.004710780147515986
family_month__full_2017Q1_2022Q3,23,4,2022Q3,2017Q4,0.005515550892852206
family_month__full_2017Q1_2022Q3,23,5,2022Q3,2018Q1,0.0049924449604730045
family_month__full_2017Q1_2022Q3,23,6,2022Q3,2018Q2,0.005119519365075024
family_month__full_2017Q1_2022Q3,23,7,2022Q3,2018Q3,0.007718958922950317
family_month__full_2017Q1_2022Q3,23,8,2022Q3,2018Q4,0.005368130573584359
family_month__full_2017Q1_2022Q3,23,9,2022Q3,2019Q1,0.0051012172123414065
family_month__full_2017Q1_2022Q3,23,10,2022Q3,2019Q2,0.004296111224790252
family_month__full_2017Q1_2022Q3,23,11,2022Q3,2019Q3,0.006454746224065118
family_month__full_2017Q1_2022Q3,23,12,2022Q3,2019Q4,0.007224894240526174
family_month__full_2017Q1_2022Q3,23,13,2022Q3,2020Q1,0.004080422458498069
family_month__full_2017Q1_2022Q3,23,14,2022Q3,2020Q2,0.004538057516738481
family_month__full_2017Q1_2022Q3,23,15,2022Q3,2020Q3,0.008060974189666151
family_month__full_2017Q1_2022Q3,23,16,2022Q3,2020Q4,0.007460523258815204
family_month__full_2017Q1_2022Q3,23,17,2022Q3,2021Q1,0.005641183497267253
family_month__full_2017Q1_2022Q3,23,18,2022Q3,2021Q2,0.010981562383073353
family_month__full_2017Q1_2022Q3,23,19,2022Q3,2021Q3,0.008139647404442797
family_month__full_2017Q1_2022Q3,23,20,2022Q3,2021Q4,0.007263505765362193
family_month__full_2017Q1_2022Q3,23,21,2022Q3,2022Q1,0.009999189303147155
family_month__full_2017Q1_2022Q3,23,22,2022Q3,2022Q2,0.010701946353487691
family_month__full_2017Q1_2022Q3,23,23,2022Q3,2022Q3,0.012840719008613201
family_month__full_2017Q1_2022Q3,23,24,2022Q3,2023Q1,0.007201557639516168
family_month__full_2017Q1_2022Q3,23,25,2022Q3,2023Q2,0.004463336314590429
family_month__full_2017Q1_2022Q3,23,26,2022Q3,2023Q3,0.003984940761988791
family_month__full_2017Q1_2022Q3,23,27,2022Q3,2023Q4,0.003666257557006046
family_month__full_2017Q1_2022Q3,23,28,2022Q3,2024Q1,0.004609116754304537
family_month__full_2017Q1_2022Q3,23,29,2022Q3,2024Q2,0.004898603785801016
family_month__full_2017Q1_2022Q3,23,30,2022Q3,2024Q3,0.004301879345642462
family_month__full_2017Q1_2022Q3,23,31,2022Q3,2024Q4,0.003498248676504328
family_month__full_2017Q1_2022Q3,23,32,2022Q3,2025Q1,0.006505630940655079
family_month__full_2017Q1_2022Q3,23,33,2022Q3,2025Q2,0.009103942668337858
family_month__full_2017Q1_2022Q3,23,34,2022Q3,2025Q3,0.00969624659280514
family_month__full_2017Q1_2022Q3,23,35,2022Q3,2025Q4,0.004570104503391216
family_month__full_2017Q1_2022Q3,23,36,2022Q3,2026Q1,0.005109867937121943
family_month__full_2017Q1_2022Q3,23,37,2022Q3,2026Q2,0.004906956445169904
family_month__full_2017Q1_2022Q3,23,38,2022Q3,2026Q3,0.005376628611463983
family_month__full_2017Q1_2022Q3,24,1,2023Q1,2017Q1,0.007368170696823995
family_month__full_2017Q1_2022Q3,24,2,2023Q1,2017Q2,0.007478033317113561
family_month__full_2017Q1_2022Q3,24,3,2023Q1,2017Q3,0.004760914348621999
family_month__full_2017Q1_2022Q3,24,4,2023Q1,2017Q4,0.00723492350098673
family_month__full_2017Q1_2022Q3,24,5,2023Q1,2018Q1,0.007958090235888428
family_month__full_2017Q1_2022Q3,24,6,2023Q1,2018Q2,0.006385873131576374
family_month__full_2017Q1_2022Q3,24,7,2023Q1,2018Q3,0.007943938080404183
family_month__full_2017Q1_2022Q3,24,8,2023Q1,2018Q4,0.00666666952086419
family_month__full_2017Q1_2022Q3,24,9,2023Q1,2019Q1,0.005869826208521948
family_month__full_2017Q1_2022Q3,24,10,2023Q1,2019Q2,0.004907264096992653
family_month__full_2017Q1_2022Q3,24,11,2023Q1,2019Q3,0.006251460276642617
family_month__full_2017Q1_2022Q3,24,12,2023Q1,2019Q4,0.009761932251441667
family_month__full_2017Q1_2022Q3,24,13,2023Q1,2020Q1,0.00604701412085205
family_month__full_2017Q1_2022Q3,24,14,2023Q1,2020Q2,0.0061516778749473745
family_month__full_2017Q1_2022Q3,24,15,2023Q1,2020Q3,0.011580851034944965
family_month__full_2017Q1_2022Q3,24,16,2023Q1,2020Q4,0.00955581230029327
family_month__full_2017Q1_2022Q3,24,17,2023Q1,2021Q1,0.008449186369302975
family_month__full_2017Q1_2022Q3,24,18,2023Q1,2021Q2,0.015597131109648714
family_month__full_2017Q1_2022Q3,24,19,2023Q1,2021Q3,0.009611534709783542
family_month__full_2017Q1_2022Q3,24,20,2023Q1,2021Q4,0.008976039877056766
family_month__full_2017Q1_2022Q3,24,21,2023Q1,2022Q1,0.01082900254121671
family_month__full_2017Q1_2022Q3,24,22,2023Q1,2022Q2,0.00940822791193692
family_month__full_2017Q1_2022Q3,24,23,2023Q1,2022Q3,0.007201557639516168
family_month__full_2017Q1_2022Q3,24,24,2023Q1,2023Q1,0.01773994333134609
family_month__full_2017Q1_2022Q3,24,25,2023Q1,2023Q2,0.01112267930021283
family_month__full_2017Q1_2022Q3,24,26,2023Q1,2023Q3,0.006119344920519269
family_month__full_2017Q1_2022Q3,24,27,2023Q1,2023Q4,0.007161426453585137
family_month__full_2017Q1_2022Q3,24,28,2023Q1,2024Q1,0.00959033936467935
family_month__full_2017Q1_2022Q3,24,29,2023Q1,2024Q2,0.011119435668795738
family_month__full_2017Q1_2022Q3,24,30,2023Q1,2024Q3,0.01029517158036524
family_month__full_2017Q1_2022Q3,24,31,2023Q1,2024Q4,0.007561882749308825
family_month__full_2017Q1_2022Q3,24,32,2023Q1,2025Q1,0.007757568877121457
family_month__full_2017Q1_2022Q3,24,33,2023Q1,2025Q2,0.015646883474760318
family_month__full_2017Q1_2022Q3,24,34,2023Q1,2025Q3,0.014279677987120768
family_month__full_2017Q1_2022Q3,24,35,2023Q1,2025Q4,0.009167575672651107
family_month__full_2017Q1_2022Q3,24,36,2023Q1,2026Q1,0.010007704925433401
family_month__full_2017Q1_2022Q3,24,37,2023Q1,2026Q2,0.010377979117482727
family_month__full_2017Q1_2022Q3,24,38,2023Q1,2026Q3,0.01097884163534955
family_month__full_2017Q1_2022Q3,25,1,2023Q2,2017Q1,0.01113912417209426
family_month__full_2017Q1_2022Q3,25,2,2023Q2,2017Q2,0.009938368004513195
family_month__full_2017Q1_2022Q3,25,3,2023Q2,2017Q3,0.0083894714983836
family_month__full_2017Q1_2022Q3,25,4,2023Q2,2017Q4,0.010045951470818774
family_month__full_2017Q1_2022Q3,25,5,2023Q2,2018Q1,0.011079926185916026
family_month__full_2017Q1_2022Q3,25,6,2023Q2,2018Q2,0.01035646151431195
family_month__full_2017Q1_2022Q3,25,7,2023Q2,2018Q3,0.010021704181296071
family_month__full_2017Q1_2022Q3,25,8,2023Q2,2018Q4,0.007863646661530829
family_month__full_2017Q1_2022Q3,25,9,2023Q2,2019Q1,0.008172862698070892
family_month__full_2017Q1_2022Q3,25,10,2023Q2,2019Q2,0.008398182098241403
family_month__full_2017Q1_2022Q3,25,11,2023Q2,2019Q3,0.007292224820892755
family_month__full_2017Q1_2022Q3,25,12,2023Q2,2019Q4,0.009771464283911038
family_month__full_2017Q1_2022Q3,25,13,2023Q2,2020Q1,0.009256832019657924
family_month__full_2017Q1_2022Q3,25,14,2023Q2,2020Q2,0.006099977642698337
family_month__full_2017Q1_2022Q3,25,15,2023Q2,2020Q3,0.009840429724423894
family_month__full_2017Q1_2022Q3,25,16,2023Q2,2020Q4,0.010141388217803818
family_month__full_2017Q1_2022Q3,25,17,2023Q2,2021Q1,0.007379779003664506
family_month__full_2017Q1_2022Q3,25,18,2023Q2,2021Q2,0.0110311412640357
family_month__full_2017Q1_2022Q3,25,19,2023Q2,2021Q3,0.012376719460857792
family_month__full_2017Q1_2022Q3,25,20,2023Q2,2021Q4,0.008183522434172858
family_month__full_2017Q1_2022Q3,25,21,2023Q2,2022Q1,0.008133965053570506
family_month__full_2017Q1_2022Q3,25,22,2023Q2,2022Q2,0.008302922254932602
family_month__full_2017Q1_2022Q3,25,23,2023Q2,2022Q3,0.004463336314590429
family_month__full_2017Q1_2022Q3,25,24,2023Q2,2023Q1,0.01112267930021283
family_month__full_2017Q1_2022Q3,25,25,2023Q2,2023Q2,0.017316447650997952
family_month__full_2017Q1_2022Q3,25,26,2023Q2,2023Q3,0.010471881131486796
family_month__full_2017Q1_2022Q3,25,27,2023Q2,2023Q4,0.010147620348732988
family_month__full_2017Q1_2022Q3,25,28,2023Q2,2024Q1,0.010937728930603845
family_month__full_2017Q1_2022Q3,25,29,2023Q2,2024Q2,0.010153504114362966
family_month__full_2017Q1_2022Q3,25,30,2023Q2,2024Q3,0.011481228481902653
family_month__full_2017Q1_2022Q3,25,31,2023Q2,2024Q4,0.01153129557740792
family_month__full_2017Q1_2022Q3,25,32,2023Q2,2025Q1,0.009551225899468777
family_month__full_2017Q1_2022Q3,25,33,2023Q2,2025Q2,0.014833615270963187
family_month__full_2017Q1_2022Q3,25,34,2023Q2,2025Q3,0.011641777317015375
family_month__full_2017Q1_2022Q3,25,35,2023Q2,2025Q4,0.010942745004600421
family_month__full_2017Q1_2022Q3,25,36,2023Q2,2026Q1,0.011326894035601259
family_month__full_2017Q1_2022Q3,25,37,2023Q2,2026Q2,0.01264654453087553
family_month__full_2017Q1_2022Q3,25,38,2023Q2,2026Q3,0.011763792298838649
family_month__full_2017Q1_2022Q3,26,1,2023Q3,2017Q1,0.011329769338184189
family_month__full_2017Q1_2022Q3,26,2,2023Q3,2017Q2,0.010547497145065546
family_month__full_2017Q1_2022Q3,26,3,2023Q3,2017Q3,0.00943709689967019
family_month__full_2017Q1_2022Q3,26,4,2023Q3,2017Q4,0.009996392231444214
family_month__full_2017Q1_2022Q3,26,5,2023Q3,2018Q1,0.011121822239242091
family_month__full_2017Q1_2022Q3,26,6,2023Q3,2018Q2,0.010013200738067551
family_month__full_2017Q1_2022Q3,26,7,2023Q3,2018Q3,0.010691716300390168
family_month__full_2017Q1_2022Q3,26,8,2023Q3,2018Q4,0.007435610346953234
family_month__full_2017Q1_2022Q3,26,9,2023Q3,2019Q1,0.009167519328893734
family_month__full_2017Q1_2022Q3,26,10,2023Q3,2019Q2,0.008345896790037628
family_month__full_2017Q1_2022Q3,26,11,2023Q3,2019Q3,0.00963099772675771
family_month__full_2017Q1_2022Q3,26,12,2023Q3,2019Q4,0.008114770750169026
family_month__full_2017Q1_2022Q3,26,13,2023Q3,2020Q1,0.00862682436668765
family_month__full_2017Q1_2022Q3,26,14,2023Q3,2020Q2,0.004258493930878881
family_month__full_2017Q1_2022Q3,26,15,2023Q3,2020Q3,0.007848549612569491
family_month__full_2017Q1_2022Q3,26,16,2023Q3,2020Q4,0.006479324446412687
family_month__full_2017Q1_2022Q3,26,17,2023Q3,2021Q1,0.004753707772139734
family_month__full_2017Q1_2022Q3,26,18,2023Q3,2021Q2,0.007392202980066094
family_month__full_2017Q1_2022Q3,26,19,2023Q3,2021Q3,0.008687916897953505
family_month__full_2017Q1_2022Q3,26,20,2023Q3,2021Q4,0.006813927641155713
family_month__full_2017Q1_2022Q3,26,21,2023Q3,2022Q1,0.007182581551485616
family_month__full_2017Q1_2022Q3,26,22,2023Q3,2022Q2,0.006783384014095225
family_month__full_2017Q1_2022Q3,26,23,2023Q3,2022Q3,0.003984940761988791
family_month__full_2017Q1_2022Q3,26,24,2023Q3,2023Q1,0.00611934492051927
family_month__full_2017Q1_2022Q3,26,25,2023Q3,2023Q2,0.010471881131486796
family_month__full_2017Q1_2022Q3,26,26,2023Q3,2023Q3,0.016505539804923357
family_month__full_2017Q1_2022Q3,26,27,2023Q3,2023Q4,0.011471075683386504
family_month__full_2017Q1_2022Q3,26,28,2023Q3,2024Q1,0.008505961002723546
family_month__full_2017Q1_2022Q3,26,29,2023Q3,2024Q2,0.007987274575947067
family_month__full_2017Q1_2022Q3,26,30,2023Q3,2024Q3,0.00845376163195642
family_month__full_2017Q1_2022Q3,26,31,2023Q3,2024Q4,0.00782882093189375
family_month__full_2017Q1_2022Q3,26,32,2023Q3,2025Q1,0.00842544648173867
family_month__full_2017Q1_2022Q3,26,33,2023Q3,2025Q2,0.012110912185091666
family_month__full_2017Q1_2022Q3,26,34,2023Q3,2025Q3,0.008830524783106062
family_month__full_2017Q1_2022Q3,26,35,2023Q3,2025Q4,0.008765991596944103
family_month__full_2017Q1_2022Q3,26,36,2023Q3,2026Q1,0.008204133961689059
family_month__full_2017Q1_2022Q3,26,37,2023Q3,2026Q2,0.008180149757433208
family_month__full_2017Q1_2022Q3,26,38,2023Q3,2026Q3,0.008074664545338167
family_month__full_2017Q1_2022Q3,27,1,2023Q4,2017Q1,0.012447502939245911
family_month__full_2017Q1_2022Q3,27,2,2023Q4,2017Q2,0.01281246293948796
family_month__full_2017Q1_2022Q3,27,3,2023Q4,2017Q3,0.010530669133115012
family_month__full_2017Q1_2022Q3,27,4,2023Q4,2017Q4,0.01167877520761857
family_month__full_2017Q1_2022Q3,27,5,2023Q4,2018Q1,0.012756229197049353
family_month__full_2017Q1_2022Q3,27,6,2023Q4,2018Q2,0.010214063478086875
family_month__full_2017Q1_2022Q3,27,7,2023Q4,2018Q3,0.008821863429883165
family_month__full_2017Q1_2022Q3,27,8,2023Q4,2018Q4,0.009453567520586837
family_month__full_2017Q1_2022Q3,27,9,2023Q4,2019Q1,0.009269477428861484
family_month__full_2017Q1_2022Q3,27,10,2023Q4,2019Q2,0.009947820146585669
family_month__full_2017Q1_2022Q3,27,11,2023Q4,2019Q3,0.00893087425584609
family_month__full_2017Q1_2022Q3,27,12,2023Q4,2019Q4,0.008482391881675223
family_month__full_2017Q1_2022Q3,27,13,2023Q4,2020Q1,0.009069686932749184
family_month__full_2017Q1_2022Q3,27,14,2023Q4,2020Q2,0.007244101072132222
family_month__full_2017Q1_2022Q3,27,15,2023Q4,2020Q3,0.010662924965921515
family_month__full_2017Q1_2022Q3,27,16,2023Q4,2020Q4,0.008050577259114525
family_month__full_2017Q1_2022Q3,27,17,2023Q4,2021Q1,0.008678714217978277
family_month__full_2017Q1_2022Q3,27,18,2023Q4,2021Q2,0.009714203328286375
family_month__full_2017Q1_2022Q3,27,19,2023Q4,2021Q3,0.010310003639032799
family_month__full_2017Q1_2022Q3,27,20,2023Q4,2021Q4,0.009131100481622766
family_month__full_2017Q1_2022Q3,27,21,2023Q4,2022Q1,0.007740426232928331
family_month__full_2017Q1_2022Q3,27,22,2023Q4,2022Q2,0.0049890031090343975
family_month__full_2017Q1_2022Q3,27,23,2023Q4,2022Q3,0.0036662575570060463
family_month__full_2017Q1_2022Q3,27,24,2023Q4,2023Q1,0.007161426453585137
family_month__full_2017Q1_2022Q3,27,25,2023Q4,2023Q2,0.010147620348732988
family_month__full_2017Q1_2022Q3,27,26,2023Q4,2023Q3,0.011471075683386504
family_month__full_2017Q1_2022Q3,27,27,2023Q4,2023Q4,0.019275405132591905
family_month__full_2017Q1_2022Q3,27,28,2023Q4,2024Q1,0.011948086754253823
family_month__full_2017Q1_2022Q3,27,29,2023Q4,2024Q2,0.007206776920529996
family_month__full_2017Q1_2022Q3,27,30,2023Q4,2024Q3,0.011533935194844361
family_month__full_2017Q1_2022Q3,27,31,2023Q4,2024Q4,0.01153376477293067
family_month__full_2017Q1_2022Q3,27,32,2023Q4,2025Q1,0.010528541194697096
family_month__full_2017Q1_2022Q3,27,33,2023Q4,2025Q2,0.01311876478340364
family_month__full_2017Q1_2022Q3,27,34,2023Q4,2025Q3,0.009828585235749438
family_month__full_2017Q1_2022Q3,27,35,2023Q4,2025Q4,0.012115261130828957
family_month__full_2017Q1_2022Q3,27,36,2023Q4,2026Q1,0.010464509520342198
family_month__full_2017Q1_2022Q3,27,37,2023Q4,2026Q2,0.012905288589992328
family_month__full_2017Q1_2022Q3,27,38,2023Q4,2026Q3,0.007866178807655633
family_month__full_2017Q1_2022Q3,28,1,2024Q1,2017Q1,0.00886595941307472
family_month__full_2017Q1_2022Q3,28,2,2024Q1,2017Q2,0.008566004572200452
family_month__full_2017Q1_2022Q3,28,3,2024Q1,2017Q3,0.006347860821164578
family_month__full_2017Q1_2022Q3,28,4,2024Q1,2017Q4,0.008768691145823852
family_month__full_2017Q1_2022Q3,28,5,2024Q1,2018Q1,0.008858572874235195
family_month__full_2017Q1_2022Q3,28,6,2024Q1,2018Q2,0.007348627362729631
family_month__full_2017Q1_2022Q3,28,7,2024Q1,2018Q3,0.00518128536968052
family_month__full_2017Q1_2022Q3,28,8,2024Q1,2018Q4,0.006631577658744968
family_month__full_2017Q1_2022Q3,28,9,2024Q1,2019Q1,0.00640555053155115
family_month__full_2017Q1_2022Q3,28,10,2024Q1,2019Q2,0.006099132913597238
family_month__full_2017Q1_2022Q3,28,11,2024Q1,2019Q3,0.0061821687155935254
family_month__full_2017Q1_2022Q3,28,12,2024Q1,2019Q4,0.0076119504104179645
family_month__full_2017Q1_2022Q3,28,13,2024Q1,2020Q1,0.007814138889768885
family_month__full_2017Q1_2022Q3,28,14,2024Q1,2020Q2,0.005880808790583215
family_month__full_2017Q1_2022Q3,28,15,2024Q1,2020Q3,0.009802057517307599
family_month__full_2017Q1_2022Q3,28,16,2024Q1,2020Q4,0.007997484320929593
family_month__full_2017Q1_2022Q3,28,17,2024Q1,2021Q1,0.008183559703862609
family_month__full_2017Q1_2022Q3,28,18,2024Q1,2021Q2,0.010395464936239357
family_month__full_2017Q1_2022Q3,28,19,2024Q1,2021Q3,0.009990160655859715
family_month__full_2017Q1_2022Q3,28,20,2024Q1,2021Q4,0.0077941467724744595
family_month__full_2017Q1_2022Q3,28,21,2024Q1,2022Q1,0.0076799260030213975
family_month__full_2017Q1_2022Q3,28,22,2024Q1,2022Q2,0.006053167210785599
family_month__full_2017Q1_2022Q3,28,23,2024Q1,2022Q3,0.004609116754304538
family_month__full_2017Q1_2022Q3,28,24,2024Q1,2023Q1,0.00959033936467935
family_month__full_2017Q1_2022Q3,28,25,2024Q1,2023Q2,0.010937728930603845
family_month__full_2017Q1_2022Q3,28,26,2024Q1,2023Q3,0.008505961002723546
family_month__full_2017Q1_2022Q3,28,27,2024Q1,2023Q4,0.011948086754253823
family_month__full_2017Q1_2022Q3,28,28,2024Q1,2024Q1,0.016064053585085683
family_month__full_2017Q1_2022Q3,28,29,2024Q1,2024Q2,0.011967180986868671
family_month__full_2017Q1_2022Q3,28,30,2024Q1,2024Q3,0.010908246372887436
family_month__full_2017Q1_2022Q3,28,31,2024Q1,2024Q4,0.009880403727074041
family_month__full_2017Q1_2022Q3,28,32,2024Q1,2025Q1,0.009177632564614055
family_month__full_2017Q1_2022Q3,28,33,2024Q1,2025Q2,0.01251781037347383
family_month__full_2017Q1_2022Q3,28,34,2024Q1,2025Q3,0.010348912689924715
family_month__full_2017Q1_2022Q3,28,35,2024Q1,2025Q4,0.01127704496298624
family_month__full_2017Q1_2022Q3,28,36,2024Q1,2026Q1,0.011912217791842802
family_month__full_2017Q1_2022Q3,28,37,2024Q1,2026Q2,0.010568833734858452
family_month__full_2017Q1_2022Q3,28,38,2024Q1,2026Q3,0.008931395723061387
family_month__full_2017Q1_2022Q3,29,1,2024Q2,2017Q1,0.0062692660879632095
family_month__full_2017Q1_2022Q3,29,2,2024Q2,2017Q2,0.006997280201338836
family_month__full_2017Q1_2022Q3,29,3,2024Q2,2017Q3,0.004532227781763039
family_month__full_2017Q1_2022Q3,29,4,2024Q2,2017Q4,0.0068141704051636375
family_month__full_2017Q1_2022Q3,29,5,2024Q2,2018Q1,0.0074401282159096424
family_month__full_2017Q1_2022Q3,29,6,2024Q2,2018Q2,0.0059201499671159355
family_month__full_2017Q1_2022Q3,29,7,2024Q2,2018Q3,0.0058171524816924836
family_month__full_2017Q1_2022Q3,29,8,2024Q2,2018Q4,0.005717349003107804
family_month__full_2017Q1_2022Q3,29,9,2024Q2,2019Q1,0.004901845897373496
family_month__full_2017Q1_2022Q3,29,10,2024Q2,2019Q2,0.003604936945710977
family_month__full_2017Q1_2022Q3,29,11,2024Q2,2019Q3,0.004931026142229749
family_month__full_2017Q1_2022Q3,29,12,2024Q2,2019Q4,0.007185726281826753
family_month__full_2017Q1_2022Q3,29,13,2024Q2,2020Q1,0.00786270498085522
family_month__full_2017Q1_2022Q3,29,14,2024Q2,2020Q2,0.006362649383116451
family_month__full_2017Q1_2022Q3,29,15,2024Q2,2020Q3,0.009031771210350389
family_month__full_2017Q1_2022Q3,29,16,2024Q2,2020Q4,0.0080191135516453
family_month__full_2017Q1_2022Q3,29,17,2024Q2,2021Q1,0.006269059869297888
family_month__full_2017Q1_2022Q3,29,18,2024Q2,2021Q2,0.00914788962221474
family_month__full_2017Q1_2022Q3,29,19,2024Q2,2021Q3,0.008308980050651272
family_month__full_2017Q1_2022Q3,29,20,2024Q2,2021Q4,0.00746134199126385
family_month__full_2017Q1_2022Q3,29,21,2024Q2,2022Q1,0.007699837996066852
family_month__full_2017Q1_2022Q3,29,22,2024Q2,2022Q2,0.006536099207571253
family_month__full_2017Q1_2022Q3,29,23,2024Q2,2022Q3,0.004898603785801016
family_month__full_2017Q1_2022Q3,29,24,2024Q2,2023Q1,0.011119435668795738
family_month__full_2017Q1_2022Q3,29,25,2024Q2,2023Q2,0.010153504114362968
family_month__full_2017Q1_2022Q3,29,26,2024Q2,2023Q3,0.007987274575947067
family_month__full_2017Q1_2022Q3,29,27,2024Q2,2023Q4,0.007206776920529996
family_month__full_2017Q1_2022Q3,29,28,2024Q2,2024Q1,0.011967180986868671
family_month__full_2017Q1_2022Q3,29,29,2024Q2,2024Q2,0.01771289200517097
family_month__full_2017Q1_2022Q3,29,30,2024Q2,2024Q3,0.012766314968215429
family_month__full_2017Q1_2022Q3,29,31,2024Q2,2024Q4,0.009452826530924304
family_month__full_2017Q1_2022Q3,29,32,2024Q2,2025Q1,0.007440946756225362
family_month__full_2017Q1_2022Q3,29,33,2024Q2,2025Q2,0.013206623180887327
family_month__full_2017Q1_2022Q3,29,34,2024Q2,2025Q3,0.010089293835248585
family_month__full_2017Q1_2022Q3,29,35,2024Q2,2025Q4,0.0086501593488317
family_month__full_2017Q1_2022Q3,29,36,2024Q2,2026Q1,0.010556693722467234
family_month__full_2017Q1_2022Q3,29,37,2024Q2,2026Q2,0.00879703869080916
family_month__full_2017Q1_2022Q3,29,38,2024Q2,2026Q3,0.010345813459739664
family_month__full_2017Q1_2022Q3,30,1,2024Q3,2017Q1,0.011895784466023143
family_month__full_2017Q1_2022Q3,30,2,2024Q3,2017Q2,0.014587388111594686
family_month__full_2017Q1_2022Q3,30,3,2024Q3,2017Q3,0.010555423890613142
family_month__full_2017Q1_2022Q3,30,4,2024Q3,2017Q4,0.011747887498234577
family_month__full_2017Q1_2022Q3,30,5,2024Q3,2018Q1,0.014961212759723126
family_month__full_2017Q1_2022Q3,30,6,2024Q3,2018Q2,0.01236251475800733
family_month__full_2017Q1_2022Q3,30,7,2024Q3,2018Q3,0.01138242560591019
family_month__full_2017Q1_2022Q3,30,8,2024Q3,2018Q4,0.010658357990909714
family_month__full_2017Q1_2022Q3,30,9,2024Q3,2019Q1,0.009988616394725458
family_month__full_2017Q1_2022Q3,30,10,2024Q3,2019Q2,0.010260026336695089
family_month__full_2017Q1_2022Q3,30,11,2024Q3,2019Q3,0.00900229160117804
family_month__full_2017Q1_2022Q3,30,12,2024Q3,2019Q4,0.010536365062013007
family_month__full_2017Q1_2022Q3,30,13,2024Q3,2020Q1,0.010921968866340913
family_month__full_2017Q1_2022Q3,30,14,2024Q3,2020Q2,0.008266972288033761
family_month__full_2017Q1_2022Q3,30,15,2024Q3,2020Q3,0.012862867004736218
family_month__full_2017Q1_2022Q3,30,16,2024Q3,2020Q4,0.005866854251870439
family_month__full_2017Q1_2022Q3,30,17,2024Q3,2021Q1,0.0049619465740443685
family_month__full_2017Q1_2022Q3,30,18,2024Q3,2021Q2,0.004941768463595219
family_month__full_2017Q1_2022Q3,30,19,2024Q3,2021Q3,0.007241415077751404
family_month__full_2017Q1_2022Q3,30,20,2024Q3,2021Q4,0.004954735545030888
family_month__full_2017Q1_2022Q3,30,21,2024Q3,2022Q1,0.006924691148825249
family_month__full_2017Q1_2022Q3,30,22,2024Q3,2022Q2,0.00573158081997529
family_month__full_2017Q1_2022Q3,30,23,2024Q3,2022Q3,0.004301879345642462
family_month__full_2017Q1_2022Q3,30,24,2024Q3,2023Q1,0.010295171580365243
family_month__full_2017Q1_2022Q3,30,25,2024Q3,2023Q2,0.011481228481902653
family_month__full_2017Q1_2022Q3,30,26,2024Q3,2023Q3,0.00845376163195642
family_month__full_2017Q1_2022Q3,30,27,2024Q3,2023Q4,0.011533935194844358
family_month__full_2017Q1_2022Q3,30,28,2024Q3,2024Q1,0.010908246372887436
family_month__full_2017Q1_2022Q3,30,29,2024Q3,2024Q2,0.012766314968215429
family_month__full_2017Q1_2022Q3,30,30,2024Q3,2024Q3,0.025341350314383813
family_month__full_2017Q1_2022Q3,30,31,2024Q3,2024Q4,0.01888684662984586
family_month__full_2017Q1_2022Q3,30,32,2024Q3,2025Q1,0.008453021985179877
family_month__full_2017Q1_2022Q3,30,33,2024Q3,2025Q2,0.01685726785111681
family_month__full_2017Q1_2022Q3,30,34,2024Q3,2025Q3,0.01396754312002246
family_month__full_2017Q1_2022Q3,30,35,2024Q3,2025Q4,0.013572267885139067
family_month__full_2017Q1_2022Q3,30,36,2024Q3,2026Q1,0.011880351829953513
family_month__full_2017Q1_2022Q3,30,37,2024Q3,2026Q2,0.01518421476914655
family_month__full_2017Q1_2022Q3,30,38,2024Q3,2026Q3,0.01268384625032727
family_month__full_2017Q1_2022Q3,31,1,2024Q4,2017Q1,0.01322691211702227
family_month__full_2017Q1_2022Q3,31,2,2024Q4,2017Q2,0.013346065478037742
family_month__full_2017Q1_2022Q3,31,3,2024Q4,2017Q3,0.010497664197760853
family_month__full_2017Q1_2022Q3,31,4,2024Q4,2017Q4,0.011282863189903573
family_month__full_2017Q1_2022Q3,31,5,2024Q4,2018Q1,0.01341954885145056
family_month__full_2017Q1_2022Q3,31,6,2024Q4,2018Q2,0.01078885542372638
family_month__full_2017Q1_2022Q3,31,7,2024Q4,2018Q3,0.01019238239649974
family_month__full_2017Q1_2022Q3,31,8,2024Q4,2018Q4,0.009337640140377709
family_month__full_2017Q1_2022Q3,31,9,2024Q4,2019Q1,0.008718508716105442
family_month__full_2017Q1_2022Q3,31,10,2024Q4,2019Q2,0.010427342710591595
family_month__full_2017Q1_2022Q3,31,11,2024Q4,2019Q3,0.010846146777508473
family_month__full_2017Q1_2022Q3,31,12,2024Q4,2019Q4,0.008963715325547338
family_month__full_2017Q1_2022Q3,31,13,2024Q4,2020Q1,0.010725659339077646
family_month__full_2017Q1_2022Q3,31,14,2024Q4,2020Q2,0.00970801961084252
family_month__full_2017Q1_2022Q3,31,15,2024Q4,2020Q3,0.009712972952230236
family_month__full_2017Q1_2022Q3,31,16,2024Q4,2020Q4,0.0025478510983652507
family_month__full_2017Q1_2022Q3,31,17,2024Q4,2021Q1,0.004588163047004622
family_month__full_2017Q1_2022Q3,31,18,2024Q4,2021Q2,0.0036178325267783905
family_month__full_2017Q1_2022Q3,31,19,2024Q4,2021Q3,0.00874248174897804
family_month__full_2017Q1_2022Q3,31,20,2024Q4,2021Q4,0.004304135453736559
family_month__full_2017Q1_2022Q3,31,21,2024Q4,2022Q1,0.005737839599243691
family_month__full_2017Q1_2022Q3,31,22,2024Q4,2022Q2,0.004945854173543923
family_month__full_2017Q1_2022Q3,31,23,2024Q4,2022Q3,0.0034982486765043276
family_month__full_2017Q1_2022Q3,31,24,2024Q4,2023Q1,0.007561882749308825
family_month__full_2017Q1_2022Q3,31,25,2024Q4,2023Q2,0.01153129557740792
family_month__full_2017Q1_2022Q3,31,26,2024Q4,2023Q3,0.00782882093189375
family_month__full_2017Q1_2022Q3,31,27,2024Q4,2023Q4,0.011533764772930668
family_month__full_2017Q1_2022Q3,31,28,2024Q4,2024Q1,0.009880403727074041
family_month__full_2017Q1_2022Q3,31,29,2024Q4,2024Q2,0.009452826530924305
family_month__full_2017Q1_2022Q3,31,30,2024Q4,2024Q3,0.018886846629845862
family_month__full_2017Q1_2022Q3,31,31,2024Q4,2024Q4,0.024897861454841356
family_month__full_2017Q1_2022Q3,31,32,2024Q4,2025Q1,0.010926294474567227
family_month__full_2017Q1_2022Q3,31,33,2024Q4,2025Q2,0.015047859230678383
family_month__full_2017Q1_2022Q3,31,34,2024Q4,2025Q3,0.012141463012018067
family_month__full_2017Q1_2022Q3,31,35,2024Q4,2025Q4,0.013793741244642235
family_month__full_2017Q1_2022Q3,31,36,2024Q4,2026Q1,0.012612451065969865
family_month__full_2017Q1_2022Q3,31,37,2024Q4,2026Q2,0.015736419005674747
family_month__full_2017Q1_2022Q3,31,38,2024Q4,2026Q3,0.014506084156798382
family_month__full_2017Q1_2022Q3,32,1,2025Q1,2017Q1,0.008659579090393074
family_month__full_2017Q1_2022Q3,32,2,2025Q1,2017Q2,0.009768083461527277
family_month__full_2017Q1_2022Q3,32,3,2025Q1,2017Q3,0.008634512369178905
family_month__full_2017Q1_2022Q3,32,4,2025Q1,2017Q4,0.009193802402463997
family_month__full_2017Q1_2022Q3,32,5,2025Q1,2018Q1,0.01005267921435935
family_month__full_2017Q1_2022Q3,32,6,2025Q1,2018Q2,0.00877591283250532
family_month__full_2017Q1_2022Q3,32,7,2025Q1,2018Q3,0.009835611078815417
family_month__full_2017Q1_2022Q3,32,8,2025Q1,2018Q4,0.0071721319085669
family_month__full_2017Q1_2022Q3,32,9,2025Q1,2019Q1,0.00899690393925095
family_month__full_2017Q1_2022Q3,32,10,2025Q1,2019Q2,0.00889294924140739
family_month__full_2017Q1_2022Q3,32,11,2025Q1,2019Q3,0.009415126145073244
family_month__full_2017Q1_2022Q3,32,12,2025Q1,2019Q4,0.009169443046811186
family_month__full_2017Q1_2022Q3,32,13,2025Q1,2020Q1,0.008737070081921428
family_month__full_2017Q1_2022Q3,32,14,2025Q1,2020Q2,0.007131052758452823
family_month__full_2017Q1_2022Q3,32,15,2025Q1,2020Q3,0.008325619444425798
family_month__full_2017Q1_2022Q3,32,16,2025Q1,2020Q4,0.007442869531206599
family_month__full_2017Q1_2022Q3,32,17,2025Q1,2021Q1,0.006770659331285433
family_month__full_2017Q1_2022Q3,32,18,2025Q1,2021Q2,0.011470002083054306
family_month__full_2017Q1_2022Q3,32,19,2025Q1,2021Q3,0.010273934108865953
family_month__full_2017Q1_2022Q3,32,20,2025Q1,2021Q4,0.008621043331184486
family_month__full_2017Q1_2022Q3,32,21,2025Q1,2022Q1,0.010321544557197639
family_month__full_2017Q1_2022Q3,32,22,2025Q1,2022Q2,0.008501695854839633
family_month__full_2017Q1_2022Q3,32,23,2025Q1,2022Q3,0.00650563094065508
family_month__full_2017Q1_2022Q3,32,24,2025Q1,2023Q1,0.007757568877121457
family_month__full_2017Q1_2022Q3,32,25,2025Q1,2023Q2,0.009551225899468777
family_month__full_2017Q1_2022Q3,32,26,2025Q1,2023Q3,0.00842544648173867
family_month__full_2017Q1_2022Q3,32,27,2025Q1,2023Q4,0.010528541194697094
family_month__full_2017Q1_2022Q3,32,28,2025Q1,2024Q1,0.009177632564614053
family_month__full_2017Q1_2022Q3,32,29,2025Q1,2024Q2,0.007440946756225363
family_month__full_2017Q1_2022Q3,32,30,2025Q1,2024Q3,0.008453021985179875
family_month__full_2017Q1_2022Q3,32,31,2025Q1,2024Q4,0.010926294474567225
family_month__full_2017Q1_2022Q3,32,32,2025Q1,2025Q1,0.016041550081551628
family_month__full_2017Q1_2022Q3,32,33,2025Q1,2025Q2,0.015759388968765258
family_month__full_2017Q1_2022Q3,32,34,2025Q1,2025Q3,0.010826017162635197
family_month__full_2017Q1_2022Q3,32,35,2025Q1,2025Q4,0.009051179367374106
family_month__full_2017Q1_2022Q3,32,36,2025Q1,2026Q1,0.009405785414225053
family_month__full_2017Q1_2022Q3,32,37,2025Q1,2026Q2,0.011357407160137204
family_month__full_2017Q1_2022Q3,32,38,2025Q1,2026Q3,0.011360180162730561
family_month__full_2017Q1_2022Q3,33,1,2025Q2,2017Q1,0.013606022983055164
family_month__full_2017Q1_2022Q3,33,2,2025Q2,2017Q2,0.01536228262359164
family_month__full_2017Q1_2022Q3,33,3,2025Q2,2017Q3,0.010428546247733556
family_month__full_2017Q1_2022Q3,33,4,2025Q2,2017Q4,0.013239615401078077
family_month__full_2017Q1_2022Q3,33,5,2025Q2,2018Q1,0.019460654602741177
family_month__full_2017Q1_2022Q3,33,6,2025Q2,2018Q2,0.015097087767159234
family_month__full_2017Q1_2022Q3,33,7,2025Q2,2018Q3,0.015252134024146694
family_month__full_2017Q1_2022Q3,33,8,2025Q2,2018Q4,0.011200888699817555
family_month__full_2017Q1_2022Q3,33,9,2025Q2,2019Q1,0.012886588988254025
family_month__full_2017Q1_2022Q3,33,10,2025Q2,2019Q2,0.013909990369592458
family_month__full_2017Q1_2022Q3,33,11,2025Q2,2019Q3,0.014185566440569314
family_month__full_2017Q1_2022Q3,33,12,2025Q2,2019Q4,0.01430257425129609
family_month__full_2017Q1_2022Q3,33,13,2025Q2,2020Q1,0.011620870760593453
family_month__full_2017Q1_2022Q3,33,14,2025Q2,2020Q2,0.010803230553026694
family_month__full_2017Q1_2022Q3,33,15,2025Q2,2020Q3,0.018064402127562967
family_month__full_2017Q1_2022Q3,33,16,2025Q2,2020Q4,0.010608053724510328
family_month__full_2017Q1_2022Q3,33,17,2025Q2,2021Q1,0.011145718250560412
family_month__full_2017Q1_2022Q3,33,18,2025Q2,2021Q2,0.020471743239571738
family_month__full_2017Q1_2022Q3,33,19,2025Q2,2021Q3,0.013817882389525232
family_month__full_2017Q1_2022Q3,33,20,2025Q2,2021Q4,0.01231640681135716
family_month__full_2017Q1_2022Q3,33,21,2025Q2,2022Q1,0.015039043097595864
family_month__full_2017Q1_2022Q3,33,22,2025Q2,2022Q2,0.011859037008172571
family_month__full_2017Q1_2022Q3,33,23,2025Q2,2022Q3,0.009103942668337858
family_month__full_2017Q1_2022Q3,33,24,2025Q2,2023Q1,0.015646883474760318
family_month__full_2017Q1_2022Q3,33,25,2025Q2,2023Q2,0.014833615270963187
family_month__full_2017Q1_2022Q3,33,26,2025Q2,2023Q3,0.012110912185091666
family_month__full_2017Q1_2022Q3,33,27,2025Q2,2023Q4,0.013118764783403639
family_month__full_2017Q1_2022Q3,33,28,2025Q2,2024Q1,0.012517810373473832
family_month__full_2017Q1_2022Q3,33,29,2025Q2,2024Q2,0.013206623180887327
family_month__full_2017Q1_2022Q3,33,30,2025Q2,2024Q3,0.01685726785111681
family_month__full_2017Q1_2022Q3,33,31,2025Q2,2024Q4,0.015047859230678383
family_month__full_2017Q1_2022Q3,33,32,2025Q2,2025Q1,0.015759388968765258
family_month__full_2017Q1_2022Q3,33,33,2025Q2,2025Q2,0.03406527943690121
family_month__full_2017Q1_2022Q3,33,34,2025Q2,2025Q3,0.023733616712031568
family_month__full_2017Q1_2022Q3,33,35,2025Q2,2025Q4,0.014859751850246846
family_month__full_2017Q1_2022Q3,33,36,2025Q2,2026Q1,0.016927773815814166
family_month__full_2017Q1_2022Q3,33,37,2025Q2,2026Q2,0.019275954090278543
family_month__full_2017Q1_2022Q3,33,38,2025Q2,2026Q3,0.01816977131145437
family_month__full_2017Q1_2022Q3,34,1,2025Q3,2017Q1,0.012606038352654541
family_month__full_2017Q1_2022Q3,34,2,2025Q3,2017Q2,0.012384735623181417
family_month__full_2017Q1_2022Q3,34,3,2025Q3,2017Q3,0.008672497350386166
family_month__full_2017Q1_2022Q3,34,4,2025Q3,2017Q4,0.010478494585860955
family_month__full_2017Q1_2022Q3,34,5,2025Q3,2018Q1,0.015160143103144189
family_month__full_2017Q1_2022Q3,34,6,2025Q3,2018Q2,0.011254090590401658
family_month__full_2017Q1_2022Q3,34,7,2025Q3,2018Q3,0.013501025279371831
family_month__full_2017Q1_2022Q3,34,8,2025Q3,2018Q4,0.011509940493037173
family_month__full_2017Q1_2022Q3,34,9,2025Q3,2019Q1,0.011094343978378985
family_month__full_2017Q1_2022Q3,34,10,2025Q3,2019Q2,0.011240651571291296
family_month__full_2017Q1_2022Q3,34,11,2025Q3,2019Q3,0.012775720353555148
family_month__full_2017Q1_2022Q3,34,12,2025Q3,2019Q4,0.012784707755741816
family_month__full_2017Q1_2022Q3,34,13,2025Q3,2020Q1,0.008690668510939116
family_month__full_2017Q1_2022Q3,34,14,2025Q3,2020Q2,0.009511145192915923
family_month__full_2017Q1_2022Q3,34,15,2025Q3,2020Q3,0.01646890141335269
family_month__full_2017Q1_2022Q3,34,16,2025Q3,2020Q4,0.009692697666496507
family_month__full_2017Q1_2022Q3,34,17,2025Q3,2021Q1,0.009974588915509302
family_month__full_2017Q1_2022Q3,34,18,2025Q3,2021Q2,0.018181457944602422
family_month__full_2017Q1_2022Q3,34,19,2025Q3,2021Q3,0.011721954965068553
family_month__full_2017Q1_2022Q3,34,20,2025Q3,2021Q4,0.00973841759982183
family_month__full_2017Q1_2022Q3,34,21,2025Q3,2022Q1,0.013944625546347018
family_month__full_2017Q1_2022Q3,34,22,2025Q3,2022Q2,0.012090268473110745
family_month__full_2017Q1_2022Q3,34,23,2025Q3,2022Q3,0.00969624659280514
family_month__full_2017Q1_2022Q3,34,24,2025Q3,2023Q1,0.014279677987120768
family_month__full_2017Q1_2022Q3,34,25,2025Q3,2023Q2,0.011641777317015375
family_month__full_2017Q1_2022Q3,34,26,2025Q3,2023Q3,0.008830524783106062
family_month__full_2017Q1_2022Q3,34,27,2025Q3,2023Q4,0.009828585235749438
family_month__full_2017Q1_2022Q3,34,28,2025Q3,2024Q1,0.010348912689924716
family_month__full_2017Q1_2022Q3,34,29,2025Q3,2024Q2,0.010089293835248585
family_month__full_2017Q1_2022Q3,34,30,2025Q3,2024Q3,0.01396754312002246
family_month__full_2017Q1_2022Q3,34,31,2025Q3,2024Q4,0.012141463012018069
family_month__full_2017Q1_2022Q3,34,32,2025Q3,2025Q1,0.010826017162635197
family_month__full_2017Q1_2022Q3,34,33,2025Q3,2025Q2,0.023733616712031568
family_month__full_2017Q1_2022Q3,34,34,2025Q3,2025Q3,0.02625395750731067
family_month__full_2017Q1_2022Q3,34,35,2025Q3,2025Q4,0.01486957555180197
family_month__full_2017Q1_2022Q3,34,36,2025Q3,2026Q1,0.013828015531876648
family_month__full_2017Q1_2022Q3,34,37,2025Q3,2026Q2,0.015672786493591325
family_month__full_2017Q1_2022Q3,34,38,2025Q3,2026Q3,0.014890870443912543
family_month__full_2017Q1_2022Q3,35,1,2025Q4,2017Q1,0.013302787744041413
family_month__full_2017Q1_2022Q3,35,2,2025Q4,2017Q2,0.01311375075184412
family_month__full_2017Q1_2022Q3,35,3,2025Q4,2017Q3,0.010149552363676147
family_month__full_2017Q1_2022Q3,35,4,2025Q4,2017Q4,0.01138223302178872
family_month__full_2017Q1_2022Q3,35,5,2025Q4,2018Q1,0.012713004979808321
family_month__full_2017Q1_2022Q3,35,6,2025Q4,2018Q2,0.009729905160366748
family_month__full_2017Q1_2022Q3,35,7,2025Q4,2018Q3,0.009238460102204867
family_month__full_2017Q1_2022Q3,35,8,2025Q4,2018Q4,0.009759096474605383
family_month__full_2017Q1_2022Q3,35,9,2025Q4,2019Q1,0.009996366771687835
family_month__full_2017Q1_2022Q3,35,10,2025Q4,2019Q2,0.01016666645361713
family_month__full_2017Q1_2022Q3,35,11,2025Q4,2019Q3,0.010386395497150074
family_month__full_2017Q1_2022Q3,35,12,2025Q4,2019Q4,0.010483449610676557
family_month__full_2017Q1_2022Q3,35,13,2025Q4,2020Q1,0.008829267464973103
family_month__full_2017Q1_2022Q3,35,14,2025Q4,2020Q2,0.006841760971557788
family_month__full_2017Q1_2022Q3,35,15,2025Q4,2020Q3,0.01139470201705412
family_month__full_2017Q1_2022Q3,35,16,2025Q4,2020Q4,0.007170880003932798
family_month__full_2017Q1_2022Q3,35,17,2025Q4,2021Q1,0.006884401589710662
family_month__full_2017Q1_2022Q3,35,18,2025Q4,2021Q2,0.009694386651100086
family_month__full_2017Q1_2022Q3,35,19,2025Q4,2021Q3,0.012032109965249083
family_month__full_2017Q1_2022Q3,35,20,2025Q4,2021Q4,0.007921937371191498
family_month__full_2017Q1_2022Q3,35,21,2025Q4,2022Q1,0.008629234264463485
family_month__full_2017Q1_2022Q3,35,22,2025Q4,2022Q2,0.006001952534295604
family_month__full_2017Q1_2022Q3,35,23,2025Q4,2022Q3,0.004570104503391216
family_month__full_2017Q1_2022Q3,35,24,2025Q4,2023Q1,0.00916757567265111
family_month__full_2017Q1_2022Q3,35,25,2025Q4,2023Q2,0.010942745004600421
family_month__full_2017Q1_2022Q3,35,26,2025Q4,2023Q3,0.008765991596944104
family_month__full_2017Q1_2022Q3,35,27,2025Q4,2023Q4,0.012115261130828957
family_month__full_2017Q1_2022Q3,35,28,2025Q4,2024Q1,0.01127704496298624
family_month__full_2017Q1_2022Q3,35,29,2025Q4,2024Q2,0.0086501593488317
family_month__full_2017Q1_2022Q3,35,30,2025Q4,2024Q3,0.013572267885139069
family_month__full_2017Q1_2022Q3,35,31,2025Q4,2024Q4,0.013793741244642235
family_month__full_2017Q1_2022Q3,35,32,2025Q4,2025Q1,0.009051179367374106
family_month__full_2017Q1_2022Q3,35,33,2025Q4,2025Q2,0.014859751850246844
family_month__full_2017Q1_2022Q3,35,34,2025Q4,2025Q3,0.01486957555180197
family_month__full_2017Q1_2022Q3,35,35,2025Q4,2025Q4,0.022438813089283943
family_month__full_2017Q1_2022Q3,35,36,2025Q4,2026Q1,0.01558660325177258
family_month__full_2017Q1_2022Q3,35,37,2025Q4,2026Q2,0.014304509930065552
family_month__full_2017Q1_2022Q3,35,38,2025Q4,2026Q3,0.01134133657398612
family_month__full_2017Q1_2022Q3,36,1,2026Q1,2017Q1,0.010241182906311827
family_month__full_2017Q1_2022Q3,36,2,2026Q1,2017Q2,0.011573253305232241
family_month__full_2017Q1_2022Q3,36,3,2026Q1,2017Q3,0.008175161093446235
family_month__full_2017Q1_2022Q3,36,4,2026Q1,2017Q4,0.009718045277395336
family_month__full_2017Q1_2022Q3,36,5,2026Q1,2018Q1,0.012255864997445977
family_month__full_2017Q1_2022Q3,36,6,2026Q1,2018Q2,0.009461942169085589
family_month__full_2017Q1_2022Q3,36,7,2026Q1,2018Q3,0.007287177248408158
family_month__full_2017Q1_2022Q3,36,8,2026Q1,2018Q4,0.00855264760647625
family_month__full_2017Q1_2022Q3,36,9,2026Q1,2019Q1,0.009602882540714383
family_month__full_2017Q1_2022Q3,36,10,2026Q1,2019Q2,0.008397599992753427
family_month__full_2017Q1_2022Q3,36,11,2026Q1,2019Q3,0.009702263578392597
family_month__full_2017Q1_2022Q3,36,12,2026Q1,2019Q4,0.01013779159517636
family_month__full_2017Q1_2022Q3,36,13,2026Q1,2020Q1,0.008414447373474954
family_month__full_2017Q1_2022Q3,36,14,2026Q1,2020Q2,0.008417494853289412
family_month__full_2017Q1_2022Q3,36,15,2026Q1,2020Q3,0.009878182286800832
family_month__full_2017Q1_2022Q3,36,16,2026Q1,2020Q4,0.007586205944271749
family_month__full_2017Q1_2022Q3,36,17,2026Q1,2021Q1,0.007347458472830564
family_month__full_2017Q1_2022Q3,36,18,2026Q1,2021Q2,0.010552218354720108
family_month__full_2017Q1_2022Q3,36,19,2026Q1,2021Q3,0.01301148346151915
family_month__full_2017Q1_2022Q3,36,20,2026Q1,2021Q4,0.006778567433675405
family_month__full_2017Q1_2022Q3,36,21,2026Q1,2022Q1,0.008538070962823736
family_month__full_2017Q1_2022Q3,36,22,2026Q1,2022Q2,0.006304839398584103
family_month__full_2017Q1_2022Q3,36,23,2026Q1,2022Q3,0.005109867937121942
family_month__full_2017Q1_2022Q3,36,24,2026Q1,2023Q1,0.010007704925433401
family_month__full_2017Q1_2022Q3,36,25,2026Q1,2023Q2,0.011326894035601259
family_month__full_2017Q1_2022Q3,36,26,2026Q1,2023Q3,0.008204133961689059
family_month__full_2017Q1_2022Q3,36,27,2026Q1,2023Q4,0.010464509520342197
family_month__full_2017Q1_2022Q3,36,28,2026Q1,2024Q1,0.011912217791842802
family_month__full_2017Q1_2022Q3,36,29,2026Q1,2024Q2,0.010556693722467234
family_month__full_2017Q1_2022Q3,36,30,2026Q1,2024Q3,0.011880351829953513
family_month__full_2017Q1_2022Q3,36,31,2026Q1,2024Q4,0.012612451065969865
family_month__full_2017Q1_2022Q3,36,32,2026Q1,2025Q1,0.009405785414225053
family_month__full_2017Q1_2022Q3,36,33,2026Q1,2025Q2,0.016927773815814166
family_month__full_2017Q1_2022Q3,36,34,2026Q1,2025Q3,0.013828015531876646
family_month__full_2017Q1_2022Q3,36,35,2026Q1,2025Q4,0.01558660325177258
family_month__full_2017Q1_2022Q3,36,36,2026Q1,2026Q1,0.025003287529232813
family_month__full_2017Q1_2022Q3,36,37,2026Q1,2026Q2,0.01771984030272788
family_month__full_2017Q1_2022Q3,36,38,2026Q1,2026Q3,0.013063138528129167
family_month__full_2017Q1_2022Q3,37,1,2026Q2,2017Q1,0.014353515099270707
family_month__full_2017Q1_2022Q3,37,2,2026Q2,2017Q2,0.014846499725843097
family_month__full_2017Q1_2022Q3,37,3,2026Q2,2017Q3,0.010747594492703152
family_month__full_2017Q1_2022Q3,37,4,2026Q2,2017Q4,0.012179559882111585
family_month__full_2017Q1_2022Q3,37,5,2026Q2,2018Q1,0.01425967601315532
family_month__full_2017Q1_2022Q3,37,6,2026Q2,2018Q2,0.011443923816334918
family_month__full_2017Q1_2022Q3,37,7,2026Q2,2018Q3,0.011489970294502086
family_month__full_2017Q1_2022Q3,37,8,2026Q2,2018Q4,0.010908689089710608
family_month__full_2017Q1_2022Q3,37,9,2026Q2,2019Q1,0.011281482201782789
family_month__full_2017Q1_2022Q3,37,10,2026Q2,2019Q2,0.011972828593013948
family_month__full_2017Q1_2022Q3,37,11,2026Q2,2019Q3,0.011395301185678382
family_month__full_2017Q1_2022Q3,37,12,2026Q2,2019Q4,0.012407272256554087
family_month__full_2017Q1_2022Q3,37,13,2026Q2,2020Q1,0.010668960667774688
family_month__full_2017Q1_2022Q3,37,14,2026Q2,2020Q2,0.009230579949003379
family_month__full_2017Q1_2022Q3,37,15,2026Q2,2020Q3,0.011837921170624065
family_month__full_2017Q1_2022Q3,37,16,2026Q2,2020Q4,0.007094722703213065
family_month__full_2017Q1_2022Q3,37,17,2026Q2,2021Q1,0.006882108711948518
family_month__full_2017Q1_2022Q3,37,18,2026Q2,2021Q2,0.011523581344998195
family_month__full_2017Q1_2022Q3,37,19,2026Q2,2021Q3,0.012044680012859337
family_month__full_2017Q1_2022Q3,37,20,2026Q2,2021Q4,0.007572957316483928
family_month__full_2017Q1_2022Q3,37,21,2026Q2,2022Q1,0.00894282451089888
family_month__full_2017Q1_2022Q3,37,22,2026Q2,2022Q2,0.0075882138503810875
family_month__full_2017Q1_2022Q3,37,23,2026Q2,2022Q3,0.004906956445169904
family_month__full_2017Q1_2022Q3,37,24,2026Q2,2023Q1,0.010377979117482727
family_month__full_2017Q1_2022Q3,37,25,2026Q2,2023Q2,0.01264654453087553
family_month__full_2017Q1_2022Q3,37,26,2026Q2,2023Q3,0.008180149757433208
family_month__full_2017Q1_2022Q3,37,27,2026Q2,2023Q4,0.012905288589992328
family_month__full_2017Q1_2022Q3,37,28,2026Q2,2024Q1,0.010568833734858452
family_month__full_2017Q1_2022Q3,37,29,2026Q2,2024Q2,0.008797038690809162
family_month__full_2017Q1_2022Q3,37,30,2026Q2,2024Q3,0.01518421476914655
family_month__full_2017Q1_2022Q3,37,31,2026Q2,2024Q4,0.015736419005674747
family_month__full_2017Q1_2022Q3,37,32,2026Q2,2025Q1,0.011357407160137205
family_month__full_2017Q1_2022Q3,37,33,2026Q2,2025Q2,0.01927595409027854
family_month__full_2017Q1_2022Q3,37,34,2026Q2,2025Q3,0.01567278649359132
family_month__full_2017Q1_2022Q3,37,35,2026Q2,2025Q4,0.014304509930065552
family_month__full_2017Q1_2022Q3,37,36,2026Q2,2026Q1,0.01771984030272788
family_month__full_2017Q1_2022Q3,37,37,2026Q2,2026Q2,0.02541605080235152
family_month__full_2017Q1_2022Q3,37,38,2026Q2,2026Q3,0.019726312282536032
family_month__full_2017Q1_2022Q3,38,1,2026Q3,2017Q1,0.013344679255689263
family_month__full_2017Q1_2022Q3,38,2,2026Q3,2017Q2,0.011642478211905692
family_month__full_2017Q1_2022Q3,38,3,2026Q3,2017Q3,0.007499227469371748
family_month__full_2017Q1_2022Q3,38,4,2026Q3,2017Q4,0.010064689070356032
family_month__full_2017Q1_2022Q3,38,5,2026Q3,2018Q1,0.010090296350753744
family_month__full_2017Q1_2022Q3,38,6,2026Q3,2018Q2,0.009199750105710012
family_month__full_2017Q1_2022Q3,38,7,2026Q3,2018Q3,0.013387085262929687
family_month__full_2017Q1_2022Q3,38,8,2026Q3,2018Q4,0.009687884120633396
family_month__full_2017Q1_2022Q3,38,9,2026Q3,2019Q1,0.009554494764906848
family_month__full_2017Q1_2022Q3,38,10,2026Q3,2019Q2,0.01023402903047425
family_month__full_2017Q1_2022Q3,38,11,2026Q3,2019Q3,0.011411517605232221
family_month__full_2017Q1_2022Q3,38,12,2026Q3,2019Q4,0.010454925111111023
family_month__full_2017Q1_2022Q3,38,13,2026Q3,2020Q1,0.009914420270747668
family_month__full_2017Q1_2022Q3,38,14,2026Q3,2020Q2,0.006622080503763254
family_month__full_2017Q1_2022Q3,38,15,2026Q3,2020Q3,0.009298021913883708
family_month__full_2017Q1_2022Q3,38,16,2026Q3,2020Q4,0.004704926537822947
family_month__full_2017Q1_2022Q3,38,17,2026Q3,2021Q1,0.003779151149934784
family_month__full_2017Q1_2022Q3,38,18,2026Q3,2021Q2,0.011096509414878143
family_month__full_2017Q1_2022Q3,38,19,2026Q3,2021Q3,0.009485489030616141
family_month__full_2017Q1_2022Q3,38,20,2026Q3,2021Q4,0.006393036145499192
family_month__full_2017Q1_2022Q3,38,21,2026Q3,2022Q1,0.009048061283372634
family_month__full_2017Q1_2022Q3,38,22,2026Q3,2022Q2,0.0098484945839801
family_month__full_2017Q1_2022Q3,38,23,2026Q3,2022Q3,0.005376628611463983
family_month__full_2017Q1_2022Q3,38,24,2026Q3,2023Q1,0.010978841635349549
family_month__full_2017Q1_2022Q3,38,25,2026Q3,2023Q2,0.011763792298838647
family_month__full_2017Q1_2022Q3,38,26,2026Q3,2023Q3,0.00807466454533817
family_month__full_2017Q1_2022Q3,38,27,2026Q3,2023Q4,0.007866178807655633
family_month__full_2017Q1_2022Q3,38,28,2026Q3,2024Q1,0.008931395723061387
family_month__full_2017Q1_2022Q3,38,29,2026Q3,2024Q2,0.010345813459739664
family_month__full_2017Q1_2022Q3,38,30,2026Q3,2024Q3,0.012683846250327271
family_month__full_2017Q1_2022Q3,38,31,2026Q3,2024Q4,0.014506084156798382
family_month__full_2017Q1_2022Q3,38,32,2026Q3,2025Q1,0.011360180162730561
family_month__full_2017Q1_2022Q3,38,33,2026Q3,2025Q2,0.01816977131145437
family_month__full_2017Q1_2022Q3,38,34,2026Q3,2025Q3,0.014890870443912543
family_month__full_2017Q1_2022Q3,38,35,2026Q3,2025Q4,0.01134133657398612
family_month__full_2017Q1_2022Q3,38,36,2026Q3,2026Q1,0.013063138528129167
family_month__full_2017Q1_2022Q3,38,37,2026Q3,2026Q2,0.019726312282536032
family_month__full_2017Q1_2022Q3,38,38,2026Q3,2026Q3,0.030152716213956383
family_month__recent_2021Q1_2022Q3,1,1,2021Q1,2021Q1,0.01517853450629308
family_month__recent_2021Q1_2022Q3,1,2,2021Q1,2021Q2,0.013835910928330974
family_month__recent_2021Q1_2022Q3,1,3,2021Q1,2021Q3,0.009926389335366784
family_month__recent_2021Q1_2022Q3,1,4,2021Q1,2021Q4,0.009471974689506203
family_month__recent_2021Q1_2022Q3,1,5,2021Q1,2022Q1,0.008993038860681741
family_month__recent_2021Q1_2022Q3,1,6,2021Q1,2022Q2,0.008120792544847186
family_month__recent_2021Q1_2022Q3,1,7,2021Q1,2022Q3,0.005641183497267252
family_month__recent_2021Q1_2022Q3,1,8,2021Q1,2023Q1,0.008449186369302975
family_month__recent_2021Q1_2022Q3,1,9,2021Q1,2023Q2,0.007379779003664506
family_month__recent_2021Q1_2022Q3,1,10,2021Q1,2023Q3,0.0047537077721397335
family_month__recent_2021Q1_2022Q3,1,11,2021Q1,2023Q4,0.008678714217978278
family_month__recent_2021Q1_2022Q3,1,12,2021Q1,2024Q1,0.00818355970386261
family_month__recent_2021Q1_2022Q3,1,13,2021Q1,2024Q2,0.006269059869297888
family_month__recent_2021Q1_2022Q3,1,14,2021Q1,2024Q3,0.004961946574044369
family_month__recent_2021Q1_2022Q3,1,15,2021Q1,2024Q4,0.004588163047004622
family_month__recent_2021Q1_2022Q3,1,16,2021Q1,2025Q1,0.006770659331285433
family_month__recent_2021Q1_2022Q3,1,17,2021Q1,2025Q2,0.011145718250560412
family_month__recent_2021Q1_2022Q3,1,18,2021Q1,2025Q3,0.009974588915509302
family_month__recent_2021Q1_2022Q3,1,19,2021Q1,2025Q4,0.006884401589710662
family_month__recent_2021Q1_2022Q3,1,20,2021Q1,2026Q1,0.007347458472830566
family_month__recent_2021Q1_2022Q3,1,21,2021Q1,2026Q2,0.006882108711948519
family_month__recent_2021Q1_2022Q3,1,22,2021Q1,2026Q3,0.003779151149934784
family_month__recent_2021Q1_2022Q3,2,1,2021Q2,2021Q1,0.013835910928330974
family_month__recent_2021Q1_2022Q3,2,2,2021Q2,2021Q2,0.0318935061823295
family_month__recent_2021Q1_2022Q3,2,3,2021Q2,2021Q3,0.016752450479826913
family_month__recent_2021Q1_2022Q3,2,4,2021Q2,2021Q4,0.016286713367847924
family_month__recent_2021Q1_2022Q3,2,5,2021Q2,2022Q1,0.01670217170325647
family_month__recent_2021Q1_2022Q3,2,6,2021Q2,2022Q2,0.013568345643869759
family_month__recent_2021Q1_2022Q3,2,7,2021Q2,2022Q3,0.010981562383073353
family_month__recent_2021Q1_2022Q3,2,8,2021Q2,2023Q1,0.015597131109648714
family_month__recent_2021Q1_2022Q3,2,9,2021Q2,2023Q2,0.0110311412640357
family_month__recent_2021Q1_2022Q3,2,10,2021Q2,2023Q3,0.007392202980066094
family_month__recent_2021Q1_2022Q3,2,11,2021Q2,2023Q4,0.009714203328286375
family_month__recent_2021Q1_2022Q3,2,12,2021Q2,2024Q1,0.010395464936239355
family_month__recent_2021Q1_2022Q3,2,13,2021Q2,2024Q2,0.009147889622214743
family_month__recent_2021Q1_2022Q3,2,14,2021Q2,2024Q3,0.00494176846359522
family_month__recent_2021Q1_2022Q3,2,15,2021Q2,2024Q4,0.0036178325267783905
family_month__recent_2021Q1_2022Q3,2,16,2021Q2,2025Q1,0.01147000208305431
family_month__recent_2021Q1_2022Q3,2,17,2021Q2,2025Q2,0.020471743239571738
family_month__recent_2021Q1_2022Q3,2,18,2021Q2,2025Q3,0.018181457944602422
family_month__recent_2021Q1_2022Q3,2,19,2021Q2,2025Q4,0.009694386651100088
family_month__recent_2021Q1_2022Q3,2,20,2021Q2,2026Q1,0.010552218354720108
family_month__recent_2021Q1_2022Q3,2,21,2021Q2,2026Q2,0.011523581344998193
family_month__recent_2021Q1_2022Q3,2,22,2021Q2,2026Q3,0.011096509414878143
family_month__recent_2021Q1_2022Q3,3,1,2021Q3,2021Q1,0.009926389335366782
family_month__recent_2021Q1_2022Q3,3,2,2021Q3,2021Q2,0.016752450479826913
family_month__recent_2021Q1_2022Q3,3,3,2021Q3,2021Q3,0.020981366210157976
family_month__recent_2021Q1_2022Q3,3,4,2021Q3,2021Q4,0.012487938615678807
family_month__recent_2021Q1_2022Q3,3,5,2021Q3,2022Q1,0.010725194627753155
family_month__recent_2021Q1_2022Q3,3,6,2021Q3,2022Q2,0.009606127273480588
family_month__recent_2021Q1_2022Q3,3,7,2021Q3,2022Q3,0.008139647404442797
family_month__recent_2021Q1_2022Q3,3,8,2021Q3,2023Q1,0.009611534709783542
family_month__recent_2021Q1_2022Q3,3,9,2021Q3,2023Q2,0.012376719460857794
family_month__recent_2021Q1_2022Q3,3,10,2021Q3,2023Q3,0.008687916897953507
family_month__recent_2021Q1_2022Q3,3,11,2021Q3,2023Q4,0.010310003639032799
family_month__recent_2021Q1_2022Q3,3,12,2021Q3,2024Q1,0.009990160655859713
family_month__recent_2021Q1_2022Q3,3,13,2021Q3,2024Q2,0.00830898005065127
family_month__recent_2021Q1_2022Q3,3,14,2021Q3,2024Q3,0.007241415077751404
family_month__recent_2021Q1_2022Q3,3,15,2021Q3,2024Q4,0.008742481748978037
family_month__recent_2021Q1_2022Q3,3,16,2021Q3,2025Q1,0.010273934108865953
family_month__recent_2021Q1_2022Q3,3,17,2021Q3,2025Q2,0.01381788238952523
family_month__recent_2021Q1_2022Q3,3,18,2021Q3,2025Q3,0.011721954965068553
family_month__recent_2021Q1_2022Q3,3,19,2021Q3,2025Q4,0.012032109965249081
family_month__recent_2021Q1_2022Q3,3,20,2021Q3,2026Q1,0.01301148346151915
family_month__recent_2021Q1_2022Q3,3,21,2021Q3,2026Q2,0.012044680012859337
family_month__recent_2021Q1_2022Q3,3,22,2021Q3,2026Q3,0.009485489030616141
family_month__recent_2021Q1_2022Q3,4,1,2021Q4,2021Q1,0.009471974689506203
family_month__recent_2021Q1_2022Q3,4,2,2021Q4,2021Q2,0.016286713367847924
family_month__recent_2021Q1_2022Q3,4,3,2021Q4,2021Q3,0.012487938615678807
family_month__recent_2021Q1_2022Q3,4,4,2021Q4,2021Q4,0.016332653654248117
family_month__recent_2021Q1_2022Q3,4,5,2021Q4,2022Q1,0.012009176807420079
family_month__recent_2021Q1_2022Q3,4,6,2021Q4,2022Q2,0.008531314227462629
family_month__recent_2021Q1_2022Q3,4,7,2021Q4,2022Q3,0.007263505765362193
family_month__recent_2021Q1_2022Q3,4,8,2021Q4,2023Q1,0.008976039877056767
family_month__recent_2021Q1_2022Q3,4,9,2021Q4,2023Q2,0.00818352243417286
family_month__recent_2021Q1_2022Q3,4,10,2021Q4,2023Q3,0.006813927641155711
family_month__recent_2021Q1_2022Q3,4,11,2021Q4,2023Q4,0.009131100481622767
family_month__recent_2021Q1_2022Q3,4,12,2021Q4,2024Q1,0.007794146772474458
family_month__recent_2021Q1_2022Q3,4,13,2021Q4,2024Q2,0.00746134199126385
family_month__recent_2021Q1_2022Q3,4,14,2021Q4,2024Q3,0.0049547355450308885
family_month__recent_2021Q1_2022Q3,4,15,2021Q4,2024Q4,0.004304135453736559
family_month__recent_2021Q1_2022Q3,4,16,2021Q4,2025Q1,0.008621043331184486
family_month__recent_2021Q1_2022Q3,4,17,2021Q4,2025Q2,0.01231640681135716
family_month__recent_2021Q1_2022Q3,4,18,2021Q4,2025Q3,0.00973841759982183
family_month__recent_2021Q1_2022Q3,4,19,2021Q4,2025Q4,0.007921937371191496
family_month__recent_2021Q1_2022Q3,4,20,2021Q4,2026Q1,0.006778567433675404
family_month__recent_2021Q1_2022Q3,4,21,2021Q4,2026Q2,0.0075729573164839276
family_month__recent_2021Q1_2022Q3,4,22,2021Q4,2026Q3,0.006393036145499192
family_month__recent_2021Q1_2022Q3,5,1,2022Q1,2021Q1,0.008993038860681743
family_month__recent_2021Q1_2022Q3,5,2,2022Q1,2021Q2,0.01670217170325647
family_month__recent_2021Q1_2022Q3,5,3,2022Q1,2021Q3,0.010725194627753155
family_month__recent_2021Q1_2022Q3,5,4,2022Q1,2021Q4,0.012009176807420079
family_month__recent_2021Q1_2022Q3,5,5,2022Q1,2022Q1,0.020084194585782207
family_month__recent_2021Q1_2022Q3,5,6,2022Q1,2022Q2,0.0141774739168136
family_month__recent_2021Q1_2022Q3,5,7,2022Q1,2022Q3,0.009999189303147154
family_month__recent_2021Q1_2022Q3,5,8,2022Q1,2023Q1,0.010829002541216711
family_month__recent_2021Q1_2022Q3,5,9,2022Q1,2023Q2,0.008133965053570506
family_month__recent_2021Q1_2022Q3,5,10,2022Q1,2023Q3,0.007182581551485615
family_month__recent_2021Q1_2022Q3,5,11,2022Q1,2023Q4,0.007740426232928333
family_month__recent_2021Q1_2022Q3,5,12,2022Q1,2024Q1,0.0076799260030213975
family_month__recent_2021Q1_2022Q3,5,13,2022Q1,2024Q2,0.007699837996066852
family_month__recent_2021Q1_2022Q3,5,14,2022Q1,2024Q3,0.006924691148825248
family_month__recent_2021Q1_2022Q3,5,15,2022Q1,2024Q4,0.005737839599243691
family_month__recent_2021Q1_2022Q3,5,16,2022Q1,2025Q1,0.010321544557197639
family_month__recent_2021Q1_2022Q3,5,17,2022Q1,2025Q2,0.015039043097595864
family_month__recent_2021Q1_2022Q3,5,18,2022Q1,2025Q3,0.013944625546347018
family_month__recent_2021Q1_2022Q3,5,19,2022Q1,2025Q4,0.008629234264463485
family_month__recent_2021Q1_2022Q3,5,20,2022Q1,2026Q1,0.008538070962823734
family_month__recent_2021Q1_2022Q3,5,21,2022Q1,2026Q2,0.00894282451089888
family_month__recent_2021Q1_2022Q3,5,22,2022Q1,2026Q3,0.009048061283372634
family_month__recent_2021Q1_2022Q3,6,1,2022Q2,2021Q1,0.008120792544847186
family_month__recent_2021Q1_2022Q3,6,2,2022Q2,2021Q2,0.013568345643869759
family_month__recent_2021Q1_2022Q3,6,3,2022Q2,2021Q3,0.009606127273480588
family_month__recent_2021Q1_2022Q3,6,4,2022Q2,2021Q4,0.008531314227462629
family_month__recent_2021Q1_2022Q3,6,5,2022Q2,2022Q1,0.0141774739168136
family_month__recent_2021Q1_2022Q3,6,6,2022Q2,2022Q2,0.018137603055075984
family_month__recent_2021Q1_2022Q3,6,7,2022Q2,2022Q3,0.010701946353487691
family_month__recent_2021Q1_2022Q3,6,8,2022Q2,2023Q1,0.00940822791193692
family_month__recent_2021Q1_2022Q3,6,9,2022Q2,2023Q2,0.0083029222549326
family_month__recent_2021Q1_2022Q3,6,10,2022Q2,2023Q3,0.006783384014095224
family_month__recent_2021Q1_2022Q3,6,11,2022Q2,2023Q4,0.0049890031090343975
family_month__recent_2021Q1_2022Q3,6,12,2022Q2,2024Q1,0.006053167210785599
family_month__recent_2021Q1_2022Q3,6,13,2022Q2,2024Q2,0.006536099207571254
family_month__recent_2021Q1_2022Q3,6,14,2022Q2,2024Q3,0.00573158081997529
family_month__recent_2021Q1_2022Q3,6,15,2022Q2,2024Q4,0.004945854173543923
family_month__recent_2021Q1_2022Q3,6,16,2022Q2,2025Q1,0.008501695854839633
family_month__recent_2021Q1_2022Q3,6,17,2022Q2,2025Q2,0.011859037008172571
family_month__recent_2021Q1_2022Q3,6,18,2022Q2,2025Q3,0.012090268473110743
family_month__recent_2021Q1_2022Q3,6,19,2022Q2,2025Q4,0.006001952534295604
family_month__recent_2021Q1_2022Q3,6,20,2022Q2,2026Q1,0.006304839398584103
family_month__recent_2021Q1_2022Q3,6,21,2022Q2,2026Q2,0.007588213850381088
family_month__recent_2021Q1_2022Q3,6,22,2022Q2,2026Q3,0.0098484945839801
family_month__recent_2021Q1_2022Q3,7,1,2022Q3,2021Q1,0.005641183497267253
family_month__recent_2021Q1_2022Q3,7,2,2022Q3,2021Q2,0.010981562383073353
family_month__recent_2021Q1_2022Q3,7,3,2022Q3,2021Q3,0.008139647404442797
family_month__recent_2021Q1_2022Q3,7,4,2022Q3,2021Q4,0.007263505765362193
family_month__recent_2021Q1_2022Q3,7,5,2022Q3,2022Q1,0.009999189303147155
family_month__recent_2021Q1_2022Q3,7,6,2022Q3,2022Q2,0.010701946353487691
family_month__recent_2021Q1_2022Q3,7,7,2022Q3,2022Q3,0.012840719008613201
family_month__recent_2021Q1_2022Q3,7,8,2022Q3,2023Q1,0.007201557639516168
family_month__recent_2021Q1_2022Q3,7,9,2022Q3,2023Q2,0.004463336314590429
family_month__recent_2021Q1_2022Q3,7,10,2022Q3,2023Q3,0.003984940761988791
family_month__recent_2021Q1_2022Q3,7,11,2022Q3,2023Q4,0.003666257557006046
family_month__recent_2021Q1_2022Q3,7,12,2022Q3,2024Q1,0.004609116754304537
family_month__recent_2021Q1_2022Q3,7,13,2022Q3,2024Q2,0.004898603785801016
family_month__recent_2021Q1_2022Q3,7,14,2022Q3,2024Q3,0.004301879345642462
family_month__recent_2021Q1_2022Q3,7,15,2022Q3,2024Q4,0.003498248676504328
family_month__recent_2021Q1_2022Q3,7,16,2022Q3,2025Q1,0.006505630940655079
family_month__recent_2021Q1_2022Q3,7,17,2022Q3,2025Q2,0.009103942668337858
family_month__recent_2021Q1_2022Q3,7,18,2022Q3,2025Q3,0.00969624659280514
family_month__recent_2021Q1_2022Q3,7,19,2022Q3,2025Q4,0.004570104503391216
family_month__recent_2021Q1_2022Q3,7,20,2022Q3,2026Q1,0.005109867937121943
family_month__recent_2021Q1_2022Q3,7,21,2022Q3,2026Q2,0.004906956445169904
family_month__recent_2021Q1_2022Q3,7,22,2022Q3,2026Q3,0.005376628611463983
family_month__recent_2021Q1_2022Q3,8,1,2023Q1,2021Q1,0.008449186369302975
family_month__recent_2021Q1_2022Q3,8,2,2023Q1,2021Q2,0.015597131109648714
family_month__recent_2021Q1_2022Q3,8,3,2023Q1,2021Q3,0.009611534709783542
family_month__recent_2021Q1_2022Q3,8,4,2023Q1,2021Q4,0.008976039877056766
family_month__recent_2021Q1_2022Q3,8,5,2023Q1,2022Q1,0.01082900254121671
family_month__recent_2021Q1_2022Q3,8,6,2023Q1,2022Q2,0.00940822791193692
family_month__recent_2021Q1_2022Q3,8,7,2023Q1,2022Q3,0.007201557639516168
family_month__recent_2021Q1_2022Q3,8,8,2023Q1,2023Q1,0.01773994333134609
family_month__recent_2021Q1_2022Q3,8,9,2023Q1,2023Q2,0.01112267930021283
family_month__recent_2021Q1_2022Q3,8,10,2023Q1,2023Q3,0.006119344920519269
family_month__recent_2021Q1_2022Q3,8,11,2023Q1,2023Q4,0.007161426453585137
family_month__recent_2021Q1_2022Q3,8,12,2023Q1,2024Q1,0.00959033936467935
family_month__recent_2021Q1_2022Q3,8,13,2023Q1,2024Q2,0.011119435668795738
family_month__recent_2021Q1_2022Q3,8,14,2023Q1,2024Q3,0.01029517158036524
family_month__recent_2021Q1_2022Q3,8,15,2023Q1,2024Q4,0.007561882749308825
family_month__recent_2021Q1_2022Q3,8,16,2023Q1,2025Q1,0.007757568877121457
family_month__recent_2021Q1_2022Q3,8,17,2023Q1,2025Q2,0.015646883474760318
family_month__recent_2021Q1_2022Q3,8,18,2023Q1,2025Q3,0.014279677987120768
family_month__recent_2021Q1_2022Q3,8,19,2023Q1,2025Q4,0.009167575672651107
family_month__recent_2021Q1_2022Q3,8,20,2023Q1,2026Q1,0.010007704925433401
family_month__recent_2021Q1_2022Q3,8,21,2023Q1,2026Q2,0.010377979117482727
family_month__recent_2021Q1_2022Q3,8,22,2023Q1,2026Q3,0.01097884163534955
family_month__recent_2021Q1_2022Q3,9,1,2023Q2,2021Q1,0.007379779003664506
family_month__recent_2021Q1_2022Q3,9,2,2023Q2,2021Q2,0.0110311412640357
family_month__recent_2021Q1_2022Q3,9,3,2023Q2,2021Q3,0.012376719460857792
family_month__recent_2021Q1_2022Q3,9,4,2023Q2,2021Q4,0.008183522434172858
family_month__recent_2021Q1_2022Q3,9,5,2023Q2,2022Q1,0.008133965053570506
family_month__recent_2021Q1_2022Q3,9,6,2023Q2,2022Q2,0.008302922254932602
family_month__recent_2021Q1_2022Q3,9,7,2023Q2,2022Q3,0.004463336314590429
family_month__recent_2021Q1_2022Q3,9,8,2023Q2,2023Q1,0.01112267930021283
family_month__recent_2021Q1_2022Q3,9,9,2023Q2,2023Q2,0.017316447650997952
family_month__recent_2021Q1_2022Q3,9,10,2023Q2,2023Q3,0.010471881131486796
family_month__recent_2021Q1_2022Q3,9,11,2023Q2,2023Q4,0.010147620348732988
family_month__recent_2021Q1_2022Q3,9,12,2023Q2,2024Q1,0.010937728930603845
family_month__recent_2021Q1_2022Q3,9,13,2023Q2,2024Q2,0.010153504114362966
family_month__recent_2021Q1_2022Q3,9,14,2023Q2,2024Q3,0.011481228481902653
family_month__recent_2021Q1_2022Q3,9,15,2023Q2,2024Q4,0.01153129557740792
family_month__recent_2021Q1_2022Q3,9,16,2023Q2,2025Q1,0.009551225899468777
family_month__recent_2021Q1_2022Q3,9,17,2023Q2,2025Q2,0.014833615270963187
family_month__recent_2021Q1_2022Q3,9,18,2023Q2,2025Q3,0.011641777317015375
family_month__recent_2021Q1_2022Q3,9,19,2023Q2,2025Q4,0.010942745004600421
family_month__recent_2021Q1_2022Q3,9,20,2023Q2,2026Q1,0.011326894035601259
family_month__recent_2021Q1_2022Q3,9,21,2023Q2,2026Q2,0.01264654453087553
family_month__recent_2021Q1_2022Q3,9,22,2023Q2,2026Q3,0.011763792298838649
family_month__recent_2021Q1_2022Q3,10,1,2023Q3,2021Q1,0.004753707772139734
family_month__recent_2021Q1_2022Q3,10,2,2023Q3,2021Q2,0.007392202980066094
family_month__recent_2021Q1_2022Q3,10,3,2023Q3,2021Q3,0.008687916897953505
family_month__recent_2021Q1_2022Q3,10,4,2023Q3,2021Q4,0.006813927641155713
family_month__recent_2021Q1_2022Q3,10,5,2023Q3,2022Q1,0.007182581551485616
family_month__recent_2021Q1_2022Q3,10,6,2023Q3,2022Q2,0.006783384014095225
family_month__recent_2021Q1_2022Q3,10,7,2023Q3,2022Q3,0.003984940761988791
family_month__recent_2021Q1_2022Q3,10,8,2023Q3,2023Q1,0.00611934492051927
family_month__recent_2021Q1_2022Q3,10,9,2023Q3,2023Q2,0.010471881131486796
family_month__recent_2021Q1_2022Q3,10,10,2023Q3,2023Q3,0.016505539804923357
family_month__recent_2021Q1_2022Q3,10,11,2023Q3,2023Q4,0.011471075683386504
family_month__recent_2021Q1_2022Q3,10,12,2023Q3,2024Q1,0.008505961002723546
family_month__recent_2021Q1_2022Q3,10,13,2023Q3,2024Q2,0.007987274575947067
family_month__recent_2021Q1_2022Q3,10,14,2023Q3,2024Q3,0.00845376163195642
family_month__recent_2021Q1_2022Q3,10,15,2023Q3,2024Q4,0.00782882093189375
family_month__recent_2021Q1_2022Q3,10,16,2023Q3,2025Q1,0.00842544648173867
family_month__recent_2021Q1_2022Q3,10,17,2023Q3,2025Q2,0.012110912185091666
family_month__recent_2021Q1_2022Q3,10,18,2023Q3,2025Q3,0.008830524783106062
family_month__recent_2021Q1_2022Q3,10,19,2023Q3,2025Q4,0.008765991596944103
family_month__recent_2021Q1_2022Q3,10,20,2023Q3,2026Q1,0.008204133961689059
family_month__recent_2021Q1_2022Q3,10,21,2023Q3,2026Q2,0.008180149757433208
family_month__recent_2021Q1_2022Q3,10,22,2023Q3,2026Q3,0.008074664545338167
family_month__recent_2021Q1_2022Q3,11,1,2023Q4,2021Q1,0.008678714217978277
family_month__recent_2021Q1_2022Q3,11,2,2023Q4,2021Q2,0.009714203328286375
family_month__recent_2021Q1_2022Q3,11,3,2023Q4,2021Q3,0.010310003639032799
family_month__recent_2021Q1_2022Q3,11,4,2023Q4,2021Q4,0.009131100481622766
family_month__recent_2021Q1_2022Q3,11,5,2023Q4,2022Q1,0.007740426232928331
family_month__recent_2021Q1_2022Q3,11,6,2023Q4,2022Q2,0.0049890031090343975
family_month__recent_2021Q1_2022Q3,11,7,2023Q4,2022Q3,0.0036662575570060463
family_month__recent_2021Q1_2022Q3,11,8,2023Q4,2023Q1,0.007161426453585137
family_month__recent_2021Q1_2022Q3,11,9,2023Q4,2023Q2,0.010147620348732988
family_month__recent_2021Q1_2022Q3,11,10,2023Q4,2023Q3,0.011471075683386504
family_month__recent_2021Q1_2022Q3,11,11,2023Q4,2023Q4,0.019275405132591905
family_month__recent_2021Q1_2022Q3,11,12,2023Q4,2024Q1,0.011948086754253823
family_month__recent_2021Q1_2022Q3,11,13,2023Q4,2024Q2,0.007206776920529996
family_month__recent_2021Q1_2022Q3,11,14,2023Q4,2024Q3,0.011533935194844361
family_month__recent_2021Q1_2022Q3,11,15,2023Q4,2024Q4,0.01153376477293067
family_month__recent_2021Q1_2022Q3,11,16,2023Q4,2025Q1,0.010528541194697096
family_month__recent_2021Q1_2022Q3,11,17,2023Q4,2025Q2,0.01311876478340364
family_month__recent_2021Q1_2022Q3,11,18,2023Q4,2025Q3,0.009828585235749438
family_month__recent_2021Q1_2022Q3,11,19,2023Q4,2025Q4,0.012115261130828957
family_month__recent_2021Q1_2022Q3,11,20,2023Q4,2026Q1,0.010464509520342198
family_month__recent_2021Q1_2022Q3,11,21,2023Q4,2026Q2,0.012905288589992328
family_month__recent_2021Q1_2022Q3,11,22,2023Q4,2026Q3,0.007866178807655633
family_month__recent_2021Q1_2022Q3,12,1,2024Q1,2021Q1,0.008183559703862609
family_month__recent_2021Q1_2022Q3,12,2,2024Q1,2021Q2,0.010395464936239357
family_month__recent_2021Q1_2022Q3,12,3,2024Q1,2021Q3,0.009990160655859715
family_month__recent_2021Q1_2022Q3,12,4,2024Q1,2021Q4,0.0077941467724744595
family_month__recent_2021Q1_2022Q3,12,5,2024Q1,2022Q1,0.0076799260030213975
family_month__recent_2021Q1_2022Q3,12,6,2024Q1,2022Q2,0.006053167210785599
family_month__recent_2021Q1_2022Q3,12,7,2024Q1,2022Q3,0.004609116754304538
family_month__recent_2021Q1_2022Q3,12,8,2024Q1,2023Q1,0.00959033936467935
family_month__recent_2021Q1_2022Q3,12,9,2024Q1,2023Q2,0.010937728930603845
family_month__recent_2021Q1_2022Q3,12,10,2024Q1,2023Q3,0.008505961002723546
family_month__recent_2021Q1_2022Q3,12,11,2024Q1,2023Q4,0.011948086754253823
family_month__recent_2021Q1_2022Q3,12,12,2024Q1,2024Q1,0.016064053585085683
family_month__recent_2021Q1_2022Q3,12,13,2024Q1,2024Q2,0.011967180986868671
family_month__recent_2021Q1_2022Q3,12,14,2024Q1,2024Q3,0.010908246372887436
family_month__recent_2021Q1_2022Q3,12,15,2024Q1,2024Q4,0.009880403727074041
family_month__recent_2021Q1_2022Q3,12,16,2024Q1,2025Q1,0.009177632564614055
family_month__recent_2021Q1_2022Q3,12,17,2024Q1,2025Q2,0.01251781037347383
family_month__recent_2021Q1_2022Q3,12,18,2024Q1,2025Q3,0.010348912689924715
family_month__recent_2021Q1_2022Q3,12,19,2024Q1,2025Q4,0.01127704496298624
family_month__recent_2021Q1_2022Q3,12,20,2024Q1,2026Q1,0.011912217791842802
family_month__recent_2021Q1_2022Q3,12,21,2024Q1,2026Q2,0.010568833734858452
family_month__recent_2021Q1_2022Q3,12,22,2024Q1,2026Q3,0.008931395723061387
family_month__recent_2021Q1_2022Q3,13,1,2024Q2,2021Q1,0.006269059869297888
family_month__recent_2021Q1_2022Q3,13,2,2024Q2,2021Q2,0.00914788962221474
family_month__recent_2021Q1_2022Q3,13,3,2024Q2,2021Q3,0.008308980050651272
family_month__recent_2021Q1_2022Q3,13,4,2024Q2,2021Q4,0.00746134199126385
family_month__recent_2021Q1_2022Q3,13,5,2024Q2,2022Q1,0.007699837996066852
family_month__recent_2021Q1_2022Q3,13,6,2024Q2,2022Q2,0.006536099207571253
family_month__recent_2021Q1_2022Q3,13,7,2024Q2,2022Q3,0.004898603785801016
family_month__recent_2021Q1_2022Q3,13,8,2024Q2,2023Q1,0.011119435668795738
family_month__recent_2021Q1_2022Q3,13,9,2024Q2,2023Q2,0.010153504114362968
family_month__recent_2021Q1_2022Q3,13,10,2024Q2,2023Q3,0.007987274575947067
family_month__recent_2021Q1_2022Q3,13,11,2024Q2,2023Q4,0.007206776920529996
family_month__recent_2021Q1_2022Q3,13,12,2024Q2,2024Q1,0.011967180986868671
family_month__recent_2021Q1_2022Q3,13,13,2024Q2,2024Q2,0.01771289200517097
family_month__recent_2021Q1_2022Q3,13,14,2024Q2,2024Q3,0.012766314968215429
family_month__recent_2021Q1_2022Q3,13,15,2024Q2,2024Q4,0.009452826530924304
family_month__recent_2021Q1_2022Q3,13,16,2024Q2,2025Q1,0.007440946756225362
family_month__recent_2021Q1_2022Q3,13,17,2024Q2,2025Q2,0.013206623180887327
family_month__recent_2021Q1_2022Q3,13,18,2024Q2,2025Q3,0.010089293835248585
family_month__recent_2021Q1_2022Q3,13,19,2024Q2,2025Q4,0.0086501593488317
family_month__recent_2021Q1_2022Q3,13,20,2024Q2,2026Q1,0.010556693722467234
family_month__recent_2021Q1_2022Q3,13,21,2024Q2,2026Q2,0.00879703869080916
family_month__recent_2021Q1_2022Q3,13,22,2024Q2,2026Q3,0.010345813459739664
family_month__recent_2021Q1_2022Q3,14,1,2024Q3,2021Q1,0.0049619465740443685
family_month__recent_2021Q1_2022Q3,14,2,2024Q3,2021Q2,0.004941768463595219
family_month__recent_2021Q1_2022Q3,14,3,2024Q3,2021Q3,0.007241415077751404
family_month__recent_2021Q1_2022Q3,14,4,2024Q3,2021Q4,0.004954735545030888
family_month__recent_2021Q1_2022Q3,14,5,2024Q3,2022Q1,0.006924691148825249
family_month__recent_2021Q1_2022Q3,14,6,2024Q3,2022Q2,0.00573158081997529
family_month__recent_2021Q1_2022Q3,14,7,2024Q3,2022Q3,0.004301879345642462
family_month__recent_2021Q1_2022Q3,14,8,2024Q3,2023Q1,0.010295171580365243
family_month__recent_2021Q1_2022Q3,14,9,2024Q3,2023Q2,0.011481228481902653
family_month__recent_2021Q1_2022Q3,14,10,2024Q3,2023Q3,0.00845376163195642
family_month__recent_2021Q1_2022Q3,14,11,2024Q3,2023Q4,0.011533935194844358
family_month__recent_2021Q1_2022Q3,14,12,2024Q3,2024Q1,0.010908246372887436
family_month__recent_2021Q1_2022Q3,14,13,2024Q3,2024Q2,0.012766314968215429
family_month__recent_2021Q1_2022Q3,14,14,2024Q3,2024Q3,0.025341350314383813
family_month__recent_2021Q1_2022Q3,14,15,2024Q3,2024Q4,0.01888684662984586
family_month__recent_2021Q1_2022Q3,14,16,2024Q3,2025Q1,0.008453021985179877
family_month__recent_2021Q1_2022Q3,14,17,2024Q3,2025Q2,0.01685726785111681
family_month__recent_2021Q1_2022Q3,14,18,2024Q3,2025Q3,0.01396754312002246
family_month__recent_2021Q1_2022Q3,14,19,2024Q3,2025Q4,0.013572267885139067
family_month__recent_2021Q1_2022Q3,14,20,2024Q3,2026Q1,0.011880351829953513
family_month__recent_2021Q1_2022Q3,14,21,2024Q3,2026Q2,0.01518421476914655
family_month__recent_2021Q1_2022Q3,14,22,2024Q3,2026Q3,0.01268384625032727
family_month__recent_2021Q1_2022Q3,15,1,2024Q4,2021Q1,0.004588163047004622
family_month__recent_2021Q1_2022Q3,15,2,2024Q4,2021Q2,0.0036178325267783905
family_month__recent_2021Q1_2022Q3,15,3,2024Q4,2021Q3,0.00874248174897804
family_month__recent_2021Q1_2022Q3,15,4,2024Q4,2021Q4,0.004304135453736559
family_month__recent_2021Q1_2022Q3,15,5,2024Q4,2022Q1,0.005737839599243691
family_month__recent_2021Q1_2022Q3,15,6,2024Q4,2022Q2,0.004945854173543923
family_month__recent_2021Q1_2022Q3,15,7,2024Q4,2022Q3,0.0034982486765043276
family_month__recent_2021Q1_2022Q3,15,8,2024Q4,2023Q1,0.007561882749308825
family_month__recent_2021Q1_2022Q3,15,9,2024Q4,2023Q2,0.01153129557740792
family_month__recent_2021Q1_2022Q3,15,10,2024Q4,2023Q3,0.00782882093189375
family_month__recent_2021Q1_2022Q3,15,11,2024Q4,2023Q4,0.011533764772930668
family_month__recent_2021Q1_2022Q3,15,12,2024Q4,2024Q1,0.009880403727074041
family_month__recent_2021Q1_2022Q3,15,13,2024Q4,2024Q2,0.009452826530924305
family_month__recent_2021Q1_2022Q3,15,14,2024Q4,2024Q3,0.018886846629845862
family_month__recent_2021Q1_2022Q3,15,15,2024Q4,2024Q4,0.024897861454841356
family_month__recent_2021Q1_2022Q3,15,16,2024Q4,2025Q1,0.010926294474567227
family_month__recent_2021Q1_2022Q3,15,17,2024Q4,2025Q2,0.015047859230678383
family_month__recent_2021Q1_2022Q3,15,18,2024Q4,2025Q3,0.012141463012018067
family_month__recent_2021Q1_2022Q3,15,19,2024Q4,2025Q4,0.013793741244642235
family_month__recent_2021Q1_2022Q3,15,20,2024Q4,2026Q1,0.012612451065969865
family_month__recent_2021Q1_2022Q3,15,21,2024Q4,2026Q2,0.015736419005674747
family_month__recent_2021Q1_2022Q3,15,22,2024Q4,2026Q3,0.014506084156798382
family_month__recent_2021Q1_2022Q3,16,1,2025Q1,2021Q1,0.006770659331285433
family_month__recent_2021Q1_2022Q3,16,2,2025Q1,2021Q2,0.011470002083054306
family_month__recent_2021Q1_2022Q3,16,3,2025Q1,2021Q3,0.010273934108865953
family_month__recent_2021Q1_2022Q3,16,4,2025Q1,2021Q4,0.008621043331184486
family_month__recent_2021Q1_2022Q3,16,5,2025Q1,2022Q1,0.010321544557197639
family_month__recent_2021Q1_2022Q3,16,6,2025Q1,2022Q2,0.008501695854839633
family_month__recent_2021Q1_2022Q3,16,7,2025Q1,2022Q3,0.00650563094065508
family_month__recent_2021Q1_2022Q3,16,8,2025Q1,2023Q1,0.007757568877121457
family_month__recent_2021Q1_2022Q3,16,9,2025Q1,2023Q2,0.009551225899468777
family_month__recent_2021Q1_2022Q3,16,10,2025Q1,2023Q3,0.00842544648173867
family_month__recent_2021Q1_2022Q3,16,11,2025Q1,2023Q4,0.010528541194697094
family_month__recent_2021Q1_2022Q3,16,12,2025Q1,2024Q1,0.009177632564614053
family_month__recent_2021Q1_2022Q3,16,13,2025Q1,2024Q2,0.007440946756225363
family_month__recent_2021Q1_2022Q3,16,14,2025Q1,2024Q3,0.008453021985179875
family_month__recent_2021Q1_2022Q3,16,15,2025Q1,2024Q4,0.010926294474567225
family_month__recent_2021Q1_2022Q3,16,16,2025Q1,2025Q1,0.016041550081551628
family_month__recent_2021Q1_2022Q3,16,17,2025Q1,2025Q2,0.015759388968765258
family_month__recent_2021Q1_2022Q3,16,18,2025Q1,2025Q3,0.010826017162635197
family_month__recent_2021Q1_2022Q3,16,19,2025Q1,2025Q4,0.009051179367374106
family_month__recent_2021Q1_2022Q3,16,20,2025Q1,2026Q1,0.009405785414225053
family_month__recent_2021Q1_2022Q3,16,21,2025Q1,2026Q2,0.011357407160137204
family_month__recent_2021Q1_2022Q3,16,22,2025Q1,2026Q3,0.011360180162730561
family_month__recent_2021Q1_2022Q3,17,1,2025Q2,2021Q1,0.011145718250560412
family_month__recent_2021Q1_2022Q3,17,2,2025Q2,2021Q2,0.020471743239571738
family_month__recent_2021Q1_2022Q3,17,3,2025Q2,2021Q3,0.013817882389525232
family_month__recent_2021Q1_2022Q3,17,4,2025Q2,2021Q4,0.01231640681135716
family_month__recent_2021Q1_2022Q3,17,5,2025Q2,2022Q1,0.015039043097595864
family_month__recent_2021Q1_2022Q3,17,6,2025Q2,2022Q2,0.011859037008172571
family_month__recent_2021Q1_2022Q3,17,7,2025Q2,2022Q3,0.009103942668337858
family_month__recent_2021Q1_2022Q3,17,8,2025Q2,2023Q1,0.015646883474760318
family_month__recent_2021Q1_2022Q3,17,9,2025Q2,2023Q2,0.014833615270963187
family_month__recent_2021Q1_2022Q3,17,10,2025Q2,2023Q3,0.012110912185091666
family_month__recent_2021Q1_2022Q3,17,11,2025Q2,2023Q4,0.013118764783403639
family_month__recent_2021Q1_2022Q3,17,12,2025Q2,2024Q1,0.012517810373473832
family_month__recent_2021Q1_2022Q3,17,13,2025Q2,2024Q2,0.013206623180887327
family_month__recent_2021Q1_2022Q3,17,14,2025Q2,2024Q3,0.01685726785111681
family_month__recent_2021Q1_2022Q3,17,15,2025Q2,2024Q4,0.015047859230678383
family_month__recent_2021Q1_2022Q3,17,16,2025Q2,2025Q1,0.015759388968765258
family_month__recent_2021Q1_2022Q3,17,17,2025Q2,2025Q2,0.03406527943690121
family_month__recent_2021Q1_2022Q3,17,18,2025Q2,2025Q3,0.023733616712031568
family_month__recent_2021Q1_2022Q3,17,19,2025Q2,2025Q4,0.014859751850246846
family_month__recent_2021Q1_2022Q3,17,20,2025Q2,2026Q1,0.016927773815814166
family_month__recent_2021Q1_2022Q3,17,21,2025Q2,2026Q2,0.019275954090278543
family_month__recent_2021Q1_2022Q3,17,22,2025Q2,2026Q3,0.01816977131145437
family_month__recent_2021Q1_2022Q3,18,1,2025Q3,2021Q1,0.009974588915509302
family_month__recent_2021Q1_2022Q3,18,2,2025Q3,2021Q2,0.018181457944602422
family_month__recent_2021Q1_2022Q3,18,3,2025Q3,2021Q3,0.011721954965068553
family_month__recent_2021Q1_2022Q3,18,4,2025Q3,2021Q4,0.00973841759982183
family_month__recent_2021Q1_2022Q3,18,5,2025Q3,2022Q1,0.013944625546347018
family_month__recent_2021Q1_2022Q3,18,6,2025Q3,2022Q2,0.012090268473110745
family_month__recent_2021Q1_2022Q3,18,7,2025Q3,2022Q3,0.00969624659280514
family_month__recent_2021Q1_2022Q3,18,8,2025Q3,2023Q1,0.014279677987120768
family_month__recent_2021Q1_2022Q3,18,9,2025Q3,2023Q2,0.011641777317015375
family_month__recent_2021Q1_2022Q3,18,10,2025Q3,2023Q3,0.008830524783106062
family_month__recent_2021Q1_2022Q3,18,11,2025Q3,2023Q4,0.009828585235749438
family_month__recent_2021Q1_2022Q3,18,12,2025Q3,2024Q1,0.010348912689924716
family_month__recent_2021Q1_2022Q3,18,13,2025Q3,2024Q2,0.010089293835248585
family_month__recent_2021Q1_2022Q3,18,14,2025Q3,2024Q3,0.01396754312002246
family_month__recent_2021Q1_2022Q3,18,15,2025Q3,2024Q4,0.012141463012018069
family_month__recent_2021Q1_2022Q3,18,16,2025Q3,2025Q1,0.010826017162635197
family_month__recent_2021Q1_2022Q3,18,17,2025Q3,2025Q2,0.023733616712031568
family_month__recent_2021Q1_2022Q3,18,18,2025Q3,2025Q3,0.02625395750731067
family_month__recent_2021Q1_2022Q3,18,19,2025Q3,2025Q4,0.01486957555180197
family_month__recent_2021Q1_2022Q3,18,20,2025Q3,2026Q1,0.013828015531876648
family_month__recent_2021Q1_2022Q3,18,21,2025Q3,2026Q2,0.015672786493591325
family_month__recent_2021Q1_2022Q3,18,22,2025Q3,2026Q3,0.014890870443912543
family_month__recent_2021Q1_2022Q3,19,1,2025Q4,2021Q1,0.006884401589710662
family_month__recent_2021Q1_2022Q3,19,2,2025Q4,2021Q2,0.009694386651100086
family_month__recent_2021Q1_2022Q3,19,3,2025Q4,2021Q3,0.012032109965249083
family_month__recent_2021Q1_2022Q3,19,4,2025Q4,2021Q4,0.007921937371191498
family_month__recent_2021Q1_2022Q3,19,5,2025Q4,2022Q1,0.008629234264463485
family_month__recent_2021Q1_2022Q3,19,6,2025Q4,2022Q2,0.006001952534295604
family_month__recent_2021Q1_2022Q3,19,7,2025Q4,2022Q3,0.004570104503391216
family_month__recent_2021Q1_2022Q3,19,8,2025Q4,2023Q1,0.00916757567265111
family_month__recent_2021Q1_2022Q3,19,9,2025Q4,2023Q2,0.010942745004600421
family_month__recent_2021Q1_2022Q3,19,10,2025Q4,2023Q3,0.008765991596944104
family_month__recent_2021Q1_2022Q3,19,11,2025Q4,2023Q4,0.012115261130828957
family_month__recent_2021Q1_2022Q3,19,12,2025Q4,2024Q1,0.01127704496298624
family_month__recent_2021Q1_2022Q3,19,13,2025Q4,2024Q2,0.0086501593488317
family_month__recent_2021Q1_2022Q3,19,14,2025Q4,2024Q3,0.013572267885139069
family_month__recent_2021Q1_2022Q3,19,15,2025Q4,2024Q4,0.013793741244642235
family_month__recent_2021Q1_2022Q3,19,16,2025Q4,2025Q1,0.009051179367374106
family_month__recent_2021Q1_2022Q3,19,17,2025Q4,2025Q2,0.014859751850246844
family_month__recent_2021Q1_2022Q3,19,18,2025Q4,2025Q3,0.01486957555180197
family_month__recent_2021Q1_2022Q3,19,19,2025Q4,2025Q4,0.022438813089283943
family_month__recent_2021Q1_2022Q3,19,20,2025Q4,2026Q1,0.01558660325177258
family_month__recent_2021Q1_2022Q3,19,21,2025Q4,2026Q2,0.014304509930065552
family_month__recent_2021Q1_2022Q3,19,22,2025Q4,2026Q3,0.01134133657398612
family_month__recent_2021Q1_2022Q3,20,1,2026Q1,2021Q1,0.007347458472830564
family_month__recent_2021Q1_2022Q3,20,2,2026Q1,2021Q2,0.010552218354720108
family_month__recent_2021Q1_2022Q3,20,3,2026Q1,2021Q3,0.01301148346151915
family_month__recent_2021Q1_2022Q3,20,4,2026Q1,2021Q4,0.006778567433675405
family_month__recent_2021Q1_2022Q3,20,5,2026Q1,2022Q1,0.008538070962823736
family_month__recent_2021Q1_2022Q3,20,6,2026Q1,2022Q2,0.006304839398584103
family_month__recent_2021Q1_2022Q3,20,7,2026Q1,2022Q3,0.005109867937121942
family_month__recent_2021Q1_2022Q3,20,8,2026Q1,2023Q1,0.010007704925433401
family_month__recent_2021Q1_2022Q3,20,9,2026Q1,2023Q2,0.011326894035601259
family_month__recent_2021Q1_2022Q3,20,10,2026Q1,2023Q3,0.008204133961689059
family_month__recent_2021Q1_2022Q3,20,11,2026Q1,2023Q4,0.010464509520342197
family_month__recent_2021Q1_2022Q3,20,12,2026Q1,2024Q1,0.011912217791842802
family_month__recent_2021Q1_2022Q3,20,13,2026Q1,2024Q2,0.010556693722467234
family_month__recent_2021Q1_2022Q3,20,14,2026Q1,2024Q3,0.011880351829953513
family_month__recent_2021Q1_2022Q3,20,15,2026Q1,2024Q4,0.012612451065969865
family_month__recent_2021Q1_2022Q3,20,16,2026Q1,2025Q1,0.009405785414225053
family_month__recent_2021Q1_2022Q3,20,17,2026Q1,2025Q2,0.016927773815814166
family_month__recent_2021Q1_2022Q3,20,18,2026Q1,2025Q3,0.013828015531876646
family_month__recent_2021Q1_2022Q3,20,19,2026Q1,2025Q4,0.01558660325177258
family_month__recent_2021Q1_2022Q3,20,20,2026Q1,2026Q1,0.025003287529232813
family_month__recent_2021Q1_2022Q3,20,21,2026Q1,2026Q2,0.01771984030272788
family_month__recent_2021Q1_2022Q3,20,22,2026Q1,2026Q3,0.013063138528129167
family_month__recent_2021Q1_2022Q3,21,1,2026Q2,2021Q1,0.006882108711948518
family_month__recent_2021Q1_2022Q3,21,2,2026Q2,2021Q2,0.011523581344998195
family_month__recent_2021Q1_2022Q3,21,3,2026Q2,2021Q3,0.012044680012859337
family_month__recent_2021Q1_2022Q3,21,4,2026Q2,2021Q4,0.007572957316483928
family_month__recent_2021Q1_2022Q3,21,5,2026Q2,2022Q1,0.00894282451089888
family_month__recent_2021Q1_2022Q3,21,6,2026Q2,2022Q2,0.0075882138503810875
family_month__recent_2021Q1_2022Q3,21,7,2026Q2,2022Q3,0.004906956445169904
family_month__recent_2021Q1_2022Q3,21,8,2026Q2,2023Q1,0.010377979117482727
family_month__recent_2021Q1_2022Q3,21,9,2026Q2,2023Q2,0.01264654453087553
family_month__recent_2021Q1_2022Q3,21,10,2026Q2,2023Q3,0.008180149757433208
family_month__recent_2021Q1_2022Q3,21,11,2026Q2,2023Q4,0.012905288589992328
family_month__recent_2021Q1_2022Q3,21,12,2026Q2,2024Q1,0.010568833734858452
family_month__recent_2021Q1_2022Q3,21,13,2026Q2,2024Q2,0.008797038690809162
family_month__recent_2021Q1_2022Q3,21,14,2026Q2,2024Q3,0.01518421476914655
family_month__recent_2021Q1_2022Q3,21,15,2026Q2,2024Q4,0.015736419005674747
family_month__recent_2021Q1_2022Q3,21,16,2026Q2,2025Q1,0.011357407160137205
family_month__recent_2021Q1_2022Q3,21,17,2026Q2,2025Q2,0.01927595409027854
family_month__recent_2021Q1_2022Q3,21,18,2026Q2,2025Q3,0.01567278649359132
family_month__recent_2021Q1_2022Q3,21,19,2026Q2,2025Q4,0.014304509930065552
family_month__recent_2021Q1_2022Q3,21,20,2026Q2,2026Q1,0.01771984030272788
family_month__recent_2021Q1_2022Q3,21,21,2026Q2,2026Q2,0.02541605080235152
family_month__recent_2021Q1_2022Q3,21,22,2026Q2,2026Q3,0.019726312282536032
family_month__recent_2021Q1_2022Q3,22,1,2026Q3,2021Q1,0.003779151149934784
family_month__recent_2021Q1_2022Q3,22,2,2026Q3,2021Q2,0.011096509414878143
family_month__recent_2021Q1_2022Q3,22,3,2026Q3,2021Q3,0.009485489030616141
family_month__recent_2021Q1_2022Q3,22,4,2026Q3,2021Q4,0.006393036145499192
family_month__recent_2021Q1_2022Q3,22,5,2026Q3,2022Q1,0.009048061283372634
family_month__recent_2021Q1_2022Q3,22,6,2026Q3,2022Q2,0.0098484945839801
family_month__recent_2021Q1_2022Q3,22,7,2026Q3,2022Q3,0.005376628611463983
family_month__recent_2021Q1_2022Q3,22,8,2026Q3,2023Q1,0.010978841635349549
family_month__recent_2021Q1_2022Q3,22,9,2026Q3,2023Q2,0.011763792298838647
family_month__recent_2021Q1_2022Q3,22,10,2026Q3,2023Q3,0.00807466454533817
family_month__recent_2021Q1_2022Q3,22,11,2026Q3,2023Q4,0.007866178807655633
family_month__recent_2021Q1_2022Q3,22,12,2026Q3,2024Q1,0.008931395723061387
family_month__recent_2021Q1_2022Q3,22,13,2026Q3,2024Q2,0.010345813459739664
family_month__recent_2021Q1_2022Q3,22,14,2026Q3,2024Q3,0.012683846250327271
family_month__recent_2021Q1_2022Q3,22,15,2026Q3,2024Q4,0.014506084156798382
family_month__recent_2021Q1_2022Q3,22,16,2026Q3,2025Q1,0.011360180162730561
family_month__recent_2021Q1_2022Q3,22,17,2026Q3,2025Q2,0.01816977131145437
family_month__recent_2021Q1_2022Q3,22,18,2026Q3,2025Q3,0.014890870443912543
family_month__recent_2021Q1_2022Q3,22,19,2026Q3,2025Q4,0.01134133657398612
family_month__recent_2021Q1_2022Q3,22,20,2026Q3,2026Q1,0.013063138528129167
family_month__recent_2021Q1_2022Q3,22,21,2026Q3,2026Q2,0.019726312282536032
family_month__recent_2021Q1_2022Q3,22,22,2026Q3,2026Q3,0.030152716213956383
